/*******************************************************************************
 * Size: 48 px
 * Bpp: 4
 * Opts: --bpp 4 --size 48 --font robmb.ttf --range 32-127,160-255 --format lvgl -o generated_fonts/roboto_mono_bold_48.c
 ******************************************************************************/

#include "lvgl.h"

#ifndef ROBOTO_MONO_BOLD_48
#define ROBOTO_MONO_BOLD_48 1
#endif

#if ROBOTO_MONO_BOLD_48

/*-----------------
 *    BITMAPS
 *----------------*/

/*Store the image of the glyphs*/
static LV_ATTRIBUTE_LARGE_CONST const uint8_t glyph_bitmap[] = {
    /* U+0020 " " */

    /* U+0021 "!" */
    0xe, 0xff, 0xeb, 0x0, 0xff, 0xe8, 0x98, 0x7,
    0x8, 0x7, 0xff, 0x38, 0xc0, 0x2, 0x1, 0xff,
    0xce, 0x70, 0xe, 0x10, 0xf, 0xfe, 0x88, 0x80,
    0x77, 0x80, 0x7f, 0xf4, 0x4c, 0x3, 0x84, 0x3,
    0xff, 0x91, 0x55, 0xe4, 0x0, 0x1a, 0xaf, 0x10,
    0x7, 0xff, 0x28, 0x4c, 0x40, 0x31, 0x67, 0x67,
    0x50, 0x5, 0xe6, 0x1, 0x2d, 0x2, 0x10, 0x7,
    0x28, 0x90, 0x7, 0xc6, 0xa0, 0x1f, 0x11, 0xa0,
    0x7, 0x38, 0x2, 0x98, 0x40, 0xa2, 0x0,

    /* U+0022 "\"" */
    0x6f, 0xfc, 0xc0, 0x1b, 0x3f, 0xf0, 0x7, 0xff,
    0x68, 0xc0, 0x3f, 0xf8, 0x62, 0x1, 0xf8, 0x40,
    0x3c, 0xe0, 0x1f, 0x8c, 0x3, 0xc2, 0x1, 0xf8,
    0x40, 0x3c, 0x60, 0x1f, 0x9c, 0x3, 0xc2, 0x1,
    0xf8, 0x40, 0x3f, 0xf8, 0x66, 0x1, 0xc4, 0x1,
    0xfc, 0x20, 0x1c, 0x20, 0x1f, 0xde, 0x9, 0x11,
    0x48, 0x7, 0x4c, 0x44, 0xa0,

    /* U+0023 "#" */
    0x0, 0xff, 0x37, 0xfd, 0x80, 0x1a, 0x3f, 0xeb,
    0x0, 0xff, 0xe1, 0x78, 0x4, 0xa0, 0x18, 0xc0,
    0x23, 0x0, 0xff, 0xe1, 0x28, 0x5, 0xe0, 0x19,
    0x40, 0x2c, 0x0, 0xff, 0xe1, 0x18, 0x4, 0x80,
    0x10, 0x88, 0x2, 0x50, 0xf, 0xfe, 0x9, 0x80,
    0x62, 0x0, 0x94, 0x2, 0x11, 0x0, 0x7f, 0xf0,
    0x54, 0x2, 0x30, 0xc, 0x60, 0x12, 0x80, 0x7f,
    0xf0, 0xbc, 0x2, 0x50, 0xd, 0xa0, 0x11, 0x80,
    0x7f, 0xf0, 0x94, 0x2, 0xf0, 0xc, 0xe0, 0x16,
    0x80, 0x7f, 0xf0, 0x8c, 0x2, 0x50, 0xc, 0x40,
    0x13, 0x80, 0x7c, 0x9f, 0xfe, 0x0, 0xd9, 0xff,
    0x80, 0x36, 0xff, 0xe2, 0x0, 0xff, 0xff, 0x80,
    0x7f, 0xc9, 0xff, 0xc4, 0x1, 0x57, 0xfe, 0x0,
    0xd7, 0xff, 0xc4, 0x1, 0xf8, 0x80, 0x27, 0x0,
    0x88, 0x3, 0x28, 0x7, 0xff, 0x4, 0xc0, 0x31,
    0x0, 0x4e, 0x1, 0x8, 0x80, 0x3f, 0xf8, 0x2c,
    0x1, 0x18, 0x6, 0x20, 0x9, 0x40, 0x3f, 0xf8,
    0x5a, 0x1, 0x30, 0x6, 0xd0, 0x8, 0xc0, 0x3f,
    0xf8, 0x46, 0x1, 0x68, 0x6, 0x70, 0xb, 0x40,
    0x3f, 0xf8, 0x4a, 0x1, 0x18, 0x6, 0x20, 0x9,
    0x80, 0x3f, 0x7f, 0xf8, 0x40, 0x2b, 0xff, 0xc0,
    0x1b, 0x3f, 0xf2, 0x80, 0x7f, 0xff, 0xc0, 0x3f,
    0xf8, 0x1f, 0xfc, 0x60, 0x14, 0xff, 0xe2, 0x0,
    0xab, 0xff, 0x94, 0x3, 0xf1, 0x80, 0x4a, 0x1,
    0x88, 0x2, 0x70, 0xf, 0xfe, 0x8, 0x80, 0x62,
    0x0, 0x8c, 0x3, 0x10, 0x7, 0xff, 0x5, 0x40,
    0x21, 0x10, 0x4, 0xa0, 0x11, 0x80, 0x7f, 0xf0,
    0x8c, 0x2, 0x50, 0xd, 0xc0, 0x13, 0x0, 0x7f,
    0xf0, 0xb4, 0x2, 0x20, 0xc, 0x60, 0x16, 0x80,
    0x7f, 0xf0, 0x98, 0x2, 0xf0, 0xc, 0xa0, 0x11,
    0x80, 0x7f, 0xf0, 0x8c, 0x2, 0x50, 0x8, 0x44,
    0x1, 0x30, 0x7, 0xff, 0x4, 0x80, 0x31, 0x80,
    0x44, 0x1, 0x88, 0x3, 0xff, 0x82, 0xe0, 0x10,
    0x80, 0x65, 0x0, 0x8c, 0x3, 0xfc,

    /* U+0024 "$" */
    0x0, 0xff, 0x8f, 0xfe, 0x90, 0xf, 0xff, 0xf8,
    0x7, 0xff, 0x78, 0xe2, 0xf4, 0x2, 0x7b, 0x71,
    0x0, 0xff, 0xe0, 0x1e, 0x61, 0xd0, 0x40, 0x21,
    0x48, 0xea, 0x10, 0xf, 0xe7, 0xc3, 0x0, 0xff,
    0x97, 0xcc, 0x3, 0xe8, 0x80, 0x7, 0xff, 0x8,
    0x70, 0xc0, 0x39, 0x1c, 0x3, 0xff, 0x8b, 0xc0,
    0x1d, 0x20, 0x1f, 0x34, 0xd4, 0xa0, 0x7, 0x89,
    0xc0, 0x23, 0x20, 0xe, 0x2e, 0x96, 0x56, 0xb9,
    0x0, 0xf4, 0x80, 0x48, 0x1, 0xee, 0x10, 0xe,
    0x65, 0x0, 0xe1, 0x30, 0x6, 0x80, 0x70, 0x98,
    0x7, 0xd2, 0x1, 0xe4, 0x0, 0x8, 0x7, 0x10,
    0x7, 0xe3, 0x0, 0xf7, 0x0, 0x4, 0x3, 0x84,
    0x3, 0xf8, 0x80, 0x38, 0xc0, 0x4, 0x1, 0xc4,
    0x40, 0xf, 0xd9, 0xbb, 0xd6, 0x0, 0xd0, 0xf,
    0x78, 0x80, 0x7c, 0x24, 0x5c, 0x20, 0x5, 0x0,
    0xf1, 0x7a, 0x80, 0x7f, 0xf1, 0x20, 0x3, 0xc3,
    0x5a, 0xc2, 0x1, 0xff, 0xc1, 0x73, 0x0, 0xf8,
    0xa7, 0xa8, 0xc0, 0x3f, 0xf8, 0x1a, 0x60, 0x1f,
    0xcb, 0x98, 0x40, 0xf, 0xf0, 0xe3, 0x0, 0x7f,
    0x8e, 0xec, 0x40, 0x1f, 0xe9, 0xc4, 0x0, 0xff,
    0x26, 0xa8, 0x7, 0xf8, 0xef, 0x14, 0x3, 0xfd,
    0x4c, 0x1, 0xff, 0x1d, 0x74, 0x98, 0x7, 0xe9,
    0x30, 0xf, 0xfe, 0x0, 0xb6, 0x61, 0x0, 0x3e,
    0xf0, 0xf, 0xfe, 0x19, 0xdd, 0x0, 0x78, 0xcc,
    0x1, 0xff, 0xc4, 0x59, 0x0, 0xf2, 0x5, 0xe6,
    0x73, 0x0, 0x7f, 0x30, 0x7, 0xb4, 0x10, 0xcf,
    0xbc, 0x3, 0xfc, 0x60, 0x1c, 0x20, 0x40, 0x1c,
    0xa0, 0x1f, 0xfc, 0x67, 0x0, 0xe3, 0x30, 0x7,
    0xe1, 0x30, 0xe, 0x20, 0xf0, 0xf, 0x70, 0x80,
    0x7d, 0x0, 0x1e, 0xf0, 0x51, 0x0, 0xe2, 0xc5,
    0x0, 0xc7, 0x4c, 0x1, 0xe7, 0x0, 0x40, 0x7,
    0x8a, 0xbf, 0x75, 0xf8, 0xa0, 0x1e, 0x61, 0x0,
    0x32, 0x0, 0x7e, 0x22, 0x0, 0x7e, 0x18, 0x0,
    0xd6, 0x80, 0x1f, 0xfc, 0x41, 0xc1, 0x0, 0xeb,
    0x80, 0xf, 0xfe, 0x12, 0x79, 0x0, 0x7c, 0xfd,
    0x4, 0x1, 0xf8, 0x57, 0x2c, 0x40, 0x3f, 0x85,
    0xf7, 0xac, 0xc0, 0x2a, 0xde, 0xa3, 0x0, 0xff,
    0xe1, 0xa, 0x30, 0x4, 0x84, 0x1, 0xff, 0xff,
    0x0, 0xfc,

    /* U+0025 "%" */
    0x0, 0x85, 0xf3, 0xfe, 0xc7, 0x10, 0xf, 0xfe,
    0x31, 0xfc, 0x18, 0x4, 0x71, 0xe6, 0x1, 0xff,
    0xc4, 0x2c, 0x10, 0xf, 0x87, 0x8, 0x3, 0xff,
    0x87, 0x0, 0x1c, 0x40, 0x1d, 0x0, 0x1f, 0xfc,
    0x35, 0x0, 0x8f, 0xb7, 0x8c, 0x2, 0x50, 0xe,
    0x56, 0x0, 0xf8, 0x80, 0x34, 0x88, 0xc, 0x0,
    0x62, 0x0, 0x86, 0xe7, 0xdc, 0x3, 0xfc, 0xc0,
    0x13, 0x80, 0x7e, 0x81, 0x0, 0x10, 0x7, 0xff,
    0x28, 0x98, 0x0, 0x6a, 0x1, 0xc6, 0x1, 0x98,
    0x2, 0x60, 0xc, 0x60, 0x9, 0x0, 0xbc, 0x3,
    0xc2, 0x20, 0xa, 0xc, 0xa, 0x0, 0x21, 0x10,
    0x22, 0x0, 0xa, 0x60, 0x1f, 0x30, 0x4, 0x59,
    0xfa, 0x40, 0x13, 0x0, 0x24, 0x2, 0x80, 0xf,
    0xd0, 0x40, 0x1f, 0xc5, 0x20, 0xc4, 0x0, 0x72,
    0x0, 0xfe, 0xc3, 0x0, 0xf8, 0xf0, 0x45, 0x0,
    0x1, 0x80, 0xf, 0xf0, 0xe5, 0xb2, 0x1a, 0x35,
    0xe0, 0x84, 0x8, 0x2, 0x0, 0x3f, 0xf8, 0x29,
    0x37, 0x97, 0x28, 0x0, 0x26, 0x0, 0x13, 0x0,
    0x7f, 0xf2, 0xa4, 0x2, 0x90, 0xf, 0xfe, 0x52,
    0x20, 0x0, 0x88, 0x0, 0xff, 0xe5, 0x48, 0x5,
    0x20, 0x1f, 0xfc, 0xa6, 0x20, 0x3, 0x10, 0x7,
    0xff, 0x24, 0x60, 0x2, 0x80, 0x18, 0xdf, 0xf7,
    0x5a, 0x80, 0x7f, 0xf0, 0x64, 0x40, 0x10, 0x29,
    0xee, 0x40, 0x1, 0x4a, 0xc1, 0x0, 0xff, 0x13,
    0x80, 0x9, 0xca, 0xc4, 0x3, 0xe3, 0xa0, 0xf,
    0xf4, 0x80, 0x50, 0x12, 0x1, 0xc2, 0x1, 0x91,
    0x40, 0x3f, 0x22, 0x0, 0x6, 0xa2, 0x80, 0x12,
    0xff, 0x60, 0x6, 0xf0, 0xf, 0xd2, 0x1, 0x78,
    0x28, 0x6, 0x80, 0x1, 0xb0, 0x4, 0x80, 0x1f,
    0x31, 0x0, 0x14, 0xc0, 0x80, 0x31, 0x0, 0x5c,
    0x1, 0x8, 0x7, 0xd0, 0x1, 0x58, 0x7, 0xff,
    0x28, 0x88, 0x0, 0x71, 0x0, 0xff, 0xe5, 0x16,
    0x5a, 0xc0, 0x4, 0x60, 0x18, 0x80, 0x2f, 0x0,
    0x84, 0x3, 0xf2, 0x50, 0x6, 0x40, 0xd, 0x20,
    0x1, 0x60, 0x9, 0x40, 0x3f, 0xf8, 0x42, 0x80,
    0x12, 0x76, 0xf0, 0x80, 0x5c, 0x1, 0xff, 0xc3,
    0x80, 0xc, 0x24, 0x1, 0x8d, 0x40, 0x3f, 0xf8,
    0x67, 0x60, 0x1f, 0x8f, 0x40, 0x3f, 0xf8, 0xa9,
    0xce, 0x40, 0x1, 0x4a, 0xc1, 0x0,

    /* U+0026 "&" */
    0x0, 0xfc, 0x2f, 0x7d, 0xfe, 0xea, 0x40, 0xf,
    0xfe, 0x34, 0x74, 0x20, 0x80, 0x5, 0x6e, 0xc2,
    0x1, 0xff, 0xc3, 0xb7, 0x0, 0xfe, 0x4c, 0x10,
    0xf, 0xfe, 0xc, 0xa0, 0x7, 0xfc, 0x54, 0x1,
    0xff, 0xc0, 0x36, 0x0, 0xff, 0xe0, 0xa1, 0x80,
    0x7f, 0xd4, 0x1, 0xe5, 0xa9, 0x20, 0xe, 0xa0,
    0xf, 0xf9, 0xc0, 0x39, 0xe9, 0x5b, 0x0, 0x39,
    0x40, 0x3f, 0xe1, 0x0, 0xe8, 0x0, 0x85, 0x40,
    0x30, 0x80, 0x7f, 0x84, 0x3, 0x88, 0x3, 0x8c,
    0x3, 0x8, 0x7, 0xf8, 0x40, 0x38, 0xc0, 0x39,
    0x40, 0x32, 0x80, 0x7f, 0xc4, 0x1, 0x84, 0xc0,
    0x26, 0x30, 0xd, 0x60, 0x1f, 0xf2, 0x0, 0x74,
    0x80, 0xd4, 0x80, 0x66, 0x20, 0xf, 0xfa, 0x80,
    0x39, 0x5f, 0xd4, 0x3, 0x24, 0x80, 0x7f, 0xf0,
    0xd, 0x0, 0x3a, 0x4, 0x3, 0x25, 0x80, 0x7f,
    0xf0, 0xa4, 0x3, 0xfd, 0x16, 0x1, 0xff, 0xc3,
    0x28, 0x0, 0xf8, 0x6d, 0xc0, 0x3f, 0xf8, 0x83,
    0x60, 0x1f, 0x42, 0x0, 0x7f, 0xf1, 0xf, 0xcc,
    0x3, 0xe9, 0x20, 0xe, 0x5b, 0xbe, 0x10, 0x9,
    0x30, 0x40, 0x3f, 0xbc, 0x3, 0xb5, 0x13, 0x80,
    0x23, 0xb0, 0xf, 0xf8, 0xa8, 0x3, 0x10, 0x7,
    0x8, 0x3, 0x80, 0x38, 0x70, 0xc0, 0x39, 0x5c,
    0x2, 0x70, 0xc, 0x40, 0x6, 0x20, 0xe, 0xb3,
    0xd1, 0x0, 0xe8, 0x40, 0x12, 0x0, 0xcc, 0x0,
    0xb0, 0xe, 0x35, 0x1, 0xa0, 0xf, 0x50, 0xb0,
    0x7, 0x60, 0x9, 0x0, 0x75, 0x80, 0x48, 0xe0,
    0x1c, 0x3b, 0x20, 0x1c, 0xa0, 0x40, 0x1e, 0x20,
    0xd, 0x8, 0x1, 0xc6, 0x20, 0x18, 0x88, 0x1,
    0xff, 0xc2, 0xa1, 0x0, 0xff, 0x58, 0x0, 0x40,
    0x3d, 0xa0, 0x1c, 0x3a, 0x1, 0xfc, 0x4c, 0x0,
    0x20, 0xf, 0x38, 0x80, 0x71, 0xc0, 0x7, 0xee,
    0x0, 0xc8, 0x1, 0xec, 0x20, 0x8, 0x5a, 0x80,
    0x3e, 0x33, 0x0, 0x6f, 0x0, 0xf1, 0x6e, 0xb3,
    0x7a, 0x48, 0x3, 0xe3, 0x70, 0xc, 0x88, 0x0,
    0xf8, 0x8c, 0x80, 0x3f, 0xe8, 0x40, 0xd, 0x44,
    0x1, 0xff, 0xc9, 0xa1, 0x0, 0x87, 0x10, 0x3,
    0xff, 0x80, 0x34, 0xa0, 0x1c, 0x3a, 0x1, 0x86,
    0xec, 0x80, 0x1f, 0x8e, 0x79, 0x68, 0x80, 0x38,
    0xe4, 0x3, 0x92, 0xfa, 0xe6, 0x21, 0x37, 0xd8,
    0xc0, 0x16, 0xff, 0xfa, 0x40,

    /* U+0027 "'" */
    0x4f, 0xfd, 0x60, 0x1f, 0xfc, 0xb1, 0x0, 0xe3,
    0x0, 0xe1, 0x0, 0xef, 0x0, 0xe1, 0x0, 0xe2,
    0x0, 0xe7, 0x0, 0xe1, 0x72, 0x2c, 0x60,

    /* U+0028 "(" */
    0x0, 0xff, 0xe6, 0x47, 0x0, 0x7f, 0x87, 0x1c,
    0x54, 0x3, 0xf1, 0x79, 0x80, 0x38, 0x3, 0xe1,
    0xc1, 0x0, 0x9c, 0x3, 0xed, 0x10, 0x9, 0x30,
    0x3, 0xd0, 0x60, 0x11, 0x50, 0x7, 0x8d, 0xc0,
    0x37, 0x88, 0x7, 0xb8, 0x3, 0x41, 0x0, 0x79,
    0x88, 0x2, 0x17, 0x0, 0xfa, 0xc0, 0x34, 0x80,
    0x7c, 0xa4, 0x1, 0x9c, 0x3, 0xee, 0x0, 0xca,
    0x1, 0xf0, 0xa0, 0x6, 0xe0, 0xf, 0x9c, 0x3,
    0x90, 0x3, 0xed, 0x0, 0xc8, 0x1, 0xf9, 0x40,
    0x31, 0x80, 0x7c, 0x42, 0x1, 0xb4, 0x3, 0xe7,
    0x0, 0xe7, 0x0, 0xfb, 0x40, 0x38, 0x80, 0x3e,
    0x20, 0xc, 0x20, 0x1f, 0x98, 0x3, 0x18, 0x7,
    0xe1, 0x0, 0xc2, 0x1, 0xf8, 0xc0, 0x33, 0x80,
    0x7f, 0xf9, 0x8c, 0x3, 0xff, 0x82, 0x20, 0x19,
    0xc0, 0x3f, 0x38, 0x6, 0x10, 0xf, 0xc4, 0x1,
    0x88, 0x3, 0xf7, 0x0, 0x70, 0x80, 0x7c, 0x60,
    0x1c, 0x40, 0x1f, 0x28, 0x7, 0x28, 0x7, 0xc2,
    0x40, 0x1b, 0xc0, 0x3f, 0x20, 0x6, 0x40, 0xf,
    0xda, 0x1, 0x88, 0x40, 0x3e, 0x41, 0x0, 0xce,
    0x1, 0xf9, 0x80, 0x35, 0x0, 0x7e, 0xa0, 0xc,
    0x64, 0x1, 0xf1, 0x28, 0x6, 0xb0, 0xf, 0xd0,
    0x1, 0x98, 0x80, 0x3e, 0x26, 0x0, 0xd2, 0x1,
    0xfa, 0x4, 0x2, 0x46, 0x0, 0xf8, 0x68, 0x3,
    0x49, 0x80, 0x7c, 0x90, 0x1, 0xb0, 0xc0, 0x3e,
    0x76, 0x0, 0xda, 0x1, 0xfa, 0x5c, 0x2, 0x70,
    0xf, 0xe8, 0x90, 0x5, 0x0, 0x7f, 0x9b, 0x5c,
    0xc0,

    /* U+0029 ")" */
    0x0, 0xff, 0xe1, 0xce, 0x10, 0x7, 0xfc, 0xe7,
    0xac, 0x1, 0xfc, 0x82, 0x0, 0x97, 0x0, 0xfc,
    0x20, 0x1a, 0x1c, 0x3, 0xe5, 0xa0, 0xd, 0xa,
    0x1, 0xf2, 0xc8, 0x6, 0xa2, 0x0, 0xf9, 0x90,
    0x3, 0x70, 0x7, 0xea, 0x0, 0xc6, 0xc0, 0x1f,
    0xb, 0x80, 0x68, 0x0, 0xfd, 0x20, 0x18, 0x5c,
    0x3, 0xe1, 0x60, 0xd, 0x20, 0x1f, 0xa8, 0x3,
    0xa, 0x80, 0x7c, 0x64, 0x1, 0xb8, 0x3, 0xf2,
    0x0, 0x64, 0x10, 0xf, 0xb4, 0x3, 0x90, 0x3,
    0xe5, 0x0, 0xef, 0x0, 0xf8, 0x44, 0x1, 0x9c,
    0x3, 0xf2, 0x80, 0x62, 0x10, 0xf, 0x88, 0x3,
    0x88, 0x3, 0xee, 0x0, 0xe5, 0x0, 0xf8, 0x40,
    0x38, 0x40, 0x3e, 0x30, 0xe, 0xe0, 0xf, 0x84,
    0x3, 0xff, 0x8e, 0x60, 0x1f, 0xfd, 0xd3, 0x0,
    0xf8, 0x40, 0x38, 0x40, 0x3e, 0x30, 0xe, 0xf0,
    0xf, 0xb8, 0x3, 0x88, 0x3, 0xe2, 0x0, 0xe7,
    0x0, 0xf9, 0x80, 0x38, 0x80, 0x3e, 0x30, 0xc,
    0x60, 0x1f, 0x10, 0x7, 0x20, 0x7, 0xce, 0x1,
    0xd6, 0x1, 0xf7, 0x80, 0x61, 0x30, 0xf, 0x94,
    0x3, 0x38, 0x7, 0xca, 0x1, 0xd6, 0x1, 0xf7,
    0x0, 0x64, 0x20, 0xf, 0x1a, 0x0, 0x6f, 0x0,
    0xfa, 0x0, 0x32, 0x20, 0x3, 0xc8, 0x80, 0xd,
    0x20, 0x1e, 0x1a, 0x0, 0xd0, 0x40, 0x1e, 0xa1,
    0x0, 0x8d, 0xc0, 0x3d, 0x68, 0x1, 0xe, 0x80,
    0x79, 0xd0, 0x2, 0x1c, 0x10, 0xf, 0x28, 0x4,
    0x38, 0x40, 0x1f, 0x11, 0x82, 0x79, 0x0, 0x7f,
    0x4d, 0x58, 0x80, 0x7f, 0x0,

    /* U+002A "*" */
    0x0, 0xff, 0x6f, 0xfe, 0x30, 0xf, 0xfe, 0x38,
    0x80, 0x62, 0x0, 0xff, 0xe3, 0xb0, 0x6, 0x10,
    0xf, 0xfe, 0x39, 0x80, 0x42, 0x1, 0xff, 0xc8,
    0x10, 0x8, 0xc0, 0x3f, 0xf9, 0x1c, 0x1, 0x8,
    0x7, 0xff, 0x2, 0x8, 0x3, 0xc6, 0x1, 0x30,
    0x7, 0xc8, 0x1, 0x1b, 0xed, 0xa0, 0x6, 0x10,
    0x8, 0xc0, 0x39, 0xb6, 0xd4, 0x1, 0x60, 0x4,
    0xbc, 0x50, 0x3, 0x80, 0x5c, 0x0, 0x17, 0xe9,
    0x20, 0xf0, 0x3, 0x0, 0x63, 0xae, 0x71, 0x0,
    0x84, 0xa7, 0xa0, 0x40, 0x25, 0x3, 0x10, 0xf,
    0xc, 0x68, 0x5, 0x7a, 0xc0, 0x1f, 0x21, 0xd3,
    0x10, 0x7, 0xf8, 0x80, 0x3e, 0x15, 0x0, 0x2c,
    0xef, 0xdb, 0x98, 0x7, 0xf8, 0x9a, 0xb7, 0xa9,
    0x0, 0x39, 0x23, 0x3d, 0x80, 0x39, 0x2f, 0xb6,
    0x54, 0x80, 0x3f, 0xe3, 0x60, 0xe, 0x55, 0x8,
    0x7, 0xff, 0x8, 0x74, 0x2, 0x20, 0x0, 0xe8,
    0x7, 0xff, 0xf, 0x44, 0x0, 0x58, 0x20, 0x3,
    0xa0, 0xf, 0xfe, 0xd, 0x98, 0x5, 0xc3, 0x0,
    0x12, 0xc0, 0x7, 0xfd, 0x8, 0x1, 0x29, 0x83,
    0x10, 0x4, 0xea, 0x1, 0xfc, 0xce, 0x1, 0xac,
    0x2, 0x90, 0xd, 0x46, 0x1, 0xf2, 0x48, 0x6,
    0x71, 0x0, 0x91, 0x0, 0x1b, 0x44, 0x3, 0xce,
    0x40, 0x10, 0xc0, 0x7, 0x48, 0x7, 0x10, 0x7,
    0x8f, 0x58, 0x1, 0x60, 0x1e, 0x26, 0x0, 0x2f,
    0x98, 0x7, 0xe9, 0xb5, 0x50, 0x7, 0xd0, 0x33,
    0x42, 0x1, 0xfe, 0x4a, 0x0, 0xfc, 0x3c, 0xc0,
    0x1e,

    /* U+002B "+" */
    0x0, 0xff, 0xea, 0xf, 0xff, 0x88, 0x3, 0xff,
    0xfe, 0x1, 0xff, 0xff, 0x0, 0xff, 0xf3, 0x57,
    0xff, 0xdc, 0x1, 0xed, 0xff, 0xfa, 0xc0, 0x3f,
    0xff, 0xe0, 0x1f, 0xfe, 0x1a, 0xff, 0xfb, 0x80,
    0x3d, 0xbf, 0xff, 0x58, 0x7, 0xff, 0xfc, 0x3,
    0xff, 0xfe, 0x1, 0xff, 0xf6,

    /* U+002C "," */
    0x0, 0x3f, 0xff, 0x50, 0x7, 0xff, 0xa4, 0x80,
    0x1c, 0x1, 0xdc, 0x0, 0x20, 0xe, 0x40, 0x2,
    0x80, 0x62, 0x20, 0x18, 0x80, 0x6b, 0x0, 0x48,
    0x6, 0x26, 0x1, 0x50, 0xd, 0x20, 0x5, 0x0,
    0xce, 0x80, 0x4, 0xe6, 0x5, 0x80, 0xc, 0x33,
    0xd4, 0x1, 0x80,

    /* U+002D "-" */
    0x15, 0x5f, 0xfe, 0x38, 0x3d, 0x57, 0xff, 0x1c,
    0x80, 0x3f, 0xff, 0xe0, 0x1f, 0xc0,

    /* U+002E "." */
    0x0, 0x92, 0x26, 0xc, 0x3, 0x5d, 0x9d, 0x9f,
    0x20, 0x1, 0x8, 0x1, 0xce, 0xa0, 0xc0, 0x1f,
    0x48, 0x88, 0x3, 0xe2, 0x10, 0xf, 0xc6, 0x6,
    0x1, 0xf2, 0x7, 0x0, 0x78, 0xa0, 0xb, 0x54,
    0x40, 0x5b, 0x4,

    /* U+002F "/" */
    0x0, 0xff, 0xe0, 0x1f, 0xff, 0x68, 0x7, 0xff,
    0x2, 0x80, 0x3a, 0x80, 0x3f, 0xf8, 0xe, 0x1,
    0xca, 0x1, 0xff, 0x20, 0x80, 0x63, 0x20, 0xf,
    0xfb, 0x40, 0x3a, 0xc0, 0x3f, 0xf8, 0xe, 0x1,
    0xca, 0x1, 0xff, 0x20, 0x80, 0x63, 0x20, 0xf,
    0xfb, 0x40, 0x3a, 0xc0, 0x3f, 0xf8, 0xe, 0x1,
    0xcc, 0x1, 0xff, 0x20, 0x80, 0x63, 0x10, 0xf,
    0xfb, 0x80, 0x3a, 0x80, 0x3f, 0xf8, 0xa, 0x1,
    0xce, 0x1, 0xff, 0x28, 0x7, 0x20, 0x80, 0x7f,
    0xde, 0x1, 0xda, 0x1, 0xff, 0xc0, 0x50, 0xe,
    0x70, 0xf, 0xf9, 0x40, 0x39, 0x4, 0x3, 0xfe,
    0xf0, 0xe, 0xd0, 0xf, 0xfe, 0x2, 0x80, 0x73,
    0x80, 0x7f, 0xca, 0x1, 0xc8, 0x20, 0x1f, 0xf7,
    0x0, 0x77, 0x0, 0x7f, 0xc2, 0x80, 0x1c, 0xa0,
    0x1f, 0xf3, 0x80, 0x72, 0x80, 0x7f, 0xf0, 0x34,
    0x3, 0xbc, 0x3, 0xfe, 0x14, 0x0, 0xe5, 0x0,
    0xff, 0x9c, 0x3, 0x94, 0x3, 0xff, 0x81, 0x40,
    0x1d, 0xe0, 0x1f, 0xf0, 0x98, 0x7, 0x28, 0x7,
    0xfc, 0xe0, 0x1c, 0xa0, 0x1f, 0xfc, 0xa, 0x0,
    0xee, 0x0, 0xff, 0x84, 0xc0, 0x30, 0xa0, 0x7,
    0xfc, 0xc0, 0x1c, 0xe0, 0x1f, 0xfc, 0xb, 0x0,
    0xed, 0x0, 0xff, 0x88, 0xc0, 0x30, 0xa0, 0x7,
    0xfc, 0xa0, 0x1c, 0xe0, 0x1f, 0xfc, 0xa, 0x0,
    0xed, 0x0, 0xff, 0x88, 0x80, 0x18, 0x50, 0x3,
    0xfe, 0xa0, 0xe, 0x70, 0xf, 0xfe, 0x7, 0x3b,
    0xf5, 0x80, 0x7f, 0xf0, 0x0,

    /* U+0030 "0" */
    0x0, 0xf0, 0xb5, 0x6f, 0xfd, 0xb4, 0xa0, 0x1f,
    0xfc, 0x7, 0xe9, 0x52, 0x0, 0x89, 0x6b, 0x98,
    0x3, 0xfb, 0x20, 0x3, 0xfc, 0x33, 0x40, 0x1f,
    0x61, 0x80, 0x7f, 0xf0, 0x56, 0x80, 0x3a, 0xc,
    0x3, 0xff, 0x86, 0xaa, 0x0, 0x85, 0xc0, 0x3c,
    0x93, 0x50, 0x60, 0x1e, 0xb0, 0xa, 0x40, 0x3d,
    0x36, 0xca, 0xf8, 0xc0, 0x1c, 0x2c, 0x0, 0x60,
    0xe, 0x46, 0x0, 0xe9, 0x10, 0xe, 0xd0, 0x21,
    0x0, 0xee, 0x0, 0xf9, 0x80, 0x39, 0x1, 0x0,
    0x3c, 0x80, 0x1f, 0x60, 0x7, 0x8f, 0x80, 0x3c,
    0x20, 0x1f, 0x30, 0x7, 0x98, 0x40, 0x38, 0x40,
    0x3f, 0x10, 0x7, 0x88, 0xc0, 0x3f, 0xf8, 0x23,
    0x80, 0x1e, 0xf1, 0x0, 0xff, 0xe0, 0x2f, 0x98,
    0x7, 0xff, 0x1e, 0x68, 0x40, 0x3f, 0xf8, 0xc5,
    0xac, 0x1, 0xff, 0xc7, 0x6d, 0x20, 0x9, 0x80,
    0x3f, 0xf8, 0x43, 0x72, 0x1, 0xd, 0xc8, 0x7,
    0xff, 0x4, 0x7d, 0x0, 0x24, 0xf4, 0x0, 0xff,
    0xe1, 0x88, 0x5, 0x36, 0x20, 0x1f, 0xfc, 0x62,
    0xd6, 0x0, 0xff, 0x84, 0x3, 0xe6, 0xd2, 0x0,
    0xff, 0xe3, 0xd4, 0x80, 0x7f, 0xf0, 0x7c, 0xc0,
    0x38, 0x54, 0x3, 0xe1, 0x0, 0xf0, 0xf0, 0x7,
    0x8, 0x7, 0xe3, 0x0, 0xf1, 0x18, 0x7, 0x8c,
    0x3, 0xe7, 0x0, 0xf3, 0x20, 0x7, 0xac, 0x3,
    0xef, 0x0, 0xe1, 0x20, 0x40, 0xe, 0x71, 0x0,
    0xe2, 0x50, 0xe, 0x70, 0x7, 0x0, 0x7b, 0xc,
    0x2, 0x4c, 0x0, 0xf5, 0x0, 0x14, 0xc0, 0x38,
    0xb3, 0xb3, 0xac, 0x40, 0x39, 0x4c, 0x2, 0xe0,
    0xf, 0x84, 0xc4, 0x3, 0xc3, 0x60, 0x18, 0xa8,
    0x3, 0xff, 0x87, 0xa2, 0x1, 0xcb, 0x62, 0x1,
    0xff, 0x16, 0x18, 0x7, 0xc9, 0xd0, 0x20, 0x1f,
    0x14, 0x69, 0x80, 0x7f, 0x9f, 0xb6, 0xa2, 0x2a,
    0xdd, 0x38, 0x7, 0x80,

    /* U+0031 "1" */
    0x0, 0xff, 0xe1, 0x18, 0x80, 0x7f, 0xc2, 0xfb,
    0x8a, 0x1, 0xfc, 0xd9, 0xd0, 0x40, 0x1f, 0x92,
    0xbe, 0x4c, 0x3, 0xf1, 0xcf, 0x5a, 0x80, 0x7e,
    0x17, 0xdc, 0x61, 0x0, 0xff, 0x7c, 0x10, 0x7,
    0xff, 0x4, 0x40, 0x3f, 0xf9, 0x64, 0x1, 0xff,
    0xc0, 0x39, 0xe8, 0x0, 0xfe, 0x17, 0xdc, 0x61,
    0x0, 0xfc, 0xf9, 0xd0, 0x40, 0x1f, 0xf4, 0x18,
    0x7, 0xff, 0xfc, 0x3, 0xff, 0xfe, 0x1, 0xff,
    0xff, 0x0, 0xff, 0xff, 0x80, 0x7f, 0xfd, 0x80,

    /* U+0032 "2" */
    0x0, 0xfc, 0xb5, 0xbf, 0xf7, 0x64, 0x18, 0x7,
    0xff, 0x6, 0x3e, 0x94, 0x80, 0x21, 0x37, 0xcc,
    0x18, 0x7, 0xf1, 0xf3, 0x80, 0x7f, 0xc7, 0x8e,
    0x1, 0xf2, 0x60, 0x80, 0x7f, 0xf0, 0xa1, 0x80,
    0x38, 0xac, 0x3, 0xff, 0x8b, 0x24, 0x1, 0xbc,
    0x3, 0xe3, 0x78, 0x62, 0x0, 0xfa, 0xc0, 0x25,
    0x20, 0xe, 0x2d, 0xc8, 0x79, 0xd8, 0x0, 0xf3,
    0x0, 0x52, 0x1, 0xef, 0x20, 0xe, 0x75, 0x0,
    0xf1, 0x80, 0x98, 0x7, 0x31, 0x0, 0x7d, 0x20,
    0x1e, 0x50, 0x20, 0xf, 0x60, 0x7, 0xe3, 0x0,
    0xf0, 0x83, 0x0, 0x79, 0x80, 0x3f, 0xf8, 0x62,
    0xb, 0xff, 0xe3, 0x0, 0xfc, 0x40, 0x1e, 0x20,
    0xf, 0xfe, 0x2d, 0x0, 0x79, 0x40, 0x3f, 0xf8,
    0x82, 0xe0, 0x1c, 0x82, 0x1, 0xff, 0xc4, 0xa0,
    0xf, 0x40, 0x7, 0xff, 0x11, 0xd0, 0x3, 0x94,
    0xc0, 0x3f, 0xf8, 0x69, 0x0, 0x1c, 0x36, 0x1,
    0xff, 0xc3, 0x3b, 0x0, 0xf5, 0x8, 0x7, 0xff,
    0x8, 0xf4, 0x3, 0xd2, 0x80, 0x1f, 0xfc, 0x22,
    0xd1, 0x0, 0xe7, 0x60, 0xf, 0xfe, 0x11, 0x60,
    0x80, 0x73, 0x40, 0x7, 0xff, 0x8, 0x70, 0x40,
    0x39, 0xa4, 0x3, 0xff, 0x84, 0x38, 0x20, 0x1c,
    0xb2, 0x1, 0xff, 0xc2, 0x1c, 0x20, 0xe, 0x5a,
    0x0, 0xff, 0xe1, 0xe9, 0x0, 0x72, 0x50, 0x7,
    0xff, 0xf, 0xc, 0x3, 0x92, 0xc0, 0x3f, 0xf8,
    0x76, 0x60, 0x1c, 0x76, 0x1, 0xff, 0xc3, 0xb4,
    0x0, 0xe3, 0xc0, 0xf, 0xfe, 0x1d, 0x20, 0x7,
    0xc, 0xa2, 0x7f, 0xf0, 0x48, 0x21, 0x40, 0x3c,
    0x35, 0x77, 0xff, 0xc1, 0x80, 0x20, 0xf, 0xff,
    0xf8, 0x7, 0xff, 0x2c,

    /* U+0033 "3" */
    0x0, 0xf9, 0x6b, 0x7f, 0xee, 0xc9, 0x51, 0x0,
    0xff, 0xc, 0x7d, 0x29, 0x0, 0x42, 0x6d, 0x5d,
    0x22, 0x1, 0xf1, 0xfb, 0x80, 0x7f, 0xf0, 0x1b,
    0xcc, 0x3, 0x8f, 0x4, 0x3, 0xff, 0x84, 0x38,
    0x60, 0x10, 0xe8, 0x7, 0xff, 0x1b, 0x80, 0x29,
    0x10, 0xf, 0x1c, 0x55, 0x20, 0x80, 0x3c, 0x4c,
    0x0, 0x60, 0xf, 0x4e, 0x3a, 0xa9, 0xf5, 0xc0,
    0x3d, 0x40, 0x62, 0x1, 0xce, 0xc0, 0x1e, 0x83,
    0x0, 0xe3, 0x6, 0x0, 0xf5, 0x80, 0x7e, 0xb0,
    0xf, 0x12, 0xff, 0xf8, 0xc0, 0x3f, 0x10, 0x7,
    0xff, 0x2c, 0x80, 0x3c, 0x40, 0x1f, 0xfc, 0x4b,
    0x0, 0xe3, 0x0, 0xff, 0xe2, 0x41, 0x80, 0x74,
    0x80, 0x7f, 0x8, 0xe2, 0x5b, 0x70, 0xe, 0x45,
    0x0, 0xfc, 0x5d, 0xdb, 0x69, 0x0, 0x38, 0xec,
    0x3, 0xff, 0x92, 0xd8, 0x1, 0xff, 0xc9, 0x48,
    0x0, 0xff, 0xe5, 0x27, 0x38, 0x7, 0xff, 0x2e,
    0x24, 0x3, 0xf8, 0xbf, 0xf7, 0x63, 0x80, 0x79,
    0x98, 0x1, 0xff, 0xc1, 0x13, 0x8d, 0x10, 0xe,
    0x80, 0xf, 0xfe, 0x21, 0x58, 0x7, 0xa, 0x80,
    0x7f, 0xf1, 0x14, 0x3, 0xda, 0x1, 0xff, 0xc5,
    0x20, 0xe, 0x27, 0xaa, 0xe7, 0x0, 0xff, 0xe2,
    0xea, 0xaf, 0x48, 0x7, 0xf8, 0x80, 0x38, 0xc8,
    0x3, 0x85, 0x40, 0x3f, 0x30, 0x7, 0xbf, 0x0,
    0x3d, 0x48, 0x1, 0xe5, 0x90, 0xf, 0x3a, 0x10,
    0x7, 0xae, 0xcc, 0x88, 0x6b, 0xa0, 0xf, 0x28,
    0x87, 0x0, 0x7c, 0x93, 0x76, 0x94, 0x0, 0xfa,
    0x0, 0x7, 0x20, 0x1f, 0xfc, 0x6b, 0x20, 0x9,
    0xa8, 0x3, 0xff, 0x86, 0x38, 0x80, 0x1c, 0xbc,
    0xa0, 0x1f, 0xfc, 0x7, 0xe3, 0x0, 0xf8, 0x6b,
    0xa5, 0x48, 0x2, 0x13, 0x6a, 0xf8, 0x0, 0xe0,

    /* U+0034 "4" */
    0x0, 0xff, 0xe1, 0x4f, 0xff, 0x94, 0x3, 0xff,
    0x8a, 0x6c, 0x1, 0xff, 0xcc, 0xe0, 0xf, 0xfe,
    0x64, 0x10, 0x7, 0xff, 0x2c, 0xdc, 0x3, 0xff,
    0x99, 0xe0, 0x1f, 0xfc, 0xc7, 0x30, 0xf, 0xfe,
    0x59, 0x40, 0x7, 0xff, 0x33, 0x80, 0x3f, 0xf9,
    0x8c, 0x60, 0x1a, 0x0, 0x3f, 0xf8, 0xc3, 0x20,
    0x19, 0x54, 0x1, 0xff, 0xc6, 0xa0, 0xc, 0x36,
    0x1, 0xff, 0xc6, 0x54, 0x0, 0xd6, 0x20, 0x1f,
    0xfc, 0x51, 0xb0, 0xc, 0x8a, 0x1, 0xff, 0xc6,
    0xb1, 0x0, 0xd4, 0x1, 0xff, 0xc6, 0x45, 0x0,
    0xd2, 0x20, 0x1f, 0xfc, 0x6a, 0x0, 0xc8, 0xc0,
    0x1f, 0xfc, 0x69, 0x10, 0xd, 0x40, 0x1f, 0xfc,
    0x63, 0x60, 0xd, 0x22, 0x1, 0xff, 0xc6, 0xe0,
    0xc, 0x6c, 0x1, 0xff, 0xc6, 0x82, 0x0, 0xdc,
    0x1, 0xff, 0xc6, 0x27, 0x0, 0xed, 0xff, 0xf6,
    0x80, 0x7a, 0xbf, 0xe4, 0xb0, 0xf, 0xfe, 0x68,
    0x80, 0x7f, 0xf3, 0x7c, 0x3, 0xff, 0x9a, 0x20,
    0x1f, 0xfc, 0xd7, 0xaa, 0xff, 0xe0, 0xc8, 0x7,
    0x9e, 0xaa, 0x51, 0x55, 0xff, 0xe0, 0xa0, 0x7,
    0xb5, 0x56, 0x10, 0xf, 0xff, 0xf8, 0x7, 0xff,
    0xfc, 0x3, 0xc0,

    /* U+0035 "5" */
    0x0, 0x9f, 0xff, 0xff, 0x8d, 0x0, 0x1b, 0x80,
    0x3f, 0xf9, 0x64, 0x1, 0xff, 0xcb, 0x60, 0xf,
    0xfe, 0x59, 0x0, 0x7f, 0xf2, 0x84, 0x3, 0xcc,
    0xdf, 0xfc, 0x1c, 0x0, 0x8c, 0x3, 0x8a, 0x67,
    0xff, 0x82, 0x80, 0x13, 0x0, 0x73, 0x0, 0x7f,
    0xf1, 0x48, 0x3, 0x88, 0x3, 0xff, 0x8b, 0xc0,
    0x1d, 0xc0, 0x1f, 0xfc, 0x52, 0x0, 0xe2, 0x0,
    0xff, 0xe2, 0xb0, 0x7, 0x32, 0xd7, 0x7f, 0xdb,
    0x28, 0x1, 0xf8, 0x80, 0x3b, 0x69, 0x44, 0x2,
    0x26, 0xbd, 0x30, 0xf, 0x8, 0x7, 0x8, 0x7,
    0xf1, 0x63, 0x0, 0x61, 0x0, 0xff, 0xe3, 0x4a,
    0x0, 0x44, 0x1, 0xff, 0xc7, 0xa0, 0xc, 0x20,
    0x1c, 0xb7, 0xdf, 0xd6, 0x80, 0x1e, 0x17, 0x0,
    0x1f, 0x72, 0x98, 0xaa, 0x88, 0x20, 0x29, 0x70,
    0x1, 0xea, 0x0, 0xc2, 0xb3, 0xaa, 0x1, 0xf3,
    0xa0, 0x7, 0x11, 0x0, 0x3f, 0xf8, 0x9e, 0x1,
    0xe4, 0x0, 0xff, 0xe2, 0x20, 0x7, 0xb8, 0x3,
    0xff, 0x8a, 0x20, 0x1c, 0x20, 0x1f, 0xfc, 0xb3,
    0x0, 0xff, 0xe2, 0x88, 0x7, 0x19, 0xbf, 0xfc,
    0x60, 0x1f, 0x84, 0x3, 0xc2, 0x40, 0x1e, 0x40,
    0xf, 0xc8, 0x1, 0xed, 0x11, 0x0, 0x74, 0x80,
    0x7e, 0x90, 0xf, 0x20, 0x30, 0x7, 0xd, 0x88,
    0x7, 0x41, 0x80, 0x72, 0x8, 0x48, 0x7, 0x93,
    0xe1, 0x51, 0xb1, 0xc0, 0x3d, 0xe0, 0x1, 0x90,
    0xf, 0xb, 0xd5, 0xc9, 0x80, 0x79, 0x10, 0x1,
    0x33, 0x0, 0x3f, 0xf8, 0x85, 0x40, 0x1d, 0x30,
    0x1, 0xff, 0xc2, 0x3c, 0x10, 0xf, 0x3e, 0xa0,
    0x7, 0xfd, 0x18, 0x20, 0x1f, 0x8a, 0xf6, 0x10,
    0x40, 0x22, 0x59, 0xf7, 0x0, 0xe0,

    /* U+0036 "6" */
    0x0, 0xff, 0x85, 0x67, 0x3b, 0xfd, 0x20, 0x1f,
    0xfc, 0x24, 0xbe, 0xa6, 0x31, 0x0, 0xff, 0xe1,
    0x95, 0xd9, 0x0, 0x3f, 0xf8, 0xeb, 0xa8, 0x1,
    0xff, 0xc8, 0x7a, 0x0, 0xff, 0xe4, 0xb4, 0x0,
    0x7e, 0x25, 0x78, 0xd0, 0xf, 0xc7, 0x20, 0x1e,
    0x17, 0xdd, 0x54, 0x3a, 0x0, 0x7e, 0xf0, 0xf,
    0x2f, 0xc1, 0x0, 0x7f, 0xf0, 0x14, 0xc0, 0x39,
    0xe8, 0x40, 0x3f, 0xf8, 0x50, 0x1, 0xc9, 0x0,
    0x1f, 0xfc, 0x33, 0x20, 0xe, 0x90, 0x8, 0x8c,
    0xc4, 0x1, 0xfd, 0x40, 0x1c, 0xa4, 0x31, 0xdb,
    0x98, 0xdf, 0xa3, 0x0, 0xf2, 0x0, 0x77, 0xaf,
    0xb8, 0x80, 0x72, 0xe4, 0x80, 0x61, 0x20, 0xe,
    0xca, 0x10, 0xf, 0xe6, 0xb0, 0x8, 0x80, 0x3c,
    0xc0, 0x1f, 0xfc, 0x4, 0x90, 0x3, 0x0, 0x7f,
    0xf2, 0x18, 0xc0, 0x80, 0x3f, 0x2d, 0xff, 0xb5,
    0x80, 0x3e, 0x90, 0xf0, 0xf, 0xaa, 0x88, 0x0,
    0x29, 0xa0, 0xf, 0x28, 0x7, 0xe7, 0x50, 0xf,
    0x2a, 0x80, 0x3c, 0x80, 0x1f, 0x40, 0x7, 0xe9,
    0x0, 0xf6, 0x0, 0x7f, 0xf1, 0xc, 0x40, 0x38,
    0x80, 0x3f, 0xf8, 0xa4, 0x1, 0xc3, 0xe0, 0x1f,
    0xfc, 0x47, 0x0, 0xf1, 0x0, 0x78, 0x80, 0x3f,
    0x9c, 0x3, 0x85, 0xc0, 0x3c, 0x80, 0x1f, 0xc6,
    0x1, 0xc4, 0x41, 0x0, 0xed, 0x0, 0xfc, 0x80,
    0x1e, 0xd0, 0x60, 0xe, 0x44, 0x0, 0x7d, 0x0,
    0x1e, 0x40, 0xa0, 0xf, 0x51, 0x0, 0x75, 0x18,
    0x7, 0x20, 0x81, 0x30, 0x7, 0xe, 0xca, 0xa3,
    0xea, 0x80, 0x7a, 0x0, 0x29, 0x20, 0xf, 0x35,
    0x5c, 0x10, 0x7, 0x98, 0xc0, 0x37, 0x88, 0x7,
    0xff, 0xd, 0x24, 0x3, 0x8b, 0x8, 0x3, 0xff,
    0x82, 0xb6, 0x1, 0xf1, 0x6b, 0x80, 0x7f, 0x86,
    0xa8, 0x1, 0xfe, 0x8e, 0x95, 0x20, 0x8, 0x9a,
    0xb9, 0x40, 0x38,

    /* U+0037 "7" */
    0x6f, 0xff, 0xfe, 0x5c, 0x80, 0x7f, 0xff, 0xc0,
    0x3f, 0xf9, 0x94, 0x95, 0x5f, 0xfc, 0x46, 0x0,
    0xe3, 0x31, 0x2a, 0xff, 0xf1, 0x40, 0x3a, 0x40,
    0x3f, 0xf8, 0xa6, 0x60, 0xc, 0x2a, 0x1, 0xff,
    0xc5, 0x80, 0xe, 0x90, 0xf, 0xfe, 0x29, 0x20,
    0x7, 0x30, 0x7, 0xff, 0x16, 0x0, 0x39, 0x84,
    0x3, 0xff, 0x88, 0x2a, 0x1, 0xd6, 0x1, 0xff,
    0xc5, 0x80, 0xe, 0x42, 0x0, 0xff, 0xe2, 0xb,
    0x0, 0x77, 0x80, 0x7f, 0xf1, 0x64, 0x3, 0x89,
    0x0, 0x3f, 0xf8, 0xac, 0x1, 0xd6, 0x1, 0xff,
    0xc5, 0x61, 0x0, 0xc2, 0xc0, 0x1f, 0xfc, 0x58,
    0x0, 0xe6, 0x0, 0xff, 0xe2, 0xa8, 0x80, 0x74,
    0x80, 0x7f, 0xf1, 0x60, 0x3, 0x94, 0x40, 0x3f,
    0xf8, 0x88, 0x40, 0x1d, 0x20, 0x1f, 0xfc, 0x58,
    0x0, 0xe3, 0x30, 0x7, 0xff, 0x10, 0xcc, 0x1,
    0xd2, 0x1, 0xff, 0xc5, 0x90, 0xe, 0x15, 0x0,
    0xff, 0xe2, 0x12, 0x80, 0x74, 0x80, 0x7f, 0xf1,
    0x6c, 0x3, 0xcc, 0x1, 0xff, 0xc4, 0x16, 0x0,
    0xe6, 0x10, 0xf, 0xfe, 0x24, 0x80, 0x7a, 0xc0,
    0x3f, 0xf8, 0x82, 0xe0, 0x1c, 0x84, 0x1, 0xff,
    0xc4, 0x60, 0xf, 0x78, 0x7, 0xff, 0x16, 0x40,
    0x38, 0x90, 0x3, 0xff, 0x88, 0xc2, 0x1, 0xd6,
    0x1, 0xff, 0xc5, 0xb0, 0xe, 0x16, 0x0, 0xff,
    0xe2, 0x29, 0x0, 0x73, 0x0, 0x7f, 0xf0, 0x40,

    /* U+0038 "8" */
    0x0, 0xf9, 0x67, 0x7b, 0xfd, 0xd9, 0x2a, 0x1,
    0xff, 0xc0, 0x8f, 0xa6, 0x21, 0x0, 0x9, 0xb5,
    0x7c, 0x0, 0x7e, 0x1d, 0x70, 0xf, 0xfe, 0x3,
    0xe9, 0x0, 0x70, 0xe1, 0x0, 0x7f, 0xf0, 0x8b,
    0xc4, 0x3, 0x41, 0x0, 0x7f, 0xf1, 0xa, 0xc0,
    0x21, 0x60, 0xf, 0xb, 0xd5, 0x1c, 0x40, 0x3c,
    0xa4, 0x0, 0x70, 0xf, 0x27, 0x42, 0xaa, 0x38,
    0xc0, 0x3c, 0xa0, 0xf, 0x0, 0xf4, 0x80, 0x7b,
    0x80, 0x3d, 0xa0, 0x3, 0x0, 0xe1, 0x20, 0xf,
    0x11, 0x0, 0x38, 0x40, 0x3f, 0x18, 0x7, 0xe1,
    0x0, 0xe1, 0x0, 0x68, 0x7, 0x10, 0x80, 0x7c,
    0x60, 0x1c, 0x40, 0x5, 0x0, 0xf4, 0x0, 0x7a,
    0x0, 0x3d, 0x40, 0x2, 0x60, 0xe, 0x6a, 0x30,
    0x1, 0xd3, 0x80, 0x72, 0x90, 0x5, 0x26, 0x1,
    0xcb, 0x9f, 0xec, 0x50, 0xe, 0x2a, 0x0, 0xec,
    0x50, 0xf, 0xfe, 0x12, 0x60, 0x7, 0xd5, 0x0,
    0x1f, 0xfc, 0x7, 0xb1, 0x0, 0xfa, 0x60, 0x3,
    0xff, 0x80, 0xf2, 0x1, 0xf6, 0x30, 0x7, 0xff,
    0x9, 0xb0, 0x3, 0xa8, 0xc0, 0x38, 0xa2, 0xa8,
    0xe4, 0x1, 0xc7, 0x40, 0x12, 0xa8, 0x3, 0x97,
    0x5d, 0x55, 0x1a, 0xa0, 0x1c, 0xaa, 0x0, 0x48,
    0x7, 0x15, 0x0, 0x7a, 0x88, 0x3, 0xa4, 0x4,
    0xc0, 0x3a, 0xc0, 0x3f, 0x58, 0x7, 0x19, 0x20,
    0x7, 0x90, 0x3, 0xf2, 0x0, 0x79, 0xcc, 0x3,
    0xc6, 0x1, 0xf8, 0xc0, 0x3c, 0x60, 0x1f, 0x18,
    0x7, 0xe3, 0x0, 0xf8, 0xc0, 0x3c, 0x80, 0x1f,
    0x90, 0x3, 0xc6, 0xe0, 0x1e, 0xa0, 0xf, 0xd6,
    0x1, 0xe7, 0x21, 0x0, 0xe3, 0x90, 0xf, 0x49,
    0x0, 0x70, 0x90, 0x48, 0x7, 0x9b, 0x5d, 0x10,
    0xfa, 0xc0, 0x1e, 0x90, 0x3, 0x90, 0x7, 0x8a,
    0x2e, 0xd0, 0x40, 0x1e, 0x27, 0x0, 0xbc, 0x40,
    0x3f, 0xf8, 0xbc, 0x1, 0x8b, 0x8, 0x3, 0xff,
    0x84, 0x38, 0x60, 0x1c, 0x5a, 0xe0, 0x1f, 0xfc,
    0x7, 0xe3, 0x0, 0xfd, 0x1f, 0x4c, 0x62, 0x0,
    0x12, 0x6a, 0xf8, 0x0, 0xe0,

    /* U+0039 "9" */
    0x0, 0xf9, 0x27, 0x7f, 0xed, 0xa5, 0x0, 0xff,
    0xe0, 0xae, 0xdb, 0x10, 0x4, 0x4b, 0x5c, 0xc0,
    0x1f, 0xe9, 0xa2, 0x0, 0xfe, 0x19, 0xb0, 0xf,
    0xd4, 0xc0, 0x1f, 0xfc, 0x14, 0xb0, 0xf, 0x42,
    0x80, 0x7f, 0xf0, 0xd2, 0x0, 0x31, 0x38, 0x7,
    0x8a, 0x2a, 0x50, 0x3, 0xce, 0x60, 0x14, 0x0,
    0x79, 0x75, 0xd5, 0xae, 0x40, 0x3d, 0x20, 0x12,
    0x80, 0x71, 0x50, 0x7, 0x33, 0x0, 0x39, 0x44,
    0x14, 0x3, 0xd0, 0x1, 0xf4, 0x0, 0x79, 0xc3,
    0x40, 0x3c, 0xa0, 0x1f, 0xa, 0x0, 0x76, 0x1,
    0x0, 0x71, 0x0, 0x7f, 0x18, 0x7, 0x38, 0x8,
    0x7, 0x8, 0x7, 0xf7, 0x0, 0x71, 0x0, 0x7f,
    0xf3, 0x4, 0x80, 0x38, 0xc0, 0x3f, 0xf8, 0xbc,
    0x1, 0xe3, 0x0, 0xff, 0xe2, 0x18, 0x7, 0xa4,
    0x3, 0xf5, 0x0, 0x7c, 0x80, 0x1e, 0x56, 0x0,
    0xf4, 0x98, 0x7, 0xe6, 0x0, 0xf4, 0xc8, 0xc4,
    0x97, 0x58, 0x3, 0xe1, 0x8, 0x0, 0xf9, 0xb3,
    0xb6, 0x88, 0x3, 0xfc, 0x34, 0x1, 0xff, 0xc7,
    0x20, 0x9, 0x60, 0x3, 0xff, 0x80, 0x20, 0x1c,
    0xc0, 0x19, 0xec, 0x40, 0x3f, 0xa5, 0x0, 0x38,
    0xc0, 0x39, 0x3a, 0x94, 0x80, 0x2, 0x71, 0xcc,
    0x80, 0x1d, 0x80, 0x1f, 0x2d, 0x6f, 0xfb, 0xb1,
    0xc4, 0xc4, 0x3, 0x90, 0x3, 0xff, 0x89, 0xe0,
    0x1c, 0xc0, 0x1f, 0xfc, 0x48, 0x30, 0xe, 0xb0,
    0xf, 0xfe, 0x1c, 0xb8, 0x7, 0x29, 0x0, 0x7f,
    0xf0, 0x5, 0xf9, 0x80, 0x38, 0x6c, 0x3, 0xf2,
    0xc4, 0xd6, 0xf4, 0x8, 0x7, 0xa8, 0x40, 0x3f,
    0x7b, 0xb2, 0x90, 0x7, 0xe9, 0x40, 0xf, 0xfe,
    0x4d, 0xb0, 0x7, 0xff, 0x21, 0x39, 0x0, 0x3f,
    0xf8, 0xeb, 0x96, 0x20, 0x1f, 0xfc, 0x32, 0x46,
    0xae, 0xa3, 0x0, 0xfe,

    /* U+003A ":" */
    0x0, 0x46, 0xff, 0xac, 0xc0, 0x2c, 0x72, 0x0,
    0x26, 0x20, 0x31, 0x80, 0x7a, 0x83, 0x40, 0x3e,
    0x12, 0x70, 0xf, 0xcc, 0xc0, 0xf, 0xcb, 0x20,
    0x1f, 0x20, 0x9c, 0x80, 0x71, 0xd0, 0x1, 0xb6,
    0x19, 0xeb, 0x4, 0x2, 0x27, 0x98, 0x50, 0xf,
    0xff, 0xf8, 0x7, 0xff, 0x20, 0x9e, 0x61, 0x40,
    0x33, 0x6c, 0x33, 0xd6, 0x8, 0x1c, 0x80, 0x71,
    0xd8, 0x50, 0x7, 0xca, 0x2a, 0x1, 0xf9, 0x5c,
    0x3, 0xf3, 0xe8, 0x7, 0xc2, 0x6c, 0x60, 0x1e,
    0xa0, 0x6, 0x39, 0x0, 0x13, 0x10, 0x0,

    /* U+003B ";" */
    0x0, 0x89, 0xe6, 0x10, 0x3, 0x9f, 0x61, 0x9e,
    0xec, 0x1, 0x24, 0x0, 0x72, 0x48, 0x3, 0xc0,
    0x3e, 0x60, 0x3, 0x0, 0x7e, 0x20, 0x10, 0xf,
    0xc6, 0x8, 0x1, 0xf1, 0x8, 0x41, 0x0, 0x7b,
    0x80, 0x2d, 0x71, 0x1, 0x5d, 0x30, 0xd, 0x1d,
    0xfd, 0x44, 0x1, 0xff, 0xff, 0x0, 0xff, 0xf8,
    0xac, 0x47, 0x18, 0x6, 0xf7, 0x7e, 0x40, 0xf,
    0xfe, 0xa0, 0x80, 0x7f, 0xf0, 0xc4, 0x3, 0xff,
    0x88, 0x40, 0x19, 0x80, 0x39, 0x40, 0x31, 0x0,
    0x63, 0x10, 0x9, 0x0, 0x3a, 0x80, 0x37, 0x0,
    0x61, 0x60, 0x8, 0x54, 0x3, 0x58, 0x6, 0x90,
    0xc, 0x8a, 0x1, 0xa9, 0x0, 0x5, 0x40, 0x1c,
    0x57, 0x8b, 0x82, 0x1, 0xc0,

    /* U+003C "<" */
    0x0, 0xff, 0xee, 0x9d, 0x30, 0x7, 0xff, 0x15,
    0xb7, 0x14, 0x3, 0xff, 0x86, 0x51, 0xf2, 0x40,
    0x1f, 0xfc, 0x34, 0xbd, 0x70, 0xf, 0xfe, 0x18,
    0xbf, 0x5a, 0x0, 0x7f, 0xf0, 0xce, 0xba, 0x4,
    0x3, 0xff, 0x86, 0xd9, 0x85, 0x0, 0xff, 0x95,
    0x0, 0x5, 0x1d, 0x26, 0x1, 0xfe, 0x5a, 0xfa,
    0x22, 0x5e, 0xb8, 0x80, 0x7f, 0x25, 0x7d, 0x28,
    0x4, 0xe8, 0x1, 0xfc, 0x93, 0xd6, 0xa0, 0x1f,
    0xfc, 0x23, 0x9e, 0xb6, 0x10, 0xf, 0xfe, 0x1b,
    0x73, 0x8, 0x7, 0xff, 0x19, 0xb7, 0x1c, 0x80,
    0x3f, 0xf8, 0xe7, 0x1b, 0x8e, 0x20, 0x1f, 0x2d,
    0xa0, 0x7, 0xf1, 0xc7, 0x63, 0x88, 0x7, 0x25,
    0xeb, 0x88, 0x7, 0xf1, 0xc7, 0x63, 0x8, 0x6,
    0x28, 0xe9, 0x30, 0xf, 0xf1, 0xcf, 0x28, 0x7,
    0x9b, 0x30, 0xa0, 0x1f, 0xf1, 0x80, 0x7e, 0x3a,
    0xe8, 0x20, 0xf, 0xfe, 0x38, 0xbe, 0xda, 0x0,
    0x7f, 0xf2, 0x12, 0xf5, 0xc0, 0x3f, 0xf9, 0x5,
    0x1f, 0x26, 0x1, 0xff, 0xc8, 0x6c, 0xc2, 0x80,

    /* U+003D "=" */
    0x16, 0x6f, 0xfe, 0x4a, 0xaa, 0x67, 0xff, 0x93,
    0x60, 0x1f, 0xff, 0xf0, 0xf, 0xfe, 0x2a, 0x7f,
    0xff, 0xf2, 0x78, 0x3, 0xff, 0xf2, 0x2a, 0xbf,
    0xfc, 0xba, 0xaf, 0xfe, 0x4d, 0x80, 0x7f, 0xff,
    0xc0, 0x3f, 0xf8, 0xa0,

    /* U+003E ">" */
    0x0, 0xff, 0xe5, 0x1d, 0xa8, 0x7, 0xff, 0x21,
    0x2b, 0xa0, 0x40, 0x3f, 0xf8, 0xe2, 0xfd, 0x68,
    0x1, 0xff, 0xc8, 0x4b, 0xd7, 0x10, 0xf, 0xfe,
    0x39, 0x47, 0x51, 0x80, 0x7f, 0xf2, 0x17, 0x35,
    0x80, 0x3e, 0x26, 0x10, 0xf, 0xf1, 0x4f, 0xc9,
    0x0, 0x61, 0x9e, 0xc7, 0x10, 0xf, 0xf3, 0x6e,
    0x28, 0x7, 0x1c, 0x76, 0x38, 0x80, 0x7f, 0x1d,
    0x74, 0x0, 0x78, 0xe3, 0xb1, 0xc8, 0x3, 0xf0,
    0xb0, 0x7, 0xf1, 0xc6, 0xe3, 0x90, 0x7, 0xff,
    0x1c, 0xe6, 0xc8, 0x3, 0xff, 0x8a, 0xb7, 0xd2,
    0x40, 0x1f, 0xfc, 0x25, 0xbf, 0xa4, 0x0, 0xff,
    0xe1, 0x2d, 0x7d, 0x20, 0x7, 0xf0, 0xbe, 0x0,
    0x16, 0xbe, 0x94, 0x3, 0xfc, 0x75, 0xd0, 0x44,
    0xfa, 0x50, 0xf, 0xf9, 0xb7, 0x14, 0x2, 0x10,
    0xf, 0xf8, 0xa7, 0xe4, 0x80, 0x3f, 0xf8, 0x6b,
    0x9a, 0xc0, 0x1f, 0xfc, 0x32, 0x8e, 0xa3, 0x0,
    0xff, 0xe1, 0xa5, 0xeb, 0x88, 0x7, 0xff, 0x8,
    0x5f, 0xad, 0x0, 0x3f, 0xf8, 0x63, 0x5d, 0x2,
    0x1, 0xff, 0xc5,

    /* U+003F "?" */
    0x0, 0xf0, 0xb5, 0x6f, 0xfd, 0xdb, 0x4c, 0x20,
    0x1f, 0xc5, 0x5d, 0x2a, 0x40, 0x10, 0x92, 0xcf,
    0x50, 0x80, 0x79, 0x35, 0x40, 0x3f, 0xf8, 0xb,
    0xc8, 0x1, 0x92, 0xc0, 0x3f, 0xf8, 0x96, 0x40,
    0x15, 0x0, 0x7f, 0xf1, 0xb8, 0x0, 0xe2, 0x1,
    0xe2, 0x79, 0x86, 0x10, 0xf, 0x1a, 0x5, 0x0,
    0x79, 0xf6, 0x19, 0xe7, 0x90, 0x3, 0xd8, 0x24,
    0x1, 0xc9, 0x0, 0x1e, 0xa0, 0xf, 0x19, 0x0,
    0x7b, 0x40, 0x3e, 0x13, 0x0, 0xe6, 0x2b, 0xbf,
    0x38, 0x7, 0xff, 0x8, 0x44, 0x89, 0xe1, 0x0,
    0xfc, 0x40, 0x1c, 0xc0, 0x1f, 0xfc, 0x36, 0x10,
    0xe, 0xf0, 0xf, 0xfe, 0x10, 0xc0, 0x7, 0xa,
    0x80, 0x7f, 0xf0, 0xb4, 0x40, 0x3a, 0xc0, 0x3f,
    0xf8, 0x23, 0x86, 0x1, 0xcc, 0xa0, 0x1f, 0xfc,
    0x1, 0xc3, 0x0, 0xe4, 0x90, 0xf, 0xfe, 0x1,
    0xf9, 0x0, 0x72, 0x58, 0x7, 0xff, 0x0, 0xb4,
    0x40, 0x39, 0xac, 0x3, 0xff, 0x83, 0x2, 0x1,
    0xd1, 0x20, 0x1f, 0xfc, 0x25, 0x0, 0xe7, 0x70,
    0x7, 0xff, 0x8, 0x80, 0x38, 0x60, 0x3, 0xff,
    0x86, 0xc0, 0x1c, 0x80, 0x1f, 0xfc, 0xa3, 0x0,
    0xff, 0xe2, 0x34, 0x47, 0x68, 0x7, 0xff, 0x10,
    0x9d, 0xf9, 0x0, 0x3f, 0xfb, 0xa2, 0x62, 0x1,
    0xff, 0xc6, 0x1b, 0xec, 0xec, 0x10, 0xf, 0xfe,
    0x25, 0x20, 0x4, 0x78, 0x1, 0xff, 0xc3, 0x24,
    0x0, 0xe2, 0x30, 0xf, 0xfe, 0x10, 0x80, 0x7c,
    0xc0, 0x1f, 0xfc, 0x22, 0x0, 0xf9, 0x80, 0x3f,
    0xf8, 0x42, 0xc0, 0x1c, 0x86, 0x1, 0xff, 0xc3,
    0x97, 0x10, 0x17, 0xb0, 0xf, 0xc0,

    /* U+0040 "@" */
    0x0, 0xff, 0x96, 0x77, 0xfe, 0xdb, 0x61, 0x0,
    0xff, 0xe2, 0x37, 0x53, 0x10, 0x4, 0x49, 0x3d,
    0x0, 0x1f, 0xfc, 0x12, 0xc9, 0x10, 0xf, 0xf3,
    0xe9, 0x0, 0x7f, 0x8f, 0xc, 0x3, 0x1a, 0xb2,
    0x98, 0x6, 0x2c, 0x20, 0xf, 0xc5, 0x82, 0x1,
    0x3f, 0x65, 0x4d, 0x67, 0xc8, 0x80, 0x7, 0xc0,
    0x3f, 0x78, 0x4, 0x7b, 0x2, 0x1, 0xe6, 0xf3,
    0x0, 0x13, 0x80, 0x7a, 0x88, 0x0, 0x78, 0x40,
    0x1f, 0xc3, 0xa2, 0x0, 0x90, 0xe, 0x45, 0x0,
    0xe, 0x80, 0x43, 0x1b, 0xfe, 0xea, 0x30, 0x1b,
    0x0, 0xb, 0x0, 0x68, 0x0, 0xac, 0x40, 0xb,
    0xce, 0x40, 0x1, 0x5c, 0x80, 0x51, 0x0, 0x68,
    0x4, 0x66, 0x0, 0x1a, 0x80, 0x16, 0x80, 0x3f,
    0x30, 0x1, 0xc0, 0x8, 0x1, 0x48, 0x5, 0x20,
    0x2, 0xa0, 0xc, 0x8c, 0x1, 0x10, 0x3, 0xc0,
    0x22, 0x0, 0x28, 0x4, 0xa0, 0x8, 0x0, 0x8b,
    0x6e, 0x40, 0x27, 0x0, 0x10, 0x4, 0xc0, 0x60,
    0x12, 0x80, 0x5, 0x40, 0x2f, 0x20, 0xe, 0x10,
    0x3, 0x0, 0x44, 0x8, 0x1, 0x60, 0x1, 0x80,
    0x25, 0x20, 0x1, 0x0, 0x44, 0x1, 0xfb, 0x40,
    0x25, 0x0, 0x58, 0x5, 0xc0, 0x10, 0x80, 0x5e,
    0x1, 0xf9, 0xc0, 0x22, 0x0, 0x18, 0x4, 0xa0,
    0x13, 0x80, 0x42, 0x1, 0xe3, 0x3, 0x0, 0x84,
    0x8, 0x2, 0x11, 0x0, 0x44, 0x1, 0x10, 0x0,
    0x40, 0x21, 0x1, 0x0, 0x8, 0x1, 0x80, 0x22,
    0x0, 0xc2, 0x1, 0x38, 0x1, 0xc0, 0x26, 0x0,
    0xf8, 0x40, 0x3f, 0x78, 0x4, 0x20, 0x2, 0x0,
    0x88, 0x3, 0xff, 0x88, 0x40, 0x11, 0x0, 0x3c,
    0x0, 0x60, 0x1c, 0x20, 0x1, 0x0, 0x88, 0x3,
    0x8, 0x7, 0x90, 0x0, 0x80, 0x1, 0x0, 0xe6,
    0x0, 0x84, 0x80, 0x26, 0x0, 0x8, 0x1, 0x8,
    0x1, 0x40, 0x2, 0x0, 0x88, 0x8, 0x40, 0x29,
    0x11, 0x51, 0x0, 0x4, 0x86, 0x40, 0x8, 0x40,
    0x5, 0x0, 0x90, 0x0, 0xc0, 0x12, 0x77, 0x14,
    0x3, 0x6f, 0x10, 0x2, 0x0, 0x2f, 0x0, 0xb0,
    0x1, 0x22, 0x1, 0xe7, 0x10, 0xf, 0x41, 0x80,
    0x4e, 0x1, 0x28, 0x80, 0xe1, 0x0, 0x68, 0x86,
    0x88, 0x6, 0x97, 0x0, 0xc2, 0x60, 0x14, 0x0,
    0xb, 0x6e, 0x65, 0xce, 0x7, 0xd5, 0x15, 0xcc,
    0x1, 0xe9, 0x0, 0x99, 0x0, 0x24, 0x66, 0x8,
    0x6, 0x57, 0x51, 0x0, 0xf9, 0x4c, 0x2, 0xb5,
    0x0, 0xff, 0xe5, 0x70, 0x6, 0xaa, 0x18, 0x7,
    0x89, 0xe8, 0x3, 0xfe, 0x2b, 0x0, 0xcb, 0x9d,
    0x95, 0x4c, 0xed, 0x85, 0x0, 0xff, 0xe0, 0x25,
    0x88, 0x6, 0x13, 0x55, 0x18, 0x80, 0x48, 0x1,
    0xff, 0xc0, 0x4f, 0x60, 0xf, 0xf8, 0xd8, 0x3,
    0xff, 0x82, 0x33, 0xd2, 0xa4, 0x1, 0xa, 0x3e,
    0x60, 0x80, 0x3e,

    /* U+0041 "A" */
    0x0, 0xff, 0x97, 0xff, 0xc0, 0x1f, 0xfc, 0xaf,
    0x0, 0xf2, 0x0, 0x7f, 0xf2, 0x54, 0x3, 0xda,
    0x1, 0xff, 0xc8, 0x40, 0xf, 0x9c, 0x3, 0xff,
    0x91, 0xc0, 0x1f, 0xa, 0x0, 0x7f, 0xf1, 0xd4,
    0x3, 0xf6, 0x80, 0x7f, 0xf1, 0x90, 0x3, 0xf9,
    0xc0, 0x3f, 0xf8, 0xdc, 0x1, 0xfc, 0x26, 0x1,
    0xff, 0xc5, 0x40, 0xf, 0xf5, 0x80, 0x7f, 0xf1,
    0x10, 0x40, 0x32, 0x80, 0x73, 0x0, 0x7f, 0xf1,
    0x34, 0x3, 0xbd, 0x0, 0x30, 0x98, 0x7, 0xff,
    0xd, 0xc0, 0x39, 0x30, 0x3, 0xac, 0x3, 0xff,
    0x84, 0x82, 0x1, 0x8c, 0x54, 0x3, 0x94, 0x3,
    0xff, 0x85, 0xa0, 0x1d, 0x60, 0x42, 0x1, 0x88,
    0x80, 0x1f, 0xfc, 0x17, 0x0, 0xe4, 0x0, 0x38,
    0x7, 0x28, 0x7, 0xff, 0x1, 0x4, 0x3, 0x9,
    0x80, 0x30, 0x3, 0xa8, 0x3, 0xff, 0x81, 0xa0,
    0x1c, 0xe0, 0x12, 0x80, 0x71, 0x10, 0x3, 0xfe,
    0x70, 0xe, 0xc0, 0xc, 0x60, 0x1c, 0xa0, 0x1f,
    0xe3, 0x10, 0xe, 0x40, 0xd, 0x60, 0x1d, 0x60,
    0x1f, 0xea, 0x0, 0xe3, 0x10, 0xc, 0x80, 0x1c,
    0x62, 0x1, 0xfc, 0xe0, 0x1d, 0x60, 0x1c, 0x62,
    0x1, 0xce, 0x1, 0xf8, 0xc4, 0x3, 0xb2, 0xab,
    0xc0, 0x1e, 0xd0, 0xf, 0xd6, 0x1, 0xe4, 0x55,
    0xf0, 0x80, 0x72, 0x8, 0x7, 0xcc, 0x1, 0xff,
    0xc8, 0x70, 0xf, 0x18, 0x80, 0x7f, 0xf2, 0x34,
    0x3, 0xd6, 0x1, 0xff, 0xc9, 0x41, 0x0, 0xe5,
    0x0, 0xff, 0xe5, 0x20, 0x6, 0x32, 0x0, 0xe8,
    0xff, 0xff, 0x0, 0x7b, 0xc0, 0x35, 0x80, 0x79,
    0x40, 0x3f, 0xc8, 0x1, 0xca, 0x1, 0x94, 0x3,
    0x84, 0x80, 0x3f, 0xda, 0x1, 0xe5, 0x0, 0x19,
    0x0, 0x73, 0x80, 0x7f, 0xc8, 0x1, 0xef, 0x0,
    0x58, 0x7, 0xb0, 0x3, 0xfe, 0x22, 0x0, 0x72,
    0x80, 0x14, 0x3, 0xca, 0x1, 0xff, 0xc0, 0x40,
    0xf, 0x21, 0x10, 0x3, 0x90, 0x3, 0xff, 0x83,
    0xa0, 0x1e, 0xd0,

    /* U+0042 "B" */
    0xff, 0xff, 0xe0, 0xf6, 0xd3, 0x90, 0x7, 0xff,
    0x20, 0x49, 0x63, 0x71, 0x40, 0x3f, 0xf9, 0x67,
    0x56, 0x20, 0x1f, 0xfc, 0xb4, 0xd0, 0xf, 0xfe,
    0x61, 0xc8, 0x7, 0xe3, 0x88, 0xf3, 0x10, 0x7,
    0xcc, 0x40, 0x1f, 0x33, 0xbf, 0xa7, 0x6c, 0x40,
    0x3c, 0xa0, 0x1f, 0xfc, 0x44, 0xa0, 0xf, 0x60,
    0x7, 0xff, 0x15, 0x4, 0x3, 0x9c, 0x3, 0xff,
    0x8c, 0x40, 0x1c, 0x20, 0x1f, 0xfc, 0x61, 0x0,
    0xe6, 0x0, 0xff, 0xe2, 0x91, 0x0, 0x3b, 0x0,
    0x3f, 0xf8, 0xbc, 0x1, 0xe6, 0x0, 0xff, 0xe1,
    0x13, 0xf1, 0x80, 0x74, 0x8, 0x7, 0xcb, 0xff,
    0xed, 0x81, 0x0, 0xe6, 0x70, 0xf, 0xfe, 0x48,
    0xd4, 0x80, 0x7f, 0xf2, 0x9d, 0x80, 0x3f, 0xf9,
    0x6d, 0x92, 0x1, 0xfc, 0x24, 0x5f, 0x0, 0x7c,
    0xd6, 0x1, 0xf9, 0x37, 0x7e, 0xfa, 0x20, 0xe,
    0x47, 0x0, 0xff, 0xe2, 0x2e, 0x10, 0x7, 0x48,
    0x7, 0xff, 0x14, 0x60, 0x3, 0x85, 0x0, 0x3f,
    0xf8, 0xa8, 0x1, 0xec, 0x0, 0xff, 0xe2, 0x88,
    0x7, 0x84, 0x3, 0xff, 0xbc, 0x60, 0x1e, 0x10,
    0xf, 0xfe, 0x2c, 0x0, 0x7b, 0x40, 0x3f, 0xf8,
    0x92, 0x80, 0x1e, 0x40, 0xf, 0x32, 0xaf, 0x9a,
    0x79, 0x80, 0x3c, 0xa2, 0x1, 0xe3, 0xaa, 0xf4,
    0xb0, 0x80, 0x7d, 0x0, 0x1f, 0xfc, 0xba, 0x20,
    0xf, 0xfe, 0x55, 0xa8, 0x7, 0xff, 0x25, 0xb9,
    0x0, 0x3f, 0xf8, 0xa2, 0x6d, 0x5d, 0x22, 0x1,
    0x80,

    /* U+0043 "C" */
    0x0, 0xfe, 0x6a, 0xdf, 0xfb, 0xae, 0xc, 0x3,
    0xff, 0x85, 0x1f, 0x2a, 0x40, 0x10, 0xa3, 0xe6,
    0x10, 0x3, 0xfc, 0x5a, 0xe0, 0x1f, 0xf1, 0xdc,
    0x80, 0x7e, 0x2c, 0x20, 0xf, 0xfe, 0x13, 0x50,
    0x7, 0x87, 0x4, 0x3, 0xff, 0x88, 0xae, 0x1,
    0xd6, 0x20, 0x1e, 0x48, 0x98, 0x50, 0xf, 0xa0,
    0x80, 0x23, 0x50, 0xe, 0x1b, 0xb3, 0xb3, 0xd7,
    0x28, 0x7, 0xac, 0x2, 0x80, 0xf, 0x52, 0x0,
    0x70, 0xd1, 0x80, 0x73, 0x0, 0x5, 0x0, 0x39,
    0x10, 0x1, 0xfa, 0x40, 0x3c, 0x80, 0xe0, 0x1e,
    0xf0, 0xf, 0xe5, 0x0, 0xf6, 0x6, 0x0, 0x79,
    0x0, 0x3f, 0xc4, 0x1, 0xc6, 0xe, 0x1, 0xc6,
    0x1, 0xff, 0x4d, 0x57, 0x78, 0x10, 0x7, 0x30,
    0x7, 0xfc, 0x8a, 0xbc, 0x82, 0x1, 0xe3, 0x0,
    0xff, 0xe3, 0x18, 0x7, 0x84, 0x3, 0xff, 0xfe,
    0x1, 0xff, 0xfd, 0x30, 0xf, 0xfe, 0x68, 0x80,
    0x78, 0x40, 0x3f, 0xf9, 0xa4, 0x1, 0xff, 0xc7,
    0x30, 0xe, 0x60, 0xf, 0xf9, 0xe6, 0x79, 0x81,
    0x40, 0x38, 0x84, 0x3, 0xfd, 0x2c, 0xdd, 0x81,
    0x80, 0x1e, 0x40, 0xf, 0xe2, 0x10, 0xe, 0xd0,
    0x50, 0xf, 0x40, 0x7, 0xf5, 0x0, 0x79, 0x0,
    0xc, 0x1, 0xc5, 0x0, 0x1f, 0x23, 0x80, 0x71,
    0x18, 0x2, 0x0, 0x3c, 0xf4, 0x60, 0x11, 0x45,
    0x80, 0x7a, 0xc0, 0x21, 0x80, 0xf, 0x2e, 0x7f,
    0x7e, 0xb8, 0x7, 0x8d, 0x80, 0x33, 0xa0, 0x7,
    0xe1, 0x0, 0xfc, 0x3c, 0x1, 0xeb, 0x40, 0xf,
    0xfe, 0x18, 0xe9, 0x0, 0x7d, 0x6e, 0x1, 0xff,
    0xc1, 0x5f, 0x30, 0xf, 0xe8, 0xd6, 0x10, 0xf,
    0xcb, 0x94, 0x20, 0x1f, 0xf1, 0x4f, 0x65, 0x44,
    0x55, 0x9f, 0x46, 0x1, 0xe0,

    /* U+0044 "D" */
    0x1f, 0xff, 0xf7, 0x64, 0xa8, 0x7, 0xff, 0x24,
    0x4d, 0xab, 0xe4, 0x40, 0x3f, 0xf9, 0x6d, 0xce,
    0x1, 0xff, 0xcc, 0x8b, 0x0, 0xff, 0xe6, 0x25,
    0x80, 0x7f, 0xc9, 0x33, 0x39, 0x0, 0x7c, 0x92,
    0x1, 0xfe, 0x26, 0x6a, 0x37, 0x8, 0x3, 0xcc,
    0x80, 0x1f, 0xfc, 0x33, 0xd4, 0x0, 0xf4, 0x80,
    0x7f, 0xf1, 0x6c, 0x80, 0x38, 0x94, 0x3, 0xff,
    0x8b, 0x20, 0x1e, 0xe0, 0xf, 0xfe, 0x2a, 0x10,
    0x7, 0x20, 0x7, 0xff, 0x19, 0x40, 0x3c, 0x80,
    0x1f, 0xfc, 0x5c, 0x0, 0xf1, 0x80, 0x7f, 0xf1,
    0x58, 0x3, 0xdc, 0x1, 0xff, 0xc5, 0x20, 0xf,
    0x18, 0x7, 0xff, 0x30, 0x40, 0x3f, 0xff, 0xe0,
    0x1f, 0xfc, 0xc1, 0x0, 0xff, 0xe2, 0x90, 0x7,
    0x8c, 0x3, 0xff, 0x8a, 0xc0, 0x1e, 0xe0, 0xf,
    0xfe, 0x29, 0x80, 0x78, 0xc0, 0x3f, 0xf8, 0xb6,
    0x1, 0xe4, 0x0, 0xff, 0xe2, 0x19, 0x80, 0x39,
    0x0, 0x3f, 0xf8, 0xbe, 0x1, 0xee, 0x0, 0xff,
    0xe2, 0x49, 0x80, 0x71, 0x28, 0x7, 0xff, 0x8,
    0x69, 0x80, 0x3d, 0x20, 0x1f, 0xc4, 0xab, 0x3d,
    0x72, 0x80, 0x79, 0x90, 0x3, 0xf9, 0x2a, 0xa8,
    0x50, 0xf, 0x92, 0x40, 0x3f, 0xf9, 0x49, 0x60,
    0x1f, 0xfc, 0xa7, 0xb0, 0xf, 0xfe, 0x4a, 0xec,
    0x0, 0x7f, 0xf1, 0x89, 0x67, 0xa8, 0x80, 0x3e,

    /* U+0045 "E" */
    0x8f, 0xff, 0xfe, 0x53, 0x0, 0x7f, 0xff, 0xc0,
    0x3f, 0xfa, 0x11, 0x33, 0xff, 0xc3, 0x40, 0xf,
    0x99, 0xbf, 0xf8, 0x84, 0x1, 0xff, 0xff, 0x0,
    0xff, 0xff, 0x82, 0xa2, 0x7f, 0xf0, 0x40, 0x3f,
    0xd7, 0x7f, 0xfc, 0x21, 0x0, 0xff, 0xff, 0x80,
    0x7f, 0xf4, 0xbb, 0xff, 0xff, 0x82, 0x20, 0x1f,
    0xff, 0xf0, 0xf, 0xff, 0xf8, 0x7, 0xff, 0x9d,
    0xd5, 0x7f, 0xf8, 0x64, 0x1, 0xf4, 0xd5, 0x7f,
    0xf0, 0xd4, 0x3, 0xff, 0xfe, 0x1, 0xff, 0xc9,

    /* U+0046 "F" */
    0x8f, 0xff, 0xfe, 0x54, 0x80, 0x7f, 0xff, 0xc0,
    0x3f, 0xfa, 0x11, 0x33, 0xff, 0xc3, 0xa0, 0xf,
    0x99, 0xbf, 0xf8, 0x86, 0x1, 0xff, 0xff, 0x0,
    0xff, 0xff, 0x80, 0x7f, 0xf3, 0x59, 0xbf, 0xf8,
    0x48, 0x1, 0xfd, 0x13, 0x3f, 0xfc, 0x1f, 0x0,
    0xff, 0xff, 0x80, 0x7f, 0xf4, 0xbb, 0xff, 0xff,
    0x83, 0x60, 0x1f, 0xff, 0xf0, 0xf, 0xff, 0xf8,
    0x7, 0xff, 0xfc, 0x3, 0xff, 0xfe, 0x1, 0xff,
    0xc2,

    /* U+0047 "G" */
    0x0, 0xfc, 0xb5, 0xbf, 0xf7, 0x64, 0xa0, 0x7,
    0xff, 0x5, 0xfa, 0x94, 0x80, 0x21, 0x36, 0xbe,
    0x60, 0xf, 0xe1, 0xc8, 0x10, 0xf, 0xf0, 0xce,
    0x8, 0x7, 0x87, 0xc, 0x3, 0xff, 0x84, 0x78,
    0x20, 0x1d, 0xa4, 0x1, 0xff, 0xc4, 0x2b, 0x0,
    0xd0, 0x60, 0x1e, 0x27, 0xa9, 0x61, 0x0, 0xf2,
    0x98, 0x0, 0x9c, 0x3, 0xcf, 0xb0, 0xad, 0x3c,
    0xe0, 0x1e, 0x90, 0x5, 0x80, 0x79, 0xa0, 0x3,
    0xd0, 0x80, 0x1c, 0xa0, 0x6, 0x0, 0xe1, 0x90,
    0xf, 0xde, 0x1, 0xe4, 0x40, 0x7, 0x98, 0x3,
    0xf9, 0x0, 0x3c, 0x58, 0x1, 0xeb, 0x0, 0xff,
    0x77, 0x79, 0x8c, 0x3, 0xc6, 0x1, 0xfe, 0x11,
    0xf0, 0x30, 0x7, 0x10, 0x7, 0xff, 0x18, 0xc0,
    0x39, 0x80, 0x3f, 0xf8, 0xc2, 0x1, 0xc2, 0x1,
    0xff, 0xeb, 0xbf, 0xff, 0xfa, 0x0, 0x3f, 0xff,
    0xe2, 0x1, 0xc2, 0x1, 0xc2, 0x1, 0xff, 0xc0,
    0x30, 0xe, 0x70, 0xe, 0xaf, 0xfe, 0x0, 0xf9,
    0x80, 0x38, 0x80, 0x3f, 0xf8, 0xc4, 0x1, 0xc2,
    0x40, 0x1f, 0xc2, 0x1, 0xf6, 0x0, 0x79, 0x0,
    0x3f, 0xf8, 0xa8, 0x1, 0xeb, 0x0, 0xff, 0xe2,
    0x8a, 0x0, 0x71, 0x38, 0x7, 0xff, 0x16, 0x0,
    0x3d, 0xc, 0x1, 0xf3, 0x0, 0x7e, 0x35, 0x0,
    0xf4, 0xec, 0x2a, 0x9e, 0xba, 0x0, 0x3f, 0xac,
    0x40, 0x3c, 0x4f, 0x54, 0x85, 0x10, 0xf, 0xb8,
    0x0, 0x3a, 0x20, 0x1f, 0xfc, 0x67, 0x60, 0x8,
    0xf0, 0x80, 0x3f, 0xf8, 0x63, 0x70, 0x1, 0xc5,
    0xae, 0x1, 0xff, 0xc0, 0x29, 0xe4, 0x0, 0xfd,
    0x1f, 0x4a, 0x40, 0x10, 0x92, 0xc6, 0xe9, 0x80,
    0x30,

    /* U+0048 "H" */
    0x1f, 0xff, 0x30, 0x7, 0xf7, 0x7f, 0xf4, 0x80,
    0x7f, 0xff, 0xc0, 0x3f, 0xff, 0xe0, 0x1f, 0xff,
    0xf0, 0xf, 0xff, 0xd6, 0x33, 0x7f, 0x8, 0x7,
    0xff, 0x5, 0x66, 0x7f, 0x80, 0x3f, 0xff, 0xe0,
    0x1f, 0xfd, 0x79, 0xff, 0xfe, 0x10, 0xf, 0xff,
    0xf8, 0x7, 0xff, 0xfc, 0x3, 0xff, 0xfe, 0x1,
    0xff, 0xff, 0x0, 0xff, 0xef, 0x0,

    /* U+0049 "I" */
    0x7f, 0xff, 0xfe, 0x3a, 0x0, 0x7f, 0xff, 0xc0,
    0x3f, 0x96, 0xab, 0xc0, 0x1e, 0x3a, 0xaf, 0x29,
    0x2a, 0xf8, 0x3, 0xca, 0xbf, 0x8, 0x7, 0xff,
    0xfc, 0x3, 0xff, 0xfe, 0x1, 0xff, 0xff, 0x0,
    0xff, 0xff, 0x80, 0x7f, 0xff, 0xc0, 0x3f, 0xfe,
    0xc4, 0xab, 0xe0, 0xf, 0x12, 0xaf, 0x85, 0x6a,
    0xbc, 0x1, 0xe4, 0xaa, 0xf2, 0x80, 0x7f, 0xff,
    0xc0, 0x3f, 0x80,

    /* U+004A "J" */
    0x0, 0xff, 0xe2, 0xef, 0xff, 0x60, 0x7, 0xff,
    0xfc, 0x3, 0xff, 0xfe, 0x1, 0xff, 0xff, 0x0,
    0xff, 0xff, 0x80, 0x7f, 0xff, 0xc0, 0x3f, 0xff,
    0xe0, 0x1f, 0xff, 0xf0, 0x8, 0x99, 0xbc, 0x20,
    0x1f, 0xfc, 0x47, 0x99, 0xf2, 0x80, 0x7f, 0x10,
    0x7, 0x3b, 0x0, 0x78, 0x80, 0x3f, 0x20, 0x7,
    0x8c, 0x80, 0x3d, 0x40, 0x1f, 0xa0, 0x3, 0xd8,
    0x26, 0x1, 0xc6, 0xe0, 0x1e, 0xa3, 0x0, 0xe1,
    0x40, 0x90, 0xf, 0x46, 0xba, 0xaa, 0x39, 0x40,
    0x3d, 0x0, 0x5, 0x30, 0xf, 0x14, 0x55, 0x1c,
    0x40, 0x3c, 0x8c, 0x1, 0x70, 0x80, 0x7f, 0xf1,
    0xa, 0x80, 0x31, 0x61, 0x0, 0x7f, 0xf0, 0x93,
    0x4, 0x3, 0x8b, 0x5c, 0x3, 0xfe, 0x2a, 0xb1,
    0x0, 0xfd, 0x1f, 0x4c, 0x62, 0x0, 0x13, 0x6b,
    0xd5, 0x0, 0xe0,

    /* U+004B "K" */
    0xff, 0xf5, 0x0, 0x7f, 0x97, 0xff, 0xeb, 0x0,
    0xff, 0xe2, 0x95, 0x80, 0x78, 0x68, 0x3, 0xff,
    0x8b, 0xc2, 0x1, 0xed, 0x10, 0xf, 0xfe, 0x24,
    0x18, 0x7, 0xa4, 0xc0, 0x3f, 0xf8, 0x88, 0xe0,
    0x1e, 0x56, 0x0, 0xff, 0xe2, 0xd, 0x0, 0x78,
    0xa8, 0x3, 0xff, 0x8b, 0x42, 0x1, 0xef, 0x0,
    0xff, 0xe2, 0xb2, 0x0, 0x7a, 0x88, 0x3, 0xff,
    0x88, 0x52, 0x1, 0xe6, 0x50, 0xf, 0xfe, 0x2f,
    0x80, 0x78, 0xe4, 0x3, 0xff, 0x8b, 0x24, 0x1,
    0xee, 0x0, 0xff, 0xe2, 0xab, 0x0, 0x7a, 0x88,
    0x3, 0xff, 0x88, 0x54, 0x1, 0xe7, 0x50, 0xf,
    0xfe, 0x2f, 0x0, 0x78, 0xe0, 0x3, 0xff, 0x8b,
    0x26, 0x1, 0xc3, 0xa0, 0x1f, 0xfc, 0x54, 0x60,
    0xf, 0x18, 0x80, 0x7f, 0xf1, 0x44, 0x3, 0xe2,
    0x80, 0xf, 0xfe, 0x73, 0x90, 0x7, 0xff, 0x3b,
    0x80, 0x3f, 0xf9, 0xc6, 0xc0, 0x1f, 0xfc, 0x63,
    0x80, 0xf, 0x48, 0x80, 0x7f, 0xf1, 0xb, 0x5c,
    0x80, 0x3d, 0x60, 0x1f, 0xfc, 0x31, 0xc1, 0xe,
    0x0, 0xf2, 0xa0, 0x7, 0xff, 0x4, 0x70, 0x40,
    0x6, 0xa0, 0x1e, 0xa0, 0xf, 0xfe, 0xa, 0x10,
    0x6, 0xb0, 0xf, 0xc, 0x0, 0x7f, 0xf1, 0x86,
    0x40, 0x3c, 0xe6, 0x1, 0xff, 0xc6, 0x62, 0x0,
    0xf7, 0x80, 0x7f, 0xf1, 0xf8, 0x3, 0xc6, 0xe0,
    0x1f, 0xfc, 0x63, 0x50, 0xf, 0x40, 0x80, 0x7f,
    0xf1, 0xac, 0x3, 0xea, 0x0, 0xff, 0xe3, 0xc,
    0x80, 0x79, 0x14, 0x3, 0xff, 0x8c, 0xc6, 0x1,
    0xeb, 0x0, 0xff, 0xe3, 0xf8, 0x7, 0x86, 0x40,
    0x3f, 0xf8, 0xc6, 0xc0, 0x1e, 0x63,

    /* U+004C "L" */
    0x7f, 0xff, 0x10, 0x7, 0xff, 0xfc, 0x3, 0xff,
    0xfe, 0x1, 0xff, 0xff, 0x0, 0xff, 0xff, 0x80,
    0x7f, 0xff, 0xc0, 0x3f, 0xff, 0xe0, 0x1f, 0xff,
    0xf0, 0xf, 0xff, 0xf8, 0x7, 0xff, 0xed, 0x57,
    0xff, 0x88, 0x1, 0xfa, 0x2a, 0xbf, 0xf8, 0x62,
    0x1, 0xff, 0xff, 0x0, 0xff, 0xe4, 0x80,

    /* U+004D "M" */
    0xf, 0xff, 0xc8, 0x1, 0xc3, 0xff, 0xf9, 0x0,
    0x3f, 0xb0, 0x3, 0x90, 0x3, 0xff, 0x8c, 0x80,
    0x1d, 0xe0, 0x1f, 0xfc, 0x63, 0x0, 0xe4, 0x0,
    0xff, 0xe3, 0xa0, 0x4, 0x62, 0x1, 0xff, 0xc7,
    0xc0, 0xa, 0xc0, 0x3f, 0xf9, 0x8, 0x1, 0x20,
    0x7, 0xff, 0x20, 0xc4, 0x4, 0xc0, 0x3f, 0xf9,
    0x28, 0xe, 0x1, 0x88, 0x3, 0xff, 0x80, 0x60,
    0x1b, 0x3, 0x0, 0x32, 0x0, 0x7f, 0xf0, 0x50,
    0x2, 0x40, 0x50, 0x9, 0x4, 0x3, 0xff, 0x83,
    0x80, 0x11, 0x20, 0x6, 0xd1, 0x0, 0xff, 0xe0,
    0xa, 0x80, 0x69, 0x0, 0xc8, 0x1, 0xff, 0xc2,
    0x21, 0x0, 0x88, 0x2, 0x22, 0x0, 0x7f, 0xf0,
    0xdc, 0x3, 0xe5, 0x3, 0x0, 0xff, 0xe0, 0x18,
    0x60, 0x7, 0xd6, 0x1, 0xff, 0xc4, 0x50, 0xf,
    0x9, 0x80, 0x7f, 0xf1, 0x4c, 0x3, 0x9c, 0x3,
    0xff, 0x8d, 0x60, 0x1d, 0x80, 0x1, 0x0, 0xff,
    0xe0, 0x8, 0x1, 0x0, 0x39, 0x40, 0x3f, 0xf8,
    0xc6, 0x20, 0x12, 0x0, 0x7f, 0xf2, 0x1c, 0x2,
    0xd0, 0x9, 0xc0, 0x3f, 0xf8, 0x9a, 0x67, 0x38,
    0x7, 0xff, 0x21, 0x33, 0x21, 0x0, 0xff, 0xff,
    0x80, 0x7f, 0xff, 0xc0, 0x3f, 0xff, 0xe0, 0x1f,
    0xfd, 0x70,

    /* U+004E "N" */
    0x1f, 0xff, 0x58, 0x7, 0xf7, 0xff, 0xa4, 0x3,
    0xe4, 0x20, 0xf, 0xfe, 0x5d, 0x80, 0x7f, 0xf2,
    0xd8, 0x40, 0x3f, 0xf9, 0x6c, 0x1, 0xff, 0xcb,
    0xa0, 0xf, 0xfe, 0x59, 0x28, 0x7, 0xff, 0x2e,
    0x40, 0x3f, 0xf9, 0x66, 0x60, 0xf, 0xfe, 0x5d,
    0x0, 0x7f, 0xf2, 0xd8, 0x40, 0x3f, 0xf9, 0x6c,
    0x1, 0xff, 0xc6, 0x20, 0xd, 0x20, 0x1f, 0xfc,
    0x65, 0x20, 0x8, 0x54, 0x3, 0xff, 0x8d, 0x40,
    0x1a, 0x40, 0x3f, 0xf8, 0xce, 0x1, 0x8c, 0xc0,
    0x1f, 0xfc, 0x66, 0x0, 0xd2, 0x1, 0xff, 0xc6,
    0xb0, 0xc, 0xa2, 0x20, 0xf, 0xfe, 0x21, 0x20,
    0x6, 0x90, 0xf, 0xfe, 0x37, 0x80, 0x66, 0x0,
    0xff, 0xe3, 0x21, 0x0, 0x42, 0xe0, 0x1f, 0xfc,
    0x6b, 0x0, 0xd6, 0x1, 0xff, 0xc6, 0x61, 0x0,
    0x88, 0x3, 0xff, 0x8e, 0xc0, 0x1f, 0xfc, 0xb9,
    0x0, 0xff, 0xe5, 0x8a, 0x80, 0x7f, 0xf2, 0xe4,
    0x3, 0xff, 0x96, 0x66, 0x0, 0xff, 0xe5, 0xc8,
    0x7, 0xff, 0x2d, 0x44, 0x3, 0xff, 0x96, 0xc0,
    0x1f, 0xfc, 0xb9, 0x0, 0xff, 0xe5, 0x8a, 0x80,
    0x7f, 0xf2, 0xe4, 0x3, 0xe0,

    /* U+004F "O" */
    0x0, 0xfc, 0x4f, 0x7d, 0xfe, 0xec, 0x94, 0x0,
    0xff, 0xe1, 0x15, 0x6c, 0x20, 0x80, 0x4, 0xda,
    0xf9, 0x80, 0x3f, 0xe5, 0xd5, 0x0, 0xff, 0xc,
    0xd8, 0x80, 0x7e, 0x5a, 0x0, 0xff, 0xe1, 0x26,
    0x8, 0x7, 0x8e, 0x80, 0x3f, 0xf8, 0x85, 0xa0,
    0x1e, 0xe0, 0xf, 0x8d, 0xdc, 0xa0, 0x1f, 0x1c,
    0x0, 0x66, 0x20, 0xe, 0x1c, 0xc4, 0x42, 0xbd,
    0x80, 0x3c, 0xe2, 0x1, 0x58, 0x7, 0xb0, 0xc0,
    0x3a, 0x54, 0x3, 0xd2, 0x0, 0x32, 0x0, 0xe6,
    0x20, 0xf, 0xac, 0x3, 0xcc, 0x0, 0xb0, 0xf,
    0x58, 0x7, 0xe1, 0x60, 0xe, 0x13, 0x3, 0x0,
    0xe1, 0x20, 0xf, 0xea, 0x0, 0xf2, 0x2, 0x80,
    0x71, 0x0, 0x7f, 0x8c, 0x3, 0xda, 0x2, 0x1,
    0xcc, 0x1, 0xff, 0x8, 0x7, 0x30, 0x80, 0x78,
    0xc0, 0x3f, 0xe3, 0x0, 0xe1, 0x0, 0xff, 0xe3,
    0x88, 0x7, 0x19, 0x80, 0x3f, 0xff, 0xe0, 0x1f,
    0xfd, 0x3, 0x0, 0xff, 0xf0, 0x8, 0x7, 0x18,
    0x80, 0x78, 0xc0, 0x3f, 0xe3, 0x0, 0xe1, 0x1,
    0x0, 0xe6, 0x0, 0xff, 0x84, 0x3, 0x98, 0x14,
    0x3, 0x8c, 0x3, 0xfc, 0x80, 0x1e, 0xd0, 0x30,
    0xf, 0x18, 0x7, 0xf6, 0x0, 0x79, 0x2, 0xc0,
    0x3d, 0x40, 0x1f, 0xcc, 0x1, 0xc2, 0x60, 0x64,
    0x1, 0xcc, 0x40, 0x1f, 0x48, 0x80, 0x73, 0x80,
    0x56, 0x1, 0xef, 0x30, 0xe, 0x86, 0x0, 0xf5,
    0x80, 0x4c, 0x40, 0x1c, 0x59, 0x70, 0xf3, 0xce,
    0x1, 0xe7, 0x20, 0xd, 0xc0, 0x1f, 0x23, 0xc3,
    0x8, 0x7, 0x8e, 0x0, 0x38, 0xe8, 0x3, 0xff,
    0x88, 0x5a, 0x1, 0xf2, 0xd0, 0x7, 0xff, 0x8,
    0xf0, 0x40, 0x3f, 0x2e, 0xa0, 0x7, 0xf8, 0x67,
    0x4, 0x3, 0xfc, 0x57, 0xb0, 0x82, 0x1, 0x13,
    0x5f, 0x30, 0x7, 0x80,

    /* U+0050 "P" */
    0x8f, 0xff, 0xfe, 0xe, 0xd3, 0x8, 0x7, 0xff,
    0x24, 0x96, 0x7a, 0x88, 0x3, 0xff, 0x96, 0xba,
    0xc0, 0x1f, 0xfc, 0xc9, 0x80, 0xf, 0xfe, 0x63,
    0xa8, 0x7, 0xf4, 0x4c, 0xf3, 0x98, 0x7, 0xd6,
    0x20, 0x1f, 0x99, 0xbd, 0x19, 0x40, 0x1e, 0x16,
    0x0, 0xff, 0xe2, 0x2d, 0x80, 0x7a, 0x80, 0x3f,
    0xf8, 0xa8, 0x60, 0x1c, 0x42, 0x1, 0xff, 0xc5,
    0xb0, 0xf, 0x10, 0x7, 0xff, 0x14, 0x80, 0x3c,
    0xe0, 0x1f, 0xfd, 0xed, 0x0, 0xf3, 0x80, 0x7f,
    0xf1, 0x58, 0x3, 0xc6, 0x1, 0xff, 0xc4, 0xb1,
    0x0, 0xe4, 0x0, 0xff, 0xe1, 0xb, 0x6a, 0x0,
    0x7b, 0xc0, 0x3f, 0x77, 0xff, 0x74, 0x90, 0x7,
    0x95, 0x0, 0x3f, 0xf9, 0x45, 0x60, 0x1f, 0xfc,
    0xa3, 0xc1, 0x0, 0xff, 0xe4, 0xbe, 0x8, 0x7,
    0xff, 0x1c, 0xa3, 0xa0, 0x3, 0xff, 0x81, 0x13,
    0x3d, 0x59, 0xfa, 0xe2, 0x1, 0xff, 0xc1, 0x66,
    0xf2, 0x98, 0x7, 0xff, 0xfc, 0x3, 0xff, 0xfe,
    0x1, 0xff, 0xff, 0x0, 0xff, 0xf8, 0x0,

    /* U+0051 "Q" */
    0x0, 0xf8, 0x5a, 0xf7, 0xfe, 0xda, 0x50, 0xf,
    0xfe, 0x18, 0xcf, 0x4a, 0x10, 0x4, 0x4b, 0x5c,
    0xe0, 0x1f, 0xfc, 0x3, 0xf6, 0x0, 0xff, 0xc,
    0x69, 0x0, 0x7f, 0x1e, 0x8, 0x7, 0xff, 0x4,
    0xb0, 0x80, 0x3e, 0x2d, 0x0, 0xff, 0xe2, 0xe,
    0x8, 0x7, 0xa4, 0x40, 0x3c, 0x6c, 0xec, 0x20,
    0x1e, 0x1b, 0x0, 0xe4, 0x40, 0x7, 0xaf, 0x26,
    0x27, 0xa4, 0x3, 0xca, 0x80, 0x1b, 0xc0, 0x3d,
    0x68, 0x1, 0xcd, 0x20, 0x1e, 0xf0, 0x8, 0x50,
    0x3, 0x91, 0x0, 0x1f, 0x31, 0x80, 0x72, 0x10,
    0x1, 0x0, 0x3d, 0xc0, 0x1f, 0xd2, 0x1, 0xe5,
    0x0, 0x60, 0x7, 0x90, 0x3, 0xf9, 0x40, 0x3d,
    0xa0, 0x5, 0x0, 0xe1, 0x10, 0x7, 0xf8, 0x80,
    0x39, 0xc0, 0x4, 0x1, 0xc4, 0x1, 0xff, 0x30,
    0x7, 0x10, 0x0, 0x40, 0x39, 0xc0, 0x3f, 0xe2,
    0x0, 0xff, 0xe1, 0x8, 0x7, 0xff, 0x18, 0x40,
    0x3f, 0xff, 0xe0, 0x1f, 0xff, 0xf0, 0xf, 0xfe,
    0x38, 0x80, 0x7f, 0xc6, 0x1, 0xe1, 0x1, 0x0,
    0xe6, 0x0, 0xff, 0x98, 0x3, 0x84, 0x0, 0xa0,
    0x1c, 0x40, 0x1f, 0xf1, 0x80, 0x71, 0x0, 0x30,
    0x3, 0xc8, 0x1, 0xfc, 0x80, 0x1e, 0x40, 0x2,
    0x0, 0x7b, 0x80, 0x3f, 0xbc, 0x3, 0xd6, 0x0,
    0x32, 0x0, 0xe5, 0x40, 0xf, 0x95, 0x0, 0x38,
    0xcc, 0x1, 0x40, 0x7, 0xa9, 0x0, 0x39, 0xa8,
    0x3, 0xd0, 0x1, 0x94, 0xc0, 0x38, 0x6f, 0x21,
    0xe7, 0x64, 0x3, 0xc8, 0x80, 0xe, 0xe0, 0xf,
    0x8d, 0xe1, 0x88, 0x3, 0xc5, 0x40, 0x1e, 0x2b,
    0x0, 0xff, 0xe2, 0xf8, 0x80, 0x7c, 0x98, 0x20,
    0x1f, 0xfc, 0x3e, 0x10, 0xf, 0xc7, 0xec, 0x1,
    0xff, 0xc2, 0x3c, 0x10, 0xf, 0xc3, 0x3d, 0x8,
    0x20, 0x11, 0x28, 0x7, 0x8b, 0x8, 0x3, 0xf8,
    0x5e, 0xfb, 0xfe, 0xda, 0xb0, 0xf, 0x16, 0x18,
    0x7, 0xff, 0x15, 0x30, 0x40, 0x38, 0x70, 0xc0,
    0x3f, 0xf8, 0xa7, 0x82, 0x1, 0xc8, 0x60, 0x1f,
    0xfc, 0x62, 0xf2, 0x0, 0x9a, 0xc0, 0x3f, 0xf9,
    0x3, 0x84, 0xf, 0x20, 0x1f, 0xfc, 0xa1, 0xda,
    0x80, 0x8,

    /* U+0052 "R" */
    0xef, 0xff, 0xfe, 0x7, 0x64, 0xa8, 0x80, 0x7f,
    0xf2, 0x44, 0xda, 0xba, 0x88, 0x3, 0xff, 0x98,
    0xba, 0xe0, 0x1f, 0xfc, 0xd8, 0x80, 0x7, 0xff,
    0x35, 0xd4, 0x3, 0xf8, 0xe6, 0x7a, 0x18, 0x40,
    0x3e, 0xb0, 0xf, 0xe6, 0x6f, 0x3c, 0xf4, 0x0,
    0x78, 0x58, 0x3, 0xff, 0x8a, 0xf0, 0x1, 0xec,
    0x0, 0xff, 0xe3, 0x38, 0x7, 0x9c, 0x3, 0xff,
    0x8e, 0x80, 0x1c, 0x60, 0x1f, 0xfc, 0x71, 0x0,
    0xe1, 0x0, 0xff, 0xe3, 0x88, 0x7, 0x10, 0x7,
    0xff, 0x1d, 0x0, 0x39, 0x80, 0x3f, 0xf8, 0xd0,
    0x1, 0xec, 0x0, 0xff, 0xe2, 0xbb, 0x80, 0x3c,
    0xc0, 0x1f, 0x99, 0xbc, 0xf3, 0xd0, 0x1, 0xe7,
    0x10, 0xf, 0xc7, 0x33, 0xd0, 0xc2, 0x1, 0xe3,
    0x80, 0xf, 0xfe, 0x5a, 0x60, 0x7, 0xff, 0x28,
    0x66, 0xc0, 0x3f, 0xf9, 0x7e, 0xc0, 0x1f, 0xfc,
    0xc7, 0x0, 0xff, 0xe0, 0xaf, 0xfe, 0xe0, 0xf,
    0x58, 0x7, 0xff, 0x18, 0x58, 0x3, 0x89, 0x80,
    0x3f, 0xf8, 0xd6, 0x1, 0xe8, 0x0, 0xff, 0xe3,
    0x13, 0x0, 0x70, 0xb0, 0x7, 0xff, 0x1a, 0xc0,
    0x3d, 0x0, 0x1f, 0xfc, 0x62, 0x50, 0xe, 0x17,
    0x0, 0xff, 0xe3, 0x40, 0x7, 0xa4, 0x3, 0xff,
    0x8c, 0x4a, 0x1, 0xc2, 0xe0, 0x1f, 0xfc, 0x68,
    0x0, 0xf4, 0x80, 0x7f, 0xf1, 0x89, 0x40, 0x38,
    0x60, 0x3, 0xff, 0x8d, 0x0, 0x1e, 0x71, 0x0,
    0xff, 0xe2, 0x92, 0x80, 0x7a, 0x40, 0x3f, 0xf8,
    0xd0, 0x1, 0xe7, 0x0,

    /* U+0053 "S" */
    0x0, 0xf8, 0x5a, 0xb3, 0xbf, 0xed, 0xa6, 0x10,
    0xf, 0xfe, 0x1, 0x57, 0x4a, 0x98, 0x80, 0x44,
    0xb3, 0xd4, 0x40, 0x1f, 0xcf, 0xaa, 0x1, 0xff,
    0xc0, 0x5d, 0x60, 0xf, 0xa6, 0x0, 0x3f, 0xf8,
    0x92, 0xe0, 0x1c, 0xcc, 0x0, 0xff, 0xe3, 0x42,
    0x80, 0x43, 0x20, 0x1f, 0x2c, 0xd5, 0x25, 0x40,
    0x3e, 0xb1, 0x0, 0x38, 0x7, 0x8b, 0x69, 0x95,
    0x4d, 0x5c, 0x60, 0x1c, 0x2c, 0x0, 0xd0, 0xf,
    0x79, 0x0, 0x78, 0x74, 0x40, 0x3a, 0x80, 0xc,
    0x1, 0xca, 0x40, 0x1f, 0x85, 0x80, 0x38, 0x84,
    0x3, 0xe3, 0x0, 0xff, 0x60, 0x7, 0x88, 0x4,
    0x3, 0x94, 0x3, 0xfc, 0x97, 0x7e, 0x20, 0x40,
    0xe, 0x36, 0x0, 0xff, 0x22, 0x78, 0x42, 0x80,
    0x3d, 0x32, 0x10, 0xf, 0xfe, 0x21, 0x28, 0x7,
    0x9b, 0xa0, 0xc0, 0x3f, 0xf8, 0x74, 0x40, 0x1f,
    0x3e, 0x6c, 0xa0, 0x7, 0xff, 0x7, 0xc, 0x3,
    0xf1, 0x35, 0xf4, 0x90, 0x7, 0xf8, 0x71, 0xc0,
    0x3f, 0xc2, 0xdb, 0x44, 0x1, 0xfe, 0x8d, 0x50,
    0xf, 0xf9, 0x75, 0x40, 0x3f, 0xc5, 0x5a, 0xe2,
    0x1, 0xfe, 0xa7, 0x0, 0xff, 0x8a, 0x3b, 0x20,
    0xc0, 0x3f, 0x42, 0x80, 0x7f, 0xf0, 0x4d, 0xf3,
    0x9c, 0x3, 0xea, 0x10, 0xf, 0xfe, 0x18, 0xc7,
    0x20, 0x7, 0xa0, 0x3, 0xff, 0x8a, 0x36, 0x40,
    0x1c, 0xc1, 0x7b, 0xbc, 0xe0, 0x1f, 0xf5, 0x80,
    0x78, 0x98, 0x8b, 0xb0, 0x3, 0xfe, 0x50, 0xf,
    0x33, 0x80, 0x72, 0x8, 0x7, 0xf9, 0xc0, 0x3e,
    0xc0, 0xf, 0x40, 0x7, 0xfb, 0x80, 0x3c, 0xcc,
    0x10, 0xe, 0x69, 0x0, 0xfd, 0xa, 0x1, 0xc2,
    0x41, 0x0, 0x1e, 0x6e, 0x96, 0x44, 0x2c, 0x6b,
    0x80, 0x79, 0x80, 0xc, 0xa0, 0x1e, 0x16, 0x9b,
    0xb5, 0x39, 0x0, 0x78, 0x60, 0x2, 0xa4, 0x0,
    0xff, 0xe3, 0xe8, 0x7, 0x5c, 0x0, 0x7f, 0xf1,
    0xb, 0x4c, 0x3, 0xcf, 0xac, 0x1, 0xff, 0xc0,
    0x18, 0xd2, 0x0, 0xfc, 0x53, 0xf4, 0xc6, 0x20,
    0x11, 0x23, 0xdf, 0x38, 0x7, 0x0,

    /* U+0054 "T" */
    0x5f, 0xff, 0xfe, 0x79, 0x0, 0x7f, 0xff, 0xc0,
    0x3f, 0xfb, 0xaf, 0x33, 0xfe, 0x0, 0xf1, 0xcc,
    0xff, 0x8c, 0x99, 0xbf, 0xc0, 0x1e, 0x66, 0xff,
    0x84, 0x3, 0xff, 0xfe, 0x1, 0xff, 0xff, 0x0,
    0xff, 0xff, 0x80, 0x7f, 0xff, 0xc0, 0x3f, 0xff,
    0xe0, 0x1f, 0xff, 0xf0, 0xf, 0xff, 0xf8, 0x7,
    0xff, 0xfc, 0x3, 0xff, 0xfe, 0x1, 0xff, 0xff,
    0x0, 0xff, 0xea, 0x80,

    /* U+0055 "U" */
    0xf, 0xff, 0x48, 0x7, 0xf5, 0xff, 0xf6, 0x80,
    0x7f, 0xff, 0xc0, 0x3f, 0xff, 0xe0, 0x1f, 0xff,
    0xf0, 0xf, 0xfe, 0xa3, 0x80, 0x7f, 0xff, 0xc0,
    0x3f, 0xff, 0xe0, 0x1f, 0xff, 0xf0, 0xf, 0xff,
    0x41, 0x80, 0x7f, 0x8, 0x7, 0x8, 0x8, 0x7,
    0x38, 0x7, 0xf1, 0x0, 0x73, 0x2, 0x80, 0x71,
    0x8, 0x7, 0xc8, 0x1, 0xe2, 0xc, 0x0, 0xf3,
    0x0, 0x7d, 0xe0, 0x1e, 0xc0, 0x50, 0xf, 0x42,
    0x0, 0x74, 0x20, 0x7, 0xa, 0x1, 0x28, 0x7,
    0xae, 0x99, 0x5f, 0x1c, 0x3, 0xd2, 0x1, 0x40,
    0x7, 0xcb, 0x35, 0x6, 0x1, 0xe2, 0x70, 0x8,
    0xa8, 0x3, 0xff, 0x8b, 0xc0, 0x1c, 0xb4, 0x1,
    0xff, 0xc2, 0x1c, 0x30, 0xf, 0x2e, 0xa0, 0x7,
    0xfc, 0xde, 0x60, 0x1f, 0x8a, 0xf5, 0xd0, 0x40,
    0x22, 0x59, 0xe9, 0x10, 0xc,

    /* U+0056 "V" */
    0x1f, 0xff, 0x88, 0x3, 0xfe, 0x5f, 0xff, 0x70,
    0x9, 0x0, 0x79, 0x0, 0x3f, 0xec, 0x0, 0xf3,
    0x80, 0x14, 0x3, 0xd8, 0x1, 0xff, 0x20, 0x7,
    0xb0, 0x1, 0x60, 0x1e, 0x40, 0xf, 0xf0, 0x90,
    0x7, 0x94, 0x0, 0x62, 0x1, 0xc2, 0x40, 0x1f,
    0xc8, 0x1, 0xe4, 0x0, 0xce, 0x1, 0xe4, 0x0,
    0xfe, 0xf0, 0xf, 0x68, 0x6, 0xd0, 0xf, 0x68,
    0x7, 0xf2, 0x0, 0x79, 0xc0, 0x32, 0x0, 0x79,
    0x0, 0x3f, 0x10, 0x80, 0x71, 0x88, 0x7, 0x20,
    0x7, 0x8c, 0x3, 0xe4, 0x0, 0xf5, 0x80, 0x7b,
    0x40, 0x3c, 0x80, 0x1f, 0x60, 0x7, 0x90, 0x3,
    0xce, 0x1, 0xec, 0x0, 0xf9, 0x0, 0x38, 0x4c,
    0x3, 0xc2, 0x60, 0x1c, 0x80, 0x1e, 0x31, 0x0,
    0xe7, 0x0, 0xfd, 0x60, 0x1e, 0x40, 0xe, 0x40,
    0xf, 0x68, 0x7, 0xe5, 0x0, 0xf6, 0x0, 0x76,
    0x0, 0x79, 0x0, 0x3f, 0x11, 0x0, 0x39, 0x0,
    0x39, 0x0, 0x39, 0x40, 0x3f, 0xc8, 0x1, 0xc6,
    0x1, 0x8c, 0x3, 0xde, 0x1, 0xfe, 0xd0, 0xf,
    0x20, 0x5, 0x60, 0x1e, 0x40, 0xf, 0xf2, 0x0,
    0x7b, 0x0, 0x24, 0x0, 0xe3, 0x10, 0xf, 0xf9,
    0x40, 0x39, 0x40, 0x23, 0x0, 0xeb, 0x0, 0xff,
    0xe0, 0x78, 0x7, 0x10, 0x82, 0x0, 0x79, 0x40,
    0x3f, 0xf8, 0x8, 0x1, 0xe4, 0xc, 0x0, 0xe2,
    0x20, 0x7, 0xff, 0x0, 0x50, 0x3, 0xb0, 0x14,
    0x3, 0x94, 0x3, 0xff, 0x85, 0x80, 0x1c, 0x82,
    0x40, 0x1d, 0x60, 0x1f, 0xfc, 0x25, 0x0, 0xe2,
    0x60, 0xe, 0x13, 0x0, 0xff, 0xe1, 0x11, 0x0,
    0x3a, 0x40, 0x39, 0x0, 0x3f, 0xf8, 0x8a, 0x1,
    0xc2, 0x1, 0xde, 0x1, 0xff, 0xc4, 0xb0, 0xf,
    0xf9, 0x40, 0x3f, 0xf8, 0x86, 0x20, 0x1f, 0xc8,
    0x1, 0xff, 0xc6, 0x70, 0xf, 0xed, 0x0, 0xff,
    0xe3, 0x60, 0x7, 0xf3, 0x80, 0x7f, 0xf1, 0x94,
    0x3, 0xf1, 0x8, 0x7, 0xff, 0x1d, 0x0, 0x3e,
    0x50, 0xf, 0xfe, 0x46, 0x80, 0x7d, 0x60, 0x1f,
    0xfc, 0x87, 0x0, 0xf0, 0x98, 0x7, 0xf8,

    /* U+0057 "W" */
    0x5f, 0xfe, 0xb0, 0xc, 0x3f, 0xfb, 0x0, 0x3b,
    0x7f, 0xf8, 0xdc, 0x3, 0x98, 0x3, 0x10, 0x6,
    0x20, 0xe, 0x20, 0xe, 0x22, 0x0, 0x71, 0x0,
    0x66, 0x0, 0xc2, 0x20, 0xf, 0xf0, 0x80, 0x80,
    0x70, 0x80, 0x5a, 0x1, 0xc4, 0x1, 0x10, 0x7,
    0x10, 0x0, 0x80, 0x38, 0xc0, 0x22, 0x0, 0xe6,
    0x0, 0x98, 0x3, 0x9c, 0x0, 0xc0, 0x1c, 0xc0,
    0x13, 0x0, 0x76, 0x80, 0x44, 0x1, 0xc4, 0x0,
    0xd0, 0xe, 0x20, 0x8, 0xc0, 0x38, 0x80, 0x2e,
    0x0, 0xee, 0x0, 0x10, 0x7, 0x70, 0x0, 0x40,
    0x3c, 0xc0, 0x11, 0x0, 0x71, 0x0, 0x18, 0x3,
    0x88, 0x0, 0x40, 0x1e, 0x30, 0x9, 0x80, 0x39,
    0x40, 0x4, 0x1, 0xcc, 0x0, 0x60, 0xf, 0x84,
    0x0, 0x40, 0x1c, 0x20, 0x1, 0x0, 0xe2, 0x0,
    0x68, 0x7, 0xca, 0x0, 0x10, 0xc, 0x40, 0x18,
    0xc0, 0x30, 0x80, 0x8, 0x3, 0xe2, 0x2, 0x0,
    0xe6, 0x0, 0xcc, 0x1, 0xc4, 0xc, 0x1, 0xf7,
    0x3, 0x0, 0x71, 0x80, 0x62, 0x0, 0xe6, 0x3,
    0x0, 0xf8, 0xc0, 0x80, 0x3b, 0x80, 0x37, 0x0,
    0x70, 0x88, 0x3, 0x10, 0x4, 0xc1, 0xc0, 0x1c,
    0x40, 0x18, 0x80, 0x38, 0x88, 0x1, 0x94, 0x2,
    0x20, 0x20, 0xe, 0x60, 0xc, 0xa0, 0x1d, 0xcc,
    0x1, 0xac, 0x3, 0x13, 0x0, 0x71, 0x0, 0x61,
    0x0, 0xe2, 0xd0, 0x8, 0x88, 0x1, 0x98, 0x80,
    0x31, 0x0, 0x78, 0x80, 0x33, 0x10, 0x4, 0xe2,
    0x20, 0x8, 0xc4, 0x3, 0x30, 0x7, 0x98, 0x3,
    0x13, 0x0, 0x44, 0x4, 0x1, 0x60, 0x7, 0x10,
    0x7, 0x88, 0x3, 0x8c, 0x2, 0xd0, 0x50, 0x9,
    0x0, 0x3b, 0x80, 0x3d, 0xe0, 0x1f, 0xcc, 0x1e,
    0x1, 0xfc, 0x60, 0x1e, 0x20, 0xf, 0xe3, 0x2,
    0x0, 0xfe, 0x60, 0xf, 0x30, 0x7, 0xe1, 0x0,
    0x28, 0x7, 0xf1, 0x0, 0x78, 0x80, 0x3f, 0x28,
    0x0, 0x40, 0x3f, 0x8, 0x7, 0xe1, 0x0, 0xf8,
    0x80, 0x23, 0x0, 0xf9, 0x40, 0x3f, 0x28, 0x7,
    0xde, 0x1, 0x28, 0x7, 0xc4, 0x1, 0xf8, 0x80,
    0x3e, 0x20, 0xb, 0x80, 0x3e, 0xe0, 0xf, 0xdc,
    0x1, 0xf2, 0x80, 0x46, 0x1, 0xf1, 0x0, 0x7e,
    0x20, 0xf, 0x84, 0x2, 0x60, 0xf, 0x98, 0x3,
    0xf3, 0x0, 0x78, 0xc0, 0x31, 0x0, 0x7c, 0x60,
    0x1f, 0x8c, 0x3, 0xcc, 0x1, 0xc6, 0x1, 0xc2,
    0x1, 0xfe, 0x10, 0xe, 0xd0, 0xe, 0x60, 0xe,
    0x20, 0xf, 0xf1, 0x0, 0x71, 0x0, 0x76, 0x80,
    0x73, 0x0, 0x70,

    /* U+0058 "X" */
    0xb, 0xff, 0xf7, 0x0, 0x7f, 0xd1, 0xff, 0xf1,
    0x4, 0x0, 0x78, 0x58, 0x3, 0xf8, 0x5c, 0x3,
    0xcc, 0x40, 0x6c, 0x1, 0xeb, 0x0, 0xfe, 0x90,
    0xf, 0xc, 0x0, 0x50, 0x1, 0xe2, 0x50, 0xf,
    0x85, 0xc0, 0x3d, 0x22, 0x1, 0xc, 0x0, 0x7a,
    0x0, 0x3e, 0x90, 0xf, 0x13, 0x80, 0x73, 0x90,
    0x7, 0x12, 0x80, 0x70, 0xb8, 0x7, 0xa4, 0x3,
    0xe8, 0x0, 0xf4, 0x80, 0x74, 0x80, 0x79, 0x10,
    0x1, 0xf2, 0x98, 0x7, 0x1a, 0x0, 0x67, 0x0,
    0xf4, 0x80, 0x7f, 0x78, 0x7, 0xa0, 0x2, 0x70,
    0xf, 0x31, 0x0, 0x7f, 0x1a, 0x80, 0x71, 0xa0,
    0x2, 0x40, 0x3d, 0x0, 0x1f, 0xf5, 0x80, 0x7b,
    0xc1, 0xc4, 0x3, 0xa0, 0x40, 0x3f, 0xe1, 0x80,
    0xe, 0x44, 0x48, 0x7, 0x13, 0x80, 0x7f, 0xf0,
    0x5c, 0x40, 0x3a, 0xc4, 0x3, 0xa0, 0x3, 0xff,
    0x87, 0x60, 0x1f, 0xf2, 0x28, 0x7, 0xff, 0xd,
    0x4c, 0x3, 0xfd, 0x20, 0x1f, 0xfc, 0x5f, 0x0,
    0xfe, 0x62, 0x0, 0xff, 0xe2, 0x9a, 0x80, 0x7e,
    0x80, 0xf, 0xfe, 0x3b, 0x80, 0x7e, 0x20, 0xf,
    0xfe, 0x33, 0x10, 0x7, 0xef, 0x0, 0xff, 0xe3,
    0x40, 0x7, 0xf1, 0xa8, 0x7, 0xff, 0x12, 0x4,
    0x3, 0xfd, 0x60, 0x1f, 0xfc, 0x32, 0x70, 0xe,
    0x10, 0xe, 0x17, 0x0, 0xff, 0xe1, 0x48, 0x7,
    0xa8, 0x80, 0x3a, 0x4, 0x3, 0xff, 0x80, 0x88,
    0x0, 0xe3, 0x48, 0x0, 0xf5, 0x80, 0x7f, 0xf0,
    0x24, 0x3, 0xd0, 0xa, 0x40, 0x1c, 0xa6, 0x1,
    0xfe, 0x62, 0x0, 0xe3, 0x40, 0x4, 0x0, 0x7b,
    0xc0, 0x3f, 0x86, 0x0, 0x3d, 0x0, 0x12, 0x98,
    0x7, 0x1a, 0x80, 0x7e, 0x81, 0x0, 0xe3, 0x40,
    0xd, 0x0, 0x1e, 0xb0, 0xf, 0x89, 0x80, 0x3d,
    0x0, 0x1c, 0x86, 0x1, 0xc3, 0x0, 0x1e, 0x90,
    0xf, 0x1a, 0x0, 0x7a, 0x0, 0x3c, 0xe2, 0x1,
    0x91, 0x0, 0x1e, 0x80, 0xf, 0x90, 0xc0, 0x3d,
    0x60, 0x1a, 0x40, 0x3c, 0x68, 0x1, 0xfa, 0x0,
    0x3c, 0xa6, 0x0, 0x62, 0x0, 0xf7, 0x80, 0x7f,
    0x21, 0x80, 0x7b, 0xc0, 0x60, 0x3, 0xc8, 0x60,
    0x1f, 0xe8, 0x0, 0xf1, 0xb0,

    /* U+0059 "Y" */
    0xe, 0xff, 0xf1, 0x80, 0x7f, 0xf0, 0x33, 0xff,
    0xce, 0x12, 0x1, 0xe9, 0x0, 0xff, 0x8c, 0xc0,
    0x1c, 0x2e, 0xc, 0x1, 0xe5, 0x10, 0xf, 0xf5,
    0x0, 0x7a, 0x40, 0x2, 0xe0, 0x1e, 0x60, 0xf,
    0xe1, 0x60, 0xf, 0x38, 0x5, 0x20, 0x1e, 0x90,
    0xf, 0xe6, 0x0, 0xf3, 0x80, 0x61, 0x60, 0xe,
    0x15, 0x0, 0xfd, 0x40, 0x1e, 0x90, 0xe, 0x80,
    0xf, 0x48, 0x7, 0xc8, 0x40, 0x1c, 0xe2, 0x1,
    0xc2, 0xc0, 0x1c, 0x64, 0x1, 0xef, 0x0, 0xf4,
    0x80, 0x7d, 0x60, 0x1e, 0xb0, 0xe, 0x24, 0x0,
    0xe6, 0x10, 0xf, 0x89, 0x40, 0x39, 0x84, 0x3,
    0x58, 0x7, 0xa0, 0x3, 0xfa, 0x0, 0x3c, 0xc0,
    0x19, 0x80, 0x39, 0x84, 0x3, 0xf8, 0x94, 0x3,
    0xa8, 0x2, 0x70, 0xf, 0x58, 0x7, 0xfd, 0x20,
    0x1c, 0x48, 0x0, 0xa0, 0xe, 0x52, 0x0, 0xff,
    0x8d, 0x0, 0x3b, 0xc1, 0x8, 0x3, 0xa0, 0x3,
    0xff, 0x83, 0x0, 0x1c, 0x85, 0xe0, 0x1c, 0x84,
    0x1, 0xff, 0xc1, 0x33, 0x0, 0x74, 0xa0, 0x7,
    0x40, 0x7, 0xff, 0xe, 0x0, 0x39, 0x0, 0x39,
    0xc, 0x3, 0xff, 0x86, 0x86, 0x1, 0xfe, 0x80,
    0xf, 0xfe, 0x2c, 0x80, 0x7f, 0x19, 0x80, 0x3f,
    0xf8, 0xaa, 0x40, 0x1f, 0xa0, 0x3, 0xff, 0x8f,
    0x0, 0x1f, 0x1a, 0x0, 0x7f, 0xf1, 0xd4, 0x80,
    0x3d, 0x20, 0x1f, 0xfc, 0x97, 0x0, 0xf2, 0x80,
    0x7f, 0xff, 0xc0, 0x3f, 0xff, 0xe0, 0x1f, 0xff,
    0xf0, 0xf, 0xff, 0xf8, 0x7, 0xff, 0x44,

    /* U+005A "Z" */
    0xdf, 0xff, 0xfe, 0x5c, 0x80, 0x7f, 0xf9, 0xcc,
    0x3, 0xff, 0xcf, 0xc1, 0x13, 0x3f, 0xfc, 0x34,
    0x0, 0xf3, 0x20, 0x2b, 0x37, 0xff, 0x9, 0x10,
    0x1, 0xc5, 0x20, 0x1f, 0xfc, 0x5e, 0x0, 0xf7,
    0x0, 0x7f, 0xf1, 0x5c, 0xc0, 0x39, 0x8c, 0x3,
    0xff, 0x88, 0x50, 0x1, 0xc5, 0x20, 0x1f, 0xfc,
    0x5e, 0x0, 0xf7, 0x0, 0x7f, 0xf1, 0x5c, 0xc0,
    0x39, 0x8c, 0x3, 0xff, 0x88, 0x50, 0x1, 0xc5,
    0x20, 0x1f, 0xfc, 0x5e, 0x0, 0xf7, 0x0, 0x7f,
    0xf1, 0x5c, 0xc0, 0x39, 0x8c, 0x3, 0xff, 0x88,
    0x70, 0x1, 0xc5, 0x20, 0x1f, 0xfc, 0x5e, 0x0,
    0xf7, 0x0, 0x7f, 0xf1, 0x60, 0x80, 0x39, 0x8c,
    0x3, 0xff, 0x88, 0x6e, 0x1, 0xc5, 0x20, 0x1f,
    0xfc, 0x5e, 0x0, 0xf7, 0x0, 0x7f, 0xf1, 0x60,
    0x80, 0x39, 0xcc, 0x3, 0xff, 0x88, 0x6e, 0x1,
    0xc5, 0x0, 0x1f, 0xfc, 0x5e, 0x0, 0xf7, 0x0,
    0x7f, 0xf1, 0x64, 0x80, 0x39, 0xcc, 0x3, 0xff,
    0x88, 0x6c, 0x1, 0xc5, 0x0, 0x1f, 0xfc, 0x5e,
    0x0, 0xf7, 0x0, 0x7f, 0xf1, 0x64, 0x80, 0x39,
    0xcc, 0x3, 0xff, 0x88, 0x8c, 0x1, 0xc5, 0x0,
    0x1f, 0xfc, 0x5a, 0x0, 0xf2, 0x2a, 0xff, 0xf1,
    0x2, 0x44, 0x3, 0xcd, 0x55, 0xff, 0xc4, 0x7,
    0x0, 0xff, 0xff, 0x80, 0x7f, 0xf4, 0x0,

    /* U+005B "[" */
    0xaf, 0xff, 0xed, 0x0, 0xff, 0xf3, 0xf, 0x75,
    0x80, 0x1f, 0x8, 0xe0, 0xf, 0xff, 0xf8, 0x7,
    0xff, 0xfc, 0x3, 0xff, 0xfe, 0x1, 0xff, 0xff,
    0x0, 0xff, 0xff, 0x80, 0x7f, 0xf1, 0x44, 0x70,
    0x7, 0x87, 0xba, 0xc0, 0xf, 0xff, 0x0,

    /* U+005C "\\" */
    0x3f, 0xfe, 0xe0, 0xf, 0xfe, 0x9, 0x90, 0x6,
    0x13, 0x0, 0xff, 0xe0, 0xa8, 0x7, 0x50, 0x7,
    0xff, 0x6, 0x80, 0x39, 0xc0, 0x3f, 0xf8, 0x24,
    0x40, 0xc, 0x28, 0x1, 0xff, 0xc1, 0x50, 0xe,
    0xd0, 0xf, 0xfe, 0xd, 0x0, 0x73, 0x80, 0x7f,
    0xf0, 0x48, 0x80, 0x18, 0x50, 0x3, 0xff, 0x83,
    0x40, 0x1d, 0xa0, 0x1f, 0xfc, 0x15, 0x0, 0xe7,
    0x0, 0xff, 0xe0, 0x91, 0x80, 0x61, 0x40, 0xf,
    0xfe, 0xd, 0x80, 0x77, 0x0, 0x7f, 0xf0, 0x58,
    0x3, 0x94, 0x3, 0xff, 0x82, 0x26, 0x1, 0xca,
    0x1, 0xff, 0xc1, 0xa0, 0xe, 0xf0, 0xf, 0xfe,
    0xb, 0x80, 0x72, 0x80, 0x7f, 0xf0, 0x44, 0xc0,
    0x39, 0x40, 0x3f, 0xf8, 0x34, 0x1, 0xde, 0x1,
    0xff, 0xc1, 0x70, 0xe, 0x50, 0xf, 0xfe, 0x8,
    0xa0, 0x7, 0x28, 0x7, 0xff, 0x7, 0x40, 0x3b,
    0x80, 0x3f, 0xf8, 0x2e, 0x1, 0xc8, 0x20, 0x1f,
    0xfc, 0x1, 0x40, 0xe, 0x70, 0xf, 0xfe, 0xf,
    0x0, 0x76, 0x80, 0x7f, 0xf0, 0x54, 0x3, 0x90,
    0x40, 0x3f, 0xf8, 0x2a, 0x1, 0xce, 0x1, 0xff,
    0xc1, 0xf0, 0xe, 0xa0, 0xf, 0xfe, 0xa, 0x80,
    0x71, 0x88, 0x7, 0xff, 0x5, 0x40, 0x39, 0xc0,
    0x3f, 0xf8, 0x3e, 0x1, 0xd4, 0x1, 0xff, 0xc1,
    0x50, 0xe, 0x31, 0x0, 0xff, 0xe0, 0xa8, 0x7,
    0x30, 0x7, 0xff, 0x7, 0x80, 0x3a, 0xc0, 0x3f,
    0xf8, 0x28, 0x20, 0x18, 0xc8, 0x3, 0xff, 0x82,
    0xe0, 0x1c, 0xa0, 0x1f, 0xfc, 0x1d, 0x0, 0xea,
    0x0, 0xff, 0xe0, 0xa0, 0x80, 0x62, 0x20, 0x7,
    0xff, 0x6, 0xdd, 0xf8, 0x40,

    /* U+005D "]" */
    0xaf, 0xff, 0xee, 0x0, 0xff, 0xf0, 0x57, 0x74,
    0xa0, 0x1f, 0x8, 0xc6, 0x1, 0xff, 0xff, 0x0,
    0xff, 0xff, 0x80, 0x7f, 0xff, 0xc0, 0x3f, 0xff,
    0xe0, 0x1f, 0xff, 0xf0, 0xf, 0xfe, 0x28, 0x8c,
    0x60, 0x1e, 0xae, 0xe9, 0x40, 0x3f, 0xfc, 0xc0,

    /* U+005E "^" */
    0x0, 0xfa, 0xff, 0xf3, 0x0, 0x7f, 0xf0, 0x49,
    0x0, 0x35, 0x0, 0x7f, 0xf0, 0x6c, 0x3, 0x8c,
    0xc0, 0x1f, 0xfc, 0x6, 0x0, 0xf4, 0x80, 0x7f,
    0xcc, 0x1, 0xf2, 0x88, 0x7, 0xfa, 0x80, 0x21,
    0x0, 0xcc, 0x1, 0xfc, 0x66, 0x0, 0x98, 0x40,
    0x2a, 0x0, 0xfe, 0x90, 0xd, 0x68, 0x1, 0x12,
    0x0, 0x7c, 0x2a, 0x1, 0x11, 0xf0, 0x6, 0xf0,
    0xf, 0x98, 0x3, 0x50, 0x20, 0x80, 0x48, 0x40,
    0x1e, 0x90, 0xc, 0xc0, 0x6, 0x0, 0xd4, 0x1,
    0xc8, 0x20, 0x12, 0x8, 0x2, 0x80, 0x33, 0x0,
    0x77, 0x80, 0x6e, 0x0, 0x89, 0x0, 0x21, 0x50,
    0x8, 0x90, 0x3, 0x28, 0x6, 0xe0, 0xd, 0x20,
    0x15, 0x0, 0x66, 0x0, 0xe5, 0x10, 0x8, 0xcc,
    0x0, 0x60, 0xd, 0x40, 0x1e, 0x70, 0xd, 0x40,
    0xc2, 0x1, 0x11, 0x80, 0x7a, 0xc0, 0x33, 0x5,
    0x0, 0x6a, 0x0, 0xf8, 0x8c, 0x3, 0x30,

    /* U+005F "_" */
    0x12, 0x2f, 0xfe, 0x40, 0xce, 0xef, 0xff, 0x23,
    0x0, 0x3f, 0xff, 0xe0, 0x1f, 0xfc, 0x10,

    /* U+0060 "`" */
    0x19, 0x9f, 0x80, 0x30, 0xe3, 0x37, 0xa0, 0x3,
    0x2c, 0x80, 0x73, 0x90, 0x6, 0x68, 0x0, 0xe9,
    0x0, 0xe7, 0x70, 0x6, 0x46, 0x0, 0xe8, 0x60,
    0xd, 0x2, 0x1, 0xd2, 0xa0, 0x10, 0xd8,

    /* U+0061 "a" */
    0x0, 0xf0, 0xb5, 0x6f, 0xfd, 0xd9, 0x2a, 0x1,
    0xff, 0xc, 0xf4, 0xa9, 0x0, 0x42, 0x6d, 0x5f,
    0x0, 0x1f, 0x8f, 0xd8, 0x3, 0xff, 0x80, 0xfa,
    0x40, 0x1c, 0x58, 0x20, 0x1f, 0xfc, 0x22, 0xf1,
    0x0, 0xde, 0x1, 0xf8, 0x40, 0x3f, 0x15, 0x80,
    0x48, 0x40, 0x1c, 0x57, 0xfd, 0xfa, 0xe0, 0x1e,
    0x52, 0x0, 0x68, 0x7, 0xb1, 0x0, 0x22, 0x89,
    0x0, 0xf2, 0x80, 0x44, 0x5c, 0xa2, 0x1, 0xe6,
    0x10, 0xe, 0xd0, 0x4, 0xee, 0xf5, 0x0, 0x7e,
    0x20, 0xe, 0x10, 0xf, 0xfe, 0x5b, 0x80, 0x7c,
    0x4f, 0x5b, 0xdf, 0xfc, 0x60, 0x1f, 0xf2, 0xe6,
    0xc2, 0x90, 0x80, 0x7f, 0xf1, 0x2a, 0x86, 0x1,
    0xff, 0xc8, 0xb5, 0x0, 0xfc, 0x23, 0x80, 0x3f,
    0x95, 0x0, 0x3d, 0x1b, 0xfd, 0xd8, 0xc0, 0x3f,
    0x40, 0x7, 0xe, 0xb9, 0x0, 0x7f, 0xf0, 0x44,
    0x80, 0x3a, 0x48, 0x3, 0xff, 0x86, 0x40, 0x1e,
    0x30, 0xf, 0xfe, 0x23, 0x80, 0x7f, 0xf0, 0xc8,
    0x3, 0xe7, 0x0, 0xf7, 0x0, 0x78, 0x70, 0x40,
    0x3e, 0x30, 0xf, 0x2d, 0xa0, 0x89, 0x27, 0x8c,
    0x3, 0xf9, 0x80, 0x3c, 0x97, 0xdc, 0xb6, 0x0,
    0xff, 0xa0, 0x40, 0x3f, 0xf8, 0xe4, 0x0, 0x1d,
    0x0, 0xff, 0xe0, 0x98, 0x7, 0x8, 0x80, 0x7,
    0xa6, 0x1, 0xfc, 0x59, 0x0, 0x1e, 0x40, 0x8,
    0xb3, 0xc, 0x40, 0x11, 0x35, 0xe9, 0xa0, 0x7,
    0xbc,

    /* U+0062 "b" */
    0x8f, 0xff, 0x0, 0x7f, 0xff, 0xc0, 0x3f, 0xff,
    0xe0, 0x1f, 0xff, 0xf0, 0xf, 0xfe, 0x29, 0xce,
    0xff, 0xbb, 0x1c, 0x40, 0x3f, 0xf8, 0x53, 0x8c,
    0x40, 0x1, 0x38, 0xe7, 0x0, 0xff, 0xe0, 0x5b,
    0x0, 0x7f, 0x45, 0x80, 0x7f, 0xc8, 0x1, 0xff,
    0x24, 0x80, 0x7f, 0xf2, 0xd9, 0x0, 0x3f, 0xe5,
    0x9a, 0x95, 0x0, 0xfa, 0x0, 0x3f, 0x87, 0x29,
    0x95, 0xaa, 0xc0, 0x3c, 0x64, 0x1, 0xfa, 0x8c,
    0x3, 0x92, 0x40, 0x3d, 0x40, 0x1f, 0x90, 0x3,
    0xe6, 0x0, 0xf1, 0x80, 0x7f, 0xf1, 0x54, 0x3,
    0x94, 0x3, 0xff, 0x8a, 0x40, 0x1c, 0x20, 0x1f,
    0xfc, 0x5e, 0x0, 0xf0, 0x80, 0x7f, 0xf1, 0xc,
    0x3, 0xc6, 0x1, 0xff, 0xdc, 0x30, 0xf, 0x18,
    0x7, 0xff, 0x10, 0x40, 0x3c, 0x20, 0x1f, 0xfc,
    0x4d, 0x0, 0xe1, 0x0, 0xff, 0xe2, 0xa0, 0x7,
    0x28, 0x7, 0xe4, 0x0, 0xf9, 0x44, 0x3, 0x8c,
    0x3, 0xf5, 0x18, 0x7, 0x1d, 0x80, 0x7a, 0xc0,
    0x3f, 0xe, 0x53, 0x2b, 0x56, 0x8, 0x7, 0x19,
    0x80, 0x3f, 0xcb, 0x35, 0x2a, 0x1, 0xf4, 0x0,
    0x7f, 0xf2, 0x95, 0x0, 0x3f, 0x29, 0x0, 0x7f,
    0xc9, 0x40, 0x1f, 0xdb, 0x88, 0x1, 0xfc, 0xf6,
    0x1, 0xfe, 0x21, 0xbb, 0x29, 0x0, 0x4, 0xdf,
    0xa0, 0x3, 0x80,

    /* U+0063 "c" */
    0x0, 0xfc, 0xd5, 0xbf, 0xf6, 0xdb, 0x8, 0x7,
    0xff, 0x1, 0xfe, 0x54, 0x80, 0x22, 0x49, 0xe9,
    0x10, 0xf, 0xc3, 0x90, 0x1, 0xff, 0x37, 0x98,
    0x7, 0x87, 0xc, 0x3, 0xff, 0x82, 0x38, 0x60,
    0x1d, 0xa4, 0x1, 0xff, 0xc4, 0xe0, 0xc, 0xe6,
    0x1, 0xe4, 0x9a, 0x94, 0x0, 0xf1, 0x38, 0x5,
    0x20, 0x1e, 0xbb, 0x32, 0xb5, 0xd8, 0x3, 0xd4,
    0x0, 0x51, 0x0, 0xe8, 0x40, 0xe, 0x49, 0x0,
    0xe2, 0x20, 0x78, 0x7, 0xb, 0x80, 0x7c, 0xc0,
    0x1e, 0x60, 0x40, 0xe, 0x40, 0xf, 0xe4, 0x11,
    0xfc, 0x1, 0xda, 0x1, 0xfd, 0x7d, 0xdc, 0xa4,
    0x1, 0xe2, 0x0, 0xff, 0xe5, 0x88, 0x7, 0xff,
    0xd0, 0x40, 0x3c, 0x40, 0x1f, 0xfc, 0x42, 0x0,
    0xf7, 0x0, 0x7f, 0xf1, 0x4c, 0x3, 0x90, 0x3,
    0xfa, 0x6e, 0xf9, 0x1, 0x0, 0x38, 0xc8, 0x3,
    0xf3, 0xa2, 0x70, 0x2, 0x80, 0x3d, 0x20, 0x1f,
    0x38, 0x80, 0x72, 0x81, 0x20, 0x7, 0x25, 0x90,
    0x4, 0x33, 0x0, 0x1c, 0x82, 0x0, 0x90, 0xf,
    0x26, 0xeb, 0x37, 0x98, 0x3, 0xd0, 0x1, 0x14,
    0x80, 0x7c, 0x46, 0x40, 0x1f, 0x39, 0x80, 0x66,
    0x80, 0xf, 0xfe, 0x1b, 0x40, 0x7, 0x9e, 0x84,
    0x3, 0xff, 0x81, 0x32, 0x0, 0xfc, 0xbf, 0x4,
    0x1, 0xf0, 0xbf, 0x30, 0x7, 0xf8, 0x5f, 0x75,
    0x51, 0x15, 0x6f, 0x40, 0x80, 0x70,

    /* U+0064 "d" */
    0x0, 0xff, 0xe2, 0x1f, 0xff, 0x94, 0x3, 0xff,
    0xfe, 0x1, 0xff, 0xff, 0x0, 0xff, 0xfe, 0x14,
    0x67, 0xfd, 0x90, 0x20, 0x1f, 0xfc, 0x28, 0xd7,
    0x30, 0x8, 0xdf, 0x98, 0x3, 0xff, 0x81, 0x6e,
    0x1, 0xfd, 0x30, 0x1, 0xfe, 0xb4, 0x0, 0xff,
    0x90, 0x3, 0xf9, 0x90, 0x3, 0xff, 0x95, 0x0,
    0x1f, 0x2c, 0xd4, 0x18, 0x7, 0xf9, 0x44, 0x3,
    0xd9, 0x4c, 0xaf, 0x92, 0x1, 0xfd, 0xe0, 0x1e,
    0xa3, 0x0, 0xe6, 0x70, 0xf, 0xc8, 0x1, 0xc4,
    0xa0, 0x1f, 0x58, 0x7, 0xc2, 0x20, 0xe, 0x50,
    0xf, 0xfe, 0x21, 0x0, 0x7b, 0x40, 0x3f, 0xf8,
    0x8c, 0x1, 0xe6, 0x0, 0xff, 0xe5, 0x88, 0x7,
    0xff, 0x8c, 0x40, 0x3f, 0xf8, 0x8c, 0x1, 0xe7,
    0x0, 0xff, 0xe2, 0x10, 0x7, 0x8c, 0x3, 0xff,
    0x88, 0x22, 0x0, 0xeb, 0x0, 0xff, 0xe2, 0xa0,
    0x7, 0x1a, 0x0, 0x7d, 0x60, 0x1f, 0xb8, 0x3,
    0xd4, 0x60, 0x1c, 0xce, 0x1, 0xf9, 0x8, 0x3,
    0x87, 0x29, 0x95, 0xf2, 0x40, 0x3f, 0xd0, 0x1,
    0xf2, 0xcd, 0x41, 0x80, 0x7f, 0xca, 0xc0, 0x1f,
    0xfc, 0xb9, 0x40, 0xf, 0xf9, 0x48, 0x3, 0xfd,
    0x70, 0x1, 0xfc, 0xf4, 0xc0, 0x1f, 0xf3, 0xf3,
    0x98, 0x4, 0x6f, 0xb0, 0x4, 0x1, 0xe0,

    /* U+0065 "e" */
    0x0, 0xfc, 0x71, 0x9d, 0xfe, 0xec, 0x83, 0x0,
    0xff, 0xe0, 0xa6, 0x61, 0xcc, 0x40, 0x2, 0x6f,
    0x98, 0x30, 0xf, 0xf4, 0xd9, 0x80, 0x7f, 0x8f,
    0x1c, 0x3, 0xf5, 0xb0, 0x7, 0xff, 0xa, 0x1c,
    0x3, 0xd4, 0x80, 0x1f, 0xfc, 0x48, 0x40, 0xc,
    0xaa, 0x0, 0xf1, 0x45, 0x51, 0xc8, 0x3, 0xd2,
    0x1, 0xac, 0x3, 0xd1, 0xae, 0xaa, 0x8d, 0x70,
    0xe, 0x25, 0x0, 0x28, 0x80, 0x73, 0x38, 0x7,
    0xa1, 0x40, 0x3b, 0x80, 0x1c, 0x1, 0xe9, 0x0,
    0xfd, 0x20, 0x1c, 0x80, 0x4, 0x0, 0xe6, 0x0,
    0xfe, 0x30, 0xf, 0x19, 0x0, 0x79, 0x66, 0x7f,
    0xc0, 0x1e, 0x66, 0x0, 0x78, 0xd9, 0xbf, 0xc0,
    0x1e, 0x31, 0x0, 0xff, 0xe5, 0x89, 0x80, 0x7f,
    0xf3, 0xc, 0x3, 0xff, 0x98, 0x20, 0x1e, 0xaf,
    0xff, 0xfe, 0x23, 0xa8, 0x7, 0xbc, 0x3, 0xff,
    0x8a, 0x24, 0x1, 0xca, 0x40, 0x1f, 0xfc, 0x5a,
    0x0, 0xf7, 0x0, 0x7f, 0x87, 0x50, 0x3, 0x30,
    0x7, 0x8f, 0x48, 0x3, 0xe5, 0xf2, 0xb3, 0x0,
    0x86, 0x40, 0x3c, 0x5b, 0x6c, 0x88, 0x69, 0xea,
    0x10, 0x6, 0x18, 0x4, 0xca, 0x1, 0xf2, 0x4d,
    0xda, 0x58, 0x40, 0x3a, 0x0, 0x35, 0x20, 0x7,
    0xff, 0x14, 0xa8, 0x3, 0xad, 0xc0, 0x3f, 0xf8,
    0x6b, 0xa2, 0x1, 0xe8, 0xd4, 0x0, 0xff, 0x8e,
    0xe8, 0x3, 0xf8, 0xaf, 0xa1, 0x8, 0x2, 0x14,
    0x7c, 0xc2, 0x0, 0x60,

    /* U+0066 "f" */
    0x0, 0xff, 0xe2, 0x12, 0x2a, 0x90, 0xc4, 0x3,
    0xff, 0x88, 0xd9, 0xfb, 0x75, 0x4b, 0xce, 0xe6,
    0x0, 0x7f, 0xf0, 0x1b, 0xa4, 0xc0, 0x3f, 0x9,
    0x80, 0x7f, 0xd3, 0x21, 0x0, 0xff, 0x88, 0x3,
    0xfc, 0xec, 0x1, 0xff, 0xc1, 0x10, 0xf, 0xe2,
    0x80, 0xf, 0xfe, 0x13, 0x80, 0x7f, 0x40, 0x7,
    0xcb, 0x7d, 0xff, 0x6d, 0xf8, 0x7, 0xf2, 0x80,
    0x7a, 0xe9, 0x4, 0x2, 0x24, 0x40, 0x7, 0xe3,
    0x0, 0xf3, 0x20, 0x7, 0xff, 0x15, 0x80, 0x3d,
    0xa0, 0x1f, 0xfc, 0x63, 0x0, 0xf3, 0x0, 0x7f,
    0xf6, 0xbf, 0xfd, 0x20, 0x1e, 0xdf, 0xff, 0xc8,
    0x1, 0xff, 0xff, 0x0, 0xf1, 0x17, 0x84, 0x3,
    0xc4, 0x5f, 0xc0, 0x1b, 0x77, 0xd0, 0x1, 0xef,
    0xdd, 0xfc, 0x80, 0x1f, 0xff, 0xf0, 0xf, 0xff,
    0xf8, 0x7, 0xff, 0xfc, 0x3, 0xff, 0xfe, 0x1,
    0xff, 0xff, 0x0, 0xff, 0xff, 0x80, 0x7f, 0xff,
    0x0,

    /* U+0067 "g" */
    0x0, 0xf9, 0xaf, 0xbf, 0xdd, 0x6c, 0x0, 0x5f,
    0xfe, 0xa0, 0xe, 0x6e, 0x94, 0x10, 0x0, 0xa4,
    0xf2, 0x18, 0x7, 0xfa, 0x64, 0x20, 0x1f, 0x86,
    0xe8, 0x3, 0xfa, 0x18, 0x3, 0xff, 0x80, 0x60,
    0x1f, 0x8d, 0xc0, 0x3f, 0xf9, 0x5e, 0x1, 0xf1,
    0xc5, 0x4b, 0x0, 0x7f, 0x8c, 0xc0, 0x1e, 0x9c,
    0x75, 0x69, 0xe3, 0x0, 0xfd, 0x40, 0x1e, 0x76,
    0x0, 0xe1, 0xd0, 0xf, 0xc8, 0x1, 0xe8, 0x0,
    0xf8, 0x44, 0x1, 0xe1, 0x20, 0xe, 0x50, 0xf,
    0xfe, 0x21, 0x0, 0x7b, 0x0, 0x3f, 0xf8, 0x8e,
    0x1, 0xe2, 0x0, 0xff, 0xe2, 0x8, 0x7, 0x9c,
    0x3, 0xff, 0xb8, 0x20, 0x1f, 0xfc, 0xb7, 0x0,
    0xf3, 0x0, 0x7f, 0xf1, 0x8, 0x3, 0xd8, 0x1,
    0xff, 0xc4, 0x12, 0x0, 0xe7, 0x0, 0xff, 0xe2,
    0xa0, 0x7, 0xb, 0x80, 0x7c, 0x22, 0x0, 0xfa,
    0x80, 0x3d, 0xc, 0x1, 0xc3, 0x80, 0x1f, 0x8c,
    0xc0, 0x1e, 0x9b, 0x65, 0x69, 0xe2, 0x0, 0xfe,
    0xf0, 0xf, 0x92, 0x6a, 0x58, 0x3, 0xfe, 0x38,
    0x0, 0xff, 0xe5, 0xbb, 0x80, 0x3f, 0xe2, 0x10,
    0xf, 0xf4, 0x50, 0x80, 0x7e, 0x4c, 0x0, 0xff,
    0xe0, 0x2f, 0x4a, 0x8, 0x0, 0x96, 0xec, 0x20,
    0x1f, 0xfc, 0x26, 0xbe, 0xff, 0x6d, 0x20, 0x0,
    0x40, 0x38, 0xc0, 0x38, 0x40, 0x3f, 0xc8, 0x1,
    0xee, 0x0, 0xcf, 0xa0, 0x1f, 0xe8, 0x0, 0xf2,
    0x0, 0x45, 0x7, 0xa6, 0x1, 0xf4, 0x98, 0x7,
    0x11, 0x80, 0x5e, 0x0, 0x2c, 0xb5, 0x32, 0x37,
    0xd6, 0x0, 0xf5, 0x80, 0x50, 0x40, 0x19, 0x2b,
    0x37, 0x20, 0x80, 0x3c, 0x6c, 0x1, 0x68, 0x7,
    0xff, 0x14, 0xb4, 0x3, 0x2d, 0x88, 0x7, 0xff,
    0x8, 0xf0, 0x40, 0x39, 0x3d, 0xc0, 0x3f, 0xe1,
    0x9c, 0x10, 0xf, 0x86, 0x3e, 0x98, 0xc0, 0x21,
    0x37, 0xbe, 0x60, 0xe,

    /* U+0068 "h" */
    0xbf, 0xfe, 0xd0, 0xf, 0xff, 0xf8, 0x7, 0xff,
    0xfc, 0x3, 0xff, 0xfe, 0x1, 0xff, 0xc6, 0x3a,
    0xdf, 0xf7, 0x5b, 0x8, 0x7, 0xff, 0x4, 0x6b,
    0x14, 0x80, 0x2, 0x93, 0xec, 0x1, 0xff, 0xe,
    0x28, 0x7, 0xe1, 0x97, 0x0, 0xff, 0x69, 0x0,
    0x7f, 0xd0, 0x80, 0x1f, 0x88, 0xc0, 0x3f, 0xf8,
    0x32, 0x1, 0xff, 0x2c, 0xd4, 0xb0, 0x7, 0xc4,
    0x80, 0x1f, 0x8f, 0x69, 0x95, 0xa7, 0x8c, 0x3,
    0xd8, 0x1, 0xf0, 0xe1, 0x0, 0x70, 0xf0, 0x7,
    0x90, 0x3, 0xe3, 0x0, 0xfc, 0x48, 0x1, 0xc4,
    0x1, 0xff, 0xc5, 0x30, 0xe, 0x10, 0xf, 0xff,
    0xf8, 0x7, 0xff, 0xfc, 0x3, 0xff, 0xfe, 0x1,
    0xff, 0xff, 0x0, 0xff, 0xff, 0x80, 0x7f, 0x80,

    /* U+0069 "i" */
    0x0, 0xfc, 0xfb, 0xfd, 0x0, 0x1f, 0xfc, 0x39,
    0x82, 0x1, 0x7b, 0x0, 0xff, 0xe0, 0x8b, 0x0,
    0x72, 0x10, 0x7, 0xff, 0x0, 0x80, 0x3e, 0x60,
    0xf, 0xfe, 0x1, 0x0, 0x7c, 0xc0, 0x1f, 0xfc,
    0x1, 0x60, 0xe, 0x42, 0x0, 0xff, 0xe0, 0xcc,
    0x10, 0xb, 0xd8, 0x7, 0xff, 0xd, 0xf7, 0xfa,
    0x0, 0x3f, 0xfc, 0xdf, 0xff, 0xfc, 0x1d, 0x0,
    0xff, 0xff, 0x80, 0x7f, 0xf1, 0x2a, 0xbe, 0x20,
    0xf, 0xfe, 0xa, 0xaf, 0xcc, 0x1, 0xff, 0xff,
    0x0, 0xff, 0xff, 0x80, 0x7f, 0xff, 0xc0, 0x3f,
    0xfe, 0x2a, 0xbf, 0x30, 0x7, 0x1a, 0xaf, 0x8e,
    0xab, 0xe2, 0x0, 0xe1, 0xaa, 0xf4, 0x0, 0x7f,
    0xff, 0xc0, 0x3f, 0x80,

    /* U+006A "j" */
    0x0, 0xfe, 0x4c, 0xff, 0x59, 0x0, 0x7f, 0x1d,
    0x98, 0x1, 0x30, 0x40, 0x3f, 0x40, 0x7, 0xc,
    0x80, 0x7e, 0x60, 0xf, 0x10, 0x7, 0xe6, 0x0,
    0xf1, 0x0, 0x7e, 0x80, 0xe, 0x19, 0x0, 0xfc,
    0x76, 0x60, 0x29, 0x82, 0x1, 0xfc, 0x99, 0xfd,
    0x64, 0x1, 0xff, 0xd7, 0xcf, 0xff, 0xfe, 0x1,
    0x80, 0x7f, 0xfd, 0xa2, 0xab, 0x98, 0x3, 0xf9,
    0x15, 0x7b, 0xc0, 0x3f, 0xff, 0xe0, 0x1f, 0xff,
    0xf0, 0xf, 0xff, 0xf8, 0x7, 0xff, 0xfc, 0x3,
    0xff, 0x9c, 0x20, 0x1f, 0x84, 0x3, 0xff, 0x87,
    0xa0, 0x1e, 0x30, 0xf, 0x89, 0x40, 0x38, 0x44,
    0x1, 0xc2, 0xd8, 0x1, 0xe4, 0x7, 0xfe, 0xe7,
    0xf4, 0x88, 0x7, 0xb8, 0x3c, 0x4, 0x40, 0x1f,
    0xc8, 0x80, 0x10, 0xf, 0xf8, 0xa8, 0x0, 0x60,
    0x1f, 0xe4, 0xc1, 0x0, 0x8, 0x7, 0xe4, 0xab,
    0x10, 0xa, 0x6a, 0x1e, 0x21, 0x37, 0xf6, 0xa0,
    0x1c,

    /* U+006B "k" */
    0xaf, 0xfe, 0xe0, 0xf, 0xff, 0xf8, 0x7, 0xff,
    0xfc, 0x3, 0xff, 0xfe, 0x1, 0xff, 0xdf, 0x9f,
    0xff, 0x90, 0x3, 0xff, 0x88, 0xec, 0x1, 0xe9,
    0x40, 0xf, 0xfe, 0x1a, 0xc0, 0x7, 0x9d, 0x80,
    0x3f, 0xf8, 0x69, 0x40, 0x1e, 0x68, 0x0, 0xff,
    0xe1, 0x9d, 0x80, 0x79, 0x24, 0x3, 0xff, 0x86,
    0x5a, 0x1, 0xe3, 0xb0, 0xf, 0xfe, 0x18, 0xf8,
    0x80, 0x70, 0xe8, 0x7, 0xff, 0x13, 0x48, 0x3,
    0x87, 0x4, 0x3, 0xff, 0x87, 0x46, 0x1, 0xed,
    0x20, 0xf, 0xfe, 0x1c, 0x28, 0x7, 0xa8, 0xc0,
    0x3f, 0xf8, 0x62, 0xe0, 0x1e, 0x85, 0x0, 0xff,
    0xe6, 0x70, 0x7, 0xff, 0x35, 0x94, 0x3, 0xff,
    0x9b, 0x62, 0x1, 0xff, 0xcc, 0x1d, 0x0, 0xff,
    0xe3, 0x28, 0x80, 0x71, 0xb8, 0x7, 0xff, 0x11,
    0xea, 0xc0, 0x3d, 0x6, 0x1, 0xff, 0xc2, 0x88,
    0x2, 0xa8, 0x3, 0xdc, 0x1, 0xff, 0xc1, 0x17,
    0x0, 0xac, 0x40, 0x38, 0xa8, 0x3, 0xff, 0x8a,
    0x36, 0x1, 0xe5, 0x50, 0x7, 0xff, 0x15, 0x54,
    0x1, 0xea, 0x20, 0xf, 0xfe, 0x2d, 0x88, 0x7,
    0xb8, 0x3, 0xff, 0x8a, 0x36, 0x1, 0xe3, 0x80,
    0xf, 0xfe, 0x2a, 0xa8, 0x3, 0xce, 0x80, 0x1f,
    0xfc, 0x5b, 0x10, 0xf, 0x50, 0x80, 0x7f, 0xf1,
    0x6, 0x80, 0x3c, 0x36, 0x0,

    /* U+006C "l" */
    0x5f, 0xff, 0xfe, 0xe, 0x80, 0x7f, 0xff, 0xc0,
    0x3f, 0xf9, 0xa9, 0x55, 0xf1, 0x0, 0x7f, 0xf0,
    0x85, 0x57, 0xe6, 0x0, 0xff, 0xff, 0x80, 0x7f,
    0xff, 0xc0, 0x3f, 0xff, 0xe0, 0x1f, 0xff, 0xf0,
    0xf, 0xff, 0xf8, 0x7, 0xff, 0xfc, 0x3, 0xff,
    0xfe, 0x1, 0xff, 0xc6, 0x15, 0x5f, 0x98, 0x3,
    0x8d, 0x57, 0xe0, 0x4a, 0xaf, 0x88, 0x3, 0x86,
    0xab, 0xe1, 0x0, 0xff, 0xff, 0x80, 0x7f, 0xf1,
    0x40,

    /* U+006D "m" */
    0x3f, 0xfe, 0x60, 0x29, 0xef, 0xf5, 0x98, 0x1,
    0x6f, 0xbf, 0xa4, 0x40, 0x3f, 0xa, 0x6b, 0x8,
    0x1, 0x30, 0xea, 0x88, 0x20, 0x2d, 0xe2, 0x1,
    0xf7, 0x58, 0x7, 0xd8, 0xa0, 0x1e, 0x1a, 0x0,
    0xf9, 0x80, 0x3f, 0xf8, 0xa8, 0x40, 0x1f, 0xfc,
    0xd5, 0x0, 0xfa, 0xbf, 0x0, 0x3c, 0xbf, 0xe5,
    0x0, 0xed, 0x0, 0xf1, 0xa8, 0x1a, 0x80, 0x74,
    0x0, 0x24, 0x3, 0x98, 0x3, 0xce, 0x1, 0x18,
    0x7, 0xe2, 0x0, 0xff, 0xe9, 0x88, 0x7, 0xff,
    0xfc, 0x3, 0xff, 0xfe, 0x1, 0xff, 0xff, 0x0,
    0xff, 0xff, 0x80, 0x7f, 0xff, 0xc0, 0x3f, 0xfe,
    0xe0,

    /* U+006E "n" */
    0xbf, 0xfe, 0x40, 0x9, 0x2b, 0x7f, 0xdd, 0x90,
    0x40, 0x1f, 0xe2, 0x3, 0xdb, 0x52, 0x0, 0x9,
    0xbe, 0xc0, 0x7, 0xf0, 0xb6, 0x10, 0x7, 0xf3,
    0xc8, 0x7, 0xea, 0x90, 0xf, 0xfe, 0x3, 0x28,
    0x7, 0xc4, 0x1, 0xff, 0xc2, 0x80, 0xf, 0xe3,
    0xbf, 0xfb, 0x58, 0x3, 0xc4, 0x80, 0x1f, 0x2e,
    0x20, 0x4, 0x53, 0x0, 0x1e, 0xc0, 0xf, 0xd,
    0x0, 0x7c, 0xe2, 0x1, 0xc8, 0x1, 0xe3, 0x0,
    0xfe, 0x50, 0xe, 0x10, 0xf, 0xfe, 0x21, 0x0,
    0x71, 0x80, 0x7f, 0xf2, 0x84, 0x3, 0xff, 0xfe,
    0x1, 0xff, 0xff, 0x0, 0xff, 0xff, 0x80, 0x7f,
    0xff, 0xc0, 0x3f, 0xfc, 0x20,

    /* U+006F "o" */
    0x0, 0xf8, 0x5e, 0xf7, 0xfe, 0xda, 0x50, 0xf,
    0xfe, 0x8, 0xcf, 0x42, 0x10, 0x4, 0x4b, 0x5c,
    0xe0, 0x1f, 0xe3, 0xf6, 0x0, 0xff, 0xc, 0x60,
    0x80, 0x7c, 0x78, 0x20, 0x1f, 0xfc, 0x13, 0xf1,
    0x0, 0xe1, 0xd0, 0xf, 0xfe, 0x20, 0xe8, 0x7,
    0x50, 0x80, 0x79, 0x66, 0xa5, 0x0, 0x3c, 0x6e,
    0x1, 0x1a, 0x0, 0x70, 0xe5, 0x32, 0xb5, 0xc8,
    0x7, 0xa0, 0x2, 0x90, 0xf, 0x51, 0x80, 0x73,
    0x38, 0x7, 0x98, 0x0, 0xa0, 0x1c, 0x88, 0x0,
    0xfa, 0x0, 0x3d, 0xa0, 0x60, 0x1e, 0xd0, 0xf,
    0xe5, 0x0, 0xe4, 0x5, 0x0, 0xf2, 0x0, 0x7f,
    0x60, 0x7, 0x8b, 0x80, 0x3c, 0x40, 0x1f, 0xc4,
    0x1, 0xe6, 0x10, 0xf, 0xfe, 0x23, 0x80, 0x78,
    0x40, 0x3f, 0xf9, 0xa2, 0x1, 0xff, 0xcb, 0x1f,
    0x0, 0xf0, 0x80, 0x7f, 0x30, 0x7, 0x9c, 0x80,
    0x3c, 0xa0, 0x1f, 0xda, 0x1, 0xe2, 0x40, 0xf,
    0x60, 0x7, 0xf2, 0x0, 0x71, 0x8, 0x88, 0x3,
    0x98, 0x3, 0xf1, 0x98, 0x3, 0x90, 0x1, 0x40,
    0x1c, 0x34, 0x1, 0xf7, 0x80, 0x7a, 0x80, 0xc,
    0x20, 0x1c, 0xb4, 0x20, 0x11, 0xe1, 0x80, 0x71,
    0x98, 0x0, 0x30, 0x1, 0xe5, 0xed, 0xce, 0xc3,
    0x0, 0xf7, 0x80, 0x66, 0x50, 0xf, 0x88, 0xc4,
    0x3, 0xe8, 0x30, 0xe, 0xa4, 0x0, 0xff, 0xe1,
    0xbb, 0x80, 0x3e, 0xb8, 0x0, 0xff, 0xe0, 0xd,
    0x40, 0x7, 0xf3, 0xeb, 0x8, 0x7, 0xc5, 0x1e,
    0xa0, 0x1f, 0xf1, 0x4f, 0x65, 0x44, 0x55, 0xba,
    0x71, 0x0, 0xf0,

    /* U+0070 "p" */
    0x9f, 0xfe, 0x70, 0x2, 0x56, 0xff, 0xba, 0xdc,
    0x40, 0x3f, 0xf8, 0x1e, 0x59, 0x6a, 0x40, 0x1,
    0x48, 0xe6, 0x0, 0xff, 0x93, 0xc, 0x3, 0xfa,
    0x64, 0x1, 0xfe, 0x31, 0x0, 0xff, 0x9a, 0x0,
    0x3f, 0xf9, 0x6e, 0x60, 0x1f, 0xf2, 0xcd, 0x41,
    0x80, 0x7d, 0x0, 0x1f, 0xc5, 0xb4, 0xca, 0xf9,
    0x0, 0x1e, 0x41, 0x0, 0xfd, 0xe4, 0x1, 0xce,
    0xa0, 0x1e, 0x70, 0xf, 0x84, 0x80, 0x3e, 0x80,
    0xf, 0x60, 0x7, 0xff, 0x10, 0x8c, 0x3, 0x9c,
    0x3, 0xff, 0x8a, 0xa0, 0x1c, 0x40, 0x1f, 0xfc,
    0x5e, 0x0, 0xff, 0xe5, 0x88, 0x7, 0x84, 0x3,
    0xff, 0xb8, 0x20, 0x1e, 0x10, 0xf, 0xfe, 0x27,
    0x0, 0x7f, 0xf2, 0xd4, 0x3, 0x88, 0x3, 0xff,
    0x88, 0x26, 0x1, 0xce, 0x1, 0xf0, 0x90, 0x7,
    0xd0, 0x1, 0xec, 0x0, 0xfd, 0xe2, 0x1, 0xcc,
    0xc0, 0xf, 0x38, 0x7, 0xe2, 0xe8, 0x54, 0x6b,
    0x90, 0xf, 0x28, 0x80, 0x7f, 0x9e, 0xae, 0x50,
    0x3, 0xe8, 0x0, 0xff, 0xe5, 0x49, 0x0, 0x7f,
    0x10, 0x7, 0xfc, 0xec, 0x1, 0xfc, 0x38, 0xa0,
    0x1f, 0x86, 0xa0, 0x3, 0xfe, 0x1a, 0xc6, 0x20,
    0x0, 0xa4, 0xf2, 0x80, 0x7f, 0xf0, 0x8e, 0x77,
    0xfd, 0xd6, 0xc0, 0x1f, 0xff, 0xf0, 0xf, 0xff,
    0xf8, 0x7, 0xff, 0xf4,

    /* U+0071 "q" */
    0x0, 0xf1, 0x46, 0x77, 0xfb, 0x64, 0xc0, 0xf,
    0xff, 0xca, 0x1, 0xd1, 0xae, 0x62, 0x0, 0x26,
    0xca, 0xe, 0x0, 0xff, 0x63, 0x80, 0x7f, 0x2e,
    0x28, 0x7, 0xf5, 0x98, 0x7, 0xfc, 0x66, 0x0,
    0xfc, 0xc8, 0x1, 0xff, 0xca, 0x80, 0xf, 0x96,
    0x6a, 0x50, 0x3, 0xfc, 0xa2, 0x1, 0xeb, 0xa6,
    0x56, 0xbb, 0x0, 0x7f, 0x78, 0x7, 0xa5, 0x0,
    0x39, 0x24, 0x3, 0xf2, 0x0, 0x70, 0xb0, 0x7,
    0xca, 0x1, 0xf0, 0x88, 0x3, 0x98, 0x3, 0xff,
    0x88, 0x40, 0x1e, 0xd0, 0xf, 0xfe, 0x23, 0x80,
    0x79, 0x80, 0x3f, 0xf8, 0x82, 0x1, 0xe1, 0x0,
    0xff, 0xee, 0x8, 0x7, 0x84, 0x3, 0xff, 0x88,
    0xe0, 0x1e, 0x60, 0xf, 0xfe, 0x21, 0x0, 0x7b,
    0x40, 0x3f, 0xf8, 0x82, 0x20, 0xe, 0x50, 0xf,
    0xfe, 0x2a, 0x0, 0x71, 0x28, 0x7, 0xca, 0x1,
    0xfb, 0x80, 0x3d, 0x46, 0x1, 0xc7, 0x20, 0x1f,
    0x90, 0x80, 0x3d, 0x92, 0xa8, 0xd5, 0x80, 0x1f,
    0xe8, 0x0, 0xf9, 0xaa, 0xe5, 0x40, 0x3f, 0xe5,
    0x50, 0x7, 0xff, 0x2e, 0x90, 0x3, 0xfe, 0x30,
    0xf, 0xfa, 0xdc, 0x3, 0xf9, 0xfc, 0x3, 0xff,
    0x81, 0x1c, 0xe6, 0x20, 0x3, 0x7d, 0x80, 0xf,
    0xfe, 0x10, 0xc6, 0x77, 0xfb, 0x20, 0x80, 0x3f,
    0xff, 0xe0, 0x1f, 0xff, 0xf0, 0xf, 0xff, 0xf8,

    /* U+0072 "r" */
    0x4f, 0xfe, 0xd0, 0xc, 0x51, 0x9f, 0xfb, 0xb8,
    0x60, 0x1e, 0x30, 0xa, 0x75, 0xcc, 0x3, 0x8,
    0x88, 0x3, 0xc2, 0x5, 0xac, 0x1, 0xfc, 0x20,
    0x1f, 0x16, 0x10, 0x7, 0xf1, 0x0, 0x7e, 0xc1,
    0x0, 0xff, 0x38, 0x7, 0xe1, 0x0, 0xff, 0x88,
    0x3, 0xff, 0x80, 0x2a, 0xcd, 0x21, 0x7, 0x0,
    0x7f, 0x8f, 0x3a, 0xa6, 0x6b, 0xdf, 0x60, 0xf,
    0xe5, 0xc3, 0x0, 0xff, 0xe2, 0x95, 0x0, 0x7f,
    0xf1, 0xe0, 0x3, 0xff, 0x90, 0x20, 0x1f, 0xff,
    0xf0, 0xf, 0xff, 0xf8, 0x7, 0xff, 0xfc, 0x3,
    0xff, 0xfe, 0x1, 0xf0,

    /* U+0073 "s" */
    0x0, 0xf8, 0x9e, 0xf7, 0xfe, 0xec, 0x94, 0x0,
    0xff, 0x8f, 0x36, 0x10, 0x80, 0x21, 0x36, 0xbe,
    0x80, 0xf, 0xd1, 0x86, 0x1, 0xff, 0xb, 0xf1,
    0x80, 0x74, 0xb8, 0x7, 0xff, 0xc, 0x70, 0xc0,
    0x25, 0x60, 0xf, 0x88, 0xcc, 0x1, 0xfb, 0x80,
    0x28, 0x0, 0xe1, 0xaf, 0xdc, 0xc7, 0xd0, 0x80,
    0x71, 0x28, 0x11, 0x0, 0x3a, 0x94, 0x3, 0x97,
    0x0, 0x3d, 0xc0, 0xc0, 0x1e, 0x40, 0xf, 0x89,
    0x0, 0x39, 0x80, 0x3f, 0x10, 0x7, 0xe9, 0xcc,
    0xee, 0x5, 0x0, 0xf7, 0x98, 0x7, 0xc4, 0x67,
    0xe0, 0x14, 0x0, 0xe2, 0xcd, 0x85, 0x20, 0xf,
    0xfe, 0x4, 0x88, 0x7, 0x89, 0xeb, 0x7f, 0x21,
    0x0, 0x3f, 0x16, 0x88, 0x7, 0xf8, 0xde, 0xfa,
    0x4, 0x3, 0xc7, 0xea, 0x1, 0xff, 0xc0, 0x17,
    0xf5, 0x0, 0xf0, 0xd6, 0xb8, 0x80, 0x7f, 0xc3,
    0x4c, 0x1, 0xf1, 0x47, 0x64, 0x20, 0x80, 0x7f,
    0x49, 0x0, 0x7f, 0x1b, 0xdf, 0x72, 0x50, 0x3,
    0xe8, 0x1, 0x1f, 0x0, 0x78, 0x5a, 0xf4, 0x40,
    0x39, 0x7, 0xbb, 0xc4, 0x1, 0xf8, 0xa0, 0x3,
    0x84, 0x60, 0xe, 0xa0, 0xf, 0xfe, 0x2b, 0x80,
    0x73, 0xb0, 0x7, 0xc5, 0x0, 0x1c, 0x81, 0x60,
    0x1e, 0x9d, 0x74, 0x34, 0x59, 0xd1, 0x0, 0xee,
    0x2, 0x90, 0xf, 0x14, 0x5e, 0x5d, 0x30, 0x7,
    0x91, 0x40, 0xd, 0x0, 0x1f, 0xfc, 0x53, 0xa0,
    0xc, 0xf8, 0x40, 0x1f, 0xfc, 0x27, 0xc1, 0x0,
    0xe3, 0xda, 0x40, 0xf, 0xe2, 0x7d, 0x80, 0xf,
    0xe5, 0xbf, 0xc9, 0x88, 0xa6, 0xfb, 0x60, 0x80,
    0x30,

    /* U+0074 "t" */
    0x0, 0xf2, 0x7f, 0xf9, 0x0, 0x3f, 0xff, 0xe0,
    0x1f, 0xfe, 0xcf, 0xfe, 0xb0, 0xf, 0x5f, 0xff,
    0xeb, 0x0, 0xff, 0xff, 0x11, 0x70, 0x80, 0x78,
    0x48, 0xbf, 0x80, 0x1b, 0xbd, 0x40, 0x1e, 0xad,
    0xdf, 0xd2, 0x1, 0xff, 0xff, 0x0, 0xff, 0xff,
    0x80, 0x7f, 0xff, 0xc0, 0x3f, 0xfc, 0x4e, 0x1,
    0xe1, 0x0, 0xff, 0xe2, 0x8, 0x7, 0xb0, 0x3,
    0xff, 0x88, 0x40, 0x1e, 0x61, 0x0, 0xff, 0xe2,
    0x18, 0x7, 0xb1, 0x0, 0x30, 0xa3, 0x90, 0x7,
    0xd6, 0x1, 0xe2, 0xbf, 0xee, 0x7f, 0x5c, 0x38,
    0x7, 0xce, 0x20, 0x1f, 0x84, 0x40, 0x18, 0x80,
    0x3f, 0x50, 0x7, 0xff, 0xb, 0x40, 0x3f, 0x25,
    0x0, 0x7f, 0xf0, 0x58, 0x3, 0xf9, 0x75, 0x40,
    0x3f, 0x89, 0xf4, 0x3, 0xfc, 0x55, 0xf7, 0x31,
    0x15, 0x67, 0xec, 0x8,

    /* U+0075 "u" */
    0x7f, 0xff, 0x0, 0x7f, 0x67, 0xff, 0x60, 0x7,
    0xff, 0xfc, 0x3, 0xff, 0xfe, 0x1, 0xff, 0xff,
    0x0, 0xff, 0xff, 0x80, 0x7f, 0xfe, 0x4, 0x3,
    0xc4, 0x1, 0xff, 0xc3, 0x20, 0xf, 0x38, 0x7,
    0xe2, 0x0, 0xf2, 0x80, 0x7b, 0x80, 0x3e, 0x91,
    0x0, 0xf0, 0x98, 0x7, 0x24, 0x88, 0x4, 0x74,
    0xc0, 0x1f, 0xac, 0x3, 0xcd, 0xdc, 0xdf, 0xc5,
    0x0, 0xfe, 0x71, 0x0, 0xf8, 0x48, 0x3, 0x10,
    0x7, 0xeb, 0x0, 0xff, 0xe0, 0x35, 0x80, 0x7e,
    0x59, 0x0, 0xff, 0x34, 0x90, 0x7, 0xf3, 0x62,
    0x0, 0x78, 0xaa, 0x41, 0xc0, 0x3f, 0xc7, 0x7d,
    0x51, 0x9, 0xcd, 0x50, 0x1, 0xff, 0xf6, 0x0,

    /* U+0076 "v" */
    0x2f, 0xff, 0x50, 0x7, 0xfd, 0xbf, 0xfd, 0xc0,
    0x46, 0x1, 0xc8, 0x1, 0xfe, 0x22, 0x0, 0x73,
    0x80, 0x28, 0x3, 0x84, 0xc0, 0x3f, 0x90, 0x3,
    0xd4, 0x0, 0x60, 0xf, 0x58, 0x7, 0xf6, 0x80,
    0x71, 0x18, 0x4, 0xa0, 0x1c, 0xa0, 0x1f, 0x85,
    0x0, 0x3a, 0x80, 0x37, 0x0, 0x71, 0x10, 0x3,
    0xe4, 0x0, 0xf3, 0x0, 0x64, 0x10, 0xe, 0x50,
    0xf, 0xbc, 0x3, 0x90, 0x40, 0x39, 0x80, 0x3a,
    0xc0, 0x3e, 0x40, 0xe, 0xe0, 0xf, 0x50, 0x7,
    0x18, 0x80, 0x72, 0x8, 0x7, 0x28, 0x7, 0x88,
    0xc0, 0x39, 0xc0, 0x3b, 0x0, 0x39, 0x80, 0x3f,
    0x50, 0x7, 0x60, 0x7, 0x28, 0x7, 0x50, 0x7,
    0xe7, 0x0, 0xe5, 0x0, 0xc4, 0x40, 0xc, 0x46,
    0x1, 0xf8, 0x54, 0x3, 0x90, 0x2, 0x50, 0xe,
    0xa0, 0xf, 0xf7, 0x0, 0x76, 0x80, 0x56, 0x1,
    0xca, 0x1, 0xfe, 0x41, 0x0, 0xce, 0x0, 0x13,
    0x0, 0xc6, 0x40, 0x1f, 0xf3, 0x0, 0x61, 0x30,
    0x70, 0xe, 0xa0, 0xf, 0xfe, 0x5, 0x0, 0x75,
    0x86, 0x0, 0x73, 0x0, 0x7f, 0xf0, 0x8, 0xc0,
    0x32, 0x82, 0x80, 0x65, 0x0, 0xff, 0xe1, 0x50,
    0x6, 0x25, 0x0, 0xee, 0x0, 0xff, 0xe1, 0x38,
    0x7, 0x48, 0x6, 0x14, 0x0, 0xff, 0xe1, 0xa,
    0x80, 0x63, 0x0, 0xcc, 0x1, 0xff, 0xc4, 0xe0,
    0xf, 0xea, 0x0, 0xff, 0xe2, 0x20, 0x80, 0x7c,
    0x64, 0x1, 0xff, 0xc5, 0x70, 0xf, 0xa8, 0x3,
    0xff, 0x8d, 0x40, 0x1f, 0x38, 0x7, 0xff, 0x18,
    0xc8, 0x3, 0x94, 0x40, 0x3f, 0x80,

    /* U+0077 "w" */
    0x4f, 0xfe, 0xa0, 0xc, 0x3f, 0xf9, 0x80, 0x32,
    0xff, 0xf4, 0xa8, 0x7, 0x30, 0x6, 0x50, 0xd,
    0xe0, 0x18, 0x80, 0x3b, 0x84, 0x40, 0x18, 0x80,
    0x31, 0x80, 0x65, 0x0, 0xdc, 0x1, 0xc6, 0xa,
    0x1, 0x84, 0x3, 0x68, 0x6, 0x30, 0xc, 0x40,
    0x1c, 0xa0, 0x40, 0x1c, 0x40, 0x13, 0x80, 0x71,
    0x0, 0x4c, 0x1, 0x84, 0x41, 0xe0, 0x1c, 0xc0,
    0x11, 0x0, 0x73, 0x80, 0x44, 0x1, 0x94, 0x0,
    0xa0, 0x1c, 0x40, 0x2, 0x0, 0xf1, 0x0, 0x4,
    0x3, 0x88, 0x0, 0x60, 0x1d, 0xc0, 0x7, 0x0,
    0xf6, 0x80, 0x8, 0x3, 0xbc, 0x2, 0x20, 0xc,
    0x40, 0xd, 0x0, 0xf3, 0x80, 0x1c, 0x3, 0x94,
    0x2, 0x60, 0xc, 0xc0, 0x3, 0x0, 0xf1, 0x0,
    0x8, 0x3, 0x8c, 0x2, 0x30, 0xc, 0x40, 0x5,
    0x0, 0xa, 0x80, 0x46, 0x1c, 0x1, 0x88, 0x3,
    0x68, 0x6, 0x10, 0x11, 0x0, 0x17, 0x40, 0x25,
    0x2, 0x0, 0xcc, 0x1, 0x9c, 0x3, 0x88, 0x80,
    0x11, 0x98, 0x2, 0xf0, 0x60, 0xc, 0x60, 0x18,
    0x80, 0x39, 0x94, 0x2, 0xd5, 0x0, 0x88, 0x8,
    0x3, 0x68, 0x7, 0x10, 0x6, 0x2f, 0x0, 0x9c,
    0x48, 0x0, 0xa0, 0x20, 0x19, 0xc0, 0x39, 0xc0,
    0x30, 0xa8, 0x0, 0x48, 0x1c, 0x0, 0x28, 0x1,
    0xc4, 0x1, 0xda, 0x1, 0xb8, 0xc0, 0xa, 0x0,
    0xd0, 0xb, 0x40, 0x31, 0x0, 0x78, 0xc0, 0x33,
    0x80, 0x46, 0x0, 0x30, 0x9, 0xc0, 0x33, 0x80,
    0x79, 0x80, 0x30, 0x80, 0x5a, 0x0, 0x50, 0x8,
    0x40, 0x36, 0x80, 0x78, 0x80, 0x3f, 0x38, 0x0,
    0x48, 0x3, 0xe3, 0x0, 0xf8, 0xc0, 0x3e, 0x20,
    0x9, 0xc0, 0x3e, 0x50, 0xf, 0x94, 0x3, 0xc6,
    0x1, 0xb4, 0x3, 0xe1, 0x0, 0xfb, 0xc0, 0x3c,
    0xa0, 0x18, 0xc0, 0x3c, 0x60, 0x1f, 0x88, 0x3,
    0xde, 0x1, 0x94, 0x3, 0xca, 0x1, 0xf9, 0x40,
    0x3c, 0xa0, 0x18, 0x48, 0x3, 0xbc, 0x3, 0xf0,
    0x88, 0x3, 0x8c, 0x3, 0x9c, 0x3, 0x94, 0x3,
    0x0,

    /* U+0078 "x" */
    0x4f, 0xff, 0x60, 0x7, 0xfb, 0x7f, 0xfc, 0x68,
    0xc0, 0x1c, 0x6e, 0x1, 0xfa, 0x48, 0x3, 0x9c,
    0xc2, 0x48, 0x3, 0xa0, 0x80, 0x3c, 0x8c, 0x1,
    0xc5, 0x0, 0x14, 0x80, 0x7b, 0x80, 0x38, 0x68,
    0x3, 0xdc, 0x1, 0x91, 0x80, 0x38, 0xe0, 0x3,
    0x58, 0x80, 0x73, 0x98, 0x7, 0x48, 0x80, 0x73,
    0x98, 0x1, 0x54, 0x1, 0xc7, 0x0, 0x1f, 0x50,
    0x7, 0xb8, 0x6, 0x80, 0x3d, 0xc0, 0x1f, 0x91,
    0x80, 0x38, 0xa6, 0x80, 0x3d, 0x4, 0x1, 0xfd,
    0x22, 0x1, 0xcc, 0x80, 0x1c, 0x6e, 0x1, 0xff,
    0x50, 0x7, 0xff, 0x3, 0x80, 0x3f, 0xf8, 0x8,
    0xc0, 0x1f, 0xe8, 0x20, 0xf, 0xfe, 0xc, 0x88,
    0x7, 0xe3, 0x70, 0xf, 0xfe, 0x1d, 0x0, 0x7e,
    0xf0, 0xf, 0xfe, 0x26, 0x80, 0x7e, 0x40, 0xf,
    0xfe, 0x1a, 0x30, 0x7, 0xe8, 0x20, 0xf, 0xfe,
    0x14, 0x80, 0x7f, 0xb8, 0x3, 0xff, 0x83, 0x24,
    0x1, 0xfe, 0x37, 0x0, 0xff, 0x91, 0x80, 0x38,
    0x40, 0x3d, 0x4, 0x1, 0xfe, 0x90, 0xf, 0x54,
    0x80, 0x7b, 0x80, 0x3f, 0xa4, 0x80, 0x39, 0x91,
    0x90, 0x3, 0x8d, 0xc0, 0x3e, 0x36, 0x0, 0xe2,
    0x90, 0x5, 0x8, 0x7, 0x41, 0x0, 0x7b, 0x80,
    0x3d, 0xc0, 0x10, 0xd8, 0x7, 0xb8, 0x3, 0xa4,
    0x80, 0x39, 0xcc, 0x3, 0x2a, 0x80, 0x38, 0xdc,
    0x2, 0x36, 0x0, 0xe2, 0x80, 0xf, 0x58, 0x80,
    0x74, 0x10, 0x3, 0x80, 0x3d, 0xc0, 0x1f, 0xd,
    0x0, 0x7b, 0x82, 0x48, 0x3, 0xa0, 0xc0, 0x3f,
    0x23, 0x0, 0x71, 0xb8,

    /* U+0079 "y" */
    0x9f, 0xff, 0x40, 0x7, 0xff, 0x2, 0x7f, 0xfd,
    0x36, 0x1, 0xe6, 0x0, 0xff, 0xe0, 0x38, 0x7,
    0xac, 0x90, 0x3, 0x85, 0x0, 0x3f, 0xca, 0x20,
    0x1c, 0x84, 0x1e, 0x1, 0xee, 0x0, 0xff, 0x70,
    0x7, 0xbc, 0x0, 0x84, 0x1, 0xca, 0x20, 0x1f,
    0x85, 0x0, 0x38, 0x90, 0x2, 0xb0, 0xf, 0x30,
    0x7, 0xe6, 0x0, 0xf5, 0x0, 0x66, 0x0, 0xf5,
    0x0, 0x7e, 0xa0, 0xf, 0x38, 0x7, 0x38, 0x7,
    0x11, 0x80, 0x78, 0xc8, 0x3, 0x98, 0x3, 0xd4,
    0x1, 0xea, 0x0, 0xf5, 0x0, 0x7a, 0xc0, 0x3c,
    0x48, 0x1, 0xce, 0x1, 0xe6, 0x0, 0xe4, 0x20,
    0xf, 0xbc, 0x3, 0x85, 0x40, 0x32, 0x80, 0x7b,
    0xc0, 0x3f, 0x21, 0x0, 0x77, 0x0, 0x6e, 0x0,
    0xe2, 0x40, 0xf, 0xeb, 0x0, 0xe4, 0x10, 0x0,
    0xa0, 0x7, 0x58, 0x7, 0xf9, 0x84, 0x3, 0x98,
    0x0, 0xc0, 0x1e, 0x60, 0xf, 0xf9, 0x80, 0x3a,
    0x80, 0x14, 0x1, 0xcc, 0x1, 0xff, 0xc0, 0xa0,
    0xe, 0x23, 0x31, 0x0, 0x75, 0x80, 0x7f, 0xf0,
    0x9, 0x0, 0x39, 0x28, 0x3, 0x90, 0x80, 0x3f,
    0xf8, 0x3e, 0x1, 0xd6, 0xc0, 0x1d, 0xe0, 0x1f,
    0xfc, 0x24, 0x20, 0xc, 0x60, 0x1c, 0x48, 0x1,
    0xff, 0xc3, 0xb0, 0xf, 0xf5, 0x80, 0x7f, 0xf1,
    0x18, 0x40, 0x3f, 0xb, 0x0, 0x7f, 0xf1, 0x58,
    0x3, 0xf3, 0x0, 0x7f, 0xf1, 0xa8, 0x3, 0xf5,
    0x0, 0x7f, 0xf1, 0x89, 0x0, 0x3c, 0x84, 0x1,
    0xff, 0xc7, 0xf0, 0xf, 0x78, 0x7, 0xff, 0x20,
    0x40, 0x38, 0x90, 0x3, 0xff, 0x91, 0x0, 0x1d,
    0x60, 0x1f, 0xfc, 0x86, 0x20, 0xc, 0x2c, 0x1,
    0xff, 0xc8, 0x80, 0xe, 0x60, 0xf, 0xfe, 0x45,
    0x8, 0x7, 0x48, 0x7, 0xff, 0x1e, 0x54, 0x3,
    0x94, 0x40, 0x3f, 0xf8, 0x63, 0xdc, 0xf6, 0x0,
    0xf4, 0x0, 0x7f, 0xf1, 0x14, 0x44, 0x1, 0xf3,
    0x90, 0x7, 0xff, 0x10, 0xc0, 0x3f, 0x1c, 0x0,
    0x7f, 0xf1, 0x78, 0x3, 0xe4, 0xc0, 0xf, 0xfe,
    0x32, 0x80, 0x70, 0xcd, 0x80, 0x7f, 0xf1, 0xf6,
    0xa2, 0x13, 0x9c, 0xc0, 0x1f, 0xfc, 0x50,

    /* U+007A "z" */
    0xe, 0xff, 0xff, 0xe5, 0x0, 0x7f, 0xff, 0xc0,
    0x3f, 0xf9, 0x8e, 0x0, 0xaa, 0xff, 0xe0, 0xb8,
    0x7, 0xcb, 0x0, 0x4, 0x55, 0xff, 0x9d, 0x80,
    0x3c, 0x74, 0x1, 0xff, 0xc2, 0x1f, 0x10, 0xe,
    0x1d, 0x0, 0xff, 0xe1, 0xd1, 0x0, 0x7b, 0x4,
    0x3, 0xff, 0x85, 0x28, 0x1, 0xeb, 0x20, 0xf,
    0xfe, 0x13, 0xb0, 0x7, 0xa5, 0x0, 0x3f, 0xf8,
    0x4b, 0x0, 0x1e, 0x76, 0x0, 0xff, 0xe1, 0x1d,
    0x0, 0x79, 0x20, 0x3, 0xff, 0x84, 0x3a, 0x1,
    0xe3, 0xb0, 0xf, 0xfe, 0x1e, 0x8, 0x7, 0xe,
    0x80, 0x7f, 0xf0, 0xec, 0x80, 0x3d, 0xa2, 0x1,
    0xff, 0xc2, 0x94, 0x0, 0xf5, 0x98, 0x7, 0xff,
    0x9, 0xd8, 0x3, 0xd2, 0x80, 0x1f, 0xfc, 0x24,
    0x80, 0xf, 0x33, 0x0, 0x3f, 0xf8, 0x47, 0x60,
    0x1e, 0x49, 0x0, 0xff, 0xe1, 0xe, 0x80, 0x7d,
    0xc8, 0x9f, 0xfc, 0x12, 0xd, 0x10, 0xf, 0xaa,
    0xef, 0xff, 0x84, 0x66, 0x0, 0xff, 0xff, 0x80,
    0x7f, 0xf2, 0xc0,

    /* U+007B "{" */
    0x0, 0xff, 0x92, 0xbb, 0xc8, 0x3, 0xf8, 0xb2,
    0xd4, 0x41, 0xc0, 0x3f, 0x16, 0x18, 0x6, 0xc0,
    0xf, 0xde, 0x20, 0x18, 0x84, 0x3, 0xe7, 0x20,
    0xd, 0x1b, 0x0, 0x1f, 0x48, 0x6, 0x47, 0x0,
    0xfc, 0x82, 0x1, 0xb8, 0x3, 0xfb, 0x0, 0x39,
    0xc0, 0x3f, 0x8c, 0x3, 0x8c, 0x3, 0xf9, 0x80,
    0x3f, 0xf9, 0x22, 0x1, 0xfc, 0x60, 0x1f, 0xff,
    0xf0, 0x8, 0x44, 0x1, 0x88, 0x3, 0xf9, 0xc0,
    0x39, 0x0, 0x3f, 0xc, 0x0, 0x75, 0x80, 0x7c,
    0xb8, 0x20, 0x19, 0x88, 0x3, 0x46, 0x7d, 0x10,
    0x6, 0x49, 0x0, 0xe4, 0x30, 0xf, 0x35, 0x80,
    0x7f, 0xf0, 0xb, 0x64, 0x3, 0xff, 0x82, 0x5e,
    0x80, 0x1f, 0xfc, 0x22, 0xb7, 0x0, 0xf6, 0x75,
    0xb0, 0x7, 0x42, 0x80, 0x78, 0x52, 0x6c, 0x3,
    0xac, 0x3, 0xf9, 0x1c, 0x3, 0xb, 0x0, 0x7f,
    0x50, 0x7, 0x68, 0x7, 0xf1, 0x0, 0x72, 0x80,
    0x7f, 0x84, 0x3, 0x8, 0x7, 0xff, 0xf8, 0xc0,
    0x3f, 0xf8, 0x62, 0x1, 0xc2, 0x1, 0xfc, 0xc0,
    0x1c, 0x40, 0x1f, 0xd8, 0x1, 0xcc, 0x1, 0xfc,
    0x80, 0x1d, 0xe0, 0x1f, 0xc4, 0x80, 0x19, 0x44,
    0x3, 0xfa, 0x0, 0x3b, 0x44, 0x3, 0xf1, 0xb0,
    0x6, 0x3e, 0x90, 0xf, 0xd2, 0x80, 0x1f, 0xfc,
    0x3b, 0x60, 0xd, 0x80, 0x1f, 0xe9, 0xc5, 0x20,
    0x70,

    /* U+007C "|" */
    0x8f, 0xfa, 0x40, 0x3f, 0xff, 0xe0, 0x1f, 0xff,
    0xf0, 0xf, 0xff, 0xa8,

    /* U+007D "}" */
    0x8, 0xfd, 0x82, 0x0, 0xff, 0xe0, 0x20, 0x13,
    0xec, 0x0, 0x7f, 0xc6, 0x1, 0x9e, 0x80, 0x3f,
    0x85, 0x0, 0x39, 0x5c, 0x3, 0xf0, 0xdf, 0x18,
    0x6, 0x81, 0x0, 0xfe, 0x1d, 0x0, 0xe9, 0x0,
    0xff, 0xa, 0x0, 0x66, 0x0, 0xff, 0x8c, 0x3,
    0x9, 0x0, 0x7f, 0xbc, 0x3, 0x9c, 0x3, 0xff,
    0x88, 0x60, 0x1f, 0xe1, 0x0, 0xe1, 0x0, 0xff,
    0xff, 0x80, 0x7f, 0x78, 0x7, 0xf9, 0x40, 0x38,
    0x80, 0x3f, 0xc6, 0x1, 0xca, 0x1, 0xff, 0x30,
    0x7, 0x40, 0x7, 0xfa, 0x0, 0x39, 0xe8, 0x80,
    0x3f, 0xd, 0x80, 0x72, 0xef, 0x62, 0x0, 0x79,
    0x2c, 0x40, 0x38, 0x4c, 0x80, 0x3e, 0x4e, 0x50,
    0xf, 0xfe, 0x1c, 0xa8, 0x7, 0xff, 0x4, 0x71,
    0x80, 0x3f, 0xf8, 0x54, 0x60, 0x18, 0x63, 0x7d,
    0x80, 0x39, 0x50, 0x3, 0x1f, 0x39, 0x0, 0x7d,
    0x0, 0x1d, 0xc0, 0x1f, 0xc4, 0x40, 0xc, 0x64,
    0x1, 0xfc, 0xe0, 0x1c, 0xa0, 0x1f, 0xe3, 0x0,
    0xe1, 0x0, 0xff, 0xe2, 0x78, 0x7, 0xff, 0xc4,
    0x40, 0x3f, 0xf9, 0x42, 0x1, 0xfe, 0xe0, 0xe,
    0x50, 0xf, 0xf2, 0x80, 0x71, 0x80, 0x7f, 0x8c,
    0x3, 0x20, 0x7, 0xf9, 0xc0, 0x3b, 0x80, 0x3f,
    0x92, 0x0, 0x31, 0x28, 0x7, 0xc3, 0x96, 0x1,
    0xdc, 0x1, 0xf8, 0x4c, 0x3, 0xa4, 0xc0, 0x3f,
    0x90, 0x3, 0x53, 0x0, 0x7f, 0x8c, 0xe, 0x39,
    0x40, 0x3f, 0xc0,

    /* U+007E "~" */
    0x0, 0xf2, 0x2a, 0x8c, 0x3, 0xff, 0x93, 0x1f,
    0x75, 0x4c, 0xf9, 0x20, 0xf, 0xe1, 0x0, 0xf0,
    0xeb, 0x80, 0x79, 0xb5, 0xc0, 0x3f, 0x5f, 0xfb,
    0x64, 0x1, 0xa4, 0x1, 0xfd, 0x16, 0x20, 0x1e,
    0x40, 0x1, 0x10, 0x14, 0xc0, 0x3f, 0xe4, 0xf4,
    0x0, 0xd4, 0x20, 0x11, 0x4, 0x80, 0x7f, 0xf0,
    0x46, 0xf1, 0xdd, 0x8a, 0x1, 0xb0, 0x4c, 0x3,
    0x37, 0x7e, 0x28, 0x7, 0x8e, 0x20, 0x60, 0x1c,
    0xaa, 0x0, 0xcd, 0x22, 0x7, 0x58, 0x20, 0x1f,
    0xfc, 0x7, 0x1, 0x0, 0xd0, 0x1, 0xc7, 0xe6,
    0x1, 0xfe, 0x38, 0x4, 0xb9, 0x77, 0x8, 0x7,
    0x87, 0x1c, 0x3, 0xf2, 0x68, 0x0, 0x51, 0xa2,
    0x0, 0x1f, 0xd1, 0xd0, 0x62, 0x2, 0x95, 0x62,
    0x0,

    /* U+00A0 " " */

    /* U+00A1 "¡" */
    0x2, 0xbf, 0xf6, 0x20, 0xe, 0x20, 0x0, 0xec,
    0xe4, 0x40, 0x3a, 0x8, 0x3, 0xca, 0x60, 0x1e,
    0x3a, 0x0, 0xf5, 0x9c, 0x80, 0x67, 0x60, 0x6f,
    0xcc, 0x7c, 0x0, 0x63, 0x30, 0x7, 0xff, 0x41,
    0x13, 0xc0, 0xb, 0xbf, 0x0, 0x7f, 0xf5, 0x4,
    0x3, 0xf0, 0x80, 0x7f, 0xf2, 0x8c, 0xc0, 0x1f,
    0xfd, 0x21, 0x10, 0x7, 0xff, 0x29, 0xc0, 0x3f,
    0x38, 0x7, 0xff, 0x28, 0x44, 0x1, 0xff, 0xc3,

    /* U+00A2 "¢" */
    0x0, 0xfe, 0x4f, 0xfc, 0xc0, 0x1f, 0xff, 0xf0,
    0xf, 0xfe, 0xa0, 0xb7, 0x80, 0x6a, 0x83, 0x0,
    0xff, 0x86, 0x7a, 0x50, 0x3, 0x1b, 0xe6, 0x10,
    0x3, 0xf2, 0x7b, 0x0, 0x7f, 0x8e, 0xe4, 0x3,
    0xc9, 0x62, 0x1, 0xff, 0xc1, 0x6a, 0x0, 0xc5,
    0x60, 0x1f, 0xfc, 0x45, 0x60, 0xb, 0x80, 0x3e,
    0x58, 0x96, 0x10, 0xf, 0x40, 0x1, 0xc, 0x3,
    0x8b, 0x69, 0xda, 0x7d, 0x0, 0x38, 0x58, 0x3c,
    0x3, 0xde, 0x40, 0x18, 0x6c, 0x80, 0x3b, 0x45,
    0x0, 0x39, 0x88, 0x3, 0xeb, 0x0, 0xe6, 0x50,
    0xf, 0x68, 0x7, 0xe5, 0x0, 0xe2, 0x30, 0xf,
    0x20, 0x7, 0xe3, 0xff, 0xf7, 0x0, 0x70, 0x80,
    0x7f, 0xf1, 0xc, 0x3, 0x8c, 0x3, 0xff, 0xe4,
    0x60, 0x1c, 0x40, 0x1f, 0xfc, 0x4e, 0x0, 0xf0,
    0x80, 0x7f, 0xf0, 0xcc, 0x3, 0xca, 0x1, 0xf8,
    0x62, 0x3c, 0x80, 0x1e, 0xe0, 0xf, 0xca, 0xef,
    0xcc, 0xa, 0x1, 0xca, 0x60, 0x1f, 0x40, 0x7,
    0x28, 0x48, 0x7, 0xb4, 0xc0, 0x30, 0xd9, 0x80,
    0x76, 0x81, 0xa0, 0x7, 0xe, 0x62, 0x65, 0x7c,
    0x80, 0x1c, 0x2c, 0x0, 0xa1, 0x0, 0xf1, 0xb3,
    0x10, 0x3, 0xea, 0x0, 0x87, 0x44, 0x3, 0xff,
    0x87, 0x8, 0x1, 0x8f, 0x8, 0x3, 0xff, 0x83,
    0x4e, 0x1, 0xe2, 0xd9, 0x20, 0xf, 0xe7, 0xe5,
    0x0, 0xfe, 0x6d, 0xc6, 0x0, 0xcb, 0x7f, 0x2,
    0x1, 0xff, 0xc0, 0x3d, 0x0, 0xd8, 0x80, 0x1f,
    0xff, 0xf0, 0xf, 0xfe, 0x60,

    /* U+00A3 "£" */
    0x0, 0xff, 0x2c, 0xef, 0xfd, 0xd9, 0x6, 0x1,
    0xff, 0xc2, 0x6e, 0xa6, 0x20, 0x8, 0x4d, 0xf3,
    0x6, 0x1, 0xff, 0x5c, 0x88, 0x7, 0xf8, 0xf1,
    0x80, 0x3f, 0xad, 0x0, 0x3f, 0xf8, 0x52, 0xa0,
    0x1f, 0x3a, 0x0, 0x7f, 0xf1, 0x2c, 0x40, 0x3d,
    0x20, 0x1e, 0x17, 0x99, 0x28, 0x7, 0x85, 0x80,
    0x39, 0x44, 0x3, 0x8b, 0xe1, 0x99, 0x58, 0x1,
    0xea, 0x0, 0xec, 0x0, 0xf7, 0x8, 0x6, 0x38,
    0x0, 0xe2, 0x0, 0xe5, 0x0, 0xe1, 0x30, 0xf,
    0x28, 0x7, 0x88, 0x3, 0x8, 0x7, 0x10, 0x7,
    0xc5, 0x33, 0xe3, 0x0, 0xc2, 0x1, 0xff, 0xc2,
    0x66, 0xf0, 0x80, 0x7f, 0xf6, 0x4, 0x3, 0xff,
    0x8e, 0xe0, 0x1c, 0x60, 0x1f, 0xfd, 0xd4, 0xff,
    0x90, 0x3, 0x87, 0xff, 0xe3, 0x0, 0xff, 0xff,
    0x80, 0x7f, 0xf6, 0x17, 0x32, 0x60, 0xf, 0x56,
    0x67, 0x8c, 0x3, 0xe1, 0x33, 0xb8, 0x3, 0xce,
    0x67, 0xe0, 0xf, 0xfe, 0x38, 0x80, 0x7f, 0xf1,
    0x84, 0x3, 0xce, 0x1, 0xff, 0xcd, 0x70, 0xf,
    0xfe, 0x30, 0x80, 0x78, 0x40, 0x3f, 0xf8, 0xdc,
    0x1, 0xc2, 0x40, 0x1f, 0xfc, 0x67, 0x0, 0xe6,
    0x0, 0xff, 0xe1, 0x8a, 0xaa, 0xc4, 0x3, 0xb9,
    0x57, 0xff, 0x84, 0x44, 0xaa, 0x20, 0x7, 0xa6,
    0xab, 0xff, 0x86, 0x1, 0xff, 0xff, 0x0, 0xff,
    0xe8, 0x80,

    /* U+00A4 "¤" */
    0x0, 0x85, 0x80, 0x3f, 0xf8, 0xae, 0x1, 0xc3,
    0x92, 0xc0, 0x12, 0x4e, 0xff, 0xbb, 0x24, 0xc0,
    0x29, 0x8c, 0x0, 0x87, 0x8, 0x25, 0x97, 0x6d,
    0x88, 0x0, 0x26, 0xd9, 0x83, 0x86, 0x3, 0xb0,
    0x6, 0x90, 0x5, 0x34, 0x40, 0x1f, 0xc7, 0x8e,
    0x1, 0x25, 0x4, 0x0, 0x7f, 0xf2, 0xe4, 0x12,
    0xc0, 0x3f, 0x23, 0xc3, 0x98, 0x7, 0xec, 0x30,
    0x2, 0x38, 0x7, 0x26, 0xdc, 0x3c, 0x66, 0x8,
    0x3, 0xa8, 0xc0, 0x32, 0x80, 0x67, 0xb2, 0x0,
    0xe3, 0xd4, 0x0, 0xd8, 0x1, 0x90, 0x80, 0x25,
    0x80, 0xf, 0xeb, 0x20, 0x9, 0x84, 0x2, 0xe0,
    0xd, 0x60, 0x1f, 0xf4, 0x80, 0x67, 0x0, 0x90,
    0x2, 0x61, 0x0, 0xff, 0x90, 0x80, 0x2c, 0x0,
    0x8, 0x80, 0x2c, 0x0, 0xff, 0xe0, 0xa0, 0x4,
    0xe0, 0x2, 0x0, 0xce, 0x1, 0xff, 0xc1, 0xf0,
    0x8, 0xc0, 0x3f, 0xf9, 0x26, 0x1, 0x8, 0x7,
    0xc2, 0x1, 0xff, 0xc1, 0x30, 0x8, 0x40, 0x4,
    0x1, 0x98, 0x3, 0xff, 0x83, 0xe0, 0x11, 0x80,
    0x4, 0x40, 0x17, 0x80, 0x7f, 0xf0, 0x50, 0x2,
    0x70, 0x9, 0x0, 0x25, 0x10, 0xf, 0xf9, 0x8,
    0x2, 0xc0, 0xb, 0x80, 0x35, 0x80, 0x7f, 0xd2,
    0x1, 0x9c, 0x2, 0x42, 0x0, 0x96, 0x0, 0x3f,
    0xac, 0x80, 0x26, 0x10, 0x8, 0x40, 0x39, 0xec,
    0x80, 0x38, 0xf5, 0x0, 0x31, 0x0, 0x6d, 0x20,
    0xe, 0x4d, 0xb8, 0x78, 0xcc, 0x10, 0x7, 0x25,
    0x80, 0x2c, 0xc0, 0x3f, 0x23, 0xc3, 0x98, 0x7,
    0xe4, 0xa0, 0xe0, 0xc, 0x20, 0x1f, 0xfc, 0x11,
    0x0, 0xdc, 0xb, 0x40, 0x3, 0xea, 0x20, 0xf,
    0xe3, 0xcc, 0x8, 0x2, 0xd0, 0x0, 0xb2, 0x7a,
    0xb, 0xb6, 0xc4, 0x1, 0x1b, 0x66, 0xc, 0xb0,
    0xad, 0x0, 0x33, 0x60, 0x80, 0x49, 0x3b, 0xff,
    0x64, 0x98, 0x4, 0x5a, 0x80, 0x0,

    /* U+00A5 "¥" */
    0x3f, 0xff, 0x84, 0x3, 0xff, 0x81, 0x9f, 0xfe,
    0x63, 0x50, 0xf, 0x48, 0x7, 0xfc, 0x86, 0x1,
    0xc4, 0xc1, 0x0, 0x1e, 0x70, 0xf, 0xfa, 0x0,
    0x3d, 0x20, 0x2, 0x70, 0xf, 0x38, 0x7, 0xf2,
    0x18, 0x7, 0x22, 0x0, 0x29, 0x10, 0xe, 0x90,
    0xf, 0xe8, 0x0, 0xf4, 0x0, 0x61, 0x80, 0xe,
    0x17, 0x0, 0xf9, 0xc, 0x3, 0x98, 0xc0, 0x39,
    0x88, 0x3, 0xa4, 0x3, 0xef, 0x0, 0xf4, 0x0,
    0x7d, 0x20, 0x1c, 0x2e, 0x1, 0xc6, 0x80, 0x1c,
    0xe2, 0x1, 0xf2, 0x20, 0x3, 0xa4, 0x3, 0xa0,
    0x3, 0x86, 0x0, 0x3f, 0xa0, 0x3, 0x85, 0x80,
    0x23, 0x40, 0xe, 0x80, 0xf, 0xf1, 0xa8, 0x7,
    0x40, 0x5, 0x0, 0x1c, 0x4c, 0x1, 0xff, 0x58,
    0x7, 0xb, 0x1, 0xa0, 0x7, 0x48, 0x7, 0xff,
    0x0, 0x5c, 0x3, 0xa0, 0x20, 0x3, 0x91, 0x0,
    0x1f, 0xfc, 0x18, 0x10, 0xc, 0x30, 0x80, 0x1d,
    0x20, 0x1f, 0xfc, 0x38, 0x0, 0xe7, 0x0, 0xe6,
    0x20, 0xf, 0xfe, 0x1b, 0x10, 0x7, 0xfa, 0x0,
    0x3f, 0xeb, 0xee, 0xe2, 0x0, 0xff, 0x7f, 0x76,
    0x80, 0xf, 0x30, 0x8f, 0x0, 0x7f, 0xc2, 0x3e,
    0x0, 0xff, 0xfa, 0x6f, 0xff, 0xc6, 0x1, 0xc5,
    0xff, 0xf4, 0x80, 0x7f, 0xfd, 0x2f, 0xbb, 0xe3,
    0x0, 0xe2, 0xee, 0xfa, 0x0, 0x3c, 0xc2, 0x3f,
    0x0, 0x7c, 0x23, 0xf8, 0x3, 0xff, 0xe9, 0xbf,
    0xff, 0x18, 0x7, 0x17, 0xff, 0xd2, 0x1, 0xff,
    0xff, 0x0, 0xff, 0xff, 0x80, 0x7f, 0xf3, 0xc0,

    /* U+00A6 "¦" */
    0x9f, 0xfe, 0x60, 0xf, 0xff, 0xf8, 0x7, 0xff,
    0x64, 0x47, 0xc7, 0x1d, 0xdc, 0xa0, 0x1f, 0xfc,
    0x99, 0xff, 0xe6, 0x0, 0xff, 0xff, 0x80, 0x7f,
    0xf8, 0x3c, 0xcf, 0x88,

    /* U+00A7 "§" */
    0x0, 0xf9, 0x22, 0xf7, 0xfe, 0xed, 0xa7, 0x20,
    0xf, 0xfe, 0x3, 0xf5, 0xba, 0x10, 0x4, 0x24,
    0xb1, 0xb8, 0x80, 0x1f, 0x8f, 0x60, 0x40, 0x3f,
    0xf8, 0x7, 0x72, 0x1, 0xe3, 0xc2, 0x0, 0xff,
    0xe2, 0x35, 0x0, 0x61, 0xd0, 0xf, 0xfe, 0x3a,
    0xb8, 0x5, 0x22, 0x1, 0xe2, 0x79, 0xba, 0x83,
    0x0, 0xfa, 0x4, 0x0, 0xc0, 0x1e, 0x8d, 0x86,
    0x45, 0x7c, 0xb1, 0x0, 0xf3, 0x81, 0x8, 0x7,
    0x33, 0x80, 0x7c, 0x94, 0x1, 0xec, 0x1, 0x0,
    0xf6, 0x0, 0x7f, 0x21, 0x0, 0x73, 0x80, 0x7f,
    0xf1, 0xd0, 0x3, 0x8c, 0x8, 0x3, 0xdc, 0x1,
    0xfe, 0x9f, 0xfe, 0xe0, 0x11, 0x0, 0x72, 0x59,
    0x0, 0x7f, 0xf1, 0x58, 0x3, 0xc9, 0xb6, 0xa2,
    0x1, 0xff, 0xc2, 0x91, 0x0, 0xf9, 0x2b, 0xb2,
    0xc, 0x3, 0xfe, 0x1d, 0x0, 0xff, 0x1b, 0xe7,
    0xd2, 0x0, 0x7f, 0x1c, 0x0, 0x7f, 0xf0, 0x56,
    0xf5, 0x80, 0x3e, 0x98, 0x0, 0xff, 0xe1, 0x94,
    0xe9, 0x80, 0x68, 0x60, 0xe, 0x20, 0xf, 0xfe,
    0x1, 0x62, 0x0, 0x9, 0xc0, 0x39, 0xf7, 0xe9,
    0x44, 0x3, 0xfd, 0x64, 0x16, 0x1, 0xc5, 0x0,
    0x5, 0xae, 0xc7, 0x10, 0xf, 0xd0, 0xa, 0x1,
    0xce, 0x1, 0xe3, 0x8e, 0x91, 0x0, 0xf2, 0x89,
    0x0, 0x71, 0x80, 0x7f, 0x37, 0x98, 0x7, 0x94,
    0xc0, 0x39, 0x0, 0x3f, 0xc3, 0xe0, 0x1e, 0x26,
    0x0, 0xe2, 0x80, 0xf, 0xf1, 0x80, 0x7d, 0x80,
    0x1e, 0x7d, 0x50, 0xf, 0xc2, 0x1, 0xe2, 0x61,
    0x0, 0xf1, 0x57, 0xd2, 0x80, 0x74, 0x80, 0x79,
    0x6, 0xc0, 0x3f, 0x96, 0xbe, 0xdc, 0x99, 0xc0,
    0x39, 0xc0, 0xb, 0x20, 0x1f, 0xf2, 0x46, 0xc8,
    0x7, 0x1c, 0x0, 0x4d, 0x84, 0x1, 0xff, 0xc5,
    0x4d, 0x0, 0xe3, 0xda, 0x30, 0xf, 0xfe, 0x10,
    0xd0, 0x80, 0x7c, 0xb9, 0xae, 0x40, 0x1f, 0xf0,
    0xe0, 0x80, 0x7f, 0x14, 0x6f, 0x4a, 0x80, 0x7f,
    0x15, 0x80, 0x7f, 0xf0, 0x5, 0xab, 0xe9, 0x0,
    0x3e, 0x52, 0x0, 0xff, 0xe1, 0xad, 0xe1, 0x0,
    0x79, 0x40, 0xd1, 0x38, 0x80, 0x3f, 0x8f, 0xc0,
    0x3d, 0xa1, 0x97, 0x7e, 0x0, 0xff, 0x11, 0x80,
    0x70, 0x81, 0x0, 0x72, 0x0, 0x7f, 0xc2, 0x1,
    0xf3, 0x80, 0x71, 0x40, 0x7, 0xf2, 0x90, 0x7,
    0x10, 0x78, 0x7, 0x9e, 0xd0, 0x3, 0x8a, 0x28,
    0x3, 0xd8, 0xa, 0x40, 0x1e, 0x4b, 0xfe, 0xdd,
    0x7e, 0xb8, 0x7, 0x85, 0x40, 0x1e, 0x1, 0xfc,
    0x24, 0x40, 0xf, 0xea, 0x0, 0x8b, 0x4, 0x3,
    0xff, 0x8d, 0x28, 0x1, 0x8f, 0xd0, 0x3, 0xff,
    0x86, 0x58, 0xc0, 0x1e, 0x1b, 0xc6, 0x10, 0xf,
    0xf2, 0x56, 0x98, 0x7, 0xf1, 0xcf, 0x72, 0xe6,
    0x22, 0x9a, 0xdf, 0xb5, 0x0, 0xf0,

    /* U+00A8 "¨" */
    0x4, 0xcd, 0xb3, 0x0, 0xf1, 0x56, 0xe2, 0x82,
    0x59, 0x92, 0x61, 0x0, 0x61, 0xd5, 0x23, 0xa5,
    0xf0, 0xe, 0xa0, 0xc, 0xc0, 0x1d, 0x20, 0x1f,
    0xfc, 0x6d, 0x0, 0xeb, 0x0, 0xca, 0x1, 0xd4,
    0xd2, 0x20, 0x56, 0x60, 0x18, 0xac, 0xc0, 0x61,
    0x80,

    /* U+00A9 "©" */
    0x0, 0xff, 0x88, 0xc8, 0x3, 0xff, 0x8e, 0x31,
    0xbf, 0xb9, 0xbf, 0xb0, 0x40, 0x1f, 0xfc, 0x29,
    0xe7, 0x20, 0xe, 0x27, 0xda, 0x10, 0xf, 0xf1,
    0xeb, 0x1, 0x46, 0x77, 0xfb, 0x20, 0xc1, 0x7d,
    0x0, 0x3f, 0x1e, 0x10, 0xd6, 0xb9, 0x88, 0x0,
    0xdf, 0x2c, 0x45, 0x6a, 0x1, 0xe1, 0xd0, 0x2f,
    0x50, 0xf, 0xe4, 0xf4, 0xa, 0x30, 0xe, 0xd1,
    0x2c, 0x10, 0x2, 0xdf, 0xfb, 0xad, 0x40, 0x3,
    0x66, 0x1c, 0x1, 0x94, 0xc3, 0xc4, 0x1, 0x74,
    0x80, 0x1, 0x4a, 0xb0, 0xb, 0x44, 0x9c, 0x2,
    0x90, 0x72, 0x0, 0x52, 0x0, 0xbc, 0xb8, 0x82,
    0x40, 0x0, 0x64, 0x24, 0x0, 0x66, 0x9, 0x0,
    0x12, 0x81, 0x7c, 0x34, 0x78, 0x83, 0x80, 0x4e,
    0x22, 0x50, 0x40, 0x41, 0x0, 0x50, 0x2, 0x44,
    0x2, 0x17, 0x0, 0x10, 0x4, 0xe1, 0xe1, 0x81,
    0x80, 0x11, 0x80, 0x10, 0x3, 0xaa, 0x20, 0x60,
    0x16, 0x3, 0x83, 0x1, 0x80, 0x4e, 0x2, 0x1,
    0xe3, 0x77, 0x8, 0x4, 0xc0, 0x40, 0x60, 0xe0,
    0x1f, 0xfc, 0x71, 0x0, 0xff, 0xe8, 0x90, 0x30,
    0x7, 0x8, 0x7, 0xff, 0x4, 0x40, 0x26, 0xd,
    0x0, 0x98, 0x0, 0x40, 0x1d, 0x3f, 0xe2, 0x0,
    0x94, 0xc, 0x30, 0x10, 0x2, 0xf0, 0x5, 0x80,
    0x72, 0x80, 0x8, 0x2, 0xc0, 0x50, 0x70, 0x32,
    0x0, 0x29, 0x3, 0x40, 0x81, 0x49, 0x82, 0x0,
    0x42, 0xa1, 0xa0, 0x28, 0x10, 0x1, 0x70, 0x1,
    0xfb, 0xf5, 0x80, 0x12, 0x1, 0x48, 0x12, 0x0,
    0x20, 0x15, 0x0, 0x7, 0xa6, 0x1, 0xc7, 0x84,
    0x0, 0x37, 0x8, 0x0, 0x8d, 0x82, 0xc8, 0x0,
    0x59, 0xb5, 0x4b, 0xec, 0x30, 0x0, 0xe8, 0x22,
    0x80, 0x69, 0x30, 0xc3, 0x0, 0x89, 0x54, 0x82,
    0x1, 0x16, 0x8, 0xa8, 0x3, 0xda, 0x43, 0x90,
    0x20, 0x1f, 0x9f, 0x48, 0x70, 0x40, 0x3c, 0x38,
    0x80, 0xfd, 0x4c, 0x64, 0x6b, 0x3f, 0x0, 0x78,
    0x40, 0x1f, 0x86, 0xe8, 0x81, 0x67, 0x37, 0x29,
    0x80, 0x63, 0x8, 0x3, 0xfe, 0x5d, 0xb6, 0x20,
    0x8, 0x96, 0xb9, 0xc0, 0x3e,

    /* U+00AA "ª" */
    0x0, 0xc5, 0x19, 0xff, 0x6c, 0x10, 0x7, 0xcf,
    0xae, 0x60, 0x11, 0x3e, 0xb8, 0x7, 0x44, 0x0,
    0x3f, 0xa1, 0x40, 0x22, 0x70, 0x8, 0x5a, 0x18,
    0x3, 0x58, 0x5, 0x40, 0x11, 0x7c, 0xbc, 0xe0,
    0x4, 0x26, 0x0, 0xe4, 0x21, 0xa1, 0x0, 0x8c,
    0xc0, 0x12, 0x80, 0x1a, 0xf7, 0x9c, 0x3, 0x98,
    0x2, 0x10, 0xf, 0xfe, 0x49, 0xce, 0x77, 0xfe,
    0x50, 0xf, 0xd, 0xe3, 0x18, 0x80, 0x7f, 0xda,
    0x80, 0x18, 0xd1, 0x21, 0x0, 0xe4, 0x30, 0xa,
    0x3f, 0x2e, 0xe4, 0x0, 0xec, 0x0, 0x95, 0xc0,
    0x3f, 0xe1, 0x0, 0x88, 0x3, 0x89, 0x0, 0x3b,
    0x80, 0x27, 0x50, 0x1, 0xc6, 0x88, 0x7, 0x28,
    0x6, 0xaf, 0xf6, 0x38, 0x7, 0x78, 0x13, 0x80,
    0x7e, 0x27, 0x0, 0x8c, 0x1, 0x12, 0x20, 0x1c,
    0xd9, 0x60, 0x12, 0x80, 0x4d, 0xd9, 0x54, 0xbf,
    0x91, 0x3f, 0xfb, 0x80,

    /* U+00AB "«" */
    0x0, 0xf2, 0x6e, 0xd8, 0x1, 0x9b, 0x76, 0xb0,
    0xf, 0xd, 0x11, 0x54, 0x1, 0x14, 0x91, 0x5e,
    0x1, 0xea, 0x10, 0x1, 0xb0, 0x5, 0xc0, 0x12,
    0x20, 0x3, 0x99, 0x0, 0x2f, 0x0, 0xa0, 0xc0,
    0x29, 0x0, 0xe2, 0x90, 0x9, 0x8c, 0x0, 0x8e,
    0x1, 0x39, 0x0, 0x77, 0x80, 0x43, 0x0, 0x1,
    0xa0, 0x8, 0xa0, 0x3, 0xa4, 0x80, 0x28, 0x10,
    0x5, 0x8, 0x5, 0x20, 0x1c, 0x8c, 0x1, 0x1b,
    0x0, 0x19, 0x0, 0x24, 0x40, 0x6, 0x1a, 0x0,
    0xde, 0x0, 0x29, 0x0, 0xd2, 0x1, 0xd2, 0x20,
    0x12, 0x18, 0x2, 0x0, 0x33, 0x10, 0x7, 0x50,
    0x6, 0x42, 0x0, 0x48, 0x6, 0x71, 0x0, 0xe2,
    0x90, 0xd, 0x20, 0x3, 0x70, 0x8, 0x60, 0x3,
    0xcc, 0xa0, 0x12, 0x28, 0x2, 0xc, 0x2, 0x63,
    0x0, 0xf5, 0x88, 0x5, 0x60, 0x17, 0x0, 0x6f,
    0x0, 0xf0, 0xe8, 0x4, 0x30, 0x0, 0x2a, 0x0,
    0x8d, 0x80, 0x3c, 0x6e, 0x1, 0x39, 0x0, 0x15,
    0x40, 0x14, 0x8, 0x7, 0xa0, 0xc0, 0x29, 0x0,
    0xa8, 0x80, 0x3, 0x0, 0x1f, 0x70, 0x4, 0x8a,
    0x1, 0x70, 0x4, 0xc6, 0x1, 0xe2, 0xa0, 0xa,
    0xc0, 0x23, 0x80, 0xb, 0xc0,

    /* U+00AC "¬" */
    0x0, 0xff, 0xe4, 0x57, 0xff, 0xff, 0x1b, 0x80,
    0x3f, 0xfe, 0x15, 0xff, 0xff, 0xc2, 0x30, 0xf,
    0xff, 0xf8, 0x7, 0xff, 0x44,

    /* U+00AD "­" */
    0x15, 0x5f, 0xfe, 0x38, 0x3d, 0x57, 0xff, 0x1c,
    0x80, 0x3f, 0xff, 0xe0, 0x1f, 0xc0,

    /* U+00AE "®" */
    0x0, 0xff, 0x88, 0xc8, 0x3, 0xff, 0x8c, 0x51,
    0xbf, 0xb9, 0xbf, 0xb0, 0x40, 0x1f, 0xfc, 0x1,
    0x9d, 0x72, 0x0, 0xe2, 0x7d, 0xa1, 0x0, 0xfe,
    0x3f, 0x60, 0x28, 0xce, 0xff, 0x64, 0x10, 0x2f,
    0xa0, 0x7, 0xc9, 0x82, 0x2a, 0xd7, 0x31, 0x0,
    0x1b, 0xed, 0x8, 0xad, 0x0, 0x38, 0xac, 0xf,
    0xd4, 0x3, 0xf9, 0x7c, 0xc2, 0xcc, 0x3, 0x70,
    0x16, 0xd, 0x7f, 0xf7, 0x5b, 0x0, 0x7, 0xc,
    0x38, 0x2, 0x63, 0xf, 0x0, 0xfc, 0x29, 0x38,
    0x20, 0xd, 0x2, 0x60, 0x5, 0x83, 0x90, 0x7,
    0x55, 0x50, 0x60, 0x70, 0x0, 0x18, 0x8, 0x3,
    0x20, 0x90, 0xf, 0x2a, 0xcf, 0x84, 0xe, 0x1,
    0x38, 0xa, 0x58, 0x20, 0x80, 0x7f, 0xce, 0x2,
    0x1, 0x94, 0x34, 0xc3, 0x0, 0x3f, 0xf8, 0xe,
    0x4, 0x1, 0xbc, 0x15, 0x80, 0xc0, 0x3e, 0x66,
    0x9f, 0x48, 0x20, 0x3, 0x30, 0x11, 0x83, 0x80,
    0x7d, 0x33, 0x41, 0xd, 0x28, 0x6, 0x10, 0x10,
    0xf, 0xfe, 0x1f, 0xa8, 0x7, 0xe3, 0x6, 0x0,
    0xfb, 0xfe, 0x10, 0x90, 0xf, 0x8, 0xb, 0x6,
    0x80, 0x7f, 0x98, 0x1c, 0x40, 0x39, 0x40, 0xb0,
    0x10, 0x3, 0xfd, 0x20, 0x9, 0x0, 0xed, 0x4,
    0x50, 0x32, 0x0, 0xfe, 0x16, 0x7, 0x10, 0x8,
    0x50, 0x2c, 0x90, 0x20, 0x3, 0xfd, 0x60, 0x9,
    0x0, 0xa0, 0xc, 0xc1, 0x0, 0xa8, 0x1, 0xfc,
    0x48, 0xe, 0x20, 0x6c, 0x10, 0x0, 0x35, 0xa,
    0x20, 0xaf, 0xf0, 0x7, 0x5f, 0xf8, 0x4b, 0x41,
    0x10, 0x1, 0x51, 0xe, 0x20, 0x7, 0xfc, 0x78,
    0x22, 0xa0, 0xe, 0xc2, 0x1b, 0x91, 0x0, 0xf8,
    0x63, 0x4, 0x58, 0x20, 0x1c, 0x38, 0x80, 0xdd,
    0x6c, 0x86, 0x8d, 0x5c, 0xe0, 0x7e, 0x40, 0x1f,
    0xd, 0xc8, 0x82, 0x4d, 0xe5, 0xca, 0x80, 0xce,
    0x8, 0x7, 0xf9, 0xba, 0xd8, 0x80, 0x22, 0x5a,
    0xe6, 0x0, 0xf0,

    /* U+00AF "¯" */
    0x8e, 0xef, 0xfe, 0x23, 0x88, 0xff, 0xf1, 0x7c,
    0x3, 0xff, 0xb0,

    /* U+00B0 "°" */
    0x0, 0x86, 0x37, 0xfa, 0xd0, 0x3, 0x93, 0x9c,
    0x80, 0x52, 0xe4, 0x2, 0x3b, 0x0, 0xf9, 0xa4,
    0x1, 0xc0, 0x11, 0xc3, 0x0, 0x4c, 0x68, 0x40,
    0x7, 0xc7, 0x9c, 0x0, 0xab, 0x0, 0x3, 0x0,
    0x11, 0xa8, 0x1, 0x4, 0x0, 0x40, 0x1d, 0xa0,
    0x3, 0x10, 0x1, 0x0, 0x77, 0x0, 0xf, 0x40,
    0x3, 0x0, 0x11, 0x30, 0x1, 0xd4, 0x40, 0xf,
    0x91, 0x3a, 0x1, 0x48, 0x50, 0x4, 0x6e, 0xc0,
    0x13, 0x18, 0x25, 0x0, 0x7c, 0xb2, 0x1, 0x2e,
    0xb0, 0x80, 0x12, 0xe8, 0x0,

    /* U+00B1 "±" */
    0x0, 0xfc, 0x8e, 0xfc, 0x20, 0x1f, 0xfc, 0x3d,
    0x88, 0xe3, 0x0, 0xff, 0xff, 0x80, 0x7f, 0xff,
    0xc0, 0x3f, 0xe8, 0xff, 0xf9, 0x80, 0x3b, 0x7f,
    0xfd, 0xc0, 0x1f, 0xff, 0xf0, 0xf, 0xfe, 0xe,
    0x44, 0x7c, 0x60, 0x1c, 0xd1, 0x1e, 0x94, 0x77,
    0xf9, 0x40, 0x3a, 0xdd, 0xfe, 0x0, 0xff, 0xff,
    0x80, 0x7f, 0xff, 0xc0, 0x3f, 0xf8, 0x13, 0xff,
    0xc4, 0x1, 0xff, 0xd2, 0x55, 0xff, 0xe4, 0x8,
    0x55, 0x7f, 0xf2, 0xc, 0x3, 0xff, 0xfe, 0x1,
    0xff, 0xc1,

    /* U+00B2 "²" */
    0x0, 0xc7, 0x3b, 0xfe, 0xec, 0x82, 0x0, 0xf5,
    0x63, 0x10, 0x0, 0x4d, 0xf6, 0x0, 0x35, 0xa8,
    0x7, 0xf3, 0xb8, 0x0, 0xa8, 0x1, 0x84, 0xc0,
    0x3a, 0x0, 0x12, 0x1, 0xa7, 0xb3, 0xcc, 0x3,
    0x20, 0x18, 0x4, 0x4c, 0x1, 0x50, 0x6, 0x10,
    0xcc, 0xde, 0x1, 0xbc, 0x3, 0x8, 0x19, 0xe2,
    0x0, 0x8d, 0x80, 0x21, 0x40, 0xf, 0xc7, 0xa0,
    0x1a, 0xc0, 0x3f, 0x26, 0x8, 0x4, 0xea, 0x1,
    0xf3, 0x58, 0x6, 0x88, 0x0, 0x7d, 0x32, 0x0,
    0x86, 0xdc, 0x3, 0xc3, 0x6c, 0x1, 0x1e, 0x20,
    0x7, 0x8b, 0x10, 0x2, 0x6c, 0x20, 0xf, 0x1e,
    0x10, 0x4, 0x25, 0x77, 0xea, 0xa, 0x10, 0xc,
    0x28, 0x9f, 0x80, 0x3f, 0xfa, 0x80,

    /* U+00B3 "³" */
    0x0, 0xcb, 0x5b, 0xff, 0x6c, 0xa0, 0x7, 0x16,
    0xd2, 0x90, 0x4, 0x4d, 0x78, 0x20, 0x1, 0xc2,
    0x0, 0xfe, 0x3c, 0x0, 0x40, 0x80, 0x62, 0x31,
    0x0, 0xc4, 0xa0, 0x42, 0x3b, 0x75, 0x9d, 0x0,
    0x1b, 0x42, 0xfb, 0xb1, 0x0, 0x48, 0x1, 0xbc,
    0x3, 0xc4, 0x43, 0x5e, 0x0, 0xcc, 0x1, 0xec,
    0xdc, 0xa2, 0x0, 0x16, 0x8, 0x7, 0xff, 0x0,
    0xa4, 0xc0, 0x3f, 0xf8, 0x25, 0x72, 0x1, 0xf7,
    0x7f, 0xb5, 0x40, 0x26, 0x60, 0x7, 0xf1, 0x50,
    0x6, 0xa1, 0xbb, 0xce, 0x1, 0xc2, 0x1, 0x10,
    0xa2, 0x68, 0x40, 0x9, 0x84, 0x2, 0x20, 0x50,
    0xd, 0x7b, 0x9d, 0x20, 0x1a, 0xc2, 0x4, 0x3,
    0x11, 0x88, 0x6, 0x27, 0x2, 0xc2, 0x0, 0xfe,
    0x4c, 0x0, 0x8b, 0x69, 0x48, 0x0, 0x26, 0xd9,
    0x62, 0x0,

    /* U+00B4 "´" */
    0x0, 0xe8, 0x99, 0xf1, 0x0, 0x66, 0x76, 0x6e,
    0xe2, 0x0, 0x86, 0x40, 0x3a, 0x1c, 0x3, 0x50,
    0x7, 0x43, 0x80, 0x66, 0x40, 0xd, 0xe, 0x1,
    0x86, 0x40, 0x34, 0x38, 0x7, 0x50, 0x6, 0x77,
    0x0, 0x70,

    /* U+00B5 "µ" */
    0xff, 0xf4, 0x0, 0x7e, 0x3f, 0xff, 0x28, 0x7,
    0xff, 0xfc, 0x3, 0xff, 0xfe, 0x1, 0xff, 0xff,
    0x0, 0xff, 0xff, 0x80, 0x7f, 0xf9, 0xc4, 0x3,
    0xff, 0x94, 0x40, 0x1f, 0xfc, 0xa4, 0x0, 0xfc,
    0xe0, 0x1f, 0xfc, 0x27, 0x0, 0xfa, 0x0, 0x3f,
    0xf8, 0x50, 0xc0, 0x19, 0x34, 0xc0, 0x3f, 0xf8,
    0x73, 0xfb, 0xaf, 0xb2, 0x0, 0xff, 0xe3, 0x11,
    0x0, 0x3f, 0xfc, 0xa6, 0x20, 0x1f, 0xfc, 0x3,
    0x20, 0xf, 0x3e, 0x10, 0x7, 0xff, 0x1, 0x37,
    0x26, 0x21, 0x5d, 0x1, 0x9f, 0xfc, 0xa0, 0x1f,
    0x8d, 0x9d, 0xca, 0x20, 0x1f, 0xff, 0xf0, 0xf,
    0xff, 0xf8, 0x7, 0xff, 0x7c,

    /* U+00B6 "¶" */
    0x0, 0xf0, 0xb5, 0xef, 0xff, 0xe9, 0x0, 0xc3,
    0x3d, 0x28, 0x40, 0x1f, 0xfc, 0x4, 0xf6, 0x0,
    0xff, 0xe1, 0xa5, 0x88, 0x7, 0xff, 0xc, 0x6c,
    0x3, 0xff, 0x8b, 0x60, 0x1f, 0xfc, 0x52, 0x50,
    0xf, 0xfe, 0x2a, 0x80, 0x7f, 0xf1, 0xb0, 0x3,
    0xff, 0x8c, 0xc0, 0x1f, 0xfc, 0x63, 0x0, 0xff,
    0xec, 0x98, 0x7, 0xff, 0x19, 0x80, 0x3f, 0xf8,
    0xd8, 0x1, 0xff, 0xc6, 0x50, 0xf, 0xfe, 0x31,
    0x20, 0x7, 0xff, 0x1a, 0x40, 0x3f, 0xf8, 0xc5,
    0x40, 0x1f, 0xfc, 0x65, 0xa0, 0xf, 0xfe, 0x32,
    0xea, 0x0, 0x7f, 0xf1, 0x4a, 0xf1, 0xcc, 0x3,
    0xff, 0x88, 0x71, 0x9f, 0xee, 0xe3, 0x80, 0x7f,
    0xf1, 0x4, 0x5e, 0x1, 0xff, 0xff, 0x0, 0xff,
    0xff, 0x80, 0x7f, 0xf8, 0x40,

    /* U+00B7 "·" */
    0x0, 0xfe, 0x1a, 0xff, 0x6b, 0x0, 0x35, 0x40,
    0x5, 0x2c, 0x86, 0x1, 0xd6, 0x40, 0x1e, 0x22,
    0x0, 0x78, 0x90, 0xc0, 0x3a, 0xc3, 0x58, 0x40,
    0xa9, 0x80,

    /* U+00B8 "¸" */
    0x1f, 0xfd, 0x60, 0x19, 0x0, 0x33, 0x30, 0x2,
    0xd0, 0xc, 0x53, 0xa2, 0x19, 0x8, 0x1, 0x8a,
    0x81, 0x1e, 0xdc, 0x3, 0x20, 0x6, 0xe0, 0xe,
    0x10, 0x0, 0xd0, 0x7, 0x8, 0xb7, 0x8c, 0x3,
    0x28, 0x0, 0x80, 0x38, 0x60, 0x4, 0x3, 0x8f,
    0x8, 0x2, 0x13, 0x6b, 0xc2, 0x0, 0x0,

    /* U+00B9 "¹" */
    0x0, 0xfc, 0x84, 0x1, 0xc9, 0x5d, 0x68, 0x0,
    0x5a, 0xfb, 0x51, 0x0, 0x47, 0xd2, 0x80, 0x79,
    0x0, 0x3f, 0xf8, 0xee, 0x6f, 0x52, 0x1, 0xd7,
    0x90, 0xa4, 0x1, 0xff, 0xff, 0x0, 0xff, 0xee,
    0x0,

    /* U+00BA "º" */
    0x0, 0xc7, 0x3b, 0xfe, 0xec, 0x71, 0x0, 0xfa,
    0xb1, 0x88, 0x0, 0x27, 0x1c, 0xe0, 0x1d, 0x8a,
    0x1, 0xfd, 0x10, 0x0, 0xa4, 0xc0, 0x22, 0x78,
    0x60, 0xc, 0xea, 0x4, 0xc0, 0x13, 0x6c, 0x3c,
    0xf1, 0x80, 0x50, 0xa, 0x1, 0x14, 0x80, 0x61,
    0xe0, 0x8, 0x89, 0xa0, 0x12, 0x80, 0x78, 0x8c,
    0x2, 0x46, 0x0, 0xb4, 0x3, 0xe6, 0x0, 0x84,
    0x3, 0xff, 0xce, 0xe0, 0x11, 0x80, 0x7c, 0x20,
    0x10, 0x98, 0x5, 0x80, 0x1f, 0x28, 0x4, 0x58,
    0x1, 0x29, 0x80, 0x73, 0x88, 0x4, 0x88, 0x20,
    0xb, 0x58, 0x40, 0xa2, 0x0, 0x13, 0x0, 0x38,
    0x2, 0x19, 0xef, 0xd7, 0x0, 0x8a, 0x0, 0x7,
    0x60, 0x1f, 0xe2, 0xf1, 0x0, 0x93, 0x98, 0x3,
    0xc3, 0x1a, 0x40, 0x1c, 0x33, 0xf9, 0x32, 0xac,
    0xe7, 0x0, 0xc0,

    /* U+00BB "»" */
    0x5d, 0xda, 0xc0, 0x33, 0xee, 0xd2, 0x1, 0xf2,
    0x81, 0x11, 0x20, 0x2, 0x62, 0x29, 0x98, 0x1,
    0xf4, 0x80, 0x4e, 0x80, 0x1, 0x80, 0xa, 0x48,
    0x3, 0xc8, 0xa0, 0x15, 0x8, 0x1, 0xc8, 0x2,
    0xe0, 0xf, 0xac, 0x2, 0x1a, 0x0, 0xb8, 0x2,
    0x38, 0x0, 0xf0, 0xc0, 0x4, 0x8c, 0x0, 0x35,
    0x0, 0x9d, 0x0, 0x3c, 0xe4, 0x1, 0x49, 0x0,
    0x2c, 0x3, 0x50, 0x80, 0x7a, 0x40, 0x37, 0x80,
    0x6, 0x0, 0x21, 0xa0, 0xf, 0x22, 0x80, 0x45,
    0x20, 0x7, 0x20, 0x9, 0x18, 0x3, 0xd2, 0x1,
    0x98, 0x80, 0x10, 0x1, 0xa4, 0x3, 0xd4, 0x1,
    0x90, 0x80, 0x1c, 0x1, 0x9c, 0x3, 0x8d, 0x80,
    0x21, 0xa0, 0x2, 0xa0, 0x4, 0x70, 0x1, 0xde,
    0x1, 0xa8, 0x40, 0x16, 0x1, 0xb8, 0x3, 0x98,
    0xc0, 0x27, 0x40, 0x4, 0x8, 0x5, 0x44, 0x1,
    0x86, 0x0, 0x23, 0x80, 0x1, 0x38, 0x4, 0xaa,
    0x0, 0xe8, 0x10, 0xb, 0x80, 0x29, 0x0, 0x8a,
    0x80, 0x38, 0x98, 0x2, 0xa2, 0x0, 0x2a, 0x0,
    0x5c, 0x1, 0xee, 0x0, 0x95, 0x40, 0x15, 0x80,
    0x50, 0x60, 0x1c, 0xa6, 0x0, 0x2a, 0x0, 0xa0,
    0x40, 0x6, 0xe0, 0x1e,

    /* U+00BC "¼" */
    0x0, 0xfc, 0x20, 0x1f, 0xfc, 0xb4, 0x9e, 0xd0,
    0xf, 0xfe, 0x42, 0x4f, 0x5b, 0x8, 0x7, 0xff,
    0x1d, 0x7a, 0xd8, 0x40, 0x3f, 0xf9, 0x44, 0x20,
    0x1f, 0xfd, 0x11, 0x0, 0xff, 0xe5, 0x1c, 0x67,
    0xc8, 0x7, 0xff, 0x1, 0xac, 0xc0, 0x3e, 0x47,
    0x30, 0xf, 0xfe, 0x14, 0x26, 0x48, 0x7, 0xff,
    0x2a, 0x4, 0x1, 0xe0, 0x1f, 0xfc, 0x91, 0x70,
    0x1, 0x30, 0x7, 0xff, 0x26, 0x0, 0x28, 0x0,
    0xff, 0xe4, 0x93, 0x0, 0xd, 0x40, 0x3f, 0xf9,
    0x32, 0x1, 0x78, 0x7, 0xff, 0x25, 0x10, 0x0,
    0x53, 0x0, 0xff, 0xe4, 0xc8, 0x5, 0x0, 0x1f,
    0xfc, 0x95, 0x20, 0x3, 0x10, 0x7, 0xff, 0x26,
    0xc0, 0x28, 0x0, 0xff, 0xe1, 0x23, 0xbd, 0x40,
    0x7, 0x10, 0x4, 0x8, 0x7, 0xff, 0x8, 0xe2,
    0x26, 0x1, 0x80, 0x0, 0xb8, 0x6, 0xbc, 0xc9,
    0x80, 0x3f, 0xf8, 0x10, 0x1, 0x58, 0x6, 0xa4,
    0x33, 0xb8, 0x3, 0xfe, 0x26, 0x0, 0x12, 0x80,
    0x4a, 0xa0, 0xf, 0xfe, 0x24, 0x0, 0x52, 0x1,
    0x15, 0x0, 0x7f, 0xf1, 0xd, 0x40, 0x8, 0x80,
    0xb, 0x80, 0x3f, 0xf8, 0xbe, 0x1, 0x48, 0x5,
    0x6, 0x0, 0x10, 0xf, 0xfe, 0xa, 0x98, 0x1,
    0x88, 0x0, 0x8e, 0x0, 0x72, 0x0, 0xff, 0xe0,
    0xc0, 0x5, 0x0, 0x1, 0xa0, 0x2, 0x40, 0x7,
    0xff, 0x5, 0x88, 0x0, 0xe2, 0x0, 0xa1, 0x1,
    0xa0, 0xf, 0xfe, 0x14, 0x0, 0x6, 0x0, 0xc,
    0x80, 0xd, 0x10, 0xf, 0xfe, 0x17, 0xb0, 0x40,
    0x0, 0xa4, 0x2, 0xcf, 0xf1, 0x80, 0x4f, 0xec,
    0x1, 0xe1, 0x9e, 0x60, 0x0, 0x80, 0x7f, 0xf2,
    0x84, 0x2, 0x10, 0xf, 0xfe, 0x71, 0x44, 0x7c,
    0x20, 0x12, 0x42, 0x80, 0x7f, 0xf0, 0x5d, 0xfe,
    0x20, 0x8, 0xdc, 0xc0, 0x3f, 0xfd, 0x40,

    /* U+00BD "½" */
    0x0, 0xf0, 0xb4, 0x0, 0x7f, 0xf2, 0xc5, 0xaf,
    0xa5, 0x0, 0x3f, 0xf9, 0x2, 0xd9, 0xd2, 0x80,
    0x1f, 0xfc, 0xb6, 0x93, 0x0, 0xff, 0xf6, 0xa3,
    0xb0, 0x7, 0xff, 0x1, 0x0, 0x3f, 0xe7, 0xfb,
    0x8f, 0x0, 0xff, 0x92, 0xf5, 0x40, 0x3f, 0xf9,
    0xb2, 0x5, 0x42, 0x1, 0xff, 0xcb, 0x52, 0x0,
    0x30, 0x80, 0x7f, 0xf2, 0xe0, 0x2, 0x80, 0xf,
    0xfe, 0x5b, 0x10, 0x2, 0x4, 0x3, 0xff, 0x97,
    0x0, 0x1, 0x70, 0xf, 0xfe, 0x5c, 0x8, 0x2,
    0x0, 0x3f, 0xf9, 0x62, 0xe0, 0x2, 0x60, 0xf,
    0xfe, 0x5c, 0x0, 0x50, 0x1, 0xff, 0xcb, 0x26,
    0x0, 0x1a, 0x80, 0x7f, 0xf2, 0xe0, 0x2, 0x80,
    0xf, 0xfe, 0x2b, 0x7f, 0xd8, 0x4, 0xa0, 0x4,
    0x40, 0x7, 0xff, 0x2e, 0x40, 0x28, 0x0, 0x9f,
    0x3f, 0xdd, 0x90, 0x20, 0x1f, 0xfc, 0x3, 0x40,
    0x2, 0x98, 0x1f, 0x41, 0x80, 0x4, 0xdf, 0x90,
    0x3, 0xfe, 0xf0, 0xa, 0x0, 0xb0, 0x40, 0x3f,
    0x59, 0x0, 0x7f, 0x29, 0x80, 0x18, 0x82, 0x0,
    0x32, 0xc3, 0x0, 0x6a, 0x0, 0xfe, 0x80, 0xa,
    0x0, 0xa, 0x1, 0x45, 0x3c, 0xa8, 0x4, 0x60,
    0x1f, 0x98, 0x80, 0xe, 0x20, 0x26, 0x79, 0x80,
    0x22, 0x0, 0x9c, 0x3, 0xf4, 0x0, 0x6, 0x40,
    0x3, 0x99, 0x84, 0x2, 0x50, 0x9, 0x80, 0x3e,
    0x71, 0x0, 0x48, 0x80, 0x7f, 0xa4, 0x80, 0x2e,
    0x0, 0xf0, 0xc8, 0x0, 0x5c, 0x3, 0xfd, 0xc,
    0x1, 0x32, 0x0, 0x7a, 0x44, 0x1, 0x0, 0x1f,
    0xea, 0x70, 0x9, 0x24, 0x3, 0xe8, 0x80, 0x13,
    0x0, 0x7f, 0x5a, 0x80, 0x4d, 0x60, 0x1f, 0xcf,
    0xde, 0x1, 0xf8, 0x71, 0x0, 0x28, 0x90, 0xf,
    0xf8, 0x48, 0x3, 0xe1, 0xc3, 0x0, 0xd, 0xb8,
    0x7, 0xff, 0x20, 0xbc, 0x80, 0x26, 0x26, 0x6e,
    0x10, 0xf, 0xfe, 0x1c, 0x88, 0x6, 0x79, 0x9f,
    0x28, 0x7, 0xff, 0xb8,

    /* U+00BE "¾" */
    0x0, 0xe3, 0x66, 0x29, 0x80, 0x7f, 0xf2, 0xa3,
    0xf2, 0x65, 0x59, 0xf2, 0x20, 0x1f, 0xfc, 0x6d,
    0x70, 0xf, 0x9b, 0xc4, 0x3, 0xff, 0x89, 0x4,
    0x1, 0xfc, 0x36, 0x1, 0xff, 0xc4, 0x50, 0x9,
    0x77, 0xf5, 0x0, 0x25, 0x0, 0xff, 0xe2, 0x7e,
    0xed, 0x44, 0x5, 0xe0, 0x1f, 0xe1, 0x10, 0x7,
    0xe2, 0x2c, 0x1, 0xb8, 0x2, 0x50, 0xf, 0x5f,
    0x51, 0x0, 0x7f, 0x9f, 0x75, 0xea, 0x0, 0x2b,
    0x0, 0xe2, 0x50, 0x58, 0x0, 0xff, 0x79, 0x10,
    0x2, 0x4d, 0x10, 0xe, 0x90, 0xa, 0x0, 0x3f,
    0xf8, 0x89, 0xc6, 0x1, 0x91, 0x0, 0x6, 0x20,
    0xf, 0xf4, 0x7f, 0xb5, 0x40, 0x3, 0xc0, 0x1a,
    0x0, 0x28, 0x0, 0xff, 0xe1, 0x15, 0x0, 0x44,
    0x60, 0x5, 0x30, 0x4, 0x8, 0x7, 0x8b, 0x77,
    0x8, 0x7, 0xe7, 0x0, 0x40, 0x0, 0x5c, 0x3,
    0xe3, 0x22, 0xd4, 0x40, 0x34, 0x1, 0x98, 0x18,
    0x80, 0x10, 0x1, 0xf8, 0x54, 0x2, 0x4d, 0xfe,
    0x50, 0x8, 0xc8, 0x20, 0x0, 0x4c, 0x1, 0xfd,
    0x64, 0x1, 0xfc, 0x3c, 0x10, 0x20, 0x8, 0x0,
    0xff, 0xe, 0xb8, 0x7, 0x85, 0xfc, 0x85, 0xc0,
    0x6, 0xa0, 0x1f, 0xfc, 0x8, 0xfc, 0xa9, 0xac,
    0xe8, 0x10, 0x80, 0xa, 0x0, 0x3f, 0xf8, 0x66,
    0xac, 0xa6, 0x1, 0x13, 0x0, 0x11, 0x0, 0x15,
    0x66, 0x4e, 0x1, 0xff, 0xc3, 0x80, 0xa, 0x0,
    0x28, 0x53, 0x3b, 0x40, 0x3f, 0xf8, 0x46, 0xa0,
    0x5, 0x30, 0x2, 0x38, 0x7, 0xff, 0x1f, 0xc0,
    0x28, 0x0, 0xd, 0x0, 0x7f, 0xf1, 0xd0, 0xc0,
    0xc, 0x40, 0xb, 0x10, 0xf, 0xfe, 0x3c, 0x80,
    0x50, 0x0, 0x65, 0x0, 0x8, 0x7, 0xff, 0x11,
    0x88, 0x0, 0xe2, 0x5, 0x20, 0x5, 0x40, 0xf,
    0xfe, 0x24, 0x0, 0x6, 0x40, 0x1e, 0x0, 0x2a,
    0x0, 0xff, 0xe2, 0x38, 0x80, 0x24, 0x42, 0x48,
    0x1, 0xe0, 0x1f, 0xfc, 0x59, 0x0, 0xb, 0x82,
    0x30, 0x2, 0xc8, 0x3, 0xff, 0x8b, 0xec, 0x10,
    0x0, 0xa0, 0xa, 0xff, 0xca, 0x1, 0x2f, 0xc0,
    0x7, 0xf0, 0xce, 0xb0, 0x8, 0x80, 0x3f, 0xf9,
    0x84, 0x0, 0x10, 0xf, 0xfe, 0x8c, 0x47, 0xc6,
    0x1, 0x1c, 0x60, 0x7, 0xff, 0xd, 0xdf, 0xe6,
    0x0, 0x99, 0xd0, 0x3, 0xff, 0xdc,

    /* U+00BF "¿" */
    0x0, 0xfe, 0x5d, 0xfe, 0x90, 0xf, 0xfe, 0x20,
    0xd1, 0x0, 0xb4, 0x0, 0x7f, 0xf0, 0xd0, 0x3,
    0x90, 0x3, 0xff, 0x92, 0x20, 0x1f, 0xfc, 0x37,
    0x0, 0xe4, 0x0, 0xff, 0xe1, 0x94, 0x0, 0x47,
    0x0, 0x1f, 0xfc, 0x47, 0xfe, 0xfc, 0x10, 0xf,
    0xfe, 0x30, 0x80, 0x7f, 0xfc, 0x8e, 0xef, 0x98,
    0x3, 0xff, 0x86, 0xc8, 0x9d, 0xc0, 0x1f, 0xfc,
    0x33, 0x0, 0xff, 0xe4, 0xe8, 0x7, 0x70, 0x7,
    0xff, 0x9, 0x90, 0x3, 0x88, 0x3, 0xff, 0x82,
    0xd2, 0x1, 0xc2, 0x80, 0x1f, 0xfc, 0x6, 0x90,
    0xf, 0x58, 0x7, 0xff, 0x1, 0xa4, 0x3, 0xd2,
    0xa0, 0x1f, 0xf2, 0xc8, 0x7, 0xad, 0x80, 0x3f,
    0xe3, 0xa0, 0xf, 0x52, 0x0, 0x7f, 0xf0, 0x38,
    0x3, 0xd2, 0xa0, 0x1f, 0xfc, 0x6, 0x20, 0xe,
    0x56, 0x0, 0xff, 0xe0, 0xd8, 0x7, 0xac, 0x3,
    0xff, 0x82, 0x24, 0x1, 0xcc, 0x20, 0x1f, 0xfc,
    0x12, 0x0, 0xf6, 0x0, 0x7f, 0xf0, 0x9c, 0x3,
    0xc2, 0x1, 0xf6, 0x77, 0x75, 0x38, 0x7, 0x8c,
    0x3, 0xc2, 0x62, 0x3c, 0x66, 0x0, 0xf5, 0x0,
    0x7a, 0x0, 0x3d, 0xe0, 0x60, 0x1c, 0x58, 0x80,
    0x3, 0xa6, 0x0, 0xf2, 0x5, 0x0, 0x78, 0xef,
    0xfd, 0x8a, 0x1, 0xe4, 0x20, 0x63, 0x0, 0xff,
    0xe2, 0xc8, 0x5, 0xc2, 0x1, 0xff, 0xc3, 0xb2,
    0x0, 0x8b, 0xd0, 0x3, 0xff, 0x80, 0x58, 0x80,
    0x1c, 0x37, 0x65, 0x0, 0xfc, 0x95, 0xa6, 0x1,
    0xf9, 0x2b, 0xf6, 0xea, 0xac, 0xfb, 0x50, 0xe,

    /* U+00C0 "À" */
    0x0, 0xf2, 0xff, 0xfa, 0x80, 0x3f, 0xf9, 0x2b,
    0x20, 0x1c, 0xa8, 0x1, 0xff, 0xc9, 0x68, 0x0,
    0xea, 0x0, 0xff, 0xe5, 0x3b, 0x80, 0x30, 0xc0,
    0x7, 0xff, 0x2a, 0x18, 0x3, 0x39, 0x80, 0x7f,
    0xf2, 0xa5, 0x40, 0x37, 0x80, 0x7f, 0xf2, 0xe9,
    0xd9, 0xa5, 0x20, 0xf, 0xfe, 0x5c, 0x4c, 0xe2,
    0x0, 0xff, 0xf3, 0xaf, 0xff, 0x80, 0x3f, 0xf9,
    0x5e, 0x1, 0xe4, 0x0, 0xff, 0xe4, 0xa8, 0x7,
    0xb4, 0x3, 0xff, 0x90, 0x80, 0x1f, 0x38, 0x7,
    0xff, 0x23, 0x80, 0x3e, 0x14, 0x0, 0xff, 0xe3,
    0xa8, 0x7, 0xed, 0x0, 0xff, 0xe3, 0x20, 0x7,
    0xf3, 0x80, 0x7f, 0xf1, 0xb8, 0x3, 0xf8, 0x4c,
    0x3, 0xff, 0x8a, 0x80, 0x1f, 0xeb, 0x0, 0xff,
    0xe2, 0x20, 0x80, 0x65, 0x0, 0xe6, 0x0, 0xff,
    0xe2, 0x68, 0x7, 0x7a, 0x0, 0x61, 0x30, 0xf,
    0xfe, 0x1b, 0x80, 0x72, 0x60, 0x7, 0x58, 0x7,
    0xff, 0x9, 0x4, 0x3, 0x18, 0xa8, 0x7, 0x28,
    0x7, 0xff, 0xb, 0x40, 0x3a, 0xc0, 0x84, 0x3,
    0x11, 0x0, 0x3f, 0xf8, 0x2e, 0x1, 0xc8, 0x0,
    0x70, 0xe, 0x50, 0xf, 0xfe, 0x2, 0x8, 0x6,
    0x13, 0x0, 0x60, 0x7, 0x50, 0x7, 0xff, 0x3,
    0x40, 0x39, 0xc0, 0x25, 0x0, 0xe2, 0x20, 0x7,
    0xfc, 0xe0, 0x1d, 0x80, 0x18, 0xc0, 0x39, 0x40,
    0x3f, 0xc6, 0x20, 0x1c, 0x80, 0x1a, 0xc0, 0x3a,
    0xc0, 0x3f, 0xd4, 0x1, 0xc6, 0x20, 0x19, 0x0,
    0x38, 0xc4, 0x3, 0xf9, 0xc0, 0x3a, 0xc0, 0x38,
    0xc4, 0x3, 0x9c, 0x3, 0xf1, 0x88, 0x7, 0x65,
    0x57, 0x80, 0x3d, 0xa0, 0x1f, 0xac, 0x3, 0xc8,
    0xab, 0xe1, 0x0, 0xe4, 0x10, 0xf, 0x98, 0x3,
    0xff, 0x90, 0xe0, 0x1e, 0x31, 0x0, 0xff, 0xe4,
    0x68, 0x7, 0xac, 0x3, 0xff, 0x92, 0x82, 0x1,
    0xca, 0x1, 0xff, 0xca, 0x40, 0xc, 0x64, 0x1,
    0xd1, 0xff, 0xfe, 0x0, 0xf7, 0x80, 0x6b, 0x0,
    0xf2, 0x80, 0x7f, 0x90, 0x3, 0x94, 0x3, 0x28,
    0x7, 0x9, 0x0, 0x7f, 0xb4, 0x3, 0xca, 0x0,
    0x32, 0x0, 0xe7, 0x0, 0xff, 0x90, 0x3, 0xde,
    0x0, 0xb0, 0xf, 0x60, 0x7, 0xfc, 0x44, 0x0,
    0xe5, 0x0, 0x28, 0x7, 0x94, 0x3, 0xff, 0x80,
    0x80, 0x1e, 0x42, 0x20, 0x7, 0x20, 0x7, 0xff,
    0x7, 0x40, 0x3d, 0xa0,

    /* U+00C1 "Á" */
    0x0, 0xff, 0xe2, 0x6f, 0xff, 0x8c, 0x3, 0xff,
    0x91, 0x4, 0x1, 0xd8, 0x60, 0x1f, 0xfc, 0x73,
    0x70, 0xe, 0xc3, 0x0, 0xff, 0xe4, 0x70, 0x7,
    0x59, 0x80, 0x7f, 0xf2, 0x20, 0x80, 0x35, 0xa0,
    0x7, 0xff, 0x20, 0xdc, 0x3, 0x5a, 0x0, 0x7f,
    0xf2, 0x55, 0x9b, 0x5a, 0x0, 0x7f, 0xf2, 0x9a,
    0x67, 0x20, 0x7, 0xff, 0x9d, 0x7f, 0xfc, 0x1,
    0xff, 0xca, 0xf0, 0xf, 0x20, 0x7, 0xff, 0x25,
    0x40, 0x3d, 0xa0, 0x1f, 0xfc, 0x84, 0x0, 0xf9,
    0xc0, 0x3f, 0xf9, 0x1c, 0x1, 0xf0, 0xa0, 0x7,
    0xff, 0x1d, 0x40, 0x3f, 0x68, 0x7, 0xff, 0x19,
    0x0, 0x3f, 0x9c, 0x3, 0xff, 0x8d, 0xc0, 0x1f,
    0xc2, 0x60, 0x1f, 0xfc, 0x54, 0x0, 0xff, 0x58,
    0x7, 0xff, 0x11, 0x4, 0x3, 0x28, 0x7, 0x30,
    0x7, 0xff, 0x13, 0x40, 0x3b, 0xd0, 0x3, 0x9,
    0x80, 0x7f, 0xf0, 0xdc, 0x3, 0x93, 0x0, 0x3a,
    0xc0, 0x3f, 0xf8, 0x48, 0x20, 0x18, 0xc5, 0x40,
    0x39, 0x40, 0x3f, 0xf8, 0x5a, 0x1, 0xd6, 0x4,
    0x20, 0x18, 0x88, 0x1, 0xff, 0xc1, 0x70, 0xe,
    0x40, 0x3, 0x80, 0x72, 0x80, 0x7f, 0xf0, 0x10,
    0x40, 0x30, 0x98, 0x3, 0x0, 0x3a, 0x80, 0x3f,
    0xf8, 0x1a, 0x1, 0xce, 0x1, 0x28, 0x7, 0x11,
    0x0, 0x3f, 0xe7, 0x0, 0xec, 0x0, 0xc6, 0x1,
    0xca, 0x1, 0xfe, 0x31, 0x0, 0xe4, 0x0, 0xd6,
    0x1, 0xd6, 0x1, 0xfe, 0xa0, 0xe, 0x31, 0x0,
    0xc8, 0x1, 0xc6, 0x20, 0x1f, 0xce, 0x1, 0xd6,
    0x1, 0xc6, 0x20, 0x1c, 0xe0, 0x1f, 0x8c, 0x40,
    0x3b, 0x2a, 0xbc, 0x1, 0xed, 0x0, 0xfd, 0x60,
    0x1e, 0x45, 0x5f, 0x8, 0x7, 0x20, 0x80, 0x7c,
    0xc0, 0x1f, 0xfc, 0x87, 0x0, 0xf1, 0x88, 0x7,
    0xff, 0x23, 0x40, 0x3d, 0x60, 0x1f, 0xfc, 0x94,
    0x10, 0xe, 0x50, 0xf, 0xfe, 0x52, 0x0, 0x63,
    0x20, 0xe, 0x8f, 0xff, 0xf0, 0x7, 0xbc, 0x3,
    0x58, 0x7, 0x94, 0x3, 0xfc, 0x80, 0x1c, 0xa0,
    0x19, 0x40, 0x38, 0x48, 0x3, 0xfd, 0xa0, 0x1e,
    0x50, 0x1, 0x90, 0x7, 0x38, 0x7, 0xfc, 0x80,
    0x1e, 0xf0, 0x5, 0x80, 0x7b, 0x0, 0x3f, 0xe2,
    0x20, 0x7, 0x28, 0x1, 0x40, 0x3c, 0xa0, 0x1f,
    0xfc, 0x4, 0x0, 0xf2, 0x11, 0x0, 0x39, 0x0,
    0x3f, 0xf8, 0x3a, 0x1, 0xed,

    /* U+00C2 "Â" */
    0x0, 0xff, 0xe0, 0x4f, 0xfe, 0x50, 0xf, 0xfe,
    0x48, 0xdb, 0x0, 0x6a, 0x80, 0xf, 0xfe, 0x39,
    0x62, 0x0, 0x79, 0xe8, 0x3, 0xff, 0x8a, 0x78,
    0x40, 0x12, 0x8, 0x4, 0xb8, 0x20, 0x1f, 0xfc,
    0x25, 0xc1, 0x0, 0x9a, 0xfc, 0xc0, 0x23, 0xf2,
    0x0, 0xff, 0xe0, 0x3d, 0x0, 0x68, 0x90, 0x1c,
    0x40, 0x8, 0x75, 0x0, 0x3f, 0xe1, 0x77, 0xd6,
    0xe0, 0x1a, 0xe5, 0xdf, 0x8, 0x7, 0xfc, 0xd1,
    0x19, 0x0, 0x3c, 0xd1, 0x19, 0x40, 0x3f, 0xff,
    0xcb, 0xff, 0xe0, 0xf, 0xfe, 0x57, 0x80, 0x79,
    0x0, 0x3f, 0xf9, 0x2a, 0x1, 0xed, 0x0, 0xff,
    0xe4, 0x20, 0x7, 0xce, 0x1, 0xff, 0xc8, 0xe0,
    0xf, 0x85, 0x0, 0x3f, 0xf8, 0xea, 0x1, 0xfb,
    0x40, 0x3f, 0xf8, 0xc8, 0x1, 0xfc, 0xe0, 0x1f,
    0xfc, 0x6e, 0x0, 0xfe, 0x13, 0x0, 0xff, 0xe2,
    0xa0, 0x7, 0xfa, 0xc0, 0x3f, 0xf8, 0x88, 0x20,
    0x19, 0x40, 0x39, 0x80, 0x3f, 0xf8, 0x9a, 0x1,
    0xde, 0x80, 0x18, 0x4c, 0x3, 0xff, 0x86, 0xe0,
    0x1c, 0x98, 0x1, 0xd6, 0x1, 0xff, 0xc2, 0x41,
    0x0, 0xc6, 0x2a, 0x1, 0xca, 0x1, 0xff, 0xc2,
    0xd0, 0xe, 0xb0, 0x21, 0x0, 0xc4, 0x40, 0xf,
    0xfe, 0xb, 0x80, 0x72, 0x0, 0x1c, 0x3, 0x94,
    0x3, 0xff, 0x80, 0x82, 0x1, 0x84, 0xc0, 0x18,
    0x1, 0xd4, 0x1, 0xff, 0xc0, 0xd0, 0xe, 0x70,
    0x9, 0x40, 0x38, 0x88, 0x1, 0xff, 0x38, 0x7,
    0x60, 0x6, 0x30, 0xe, 0x50, 0xf, 0xf1, 0x88,
    0x7, 0x20, 0x6, 0xb0, 0xe, 0xb0, 0xf, 0xf5,
    0x0, 0x71, 0x88, 0x6, 0x40, 0xe, 0x31, 0x0,
    0xfe, 0x70, 0xe, 0xb0, 0xe, 0x31, 0x0, 0xe7,
    0x0, 0xfc, 0x62, 0x1, 0xd9, 0x55, 0xe0, 0xf,
    0x68, 0x7, 0xeb, 0x0, 0xf2, 0x2a, 0xf8, 0x40,
    0x39, 0x4, 0x3, 0xe6, 0x0, 0xff, 0xe4, 0x38,
    0x7, 0x8c, 0x40, 0x3f, 0xf9, 0x1a, 0x1, 0xeb,
    0x0, 0xff, 0xe4, 0xa0, 0x80, 0x72, 0x80, 0x7f,
    0xf2, 0x90, 0x3, 0x19, 0x0, 0x74, 0x7f, 0xff,
    0x80, 0x3d, 0xe0, 0x1a, 0xc0, 0x3c, 0xa0, 0x1f,
    0xe4, 0x0, 0xe5, 0x0, 0xca, 0x1, 0xc2, 0x40,
    0x1f, 0xed, 0x0, 0xf2, 0x80, 0xc, 0x80, 0x39,
    0xc0, 0x3f, 0xe4, 0x0, 0xf7, 0x80, 0x2c, 0x3,
    0xd8, 0x1, 0xff, 0x11, 0x0, 0x39, 0x40, 0xa,
    0x1, 0xe5, 0x0, 0xff, 0xe0, 0x20, 0x7, 0x90,
    0x88, 0x1, 0xc8, 0x1, 0xff, 0xc1, 0xd0, 0xf,
    0x68,

    /* U+00C3 "Ã" */
    0x0, 0xff, 0x9, 0x88, 0x7, 0xca, 0x40, 0x1f,
    0xfc, 0x33, 0xce, 0xce, 0xb4, 0x0, 0xc3, 0x5b,
    0xc8, 0x1, 0xff, 0xc0, 0x3c, 0x30, 0x9, 0x2f,
    0x5c, 0xd3, 0x40, 0x2, 0xe0, 0x1f, 0xfc, 0xe,
    0x0, 0xf8, 0xa3, 0x2c, 0xc0, 0x2, 0x60, 0x1f,
    0xf2, 0x90, 0x7, 0xff, 0xa, 0x40, 0x3f, 0xf8,
    0x18, 0x1, 0x4f, 0xf4, 0x90, 0x7, 0x95, 0xc0,
    0x3f, 0xf8, 0x1e, 0x40, 0x8c, 0x2, 0xdb, 0x48,
    0x0, 0x29, 0xa0, 0xf, 0xfe, 0xb, 0x6f, 0xc8,
    0x7, 0x2d, 0xff, 0xb5, 0x80, 0x3f, 0xf8, 0xa4,
    0x1, 0xff, 0xff, 0x0, 0xff, 0xe0, 0xaf, 0xff,
    0x80, 0x3f, 0xf9, 0x5e, 0x1, 0xe4, 0x0, 0xff,
    0xe4, 0xa8, 0x7, 0xb4, 0x3, 0xff, 0x90, 0x80,
    0x1f, 0x38, 0x7, 0xff, 0x23, 0x80, 0x3e, 0x14,
    0x0, 0xff, 0xe3, 0xa8, 0x7, 0xed, 0x0, 0xff,
    0xe3, 0x20, 0x7, 0xf3, 0x80, 0x7f, 0xf1, 0xb8,
    0x3, 0xf8, 0x4c, 0x3, 0xff, 0x8a, 0x80, 0x1f,
    0xeb, 0x0, 0xff, 0xe2, 0x20, 0x80, 0x65, 0x0,
    0xe6, 0x0, 0xff, 0xe2, 0x68, 0x7, 0x7a, 0x0,
    0x61, 0x30, 0xf, 0xfe, 0x1b, 0x80, 0x72, 0x60,
    0x7, 0x58, 0x7, 0xff, 0x9, 0x4, 0x3, 0x18,
    0xa8, 0x7, 0x28, 0x7, 0xff, 0xb, 0x40, 0x3a,
    0xc0, 0x84, 0x3, 0x11, 0x0, 0x3f, 0xf8, 0x2e,
    0x1, 0xc8, 0x0, 0x70, 0xe, 0x50, 0xf, 0xfe,
    0x2, 0x8, 0x6, 0x13, 0x0, 0x60, 0x7, 0x50,
    0x7, 0xff, 0x3, 0x40, 0x39, 0xc0, 0x25, 0x0,
    0xe2, 0x20, 0x7, 0xfc, 0xe0, 0x1d, 0x80, 0x18,
    0xc0, 0x39, 0x40, 0x3f, 0xc6, 0x20, 0x1c, 0x80,
    0x1a, 0xc0, 0x3a, 0xc0, 0x3f, 0xd4, 0x1, 0xc6,
    0x20, 0x19, 0x0, 0x38, 0xc4, 0x3, 0xf9, 0xc0,
    0x3a, 0xc0, 0x38, 0xc4, 0x3, 0x9c, 0x3, 0xf1,
    0x88, 0x7, 0x65, 0x57, 0x80, 0x3d, 0xa0, 0x1f,
    0xac, 0x3, 0xc8, 0xab, 0xe1, 0x0, 0xe4, 0x10,
    0xf, 0x98, 0x3, 0xff, 0x90, 0xe0, 0x1e, 0x31,
    0x0, 0xff, 0xe4, 0x68, 0x7, 0xac, 0x3, 0xff,
    0x92, 0x82, 0x1, 0xca, 0x1, 0xff, 0xca, 0x40,
    0xc, 0x64, 0x1, 0xd1, 0xff, 0xfe, 0x0, 0xf7,
    0x80, 0x6b, 0x0, 0xf2, 0x80, 0x7f, 0x90, 0x3,
    0x94, 0x3, 0x28, 0x7, 0x9, 0x0, 0x7f, 0xb4,
    0x3, 0xca, 0x0, 0x32, 0x0, 0xe7, 0x0, 0xff,
    0x90, 0x3, 0xde, 0x0, 0xb0, 0xf, 0x60, 0x7,
    0xfc, 0x44, 0x0, 0xe5, 0x0, 0x28, 0x7, 0x94,
    0x3, 0xff, 0x80, 0x80, 0x1e, 0x42, 0x20, 0x7,
    0x20, 0x7, 0xff, 0x7, 0x40, 0x3d, 0xa0,

    /* U+00C4 "Ä" */
    0x0, 0xfa, 0x7f, 0xd6, 0x20, 0x1e, 0x7e, 0xfc,
    0x40, 0xf, 0xfe, 0x5, 0x30, 0x1, 0x30, 0x3,
    0x9a, 0x4, 0xe, 0xc8, 0x3, 0xfe, 0x50, 0xc,
    0x46, 0x1, 0xa8, 0x3, 0x94, 0x3, 0xff, 0xb8,
    0xc0, 0x18, 0xcc, 0x1, 0xa4, 0x3, 0xb, 0x0,
    0x7f, 0xd3, 0x4, 0x46, 0xd0, 0xe, 0x5a, 0x32,
    0x5c, 0x10, 0xf, 0xfe, 0x3, 0xee, 0xa4, 0x40,
    0x3c, 0xb9, 0xb4, 0x40, 0x1f, 0xff, 0xf5, 0xff,
    0xf0, 0x7, 0xff, 0x2b, 0xc0, 0x3c, 0x80, 0x1f,
    0xfc, 0x95, 0x0, 0xf6, 0x80, 0x7f, 0xf2, 0x10,
    0x3, 0xe7, 0x0, 0xff, 0xe4, 0x70, 0x7, 0xc2,
    0x80, 0x1f, 0xfc, 0x75, 0x0, 0xfd, 0xa0, 0x1f,
    0xfc, 0x64, 0x0, 0xfe, 0x70, 0xf, 0xfe, 0x37,
    0x0, 0x7f, 0x9, 0x80, 0x7f, 0xf1, 0x50, 0x3,
    0xfd, 0x60, 0x1f, 0xfc, 0x44, 0x10, 0xc, 0xa0,
    0x1c, 0xc0, 0x1f, 0xfc, 0x4d, 0x0, 0xef, 0x40,
    0xc, 0x26, 0x1, 0xff, 0xc3, 0x70, 0xe, 0x4c,
    0x0, 0xeb, 0x0, 0xff, 0xe1, 0x20, 0x80, 0x63,
    0x15, 0x0, 0xe5, 0x0, 0xff, 0xe1, 0x68, 0x7,
    0x58, 0x10, 0x80, 0x62, 0x20, 0x7, 0xff, 0x5,
    0xc0, 0x39, 0x0, 0xe, 0x1, 0xca, 0x1, 0xff,
    0xc0, 0x41, 0x0, 0xc2, 0x60, 0xc, 0x0, 0xea,
    0x0, 0xff, 0xe0, 0x68, 0x7, 0x38, 0x4, 0xa0,
    0x1c, 0x44, 0x0, 0xff, 0x9c, 0x3, 0xb0, 0x3,
    0x18, 0x7, 0x28, 0x7, 0xf8, 0xc4, 0x3, 0x90,
    0x3, 0x58, 0x7, 0x58, 0x7, 0xfa, 0x80, 0x38,
    0xc4, 0x3, 0x20, 0x7, 0x18, 0x80, 0x7f, 0x38,
    0x7, 0x58, 0x7, 0x18, 0x80, 0x73, 0x80, 0x7e,
    0x31, 0x0, 0xec, 0xaa, 0xf0, 0x7, 0xb4, 0x3,
    0xf5, 0x80, 0x79, 0x15, 0x7c, 0x20, 0x1c, 0x82,
    0x1, 0xf3, 0x0, 0x7f, 0xf2, 0x1c, 0x3, 0xc6,
    0x20, 0x1f, 0xfc, 0x8d, 0x0, 0xf5, 0x80, 0x7f,
    0xf2, 0x50, 0x40, 0x39, 0x40, 0x3f, 0xf9, 0x48,
    0x1, 0x8c, 0x80, 0x3a, 0x3f, 0xff, 0xc0, 0x1e,
    0xf0, 0xd, 0x60, 0x1e, 0x50, 0xf, 0xf2, 0x0,
    0x72, 0x80, 0x65, 0x0, 0xe1, 0x20, 0xf, 0xf6,
    0x80, 0x79, 0x40, 0x6, 0x40, 0x1c, 0xe0, 0x1f,
    0xf2, 0x0, 0x7b, 0xc0, 0x16, 0x1, 0xec, 0x0,
    0xff, 0x88, 0x80, 0x1c, 0xa0, 0x5, 0x0, 0xf2,
    0x80, 0x7f, 0xf0, 0x10, 0x3, 0xc8, 0x44, 0x0,
    0xe4, 0x0, 0xff, 0xe0, 0xe8, 0x7, 0xb4,

    /* U+00C5 "Å" */
    0x0, 0xff, 0xe0, 0x89, 0x98, 0x3, 0xff, 0x98,
    0x57, 0xd9, 0x8f, 0x80, 0xf, 0xfe, 0x49, 0x62,
    0x0, 0x67, 0xb0, 0xf, 0xfe, 0x44, 0x88, 0x47,
    0xf2, 0x2, 0x28, 0x7, 0xff, 0x1d, 0x1, 0x1c,
    0x6, 0x80, 0x1e, 0x1, 0xff, 0xc6, 0x10, 0x1,
    0x0, 0x42, 0x20, 0x10, 0xf, 0xfe, 0x30, 0x80,
    0x14, 0x2, 0x21, 0x2, 0x0, 0xff, 0xe3, 0xb0,
    0x1d, 0x22, 0xf8, 0x2, 0x80, 0x3f, 0xf8, 0xf0,
    0x60, 0xb7, 0x44, 0xe, 0x60, 0x1f, 0xfc, 0x71,
    0xc8, 0x20, 0x2, 0x5c, 0x0, 0x7f, 0xf2, 0x9f,
    0x7f, 0xd6, 0x80, 0x1f, 0xfe, 0x75, 0xff, 0xf0,
    0x7, 0xff, 0x2b, 0xc0, 0x3c, 0x80, 0x1f, 0xfc,
    0x95, 0x0, 0xf6, 0x80, 0x7f, 0xf2, 0x10, 0x3,
    0xe7, 0x0, 0xff, 0xe4, 0x70, 0x7, 0xc2, 0x80,
    0x1f, 0xfc, 0x75, 0x0, 0xfd, 0xa0, 0x1f, 0xfc,
    0x64, 0x0, 0xfe, 0x70, 0xf, 0xfe, 0x37, 0x0,
    0x7f, 0x9, 0x80, 0x7f, 0xf1, 0x50, 0x3, 0xfd,
    0x60, 0x1f, 0xfc, 0x44, 0x10, 0xc, 0xa0, 0x1c,
    0xc0, 0x1f, 0xfc, 0x4d, 0x0, 0xef, 0x40, 0xc,
    0x26, 0x1, 0xff, 0xc3, 0x70, 0xe, 0x4c, 0x0,
    0xeb, 0x0, 0xff, 0xe1, 0x20, 0x80, 0x63, 0x15,
    0x0, 0xe5, 0x0, 0xff, 0xe1, 0x68, 0x7, 0x58,
    0x10, 0x80, 0x62, 0x20, 0x7, 0xff, 0x5, 0xc0,
    0x39, 0x0, 0xe, 0x1, 0xca, 0x1, 0xff, 0xc0,
    0x41, 0x0, 0xc2, 0x60, 0xc, 0x0, 0xea, 0x0,
    0xff, 0xe0, 0x68, 0x7, 0x38, 0x4, 0xa0, 0x1c,
    0x44, 0x0, 0xff, 0x9c, 0x3, 0xb0, 0x3, 0x18,
    0x7, 0x28, 0x7, 0xf8, 0xc4, 0x3, 0x90, 0x3,
    0x58, 0x7, 0x58, 0x7, 0xfa, 0x80, 0x38, 0xc4,
    0x3, 0x20, 0x7, 0x18, 0x80, 0x7f, 0x38, 0x7,
    0x58, 0x7, 0x18, 0x80, 0x73, 0x80, 0x7e, 0x31,
    0x0, 0xec, 0xaa, 0xf0, 0x7, 0xb4, 0x3, 0xf5,
    0x80, 0x79, 0x15, 0x7c, 0x20, 0x1c, 0x82, 0x1,
    0xf3, 0x0, 0x7f, 0xf2, 0x1c, 0x3, 0xc6, 0x20,
    0x1f, 0xfc, 0x8d, 0x0, 0xf5, 0x80, 0x7f, 0xf2,
    0x50, 0x40, 0x39, 0x40, 0x3f, 0xf9, 0x48, 0x1,
    0x8c, 0x80, 0x3a, 0x3f, 0xff, 0xc0, 0x1e, 0xf0,
    0xd, 0x60, 0x1e, 0x50, 0xf, 0xf2, 0x0, 0x72,
    0x80, 0x65, 0x0, 0xe1, 0x20, 0xf, 0xf6, 0x80,
    0x79, 0x40, 0x6, 0x40, 0x1c, 0xe0, 0x1f, 0xf2,
    0x0, 0x7b, 0xc0, 0x16, 0x1, 0xec, 0x0, 0xff,
    0x88, 0x80, 0x1c, 0xa0, 0x5, 0x0, 0xf2, 0x80,
    0x7f, 0xf0, 0x10, 0x3, 0xc8, 0x44, 0x0, 0xe4,
    0x0, 0xff, 0xe0, 0xe8, 0x7, 0xb4,

    /* U+00C6 "Æ" */
    0x0, 0xff, 0xb3, 0xff, 0xff, 0x84, 0x20, 0x1f,
    0xe2, 0x30, 0xf, 0xfe, 0x6a, 0x80, 0x7f, 0xf3,
    0xac, 0x3, 0xff, 0x9a, 0x46, 0x1, 0xff, 0xcd,
    0x50, 0xf, 0xf3, 0x4c, 0xf0, 0x80, 0x7f, 0x58,
    0x7, 0xfb, 0x59, 0xb8, 0x3, 0xf8, 0x4c, 0x3,
    0xff, 0x9a, 0xc0, 0x18, 0x40, 0x3f, 0xf9, 0x36,
    0x1, 0x90, 0x3, 0xff, 0x90, 0x26, 0x1, 0xbc,
    0x3, 0xff, 0x90, 0xc0, 0x1c, 0x80, 0x1f, 0xfc,
    0x8b, 0x0, 0xc6, 0x20, 0x1f, 0xfc, 0x71, 0x30,
    0xd, 0x60, 0x1f, 0x62, 0xae, 0x20, 0xf, 0x9c,
    0x3, 0x90, 0x3, 0xe7, 0xaa, 0xc8, 0x1, 0xf5,
    0x0, 0x61, 0x30, 0xf, 0xfe, 0x38, 0x98, 0x6,
    0x70, 0xf, 0xfe, 0x43, 0x80, 0x76, 0x0, 0x7f,
    0xf2, 0x28, 0x3, 0x90, 0x3, 0xff, 0x8e, 0x26,
    0x1, 0x8c, 0x40, 0x3f, 0x5f, 0xfe, 0x60, 0xe,
    0x70, 0xe, 0x1a, 0xa8, 0x3, 0xff, 0x8b, 0xa0,
    0x1c, 0x4a, 0xb0, 0x7, 0xff, 0x10, 0x50, 0x3,
    0xff, 0x9a, 0xe0, 0x1f, 0xfc, 0xed, 0x0, 0xff,
    0xe6, 0x8a, 0x0, 0x7f, 0xf3, 0x5c, 0x3, 0x8f,
    0xff, 0x80, 0x3f, 0xf8, 0x7a, 0x1, 0xc8, 0x1,
    0xff, 0xc7, 0x14, 0x0, 0xeb, 0x0, 0xff, 0xb1,
    0x57, 0x8c, 0x1c, 0x3, 0xc6, 0x1, 0xff, 0x3d,
    0x57, 0x83, 0x40, 0x39, 0x0, 0x3f, 0xf8, 0xe2,
    0x80, 0x1d, 0xa0, 0x1f, 0xfc, 0x77, 0x0, 0xf2,
    0x0, 0x7f, 0xf1, 0xf4, 0x3, 0x88, 0x80, 0x1f,
    0xfc, 0x70,

    /* U+00C7 "Ç" */
    0x0, 0xfe, 0x6a, 0xdf, 0xfb, 0xae, 0xc, 0x3,
    0xff, 0x85, 0x1f, 0x2a, 0x40, 0x10, 0xa3, 0xe6,
    0x10, 0x3, 0xfc, 0x5a, 0xe0, 0x1f, 0xf1, 0xdc,
    0x80, 0x7e, 0x2c, 0x20, 0xf, 0xfe, 0x13, 0x50,
    0x7, 0x87, 0x4, 0x3, 0xff, 0x88, 0xae, 0x1,
    0xd6, 0x20, 0x1e, 0x48, 0x98, 0x50, 0xf, 0xa0,
    0x80, 0x23, 0x50, 0xf, 0x5d, 0x9d, 0x9e, 0xb9,
    0x40, 0x3d, 0x60, 0x14, 0x0, 0x7a, 0xd0, 0x3,
    0x86, 0x88, 0x3, 0x98, 0x0, 0x28, 0x1, 0xc8,
    0x80, 0xf, 0xd0, 0x1, 0xe4, 0x7, 0x0, 0xf7,
    0x80, 0x7f, 0x28, 0x7, 0xb0, 0x30, 0x3, 0xc8,
    0x1, 0xfe, 0x20, 0xe, 0x30, 0x70, 0xe, 0x30,
    0xf, 0xfa, 0x67, 0xde, 0x4, 0x1, 0xcc, 0x1,
    0xff, 0x23, 0x37, 0x20, 0x80, 0x78, 0xc0, 0x3f,
    0xf8, 0xc6, 0x1, 0xe1, 0x0, 0xff, 0xff, 0x80,
    0x7f, 0xff, 0x4c, 0x3, 0xff, 0x9a, 0x20, 0x1e,
    0x10, 0xf, 0xfe, 0x69, 0x80, 0x7f, 0xf1, 0xcc,
    0x3, 0x9c, 0x3, 0xfe, 0x67, 0x7e, 0x50, 0x50,
    0xe, 0x20, 0xf, 0xfa, 0x23, 0xde, 0x18, 0x1,
    0xe5, 0x0, 0xfe, 0x21, 0x0, 0xed, 0x5, 0x0,
    0xf4, 0x80, 0x7f, 0x50, 0x7, 0x90, 0x0, 0xc0,
    0x1c, 0x6c, 0x1, 0xf1, 0x38, 0x7, 0x9, 0x80,
    0x20, 0x3, 0xd3, 0x2, 0x1, 0x9b, 0x0, 0x3d,
    0x20, 0x10, 0xc0, 0x7, 0x9f, 0xb7, 0x37, 0xe4,
    0x40, 0x38, 0x9c, 0x3, 0x3a, 0x0, 0x7c, 0x46,
    0x40, 0x1f, 0xbc, 0x3, 0xd6, 0x80, 0x1f, 0xfc,
    0x31, 0xc2, 0x0, 0xfa, 0xdc, 0x3, 0xff, 0x82,
    0x9e, 0x60, 0x1f, 0xd1, 0xac, 0x20, 0x1f, 0x97,
    0x2c, 0x40, 0x3f, 0xe2, 0x9e, 0xc0, 0xc, 0x39,
    0xf4, 0x60, 0x1f, 0xfc, 0x91, 0x84, 0x0, 0xff,
    0xe3, 0x28, 0x7, 0x25, 0xb0, 0x7, 0xff, 0x15,
    0xba, 0xcc, 0x3, 0x48, 0x7, 0xff, 0x18, 0x53,
    0xc0, 0x39, 0x0, 0x3f, 0xf8, 0xee, 0x1, 0xff,
    0xcb, 0x47, 0xa0, 0xe, 0x50, 0xf, 0xfe, 0x2d,
    0x40, 0x80, 0x65, 0x10, 0xf, 0xfe, 0x29, 0x80,
    0x71, 0xd8, 0x7, 0xff, 0x18, 0x40, 0x22, 0x8c,
    0x10, 0xf, 0xfe, 0x35, 0x45, 0x6e, 0x9c, 0x3,
    0xf8,

    /* U+00C8 "È" */
    0x0, 0x8f, 0xff, 0xda, 0x1, 0xff, 0xc4, 0x3b,
    0x0, 0xe2, 0x70, 0xf, 0xfe, 0x22, 0x58, 0x7,
    0x41, 0x0, 0x7f, 0xf1, 0x12, 0x80, 0x3a, 0x40,
    0x3f, 0xf8, 0xab, 0x20, 0x19, 0x18, 0x3, 0xff,
    0x8a, 0xd0, 0x1, 0xa0, 0x40, 0x3f, 0xf8, 0xaf,
    0x2c, 0xd3, 0xa8, 0x7, 0xff, 0x19, 0xa6, 0x72,
    0x0, 0x7f, 0xf5, 0x63, 0xff, 0xff, 0x94, 0xc0,
    0x1f, 0xff, 0xf0, 0xf, 0xfe, 0x84, 0x4c, 0xff,
    0xf0, 0xd0, 0x3, 0xe6, 0x6f, 0xfe, 0x21, 0x0,
    0x7f, 0xff, 0xc0, 0x3f, 0xff, 0xe0, 0xa8, 0x9f,
    0xfc, 0x10, 0xf, 0xf5, 0xdf, 0xff, 0x8, 0x40,
    0x3f, 0xff, 0xe0, 0x1f, 0xfd, 0x2e, 0xff, 0xff,
    0xe0, 0x88, 0x7, 0xff, 0xfc, 0x3, 0xff, 0xfe,
    0x1, 0xff, 0xe7, 0x75, 0x5f, 0xfe, 0x19, 0x0,
    0x7d, 0x35, 0x5f, 0xfc, 0x35, 0x0, 0xff, 0xff,
    0x80, 0x7f, 0xf2, 0x40,

    /* U+00C9 "É" */
    0x0, 0xff, 0xe0, 0xd7, 0xff, 0x98, 0x3, 0xff,
    0x86, 0xaa, 0x0, 0xe9, 0x60, 0xf, 0xfe, 0x10,
    0xd8, 0x7, 0x4b, 0x0, 0x7f, 0xf0, 0xec, 0x40,
    0x34, 0xb0, 0x7, 0xff, 0xd, 0x54, 0x1, 0xa5,
    0x80, 0x3f, 0xf8, 0x63, 0x60, 0x1a, 0x18, 0x3,
    0xff, 0x88, 0xae, 0xcd, 0x4b, 0x80, 0x7f, 0xf1,
    0x52, 0x67, 0x30, 0x7, 0xff, 0x56, 0x3f, 0xff,
    0xf9, 0x4c, 0x1, 0xff, 0xff, 0x0, 0xff, 0xe8,
    0x44, 0xcf, 0xff, 0xd, 0x0, 0x3e, 0x66, 0xff,
    0xe2, 0x10, 0x7, 0xff, 0xfc, 0x3, 0xff, 0xfe,
    0xa, 0x89, 0xff, 0xc1, 0x0, 0xff, 0x5d, 0xff,
    0xf0, 0x84, 0x3, 0xff, 0xfe, 0x1, 0xff, 0xd2,
    0xef, 0xff, 0xfe, 0x8, 0x80, 0x7f, 0xff, 0xc0,
    0x3f, 0xff, 0xe0, 0x1f, 0xfe, 0x77, 0x55, 0xff,
    0xe1, 0x90, 0x7, 0xd3, 0x55, 0xff, 0xc3, 0x50,
    0xf, 0xff, 0xf8, 0x7, 0xff, 0x24,

    /* U+00CA "Ê" */
    0x0, 0xfe, 0x6f, 0xfd, 0x0, 0x1f, 0xfc, 0x59,
    0x90, 0x6, 0x7b, 0x0, 0xff, 0xe1, 0xdb, 0x0,
    0x79, 0x30, 0x40, 0x3f, 0xe1, 0xd4, 0x0, 0x88,
    0xc0, 0x23, 0xf3, 0x0, 0xfe, 0x3f, 0x20, 0x9,
    0x33, 0xa, 0x1, 0xe, 0x28, 0x7, 0xc9, 0x82,
    0x1, 0x2d, 0x88, 0x53, 0x80, 0x6a, 0x70, 0xf,
    0xb, 0xbe, 0x9a, 0x0, 0xd1, 0x4e, 0xf8, 0x40,
    0x3c, 0xb1, 0x19, 0x80, 0x3c, 0xb1, 0x19, 0x80,
    0x3f, 0xfc, 0xf1, 0xff, 0xff, 0xca, 0x60, 0xf,
    0xff, 0xf8, 0x7, 0xff, 0x42, 0x26, 0x7f, 0xf8,
    0x68, 0x1, 0xf3, 0x37, 0xff, 0x10, 0x80, 0x3f,
    0xff, 0xe0, 0x1f, 0xff, 0xf0, 0x54, 0x4f, 0xfe,
    0x8, 0x7, 0xfa, 0xef, 0xff, 0x84, 0x20, 0x1f,
    0xff, 0xf0, 0xf, 0xfe, 0x97, 0x7f, 0xff, 0xf0,
    0x44, 0x3, 0xff, 0xfe, 0x1, 0xff, 0xff, 0x0,
    0xff, 0xf3, 0xba, 0xaf, 0xff, 0xc, 0x80, 0x3e,
    0x9a, 0xaf, 0xfe, 0x1a, 0x80, 0x7f, 0xff, 0xc0,
    0x3f, 0xf9, 0x20,

    /* U+00CB "Ë" */
    0x0, 0xcf, 0xdf, 0x86, 0x1, 0xe5, 0xdf, 0xd6,
    0x0, 0xf9, 0xe0, 0x40, 0xf0, 0x80, 0x31, 0xd1,
    0x1, 0x4a, 0x80, 0x7a, 0x80, 0x39, 0x40, 0x35,
    0x0, 0x77, 0x0, 0x78, 0x40, 0x38, 0x40, 0x30,
    0x80, 0x70, 0x80, 0x7a, 0x80, 0x30, 0xb8, 0x6,
    0xa0, 0xe, 0xe0, 0xf, 0x35, 0x19, 0x2e, 0x8,
    0x6, 0x2c, 0x42, 0x4b, 0x40, 0xf, 0x97, 0x36,
    0x88, 0x3, 0xc7, 0x7b, 0x68, 0x1, 0xff, 0xe8,
    0x8f, 0xff, 0xfe, 0x53, 0x0, 0x7f, 0xff, 0xc0,
    0x3f, 0xfa, 0x11, 0x33, 0xff, 0xc3, 0x40, 0xf,
    0x99, 0xbf, 0xf8, 0x84, 0x1, 0xff, 0xff, 0x0,
    0xff, 0xff, 0x82, 0xa2, 0x7f, 0xf0, 0x40, 0x3f,
    0xd7, 0x7f, 0xfc, 0x21, 0x0, 0xff, 0xff, 0x80,
    0x7f, 0xf4, 0xbb, 0xff, 0xff, 0x82, 0x20, 0x1f,
    0xff, 0xf0, 0xf, 0xff, 0xf8, 0x7, 0xff, 0x9d,
    0xd5, 0x7f, 0xf8, 0x64, 0x1, 0xf4, 0xd5, 0x7f,
    0xf0, 0xd4, 0x3, 0xff, 0xfe, 0x1, 0xff, 0xc9,

    /* U+00CC "Ì" */
    0x3, 0xff, 0xf6, 0x80, 0x7f, 0xf0, 0x4f, 0x0,
    0x38, 0xa0, 0x3, 0xff, 0x82, 0x76, 0x1, 0xce,
    0x40, 0x1f, 0xfc, 0x14, 0xa0, 0xe, 0xe0, 0xf,
    0xfe, 0x12, 0xc8, 0x6, 0x36, 0x0, 0xff, 0xe1,
    0x34, 0x0, 0x69, 0x10, 0xf, 0xfe, 0x13, 0xcb,
    0x36, 0x40, 0xf, 0xfe, 0x1b, 0x4c, 0xe5, 0x0,
    0xff, 0xe8, 0xbf, 0xff, 0xff, 0x1d, 0x0, 0x3f,
    0xff, 0xe0, 0x1f, 0xcb, 0x55, 0xe0, 0xf, 0x1d,
    0x57, 0x94, 0x95, 0x7c, 0x1, 0xe5, 0x5f, 0x84,
    0x3, 0xff, 0xfe, 0x1, 0xff, 0xff, 0x0, 0xff,
    0xff, 0x80, 0x7f, 0xff, 0xc0, 0x3f, 0xff, 0xe0,
    0x1f, 0xff, 0x62, 0x55, 0xf0, 0x7, 0x89, 0x57,
    0xc2, 0xb5, 0x5e, 0x0, 0xf2, 0x55, 0x79, 0x40,
    0x3f, 0xff, 0xe0, 0x1f, 0xc0,

    /* U+00CD "Í" */
    0x0, 0xff, 0xab, 0xff, 0xcc, 0x1, 0xff, 0xc0,
    0x45, 0x0, 0xe9, 0x60, 0xf, 0xf8, 0x68, 0x3,
    0xa5, 0x80, 0x3f, 0xf8, 0x16, 0x20, 0x1a, 0x58,
    0x3, 0xff, 0x80, 0x8a, 0x1, 0xa1, 0x80, 0x3f,
    0xf8, 0x34, 0x1, 0xa1, 0xc0, 0x3f, 0xf8, 0x28,
    0xec, 0xd4, 0xb8, 0x7, 0xff, 0x9, 0x26, 0x73,
    0x0, 0x7f, 0xf4, 0x5f, 0xff, 0xff, 0x8e, 0x80,
    0x1f, 0xff, 0xf0, 0xf, 0xe5, 0xaa, 0xf0, 0x7,
    0x8e, 0xab, 0xca, 0x4a, 0xbe, 0x0, 0xf2, 0xaf,
    0xc2, 0x1, 0xff, 0xff, 0x0, 0xff, 0xff, 0x80,
    0x7f, 0xff, 0xc0, 0x3f, 0xff, 0xe0, 0x1f, 0xff,
    0xf0, 0xf, 0xff, 0xb1, 0x2a, 0xf8, 0x3, 0xc4,
    0xab, 0xe1, 0x5a, 0xaf, 0x0, 0x79, 0x2a, 0xbc,
    0xa0, 0x1f, 0xff, 0xf0, 0xf, 0xe0,

    /* U+00CE "Î" */
    0x0, 0xf9, 0xbf, 0xf4, 0x0, 0x7f, 0xf0, 0xa6,
    0x40, 0x19, 0xec, 0x3, 0xff, 0x81, 0x6c, 0x1,
    0xe4, 0xc1, 0x0, 0xfc, 0x3a, 0x80, 0x11, 0x18,
    0x4, 0x7e, 0x60, 0x1e, 0x3f, 0x20, 0x8, 0xf3,
    0xa, 0x1, 0xe, 0x28, 0x6, 0x4c, 0x10, 0x9,
    0x70, 0x42, 0x9c, 0x3, 0x53, 0x80, 0x67, 0x7d,
    0x34, 0x1, 0xa2, 0x9d, 0xf0, 0x80, 0x49, 0x11,
    0x98, 0x3, 0xcb, 0x11, 0x98, 0x3, 0xff, 0xc0,
    0xff, 0xff, 0xfc, 0x74, 0x0, 0xff, 0xff, 0x80,
    0x7f, 0x2d, 0x57, 0x80, 0x3c, 0x75, 0x5e, 0x52,
    0x55, 0xf0, 0x7, 0x95, 0x7e, 0x10, 0xf, 0xff,
    0xf8, 0x7, 0xff, 0xfc, 0x3, 0xff, 0xfe, 0x1,
    0xff, 0xff, 0x0, 0xff, 0xff, 0x80, 0x7f, 0xfd,
    0x89, 0x57, 0xc0, 0x1e, 0x25, 0x5f, 0xa, 0xd5,
    0x78, 0x3, 0xc9, 0x55, 0xe5, 0x0, 0xff, 0xff,
    0x80, 0x7f, 0x0,

    /* U+00CF "Ï" */
    0x0, 0x3f, 0x7e, 0x18, 0x7, 0x97, 0x7f, 0x98,
    0x3, 0x3c, 0x8, 0x1e, 0x10, 0x6, 0x3a, 0x20,
    0x19, 0x50, 0xa, 0xc0, 0x39, 0x40, 0x35, 0x80,
    0x77, 0x0, 0x7f, 0xf3, 0x28, 0x3, 0xb, 0x0,
    0x6a, 0x0, 0xef, 0x0, 0x9a, 0x8c, 0x97, 0x4,
    0x3, 0x16, 0x21, 0x25, 0xa0, 0x6, 0x5c, 0xda,
    0x20, 0xf, 0x1d, 0xed, 0xa0, 0x7, 0xff, 0x85,
    0xff, 0xff, 0xf8, 0xe8, 0x1, 0xff, 0xff, 0x0,
    0xfe, 0x5a, 0xaf, 0x0, 0x78, 0xea, 0xbc, 0xa4,
    0xab, 0xe0, 0xf, 0x2a, 0xfc, 0x20, 0x1f, 0xff,
    0xf0, 0xf, 0xff, 0xf8, 0x7, 0xff, 0xfc, 0x3,
    0xff, 0xfe, 0x1, 0xff, 0xff, 0x0, 0xff, 0xfb,
    0x12, 0xaf, 0x80, 0x3c, 0x4a, 0xbe, 0x15, 0xaa,
    0xf0, 0x7, 0x92, 0xab, 0xca, 0x1, 0xff, 0xff,
    0x0, 0xfe,

    /* U+00D0 "Ð" */
    0x0, 0xd7, 0xff, 0xfe, 0xda, 0x72, 0x0, 0xff,
    0xe6, 0x92, 0xc6, 0xd9, 0x80, 0x7f, 0xf3, 0xd3,
    0x28, 0x40, 0x3f, 0xf9, 0xeb, 0xe4, 0x1, 0xff,
    0xcf, 0x1c, 0x20, 0xf, 0xfe, 0x1c, 0xcd, 0x8,
    0x1, 0xf0, 0xf8, 0x7, 0xff, 0x8, 0x59, 0xa7,
    0xbe, 0x60, 0xf, 0x14, 0x80, 0x7f, 0xf1, 0xc6,
    0x64, 0x1, 0xe6, 0x20, 0xf, 0xfe, 0x43, 0x38,
    0x7, 0xa0, 0x3, 0xff, 0x93, 0x2, 0x1, 0xca,
    0x20, 0x1f, 0xfc, 0x96, 0x0, 0xf3, 0x80, 0x7f,
    0xf2, 0x68, 0x3, 0xd8, 0x1, 0xff, 0xc9, 0x20,
    0xf, 0x38, 0x7, 0xff, 0x28, 0xc0, 0x38, 0x80,
    0xd1, 0x27, 0x0, 0xe1, 0x44, 0xe0, 0xe, 0x70,
    0xf, 0xb2, 0xee, 0x30, 0xf, 0x5d, 0xf1, 0x80,
    0x61, 0x0, 0xf0, 0x80, 0x7f, 0xff, 0xc0, 0x3f,
    0xf8, 0x1f, 0xf9, 0x0, 0x38, 0x7f, 0xf8, 0xc0,
    0x30, 0x80, 0x78, 0x40, 0x3f, 0xf9, 0x2e, 0x1,
    0xff, 0xd0, 0x20, 0xe, 0x20, 0xf, 0xfe, 0x49,
    0x8, 0x7, 0x38, 0x7, 0xff, 0x25, 0x40, 0x3d,
    0x80, 0x1f, 0xfc, 0x9a, 0x0, 0xf3, 0x80, 0x7f,
    0xf2, 0x18, 0x80, 0x39, 0x44, 0x3, 0xff, 0x8e,
    0x92, 0x1, 0xe9, 0x0, 0xff, 0xe3, 0xbd, 0x80,
    0x79, 0x4c, 0x3, 0xff, 0x80, 0x2a, 0xb3, 0x4f,
    0x40, 0x7, 0x86, 0xc0, 0x3f, 0xf8, 0x55, 0x54,
    0xb0, 0x80, 0x7d, 0x82, 0x1, 0xff, 0xcd, 0x1c,
    0x20, 0xf, 0xfe, 0x6a, 0x79, 0x80, 0x7f, 0xf3,
    0xe, 0xac, 0x40, 0x3f, 0xf9, 0x22, 0x91, 0x98,
    0x50, 0xf, 0xc0,

    /* U+00D1 "Ñ" */
    0x0, 0xfc, 0x44, 0x0, 0xf8, 0x8c, 0x3, 0xfe,
    0x7f, 0xdd, 0x74, 0x8, 0x6, 0xbc, 0xfb, 0x0,
    0xfd, 0x50, 0x1, 0xb, 0xf5, 0x21, 0xbb, 0x0,
    0x1c, 0x3, 0xe5, 0x50, 0x7, 0xcb, 0x79, 0x0,
    0x15, 0x80, 0x7d, 0x20, 0x1f, 0xfc, 0x21, 0x60,
    0xf, 0x8c, 0x0, 0x7b, 0xf8, 0xc0, 0x1f, 0x50,
    0x80, 0x78, 0x50, 0x42, 0x8, 0xe, 0x79, 0xc8,
    0x0, 0xba, 0x80, 0x1f, 0xd, 0xf6, 0xa0, 0x6,
    0x18, 0xdf, 0xf5, 0x10, 0x7, 0xfc, 0x40, 0x1f,
    0xff, 0x51, 0xff, 0xf5, 0x80, 0x7f, 0x7f, 0xfa,
    0x40, 0x3e, 0x42, 0x0, 0xff, 0xe5, 0xd8, 0x7,
    0xff, 0x2d, 0x84, 0x3, 0xff, 0x96, 0xc0, 0x1f,
    0xfc, 0xba, 0x0, 0xff, 0xe5, 0x92, 0x80, 0x7f,
    0xf2, 0xe4, 0x3, 0xff, 0x96, 0x66, 0x0, 0xff,
    0xe5, 0xd0, 0x7, 0xff, 0x2d, 0x84, 0x3, 0xff,
    0x96, 0xc0, 0x1f, 0xfc, 0x62, 0x0, 0xd2, 0x1,
    0xff, 0xc6, 0x52, 0x0, 0x85, 0x40, 0x3f, 0xf8,
    0xd4, 0x1, 0xa4, 0x3, 0xff, 0x8c, 0xe0, 0x18,
    0xcc, 0x1, 0xff, 0xc6, 0x60, 0xd, 0x20, 0x1f,
    0xfc, 0x6b, 0x0, 0xca, 0x22, 0x0, 0xff, 0xe2,
    0x12, 0x0, 0x69, 0x0, 0xff, 0xe3, 0x78, 0x6,
    0x60, 0xf, 0xfe, 0x32, 0x10, 0x4, 0x2e, 0x1,
    0xff, 0xc6, 0xb0, 0xd, 0x60, 0x1f, 0xfc, 0x66,
    0x10, 0x8, 0x80, 0x3f, 0xf8, 0xec, 0x1, 0xff,
    0xcb, 0x90, 0xf, 0xfe, 0x58, 0xa8, 0x7, 0xff,
    0x2e, 0x40, 0x3f, 0xf9, 0x66, 0x60, 0xf, 0xfe,
    0x5c, 0x80, 0x7f, 0xf2, 0xd4, 0x40, 0x3f, 0xf9,
    0x6c, 0x1, 0xff, 0xcb, 0x90, 0xf, 0xfe, 0x58,
    0xa8, 0x7, 0xff, 0x2e, 0x40, 0x3e,

    /* U+00D2 "Ò" */
    0x0, 0xeb, 0xff, 0xf1, 0x80, 0x7f, 0xf1, 0xac,
    0xc0, 0x3b, 0x80, 0x3f, 0xf8, 0xfa, 0x40, 0x18,
    0xa0, 0x3, 0xff, 0x8c, 0x38, 0x40, 0x19, 0xc8,
    0x3, 0xff, 0x8c, 0x3e, 0x20, 0x1a, 0x40, 0x3f,
    0xf8, 0xe5, 0x82, 0x1, 0x23, 0x0, 0x7f, 0xf1,
    0xcb, 0x59, 0xb7, 0x0, 0x7f, 0xf2, 0xe, 0x67,
    0x40, 0x7, 0xff, 0xe8, 0x9e, 0xfb, 0xfd, 0xd9,
    0x28, 0x1, 0xff, 0xc2, 0x2a, 0xd8, 0x41, 0x0,
    0x9, 0xb5, 0xf3, 0x0, 0x7f, 0xcb, 0xaa, 0x1,
    0xfe, 0x19, 0xb1, 0x0, 0xfc, 0xb4, 0x1, 0xff,
    0xc2, 0x4c, 0x10, 0xf, 0x1d, 0x0, 0x7f, 0xf1,
    0xb, 0x40, 0x3d, 0xc0, 0x1f, 0x1b, 0xb9, 0x40,
    0x3e, 0x38, 0x0, 0xcc, 0x40, 0x1c, 0x39, 0x88,
    0x85, 0x7b, 0x0, 0x79, 0xc4, 0x2, 0xb0, 0xf,
    0x61, 0x80, 0x74, 0xa8, 0x7, 0xa4, 0x0, 0x64,
    0x1, 0xcc, 0x40, 0x1f, 0x58, 0x7, 0x98, 0x1,
    0x60, 0x1e, 0xb0, 0xf, 0xc2, 0xc0, 0x1c, 0x26,
    0x6, 0x1, 0xc2, 0x40, 0x1f, 0xd4, 0x1, 0xe4,
    0x5, 0x0, 0xe2, 0x0, 0xff, 0x18, 0x7, 0xb4,
    0x4, 0x3, 0x98, 0x3, 0xfe, 0x10, 0xe, 0x61,
    0x0, 0xf1, 0x80, 0x7f, 0xc6, 0x1, 0xc2, 0x1,
    0xff, 0xc7, 0x10, 0xe, 0x33, 0x0, 0x7f, 0xff,
    0xc0, 0x3f, 0xfa, 0x6, 0x1, 0xff, 0xe0, 0x10,
    0xe, 0x31, 0x0, 0xf1, 0x80, 0x7f, 0xc6, 0x1,
    0xc2, 0x2, 0x1, 0xcc, 0x1, 0xff, 0x8, 0x7,
    0x30, 0x28, 0x7, 0x18, 0x7, 0xf9, 0x0, 0x3d,
    0xa0, 0x60, 0x1e, 0x30, 0xf, 0xec, 0x0, 0xf2,
    0x5, 0x80, 0x7a, 0x80, 0x3f, 0x98, 0x3, 0x84,
    0xc0, 0xc8, 0x3, 0x98, 0x80, 0x3e, 0x91, 0x0,
    0xe7, 0x0, 0xac, 0x3, 0xde, 0x60, 0x1d, 0xc,
    0x1, 0xeb, 0x0, 0x98, 0x80, 0x38, 0xb2, 0xe1,
    0xe7, 0x9c, 0x3, 0xce, 0x40, 0x1b, 0x80, 0x3e,
    0x47, 0x86, 0x10, 0xf, 0x1c, 0x0, 0x71, 0xd0,
    0x7, 0xff, 0x10, 0xb4, 0x3, 0xe5, 0xa0, 0xf,
    0xfe, 0x11, 0xe0, 0x80, 0x7e, 0x5d, 0x40, 0xf,
    0xf0, 0xce, 0x8, 0x7, 0xf8, 0xaf, 0x61, 0x4,
    0x2, 0x26, 0xbe, 0x60, 0xf, 0x0,

    /* U+00D3 "Ó" */
    0x0, 0xff, 0xe1, 0x27, 0xff, 0xac, 0x3, 0xff,
    0x8d, 0x40, 0x1c, 0x96, 0x1, 0xff, 0xc5, 0x91,
    0x0, 0xc9, 0x60, 0x1f, 0xfc, 0x54, 0x60, 0xc,
    0x96, 0x1, 0xff, 0xc6, 0xa0, 0xc, 0x96, 0x1,
    0xff, 0xc6, 0x91, 0x0, 0x8e, 0xc0, 0x3f, 0xf8,
    0xc2, 0xc, 0xd3, 0xe0, 0x7, 0xff, 0x1c, 0x66,
    0x74, 0x0, 0x7f, 0xfe, 0x89, 0xef, 0xbf, 0xdd,
    0x92, 0x80, 0x1f, 0xfc, 0x22, 0xad, 0x84, 0x10,
    0x0, 0x9b, 0x5f, 0x30, 0x7, 0xfc, 0xba, 0xa0,
    0x1f, 0xe1, 0x9b, 0x10, 0xf, 0xcb, 0x40, 0x1f,
    0xfc, 0x24, 0xc1, 0x0, 0xf1, 0xd0, 0x7, 0xff,
    0x10, 0xb4, 0x3, 0xdc, 0x1, 0xf1, 0xbb, 0x94,
    0x3, 0xe3, 0x80, 0xc, 0xc4, 0x1, 0xc3, 0x98,
    0x88, 0x57, 0xb0, 0x7, 0x9c, 0x40, 0x2b, 0x0,
    0xf6, 0x18, 0x7, 0x4a, 0x80, 0x7a, 0x40, 0x6,
    0x40, 0x1c, 0xc4, 0x1, 0xf5, 0x80, 0x79, 0x80,
    0x16, 0x1, 0xeb, 0x0, 0xfc, 0x2c, 0x1, 0xc2,
    0x60, 0x60, 0x1c, 0x24, 0x1, 0xfd, 0x40, 0x1e,
    0x40, 0x50, 0xe, 0x20, 0xf, 0xf1, 0x80, 0x7b,
    0x40, 0x40, 0x39, 0x80, 0x3f, 0xe1, 0x0, 0xe6,
    0x10, 0xf, 0x18, 0x7, 0xfc, 0x60, 0x1c, 0x20,
    0x1f, 0xfc, 0x71, 0x0, 0xe3, 0x30, 0x7, 0xff,
    0xfc, 0x3, 0xff, 0xa0, 0x60, 0x1f, 0xfe, 0x1,
    0x0, 0xe3, 0x10, 0xf, 0x18, 0x7, 0xfc, 0x60,
    0x1c, 0x20, 0x20, 0x1c, 0xc0, 0x1f, 0xf0, 0x80,
    0x73, 0x2, 0x80, 0x71, 0x80, 0x7f, 0x90, 0x3,
    0xda, 0x6, 0x1, 0xe3, 0x0, 0xfe, 0xc0, 0xf,
    0x20, 0x58, 0x7, 0xa8, 0x3, 0xf9, 0x80, 0x38,
    0x4c, 0xc, 0x80, 0x39, 0x88, 0x3, 0xe9, 0x10,
    0xe, 0x70, 0xa, 0xc0, 0x3d, 0xe6, 0x1, 0xd0,
    0xc0, 0x1e, 0xb0, 0x9, 0x88, 0x3, 0x8b, 0x2e,
    0x1e, 0x79, 0xc0, 0x3c, 0xe4, 0x1, 0xb8, 0x3,
    0xe4, 0x78, 0x61, 0x0, 0xf1, 0xc0, 0x7, 0x1d,
    0x0, 0x7f, 0xf1, 0xb, 0x40, 0x3e, 0x5a, 0x0,
    0xff, 0xe1, 0x1e, 0x8, 0x7, 0xe5, 0xd4, 0x0,
    0xff, 0xc, 0xe0, 0x80, 0x7f, 0x8a, 0xf6, 0x10,
    0x40, 0x22, 0x6b, 0xe6, 0x0, 0xf0,

    /* U+00D4 "Ô" */
    0x0, 0xff, 0x17, 0x7f, 0xd8, 0x20, 0x1f, 0xfc,
    0x64, 0xd1, 0x0, 0x8f, 0xcc, 0x3, 0xff, 0x88,
    0xd6, 0x1, 0xe1, 0xc4, 0x0, 0xff, 0xe1, 0x44,
    0x80, 0x65, 0x0, 0xd6, 0xe0, 0x1f, 0xfc, 0xb,
    0x70, 0x8, 0x6e, 0xa8, 0x1, 0xa2, 0x40, 0x3f,
    0x87, 0x10, 0x2, 0x2c, 0x40, 0x5c, 0x10, 0x9,
    0xac, 0x3, 0xf1, 0xa3, 0xbd, 0x18, 0x40, 0x11,
    0xe3, 0xbe, 0x31, 0x0, 0xf8, 0xa2, 0x33, 0x88,
    0x7, 0x14, 0x47, 0x8, 0x7, 0xff, 0xfc, 0x3,
    0xff, 0x84, 0x4f, 0x7d, 0xfe, 0xec, 0x94, 0x0,
    0xff, 0xe1, 0x15, 0x6c, 0x20, 0x80, 0x4, 0xda,
    0xf9, 0x80, 0x3f, 0xe5, 0xd5, 0x0, 0xff, 0xc,
    0xd8, 0x80, 0x7e, 0x5a, 0x0, 0xff, 0xe1, 0x26,
    0x8, 0x7, 0x8e, 0x80, 0x3f, 0xf8, 0x85, 0xa0,
    0x1e, 0xe0, 0xf, 0x8d, 0xdc, 0xa0, 0x1f, 0x1c,
    0x0, 0x66, 0x20, 0xe, 0x1c, 0xc4, 0x42, 0xbd,
    0x80, 0x3c, 0xe2, 0x1, 0x58, 0x7, 0xb0, 0xc0,
    0x3a, 0x54, 0x3, 0xd2, 0x0, 0x32, 0x0, 0xe6,
    0x20, 0xf, 0xac, 0x3, 0xcc, 0x0, 0xb0, 0xf,
    0x58, 0x7, 0xe1, 0x60, 0xe, 0x13, 0x3, 0x0,
    0xe1, 0x20, 0xf, 0xea, 0x0, 0xf2, 0x2, 0x80,
    0x71, 0x0, 0x7f, 0x8c, 0x3, 0xda, 0x2, 0x1,
    0xcc, 0x1, 0xff, 0x8, 0x7, 0x30, 0x80, 0x78,
    0xc0, 0x3f, 0xe3, 0x0, 0xe1, 0x0, 0xff, 0xe3,
    0x88, 0x7, 0x19, 0x80, 0x3f, 0xff, 0xe0, 0x1f,
    0xfd, 0x3, 0x0, 0xff, 0xf0, 0x8, 0x7, 0x18,
    0x80, 0x78, 0xc0, 0x3f, 0xe3, 0x0, 0xe1, 0x1,
    0x0, 0xe6, 0x0, 0xff, 0x84, 0x3, 0x98, 0x14,
    0x3, 0x8c, 0x3, 0xfc, 0x80, 0x1e, 0xd0, 0x30,
    0xf, 0x18, 0x7, 0xf6, 0x0, 0x79, 0x2, 0xc0,
    0x3d, 0x40, 0x1f, 0xcc, 0x1, 0xc2, 0x60, 0x64,
    0x1, 0xcc, 0x40, 0x1f, 0x48, 0x80, 0x73, 0x80,
    0x56, 0x1, 0xef, 0x30, 0xe, 0x86, 0x0, 0xf5,
    0x80, 0x4c, 0x40, 0x1c, 0x59, 0x70, 0xf3, 0xce,
    0x1, 0xe7, 0x20, 0xd, 0xc0, 0x1f, 0x23, 0xc3,
    0x8, 0x7, 0x8e, 0x0, 0x38, 0xe8, 0x3, 0xff,
    0x88, 0x5a, 0x1, 0xf2, 0xd0, 0x7, 0xff, 0x8,
    0xf0, 0x40, 0x3f, 0x2e, 0xa0, 0x7, 0xf8, 0x67,
    0x4, 0x3, 0xfc, 0x57, 0xb0, 0x82, 0x1, 0x13,
    0x5f, 0x30, 0x7, 0x80,

    /* U+00D5 "Õ" */
    0x0, 0xfe, 0x22, 0x0, 0x7c, 0x48, 0x1, 0xff,
    0xc1, 0x7e, 0xdd, 0x74, 0x10, 0x6, 0xab, 0xfc,
    0x0, 0xff, 0x4c, 0x8, 0x0, 0x5f, 0x69, 0x4d,
    0xdc, 0x0, 0x10, 0xf, 0xe4, 0x60, 0xf, 0x96,
    0xb2, 0x0, 0x25, 0x0, 0xfe, 0xf0, 0xf, 0xfe,
    0x1c, 0x80, 0x7f, 0x20, 0x0, 0xb7, 0xf1, 0x80,
    0x3e, 0xb1, 0x0, 0xfe, 0x40, 0x4, 0x10, 0x1c,
    0xf3, 0x90, 0x1, 0x31, 0x0, 0x3f, 0xd7, 0xf8,
    0xa0, 0x18, 0x63, 0x7f, 0xd6, 0x60, 0x1f, 0xfc,
    0x13, 0x0, 0xff, 0xff, 0x80, 0x7f, 0xf4, 0x49,
    0xef, 0xbf, 0xdd, 0x92, 0x80, 0x1f, 0xfc, 0x22,
    0xad, 0x84, 0x10, 0x0, 0x9b, 0x5f, 0x30, 0x7,
    0xfc, 0xba, 0xa0, 0x1f, 0xe1, 0x9b, 0x10, 0xf,
    0xcb, 0x40, 0x1f, 0xfc, 0x24, 0xc1, 0x0, 0xf1,
    0xd0, 0x7, 0xff, 0x10, 0xb4, 0x3, 0xdc, 0x1,
    0xf1, 0xbb, 0x94, 0x3, 0xe3, 0x80, 0xc, 0xc4,
    0x1, 0xc3, 0x98, 0x88, 0x57, 0xb0, 0x7, 0x9c,
    0x40, 0x2b, 0x0, 0xf6, 0x18, 0x7, 0x4a, 0x80,
    0x7a, 0x40, 0x6, 0x40, 0x1c, 0xc4, 0x1, 0xf5,
    0x80, 0x79, 0x80, 0x16, 0x1, 0xeb, 0x0, 0xfc,
    0x2c, 0x1, 0xc2, 0x60, 0x60, 0x1c, 0x24, 0x1,
    0xfd, 0x40, 0x1e, 0x40, 0x50, 0xe, 0x20, 0xf,
    0xf1, 0x80, 0x7b, 0x40, 0x40, 0x39, 0x80, 0x3f,
    0xe1, 0x0, 0xe6, 0x10, 0xf, 0x18, 0x7, 0xfc,
    0x60, 0x1c, 0x20, 0x1f, 0xfc, 0x71, 0x0, 0xe3,
    0x30, 0x7, 0xff, 0xfc, 0x3, 0xff, 0xa0, 0x60,
    0x1f, 0xfe, 0x1, 0x0, 0xe3, 0x10, 0xf, 0x18,
    0x7, 0xfc, 0x60, 0x1c, 0x20, 0x20, 0x1c, 0xc0,
    0x1f, 0xf0, 0x80, 0x73, 0x2, 0x80, 0x71, 0x80,
    0x7f, 0x90, 0x3, 0xda, 0x6, 0x1, 0xe3, 0x0,
    0xfe, 0xc0, 0xf, 0x20, 0x58, 0x7, 0xa8, 0x3,
    0xf9, 0x80, 0x38, 0x4c, 0xc, 0x80, 0x39, 0x88,
    0x3, 0xe9, 0x10, 0xe, 0x70, 0xa, 0xc0, 0x3d,
    0xe6, 0x1, 0xd0, 0xc0, 0x1e, 0xb0, 0x9, 0x88,
    0x3, 0x8b, 0x2e, 0x1e, 0x79, 0xc0, 0x3c, 0xe4,
    0x1, 0xb8, 0x3, 0xe4, 0x78, 0x61, 0x0, 0xf1,
    0xc0, 0x7, 0x1d, 0x0, 0x7f, 0xf1, 0xb, 0x40,
    0x3e, 0x5a, 0x0, 0xff, 0xe1, 0x1e, 0x8, 0x7,
    0xe5, 0xd4, 0x0, 0xff, 0xc, 0xe0, 0x80, 0x7f,
    0x8a, 0xf6, 0x10, 0x40, 0x22, 0x6b, 0xe6, 0x0,
    0xf0,

    /* U+00D6 "Ö" */
    0x0, 0xe3, 0xcf, 0xe7, 0x0, 0xf0, 0xdf, 0xfa,
    0x84, 0x3, 0xf1, 0x61, 0x80, 0xc3, 0x80, 0x76,
    0x20, 0x1, 0x68, 0x3, 0xf2, 0x80, 0x75, 0x80,
    0x63, 0x20, 0xc, 0x80, 0x1f, 0xfd, 0x66, 0x10,
    0xd, 0x40, 0x18, 0xcc, 0x1, 0x94, 0x3, 0xf0,
    0xe2, 0x91, 0xd3, 0x0, 0x76, 0xb1, 0x11, 0xe8,
    0x3, 0xf8, 0xab, 0x71, 0x40, 0x3c, 0x33, 0xba,
    0x80, 0xf, 0xff, 0xf8, 0x7, 0xff, 0x10, 0x9e,
    0xfb, 0xfd, 0xd9, 0x28, 0x1, 0xff, 0xc2, 0x2a,
    0xd8, 0x41, 0x0, 0x9, 0xb5, 0xf3, 0x0, 0x7f,
    0xcb, 0xaa, 0x1, 0xfe, 0x19, 0xb1, 0x0, 0xfc,
    0xb4, 0x1, 0xff, 0xc2, 0x4c, 0x10, 0xf, 0x1d,
    0x0, 0x7f, 0xf1, 0xb, 0x40, 0x3d, 0xc0, 0x1f,
    0x1b, 0xb9, 0x40, 0x3e, 0x38, 0x0, 0xcc, 0x40,
    0x1c, 0x39, 0x88, 0x85, 0x7b, 0x0, 0x79, 0xc4,
    0x2, 0xb0, 0xf, 0x61, 0x80, 0x74, 0xa8, 0x7,
    0xa4, 0x0, 0x64, 0x1, 0xcc, 0x40, 0x1f, 0x58,
    0x7, 0x98, 0x1, 0x60, 0x1e, 0xb0, 0xf, 0xc2,
    0xc0, 0x1c, 0x26, 0x6, 0x1, 0xc2, 0x40, 0x1f,
    0xd4, 0x1, 0xe4, 0x5, 0x0, 0xe2, 0x0, 0xff,
    0x18, 0x7, 0xb4, 0x4, 0x3, 0x98, 0x3, 0xfe,
    0x10, 0xe, 0x61, 0x0, 0xf1, 0x80, 0x7f, 0xc6,
    0x1, 0xc2, 0x1, 0xff, 0xc7, 0x10, 0xe, 0x33,
    0x0, 0x7f, 0xff, 0xc0, 0x3f, 0xfa, 0x6, 0x1,
    0xff, 0xe0, 0x10, 0xe, 0x31, 0x0, 0xf1, 0x80,
    0x7f, 0xc6, 0x1, 0xc2, 0x2, 0x1, 0xcc, 0x1,
    0xff, 0x8, 0x7, 0x30, 0x28, 0x7, 0x18, 0x7,
    0xf9, 0x0, 0x3d, 0xa0, 0x60, 0x1e, 0x30, 0xf,
    0xec, 0x0, 0xf2, 0x5, 0x80, 0x7a, 0x80, 0x3f,
    0x98, 0x3, 0x84, 0xc0, 0xc8, 0x3, 0x98, 0x80,
    0x3e, 0x91, 0x0, 0xe7, 0x0, 0xac, 0x3, 0xde,
    0x60, 0x1d, 0xc, 0x1, 0xeb, 0x0, 0x98, 0x80,
    0x38, 0xb2, 0xe1, 0xe7, 0x9c, 0x3, 0xce, 0x40,
    0x1b, 0x80, 0x3e, 0x47, 0x86, 0x10, 0xf, 0x1c,
    0x0, 0x71, 0xd0, 0x7, 0xff, 0x10, 0xb4, 0x3,
    0xe5, 0xa0, 0xf, 0xfe, 0x11, 0xe0, 0x80, 0x7e,
    0x5d, 0x40, 0xf, 0xf0, 0xce, 0x8, 0x7, 0xf8,
    0xaf, 0x61, 0x4, 0x2, 0x26, 0xbe, 0x60, 0xf,
    0x0,

    /* U+00D7 "×" */
    0x0, 0xc6, 0x1, 0xff, 0xc1, 0x21, 0x0, 0xf3,
    0x64, 0x0, 0x7f, 0xc5, 0x98, 0x10, 0xc, 0xd2,
    0xe, 0xe0, 0xf, 0xe1, 0xc1, 0x2c, 0x10, 0x3,
    0x48, 0x5, 0xe, 0x1, 0xf0, 0xe0, 0x80, 0xb,
    0x4, 0x52, 0x1, 0xd0, 0xe0, 0x1c, 0x38, 0x40,
    0x18, 0xa4, 0x6c, 0x3, 0xd0, 0xc0, 0x10, 0xe1,
    0x0, 0x72, 0x40, 0x25, 0x80, 0x7a, 0x58, 0x7,
    0x8, 0x3, 0x92, 0xc0, 0x24, 0xb0, 0xf, 0x4b,
    0xe9, 0x0, 0x72, 0x58, 0x7, 0x25, 0x0, 0x7a,
    0xc, 0x3, 0x8e, 0xc0, 0x3e, 0x5a, 0x0, 0xff,
    0x8f, 0x0, 0x3f, 0x96, 0x80, 0x3f, 0x8f, 0x0,
    0x3f, 0xe5, 0x90, 0xf, 0x8b, 0x40, 0x3f, 0xf8,
    0x3a, 0x1, 0xf1, 0x28, 0x7, 0xff, 0x2, 0xd0,
    0x3, 0xf5, 0xa0, 0x7, 0xfa, 0x90, 0x3, 0xfd,
    0x66, 0x1, 0xfa, 0x94, 0x3, 0x84, 0x3, 0xd8,
    0x60, 0x1e, 0xa5, 0x0, 0xe1, 0xc7, 0x0, 0xf6,
    0x98, 0x6, 0x95, 0x0, 0xe1, 0xc2, 0x87, 0x0,
    0xe1, 0xd2, 0x0, 0x4b, 0x0, 0x70, 0xe1, 0x0,
    0x21, 0xc0, 0x38, 0x70, 0x85, 0xc0, 0x38, 0x70,
    0x80, 0x34, 0x30, 0x7, 0xa, 0x8e, 0x8, 0x4,
    0x38, 0x40, 0x1e, 0x96, 0x0, 0xce, 0xe0, 0x2c,
    0x10, 0x1d, 0x20, 0xf, 0xd2, 0xc0, 0x7, 0x80,
    0x8, 0xb0, 0xb4, 0xc0, 0x3f, 0xd2, 0xaf, 0x0,
    0x1c, 0x5a, 0x60, 0x1f, 0xfc, 0xa, 0x80, 0x8,

    /* U+00D8 "Ø" */
    0x0, 0xff, 0xe4, 0xdf, 0xfd, 0x20, 0x1f, 0xfc,
    0x82, 0x40, 0xa, 0x0, 0x3f, 0xb, 0xdf, 0x7f,
    0xdb, 0x2a, 0x0, 0xa0, 0x9, 0x84, 0x3, 0xc3,
    0x3d, 0x8, 0x20, 0x11, 0x35, 0x73, 0x30, 0x2,
    0xb0, 0xf, 0x1f, 0xb0, 0x7, 0xf8, 0x64, 0x40,
    0xa, 0x40, 0x1c, 0x98, 0x20, 0x1f, 0xfc, 0x49,
    0x0, 0xe2, 0xb0, 0xf, 0xfe, 0x28, 0x98, 0x7,
    0x70, 0x7, 0xc6, 0xce, 0xa2, 0x1, 0xe1, 0x80,
    0xc, 0x86, 0x1, 0xeb, 0xc9, 0x8a, 0xe7, 0x0,
    0xf3, 0x90, 0x5, 0xe0, 0x1e, 0xb4, 0x0, 0xed,
    0x0, 0xfa, 0xc0, 0x2, 0x80, 0x1c, 0x88, 0x0,
    0xf5, 0x80, 0x7c, 0xc0, 0x7, 0x0, 0xf7, 0x80,
    0x7a, 0x4, 0x3, 0xf2, 0x7, 0x80, 0x79, 0x0,
    0x38, 0x9c, 0x3, 0xfb, 0x41, 0x40, 0x38, 0x40,
    0x3d, 0x20, 0x13, 0x8, 0x7, 0x10, 0x10, 0x7,
    0x10, 0x7, 0x2a, 0x0, 0x6, 0x8, 0x3, 0x98,
    0x4, 0x3, 0x9c, 0x3, 0xa0, 0x2, 0x81, 0x70,
    0xe, 0x20, 0xf, 0x84, 0x3, 0x39, 0x0, 0xd,
    0x80, 0x40, 0x3f, 0xf8, 0xa5, 0x0, 0x17, 0x80,
    0x7f, 0xf2, 0x20, 0x2, 0x63, 0x0, 0xff, 0xe3,
    0xa2, 0x80, 0x50, 0x1, 0xff, 0xc8, 0x90, 0xa,
    0x44, 0x3, 0xff, 0x8e, 0xe4, 0x0, 0x26, 0x0,
    0xff, 0xe3, 0x8, 0xa0, 0x2, 0xe0, 0xe, 0x10,
    0xf, 0x84, 0x3, 0x9e, 0xc0, 0x25, 0x30, 0xe,
    0x70, 0xe, 0x10, 0x20, 0xe, 0x35, 0x0, 0xac,
    0x3, 0xc4, 0x1, 0xc4, 0xa, 0x1, 0xfd, 0x2,
    0x1, 0xc4, 0x20, 0x1c, 0xa1, 0xe0, 0x1f, 0x89,
    0xc0, 0x3c, 0x80, 0x1e, 0xc0, 0x70, 0xf, 0xd2,
    0x1, 0xf5, 0x80, 0x79, 0x0, 0x50, 0x3, 0xc8,
    0x80, 0xf, 0x39, 0x0, 0x72, 0x8, 0x2, 0x0,
    0x3c, 0xa8, 0x1, 0xcf, 0x0, 0x1e, 0x80, 0x8,
    0xd4, 0x3, 0x86, 0xed, 0xf, 0x3b, 0x0, 0x1e,
    0x53, 0x0, 0xd8, 0x1, 0xf2, 0x3c, 0x31, 0x0,
    0x78, 0x6c, 0x3, 0xac, 0x3, 0xff, 0x8a, 0x38,
    0x20, 0x19, 0x88, 0x3, 0xff, 0x88, 0x58, 0x40,
    0x1d, 0x0, 0x15, 0x30, 0x7, 0xf8, 0x63, 0x48,
    0x3, 0xa0, 0x40, 0x6, 0xb3, 0xd0, 0x82, 0x1,
    0x12, 0xd7, 0x38, 0x7, 0x85, 0xc0, 0x2f, 0x0,
    0xb, 0xdf, 0x7f, 0xdb, 0x4a, 0x1, 0xfa, 0x0,
    0x24, 0x30, 0xf, 0xfe, 0x40,

    /* U+00D9 "Ù" */
    0x0, 0xcf, 0x33, 0xe2, 0x0, 0xff, 0xe2, 0x2b,
    0xb3, 0x77, 0x0, 0x7f, 0xf1, 0xb, 0x4, 0x3,
    0x1b, 0x0, 0x7f, 0xf1, 0xb, 0x40, 0x3a, 0x44,
    0x3, 0xff, 0x88, 0x76, 0x1, 0xd6, 0x1, 0xff,
    0xc5, 0x4b, 0x0, 0xca, 0xa0, 0xf, 0xfe, 0x2a,
    0x50, 0x6, 0xb0, 0xf, 0xfe, 0x32, 0xff, 0xee,
    0x0, 0xff, 0xf7, 0x7f, 0xfa, 0x40, 0x3f, 0xaf,
    0xff, 0xb4, 0x3, 0xff, 0xfe, 0x1, 0xff, 0xff,
    0x0, 0xff, 0xff, 0x80, 0x7f, 0xf5, 0x1c, 0x3,
    0xff, 0xfe, 0x1, 0xff, 0xff, 0x0, 0xff, 0xff,
    0x80, 0x7f, 0xfa, 0xc, 0x3, 0xf8, 0x40, 0x38,
    0x40, 0x40, 0x39, 0xc0, 0x3f, 0x88, 0x3, 0x98,
    0x14, 0x3, 0x88, 0x40, 0x3e, 0x40, 0xf, 0x10,
    0x60, 0x7, 0x98, 0x3, 0xef, 0x0, 0xf6, 0x2,
    0x80, 0x7a, 0x10, 0x3, 0xa1, 0x0, 0x38, 0x50,
    0x9, 0x40, 0x3d, 0x74, 0xca, 0xf8, 0xe0, 0x1e,
    0x90, 0xa, 0x0, 0x3e, 0x59, 0xa8, 0x30, 0xf,
    0x13, 0x80, 0x45, 0x40, 0x1f, 0xfc, 0x5e, 0x0,
    0xe5, 0xa0, 0xf, 0xfe, 0x10, 0xe1, 0x80, 0x79,
    0x75, 0x0, 0x3f, 0xe6, 0xf3, 0x0, 0xfc, 0x57,
    0xae, 0x82, 0x1, 0x12, 0xcf, 0x48, 0x80, 0x60,

    /* U+00DA "Ú" */
    0x0, 0xff, 0xe1, 0x44, 0xcf, 0x84, 0x3, 0xff,
    0x86, 0xee, 0x66, 0xec, 0x10, 0xf, 0xfe, 0x11,
    0x40, 0x7, 0x4a, 0x80, 0x7f, 0xf0, 0xf8, 0x3,
    0xa5, 0x80, 0x3f, 0xf8, 0x6e, 0x60, 0x1a, 0x58,
    0x3, 0xff, 0x86, 0x50, 0x1, 0xa5, 0x80, 0x3f,
    0xf8, 0x9c, 0x1, 0xa5, 0x80, 0x3f, 0xf8, 0xb9,
    0xff, 0x98, 0x3, 0xff, 0xdb, 0xff, 0xe9, 0x0,
    0xfe, 0xbf, 0xfe, 0xd0, 0xf, 0xff, 0xf8, 0x7,
    0xff, 0xfc, 0x3, 0xff, 0xfe, 0x1, 0xff, 0xd4,
    0x70, 0xf, 0xff, 0xf8, 0x7, 0xff, 0xfc, 0x3,
    0xff, 0xfe, 0x1, 0xff, 0xe8, 0x30, 0xf, 0xe1,
    0x0, 0xe1, 0x1, 0x0, 0xe7, 0x0, 0xfe, 0x20,
    0xe, 0x60, 0x50, 0xe, 0x21, 0x0, 0xf9, 0x0,
    0x3c, 0x41, 0x80, 0x1e, 0x60, 0xf, 0xbc, 0x3,
    0xd8, 0xa, 0x1, 0xe8, 0x40, 0xe, 0x84, 0x0,
    0xe1, 0x40, 0x25, 0x0, 0xf5, 0xd3, 0x2b, 0xe3,
    0x80, 0x7a, 0x40, 0x28, 0x0, 0xf9, 0x66, 0xa0,
    0xc0, 0x3c, 0x4e, 0x1, 0x15, 0x0, 0x7f, 0xf1,
    0x78, 0x3, 0x96, 0x80, 0x3f, 0xf8, 0x43, 0x86,
    0x1, 0xe5, 0xd4, 0x0, 0xff, 0x9b, 0xcc, 0x3,
    0xf1, 0x5e, 0xba, 0x8, 0x4, 0x4b, 0x3d, 0x22,
    0x1, 0x80,

    /* U+00DB "Û" */
    0x0, 0xff, 0x24, 0x44, 0xc0, 0x1f, 0xfc, 0x67,
    0xb7, 0x7a, 0x68, 0x3, 0xff, 0x89, 0x30, 0x1,
    0xcb, 0x82, 0x1, 0xff, 0xc0, 0x1b, 0x60, 0xf,
    0x8f, 0xc8, 0x3, 0xfc, 0x58, 0x80, 0x11, 0x6a,
    0x0, 0x43, 0xa8, 0x1, 0xf8, 0xf0, 0x80, 0x24,
    0xc2, 0xb7, 0x0, 0xd6, 0xc0, 0x1f, 0x60, 0x80,
    0x4d, 0x62, 0x0, 0x89, 0x0, 0xd2, 0xa0, 0x1e,
    0xff, 0xe9, 0x0, 0xe6, 0xff, 0xe5, 0x0, 0xff,
    0xff, 0xff, 0xfa, 0x40, 0x3f, 0xaf, 0xff, 0xb4,
    0x3, 0xff, 0xfe, 0x1, 0xff, 0xff, 0x0, 0xff,
    0xff, 0x80, 0x7f, 0xf5, 0x1c, 0x3, 0xff, 0xfe,
    0x1, 0xff, 0xff, 0x0, 0xff, 0xff, 0x80, 0x7f,
    0xfa, 0xc, 0x3, 0xf8, 0x40, 0x38, 0x40, 0x40,
    0x39, 0xc0, 0x3f, 0x88, 0x3, 0x98, 0x14, 0x3,
    0x88, 0x40, 0x3e, 0x40, 0xf, 0x10, 0x60, 0x7,
    0x98, 0x3, 0xef, 0x0, 0xf6, 0x2, 0x80, 0x7a,
    0x10, 0x3, 0xa1, 0x0, 0x38, 0x50, 0x9, 0x40,
    0x3d, 0x74, 0xca, 0xf8, 0xe0, 0x1e, 0x90, 0xa,
    0x0, 0x3e, 0x59, 0xa8, 0x30, 0xf, 0x13, 0x80,
    0x45, 0x40, 0x1f, 0xfc, 0x5e, 0x0, 0xe5, 0xa0,
    0xf, 0xfe, 0x10, 0xe1, 0x80, 0x79, 0x75, 0x0,
    0x3f, 0xe6, 0xf3, 0x0, 0xfc, 0x57, 0xae, 0x82,
    0x1, 0x12, 0xcf, 0x48, 0x80, 0x60,

    /* U+00DC "Ü" */
    0x0, 0xc3, 0x3b, 0x8e, 0x1, 0xf3, 0xe6, 0xc8,
    0x80, 0x7d, 0x8c, 0x47, 0x10, 0x0, 0xe9, 0x83,
    0x26, 0xd0, 0xf, 0x21, 0x0, 0x67, 0x0, 0xe6,
    0x0, 0xc6, 0x60, 0xf, 0xfe, 0x8a, 0x8, 0x6,
    0x50, 0xe, 0x50, 0xc, 0x46, 0x1, 0xec, 0x40,
    0x16, 0xa0, 0xe, 0xa6, 0x10, 0x4f, 0x0, 0xf8,
    0xaf, 0xfa, 0x40, 0x3e, 0x9e, 0xfb, 0x20, 0xf,
    0xff, 0xf8, 0x7f, 0xfa, 0x40, 0x3f, 0xaf, 0xff,
    0xb4, 0x3, 0xff, 0xfe, 0x1, 0xff, 0xff, 0x0,
    0xff, 0xff, 0x80, 0x7f, 0xf5, 0x1c, 0x3, 0xff,
    0xfe, 0x1, 0xff, 0xff, 0x0, 0xff, 0xff, 0x80,
    0x7f, 0xfa, 0xc, 0x3, 0xf8, 0x40, 0x38, 0x40,
    0x40, 0x39, 0xc0, 0x3f, 0x88, 0x3, 0x98, 0x14,
    0x3, 0x88, 0x40, 0x3e, 0x40, 0xf, 0x10, 0x60,
    0x7, 0x98, 0x3, 0xef, 0x0, 0xf6, 0x2, 0x80,
    0x7a, 0x10, 0x3, 0xa1, 0x0, 0x38, 0x50, 0x9,
    0x40, 0x3d, 0x74, 0xca, 0xf8, 0xe0, 0x1e, 0x90,
    0xa, 0x0, 0x3e, 0x59, 0xa8, 0x30, 0xf, 0x13,
    0x80, 0x45, 0x40, 0x1f, 0xfc, 0x5e, 0x0, 0xe5,
    0xa0, 0xf, 0xfe, 0x10, 0xe1, 0x80, 0x79, 0x75,
    0x0, 0x3f, 0xe6, 0xf3, 0x0, 0xfc, 0x57, 0xae,
    0x82, 0x1, 0x12, 0xcf, 0x48, 0x80, 0x60,

    /* U+00DD "Ý" */
    0x0, 0xff, 0xe1, 0x8f, 0x7f, 0xf7, 0x10, 0x7,
    0xff, 0x22, 0xc4, 0x3, 0xe, 0x10, 0x7, 0xff,
    0x1d, 0x54, 0x1, 0x87, 0x8, 0x3, 0xff, 0x8e,
    0x36, 0x1, 0x87, 0x8, 0x3, 0xff, 0x91, 0x62,
    0x1, 0xe, 0x10, 0x7, 0xff, 0x21, 0x54, 0x1,
    0xe, 0x10, 0x7, 0xff, 0x27, 0x59, 0xb6, 0x10,
    0x7, 0xff, 0x2a, 0x26, 0x71, 0x0, 0x7f, 0xf7,
    0x7b, 0xff, 0xc6, 0x1, 0xff, 0xc0, 0xcf, 0xff,
    0x38, 0x48, 0x7, 0xa4, 0x3, 0xfe, 0x33, 0x0,
    0x70, 0xb8, 0x30, 0x7, 0x94, 0x40, 0x3f, 0xd4,
    0x1, 0xe9, 0x0, 0xb, 0x80, 0x79, 0x80, 0x3f,
    0x85, 0x80, 0x3c, 0xe0, 0x14, 0x80, 0x7a, 0x40,
    0x3f, 0x98, 0x3, 0xce, 0x1, 0x85, 0x80, 0x38,
    0x54, 0x3, 0xf5, 0x0, 0x7a, 0x40, 0x3a, 0x0,
    0x3d, 0x20, 0x1f, 0x21, 0x0, 0x73, 0x88, 0x7,
    0xb, 0x0, 0x71, 0x90, 0x7, 0xbc, 0x3, 0xd2,
    0x1, 0xf5, 0x80, 0x7a, 0xc0, 0x38, 0x90, 0x3,
    0x98, 0x40, 0x3e, 0x25, 0x0, 0xe6, 0x10, 0xd,
    0x60, 0x1e, 0x80, 0xf, 0xe8, 0x0, 0xf3, 0x0,
    0x66, 0x0, 0xe6, 0x10, 0xf, 0xe2, 0x50, 0xe,
    0xa0, 0x9, 0xc0, 0x3d, 0x60, 0x1f, 0xf4, 0x80,
    0x71, 0x20, 0x2, 0x80, 0x39, 0x48, 0x3, 0xfe,
    0x34, 0x0, 0xef, 0x4, 0x20, 0xe, 0x80, 0xf,
    0xfe, 0xc, 0x0, 0x72, 0x17, 0x80, 0x72, 0x10,
    0x7, 0xff, 0x4, 0xcc, 0x1, 0xd2, 0x80, 0x1d,
    0x0, 0x1f, 0xfc, 0x38, 0x0, 0xe4, 0x0, 0xe4,
    0x30, 0xf, 0xfe, 0x1a, 0x18, 0x7, 0xfa, 0x0,
    0x3f, 0xf8, 0xb2, 0x1, 0xfc, 0x66, 0x0, 0xff,
    0xe2, 0xa9, 0x0, 0x7e, 0x80, 0xf, 0xfe, 0x3c,
    0x0, 0x7c, 0x68, 0x1, 0xff, 0xc7, 0x52, 0x0,
    0xf4, 0x80, 0x7f, 0xf2, 0x5c, 0x3, 0xca, 0x1,
    0xff, 0xff, 0x0, 0xff, 0xff, 0x80, 0x7f, 0xff,
    0xc0, 0x3f, 0xff, 0xe0, 0x1f, 0xfd, 0x10,

    /* U+00DE "Þ" */
    0xdf, 0xfe, 0xb0, 0xf, 0xff, 0xf8, 0x7, 0xff,
    0xf9, 0x3f, 0xfe, 0xda, 0x72, 0x0, 0xff, 0xe4,
    0x92, 0xc6, 0xe2, 0x0, 0x7f, 0xf2, 0xce, 0xe8,
    0x3, 0xff, 0x98, 0xb8, 0x1, 0xff, 0xcc, 0x3a,
    0x0, 0xfc, 0x77, 0x7e, 0x95, 0x0, 0xf9, 0x50,
    0x3, 0xe7, 0x44, 0xf3, 0x56, 0x98, 0x7, 0xbc,
    0x3, 0xff, 0x88, 0x5a, 0x20, 0x1c, 0x82, 0x1,
    0xff, 0xc4, 0x18, 0x0, 0xf2, 0x0, 0x7f, 0xf1,
    0x50, 0x3, 0xc4, 0x1, 0xff, 0xc5, 0x20, 0xf,
    0x78, 0x7, 0xff, 0x14, 0x40, 0x3d, 0xe0, 0x1f,
    0xfc, 0x55, 0x0, 0xf1, 0x0, 0x7f, 0xf1, 0x7c,
    0x3, 0xce, 0x1, 0xff, 0xc4, 0x84, 0x0, 0xe2,
    0x20, 0x7, 0xff, 0x4, 0x57, 0x1c, 0x3, 0xd6,
    0x1, 0xf2, 0x7f, 0xfb, 0xa8, 0xc0, 0x3c, 0x4c,
    0x1, 0xff, 0xca, 0x1f, 0x0, 0xff, 0xe5, 0x16,
    0x10, 0x7, 0xff, 0x25, 0xf4, 0x80, 0x3f, 0xf8,
    0xe7, 0x1d, 0x0, 0x1f, 0xf1, 0x5d, 0xfb, 0x37,
    0xf1, 0xc4, 0x3, 0xff, 0x80, 0xc8, 0x9e, 0x32,
    0x0, 0xff, 0xff, 0x80, 0x7f, 0xfc, 0x0,

    /* U+00DF "ß" */
    0x0, 0xf9, 0x27, 0x7f, 0xed, 0xa5, 0x0, 0xff,
    0xe1, 0x2f, 0x5b, 0x10, 0x4, 0x4b, 0x5c, 0xa0,
    0x1f, 0xf4, 0xd0, 0x80, 0x7f, 0xd, 0x40, 0x7,
    0xf4, 0xb0, 0x7, 0xff, 0x5, 0xd8, 0x3, 0xe5,
    0x60, 0xf, 0xfe, 0x1c, 0x88, 0x7, 0xac, 0x3,
    0xc7, 0x36, 0xe0, 0x1f, 0x30, 0x7, 0x28, 0x80,
    0x72, 0xe3, 0x24, 0x58, 0x7, 0xac, 0x3, 0xbc,
    0x3, 0xd6, 0x1, 0x91, 0x0, 0x1c, 0x40, 0x1c,
    0x80, 0x1c, 0xa2, 0x1, 0xd8, 0x1, 0xc2, 0x1,
    0x84, 0x40, 0x1d, 0xa0, 0x1f, 0xfc, 0x53, 0x0,
    0xf1, 0x0, 0x7b, 0x80, 0x38, 0x80, 0x30, 0x80,
    0x78, 0x40, 0x3c, 0xe0, 0x1c, 0x80, 0x1f, 0xfc,
    0x56, 0x10, 0xe, 0xb0, 0xf, 0xfe, 0x2c, 0x0,
    0x72, 0x90, 0x7, 0xff, 0x11, 0xc4, 0x3, 0xac,
    0x3, 0xff, 0x8b, 0x40, 0x1c, 0xa2, 0x1, 0xff,
    0xc5, 0x20, 0xe, 0xd0, 0xf, 0xfe, 0x28, 0x80,
    0x7f, 0xf3, 0x4, 0x3, 0xd8, 0x1, 0xff, 0xc6,
    0x20, 0xe, 0x45, 0x0, 0xff, 0xe2, 0xa8, 0x7,
    0xa8, 0xc0, 0x3f, 0xf8, 0x92, 0x20, 0x1e, 0xd2,
    0x0, 0xff, 0xe1, 0x8d, 0x80, 0x78, 0x70, 0x40,
    0x3f, 0xf8, 0x6b, 0x0, 0x1e, 0x1d, 0x0, 0xff,
    0xe2, 0x3c, 0x0, 0x78, 0xdc, 0x3, 0xff, 0x88,
    0xee, 0x0, 0xf4, 0x80, 0x7f, 0xf1, 0x61, 0x0,
    0x38, 0x54, 0x3, 0xff, 0x8b, 0x20, 0x1e, 0xc0,
    0xf, 0xfe, 0x29, 0x10, 0x3, 0x8c, 0x3, 0xff,
    0x8c, 0x60, 0x1f, 0xfc, 0xb2, 0x10, 0xe, 0x20,
    0xf, 0xe2, 0xd6, 0x20, 0x8, 0x78, 0x3, 0xda,
    0x1, 0xfc, 0x85, 0x3b, 0xd9, 0x8e, 0x30, 0xf,
    0x20, 0x7, 0xf6, 0x0, 0x42, 0x66, 0x0, 0xf9,
    0x84, 0x3, 0xf9, 0x0, 0x3f, 0xf8, 0x5, 0x20,
    0x1f, 0xc4, 0x20, 0x1f, 0xf1, 0xe0, 0x7, 0xf8,
    0x9c, 0x80, 0x3f, 0x14, 0xe0, 0x80, 0xf, 0xff,
    0xc8, 0x11, 0xbd, 0x73, 0x11, 0x56, 0xe9, 0x80,
    0x30,

    /* U+00E0 "à" */
    0x0, 0x93, 0xff, 0xd8, 0x1, 0xff, 0xc4, 0x4b,
    0x0, 0xe3, 0x60, 0xf, 0xfe, 0x22, 0x50, 0x7,
    0x48, 0x80, 0x7f, 0xf1, 0x16, 0x40, 0x3a, 0xc0,
    0x3f, 0xf8, 0xad, 0x0, 0x19, 0x54, 0x1, 0xff,
    0xc5, 0x77, 0x0, 0x6b, 0x0, 0xff, 0xe3, 0x44,
    0x19, 0xa7, 0x40, 0xf, 0xfe, 0x33, 0xcc, 0xe4,
    0x0, 0xff, 0xf9, 0x8b, 0x56, 0xff, 0xdd, 0x92,
    0xa0, 0x1f, 0xf0, 0xcf, 0x4a, 0x90, 0x4, 0x26,
    0xd5, 0xf0, 0x1, 0xf8, 0xfd, 0x80, 0x3f, 0xf8,
    0xf, 0xa4, 0x1, 0xc5, 0x82, 0x1, 0xff, 0xc2,
    0x2f, 0x10, 0xd, 0xe0, 0x1f, 0x84, 0x3, 0xf1,
    0x58, 0x4, 0x84, 0x1, 0xc5, 0x7f, 0xdf, 0xae,
    0x1, 0xe5, 0x20, 0x6, 0x80, 0x7b, 0x10, 0x2,
    0x28, 0x90, 0xf, 0x28, 0x4, 0x45, 0xca, 0x20,
    0x1e, 0x61, 0x0, 0xed, 0x0, 0x4e, 0xef, 0x50,
    0x7, 0xe2, 0x0, 0xe1, 0x0, 0xff, 0xe5, 0xb8,
    0x7, 0xc4, 0xf5, 0xbd, 0xff, 0xc6, 0x1, 0xff,
    0x2e, 0x6c, 0x29, 0x8, 0x7, 0xff, 0x12, 0xa8,
    0x60, 0x1f, 0xfc, 0x8b, 0x50, 0xf, 0xc2, 0x38,
    0x3, 0xf9, 0x50, 0x3, 0xd1, 0xbf, 0xdd, 0x8c,
    0x3, 0xf4, 0x0, 0x70, 0xeb, 0x90, 0x7, 0xff,
    0x4, 0x48, 0x3, 0xa4, 0x80, 0x3f, 0xf8, 0x64,
    0x1, 0xe3, 0x0, 0xff, 0xe2, 0x38, 0x7, 0xff,
    0xc, 0x80, 0x3e, 0x70, 0xf, 0x70, 0x7, 0x87,
    0x4, 0x3, 0xe3, 0x0, 0xf2, 0xda, 0x8, 0x92,
    0x78, 0xc0, 0x3f, 0x98, 0x3, 0xc9, 0x7d, 0xcb,
    0x60, 0xf, 0xfa, 0x4, 0x3, 0xff, 0x8e, 0x40,
    0x1, 0xd0, 0xf, 0xfe, 0x9, 0x80, 0x70, 0x88,
    0x0, 0x7a, 0x60, 0x1f, 0xc5, 0x90, 0x1, 0xe4,
    0x0, 0x8b, 0x30, 0xc4, 0x1, 0x13, 0x5e, 0x9a,
    0x0, 0x7b, 0xc0,

    /* U+00E1 "á" */
    0x0, 0xff, 0xe0, 0xdf, 0xff, 0x90, 0x3, 0xff,
    0x86, 0xc8, 0x1, 0xd4, 0x80, 0x1f, 0xfc, 0x21,
    0x90, 0xe, 0xa5, 0x0, 0xff, 0xe1, 0xd0, 0x7,
    0x52, 0x80, 0x7f, 0xf0, 0xd9, 0x0, 0x35, 0x28,
    0x7, 0xff, 0xc, 0x64, 0x3, 0x52, 0x80, 0x7f,
    0xf1, 0x11, 0x9b, 0x52, 0x80, 0x7f, 0xf1, 0x56,
    0x67, 0x28, 0x7, 0xff, 0xcc, 0x5a, 0xb7, 0xfe,
    0xec, 0x95, 0x0, 0xff, 0x86, 0x7a, 0x54, 0x80,
    0x21, 0x36, 0xaf, 0x80, 0xf, 0xc7, 0xec, 0x1,
    0xff, 0xc0, 0x7d, 0x20, 0xe, 0x2c, 0x10, 0xf,
    0xfe, 0x11, 0x78, 0x80, 0x6f, 0x0, 0xfc, 0x20,
    0x1f, 0x8a, 0xc0, 0x24, 0x20, 0xe, 0x2b, 0xfe,
    0xfd, 0x70, 0xf, 0x29, 0x0, 0x34, 0x3, 0xd8,
    0x80, 0x11, 0x44, 0x80, 0x79, 0x40, 0x22, 0x2e,
    0x51, 0x0, 0xf3, 0x8, 0x7, 0x68, 0x2, 0x77,
    0x7a, 0x80, 0x3f, 0x10, 0x7, 0x8, 0x7, 0xff,
    0x2d, 0xc0, 0x3e, 0x27, 0xad, 0xef, 0xfe, 0x30,
    0xf, 0xf9, 0x73, 0x61, 0x48, 0x40, 0x3f, 0xf8,
    0x95, 0x43, 0x0, 0xff, 0xe4, 0x5a, 0x80, 0x7e,
    0x11, 0xc0, 0x1f, 0xca, 0x80, 0x1e, 0x8d, 0xfe,
    0xec, 0x60, 0x1f, 0xa0, 0x3, 0x87, 0x5c, 0x80,
    0x3f, 0xf8, 0x22, 0x40, 0x1d, 0x24, 0x1, 0xff,
    0xc3, 0x20, 0xf, 0x18, 0x7, 0xff, 0x11, 0xc0,
    0x3f, 0xf8, 0x64, 0x1, 0xf3, 0x80, 0x7b, 0x80,
    0x3c, 0x38, 0x20, 0x1f, 0x18, 0x7, 0x96, 0xd0,
    0x44, 0x93, 0xc6, 0x1, 0xfc, 0xc0, 0x1e, 0x4b,
    0xee, 0x5b, 0x0, 0x7f, 0xd0, 0x20, 0x1f, 0xfc,
    0x72, 0x0, 0xe, 0x80, 0x7f, 0xf0, 0x4c, 0x3,
    0x84, 0x40, 0x3, 0xd3, 0x0, 0xfe, 0x2c, 0x80,
    0xf, 0x20, 0x4, 0x59, 0x86, 0x20, 0x8, 0x9a,
    0xf4, 0xd0, 0x3, 0xde,

    /* U+00E2 "â" */
    0x0, 0xfe, 0x7f, 0xfc, 0xe0, 0x1f, 0xfc, 0x5a,
    0x80, 0xd, 0x14, 0x1, 0xff, 0xc2, 0x1c, 0x50,
    0xf, 0x2e, 0x8, 0x7, 0xfc, 0x58, 0x60, 0x11,
    0x90, 0x4, 0x78, 0x40, 0x1f, 0xc9, 0xa4, 0x1,
    0x26, 0x61, 0x0, 0x22, 0xc4, 0x0, 0xf9, 0x6c,
    0x3, 0x3d, 0x80, 0xdb, 0x0, 0x43, 0x6c, 0x1,
    0xf3, 0xbe, 0xa8, 0x0, 0xd3, 0x4e, 0xf8, 0x3,
    0xe5, 0x88, 0xca, 0x1, 0xe5, 0x88, 0xcc, 0x1,
    0xff, 0xff, 0x0, 0xf0, 0xb5, 0x6f, 0xfd, 0xd9,
    0x2a, 0x1, 0xff, 0xc, 0xf4, 0xa9, 0x0, 0x42,
    0x6d, 0x5f, 0x0, 0x1f, 0x8f, 0xd8, 0x3, 0xff,
    0x80, 0xfa, 0x40, 0x1c, 0x58, 0x20, 0x1f, 0xfc,
    0x22, 0xf1, 0x0, 0xde, 0x1, 0xf8, 0x40, 0x3f,
    0x15, 0x80, 0x48, 0x40, 0x1c, 0x57, 0xfd, 0xfa,
    0xe0, 0x1e, 0x52, 0x0, 0x68, 0x7, 0xb1, 0x0,
    0x22, 0x89, 0x0, 0xf2, 0x80, 0x44, 0x5c, 0xa2,
    0x1, 0xe6, 0x10, 0xe, 0xd0, 0x4, 0xee, 0xf5,
    0x0, 0x7e, 0x20, 0xe, 0x10, 0xf, 0xfe, 0x5b,
    0x80, 0x7c, 0x4f, 0x5b, 0xdf, 0xfc, 0x60, 0x1f,
    0xf2, 0xe6, 0xc2, 0x90, 0x80, 0x7f, 0xf1, 0x2a,
    0x86, 0x1, 0xff, 0xc8, 0xb5, 0x0, 0xfc, 0x23,
    0x80, 0x3f, 0x95, 0x0, 0x3d, 0x1b, 0xfd, 0xd8,
    0xc0, 0x3f, 0x40, 0x7, 0xe, 0xb9, 0x0, 0x7f,
    0xf0, 0x44, 0x80, 0x3a, 0x48, 0x3, 0xff, 0x86,
    0x40, 0x1e, 0x30, 0xf, 0xfe, 0x23, 0x80, 0x7f,
    0xf0, 0xc8, 0x3, 0xe7, 0x0, 0xf7, 0x0, 0x78,
    0x70, 0x40, 0x3e, 0x30, 0xf, 0x2d, 0xa0, 0x89,
    0x27, 0x8c, 0x3, 0xf9, 0x80, 0x3c, 0x97, 0xdc,
    0xb6, 0x0, 0xff, 0xa0, 0x40, 0x3f, 0xf8, 0xe4,
    0x0, 0x1d, 0x0, 0xff, 0xe0, 0x98, 0x7, 0x8,
    0x80, 0x7, 0xa6, 0x1, 0xfc, 0x59, 0x0, 0x1e,
    0x40, 0x8, 0xb3, 0xc, 0x40, 0x11, 0x35, 0xe9,
    0xa0, 0x7, 0xbc,

    /* U+00E3 "ã" */
    0x0, 0xf8, 0x48, 0x3, 0xf2, 0x8, 0x7, 0xfd,
    0x5d, 0xbf, 0x0, 0x1e, 0x9e, 0xb4, 0x0, 0xfd,
    0x8a, 0x1, 0x3e, 0x90, 0x4, 0x44, 0x4, 0x30,
    0xf, 0xa0, 0xc0, 0x38, 0xb5, 0xc4, 0x5c, 0x1,
    0x18, 0x7, 0xcc, 0x1, 0xfa, 0x3b, 0x86, 0x0,
    0x14, 0x0, 0xf2, 0x8, 0x1, 0x3b, 0x8e, 0x1,
    0xfa, 0x40, 0x3e, 0x30, 0xa, 0x84, 0x51, 0x62,
    0x1, 0xc6, 0xe0, 0x1f, 0x11, 0x81, 0x88, 0x4,
    0x9e, 0x80, 0x13, 0x60, 0x7, 0xe5, 0xce, 0xf0,
    0xe, 0x1b, 0xec, 0xe9, 0x0, 0xff, 0x84, 0xc0,
    0x3e, 0x13, 0x10, 0xf, 0xff, 0x88, 0xb5, 0x6f,
    0xfd, 0xd9, 0x2a, 0x1, 0xff, 0xc, 0xf4, 0xa9,
    0x0, 0x42, 0x6d, 0x5f, 0x0, 0x1f, 0x8f, 0xd8,
    0x3, 0xff, 0x80, 0xfa, 0x40, 0x1c, 0x58, 0x20,
    0x1f, 0xfc, 0x22, 0xf1, 0x0, 0xde, 0x1, 0xf8,
    0x40, 0x3f, 0x15, 0x80, 0x48, 0x40, 0x1c, 0x57,
    0xfd, 0xfa, 0xe0, 0x1e, 0x52, 0x0, 0x68, 0x7,
    0xb1, 0x0, 0x22, 0x89, 0x0, 0xf2, 0x80, 0x44,
    0x5c, 0xa2, 0x1, 0xe6, 0x10, 0xe, 0xd0, 0x4,
    0xee, 0xf5, 0x0, 0x7e, 0x20, 0xe, 0x10, 0xf,
    0xfe, 0x5b, 0x80, 0x7c, 0x4f, 0x5b, 0xdf, 0xfc,
    0x60, 0x1f, 0xf2, 0xe6, 0xc2, 0x90, 0x80, 0x7f,
    0xf1, 0x2a, 0x86, 0x1, 0xff, 0xc8, 0xb5, 0x0,
    0xfc, 0x23, 0x80, 0x3f, 0x95, 0x0, 0x3d, 0x1b,
    0xfd, 0xd8, 0xc0, 0x3f, 0x40, 0x7, 0xe, 0xb9,
    0x0, 0x7f, 0xf0, 0x44, 0x80, 0x3a, 0x48, 0x3,
    0xff, 0x86, 0x40, 0x1e, 0x30, 0xf, 0xfe, 0x23,
    0x80, 0x7f, 0xf0, 0xc8, 0x3, 0xe7, 0x0, 0xf7,
    0x0, 0x78, 0x70, 0x40, 0x3e, 0x30, 0xf, 0x2d,
    0xa0, 0x89, 0x27, 0x8c, 0x3, 0xf9, 0x80, 0x3c,
    0x97, 0xdc, 0xb6, 0x0, 0xff, 0xa0, 0x40, 0x3f,
    0xf8, 0xe4, 0x0, 0x1d, 0x0, 0xff, 0xe0, 0x98,
    0x7, 0x8, 0x80, 0x7, 0xa6, 0x1, 0xfc, 0x59,
    0x0, 0x1e, 0x40, 0x8, 0xb3, 0xc, 0x40, 0x11,
    0x35, 0xe9, 0xa0, 0x7, 0xbc,

    /* U+00E4 "ä" */
    0x0, 0xd1, 0xdf, 0x86, 0x1, 0xe6, 0xdf, 0xd5,
    0x0, 0xfa, 0x1c, 0x40, 0xf4, 0x40, 0x32, 0x49,
    0x1, 0x52, 0x0, 0x79, 0x80, 0x30, 0xa0, 0x6,
    0xe0, 0xe, 0xd0, 0xf, 0xfe, 0x94, 0x80, 0x61,
    0x50, 0xd, 0x20, 0x1d, 0x40, 0x1e, 0x79, 0x32,
    0x5f, 0x0, 0xe3, 0xb4, 0x24, 0xb3, 0x0, 0xf9,
    0xb3, 0x68, 0x40, 0x3c, 0x97, 0xb6, 0x80, 0x1f,
    0xff, 0xf0, 0xf, 0x85, 0xab, 0x7f, 0xee, 0xc9,
    0x50, 0xf, 0xf8, 0x67, 0xa5, 0x48, 0x2, 0x13,
    0x6a, 0xf8, 0x0, 0xfc, 0x7e, 0xc0, 0x1f, 0xfc,
    0x7, 0xd2, 0x0, 0xe2, 0xc1, 0x0, 0xff, 0xe1,
    0x17, 0x88, 0x6, 0xf0, 0xf, 0xc2, 0x1, 0xf8,
    0xac, 0x2, 0x42, 0x0, 0xe2, 0xbf, 0xef, 0xd7,
    0x0, 0xf2, 0x90, 0x3, 0x40, 0x3d, 0x88, 0x1,
    0x14, 0x48, 0x7, 0x94, 0x2, 0x22, 0xe5, 0x10,
    0xf, 0x30, 0x80, 0x76, 0x80, 0x27, 0x77, 0xa8,
    0x3, 0xf1, 0x0, 0x70, 0x80, 0x7f, 0xf2, 0xdc,
    0x3, 0xe2, 0x7a, 0xde, 0xff, 0xe3, 0x0, 0xff,
    0x97, 0x36, 0x14, 0x84, 0x3, 0xff, 0x89, 0x54,
    0x30, 0xf, 0xfe, 0x45, 0xa8, 0x7, 0xe1, 0x1c,
    0x1, 0xfc, 0xa8, 0x1, 0xe8, 0xdf, 0xee, 0xc6,
    0x1, 0xfa, 0x0, 0x38, 0x75, 0xc8, 0x3, 0xff,
    0x82, 0x24, 0x1, 0xd2, 0x40, 0x1f, 0xfc, 0x32,
    0x0, 0xf1, 0x80, 0x7f, 0xf1, 0x1c, 0x3, 0xff,
    0x86, 0x40, 0x1f, 0x38, 0x7, 0xb8, 0x3, 0xc3,
    0x82, 0x1, 0xf1, 0x80, 0x79, 0x6d, 0x4, 0x49,
    0x3c, 0x60, 0x1f, 0xcc, 0x1, 0xe4, 0xbe, 0xe5,
    0xb0, 0x7, 0xfd, 0x2, 0x1, 0xff, 0xc7, 0x20,
    0x0, 0xe8, 0x7, 0xff, 0x4, 0xc0, 0x38, 0x44,
    0x0, 0x3d, 0x30, 0xf, 0xe2, 0xc8, 0x0, 0xf2,
    0x0, 0x45, 0x98, 0x62, 0x0, 0x89, 0xaf, 0x4d,
    0x0, 0x3d, 0xe0,

    /* U+00E5 "å" */
    0x0, 0xff, 0x8c, 0xc2, 0x1, 0xff, 0xc6, 0x1a,
    0xfc, 0xc7, 0x48, 0x80, 0x7f, 0xf1, 0x31, 0x40,
    0x33, 0x60, 0x7, 0xff, 0xe, 0x8, 0x1b, 0xb8,
    0xc0, 0x4e, 0x1, 0xff, 0xc2, 0x50, 0x19, 0x11,
    0x48, 0x85, 0x80, 0x7f, 0xf0, 0x88, 0x14, 0x3,
    0x10, 0x10, 0x7, 0xff, 0x8, 0x81, 0x40, 0x31,
    0x81, 0x0, 0x7f, 0xf0, 0xa8, 0x7, 0x11, 0x18,
    0x0, 0xa0, 0xf, 0xfe, 0x13, 0xa0, 0x1d, 0xd8,
    0xc1, 0x58, 0x3, 0xff, 0x87, 0x72, 0x60, 0x3,
    0x9a, 0x0, 0xff, 0xe2, 0xb6, 0x7f, 0xb1, 0x80,
    0x3f, 0xfe, 0x62, 0xd5, 0xbf, 0xf7, 0x64, 0xa8,
    0x7, 0xfc, 0x33, 0xd2, 0xa4, 0x1, 0x9, 0xb5,
    0x7c, 0x0, 0x7e, 0x3f, 0x60, 0xf, 0xfe, 0x3,
    0xe9, 0x0, 0x71, 0x60, 0x80, 0x7f, 0xf0, 0x8b,
    0xc4, 0x3, 0x78, 0x7, 0xe1, 0x0, 0xfc, 0x56,
    0x1, 0x21, 0x0, 0x71, 0x5f, 0xf7, 0xeb, 0x80,
    0x79, 0x48, 0x1, 0xa0, 0x1e, 0xc4, 0x0, 0x8a,
    0x24, 0x3, 0xca, 0x1, 0x11, 0x72, 0x88, 0x7,
    0x98, 0x40, 0x3b, 0x40, 0x13, 0xbb, 0xd4, 0x1,
    0xf8, 0x80, 0x38, 0x40, 0x3f, 0xf9, 0x6e, 0x1,
    0xf1, 0x3d, 0x6f, 0x7f, 0xf1, 0x80, 0x7f, 0xcb,
    0x9b, 0xa, 0x42, 0x1, 0xff, 0xc4, 0xaa, 0x18,
    0x7, 0xff, 0x22, 0xd4, 0x3, 0xf0, 0x8e, 0x0,
    0xfe, 0x54, 0x0, 0xf4, 0x6f, 0xf7, 0x63, 0x0,
    0xfd, 0x0, 0x1c, 0x3a, 0xe4, 0x1, 0xff, 0xc1,
    0x12, 0x0, 0xe9, 0x20, 0xf, 0xfe, 0x19, 0x0,
    0x78, 0xc0, 0x3f, 0xf8, 0x8e, 0x1, 0xff, 0xc3,
    0x20, 0xf, 0x9c, 0x3, 0xdc, 0x1, 0xe1, 0xc1,
    0x0, 0xf8, 0xc0, 0x3c, 0xb6, 0x82, 0x24, 0x9e,
    0x30, 0xf, 0xe6, 0x0, 0xf2, 0x5f, 0x72, 0xd8,
    0x3, 0xfe, 0x81, 0x0, 0xff, 0xe3, 0x90, 0x0,
    0x74, 0x3, 0xff, 0x82, 0x60, 0x1c, 0x22, 0x0,
    0x1e, 0x98, 0x7, 0xf1, 0x64, 0x0, 0x79, 0x0,
    0x22, 0xcc, 0x31, 0x0, 0x44, 0xd7, 0xa6, 0x80,
    0x1e, 0xf0,

    /* U+00E6 "æ" */
    0x0, 0xc5, 0x19, 0xff, 0x6c, 0x98, 0x0, 0xe7,
    0x7f, 0xdd, 0x6a, 0x1, 0xf4, 0x6b, 0x98, 0x4,
    0x4d, 0x93, 0x2c, 0x62, 0x0, 0xa, 0x55, 0x88,
    0x6, 0xa7, 0x0, 0xfe, 0x66, 0x0, 0x7e, 0x4c,
    0x0, 0x99, 0x40, 0x3f, 0xf9, 0x25, 0x20, 0xb,
    0x0, 0xff, 0xe5, 0xb0, 0x91, 0x0, 0x39, 0x6a,
    0x40, 0x3e, 0x5a, 0x91, 0x0, 0xe6, 0x70, 0xe,
    0x1a, 0x56, 0x80, 0xe, 0x2a, 0x56, 0xa0, 0xe,
    0xc7, 0x88, 0xeb, 0x0, 0x8c, 0x3, 0x94, 0x2,
    0x40, 0xe, 0x62, 0x77, 0xe5, 0x0, 0xfe, 0xf0,
    0xf, 0xe2, 0x0, 0xff, 0xe2, 0x8, 0x7, 0xff,
    0x10, 0x55, 0xe3, 0x80, 0x3b, 0x66, 0x70, 0x7,
    0xf9, 0xf7, 0xaa, 0x1d, 0x40, 0x39, 0x19, 0xb0,
    0x7, 0xe4, 0xe8, 0x20, 0xf, 0xfe, 0x52, 0x58,
    0x80, 0x7f, 0xf3, 0x28, 0x3, 0xff, 0x9a, 0xc2,
    0x1, 0xe7, 0xdb, 0x0, 0xe9, 0xff, 0xff, 0x68,
    0x7, 0xaa, 0x8, 0x3, 0xff, 0x8a, 0xc0, 0x1c,
    0x6a, 0x1, 0xf8, 0x40, 0x3f, 0xc6, 0x1, 0xca,
    0x1, 0xfd, 0xa0, 0x1f, 0xfc, 0x42, 0x0, 0xfe,
    0x53, 0x0, 0xf1, 0x0, 0x14, 0x3, 0x91, 0x0,
    0x3, 0x0, 0xf6, 0x4a, 0xa2, 0xbe, 0x6a, 0x6,
    0x0, 0x7a, 0xfb, 0x90, 0x1, 0xf3, 0x55, 0xd4,
    0x18, 0x68, 0x30, 0x7, 0xc2, 0x20, 0xf, 0xfe,
    0x1a, 0x0, 0xc8, 0x7, 0xf8, 0xd0, 0x3, 0xfe,
    0x22, 0x3, 0x48, 0x7, 0xe4, 0xcb, 0x60, 0xf,
    0xf2, 0x98, 0x1, 0xb9, 0xcc, 0x0, 0x29, 0x56,
    0x0, 0x9c, 0x62, 0x0, 0x89, 0x23, 0xa8, 0x40,

    /* U+00E7 "ç" */
    0x0, 0xfc, 0xd5, 0xbf, 0xf6, 0xdb, 0x8, 0x7,
    0xff, 0x1, 0xfe, 0x54, 0x80, 0x22, 0x49, 0xe9,
    0x10, 0xf, 0xc3, 0x90, 0x1, 0xff, 0x37, 0x98,
    0x7, 0x87, 0xc, 0x3, 0xff, 0x82, 0x38, 0x60,
    0x1d, 0xa4, 0x1, 0xff, 0xc4, 0xe0, 0xc, 0xe6,
    0x1, 0xe4, 0x9a, 0x94, 0x0, 0xf1, 0x38, 0x5,
    0x20, 0x1e, 0xbb, 0x32, 0xb5, 0xd8, 0x3, 0xd4,
    0x0, 0x51, 0x0, 0xe8, 0x40, 0xe, 0x49, 0x0,
    0xe2, 0x20, 0x78, 0x7, 0xb, 0x80, 0x7c, 0xc0,
    0x1e, 0x60, 0x40, 0xe, 0x40, 0xf, 0xe4, 0x11,
    0xfc, 0x1, 0xda, 0x1, 0xfd, 0x7d, 0xdc, 0xa4,
    0x1, 0xe2, 0x0, 0xff, 0xe5, 0x88, 0x7, 0xff,
    0xd0, 0x40, 0x3c, 0x40, 0x1f, 0xfc, 0x42, 0x0,
    0xf7, 0x0, 0x7f, 0xf1, 0x4c, 0x3, 0x90, 0x3,
    0xfa, 0x6e, 0xf9, 0x1, 0x0, 0x38, 0xc8, 0x3,
    0xf3, 0xa2, 0x70, 0x2, 0x80, 0x3d, 0x20, 0x1f,
    0x38, 0x80, 0x72, 0x81, 0x20, 0x7, 0x25, 0x90,
    0x4, 0x33, 0x0, 0x1c, 0x82, 0x0, 0x90, 0xf,
    0x26, 0xeb, 0x37, 0x98, 0x3, 0xd0, 0x1, 0x14,
    0x80, 0x7c, 0x46, 0x40, 0x1f, 0x39, 0x80, 0x66,
    0x80, 0xf, 0xfe, 0x1b, 0x40, 0x7, 0x9e, 0x84,
    0x3, 0xff, 0x81, 0x32, 0x0, 0xfc, 0xbf, 0x4,
    0x1, 0xf0, 0xbf, 0x30, 0x7, 0xf8, 0x5f, 0x74,
    0x1, 0x87, 0x7a, 0x4, 0x3, 0xff, 0x84, 0x20,
    0x18, 0x65, 0x0, 0x3f, 0xf8, 0x8a, 0x1, 0xc9,
    0x6c, 0x1, 0xff, 0xc3, 0x6e, 0xb3, 0x0, 0xd2,
    0x1, 0xff, 0xc4, 0x14, 0xf0, 0xe, 0x40, 0xf,
    0xfe, 0x2b, 0x80, 0x7f, 0xf2, 0x51, 0xe8, 0x3,
    0x94, 0x3, 0xff, 0x87, 0x50, 0x20, 0x19, 0x44,
    0x3, 0xff, 0x86, 0x60, 0x1c, 0x76, 0x1, 0xff,
    0xc4, 0x10, 0x8, 0xa3, 0x4, 0x3, 0xff, 0x89,
    0x51, 0x5b, 0xa7, 0x0, 0xfc,

    /* U+00E8 "è" */
    0x0, 0x8b, 0xbf, 0xfb, 0x40, 0x3f, 0xf8, 0xa5,
    0xa0, 0x1c, 0x50, 0x1, 0xff, 0xc5, 0x3b, 0x0,
    0xe7, 0x20, 0xf, 0xfe, 0x2a, 0x58, 0x7, 0x70,
    0x7, 0xff, 0x19, 0x28, 0x3, 0x1b, 0x0, 0x7f,
    0xf1, 0x96, 0x40, 0x34, 0x88, 0x7, 0xff, 0x19,
    0xa5, 0x9b, 0x20, 0x7, 0xff, 0x1d, 0xa6, 0x72,
    0x80, 0x7f, 0xfe, 0xe, 0x33, 0xbf, 0xdd, 0x90,
    0x60, 0x1f, 0xfc, 0x14, 0xcc, 0x39, 0x88, 0x0,
    0x4d, 0xf3, 0x6, 0x1, 0xfe, 0x9b, 0x30, 0xf,
    0xf1, 0xe3, 0x80, 0x7e, 0xb6, 0x0, 0xff, 0xe1,
    0x43, 0x80, 0x7a, 0x90, 0x3, 0xff, 0x89, 0x8,
    0x1, 0x95, 0x40, 0x1e, 0x28, 0xaa, 0x39, 0x0,
    0x7a, 0x40, 0x35, 0x80, 0x7a, 0x35, 0xd5, 0x51,
    0xae, 0x1, 0xc4, 0xa0, 0x5, 0x10, 0xe, 0x67,
    0x0, 0xf4, 0x28, 0x7, 0x70, 0x3, 0x80, 0x3d,
    0x20, 0x1f, 0xa4, 0x3, 0x90, 0x0, 0x80, 0x1c,
    0xc0, 0x1f, 0xc6, 0x1, 0xe3, 0x20, 0xf, 0x2c,
    0xcf, 0xf8, 0x3, 0xcc, 0xc0, 0xf, 0x1b, 0x37,
    0xf8, 0x3, 0xc6, 0x20, 0x1f, 0xfc, 0xb1, 0x30,
    0xf, 0xfe, 0x61, 0x80, 0x7f, 0xf3, 0x4, 0x3,
    0xd5, 0xff, 0xff, 0xc4, 0x75, 0x0, 0xf7, 0x80,
    0x7f, 0xf1, 0x44, 0x80, 0x39, 0x48, 0x3, 0xff,
    0x8b, 0x40, 0x1e, 0xe0, 0xf, 0xf0, 0xea, 0x0,
    0x66, 0x0, 0xf1, 0xe9, 0x0, 0x7c, 0xbe, 0x56,
    0x60, 0x10, 0xc8, 0x7, 0x8b, 0x6d, 0x91, 0xd,
    0x3d, 0x42, 0x0, 0xc3, 0x0, 0x99, 0x40, 0x3e,
    0x49, 0xbb, 0x4b, 0x8, 0x7, 0x40, 0x6, 0xa4,
    0x0, 0xff, 0xe2, 0x95, 0x0, 0x75, 0xb8, 0x7,
    0xff, 0xd, 0x74, 0x40, 0x3d, 0x1a, 0x80, 0x1f,
    0xf1, 0xdd, 0x0, 0x7f, 0x15, 0xf4, 0x21, 0x0,
    0x42, 0x8f, 0x98, 0x40, 0xc,

    /* U+00E9 "é" */
    0x0, 0xff, 0xe0, 0xcf, 0xff, 0x98, 0x3, 0xff,
    0x88, 0x8c, 0x1, 0xd2, 0xc0, 0x1f, 0xfc, 0x4a,
    0x0, 0xe9, 0x60, 0xf, 0xfe, 0x24, 0x88, 0x6,
    0x86, 0x0, 0xff, 0xe2, 0x23, 0x0, 0x68, 0x70,
    0xf, 0xfe, 0x2d, 0x0, 0x68, 0x70, 0xf, 0xfe,
    0x2a, 0x3b, 0x35, 0x2e, 0x1, 0xff, 0xc6, 0x49,
    0x9c, 0xc0, 0x1f, 0xff, 0x83, 0x8c, 0xef, 0xf7,
    0x64, 0x18, 0x7, 0xff, 0x5, 0x33, 0xe, 0x62,
    0x0, 0x13, 0x7c, 0xc1, 0x80, 0x7f, 0xa6, 0xcc,
    0x3, 0xfc, 0x78, 0xe0, 0x1f, 0xad, 0x80, 0x3f,
    0xf8, 0x50, 0xe0, 0x1e, 0xa4, 0x0, 0xff, 0xe2,
    0x42, 0x0, 0x65, 0x50, 0x7, 0x8a, 0x2a, 0x8e,
    0x40, 0x1e, 0x90, 0xd, 0x60, 0x1e, 0x8d, 0x75,
    0x54, 0x6b, 0x80, 0x71, 0x28, 0x1, 0x44, 0x3,
    0x99, 0xc0, 0x3d, 0xa, 0x1, 0xdc, 0x0, 0xe0,
    0xf, 0x48, 0x7, 0xe9, 0x0, 0xe4, 0x0, 0x20,
    0x7, 0x30, 0x7, 0xf1, 0x80, 0x78, 0xc8, 0x3,
    0xcb, 0x33, 0xfe, 0x0, 0xf3, 0x30, 0x3, 0xc6,
    0xcd, 0xfe, 0x0, 0xf1, 0x88, 0x7, 0xff, 0x2c,
    0x4c, 0x3, 0xff, 0x98, 0x60, 0x1f, 0xfc, 0xc1,
    0x0, 0xf5, 0x7f, 0xff, 0xf1, 0x1d, 0x40, 0x3d,
    0xe0, 0x1f, 0xfc, 0x51, 0x20, 0xe, 0x52, 0x0,
    0xff, 0xe2, 0xd0, 0x7, 0xb8, 0x3, 0xfc, 0x3a,
    0x80, 0x19, 0x80, 0x3c, 0x7a, 0x40, 0x1f, 0x2f,
    0x95, 0x98, 0x4, 0x32, 0x1, 0xe2, 0xdb, 0x64,
    0x43, 0x4f, 0x50, 0x80, 0x30, 0xc0, 0x26, 0x50,
    0xf, 0x92, 0x6e, 0xd2, 0xc2, 0x1, 0xd0, 0x1,
    0xa9, 0x0, 0x3f, 0xf8, 0xa5, 0x40, 0x1d, 0x6e,
    0x1, 0xff, 0xc3, 0x5d, 0x10, 0xf, 0x46, 0xa0,
    0x7, 0xfc, 0x77, 0x40, 0x1f, 0xc5, 0x7d, 0x8,
    0x40, 0x10, 0xa3, 0xe6, 0x10, 0x3, 0x0,

    /* U+00EA "ê" */
    0x0, 0xfe, 0x6f, 0xfd, 0x20, 0x1f, 0xfc, 0x68,
    0x90, 0xc, 0xd6, 0x1, 0xff, 0xc4, 0xa7, 0x0,
    0xf2, 0x68, 0x80, 0x7f, 0xf0, 0x7, 0x14, 0x2,
    0x23, 0x0, 0x8b, 0xcc, 0x3, 0xfc, 0x7e, 0x60,
    0x11, 0xe6, 0x14, 0x2, 0x1c, 0x50, 0xf, 0xc9,
    0x82, 0x1, 0x2e, 0x8, 0x54, 0x0, 0x6a, 0x70,
    0xf, 0xce, 0xfa, 0x68, 0x3, 0x3d, 0xbb, 0xe0,
    0xf, 0xc9, 0x11, 0x98, 0x3, 0xc9, 0x11, 0x9c,
    0x3, 0xff, 0xfe, 0x1, 0xff, 0xc0, 0x38, 0xce,
    0xff, 0x76, 0x41, 0x80, 0x7f, 0xf0, 0x53, 0x30,
    0xe6, 0x20, 0x1, 0x37, 0xcc, 0x18, 0x7, 0xfa,
    0x6c, 0xc0, 0x3f, 0xc7, 0x8e, 0x1, 0xfa, 0xd8,
    0x3, 0xff, 0x85, 0xe, 0x1, 0xea, 0x40, 0xf,
    0xfe, 0x24, 0x20, 0x6, 0x55, 0x0, 0x78, 0xa2,
    0xa8, 0xe4, 0x1, 0xe9, 0x0, 0xd6, 0x1, 0xe8,
    0xd7, 0x55, 0x46, 0xb8, 0x7, 0x12, 0x80, 0x14,
    0x40, 0x39, 0x9c, 0x3, 0xd0, 0xa0, 0x1d, 0xc0,
    0xe, 0x0, 0xf4, 0x80, 0x7e, 0x90, 0xe, 0x40,
    0x2, 0x0, 0x73, 0x0, 0x7f, 0x18, 0x7, 0x8c,
    0x80, 0x3c, 0xb3, 0x3f, 0xe0, 0xf, 0x33, 0x0,
    0x3c, 0x6c, 0xdf, 0xe0, 0xf, 0x18, 0x80, 0x7f,
    0xf2, 0xc4, 0xc0, 0x3f, 0xf9, 0x86, 0x1, 0xff,
    0xcc, 0x10, 0xf, 0x57, 0xff, 0xff, 0x11, 0xd4,
    0x3, 0xde, 0x1, 0xff, 0xc5, 0x12, 0x0, 0xe5,
    0x20, 0xf, 0xfe, 0x2d, 0x0, 0x7b, 0x80, 0x3f,
    0xc3, 0xa8, 0x1, 0x98, 0x3, 0xc7, 0xa4, 0x1,
    0xf2, 0xf9, 0x59, 0x80, 0x43, 0x20, 0x1e, 0x2d,
    0xb6, 0x44, 0x34, 0xf5, 0x8, 0x3, 0xc, 0x2,
    0x65, 0x0, 0xf9, 0x26, 0xed, 0x2c, 0x20, 0x1d,
    0x0, 0x1a, 0x90, 0x3, 0xff, 0x8a, 0x54, 0x1,
    0xd6, 0xe0, 0x1f, 0xfc, 0x35, 0xd1, 0x0, 0xf4,
    0x6a, 0x0, 0x7f, 0xc7, 0x74, 0x1, 0xfc, 0x57,
    0xd0, 0x84, 0x1, 0xa, 0x3e, 0x61, 0x0, 0x30,

    /* U+00EB "ë" */
    0x0, 0xcf, 0xdf, 0x88, 0x1, 0xe4, 0xdf, 0xe6,
    0x0, 0xfc, 0xd0, 0x20, 0x76, 0x40, 0x18, 0xec,
    0x80, 0x65, 0x40, 0x3e, 0xa0, 0xe, 0x50, 0xd,
    0x60, 0x1d, 0xc0, 0x1f, 0xfd, 0x49, 0x0, 0xe6,
    0x0, 0xd4, 0x1, 0xde, 0x1, 0xf2, 0xd1, 0x92,
    0xe8, 0x80, 0x62, 0xc4, 0x23, 0xa4, 0x0, 0xfc,
    0xb9, 0xb4, 0x40, 0x1e, 0x3b, 0xdc, 0x50, 0xf,
    0xff, 0xf8, 0x7, 0xff, 0x4, 0xe3, 0x3b, 0xfd,
    0xd9, 0x6, 0x1, 0xff, 0xc1, 0x4c, 0xc3, 0x98,
    0x80, 0x4, 0xdf, 0x30, 0x60, 0x1f, 0xe9, 0xb3,
    0x0, 0xff, 0x1e, 0x38, 0x7, 0xeb, 0x60, 0xf,
    0xfe, 0x14, 0x38, 0x7, 0xa9, 0x0, 0x3f, 0xf8,
    0x90, 0x80, 0x19, 0x54, 0x1, 0xe2, 0x8a, 0xa3,
    0x90, 0x7, 0xa4, 0x3, 0x58, 0x7, 0xa3, 0x5d,
    0x55, 0x1a, 0xe0, 0x1c, 0x4a, 0x0, 0x51, 0x0,
    0xe6, 0x70, 0xf, 0x42, 0x80, 0x77, 0x0, 0x38,
    0x3, 0xd2, 0x1, 0xfa, 0x40, 0x39, 0x0, 0x8,
    0x1, 0xcc, 0x1, 0xfc, 0x60, 0x1e, 0x32, 0x0,
    0xf2, 0xcc, 0xff, 0x80, 0x3c, 0xcc, 0x0, 0xf1,
    0xb3, 0x7f, 0x80, 0x3c, 0x62, 0x1, 0xff, 0xcb,
    0x13, 0x0, 0xff, 0xe6, 0x18, 0x7, 0xff, 0x30,
    0x40, 0x3d, 0x5f, 0xff, 0xfc, 0x47, 0x50, 0xf,
    0x78, 0x7, 0xff, 0x14, 0x48, 0x3, 0x94, 0x80,
    0x3f, 0xf8, 0xb4, 0x1, 0xee, 0x0, 0xff, 0xe,
    0xa0, 0x6, 0x60, 0xf, 0x1e, 0x90, 0x7, 0xcb,
    0xe5, 0x66, 0x1, 0xc, 0x80, 0x78, 0xb6, 0xd9,
    0x10, 0xd3, 0xd4, 0x20, 0xc, 0x30, 0x9, 0x94,
    0x3, 0xe4, 0x9b, 0xb4, 0xb0, 0x80, 0x74, 0x0,
    0x6a, 0x40, 0xf, 0xfe, 0x29, 0x50, 0x7, 0x5b,
    0x80, 0x7f, 0xf0, 0xd7, 0x44, 0x3, 0xd1, 0xa8,
    0x1, 0xff, 0x1d, 0xd0, 0x7, 0xf1, 0x5f, 0x42,
    0x10, 0x4, 0x28, 0xf9, 0x84, 0x0, 0xc0,

    /* U+00EC "ì" */
    0x0, 0xa7, 0xff, 0xce, 0x1, 0xff, 0xc3, 0x96,
    0x0, 0xe8, 0x10, 0xf, 0xfe, 0x1c, 0xa8, 0x7,
    0x50, 0x7, 0xff, 0x12, 0x90, 0x3, 0x22, 0x80,
    0x7f, 0xf1, 0x2c, 0xc0, 0x35, 0x88, 0x7, 0xff,
    0x13, 0x48, 0x2, 0x18, 0x0, 0xff, 0xe2, 0xe,
    0x33, 0x60, 0x10, 0xf, 0xfe, 0x20, 0xcc, 0xf0,
    0x80, 0x7f, 0xf4, 0xd7, 0xff, 0xff, 0x83, 0xa0,
    0x1f, 0xff, 0xf0, 0xf, 0xfe, 0x6a, 0x55, 0x7c,
    0x40, 0x1f, 0xfc, 0x21, 0x55, 0xf9, 0x80, 0x3f,
    0xff, 0xe0, 0x1f, 0xff, 0xf0, 0xf, 0xff, 0xf8,
    0x7, 0xff, 0xfc, 0x3, 0xff, 0x82, 0x2a, 0xbf,
    0x30, 0x7, 0x1a, 0xaf, 0xc0, 0x95, 0x5f, 0x10,
    0x7, 0xd, 0x57, 0xc2, 0x1, 0xff, 0xff, 0x0,
    0xff, 0xe2, 0x80,

    /* U+00ED "í" */
    0x0, 0xff, 0xe0, 0xf, 0xff, 0xb4, 0x40, 0x3f,
    0xf8, 0x54, 0x1, 0xc5, 0x82, 0x1, 0xff, 0xc1,
    0x64, 0x0, 0xc5, 0x82, 0x1, 0xff, 0xc1, 0x19,
    0x0, 0xc3, 0xe2, 0x1, 0xff, 0xc2, 0xa0, 0xc,
    0x38, 0x40, 0x1f, 0xfc, 0x26, 0x40, 0x8, 0x70,
    0x80, 0x3f, 0xf8, 0x7c, 0xcd, 0xb0, 0x80, 0x3f,
    0xf8, 0x91, 0x33, 0x88, 0x3, 0xf2, 0xff, 0xff,
    0xf0, 0x74, 0x3, 0xff, 0xfe, 0x1, 0xff, 0xcd,
    0x4a, 0xaf, 0x88, 0x3, 0xff, 0x84, 0x2a, 0xbf,
    0x30, 0x7, 0xff, 0xfc, 0x3, 0xff, 0xfe, 0x1,
    0xff, 0xff, 0x0, 0xff, 0xff, 0x80, 0x7f, 0xf0,
    0x45, 0x57, 0xe6, 0x0, 0xe3, 0x55, 0xf8, 0x12,
    0xab, 0xe2, 0x0, 0xe1, 0xaa, 0xf8, 0x40, 0x3f,
    0xff, 0xe0, 0x1f, 0xfc, 0x50,

    /* U+00EE "î" */
    0x0, 0xfc, 0x39, 0xff, 0x71, 0x80, 0x7f, 0xf0,
    0xcf, 0xcc, 0x2, 0x1c, 0x60, 0xf, 0xfe, 0xa,
    0xe0, 0x80, 0x7a, 0x64, 0x1, 0xff, 0x45, 0x0,
    0x67, 0x10, 0x9, 0xb0, 0x40, 0x3f, 0x5b, 0x80,
    0x43, 0x71, 0xe6, 0x1, 0x1f, 0x98, 0x7, 0xb5,
    0x0, 0x22, 0xc4, 0x1, 0xc5, 0x0, 0x87, 0xc,
    0x3, 0xbb, 0x33, 0x69, 0x0, 0x6a, 0xcc, 0xe2,
    0x0, 0xe3, 0x3e, 0x0, 0xf8, 0xcf, 0x84, 0x3,
    0xff, 0xc8, 0xbf, 0xff, 0xfc, 0x1d, 0x0, 0xff,
    0xff, 0x80, 0x7f, 0xf3, 0x52, 0xab, 0xe2, 0x0,
    0xff, 0xe1, 0xa, 0xaf, 0xcc, 0x1, 0xff, 0xff,
    0x0, 0xff, 0xff, 0x80, 0x7f, 0xff, 0xc0, 0x3f,
    0xff, 0xe0, 0x1f, 0xfc, 0x11, 0x55, 0xf9, 0x80,
    0x38, 0xd5, 0x7e, 0x4, 0xaa, 0xf8, 0x80, 0x38,
    0x6a, 0xbe, 0x10, 0xf, 0xff, 0xf8, 0x7, 0xff,
    0x14,

    /* U+00EF "ï" */
    0x0, 0x8a, 0xff, 0xa4, 0x3, 0xe9, 0xef, 0xb2,
    0x0, 0xf7, 0xa0, 0xb, 0x50, 0x7, 0x53, 0x8,
    0x26, 0x0, 0x72, 0x10, 0x6, 0x50, 0xe, 0x50,
    0xc, 0x28, 0x1, 0x9c, 0x3, 0xff, 0x8a, 0xe0,
    0x18, 0xc8, 0x3, 0x30, 0x7, 0x30, 0x6, 0x23,
    0x0, 0xec, 0x62, 0x38, 0x90, 0xe, 0x98, 0x32,
    0x6c, 0x0, 0xf0, 0xce, 0xe3, 0x80, 0x7c, 0xf9,
    0xb2, 0x20, 0x1f, 0xfc, 0xe5, 0xff, 0xff, 0xe0,
    0xe8, 0x7, 0xff, 0xfc, 0x3, 0xff, 0x9a, 0x95,
    0x5f, 0x10, 0x7, 0xff, 0x8, 0x55, 0x7e, 0x60,
    0xf, 0xff, 0xf8, 0x7, 0xff, 0xfc, 0x3, 0xff,
    0xfe, 0x1, 0xff, 0xff, 0x0, 0xff, 0xe0, 0x8a,
    0xaf, 0xcc, 0x1, 0xc6, 0xab, 0xf0, 0x25, 0x57,
    0xc4, 0x1, 0xc3, 0x55, 0xf0, 0x80, 0x7f, 0xff,
    0xc0, 0x3f, 0xf8, 0xa0,

    /* U+00F0 "ð" */
    0x0, 0xff, 0x9a, 0xd8, 0x3, 0xff, 0x97, 0x69,
    0x3f, 0x2, 0x1, 0xcf, 0x40, 0x1f, 0xfc, 0x3,
    0x20, 0x9, 0xfd, 0x40, 0xd, 0xd0, 0xac, 0x1,
    0xff, 0x50, 0x7, 0xd, 0x53, 0x64, 0x40, 0x10,
    0x1, 0xfe, 0x16, 0x0, 0xf9, 0x48, 0x2, 0x5f,
    0x0, 0xff, 0x9c, 0x40, 0x3f, 0x8f, 0x28, 0x40,
    0x3f, 0xc3, 0x1c, 0xc0, 0x1f, 0xac, 0xc0, 0x3f,
    0xf8, 0x4c, 0xe0, 0x1f, 0xa0, 0x80, 0x3f, 0xf8,
    0x9, 0xb2, 0x20, 0x1f, 0xdc, 0x1, 0xff, 0x55,
    0x90, 0x4, 0xb6, 0x1, 0xe3, 0x50, 0xf, 0xf7,
    0x80, 0x49, 0x94, 0x92, 0x1, 0xe9, 0x0, 0xff,
    0x2a, 0x8a, 0xec, 0x60, 0x6, 0x30, 0xe, 0x33,
    0x0, 0x7f, 0xab, 0x50, 0x3, 0xa0, 0x3, 0xd4,
    0x1, 0xf8, 0x5e, 0xf7, 0xfd, 0xd9, 0x4, 0x82,
    0x1, 0xce, 0x1, 0xe1, 0x9e, 0x84, 0x20, 0x0,
    0x9b, 0xed, 0x20, 0x7, 0x9, 0x0, 0x63, 0xf6,
    0x0, 0xff, 0x2a, 0x80, 0x3c, 0xe0, 0x11, 0xe0,
    0x80, 0x7f, 0xf1, 0xf4, 0x0, 0x3a, 0x1, 0xff,
    0xc9, 0x20, 0x4, 0x8, 0x7, 0x9b, 0x7f, 0xdd,
    0x6e, 0x20, 0x1f, 0x8, 0xb, 0x0, 0x7a, 0xa4,
    0x80, 0x2, 0x91, 0xcc, 0x1, 0xe7, 0x6, 0x0,
    0xf3, 0x28, 0x7, 0xe9, 0x30, 0xf, 0xb0, 0x3,
    0xd0, 0x1, 0xfe, 0x70, 0xe, 0x10, 0x50, 0xe,
    0x41, 0x0, 0xff, 0xe2, 0x8, 0x8, 0x7, 0x18,
    0x7, 0xfc, 0xe0, 0x1e, 0x10, 0xf, 0x70, 0x7,
    0xfc, 0x20, 0x1c, 0xc0, 0x1f, 0x8, 0x7, 0xfc,
    0x40, 0x1c, 0x42, 0x1, 0xee, 0x0, 0xff, 0x18,
    0x7, 0xb0, 0x8, 0x3, 0x90, 0x3, 0xfd, 0x40,
    0x1e, 0x40, 0x50, 0xe, 0x25, 0x0, 0xfc, 0x4c,
    0x1, 0xca, 0x0, 0xa0, 0xf, 0x51, 0x0, 0x78,
    0x7c, 0x3, 0xd2, 0x0, 0x25, 0x0, 0xf6, 0xb0,
    0x6, 0x4c, 0x20, 0xe, 0x43, 0x0, 0xac, 0x3,
    0xe9, 0xfd, 0xce, 0xb2, 0x0, 0xe1, 0xa0, 0xc,
    0x36, 0x1, 0xf8, 0x8c, 0x40, 0x3e, 0xa1, 0x0,
    0xe4, 0xa0, 0xf, 0xfe, 0x25, 0xa0, 0x7, 0xcb,
    0xa6, 0x1, 0xff, 0xc0, 0x4d, 0x40, 0xf, 0xe2,
    0xca, 0x40, 0xf, 0xc9, 0x76, 0x20, 0xf, 0xfe,
    0x2, 0xdf, 0xdc, 0xc4, 0x26, 0xfe, 0xd0, 0x3,
    0xe0,

    /* U+00F1 "ñ" */
    0x0, 0xff, 0xe2, 0x8, 0x7, 0xfc, 0x99, 0xfd,
    0x0, 0x1e, 0x8e, 0xa4, 0x0, 0xf9, 0xac, 0xc0,
    0x5f, 0x50, 0x3, 0x20, 0xaf, 0x80, 0x78, 0xa4,
    0x3, 0x8a, 0xe4, 0x82, 0x8, 0x0, 0x60, 0x1e,
    0x80, 0xf, 0xcd, 0xbe, 0xe0, 0x15, 0x80, 0x79,
    0x40, 0x3, 0x56, 0xc0, 0x1f, 0x8c, 0xc0, 0x1c,
    0x60, 0x14, 0x2a, 0x4e, 0x10, 0x7, 0xf, 0x0,
    0x78, 0x4c, 0x0, 0xe0, 0x11, 0xeb, 0x0, 0x47,
    0x84, 0x1, 0xe2, 0xcf, 0xb1, 0x0, 0xe9, 0xfc,
    0xec, 0x20, 0xf, 0xf2, 0x0, 0x7e, 0x31, 0x0,
    0xff, 0xf4, 0xdf, 0xff, 0x20, 0x4, 0x95, 0xbf,
    0xee, 0xc8, 0x20, 0xf, 0xf1, 0x1, 0xed, 0xa9,
    0x0, 0x4, 0xdf, 0x60, 0x3, 0xf8, 0x5b, 0x8,
    0x3, 0xf9, 0xe4, 0x3, 0xf5, 0x48, 0x7, 0xff,
    0x1, 0x94, 0x3, 0xe2, 0x0, 0xff, 0xe1, 0x40,
    0x7, 0xf1, 0xdf, 0xfd, 0xac, 0x1, 0xe2, 0x40,
    0xf, 0x97, 0x10, 0x2, 0x29, 0x80, 0xf, 0x60,
    0x7, 0x86, 0x80, 0x3e, 0x71, 0x0, 0xe4, 0x0,
    0xf1, 0x80, 0x7f, 0x28, 0x7, 0x8, 0x7, 0xff,
    0x10, 0x80, 0x38, 0xc0, 0x3f, 0xf9, 0x42, 0x1,
    0xff, 0xff, 0x0, 0xff, 0xff, 0x80, 0x7f, 0xff,
    0xc0, 0x3f, 0xff, 0xe0, 0x1f, 0xfe, 0x10,

    /* U+00F2 "ò" */
    0x0, 0xd5, 0xff, 0xe5, 0x0, 0xff, 0xe2, 0xd2,
    0x0, 0x75, 0x88, 0x7, 0xff, 0x16, 0xcc, 0x3,
    0xc, 0x0, 0x7f, 0xf1, 0xb0, 0xc0, 0x33, 0x18,
    0x7, 0xff, 0x1b, 0x48, 0x3, 0x70, 0x7, 0xff,
    0x18, 0x70, 0x80, 0x22, 0x80, 0xf, 0xfe, 0x30,
    0xfb, 0x36, 0x0, 0xff, 0xe4, 0x14, 0xce, 0x80,
    0xf, 0xff, 0xb8, 0xbd, 0xef, 0xfd, 0xb4, 0xa0,
    0x1f, 0xfc, 0x11, 0x9e, 0x84, 0x20, 0x8, 0x96,
    0xb9, 0xc0, 0x3f, 0xc7, 0xec, 0x1, 0xfe, 0x18,
    0xc1, 0x0, 0xf8, 0xf0, 0x40, 0x3f, 0xf8, 0x27,
    0xe2, 0x1, 0xc3, 0xa0, 0x1f, 0xfc, 0x41, 0xd0,
    0xe, 0xa1, 0x0, 0xf2, 0xcd, 0x4a, 0x0, 0x78,
    0xdc, 0x2, 0x34, 0x0, 0xe1, 0xca, 0x65, 0x6b,
    0x90, 0xf, 0x40, 0x5, 0x20, 0x1e, 0xa3, 0x0,
    0xe6, 0x70, 0xf, 0x30, 0x1, 0x40, 0x39, 0x10,
    0x1, 0xf4, 0x0, 0x7b, 0x40, 0xc0, 0x3d, 0xa0,
    0x1f, 0xca, 0x1, 0xc8, 0xa, 0x1, 0xe4, 0x0,
    0xfe, 0xc0, 0xf, 0x17, 0x0, 0x78, 0x80, 0x3f,
    0x88, 0x3, 0xcc, 0x20, 0x1f, 0xfc, 0x47, 0x0,
    0xf0, 0x80, 0x7f, 0xf3, 0x44, 0x3, 0xff, 0x96,
    0x3e, 0x1, 0xe1, 0x0, 0xfe, 0x60, 0xf, 0x39,
    0x0, 0x79, 0x40, 0x3f, 0xb4, 0x3, 0xc4, 0x80,
    0x1e, 0xc0, 0xf, 0xe4, 0x0, 0xe2, 0x11, 0x10,
    0x7, 0x30, 0x7, 0xe3, 0x30, 0x7, 0x20, 0x2,
    0x80, 0x38, 0x68, 0x3, 0xef, 0x0, 0xf5, 0x0,
    0x18, 0x40, 0x39, 0x68, 0x40, 0x23, 0xc3, 0x0,
    0xe3, 0x30, 0x0, 0x60, 0x3, 0xcb, 0xdb, 0x9d,
    0x86, 0x1, 0xef, 0x0, 0xcc, 0xa0, 0x1f, 0x11,
    0x88, 0x7, 0xd0, 0x60, 0x1d, 0x48, 0x1, 0xff,
    0xc3, 0x77, 0x0, 0x7d, 0x70, 0x1, 0xff, 0xc0,
    0x1a, 0x80, 0xf, 0xe7, 0xd6, 0x10, 0xf, 0x8a,
    0x3d, 0x40, 0x3f, 0xe2, 0x9e, 0xca, 0x88, 0xab,
    0x74, 0xe2, 0x1, 0xe0,

    /* U+00F3 "ó" */
    0x0, 0xff, 0xe0, 0x97, 0xff, 0xb0, 0x3, 0xff,
    0x8b, 0xc0, 0x1c, 0x7a, 0x1, 0xff, 0xc4, 0x73,
    0x0, 0xc7, 0xa2, 0x1, 0xff, 0xc3, 0x28, 0x0,
    0xc5, 0xa2, 0x1, 0xff, 0xc4, 0xe0, 0xc, 0x58,
    0x20, 0x1f, 0xfc, 0x47, 0x30, 0x8, 0xb0, 0x40,
    0x3f, 0xf8, 0xbe, 0xcd, 0xb0, 0x40, 0x3f, 0xf8,
    0xd1, 0x33, 0x84, 0x3, 0xff, 0xec, 0x2f, 0x7b,
    0xff, 0x6d, 0x28, 0x7, 0xff, 0x4, 0x67, 0xa1,
    0x8, 0x2, 0x25, 0xae, 0x70, 0xf, 0xf1, 0xfb,
    0x0, 0x7f, 0x86, 0x30, 0x40, 0x3e, 0x3c, 0x10,
    0xf, 0xfe, 0x9, 0xf8, 0x80, 0x70, 0xe8, 0x7,
    0xff, 0x10, 0x74, 0x3, 0xa8, 0x40, 0x3c, 0xb3,
    0x52, 0x80, 0x1e, 0x37, 0x0, 0x8d, 0x0, 0x38,
    0x72, 0x99, 0x5a, 0xe4, 0x3, 0xd0, 0x1, 0x48,
    0x7, 0xa8, 0xc0, 0x39, 0x9c, 0x3, 0xcc, 0x0,
    0x50, 0xe, 0x44, 0x0, 0x7d, 0x0, 0x1e, 0xd0,
    0x30, 0xf, 0x68, 0x7, 0xf2, 0x80, 0x72, 0x2,
    0x80, 0x79, 0x0, 0x3f, 0xb0, 0x3, 0xc5, 0xc0,
    0x1e, 0x20, 0xf, 0xe2, 0x0, 0xf3, 0x8, 0x7,
    0xff, 0x11, 0xc0, 0x3c, 0x20, 0x1f, 0xfc, 0xd1,
    0x0, 0xff, 0xe5, 0x8f, 0x80, 0x78, 0x40, 0x3f,
    0x98, 0x3, 0xce, 0x40, 0x1e, 0x50, 0xf, 0xed,
    0x0, 0xf1, 0x20, 0x7, 0xb0, 0x3, 0xf9, 0x0,
    0x38, 0x84, 0x44, 0x1, 0xcc, 0x1, 0xf8, 0xcc,
    0x1, 0xc8, 0x0, 0xa0, 0xe, 0x1a, 0x0, 0xfb,
    0xc0, 0x3d, 0x40, 0x6, 0x10, 0xe, 0x5a, 0x10,
    0x8, 0xf0, 0xc0, 0x38, 0xcc, 0x0, 0x18, 0x0,
    0xf2, 0xf6, 0xe7, 0x61, 0x80, 0x7b, 0xc0, 0x33,
    0x28, 0x7, 0xc4, 0x62, 0x1, 0xf4, 0x18, 0x7,
    0x52, 0x0, 0x7f, 0xf0, 0xdd, 0xc0, 0x1f, 0x5c,
    0x0, 0x7f, 0xf0, 0x6, 0xa0, 0x3, 0xf9, 0xf5,
    0x84, 0x3, 0xe2, 0x8f, 0x50, 0xf, 0xf8, 0xa7,
    0xb2, 0xa2, 0x2a, 0xdd, 0x38, 0x80, 0x78,

    /* U+00F4 "ô" */
    0x0, 0xff, 0x2c, 0x44, 0xa0, 0x1f, 0xfc, 0x78,
    0xa7, 0x7a, 0xa4, 0x3, 0xff, 0x8b, 0x4e, 0x1,
    0xcd, 0x62, 0x1, 0xff, 0xc1, 0x1c, 0x50, 0xf,
    0x93, 0x8, 0x3, 0xfe, 0x2f, 0x30, 0x8, 0xf4,
    0xc0, 0x22, 0xc3, 0x0, 0xfe, 0x4d, 0x10, 0x9,
    0x70, 0xb1, 0x80, 0x21, 0xc6, 0x0, 0xf8, 0x6c,
    0x3, 0x3d, 0x0, 0x53, 0x0, 0x1a, 0x50, 0x3,
    0xc3, 0xff, 0xd0, 0x1, 0xcf, 0xff, 0xc8, 0x1,
    0xff, 0xff, 0x0, 0xff, 0xb, 0xde, 0xff, 0xdb,
    0x4a, 0x1, 0xff, 0xc1, 0x19, 0xe8, 0x42, 0x0,
    0x89, 0x6b, 0x9c, 0x3, 0xfc, 0x7e, 0xc0, 0x1f,
    0xe1, 0x8c, 0x10, 0xf, 0x8f, 0x4, 0x3, 0xff,
    0x82, 0x7e, 0x20, 0x1c, 0x3a, 0x1, 0xff, 0xc4,
    0x1d, 0x0, 0xea, 0x10, 0xf, 0x2c, 0xd4, 0xa0,
    0x7, 0x8d, 0xc0, 0x23, 0x40, 0xe, 0x1c, 0xa6,
    0x56, 0xb9, 0x0, 0xf4, 0x0, 0x52, 0x1, 0xea,
    0x30, 0xe, 0x67, 0x0, 0xf3, 0x0, 0x14, 0x3,
    0x91, 0x0, 0x1f, 0x40, 0x7, 0xb4, 0xc, 0x3,
    0xda, 0x1, 0xfc, 0xa0, 0x1c, 0x80, 0xa0, 0x1e,
    0x40, 0xf, 0xec, 0x0, 0xf1, 0x70, 0x7, 0x88,
    0x3, 0xf8, 0x80, 0x3c, 0xc2, 0x1, 0xff, 0xc4,
    0x70, 0xf, 0x8, 0x7, 0xff, 0x34, 0x40, 0x3f,
    0xf9, 0x63, 0xe0, 0x1e, 0x10, 0xf, 0xe6, 0x0,
    0xf3, 0x90, 0x7, 0x94, 0x3, 0xfb, 0x40, 0x3c,
    0x48, 0x1, 0xec, 0x0, 0xfe, 0x40, 0xe, 0x21,
    0x11, 0x0, 0x73, 0x0, 0x7e, 0x33, 0x0, 0x72,
    0x0, 0x28, 0x3, 0x86, 0x80, 0x3e, 0xf0, 0xf,
    0x50, 0x1, 0x84, 0x3, 0x96, 0x84, 0x2, 0x3c,
    0x30, 0xe, 0x33, 0x0, 0x6, 0x0, 0x3c, 0xbd,
    0xb9, 0xd8, 0x60, 0x1e, 0xf0, 0xc, 0xca, 0x1,
    0xf1, 0x18, 0x80, 0x7d, 0x6, 0x1, 0xd4, 0x80,
    0x1f, 0xfc, 0x37, 0x70, 0x7, 0xd7, 0x0, 0x1f,
    0xfc, 0x1, 0xa8, 0x0, 0xfe, 0x7d, 0x61, 0x0,
    0xf8, 0xa3, 0xd4, 0x3, 0xfe, 0x29, 0xec, 0xa8,
    0x8a, 0xb7, 0x4e, 0x20, 0x1e,

    /* U+00F5 "õ" */
    0x0, 0xff, 0xe9, 0x95, 0x7f, 0xa8, 0x80, 0x39,
    0x3e, 0xdc, 0x3, 0xf8, 0xb1, 0x40, 0xb, 0xae,
    0x1, 0xb0, 0x12, 0x0, 0x3f, 0xbc, 0x40, 0x3a,
    0x30, 0xc1, 0x1c, 0x0, 0x40, 0x1f, 0x94, 0x80,
    0x3e, 0x3c, 0xfb, 0x0, 0x94, 0x3, 0xf7, 0x0,
    0x4f, 0x92, 0x20, 0x1f, 0xa4, 0x3, 0xf2, 0x80,
    0x16, 0xd, 0xbd, 0x0, 0x3d, 0x22, 0x1, 0xf9,
    0x4, 0x3c, 0x2, 0x1b, 0x91, 0x0, 0xd, 0x30,
    0x7, 0xf5, 0x76, 0x20, 0x7, 0x37, 0x6e, 0xb9,
    0x40, 0x3f, 0xf8, 0x6, 0x20, 0x1f, 0x11, 0x0,
    0x3f, 0xfe, 0xa2, 0xf7, 0xbf, 0xf6, 0xd2, 0x80,
    0x7f, 0xf0, 0x46, 0x7a, 0x10, 0x80, 0x22, 0x5a,
    0xe7, 0x0, 0xff, 0x1f, 0xb0, 0x7, 0xf8, 0x63,
    0x4, 0x3, 0xe3, 0xc1, 0x0, 0xff, 0xe0, 0x9f,
    0x88, 0x7, 0xe, 0x80, 0x7f, 0xf1, 0x7, 0x40,
    0x3a, 0x84, 0x3, 0xcb, 0x35, 0x28, 0x1, 0xe3,
    0x70, 0x8, 0xd0, 0x3, 0x87, 0x29, 0x95, 0xae,
    0x40, 0x3d, 0x0, 0x14, 0x80, 0x7a, 0x8c, 0x3,
    0x99, 0xc0, 0x3c, 0xc0, 0x5, 0x0, 0xe4, 0x40,
    0x7, 0xd0, 0x1, 0xed, 0x3, 0x0, 0xf6, 0x80,
    0x7f, 0x28, 0x7, 0x20, 0x28, 0x7, 0x90, 0x3,
    0xfb, 0x0, 0x3c, 0x5c, 0x1, 0xe2, 0x0, 0xfe,
    0x20, 0xf, 0x30, 0x80, 0x7f, 0xf1, 0x1c, 0x3,
    0xc2, 0x1, 0xff, 0xcd, 0x10, 0xf, 0xfe, 0x58,
    0xf8, 0x7, 0x84, 0x3, 0xf9, 0x80, 0x3c, 0xe4,
    0x1, 0xe5, 0x0, 0xfe, 0xd0, 0xf, 0x12, 0x0,
    0x7b, 0x0, 0x3f, 0x90, 0x3, 0x88, 0x44, 0x40,
    0x1c, 0xc0, 0x1f, 0x8c, 0xc0, 0x1c, 0x80, 0xa,
    0x0, 0xe1, 0xa0, 0xf, 0xbc, 0x3, 0xd4, 0x0,
    0x61, 0x0, 0xe5, 0xa1, 0x0, 0x8f, 0xc, 0x3,
    0x8c, 0xc0, 0x1, 0x80, 0xf, 0x2f, 0x6e, 0x76,
    0x18, 0x7, 0xbc, 0x3, 0x32, 0x80, 0x7c, 0x46,
    0x20, 0x1f, 0x41, 0x80, 0x75, 0x20, 0x7, 0xff,
    0xd, 0xdc, 0x1, 0xf5, 0xc0, 0x7, 0xff, 0x0,
    0x6a, 0x0, 0x3f, 0x9f, 0x58, 0x40, 0x3e, 0x28,
    0xf5, 0x0, 0xff, 0x8a, 0x7b, 0x2a, 0x22, 0xad,
    0xd3, 0x88, 0x7, 0x80,

    /* U+00F6 "ö" */
    0x0, 0xc5, 0x7f, 0xd0, 0x1, 0xe1, 0xaf, 0xf5,
    0x88, 0x7, 0xc3, 0x88, 0x2, 0xf2, 0x1, 0xd4,
    0xa0, 0x4, 0xc0, 0xf, 0x90, 0x40, 0x33, 0x80,
    0x61, 0x40, 0xc, 0x44, 0x0, 0xff, 0xe9, 0xa9,
    0x0, 0x66, 0x0, 0xc2, 0xa0, 0x19, 0x8, 0x3,
    0xec, 0x52, 0x39, 0x80, 0xe, 0xa7, 0x22, 0x35,
    0x80, 0x7e, 0x1a, 0xdc, 0x60, 0xf, 0xa3, 0x75,
    0x20, 0x1f, 0xff, 0xf0, 0xf, 0xfe, 0x0, 0xbd,
    0xef, 0xfd, 0xb4, 0xa0, 0x1f, 0xfc, 0x11, 0x9e,
    0x84, 0x20, 0x8, 0x96, 0xb9, 0xc0, 0x3f, 0xc7,
    0xec, 0x1, 0xfe, 0x18, 0xc1, 0x0, 0xf8, 0xf0,
    0x40, 0x3f, 0xf8, 0x27, 0xe2, 0x1, 0xc3, 0xa0,
    0x1f, 0xfc, 0x41, 0xd0, 0xe, 0xa1, 0x0, 0xf2,
    0xcd, 0x4a, 0x0, 0x78, 0xdc, 0x2, 0x34, 0x0,
    0xe1, 0xca, 0x65, 0x6b, 0x90, 0xf, 0x40, 0x5,
    0x20, 0x1e, 0xa3, 0x0, 0xe6, 0x70, 0xf, 0x30,
    0x1, 0x40, 0x39, 0x10, 0x1, 0xf4, 0x0, 0x7b,
    0x40, 0xc0, 0x3d, 0xa0, 0x1f, 0xca, 0x1, 0xc8,
    0xa, 0x1, 0xe4, 0x0, 0xfe, 0xc0, 0xf, 0x17,
    0x0, 0x78, 0x80, 0x3f, 0x88, 0x3, 0xcc, 0x20,
    0x1f, 0xfc, 0x47, 0x0, 0xf0, 0x80, 0x7f, 0xf3,
    0x44, 0x3, 0xff, 0x96, 0x3e, 0x1, 0xe1, 0x0,
    0xfe, 0x60, 0xf, 0x39, 0x0, 0x79, 0x40, 0x3f,
    0xb4, 0x3, 0xc4, 0x80, 0x1e, 0xc0, 0xf, 0xe4,
    0x0, 0xe2, 0x11, 0x10, 0x7, 0x30, 0x7, 0xe3,
    0x30, 0x7, 0x20, 0x2, 0x80, 0x38, 0x68, 0x3,
    0xef, 0x0, 0xf5, 0x0, 0x18, 0x40, 0x39, 0x68,
    0x40, 0x23, 0xc3, 0x0, 0xe3, 0x30, 0x0, 0x60,
    0x3, 0xcb, 0xdb, 0x9d, 0x86, 0x1, 0xef, 0x0,
    0xcc, 0xa0, 0x1f, 0x11, 0x88, 0x7, 0xd0, 0x60,
    0x1d, 0x48, 0x1, 0xff, 0xc3, 0x77, 0x0, 0x7d,
    0x70, 0x1, 0xff, 0xc0, 0x1a, 0x80, 0xf, 0xe7,
    0xd6, 0x10, 0xf, 0x8a, 0x3d, 0x40, 0x3f, 0xe2,
    0x9e, 0xca, 0x88, 0xab, 0x74, 0xe2, 0x1, 0xe0,

    /* U+00F7 "÷" */
    0x0, 0xff, 0x14, 0x54, 0x10, 0x7, 0xff, 0x1d,
    0x35, 0xd5, 0xf5, 0x0, 0x3f, 0xf8, 0xd4, 0x1,
    0xd2, 0x1, 0xff, 0xc5, 0x11, 0x0, 0x71, 0x0,
    0x7f, 0xf1, 0x44, 0x3, 0xc2, 0x1, 0xff, 0xc6,
    0x70, 0xe, 0x60, 0xf, 0xfe, 0x34, 0x38, 0x81,
    0x44, 0x0, 0x3f, 0xf8, 0xf1, 0xdf, 0xae, 0x1,
    0xff, 0xf0, 0x25, 0x5f, 0xfe, 0x59, 0xad, 0x57,
    0xff, 0x2e, 0xc0, 0x3f, 0xff, 0xe0, 0x1f, 0xfc,
    0xd7, 0xff, 0xff, 0xe5, 0xc0, 0x7, 0xff, 0xc0,
    0xe6, 0xa0, 0x80, 0x3f, 0xf8, 0xeb, 0x8c, 0xaf,
    0xa6, 0x1, 0xff, 0xc6, 0xb0, 0xe, 0xf0, 0xf,
    0xfe, 0x28, 0x88, 0x3, 0x8c, 0x3, 0xff, 0x8a,
    0x20, 0x1e, 0x10, 0xf, 0xfe, 0x33, 0x0, 0x74,
    0x80, 0x7f, 0xf1, 0xa5, 0xc4, 0xa, 0x1c, 0x3,
    0xf8,

    /* U+00F8 "ø" */
    0x0, 0xff, 0xe3, 0x24, 0x41, 0xc0, 0x3f, 0xf9,
    0x3, 0x6e, 0xec, 0x0, 0xff, 0xe4, 0x48, 0x5,
    0x0, 0x1f, 0xe1, 0x7b, 0xdf, 0xfb, 0x69, 0x9c,
    0x0, 0x86, 0x1, 0xf8, 0x67, 0xa1, 0x8, 0x2,
    0x25, 0x90, 0xa, 0x0, 0x3f, 0x1f, 0xb0, 0x7,
    0xff, 0x0, 0x48, 0x3, 0xe3, 0xc1, 0x0, 0xff,
    0xe0, 0x8f, 0x88, 0x7, 0xe, 0x80, 0x7f, 0xf1,
    0x7, 0x40, 0x3a, 0x84, 0x3, 0xcb, 0x35, 0x24,
    0x1, 0xe3, 0x70, 0x8, 0xd0, 0x3, 0x87, 0x29,
    0x95, 0x8c, 0x3, 0xe8, 0x10, 0x4, 0x80, 0x7a,
    0x8c, 0x2, 0x61, 0x0, 0xfc, 0xe0, 0x5, 0x0,
    0xe4, 0x40, 0x6, 0x80, 0x1, 0x80, 0x7a, 0x80,
    0xc0, 0x3d, 0xa0, 0x19, 0x84, 0x1, 0xa, 0x1,
    0xc6, 0xa, 0x1, 0xe4, 0x0, 0xd6, 0x0, 0x34,
    0xc0, 0xf, 0x17, 0x0, 0x78, 0x80, 0x25, 0x20,
    0x4, 0x1, 0x0, 0x79, 0x84, 0x3, 0xfd, 0x0,
    0x2, 0x40, 0x70, 0xf, 0x8, 0x7, 0xf9, 0x48,
    0x1, 0x0, 0x1f, 0xe1, 0x0, 0xfe, 0x80, 0x1,
    0x28, 0x7, 0xf0, 0xf8, 0x7, 0x84, 0x14, 0x80,
    0x10, 0x1, 0x30, 0x7, 0x9c, 0x80, 0x3c, 0x41,
    0x20, 0x2, 0x50, 0xb, 0x40, 0x3c, 0x48, 0x1,
    0xe4, 0x41, 0x80, 0x2c, 0x3, 0x20, 0x7, 0x10,
    0x88, 0x80, 0x3a, 0x60, 0x0, 0x2c, 0x1, 0x19,
    0x80, 0x39, 0x0, 0x14, 0x1, 0xc2, 0x60, 0x8,
    0x0, 0xde, 0x1, 0xea, 0x0, 0x30, 0x7, 0xe1,
    0x60, 0x1, 0xe1, 0x80, 0x71, 0x98, 0x0, 0x32,
    0x1, 0xf0, 0xee, 0x76, 0x18, 0x7, 0xbc, 0x3,
    0x32, 0x0, 0x7c, 0x46, 0x20, 0x1f, 0x41, 0x80,
    0x75, 0xa0, 0x7, 0xff, 0xd, 0xdc, 0x1, 0xf5,
    0x90, 0x7, 0xff, 0x0, 0x6a, 0x0, 0x3f, 0x11,
    0x0, 0x3f, 0xc5, 0x1e, 0xa0, 0x1f, 0xd6, 0x1,
    0x76, 0x54, 0x45, 0x5b, 0xa7, 0x10, 0xf, 0xe1,
    0x60, 0x3, 0x9, 0xab, 0xbc, 0xa4, 0x1, 0xff,
    0xc0, 0x80, 0xa, 0xc0, 0x3f, 0xf9, 0x1c, 0xee,
    0x92, 0x0, 0xff, 0xe2, 0x80,

    /* U+00F9 "ù" */
    0x0, 0xa7, 0xff, 0xcc, 0x1, 0xff, 0xc3, 0x95,
    0x0, 0xe8, 0x10, 0xf, 0xfe, 0x1d, 0x20, 0x6,
    0x1b, 0x0, 0xff, 0xe2, 0x59, 0x80, 0x65, 0x40,
    0xf, 0xfe, 0x26, 0x18, 0x6, 0xa0, 0xf, 0xfe,
    0x2e, 0x90, 0x4, 0x30, 0x1, 0xff, 0xc4, 0x1c,
    0x66, 0xc2, 0x1, 0xff, 0xc5, 0x19, 0x9e, 0x0,
    0xff, 0xea, 0x3f, 0xff, 0x80, 0x3f, 0xb3, 0xff,
    0xb0, 0x3, 0xff, 0xfe, 0x1, 0xff, 0xff, 0x0,
    0xff, 0xff, 0x80, 0x7f, 0xff, 0xc0, 0x3f, 0xff,
    0x2, 0x1, 0xe2, 0x0, 0xff, 0xe1, 0x90, 0x7,
    0x9c, 0x3, 0xf1, 0x0, 0x79, 0x40, 0x3d, 0xc0,
    0x1f, 0x48, 0x80, 0x78, 0x4c, 0x3, 0x92, 0x44,
    0x2, 0x3a, 0x60, 0xf, 0xd6, 0x1, 0xe6, 0xee,
    0x6f, 0xe2, 0x80, 0x7f, 0x38, 0x80, 0x7c, 0x24,
    0x1, 0x88, 0x3, 0xf5, 0x80, 0x7f, 0xf0, 0x1a,
    0xc0, 0x3f, 0x2c, 0x80, 0x7f, 0x9a, 0x48, 0x3,
    0xf9, 0xb1, 0x0, 0x3c, 0x55, 0x20, 0xe0, 0x1f,
    0xe3, 0xbe, 0xa8, 0x84, 0xe6, 0xa8, 0x0, 0xff,
    0xfb, 0x0,

    /* U+00FA "ú" */
    0x0, 0xff, 0xe0, 0x17, 0xff, 0xb4, 0x40, 0x3f,
    0xf8, 0x5c, 0x1, 0xc5, 0x82, 0x1, 0xff, 0xc1,
    0x73, 0x0, 0xc5, 0x82, 0x1, 0xff, 0xc1, 0x28,
    0x0, 0xc5, 0x82, 0x1, 0xff, 0xc2, 0xe0, 0xc,
    0x58, 0x20, 0x1f, 0xfc, 0x26, 0x30, 0x8, 0xb0,
    0x40, 0x3f, 0xf8, 0x7c, 0xcd, 0xbc, 0x40, 0x3f,
    0xf8, 0x91, 0x33, 0x88, 0x3, 0xff, 0xa6, 0xff,
    0xfe, 0x0, 0xfe, 0xcf, 0xfe, 0xc0, 0xf, 0xff,
    0xf8, 0x7, 0xff, 0xfc, 0x3, 0xff, 0xfe, 0x1,
    0xff, 0xff, 0x0, 0xff, 0xfc, 0x8, 0x7, 0x88,
    0x3, 0xff, 0x86, 0x40, 0x1e, 0x70, 0xf, 0xc4,
    0x1, 0xe5, 0x0, 0xf7, 0x0, 0x7d, 0x22, 0x1,
    0xe1, 0x30, 0xe, 0x49, 0x10, 0x8, 0xe9, 0x80,
    0x3f, 0x58, 0x7, 0x9b, 0xb9, 0xbf, 0x8a, 0x1,
    0xfc, 0xe2, 0x1, 0xf0, 0x90, 0x6, 0x20, 0xf,
    0xd6, 0x1, 0xff, 0xc0, 0x6b, 0x0, 0xfc, 0xb2,
    0x1, 0xfe, 0x69, 0x20, 0xf, 0xe6, 0xc4, 0x0,
    0xf1, 0x54, 0x83, 0x80, 0x7f, 0x8e, 0xfa, 0xa2,
    0x13, 0x9a, 0xa0, 0x3, 0xff, 0xec,

    /* U+00FB "û" */
    0x0, 0xfc, 0x39, 0xff, 0x71, 0x80, 0x7f, 0xf0,
    0xcf, 0xcc, 0x2, 0x1c, 0x60, 0xf, 0xfe, 0xb,
    0x60, 0x80, 0x7a, 0x64, 0x1, 0xff, 0x4c, 0x80,
    0x34, 0x8, 0x4, 0xd8, 0x20, 0x1f, 0xe, 0x30,
    0x4, 0x5a, 0xfe, 0x60, 0x11, 0xf9, 0x80, 0x7b,
    0xcc, 0x2, 0x4c, 0x20, 0x1c, 0x60, 0x8, 0x70,
    0xc0, 0x3b, 0x37, 0x75, 0x88, 0x6, 0x9d, 0xde,
    0x30, 0xe, 0x22, 0xe0, 0xf, 0x88, 0xb8, 0x3,
    0xff, 0xca, 0xff, 0xfe, 0x0, 0xfe, 0xcf, 0xfe,
    0xc0, 0xf, 0xff, 0xf8, 0x7, 0xff, 0xfc, 0x3,
    0xff, 0xfe, 0x1, 0xff, 0xff, 0x0, 0xff, 0xfc,
    0x8, 0x7, 0x88, 0x3, 0xff, 0x86, 0x40, 0x1e,
    0x70, 0xf, 0xc4, 0x1, 0xe5, 0x0, 0xf7, 0x0,
    0x7d, 0x22, 0x1, 0xe1, 0x30, 0xe, 0x49, 0x10,
    0x8, 0xe9, 0x80, 0x3f, 0x58, 0x7, 0x9b, 0xb9,
    0xbf, 0x8a, 0x1, 0xfc, 0xe2, 0x1, 0xf0, 0x90,
    0x6, 0x20, 0xf, 0xd6, 0x1, 0xff, 0xc0, 0x6b,
    0x0, 0xfc, 0xb2, 0x1, 0xfe, 0x69, 0x20, 0xf,
    0xe6, 0xc4, 0x0, 0xf1, 0x54, 0x83, 0x80, 0x7f,
    0x8e, 0xfa, 0xa2, 0x13, 0x9a, 0xa0, 0x3, 0xff,
    0xec,

    /* U+00FC "ü" */
    0x0, 0x8a, 0xff, 0xa4, 0x3, 0xe9, 0xff, 0x59,
    0x0, 0x7b, 0x10, 0x5, 0xa4, 0x3, 0xad, 0x80,
    0x9, 0xe0, 0x1c, 0x82, 0x1, 0x98, 0x3, 0x90,
    0x3, 0x11, 0x80, 0x7f, 0xf3, 0xd0, 0x80, 0x33,
    0x80, 0x73, 0x0, 0x63, 0x30, 0x7, 0x63, 0x11,
    0xc4, 0x0, 0x3a, 0x60, 0x88, 0xda, 0x1, 0xe1,
    0x9d, 0xc7, 0x0, 0xf9, 0xf7, 0x52, 0x20, 0x1f,
    0xfc, 0xe7, 0xff, 0xf0, 0x7, 0xf6, 0x7f, 0xf6,
    0x0, 0x7f, 0xff, 0xc0, 0x3f, 0xff, 0xe0, 0x1f,
    0xff, 0xf0, 0xf, 0xff, 0xf8, 0x7, 0xff, 0xe0,
    0x40, 0x3c, 0x40, 0x1f, 0xfc, 0x32, 0x0, 0xf3,
    0x80, 0x7e, 0x20, 0xf, 0x28, 0x7, 0xb8, 0x3,
    0xe9, 0x10, 0xf, 0x9, 0x80, 0x72, 0x48, 0x80,
    0x47, 0x4c, 0x1, 0xfa, 0xc0, 0x3c, 0xdd, 0xcd,
    0xfc, 0x50, 0xf, 0xe7, 0x10, 0xf, 0x84, 0x80,
    0x31, 0x0, 0x7e, 0xb0, 0xf, 0xfe, 0x3, 0x58,
    0x7, 0xe5, 0x90, 0xf, 0xf3, 0x49, 0x0, 0x7f,
    0x36, 0x20, 0x7, 0x8a, 0xa4, 0x1c, 0x3, 0xfc,
    0x77, 0xd5, 0x10, 0x9c, 0xd5, 0x0, 0x1f, 0xff,
    0x60,

    /* U+00FD "ý" */
    0x0, 0xff, 0xe1, 0x9c, 0xcf, 0x98, 0x3, 0xff,
    0x91, 0xac, 0xdc, 0xae, 0x1, 0xff, 0xc7, 0x91,
    0x0, 0xc5, 0xa2, 0x1, 0xff, 0xc6, 0x46, 0x0,
    0xc5, 0x82, 0x1, 0xff, 0xc7, 0xa0, 0xc, 0x58,
    0x20, 0x1f, 0xfc, 0x79, 0x10, 0x8, 0xb0, 0x40,
    0x3f, 0xf8, 0xe8, 0xc0, 0x11, 0x60, 0x80, 0x7f,
    0xf2, 0x13, 0xff, 0x68, 0x80, 0x7f, 0xf6, 0xa7,
    0xff, 0xd0, 0x1, 0xff, 0xc0, 0x9f, 0xff, 0x4d,
    0x80, 0x79, 0x80, 0x3f, 0xf8, 0xe, 0x1, 0xeb,
    0x24, 0x0, 0xe1, 0x40, 0xf, 0xf2, 0x88, 0x7,
    0x21, 0x7, 0x80, 0x7b, 0x80, 0x3f, 0xdc, 0x1,
    0xef, 0x0, 0x21, 0x0, 0x72, 0x88, 0x7, 0xe1,
    0x40, 0xe, 0x24, 0x0, 0xac, 0x3, 0xcc, 0x1,
    0xf9, 0x80, 0x3d, 0x40, 0x19, 0x80, 0x3d, 0x40,
    0x1f, 0xa8, 0x3, 0xce, 0x1, 0xce, 0x1, 0xc4,
    0x60, 0x1e, 0x32, 0x0, 0xe6, 0x0, 0xf5, 0x0,
    0x7a, 0x80, 0x3d, 0x40, 0x1e, 0xb0, 0xf, 0x12,
    0x0, 0x73, 0x80, 0x79, 0x80, 0x39, 0x8, 0x3,
    0xef, 0x0, 0xe1, 0x50, 0xc, 0xa0, 0x1e, 0xf0,
    0xf, 0xc8, 0x40, 0x1d, 0xc0, 0x1b, 0x80, 0x38,
    0x90, 0x3, 0xfa, 0xc0, 0x39, 0x4, 0x0, 0x28,
    0x1, 0xd6, 0x1, 0xfe, 0x61, 0x0, 0xe6, 0x0,
    0x30, 0x7, 0x98, 0x3, 0xfe, 0x60, 0xe, 0xa0,
    0x5, 0x0, 0x73, 0x0, 0x7f, 0xf0, 0x28, 0x3,
    0x88, 0xcc, 0x40, 0x1d, 0x60, 0x1f, 0xfc, 0x2,
    0x40, 0xe, 0x4a, 0x0, 0xe4, 0x20, 0xf, 0xfe,
    0xf, 0x80, 0x75, 0xb0, 0x7, 0x78, 0x7, 0xff,
    0x9, 0x8, 0x3, 0x18, 0x7, 0x12, 0x0, 0x7f,
    0xf0, 0xec, 0x3, 0xfd, 0x60, 0x1f, 0xfc, 0x46,
    0x10, 0xf, 0xc2, 0xc0, 0x1f, 0xfc, 0x56, 0x0,
    0xfc, 0xc0, 0x1f, 0xfc, 0x6a, 0x0, 0xfd, 0x40,
    0x1f, 0xfc, 0x62, 0x40, 0xf, 0x21, 0x0, 0x7f,
    0xf1, 0xfc, 0x3, 0xde, 0x1, 0xff, 0xc8, 0x10,
    0xe, 0x24, 0x0, 0xff, 0xe4, 0x40, 0x7, 0x58,
    0x7, 0xff, 0x21, 0x88, 0x3, 0xb, 0x0, 0x7f,
    0xf2, 0x20, 0x3, 0x98, 0x3, 0xff, 0x91, 0x42,
    0x1, 0xd2, 0x1, 0xff, 0xc7, 0x95, 0x0, 0xe5,
    0x10, 0xf, 0xfe, 0x18, 0xf7, 0x3d, 0x80, 0x3d,
    0x0, 0x1f, 0xfc, 0x45, 0x11, 0x0, 0x7c, 0xe4,
    0x1, 0xff, 0xc4, 0x30, 0xf, 0xc7, 0x0, 0x1f,
    0xfc, 0x5e, 0x0, 0xf9, 0x30, 0x3, 0xff, 0x8c,
    0xa0, 0x1c, 0x33, 0x60, 0x1f, 0xfc, 0x7d, 0xa8,
    0x84, 0xe7, 0x30, 0x7, 0xff, 0x14,

    /* U+00FE "þ" */
    0x23, 0x3f, 0x0, 0x7f, 0xf1, 0x6f, 0x33, 0xb4,
    0x3, 0xff, 0xfe, 0x1, 0xff, 0xff, 0x0, 0xff,
    0xff, 0x80, 0x7f, 0xf1, 0x4e, 0x77, 0xfd, 0xd6,
    0xe2, 0x1, 0xff, 0xc2, 0xac, 0x62, 0x0, 0xa,
    0x47, 0x38, 0x7, 0xfc, 0x38, 0xa0, 0x1f, 0xd1,
    0x40, 0x1f, 0xf1, 0x80, 0x7f, 0xcb, 0x0, 0x1f,
    0xfc, 0xb7, 0x30, 0xf, 0xf9, 0x66, 0xa0, 0xc0,
    0x3e, 0x80, 0xf, 0xe2, 0xda, 0x65, 0x7c, 0x80,
    0xf, 0x20, 0x80, 0x7e, 0xf2, 0x0, 0xe7, 0x50,
    0xf, 0x38, 0x7, 0xc2, 0x40, 0x1f, 0x40, 0x7,
    0xb0, 0x3, 0xff, 0x88, 0x46, 0x1, 0xce, 0x1,
    0xff, 0xc5, 0x50, 0xe, 0x20, 0xf, 0xfe, 0x2f,
    0x0, 0x7f, 0xf2, 0xc4, 0x3, 0xc2, 0x1, 0xff,
    0xdc, 0x10, 0xf, 0x8, 0x7, 0xff, 0x13, 0x80,
    0x3f, 0xf9, 0x6a, 0x1, 0xc4, 0x1, 0xff, 0xc4,
    0x13, 0x0, 0xe7, 0x0, 0xf8, 0x48, 0x3, 0xe8,
    0x0, 0xf6, 0x0, 0x7e, 0xf1, 0x0, 0xe6, 0x60,
    0x7, 0x9c, 0x3, 0xf1, 0x74, 0xaa, 0x2d, 0xc8,
    0x7, 0x94, 0x40, 0x3f, 0xcd, 0x57, 0x48, 0x1,
    0xf4, 0x0, 0x7f, 0xf2, 0xa4, 0x80, 0x3f, 0x8c,
    0x3, 0xfe, 0x76, 0x0, 0xfe, 0x1c, 0x50, 0xf,
    0xc3, 0x50, 0x1, 0xff, 0xc0, 0xac, 0x52, 0x0,
    0xa, 0x4f, 0x28, 0x7, 0xff, 0x8, 0xeb, 0x7f,
    0xdd, 0x6c, 0x1, 0xff, 0xff, 0x0, 0xff, 0xff,
    0x80, 0x7f, 0xff, 0x40,

    /* U+00FF "ÿ" */
    0x0, 0xf3, 0x77, 0xea, 0x0, 0x79, 0x33, 0xf9,
    0xc0, 0x3f, 0xe5, 0x91, 0x2, 0xb3, 0x0, 0xc5,
    0x66, 0x3, 0xc, 0x1, 0xfe, 0xe0, 0xe, 0xb0,
    0xc, 0xa0, 0x1d, 0x40, 0x1f, 0xfd, 0xaf, 0x0,
    0xea, 0x0, 0xcc, 0x20, 0x1a, 0x40, 0x3f, 0xc9,
    0x66, 0x49, 0x84, 0x1, 0x87, 0x14, 0x8e, 0x94,
    0x3, 0xfe, 0x4c, 0xdb, 0x30, 0xf, 0x15, 0x6e,
    0x28, 0x7, 0xff, 0x5a, 0x7f, 0xfd, 0x0, 0x1f,
    0xfc, 0x9, 0xff, 0xf4, 0xd8, 0x7, 0x98, 0x3,
    0xff, 0x80, 0xe0, 0x1e, 0xb2, 0x40, 0xe, 0x14,
    0x0, 0xff, 0x28, 0x80, 0x72, 0x10, 0x78, 0x7,
    0xb8, 0x3, 0xfd, 0xc0, 0x1e, 0xf0, 0x2, 0x10,
    0x7, 0x28, 0x80, 0x7e, 0x14, 0x0, 0xe2, 0x40,
    0xa, 0xc0, 0x3c, 0xc0, 0x1f, 0x98, 0x3, 0xd4,
    0x1, 0x98, 0x3, 0xd4, 0x1, 0xfa, 0x80, 0x3c,
    0xe0, 0x1c, 0xe0, 0x1c, 0x46, 0x1, 0xe3, 0x20,
    0xe, 0x60, 0xf, 0x50, 0x7, 0xa8, 0x3, 0xd4,
    0x1, 0xeb, 0x0, 0xf1, 0x20, 0x7, 0x38, 0x7,
    0x98, 0x3, 0x90, 0x80, 0x3e, 0xf0, 0xe, 0x15,
    0x0, 0xca, 0x1, 0xef, 0x0, 0xfc, 0x84, 0x1,
    0xdc, 0x1, 0xb8, 0x3, 0x89, 0x0, 0x3f, 0xac,
    0x3, 0x90, 0x40, 0x2, 0x80, 0x1d, 0x60, 0x1f,
    0xe6, 0x10, 0xe, 0x60, 0x3, 0x0, 0x79, 0x80,
    0x3f, 0xe6, 0x0, 0xea, 0x0, 0x50, 0x7, 0x30,
    0x7, 0xff, 0x2, 0x80, 0x38, 0x8c, 0xc4, 0x1,
    0xd6, 0x1, 0xff, 0xc0, 0x24, 0x0, 0xe4, 0xa0,
    0xe, 0x42, 0x0, 0xff, 0xe0, 0xf8, 0x7, 0x5b,
    0x0, 0x77, 0x80, 0x7f, 0xf0, 0x90, 0x80, 0x31,
    0x80, 0x71, 0x20, 0x7, 0xff, 0xe, 0xc0, 0x3f,
    0xd6, 0x1, 0xff, 0xc4, 0x61, 0x0, 0xfc, 0x2c,
    0x1, 0xff, 0xc5, 0x60, 0xf, 0xcc, 0x1, 0xff,
    0xc6, 0xa0, 0xf, 0xd4, 0x1, 0xff, 0xc6, 0x24,
    0x0, 0xf2, 0x10, 0x7, 0xff, 0x1f, 0xc0, 0x3d,
    0xe0, 0x1f, 0xfc, 0x81, 0x0, 0xe2, 0x40, 0xf,
    0xfe, 0x44, 0x0, 0x75, 0x80, 0x7f, 0xf2, 0x18,
    0x80, 0x30, 0xb0, 0x7, 0xff, 0x22, 0x0, 0x39,
    0x80, 0x3f, 0xf9, 0x14, 0x20, 0x1d, 0x20, 0x1f,
    0xfc, 0x79, 0x50, 0xe, 0x51, 0x0, 0xff, 0xe1,
    0x8f, 0x73, 0xd8, 0x3, 0xd0, 0x1, 0xff, 0xc4,
    0x51, 0x10, 0x7, 0xce, 0x40, 0x1f, 0xfc, 0x43,
    0x0, 0xfc, 0x70, 0x1, 0xff, 0xc5, 0xe0, 0xf,
    0x93, 0x0, 0x3f, 0xf8, 0xca, 0x1, 0xc3, 0x36,
    0x1, 0xff, 0xc7, 0xda, 0x88, 0x4e, 0x73, 0x0,
    0x7f, 0xf1, 0x40
};


/*---------------------
 *  GLYPH DESCRIPTION
 *--------------------*/

static const lv_font_fmt_txt_glyph_dsc_t glyph_dsc[] = {
    {.bitmap_index = 0, .adv_w = 0, .box_w = 0, .box_h = 0, .ofs_x = 0, .ofs_y = 0} /* id = 0 reserved */,
    {.bitmap_index = 0, .adv_w = 461, .box_w = 0, .box_h = 0, .ofs_x = 0, .ofs_y = 0},
    {.bitmap_index = 0, .adv_w = 461, .box_w = 9, .box_h = 34, .ofs_x = 10, .ofs_y = 0},
    {.bitmap_index = 71, .adv_w = 461, .box_w = 16, .box_h = 13, .ofs_x = 6, .ofs_y = 23},
    {.bitmap_index = 124, .adv_w = 461, .box_w = 28, .box_h = 34, .ofs_x = 0, .ofs_y = 0},
    {.bitmap_index = 394, .adv_w = 461, .box_w = 25, .box_h = 45, .ofs_x = 2, .ofs_y = -5},
    {.bitmap_index = 700, .adv_w = 461, .box_w = 28, .box_h = 34, .ofs_x = 0, .ofs_y = 0},
    {.bitmap_index = 1010, .adv_w = 461, .box_w = 28, .box_h = 35, .ofs_x = 1, .ofs_y = -1},
    {.bitmap_index = 1327, .adv_w = 461, .box_w = 6, .box_h = 13, .ofs_x = 10, .ofs_y = 23},
    {.bitmap_index = 1350, .adv_w = 461, .box_w = 14, .box_h = 50, .ofs_x = 8, .ofs_y = -11},
    {.bitmap_index = 1559, .adv_w = 461, .box_w = 14, .box_h = 50, .ofs_x = 7, .ofs_y = -11},
    {.bitmap_index = 1772, .adv_w = 461, .box_w = 25, .box_h = 25, .ofs_x = 3, .ofs_y = 9},
    {.bitmap_index = 1981, .adv_w = 461, .box_w = 24, .box_h = 26, .ofs_x = 2, .ofs_y = 3},
    {.bitmap_index = 2026, .adv_w = 461, .box_w = 9, .box_h = 16, .ofs_x = 8, .ofs_y = -10},
    {.bitmap_index = 2069, .adv_w = 461, .box_w = 21, .box_h = 6, .ofs_x = 6, .ofs_y = 13},
    {.bitmap_index = 2083, .adv_w = 461, .box_w = 10, .box_h = 9, .ofs_x = 9, .ofs_y = 0},
    {.bitmap_index = 2118, .adv_w = 461, .box_w = 19, .box_h = 38, .ofs_x = 5, .ofs_y = -4},
    {.bitmap_index = 2323, .adv_w = 461, .box_w = 23, .box_h = 35, .ofs_x = 3, .ofs_y = -1},
    {.bitmap_index = 2575, .adv_w = 461, .box_w = 16, .box_h = 35, .ofs_x = 4, .ofs_y = 0},
    {.bitmap_index = 2647, .adv_w = 461, .box_w = 25, .box_h = 34, .ofs_x = 1, .ofs_y = 0},
    {.bitmap_index = 2875, .adv_w = 461, .box_w = 24, .box_h = 34, .ofs_x = 2, .ofs_y = 0},
    {.bitmap_index = 3115, .adv_w = 461, .box_w = 26, .box_h = 34, .ofs_x = 1, .ofs_y = 0},
    {.bitmap_index = 3278, .adv_w = 461, .box_w = 24, .box_h = 34, .ofs_x = 2, .ofs_y = 0},
    {.bitmap_index = 3508, .adv_w = 461, .box_w = 24, .box_h = 34, .ofs_x = 2, .ofs_y = 0},
    {.bitmap_index = 3759, .adv_w = 461, .box_w = 25, .box_h = 34, .ofs_x = 1, .ofs_y = 0},
    {.bitmap_index = 3951, .adv_w = 461, .box_w = 24, .box_h = 34, .ofs_x = 2, .ofs_y = 0},
    {.bitmap_index = 4228, .adv_w = 461, .box_w = 24, .box_h = 34, .ofs_x = 2, .ofs_y = 0},
    {.bitmap_index = 4472, .adv_w = 461, .box_w = 10, .box_h = 28, .ofs_x = 10, .ofs_y = 0},
    {.bitmap_index = 4551, .adv_w = 461, .box_w = 11, .box_h = 38, .ofs_x = 10, .ofs_y = -10},
    {.bitmap_index = 4652, .adv_w = 461, .box_w = 22, .box_h = 24, .ofs_x = 3, .ofs_y = 3},
    {.bitmap_index = 4796, .adv_w = 461, .box_w = 23, .box_h = 16, .ofs_x = 3, .ofs_y = 7},
    {.bitmap_index = 4832, .adv_w = 461, .box_w = 22, .box_h = 24, .ofs_x = 3, .ofs_y = 3},
    {.bitmap_index = 4979, .adv_w = 461, .box_w = 23, .box_h = 34, .ofs_x = 3, .ofs_y = 0},
    {.bitmap_index = 5201, .adv_w = 461, .box_w = 28, .box_h = 34, .ofs_x = 0, .ofs_y = 0},
    {.bitmap_index = 5580, .adv_w = 461, .box_w = 29, .box_h = 34, .ofs_x = 0, .ofs_y = 0},
    {.bitmap_index = 5847, .adv_w = 461, .box_w = 25, .box_h = 34, .ofs_x = 3, .ofs_y = 0},
    {.bitmap_index = 6048, .adv_w = 461, .box_w = 26, .box_h = 35, .ofs_x = 1, .ofs_y = -1},
    {.bitmap_index = 6285, .adv_w = 461, .box_w = 25, .box_h = 34, .ofs_x = 2, .ofs_y = 0},
    {.bitmap_index = 6469, .adv_w = 461, .box_w = 24, .box_h = 34, .ofs_x = 3, .ofs_y = 0},
    {.bitmap_index = 6541, .adv_w = 461, .box_w = 24, .box_h = 34, .ofs_x = 3, .ofs_y = 0},
    {.bitmap_index = 6606, .adv_w = 461, .box_w = 25, .box_h = 34, .ofs_x = 2, .ofs_y = 0},
    {.bitmap_index = 6831, .adv_w = 461, .box_w = 24, .box_h = 34, .ofs_x = 2, .ofs_y = 0},
    {.bitmap_index = 6885, .adv_w = 461, .box_w = 21, .box_h = 34, .ofs_x = 4, .ofs_y = 0},
    {.bitmap_index = 6944, .adv_w = 461, .box_w = 24, .box_h = 34, .ofs_x = 2, .ofs_y = 0},
    {.bitmap_index = 7059, .adv_w = 461, .box_w = 27, .box_h = 34, .ofs_x = 3, .ofs_y = 0},
    {.bitmap_index = 7281, .adv_w = 461, .box_w = 24, .box_h = 34, .ofs_x = 3, .ofs_y = 0},
    {.bitmap_index = 7328, .adv_w = 461, .box_w = 25, .box_h = 34, .ofs_x = 2, .ofs_y = 0},
    {.bitmap_index = 7498, .adv_w = 461, .box_w = 24, .box_h = 34, .ofs_x = 2, .ofs_y = 0},
    {.bitmap_index = 7655, .adv_w = 461, .box_w = 26, .box_h = 34, .ofs_x = 1, .ofs_y = 0},
    {.bitmap_index = 7899, .adv_w = 461, .box_w = 25, .box_h = 34, .ofs_x = 3, .ofs_y = 0},
    {.bitmap_index = 8042, .adv_w = 461, .box_w = 27, .box_h = 40, .ofs_x = 2, .ofs_y = -6},
    {.bitmap_index = 8332, .adv_w = 461, .box_w = 26, .box_h = 34, .ofs_x = 3, .ofs_y = 0},
    {.bitmap_index = 8536, .adv_w = 461, .box_w = 26, .box_h = 34, .ofs_x = 2, .ofs_y = 0},
    {.bitmap_index = 8814, .adv_w = 461, .box_w = 29, .box_h = 34, .ofs_x = 0, .ofs_y = 0},
    {.bitmap_index = 8874, .adv_w = 461, .box_w = 24, .box_h = 34, .ofs_x = 2, .ofs_y = 0},
    {.bitmap_index = 8991, .adv_w = 461, .box_w = 29, .box_h = 34, .ofs_x = 0, .ofs_y = 0},
    {.bitmap_index = 9270, .adv_w = 461, .box_w = 29, .box_h = 34, .ofs_x = 0, .ofs_y = 0},
    {.bitmap_index = 9609, .adv_w = 461, .box_w = 29, .box_h = 34, .ofs_x = 0, .ofs_y = 0},
    {.bitmap_index = 9902, .adv_w = 461, .box_w = 29, .box_h = 34, .ofs_x = 0, .ofs_y = 0},
    {.bitmap_index = 10109, .adv_w = 461, .box_w = 26, .box_h = 34, .ofs_x = 2, .ofs_y = 0},
    {.bitmap_index = 10292, .adv_w = 461, .box_w = 11, .box_h = 48, .ofs_x = 9, .ofs_y = -8},
    {.bitmap_index = 10331, .adv_w = 461, .box_w = 20, .box_h = 38, .ofs_x = 5, .ofs_y = -4},
    {.bitmap_index = 10552, .adv_w = 461, .box_w = 11, .box_h = 48, .ofs_x = 9, .ofs_y = -8},
    {.bitmap_index = 10592, .adv_w = 461, .box_w = 20, .box_h = 18, .ofs_x = 5, .ofs_y = 16},
    {.bitmap_index = 10719, .adv_w = 461, .box_w = 22, .box_h = 6, .ofs_x = 3, .ofs_y = -5},
    {.bitmap_index = 10734, .adv_w = 461, .box_w = 12, .box_h = 7, .ofs_x = 9, .ofs_y = 28},
    {.bitmap_index = 10765, .adv_w = 461, .box_w = 24, .box_h = 26, .ofs_x = 2, .ofs_y = 0},
    {.bitmap_index = 10958, .adv_w = 461, .box_w = 24, .box_h = 36, .ofs_x = 3, .ofs_y = 0},
    {.bitmap_index = 11137, .adv_w = 461, .box_w = 24, .box_h = 27, .ofs_x = 2, .ofs_y = -1},
    {.bitmap_index = 11327, .adv_w = 461, .box_w = 24, .box_h = 36, .ofs_x = 2, .ofs_y = 0},
    {.bitmap_index = 11502, .adv_w = 461, .box_w = 25, .box_h = 26, .ofs_x = 2, .ofs_y = 0},
    {.bitmap_index = 11698, .adv_w = 461, .box_w = 26, .box_h = 38, .ofs_x = 2, .ofs_y = 0},
    {.bitmap_index = 11827, .adv_w = 461, .box_w = 24, .box_h = 36, .ofs_x = 2, .ofs_y = -10},
    {.bitmap_index = 12079, .adv_w = 461, .box_w = 24, .box_h = 36, .ofs_x = 3, .ofs_y = 0},
    {.bitmap_index = 12183, .adv_w = 461, .box_w = 21, .box_h = 36, .ofs_x = 5, .ofs_y = 0},
    {.bitmap_index = 12283, .adv_w = 461, .box_w = 16, .box_h = 47, .ofs_x = 5, .ofs_y = -11},
    {.bitmap_index = 12412, .adv_w = 461, .box_w = 26, .box_h = 36, .ofs_x = 3, .ofs_y = 0},
    {.bitmap_index = 12593, .adv_w = 461, .box_w = 23, .box_h = 36, .ofs_x = 4, .ofs_y = 0},
    {.bitmap_index = 12658, .adv_w = 461, .box_w = 26, .box_h = 26, .ofs_x = 1, .ofs_y = 0},
    {.bitmap_index = 12747, .adv_w = 461, .box_w = 23, .box_h = 26, .ofs_x = 3, .ofs_y = 0},
    {.bitmap_index = 12840, .adv_w = 461, .box_w = 25, .box_h = 27, .ofs_x = 2, .ofs_y = -1},
    {.bitmap_index = 13051, .adv_w = 461, .box_w = 24, .box_h = 36, .ofs_x = 3, .ofs_y = -10},
    {.bitmap_index = 13231, .adv_w = 461, .box_w = 24, .box_h = 36, .ofs_x = 2, .ofs_y = -10},
    {.bitmap_index = 13415, .adv_w = 461, .box_w = 21, .box_h = 26, .ofs_x = 6, .ofs_y = 0},
    {.bitmap_index = 13499, .adv_w = 461, .box_w = 24, .box_h = 27, .ofs_x = 2, .ofs_y = -1},
    {.bitmap_index = 13716, .adv_w = 461, .box_w = 24, .box_h = 33, .ofs_x = 2, .ofs_y = -1},
    {.bitmap_index = 13832, .adv_w = 461, .box_w = 23, .box_h = 27, .ofs_x = 3, .ofs_y = -1},
    {.bitmap_index = 13928, .adv_w = 461, .box_w = 27, .box_h = 26, .ofs_x = 1, .ofs_y = 0},
    {.bitmap_index = 14142, .adv_w = 461, .box_w = 28, .box_h = 26, .ofs_x = 0, .ofs_y = 0},
    {.bitmap_index = 14415, .adv_w = 461, .box_w = 26, .box_h = 26, .ofs_x = 2, .ofs_y = 0},
    {.bitmap_index = 14627, .adv_w = 461, .box_w = 28, .box_h = 37, .ofs_x = 1, .ofs_y = -11},
    {.bitmap_index = 14914, .adv_w = 461, .box_w = 25, .box_h = 26, .ofs_x = 2, .ofs_y = 0},
    {.bitmap_index = 15053, .adv_w = 461, .box_w = 16, .box_h = 46, .ofs_x = 7, .ofs_y = -8},
    {.bitmap_index = 15238, .adv_w = 461, .box_w = 5, .box_h = 44, .ofs_x = 12, .ofs_y = -10},
    {.bitmap_index = 15250, .adv_w = 461, .box_w = 17, .box_h = 46, .ofs_x = 7, .ofs_y = -8},
    {.bitmap_index = 15445, .adv_w = 461, .box_w = 27, .box_h = 11, .ofs_x = 0, .ofs_y = 9},
    {.bitmap_index = 15550, .adv_w = 461, .box_w = 0, .box_h = 0, .ofs_x = 0, .ofs_y = 0},
    {.bitmap_index = 15550, .adv_w = 461, .box_w = 8, .box_h = 35, .ofs_x = 11, .ofs_y = -9},
    {.bitmap_index = 15614, .adv_w = 461, .box_w = 23, .box_h = 37, .ofs_x = 3, .ofs_y = -6},
    {.bitmap_index = 15819, .adv_w = 461, .box_w = 26, .box_h = 34, .ofs_x = 2, .ofs_y = 0},
    {.bitmap_index = 16005, .adv_w = 461, .box_w = 26, .box_h = 27, .ofs_x = 1, .ofs_y = -1},
    {.bitmap_index = 16259, .adv_w = 461, .box_w = 29, .box_h = 34, .ofs_x = 0, .ofs_y = 0},
    {.bitmap_index = 16467, .adv_w = 461, .box_w = 7, .box_h = 41, .ofs_x = 11, .ofs_y = -7},
    {.bitmap_index = 16495, .adv_w = 461, .box_w = 26, .box_h = 45, .ofs_x = 2, .ofs_y = -11},
    {.bitmap_index = 16869, .adv_w = 461, .box_w = 18, .box_h = 6, .ofs_x = 6, .ofs_y = 29},
    {.bitmap_index = 16910, .adv_w = 461, .box_w = 26, .box_h = 27, .ofs_x = 2, .ofs_y = 0},
    {.bitmap_index = 17195, .adv_w = 461, .box_w = 17, .box_h = 19, .ofs_x = 6, .ofs_y = 15},
    {.bitmap_index = 17319, .adv_w = 461, .box_w = 21, .box_h = 19, .ofs_x = 4, .ofs_y = 2},
    {.bitmap_index = 17484, .adv_w = 461, .box_w = 20, .box_h = 11, .ofs_x = 4, .ofs_y = 9},
    {.bitmap_index = 17505, .adv_w = 461, .box_w = 21, .box_h = 6, .ofs_x = 6, .ofs_y = 13},
    {.bitmap_index = 17519, .adv_w = 461, .box_w = 25, .box_h = 27, .ofs_x = 2, .ofs_y = 0},
    {.bitmap_index = 17778, .adv_w = 461, .box_w = 18, .box_h = 4, .ofs_x = 6, .ofs_y = 30},
    {.bitmap_index = 17789, .adv_w = 461, .box_w = 13, .box_h = 13, .ofs_x = 8, .ofs_y = 22},
    {.bitmap_index = 17866, .adv_w = 461, .box_w = 22, .box_h = 31, .ofs_x = 3, .ofs_y = 0},
    {.bitmap_index = 17940, .adv_w = 461, .box_w = 16, .box_h = 18, .ofs_x = 6, .ofs_y = 16},
    {.bitmap_index = 18042, .adv_w = 461, .box_w = 16, .box_h = 18, .ofs_x = 6, .ofs_y = 16},
    {.bitmap_index = 18156, .adv_w = 461, .box_w = 13, .box_h = 7, .ofs_x = 8, .ofs_y = 28},
    {.bitmap_index = 18190, .adv_w = 461, .box_w = 23, .box_h = 36, .ofs_x = 4, .ofs_y = -10},
    {.bitmap_index = 18283, .adv_w = 461, .box_w = 19, .box_h = 34, .ofs_x = 5, .ofs_y = 0},
    {.bitmap_index = 18392, .adv_w = 461, .box_w = 8, .box_h = 8, .ofs_x = 11, .ofs_y = 13},
    {.bitmap_index = 18418, .adv_w = 461, .box_w = 10, .box_h = 11, .ofs_x = 10, .ofs_y = -11},
    {.bitmap_index = 18465, .adv_w = 461, .box_w = 10, .box_h = 19, .ofs_x = 9, .ofs_y = 16},
    {.bitmap_index = 18498, .adv_w = 461, .box_w = 17, .box_h = 19, .ofs_x = 6, .ofs_y = 15},
    {.bitmap_index = 18613, .adv_w = 461, .box_w = 21, .box_h = 19, .ofs_x = 5, .ofs_y = 3},
    {.bitmap_index = 18777, .adv_w = 461, .box_w = 27, .box_h = 35, .ofs_x = 1, .ofs_y = 0},
    {.bitmap_index = 19024, .adv_w = 461, .box_w = 29, .box_h = 35, .ofs_x = 0, .ofs_y = 0},
    {.bitmap_index = 19284, .adv_w = 461, .box_w = 29, .box_h = 35, .ofs_x = 0, .ofs_y = 0},
    {.bitmap_index = 19594, .adv_w = 461, .box_w = 22, .box_h = 35, .ofs_x = 4, .ofs_y = -9},
    {.bitmap_index = 19802, .adv_w = 461, .box_w = 29, .box_h = 43, .ofs_x = 0, .ofs_y = 0},
    {.bitmap_index = 20118, .adv_w = 461, .box_w = 29, .box_h = 43, .ofs_x = 0, .ofs_y = 0},
    {.bitmap_index = 20435, .adv_w = 461, .box_w = 29, .box_h = 44, .ofs_x = 0, .ofs_y = 0},
    {.bitmap_index = 20772, .adv_w = 461, .box_w = 29, .box_h = 45, .ofs_x = 0, .ofs_y = 0},
    {.bitmap_index = 21123, .adv_w = 461, .box_w = 29, .box_h = 43, .ofs_x = 0, .ofs_y = 0},
    {.bitmap_index = 21450, .adv_w = 461, .box_w = 29, .box_h = 46, .ofs_x = 0, .ofs_y = 0},
    {.bitmap_index = 21800, .adv_w = 461, .box_w = 27, .box_h = 34, .ofs_x = 1, .ofs_y = 0},
    {.bitmap_index = 22002, .adv_w = 461, .box_w = 26, .box_h = 45, .ofs_x = 1, .ofs_y = -11},
    {.bitmap_index = 22299, .adv_w = 461, .box_w = 24, .box_h = 43, .ofs_x = 3, .ofs_y = 0},
    {.bitmap_index = 22423, .adv_w = 461, .box_w = 24, .box_h = 43, .ofs_x = 3, .ofs_y = 0},
    {.bitmap_index = 22549, .adv_w = 461, .box_w = 24, .box_h = 44, .ofs_x = 3, .ofs_y = 0},
    {.bitmap_index = 22688, .adv_w = 461, .box_w = 24, .box_h = 43, .ofs_x = 3, .ofs_y = 0},
    {.bitmap_index = 22824, .adv_w = 461, .box_w = 21, .box_h = 43, .ofs_x = 4, .ofs_y = 0},
    {.bitmap_index = 22933, .adv_w = 461, .box_w = 21, .box_h = 43, .ofs_x = 4, .ofs_y = 0},
    {.bitmap_index = 23043, .adv_w = 461, .box_w = 21, .box_h = 44, .ofs_x = 4, .ofs_y = 0},
    {.bitmap_index = 23166, .adv_w = 461, .box_w = 21, .box_h = 43, .ofs_x = 4, .ofs_y = 0},
    {.bitmap_index = 23280, .adv_w = 461, .box_w = 29, .box_h = 34, .ofs_x = -1, .ofs_y = 0},
    {.bitmap_index = 23491, .adv_w = 461, .box_w = 24, .box_h = 45, .ofs_x = 2, .ofs_y = 0},
    {.bitmap_index = 23721, .adv_w = 461, .box_w = 26, .box_h = 44, .ofs_x = 1, .ofs_y = 0},
    {.bitmap_index = 24015, .adv_w = 461, .box_w = 26, .box_h = 44, .ofs_x = 1, .ofs_y = 0},
    {.bitmap_index = 24309, .adv_w = 461, .box_w = 26, .box_h = 45, .ofs_x = 1, .ofs_y = 0},
    {.bitmap_index = 24625, .adv_w = 461, .box_w = 26, .box_h = 46, .ofs_x = 1, .ofs_y = 0},
    {.bitmap_index = 24946, .adv_w = 461, .box_w = 26, .box_h = 44, .ofs_x = 1, .ofs_y = 0},
    {.bitmap_index = 25251, .adv_w = 461, .box_w = 23, .box_h = 24, .ofs_x = 3, .ofs_y = 4},
    {.bitmap_index = 25443, .adv_w = 461, .box_w = 26, .box_h = 38, .ofs_x = 1, .ofs_y = -2},
    {.bitmap_index = 25760, .adv_w = 461, .box_w = 24, .box_h = 44, .ofs_x = 2, .ofs_y = 0},
    {.bitmap_index = 25928, .adv_w = 461, .box_w = 24, .box_h = 44, .ofs_x = 2, .ofs_y = 0},
    {.bitmap_index = 26098, .adv_w = 461, .box_w = 24, .box_h = 45, .ofs_x = 2, .ofs_y = 0},
    {.bitmap_index = 26280, .adv_w = 461, .box_w = 24, .box_h = 44, .ofs_x = 2, .ofs_y = 0},
    {.bitmap_index = 26455, .adv_w = 461, .box_w = 29, .box_h = 43, .ofs_x = 0, .ofs_y = 0},
    {.bitmap_index = 26718, .adv_w = 461, .box_w = 25, .box_h = 34, .ofs_x = 3, .ofs_y = 0},
    {.bitmap_index = 26869, .adv_w = 461, .box_w = 25, .box_h = 38, .ofs_x = 3, .ofs_y = -1},
    {.bitmap_index = 27134, .adv_w = 461, .box_w = 24, .box_h = 36, .ofs_x = 2, .ofs_y = 0},
    {.bitmap_index = 27377, .adv_w = 461, .box_w = 24, .box_h = 36, .ofs_x = 2, .ofs_y = 0},
    {.bitmap_index = 27621, .adv_w = 461, .box_w = 24, .box_h = 37, .ofs_x = 2, .ofs_y = 0},
    {.bitmap_index = 27880, .adv_w = 461, .box_w = 24, .box_h = 38, .ofs_x = 2, .ofs_y = 0},
    {.bitmap_index = 28157, .adv_w = 461, .box_w = 24, .box_h = 36, .ofs_x = 2, .ofs_y = 0},
    {.bitmap_index = 28408, .adv_w = 461, .box_w = 24, .box_h = 39, .ofs_x = 2, .ofs_y = 0},
    {.bitmap_index = 28682, .adv_w = 461, .box_w = 27, .box_h = 26, .ofs_x = 1, .ofs_y = 0},
    {.bitmap_index = 28898, .adv_w = 461, .box_w = 24, .box_h = 37, .ofs_x = 2, .ofs_y = -11},
    {.bitmap_index = 29151, .adv_w = 461, .box_w = 25, .box_h = 36, .ofs_x = 2, .ofs_y = 0},
    {.bitmap_index = 29396, .adv_w = 461, .box_w = 25, .box_h = 36, .ofs_x = 2, .ofs_y = 0},
    {.bitmap_index = 29643, .adv_w = 461, .box_w = 25, .box_h = 37, .ofs_x = 2, .ofs_y = 0},
    {.bitmap_index = 29907, .adv_w = 461, .box_w = 25, .box_h = 36, .ofs_x = 2, .ofs_y = 0},
    {.bitmap_index = 30162, .adv_w = 461, .box_w = 23, .box_h = 35, .ofs_x = 4, .ofs_y = 0},
    {.bitmap_index = 30269, .adv_w = 461, .box_w = 23, .box_h = 34, .ofs_x = 4, .ofs_y = 0},
    {.bitmap_index = 30378, .adv_w = 461, .box_w = 23, .box_h = 36, .ofs_x = 4, .ofs_y = 0},
    {.bitmap_index = 30499, .adv_w = 461, .box_w = 23, .box_h = 34, .ofs_x = 4, .ofs_y = 0},
    {.bitmap_index = 30615, .adv_w = 461, .box_w = 26, .box_h = 37, .ofs_x = 0, .ofs_y = -1},
    {.bitmap_index = 30920, .adv_w = 461, .box_w = 23, .box_h = 38, .ofs_x = 3, .ofs_y = 0},
    {.bitmap_index = 31095, .adv_w = 461, .box_w = 25, .box_h = 37, .ofs_x = 2, .ofs_y = -1},
    {.bitmap_index = 31355, .adv_w = 461, .box_w = 25, .box_h = 37, .ofs_x = 2, .ofs_y = -1},
    {.bitmap_index = 31618, .adv_w = 461, .box_w = 25, .box_h = 38, .ofs_x = 2, .ofs_y = -1},
    {.bitmap_index = 31895, .adv_w = 461, .box_w = 25, .box_h = 39, .ofs_x = 2, .ofs_y = -1},
    {.bitmap_index = 32187, .adv_w = 461, .box_w = 25, .box_h = 37, .ofs_x = 2, .ofs_y = -1},
    {.bitmap_index = 32459, .adv_w = 461, .box_w = 25, .box_h = 26, .ofs_x = 2, .ofs_y = 3},
    {.bitmap_index = 32572, .adv_w = 461, .box_w = 25, .box_h = 33, .ofs_x = 2, .ofs_y = -4},
    {.bitmap_index = 32849, .adv_w = 461, .box_w = 23, .box_h = 36, .ofs_x = 3, .ofs_y = -1},
    {.bitmap_index = 32995, .adv_w = 461, .box_w = 23, .box_h = 36, .ofs_x = 3, .ofs_y = -1},
    {.bitmap_index = 33145, .adv_w = 461, .box_w = 23, .box_h = 37, .ofs_x = 3, .ofs_y = -1},
    {.bitmap_index = 33306, .adv_w = 461, .box_w = 23, .box_h = 35, .ofs_x = 3, .ofs_y = -1},
    {.bitmap_index = 33459, .adv_w = 461, .box_w = 28, .box_h = 46, .ofs_x = 1, .ofs_y = -11},
    {.bitmap_index = 33801, .adv_w = 461, .box_w = 24, .box_h = 47, .ofs_x = 3, .ofs_y = -10},
    {.bitmap_index = 33997, .adv_w = 461, .box_w = 28, .box_h = 45, .ofs_x = 1, .ofs_y = -11}
};

/*---------------------
 *  CHARACTER MAPPING
 *--------------------*/



/*Collect the unicode lists and glyph_id offsets*/
static const lv_font_fmt_txt_cmap_t cmaps[] =
{
    {
        .range_start = 32, .range_length = 95, .glyph_id_start = 1,
        .unicode_list = NULL, .glyph_id_ofs_list = NULL, .list_length = 0, .type = LV_FONT_FMT_TXT_CMAP_FORMAT0_TINY
    },
    {
        .range_start = 160, .range_length = 96, .glyph_id_start = 96,
        .unicode_list = NULL, .glyph_id_ofs_list = NULL, .list_length = 0, .type = LV_FONT_FMT_TXT_CMAP_FORMAT0_TINY
    }
};



/*--------------------
 *  ALL CUSTOM DATA
 *--------------------*/

#if LVGL_VERSION_MAJOR == 8
/*Store all the custom data of the font*/
static  lv_font_fmt_txt_glyph_cache_t cache;
#endif

#if LVGL_VERSION_MAJOR >= 8
static const lv_font_fmt_txt_dsc_t font_dsc = {
#else
static lv_font_fmt_txt_dsc_t font_dsc = {
#endif
    .glyph_bitmap = glyph_bitmap,
    .glyph_dsc = glyph_dsc,
    .cmaps = cmaps,
    .kern_dsc = NULL,
    .kern_scale = 0,
    .cmap_num = 2,
    .bpp = 4,
    .kern_classes = 0,
    .bitmap_format = 1,
#if LVGL_VERSION_MAJOR == 8
    .cache = &cache
#endif
};



/*-----------------
 *  PUBLIC FONT
 *----------------*/

/*Initialize a public general font descriptor*/
#if LVGL_VERSION_MAJOR >= 8
const lv_font_t roboto_mono_bold_48 = {
#else
lv_font_t roboto_mono_bold_48 = {
#endif
    .get_glyph_dsc = lv_font_get_glyph_dsc_fmt_txt,    /*Function pointer to get glyph's data*/
    .get_glyph_bitmap = lv_font_get_bitmap_fmt_txt,    /*Function pointer to get glyph's bitmap*/
    .line_height = 57,          /*The maximum line height required by the font*/
    .base_line = 11,             /*Baseline measured from the bottom of the line*/
#if !(LVGL_VERSION_MAJOR == 6 && LVGL_VERSION_MINOR == 0)
    .subpx = LV_FONT_SUBPX_NONE,
#endif
#if LV_VERSION_CHECK(7, 4, 0) || LVGL_VERSION_MAJOR >= 8
    .underline_position = -4,
    .underline_thickness = 2,
#endif
    .dsc = &font_dsc,          /*The custom font data. Will be accessed by `get_glyph_bitmap/dsc` */
#if LV_VERSION_CHECK(8, 2, 0) || LVGL_VERSION_MAJOR >= 9
    .fallback = NULL,
#endif
    .user_data = NULL,
};



#endif /*#if ROBOTO_MONO_BOLD_48*/

