/*******************************************************************************
 * Size: 48 px
 * Bpp: 4
 * Opts: --bpp 4 --size 48 --font roboto_mono_medium.ttf --range 32-127,160-255 --format lvgl -o generated_fonts/roboto_mono_medium_48.c
 ******************************************************************************/

#include "lvgl.h"

#ifndef ROBOTO_MONO_MEDIUM_48
#define ROBOTO_MONO_MEDIUM_48 1
#endif

#if ROBOTO_MONO_MEDIUM_48

/*-----------------
 *    BITMAPS
 *----------------*/

/*Store the image of the glyphs*/
static LV_ATTRIBUTE_LARGE_CONST const uint8_t glyph_bitmap[] = {
    /* U+0020 " " */

    /* U+0021 "!" */
    0x9, 0xff, 0xe1, 0x0, 0xff, 0xe9, 0x88, 0x7,
    0xf0, 0x80, 0x7f, 0xfa, 0xfc, 0x3, 0xff, 0xb0,
    0x20, 0x1f, 0xe1, 0x0, 0xff, 0xe5, 0x92, 0x27,
    0x0, 0x12, 0xef, 0x50, 0x7, 0xff, 0x41, 0x14,
    0x80, 0x23, 0xeb, 0xad, 0x90, 0x7, 0x88, 0x4,
    0xca, 0x6, 0x1, 0xd8, 0x1, 0xf0, 0x82, 0x80,
    0x75, 0x5, 0x30, 0x81, 0xd9, 0x0,

    /* U+0022 "\"" */
    0xaf, 0xfa, 0x40, 0x34, 0x7f, 0xd4, 0x20, 0x1f,
    0x84, 0x2, 0x10, 0xf, 0xfe, 0x30, 0x80, 0x7e,
    0x10, 0xd, 0xe0, 0x1f, 0x8c, 0x3, 0x8, 0x7,
    0xe1, 0x0, 0xc6, 0x1, 0xfb, 0xc0, 0x30, 0x80,
    0x7e, 0x10, 0xc, 0xe0, 0x1f, 0x8c, 0x3, 0x8,
    0x7, 0xe1, 0x0, 0xc6, 0x1, 0xf9, 0xc0, 0x30,
    0x80, 0x7e, 0x10,

    /* U+0023 "#" */
    0x0, 0xff, 0x7f, 0xdc, 0x1, 0xd9, 0xff, 0x8,
    0x7, 0xff, 0x0, 0x80, 0x25, 0x0, 0xe3, 0x0,
    0x8, 0x80, 0x3f, 0xf8, 0xe, 0x1, 0x60, 0x6,
    0x20, 0x9, 0x0, 0x3f, 0xf8, 0x3a, 0x1, 0x18,
    0x6, 0x70, 0xb, 0x40, 0x3f, 0xf8, 0x26, 0x1,
    0x28, 0x6, 0xd0, 0x8, 0xc0, 0x3f, 0xf8, 0x2a,
    0x0, 0x11, 0x0, 0x63, 0x0, 0x94, 0x3, 0xff,
    0x80, 0x42, 0x0, 0x50, 0xe, 0x40, 0x0, 0x88,
    0x3, 0xff, 0x80, 0xe0, 0x11, 0x80, 0x62, 0x0,
    0x94, 0x3, 0xff, 0x83, 0xa0, 0x16, 0x80, 0x67,
    0x0, 0xb0, 0x3, 0xeb, 0xbf, 0x30, 0x5, 0x37,
    0x7a, 0x0, 0x2a, 0xbb, 0xc6, 0x2, 0x89, 0xe1,
    0x0, 0x8d, 0x13, 0x10, 0x4, 0x48, 0x99, 0x80,
    0x3f, 0xfd, 0x63, 0xff, 0xd0, 0x1, 0x4f, 0xfe,
    0xb0, 0x9, 0xbf, 0xf9, 0x40, 0x3e, 0xd0, 0x9,
    0x40, 0x31, 0x80, 0x5e, 0x1, 0xff, 0xc1, 0x70,
    0x8, 0xc0, 0x36, 0x80, 0x4a, 0x1, 0xff, 0xc1,
    0x20, 0x1, 0x0, 0x73, 0x80, 0x46, 0x1, 0xff,
    0xc0, 0x30, 0x9, 0xc0, 0x38, 0x80, 0x4, 0x1,
    0xff, 0xc1, 0x50, 0xb, 0x40, 0x31, 0x80, 0x4e,
    0x1, 0xff, 0xc1, 0xf0, 0x8, 0xc0, 0x32, 0x80,
    0x5a, 0x1, 0xf4, 0xdd, 0xf3, 0x80, 0x5f, 0x77,
    0xc0, 0x15, 0xdf, 0x30, 0x1, 0x13, 0xc2, 0x1,
    0x22, 0x71, 0x0, 0x46, 0x89, 0xb8, 0x3, 0xff,
    0xd9, 0xbf, 0xfa, 0x0, 0x2a, 0xff, 0xd6, 0x1,
    0x3f, 0xff, 0x40, 0x7, 0xda, 0x1, 0x38, 0x6,
    0x30, 0xb, 0x40, 0x3f, 0xf8, 0x2e, 0x1, 0x10,
    0x6, 0xd0, 0x9, 0xc0, 0x3f, 0xf8, 0x24, 0x0,
    0x20, 0xe, 0x70, 0x8, 0x80, 0x3f, 0xf8, 0x6,
    0x1, 0x38, 0x7, 0x10, 0x0, 0x80, 0x3f, 0xf8,
    0x2c, 0x1, 0x68, 0x6, 0x30, 0x9, 0xc0, 0x3f,
    0xf8, 0x3a, 0x1, 0x18, 0x6, 0x50, 0xb, 0x40,
    0x3f, 0xf8, 0x26, 0x1, 0x28, 0x6, 0xe0, 0x8,
    0xc0, 0x3f, 0xf8, 0x2a, 0x1, 0x8, 0x6, 0x30,
    0x9, 0x40, 0x3f, 0xf8, 0x2, 0x20, 0x1, 0x80,
    0x72, 0x80, 0x4, 0x40, 0x1f, 0xc0,

    /* U+0024 "$" */
    0x0, 0xff, 0x2f, 0xfc, 0xa0, 0x1f, 0xff, 0xf0,
    0xf, 0xfe, 0xc8, 0xbd, 0x58, 0x5, 0x12, 0xa0,
    0x1f, 0xfc, 0x1, 0xae, 0x85, 0x10, 0x8, 0x9a,
    0xb9, 0x80, 0x3f, 0x93, 0x94, 0x3, 0xfc, 0x33,
    0x60, 0x1f, 0x25, 0x80, 0x7f, 0xf0, 0x92, 0xc0,
    0x38, 0x68, 0x3, 0xc2, 0x68, 0x40, 0x1e, 0x46,
    0x0, 0xd2, 0x20, 0x18, 0x6b, 0xb2, 0xf7, 0xc,
    0x3, 0xa0, 0x3, 0x30, 0x7, 0x62, 0x80, 0x63,
    0xc3, 0x0, 0xc2, 0xc0, 0x2, 0x10, 0xc, 0xc4,
    0x1, 0xf7, 0x80, 0x76, 0x0, 0x18, 0x3, 0xb4,
    0x3, 0xf1, 0x90, 0x6, 0x40, 0x0, 0x80, 0x73,
    0x80, 0x7f, 0x20, 0x6, 0x10, 0xf, 0xce, 0x1,
    0xfd, 0xc0, 0x1c, 0x20, 0xc0, 0x1d, 0xa0, 0x1f,
    0xcd, 0xbb, 0xc2, 0x6, 0x1, 0xcc, 0x80, 0x1f,
    0x84, 0x8b, 0x80, 0x26, 0x0, 0xeb, 0x60, 0xf,
    0xfe, 0x24, 0x0, 0x7a, 0x75, 0x40, 0x3f, 0xf8,
    0x43, 0x40, 0x1e, 0x2a, 0xf9, 0x30, 0xf, 0xfe,
    0x2, 0xc8, 0x7, 0xe6, 0xcc, 0x28, 0x7, 0xfc,
    0xd6, 0x20, 0x1f, 0x8e, 0xb5, 0x0, 0x3f, 0xc9,
    0xd0, 0x20, 0x1f, 0x8a, 0xe8, 0x3, 0xfe, 0x7e,
    0x93, 0x0, 0xfc, 0xb6, 0x1, 0xff, 0xc0, 0x6c,
    0xd7, 0x10, 0xf, 0x24, 0x80, 0x7f, 0xf0, 0x4a,
    0x3a, 0x44, 0x3, 0x98, 0xc0, 0x3f, 0xf8, 0x6d,
    0xe6, 0x1, 0xd2, 0x1, 0xff, 0xc4, 0x1d, 0x0,
    0xe5, 0x4, 0x77, 0xe0, 0xf, 0xf0, 0xb0, 0x7,
    0x17, 0x44, 0x70, 0x7, 0xfd, 0xe0, 0x1c, 0x24,
    0x1, 0xc4, 0x1, 0xfe, 0x30, 0xf, 0x70, 0x7,
    0x28, 0x7, 0xfb, 0x40, 0x38, 0x5c, 0x3, 0xa4,
    0x40, 0x3f, 0xb, 0x0, 0x71, 0xa, 0x0, 0x61,
    0xd1, 0x0, 0xf0, 0xd0, 0x80, 0x65, 0x0, 0x40,
    0x7, 0x1f, 0x42, 0x11, 0x12, 0x3d, 0x0, 0x3a,
    0x40, 0x6, 0xc0, 0x1e, 0x7b, 0xdd, 0x5b, 0x88,
    0x7, 0x31, 0x80, 0x52, 0xa0, 0x1f, 0xfc, 0x44,
    0x90, 0xe, 0xa8, 0x0, 0xff, 0xe1, 0x3d, 0x80,
    0x7c, 0xfc, 0xe4, 0x1, 0xf8, 0x5b, 0x60, 0x3,
    0xf8, 0x63, 0x75, 0x44, 0x0, 0x1a, 0xde, 0x92,
    0x0, 0xff, 0xe0, 0x92, 0x88, 0x4, 0xa4, 0x1,
    0xff, 0xff, 0x0, 0xe0,

    /* U+0025 "%" */
    0x0, 0xcf, 0x9f, 0xee, 0xb6, 0x0, 0xff, 0xe3,
    0x97, 0x41, 0x80, 0x5, 0x27, 0x44, 0x3, 0xff,
    0x88, 0x38, 0x20, 0x1f, 0x16, 0x0, 0x7f, 0xf1,
    0x24, 0x40, 0x26, 0x85, 0x0, 0x89, 0x80, 0x3f,
    0xf8, 0x6a, 0x1, 0x5c, 0xbd, 0x40, 0x5, 0xa0,
    0x1c, 0x8c, 0x1, 0xf8, 0x80, 0x2, 0x80, 0x13,
    0x0, 0x4a, 0x1, 0xd3, 0x2e, 0x60, 0xe, 0x10,
    0x8, 0xc0, 0x30, 0x80, 0x7e, 0x62, 0x1, 0x20,
    0xf, 0xfe, 0x50, 0xc0, 0x1, 0x10, 0x1, 0xc2,
    0x1, 0x18, 0x6, 0x10, 0xf, 0xa0, 0x40, 0x12,
    0x1, 0xf1, 0x0, 0x5, 0x0, 0x26, 0x0, 0x94,
    0x0, 0x4c, 0x0, 0x72, 0x0, 0xf9, 0x40, 0x2b,
    0x97, 0xa8, 0x0, 0xb4, 0x1, 0x20, 0x1, 0x90,
    0xf, 0xd2, 0x20, 0x13, 0x42, 0x80, 0x46, 0xc0,
    0x88, 0x0, 0x40, 0x80, 0x7e, 0x1c, 0x20, 0xf,
    0x8f, 0x40, 0x12, 0x0, 0x26, 0x0, 0xff, 0x16,
    0xc1, 0x80, 0x4, 0xe7, 0x4, 0x18, 0x80, 0x12,
    0x1, 0xff, 0xc1, 0x7c, 0xff, 0x76, 0x30, 0x0,
    0x60, 0x0, 0x88, 0x0, 0xff, 0xe5, 0x40, 0x80,
    0x24, 0x3, 0xff, 0x94, 0x4c, 0x0, 0x62, 0x0,
    0xff, 0xe5, 0x48, 0x5, 0x0, 0x1f, 0xfc, 0xa4,
    0x40, 0x2, 0x4, 0x3, 0xff, 0x95, 0x20, 0x1,
    0x70, 0x3, 0xe7, 0xfb, 0xad, 0x40, 0x3f, 0xf8,
    0x2c, 0x40, 0xb, 0x2, 0xd8, 0x30, 0x0, 0xa5,
    0x58, 0x7, 0xfc, 0x30, 0x0, 0x35, 0x1c, 0x20,
    0xf, 0x92, 0x80, 0x3f, 0xd0, 0x20, 0xf, 0x9,
    0x10, 0x9, 0xe1, 0x0, 0x25, 0x30, 0xf, 0xc4,
    0xc0, 0x5, 0x30, 0x60, 0xa, 0xe1, 0xed, 0x80,
    0x2b, 0x0, 0xfd, 0x20, 0x15, 0x80, 0x88, 0x0,
    0x48, 0x1, 0x50, 0x4, 0x80, 0x1f, 0x22, 0x0,
    0xe, 0x20, 0x60, 0x13, 0x0, 0x62, 0x0, 0x84,
    0x3, 0xe9, 0x0, 0xc, 0x0, 0x4, 0x3, 0xff,
    0x8e, 0x46, 0x0, 0x80, 0x8, 0x40, 0x3f, 0xf8,
    0xe5, 0xd2, 0x8c, 0x1, 0x18, 0x4, 0xa0, 0x18,
    0xc0, 0x21, 0x0, 0xfc, 0xd6, 0x1, 0x84, 0x40,
    0x1, 0x50, 0xa, 0x80, 0x25, 0x0, 0xff, 0xe1,
    0xb0, 0x5, 0x50, 0xd2, 0xe0, 0x15, 0x0, 0x7f,
    0xf0, 0xe4, 0x40, 0x27, 0x96, 0x0, 0x94, 0xc0,
    0x3f, 0xf8, 0x63, 0x84, 0x1, 0xf2, 0x50, 0x7,
    0xff, 0x14, 0xb6, 0xc, 0x0, 0x29, 0x56, 0x0,

    /* U+0026 "&" */
    0x0, 0xf8, 0x5e, 0xfb, 0xfd, 0xb2, 0x60, 0x1f,
    0xfc, 0x58, 0xe8, 0x41, 0x0, 0x13, 0x65, 0x0,
    0x7f, 0xf0, 0xed, 0xc0, 0x3f, 0x97, 0x0, 0x3f,
    0xf8, 0x30, 0x80, 0x1f, 0xf1, 0xc0, 0x7, 0xfc,
    0x2e, 0x1, 0xc4, 0xca, 0x1, 0xce, 0x20, 0x1f,
    0xe6, 0x0, 0xe7, 0xd9, 0xad, 0x10, 0xc, 0x80,
    0x1f, 0xec, 0x0, 0xc5, 0x0, 0x11, 0x48, 0x6,
    0xd0, 0xf, 0xf3, 0x80, 0x65, 0x0, 0xe3, 0x0,
    0xc2, 0x1, 0xfe, 0x10, 0xd, 0xc0, 0x1c, 0x20,
    0x1b, 0x80, 0x3f, 0xcc, 0x1, 0xb8, 0x3, 0xbc,
    0x3, 0x20, 0x7, 0xf8, 0xc0, 0x33, 0x0, 0x66,
    0x50, 0x8, 0xcc, 0x1, 0xfe, 0xb0, 0xc, 0x2a,
    0x0, 0x99, 0x0, 0x6e, 0x0, 0xff, 0x8c, 0xc0,
    0x1a, 0xcf, 0x58, 0x3, 0x59, 0x0, 0x7f, 0xf0,
    0x20, 0x3, 0xe, 0x10, 0x4, 0x38, 0x80, 0x1f,
    0xfc, 0x14, 0x50, 0xf, 0xc7, 0xe6, 0x1, 0xff,
    0xc3, 0xb1, 0x0, 0xf3, 0x60, 0x80, 0x7f, 0xf1,
    0x20, 0x40, 0x3d, 0x0, 0x1f, 0xfc, 0x41, 0xc6,
    0x0, 0xfb, 0x40, 0x3c, 0x2a, 0xb8, 0xc0, 0x21,
    0xc3, 0x0, 0xfc, 0x72, 0x1, 0xc5, 0x55, 0xa4,
    0x2, 0xd2, 0x0, 0xca, 0x40, 0x19, 0x94, 0x3,
    0x30, 0x6, 0x30, 0x4, 0x18, 0x6, 0x6a, 0xe0,
    0xe, 0xa2, 0x0, 0x88, 0x3, 0x70, 0xb, 0x80,
    0x62, 0x90, 0x39, 0x0, 0xef, 0x0, 0xb0, 0x3,
    0x10, 0x30, 0x7, 0x48, 0x4, 0xca, 0x1, 0x8a,
    0x80, 0x8, 0x1, 0x90, 0x2c, 0x3, 0xa, 0x0,
    0x6a, 0x20, 0xc, 0xae, 0xc0, 0x18, 0x84, 0x8,
    0x3, 0x28, 0x7, 0xbc, 0x3, 0xa2, 0x0, 0x1a,
    0x80, 0x3f, 0xf8, 0x45, 0x20, 0x1c, 0x20, 0x19,
    0x80, 0x6, 0x1, 0x94, 0x3, 0xe6, 0x50, 0xf,
    0xd0, 0x20, 0x7, 0x0, 0xc2, 0x80, 0x1f, 0x51,
    0x0, 0x78, 0x9c, 0x2, 0xc0, 0xe, 0x91, 0x0,
    0xf0, 0xb0, 0x7, 0xac, 0x3, 0x30, 0x80, 0x62,
    0xf6, 0x21, 0x25, 0x9e, 0x40, 0xf, 0x49, 0x0,
    0x68, 0x0, 0xe1, 0x9d, 0xed, 0xa6, 0x0, 0xfe,
    0xf0, 0xc, 0xcc, 0x0, 0xff, 0xe4, 0x15, 0x0,
    0x69, 0x80, 0xf, 0xfe, 0x0, 0xd6, 0x80, 0x72,
    0xb0, 0x6, 0x7d, 0x60, 0xf, 0xc5, 0x1c, 0xa5,
    0x40, 0x1d, 0x26, 0x1, 0x8a, 0x7f, 0x26, 0x22,
    0xae, 0xd7, 0x0, 0x97, 0xff, 0xc6,

    /* U+0027 "'" */
    0x22, 0xc3, 0x9b, 0xb4, 0x80, 0x7f, 0xf1, 0xfc,
    0x3, 0x10, 0x6, 0x10, 0xc, 0xe0, 0x18, 0x40,
    0x31, 0x80, 0x61, 0x0, 0xe0,

    /* U+0028 "(" */
    0x0, 0xff, 0x8c, 0x3, 0xfc, 0x35, 0x82, 0x1,
    0xf8, 0xb1, 0x41, 0x80, 0x3e, 0x2c, 0x20, 0x5,
    0x80, 0x78, 0x7c, 0x40, 0x3, 0xe0, 0x1e, 0xa2,
    0x0, 0xb4, 0xc0, 0x39, 0xd0, 0x2, 0xa3, 0x0,
    0xe2, 0x80, 0x9, 0x54, 0x1, 0xe9, 0x0, 0xd6,
    0x1, 0xe4, 0x40, 0x5, 0x2, 0x1, 0xe8, 0x0,
    0xcc, 0x1, 0xe3, 0x30, 0x4, 0xc2, 0x1, 0xea,
    0x0, 0xd4, 0x1, 0xf3, 0x0, 0x44, 0x60, 0x1e,
    0x40, 0xc, 0x80, 0x1f, 0x68, 0x6, 0xc0, 0xf,
    0x90, 0x3, 0x20, 0x7, 0xc4, 0x1, 0x8, 0x80,
    0x3c, 0x60, 0x19, 0x40, 0x3e, 0x50, 0xc, 0x40,
    0x1f, 0x70, 0x6, 0xe0, 0xf, 0x88, 0x3, 0x8,
    0x7, 0xc2, 0x1, 0x8c, 0x3, 0xe7, 0x0, 0xc2,
    0x1, 0xff, 0xe2, 0x70, 0xc, 0x20, 0x1f, 0x8,
    0x7, 0xff, 0x0, 0xc0, 0x31, 0x0, 0x7d, 0xc0,
    0x1b, 0xc0, 0x3e, 0x20, 0xc, 0x40, 0x1f, 0x38,
    0x6, 0x70, 0xf, 0x88, 0x40, 0x22, 0x0, 0xfc,
    0xa0, 0x18, 0xc0, 0x3e, 0xd0, 0xc, 0x80, 0x1f,
    0x38, 0x6, 0xc0, 0xf, 0x84, 0xc0, 0x24, 0x10,
    0xf, 0xa8, 0x3, 0x38, 0x7, 0xcc, 0x1, 0xa8,
    0x3, 0xf3, 0x80, 0x46, 0x60, 0xf, 0xa4, 0x3,
    0x40, 0x7, 0xc3, 0x0, 0x12, 0x20, 0x3, 0xe7,
    0x30, 0xa, 0x80, 0x3f, 0x70, 0x4, 0x34, 0x1,
    0xf1, 0x50, 0x4, 0xb2, 0x1, 0xf2, 0xb8, 0x4,
    0xd2, 0x1, 0xf4, 0x38, 0x4, 0x60, 0x1f, 0xa2,
    0x40, 0x1c, 0x1, 0xfc, 0xda, 0xa8,

    /* U+0029 ")" */
    0x2, 0x0, 0xff, 0xe0, 0xf6, 0x98, 0x7, 0xf8,
    0x4c, 0xb1, 0x80, 0x3f, 0x9c, 0x2, 0x97, 0x0,
    0xfc, 0xca, 0x1, 0x42, 0x80, 0x7e, 0xa4, 0x0,
    0xa8, 0xc0, 0x3f, 0x50, 0x80, 0x5c, 0x1, 0xf8,
    0x68, 0x2, 0x29, 0x0, 0xfc, 0x88, 0x0, 0x98,
    0xc0, 0x3f, 0x48, 0x6, 0x80, 0xf, 0xc4, 0x80,
    0x12, 0x18, 0x7, 0xef, 0x0, 0xd2, 0x1, 0xf9,
    0x4, 0x2, 0x51, 0x0, 0xfc, 0xc0, 0x19, 0x80,
    0x3f, 0x60, 0x6, 0xb0, 0xf, 0xc8, 0x1, 0x8c,
    0x40, 0x3f, 0x18, 0x6, 0x40, 0xf, 0xca, 0x1,
    0xb4, 0x3, 0xf7, 0x80, 0x64, 0x0, 0xfc, 0x40,
    0x18, 0x80, 0x3f, 0x30, 0x6, 0x11, 0x0, 0x7c,
    0x40, 0x1c, 0x60, 0x1f, 0xfc, 0x16, 0x0, 0xff,
    0xe5, 0x8, 0x6, 0x10, 0xf, 0xfe, 0x50, 0x80,
    0x7f, 0xf1, 0x84, 0x3, 0xff, 0x82, 0xe0, 0x1f,
    0x8, 0x7, 0x10, 0x7, 0xc4, 0x1, 0xc2, 0x1,
    0xf3, 0x0, 0x62, 0x0, 0xfc, 0x40, 0x19, 0xc0,
    0x3f, 0x68, 0x6, 0xd0, 0xf, 0xce, 0x1, 0x90,
    0x3, 0xe1, 0x20, 0x8, 0x4c, 0x3, 0xe4, 0x0,
    0xce, 0x1, 0xfb, 0xc0, 0x36, 0x80, 0x7e, 0x50,
    0x8, 0x90, 0x3, 0xe6, 0x0, 0xd4, 0x1, 0xfa,
    0xc0, 0x21, 0x70, 0xf, 0x94, 0x80, 0x29, 0x0,
    0xfd, 0x0, 0x11, 0x38, 0x7, 0xd0, 0x40, 0x17,
    0x0, 0x7c, 0x8e, 0x1, 0x39, 0x80, 0x78, 0xec,
    0x2, 0x48, 0x0, 0xf2, 0x60, 0x4, 0x54, 0x1,
    0xff, 0x16, 0x8, 0x7, 0xc8, 0x20, 0xba, 0x20,
    0x1f, 0xd3, 0x2a, 0x0, 0xff, 0x0,

    /* U+002A "*" */
    0x0, 0xff, 0x77, 0xfd, 0x80, 0x1f, 0xfc, 0x83,
    0x0, 0x98, 0x3, 0xff, 0x90, 0x20, 0x11, 0x80,
    0x7f, 0xf2, 0x1c, 0x2, 0x10, 0xf, 0xfe, 0x41,
    0x0, 0x5c, 0x1, 0xff, 0xc8, 0x10, 0x8, 0xc0,
    0x3f, 0xf8, 0xe, 0x20, 0x1e, 0xf0, 0x8, 0x40,
    0x3e, 0x30, 0x9, 0x23, 0xa8, 0xc0, 0x30, 0x80,
    0x4e, 0x1, 0x8a, 0x7f, 0x40, 0x2d, 0x0, 0x2e,
    0x61, 0x40, 0x6, 0x1, 0x10, 0x1, 0x2f, 0x58,
    0x4, 0xc0, 0xe, 0x1, 0x8e, 0xb9, 0xc0, 0x39,
    0xf6, 0xd0, 0x3, 0x58, 0x10, 0x80, 0x78, 0x62,
    0x80, 0x2e, 0x82, 0x0, 0xf2, 0x81, 0x75, 0x31,
    0x0, 0x7f, 0xf1, 0x11, 0xe4, 0x0, 0x2b, 0x3b,
    0xd4, 0xc4, 0x1, 0xf0, 0xa4, 0x67, 0xdc, 0x20,
    0x7, 0x85, 0x67, 0x54, 0x3, 0xaf, 0xad, 0xcc,
    0x3, 0xff, 0x82, 0xca, 0x1, 0xd0, 0x1, 0xff,
    0xc4, 0x49, 0x0, 0xa, 0x80, 0xe, 0x80, 0x3f,
    0xf8, 0x45, 0x40, 0x14, 0x58, 0x4, 0xac, 0x1,
    0xff, 0xc1, 0xf1, 0x0, 0x1b, 0xc, 0x0, 0x52,
    0x80, 0x1f, 0xf5, 0x90, 0x5, 0xe0, 0x7, 0x20,
    0xa, 0x88, 0x3, 0xfa, 0x10, 0x2, 0x63, 0x0,
    0xa4, 0x2, 0x1f, 0x0, 0xfc, 0xae, 0x1, 0xa0,
    0x3, 0x22, 0x0, 0x22, 0xa0, 0xf, 0x95, 0x40,
    0x14, 0x8, 0x7, 0x48, 0x6, 0xf0, 0xf, 0xd5,
    0x41, 0x27, 0x0, 0xf1, 0x30, 0x1e, 0xa8, 0x7,
    0xf2, 0xff, 0x0, 0x7e, 0x87, 0xc2, 0x0, 0xe0,

    /* U+002B "+" */
    0x0, 0xff, 0xea, 0xbf, 0xfe, 0xe0, 0xf, 0xff,
    0xf8, 0x7, 0xff, 0xfc, 0x3, 0xff, 0xce, 0x48,
    0x9f, 0xb4, 0x3, 0xa, 0x27, 0xf2, 0xdd, 0xfe,
    0x50, 0xe, 0xbb, 0xfd, 0x40, 0x1f, 0xff, 0xf0,
    0xf, 0xfe, 0x4b, 0xff, 0xfe, 0x80, 0xc, 0x3f,
    0xff, 0xb8, 0x3, 0xff, 0xfe, 0x1, 0xff, 0xff,
    0x0, 0xff, 0xfb, 0x0,

    /* U+002C "," */
    0x0, 0x47, 0xff, 0x0, 0x7f, 0xf7, 0x84, 0x3,
    0x10, 0x0, 0x80, 0x33, 0x80, 0x14, 0x3, 0x78,
    0x10, 0x80, 0x42, 0xa1, 0x40, 0x1a, 0x40, 0xc,
    0x1, 0x13, 0x83, 0x8, 0x5, 0xc0, 0x6, 0xa2,
    0x9, 0x30, 0x9, 0x77, 0x18, 0x2,

    /* U+002D "-" */
    0x9, 0x9f, 0xfe, 0x33, 0x83, 0x37, 0xff, 0x1a,
    0x80, 0x3f, 0xfe, 0x0,

    /* U+002E "." */
    0x0, 0x25, 0x65, 0xb8, 0x4, 0xf6, 0xa6, 0x91,
    0x80, 0x30, 0x1, 0xc6, 0xc8, 0x1, 0xf6, 0x80,
    0x7f, 0x38, 0x7, 0xc6, 0x4c, 0x1, 0xc3, 0x21,
    0x30, 0x40, 0x2b, 0xe2,

    /* U+002F "/" */
    0x0, 0xff, 0xe0, 0xa7, 0xfe, 0xd0, 0xf, 0xfe,
    0xf, 0x0, 0x6a, 0x0, 0xff, 0xe0, 0xa8, 0x6,
    0x60, 0xf, 0xfe, 0x3, 0x0, 0x63, 0x10, 0xf,
    0xfe, 0x6, 0x80, 0x6a, 0x0, 0xff, 0xe0, 0xa,
    0x0, 0x67, 0x0, 0xff, 0xe0, 0x30, 0x6, 0x51,
    0x0, 0xff, 0xe0, 0x58, 0x6, 0xf0, 0xf, 0xfe,
    0x1, 0x18, 0x6, 0x50, 0xf, 0xfe, 0x5, 0x0,
    0x66, 0x0, 0xff, 0xe0, 0xb0, 0x6, 0xd0, 0xf,
    0xfe, 0x1, 0x88, 0x4, 0x28, 0x1, 0xff, 0xc0,
    0xa0, 0xc, 0xc0, 0x1f, 0xfc, 0x17, 0x0, 0xd4,
    0x1, 0xff, 0xc0, 0x41, 0x0, 0x88, 0x80, 0x1f,
    0xfc, 0xe, 0x0, 0xd4, 0x1, 0xff, 0xc1, 0x50,
    0xc, 0xc0, 0x1f, 0xfc, 0x6, 0x0, 0xc6, 0x20,
    0x1f, 0xfc, 0xd, 0x0, 0xd4, 0x1, 0xff, 0xc0,
    0x14, 0x0, 0xce, 0x1, 0xff, 0xc0, 0x60, 0xc,
    0x82, 0x1, 0xff, 0xc0, 0xa0, 0xd, 0xc0, 0x1f,
    0xfc, 0x2, 0x20, 0x6, 0x50, 0xf, 0xfe, 0x5,
    0x0, 0x66, 0x0, 0xff, 0xe0, 0xb0, 0x6, 0xd0,
    0xf, 0xfe, 0x1, 0x88, 0x4, 0x28, 0x1, 0xff,
    0xc0, 0xa0, 0xc, 0xc0, 0x1f, 0xfc, 0x17, 0x0,
    0xd6, 0x1, 0xff, 0xc0, 0x51, 0x0, 0x88, 0xc0,
    0x3f, 0xf8, 0x1e, 0x1, 0xa8, 0x3, 0xff, 0x82,
    0xa0, 0x19, 0x40, 0x3f, 0xf8, 0xc, 0x1, 0x8c,
    0x80, 0x3f, 0xf8, 0x1a, 0x1, 0xa8, 0x3, 0xff,
    0x80, 0x28, 0x1, 0x9c, 0x3, 0xff, 0x80, 0xc0,
    0x19, 0x4, 0x3, 0xff, 0x81, 0x40, 0x1b, 0x80,
    0x3f, 0xf8, 0x4, 0x40, 0xc, 0xa0, 0x1f, 0xfc,
    0x1, 0x77, 0xd4, 0x1, 0xff, 0xc1,

    /* U+0030 "0" */
    0x0, 0xf9, 0xab, 0x7f, 0xed, 0xa5, 0x0, 0xff,
    0xe0, 0x3f, 0xca, 0x90, 0x4, 0x4b, 0x5c, 0xc0,
    0x1f, 0xd7, 0x0, 0x1f, 0xe1, 0x9a, 0x0, 0xfa,
    0xd0, 0x3, 0xff, 0x82, 0xb2, 0x1, 0xce, 0x80,
    0x1c, 0x2a, 0xca, 0x20, 0x1c, 0xca, 0x1, 0xc,
    0x0, 0x74, 0xf5, 0x4d, 0x74, 0x0, 0x75, 0x80,
    0x4c, 0x1, 0xd4, 0xc0, 0x1c, 0xf0, 0x1, 0x85,
    0x40, 0x14, 0x1, 0x8d, 0x40, 0x3e, 0x71, 0x0,
    0xdc, 0x2, 0x40, 0x1a, 0x80, 0x3f, 0x9c, 0x3,
    0x20, 0x20, 0x7, 0x28, 0x7, 0xf6, 0x0, 0x71,
    0x90, 0x7, 0x10, 0x7, 0xf3, 0x0, 0x73, 0x70,
    0x7, 0x8, 0x7, 0xf5, 0x80, 0x71, 0x0, 0x7f,
    0xf0, 0x87, 0x1c, 0x3, 0xbc, 0xc0, 0x3f, 0xf8,
    0x9, 0xe6, 0x1, 0xff, 0xc7, 0x8b, 0x10, 0xf,
    0xfe, 0x31, 0x63, 0x80, 0x46, 0x1, 0xff, 0xc3,
    0x5d, 0x30, 0xa, 0x38, 0x3, 0xff, 0x85, 0x34,
    0x1, 0x16, 0x38, 0x7, 0xff, 0x4, 0xb5, 0x80,
    0x25, 0xd3, 0x0, 0xff, 0xe1, 0x69, 0x0, 0x53,
    0x40, 0x1f, 0xfc, 0x72, 0xd6, 0x0, 0xff, 0xe3,
    0xb6, 0x90, 0x7, 0xff, 0x0, 0xc0, 0x38, 0x6a,
    0x40, 0x3f, 0xf8, 0x3e, 0x20, 0x1d, 0x8a, 0x1,
    0xff, 0xc2, 0x1e, 0x0, 0xff, 0xe1, 0xb0, 0x7,
    0x12, 0x80, 0x73, 0x80, 0x7f, 0x18, 0x7, 0x29,
    0x80, 0x77, 0x80, 0x7f, 0x60, 0x6, 0x11, 0x2,
    0x80, 0x65, 0x20, 0xf, 0x89, 0x0, 0x33, 0x0,
    0x38, 0x3, 0xb8, 0x3, 0xc3, 0xe0, 0x1d, 0x40,
    0x4, 0x30, 0xc, 0x7a, 0xc4, 0x24, 0xde, 0x40,
    0x19, 0x48, 0x2, 0xe0, 0xe, 0x29, 0xde, 0xd9,
    0x10, 0xc, 0x36, 0x1, 0x8a, 0xc0, 0x3f, 0xf8,
    0x7a, 0x20, 0x1c, 0x98, 0x20, 0x1f, 0xf1, 0x61,
    0x80, 0x7c, 0x7d, 0x4, 0x1, 0xf1, 0x46, 0x98,
    0x7, 0xf9, 0xf7, 0x55, 0x11, 0x56, 0xe9, 0xc0,
    0x3c,

    /* U+0031 "1" */
    0x0, 0xff, 0xe1, 0x18, 0x7, 0xfc, 0x95, 0xfe,
    0x0, 0xfc, 0x51, 0xd6, 0xa0, 0x1f, 0x9b, 0x35,
    0xc4, 0x3, 0xe4, 0xaf, 0x93, 0x0, 0xf8, 0xa3,
    0xad, 0x40, 0x3f, 0xd6, 0xe2, 0x1, 0xff, 0xc8,
    0x20, 0xf, 0xfe, 0x3, 0x66, 0x90, 0x7, 0xe4,
    0xaf, 0x93, 0x0, 0xfb, 0xa3, 0xad, 0x40, 0x3f,
    0xce, 0xe1, 0x0, 0xff, 0xff, 0x80, 0x7f, 0xff,
    0xc0, 0x3f, 0xff, 0xe0, 0x1f, 0xff, 0xf0, 0xf,
    0xff, 0x68,

    /* U+0032 "2" */
    0x0, 0xf8, 0x5a, 0xf7, 0xfe, 0xda, 0x61, 0x0,
    0xff, 0xe0, 0xc, 0xf4, 0xa1, 0x0, 0x44, 0xb3,
    0xd2, 0x20, 0x1f, 0xc9, 0xec, 0x1, 0xff, 0x37,
    0x90, 0x7, 0xcb, 0x62, 0x1, 0xff, 0xc1, 0x1c,
    0x10, 0xe, 0x3a, 0x0, 0xf0, 0xa2, 0xc, 0x3,
    0xc3, 0x40, 0x1d, 0xc0, 0x1c, 0x99, 0xd7, 0x6c,
    0xe5, 0x0, 0xe4, 0x30, 0x9, 0x48, 0x3, 0x25,
    0x98, 0x6, 0x1a, 0x60, 0xe, 0xa0, 0xb, 0x80,
    0x3a, 0x80, 0x3f, 0x40, 0x7, 0x20, 0x4, 0x80,
    0x19, 0x4, 0x3, 0xf0, 0xa0, 0x6, 0x20, 0x1,
    0x0, 0x76, 0x0, 0x7f, 0x8c, 0x3, 0xf1, 0x9f,
    0x10, 0x7, 0xf8, 0x40, 0x3e, 0x2c, 0xce, 0x50,
    0xf, 0xf2, 0x80, 0x62, 0x0, 0xff, 0xe3, 0x9,
    0x80, 0x65, 0x0, 0xff, 0xe3, 0x40, 0x7, 0x50,
    0x7, 0xff, 0x15, 0x18, 0x3, 0x29, 0x0, 0x7f,
    0xf1, 0x6, 0x80, 0x3a, 0x0, 0x3f, 0xf8, 0xba,
    0x20, 0x1a, 0x48, 0x3, 0xff, 0x89, 0x66, 0x1,
    0x95, 0x80, 0x3f, 0xf8, 0x92, 0x80, 0x18, 0xe8,
    0x3, 0xff, 0x89, 0xc, 0x1, 0x8b, 0x40, 0x3f,
    0xf8, 0x8e, 0xe0, 0xc, 0x38, 0x20, 0x1f, 0xfc,
    0x37, 0x80, 0xc, 0x38, 0x20, 0x1f, 0xfc, 0x36,
    0x80, 0xc, 0x38, 0x40, 0x1f, 0xfc, 0x35, 0x90,
    0xe, 0xd2, 0x0, 0xff, 0xe1, 0xa5, 0x0, 0x76,
    0x18, 0x7, 0xff, 0xc, 0xec, 0x3, 0xac, 0xc0,
    0x3f, 0xf8, 0x67, 0x80, 0x1d, 0x68, 0x1, 0xff,
    0xc3, 0x2d, 0x0, 0xea, 0x40, 0xf, 0xfe, 0x19,
    0x60, 0x80, 0x69, 0x50, 0xf, 0xfe, 0x18, 0xf8,
    0x80, 0x62, 0xe8, 0x8f, 0xfe, 0x11, 0x84, 0x90,
    0x7, 0x13, 0xbf, 0xff, 0xd, 0x80, 0x3f, 0xff,
    0xe0,

    /* U+0033 "3" */
    0x0, 0xf0, 0xbd, 0xef, 0xfd, 0xd7, 0x6, 0x1,
    0xfe, 0x1a, 0xe8, 0x42, 0x0, 0x85, 0x1f, 0x30,
    0x80, 0x1f, 0x2f, 0x28, 0x7, 0xfc, 0x77, 0x0,
    0x1c, 0xb4, 0x1, 0xff, 0xc3, 0x78, 0x0, 0x8a,
    0x80, 0x3c, 0x4a, 0xca, 0x40, 0x1e, 0x73, 0x0,
    0x40, 0x7, 0xd, 0xed, 0x4d, 0x6e, 0x8c, 0x3,
    0xa0, 0x5, 0x40, 0x30, 0xfa, 0x0, 0x71, 0x68,
    0x80, 0x64, 0x15, 0x0, 0xe9, 0x10, 0xf, 0x86,
    0x40, 0x39, 0x44, 0x7c, 0x80, 0x1f, 0xc6, 0x1,
    0xc4, 0xbd, 0xdc, 0x60, 0x1f, 0xce, 0x1, 0xff,
    0xca, 0x60, 0xe, 0x50, 0xf, 0xfe, 0x24, 0x80,
    0x61, 0x30, 0xf, 0xfe, 0x1c, 0x18, 0x6, 0x90,
    0xf, 0xfe, 0x8, 0xae, 0x38, 0x6, 0x37, 0x0,
    0xfc, 0xff, 0xfb, 0xa8, 0xc0, 0x32, 0x60, 0x7,
    0xff, 0x22, 0x2c, 0x3, 0xff, 0x90, 0x42, 0x1,
    0xff, 0xc9, 0x29, 0xc2, 0x0, 0xfe, 0x48, 0x8c,
    0xe6, 0x1, 0xc7, 0x82, 0x1, 0xf8, 0xdd, 0xf4,
    0x66, 0xa0, 0x6, 0x1a, 0x0, 0xff, 0xe1, 0x95,
    0xa0, 0x6, 0x44, 0x0, 0x7f, 0xf1, 0x24, 0x3,
    0xb4, 0x3, 0xff, 0x88, 0x44, 0x0, 0xca, 0x1,
    0xff, 0xc5, 0x60, 0xc, 0x4f, 0x33, 0xa0, 0x3,
    0xff, 0x8b, 0x8c, 0xd9, 0xc0, 0x3f, 0xe6, 0x0,
    0xc6, 0x60, 0xe, 0x40, 0xf, 0xe2, 0x20, 0x6,
    0x7c, 0x0, 0xe9, 0x10, 0xf, 0xd2, 0x1, 0xde,
    0x84, 0x1, 0x8b, 0xc, 0x3, 0x8a, 0xd0, 0x3,
    0xa, 0x84, 0x80, 0x71, 0x66, 0xd4, 0x4e, 0x6a,
    0x0, 0x75, 0x80, 0x11, 0xc0, 0x3c, 0x4a, 0xec,
    0x60, 0x1e, 0x75, 0x0, 0xa2, 0x0, 0x1f, 0xfc,
    0x38, 0x80, 0x7, 0x3e, 0x20, 0x7, 0xfc, 0x98,
    0xe0, 0x1f, 0x1d, 0xec, 0x21, 0x0, 0x44, 0x91,
    0xb6, 0x60, 0x18,

    /* U+0034 "4" */
    0x0, 0xff, 0xe1, 0xf, 0x7f, 0xf0, 0x80, 0x7f,
    0xf1, 0xac, 0x40, 0x3f, 0xf9, 0x68, 0xa0, 0x1f,
    0xfc, 0xca, 0x0, 0xff, 0xe6, 0x48, 0x80, 0x7f,
    0xf2, 0xcd, 0x80, 0x3f, 0xf9, 0x9c, 0x1, 0xff,
    0xcc, 0x72, 0x0, 0x84, 0x3, 0xff, 0x8e, 0x50,
    0x1, 0xb, 0x80, 0x7f, 0xf1, 0xf8, 0x3, 0x50,
    0x80, 0x7f, 0xf1, 0x98, 0xc0, 0x25, 0x40, 0xf,
    0xfe, 0x30, 0xc8, 0x4, 0x36, 0x1, 0xff, 0xc7,
    0xb0, 0xd, 0x2, 0x1, 0xff, 0xc6, 0x55, 0x0,
    0x48, 0xc0, 0x1f, 0xfc, 0x7b, 0x0, 0xd2, 0x1,
    0xff, 0xc7, 0x91, 0x0, 0xa0, 0x80, 0x3f, 0xf8,
    0xc6, 0xc0, 0x11, 0xb8, 0x7, 0xff, 0x1f, 0x80,
    0x37, 0x0, 0x7f, 0xf1, 0xe0, 0x80, 0x27, 0x20,
    0xf, 0xfe, 0x31, 0x38, 0x4, 0x50, 0x1, 0xff,
    0xc7, 0xe0, 0xd, 0xc0, 0x1f, 0xfc, 0x76, 0x30,
    0x9, 0x8c, 0x3, 0xff, 0x8c, 0x32, 0x1, 0x9b,
    0xff, 0xf3, 0x80, 0x77, 0x7f, 0xca, 0xe0, 0x1f,
    0xfe, 0x73, 0x0, 0xff, 0xe6, 0xb3, 0x7f, 0xf0,
    0xcc, 0x3, 0x99, 0xb8, 0xe6, 0x7f, 0xf8, 0x48,
    0x1, 0xd1, 0x33, 0x18, 0x7, 0xff, 0xfc, 0x3,
    0xff, 0xfe, 0x1, 0xe0,

    /* U+0035 "5" */
    0x0, 0xaf, 0xff, 0xff, 0x8b, 0x40, 0x19, 0x80,
    0x3f, 0xf9, 0x44, 0x1, 0xff, 0xc9, 0x10, 0xf,
    0xfe, 0x51, 0x0, 0x7f, 0xf2, 0x9c, 0x3, 0xf,
    0xff, 0xff, 0x6, 0x80, 0x22, 0x0, 0xc4, 0x1,
    0xff, 0xc5, 0xe0, 0xc, 0xc0, 0x1f, 0xfc, 0x52,
    0x0, 0xc4, 0x1, 0xff, 0xc5, 0x10, 0xd, 0xc0,
    0x1f, 0xfc, 0x56, 0x0, 0xc4, 0x1, 0xff, 0xc5,
    0x20, 0xc, 0xe9, 0x3b, 0xff, 0x6c, 0xa0, 0x7,
    0xc2, 0x1, 0xdd, 0x6c, 0x40, 0x11, 0x35, 0xe9,
    0x80, 0x71, 0x80, 0x71, 0x0, 0x7f, 0x16, 0x30,
    0x6, 0x60, 0xf, 0xfe, 0x2c, 0xa8, 0x4, 0x40,
    0x1e, 0x14, 0x66, 0x20, 0x7, 0xd6, 0x20, 0x2,
    0x30, 0xd, 0x3d, 0x73, 0x2b, 0xf7, 0x0, 0xe1,
    0x90, 0x2, 0x67, 0xdc, 0x6b, 0x0, 0x7a, 0x20,
    0x1, 0xcc, 0x1, 0xc8, 0xe4, 0x1, 0xf9, 0xcc,
    0x3, 0x9, 0x80, 0x7f, 0xf1, 0x24, 0x3, 0x90,
    0x3, 0xff, 0x88, 0xa0, 0x1d, 0xc0, 0x1f, 0xfc,
    0x51, 0x0, 0xc4, 0x1, 0xff, 0xc5, 0x30, 0xf,
    0xfe, 0x51, 0x80, 0x73, 0x66, 0x6b, 0x0, 0xff,
    0x84, 0x3, 0x10, 0x19, 0xe4, 0x20, 0xf, 0xe4,
    0x0, 0xee, 0x50, 0xe, 0xa0, 0xf, 0xee, 0x0,
    0xe4, 0x31, 0x0, 0xce, 0x60, 0x1f, 0x1a, 0x80,
    0x61, 0x30, 0x80, 0xe, 0xd5, 0x0, 0xe5, 0xc0,
    0xe, 0x90, 0x3, 0x18, 0x6, 0x1a, 0xea, 0x89,
    0xda, 0x0, 0xe2, 0x70, 0xb, 0x44, 0x3, 0x85,
    0x5d, 0x88, 0x3, 0xde, 0x1, 0x87, 0x8, 0x3,
    0xff, 0x82, 0x38, 0x40, 0x1c, 0x5b, 0x2, 0x1,
    0xfe, 0x5f, 0x30, 0xf, 0xcf, 0xd4, 0xa4, 0x1,
    0xa, 0x46, 0xd0, 0x80, 0x60,

    /* U+0036 "6" */
    0x0, 0xff, 0x85, 0xa7, 0x3b, 0xfc, 0xc0, 0x1f,
    0xfc, 0x24, 0xbe, 0x96, 0x31, 0x0, 0xff, 0xe1,
    0x95, 0xd9, 0x0, 0x3f, 0xf8, 0xeb, 0xa8, 0x1,
    0xff, 0xc8, 0x6a, 0x0, 0xfe, 0x23, 0x20, 0xf,
    0xe4, 0x90, 0xf, 0x1c, 0xef, 0xee, 0x20, 0x7,
    0xe1, 0xa0, 0xe, 0x2c, 0xc3, 0x10, 0x7, 0xff,
    0x2, 0xc4, 0x3, 0x2e, 0x98, 0x7, 0xff, 0x8,
    0x94, 0x3, 0x25, 0x0, 0x7f, 0xf1, 0x2c, 0x3,
    0xd, 0x0, 0x7f, 0xf1, 0x58, 0x3, 0x30, 0x80,
    0x7f, 0xf1, 0x10, 0x3, 0xa4, 0x0, 0xd7, 0xdf,
    0xed, 0x94, 0x0, 0xfb, 0x0, 0x31, 0xb, 0x74,
    0xa0, 0x80, 0x9, 0xae, 0xc4, 0x1, 0xc6, 0x1,
    0x9e, 0xa4, 0x40, 0x3f, 0x26, 0x18, 0x6, 0x50,
    0xc, 0xaa, 0x0, 0xff, 0x87, 0x44, 0x2, 0x10,
    0xf, 0xc4, 0xac, 0x80, 0x1e, 0x1b, 0x0, 0x8,
    0x7, 0xc5, 0x9b, 0x53, 0x7c, 0x80, 0x1c, 0xa6,
    0x6, 0x1, 0xe3, 0xd3, 0x0, 0xc3, 0x68, 0x1,
    0xd4, 0x1, 0xf0, 0xe8, 0x7, 0xea, 0x0, 0xe7,
    0x1, 0x0, 0xe6, 0x10, 0xf, 0xc2, 0xa0, 0x18,
    0x44, 0x1, 0xef, 0x0, 0xff, 0x60, 0x7, 0x10,
    0x80, 0x7f, 0xf1, 0x14, 0x3, 0x98, 0xc0, 0x3f,
    0xf8, 0x82, 0x1, 0xe1, 0x0, 0xee, 0x0, 0xff,
    0x8, 0x7, 0xc6, 0x1, 0x90, 0x3, 0xfc, 0xc0,
    0x1c, 0xc0, 0x80, 0x18, 0x88, 0x1, 0xfd, 0xe0,
    0x1c, 0x61, 0x60, 0x1d, 0x0, 0x1f, 0x85, 0x40,
    0x31, 0x80, 0xc, 0xc0, 0x19, 0x54, 0x1, 0xf5,
    0x80, 0x75, 0x0, 0x50, 0x1, 0xd4, 0xc0, 0x18,
    0x6d, 0x40, 0x30, 0xb0, 0x4, 0x8a, 0x1, 0xd3,
    0xd5, 0x37, 0xc8, 0x1, 0xd6, 0x1, 0xd4, 0x60,
    0x1c, 0x2a, 0xc8, 0x1, 0xe7, 0x50, 0xf, 0x6a,
    0x0, 0x7f, 0xf0, 0x5e, 0x0, 0x3e, 0x1b, 0x91,
    0x0, 0xfe, 0x2b, 0x80, 0xf, 0xf3, 0x74, 0xa9,
    0x0, 0x44, 0xd7, 0xa8, 0x1, 0xc0,

    /* U+0037 "7" */
    0xff, 0xff, 0xe5, 0xd0, 0x7, 0xff, 0xef, 0x55,
    0x13, 0xff, 0x88, 0x40, 0x1c, 0xd5, 0x77, 0xff,
    0xc4, 0x70, 0xc, 0xc2, 0x1, 0xff, 0xc4, 0x15,
    0x0, 0xd6, 0x1, 0xff, 0xc5, 0x80, 0xc, 0x84,
    0x1, 0xff, 0xc4, 0x16, 0x0, 0xde, 0x1, 0xff,
    0xc5, 0x60, 0xc, 0x48, 0x1, 0xff, 0xc5, 0x90,
    0xd, 0x60, 0x1f, 0xfc, 0x56, 0x10, 0x8, 0x58,
    0x3, 0xff, 0x8b, 0x0, 0x19, 0x80, 0x3f, 0xf8,
    0xaa, 0x20, 0x1a, 0x40, 0x3f, 0xf8, 0xb0, 0x1,
    0x98, 0x40, 0x3f, 0xf8, 0x88, 0x40, 0x1a, 0xc0,
    0x3f, 0xf8, 0xb0, 0x1, 0x90, 0x80, 0x3f, 0xf8,
    0x86, 0x60, 0xd, 0xe0, 0x1f, 0xfc, 0x59, 0x0,
    0xc4, 0x80, 0x1f, 0xfc, 0x42, 0x50, 0xd, 0x60,
    0x1f, 0xfc, 0x5b, 0x0, 0xc2, 0xc0, 0x1f, 0xfc,
    0x41, 0x60, 0xc, 0xc0, 0x1f, 0xfc, 0x59, 0x0,
    0xe9, 0x0, 0xff, 0xe2, 0xb, 0x80, 0x65, 0x10,
    0xf, 0xfe, 0x23, 0x0, 0x74, 0x80, 0x7f, 0xf1,
    0x64, 0x3, 0x19, 0x80, 0x3f, 0xf8, 0x8c, 0x20,
    0x1a, 0x40, 0x3f, 0xf8, 0xb6, 0x1, 0x89, 0x40,
    0x3f, 0xf8, 0x8a, 0x40, 0x1a, 0xc0, 0x3f, 0xf8,
    0xb0, 0x1, 0xcc, 0x1, 0xff, 0xc4, 0x42, 0x0,
    0xce, 0x1, 0xff, 0xc5, 0xf0, 0xe, 0x90, 0xf,
    0xfe, 0x21, 0xa0, 0x6, 0x51, 0x0, 0xff, 0xe2,
    0x48, 0x7, 0x48, 0x7, 0xff, 0x4,

    /* U+0038 "8" */
    0x0, 0xf1, 0x45, 0xf7, 0xfd, 0xb6, 0xc2, 0x1,
    0xfe, 0x2b, 0xd7, 0x41, 0x0, 0x89, 0x27, 0xa8,
    0x40, 0x3e, 0x5d, 0x40, 0xf, 0xf9, 0x7c, 0xc0,
    0x39, 0x28, 0x3, 0xff, 0x84, 0x38, 0x40, 0x1a,
    0x80, 0x3c, 0x4a, 0xc8, 0x20, 0x1e, 0xe0, 0x9,
    0x84, 0x3, 0xab, 0x6a, 0x6f, 0x9c, 0x3, 0x8d,
    0x0, 0x14, 0x1, 0xd6, 0xa0, 0x1d, 0x10, 0x0,
    0xed, 0x0, 0x10, 0x6, 0x24, 0x0, 0xf9, 0xc4,
    0x3, 0x28, 0x0, 0x40, 0x33, 0x80, 0x7f, 0x28,
    0x6, 0x10, 0xf, 0xfe, 0x69, 0x80, 0x67, 0x0,
    0xfe, 0x50, 0xc, 0xe0, 0xa, 0x0, 0xc4, 0xa0,
    0x1f, 0x38, 0x80, 0x6e, 0x0, 0x31, 0x0, 0x6a,
    0x60, 0xe, 0x78, 0x0, 0xc6, 0x80, 0x17, 0x0,
    0x74, 0xf5, 0x4d, 0x74, 0x0, 0x61, 0xd0, 0xc,
    0x78, 0x40, 0x18, 0x55, 0x94, 0x40, 0x31, 0xf8,
    0x80, 0x71, 0xea, 0x0, 0x7f, 0xcf, 0x82, 0x1,
    0xe1, 0xa4, 0x0, 0xff, 0x9e, 0x0, 0x3c, 0x38,
    0xa0, 0x1f, 0xfc, 0x17, 0xc0, 0xe, 0xc2, 0x0,
    0xc9, 0x7d, 0xfd, 0x44, 0x1, 0x8e, 0xc0, 0x29,
    0x20, 0xd, 0x16, 0x82, 0x2, 0xba, 0xc0, 0x19,
    0x18, 0x5, 0x80, 0x32, 0x38, 0x7, 0xd2, 0x40,
    0x1a, 0x1, 0xc0, 0x3a, 0x0, 0x3f, 0xa0, 0x3,
    0xa, 0x60, 0x7, 0x18, 0x7, 0xf2, 0x0, 0x71,
    0x88, 0x6, 0x20, 0xf, 0xf0, 0x80, 0x77, 0x0,
    0x71, 0x80, 0x7f, 0xf1, 0x44, 0x3, 0x8, 0x80,
    0x3f, 0x8c, 0x3, 0x84, 0x80, 0x39, 0xc0, 0x3f,
    0xa8, 0x3, 0xb6, 0xc0, 0x3a, 0x4, 0x3, 0xe3,
    0x60, 0xe, 0x43, 0x20, 0xc, 0x38, 0x60, 0x1c,
    0xba, 0x1, 0xca, 0x21, 0x20, 0x1c, 0x59, 0xb3,
    0x15, 0xb4, 0x20, 0x1d, 0x0, 0x4, 0x80, 0xf,
    0x13, 0x3a, 0x90, 0x7, 0xa8, 0x80, 0x27, 0x80,
    0xf, 0xfe, 0x1d, 0x28, 0x7, 0x3e, 0x20, 0x7,
    0xfc, 0xba, 0xa0, 0x1f, 0x1d, 0xec, 0x20, 0x80,
    0x44, 0x91, 0xd4, 0x40, 0x18,

    /* U+0039 "9" */
    0x0, 0xf8, 0xe3, 0x3b, 0xfd, 0xd6, 0xc0, 0x1f,
    0xfc, 0x13, 0xcc, 0x39, 0x88, 0x0, 0x52, 0x7d,
    0xc0, 0x3f, 0xcd, 0x86, 0x1, 0xfe, 0x8b, 0x10,
    0xf, 0x9a, 0x40, 0x3f, 0xf8, 0x29, 0xa0, 0x1e,
    0x39, 0x0, 0xf1, 0xaa, 0x84, 0x3, 0x8e, 0x40,
    0x3b, 0xc0, 0x38, 0xf7, 0x2a, 0x9d, 0x20, 0x1c,
    0xc4, 0x1, 0x21, 0x80, 0x62, 0xc2, 0x0, 0xcd,
    0x40, 0x1d, 0x0, 0x16, 0x80, 0x77, 0x0, 0x7c,
    0xaa, 0x0, 0xca, 0x20, 0x7, 0x0, 0xc6, 0x60,
    0xf, 0xd0, 0x1, 0xc8, 0x2, 0x20, 0xc, 0x80,
    0x1f, 0xc4, 0x40, 0xd, 0x80, 0x60, 0x1d, 0xc0,
    0x1f, 0xe7, 0x0, 0xca, 0x2, 0x1, 0xc6, 0x1,
    0xfe, 0x20, 0xc, 0x40, 0x20, 0x1c, 0x60, 0x1f,
    0xfc, 0x31, 0x2, 0x0, 0xef, 0x0, 0xff, 0xe3,
    0x8, 0x6, 0x70, 0xf, 0xf1, 0x0, 0x7c, 0x80,
    0x18, 0x58, 0x3, 0xf2, 0x28, 0x7, 0xdc, 0x1,
    0xd2, 0x60, 0x1e, 0x4b, 0x0, 0xfc, 0x86, 0x1,
    0xd9, 0x4, 0x0, 0x3a, 0xb0, 0xf, 0xf7, 0x80,
    0x79, 0xf7, 0xfd, 0x8a, 0x1, 0xf0, 0x80, 0x47,
    0x20, 0x1f, 0xfc, 0x11, 0x0, 0xc4, 0x1, 0x9a,
    0x40, 0x3f, 0xe8, 0x50, 0xc, 0xa0, 0x1c, 0xda,
    0xa0, 0x1f, 0x2e, 0xba, 0x80, 0x6f, 0x0, 0xf1,
    0x57, 0xdc, 0xc4, 0xdf, 0xd1, 0x10, 0x40, 0x32,
    0x80, 0x7f, 0x23, 0x3b, 0x20, 0x4, 0xa0, 0x1c,
    0x60, 0x1f, 0xfc, 0x59, 0x0, 0xcc, 0x1, 0xff,
    0xc5, 0x91, 0x0, 0xd4, 0x1, 0xff, 0xc4, 0x76,
    0x0, 0xc8, 0x60, 0x1f, 0xfc, 0x21, 0xa8, 0x0,
    0xe9, 0x0, 0xff, 0xe0, 0xa, 0x57, 0x28, 0x7,
    0x49, 0x0, 0x7e, 0x3d, 0xd7, 0xf5, 0xa8, 0x7,
    0x99, 0x80, 0x1f, 0xce, 0x44, 0x0, 0xfe, 0x79,
    0x0, 0xff, 0xe4, 0x15, 0xc0, 0x7, 0xff, 0x1c,
    0xa7, 0x50, 0x3, 0xff, 0x86, 0x26, 0xb3, 0xba,
    0x60, 0xf, 0xe0,

    /* U+003A ":" */
    0x0, 0x3d, 0xe5, 0x20, 0x5, 0x70, 0x86, 0xb6,
    0xe0, 0xc8, 0x1, 0xd0, 0x38, 0x1, 0xf3, 0x80,
    0x7f, 0x68, 0x7, 0xca, 0xc2, 0x1, 0xca, 0x63,
    0xea, 0x20, 0x31, 0x40, 0x1, 0xae, 0xfe, 0x70,
    0xf, 0xff, 0xf8, 0x7, 0xff, 0x41, 0xef, 0x29,
    0x0, 0x2b, 0x84, 0x35, 0xb7, 0x6, 0x40, 0xe,
    0x81, 0xc0, 0xf, 0x9c, 0x3, 0xfb, 0x40, 0x3e,
    0x56, 0x10, 0xe, 0x53, 0x1f, 0x51, 0x1, 0x8a,
    0x0,

    /* U+003B ";" */
    0x0, 0x8e, 0xb3, 0x10, 0x20, 0x12, 0xe2, 0x99,
    0x9f, 0x4, 0x1, 0x60, 0x1c, 0x52, 0x6, 0x20,
    0x1e, 0x50, 0xf, 0xf8, 0xc0, 0x3e, 0x70, 0x4,
    0x0, 0x7a, 0x0, 0xf, 0x24, 0x0, 0x4d, 0x20,
    0x9, 0xb7, 0xfd, 0x64, 0x1, 0xff, 0xff, 0x0,
    0xff, 0xf7, 0x17, 0xff, 0x28, 0x7, 0xff, 0x7c,
    0x40, 0x38, 0x40, 0x3f, 0x98, 0x2, 0x60, 0xe,
    0x20, 0xb, 0x0, 0x32, 0x80, 0x64, 0x0, 0xdc,
    0x1, 0x19, 0x0, 0x46, 0x80, 0x14, 0x80, 0x68,
    0x0, 0x85, 0x40, 0x26, 0x40, 0x8, 0x75, 0x41,
    0x24, 0x3, 0x8a, 0xb2, 0xc0, 0x38,

    /* U+003C "<" */
    0x0, 0xff, 0xe3, 0xa5, 0x10, 0x7, 0xff, 0x15,
    0xb6, 0xd4, 0x3, 0xff, 0x86, 0x31, 0xd2, 0x40,
    0x1f, 0xfc, 0x33, 0xae, 0x71, 0x0, 0xff, 0xe1,
    0xb6, 0xe2, 0x80, 0x7f, 0xf0, 0xc6, 0x3a, 0x48,
    0x3, 0xf0, 0x98, 0x7, 0x1d, 0x73, 0x88, 0x7,
    0xe5, 0xbe, 0x10, 0x9, 0xb3, 0xa, 0x1, 0xf9,
    0x2b, 0xe9, 0x0, 0x28, 0xe9, 0x30, 0xf, 0x8a,
    0x3a, 0xd4, 0x3, 0x8d, 0xc4, 0x3, 0xc2, 0xfb,
    0xa7, 0x10, 0xf, 0xfe, 0x12, 0xdf, 0x41, 0x0,
    0x7f, 0xf1, 0xb, 0x58, 0x3, 0xff, 0x8e, 0x51,
    0xb8, 0xc2, 0x1, 0xfe, 0x26, 0x0, 0xf8, 0xe7,
    0xad, 0x40, 0x3f, 0xc, 0xf4, 0x8, 0x7, 0xc9,
    0x5f, 0x26, 0x1, 0xf0, 0xbf, 0x51, 0x80, 0x7e,
    0x6c, 0xe8, 0x20, 0xf, 0x97, 0x30, 0xa0, 0x1f,
    0x85, 0xf7, 0x4, 0x3, 0xe3, 0xae, 0x81, 0x0,
    0xfc, 0x66, 0x0, 0xfe, 0x17, 0xea, 0x30, 0xf,
    0xfe, 0x42, 0xe6, 0x14, 0x3, 0xff, 0x90, 0x75,
    0xd0, 0x20, 0x1f, 0xfc, 0x71, 0x7e, 0xa3, 0x0,
    0xff, 0xe4, 0x2e, 0x10,

    /* U+003D "=" */
    0x1b, 0xbf, 0xfe, 0x4a, 0x9a, 0x27, 0xff, 0x27,
    0x40, 0x3f, 0xff, 0x25, 0xff, 0xff, 0xc9, 0x80,
    0xf, 0xff, 0xf8, 0x7, 0xff, 0x14, 0x6e, 0xff,
    0xf9, 0x2a, 0x68, 0x9f, 0xfc, 0x9d, 0x0, 0xff,
    0xfc, 0x80,

    /* U+003E ">" */
    0x1c, 0x50, 0xf, 0xfe, 0x41, 0xd7, 0x40, 0x80,
    0x7f, 0xf1, 0xc5, 0xfa, 0x90, 0x3, 0xff, 0x90,
    0xb7, 0xac, 0x1, 0xff, 0xc8, 0x29, 0xf9, 0x20,
    0xf, 0xe1, 0x30, 0xf, 0xe6, 0xdc, 0x50, 0xf,
    0xd9, 0xb0, 0x40, 0x1f, 0x8e, 0xb9, 0xc4, 0x3,
    0xc4, 0xfb, 0x8e, 0x20, 0x1f, 0xc, 0x75, 0x18,
    0x7, 0xc7, 0x1d, 0x8c, 0x20, 0x1f, 0x2e, 0x6b,
    0x0, 0x7e, 0x39, 0xeb, 0x50, 0xf, 0x8a, 0x0,
    0x3f, 0xe4, 0xaf, 0xa5, 0x0, 0xff, 0xed, 0xa5,
    0x7d, 0x28, 0x7, 0xff, 0x8, 0xe7, 0xad, 0x40,
    0x3e, 0x19, 0x0, 0xe2, 0x7d, 0xc6, 0x10, 0xf,
    0x92, 0xf9, 0xc0, 0x2, 0xd9, 0xb0, 0x40, 0x1f,
    0x9f, 0x6d, 0x0, 0x2b, 0xe9, 0x30, 0xf, 0xc5,
    0x3f, 0x4, 0x1, 0x85, 0x0, 0x3f, 0x97, 0x35,
    0x80, 0x3f, 0xf8, 0x63, 0x1d, 0x46, 0x1, 0xff,
    0xc3, 0x3a, 0xe7, 0x10, 0xf, 0xfe, 0x1b, 0x6e,
    0x28, 0x7, 0xff, 0xc, 0xa7, 0xe4, 0x80, 0x3f,
    0xf8, 0x83, 0xac, 0x1, 0xff, 0xc7,

    /* U+003F "?" */
    0x0, 0xe1, 0x6a, 0xdf, 0xfb, 0xb2, 0x54, 0x3,
    0xf8, 0x67, 0xa5, 0x48, 0x2, 0x13, 0x6a, 0xe6,
    0x0, 0xf1, 0xfb, 0x0, 0x7f, 0xc3, 0x36, 0x1,
    0x8b, 0x44, 0x3, 0xff, 0x84, 0x96, 0x1, 0x70,
    0x80, 0x78, 0x90, 0xc4, 0x3, 0xc8, 0xa0, 0x86,
    0x1, 0xcd, 0xdb, 0x79, 0xd6, 0x40, 0x1d, 0x21,
    0xa0, 0x1d, 0x12, 0x20, 0x19, 0x30, 0x40, 0x31,
    0x8a, 0x0, 0x61, 0x70, 0xf, 0x85, 0x80, 0x39,
    0x44, 0x79, 0x0, 0x3f, 0xb4, 0x3, 0x87, 0x3b,
    0xb5, 0x0, 0x7f, 0xf0, 0xc4, 0x3, 0xff, 0x87,
    0xa0, 0x1c, 0xc0, 0x1f, 0xfc, 0x36, 0x0, 0xc4,
    0x40, 0xf, 0xfe, 0x14, 0x88, 0x6, 0xb0, 0xf,
    0xfe, 0x13, 0x30, 0x3, 0x13, 0x0, 0x7f, 0xf0,
    0x56, 0x40, 0x3b, 0x80, 0x3f, 0xf8, 0x2b, 0x40,
    0x1d, 0x46, 0x1, 0xff, 0xc0, 0x7a, 0x0, 0xea,
    0x50, 0xf, 0xfe, 0x4, 0x40, 0x3, 0xad, 0x40,
    0x3f, 0xf8, 0x8, 0xe0, 0x18, 0x71, 0x0, 0x3f,
    0xf8, 0x3e, 0x1, 0xda, 0x60, 0x1f, 0xfc, 0x24,
    0x0, 0xce, 0x60, 0x1f, 0xfc, 0x21, 0x0, 0xeb,
    0x0, 0xff, 0xe1, 0x98, 0x7, 0x10, 0x7, 0xff,
    0x10, 0xcf, 0x84, 0x3, 0xff, 0x86, 0x59, 0x9c,
    0x1, 0xff, 0xf2, 0x45, 0x30, 0xf, 0xfe, 0x28,
    0xed, 0xd6, 0x58, 0x7, 0xff, 0x12, 0xc8, 0x2,
    0x47, 0x0, 0xff, 0xe1, 0xa0, 0x7, 0x60, 0x7,
    0xff, 0x24, 0x40, 0x3f, 0xf8, 0x6c, 0x1, 0xdc,
    0x1, 0xff, 0xc3, 0x87, 0x10, 0x2a, 0x40, 0xf,
    0xc0,

    /* U+0040 "@" */
    0x0, 0xff, 0x2c, 0xef, 0xfd, 0xb4, 0xc0, 0x1f,
    0xfc, 0x45, 0xea, 0x62, 0x0, 0x89, 0x67, 0x9c,
    0x3, 0xff, 0x80, 0x37, 0x42, 0x1, 0xfc, 0x31,
    0x82, 0x1, 0xfc, 0x58, 0x80, 0x11, 0xbc, 0xd4,
    0xb9, 0x80, 0x47, 0x82, 0x1, 0xf0, 0xf9, 0x0,
    0xf, 0x31, 0xc, 0xad, 0x19, 0x83, 0x0, 0x15,
    0x0, 0x7d, 0x44, 0x0, 0x6c, 0x30, 0xf, 0x8f,
    0x14, 0x0, 0x8a, 0x1, 0xce, 0x80, 0x6, 0x90,
    0xc, 0x28, 0x82, 0x0, 0xa8, 0xc0, 0x10, 0x1,
    0x86, 0x0, 0x7, 0x20, 0x12, 0x67, 0x5d, 0xb7,
    0x98, 0x1, 0xc0, 0x2, 0x30, 0xa, 0x40, 0x2e,
    0x0, 0x9e, 0xcc, 0x3, 0xc, 0xc0, 0x12, 0x0,
    0x28, 0x2, 0x70, 0x3, 0x10, 0x1, 0xa0, 0x3,
    0xf1, 0x0, 0x38, 0x0, 0x80, 0x5, 0x0, 0xac,
    0x0, 0x32, 0x1, 0x47, 0x7a, 0x0, 0x8, 0x0,
    0xe0, 0x2, 0x0, 0x70, 0x0, 0xc8, 0x1, 0x0,
    0x15, 0x38, 0x83, 0x80, 0x3c, 0x0, 0x40, 0x11,
    0x2, 0x0, 0x2c, 0x2, 0x60, 0x2, 0x28, 0x4,
    0x20, 0x1, 0x0, 0x88, 0x0, 0xc6, 0x1, 0x20,
    0x1, 0x40, 0x2f, 0x0, 0xc4, 0x0, 0x20, 0xf,
    0xa, 0x80, 0x46, 0x0, 0xc0, 0x9, 0x0, 0x3e,
    0x70, 0xf, 0xf, 0x0, 0x4, 0x2, 0x40, 0x2,
    0x0, 0x61, 0x0, 0x84, 0x3, 0xe2, 0x0, 0x10,
    0x4, 0x40, 0x2, 0x0, 0xc4, 0x1, 0x10, 0x4,
    0x60, 0x6, 0x10, 0x3, 0x80, 0x4, 0x2, 0xe0,
    0xc, 0xe0, 0x1f, 0x8, 0x0, 0x9c, 0x3, 0x8c,
    0x3, 0xf1, 0x0, 0x8, 0x2, 0x10, 0x0, 0x80,
    0x7f, 0xf1, 0x4, 0x0, 0x20, 0x12, 0x0, 0x10,
    0x1c, 0x0, 0xe0, 0x3, 0x0, 0xb4, 0x3, 0x70,
    0x1, 0xc0, 0x2c, 0x0, 0x60, 0x8, 0x0, 0x40,
    0x2, 0x1, 0x20, 0x4, 0x4c, 0x1, 0xc2, 0xc0,
    0x7, 0x2, 0x0, 0x10, 0x4, 0x80, 0x1, 0xc6,
    0x8d, 0x0, 0x94, 0x87, 0x40, 0xc, 0x21, 0xa0,
    0x11, 0x80, 0x3c, 0x2, 0x39, 0x70, 0x10, 0x0,
    0xef, 0x18, 0xc, 0x0, 0x1c, 0x2, 0x40, 0x2,
    0x20, 0x3, 0x87, 0x54, 0x3, 0xda, 0x20, 0x2,
    0x20, 0x2, 0x80, 0x2b, 0x70, 0x9, 0x70, 0xe9,
    0x80, 0x24, 0xd3, 0x0, 0xca, 0x0, 0x26, 0x0,
    0xa3, 0xfb, 0xe8, 0x80, 0x13, 0xfd, 0xf6, 0x40,
    0x1d, 0x20, 0x14, 0x10, 0x6, 0x10, 0xf, 0x84,
    0x3, 0xf0, 0xb8, 0x0, 0x7c, 0x80, 0x3f, 0xf9,
    0x30, 0x40, 0x2, 0xd7, 0x0, 0xfc, 0x92, 0x1,
    0xff, 0x78, 0x80, 0x51, 0xf7, 0xc, 0xc7, 0xae,
    0xb6, 0x10, 0xf, 0xf1, 0x79, 0x80, 0x64, 0x79,
    0x94, 0x28, 0x80, 0x14, 0x3, 0xfe, 0x1c, 0x81,
    0x0, 0xff, 0x1b, 0x0, 0x7f, 0xf0, 0x5f, 0xa9,
    0x8c, 0x40, 0x2, 0x6f, 0x98, 0x20, 0xf, 0x80,

    /* U+0041 "A" */
    0x0, 0xff, 0xbb, 0xff, 0x38, 0x7, 0xff, 0x24,
    0xc4, 0x3, 0x58, 0x7, 0xff, 0x26, 0xc0, 0x38,
    0xc4, 0x3, 0xff, 0x90, 0xa0, 0x1e, 0x70, 0xf,
    0xfe, 0x39, 0x90, 0x7, 0xb4, 0x3, 0xff, 0x8f,
    0x60, 0x1f, 0x20, 0x80, 0x7f, 0xf1, 0x94, 0x3,
    0xf2, 0x0, 0x7f, 0xf1, 0x48, 0x80, 0x1f, 0xb8,
    0x3, 0xff, 0x8a, 0xa0, 0x19, 0x80, 0x32, 0x0,
    0x7f, 0xf1, 0x68, 0x3, 0x6a, 0x0, 0x65, 0x0,
    0xff, 0xe1, 0x91, 0x0, 0x32, 0x60, 0x6, 0xf0,
    0xf, 0xfe, 0x1a, 0x80, 0x65, 0x5, 0x0, 0xca,
    0x1, 0xff, 0xc3, 0xb0, 0xd, 0xe0, 0x44, 0x0,
    0xc8, 0x1, 0xff, 0xc1, 0x23, 0x0, 0xc8, 0x0,
    0x40, 0xd, 0xa0, 0x1f, 0xfc, 0x15, 0x0, 0xc6,
    0x20, 0xd, 0x0, 0xce, 0x1, 0xff, 0xc1, 0xb0,
    0xd, 0x60, 0x12, 0x0, 0x61, 0x40, 0xf, 0xf8,
    0x4c, 0x3, 0x28, 0x6, 0x50, 0xd, 0xa0, 0x1f,
    0xf3, 0x80, 0x62, 0x20, 0x6, 0xc0, 0xc, 0xe0,
    0x1f, 0xf5, 0x0, 0x64, 0x0, 0xe7, 0x0, 0xc2,
    0x60, 0x1f, 0xc2, 0x60, 0x1b, 0x40, 0x38, 0x4c,
    0x3, 0x58, 0x7, 0xf3, 0x80, 0x72, 0x0, 0x79,
    0x0, 0x32, 0x80, 0x7f, 0x68, 0x7, 0x6e, 0xfc,
    0xc0, 0x18, 0x88, 0x1, 0xf0, 0xa0, 0x7, 0x11,
    0x7c, 0x20, 0x1d, 0x40, 0x1f, 0x38, 0x7, 0xff,
    0x1d, 0x40, 0x3e, 0xd0, 0xf, 0xfe, 0x39, 0x10,
    0x3, 0x85, 0x0, 0x3f, 0xf9, 0xa, 0x1, 0xce,
    0x1, 0xd9, 0xff, 0xfe, 0x30, 0xd, 0x60, 0x1d,
    0xa0, 0x18, 0x4c, 0x3, 0xfc, 0x80, 0x18, 0xc4,
    0x3, 0x20, 0x6, 0x40, 0xf, 0xfa, 0xc0, 0x39,
    0xc0, 0x25, 0x0, 0xef, 0x0, 0xff, 0x8c, 0x40,
    0x35, 0x0, 0x5e, 0x1, 0xc8, 0x1, 0xff, 0xc0,
    0x40, 0xc, 0x62, 0x0, 0x50, 0xc, 0x62, 0x1,
    0xff, 0xc0, 0xf0, 0xe, 0x70, 0x50, 0xe, 0xb0,
    0xf, 0xfe, 0xa, 0x0, 0x76, 0x87, 0x80, 0x72,
    0x80, 0x7f, 0xf0, 0x44, 0xc0, 0x32, 0x8,

    /* U+0042 "B" */
    0x8f, 0xff, 0xfe, 0x7, 0x64, 0xa8, 0x7, 0xff,
    0x24, 0x4d, 0xab, 0xe4, 0x40, 0x3f, 0xf9, 0x6d,
    0xe8, 0x1, 0xff, 0xcb, 0x1b, 0x40, 0xf, 0xe3,
    0x44, 0xe3, 0x10, 0xf, 0xa8, 0x40, 0x3f, 0x75,
    0xdf, 0x67, 0x6a, 0x80, 0x70, 0xc8, 0x7, 0xff,
    0x10, 0xaa, 0x0, 0x39, 0x80, 0x3f, 0xf8, 0xce,
    0x60, 0x18, 0x44, 0x1, 0xff, 0xc6, 0x40, 0xe,
    0x30, 0xf, 0xfe, 0x37, 0x80, 0x7f, 0xf3, 0x38,
    0x3, 0x88, 0x3, 0xff, 0x8a, 0x2e, 0x1, 0x90,
    0x3, 0xff, 0x8a, 0x3a, 0x20, 0x1b, 0xc0, 0x3f,
    0xf8, 0x67, 0x1e, 0x60, 0x19, 0x90, 0x3, 0xf6,
    0xff, 0xfb, 0x1c, 0x40, 0x33, 0x48, 0x7, 0xff,
    0x24, 0xee, 0x40, 0x3f, 0xf9, 0x45, 0x82, 0x1,
    0xff, 0xca, 0x17, 0xf3, 0x0, 0xfe, 0x9a, 0xaf,
    0x4b, 0x8, 0x6, 0x1c, 0x30, 0xf, 0xc8, 0xab,
    0xe6, 0x9e, 0x70, 0xe, 0xe0, 0xf, 0xfe, 0x34,
    0x30, 0x6, 0x25, 0x0, 0xff, 0xe3, 0x40, 0x7,
    0x70, 0x7, 0xff, 0x18, 0x4c, 0x3, 0x28, 0x7,
    0xff, 0x1d, 0x80, 0x30, 0x80, 0x7f, 0xf8, 0x1c,
    0x3, 0x8, 0x7, 0xff, 0x19, 0x8, 0x3, 0x10,
    0x7, 0xff, 0x14, 0x64, 0x3, 0xac, 0x3, 0xff,
    0x88, 0xde, 0x40, 0x1c, 0xc0, 0x1f, 0x4d, 0x57,
    0xb3, 0xe4, 0x40, 0x3a, 0x44, 0x3, 0xe4, 0x55,
    0xf1, 0x80, 0x7c, 0xac, 0x1, 0xff, 0xca, 0x7a,
    0x0, 0xff, 0xe4, 0x9e, 0x40, 0x7, 0xff, 0x18,
    0x92, 0x37, 0xc, 0x3, 0x80,

    /* U+0043 "C" */
    0x0, 0xfc, 0xb5, 0xbf, 0xf7, 0x5b, 0x90, 0x7,
    0xff, 0x5, 0xba, 0x94, 0x80, 0x21, 0x48, 0xdb,
    0x20, 0xf, 0xe1, 0xb9, 0x10, 0xf, 0xf2, 0x6b,
    0x0, 0x7c, 0x3a, 0x80, 0x1f, 0xfc, 0x29, 0x70,
    0xf, 0x51, 0x80, 0x79, 0x15, 0x8, 0x3, 0xd0,
    0x80, 0x19, 0x90, 0x3, 0xa3, 0xee, 0xaf, 0x70,
    0xc0, 0x3a, 0x40, 0x34, 0x0, 0x75, 0xb8, 0x7,
    0x1e, 0x20, 0x6, 0x26, 0x0, 0x30, 0x80, 0x68,
    0x40, 0xf, 0xd4, 0x1, 0xd4, 0x0, 0xb0, 0xc,
    0x2e, 0x1, 0xfc, 0x2a, 0x1, 0x8c, 0x48, 0x80,
    0x19, 0xc0, 0x3f, 0xef, 0x0, 0xe5, 0x40, 0xe,
    0xd0, 0xf, 0xf9, 0xc0, 0x38, 0xfc, 0x3, 0x94,
    0x3, 0xfe, 0x2e, 0xee, 0x72, 0x0, 0xe1, 0x0,
    0xff, 0xe0, 0x8, 0xf0, 0x38, 0x6, 0x10, 0xf,
    0xfe, 0x38, 0x80, 0x63, 0x0, 0xff, 0xff, 0x80,
    0x7f, 0xff, 0xc0, 0x3f, 0xf8, 0xe2, 0x1, 0x8c,
    0x3, 0xff, 0x8e, 0xc0, 0x18, 0x40, 0x3f, 0xf8,
    0xe4, 0x1, 0xc6, 0x1, 0xff, 0xc0, 0x55, 0xe2,
    0xc0, 0xe, 0x50, 0xf, 0xf8, 0xea, 0xb9, 0x10,
    0x1, 0xda, 0x1, 0xff, 0x20, 0x7, 0x28, 0x20,
    0x6, 0x42, 0x0, 0xff, 0x58, 0x7, 0x18, 0x78,
    0x7, 0x48, 0x7, 0xf2, 0x98, 0x6, 0x60, 0x2,
    0x18, 0x6, 0x49, 0x0, 0xf9, 0x68, 0x3, 0xac,
    0x2, 0xe0, 0xe, 0x6d, 0x63, 0x22, 0x2d, 0xd0,
    0x7, 0x31, 0x0, 0x45, 0x20, 0x1c, 0x53, 0x9b,
    0xaa, 0x40, 0xe, 0x39, 0x0, 0xe6, 0x80, 0xf,
    0xfe, 0x19, 0xe8, 0x7, 0xcf, 0x42, 0x1, 0xff,
    0xc0, 0x6c, 0x10, 0xf, 0xcb, 0xd0, 0x20, 0x1f,
    0x9b, 0x64, 0x3, 0xff, 0x80, 0xfd, 0xb5, 0x11,
    0x56, 0x7c, 0x90, 0x7, 0x80,

    /* U+0044 "D" */
    0xcf, 0xff, 0xee, 0xc9, 0x40, 0xf, 0xfe, 0x40,
    0x9b, 0x5f, 0x40, 0x80, 0x7f, 0xf2, 0x45, 0xfd,
    0x80, 0x3f, 0xf9, 0x43, 0x34, 0x1, 0xff, 0x2a,
    0xc8, 0x60, 0x1f, 0x2d, 0x80, 0x7f, 0xaa, 0xab,
    0xce, 0x92, 0x0, 0xe4, 0x90, 0xf, 0xfe, 0x10,
    0xb6, 0xb0, 0x7, 0x32, 0x0, 0x7f, 0xf1, 0x25,
    0x80, 0x3a, 0x0, 0x3f, 0xf8, 0xb2, 0x40, 0x18,
    0xd0, 0x3, 0xff, 0x8b, 0x20, 0x1d, 0xc0, 0x1f,
    0xfc, 0x54, 0x20, 0xc, 0xa0, 0x1f, 0xfc, 0x65,
    0x0, 0xe3, 0x0, 0xff, 0xe2, 0xe8, 0x7, 0x28,
    0x7, 0xff, 0x15, 0x80, 0x3b, 0x80, 0x3f, 0xf8,
    0xa4, 0x1, 0xc4, 0x1, 0xff, 0xc5, 0x10, 0xf,
    0xff, 0xf8, 0x7, 0xff, 0x20, 0x40, 0x3f, 0xf9,
    0x64, 0x1, 0xc4, 0x1, 0xff, 0xc5, 0x60, 0xe,
    0xe0, 0xf, 0xfe, 0x2e, 0x80, 0x72, 0x80, 0x7f,
    0xf1, 0x54, 0x3, 0x8c, 0x3, 0xff, 0x88, 0x64,
    0x1, 0x94, 0x3, 0xff, 0x8b, 0xe0, 0x1d, 0xc0,
    0x1f, 0xfc, 0x48, 0x30, 0xc, 0x68, 0x1, 0xff,
    0xc3, 0x77, 0x0, 0x77, 0x80, 0x7f, 0xf0, 0x93,
    0x20, 0x3, 0x98, 0xc0, 0x3f, 0x4c, 0xeb, 0xeb,
    0x30, 0xe, 0x49, 0x0, 0xfe, 0x66, 0xc8, 0x20,
    0x1e, 0x4b, 0x0, 0xff, 0xe4, 0xc5, 0x80, 0x7f,
    0xf2, 0x17, 0x5c, 0x3, 0xff, 0x88, 0x26, 0xd5,
    0xd4, 0x40, 0x1f, 0x0,

    /* U+0045 "E" */
    0x3f, 0xff, 0xfe, 0x4e, 0x80, 0x7f, 0xff, 0xc9,
    0x13, 0xff, 0x88, 0x1, 0xea, 0xbb, 0xff, 0xe1,
    0xc8, 0x7, 0xff, 0xfc, 0x3, 0xff, 0xfe, 0x1,
    0xff, 0xdc, 0x8f, 0xff, 0xfe, 0xc, 0x80, 0x7f,
    0xff, 0xc0, 0x6, 0xcd, 0xff, 0xc1, 0xc0, 0xf,
    0xd7, 0x33, 0xff, 0xc1, 0x50, 0xf, 0xff, 0xf8,
    0x7, 0xff, 0xfc, 0x3, 0xff, 0xeb, 0x55, 0xff,
    0xc4, 0x90, 0xf, 0x12, 0xaf, 0xff, 0xd, 0xc0,
    0x3f, 0xff, 0x20,

    /* U+0046 "F" */
    0x1f, 0xff, 0xfe, 0x50, 0x80, 0x7f, 0xff, 0xc0,
    0x21, 0x44, 0xff, 0xe2, 0x0, 0x7c, 0xf7, 0x7f,
    0xfc, 0x41, 0x0, 0xff, 0xff, 0x80, 0x7f, 0xff,
    0xc0, 0x3f, 0xff, 0x8d, 0xff, 0xff, 0xc2, 0x0,
    0xff, 0xff, 0x80, 0x78, 0x95, 0x7f, 0xf8, 0x40,
    0x1f, 0xc9, 0x55, 0xff, 0xc2, 0x0, 0xff, 0xff,
    0x80, 0x7f, 0xff, 0xc0, 0x3f, 0xff, 0xe0, 0x1f,
    0xff, 0xf0, 0xf, 0xfe, 0x18,

    /* U+0047 "G" */
    0x0, 0xfc, 0xb5, 0xbf, 0xf7, 0x64, 0x18, 0x7,
    0xff, 0x5, 0xba, 0x94, 0x80, 0x21, 0x37, 0xcd,
    0x50, 0xf, 0xf5, 0xc8, 0x80, 0x7f, 0x8a, 0xa8,
    0x1, 0xfb, 0x10, 0x3, 0xff, 0x84, 0xb6, 0x1,
    0xea, 0x30, 0xf, 0x1a, 0x20, 0x80, 0x3c, 0x8e,
    0x1, 0x95, 0x40, 0x1c, 0xbd, 0x97, 0x6d, 0xd2,
    0x0, 0x74, 0x8, 0x5, 0x60, 0x1d, 0x14, 0x20,
    0x18, 0xad, 0x80, 0x3a, 0x40, 0xc, 0x20, 0x19,
    0x1c, 0x3, 0xf4, 0x88, 0x6, 0x50, 0x5, 0x0,
    0x74, 0x80, 0x7f, 0x98, 0x3, 0x10, 0x88, 0xc0,
    0x32, 0x10, 0x7, 0xfb, 0x0, 0x39, 0x50, 0x3,
    0xb4, 0x3, 0xfe, 0x4f, 0xfe, 0x4d, 0x0, 0xe4,
    0x0, 0xff, 0xe3, 0x18, 0x7, 0x10, 0x7, 0xff,
    0x19, 0xc0, 0x30, 0x80, 0x7f, 0xf1, 0xc4, 0x3,
    0xff, 0xa2, 0x60, 0x1f, 0xfd, 0x36, 0xff, 0xff,
    0x94, 0x3, 0xff, 0xd6, 0x60, 0x1f, 0xfc, 0x71,
    0x0, 0xff, 0x92, 0x67, 0x9c, 0x3, 0xce, 0x1,
    0x84, 0x3, 0xc4, 0xcd, 0xd6, 0x1, 0xe3, 0x0,
    0xe2, 0x0, 0xff, 0xe3, 0x68, 0x7, 0x20, 0x7,
    0xff, 0x19, 0x0, 0x3b, 0x40, 0x3f, 0xf8, 0xc2,
    0x60, 0x19, 0x8, 0x3, 0xff, 0x8d, 0x40, 0x1d,
    0x20, 0x1f, 0xfc, 0x66, 0x10, 0xc, 0x90, 0x1,
    0xfc, 0xa0, 0x1f, 0xac, 0x3, 0x9e, 0x88, 0x3,
    0x8a, 0x64, 0x1, 0xc6, 0x0, 0x55, 0x0, 0x72,
    0xee, 0xaa, 0x97, 0xda, 0xc0, 0x1e, 0x50, 0xa,
    0x90, 0x3, 0xc4, 0xaa, 0x41, 0x0, 0xf0, 0xd9,
    0x80, 0x6b, 0x50, 0xf, 0xfe, 0x1a, 0x62, 0x0,
    0x7a, 0xac, 0x80, 0x3f, 0xe4, 0xbb, 0x10, 0x7,
    0xe4, 0xdb, 0x63, 0x10, 0x0, 0x92, 0xcf, 0x5a,
    0x0, 0x60,

    /* U+0048 "H" */
    0xef, 0xfd, 0x20, 0x1f, 0xf7, 0xff, 0x40, 0x7,
    0xff, 0xfc, 0x3, 0xff, 0xfe, 0x1, 0xff, 0xff,
    0x0, 0xff, 0xff, 0x80, 0x66, 0xff, 0xff, 0x80,
    0x3f, 0xff, 0xe0, 0x1c, 0x4a, 0xbf, 0xf0, 0x7,
    0xfc, 0x95, 0x5f, 0xf0, 0x7, 0xff, 0xfc, 0x3,
    0xff, 0xfe, 0x1, 0xff, 0xff, 0x0, 0xff, 0xff,
    0x80, 0x7f, 0xf4, 0x0,

    /* U+0049 "I" */
    0xaf, 0xff, 0xfe, 0x3b, 0x80, 0x7f, 0xfc, 0xf5,
    0x13, 0xc4, 0x1, 0xc6, 0x89, 0xe2, 0x7b, 0xbf,
    0x28, 0x7, 0x75, 0xdf, 0x94, 0x3, 0xff, 0xfe,
    0x1, 0xff, 0xff, 0x0, 0xff, 0xff, 0x80, 0x7f,
    0xff, 0xc0, 0x3f, 0xff, 0xe0, 0x1f, 0xff, 0xf0,
    0xf, 0xfe, 0xab, 0xd5, 0x79, 0x40, 0x3a, 0x6a,
    0xbc, 0x9a, 0xab, 0xe2, 0x0, 0xe4, 0x55, 0xf1,
    0x80, 0x7f, 0xfc, 0xc0,

    /* U+004A "J" */
    0x0, 0xff, 0xe2, 0xbf, 0xff, 0x20, 0x7, 0xff,
    0xfc, 0x3, 0xff, 0xfe, 0x1, 0xff, 0xff, 0x0,
    0xff, 0xff, 0x80, 0x7f, 0xff, 0xc0, 0x3f, 0xff,
    0xe0, 0x1f, 0xff, 0xf0, 0x8, 0x95, 0x78, 0x3,
    0xff, 0x8a, 0xeb, 0x55, 0xc6, 0x1, 0xfe, 0xe0,
    0xe, 0x12, 0x0, 0xe5, 0x0, 0xff, 0x20, 0x7,
    0x12, 0x0, 0x75, 0x0, 0x7f, 0x21, 0x0, 0x64,
    0x1, 0x30, 0xc, 0x6c, 0x1, 0xf0, 0xd0, 0x7,
    0x68, 0x2, 0x40, 0x3a, 0x5c, 0x3, 0x93, 0xc4,
    0x3, 0x13, 0x0, 0x14, 0xc0, 0x3a, 0x3f, 0x2a,
    0xfa, 0xc4, 0x3, 0xa4, 0x3, 0x70, 0x80, 0x78,
    0xd5, 0x4, 0x3, 0xd2, 0x80, 0x18, 0xb0, 0x80,
    0x3f, 0xf8, 0x54, 0xc0, 0x1e, 0x2d, 0x70, 0xf,
    0xf9, 0x75, 0x40, 0x3f, 0xa3, 0xe9, 0x48, 0x2,
    0x14, 0x8d, 0xa2, 0x0, 0xe0,

    /* U+004B "K" */
    0x8f, 0xfe, 0x20, 0xf, 0xf0, 0xf7, 0xff, 0x60,
    0x7, 0xff, 0x1b, 0x44, 0x3, 0xe, 0x80, 0x7f,
    0xf1, 0x64, 0xc0, 0x3a, 0x84, 0x3, 0xff, 0x88,
    0xac, 0x1, 0xd0, 0x80, 0x1f, 0xfc, 0x42, 0xa0,
    0xe, 0x47, 0x0, 0xff, 0xe2, 0xf0, 0x7, 0x15,
    0x0, 0x7f, 0xf1, 0x64, 0xc0, 0x3b, 0xc4, 0x3,
    0xff, 0x88, 0xac, 0x1, 0xd4, 0x40, 0x1f, 0xfc,
    0x42, 0xa0, 0xe, 0x65, 0x0, 0xff, 0xe2, 0xf8,
    0x7, 0x1c, 0x80, 0x7f, 0xf1, 0x68, 0x80, 0x30,
    0xe8, 0x7, 0xff, 0x15, 0x94, 0x3, 0xa8, 0x40,
    0x3f, 0xf8, 0x87, 0x20, 0x1d, 0x8, 0x1, 0xff,
    0xc4, 0x1e, 0x0, 0xe4, 0x70, 0xf, 0xfe, 0x2d,
    0x10, 0x6, 0x2b, 0x0, 0xff, 0xe2, 0xda, 0x0,
    0x7f, 0xf3, 0x18, 0x3, 0xc5, 0x0, 0x1f, 0xfc,
    0xd7, 0x30, 0xf, 0xfe, 0x6f, 0x80, 0x7f, 0xf1,
    0xd8, 0x40, 0x31, 0xb8, 0x7, 0xff, 0x15, 0x66,
    0x0, 0x3a, 0x8, 0x3, 0xff, 0x86, 0x74, 0xc,
    0x80, 0x1d, 0xc0, 0x1f, 0xfc, 0x22, 0xd0, 0xa,
    0x40, 0x38, 0xd8, 0x3, 0xff, 0x83, 0xc2, 0x1,
    0x13, 0x80, 0x74, 0x88, 0x7, 0xff, 0x0, 0x40,
    0x3a, 0x8, 0x3, 0xa8, 0x3, 0xff, 0x8f, 0x20,
    0x1c, 0x8a, 0x1, 0xff, 0xc6, 0x45, 0x0, 0xeb,
    0x10, 0xf, 0xfe, 0x35, 0x88, 0x6, 0x18, 0x0,
    0xff, 0xe3, 0xc, 0x0, 0x73, 0x20, 0x7, 0xff,
    0x19, 0x90, 0x3, 0xa4, 0x3, 0xff, 0x8f, 0x20,
    0x1c, 0x50, 0x1, 0xff, 0xc6, 0x27, 0x0, 0xe7,
    0x30, 0xf, 0xfe, 0x34, 0x10, 0x7, 0x70, 0x7,
    0xff, 0x1e, 0x40, 0x38, 0x9c,

    /* U+004C "L" */
    0xf, 0xfe, 0xa0, 0xf, 0xff, 0xf8, 0x7, 0xff,
    0xfc, 0x3, 0xff, 0xfe, 0x1, 0xff, 0xff, 0x0,
    0xff, 0xff, 0x80, 0x7f, 0xff, 0xc0, 0x3f, 0xff,
    0xe0, 0x1f, 0xff, 0xf0, 0xf, 0xff, 0xb2, 0x55,
    0x7f, 0xf0, 0xe4, 0x3, 0xc2, 0xab, 0xff, 0xc3,
    0x70, 0xf, 0xff, 0xc8,

    /* U+004D "M" */
    0xdf, 0xff, 0x28, 0x7, 0xc3, 0xff, 0xf0, 0x80,
    0x7d, 0x80, 0x1f, 0x38, 0x7, 0xff, 0xd, 0xc0,
    0x3e, 0xd0, 0xf, 0xfe, 0x18, 0x98, 0x7, 0xa,
    0x0, 0x7f, 0xf1, 0x10, 0x3, 0x9c, 0x3, 0xff,
    0x8b, 0x60, 0x1d, 0xa0, 0x1f, 0xfc, 0x53, 0x10,
    0xc, 0x80, 0x1f, 0xfc, 0x64, 0x0, 0x94, 0x3,
    0xff, 0x86, 0x40, 0x17, 0x80, 0x5e, 0x1, 0x20,
    0x80, 0x7f, 0x94, 0x2, 0x40, 0x9, 0x40, 0x2d,
    0x10, 0xf, 0xf6, 0x0, 0x42, 0x60, 0x80, 0x19,
    0xc0, 0x3f, 0xe7, 0x40, 0xa, 0xc3, 0x80, 0x24,
    0x10, 0xf, 0xf9, 0xf4, 0x2, 0x40, 0x40, 0xb,
    0x40, 0x3f, 0xf8, 0x2e, 0x1, 0x1a, 0x88, 0x4,
    0xe0, 0x1f, 0xfc, 0x11, 0x20, 0xa, 0xc0, 0x23,
    0x11, 0x0, 0x7f, 0xc2, 0xa, 0x1, 0x8, 0x5,
    0x40, 0x1f, 0xfc, 0x3b, 0x0, 0xf9, 0xc0, 0x3f,
    0xf8, 0x66, 0x20, 0x1c, 0x62, 0x6, 0x1, 0xff,
    0x18, 0x1, 0xc0, 0x3a, 0xc0, 0x3f, 0xf8, 0xba,
    0x1, 0xca, 0x1, 0xff, 0xc5, 0x40, 0xc, 0x44,
    0x0, 0x8, 0x7, 0xfc, 0x20, 0x12, 0x0, 0x54,
    0x1, 0xff, 0xc7, 0xd0, 0x9, 0x40, 0x3f, 0xf8,
    0xee, 0xf4, 0x10, 0x7, 0xff, 0x1c, 0x62, 0xe,
    0x1, 0xff, 0xff, 0x0, 0xff, 0xff, 0x80, 0x7f,
    0xff, 0xc0, 0x0,

    /* U+004E "N" */
    0xef, 0xfe, 0x10, 0xf, 0xe2, 0xff, 0xe8, 0x0,
    0xf4, 0x80, 0x7f, 0xf2, 0x98, 0x3, 0xff, 0x94,
    0x2e, 0x1, 0xff, 0xca, 0x90, 0xf, 0xfe, 0x50,
    0xb0, 0x7, 0xff, 0x2a, 0xc0, 0x3f, 0xf9, 0x44,
    0xa0, 0x1f, 0xfc, 0xa8, 0x0, 0xff, 0xe5, 0x12,
    0x0, 0x7f, 0xf2, 0xa0, 0x3, 0xff, 0x8a, 0x66,
    0x0, 0x8c, 0xc0, 0x1f, 0xfc, 0x59, 0x0, 0xd0,
    0x1, 0xff, 0xc5, 0x52, 0x0, 0x90, 0x80, 0x3f,
    0xf8, 0xb0, 0x1, 0xa0, 0x3, 0xff, 0x8a, 0xa4,
    0x1, 0x29, 0x0, 0x7f, 0xf1, 0x6c, 0x3, 0x58,
    0x7, 0xff, 0x15, 0x84, 0x2, 0x61, 0x0, 0xff,
    0xe2, 0xc8, 0x6, 0x90, 0xf, 0xfe, 0x2b, 0x80,
    0x67, 0x10, 0xf, 0xfe, 0x2b, 0x80, 0x66, 0x10,
    0xf, 0xfe, 0x24, 0x80, 0x69, 0x0, 0xff, 0xe2,
    0x8b, 0x0, 0x43, 0x40, 0x1f, 0xfc, 0x58, 0x0,
    0xcc, 0x1, 0xff, 0xc5, 0x15, 0x0, 0xff, 0xe5,
    0x40, 0x7, 0xff, 0x28, 0x94, 0x3, 0xff, 0x95,
    0x20, 0x1f, 0xfc, 0xa3, 0x40, 0xf, 0xfe, 0x57,
    0x80, 0x7f, 0xf2, 0x90, 0xc0, 0x3f, 0xf9, 0x52,
    0x1, 0xff, 0xca, 0x52, 0x0, 0xff, 0xe5, 0x40,
    0x7, 0x80,

    /* U+004F "O" */
    0x0, 0xf8, 0x5e, 0xfb, 0xfe, 0xc9, 0x40, 0xf,
    0xfe, 0x14, 0x74, 0x20, 0x80, 0x46, 0xd7, 0xa8,
    0x1, 0xfe, 0x2d, 0x70, 0xf, 0xf1, 0x5c, 0x80,
    0x7e, 0x2c, 0x20, 0xf, 0xfe, 0xb, 0x50, 0x7,
    0xde, 0x20, 0x1e, 0x22, 0x8, 0x7, 0x96, 0x0,
    0x3a, 0x8, 0x3, 0x9f, 0xb7, 0x5d, 0x86, 0x1,
    0xce, 0x60, 0x10, 0xb8, 0x7, 0x5c, 0x8, 0x4,
    0x78, 0xc0, 0x1d, 0xe0, 0x13, 0x0, 0x74, 0x20,
    0x7, 0xd2, 0x60, 0x18, 0xcc, 0x0, 0xa0, 0xc,
    0x2e, 0x1, 0xfd, 0x0, 0x1d, 0x40, 0x44, 0x0,
    0xcc, 0x1, 0xfe, 0x42, 0x0, 0xce, 0x8, 0x1,
    0xd8, 0x1, 0xff, 0x28, 0x6, 0x12, 0xf0, 0xe,
    0x50, 0xf, 0xfb, 0x40, 0x39, 0xc8, 0x3, 0x84,
    0x3, 0xfe, 0x60, 0xe, 0x26, 0x0, 0xc4, 0x1,
    0xff, 0xc0, 0x20, 0xe, 0xe0, 0xf, 0xfe, 0x30,
    0x80, 0x7f, 0xf4, 0x8c, 0x3, 0xff, 0xfe, 0x1,
    0xff, 0xcc, 0x30, 0xf, 0xfe, 0x30, 0x80, 0x79,
    0x80, 0x31, 0x0, 0x7f, 0xf0, 0x8, 0x3, 0xb8,
    0x80, 0x38, 0x40, 0x3f, 0xe6, 0x0, 0xe2, 0xf0,
    0xe, 0x50, 0xf, 0xfb, 0x40, 0x39, 0xd0, 0x3,
    0xb0, 0x3, 0xfe, 0x50, 0xc, 0x24, 0x41, 0x0,
    0xcc, 0x1, 0xfe, 0x32, 0x0, 0xc8, 0x0, 0x60,
    0xc, 0x2e, 0x1, 0xfd, 0xe0, 0x1d, 0x20, 0x9,
    0x0, 0xe8, 0x30, 0xf, 0xa0, 0xc0, 0x31, 0x98,
    0x0, 0x2e, 0x1, 0xd8, 0xe0, 0x18, 0xad, 0xc0,
    0x3b, 0xc0, 0x34, 0x10, 0x7, 0x47, 0xee, 0x76,
    0xa0, 0x7, 0x39, 0x80, 0x77, 0x88, 0x7, 0x88,
    0xc4, 0x3, 0xcb, 0x0, 0x1e, 0x2c, 0x20, 0xf,
    0xfe, 0xb, 0x50, 0x7, 0xe2, 0xd7, 0x0, 0xff,
    0x15, 0x48, 0x7, 0xfd, 0x1d, 0x28, 0x40, 0x11,
    0x35, 0xea, 0x80, 0x78,

    /* U+0050 "P" */
    0x1f, 0xff, 0xfe, 0xe, 0xd3, 0x8, 0x7, 0xff,
    0x24, 0x96, 0x7a, 0x88, 0x3, 0xff, 0x96, 0xba,
    0xa0, 0x1f, 0xfc, 0xca, 0x70, 0xf, 0xe2, 0x55,
    0xf2, 0x8, 0x7, 0xa1, 0x0, 0x3f, 0x2d, 0x57,
    0xaf, 0xa8, 0x40, 0x3a, 0x40, 0x3f, 0xf8, 0xab,
    0x82, 0x1, 0x89, 0x40, 0x3f, 0xf8, 0xa5, 0x40,
    0x1d, 0xc0, 0x1f, 0xfc, 0x64, 0x20, 0xc, 0xa0,
    0x1f, 0xfc, 0x77, 0x0, 0xc2, 0x20, 0xf, 0xfe,
    0x31, 0x0, 0x7f, 0xf3, 0x4, 0x3, 0xff, 0x98,
    0x80, 0x1c, 0x20, 0x1f, 0xfc, 0x53, 0x20, 0xc,
    0x80, 0x1f, 0xfc, 0x51, 0xe0, 0xe, 0xd0, 0xf,
    0xfe, 0x22, 0xf9, 0x0, 0x61, 0x60, 0xf, 0x96,
    0xab, 0xd7, 0xd4, 0x20, 0x1d, 0x40, 0x1f, 0x89,
    0x57, 0xc8, 0x20, 0x1e, 0x84, 0x0, 0xff, 0xe5,
    0x53, 0x80, 0x7f, 0xf2, 0x57, 0x54, 0x3, 0xff,
    0x8c, 0x4b, 0x3d, 0x44, 0x1, 0xff, 0x3f, 0xff,
    0xdb, 0x4c, 0x20, 0x1f, 0xff, 0xf0, 0xf, 0xff,
    0xf8, 0x7, 0xff, 0xfc, 0x3, 0xff, 0xfe, 0x1,
    0xf0,

    /* U+0051 "Q" */
    0x0, 0xfc, 0xd5, 0xbf, 0xf6, 0xca, 0x0, 0x7f,
    0xf1, 0x1f, 0xe5, 0x48, 0x2, 0x26, 0xbe, 0x60,
    0xf, 0xfe, 0x0, 0xe4, 0x0, 0x7f, 0x86, 0x6c,
    0x3, 0xfc, 0x3e, 0x60, 0x1f, 0xfc, 0x14, 0xc0,
    0xf, 0xec, 0x10, 0xf, 0x9, 0x8, 0x7, 0x8e,
    0xc0, 0x3e, 0x82, 0x0, 0xe7, 0xee, 0x6f, 0x6b,
    0x0, 0x72, 0x30, 0x7, 0xb, 0x80, 0x75, 0xc0,
    0x80, 0x45, 0x32, 0x0, 0xe8, 0x0, 0xe9, 0x0,
    0xe8, 0x40, 0xf, 0x99, 0x80, 0x18, 0x5c, 0x3,
    0x28, 0x6, 0x17, 0x0, 0xfe, 0x80, 0xe, 0xa0,
    0x8, 0x88, 0x1, 0x98, 0x3, 0xfc, 0x2c, 0x1,
    0x88, 0x80, 0x4, 0x0, 0xec, 0x0, 0xff, 0xb0,
    0x3, 0x90, 0x1, 0xe0, 0x1c, 0x80, 0x1f, 0xf2,
    0x0, 0x77, 0x80, 0x14, 0x3, 0x8, 0x7, 0xff,
    0x0, 0x40, 0x38, 0x80, 0x2, 0x1, 0x8c, 0x3,
    0xff, 0x82, 0x40, 0x19, 0xc0, 0x6, 0x1, 0x84,
    0x3, 0xff, 0x8c, 0x20, 0x1f, 0xfc, 0xe3, 0x0,
    0xff, 0xff, 0x80, 0x7f, 0xfb, 0xcc, 0x0, 0x40,
    0x18, 0x80, 0x3f, 0xf8, 0x26, 0x1, 0x84, 0x0,
    0xc0, 0x18, 0x40, 0x3f, 0xf8, 0x2, 0x20, 0xc,
    0xa0, 0x2, 0x0, 0xe3, 0x0, 0xff, 0x94, 0x3,
    0xbc, 0x1, 0x80, 0x1d, 0x60, 0x1f, 0xf6, 0x80,
    0x72, 0x0, 0x10, 0x40, 0x32, 0x80, 0x7f, 0xcc,
    0x1, 0x88, 0x80, 0x13, 0x0, 0x62, 0x60, 0xf,
    0xe8, 0x0, 0xea, 0x0, 0xd2, 0x1, 0xd2, 0x60,
    0x1f, 0x2b, 0x80, 0x61, 0x60, 0xc, 0x2e, 0x1,
    0xd8, 0xe0, 0x18, 0xa6, 0x80, 0x3a, 0x4, 0x3,
    0xa0, 0x80, 0x3a, 0x3f, 0x73, 0x74, 0xc0, 0x1c,
    0x8c, 0x1, 0xf6, 0x8, 0x7, 0x88, 0xc8, 0x3,
    0xc7, 0x60, 0x1f, 0x87, 0x8, 0x3, 0xff, 0x84,
    0xe2, 0x1, 0xfc, 0x5a, 0xe0, 0x1f, 0xfc, 0x14,
    0xc1, 0x0, 0xff, 0x47, 0xca, 0x90, 0x4, 0x4a,
    0x1, 0xc5, 0xe4, 0x1, 0xff, 0x35, 0x6f, 0xfd,
    0xb5, 0x60, 0x1c, 0x3a, 0x80, 0x1f, 0xfc, 0x64,
    0xc1, 0x0, 0xeb, 0x60, 0xf, 0xfe, 0x31, 0xe0,
    0x80, 0x77, 0x0, 0x7f, 0xf1, 0xcb, 0xc8, 0x2,
    0x88, 0x0, 0x7f, 0xf2, 0x7, 0xc, 0x25, 0xc0,
    0x3f, 0xf9, 0x43, 0x98, 0x60, 0x8,

    /* U+0052 "R" */
    0x7f, 0xff, 0xfe, 0x7, 0x5c, 0x20, 0x7, 0xff,
    0x24, 0x51, 0xef, 0x9c, 0x3, 0xff, 0x96, 0x31,
    0xa4, 0x1, 0xff, 0xcb, 0x2c, 0x20, 0xf, 0xe4,
    0x55, 0xe4, 0x20, 0xf, 0xf, 0x80, 0x7f, 0x45,
    0x57, 0x5e, 0xe9, 0x40, 0x38, 0x9c, 0x3, 0xff,
    0x88, 0x54, 0xe0, 0x1d, 0x20, 0x1f, 0xfc, 0x68,
    0x30, 0xc, 0x26, 0x1, 0xff, 0xc6, 0xa0, 0xe,
    0x60, 0xf, 0xfe, 0x32, 0x80, 0x71, 0x0, 0x7f,
    0xf7, 0xdc, 0x3, 0x84, 0x3, 0xff, 0x8d, 0xa0,
    0x1c, 0xa0, 0x1f, 0xfc, 0x51, 0x60, 0xc, 0x26,
    0x1, 0xff, 0xc4, 0x2c, 0x0, 0xe6, 0x0, 0xff,
    0xe1, 0x9, 0xc6, 0x90, 0x6, 0x18, 0x0, 0xfd,
    0x9f, 0xfd, 0xd8, 0xe0, 0x1e, 0xd0, 0xf, 0xfe,
    0x50, 0xe1, 0x80, 0x7f, 0xf2, 0x57, 0xcc, 0x3,
    0xff, 0x93, 0x14, 0x20, 0x1f, 0xf2, 0x2a, 0xf0,
    0x7, 0x50, 0x7, 0xff, 0x6, 0x2a, 0xb9, 0x80,
    0x31, 0x28, 0x7, 0xff, 0x1a, 0xc0, 0x3a, 0x0,
    0x3f, 0xf8, 0xc4, 0xa0, 0x18, 0x94, 0x3, 0xff,
    0x8d, 0x0, 0x1d, 0x0, 0x1f, 0xfc, 0x62, 0x50,
    0xc, 0x4c, 0x1, 0xff, 0xc6, 0x80, 0xe, 0xb0,
    0xf, 0xfe, 0x31, 0x28, 0x6, 0x26, 0x0, 0xff,
    0xe3, 0x48, 0x7, 0x58, 0x7, 0xff, 0x18, 0xd0,
    0x3, 0x13, 0x0, 0x7f, 0xf1, 0xa0, 0x3, 0xa0,
    0x3, 0xff, 0x8c, 0x68, 0x1, 0x85, 0x80, 0x3f,
    0xf8, 0xd0, 0x1, 0xd0, 0x1, 0xff, 0xc6, 0x34,
    0x0, 0xc2, 0xc0,

    /* U+0053 "S" */
    0x0, 0xfc, 0xb3, 0x9d, 0xfe, 0xec, 0x94, 0x0,
    0xff, 0xe0, 0xc, 0x7d, 0x31, 0x88, 0x0, 0x4d,
    0xaf, 0x9c, 0x3, 0xf9, 0x3d, 0xc0, 0x3f, 0xe1,
    0x8d, 0x20, 0xf, 0x2d, 0x88, 0x7, 0xff, 0x8,
    0xb0, 0xc0, 0x31, 0x50, 0x7, 0xc6, 0xaa, 0x30,
    0xf, 0xe, 0x88, 0x5, 0x20, 0x1c, 0x33, 0xf9,
    0x54, 0xcf, 0x80, 0xe, 0x1b, 0x0, 0x12, 0x0,
    0x61, 0xc6, 0x0, 0xf3, 0xe0, 0x7, 0x29, 0x2,
    0x0, 0x74, 0x10, 0x7, 0xe3, 0x80, 0xe, 0x50,
    0xe0, 0xe, 0x70, 0xf, 0xf3, 0x0, 0x76, 0x0,
    0x80, 0x70, 0x80, 0x7f, 0x84, 0x80, 0x33, 0x7,
    0x0, 0x72, 0x0, 0x7f, 0xdf, 0x99, 0xbc, 0x10,
    0x3, 0xa0, 0x3, 0xfe, 0x23, 0x3c, 0x40, 0x64,
    0x1, 0x8f, 0x8, 0x3, 0xff, 0x8b, 0xc0, 0x1c,
    0x7b, 0x24, 0x1, 0xff, 0xc3, 0x39, 0x0, 0xf3,
    0x6e, 0xa0, 0xc0, 0x3f, 0xf8, 0x2d, 0x20, 0x1f,
    0x13, 0xe7, 0x41, 0x0, 0x7f, 0xcd, 0xa6, 0x1,
    0xf8, 0x5f, 0x6c, 0xc0, 0x3f, 0xc5, 0x94, 0x60,
    0x1f, 0xc9, 0x92, 0x1, 0xff, 0x2e, 0x61, 0x84,
    0x3, 0xf3, 0x60, 0x80, 0x7f, 0xc7, 0x3d, 0xb0,
    0x40, 0x1e, 0x3d, 0x0, 0xff, 0xe1, 0x13, 0xee,
    0x20, 0x7, 0x1c, 0x80, 0x7f, 0xf1, 0xe, 0xe4,
    0x3, 0x98, 0x80, 0x3f, 0xf8, 0xad, 0x0, 0x1d,
    0x69, 0x11, 0xc0, 0x1f, 0xfc, 0x7, 0x10, 0xc,
    0xba, 0xef, 0xc4, 0x1, 0xff, 0xc0, 0x50, 0xc,
    0x5e, 0x1, 0xc8, 0x1, 0xff, 0xc0, 0x70, 0xe,
    0x40, 0xe, 0xb0, 0xf, 0xf8, 0x4c, 0x3, 0x11,
    0x10, 0x3, 0x15, 0x0, 0x7f, 0xa8, 0x3, 0x94,
    0x20, 0x3, 0x97, 0x50, 0x3, 0xc7, 0x88, 0x1,
    0xd4, 0x7, 0x0, 0x1c, 0x57, 0xd7, 0x53, 0x7d,
    0x86, 0x1, 0xcc, 0x60, 0x7, 0x70, 0x7, 0x85,
    0x15, 0x90, 0x40, 0x3c, 0x72, 0x1, 0xa2, 0x84,
    0x3, 0xff, 0x86, 0xb8, 0x1, 0xe5, 0xf7, 0x0,
    0xff, 0xe0, 0x1d, 0xd0, 0x7, 0xe1, 0x8f, 0xb6,
    0x31, 0x0, 0x89, 0x23, 0x71, 0x0, 0x30,

    /* U+0054 "T" */
    0xef, 0xff, 0xfe, 0x6d, 0x80, 0x7f, 0xff, 0xc0,
    0x3c, 0xe8, 0x9f, 0xc4, 0x1, 0xc6, 0x89, 0xfd,
    0x93, 0x77, 0xfe, 0x0, 0xef, 0xbb, 0xfe, 0x70,
    0xf, 0xff, 0xf8, 0x7, 0xff, 0xfc, 0x3, 0xff,
    0xfe, 0x1, 0xff, 0xff, 0x0, 0xff, 0xff, 0x80,
    0x7f, 0xff, 0xc0, 0x3f, 0xff, 0xe0, 0x1f, 0xff,
    0xf0, 0xf, 0xff, 0xf8, 0x7, 0xff, 0xfc, 0x3,
    0xc0,

    /* U+0055 "U" */
    0xef, 0xfd, 0x40, 0x1f, 0xf6, 0xff, 0xeb, 0x0,
    0xff, 0xff, 0x8, 0x7, 0xfc, 0x60, 0x1f, 0xff,
    0xf0, 0xf, 0xff, 0xf8, 0x7, 0xff, 0xfc, 0x3,
    0xff, 0xfe, 0x1, 0xff, 0xff, 0x0, 0xff, 0xf0,
    0x18, 0x6, 0x70, 0xf, 0xf8, 0x40, 0x30, 0x88,
    0x3, 0x18, 0x7, 0xf8, 0x80, 0x38, 0xd4, 0x3,
    0x8c, 0x3, 0xf9, 0x0, 0x3b, 0xf0, 0x3, 0xa8,
    0x3, 0xfa, 0xc0, 0x39, 0x14, 0x40, 0x33, 0x20,
    0x7, 0xd0, 0x40, 0x18, 0xc8, 0x24, 0x3, 0xad,
    0x80, 0x30, 0xcb, 0x80, 0x74, 0x0, 0x1c, 0x80,
    0x3a, 0x7a, 0xeb, 0x39, 0x80, 0x39, 0x50, 0x2,
    0xf0, 0xf, 0xa, 0x29, 0x80, 0x78, 0xac, 0x3,
    0x16, 0x8, 0x7, 0xff, 0x4, 0xf0, 0x40, 0x38,
    0xfd, 0x80, 0x3f, 0xc3, 0x18, 0x20, 0x1f, 0xc,
    0xf4, 0x20, 0x80, 0x44, 0xb5, 0xce, 0x1, 0xc0,

    /* U+0056 "V" */
    0xbf, 0xfe, 0x60, 0xf, 0xfe, 0xd, 0x7f, 0xf3,
    0xe8, 0x7, 0x68, 0x7, 0xff, 0x5, 0x0, 0x39,
    0x5c, 0x3, 0x90, 0x3, 0xff, 0x80, 0x62, 0x1,
    0x88, 0x82, 0x60, 0x1c, 0x80, 0x1f, 0xf5, 0x80,
    0x72, 0x80, 0x2c, 0x3, 0xb0, 0x3, 0xfe, 0x40,
    0xe, 0xb0, 0x2, 0x80, 0x72, 0x80, 0x7f, 0x84,
    0xc0, 0x30, 0x98, 0x0, 0x88, 0x1, 0x88, 0x40,
    0x3f, 0x90, 0x3, 0x9c, 0x3, 0x28, 0x7, 0x20,
    0x7, 0xf6, 0x0, 0x76, 0x80, 0x6c, 0x0, 0xef,
    0x0, 0xfe, 0x70, 0xe, 0x40, 0xc, 0x82, 0x1,
    0x90, 0x3, 0xf1, 0x8, 0x6, 0x50, 0xf, 0x20,
    0x6, 0x13, 0x0, 0xf9, 0x40, 0x3b, 0xc0, 0x3d,
    0xe0, 0x1c, 0x80, 0x1f, 0x60, 0x7, 0x20, 0x7,
    0x94, 0x3, 0xb0, 0x3, 0xe4, 0x0, 0xc8, 0x20,
    0x1f, 0x20, 0x6, 0x40, 0xf, 0x20, 0x7, 0x60,
    0x7, 0xed, 0x0, 0xe4, 0x0, 0xed, 0x0, 0xe5,
    0x0, 0xfc, 0xe0, 0x1d, 0xa0, 0x1c, 0x80, 0x18,
    0x88, 0x1, 0xf8, 0x4c, 0x3, 0x20, 0x6, 0x12,
    0x0, 0xca, 0x1, 0xfe, 0xb0, 0xc, 0x42, 0x1,
    0x38, 0x7, 0x58, 0x7, 0xf9, 0x40, 0x39, 0xc0,
    0x2c, 0x0, 0xc2, 0x60, 0x1f, 0xe2, 0x20, 0x6,
    0xc0, 0x9, 0x40, 0x33, 0x80, 0x7f, 0xf0, 0x14,
    0x3, 0x20, 0x0, 0xc0, 0x3b, 0x40, 0x3f, 0xf8,
    0x16, 0x1, 0x84, 0xc2, 0xc0, 0x39, 0x0, 0x3f,
    0xf8, 0x6, 0x20, 0x19, 0x1, 0x0, 0x32, 0x80,
    0x7f, 0xf0, 0x9c, 0x3, 0x58, 0x98, 0x6, 0xf0,
    0xf, 0xfe, 0x16, 0x80, 0x63, 0x70, 0xe, 0x40,
    0xf, 0xfe, 0x12, 0x0, 0x74, 0x0, 0x64, 0x10,
    0xf, 0xfe, 0x1a, 0x0, 0x61, 0x0, 0xda, 0x1,
    0xff, 0xc4, 0xd0, 0xf, 0xe7, 0x0, 0xff, 0xe2,
    0x38, 0x7, 0xe3, 0x10, 0xf, 0xfe, 0x20, 0x98,
    0x7, 0xd6, 0x1, 0xff, 0xc6, 0xb0, 0xf, 0x90,
    0x3, 0xff, 0x8c, 0xa0, 0x1e, 0x13, 0x0, 0xff,
    0xe3, 0x11, 0x0, 0x39, 0xc0, 0x3f, 0xf9, 0xa,
    0x1, 0xda, 0x1, 0xfe,

    /* U+0057 "W" */
    0xdf, 0xfc, 0xa0, 0x1d, 0x9f, 0xf5, 0x80, 0x71,
    0xff, 0xf0, 0x30, 0x6, 0x20, 0xe, 0x20, 0x9,
    0x40, 0x39, 0x80, 0x31, 0x1, 0x0, 0x6e, 0x0,
    0xc2, 0x20, 0x8, 0x40, 0x38, 0x80, 0x33, 0x7,
    0x0, 0x62, 0x0, 0xc4, 0x1, 0xc6, 0x1, 0xb8,
    0x3, 0x10, 0x10, 0x6, 0x60, 0xc, 0xa0, 0x1c,
    0xa0, 0x18, 0x80, 0x37, 0x3, 0x0, 0x63, 0x0,
    0xdc, 0x1, 0xdc, 0x1, 0x98, 0x3, 0x10, 0x10,
    0x6, 0x10, 0xc, 0x60, 0x1c, 0x60, 0x18, 0xc0,
    0x33, 0x0, 0x80, 0x71, 0x0, 0x4c, 0x1, 0xcc,
    0x1, 0x84, 0x3, 0x10, 0x0, 0x80, 0x33, 0x0,
    0x44, 0x1, 0xc4, 0x1, 0x10, 0x7, 0x8, 0x1,
    0xc0, 0x31, 0x0, 0x8, 0x3, 0xe3, 0x0, 0x30,
    0x6, 0x30, 0x8, 0x80, 0x30, 0x80, 0x1c, 0x3,
    0xe6, 0x0, 0x10, 0x6, 0x60, 0xb, 0x80, 0x37,
    0x0, 0x8, 0x3, 0xed, 0x0, 0x70, 0x6, 0x20,
    0x8, 0x80, 0x31, 0x0, 0x34, 0x2, 0x40, 0x8,
    0x80, 0x2, 0x1, 0xb8, 0x2, 0x60, 0xc, 0xc0,
    0x6, 0x0, 0xb4, 0x2, 0x70, 0x1, 0x0, 0x62,
    0x0, 0x88, 0x3, 0x10, 0x0, 0xc0, 0x27, 0x0,
    0x88, 0x0, 0xc0, 0x19, 0x80, 0x30, 0x80, 0x70,
    0x80, 0x42, 0x22, 0x0, 0x88, 0x8, 0x3, 0x10,
    0x6, 0x20, 0xc, 0x4a, 0x1, 0x28, 0x38, 0x4,
    0xe2, 0x1, 0x84, 0x3, 0x98, 0x3, 0x31, 0x0,
    0x44, 0x4, 0x1, 0x11, 0x80, 0x62, 0x0, 0xe2,
    0x0, 0xc5, 0xe0, 0x17, 0x86, 0x80, 0x5a, 0xc0,
    0x19, 0x40, 0x3b, 0x40, 0x37, 0x28, 0x4, 0xa0,
    0xe0, 0x13, 0x90, 0x6, 0xe0, 0xe, 0x60, 0xc,
    0x24, 0x1, 0x10, 0x10, 0x4, 0x5c, 0x1, 0x88,
    0x3, 0x88, 0x3, 0x28, 0x80, 0x4, 0x40, 0x2,
    0x0, 0x90, 0x3, 0x30, 0x7, 0x8, 0x6, 0x30,
    0x8, 0x80, 0x27, 0x0, 0x8c, 0x3, 0x10, 0x7,
    0x88, 0x3, 0xe5, 0x0, 0x88, 0x3, 0xf0, 0x80,
    0x79, 0x80, 0x3e, 0xf0, 0xb, 0x40, 0x3e, 0x20,
    0xf, 0x88, 0x3, 0xe2, 0x0, 0x9c, 0x3, 0xe6,
    0x0, 0xfb, 0x80, 0x3e, 0x50, 0x8, 0x80, 0x3e,
    0x30, 0xf, 0x88, 0x3, 0xc2, 0x20, 0xc, 0x40,
    0x1e, 0xe0, 0xf, 0x98, 0x3, 0xc4, 0x1, 0xce,
    0x1, 0xe2, 0x0, 0xf8, 0x80, 0x3c, 0xa0, 0x1c,
    0x40, 0x1e, 0x60, 0xf, 0x84, 0x40, 0x1d, 0xe0,
    0x1d, 0xa0, 0x1e, 0x20, 0xf, 0xc4, 0x1, 0xc4,
    0x1, 0xce, 0x1, 0xc2, 0x1, 0xfc, 0xc0, 0x1c,
    0xa0, 0x1c, 0x40, 0x1c, 0x40, 0x1f, 0xc4, 0x1,
    0xc2, 0x1, 0xe2, 0x0, 0xcc, 0x1, 0xc0,

    /* U+0058 "X" */
    0x3f, 0xff, 0x28, 0x7, 0xfc, 0x3d, 0xff, 0xd2,
    0x6, 0xc0, 0x1d, 0x0, 0x1f, 0xf4, 0x88, 0x6,
    0x18, 0x0, 0x40, 0x7, 0x13, 0x0, 0x7f, 0xb,
    0x80, 0x74, 0x8, 0x0, 0x60, 0x3, 0xac, 0x3,
    0xfa, 0x40, 0x38, 0x98, 0x3, 0x39, 0x0, 0x62,
    0x60, 0xf, 0x85, 0xc0, 0x3a, 0x40, 0x3d, 0x20,
    0x1d, 0x0, 0x1f, 0x40, 0x7, 0x22, 0x0, 0x3c,
    0x88, 0x0, 0xc2, 0xc0, 0x1c, 0x4c, 0x1, 0xd2,
    0x1, 0xfa, 0x40, 0x3a, 0x0, 0x3a, 0xc0, 0x39,
    0xc8, 0x3, 0xf1, 0x30, 0x6, 0x17, 0x0, 0x89,
    0x80, 0x30, 0xc0, 0x7, 0xfa, 0x4, 0x3, 0x48,
    0x5, 0x0, 0x1d, 0x0, 0x1f, 0xf0, 0xc0, 0x6,
    0x17, 0x3, 0x50, 0xc, 0x6c, 0x1, 0xff, 0xc0,
    0x62, 0x0, 0xd2, 0x10, 0x1, 0xde, 0x1, 0xff,
    0xc2, 0x90, 0xc, 0x34, 0x80, 0x19, 0x4c, 0x3,
    0xff, 0x84, 0x8a, 0x1, 0x94, 0x3, 0xac, 0x3,
    0xff, 0x89, 0x0, 0x1f, 0xce, 0x20, 0x1f, 0xfc,
    0x42, 0x70, 0xf, 0x86, 0x0, 0x3f, 0xf8, 0xd0,
    0x20, 0x1e, 0xb0, 0xf, 0xfe, 0x39, 0x8, 0x7,
    0xb4, 0x3, 0xff, 0x8f, 0x20, 0x1f, 0x39, 0x0,
    0x7f, 0xf1, 0x51, 0x0, 0x1f, 0xa0, 0x3, 0xff,
    0x8b, 0x20, 0x1f, 0xca, 0x80, 0x1f, 0xfc, 0x37,
    0x20, 0xc, 0xc0, 0x1d, 0x20, 0x1f, 0xfc, 0x21,
    0x80, 0xc, 0x32, 0xe0, 0x18, 0x98, 0x3, 0xff,
    0x83, 0x0, 0x1d, 0x21, 0x20, 0x1d, 0x2, 0x1,
    0xff, 0x1b, 0x0, 0x61, 0x70, 0x18, 0x0, 0xc3,
    0x0, 0x1f, 0xf7, 0x80, 0x74, 0x0, 0x4e, 0x20,
    0x19, 0x88, 0x3, 0xf9, 0x4c, 0x3, 0x13, 0x0,
    0x68, 0x0, 0xe9, 0x0, 0xfe, 0xb0, 0xe, 0x80,
    0xe, 0x62, 0x0, 0xc8, 0xa0, 0x1f, 0x40, 0x80,
    0x62, 0x50, 0xf, 0x40, 0x7, 0x58, 0x7, 0x89,
    0xc0, 0x3a, 0x40, 0x3e, 0x52, 0x0, 0xc2, 0xe0,
    0x1d, 0x20, 0x1c, 0x68, 0x1, 0xfa, 0x40, 0x3a,
    0x4, 0x2, 0x44, 0x0, 0x77, 0x80, 0x7f, 0x21,
    0x80, 0x75, 0x80, 0x52, 0x1, 0xc8, 0x60, 0x1f,
    0xe8, 0x0, 0xe5, 0x30, 0x72, 0x0, 0xe8, 0x0,
    0xff, 0x91, 0x0, 0x1d, 0xe0,

    /* U+0059 "Y" */
    0xbf, 0xfe, 0x80, 0xf, 0xfe, 0xc, 0xff, 0xf5,
    0x40, 0x7, 0x30, 0x7, 0xff, 0x5, 0x80, 0x3a,
    0x4d, 0x0, 0x30, 0xb0, 0x7, 0xfc, 0xe0, 0x1c,
    0x86, 0x10, 0x1, 0xd6, 0x1, 0xff, 0x50, 0x7,
    0x40, 0x0, 0xd0, 0x3, 0x12, 0x0, 0x7f, 0x29,
    0x0, 0x64, 0x30, 0xb, 0xc0, 0x3b, 0xc0, 0x3f,
    0xa4, 0x3, 0xa0, 0x3, 0x21, 0x80, 0x64, 0x20,
    0xf, 0x8c, 0xc0, 0x19, 0xc, 0x3, 0xa0, 0x3,
    0xac, 0x3, 0xe9, 0x0, 0xef, 0x0, 0xf2, 0x18,
    0x6, 0x61, 0x0, 0xe1, 0x50, 0xc, 0x68, 0x1,
    0xf4, 0x0, 0x73, 0x0, 0x73, 0x0, 0x74, 0x0,
    0x7e, 0x43, 0x0, 0xd2, 0x1, 0xd2, 0x1, 0x8d,
    0x0, 0x3f, 0xa4, 0x3, 0xa, 0x80, 0x4a, 0x20,
    0x1a, 0x0, 0x3f, 0xca, 0x40, 0x1a, 0x40, 0x29,
    0x0, 0xc6, 0x80, 0x1f, 0xf4, 0x0, 0x63, 0x30,
    0x19, 0x80, 0x34, 0x80, 0x7f, 0xf0, 0x14, 0x80,
    0x34, 0x84, 0x80, 0x62, 0x50, 0xf, 0xfe, 0xc,
    0x0, 0x65, 0x35, 0x0, 0xd0, 0x1, 0xff, 0xc2,
    0x52, 0x0, 0xda, 0x1, 0x89, 0x40, 0x3f, 0xf8,
    0x76, 0x1, 0x84, 0x3, 0x40, 0x7, 0xff, 0x11,
    0x84, 0x3, 0xe2, 0x50, 0xf, 0xfe, 0x2c, 0x0,
    0x7d, 0x60, 0x1f, 0xfc, 0x66, 0x10, 0xe, 0x16,
    0x0, 0xff, 0xe3, 0xc8, 0x7, 0x40, 0x7, 0xff,
    0x20, 0x80, 0x39, 0x40, 0x3f, 0xff, 0xe0, 0x1f,
    0xff, 0xf0, 0xf, 0xff, 0xf8, 0x7, 0xff, 0xfc,
    0x3, 0xe0,

    /* U+005A "Z" */
    0x8f, 0xff, 0xfe, 0x56, 0x0, 0x7f, 0xff, 0xc3,
    0x51, 0x3f, 0xf8, 0x80, 0x1e, 0x80, 0x5b, 0xbf,
    0xfe, 0x1e, 0x0, 0x72, 0xa0, 0x7, 0xff, 0x10,
    0xa0, 0x3, 0xd, 0x80, 0x7f, 0xf1, 0x78, 0x3,
    0xac, 0x40, 0x3f, 0xf8, 0x8c, 0x60, 0x19, 0x54,
    0x1, 0xff, 0xc4, 0x29, 0x0, 0xc3, 0x60, 0x1f,
    0xfc, 0x59, 0x0, 0xeb, 0x10, 0xf, 0xfe, 0x23,
    0x20, 0x6, 0x45, 0x0, 0xff, 0xe2, 0xc, 0x80,
    0x75, 0x0, 0x7f, 0xf1, 0x68, 0x3, 0xa4, 0x40,
    0x3f, 0xf8, 0x8a, 0x80, 0x19, 0x18, 0x3, 0xff,
    0x88, 0x36, 0x1, 0xd2, 0x1, 0xff, 0xc5, 0xb1,
    0x0, 0xd2, 0x40, 0x1f, 0xfc, 0x45, 0x50, 0x6,
    0x36, 0x0, 0xff, 0xe2, 0xd, 0x80, 0x77, 0x0,
    0x7f, 0xf1, 0x6c, 0x40, 0x34, 0x10, 0x7, 0xff,
    0x11, 0x14, 0x3, 0x1b, 0x80, 0x7f, 0xf1, 0x6,
    0x80, 0x3b, 0x80, 0x3f, 0xf8, 0xb0, 0x20, 0x19,
    0xc8, 0x3, 0xff, 0x88, 0x8c, 0x1, 0x8a, 0x0,
    0x3f, 0xf8, 0xb4, 0x1, 0xdc, 0x1, 0xff, 0xc5,
    0x91, 0x0, 0xce, 0x60, 0x1f, 0xfc, 0x43, 0x60,
    0xc, 0x50, 0x1, 0xff, 0xc5, 0xe0, 0xe, 0xe0,
    0xf, 0xfe, 0x2c, 0x10, 0x6, 0x63, 0x0, 0xff,
    0xe2, 0x1b, 0x80, 0x71, 0x55, 0x7f, 0xf1, 0xe,
    0x40, 0x3c, 0x8a, 0xbf, 0xfc, 0x47, 0x0, 0xff,
    0xff, 0x80,

    /* U+005B "[" */
    0x27, 0x7f, 0xe4, 0x78, 0x8f, 0xee, 0x0, 0xff,
    0xed, 0xef, 0xfd, 0x40, 0x1f, 0xff, 0xf0, 0xf,
    0xff, 0xf8, 0x7, 0xff, 0xfc, 0x3, 0xff, 0xfe,
    0x1, 0xff, 0xff, 0x0, 0xff, 0xed, 0x53, 0xbc,
    0x80, 0x1e, 0x78, 0x8b, 0x80, 0x3f, 0xfa, 0xa0,

    /* U+005C "\\" */
    0x4f, 0xfd, 0xc0, 0x1f, 0xfc, 0x24, 0x10, 0x8,
    0x50, 0x3, 0xff, 0x84, 0xe0, 0x1b, 0x40, 0x3f,
    0xf8, 0x54, 0x1, 0x98, 0x3, 0xff, 0x84, 0x64,
    0x1, 0x94, 0x3, 0xff, 0x84, 0xa0, 0x1b, 0xc0,
    0x3f, 0xf8, 0x54, 0x1, 0x94, 0x40, 0x3f, 0xf8,
    0x24, 0x60, 0x19, 0xc0, 0x3f, 0xf8, 0x54, 0x1,
    0xa8, 0x3, 0xff, 0x84, 0xe0, 0x18, 0xc4, 0x3,
    0xff, 0x82, 0x28, 0x1, 0x98, 0x3, 0xff, 0x85,
    0xc0, 0x1a, 0x80, 0x3f, 0xf8, 0x4a, 0x1, 0x88,
    0xc0, 0x3f, 0xf8, 0x4a, 0x1, 0xac, 0x3, 0xff,
    0x85, 0xc0, 0x19, 0x80, 0x3f, 0xf8, 0x48, 0x20,
    0x10, 0xa0, 0x7, 0xff, 0x9, 0xc0, 0x36, 0x80,
    0x7f, 0xf0, 0xa8, 0x3, 0x30, 0x7, 0xff, 0x8,
    0xc8, 0x3, 0x28, 0x7, 0xff, 0xa, 0x80, 0x37,
    0x0, 0x7f, 0xf0, 0x94, 0x3, 0x20, 0x80, 0x7f,
    0xf0, 0x48, 0xc0, 0x33, 0x80, 0x7f, 0xf0, 0xa8,
    0x3, 0x50, 0x7, 0xff, 0x9, 0xc0, 0x31, 0x88,
    0x7, 0xff, 0x4, 0x50, 0x3, 0x30, 0x7, 0xff,
    0xb, 0x80, 0x35, 0x0, 0x7f, 0xf0, 0x94, 0x3,
    0x11, 0x80, 0x7f, 0xf0, 0x94, 0x3, 0x58, 0x7,
    0xff, 0xb, 0x80, 0x33, 0x0, 0x7f, 0xf0, 0x90,
    0x40, 0x21, 0x40, 0xf, 0xfe, 0x13, 0x80, 0x6d,
    0x0, 0xff, 0xe1, 0x50, 0x6, 0x60, 0xf, 0xfe,
    0x11, 0x90, 0x6, 0x50, 0xf, 0xfe, 0x15, 0x0,
    0x6e, 0x0, 0xff, 0xe1, 0x28, 0x6, 0x41, 0x0,
    0xff, 0xe0, 0x91, 0x80, 0x67, 0x0, 0xff, 0xe1,
    0x50, 0x6, 0xa0, 0xf, 0xfe, 0x13, 0xbf, 0x58,
    0x0,

    /* U+005D "]" */
    0x47, 0x7f, 0xe3, 0xd8, 0x8f, 0xe4, 0x0, 0xff,
    0xea, 0xcf, 0xfe, 0x0, 0xff, 0xff, 0x80, 0x7f,
    0xff, 0xc0, 0x3f, 0xff, 0xe0, 0x1f, 0xff, 0xf0,
    0xf, 0xff, 0xf8, 0x7, 0xff, 0x69, 0x1d, 0xf0,
    0x7, 0xb6, 0x23, 0x0, 0x7f, 0xf6, 0xc0,

    /* U+005E "^" */
    0x0, 0xf8, 0xe2, 0x25, 0x0, 0xff, 0xe1, 0xfb,
    0xbd, 0x42, 0x1, 0xff, 0xc1, 0x23, 0x0, 0xcc,
    0x1, 0xff, 0xc1, 0xa0, 0xe, 0xa0, 0xf, 0xfe,
    0xb, 0x0, 0x71, 0x20, 0x7, 0xfc, 0xa2, 0x1,
    0xee, 0x0, 0xff, 0xa4, 0x2, 0x30, 0x9, 0x44,
    0x3, 0xf8, 0x8c, 0x2, 0x80, 0xc, 0xc0, 0x1f,
    0xd6, 0x1, 0xa, 0x20, 0x2, 0xa0, 0xf, 0xe6,
    0x0, 0x98, 0x3c, 0x2, 0x24, 0x0, 0xf9, 0x80,
    0x35, 0x2, 0x8, 0x5, 0xc0, 0x1f, 0x50, 0x4,
    0x64, 0x0, 0x60, 0x9, 0x44, 0x3, 0x8c, 0xc0,
    0x15, 0x0, 0x54, 0x1, 0x98, 0x3, 0xa8, 0x3,
    0x30, 0x4, 0x46, 0x1, 0x50, 0x7, 0x30, 0x4,
    0xa0, 0x1d, 0x20, 0x11, 0x20, 0x4, 0xc0, 0x1b,
    0x80, 0x39, 0x40, 0x37, 0x0, 0x54, 0x1, 0x12,
    0x0, 0x79, 0x80, 0x25, 0x10, 0x33, 0x0, 0x54,
    0x1, 0xf5, 0x0, 0x66, 0xa, 0x0, 0xcc, 0x1,
    0xf1, 0x98, 0x2, 0x90,

    /* U+005F "_" */
    0x37, 0x7f, 0xfe, 0x4a, 0x44, 0x7f, 0xf2, 0x40,
    0x3f, 0xfe, 0xc0,

    /* U+0060 "`" */
    0x6, 0x77, 0xe1, 0x0, 0xe1, 0x88, 0xeb, 0x0,
    0xe7, 0x70, 0x6, 0x54, 0x0, 0xe8, 0x60, 0xd,
    0x20, 0x1e, 0x95, 0x0, 0x8a, 0x0, 0x3d, 0x4a,
    0x1, 0x39, 0x80, 0x7a, 0x90, 0x2, 0xe0,

    /* U+0061 "a" */
    0x0, 0xf2, 0x4e, 0x77, 0xfb, 0xb6, 0x54, 0x3,
    0xfe, 0x6e, 0xb6, 0x31, 0x0, 0x9, 0x35, 0x7c,
    0x0, 0x7e, 0xb9, 0x10, 0xf, 0xf9, 0xf4, 0x40,
    0x3b, 0x10, 0x3, 0xff, 0x84, 0x58, 0x1, 0x9c,
    0xc0, 0x39, 0x66, 0xa9, 0x6, 0x1, 0xc5, 0x0,
    0x14, 0x80, 0x76, 0x53, 0x2a, 0x9f, 0x28, 0x3,
    0x9c, 0x0, 0x62, 0x1, 0xa0, 0xc0, 0x3c, 0xb0,
    0x1, 0xca, 0x0, 0x66, 0xe5, 0x0, 0xfc, 0xc0,
    0x1d, 0xa0, 0x73, 0x3c, 0x40, 0x1f, 0x84, 0x3,
    0x84, 0x3, 0xff, 0xa2, 0x2b, 0x39, 0xdf, 0xfe,
    0x0, 0xff, 0xc, 0xf5, 0x31, 0x88, 0x7, 0xff,
    0xd, 0x39, 0x80, 0x3f, 0xf8, 0xe9, 0x60, 0x1e,
    0x25, 0x66, 0xe0, 0xf, 0xd4, 0x1, 0xcd, 0xba,
    0xa9, 0x9e, 0x0, 0xf9, 0x84, 0x3, 0x44, 0x90,
    0x7, 0xff, 0xb, 0x40, 0x30, 0xb8, 0x7, 0xff,
    0x11, 0x80, 0x32, 0x80, 0x7f, 0xf1, 0x4c, 0x3,
    0x38, 0x7, 0xf1, 0x0, 0x7c, 0x60, 0x18, 0xc4,
    0x3, 0xe1, 0xf0, 0xf, 0x90, 0x3, 0xb4, 0x40,
    0x39, 0xbc, 0x80, 0x3e, 0xa0, 0xe, 0x3e, 0xb8,
    0x85, 0x7c, 0x88, 0x7, 0x8c, 0xd, 0x40, 0x3c,
    0x8e, 0xe5, 0x0, 0xfe, 0x10, 0x5, 0x20, 0x7,
    0xff, 0x1, 0x8, 0x3, 0x28, 0x5, 0x6e, 0x1,
    0xfe, 0x8b, 0x40, 0xc, 0x24, 0x1, 0x47, 0x42,
    0x8, 0x0, 0x52, 0x7d, 0xc3, 0x0, 0x39, 0x40,

    /* U+0062 "b" */
    0x13, 0x3e, 0x10, 0xf, 0xfe, 0x22, 0xe6, 0x72,
    0x0, 0x7f, 0xff, 0xc0, 0x3f, 0xff, 0xe0, 0x1f,
    0xff, 0xf0, 0xf, 0x9a, 0xfb, 0xfd, 0xd6, 0xa0,
    0x1f, 0xfc, 0x13, 0xd9, 0x41, 0x0, 0xa, 0x57,
    0x20, 0x7, 0xfb, 0x30, 0x40, 0x1f, 0x86, 0xdc,
    0x3, 0xf9, 0x80, 0x3f, 0xf8, 0x10, 0x80, 0x1f,
    0xf0, 0xa2, 0xa0, 0x80, 0x7a, 0x80, 0x3f, 0xd3,
    0xd7, 0x57, 0xd0, 0x1, 0xc3, 0x0, 0x1f, 0xad,
    0x80, 0x39, 0xe8, 0x3, 0x98, 0x3, 0xe7, 0x40,
    0xf, 0x95, 0x0, 0x30, 0x98, 0x7, 0xb4, 0x3,
    0xfb, 0xc0, 0x39, 0x0, 0x3f, 0xf8, 0x88, 0x1,
    0xda, 0x1, 0xff, 0xc5, 0x20, 0xc, 0xc0, 0x1f,
    0xfc, 0x56, 0x0, 0xc4, 0x1, 0xff, 0xc5, 0x10,
    0xf, 0xff, 0x8, 0x80, 0x7f, 0xf2, 0x98, 0x3,
    0x10, 0x7, 0xff, 0x14, 0x80, 0x33, 0x0, 0x7f,
    0xf1, 0x10, 0x3, 0xb4, 0x3, 0xda, 0x1, 0xfd,
    0xe0, 0x1c, 0x80, 0x1e, 0x73, 0x0, 0xf9, 0x10,
    0x1, 0x84, 0xc0, 0x3e, 0xc6, 0x0, 0xe6, 0xb0,
    0xe, 0x60, 0xf, 0xe9, 0xeb, 0xab, 0xe9, 0x0,
    0xe1, 0x90, 0xf, 0xf0, 0xa2, 0xa0, 0x80, 0x7a,
    0xc4, 0x3, 0xe9, 0x0, 0xff, 0xe0, 0x42, 0x80,
    0x7c, 0x2d, 0x62, 0x1, 0xf8, 0x69, 0xc0, 0x3f,
    0x18, 0x27, 0x4a, 0x8, 0x0, 0x52, 0x79, 0x40,
    0x30,

    /* U+0063 "c" */
    0x0, 0xf9, 0x6b, 0x7f, 0xee, 0xb6, 0x10, 0xf,
    0xf9, 0x7a, 0x94, 0x80, 0x21, 0x49, 0xe9, 0x10,
    0xf, 0xd5, 0x41, 0x0, 0xff, 0x37, 0x98, 0x7,
    0xad, 0x40, 0x3f, 0xf8, 0x23, 0x84, 0x1, 0xa5,
    0x0, 0x38, 0x55, 0x94, 0x80, 0x3d, 0xe0, 0x11,
    0xb0, 0x7, 0x47, 0x54, 0xd6, 0xd0, 0x80, 0x62,
    0x60, 0x4, 0x0, 0x74, 0xb8, 0x7, 0x2e, 0x0,
    0x75, 0x80, 0xa0, 0x6, 0x46, 0x0, 0xf8, 0xa0,
    0x3, 0x10, 0xb8, 0x7, 0x78, 0x7, 0xf3, 0x0,
    0x71, 0x60, 0x7, 0x20, 0x7, 0xf0, 0xaa, 0xf0,
    0xb8, 0x6, 0x30, 0xf, 0xfa, 0xab, 0x88, 0x80,
    0x19, 0x80, 0x3f, 0xf9, 0x46, 0x1, 0xff, 0xe1,
    0x30, 0xf, 0xfe, 0x28, 0x80, 0x61, 0x0, 0xff,
    0xe2, 0x90, 0x6, 0x60, 0xf, 0xfe, 0x2a, 0x0,
    0x62, 0x10, 0xf, 0xf3, 0xbf, 0x16, 0x0, 0x73,
    0x0, 0x7f, 0xc, 0x47, 0xa, 0x8, 0x6, 0x91,
    0x0, 0xfd, 0x20, 0x1c, 0x41, 0x20, 0x18, 0x74,
    0x40, 0x3c, 0xae, 0x1, 0x90, 0x41, 0xc8, 0x3,
    0x1f, 0xb1, 0x8, 0x96, 0xe8, 0x3, 0xa0, 0x2,
    0xe0, 0xe, 0x19, 0xde, 0xe5, 0x20, 0x7, 0x39,
    0x80, 0x47, 0x60, 0x1f, 0xfc, 0x36, 0x80, 0xe,
    0x4c, 0x20, 0xf, 0xf8, 0x6a, 0x40, 0x3e, 0x3d,
    0x92, 0x0, 0xf8, 0x63, 0xd4, 0x3, 0xfc, 0xdb,
    0xaa, 0x88, 0xab, 0x79, 0xc4, 0x3, 0x80,

    /* U+0064 "d" */
    0x0, 0xff, 0xe2, 0x91, 0x9f, 0x0, 0x7f, 0xf1,
    0xaf, 0x33, 0x80, 0x3f, 0xff, 0xe0, 0x1f, 0xff,
    0xf0, 0xf, 0xff, 0xf3, 0x5f, 0x7f, 0xba, 0x90,
    0x3, 0xff, 0x84, 0x9d, 0x28, 0x20, 0x1, 0x5b,
    0xc2, 0x0, 0xff, 0x9e, 0xc4, 0x3, 0xf1, 0xe1,
    0x0, 0x7f, 0x2c, 0x0, 0x7f, 0xc2, 0x80, 0x1f,
    0x86, 0x80, 0x3c, 0x28, 0xa8, 0x1, 0xff, 0xc0,
    0x80, 0xf, 0x4f, 0x5d, 0x5f, 0xb8, 0x7, 0xf0,
    0xb0, 0x7, 0x5b, 0x0, 0x74, 0x48, 0x7, 0xe7,
    0x0, 0xe5, 0x40, 0xf, 0x99, 0x0, 0x3e, 0xc0,
    0xe, 0x80, 0xf, 0xe2, 0x0, 0xf9, 0xc0, 0x31,
    0x10, 0x3, 0xff, 0x8a, 0x40, 0x19, 0xc0, 0x3f,
    0xf8, 0xa2, 0x1, 0xc4, 0x1, 0xff, 0xcb, 0xf0,
    0xf, 0xff, 0x1f, 0x80, 0x7f, 0xf1, 0x44, 0x3,
    0x88, 0x3, 0xff, 0x8c, 0x40, 0x19, 0xc0, 0x3f,
    0xf8, 0xce, 0x1, 0x88, 0x80, 0x1f, 0xfc, 0x5f,
    0x0, 0xeb, 0x0, 0xfe, 0x20, 0xf, 0x94, 0x3,
    0x99, 0x0, 0x3e, 0x64, 0x0, 0xfc, 0xe0, 0x1d,
    0x6c, 0x1, 0xd1, 0x20, 0x1f, 0xd2, 0x20, 0x1d,
    0x3d, 0x75, 0x7e, 0xe0, 0x1f, 0xe1, 0xa0, 0xf,
    0xa, 0x2a, 0x0, 0x7f, 0xf0, 0x52, 0x40, 0x3f,
    0xf8, 0xe, 0x1, 0xfe, 0x6b, 0x20, 0xf, 0xc5,
    0x94, 0x1, 0xff, 0x26, 0xca, 0x8, 0x0, 0x56,
    0xb4, 0xcc, 0x1, 0xe0,

    /* U+0065 "e" */
    0x0, 0xfc, 0x71, 0x9d, 0xfe, 0xeb, 0x82, 0x0,
    0xff, 0xe0, 0x9e, 0x61, 0xcc, 0x40, 0x2, 0x8f,
    0xb6, 0x40, 0x1f, 0xe7, 0xc3, 0x0, 0xff, 0x26,
    0xa8, 0x7, 0xe9, 0x80, 0xf, 0xfe, 0x15, 0x20,
    0x7, 0x9d, 0x80, 0x3c, 0x8c, 0xc3, 0x0, 0xf5,
    0x88, 0x6, 0x28, 0x0, 0xe8, 0xfb, 0x99, 0x66,
    0xa0, 0x7, 0x58, 0x6, 0x90, 0xe, 0xa7, 0x0,
    0xe2, 0xb4, 0x0, 0xca, 0x20, 0x2, 0x40, 0xc,
    0xca, 0x1, 0xfa, 0x80, 0x39, 0x80, 0x14, 0x1,
    0xd0, 0x1, 0xfc, 0x2a, 0x1, 0xb0, 0x0, 0x80,
    0x18, 0xc4, 0x3, 0xfd, 0xa0, 0x19, 0x40, 0x6,
    0x1, 0x8f, 0xff, 0xfe, 0x80, 0xc, 0x20, 0x20,
    0x1f, 0xfc, 0xb1, 0x30, 0xf, 0xff, 0x29, 0x80,
    0x72, 0x4c, 0xff, 0xf1, 0x44, 0x40, 0x1e, 0x66,
    0xff, 0xe2, 0x80, 0x4, 0x3, 0x20, 0x7, 0xff,
    0x1d, 0x0, 0x39, 0x80, 0x3f, 0xf8, 0xdc, 0x1,
    0xd0, 0x20, 0x1f, 0xf3, 0x88, 0x6, 0x42, 0x0,
    0xc3, 0x82, 0x1, 0xfd, 0x10, 0xc1, 0x0, 0xd2,
    0x1, 0xc5, 0xea, 0x1, 0xe5, 0xd7, 0x2, 0xc1,
    0x0, 0x91, 0xc0, 0x38, 0x6b, 0xaa, 0x26, 0xfa,
    0x88, 0x2, 0x27, 0x0, 0xd0, 0xa0, 0x1e, 0x15,
    0x76, 0x41, 0x0, 0xe6, 0x60, 0x7, 0x54, 0x0,
    0x7f, 0xf0, 0xe6, 0x40, 0x1f, 0x3e, 0xa0, 0x7,
    0xfc, 0xba, 0xc0, 0x1f, 0xc5, 0x7b, 0x8, 0x40,
    0x10, 0xa4, 0x6d, 0x10, 0x6,

    /* U+0066 "f" */
    0x0, 0xff, 0xe0, 0xb, 0x56, 0xff, 0xdd, 0x94,
    0xe6, 0x1, 0xfe, 0x19, 0xe9, 0x52, 0x0, 0x84,
    0xd6, 0x20, 0x1, 0xfc, 0x7e, 0xc0, 0x1f, 0xf0,
    0x80, 0x7e, 0x2d, 0x10, 0xf, 0xfe, 0x1, 0x0,
    0x7e, 0x91, 0x0, 0xf1, 0x22, 0xa9, 0x8, 0x3c,
    0x3, 0xe3, 0x40, 0xe, 0x5d, 0xd5, 0xd5, 0x2f,
    0x7d, 0x80, 0x3e, 0xa0, 0xe, 0x7a, 0x20, 0xf,
    0x84, 0x3, 0xe5, 0x0, 0xe8, 0x0, 0xff, 0xe2,
    0x98, 0x6, 0x40, 0xf, 0xfe, 0x58, 0x80, 0x7f,
    0xf5, 0xf3, 0xff, 0xc0, 0x1c, 0xbf, 0xff, 0xc0,
    0x1f, 0xff, 0xee, 0xcc, 0xf0, 0x7, 0x26, 0x67,
    0xf0, 0x0, 0x8c, 0xfc, 0x1, 0xc2, 0x67, 0xfc,
    0x1, 0xff, 0xff, 0x0, 0xff, 0xff, 0x80, 0x7f,
    0xff, 0xc0, 0x3f, 0xff, 0xe0, 0x1f, 0xff, 0xf0,
    0xf, 0xff, 0xf8, 0x7, 0xff, 0x50,

    /* U+0067 "g" */
    0x0, 0xf9, 0x6b, 0x7f, 0xdd, 0x8e, 0x20, 0xe,
    0xff, 0xc8, 0x1, 0xc7, 0xb4, 0xa4, 0x0, 0x13,
    0x8e, 0x60, 0x10, 0xf, 0xe5, 0xc2, 0x0, 0xfe,
    0x99, 0x0, 0x7f, 0x25, 0x0, 0x7f, 0xf0, 0x18,
    0x3, 0xf0, 0xd0, 0x7, 0xc8, 0xa8, 0x20, 0x1f,
    0xf4, 0x88, 0x7, 0x3f, 0xdd, 0x5f, 0x50, 0x80,
    0x7f, 0x38, 0x7, 0x4c, 0x0, 0x72, 0xe0, 0x80,
    0x7c, 0xa0, 0x1c, 0x8c, 0x1, 0xf1, 0x48, 0x7,
    0xd8, 0x1, 0xde, 0x1, 0xfc, 0x40, 0x1f, 0x20,
    0x6, 0x14, 0x0, 0xff, 0xe2, 0x90, 0x6, 0x50,
    0xf, 0xfe, 0x59, 0x0, 0x7f, 0xf1, 0x44, 0x3,
    0x84, 0x3, 0xff, 0xba, 0x20, 0x1c, 0x20, 0x1f,
    0xfc, 0xb2, 0x0, 0xff, 0xe3, 0x18, 0x6, 0x50,
    0xf, 0xfe, 0x32, 0x80, 0x61, 0x30, 0xf, 0xfe,
    0x2e, 0x0, 0x74, 0x80, 0x7f, 0x10, 0x7, 0xca,
    0x20, 0x19, 0x58, 0x3, 0xe2, 0x80, 0xf, 0xd2,
    0x1, 0xd2, 0xe0, 0x1c, 0xb8, 0x1, 0xfc, 0xe2,
    0x1, 0xd1, 0xf7, 0x57, 0xd4, 0x20, 0x1f, 0xed,
    0x0, 0xf9, 0x15, 0x4, 0x3, 0xff, 0x80, 0x74,
    0x1, 0xff, 0xc0, 0x40, 0xf, 0xf2, 0xe1, 0x0,
    0x7e, 0x1b, 0xe0, 0xf, 0xf8, 0xf6, 0x94, 0x80,
    0x2, 0x93, 0xc8, 0x60, 0x1c, 0xe0, 0x1f, 0x2d,
    0x6f, 0xfb, 0xad, 0x80, 0x2, 0x1, 0xc2, 0x1,
    0xff, 0xc5, 0xc0, 0xe, 0x20, 0xc, 0x8a, 0x1,
    0xfe, 0x14, 0x0, 0xc4, 0x1, 0x86, 0xa8, 0xa0,
    0x1f, 0xd4, 0x1, 0xd4, 0x1, 0xa8, 0x42, 0xa4,
    0x40, 0x38, 0xad, 0x0, 0x39, 0x80, 0x26, 0x40,
    0x9, 0xba, 0xe1, 0xe3, 0x35, 0x0, 0x3a, 0x4,
    0x2, 0x41, 0x0, 0xe4, 0x78, 0x73, 0x0, 0xf2,
    0x38, 0x6, 0x2c, 0x30, 0xf, 0xfe, 0x12, 0xd8,
    0x7, 0x8b, 0x24, 0x40, 0x3f, 0xc5, 0x54, 0x0,
    0xfe, 0x6e, 0xb6, 0x31, 0x0, 0x9, 0xbe, 0x6a,
    0x80, 0x70,

    /* U+0068 "h" */
    0x13, 0x3e, 0x0, 0xff, 0xe2, 0xa6, 0x67, 0x18,
    0x7, 0xff, 0xfc, 0x3, 0xff, 0xfe, 0x1, 0xff,
    0xff, 0x0, 0xfc, 0xd7, 0xdf, 0xed, 0xa5, 0x0,
    0xff, 0xe0, 0xa7, 0x4a, 0x8, 0x0, 0x96, 0xb4,
    0xc0, 0x3f, 0xcf, 0x62, 0x1, 0xf8, 0xb0, 0xc0,
    0x3f, 0x54, 0x0, 0x7f, 0xf0, 0x34, 0x3, 0xf3,
    0x0, 0x46, 0xaa, 0x20, 0xf, 0xb, 0x80, 0x7f,
    0x47, 0xe5, 0x53, 0x70, 0x80, 0x3a, 0x40, 0x3e,
    0x1d, 0x70, 0xe, 0x3c, 0x10, 0xc, 0x24, 0x1,
    0xeb, 0x20, 0xf, 0x86, 0x40, 0x39, 0x0, 0x3c,
    0xc0, 0x1f, 0xca, 0x1, 0xdc, 0x1, 0xff, 0xc4,
    0x20, 0xe, 0x10, 0xf, 0xff, 0xf8, 0x7, 0xff,
    0xfc, 0x3, 0xff, 0xfe, 0x1, 0xff, 0xff, 0x0,
    0xff, 0xfc, 0x0,

    /* U+0069 "i" */
    0x0, 0xfe, 0x6d, 0xfd, 0x50, 0xf, 0xfe, 0x22,
    0xc9, 0x1, 0x51, 0x80, 0x7f, 0xf0, 0xf8, 0x3,
    0x90, 0x3, 0xff, 0x92, 0x40, 0x1f, 0xfc, 0x3d,
    0x0, 0xc8, 0xa0, 0x1f, 0xfc, 0x36, 0x94, 0x46,
    0x58, 0x7, 0xff, 0x15, 0xae, 0xc6, 0x1, 0xff,
    0xd3, 0x1f, 0xff, 0xfe, 0xb, 0x0, 0x7f, 0xff,
    0x45, 0x13, 0xe3, 0x0, 0xff, 0xe1, 0x5d, 0xfd,
    0x0, 0x1f, 0xff, 0xf0, 0xf, 0xff, 0xf8, 0x7,
    0xff, 0xfc, 0x3, 0xff, 0xfe, 0x1, 0xff, 0xe0,
    0xaa, 0xfa, 0x0, 0x3a, 0xab, 0xe8, 0x15, 0x5f,
    0x8c, 0x3, 0x8d, 0x57, 0xe0, 0xf, 0xff, 0xb0,

    /* U+006A "j" */
    0x0, 0xfe, 0x1a, 0xff, 0x61, 0x80, 0x7f, 0xa9,
    0x40, 0x7, 0xa2, 0x1, 0xfc, 0x80, 0x18, 0x50,
    0x3, 0xf0, 0x80, 0x78, 0xc0, 0x3f, 0x9, 0x80,
    0x73, 0x80, 0x7f, 0x71, 0x0, 0x6, 0x84, 0x3,
    0xf8, 0xb7, 0x6e, 0x50, 0xf, 0xfe, 0x1, 0x10,
    0x3, 0xbb, 0xff, 0xff, 0x80, 0x1, 0xff, 0xe7,
    0x74, 0x4f, 0x8, 0x7, 0xe9, 0xbb, 0xf3, 0x80,
    0x7f, 0xff, 0xc0, 0x3f, 0xff, 0xe0, 0x1f, 0xff,
    0xf0, 0xf, 0xff, 0xf8, 0x7, 0xff, 0x9c, 0xc0,
    0x3f, 0xf8, 0x6e, 0x1, 0x84, 0x3, 0xf8, 0xc8,
    0x3, 0x28, 0x7, 0xe1, 0xe0, 0xe, 0xd0, 0x33,
    0xe4, 0x8f, 0x20, 0xe, 0x70, 0x9c, 0xcd, 0x6e,
    0x20, 0x1d, 0x2, 0x2, 0x1, 0xff, 0x23, 0x80,
    0x1c, 0x3, 0xfc, 0xd6, 0x1, 0x8, 0x7, 0xe4,
    0xc9, 0x0, 0xdf, 0x50, 0xf1, 0x9, 0xcf, 0xb3,
    0x0, 0xe0,

    /* U+006B "k" */
    0x13, 0x3e, 0x10, 0xf, 0xfe, 0x32, 0x66, 0x72,
    0x0, 0x7f, 0xff, 0xc0, 0x3f, 0xff, 0xe0, 0x1f,
    0xff, 0xf0, 0xf, 0xfe, 0xaa, 0x7f, 0xfa, 0x0,
    0x3f, 0xf8, 0x87, 0x60, 0x1c, 0xd0, 0x1, 0xff,
    0xc3, 0x2d, 0x0, 0xe5, 0x90, 0xf, 0xfe, 0x19,
    0x60, 0x80, 0x64, 0xa0, 0xf, 0xfe, 0x18, 0xf8,
    0x80, 0x63, 0xb0, 0xf, 0xfe, 0x18, 0xe1, 0x0,
    0x62, 0xd0, 0xf, 0xfe, 0x26, 0x90, 0x6, 0x1f,
    0x10, 0xf, 0xfe, 0x1d, 0x98, 0x7, 0x61, 0x0,
    0x7f, 0xf0, 0xe9, 0x0, 0x3b, 0x8, 0x3, 0xff,
    0x87, 0xa, 0x1, 0xd4, 0x60, 0x1f, 0xfc, 0x3e,
    0x70, 0xe, 0x95, 0x0, 0xff, 0xe2, 0x20, 0x7,
    0xbc, 0x3, 0xff, 0x98, 0xca, 0x1, 0xff, 0xcc,
    0xb2, 0x0, 0xff, 0xe5, 0x8f, 0x0, 0x7f, 0xf1,
    0x5f, 0x40, 0x38, 0xe0, 0x3, 0xff, 0x86, 0xf0,
    0x52, 0x1, 0xce, 0x80, 0x1f, 0xfc, 0x17, 0x80,
    0x3, 0x28, 0x7, 0x50, 0x80, 0x7f, 0xf0, 0x34,
    0x3, 0x58, 0x80, 0x61, 0xd0, 0xf, 0xfe, 0x28,
    0xe8, 0x7, 0x1c, 0x0, 0x7f, 0xf1, 0x4d, 0xc0,
    0x39, 0xd0, 0x3, 0xff, 0x8b, 0x6, 0x1, 0xd4,
    0x20, 0x1f, 0xfc, 0x5e, 0x0, 0xe1, 0xd0, 0xf,
    0xfe, 0x29, 0x50, 0x7, 0x1c, 0x0, 0x7f, 0xf1,
    0x55, 0x40, 0x1c, 0xe8, 0x1, 0xff, 0xc5, 0xa2,
    0x0, 0xea, 0x10,

    /* U+006C "l" */
    0x4f, 0xff, 0xfe, 0xb, 0x0, 0x7f, 0xff, 0xc0,
    0xe, 0x89, 0xf1, 0x80, 0x7f, 0xf0, 0x8e, 0xef,
    0xe8, 0x0, 0xff, 0xff, 0x80, 0x7f, 0xff, 0xc0,
    0x3f, 0xff, 0xe0, 0x1f, 0xff, 0xf0, 0xf, 0xff,
    0xf8, 0x7, 0xff, 0xfc, 0x3, 0xff, 0xfe, 0x1,
    0xff, 0xf4, 0x3a, 0xaf, 0xa0, 0x3, 0xaa, 0xbf,
    0x3, 0xaa, 0xfc, 0x60, 0x1c, 0x6a, 0xbf, 0x8,
    0x7, 0xff, 0xe4,

    /* U+006D "m" */
    0xf, 0xfd, 0xa0, 0x7, 0xdf, 0xf6, 0xc0, 0x4,
    0xf9, 0xfe, 0xd8, 0x10, 0xf, 0x8c, 0x76, 0x8,
    0x0, 0x4f, 0xa5, 0xb0, 0x60, 0x2, 0x7c, 0x10,
    0xf, 0xe, 0x90, 0x7, 0x8b, 0x48, 0x3, 0xc5,
    0x40, 0x1f, 0x18, 0x7, 0xff, 0x15, 0x8, 0x3,
    0xe8, 0xb8, 0x0, 0xf1, 0x4d, 0xb8, 0x7, 0x28,
    0x7, 0xa5, 0xd1, 0xe0, 0x3, 0xbd, 0x92, 0x14,
    0x3, 0x68, 0x7, 0x9c, 0x2, 0x40, 0xc, 0x24,
    0x1, 0x68, 0x6, 0x10, 0xf, 0xfe, 0x40, 0x80,
    0x7f, 0xf4, 0x9c, 0x3, 0xff, 0xfe, 0x1, 0xff,
    0xff, 0x0, 0xff, 0xff, 0x80, 0x7f, 0xff, 0xc0,
    0x3f, 0xff, 0xe0, 0x1f, 0xff, 0x70,

    /* U+006E "n" */
    0x5f, 0xfd, 0x60, 0x19, 0xaf, 0xbf, 0xdb, 0x4a,
    0x1, 0xfe, 0x60, 0x3, 0x74, 0xa0, 0x80, 0x9,
    0x6b, 0x4c, 0x3, 0xf1, 0x84, 0xc8, 0x40, 0x3f,
    0x16, 0x18, 0x7, 0xc3, 0xc, 0x1, 0xff, 0xc0,
    0xd0, 0xf, 0xce, 0x1, 0x1a, 0xa8, 0x80, 0x3c,
    0x2e, 0x1, 0xfd, 0x1d, 0x95, 0x4d, 0xd1, 0x80,
    0x74, 0x80, 0x7e, 0xb7, 0x10, 0xc, 0x58, 0x20,
    0x18, 0x48, 0x3, 0xd0, 0x80, 0x1f, 0xa4, 0x3,
    0x9c, 0x3, 0xc8, 0x1, 0xfc, 0x80, 0x1c, 0x40,
    0x1f, 0xfc, 0x42, 0x0, 0xef, 0x0, 0xff, 0xff,
    0x80, 0x7f, 0xff, 0xc0, 0x3f, 0xff, 0xe0, 0x1f,
    0xff, 0xf0, 0xf, 0xff, 0xc0,

    /* U+006F "o" */
    0x0, 0xf8, 0x5a, 0xb7, 0xfe, 0xda, 0x50, 0xf,
    0xfe, 0x14, 0x74, 0xa9, 0x0, 0x44, 0xb5, 0xcc,
    0x1, 0xfe, 0x2d, 0x70, 0xf, 0xf0, 0xcd, 0x80,
    0x7e, 0x2c, 0x20, 0xf, 0xfe, 0xa, 0x60, 0x7,
    0xde, 0x20, 0x1c, 0x2a, 0xc8, 0x20, 0x1c, 0x74,
    0x1, 0xd0, 0x40, 0x1d, 0x5d, 0x53, 0x7c, 0xe0,
    0x1c, 0xa8, 0x1, 0xb, 0x80, 0x76, 0x28, 0x7,
    0x44, 0x80, 0x74, 0x0, 0x4c, 0x1, 0xd0, 0x60,
    0x1f, 0x32, 0x0, 0x63, 0x30, 0x2, 0xc0, 0x39,
    0xc0, 0x3f, 0xa0, 0x3, 0xac, 0x0, 0x60, 0x19,
    0x40, 0x3f, 0xc6, 0x20, 0x19, 0x0, 0xc0, 0x3b,
    0x0, 0x3f, 0xe4, 0x0, 0xc6, 0xc, 0x1, 0xc4,
    0x1, 0xff, 0x10, 0x7, 0x9, 0x80, 0x73, 0x80,
    0x7f, 0xde, 0x1, 0xc6, 0x1, 0xff, 0xcd, 0x30,
    0xf, 0xfe, 0x59, 0x88, 0x7, 0x30, 0x7, 0xfd,
    0xc0, 0x1c, 0x2c, 0x1, 0xda, 0x1, 0xff, 0x28,
    0x6, 0x10, 0x21, 0x0, 0xc8, 0x1, 0xff, 0x18,
    0x6, 0x40, 0x2, 0x0, 0x63, 0x30, 0x7, 0xf3,
    0x0, 0x76, 0x0, 0x38, 0x3, 0xbc, 0x3, 0xf0,
    0xc0, 0x7, 0x38, 0x1, 0xc, 0x3, 0x1c, 0x80,
    0x78, 0x74, 0x40, 0x33, 0x8, 0x5, 0xe0, 0x1c,
    0xd8, 0xa4, 0x24, 0xfe, 0x60, 0x18, 0x60, 0x3,
    0x1c, 0x0, 0x71, 0xd6, 0xf6, 0xc0, 0x80, 0x75,
    0x8, 0x7, 0x3b, 0x80, 0x3f, 0xf8, 0x74, 0x80,
    0x1f, 0x44, 0x80, 0x7f, 0xf0, 0xb, 0x14, 0x3,
    0xf9, 0xb9, 0xc4, 0x3, 0xe2, 0x9d, 0x30, 0xf,
    0xf8, 0x63, 0xb6, 0xa2, 0x2a, 0xdd, 0x30, 0x7,
    0xc0,

    /* U+0070 "p" */
    0x5f, 0xfd, 0xc0, 0x1, 0x7b, 0xef, 0xf6, 0xd2,
    0x80, 0x7f, 0xc2, 0xd, 0xd0, 0x82, 0x0, 0x25,
    0xad, 0x30, 0xf, 0xf4, 0xc8, 0x3, 0xf8, 0xb1,
    0x40, 0x3f, 0x98, 0x3, 0xff, 0x81, 0x46, 0x1,
    0xff, 0xa, 0x29, 0x80, 0x7d, 0xc0, 0x1f, 0xc3,
    0x7d, 0x75, 0x9c, 0xa0, 0x1c, 0x4c, 0x1, 0xf0,
    0xfa, 0x0, 0x61, 0xa6, 0x0, 0xeb, 0x0, 0xfa,
    0xc4, 0x3, 0xe9, 0x10, 0xc, 0x44, 0x0, 0xf0,
    0x80, 0x7f, 0x48, 0x7, 0x20, 0x7, 0xff, 0x11,
    0x40, 0x3b, 0xc0, 0x3f, 0xf8, 0x84, 0x1, 0xc4,
    0x1, 0xff, 0xc5, 0x20, 0xc, 0xe0, 0x1f, 0xfc,
    0x51, 0x0, 0xc2, 0x1, 0xff, 0xdc, 0x10, 0xc,
    0x20, 0x1f, 0xfc, 0x53, 0x0, 0xce, 0x1, 0xff,
    0xc4, 0x21, 0x0, 0xc4, 0x1, 0xff, 0xc4, 0x40,
    0xe, 0xf0, 0xf, 0x8, 0x7, 0xf5, 0x80, 0x72,
    0x0, 0x7a, 0x4, 0x3, 0xe8, 0x20, 0xc, 0x64,
    0x1, 0xe2, 0xc3, 0x0, 0xe8, 0x70, 0xe, 0x90,
    0xf, 0xc5, 0x98, 0x99, 0x57, 0x38, 0x7, 0x12,
    0x80, 0x7f, 0x8d, 0x98, 0xa2, 0x1, 0xee, 0x0,
    0xfc, 0x80, 0x1f, 0xfc, 0xb, 0x30, 0xf, 0xdf,
    0x42, 0x1, 0xf8, 0xf5, 0x0, 0x3f, 0xcb, 0xd2,
    0x82, 0x0, 0x25, 0xac, 0x20, 0xf, 0xfe, 0xb,
    0x5f, 0x7f, 0xb6, 0x94, 0x3, 0xff, 0xfe, 0x1,
    0xff, 0xff, 0x0, 0xff, 0xf9, 0x80,

    /* U+0071 "q" */
    0x0, 0xf9, 0xaf, 0xbf, 0xdd, 0x6c, 0x1, 0x7f,
    0xf0, 0x80, 0x72, 0xf4, 0xa0, 0x80, 0x5, 0x27,
    0x90, 0x40, 0x3f, 0xcf, 0x42, 0x1, 0xf8, 0x6e,
    0x0, 0x3f, 0x9a, 0x0, 0x3f, 0xf8, 0xc, 0x1,
    0xf8, 0x64, 0x3, 0xc2, 0xac, 0xa2, 0x1, 0xff,
    0x58, 0x7, 0xa7, 0xaa, 0x6b, 0xa4, 0x3, 0xf8,
    0x54, 0x3, 0xa9, 0x80, 0x39, 0xb0, 0x3, 0xf3,
    0x80, 0x72, 0xa8, 0x3, 0xe3, 0x60, 0xf, 0xb0,
    0x3, 0xa4, 0x3, 0xff, 0x8a, 0xe0, 0x18, 0x4c,
    0x3, 0xff, 0x8a, 0x40, 0x19, 0x40, 0x3f, 0xf9,
    0x64, 0x1, 0xff, 0xc5, 0x10, 0xe, 0x10, 0xf,
    0xfe, 0xe8, 0x80, 0x70, 0x80, 0x7f, 0xf2, 0xcc,
    0x3, 0xff, 0x8c, 0x40, 0x19, 0x0, 0x3f, 0xf8,
    0xce, 0x1, 0x84, 0x80, 0x3f, 0xf8, 0xbe, 0x1,
    0xd6, 0x1, 0xff, 0xc5, 0x50, 0xe, 0x64, 0x0,
    0xf8, 0xd8, 0x3, 0xf3, 0x0, 0x75, 0xa8, 0x7,
    0x2e, 0x0, 0x7f, 0x40, 0x80, 0x75, 0x6c, 0xca,
    0xba, 0x80, 0x3f, 0xc3, 0x60, 0x1e, 0x26, 0x62,
    0x88, 0x7, 0xff, 0x1, 0x64, 0x3, 0xff, 0x80,
    0x60, 0x1f, 0xe6, 0xb1, 0x0, 0xfc, 0x58, 0xa0,
    0x1f, 0xf2, 0x74, 0xa0, 0x80, 0x5, 0x6b, 0x4c,
    0x3, 0xff, 0x84, 0xd7, 0xdf, 0xee, 0xa5, 0x0,
    0xff, 0xff, 0x80, 0x7f, 0xff, 0xc0, 0x3f, 0xff,
    0xe0,

    /* U+0072 "r" */
    0xdf, 0xfc, 0xc0, 0x19, 0x6b, 0x7f, 0xf7, 0x50,
    0x7, 0x8, 0x1, 0x36, 0x94, 0x80, 0x30, 0x80,
    0x7b, 0xc1, 0xec, 0x80, 0x3f, 0x10, 0x7, 0xb,
    0xc0, 0x7, 0xfb, 0x80, 0x39, 0xe0, 0x3, 0xfe,
    0x50, 0xe, 0x10, 0xc, 0x28, 0xaa, 0x43, 0x10,
    0x20, 0xf, 0xc7, 0x9d, 0x75, 0x4b, 0xce, 0xe0,
    0x80, 0x7c, 0xf8, 0x60, 0x1f, 0x8, 0x7, 0xc9,
    0x0, 0x1f, 0xfc, 0x59, 0x0, 0xff, 0xe2, 0x99,
    0x0, 0x7f, 0xff, 0xc0, 0x3f, 0xff, 0xe0, 0x1f,
    0xff, 0xf0, 0xf, 0xff, 0xe0,

    /* U+0073 "s" */
    0x0, 0xf0, 0xb5, 0x6f, 0xfd, 0xd9, 0x28, 0x1,
    0xfe, 0x19, 0xe9, 0x52, 0x0, 0x84, 0xda, 0xf9,
    0x80, 0x3e, 0x3f, 0x60, 0xf, 0xf8, 0x66, 0xc4,
    0x3, 0x1e, 0x8, 0x7, 0xff, 0x9, 0x34, 0x3,
    0x70, 0x7, 0xb, 0xd5, 0xda, 0xc, 0x3, 0x8e,
    0x0, 0xa, 0x40, 0x19, 0xba, 0x15, 0x10, 0xf9,
    0x20, 0x1c, 0xe2, 0x1e, 0x1, 0x86, 0x40, 0x3e,
    0x67, 0x0, 0xe4, 0x6, 0x0, 0xca, 0x1, 0xfd,
    0x40, 0x1c, 0x40, 0xe0, 0x19, 0x40, 0x3f, 0x8b,
    0xbb, 0x9c, 0xc, 0x3, 0xd, 0x8, 0x7, 0xe1,
    0x1e, 0x0, 0x48, 0x7, 0x2f, 0x52, 0x90, 0x7,
    0xff, 0x0, 0x68, 0x3, 0xcb, 0x5b, 0xf7, 0x8,
    0x1, 0xfc, 0xb4, 0x1, 0xfc, 0x8f, 0x7d, 0x24,
    0x1, 0xf2, 0xf3, 0x0, 0x7f, 0x85, 0xb6, 0x80,
    0x3e, 0x19, 0xe9, 0x30, 0xf, 0xf2, 0xe8, 0x80,
    0x7c, 0x2d, 0x9f, 0x70, 0x82, 0x1, 0xe2, 0xa0,
    0xf, 0xf9, 0x1e, 0xfa, 0xd0, 0x3, 0x91, 0x0,
    0x1f, 0xfc, 0x24, 0xb9, 0x0, 0xec, 0x9f, 0xfd,
    0xc0, 0x1f, 0xe6, 0x10, 0xc, 0x5c, 0x1, 0x84,
    0x80, 0x3f, 0xc6, 0x1, 0xca, 0x1, 0xdc, 0x20,
    0x1f, 0x90, 0x80, 0x36, 0x92, 0x80, 0x63, 0xc5,
    0x0, 0xe1, 0x7b, 0x0, 0xe6, 0xb, 0x10, 0xc,
    0x55, 0xfb, 0x98, 0xde, 0x80, 0xe, 0x71, 0x1,
    0xc1, 0x0, 0xf1, 0x19, 0x88, 0x3, 0xcb, 0x0,
    0x11, 0x7a, 0x80, 0x7f, 0xf0, 0xa2, 0x80, 0x38,
    0x6b, 0x18, 0x40, 0x3f, 0x14, 0x73, 0x80, 0x7e,
    0x39, 0xec, 0xa8, 0x8a, 0x6f, 0xb5, 0xc4, 0x3,
    0x0,

    /* U+0074 "t" */
    0x0, 0xf5, 0xff, 0xee, 0x0, 0xff, 0xff, 0x80,
    0x7f, 0xf9, 0xfb, 0xff, 0x90, 0x3, 0xf, 0xff,
    0xf3, 0x0, 0x7f, 0xfe, 0xb7, 0x33, 0x8c, 0x3,
    0xe, 0x67, 0xf3, 0x81, 0x9f, 0x9c, 0x3, 0x8c,
    0xff, 0x84, 0x3, 0xff, 0xfe, 0x1, 0xff, 0xff,
    0x0, 0xff, 0xff, 0x80, 0x7f, 0xfb, 0x84, 0x3,
    0x8, 0x80, 0x3f, 0xf8, 0x84, 0x1, 0xc8, 0x1,
    0xff, 0xc4, 0xd0, 0xe, 0xb1, 0x0, 0xff, 0xe1,
    0xa8, 0x7, 0xf, 0xc2, 0x19, 0x95, 0xeb, 0x0,
    0x3f, 0x30, 0x7, 0xb, 0xde, 0x62, 0xa1, 0x4c,
    0x40, 0x3e, 0x92, 0x0, 0xff, 0xe0, 0x90, 0x7,
    0xef, 0x20, 0xf, 0xfe, 0x2, 0x80, 0x7e, 0x2d,
    0x70, 0xf, 0xe3, 0x96, 0x0, 0xff, 0x47, 0xe4,
    0xc4, 0x55, 0x9f, 0x8c, 0x0,

    /* U+0075 "u" */
    0x2f, 0xfe, 0x60, 0xf, 0xe4, 0xff, 0xe5, 0x0,
    0xff, 0xff, 0x80, 0x7f, 0xff, 0xc0, 0x3f, 0xff,
    0xe0, 0x1f, 0xff, 0xf0, 0xf, 0xff, 0x38, 0x80,
    0x7f, 0xf1, 0xc, 0x3, 0xbc, 0x3, 0xff, 0x88,
    0x20, 0x1c, 0x40, 0x1f, 0xc2, 0x1, 0xf1, 0x80,
    0x65, 0x0, 0xfe, 0x80, 0xf, 0x90, 0x3, 0xa0,
    0x3, 0xc3, 0x64, 0x1, 0xf5, 0x0, 0x73, 0xda,
    0x91, 0x12, 0x3d, 0x0, 0x3f, 0x12, 0x80, 0x72,
    0x56, 0xea, 0xdc, 0x40, 0x80, 0x3f, 0x58, 0x80,
    0x7f, 0xc3, 0xe0, 0x1f, 0x87, 0x44, 0x3, 0xf8,
    0x70, 0x84, 0x3, 0xf1, 0xfb, 0x0, 0x7c, 0xde,
    0x40, 0x40, 0x1f, 0xc3, 0x3f, 0x73, 0x10, 0xbf,
    0x91, 0x0, 0x67, 0xfe, 0x50,

    /* U+0076 "v" */
    0xd, 0xff, 0xdc, 0x1, 0xff, 0xc0, 0x2f, 0xfe,
    0x90, 0xa0, 0xc, 0x28, 0x1, 0xff, 0x28, 0x7,
    0x50, 0x30, 0x7, 0x68, 0x7, 0xfd, 0x40, 0x18,
    0x8c, 0x5, 0x0, 0x33, 0x80, 0x7f, 0x88, 0x80,
    0x1a, 0x80, 0x2e, 0x0, 0xc2, 0x80, 0x1f, 0xca,
    0x1, 0xcc, 0x1, 0x28, 0x80, 0x6d, 0x0, 0xfe,
    0xb0, 0xc, 0x82, 0x1, 0x98, 0x3, 0x38, 0x7,
    0xe2, 0x30, 0xd, 0xc0, 0x1d, 0x40, 0x18, 0x50,
    0x3, 0xe5, 0x0, 0xc2, 0xa0, 0x1c, 0x46, 0x1,
    0xb4, 0x3, 0xeb, 0x0, 0xce, 0x1, 0xf5, 0x0,
    0x67, 0x0, 0xf1, 0x18, 0x6, 0xb0, 0xf, 0x98,
    0x3, 0xa, 0x0, 0x72, 0x80, 0x63, 0x20, 0xf,
    0xca, 0x1, 0xb4, 0x3, 0xac, 0x3, 0x50, 0x7,
    0xf7, 0x0, 0x67, 0x0, 0xc2, 0x60, 0x19, 0xc0,
    0x3f, 0x90, 0x80, 0x21, 0x40, 0x9, 0xc0, 0x32,
    0x88, 0x7, 0xfa, 0x80, 0x36, 0x80, 0x54, 0x1,
    0xb8, 0x3, 0xfe, 0x60, 0xc, 0xe0, 0x1, 0x30,
    0x8, 0x50, 0x3, 0xfe, 0x14, 0x0, 0x85, 0x1,
    0xc0, 0x33, 0x0, 0x7f, 0xf0, 0x78, 0x3, 0x68,
    0x50, 0x6, 0xa0, 0xf, 0xfe, 0xa, 0x88, 0x4,
    0xe2, 0x60, 0x12, 0x10, 0x7, 0xff, 0x9, 0xc0,
    0x21, 0x90, 0xd, 0xc0, 0x1f, 0xfc, 0x3b, 0x0,
    0xcc, 0x1, 0x94, 0x3, 0xff, 0x86, 0x46, 0x1,
    0x8, 0x4, 0xc0, 0x1f, 0xfc, 0x5a, 0x0, 0xfa,
    0x80, 0x3f, 0xf8, 0xae, 0x1, 0xe2, 0x30, 0xf,
    0xfe, 0x28, 0xa8, 0x7, 0x50, 0x7, 0xff, 0x1f,
    0x80, 0x39, 0x80, 0x3f, 0x80,

    /* U+0077 "w" */
    0x1f, 0xfe, 0x0, 0xf5, 0x7f, 0xc8, 0x1, 0xcb,
    0xff, 0xac, 0x48, 0x3, 0x10, 0x7, 0x38, 0x4,
    0x60, 0x1c, 0x40, 0x18, 0xc1, 0xc0, 0x33, 0x0,
    0x71, 0x0, 0x5a, 0x1, 0xda, 0x1, 0xb4, 0x34,
    0x3, 0x10, 0x6, 0x40, 0xc, 0x80, 0x1c, 0xc0,
    0x19, 0xc0, 0xc0, 0x37, 0x80, 0x63, 0x0, 0xc2,
    0x20, 0xc, 0x40, 0x18, 0x81, 0x40, 0x31, 0x0,
    0x6d, 0x0, 0xe5, 0x0, 0x84, 0x40, 0x11, 0x80,
    0x4, 0x40, 0x13, 0x0, 0x64, 0x0, 0xec, 0x0,
    0x88, 0x3, 0x28, 0x4, 0xa0, 0x11, 0x0, 0x42,
    0x20, 0xe, 0x30, 0x9, 0x80, 0x37, 0x80, 0x46,
    0x1, 0x88, 0x0, 0xa0, 0x11, 0x0, 0x14, 0x2,
    0xd0, 0xc, 0xa0, 0x16, 0x80, 0x66, 0x0, 0x18,
    0x5, 0x40, 0x1, 0x20, 0x1, 0x0, 0x63, 0x0,
    0x9c, 0x3, 0x18, 0x3, 0x0, 0x4, 0x60, 0x13,
    0x80, 0x18, 0x2, 0x20, 0xc, 0x40, 0x1b, 0x80,
    0xa, 0x0, 0x75, 0x0, 0xb4, 0x0, 0x40, 0x13,
    0x80, 0x71, 0x80, 0x44, 0x2, 0x20, 0x6, 0x89,
    0x0, 0x10, 0x4, 0x40, 0x16, 0x80, 0x72, 0x80,
    0x4a, 0x8, 0x1, 0x20, 0x38, 0x0, 0xc0, 0x80,
    0x31, 0x80, 0x77, 0x80, 0x42, 0x1a, 0x1, 0x18,
    0x60, 0x4, 0x4c, 0x1, 0x94, 0x3, 0x94, 0x3,
    0x11, 0x80, 0xc, 0x0, 0xa0, 0x12, 0x68, 0x4,
    0x22, 0x0, 0xe3, 0x0, 0xce, 0xa0, 0x5, 0x0,
    0x18, 0x5, 0xc4, 0x1, 0x28, 0x7, 0xc4, 0x1,
    0x68, 0x80, 0x30, 0x2, 0x30, 0x1, 0xb0, 0x4,
    0x60, 0x1f, 0x38, 0x4, 0xa0, 0x13, 0x80, 0x48,
    0x0, 0x52, 0x0, 0xb4, 0x3, 0xed, 0x0, 0x88,
    0x0, 0x24, 0x1, 0x60, 0x0, 0x44, 0x1, 0x38,
    0x7, 0xc6, 0x1, 0xe5, 0x0, 0xca, 0x1, 0xf1,
    0x0, 0x7c, 0xa0, 0x1e, 0xc0, 0xc, 0x24, 0x1,
    0xc6, 0x1, 0xf8, 0x44, 0x1, 0xc6, 0x1, 0xce,
    0x1, 0xca, 0x1, 0xfc, 0xa0, 0x1c, 0x80, 0x1d,
    0x80, 0x1d, 0xe0, 0x1f, 0xc6, 0x1, 0x88, 0x3,
    0xca, 0x1, 0xca, 0x1, 0xfd, 0xa0, 0x19, 0x0,
    0x3c, 0x60, 0x1c, 0x60, 0x18,

    /* U+0078 "x" */
    0x1f, 0xff, 0x10, 0x7, 0xfa, 0x3f, 0xfa, 0xc0,
    0x68, 0x3, 0xb8, 0x3, 0xf8, 0xdc, 0x3, 0xd,
    0x0, 0x15, 0x40, 0x18, 0xe0, 0x3, 0xf7, 0x0,
    0x75, 0x88, 0x5, 0x62, 0x1, 0x9c, 0xc0, 0x3d,
    0x44, 0x1, 0x99, 0x40, 0x30, 0xd0, 0x7, 0x70,
    0x7, 0x2a, 0x80, 0x31, 0x48, 0x7, 0x91, 0x80,
    0x31, 0x48, 0x4, 0x36, 0x1, 0xdc, 0x1, 0xfa,
    0x48, 0x3, 0x32, 0x0, 0x28, 0x40, 0x33, 0x98,
    0x7, 0xf7, 0x0, 0x75, 0xb, 0xa0, 0x6, 0x38,
    0x0, 0xff, 0x1b, 0x80, 0x61, 0xd8, 0x0, 0xee,
    0x0, 0xff, 0xe0, 0x41, 0x80, 0x63, 0x0, 0xe8,
    0x20, 0xf, 0xfe, 0xf, 0x0, 0x7f, 0x23, 0x80,
    0x7f, 0xf0, 0x8a, 0x40, 0x3f, 0x50, 0x7, 0xff,
    0x11, 0x90, 0x3, 0xd2, 0x20, 0x1f, 0xfc, 0x41,
    0x50, 0xf, 0x78, 0x7, 0xff, 0x16, 0x84, 0x3,
    0xcc, 0xa0, 0x1f, 0xfc, 0x36, 0x40, 0xf, 0xd6,
    0x20, 0x1f, 0xfc, 0x12, 0x90, 0xf, 0xe1, 0xa0,
    0xf, 0xfe, 0xf, 0x0, 0x74, 0x98, 0x6, 0x46,
    0x0, 0xff, 0x9c, 0xc0, 0x32, 0x37, 0x0, 0x74,
    0x90, 0x7, 0xf1, 0xc0, 0x6, 0x1a, 0x2, 0x90,
    0xe, 0xe0, 0xf, 0xee, 0x0, 0xeb, 0x10, 0x3,
    0x20, 0x6, 0x37, 0x0, 0xfa, 0x48, 0x3, 0x2a,
    0x80, 0x35, 0x8, 0x6, 0x83, 0x0, 0xe4, 0x60,
    0xc, 0x36, 0x1, 0xc3, 0x40, 0x1d, 0xc0, 0x18,
    0x68, 0x3, 0xa8, 0x40, 0x3c, 0x8c, 0x1, 0x8a,
    0x40, 0x2b, 0x10, 0xc, 0xe8, 0x1, 0xfa, 0x48,
    0x3, 0x32, 0x2, 0xa8, 0x3, 0x14, 0x0, 0x7f,
    0xb8, 0x3, 0xa8, 0x40,

    /* U+0079 "y" */
    0x6f, 0xfe, 0xb0, 0xf, 0xfe, 0xa, 0x7f, 0xf7,
    0x3, 0x8, 0x6, 0x42, 0x0, 0xff, 0xe0, 0x70,
    0x7, 0x48, 0x1, 0x80, 0x3a, 0x80, 0x3f, 0xe1,
    0x50, 0xe, 0x60, 0x4, 0x80, 0x73, 0x0, 0x7f,
    0xcc, 0x1, 0xcc, 0x20, 0x1, 0x50, 0xc, 0x2a,
    0x1, 0xfe, 0xa0, 0xe, 0xb0, 0xd, 0x20, 0x1d,
    0xc0, 0x1f, 0xc6, 0x40, 0x19, 0x8, 0x3, 0x19,
    0x80, 0x32, 0x10, 0x7, 0xea, 0x0, 0xef, 0x0,
    0xf4, 0x80, 0x75, 0x0, 0x7e, 0x60, 0xc, 0x48,
    0x1, 0xe5, 0x10, 0xc, 0xc0, 0x1f, 0x28, 0x7,
    0x50, 0x7, 0xe9, 0x0, 0xc2, 0xa0, 0x1e, 0xe0,
    0xe, 0x60, 0xf, 0xcc, 0x1, 0xdc, 0x1, 0xc4,
    0x80, 0x19, 0x84, 0x3, 0xf0, 0xb0, 0x6, 0x41,
    0x0, 0xd4, 0x1, 0xd6, 0x1, 0xfe, 0xa0, 0xe,
    0x90, 0xc, 0xc0, 0x19, 0x8, 0x3, 0xfc, 0x66,
    0x0, 0xcc, 0x1, 0x20, 0x80, 0x6f, 0x0, 0xff,
    0xe0, 0x48, 0x6, 0x14, 0x0, 0x70, 0x6, 0x24,
    0x0, 0xff, 0xe0, 0x28, 0x80, 0x6f, 0x1, 0x50,
    0xd, 0x40, 0x1f, 0xfc, 0x29, 0x0, 0xc8, 0xe,
    0x1, 0xce, 0x1, 0xff, 0xc2, 0x60, 0xe, 0x5a,
    0x0, 0xcc, 0x1, 0xff, 0xc3, 0x16, 0x0, 0xd2,
    0x60, 0x1a, 0xc0, 0x3f, 0xf8, 0x96, 0x1, 0x8c,
    0x3, 0x21, 0x0, 0x7f, 0xf1, 0x9, 0x0, 0x3f,
    0x78, 0x7, 0xff, 0x1b, 0xc0, 0x3e, 0x24, 0x0,
    0xff, 0xe3, 0x21, 0x0, 0x7a, 0xc0, 0x3f, 0xf9,
    0x16, 0x1, 0xe6, 0x0, 0xff, 0xe4, 0x30, 0x7,
    0x30, 0x7, 0xff, 0x24, 0x80, 0x3a, 0xc0, 0x3f,
    0xf9, 0x30, 0x1, 0x90, 0x80, 0x3f, 0xf9, 0x4,
    0xa0, 0x1b, 0xc0, 0x3f, 0xf9, 0x30, 0x1, 0x89,
    0x0, 0x3f, 0xf9, 0x8, 0xa0, 0x1a, 0xc0, 0x3f,
    0xf9, 0x5, 0x40, 0x18, 0x58, 0x3, 0xff, 0x88,
    0x28, 0x87, 0xd1, 0x0, 0xd2, 0x1, 0xff, 0xc5,
    0x9b, 0xb4, 0x0, 0x71, 0x38, 0x7, 0xff, 0x14,
    0xc0, 0x3e, 0x1f, 0x0, 0xff, 0xe3, 0x28, 0x7,
    0x87, 0x48, 0x3, 0xff, 0x8c, 0x20, 0x1c, 0xde,
    0x60, 0x1f, 0xfc, 0x7c, 0x98, 0x85, 0x74, 0x88,
    0x7, 0xff, 0x14,

    /* U+007A "z" */
    0x8f, 0xff, 0xfe, 0x4b, 0x0, 0x7f, 0xfe, 0xcc,
    0x35, 0x9b, 0xff, 0x82, 0x60, 0x1e, 0x55, 0x2,
    0xcc, 0xff, 0xf0, 0x20, 0x80, 0x38, 0xe8, 0x3,
    0xff, 0x87, 0xa2, 0x1, 0x87, 0x40, 0x3f, 0xf8,
    0x72, 0x60, 0x1d, 0xa2, 0x1, 0xff, 0xc2, 0x76,
    0x0, 0xea, 0x30, 0xf, 0xfe, 0x12, 0x40, 0x7,
    0x3a, 0x80, 0x7f, 0xf0, 0x8a, 0xc0, 0x39, 0x20,
    0x3, 0xff, 0x84, 0x3e, 0x1, 0xc5, 0x60, 0x1f,
    0xfc, 0x3a, 0x20, 0xc, 0x3e, 0x1, 0xff, 0xc3,
    0x94, 0x0, 0xea, 0x20, 0xf, 0xfe, 0x13, 0x30,
    0x3, 0xa5, 0x0, 0x3f, 0xf8, 0x47, 0x20, 0x1c,
    0xcc, 0x0, 0xff, 0xe1, 0xe, 0x80, 0x72, 0x48,
    0x7, 0xff, 0xf, 0x4, 0x3, 0x15, 0x0, 0x7f,
    0xf0, 0xe8, 0x80, 0x3b, 0xc4, 0x3, 0xff, 0x85,
    0xa, 0x1, 0xd6, 0x40, 0x1f, 0xfc, 0x25, 0x70,
    0xe, 0x84, 0x0, 0xff, 0xe1, 0x1d, 0x0, 0x70,
    0xfc, 0x47, 0xff, 0x8, 0x3c, 0x3, 0xc2, 0xef,
    0xff, 0xc3, 0x11, 0x0, 0x7f, 0xfe, 0xc0,

    /* U+007B "{" */
    0x0, 0xff, 0xe0, 0x89, 0x88, 0x7, 0xff, 0x1,
    0x73, 0xb2, 0x40, 0x3f, 0xc3, 0x74, 0x60, 0x4,
    0x0, 0xff, 0x6a, 0x0, 0x63, 0x0, 0xfe, 0x83,
    0x0, 0x8a, 0xfc, 0x3, 0xf1, 0x38, 0x4, 0x38,
    0x80, 0x1f, 0xd4, 0x1, 0xa0, 0x40, 0x3f, 0xca,
    0x1, 0x9c, 0x3, 0xfc, 0x24, 0x1, 0x8, 0x80,
    0x3f, 0xca, 0x1, 0x8c, 0x3, 0xfe, 0x20, 0xf,
    0xfe, 0x20, 0x80, 0x61, 0x0, 0xff, 0xff, 0x80,
    0x6f, 0x0, 0xff, 0xe2, 0x8, 0x6, 0x60, 0xf,
    0xf9, 0x0, 0x36, 0x0, 0x7f, 0x94, 0x80, 0x33,
    0x80, 0x7f, 0x1d, 0x80, 0x67, 0x10, 0xe, 0x13,
    0x6b, 0xc1, 0x0, 0x8e, 0x0, 0x3d, 0x19, 0x28,
    0x1, 0x93, 0x0, 0x3f, 0xf8, 0x25, 0x56, 0x1,
    0xff, 0xc2, 0x2d, 0x0, 0xff, 0xe2, 0x3e, 0x90,
    0x7, 0xd3, 0xf8, 0xe0, 0x18, 0xb0, 0x40, 0x3f,
    0x1c, 0x71, 0x0, 0x43, 0x60, 0x1f, 0xe1, 0xe0,
    0xc, 0xa4, 0x1, 0xfe, 0x33, 0x0, 0x65, 0x0,
    0xff, 0x94, 0x3, 0x68, 0x7, 0xfd, 0xc0, 0x19,
    0x80, 0x3f, 0xff, 0xe0, 0x1f, 0xc2, 0x1, 0xff,
    0x8, 0x7, 0xff, 0x11, 0x40, 0x31, 0x0, 0x7f,
    0xc6, 0x1, 0xc2, 0x1, 0xff, 0x18, 0x6, 0x70,
    0xf, 0xfa, 0x80, 0x35, 0x0, 0x7f, 0xcc, 0x40,
    0x11, 0xb8, 0x7, 0xfd, 0x20, 0x1a, 0x29, 0x40,
    0x3f, 0x92, 0x0, 0x32, 0xd8, 0x7, 0xf9, 0xe8,
    0x3, 0x28, 0x7, 0xfc, 0xbd, 0x6, 0x6, 0x0,

    /* U+007C "|" */
    0x7f, 0xf9, 0x80, 0x3f, 0xff, 0xe0, 0x1f, 0xff,
    0xf0, 0xf, 0xff, 0xa8,

    /* U+007D "}" */
    0x2, 0x20, 0x7, 0xff, 0xf, 0xb7, 0xec, 0xc0,
    0x3f, 0xf8, 0x6, 0x0, 0x4c, 0x80, 0xf, 0xf1,
    0x0, 0x73, 0xc0, 0x7, 0xf1, 0x75, 0x8, 0x4,
    0xe8, 0x1, 0xfc, 0x2b, 0xa0, 0x1a, 0x40, 0x3f,
    0xe3, 0x50, 0x8, 0x94, 0x3, 0xfe, 0xf0, 0xd,
    0xe0, 0x1f, 0xf3, 0x80, 0x64, 0x0, 0xff, 0x8c,
    0x3, 0x8, 0x80, 0x3f, 0xc2, 0x1, 0xc4, 0x1,
    0xff, 0xd5, 0x70, 0xf, 0xff, 0xf8, 0x6, 0x20,
    0xc, 0x40, 0x1f, 0xf2, 0x0, 0x6c, 0x0, 0xff,
    0xb4, 0x3, 0x28, 0x80, 0x7f, 0x90, 0xc0, 0x36,
    0x88, 0x7, 0xfb, 0x84, 0x2, 0x3e, 0x95, 0x31,
    0x0, 0xf1, 0x61, 0x0, 0x66, 0xac, 0x70, 0xf,
    0x8b, 0x5c, 0x3, 0xff, 0x86, 0x44, 0x0, 0xff,
    0xe1, 0x26, 0xa8, 0x7, 0xff, 0x4, 0xec, 0x3,
    0x14, 0xef, 0xb0, 0x7, 0xb8, 0x3, 0x26, 0xb1,
    0x0, 0x7c, 0xa4, 0x1, 0xd, 0x0, 0x7f, 0xbc,
    0x3, 0x38, 0x80, 0x7f, 0x90, 0x3, 0x60, 0x7,
    0xfc, 0x20, 0x18, 0x40, 0x3f, 0xff, 0xe0, 0x1f,
    0xce, 0x1, 0xfe, 0x10, 0xe, 0x10, 0xf, 0xf1,
    0x80, 0x71, 0x0, 0x7f, 0x9c, 0x3, 0x18, 0x7,
    0xfd, 0x80, 0x19, 0x0, 0x3f, 0xc2, 0xc0, 0x1a,
    0x80, 0x3f, 0xd4, 0x1, 0x94, 0x80, 0x3e, 0x16,
    0xc4, 0x0, 0x86, 0xc0, 0x3f, 0x1c, 0x98, 0x6,
    0xd1, 0x0, 0xfc, 0x42, 0x1, 0x16, 0x18, 0x7,
    0xf9, 0x45, 0x27, 0x4c, 0x3, 0xfc,

    /* U+007E "~" */
    0x0, 0xc3, 0x1b, 0xfe, 0xd9, 0x40, 0xf, 0xfe,
    0x3a, 0xf3, 0x90, 0x0, 0x9a, 0xf0, 0xc0, 0x3f,
    0xa6, 0xe5, 0xc4, 0x0, 0x94, 0x1, 0xf8, 0xf1,
    0xc0, 0x3f, 0x3a, 0x34, 0x18, 0xd, 0x0, 0x7f,
    0xd1, 0x40, 0x1e, 0x61, 0x0, 0x88, 0x18, 0x40,
    0x31, 0x18, 0x7, 0x97, 0x94, 0x2, 0x59, 0x0,
    0x8c, 0x1, 0x60, 0x10, 0xde, 0xe7, 0xd0, 0x80,
    0x61, 0xae, 0xcd, 0xa0, 0xd, 0x40, 0x3, 0x0,
    0xa9, 0x0, 0x25, 0xe5, 0x0, 0xe1, 0x32, 0x0,
    0xc2, 0xc0, 0x40, 0x11, 0xa0, 0x7, 0xaa, 0x0,
    0x3f, 0xed, 0x0, 0x15, 0xcb, 0xd0, 0x7, 0xe7,
    0xc2, 0x0, 0xf8, 0x6c, 0xc0, 0x24, 0x68, 0x60,
    0xf, 0xe3, 0xdb, 0x52, 0x0, 0x13, 0xfa, 0x0,
    0x40,

    /* U+00A0 " " */

    /* U+00A1 "¡" */
    0x3, 0xcf, 0xe9, 0x0, 0xe, 0x18, 0xb, 0x50,
    0x38, 0x7, 0x28, 0x70, 0x7, 0x87, 0x0, 0x38,
    0x44, 0x8c, 0x1, 0xa8, 0x1, 0x39, 0x35, 0xc8,
    0x1, 0x1b, 0x28, 0x80, 0x7f, 0xf5, 0xe6, 0xab,
    0x20, 0x1, 0xd5, 0x71, 0x0, 0x7f, 0xf4, 0xc4,
    0x0, 0x20, 0x1f, 0xfe, 0xf, 0x0, 0xff, 0xf2,
    0x88, 0x7, 0x8, 0x7, 0xff, 0x54,

    /* U+00A2 "¢" */
    0x0, 0xfe, 0x6f, 0xfc, 0x40, 0x1f, 0xff, 0xf0,
    0xf, 0xfe, 0xa0, 0xb5, 0x0, 0x69, 0x72, 0x0,
    0xff, 0x86, 0xba, 0x4c, 0x3, 0x24, 0x6d, 0x90,
    0x7, 0xe4, 0xf5, 0x0, 0xff, 0x26, 0xb0, 0x7,
    0x92, 0xc4, 0x3, 0xff, 0x83, 0x2c, 0x1, 0x8a,
    0xc0, 0x3c, 0x48, 0x82, 0x0, 0xf4, 0x90, 0x5,
    0xc0, 0x1c, 0x59, 0xb7, 0x6d, 0xc3, 0x0, 0xe9,
    0x0, 0x21, 0x80, 0x62, 0xd3, 0x0, 0xc7, 0x86,
    0x1, 0x90, 0x83, 0xc0, 0x3b, 0x80, 0x3f, 0x70,
    0x7, 0x20, 0x20, 0x6, 0x43, 0x0, 0xfc, 0x46,
    0x1, 0xbd, 0x0, 0x3b, 0x40, 0x3f, 0xd6, 0x67,
    0xb8, 0xc0, 0x39, 0x40, 0x3f, 0xcf, 0x99, 0x9f,
    0xc0, 0x38, 0xc0, 0x3f, 0xf8, 0x82, 0x1, 0xff,
    0xca, 0x30, 0xf, 0xfe, 0x51, 0x80, 0x7f, 0xf2,
    0x84, 0x3, 0x84, 0x3, 0xff, 0x89, 0xc0, 0x1c,
    0x40, 0x1f, 0xfc, 0x45, 0x0, 0xe5, 0x0, 0xff,
    0x12, 0x26, 0x23, 0x0, 0xea, 0x0, 0xff, 0x45,
    0xde, 0x80, 0x60, 0xc, 0x68, 0x1, 0xf8, 0x54,
    0x3, 0x68, 0x50, 0x7, 0x50, 0x80, 0x7d, 0x40,
    0x1c, 0xa0, 0x6a, 0x1, 0x87, 0xd4, 0x3, 0x2e,
    0xa0, 0x6, 0x52, 0x0, 0x58, 0x80, 0x61, 0xaf,
    0xed, 0xfa, 0x20, 0xc, 0x36, 0x1, 0xe, 0x8,
    0x7, 0x84, 0x80, 0x3e, 0xd1, 0x0, 0xc5, 0x86,
    0x1, 0xff, 0xc0, 0x2d, 0x30, 0xf, 0x16, 0x49,
    0x0, 0x7e, 0x29, 0xd2, 0x0, 0xfe, 0x6d, 0xc5,
    0x0, 0xcf, 0x9a, 0xc0, 0x1f, 0xfc, 0x13, 0xc0,
    0xd, 0x46, 0x1, 0xff, 0xff, 0x0, 0xff, 0xe6,
    0x0,

    /* U+00A3 "£" */
    0x0, 0xff, 0x2c, 0xef, 0xfd, 0xd6, 0xe4, 0x1,
    0xff, 0xc2, 0x6e, 0xa6, 0x20, 0x8, 0x52, 0x36,
    0x84, 0x3, 0xfe, 0xb9, 0x10, 0xf, 0xf2, 0xf9,
    0x80, 0x7f, 0x5a, 0x0, 0x7f, 0xf0, 0x47, 0x44,
    0x3, 0xe6, 0x40, 0xf, 0x22, 0xa0, 0x80, 0x70,
    0xd8, 0x7, 0xd0, 0x1, 0xcb, 0xd7, 0x57, 0xd2,
    0x1, 0xca, 0x40, 0x1c, 0xa2, 0x1, 0x8e, 0x84,
    0x3, 0x34, 0x80, 0x72, 0x80, 0x76, 0x0, 0x74,
    0x0, 0x7c, 0xc2, 0x1, 0xb4, 0x3, 0x88, 0x3,
    0x90, 0x3, 0xf2, 0x80, 0x66, 0x0, 0xe6, 0x0,
    0xc4, 0x1, 0xfd, 0x39, 0x9b, 0x80, 0x38, 0x40,
    0x3f, 0xf8, 0x44, 0x67, 0x88, 0x3, 0xff, 0xa6,
    0xe0, 0x18, 0xc0, 0x3f, 0xf9, 0xa2, 0x1, 0xff,
    0xc8, 0x10, 0xf, 0xfe, 0x49, 0x44, 0x4e, 0x1,
    0xd1, 0x1f, 0x18, 0x7, 0xe7, 0x7c, 0x40, 0x1c,
    0xef, 0xf2, 0x80, 0x7f, 0xff, 0xc0, 0x3f, 0xe5,
    0xff, 0xa0, 0x3, 0xb3, 0xff, 0xcc, 0x1, 0xff,
    0xda, 0x10, 0xe, 0x70, 0xf, 0xff, 0x9, 0x80,
    0x70, 0x80, 0x7f, 0xf1, 0xcc, 0x3, 0x84, 0x3,
    0xff, 0x8f, 0xc0, 0x1c, 0xa0, 0x1f, 0xfc, 0x73,
    0x0, 0xc4, 0x20, 0x1f, 0xfc, 0x63, 0x40, 0xd,
    0x40, 0x1f, 0xfc, 0x42, 0x99, 0x68, 0x7, 0x74,
    0xcf, 0xff, 0xc, 0x85, 0x98, 0x20, 0x1c, 0xcd,
    0xff, 0xc5, 0x0, 0xff, 0xf3, 0xb8, 0x7, 0xff,
    0x38,

    /* U+00A4 "¤" */
    0x0, 0xb, 0x0, 0x7f, 0xf1, 0x54, 0xc0, 0x3b,
    0x66, 0x0, 0x23, 0x9c, 0xff, 0xb6, 0x50, 0x2,
    0x4a, 0xd2, 0x0, 0xb0, 0xc1, 0xdc, 0x79, 0x86,
    0x30, 0x8, 0x9a, 0xf5, 0x11, 0x60, 0x38, 0x41,
    0x26, 0x1, 0x46, 0x18, 0x7, 0xf1, 0x5d, 0x80,
    0x21, 0xf0, 0x82, 0x0, 0xff, 0xe5, 0x48, 0xf,
    0x88, 0x7, 0xcd, 0x57, 0x4e, 0x20, 0x1f, 0x5a,
    0x0, 0xa, 0x80, 0x39, 0xba, 0x55, 0x16, 0x39,
    0xc0, 0x3a, 0x10, 0x3, 0x70, 0x6, 0x89, 0x10,
    0xf, 0x45, 0x0, 0x6b, 0x0, 0xc4, 0xa0, 0x12,
    0xb8, 0x7, 0xf2, 0xb8, 0x4, 0x66, 0x0, 0x94,
    0x3, 0x58, 0x7, 0xfd, 0x2, 0x1, 0x50, 0x5,
    0x80, 0x12, 0x88, 0x7, 0xff, 0x1, 0x80, 0x24,
    0x0, 0x94, 0x2, 0xc0, 0xf, 0xfe, 0xd, 0x80,
    0x44, 0x1, 0x8, 0x4, 0xa0, 0x1f, 0xfc, 0x12,
    0x0, 0xc4, 0x1, 0xe1, 0x0, 0xff, 0xe0, 0x88,
    0x7, 0xfc, 0x20, 0x1f, 0xfc, 0x11, 0x0, 0xf8,
    0x40, 0x25, 0x0, 0xff, 0xe0, 0xa8, 0x6, 0x20,
    0x2, 0x80, 0x5a, 0x1, 0xff, 0xc1, 0xc0, 0x8,
    0x80, 0x2c, 0x0, 0x90, 0x80, 0x3f, 0xf8, 0xc,
    0x1, 0x20, 0x4, 0xc0, 0x1a, 0x40, 0x3f, 0xe8,
    0x10, 0xa, 0x80, 0x21, 0x50, 0x9, 0x20, 0x3,
    0xf9, 0x9c, 0x2, 0x33, 0x0, 0x63, 0x0, 0xcf,
    0x42, 0x1, 0xe8, 0x90, 0xf, 0xe8, 0x60, 0xe,
    0x5e, 0x95, 0x45, 0x8e, 0x70, 0xe, 0x3c, 0x0,
    0x43, 0x80, 0x7e, 0x6a, 0xba, 0x71, 0x0, 0xf8,
    0xf0, 0x30, 0x3, 0x8, 0x7, 0xff, 0x4, 0x80,
    0x32, 0x2, 0x58, 0x0, 0xbf, 0xc, 0x3, 0xf8,
    0xaf, 0x50, 0x0, 0xf0, 0x0, 0x4b, 0x2c, 0x13,
    0xcc, 0x31, 0x80, 0x44, 0xd7, 0xa8, 0x16, 0x8f,
    0x0, 0x19, 0x34, 0x40, 0x23, 0x9c, 0xff, 0xb6,
    0x50, 0x3, 0x5c, 0x0, 0x40,

    /* U+00A5 "¥" */
    0x2f, 0xff, 0x18, 0x7, 0xff, 0x4, 0xbf, 0xfc,
    0x44, 0x70, 0xe, 0x80, 0xf, 0xfe, 0xc, 0x0,
    0x73, 0x90, 0x40, 0x80, 0x64, 0x30, 0xf, 0xf8,
    0x94, 0x3, 0xc, 0x80, 0x50, 0x1, 0xd0, 0x1,
    0xff, 0x40, 0x7, 0x40, 0x80, 0x4c, 0x40, 0x19,
    0xc, 0x3, 0xf8, 0xd4, 0x3, 0x13, 0x0, 0x74,
    0x80, 0x74, 0x0, 0x7f, 0x40, 0x7, 0x48, 0x7,
    0x91, 0x0, 0x19, 0xc, 0x3, 0xe3, 0x40, 0xc,
    0x88, 0x0, 0xfa, 0x40, 0x3b, 0xc0, 0x3e, 0x80,
    0xe, 0x90, 0xf, 0xc4, 0xc0, 0x18, 0xd0, 0x3,
    0x8d, 0x0, 0x33, 0x10, 0x7, 0xf4, 0x8, 0x6,
    0x80, 0xe, 0xf0, 0xe, 0x80, 0xf, 0xf0, 0xc0,
    0x6, 0x34, 0x0, 0x90, 0xc0, 0x34, 0x8, 0x7,
    0xfc, 0xc4, 0x1, 0xa0, 0x2, 0x80, 0xc, 0x4e,
    0x1, 0xff, 0xc1, 0x90, 0xc, 0x6a, 0x8, 0x60,
    0x1a, 0x0, 0x3f, 0xf8, 0x48, 0x80, 0xd, 0x21,
    0x0, 0x18, 0xd4, 0x3, 0xff, 0x87, 0x20, 0x18,
    0xe4, 0xc0, 0x37, 0x80, 0x7f, 0xf1, 0x9, 0x80,
    0x33, 0x0, 0x65, 0x30, 0xf, 0xf9, 0x5d, 0xf8,
    0x40, 0x3f, 0x8d, 0xdf, 0x90, 0x3, 0xd3, 0x11,
    0xce, 0x1, 0xfc, 0xd1, 0x1d, 0xa0, 0x1f, 0xff,
    0x4c, 0xff, 0xfa, 0x40, 0x3a, 0xff, 0xfe, 0x90,
    0xf, 0xff, 0xa2, 0xbb, 0xfd, 0x80, 0x1d, 0xae,
    0xff, 0x20, 0x7, 0xa6, 0x23, 0xe5, 0x0, 0xe6,
    0x88, 0xfb, 0x40, 0x3f, 0xfe, 0x99, 0xff, 0xf4,
    0x80, 0x75, 0xff, 0xfd, 0x20, 0x1f, 0xff, 0xf0,
    0xf, 0xff, 0xf8, 0x7, 0xff, 0x3c,

    /* U+00A6 "¦" */
    0x5f, 0xfd, 0xc0, 0x1f, 0xff, 0xf0, 0xf, 0xfe,
    0x48, 0x8f, 0x1a, 0x77, 0x6d, 0x0, 0xff, 0xe3,
    0x2f, 0xfe, 0xe0, 0xf, 0xff, 0xf8, 0x7, 0xff,
    0x3d, 0x91, 0x38,

    /* U+00A7 "§" */
    0x0, 0xf8, 0xe2, 0xf7, 0xfe, 0xec, 0xa6, 0x10,
    0xf, 0xfe, 0x3, 0x6e, 0x3a, 0x10, 0x4, 0x26,
    0xb3, 0xd4, 0x40, 0x1f, 0x87, 0x24, 0x80, 0x3f,
    0xf8, 0xb, 0xaa, 0x1, 0xe1, 0xf3, 0x0, 0xff,
    0xe2, 0x52, 0x80, 0x76, 0x88, 0x7, 0x8d, 0x59,
    0x88, 0x1, 0xf5, 0x10, 0x4, 0xa6, 0x1, 0xcf,
    0xd9, 0x53, 0x2b, 0xf7, 0x0, 0xf4, 0x0, 0x5c,
    0x1, 0xd3, 0x2, 0x1, 0xe8, 0xb0, 0xe, 0x51,
    0x0, 0x28, 0x6, 0x36, 0x0, 0xfe, 0x46, 0x0,
    0xe4, 0x0, 0x8, 0x6, 0x50, 0xf, 0xfa, 0x80,
    0x3b, 0x40, 0x3f, 0xf8, 0xe6, 0x1, 0xc4, 0x0,
    0x10, 0xc, 0xe0, 0x1f, 0xfc, 0xe, 0xdd, 0xd6,
    0x0, 0x50, 0xc, 0x34, 0x1, 0xff, 0x9, 0x16,
    0x10, 0x7, 0x0, 0x72, 0xeb, 0x0, 0x7f, 0xf1,
    0x54, 0x80, 0x38, 0xa7, 0xe9, 0x44, 0x3, 0xff,
    0x85, 0xe2, 0x1, 0xf2, 0xd7, 0x63, 0x90, 0x7,
    0xfc, 0x5a, 0x1, 0xfe, 0x38, 0xdd, 0x38, 0x80,
    0x7e, 0x4c, 0x0, 0xff, 0xe0, 0x94, 0x73, 0x80,
    0x79, 0x2c, 0x3, 0x84, 0x3, 0xfe, 0x8d, 0x20,
    0xd, 0x40, 0x18, 0x73, 0xb6, 0xc, 0x3, 0xf8,
    0xb0, 0x80, 0xc, 0x20, 0x1a, 0x8c, 0x9, 0xf3,
    0xa5, 0x0, 0x3e, 0x1f, 0x0, 0x68, 0x6, 0x24,
    0x0, 0xe1, 0x6b, 0xe7, 0x0, 0xf1, 0x38, 0x30,
    0x6, 0x60, 0xf, 0xe1, 0x8d, 0x30, 0xe, 0xb0,
    0xf, 0x38, 0x7, 0xfc, 0x5a, 0x20, 0x18, 0xc0,
    0x40, 0x31, 0x90, 0x7, 0xfc, 0x2c, 0x1, 0xc2,
    0xa0, 0x1d, 0xc2, 0x1, 0xff, 0x70, 0x7, 0xa8,
    0x3, 0x8f, 0xdc, 0x3, 0xfd, 0xc0, 0x1c, 0x26,
    0x80, 0x1c, 0x31, 0xf4, 0x80, 0x1f, 0x30, 0x6,
    0x40, 0x5, 0x10, 0x7, 0xcb, 0x7f, 0x4c, 0x20,
    0x36, 0x20, 0x1b, 0xc0, 0x3, 0x86, 0x1, 0xfc,
    0xb3, 0xd9, 0xe8, 0x1, 0x95, 0x0, 0x21, 0xc7,
    0x0, 0xff, 0x8c, 0x40, 0x33, 0x50, 0x7, 0xa3,
    0xa0, 0x40, 0x3f, 0xf8, 0x31, 0x20, 0x1f, 0x85,
    0xfa, 0xd8, 0x80, 0x3f, 0xd0, 0x80, 0x1f, 0xf2,
    0x4e, 0xea, 0xc, 0x3, 0xf5, 0x8, 0x7, 0xff,
    0x4, 0x9f, 0x35, 0xc0, 0x3c, 0x30, 0x1, 0xff,
    0xc4, 0x28, 0xe4, 0x0, 0xe6, 0x0, 0xff, 0xe3,
    0xd, 0x98, 0x7, 0x10, 0x7f, 0xf5, 0x0, 0x7f,
    0xf0, 0x28, 0x3, 0x98, 0x4, 0x3, 0x38, 0x7,
    0xff, 0x0, 0x80, 0x3e, 0x50, 0xc, 0x46, 0x1,
    0xff, 0x60, 0x7, 0x38, 0x60, 0x7, 0x70, 0x80,
    0x7f, 0x13, 0x80, 0x71, 0x83, 0x0, 0x71, 0x7a,
    0x80, 0x7c, 0xd8, 0x1, 0xca, 0x0, 0x19, 0x0,
    0xe1, 0xaf, 0xca, 0x99, 0x5f, 0xc8, 0x80, 0x74,
    0x0, 0x4c, 0xc0, 0xf, 0x8d, 0x59, 0x88, 0x1,
    0xf4, 0x90, 0x6, 0x98, 0x0, 0xff, 0xe2, 0xd3,
    0x0, 0x79, 0xf5, 0x40, 0x3f, 0xf8, 0x2b, 0xaa,
    0x1, 0xf8, 0xab, 0xa5, 0x8c, 0x40, 0x21, 0x36,
    0xae, 0xa2, 0x0, 0xe0,

    /* U+00A8 "¨" */
    0x0, 0x33, 0xa0, 0x7, 0xc4, 0xee, 0x30, 0x0,
    0xec, 0xc5, 0xd0, 0x7, 0x1e, 0xc4, 0x31, 0x81,
    0x88, 0x2, 0x52, 0x0, 0xd0, 0x1, 0xa0, 0x3c,
    0x3, 0x84, 0x3, 0x38, 0x6, 0x10, 0xc0, 0xc,
    0x26, 0x1, 0x90, 0x3, 0x20, 0x24, 0x88, 0x1e,
    0x80, 0x74, 0x30, 0x82, 0x50, 0x0,

    /* U+00A9 "©" */
    0x0, 0xff, 0x88, 0xa0, 0xf, 0xfe, 0x38, 0xbe,
    0x7e, 0xed, 0xfb, 0x4, 0x1, 0xff, 0xc2, 0x8e,
    0x83, 0x0, 0xe2, 0x7d, 0xa1, 0x0, 0xff, 0x16,
    0xb8, 0x14, 0x67, 0x7f, 0xb2, 0x4c, 0x17, 0xd0,
    0x3, 0xf1, 0xe9, 0xd, 0x6b, 0x98, 0x80, 0xd,
    0xb2, 0xc8, 0x6d, 0x40, 0x3c, 0x3a, 0x7, 0xea,
    0x1, 0xfc, 0x9a, 0x81, 0x46, 0x1, 0xd4, 0x25,
    0xa2, 0x0, 0x5b, 0xff, 0x75, 0xb0, 0x5, 0x68,
    0x1c, 0x1, 0x95, 0x3, 0xc4, 0x1, 0x74, 0x80,
    0x1, 0x49, 0xb0, 0xa, 0x84, 0x9c, 0x2, 0x90,
    0x72, 0x0, 0x4a, 0x0, 0xc4, 0xb8, 0x82, 0x40,
    0x0, 0x60, 0x24, 0x0, 0x46, 0x12, 0x0, 0x26,
    0x2, 0xe7, 0x68, 0xf1, 0x7, 0x0, 0x98, 0x44,
    0xa0, 0xa0, 0x82, 0x0, 0x50, 0x4, 0x80, 0x61,
    0x60, 0x1, 0x0, 0x4c, 0x1e, 0x18, 0x18, 0x1,
    0x68, 0x1, 0x0, 0x3a, 0xe2, 0x6, 0x1, 0x60,
    0x38, 0x30, 0x18, 0x4, 0xc0, 0x20, 0x1e, 0x37,
    0x70, 0x80, 0x4c, 0x4, 0x6, 0xe, 0x1, 0xff,
    0xc7, 0x20, 0xf, 0xfe, 0x89, 0x3, 0x0, 0x4e,
    0x1, 0xff, 0xc3, 0x20, 0x9, 0x80, 0x80, 0x22,
    0x1, 0x20, 0xe, 0x8f, 0xf1, 0x0, 0x4e, 0x6,
    0x18, 0x16, 0x1, 0x68, 0x2, 0xc0, 0x38, 0xc0,
    0x4, 0x1, 0x60, 0x28, 0x38, 0x19, 0x0, 0x10,
    0x81, 0xa0, 0x40, 0x61, 0x1, 0x0, 0x33, 0x86,
    0x80, 0xa0, 0x40, 0x5, 0xe2, 0xf, 0xdf, 0xce,
    0x0, 0x90, 0x9, 0xc4, 0x90, 0x1, 0x0, 0xa8,
    0x0, 0x2c, 0x40, 0xe, 0x3d, 0x20, 0x1, 0x40,
    0x40, 0x4, 0x6c, 0x14, 0x40, 0x2, 0xbe, 0xba,
    0xbe, 0xc2, 0x0, 0xf, 0x81, 0xa8, 0x6, 0x93,
    0x1c, 0x30, 0x8, 0x51, 0x50, 0x40, 0x22, 0xc2,
    0x1d, 0x0, 0xf6, 0x90, 0xe4, 0x0, 0x7f, 0x36,
    0x90, 0xe8, 0x80, 0x78, 0x71, 0x1, 0xfe, 0x54,
    0xc8, 0x8b, 0x3d, 0x20, 0x58, 0x60, 0x1f, 0x86,
    0xe8, 0x81, 0xab, 0x37, 0x54, 0xc2, 0x28, 0xd2,
    0x0, 0xff, 0x97, 0x6d, 0x88, 0x2, 0x25, 0xae,
    0x70, 0xf, 0x80,

    /* U+00AA "ª" */
    0x0, 0xc5, 0x19, 0xdf, 0xed, 0x92, 0x0, 0xfa,
    0x35, 0xcc, 0x40, 0x4, 0xda, 0xe0, 0x1d, 0x2e,
    0x1, 0xfd, 0xc, 0x1, 0x1b, 0x0, 0x44, 0xf3,
    0x4, 0x1, 0x40, 0x4, 0x80, 0x12, 0x6c, 0x33,
    0xe8, 0x80, 0x5, 0x0, 0xb, 0x50, 0xf0, 0x1,
    0xcc, 0x1, 0x18, 0x0, 0x95, 0xe0, 0xc0, 0x3b,
    0xc0, 0x3f, 0x8d, 0xe6, 0xae, 0xea, 0x0, 0xbc,
    0x2, 0x4d, 0xc8, 0x65, 0x44, 0x88, 0x3, 0xcb,
    0x64, 0x1, 0xff, 0xc2, 0xb0, 0x8, 0xef, 0xbf,
    0xe8, 0x0, 0xe5, 0x10, 0x1, 0x62, 0x8, 0x7,
    0xf1, 0x0, 0x4a, 0x1, 0xef, 0x0, 0xfe, 0x10,
    0xe, 0x37, 0x0, 0xe3, 0x0, 0x99, 0x82, 0x7,
    0x38, 0x1, 0xe4, 0x10, 0xa, 0x7b, 0xf1, 0x80,
    0x38, 0x40, 0x14, 0x1, 0xf8, 0xa4, 0x2, 0x20,
    0x2, 0x61, 0x80, 0x73, 0xeb, 0x80, 0x4a, 0x1,
    0x1e, 0x75, 0xdb, 0x3e, 0x0, 0x7f, 0xee, 0x0,

    /* U+00AB "«" */
    0x0, 0xfa, 0xf7, 0x58, 0x1, 0x9b, 0x76, 0x50,
    0xf, 0x4a, 0x11, 0x28, 0x2, 0x29, 0x22, 0x2,
    0x80, 0x72, 0xb0, 0x0, 0xd8, 0x2, 0xf0, 0xb,
    0x80, 0x38, 0xac, 0x2, 0xf0, 0xa, 0x48, 0x0,
    0xc6, 0x1, 0xdc, 0x20, 0x7, 0x30, 0x2, 0xb0,
    0x0, 0x60, 0x3, 0xa0, 0xc0, 0x3, 0x0, 0x2,
    0xa0, 0xa, 0x4, 0x3, 0x23, 0x80, 0x56, 0x1,
    0x70, 0x4, 0x8c, 0x1, 0x86, 0x80, 0x24, 0x50,
    0x4, 0x18, 0x5, 0x20, 0x1d, 0x42, 0x1, 0x50,
    0x1, 0x1c, 0x2, 0x72, 0x0, 0xc8, 0x80, 0x9,
    0x84, 0x1, 0x20, 0x1a, 0x0, 0x39, 0x8, 0x2,
    0x71, 0x0, 0x58, 0x6, 0x60, 0xf, 0x78, 0x4,
    0x30, 0x0, 0x65, 0x0, 0xa0, 0x40, 0x38, 0xa4,
    0x2, 0x63, 0x0, 0x58, 0x80, 0x6, 0xc0, 0x3c,
    0xca, 0x1, 0x78, 0x0, 0x74, 0x2, 0x54, 0x0,
    0xf5, 0x10, 0x0, 0xdc, 0x0, 0x70, 0x1, 0x48,
    0x7, 0xdc, 0x1, 0x40, 0x80, 0x1d, 0x0, 0x5,
    0x0, 0x1e, 0x38, 0x0, 0xac, 0x2, 0xa1, 0x0,
    0x39, 0x0, 0x79, 0xd0, 0x0, 0xa8, 0x0, 0x1a,
    0x0, 0xa4, 0x3, 0xea, 0x10, 0x4, 0x80, 0x48,
    0xe0, 0x4, 0x50,

    /* U+00AC "¬" */
    0x9f, 0xff, 0xfe, 0x36, 0x80, 0x7f, 0xf1, 0xcc,
    0x3, 0xff, 0xb9, 0x3f, 0xff, 0xfc, 0x25, 0x0,
    0xff, 0xff, 0x80, 0x7f, 0xf4, 0x40,

    /* U+00AD "­" */
    0x9, 0x9f, 0xfe, 0x33, 0x83, 0x37, 0xff, 0x1a,
    0x80, 0x3f, 0xfe, 0x0,

    /* U+00AE "®" */
    0x0, 0xff, 0x88, 0xa0, 0xf, 0xfe, 0x30, 0xc6,
    0x7e, 0xed, 0xfb, 0x4, 0x1, 0xff, 0xc0, 0x19,
    0xe7, 0x30, 0xe, 0x27, 0xda, 0x10, 0xf, 0xe3,
    0xf6, 0x2, 0x8c, 0xef, 0xf6, 0x41, 0x82, 0xf9,
    0x80, 0x7c, 0x78, 0x22, 0xad, 0x73, 0x10, 0x1,
    0xbe, 0x58, 0x8b, 0x10, 0x3, 0x8b, 0x40, 0xfd,
    0x40, 0x3f, 0x93, 0xd0, 0x2c, 0x80, 0x37, 0x9,
    0xe0, 0xd7, 0xff, 0x76, 0x30, 0x0, 0x6c, 0xc3,
    0xc0, 0x25, 0x30, 0xe0, 0xf, 0xc2, 0x73, 0x82,
    0x0, 0xd1, 0x27, 0x0, 0x40, 0x41, 0x0, 0x75,
    0x55, 0x28, 0x7, 0x0, 0x1, 0x80, 0x90, 0x32,
    0x7, 0x0, 0xf2, 0xac, 0xd6, 0x60, 0xe0, 0x13,
    0x8, 0x92, 0xc1, 0x40, 0x3f, 0xf8, 0xa, 0x2,
    0x1, 0x9c, 0x34, 0xc3, 0x0, 0x3f, 0xf8, 0x8,
    0x4, 0x1, 0xb0, 0x15, 0x81, 0x40, 0x3e, 0x55,
    0x9f, 0x48, 0x20, 0x3, 0x38, 0x11, 0x80, 0x80,
    0x7d, 0x55, 0x41, 0xd, 0x28, 0x6, 0x30, 0x10,
    0xf, 0xfe, 0x1f, 0xa8, 0x7, 0xe3, 0x6, 0x0,
    0xfb, 0xfe, 0x10, 0x60, 0xf, 0x10, 0xb, 0x1,
    0x80, 0x7f, 0xa4, 0x24, 0x3, 0xca, 0x5, 0x81,
    0x80, 0x1f, 0xe6, 0x1, 0x70, 0xe, 0xc0, 0x45,
    0x4, 0x10, 0xf, 0xe1, 0x60, 0x90, 0xc, 0x2a,
    0x16, 0x46, 0x10, 0x1, 0xfe, 0xb0, 0x18, 0x0,
    0xa4, 0x8, 0xc2, 0x1, 0x8c, 0x3, 0xf8, 0x94,
    0x1c, 0x40, 0xdc, 0x20, 0x0, 0x8a, 0x1a, 0x41,
    0x5f, 0xe0, 0xe, 0xaf, 0xf0, 0x8b, 0x41, 0x14,
    0x2, 0xa2, 0x1c, 0x30, 0xf, 0xf8, 0xb0, 0x45,
    0x40, 0x1d, 0x84, 0x39, 0x2, 0x1, 0xf9, 0xf4,
    0x87, 0x4, 0x3, 0x87, 0x10, 0x1f, 0xa9, 0x8c,
    0x8d, 0xab, 0xe0, 0xf, 0xc8, 0x3, 0xe1, 0xb9,
    0x10, 0x59, 0xcd, 0xc9, 0x50, 0x19, 0xc1, 0x0,
    0xff, 0x37, 0x53, 0x10, 0x4, 0x4b, 0x5c, 0xc0,
    0x1e,

    /* U+00AF "¯" */
    0x8a, 0xaf, 0xfe, 0x21, 0x22, 0xaf, 0xff, 0x10,
    0x40, 0x3f, 0xfb, 0x0,

    /* U+00B0 "°" */
    0x0, 0xe2, 0x42, 0x0, 0xfc, 0xdb, 0xab, 0xde,
    0x70, 0xe, 0xa9, 0x20, 0x8, 0x62, 0xc0, 0x28,
    0x50, 0xf, 0x92, 0x40, 0x5c, 0x0, 0x79, 0xfa,
    0x80, 0x6, 0x27, 0x0, 0xe, 0x98, 0x15, 0x90,
    0x1, 0x78, 0x0, 0x82, 0x1, 0x90, 0x1, 0xa0,
    0x10, 0x80, 0x7f, 0x68, 0x1, 0xc, 0x2, 0x17,
    0x0, 0x6a, 0x88, 0x3, 0x21, 0x1b, 0xc4, 0x0,
    0xc1, 0x60, 0x13, 0xdc, 0x88, 0x2, 0x4, 0x16,
    0x0, 0x3e, 0x77, 0x0, 0x4f, 0xaa, 0x20, 0x29,
    0x70, 0x0,

    /* U+00B1 "±" */
    0x0, 0xfe, 0xff, 0xdc, 0x1, 0xff, 0xff, 0x0,
    0xff, 0xff, 0x80, 0x7f, 0xf7, 0xdf, 0xff, 0xf0,
    0x6, 0x1f, 0xff, 0xc0, 0x1f, 0xff, 0xa3, 0x55,
    0xf9, 0x0, 0x39, 0x57, 0xf0, 0x25, 0x57, 0xd6,
    0x1, 0x86, 0xab, 0xf0, 0x7, 0xff, 0xfc, 0x3,
    0xff, 0xfe, 0x1, 0xff, 0xc9, 0x44, 0xe0, 0xf,
    0xfe, 0x35, 0xde, 0xa0, 0xf, 0xfe, 0xab, 0xd5,
    0x7f, 0xf1, 0xc4, 0x1, 0x6a, 0xbf, 0xfc, 0x73,
    0x0, 0xff, 0xfd, 0x0,

    /* U+00B2 "²" */
    0x0, 0x8a, 0x77, 0xfd, 0xd9, 0x4, 0x1, 0xd1,
    0xac, 0x40, 0x1, 0x37, 0xd7, 0x0, 0xa5, 0xc0,
    0x3f, 0xa1, 0x80, 0xd8, 0x2, 0x16, 0x85, 0x0,
    0xd0, 0x14, 0x1, 0xf, 0xcb, 0xd5, 0x0, 0x21,
    0x25, 0x0, 0x98, 0x40, 0x25, 0x0, 0xcd, 0xbd,
    0xd4, 0x0, 0x64, 0x0, 0xcc, 0x23, 0x80, 0x30,
    0xc8, 0x4, 0x64, 0x1, 0xfb, 0x48, 0x2, 0xf0,
    0xf, 0x87, 0xc, 0x2, 0xa3, 0x0, 0xf1, 0x79,
    0x80, 0x56, 0xa0, 0x1e, 0x4d, 0x10, 0x0, 0xe2,
    0x0, 0x79, 0xac, 0x2, 0x4f, 0x30, 0xf, 0x44,
    0x80, 0x4f, 0x62, 0x1, 0xea, 0x70, 0x9, 0x39,
    0x9b, 0xf2, 0x80, 0x64, 0x99, 0xfa, 0x0, 0x3f,
    0xfa, 0x40,

    /* U+00B3 "³" */
    0x0, 0x92, 0x77, 0xfe, 0xd9, 0x40, 0xc, 0x37,
    0x66, 0x20, 0x8, 0x9a, 0xf0, 0x40, 0x1a, 0x80,
    0x1f, 0xc7, 0xa0, 0x86, 0x1, 0x13, 0xc3, 0x8,
    0x4, 0x68, 0x62, 0x31, 0xec, 0x3c, 0xf8, 0x80,
    0x46, 0xfd, 0xd6, 0x0, 0x61, 0x30, 0x8, 0x40,
    0x3f, 0x14, 0x10, 0x0, 0x5c, 0x3, 0xb7, 0xfd,
    0xae, 0x0, 0x2d, 0x10, 0xf, 0xf8, 0xbc, 0xc0,
    0x3c, 0x20, 0x1c, 0x5a, 0xe0, 0x1e, 0xcf, 0xf7,
    0x40, 0x5, 0x8, 0x1, 0xf8, 0x5d, 0x40, 0x2f,
    0x78, 0x89, 0x0, 0x38, 0x80, 0x26, 0xc7, 0x7a,
    0x40, 0x39, 0x40, 0x26, 0xc0, 0x8, 0xba, 0x1e,
    0x34, 0x80, 0x2c, 0x72, 0x0, 0x85, 0xe1, 0xc8,
    0x2, 0x37, 0xc, 0x40, 0xf, 0xe4, 0xd0, 0x0,
    0xdd, 0x94, 0x80, 0x23, 0x6c, 0xb1, 0x0,

    /* U+00B4 "´" */
    0x0, 0xc9, 0x11, 0xca, 0x1, 0x15, 0xbb, 0xe5,
    0x40, 0xb, 0x80, 0x31, 0x60, 0x80, 0x18, 0xc0,
    0x21, 0xc1, 0x0, 0x14, 0x80, 0x43, 0x82, 0x1,
    0x70, 0x4, 0x38, 0x40, 0x13, 0x18, 0x0, 0x70,
    0x80, 0x30,

    /* U+00B5 "µ" */
    0xcf, 0xfd, 0x80, 0x1f, 0xc5, 0xff, 0xd0, 0x1,
    0xff, 0xff, 0x0, 0xff, 0xff, 0x80, 0x7f, 0xff,
    0xc0, 0x3f, 0xff, 0xe0, 0x1f, 0xfd, 0x71, 0x0,
    0xff, 0xe4, 0x90, 0x7, 0xff, 0x28, 0x80, 0x3f,
    0xf9, 0x34, 0x1, 0xf9, 0x40, 0x3f, 0xf8, 0xe,
    0x40, 0x1e, 0x58, 0x0, 0xff, 0xe0, 0xe3, 0x10,
    0x92, 0xdd, 0x0, 0x7f, 0xf0, 0x86, 0x77, 0xb6,
    0x90, 0x3, 0xff, 0xc2, 0xc6, 0x1, 0xfe, 0x27,
    0x0, 0xf0, 0xcc, 0x9c, 0x3, 0xfc, 0x31, 0xf7,
    0x10, 0x9c, 0xe6, 0xb, 0xff, 0xd0, 0x1, 0xf9,
    0x1d, 0xcc, 0x60, 0x1f, 0xff, 0xf0, 0xf, 0xff,
    0xf8, 0x7, 0xff, 0x5c,

    /* U+00B6 "¶" */
    0x0, 0xf0, 0xbd, 0xef, 0xff, 0xe4, 0x0, 0xc3,
    0x5d, 0x8, 0x40, 0x1f, 0xfc, 0x4, 0xe5, 0x0,
    0xff, 0xe1, 0xad, 0x80, 0x7f, 0xf1, 0xa, 0x80,
    0x3f, 0xf8, 0xb2, 0x1, 0xff, 0xc5, 0x24, 0x0,
    0xff, 0xe2, 0xd0, 0x7, 0xff, 0x18, 0xc0, 0x3f,
    0xf8, 0xca, 0x1, 0xff, 0xc6, 0x10, 0xf, 0xfe,
    0xc8, 0x80, 0x7f, 0xf1, 0x88, 0x3, 0xff, 0x8c,
    0x80, 0x1f, 0xfc, 0x6b, 0x0, 0xff, 0xe3, 0x19,
    0x80, 0x3f, 0xf8, 0xde, 0x1, 0xff, 0xc6, 0x39,
    0x0, 0xff, 0xe3, 0x34, 0x80, 0x7f, 0xf1, 0x9b,
    0xc, 0x3, 0xff, 0x8a, 0x79, 0x87, 0x30, 0xf,
    0xfe, 0x21, 0xc6, 0x7f, 0xbb, 0x8e, 0x1, 0xff,
    0xc4, 0x11, 0x78, 0x7, 0xff, 0xfc, 0x3, 0xff,
    0xfe, 0x1, 0xff, 0xe1,

    /* U+00B7 "·" */
    0x0, 0x90, 0xc0, 0x32, 0xfd, 0xe7, 0x20, 0xd,
    0x0, 0x43, 0x40, 0xa0, 0x1c, 0x26, 0x1, 0xf0,
    0xa1, 0x0, 0x63, 0x20, 0xf4, 0x0, 0x2e, 0x80,

    /* U+00B8 "¸" */
    0x6, 0x88, 0x88, 0x3, 0x4b, 0xbc, 0xc0, 0x11,
    0x0, 0x6b, 0xc3, 0x6, 0x30, 0xc, 0x78, 0x29,
    0x9f, 0x0, 0x1a, 0x40, 0x27, 0x0, 0xc4, 0x1,
    0x10, 0x7, 0x91, 0xf0, 0x3, 0x78, 0xdc, 0x8,
    0x4, 0x6a, 0x20, 0x1c, 0xba, 0x1, 0x9, 0xb6,
    0x50, 0x80,

    /* U+00B9 "¹" */
    0x0, 0xf8, 0x54, 0x3, 0x85, 0xaf, 0xa8, 0x80,
    0x5a, 0xfa, 0x50, 0x2, 0xae, 0x94, 0x0, 0xf3,
    0x80, 0x7f, 0xf0, 0x5, 0x0, 0x39, 0x67, 0x7a,
    0x40, 0x3a, 0x18, 0x80, 0x3f, 0xff, 0xe0, 0x1f,
    0xfd, 0xe0,

    /* U+00BA "º" */
    0x0, 0xc7, 0x3b, 0xfe, 0xec, 0x71, 0x0, 0xfa,
    0x71, 0x88, 0x0, 0x27, 0x1c, 0xe0, 0x1d, 0x8c,
    0x1, 0xfd, 0x10, 0x0, 0xa0, 0xc0, 0x23, 0x89,
    0x71, 0x0, 0x9d, 0x0, 0x5c, 0x2, 0x8c, 0x76,
    0x8e, 0x40, 0xa, 0x1, 0xc0, 0x23, 0x70, 0xe,
    0xa0, 0x8, 0xcb, 0xc0, 0x2a, 0x0, 0xf0, 0xa0,
    0x4, 0xe6, 0x1, 0x10, 0x7, 0xc6, 0x1, 0x10,
    0x80, 0x7f, 0xf5, 0x44, 0x3, 0xff, 0x90, 0x20,
    0x1f, 0x8, 0x4, 0x3a, 0x1, 0x60, 0x7, 0xc8,
    0x1, 0x2a, 0x80, 0x26, 0x20, 0xe, 0x62, 0x0,
    0x9, 0x92, 0x0, 0x58, 0xc2, 0x5, 0x12, 0x1,
    0x30, 0x2, 0x40, 0x21, 0x9e, 0xfd, 0x70, 0x8,
    0xa0, 0x0, 0x58, 0x20, 0x1f, 0xc7, 0x80, 0x18,
    0xfd, 0xc4, 0x3, 0x8a, 0x70, 0x40, 0x38, 0x63,
    0xb6, 0xa9, 0x7b, 0xa6, 0x0, 0xc0,

    /* U+00BB "»" */
    0x3d, 0xda, 0x0, 0x34, 0xee, 0xc4, 0x1, 0xe3,
    0x62, 0x23, 0xa0, 0x5, 0x44, 0x57, 0x0, 0x7d,
    0x20, 0x15, 0x8, 0x0, 0xd8, 0x0, 0x72, 0x1,
    0xe2, 0x80, 0x0, 0xe8, 0x5, 0x22, 0x0, 0x64,
    0x0, 0xf3, 0x90, 0x0, 0xe0, 0x2, 0xb0, 0xa,
    0x84, 0x3, 0xdc, 0x1, 0x39, 0x80, 0x15, 0x0,
    0x3, 0xa0, 0x1e, 0x35, 0x0, 0xb4, 0x40, 0x12,
    0x1, 0x1b, 0x80, 0x7a, 0xc4, 0x0, 0x34, 0x0,
    0x28, 0x0, 0xa0, 0xc0, 0x38, 0x60, 0x2, 0x46,
    0x0, 0x39, 0x0, 0x5a, 0x20, 0x1c, 0xc2, 0x1,
    0x48, 0x5, 0x0, 0x10, 0xc8, 0x7, 0x20, 0x80,
    0x4e, 0x1, 0x70, 0x6, 0xa0, 0xe, 0x90, 0x8,
    0xe0, 0x0, 0xa8, 0x1, 0x51, 0x0, 0x68, 0x20,
    0xb, 0x80, 0x3, 0x60, 0x13, 0x28, 0x6, 0x27,
    0x0, 0xa8, 0x80, 0x10, 0x20, 0x2, 0x90, 0xe,
    0x90, 0x9, 0x94, 0x0, 0x6c, 0x1, 0x78, 0x7,
    0x2a, 0x0, 0xa, 0x40, 0x2e, 0x0, 0xa4, 0x80,
    0x30, 0xd8, 0x5, 0xe0, 0x13, 0x90, 0x1, 0x58,
    0x3, 0xa0, 0x40, 0x12, 0x40, 0x1, 0x80, 0x0,
    0xd8, 0x7, 0x1b, 0x0, 0x15, 0x80, 0x2a, 0x0,
    0xb4, 0x40, 0x38,

    /* U+00BC "¼" */
    0x0, 0xfc, 0x20, 0x1f, 0xfc, 0xa1, 0x6b, 0xf7,
    0x0, 0xff, 0xe3, 0x8b, 0x5f, 0x4a, 0x0, 0x7f,
    0xf2, 0x23, 0xa5, 0x0, 0x3f, 0xf9, 0x64, 0x1,
    0xff, 0xd0, 0x26, 0x50, 0xf, 0xfe, 0x54, 0x76,
    0xce, 0x0, 0x7f, 0xf0, 0x1e, 0x88, 0x3, 0xe2,
    0x10, 0xf, 0xfe, 0x10, 0xca, 0xeb, 0x80, 0x7f,
    0xf2, 0xa4, 0x40, 0x8, 0x1, 0xff, 0xc9, 0x27,
    0x0, 0x29, 0x80, 0x7f, 0xf2, 0x60, 0x2, 0x80,
    0xf, 0xfe, 0x49, 0xa8, 0x1, 0xc8, 0x3, 0xff,
    0x93, 0xe0, 0x1, 0x90, 0xf, 0xfe, 0x4a, 0x98,
    0x2, 0x44, 0x3, 0xff, 0x93, 0x0, 0x2, 0x70,
    0xf, 0xfe, 0x4b, 0x10, 0x2, 0x0, 0x3f, 0xf9,
    0x50, 0x0, 0x35, 0x0, 0xff, 0xe1, 0x2b, 0xbc,
    0xa0, 0x8, 0x10, 0x7, 0x80, 0x7f, 0xf0, 0xce,
    0x22, 0x30, 0x17, 0x0, 0x29, 0x80, 0x6a, 0xcc,
    0x8c, 0x3, 0xff, 0x81, 0x60, 0x14, 0x0, 0x68,
    0x53, 0x39, 0x80, 0x3f, 0xe3, 0x50, 0x3, 0x10,
    0x4, 0x8e, 0x1, 0xff, 0xc4, 0x80, 0xa, 0x0,
    0x21, 0xa0, 0xf, 0xfe, 0x22, 0x20, 0x1, 0x2,
    0x1, 0x50, 0x80, 0x7f, 0xf1, 0x24, 0x0, 0x2e,
    0x1, 0x3a, 0x0, 0x14, 0x3, 0xff, 0x82, 0xc4,
    0x0, 0xb0, 0x8, 0xe0, 0x1, 0x64, 0x1, 0xff,
    0xc1, 0x80, 0x1, 0xa8, 0x0, 0x74, 0x1, 0x8,
    0x1, 0xff, 0xc1, 0x81, 0x0, 0x40, 0x5, 0x62,
    0xa, 0xe0, 0x1f, 0xfc, 0x26, 0x0, 0x22, 0x0,
    0xc, 0xa0, 0x54, 0x1, 0xff, 0xc3, 0xf6, 0x9,
    0x0, 0x14, 0x80, 0xb, 0xfe, 0x70, 0xa, 0xbd,
    0x40, 0x3c, 0x33, 0xc4, 0x0, 0x10, 0xf, 0xfe,
    0x50, 0x80, 0x42, 0x1, 0xff, 0xce, 0x2c, 0xcf,
    0x94, 0x2, 0x8c, 0x40, 0xf, 0xfe, 0x9, 0x9f,
    0xc4, 0x1, 0x11, 0x88, 0x7, 0xff, 0xa8,

    /* U+00BD "½" */
    0x0, 0xfc, 0x40, 0x1f, 0xfc, 0xc4, 0x9e, 0xe0,
    0x7, 0xff, 0x25, 0x27, 0xad, 0x84, 0x3, 0xff,
    0x90, 0x7d, 0x6c, 0x20, 0x1f, 0xfc, 0xb6, 0x10,
    0xf, 0xfe, 0x80, 0xac, 0x0, 0x7f, 0xf2, 0xd3,
    0x7a, 0x98, 0x3, 0xff, 0x81, 0xac, 0x1, 0xfc,
    0x24, 0x1, 0xff, 0xc2, 0x82, 0x9d, 0x0, 0xff,
    0xe5, 0x8b, 0x80, 0x1c, 0x3, 0xff, 0x97, 0x0,
    0x14, 0x0, 0x7f, 0xf2, 0x89, 0x80, 0xc, 0x40,
    0x1f, 0xfc, 0xa9, 0x0, 0xa0, 0x3, 0xff, 0x94,
    0x68, 0x0, 0x81, 0x0, 0xff, 0xe5, 0x78, 0x0,
    0x5c, 0x3, 0xff, 0x94, 0xa6, 0x0, 0x80, 0xf,
    0xfe, 0x5c, 0x0, 0x9, 0x80, 0x3f, 0xf9, 0x4c,
    0x40, 0x9, 0x0, 0xff, 0xe2, 0xb, 0xbd, 0x40,
    0x8, 0x0, 0x1a, 0x0, 0x7f, 0xf1, 0x62, 0x26,
    0x8, 0x10, 0x7, 0x80, 0xa, 0x77, 0xfd, 0xd6,
    0xc0, 0x1f, 0xfc, 0x1, 0x70, 0x2, 0x98, 0x36,
    0xb1, 0x0, 0x5, 0x27, 0x4, 0x3, 0xfd, 0x0,
    0x14, 0x2, 0x48, 0x7, 0xe3, 0xa0, 0xf, 0xe2,
    0x60, 0x3, 0x10, 0x48, 0x4, 0x99, 0xb2, 0x1,
    0x21, 0x0, 0x7e, 0x80, 0xa, 0x0, 0x88, 0x0,
    0x2b, 0x32, 0x66, 0x0, 0x4e, 0x1, 0xf1, 0xa8,
    0x1, 0xc4, 0x5, 0x12, 0xb0, 0xc, 0x20, 0x11,
    0x80, 0x7d, 0xe0, 0x1, 0x80, 0x1, 0xdd, 0xcc,
    0x1, 0x98, 0x2, 0x50, 0xf, 0x29, 0x80, 0x20,
    0x3, 0xfe, 0x91, 0x0, 0x19, 0x80, 0x3d, 0x0,
    0x2, 0x60, 0xf, 0xf4, 0x30, 0x5, 0xc0, 0x1e,
    0x62, 0x0, 0x40, 0x7, 0xfa, 0x5c, 0x2, 0xb2,
    0x0, 0xf3, 0xa8, 0x1a, 0x80, 0x7f, 0x53, 0x0,
    0x7, 0x10, 0x3, 0xe1, 0xac, 0xf0, 0xf, 0xeb,
    0x50, 0x1, 0x61, 0x80, 0x7f, 0x8c, 0xc0, 0x1f,
    0xe, 0x20, 0x1, 0x30, 0x80, 0x3f, 0xf8, 0xe3,
    0x86, 0x0, 0x5a, 0x1, 0x1e, 0x0, 0xff, 0xe1,
    0xe1, 0x0, 0x4b, 0xdd, 0xf0, 0x7, 0xff, 0xc,
    0xc0, 0x3f, 0xfb, 0x80,

    /* U+00BE "¾" */
    0x0, 0xf0, 0x90, 0x80, 0x7f, 0xf2, 0xd2, 0xff,
    0xb7, 0xb9, 0x48, 0x1, 0xff, 0xc7, 0x9b, 0x40,
    0xc, 0x2b, 0x70, 0x1, 0xff, 0xc5, 0x66, 0x0,
    0x7f, 0x3a, 0x0, 0x7f, 0xf1, 0x2c, 0x2, 0x8e,
    0xfd, 0x50, 0xb, 0x80, 0x3f, 0xf8, 0x93, 0x55,
    0x38, 0x81, 0x40, 0x4, 0x20, 0x1e, 0x10, 0xf,
    0xe4, 0x55, 0x80, 0x32, 0x80, 0x5a, 0x1, 0xea,
    0xd6, 0x0, 0xff, 0x9e, 0xed, 0xd0, 0x0, 0x46,
    0x0, 0xe4, 0x41, 0x4a, 0x0, 0x7f, 0xb5, 0x10,
    0x20, 0x7, 0xb0, 0xf, 0x48, 0x0, 0xd0, 0x3,
    0xff, 0x88, 0xf2, 0x1, 0xcc, 0x40, 0xf, 0x0,
    0xff, 0xab, 0xfd, 0x88, 0x0, 0x67, 0x0, 0xd0,
    0x0, 0x53, 0x0, 0xff, 0xe1, 0x1d, 0x80, 0x54,
    0x1, 0x38, 0x80, 0x20, 0x3, 0xf3, 0x34, 0x80,
    0x1c, 0x40, 0x2, 0x0, 0xc, 0x0, 0x18, 0x80,
    0x3e, 0x19, 0x9a, 0x80, 0x30, 0x90, 0x7, 0x40,
    0x5, 0x0, 0x1f, 0x84, 0x80, 0x3, 0x88, 0x49,
    0xa0, 0x12, 0x1, 0x30, 0x1, 0xc4, 0x3, 0xfa,
    0x0, 0x23, 0xbd, 0xb3, 0x0, 0xa0, 0x20, 0x0,
    0x30, 0x1, 0xfe, 0x59, 0x0, 0xfc, 0x36, 0x66,
    0x50, 0x4, 0x0, 0x7f, 0xf0, 0x1b, 0x5c, 0x80,
    0x2, 0x91, 0xc8, 0x1e, 0x0, 0x26, 0x0, 0xff,
    0xe0, 0x94, 0x6f, 0xfb, 0xad, 0xc0, 0x8, 0x60,
    0x8, 0x0, 0xd5, 0x99, 0x18, 0x7, 0xff, 0xe,
    0x40, 0x6, 0xa0, 0x14, 0x29, 0x9c, 0xe0, 0x1f,
    0xfc, 0x26, 0x20, 0x4, 0x0, 0x48, 0xe0, 0x1f,
    0xfc, 0x78, 0x0, 0x22, 0x0, 0x3, 0x40, 0x1f,
    0xfc, 0x77, 0x10, 0x4, 0x0, 0x54, 0x20, 0x1f,
    0xfc, 0x61, 0x80, 0x2, 0x98, 0x1, 0xd0, 0x5,
    0x0, 0x3f, 0xf8, 0x90, 0x1, 0x40, 0x0, 0xe0,
    0x1, 0x44, 0x1, 0xff, 0xc3, 0x26, 0x0, 0x31,
    0x0, 0xe8, 0x2, 0x10, 0x3, 0xff, 0x89, 0x0,
    0x14, 0x0, 0x28, 0x41, 0x5c, 0x3, 0xff, 0x88,
    0x4a, 0x0, 0x81, 0x6, 0x40, 0x3a, 0x0, 0xff,
    0xe2, 0x96, 0xa0, 0xb8, 0x14, 0x80, 0xf, 0xfe,
    0x60, 0xa, 0xfd, 0x40, 0x3f, 0x8a, 0xfc, 0x0,
    0xc0, 0x1f, 0xfc, 0xd1, 0x0, 0x38, 0x7, 0xff,
    0x40, 0xf3, 0x3e, 0x50, 0xa, 0x71, 0x0, 0x3f,
    0xf8, 0x66, 0x7f, 0x80, 0x22, 0x31, 0x0, 0xff,
    0xf7, 0x0,

    /* U+00BF "¿" */
    0x0, 0xfe, 0x8e, 0xfc, 0x30, 0xf, 0xfe, 0x1a,
    0xb8, 0x81, 0xe8, 0x7, 0xff, 0xf, 0xc0, 0x30,
    0x90, 0x7, 0xff, 0x8, 0xc0, 0x3f, 0xf9, 0x1a,
    0x1, 0x8c, 0x80, 0x3f, 0xf8, 0x49, 0x6a, 0x8f,
    0xa0, 0x1f, 0xfc, 0x44, 0xab, 0x81, 0x0, 0xff,
    0xff, 0x80, 0x47, 0x99, 0xa8, 0x3, 0xff, 0x86,
    0xc6, 0x79, 0xc0, 0x3f, 0xf8, 0x64, 0x1, 0xff,
    0xc8, 0xc0, 0xc, 0xc0, 0x1f, 0xfc, 0x25, 0x40,
    0xc, 0x60, 0x1f, 0xfc, 0x14, 0xa0, 0xe, 0xb0,
    0xf, 0xfe, 0x2, 0x58, 0x7, 0x31, 0x80, 0x7f,
    0xc9, 0x60, 0x1c, 0xb2, 0x1, 0xff, 0x15, 0x80,
    0x73, 0xd0, 0x7, 0xff, 0x3, 0xc0, 0x39, 0x60,
    0x3, 0xff, 0x81, 0x24, 0x1, 0x8e, 0x80, 0x3f,
    0xf8, 0x4, 0xc0, 0x18, 0x74, 0x3, 0xff, 0x83,
    0x60, 0x1d, 0x62, 0x1, 0xff, 0xc1, 0x70, 0xc,
    0x4a, 0x1, 0xff, 0xc1, 0x21, 0x0, 0xca, 0x1,
    0xff, 0xc2, 0x10, 0xe, 0xe0, 0xf, 0xfe, 0x8d,
    0x7f, 0xf0, 0x80, 0x77, 0x80, 0x7e, 0x70, 0xc,
    0x44, 0x10, 0xc, 0xc2, 0x1, 0xe5, 0x20, 0xc,
    0xe0, 0x80, 0x1d, 0xa4, 0x1, 0x9a, 0x80, 0x3b,
    0xc2, 0x40, 0x38, 0xf7, 0x57, 0x9f, 0x20, 0x1c,
    0x4a, 0x6, 0xc0, 0x1e, 0x24, 0x30, 0xf, 0xb8,
    0x2, 0x95, 0x0, 0xff, 0xe1, 0x59, 0x80, 0x6a,
    0x91, 0x0, 0xff, 0x26, 0xa0, 0x7, 0x9b, 0xa9,
    0x48, 0x2, 0x14, 0x7d, 0xb2, 0x0, 0x80,

    /* U+00C0 "À" */
    0x0, 0xe1, 0xdf, 0xfe, 0x50, 0xf, 0xfe, 0x40,
    0xe1, 0x0, 0x6b, 0x10, 0xf, 0xfe, 0x40, 0xe0,
    0x80, 0x43, 0x0, 0x1f, 0xfc, 0x91, 0xc1, 0x0,
    0x99, 0x0, 0x3f, 0xf9, 0x25, 0xa0, 0x1a, 0x40,
    0x3f, 0xf9, 0x47, 0x80, 0x11, 0x40, 0x7, 0xff,
    0x28, 0xf2, 0x22, 0xe0, 0xf, 0xfe, 0x59, 0xbb,
    0xcc, 0x1, 0xff, 0xe7, 0xef, 0xfc, 0xe0, 0x1f,
    0xfc, 0x93, 0x10, 0xd, 0x60, 0x1f, 0xfc, 0x9b,
    0x0, 0xe3, 0x10, 0xf, 0xfe, 0x42, 0x80, 0x79,
    0xc0, 0x3f, 0xf8, 0xe6, 0x40, 0x1e, 0xd0, 0xf,
    0xfe, 0x3d, 0x80, 0x7c, 0x82, 0x1, 0xff, 0xc6,
    0x50, 0xf, 0xc8, 0x1, 0xff, 0xc5, 0x22, 0x0,
    0x7e, 0xe0, 0xf, 0xfe, 0x2a, 0x80, 0x66, 0x0,
    0xc8, 0x1, 0xff, 0xc5, 0xa0, 0xd, 0xa8, 0x1,
    0x94, 0x3, 0xff, 0x86, 0x44, 0x0, 0xc9, 0x80,
    0x1b, 0xc0, 0x3f, 0xf8, 0x6a, 0x1, 0x94, 0x14,
    0x3, 0x28, 0x7, 0xff, 0xe, 0xc0, 0x37, 0x81,
    0x10, 0x3, 0x20, 0x7, 0xff, 0x4, 0x8c, 0x3,
    0x20, 0x1, 0x0, 0x36, 0x80, 0x7f, 0xf0, 0x54,
    0x3, 0x18, 0x80, 0x34, 0x3, 0x38, 0x7, 0xff,
    0x6, 0xc0, 0x35, 0x80, 0x48, 0x1, 0x85, 0x0,
    0x3f, 0xe1, 0x30, 0xc, 0xa0, 0x19, 0x40, 0x36,
    0x80, 0x7f, 0xce, 0x1, 0x88, 0x80, 0x1b, 0x0,
    0x33, 0x80, 0x7f, 0xd4, 0x1, 0x90, 0x3, 0x9c,
    0x3, 0x9, 0x80, 0x7f, 0x9, 0x80, 0x6d, 0x0,
    0xe1, 0x30, 0xd, 0x60, 0x1f, 0xce, 0x1, 0xc8,
    0x1, 0xe4, 0x0, 0xca, 0x1, 0xfd, 0xa0, 0x1d,
    0xbb, 0xf3, 0x0, 0x62, 0x20, 0x7, 0xc2, 0x80,
    0x1c, 0x45, 0xf0, 0x80, 0x75, 0x0, 0x7c, 0xe0,
    0x1f, 0xfc, 0x75, 0x0, 0xfb, 0x40, 0x3f, 0xf8,
    0xe4, 0x40, 0xe, 0x14, 0x0, 0xff, 0xe4, 0x28,
    0x7, 0x38, 0x7, 0x67, 0xff, 0xf8, 0xc0, 0x35,
    0x80, 0x76, 0x80, 0x61, 0x30, 0xf, 0xf2, 0x0,
    0x63, 0x10, 0xc, 0x80, 0x19, 0x0, 0x3f, 0xeb,
    0x0, 0xe7, 0x0, 0x94, 0x3, 0xbc, 0x3, 0xfe,
    0x31, 0x0, 0xd4, 0x1, 0x78, 0x7, 0x20, 0x7,
    0xff, 0x1, 0x0, 0x31, 0x88, 0x1, 0x40, 0x31,
    0x88, 0x7, 0xff, 0x3, 0xc0, 0x39, 0xc1, 0x40,
    0x3a, 0xc0, 0x3f, 0xf8, 0x28, 0x1, 0xda, 0x1e,
    0x1, 0xca, 0x1, 0xff, 0xc1, 0x13, 0x0, 0xc8,
    0x20,

    /* U+00C1 "Á" */
    0x0, 0xff, 0xe1, 0xcf, 0xff, 0x48, 0x7, 0xff,
    0x21, 0x18, 0x3, 0x34, 0x80, 0x7f, 0xf1, 0xc6,
    0x80, 0x33, 0x48, 0x7, 0xff, 0x22, 0xc4, 0x2,
    0x59, 0x0, 0xff, 0xe4, 0x22, 0x80, 0x4b, 0x40,
    0x1f, 0xfc, 0x81, 0xa0, 0x9, 0x68, 0x3, 0xff,
    0x92, 0x4c, 0xee, 0x8a, 0x0, 0xff, 0xe5, 0x1c,
    0x44, 0xe0, 0x1f, 0xfe, 0x7e, 0xff, 0xce, 0x1,
    0xff, 0xc9, 0x31, 0x0, 0xd6, 0x1, 0xff, 0xc9,
    0xb0, 0xe, 0x31, 0x0, 0xff, 0xe4, 0x28, 0x7,
    0x9c, 0x3, 0xff, 0x8e, 0x64, 0x1, 0xed, 0x0,
    0xff, 0xe3, 0xd8, 0x7, 0xc8, 0x20, 0x1f, 0xfc,
    0x65, 0x0, 0xfc, 0x80, 0x1f, 0xfc, 0x52, 0x20,
    0x7, 0xee, 0x0, 0xff, 0xe2, 0xa8, 0x6, 0x60,
    0xc, 0x80, 0x1f, 0xfc, 0x5a, 0x0, 0xda, 0x80,
    0x19, 0x40, 0x3f, 0xf8, 0x64, 0x40, 0xc, 0x98,
    0x1, 0xbc, 0x3, 0xff, 0x86, 0xa0, 0x19, 0x41,
    0x40, 0x32, 0x80, 0x7f, 0xf0, 0xec, 0x3, 0x78,
    0x11, 0x0, 0x32, 0x0, 0x7f, 0xf0, 0x48, 0xc0,
    0x32, 0x0, 0x10, 0x3, 0x68, 0x7, 0xff, 0x5,
    0x40, 0x31, 0x88, 0x3, 0x40, 0x33, 0x80, 0x7f,
    0xf0, 0x6c, 0x3, 0x58, 0x4, 0x80, 0x18, 0x50,
    0x3, 0xfe, 0x13, 0x0, 0xca, 0x1, 0x94, 0x3,
    0x68, 0x7, 0xfc, 0xe0, 0x18, 0x88, 0x1, 0xb0,
    0x3, 0x38, 0x7, 0xfd, 0x40, 0x19, 0x0, 0x39,
    0xc0, 0x30, 0x98, 0x7, 0xf0, 0x98, 0x6, 0xd0,
    0xe, 0x13, 0x0, 0xd6, 0x1, 0xfc, 0xe0, 0x1c,
    0x80, 0x1e, 0x40, 0xc, 0xa0, 0x1f, 0xda, 0x1,
    0xdb, 0xbf, 0x30, 0x6, 0x22, 0x0, 0x7c, 0x28,
    0x1, 0xc4, 0x5f, 0x8, 0x7, 0x50, 0x7, 0xce,
    0x1, 0xff, 0xc7, 0x50, 0xf, 0xb4, 0x3, 0xff,
    0x8e, 0x44, 0x0, 0xe1, 0x40, 0xf, 0xfe, 0x42,
    0x80, 0x73, 0x80, 0x76, 0x7f, 0xff, 0x8c, 0x3,
    0x58, 0x7, 0x68, 0x6, 0x13, 0x0, 0xff, 0x20,
    0x6, 0x31, 0x0, 0xc8, 0x1, 0x90, 0x3, 0xfe,
    0xb0, 0xe, 0x70, 0x9, 0x40, 0x3b, 0xc0, 0x3f,
    0xe3, 0x10, 0xd, 0x40, 0x17, 0x80, 0x72, 0x0,
    0x7f, 0xf0, 0x10, 0x3, 0x18, 0x80, 0x14, 0x3,
    0x18, 0x80, 0x7f, 0xf0, 0x3c, 0x3, 0x9c, 0x14,
    0x3, 0xac, 0x3, 0xff, 0x82, 0x80, 0x1d, 0xa1,
    0xe0, 0x1c, 0xa0, 0x1f, 0xfc, 0x11, 0x30, 0xc,
    0x82,

    /* U+00C2 "Â" */
    0x0, 0xff, 0x9b, 0xfe, 0xd2, 0x0, 0xff, 0xe4,
    0xbc, 0x80, 0x45, 0x86, 0x1, 0xff, 0xc7, 0x98,
    0x0, 0xe1, 0xc4, 0x0, 0xff, 0xe2, 0xd3, 0x0,
    0x50, 0x60, 0x15, 0xa8, 0x7, 0xff, 0xe, 0xd4,
    0x2, 0x97, 0xc4, 0x0, 0xa9, 0x80, 0x3f, 0xf8,
    0x38, 0x80, 0x15, 0x30, 0x2, 0xd4, 0x2, 0x97,
    0x0, 0xff, 0x85, 0x1d, 0xeb, 0x50, 0xd, 0x50,
    0xef, 0x0, 0x7f, 0xf0, 0x6, 0x23, 0x20, 0x7,
    0x9e, 0x22, 0x70, 0xf, 0xff, 0xef, 0x7f, 0xe7,
    0x0, 0xff, 0xe4, 0x98, 0x80, 0x6b, 0x0, 0xff,
    0xe4, 0xd8, 0x7, 0x18, 0x80, 0x7f, 0xf2, 0x14,
    0x3, 0xce, 0x1, 0xff, 0xc7, 0x32, 0x0, 0xf6,
    0x80, 0x7f, 0xf1, 0xec, 0x3, 0xe4, 0x10, 0xf,
    0xfe, 0x32, 0x80, 0x7e, 0x40, 0xf, 0xfe, 0x29,
    0x10, 0x3, 0xf7, 0x0, 0x7f, 0xf1, 0x54, 0x3,
    0x30, 0x6, 0x40, 0xf, 0xfe, 0x2d, 0x0, 0x6d,
    0x40, 0xc, 0xa0, 0x1f, 0xfc, 0x32, 0x20, 0x6,
    0x4c, 0x0, 0xde, 0x1, 0xff, 0xc3, 0x50, 0xc,
    0xa0, 0xa0, 0x19, 0x40, 0x3f, 0xf8, 0x76, 0x1,
    0xbc, 0x8, 0x80, 0x19, 0x0, 0x3f, 0xf8, 0x24,
    0x60, 0x19, 0x0, 0x8, 0x1, 0xb4, 0x3, 0xff,
    0x82, 0xa0, 0x18, 0xc4, 0x1, 0xa0, 0x19, 0xc0,
    0x3f, 0xf8, 0x36, 0x1, 0xac, 0x2, 0x40, 0xc,
    0x28, 0x1, 0xff, 0x9, 0x80, 0x65, 0x0, 0xca,
    0x1, 0xb4, 0x3, 0xfe, 0x70, 0xc, 0x44, 0x0,
    0xd8, 0x1, 0x9c, 0x3, 0xfe, 0xa0, 0xc, 0x80,
    0x1c, 0xe0, 0x18, 0x4c, 0x3, 0xf8, 0x4c, 0x3,
    0x68, 0x7, 0x9, 0x80, 0x6b, 0x0, 0xfe, 0x70,
    0xe, 0x40, 0xf, 0x20, 0x6, 0x50, 0xf, 0xed,
    0x0, 0xed, 0xdf, 0x98, 0x3, 0x11, 0x0, 0x3e,
    0x14, 0x0, 0xe2, 0x2f, 0x84, 0x3, 0xa8, 0x3,
    0xe7, 0x0, 0xff, 0xe3, 0xa8, 0x7, 0xda, 0x1,
    0xff, 0xc7, 0x22, 0x0, 0x70, 0xa0, 0x7, 0xff,
    0x21, 0x40, 0x39, 0xc0, 0x3b, 0x3f, 0xff, 0xc6,
    0x1, 0xac, 0x3, 0xb4, 0x3, 0x9, 0x80, 0x7f,
    0x90, 0x3, 0x18, 0x80, 0x64, 0x0, 0xc8, 0x1,
    0xff, 0x58, 0x7, 0x38, 0x4, 0xa0, 0x1d, 0xe0,
    0x1f, 0xf1, 0x88, 0x6, 0xa0, 0xb, 0xc0, 0x39,
    0x0, 0x3f, 0xf8, 0x8, 0x1, 0x8c, 0x40, 0xa,
    0x1, 0x8c, 0x40, 0x3f, 0xf8, 0x1e, 0x1, 0xce,
    0xa, 0x1, 0xd6, 0x1, 0xff, 0xc1, 0x40, 0xe,
    0xd0, 0xf0, 0xe, 0x50, 0xf, 0xfe, 0x8, 0x98,
    0x6, 0x41,

    /* U+00C3 "Ã" */
    0x0, 0xff, 0xe3, 0x90, 0x7, 0xff, 0xc, 0x67,
    0xbf, 0xa4, 0x80, 0x3b, 0x3f, 0x4, 0x3, 0xfe,
    0x1c, 0x61, 0x1, 0x6d, 0xa4, 0x1, 0xa1, 0x3,
    0x10, 0xf, 0xfa, 0xc8, 0x3, 0xcb, 0x7f, 0xca,
    0x0, 0x40, 0xf, 0xf8, 0x94, 0x3, 0xff, 0x85,
    0x0, 0x1f, 0xf2, 0x0, 0x55, 0xfd, 0x46, 0x1,
    0xe8, 0x30, 0xf, 0xf8, 0x8c, 0x1d, 0x40, 0x57,
    0x30, 0xc6, 0x4b, 0x8e, 0x1, 0xff, 0xc0, 0x4c,
    0xf8, 0x0, 0xe3, 0x9c, 0xda, 0x30, 0xf, 0xff,
    0xf8, 0x7, 0xff, 0x43, 0xbf, 0xf3, 0x80, 0x7f,
    0xf2, 0x4c, 0x40, 0x35, 0x80, 0x7f, 0xf2, 0x6c,
    0x3, 0x8c, 0x40, 0x3f, 0xf9, 0xa, 0x1, 0xe7,
    0x0, 0xff, 0xe3, 0x99, 0x0, 0x7b, 0x40, 0x3f,
    0xf8, 0xf6, 0x1, 0xf2, 0x8, 0x7, 0xff, 0x19,
    0x40, 0x3f, 0x20, 0x7, 0xff, 0x14, 0x88, 0x1,
    0xfb, 0x80, 0x3f, 0xf8, 0xaa, 0x1, 0x98, 0x3,
    0x20, 0x7, 0xff, 0x16, 0x80, 0x36, 0xa0, 0x6,
    0x50, 0xf, 0xfe, 0x19, 0x10, 0x3, 0x26, 0x0,
    0x6f, 0x0, 0xff, 0xe1, 0xa8, 0x6, 0x50, 0x50,
    0xc, 0xa0, 0x1f, 0xfc, 0x3b, 0x0, 0xde, 0x4,
    0x40, 0xc, 0x80, 0x1f, 0xfc, 0x12, 0x30, 0xc,
    0x80, 0x4, 0x0, 0xda, 0x1, 0xff, 0xc1, 0x50,
    0xc, 0x62, 0x0, 0xd0, 0xc, 0xe0, 0x1f, 0xfc,
    0x1b, 0x0, 0xd6, 0x1, 0x20, 0x6, 0x14, 0x0,
    0xff, 0x84, 0xc0, 0x32, 0x80, 0x65, 0x0, 0xda,
    0x1, 0xff, 0x38, 0x6, 0x22, 0x0, 0x6c, 0x0,
    0xce, 0x1, 0xff, 0x50, 0x6, 0x40, 0xe, 0x70,
    0xc, 0x26, 0x1, 0xfc, 0x26, 0x1, 0xb4, 0x3,
    0x84, 0xc0, 0x35, 0x80, 0x7f, 0x38, 0x7, 0x20,
    0x7, 0x90, 0x3, 0x28, 0x7, 0xf6, 0x80, 0x76,
    0xef, 0xcc, 0x1, 0x88, 0x80, 0x1f, 0xa, 0x0,
    0x71, 0x17, 0xc2, 0x1, 0xd4, 0x1, 0xf3, 0x80,
    0x7f, 0xf1, 0xd4, 0x3, 0xed, 0x0, 0xff, 0xe3,
    0x91, 0x0, 0x38, 0x50, 0x3, 0xff, 0x90, 0xa0,
    0x1c, 0xe0, 0x1d, 0x9f, 0xff, 0xe3, 0x0, 0xd6,
    0x1, 0xda, 0x1, 0x84, 0xc0, 0x3f, 0xc8, 0x1,
    0x8c, 0x40, 0x32, 0x0, 0x64, 0x0, 0xff, 0xac,
    0x3, 0x9c, 0x2, 0x50, 0xe, 0xf0, 0xf, 0xf8,
    0xc4, 0x3, 0x50, 0x5, 0xe0, 0x1c, 0x80, 0x1f,
    0xfc, 0x4, 0x0, 0xc6, 0x20, 0x5, 0x0, 0xc6,
    0x20, 0x1f, 0xfc, 0xf, 0x0, 0xe7, 0x5, 0x0,
    0xeb, 0x0, 0xff, 0xe0, 0xa0, 0x7, 0x68, 0x78,
    0x7, 0x28, 0x7, 0xff, 0x4, 0x4c, 0x3, 0x20,
    0x80,

    /* U+00C4 "Ä" */
    0x0, 0xf3, 0x77, 0xe1, 0x80, 0x7a, 0x7b, 0xe8,
    0x40, 0x3f, 0xe4, 0x91, 0x3, 0xd0, 0xe, 0x86,
    0x10, 0x5a, 0x0, 0xff, 0xb0, 0x3, 0x9, 0x80,
    0x64, 0x0, 0xc8, 0x1, 0xff, 0x78, 0x7, 0x8,
    0x6, 0x70, 0xc, 0x20, 0x1f, 0xf3, 0x8, 0x4,
    0xa4, 0x1, 0xa0, 0x3, 0x40, 0x7, 0xfc, 0x3f,
    0x2f, 0x54, 0x0, 0xe3, 0xd8, 0x86, 0x30, 0x7,
    0xff, 0x0, 0x5a, 0x14, 0x3, 0xe2, 0x77, 0x18,
    0x7, 0xff, 0xfb, 0xbf, 0xf3, 0x80, 0x7f, 0xf2,
    0x4c, 0x40, 0x35, 0x80, 0x7f, 0xf2, 0x6c, 0x3,
    0x8c, 0x40, 0x3f, 0xf9, 0xa, 0x1, 0xe7, 0x0,
    0xff, 0xe3, 0x99, 0x0, 0x7b, 0x40, 0x3f, 0xf8,
    0xf6, 0x1, 0xf2, 0x8, 0x7, 0xff, 0x19, 0x40,
    0x3f, 0x20, 0x7, 0xff, 0x14, 0x88, 0x1, 0xfb,
    0x80, 0x3f, 0xf8, 0xaa, 0x1, 0x98, 0x3, 0x20,
    0x7, 0xff, 0x16, 0x80, 0x36, 0xa0, 0x6, 0x50,
    0xf, 0xfe, 0x19, 0x10, 0x3, 0x26, 0x0, 0x6f,
    0x0, 0xff, 0xe1, 0xa8, 0x6, 0x50, 0x50, 0xc,
    0xa0, 0x1f, 0xfc, 0x3b, 0x0, 0xde, 0x4, 0x40,
    0xc, 0x80, 0x1f, 0xfc, 0x12, 0x30, 0xc, 0x80,
    0x4, 0x0, 0xda, 0x1, 0xff, 0xc1, 0x50, 0xc,
    0x62, 0x0, 0xd0, 0xc, 0xe0, 0x1f, 0xfc, 0x1b,
    0x0, 0xd6, 0x1, 0x20, 0x6, 0x14, 0x0, 0xff,
    0x84, 0xc0, 0x32, 0x80, 0x65, 0x0, 0xda, 0x1,
    0xff, 0x38, 0x6, 0x22, 0x0, 0x6c, 0x0, 0xce,
    0x1, 0xff, 0x50, 0x6, 0x40, 0xe, 0x70, 0xc,
    0x26, 0x1, 0xfc, 0x26, 0x1, 0xb4, 0x3, 0x84,
    0xc0, 0x35, 0x80, 0x7f, 0x38, 0x7, 0x20, 0x7,
    0x90, 0x3, 0x28, 0x7, 0xf6, 0x80, 0x76, 0xef,
    0xcc, 0x1, 0x88, 0x80, 0x1f, 0xa, 0x0, 0x71,
    0x17, 0xc2, 0x1, 0xd4, 0x1, 0xf3, 0x80, 0x7f,
    0xf1, 0xd4, 0x3, 0xed, 0x0, 0xff, 0xe3, 0x91,
    0x0, 0x38, 0x50, 0x3, 0xff, 0x90, 0xa0, 0x1c,
    0xe0, 0x1d, 0x9f, 0xff, 0xe3, 0x0, 0xd6, 0x1,
    0xda, 0x1, 0x84, 0xc0, 0x3f, 0xc8, 0x1, 0x8c,
    0x40, 0x32, 0x0, 0x64, 0x0, 0xff, 0xac, 0x3,
    0x9c, 0x2, 0x50, 0xe, 0xf0, 0xf, 0xf8, 0xc4,
    0x3, 0x50, 0x5, 0xe0, 0x1c, 0x80, 0x1f, 0xfc,
    0x4, 0x0, 0xc6, 0x20, 0x5, 0x0, 0xc6, 0x20,
    0x1f, 0xfc, 0xf, 0x0, 0xe7, 0x5, 0x0, 0xeb,
    0x0, 0xff, 0xe0, 0xa0, 0x7, 0x68, 0x78, 0x7,
    0x28, 0x7, 0xff, 0x4, 0x4c, 0x3, 0x20, 0x80,

    /* U+00C5 "Å" */
    0x0, 0xff, 0xe0, 0x91, 0x0, 0x3f, 0xf9, 0x63,
    0x5f, 0xba, 0xe6, 0x0, 0xff, 0xe4, 0xf, 0xa8,
    0x4, 0x33, 0x0, 0x1f, 0xfc, 0x7b, 0x10, 0x9f,
    0xe4, 0x7, 0x30, 0xf, 0xfe, 0x32, 0x83, 0x30,
    0x6, 0x80, 0x16, 0x1, 0xff, 0xc5, 0x10, 0x7,
    0x0, 0x42, 0x20, 0x10, 0xf, 0xfe, 0x28, 0x80,
    0x34, 0x2, 0x21, 0x1, 0x0, 0xff, 0xe3, 0x30,
    0x2c, 0x9a, 0x78, 0x2, 0x80, 0x3f, 0xf8, 0xd0,
    0x60, 0xd9, 0x64, 0x12, 0x40, 0x1f, 0xfc, 0x61,
    0xc7, 0x20, 0x2, 0x5b, 0x0, 0x7f, 0xf2, 0x63,
    0x7f, 0xd6, 0x80, 0x1f, 0xfe, 0x6e, 0xff, 0xce,
    0x1, 0xff, 0xc9, 0x31, 0x0, 0xd6, 0x1, 0xff,
    0xc9, 0xb0, 0xe, 0x31, 0x0, 0xff, 0xe4, 0x28,
    0x7, 0x9c, 0x3, 0xff, 0x8e, 0x64, 0x1, 0xed,
    0x0, 0xff, 0xe3, 0xd8, 0x7, 0xc8, 0x20, 0x1f,
    0xfc, 0x65, 0x0, 0xfc, 0x80, 0x1f, 0xfc, 0x52,
    0x20, 0x7, 0xee, 0x0, 0xff, 0xe2, 0xa8, 0x6,
    0x60, 0xc, 0x80, 0x1f, 0xfc, 0x5a, 0x0, 0xda,
    0x80, 0x19, 0x40, 0x3f, 0xf8, 0x64, 0x40, 0xc,
    0x98, 0x1, 0xbc, 0x3, 0xff, 0x86, 0xa0, 0x19,
    0x41, 0x40, 0x32, 0x80, 0x7f, 0xf0, 0xec, 0x3,
    0x78, 0x11, 0x0, 0x32, 0x0, 0x7f, 0xf0, 0x48,
    0xc0, 0x32, 0x0, 0x10, 0x3, 0x68, 0x7, 0xff,
    0x5, 0x40, 0x31, 0x88, 0x3, 0x40, 0x33, 0x80,
    0x7f, 0xf0, 0x6c, 0x3, 0x58, 0x4, 0x80, 0x18,
    0x50, 0x3, 0xfe, 0x13, 0x0, 0xca, 0x1, 0x94,
    0x3, 0x68, 0x7, 0xfc, 0xe0, 0x18, 0x88, 0x1,
    0xb0, 0x3, 0x38, 0x7, 0xfd, 0x40, 0x19, 0x0,
    0x39, 0xc0, 0x30, 0x98, 0x7, 0xf0, 0x98, 0x6,
    0xd0, 0xe, 0x13, 0x0, 0xd6, 0x1, 0xfc, 0xe0,
    0x1c, 0x80, 0x1e, 0x40, 0xc, 0xa0, 0x1f, 0xda,
    0x1, 0xdb, 0xbf, 0x30, 0x6, 0x22, 0x0, 0x7c,
    0x28, 0x1, 0xc4, 0x5f, 0x8, 0x7, 0x50, 0x7,
    0xce, 0x1, 0xff, 0xc7, 0x50, 0xf, 0xb4, 0x3,
    0xff, 0x8e, 0x44, 0x0, 0xe1, 0x40, 0xf, 0xfe,
    0x42, 0x80, 0x73, 0x80, 0x76, 0x7f, 0xff, 0x8c,
    0x3, 0x58, 0x7, 0x68, 0x6, 0x13, 0x0, 0xff,
    0x20, 0x6, 0x31, 0x0, 0xc8, 0x1, 0x90, 0x3,
    0xfe, 0xb0, 0xe, 0x70, 0x9, 0x40, 0x3b, 0xc0,
    0x3f, 0xe3, 0x10, 0xd, 0x40, 0x17, 0x80, 0x72,
    0x0, 0x7f, 0xf0, 0x10, 0x3, 0x18, 0x80, 0x14,
    0x3, 0x18, 0x80, 0x7f, 0xf0, 0x3c, 0x3, 0x9c,
    0x14, 0x3, 0xac, 0x3, 0xff, 0x82, 0x80, 0x1d,
    0xa1, 0xe0, 0x1c, 0xa0, 0x1f, 0xfc, 0x11, 0x30,
    0xc, 0x82,

    /* U+00C6 "Æ" */
    0x0, 0xff, 0xe0, 0x1f, 0xff, 0xff, 0x9, 0x0,
    0x3f, 0xf8, 0x16, 0x1, 0xff, 0xcf, 0x60, 0xf,
    0xfe, 0x72, 0x8, 0x7, 0xff, 0x3b, 0x40, 0x3f,
    0x12, 0xaf, 0x98, 0x3, 0xfe, 0x70, 0xf, 0xc9,
    0x55, 0xe2, 0x0, 0xff, 0x28, 0x80, 0x7f, 0xf3,
    0xbc, 0x3, 0x10, 0x7, 0xff, 0x29, 0x40, 0x24,
    0x10, 0xf, 0xfe, 0x4a, 0x80, 0x6d, 0x0, 0xff,
    0xe5, 0x70, 0x6, 0x70, 0xf, 0xfe, 0x48, 0xa0,
    0x4, 0x62, 0x1, 0xff, 0xc9, 0x70, 0xd, 0x60,
    0x1f, 0xfc, 0xaa, 0x0, 0xca, 0x1, 0xff, 0xc9,
    0x23, 0x0, 0x88, 0x80, 0x1e, 0x6f, 0xfe, 0x80,
    0xf, 0xca, 0x1, 0x94, 0x3, 0xff, 0x95, 0x40,
    0x1a, 0x80, 0x3f, 0xf9, 0x26, 0x40, 0x11, 0x10,
    0x3, 0xff, 0x93, 0x60, 0x19, 0x40, 0x3f, 0x13,
    0x37, 0x60, 0x7, 0xcc, 0x1, 0xac, 0x3, 0xf2,
    0x4c, 0xf2, 0x0, 0x79, 0x4, 0x2, 0x13, 0x0,
    0xff, 0xe4, 0xe8, 0x6, 0x1f, 0xfc, 0x60, 0x1f,
    0xfc, 0x56, 0x0, 0xff, 0xe7, 0x28, 0x7, 0xff,
    0x3f, 0xc0, 0x3f, 0xf9, 0xea, 0x1, 0xff, 0xce,
    0x60, 0xe, 0xef, 0xfe, 0x30, 0xf, 0xfe, 0x1e,
    0x80, 0x63, 0x10, 0xf, 0xfe, 0x40, 0xa0, 0x6,
    0xb0, 0xf, 0xfe, 0x4b, 0x0, 0x72, 0x80, 0x7f,
    0xc9, 0x33, 0xe7, 0x0, 0x58, 0x6, 0x22, 0x0,
    0x7f, 0xc4, 0xcd, 0xeb, 0x2, 0x30, 0xc, 0xa0,
    0x1f, 0xfc, 0x9a, 0x0, 0xeb, 0x0, 0xf9, 0xc0,
    0x3f, 0xf8, 0x2a, 0x1, 0x84, 0xc0, 0x3f, 0xf9,
    0x0,

    /* U+00C7 "Ç" */
    0x0, 0xfc, 0xb5, 0xbf, 0xf7, 0x5b, 0x90, 0x7,
    0xff, 0x5, 0xba, 0x94, 0x80, 0x21, 0x48, 0xdb,
    0x20, 0xf, 0xe1, 0xb9, 0x10, 0xf, 0xf2, 0x6b,
    0x0, 0x7c, 0x3a, 0x80, 0x1f, 0xfc, 0x29, 0x70,
    0xf, 0x51, 0x80, 0x79, 0x15, 0x8, 0x3, 0xd0,
    0x80, 0x19, 0x90, 0x3, 0xa3, 0xee, 0xaf, 0x70,
    0xc0, 0x3a, 0x40, 0x34, 0x0, 0x75, 0xb8, 0x7,
    0x1e, 0x20, 0x6, 0x25, 0x0, 0x30, 0x80, 0x67,
    0x40, 0xf, 0xd2, 0x1, 0xd2, 0x0, 0xb0, 0xc,
    0x30, 0x1, 0xfc, 0x4a, 0x1, 0x8c, 0x48, 0x80,
    0x19, 0xc0, 0x3f, 0xef, 0x0, 0xe5, 0x40, 0xe,
    0xd0, 0xf, 0xf9, 0xc0, 0x38, 0xfc, 0x3, 0x94,
    0x3, 0xfe, 0x2d, 0xde, 0x62, 0x0, 0xe1, 0x0,
    0xff, 0xe0, 0x11, 0x70, 0xb8, 0x6, 0x10, 0xf,
    0xfe, 0x38, 0x80, 0x63, 0x0, 0xff, 0xff, 0x80,
    0x7f, 0xff, 0xc0, 0x3f, 0xf8, 0xe2, 0x1, 0x8c,
    0x3, 0xff, 0x8e, 0xc0, 0x18, 0x40, 0x3f, 0xf8,
    0xe4, 0x1, 0xc4, 0x1, 0xff, 0xc0, 0x44, 0xe2,
    0xc0, 0xe, 0x40, 0xf, 0xf8, 0xee, 0xf9, 0x10,
    0x1, 0xda, 0x1, 0xff, 0x28, 0x7, 0x28, 0x20,
    0x6, 0x41, 0x0, 0xff, 0x50, 0x7, 0x18, 0x78,
    0x7, 0x58, 0x7, 0xf2, 0x18, 0x6, 0x50, 0x2,
    0x18, 0x6, 0x58, 0x0, 0xf8, 0xe8, 0x3, 0xa0,
    0x2, 0xe0, 0xe, 0x7c, 0x51, 0x1, 0x49, 0xc1,
    0x0, 0xcc, 0x40, 0x11, 0x48, 0x7, 0x1d, 0x77,
    0xf5, 0xb0, 0x7, 0x14, 0x80, 0x73, 0x40, 0x7,
    0xff, 0xc, 0xb0, 0x3, 0xe7, 0xa1, 0x0, 0xff,
    0xe0, 0x36, 0x88, 0x7, 0xe5, 0xe8, 0x10, 0xf,
    0xcd, 0xb2, 0x1, 0xff, 0xc0, 0x7e, 0xd3, 0x0,
    0x97, 0x3e, 0x48, 0x3, 0xff, 0x86, 0x42, 0x1,
    0x3d, 0x80, 0x7f, 0xf1, 0x84, 0x80, 0x22, 0x7d,
    0x10, 0xf, 0xfe, 0x20, 0xe5, 0x20, 0x4, 0x50,
    0x1, 0xff, 0xc5, 0x35, 0xb2, 0x0, 0x90, 0x3,
    0xff, 0x90, 0xc0, 0x11, 0x80, 0x7f, 0xf1, 0xd5,
    0x0, 0x25, 0x0, 0xff, 0xe2, 0xdf, 0x50, 0x6,
    0xe0, 0xf, 0xfe, 0x2b, 0x8, 0x6, 0x75, 0x0,
    0xff, 0xe4, 0x9d, 0xc0, 0x7, 0xff, 0x1a, 0xe2,
    0xbb, 0x10, 0x3, 0xf8,

    /* U+00C8 "È" */
    0x0, 0xd9, 0xff, 0xca, 0x1, 0xff, 0xc4, 0xd2,
    0x0, 0xd6, 0x20, 0x1f, 0xfc, 0x31, 0xc2, 0x0,
    0x86, 0xc0, 0x3f, 0xf8, 0x83, 0xe2, 0x1, 0x2a,
    0x0, 0x7f, 0xf1, 0xb, 0x4, 0x2, 0x90, 0xf,
    0xfe, 0x29, 0x68, 0x4, 0x50, 0x1, 0xff, 0xc5,
    0x3c, 0x88, 0xbc, 0x3, 0xff, 0x8c, 0x6e, 0xf8,
    0x3, 0xff, 0xa8, 0x7f, 0xff, 0xfc, 0x9d, 0x0,
    0xff, 0xff, 0x92, 0x27, 0xff, 0x10, 0x3, 0xd5,
    0x77, 0xff, 0xc3, 0x90, 0xf, 0xff, 0xf8, 0x7,
    0xff, 0xfc, 0x3, 0xff, 0xb9, 0x1f, 0xff, 0xfc,
    0x19, 0x0, 0xff, 0xff, 0x80, 0xd, 0x9b, 0xff,
    0x83, 0x80, 0x1f, 0xae, 0x67, 0xff, 0x82, 0xa0,
    0x1f, 0xff, 0xf0, 0xf, 0xff, 0xf8, 0x7, 0xff,
    0xd6, 0xab, 0xff, 0x89, 0x20, 0x1e, 0x25, 0x5f,
    0xfe, 0x1b, 0x80, 0x7f, 0xfe, 0x40,

    /* U+00C9 "É" */
    0x0, 0xff, 0xe0, 0xcf, 0xff, 0x48, 0x7, 0xff,
    0xd, 0x18, 0x3, 0x2c, 0x80, 0x7f, 0xf0, 0xe8,
    0x3, 0x2d, 0x0, 0x7f, 0xf0, 0xe4, 0x40, 0x25,
    0xa0, 0xf, 0xfe, 0x1a, 0x30, 0x4, 0xb4, 0x1,
    0xff, 0xc4, 0xa0, 0x9, 0x28, 0x3, 0xff, 0x88,
    0x6c, 0xee, 0x8b, 0x0, 0xff, 0xe2, 0x9c, 0x44,
    0xe0, 0x1f, 0xfd, 0x43, 0xff, 0xff, 0xe4, 0xe8,
    0x7, 0xff, 0xfc, 0x91, 0x3f, 0xf8, 0x80, 0x1e,
    0xab, 0xbf, 0xfe, 0x1c, 0x80, 0x7f, 0xff, 0xc0,
    0x3f, 0xff, 0xe0, 0x1f, 0xfd, 0xc8, 0xff, 0xff,
    0xe0, 0xc8, 0x7, 0xff, 0xfc, 0x0, 0x6c, 0xdf,
    0xfc, 0x1c, 0x0, 0xfd, 0x73, 0x3f, 0xfc, 0x15,
    0x0, 0xff, 0xff, 0x80, 0x7f, 0xff, 0xc0, 0x3f,
    0xfe, 0xb5, 0x5f, 0xfc, 0x49, 0x0, 0xf1, 0x2a,
    0xff, 0xf0, 0xdc, 0x3, 0xff, 0xf2,

    /* U+00CA "Ê" */
    0x0, 0xfe, 0x6f, 0xfb, 0x48, 0x3, 0xff, 0x88,
    0xf2, 0x1, 0x16, 0x18, 0x7, 0xff, 0xa, 0x20,
    0x1, 0xc3, 0x88, 0x1, 0xff, 0xc0, 0xa7, 0x0,
    0x9c, 0xc0, 0x2b, 0x50, 0xf, 0xf5, 0xa8, 0x5,
    0x31, 0x88, 0x1, 0x53, 0x0, 0x7e, 0xc4, 0x0,
    0xa9, 0x80, 0x16, 0xa0, 0x14, 0xc0, 0x7, 0x85,
    0x1d, 0xeb, 0x50, 0xd, 0x52, 0xef, 0x78, 0x7,
    0x86, 0x23, 0x20, 0x7, 0x9a, 0x22, 0x70, 0xf,
    0xff, 0x29, 0xff, 0xff, 0xf2, 0x74, 0x3, 0xff,
    0xfe, 0x48, 0x9f, 0xfc, 0x40, 0xf, 0x55, 0xdf,
    0xff, 0xe, 0x40, 0x3f, 0xff, 0xe0, 0x1f, 0xff,
    0xf0, 0xf, 0xfe, 0xe4, 0x7f, 0xff, 0xf0, 0x64,
    0x3, 0xff, 0xfe, 0x0, 0x36, 0x6f, 0xfe, 0xe,
    0x0, 0x7e, 0xb9, 0x9f, 0xfe, 0xa, 0x80, 0x7f,
    0xff, 0xc0, 0x3f, 0xff, 0xe0, 0x1f, 0xff, 0x5a,
    0xaf, 0xfe, 0x24, 0x80, 0x78, 0x95, 0x7f, 0xf8,
    0x6e, 0x1, 0xff, 0xf9,

    /* U+00CB "Ë" */
    0x0, 0xcd, 0xdf, 0x86, 0x1, 0xe9, 0xef, 0xb1,
    0x0, 0xf2, 0x48, 0x81, 0xe8, 0x7, 0x3b, 0x8,
    0x25, 0x0, 0x7b, 0x0, 0x30, 0x98, 0x6, 0xb0,
    0xc, 0x80, 0x1e, 0xf0, 0xe, 0x10, 0xc, 0xe0,
    0x18, 0x40, 0x3c, 0xc4, 0x1, 0x29, 0x0, 0x68,
    0x0, 0xd0, 0x1, 0xe1, 0xd9, 0x8b, 0xa0, 0xe,
    0x3d, 0x88, 0x63, 0x0, 0x7e, 0x67, 0x40, 0xf,
    0x89, 0xdc, 0x60, 0x1f, 0xfe, 0x63, 0xff, 0xff,
    0xe4, 0xe8, 0x7, 0xff, 0xfc, 0x91, 0x3f, 0xf8,
    0x80, 0x1e, 0xab, 0xbf, 0xfe, 0x1c, 0x80, 0x7f,
    0xff, 0xc0, 0x3f, 0xff, 0xe0, 0x1f, 0xfd, 0xc8,
    0xff, 0xff, 0xe0, 0xc8, 0x7, 0xff, 0xfc, 0x0,
    0x6c, 0xdf, 0xfc, 0x1c, 0x0, 0xfd, 0x73, 0x3f,
    0xfc, 0x15, 0x0, 0xff, 0xff, 0x80, 0x7f, 0xff,
    0xc0, 0x3f, 0xfe, 0xb5, 0x5f, 0xfc, 0x49, 0x0,
    0xf1, 0x2a, 0xff, 0xf0, 0xdc, 0x3, 0xff, 0xf2,

    /* U+00CC "Ì" */
    0x1, 0xdf, 0xfe, 0x40, 0xf, 0xfe, 0x8, 0xe0,
    0x80, 0x69, 0x0, 0xff, 0xe1, 0xe, 0x8, 0x4,
    0x50, 0x1, 0xff, 0xc2, 0x2c, 0x0, 0xce, 0x60,
    0x1f, 0xfc, 0x22, 0xc0, 0xd, 0xc0, 0x1f, 0xfc,
    0x33, 0xb0, 0x8, 0x9c, 0x3, 0xff, 0x86, 0x97,
    0x11, 0x8, 0x7, 0xff, 0x11, 0x1d, 0xe6, 0x0,
    0xff, 0xe9, 0x57, 0xff, 0xff, 0x1d, 0xc0, 0x3f,
    0xfe, 0x7a, 0x89, 0xe2, 0x0, 0xe3, 0x44, 0xf1,
    0x3d, 0xdf, 0x94, 0x3, 0xba, 0xef, 0xca, 0x1,
    0xff, 0xff, 0x0, 0xff, 0xff, 0x80, 0x7f, 0xff,
    0xc0, 0x3f, 0xff, 0xe0, 0x1f, 0xff, 0xf0, 0xf,
    0xff, 0xf8, 0x7, 0xff, 0x55, 0xea, 0xbc, 0xa0,
    0x1d, 0x35, 0x5e, 0x4d, 0x55, 0xf1, 0x0, 0x72,
    0x2a, 0xf8, 0xc0, 0x3f, 0xfe, 0x60,

    /* U+00CD "Í" */
    0x0, 0xff, 0xaf, 0xff, 0xa0, 0x3, 0xff, 0x82,
    0xa8, 0x1, 0x9e, 0x0, 0x3f, 0xf8, 0x3, 0x60,
    0x19, 0xe0, 0x3, 0xff, 0x83, 0x42, 0x1, 0x34,
    0x0, 0x7f, 0xf0, 0x55, 0x0, 0x26, 0x90, 0xf,
    0xfe, 0x8, 0xd0, 0x4, 0xd2, 0x1, 0xff, 0xc2,
    0x57, 0x7a, 0x64, 0x1, 0xff, 0xc3, 0x48, 0x89,
    0x80, 0x3f, 0xfa, 0x55, 0xff, 0xff, 0xc7, 0x70,
    0xf, 0xff, 0x9e, 0xa2, 0x78, 0x80, 0x38, 0xd1,
    0x3c, 0x4f, 0x77, 0xe5, 0x0, 0xee, 0xbb, 0xf2,
    0x80, 0x7f, 0xff, 0xc0, 0x3f, 0xff, 0xe0, 0x1f,
    0xff, 0xf0, 0xf, 0xff, 0xf8, 0x7, 0xff, 0xfc,
    0x3, 0xff, 0xfe, 0x1, 0xff, 0xd5, 0x7a, 0xaf,
    0x28, 0x7, 0x4d, 0x57, 0x93, 0x55, 0x7c, 0x40,
    0x1c, 0x8a, 0xbe, 0x30, 0xf, 0xff, 0x98,

    /* U+00CE "Î" */
    0x0, 0xf9, 0xff, 0xed, 0x10, 0xf, 0xfe, 0x14,
    0x40, 0x2, 0x2f, 0x20, 0xf, 0xfe, 0x4, 0xb8,
    0x7, 0xe, 0x18, 0x7, 0xfa, 0xd8, 0x2, 0x82,
    0x0, 0xe, 0x20, 0x7, 0xeb, 0x40, 0xa, 0x9f,
    0xc, 0x2, 0xb5, 0x0, 0xe1, 0xc4, 0x0, 0xad,
    0x40, 0x71, 0x0, 0x2a, 0x70, 0xc, 0x68, 0xef,
    0x62, 0x0, 0x6b, 0x87, 0x78, 0x40, 0x31, 0x44,
    0x63, 0x0, 0xf3, 0xc4, 0x4c, 0x1, 0xff, 0xe1,
    0xaf, 0xff, 0xfe, 0x3b, 0x80, 0x7f, 0xfc, 0xf5,
    0x13, 0xc4, 0x1, 0xc6, 0x89, 0xe2, 0x7b, 0xbf,
    0x28, 0x7, 0x75, 0xdf, 0x94, 0x3, 0xff, 0xfe,
    0x1, 0xff, 0xff, 0x0, 0xff, 0xff, 0x80, 0x7f,
    0xff, 0xc0, 0x3f, 0xff, 0xe0, 0x1f, 0xff, 0xf0,
    0xf, 0xfe, 0xab, 0xd5, 0x79, 0x40, 0x3a, 0x6a,
    0xbc, 0x9a, 0xab, 0xe2, 0x0, 0xe4, 0x55, 0xf1,
    0x80, 0x7f, 0xfc, 0xc0,

    /* U+00CF "Ï" */
    0x0, 0x3f, 0x7e, 0x10, 0x7, 0xa7, 0xfd, 0x40,
    0x1c, 0xb0, 0x20, 0x7e, 0x1, 0xd2, 0xc0, 0x5,
    0xa0, 0xd, 0x80, 0x18, 0x88, 0x1, 0x90, 0x3,
    0x20, 0x6, 0x10, 0xe, 0x30, 0xc, 0x20, 0x18,
    0xc0, 0x34, 0x88, 0x4, 0xc2, 0x1, 0xa0, 0x3,
    0x40, 0x6, 0x1f, 0x97, 0xb9, 0x0, 0xe4, 0xd8,
    0x86, 0x28, 0x7, 0xb, 0x42, 0x0, 0x7c, 0x4e,
    0xe3, 0x0, 0xff, 0xf1, 0x57, 0xff, 0xff, 0x1d,
    0xc0, 0x3f, 0xfe, 0x7a, 0x89, 0xe2, 0x0, 0xe3,
    0x44, 0xf1, 0x3d, 0xdf, 0x94, 0x3, 0xba, 0xef,
    0xca, 0x1, 0xff, 0xff, 0x0, 0xff, 0xff, 0x80,
    0x7f, 0xff, 0xc0, 0x3f, 0xff, 0xe0, 0x1f, 0xff,
    0xf0, 0xf, 0xff, 0xf8, 0x7, 0xff, 0x55, 0xea,
    0xbc, 0xa0, 0x1d, 0x35, 0x5e, 0x4d, 0x55, 0xf1,
    0x0, 0x72, 0x2a, 0xf8, 0xc0, 0x3f, 0xfe, 0x60,

    /* U+00D0 "Ð" */
    0x0, 0xe6, 0xff, 0xff, 0x6d, 0x39, 0x0, 0x7f,
    0xf3, 0x89, 0x63, 0x6c, 0xc0, 0x3f, 0xfa, 0x9,
    0x94, 0x20, 0x1f, 0xfd, 0x5, 0xf2, 0x0, 0xff,
    0xe2, 0x22, 0xac, 0x82, 0x1, 0xe1, 0xc2, 0x0,
    0xff, 0xe1, 0xfd, 0x55, 0x7d, 0x8a, 0x1, 0xc3,
    0xe0, 0x1f, 0xfc, 0x93, 0xaa, 0x0, 0x71, 0x48,
    0x7, 0xff, 0x29, 0x6c, 0x3, 0x98, 0x80, 0x3f,
    0xf9, 0x49, 0x0, 0x1d, 0x0, 0x1f, 0xfc, 0xb7,
    0x10, 0xc, 0xa2, 0x1, 0xff, 0xcb, 0x60, 0xe,
    0x40, 0xf, 0xfe, 0x5d, 0x80, 0x76, 0x0, 0x7f,
    0xf2, 0xcc, 0x3, 0x94, 0x3, 0xff, 0x98, 0x40,
    0x18, 0x80, 0x3f, 0xf9, 0x8c, 0x1, 0x84, 0xb,
    0xff, 0x48, 0x7, 0x5f, 0xfe, 0x80, 0xf, 0xff,
    0xf8, 0x7, 0xff, 0xb, 0xc0, 0x3f, 0xf8, 0x25,
    0xff, 0xa4, 0x3, 0xaf, 0xff, 0x38, 0x7, 0xff,
    0x61, 0x80, 0x30, 0x80, 0x7f, 0xf3, 0x8, 0x3,
    0x10, 0x7, 0xff, 0x2c, 0xc0, 0x39, 0x40, 0x3f,
    0xf9, 0x68, 0x1, 0xd8, 0x1, 0xff, 0xcb, 0x90,
    0xe, 0x40, 0xf, 0xfe, 0x53, 0x8, 0x6, 0x51,
    0x0, 0xff, 0xe4, 0x9c, 0x80, 0x74, 0x0, 0x7f,
    0xf2, 0x53, 0x40, 0x39, 0x88, 0x3, 0xff, 0x8e,
    0x53, 0x62, 0x1, 0x8a, 0x40, 0x3f, 0xf8, 0x5f,
    0x33, 0x56, 0xe9, 0x80, 0x38, 0x7c, 0x3, 0xff,
    0x86, 0x8c, 0xd2, 0x90, 0x7, 0x87, 0x8, 0x3,
    0xff, 0x9c, 0x9e, 0x40, 0x1f, 0xfc, 0xd3, 0xbb,
    0x8, 0x7, 0xff, 0x28, 0x92, 0x37, 0x10, 0x3,
    0xf0,

    /* U+00D1 "Ñ" */
    0x0, 0xff, 0xe2, 0x10, 0x80, 0x7f, 0x9b, 0x7f,
    0xd6, 0x80, 0x1d, 0x7d, 0xc5, 0x0, 0xfa, 0x64,
    0x40, 0x4, 0xbd, 0x61, 0x5, 0x60, 0x10, 0xf,
    0x95, 0x80, 0x3c, 0x53, 0xdf, 0x40, 0x12, 0x0,
    0x7a, 0x0, 0x3f, 0xf8, 0x4c, 0x20, 0x1c, 0x24,
    0x0, 0x7e, 0xfc, 0x60, 0xf, 0x24, 0x80, 0x7c,
    0xa2, 0x50, 0x20, 0x73, 0xd0, 0x84, 0x93, 0x60,
    0x1f, 0xd, 0x76, 0x0, 0x70, 0xbd, 0xed, 0xb0,
    0x7, 0xfc, 0x20, 0x1f, 0xff, 0x3e, 0xff, 0xe1,
    0x0, 0xfe, 0x2f, 0xfe, 0x80, 0xf, 0x48, 0x7,
    0xff, 0x29, 0x80, 0x3f, 0xf9, 0x42, 0xe0, 0x1f,
    0xfc, 0xa9, 0x0, 0xff, 0xe5, 0xb, 0x0, 0x7f,
    0xf2, 0xac, 0x3, 0xff, 0x94, 0x4a, 0x1, 0xff,
    0xca, 0x80, 0xf, 0xfe, 0x51, 0x20, 0x7, 0xff,
    0x2a, 0x0, 0x3f, 0xf8, 0xa6, 0x60, 0x8, 0xcc,
    0x1, 0xff, 0xc5, 0x90, 0xd, 0x0, 0x1f, 0xfc,
    0x55, 0x20, 0x9, 0x8, 0x3, 0xff, 0x8b, 0x0,
    0x1a, 0x0, 0x3f, 0xf8, 0xaa, 0x40, 0x12, 0x90,
    0x7, 0xff, 0x16, 0xc0, 0x35, 0x80, 0x7f, 0xf1,
    0x58, 0x40, 0x26, 0x10, 0xf, 0xfe, 0x2c, 0x80,
    0x69, 0x0, 0xff, 0xe2, 0xb8, 0x6, 0x71, 0x0,
    0xff, 0xe2, 0xb8, 0x6, 0x61, 0x0, 0xff, 0xe2,
    0x48, 0x6, 0x90, 0xf, 0xfe, 0x28, 0xb0, 0x4,
    0x34, 0x1, 0xff, 0xc5, 0x80, 0xc, 0xc0, 0x1f,
    0xfc, 0x51, 0x50, 0xf, 0xfe, 0x54, 0x0, 0x7f,
    0xf2, 0x89, 0x40, 0x3f, 0xf9, 0x52, 0x1, 0xff,
    0xca, 0x34, 0x0, 0xff, 0xe5, 0x78, 0x7, 0xff,
    0x29, 0xc, 0x3, 0xff, 0x95, 0x20, 0x1f, 0xfc,
    0xa5, 0x20, 0xf, 0xfe, 0x54, 0x0, 0x78,

    /* U+00D2 "Ò" */
    0x0, 0xc5, 0xdf, 0xfc, 0x40, 0x1f, 0xfc, 0x52,
    0xd0, 0xe, 0xe0, 0xf, 0xfe, 0x31, 0xe0, 0x6,
    0x36, 0x0, 0xff, 0xe3, 0x1d, 0x80, 0x69, 0x10,
    0xf, 0xfe, 0x32, 0x50, 0x6, 0xb0, 0xf, 0xfe,
    0x3a, 0xc8, 0x4, 0xaa, 0x0, 0xff, 0xe3, 0xb5,
    0x44, 0x40, 0x1f, 0xfc, 0x95, 0x77, 0x94, 0x3,
    0xff, 0xee, 0x2f, 0x7d, 0xff, 0x64, 0xa0, 0x7,
    0xff, 0xa, 0x3a, 0x10, 0x40, 0x23, 0x6b, 0xd4,
    0x0, 0xff, 0x16, 0xb8, 0x7, 0xf8, 0xae, 0x40,
    0x3f, 0x16, 0x10, 0x7, 0xff, 0x5, 0xa8, 0x3,
    0xef, 0x10, 0xf, 0x11, 0x4, 0x3, 0xcb, 0x0,
    0x1d, 0x4, 0x1, 0xcf, 0xdb, 0xae, 0xc3, 0x0,
    0xe7, 0x30, 0x8, 0x5c, 0x3, 0xae, 0x4, 0x2,
    0x3c, 0x60, 0xe, 0xf0, 0x9, 0x80, 0x3a, 0x10,
    0x3, 0xe9, 0x30, 0xc, 0x66, 0x0, 0x50, 0x6,
    0x17, 0x0, 0xfe, 0x80, 0xe, 0xa0, 0x22, 0x0,
    0x66, 0x0, 0xff, 0x21, 0x0, 0x67, 0x4, 0x0,
    0xec, 0x0, 0xff, 0x94, 0x3, 0x9, 0x78, 0x7,
    0x28, 0x7, 0xfd, 0xa0, 0x1c, 0xe4, 0x1, 0xc2,
    0x1, 0xff, 0x30, 0x7, 0x13, 0x0, 0x62, 0x0,
    0xff, 0xe0, 0x10, 0x7, 0x70, 0x7, 0xff, 0x18,
    0x40, 0x3f, 0xfa, 0x46, 0x1, 0xff, 0xff, 0x0,
    0xff, 0xe6, 0x18, 0x7, 0xff, 0x18, 0x40, 0x3c,
    0xc0, 0x18, 0x80, 0x3f, 0xf8, 0x4, 0x1, 0xdc,
    0x40, 0x1c, 0x20, 0x1f, 0xf3, 0x0, 0x71, 0x78,
    0x7, 0x28, 0x7, 0xfd, 0xa0, 0x1c, 0xe8, 0x1,
    0xd8, 0x1, 0xff, 0x28, 0x6, 0x12, 0x20, 0x80,
    0x66, 0x0, 0xff, 0x19, 0x0, 0x64, 0x0, 0x30,
    0x6, 0x17, 0x0, 0xfe, 0xf0, 0xe, 0x90, 0x4,
    0x80, 0x74, 0x18, 0x7, 0xd0, 0x60, 0x18, 0xcc,
    0x0, 0x17, 0x0, 0xec, 0x70, 0xc, 0x56, 0xe0,
    0x1d, 0xe0, 0x1a, 0x8, 0x3, 0xa3, 0xf7, 0x3b,
    0x50, 0x3, 0x9c, 0xc0, 0x3b, 0xc4, 0x3, 0xc4,
    0x62, 0x1, 0xe5, 0x80, 0xf, 0x16, 0x10, 0x7,
    0xff, 0x5, 0xa8, 0x3, 0xf1, 0x6b, 0x80, 0x7f,
    0x8a, 0xa4, 0x3, 0xfe, 0x8e, 0x94, 0x20, 0x8,
    0x9a, 0xf5, 0x40, 0x3c,

    /* U+00D3 "Ó" */
    0x0, 0xff, 0xe1, 0x6f, 0xff, 0x30, 0x7, 0xff,
    0x16, 0x8, 0x3, 0x4b, 0x0, 0x7f, 0xf1, 0xd,
    0xc0, 0x34, 0xb0, 0x7, 0xff, 0x17, 0xc0, 0x34,
    0xb0, 0x7, 0xff, 0x15, 0xcc, 0x2, 0x86, 0x0,
    0xff, 0xe2, 0x94, 0x0, 0x50, 0xe0, 0x1f, 0xfc,
    0x67, 0x7d, 0x4e, 0x1, 0xff, 0xc7, 0x58, 0x89,
    0x40, 0x3f, 0xfe, 0xe2, 0xf7, 0xdf, 0xf6, 0x4a,
    0x0, 0x7f, 0xf0, 0xa3, 0xa1, 0x4, 0x2, 0x36,
    0xbd, 0x40, 0xf, 0xf1, 0x6b, 0x80, 0x7f, 0x8a,
    0xe4, 0x3, 0xf1, 0x61, 0x0, 0x7f, 0xf0, 0x5a,
    0x80, 0x3e, 0xf1, 0x0, 0xf1, 0x10, 0x40, 0x3c,
    0xb0, 0x1, 0xd0, 0x40, 0x1c, 0xfd, 0xba, 0xec,
    0x30, 0xe, 0x73, 0x0, 0x85, 0xc0, 0x3a, 0xe0,
    0x40, 0x23, 0xc6, 0x0, 0xef, 0x0, 0x98, 0x3,
    0xa1, 0x0, 0x3e, 0x93, 0x0, 0xc6, 0x60, 0x5,
    0x0, 0x61, 0x70, 0xf, 0xe8, 0x0, 0xea, 0x2,
    0x20, 0x6, 0x60, 0xf, 0xf2, 0x10, 0x6, 0x70,
    0x40, 0xe, 0xc0, 0xf, 0xf9, 0x40, 0x30, 0x97,
    0x80, 0x72, 0x80, 0x7f, 0xda, 0x1, 0xce, 0x40,
    0x1c, 0x20, 0x1f, 0xf3, 0x0, 0x71, 0x30, 0x6,
    0x20, 0xf, 0xfe, 0x1, 0x0, 0x77, 0x0, 0x7f,
    0xf1, 0x84, 0x3, 0xff, 0xa4, 0x60, 0x1f, 0xff,
    0xf0, 0xf, 0xfe, 0x61, 0x80, 0x7f, 0xf1, 0x84,
    0x3, 0xcc, 0x1, 0x88, 0x3, 0xff, 0x80, 0x40,
    0x1d, 0xc4, 0x1, 0xc2, 0x1, 0xff, 0x30, 0x7,
    0x17, 0x80, 0x72, 0x80, 0x7f, 0xda, 0x1, 0xce,
    0x80, 0x1d, 0x80, 0x1f, 0xf2, 0x80, 0x61, 0x22,
    0x8, 0x6, 0x60, 0xf, 0xf1, 0x90, 0x6, 0x40,
    0x3, 0x0, 0x61, 0x70, 0xf, 0xef, 0x0, 0xe9,
    0x0, 0x48, 0x7, 0x41, 0x80, 0x7d, 0x6, 0x1,
    0x8c, 0xc0, 0x1, 0x70, 0xe, 0xc7, 0x0, 0xc5,
    0x6e, 0x1, 0xde, 0x1, 0xa0, 0x80, 0x3a, 0x3f,
    0x73, 0xb5, 0x0, 0x39, 0xcc, 0x3, 0xbc, 0x40,
    0x3c, 0x46, 0x20, 0x1e, 0x58, 0x0, 0xf1, 0x61,
    0x0, 0x7f, 0xf0, 0x5a, 0x80, 0x3f, 0x16, 0xb8,
    0x7, 0xf8, 0xaa, 0x40, 0x3f, 0xe8, 0xe9, 0x42,
    0x0, 0x89, 0xaf, 0x54, 0x3, 0xc0,

    /* U+00D4 "Ô" */
    0x0, 0xff, 0x4f, 0xfd, 0x60, 0x1f, 0xfc, 0x7a,
    0x60, 0x9, 0x30, 0x40, 0x3f, 0xf8, 0x96, 0xa0,
    0x1c, 0x78, 0x40, 0x1f, 0xfc, 0x11, 0xc4, 0x0,
    0xa4, 0x40, 0x5, 0x86, 0x1, 0xff, 0xe, 0x18,
    0x5, 0x6d, 0xe4, 0x0, 0x1c, 0x40, 0xf, 0xe2,
    0xf2, 0x0, 0xe, 0x20, 0xe, 0x10, 0x5, 0x6a,
    0x1, 0xf8, 0x59, 0xde, 0xc3, 0x0, 0x87, 0x21,
    0xde, 0x0, 0xfe, 0x38, 0x8c, 0x40, 0x1c, 0x2f,
    0x11, 0x28, 0x7, 0xff, 0xfc, 0x3, 0xfe, 0x17,
    0xbe, 0xff, 0xb2, 0x50, 0x3, 0xff, 0x85, 0x1d,
    0x8, 0x20, 0x11, 0xb5, 0xea, 0x0, 0x7f, 0x8b,
    0x5c, 0x3, 0xfc, 0x57, 0x20, 0x1f, 0x8b, 0x8,
    0x3, 0xff, 0x82, 0xd4, 0x1, 0xf7, 0x88, 0x7,
    0x88, 0x82, 0x1, 0xe5, 0x80, 0xe, 0x82, 0x0,
    0xe7, 0xed, 0xd7, 0x61, 0x80, 0x73, 0x98, 0x4,
    0x2e, 0x1, 0xd7, 0x2, 0x1, 0x1e, 0x30, 0x7,
    0x78, 0x4, 0xc0, 0x1d, 0x8, 0x1, 0xf4, 0x98,
    0x6, 0x33, 0x0, 0x28, 0x3, 0xb, 0x80, 0x7f,
    0x40, 0x7, 0x50, 0x11, 0x0, 0x33, 0x0, 0x7f,
    0x90, 0x80, 0x33, 0x82, 0x0, 0x76, 0x0, 0x7f,
    0xca, 0x1, 0x84, 0xbc, 0x3, 0x94, 0x3, 0xfe,
    0xd0, 0xe, 0x72, 0x0, 0xe1, 0x0, 0xff, 0x98,
    0x3, 0x89, 0x80, 0x31, 0x0, 0x7f, 0xf0, 0x8,
    0x3, 0xb8, 0x3, 0xff, 0x8c, 0x20, 0x1f, 0xfd,
    0x23, 0x0, 0xff, 0xff, 0x80, 0x7f, 0xf3, 0xc,
    0x3, 0xff, 0x8c, 0x20, 0x1e, 0x60, 0xc, 0x40,
    0x1f, 0xfc, 0x2, 0x0, 0xee, 0x20, 0xe, 0x10,
    0xf, 0xf9, 0x80, 0x38, 0xbc, 0x3, 0x94, 0x3,
    0xfe, 0xd0, 0xe, 0x74, 0x0, 0xec, 0x0, 0xff,
    0x94, 0x3, 0x9, 0x10, 0x40, 0x33, 0x0, 0x7f,
    0x8c, 0x80, 0x32, 0x0, 0x18, 0x3, 0xb, 0x80,
    0x7f, 0x78, 0x7, 0x48, 0x2, 0x40, 0x3a, 0xc,
    0x3, 0xe8, 0x30, 0xc, 0x66, 0x0, 0xb, 0x80,
    0x76, 0x38, 0x6, 0x2b, 0x70, 0xe, 0xf0, 0xd,
    0x4, 0x1, 0xd1, 0xfb, 0x9d, 0xa8, 0x1, 0xce,
    0x60, 0x1d, 0xe2, 0x1, 0xe2, 0x31, 0x0, 0xf2,
    0xc0, 0x7, 0x8b, 0x8, 0x3, 0xff, 0x82, 0xd4,
    0x1, 0xf8, 0xb5, 0xc0, 0x3f, 0xc5, 0x52, 0x1,
    0xff, 0x47, 0x4a, 0x10, 0x4, 0x4d, 0x7a, 0xa0,
    0x1e,

    /* U+00D5 "Õ" */
    0x0, 0xff, 0xe3, 0x18, 0x7, 0xff, 0x0, 0xab,
    0xfd, 0xae, 0x20, 0x18, 0xb3, 0xe8, 0x3, 0xf8,
    0xf5, 0x40, 0x5, 0x1d, 0x26, 0x5, 0xc0, 0x6,
    0x0, 0xfe, 0xe0, 0xf, 0x9b, 0x3f, 0x4c, 0x0,
    0x80, 0x1f, 0x94, 0x80, 0x3f, 0xf8, 0x23, 0x20,
    0x1f, 0xbc, 0x0, 0x59, 0xfb, 0x24, 0x1, 0xea,
    0x10, 0xf, 0xda, 0x41, 0x6, 0x4, 0xdb, 0x4a,
    0x46, 0xda, 0x80, 0x1f, 0xcf, 0xbc, 0xa0, 0x1c,
    0xb5, 0xb9, 0x24, 0x1, 0xff, 0xc0, 0x10, 0xf,
    0xff, 0xf8, 0x7, 0xff, 0x34, 0x5e, 0xfb, 0xfe,
    0xc9, 0x40, 0xf, 0xfe, 0x14, 0x74, 0x20, 0x80,
    0x46, 0xd7, 0xa8, 0x1, 0xfe, 0x2d, 0x70, 0xf,
    0xf1, 0x5c, 0x80, 0x7e, 0x2c, 0x20, 0xf, 0xfe,
    0xb, 0x50, 0x7, 0xde, 0x20, 0x1e, 0x22, 0x8,
    0x7, 0x96, 0x0, 0x3a, 0x8, 0x3, 0x9f, 0xb7,
    0x5d, 0x86, 0x1, 0xce, 0x60, 0x10, 0xb8, 0x7,
    0x5c, 0x8, 0x4, 0x78, 0xc0, 0x1d, 0xe0, 0x13,
    0x0, 0x74, 0x20, 0x7, 0xd2, 0x60, 0x18, 0xcc,
    0x0, 0xa0, 0xc, 0x2e, 0x1, 0xfd, 0x0, 0x1d,
    0x40, 0x44, 0x0, 0xcc, 0x1, 0xfe, 0x42, 0x0,
    0xce, 0x8, 0x1, 0xd8, 0x1, 0xff, 0x28, 0x6,
    0x12, 0xf0, 0xe, 0x50, 0xf, 0xfb, 0x40, 0x39,
    0xc8, 0x3, 0x84, 0x3, 0xfe, 0x60, 0xe, 0x26,
    0x0, 0xc4, 0x1, 0xff, 0xc0, 0x20, 0xe, 0xe0,
    0xf, 0xfe, 0x30, 0x80, 0x7f, 0xf4, 0x8c, 0x3,
    0xff, 0xfe, 0x1, 0xff, 0xcc, 0x30, 0xf, 0xfe,
    0x30, 0x80, 0x79, 0x80, 0x31, 0x0, 0x7f, 0xf0,
    0x8, 0x3, 0xb8, 0x80, 0x38, 0x40, 0x3f, 0xe6,
    0x0, 0xe2, 0xf0, 0xe, 0x50, 0xf, 0xfb, 0x40,
    0x39, 0xd0, 0x3, 0xb0, 0x3, 0xfe, 0x50, 0xc,
    0x24, 0x41, 0x0, 0xcc, 0x1, 0xfe, 0x32, 0x0,
    0xc8, 0x0, 0x60, 0xc, 0x2e, 0x1, 0xfd, 0xe0,
    0x1d, 0x20, 0x9, 0x0, 0xe8, 0x30, 0xf, 0xa0,
    0xc0, 0x31, 0x98, 0x0, 0x2e, 0x1, 0xd8, 0xe0,
    0x18, 0xad, 0xc0, 0x3b, 0xc0, 0x34, 0x10, 0x7,
    0x47, 0xee, 0x76, 0xa0, 0x7, 0x39, 0x80, 0x77,
    0x88, 0x7, 0x88, 0xc4, 0x3, 0xcb, 0x0, 0x1e,
    0x2c, 0x20, 0xf, 0xfe, 0xb, 0x50, 0x7, 0xe2,
    0xd7, 0x0, 0xff, 0x15, 0x48, 0x7, 0xfd, 0x1d,
    0x28, 0x40, 0x11, 0x35, 0xea, 0x80, 0x78,

    /* U+00D6 "Ö" */
    0x0, 0xe9, 0xef, 0xb1, 0x0, 0xe1, 0xbf, 0xe9,
    0x0, 0xfe, 0x76, 0x10, 0x4a, 0x0, 0xea, 0x40,
    0x16, 0x70, 0xf, 0xd6, 0x1, 0x90, 0x3, 0x90,
    0x3, 0x58, 0x7, 0xe7, 0x0, 0xc2, 0x1, 0xc2,
    0x1, 0x9c, 0x3, 0xf4, 0x0, 0x68, 0x0, 0xe8,
    0x0, 0xd0, 0x1, 0xf8, 0xf6, 0x1f, 0x18, 0x3,
    0x9b, 0x1e, 0x34, 0xc0, 0x3f, 0x89, 0xe0, 0xc0,
    0x3e, 0x38, 0x72, 0x0, 0xff, 0xff, 0x80, 0x7f,
    0xf0, 0x5, 0xef, 0xbf, 0xec, 0x94, 0x0, 0xff,
    0xe1, 0x47, 0x42, 0x8, 0x4, 0x6d, 0x7a, 0x80,
    0x1f, 0xe2, 0xd7, 0x0, 0xff, 0x15, 0xc8, 0x7,
    0xe2, 0xc2, 0x0, 0xff, 0xe0, 0xb5, 0x0, 0x7d,
    0xe2, 0x1, 0xe2, 0x20, 0x80, 0x79, 0x60, 0x3,
    0xa0, 0x80, 0x39, 0xfb, 0x75, 0xd8, 0x60, 0x1c,
    0xe6, 0x1, 0xb, 0x80, 0x75, 0xc0, 0x80, 0x47,
    0x8c, 0x1, 0xde, 0x1, 0x30, 0x7, 0x42, 0x0,
    0x7d, 0x26, 0x1, 0x8c, 0xc0, 0xa, 0x0, 0xc2,
    0xe0, 0x1f, 0xd0, 0x1, 0xd4, 0x4, 0x40, 0xc,
    0xc0, 0x1f, 0xe4, 0x20, 0xc, 0xe0, 0x80, 0x1d,
    0x80, 0x1f, 0xf2, 0x80, 0x61, 0x2f, 0x0, 0xe5,
    0x0, 0xff, 0xb4, 0x3, 0x9c, 0x80, 0x38, 0x40,
    0x3f, 0xe6, 0x0, 0xe2, 0x60, 0xc, 0x40, 0x1f,
    0xfc, 0x2, 0x0, 0xee, 0x0, 0xff, 0xe3, 0x8,
    0x7, 0xff, 0x48, 0xc0, 0x3f, 0xff, 0xe0, 0x1f,
    0xfc, 0xc3, 0x0, 0xff, 0xe3, 0x8, 0x7, 0x98,
    0x3, 0x10, 0x7, 0xff, 0x0, 0x80, 0x3b, 0x88,
    0x3, 0x84, 0x3, 0xfe, 0x60, 0xe, 0x2f, 0x0,
    0xe5, 0x0, 0xff, 0xb4, 0x3, 0x9d, 0x0, 0x3b,
    0x0, 0x3f, 0xe5, 0x0, 0xc2, 0x44, 0x10, 0xc,
    0xc0, 0x1f, 0xe3, 0x20, 0xc, 0x80, 0x6, 0x0,
    0xc2, 0xe0, 0x1f, 0xde, 0x1, 0xd2, 0x0, 0x90,
    0xe, 0x83, 0x0, 0xfa, 0xc, 0x3, 0x19, 0x80,
    0x2, 0xe0, 0x1d, 0x8e, 0x1, 0x8a, 0xdc, 0x3,
    0xbc, 0x3, 0x41, 0x0, 0x74, 0x7e, 0xe7, 0x6a,
    0x0, 0x73, 0x98, 0x7, 0x78, 0x80, 0x78, 0x8c,
    0x40, 0x3c, 0xb0, 0x1, 0xe2, 0xc2, 0x0, 0xff,
    0xe0, 0xb5, 0x0, 0x7e, 0x2d, 0x70, 0xf, 0xf1,
    0x54, 0x80, 0x7f, 0xd1, 0xd2, 0x84, 0x1, 0x13,
    0x5e, 0xa8, 0x7, 0x80,

    /* U+00D7 "×" */
    0x0, 0xff, 0xe7, 0x1e, 0x8, 0x7, 0xff, 0x1,
    0xac, 0x3, 0x8f, 0xf, 0x4, 0x3, 0xfc, 0xb2,
    0x96, 0x1, 0x1e, 0x0, 0xb, 0x40, 0x3f, 0x96,
    0x80, 0x9, 0x60, 0xf, 0x0, 0xc7, 0x80, 0x1f,
    0x2d, 0x0, 0x64, 0x50, 0xd2, 0x0, 0xc7, 0x80,
    0x1c, 0x94, 0x1, 0xce, 0xa0, 0x3e, 0x20, 0x18,
    0xec, 0x2, 0x4b, 0x0, 0xe7, 0x80, 0x8, 0xb0,
    0x40, 0x32, 0x58, 0x25, 0x80, 0x73, 0xc0, 0x7,
    0x16, 0x8, 0x6, 0x4c, 0xb0, 0xe, 0x68, 0x0,
    0xf8, 0xb0, 0x40, 0x31, 0x80, 0x73, 0x48, 0x7,
    0xf1, 0x60, 0x80, 0x7e, 0x59, 0x0, 0xff, 0x8b,
    0x44, 0x3, 0xcb, 0x40, 0x1f, 0xfc, 0x11, 0x0,
    0xff, 0xe4, 0x96, 0x8, 0x7, 0x96, 0x40, 0x3f,
    0xe2, 0xc1, 0x0, 0xfc, 0xd2, 0x1, 0xfc, 0x58,
    0x20, 0x18, 0xc0, 0x39, 0xa4, 0x3, 0xe1, 0xc1,
    0x0, 0xc7, 0x96, 0x1, 0xcd, 0x0, 0x1c, 0x38,
    0x20, 0x18, 0xf0, 0x12, 0xc0, 0x39, 0xe0, 0x2,
    0x1c, 0x20, 0xc, 0x78, 0x1, 0x25, 0x0, 0x73,
    0xb8, 0x1, 0xa4, 0x1, 0x8f, 0x40, 0x39, 0x68,
    0x3, 0xa1, 0x42, 0x0, 0x31, 0x68, 0x80, 0x79,
    0x68, 0x3, 0x1a, 0x82, 0x58, 0x0, 0xb0, 0x40,
    0x3f, 0x2c, 0x80, 0xf, 0x0, 0x24, 0xb2, 0xc1,
    0x0, 0xff, 0x34, 0x9e, 0x0, 0x72, 0x68, 0x80,
    0x7f, 0xf0, 0x1b, 0x0, 0x20,

    /* U+00D8 "Ø" */
    0x0, 0xff, 0xe4, 0x97, 0xfd, 0x80, 0x1f, 0xfc,
    0x9b, 0x0, 0xa0, 0x3, 0xf0, 0xbd, 0xf7, 0xfb,
    0xb2, 0xc, 0x2, 0x60, 0x1, 0xa0, 0x7, 0xd1,
    0xd0, 0x82, 0x0, 0x13, 0x7c, 0xc1, 0xb8, 0x5,
    0x0, 0x1e, 0x2d, 0x70, 0xf, 0xf1, 0xe4, 0x80,
    0xd, 0x0, 0x38, 0xb0, 0x80, 0x3f, 0xf8, 0x22,
    0x0, 0x90, 0xf, 0x78, 0x80, 0x78, 0x88, 0x1,
    0xf8, 0x94, 0x3, 0xa0, 0x80, 0x3a, 0x3b, 0x75,
    0xf6, 0x60, 0x1c, 0x42, 0x1, 0x85, 0xc0, 0x3a,
    0xdc, 0x40, 0x24, 0xc5, 0x0, 0xeb, 0x0, 0xd2,
    0x1, 0xd2, 0x80, 0x1f, 0x38, 0x7, 0x29, 0x0,
    0x4c, 0x1, 0x85, 0x80, 0x3e, 0x62, 0x0, 0xf5,
    0x0, 0xc, 0x40, 0x33, 0x0, 0x7c, 0x32, 0x1,
    0xf2, 0x80, 0x14, 0x3, 0xac, 0x3, 0xeb, 0x0,
    0x8c, 0x3, 0x11, 0x3, 0xc0, 0x38, 0xc0, 0x3c,
    0x8a, 0x0, 0x59, 0x0, 0xe7, 0x2, 0x0, 0xc2,
    0x1, 0xf4, 0x80, 0x56, 0xc0, 0x1c, 0x40, 0xc0,
    0x18, 0xc0, 0x3c, 0xe4, 0x0, 0x81, 0x20, 0xe,
    0xe0, 0x30, 0xc, 0x20, 0x1c, 0x30, 0x0, 0x27,
    0x0, 0xff, 0xe4, 0x58, 0x5, 0xc0, 0x1f, 0x8c,
    0x3, 0xfe, 0x45, 0x0, 0x29, 0x80, 0x7f, 0xf2,
    0x24, 0x2, 0xb0, 0xf, 0xe3, 0x0, 0xff, 0x39,
    0x0, 0x24, 0x40, 0x3f, 0xf8, 0xe3, 0x0, 0x2,
    0x60, 0xf, 0xfe, 0x1, 0x80, 0x61, 0x0, 0x58,
    0x5, 0xc0, 0x1f, 0xfc, 0x16, 0x0, 0xc4, 0x8,
    0xa0, 0x5, 0x30, 0xe, 0x20, 0xe, 0xe0, 0x20,
    0xe, 0x29, 0x0, 0xac, 0x3, 0xcc, 0x1, 0xc4,
    0x1e, 0x1, 0xdc, 0x40, 0x9, 0x10, 0xf, 0x68,
    0x7, 0x38, 0x20, 0x7, 0x18, 0x0, 0xd8, 0x3,
    0xe5, 0x0, 0xc2, 0x40, 0x44, 0x0, 0xfb, 0xc0,
    0x3e, 0x32, 0x0, 0xc8, 0x1, 0x50, 0x7, 0x98,
    0xc0, 0x3e, 0xf0, 0xe, 0xe0, 0x9, 0x80, 0x3d,
    0xa0, 0x1f, 0x41, 0x80, 0x63, 0x40, 0x8, 0x60,
    0x3, 0xad, 0xc0, 0x31, 0x5b, 0x80, 0x74, 0x0,
    0x72, 0x80, 0x7a, 0x3f, 0x73, 0xb5, 0x0, 0x39,
    0x90, 0x3, 0xa0, 0x3, 0xf1, 0x18, 0x80, 0x79,
    0x24, 0x3, 0x91, 0x40, 0x3f, 0xf8, 0x8d, 0x60,
    0x1e, 0x90, 0xb, 0x60, 0x3, 0xfc, 0x57, 0x20,
    0x1e, 0x72, 0x0, 0x41, 0x3f, 0x4a, 0x8, 0x4,
    0x4d, 0x7a, 0x80, 0x1e, 0x18, 0x0, 0x13, 0x80,
    0x5, 0xaf, 0xbf, 0xed, 0x94, 0x0, 0xfc, 0x4e,
    0xf7, 0x0, 0x7f, 0xf2, 0x40,

    /* U+00D9 "Ù" */
    0x0, 0xcc, 0xef, 0xc4, 0x1, 0xff, 0xc4, 0x28,
    0x8e, 0xe0, 0xf, 0xfe, 0x22, 0x50, 0x6, 0x36,
    0x0, 0xff, 0xe2, 0x2c, 0x80, 0x69, 0x10, 0xf,
    0xfe, 0x23, 0x40, 0x6, 0xa0, 0xf, 0xfe, 0x2b,
    0xb8, 0x2, 0x45, 0x0, 0xff, 0xe2, 0xc3, 0x0,
    0x56, 0x20, 0x1f, 0xfc, 0x59, 0xff, 0xb8, 0x40,
    0x3f, 0xfd, 0x5d, 0xff, 0xa8, 0x3, 0xfe, 0xdf,
    0xfd, 0x60, 0x1f, 0xff, 0xe1, 0x0, 0xff, 0x8c,
    0x3, 0xff, 0xfe, 0x1, 0xff, 0xff, 0x0, 0xff,
    0xff, 0x80, 0x7f, 0xff, 0xc0, 0x3f, 0xff, 0xe0,
    0x1f, 0xfe, 0x3, 0x0, 0xce, 0x1, 0xff, 0x8,
    0x6, 0x11, 0x0, 0x63, 0x0, 0xff, 0x10, 0x7,
    0x1a, 0x80, 0x71, 0x80, 0x7f, 0x20, 0x7, 0x7e,
    0x0, 0x75, 0x0, 0x7f, 0x58, 0x7, 0x22, 0x88,
    0x6, 0x64, 0x0, 0xfa, 0x8, 0x3, 0x19, 0x4,
    0x80, 0x75, 0xb0, 0x6, 0x19, 0x70, 0xe, 0x80,
    0x3, 0x90, 0x7, 0x4f, 0x5d, 0x67, 0x30, 0x7,
    0x2a, 0x0, 0x5e, 0x1, 0xe1, 0x45, 0x30, 0xf,
    0x15, 0x80, 0x62, 0xc1, 0x0, 0xff, 0xe0, 0x9e,
    0x8, 0x7, 0x1f, 0xb0, 0x7, 0xf8, 0x63, 0x4,
    0x3, 0xe1, 0x9e, 0x84, 0x10, 0x8, 0x96, 0xb9,
    0xc0, 0x38,

    /* U+00DA "Ú" */
    0x0, 0xff, 0xe0, 0x94, 0x47, 0x38, 0x7, 0xff,
    0x13, 0x9d, 0xf8, 0xc0, 0x3f, 0xf8, 0x6e, 0x60,
    0x1a, 0xd0, 0x3, 0xff, 0x84, 0x50, 0x1, 0xad,
    0x0, 0x3f, 0xf8, 0x7c, 0x1, 0xad, 0x0, 0x3f,
    0xf8, 0x6e, 0x60, 0x15, 0x20, 0x7, 0xff, 0xc,
    0xa0, 0x2, 0xa5, 0x0, 0xff, 0xe2, 0x17, 0xfe,
    0x50, 0xf, 0xff, 0x57, 0x7f, 0xea, 0x0, 0xff,
    0xb7, 0xff, 0x58, 0x7, 0xff, 0xf8, 0x40, 0x3f,
    0xe3, 0x0, 0xff, 0xff, 0x80, 0x7f, 0xff, 0xc0,
    0x3f, 0xff, 0xe0, 0x1f, 0xff, 0xf0, 0xf, 0xff,
    0xf8, 0x7, 0xff, 0x80, 0xc0, 0x33, 0x80, 0x7f,
    0xc2, 0x1, 0x84, 0x40, 0x18, 0xc0, 0x3f, 0xc4,
    0x1, 0xc6, 0xa0, 0x1c, 0x60, 0x1f, 0xc8, 0x1,
    0xdf, 0x80, 0x1d, 0x40, 0x1f, 0xd6, 0x1, 0xc8,
    0xa2, 0x1, 0x99, 0x0, 0x3e, 0x82, 0x0, 0xc6,
    0x41, 0x20, 0x1d, 0x6c, 0x1, 0x86, 0x5c, 0x3,
    0xa0, 0x0, 0xe4, 0x1, 0xd3, 0xd7, 0x59, 0xcc,
    0x1, 0xca, 0x80, 0x17, 0x80, 0x78, 0x51, 0x4c,
    0x3, 0xc5, 0x60, 0x18, 0xb0, 0x40, 0x3f, 0xf8,
    0x27, 0x82, 0x1, 0xc7, 0xec, 0x1, 0xfe, 0x18,
    0xc1, 0x0, 0xf8, 0x67, 0xa1, 0x4, 0x2, 0x25,
    0xae, 0x70, 0xe,

    /* U+00DB "Û" */
    0x0, 0xff, 0x3c, 0x41, 0x80, 0x3f, 0xf8, 0xd7,
    0xe, 0xe9, 0xa0, 0xf, 0xfe, 0x18, 0xe2, 0x0,
    0x65, 0xb0, 0xf, 0xfe, 0x8, 0xe1, 0x80, 0x4,
    0x2, 0x4d, 0x10, 0xf, 0xf1, 0x79, 0x0, 0x7,
    0x30, 0x20, 0x2, 0xc2, 0x0, 0xfc, 0x78, 0x20,
    0x2, 0xc2, 0x3c, 0x10, 0x1, 0x61, 0x80, 0x7d,
    0x82, 0x0, 0x2c, 0x20, 0x1, 0x60, 0x80, 0x7,
    0x0, 0x3e, 0xff, 0xda, 0x20, 0x18, 0xbb, 0xff,
    0x0, 0x7f, 0xff, 0x3b, 0xff, 0x50, 0x7, 0xfd,
    0xbf, 0xfa, 0xc0, 0x3f, 0xff, 0xc2, 0x1, 0xff,
    0x18, 0x7, 0xff, 0xfc, 0x3, 0xff, 0xfe, 0x1,
    0xff, 0xff, 0x0, 0xff, 0xff, 0x80, 0x7f, 0xff,
    0xc0, 0x3f, 0xfc, 0x6, 0x1, 0x9c, 0x3, 0xfe,
    0x10, 0xc, 0x22, 0x0, 0xc6, 0x1, 0xfe, 0x20,
    0xe, 0x35, 0x0, 0xe3, 0x0, 0xfe, 0x40, 0xe,
    0xfc, 0x0, 0xea, 0x0, 0xfe, 0xb0, 0xe, 0x45,
    0x10, 0xc, 0xc8, 0x1, 0xf4, 0x10, 0x6, 0x32,
    0x9, 0x0, 0xeb, 0x60, 0xc, 0x32, 0xe0, 0x1d,
    0x0, 0x7, 0x20, 0xe, 0x9e, 0xba, 0xce, 0x60,
    0xe, 0x54, 0x0, 0xbc, 0x3, 0xc2, 0x8a, 0x60,
    0x1e, 0x2b, 0x0, 0xc5, 0x82, 0x1, 0xff, 0xc1,
    0x3c, 0x10, 0xe, 0x3f, 0x60, 0xf, 0xf0, 0xc6,
    0x8, 0x7, 0xc3, 0x3d, 0x8, 0x20, 0x11, 0x2d,
    0x73, 0x80, 0x70,

    /* U+00DC "Ü" */
    0x0, 0xe5, 0x75, 0x0, 0xf8, 0x59, 0xd0, 0x3,
    0xf6, 0x54, 0x56, 0x0, 0x70, 0xfc, 0xc5, 0xc0,
    0x7, 0x94, 0xc0, 0x23, 0x40, 0xd, 0x22, 0x1,
    0x38, 0x80, 0x71, 0x80, 0x71, 0x0, 0x62, 0x0,
    0xe3, 0x0, 0xe4, 0x0, 0xe4, 0x0, 0xde, 0x1,
    0x88, 0x80, 0x1c, 0x54, 0x40, 0x56, 0x40, 0x19,
    0x60, 0x40, 0xfc, 0x3, 0xe5, 0xdf, 0xd4, 0x0,
    0xf3, 0xf7, 0xe1, 0x0, 0x7f, 0xff, 0x3b, 0xff,
    0x50, 0x7, 0xfd, 0xbf, 0xfa, 0xc0, 0x3f, 0xff,
    0xc2, 0x1, 0xff, 0x18, 0x7, 0xff, 0xfc, 0x3,
    0xff, 0xfe, 0x1, 0xff, 0xff, 0x0, 0xff, 0xff,
    0x80, 0x7f, 0xff, 0xc0, 0x3f, 0xfc, 0x6, 0x1,
    0x9c, 0x3, 0xfe, 0x10, 0xc, 0x22, 0x0, 0xc6,
    0x1, 0xfe, 0x20, 0xe, 0x35, 0x0, 0xe3, 0x0,
    0xfe, 0x40, 0xe, 0xfc, 0x0, 0xea, 0x0, 0xfe,
    0xb0, 0xe, 0x45, 0x10, 0xc, 0xc8, 0x1, 0xf4,
    0x10, 0x6, 0x32, 0x9, 0x0, 0xeb, 0x60, 0xc,
    0x32, 0xe0, 0x1d, 0x0, 0x7, 0x20, 0xe, 0x9e,
    0xba, 0xce, 0x60, 0xe, 0x54, 0x0, 0xbc, 0x3,
    0xc2, 0x8a, 0x60, 0x1e, 0x2b, 0x0, 0xc5, 0x82,
    0x1, 0xff, 0xc1, 0x3c, 0x10, 0xe, 0x3f, 0x60,
    0xf, 0xf0, 0xc6, 0x8, 0x7, 0xc3, 0x3d, 0x8,
    0x20, 0x11, 0x2d, 0x73, 0x80, 0x70,

    /* U+00DD "Ý" */
    0x0, 0xff, 0xef, 0x6f, 0xff, 0x28, 0x7, 0xff,
    0x1e, 0x8, 0x3, 0x4a, 0x80, 0x7f, 0xf1, 0x8d,
    0xc0, 0x34, 0xb0, 0x7, 0xff, 0x1f, 0x80, 0x34,
    0x30, 0x7, 0xff, 0x1d, 0xc8, 0x2, 0x77, 0x0,
    0x7f, 0xf1, 0xca, 0x0, 0x27, 0x80, 0xf, 0xfe,
    0x42, 0xa2, 0x4f, 0x0, 0x1f, 0xfc, 0x97, 0xbb,
    0xa0, 0x3, 0xff, 0xb5, 0x7f, 0xfd, 0x0, 0x1f,
    0xfc, 0x19, 0xff, 0xea, 0x80, 0xe, 0x60, 0xf,
    0xfe, 0xb, 0x0, 0x74, 0x9a, 0x0, 0x61, 0x60,
    0xf, 0xf9, 0xc0, 0x39, 0xc, 0x20, 0x3, 0xac,
    0x3, 0xfe, 0xa0, 0xe, 0x80, 0x1, 0xa0, 0x6,
    0x24, 0x0, 0xfe, 0x52, 0x0, 0xc8, 0x60, 0x17,
    0x80, 0x77, 0x80, 0x7f, 0x48, 0x7, 0x40, 0x6,
    0x43, 0x0, 0xc8, 0x40, 0x1f, 0x19, 0x80, 0x32,
    0x18, 0x7, 0x40, 0x7, 0x58, 0x7, 0xd2, 0x1,
    0xde, 0x1, 0xe4, 0x30, 0xc, 0xc2, 0x1, 0xc2,
    0xa0, 0x18, 0xd0, 0x3, 0xe8, 0x0, 0xe6, 0x0,
    0xe6, 0x0, 0xe8, 0x0, 0xfc, 0x86, 0x1, 0xa4,
    0x3, 0xa4, 0x3, 0x1a, 0x0, 0x7f, 0x48, 0x6,
    0x15, 0x0, 0x94, 0x40, 0x34, 0x0, 0x7f, 0x94,
    0x80, 0x34, 0x80, 0x52, 0x1, 0x8d, 0x0, 0x3f,
    0xe8, 0x0, 0xc6, 0x60, 0x33, 0x0, 0x69, 0x0,
    0xff, 0xe0, 0x29, 0x0, 0x69, 0x9, 0x0, 0xc4,
    0xa0, 0x1f, 0xfc, 0x18, 0x0, 0xca, 0x6a, 0x1,
    0xa0, 0x3, 0xff, 0x84, 0xa4, 0x1, 0xb4, 0x3,
    0x12, 0x80, 0x7f, 0xf0, 0xec, 0x3, 0x8, 0x6,
    0x80, 0xf, 0xfe, 0x23, 0x8, 0x7, 0xc4, 0xa0,
    0x1f, 0xfc, 0x58, 0x0, 0xfa, 0xc0, 0x3f, 0xf8,
    0xcc, 0x20, 0x1c, 0x2c, 0x1, 0xff, 0xc7, 0x90,
    0xe, 0x80, 0xf, 0xfe, 0x41, 0x0, 0x72, 0x80,
    0x7f, 0xff, 0xc0, 0x3f, 0xff, 0xe0, 0x1f, 0xff,
    0xf0, 0xf, 0xff, 0xf8, 0x7, 0xc0,

    /* U+00DE "Þ" */
    0x8f, 0xfe, 0x20, 0xf, 0xff, 0xf8, 0x7, 0xff,
    0xe2, 0x26, 0x7a, 0x20, 0xc6, 0x1, 0xff, 0xc2,
    0x56, 0x6e, 0x77, 0x4e, 0x7d, 0x18, 0x7, 0xff,
    0x29, 0x72, 0x84, 0x3, 0xff, 0x94, 0xbe, 0x40,
    0x1f, 0xfc, 0xa1, 0xc1, 0x0, 0xfb, 0x7f, 0xfd,
    0xb2, 0x60, 0x1c, 0x36, 0x1, 0xff, 0xc2, 0x26,
    0xc8, 0x0, 0xe5, 0x20, 0xf, 0xfe, 0x23, 0xb0,
    0x7, 0x28, 0x7, 0xff, 0x16, 0x0, 0x3b, 0x0,
    0x3f, 0xf8, 0xa2, 0x60, 0x19, 0x40, 0x3f, 0xf8,
    0xcc, 0x1, 0x84, 0x3, 0xff, 0x8c, 0x20, 0x18,
    0x40, 0x3f, 0xf8, 0xca, 0x1, 0x88, 0x3, 0xff,
    0x8a, 0x82, 0x1, 0x94, 0x3, 0xff, 0x88, 0x34,
    0x1, 0xda, 0x1, 0xff, 0xc3, 0x5f, 0x10, 0xc,
    0x48, 0x1, 0xe8, 0x99, 0xf5, 0xf5, 0x8, 0x7,
    0x48, 0x7, 0xca, 0xcd, 0xe4, 0x10, 0xf, 0x42,
    0x0, 0x7f, 0xf2, 0x69, 0xc0, 0x3f, 0xf9, 0xb,
    0xca, 0x1, 0xff, 0xc4, 0x12, 0x59, 0xea, 0x10,
    0xf, 0xf6, 0xff, 0xfb, 0xb6, 0x98, 0x40, 0x3f,
    0xff, 0xe0, 0x1f, 0xff, 0xf0,

    /* U+00DF "ß" */
    0x0, 0xf0, 0xb5, 0xf7, 0xfb, 0xad, 0xc4, 0x3,
    0xff, 0x82, 0xfd, 0x28, 0x20, 0x1, 0x48, 0xe8,
    0x0, 0xff, 0xae, 0x0, 0x3f, 0xcf, 0x60, 0x1f,
    0xd6, 0x80, 0x1f, 0xfc, 0x4, 0x90, 0xf, 0x99,
    0x0, 0x3f, 0xf8, 0x4c, 0x40, 0x1e, 0x80, 0xe,
    0x18, 0xde, 0x80, 0xf, 0x58, 0x7, 0x28, 0x80,
    0x61, 0xf7, 0x21, 0x78, 0x0, 0xe4, 0x0, 0xef,
    0x0, 0xea, 0x10, 0xc, 0xe0, 0x1c, 0x40, 0x1c,
    0x80, 0x18, 0x90, 0x3, 0xc6, 0x1, 0xfe, 0x10,
    0xc, 0xe0, 0x1f, 0x38, 0x7, 0xf0, 0x80, 0x71,
    0x0, 0x7c, 0xc0, 0x18, 0xc0, 0x3f, 0xde, 0x1,
    0xe2, 0x20, 0x6, 0xb0, 0xc, 0x60, 0x1f, 0xfc,
    0xb, 0x0, 0xe6, 0x0, 0xff, 0xe2, 0x13, 0x0,
    0x67, 0x10, 0xf, 0xfe, 0x24, 0x0, 0x74, 0x80,
    0x7f, 0xf1, 0x5, 0x40, 0x33, 0x88, 0x7, 0xff,
    0x11, 0x40, 0x3b, 0x40, 0x3f, 0xf8, 0xa2, 0x1,
    0xc2, 0x1, 0xff, 0xcb, 0x30, 0xf, 0xfe, 0x2b,
    0x80, 0x74, 0x88, 0x7, 0xff, 0x10, 0x8c, 0x3,
    0xe, 0x80, 0x7f, 0xf1, 0x60, 0x3, 0x8e, 0xc0,
    0x3f, 0xf8, 0x88, 0xc0, 0x1c, 0x96, 0x1, 0xff,
    0xc4, 0x94, 0x0, 0xe4, 0xa0, 0xf, 0xfe, 0x25,
    0xa8, 0x7, 0x2b, 0x0, 0x7f, 0xf1, 0x29, 0x40,
    0x3a, 0x0, 0x3f, 0xf8, 0xb4, 0x60, 0x18, 0x5c,
    0x3, 0xff, 0x8b, 0xc0, 0x1d, 0x80, 0x1f, 0xfc,
    0x52, 0x20, 0x6, 0x60, 0xf, 0xfe, 0x33, 0x0,
    0x63, 0x0, 0xff, 0xe3, 0x28, 0x6, 0x20, 0xf,
    0xe4, 0x10, 0xf, 0x28, 0x80, 0x66, 0x0, 0xfe,
    0x9e, 0xa5, 0x21, 0x27, 0xa0, 0xe, 0xf0, 0xf,
    0xc2, 0x40, 0xb5, 0xbd, 0xb0, 0x1, 0xc2, 0xa0,
    0x1f, 0x90, 0x3, 0xff, 0x83, 0x40, 0x1f, 0xd8,
    0x1, 0xff, 0xc0, 0xa4, 0x0, 0xfe, 0xb6, 0x10,
    0xf, 0xcb, 0xaa, 0x0, 0x2f, 0xfe, 0x70, 0x29,
    0xed, 0xb9, 0x88, 0x4d, 0xfd, 0x10, 0x4,

    /* U+00E0 "à" */
    0x0, 0x9b, 0xff, 0xb0, 0x3, 0xff, 0x88, 0xd0,
    0x1, 0x8d, 0x80, 0x3f, 0xf8, 0x8e, 0xe0, 0xd,
    0x22, 0x1, 0xff, 0xc4, 0x86, 0x0, 0xd4, 0x1,
    0xff, 0xc5, 0x95, 0x0, 0x91, 0x40, 0x3f, 0xf8,
    0xb4, 0x80, 0x15, 0x88, 0x7, 0xff, 0x16, 0xe6,
    0x21, 0x24, 0x1, 0xff, 0xc6, 0x67, 0x78, 0xc0,
    0x3f, 0xfe, 0x29, 0x39, 0xdf, 0xee, 0xd9, 0x50,
    0xf, 0xf9, 0xba, 0xd8, 0xc4, 0x0, 0x24, 0xd5,
    0xf0, 0x1, 0xfa, 0xe4, 0x40, 0x3f, 0xe7, 0xd1,
    0x0, 0xec, 0x40, 0xf, 0xfe, 0x11, 0x60, 0x6,
    0x73, 0x0, 0xe5, 0x9a, 0xa4, 0x18, 0x7, 0x14,
    0x0, 0x52, 0x1, 0xd9, 0x4c, 0xaa, 0x7c, 0xa0,
    0xe, 0x70, 0x1, 0x88, 0x6, 0x83, 0x0, 0xf2,
    0xc0, 0x7, 0x28, 0x1, 0x9b, 0x94, 0x3, 0xf3,
    0x0, 0x76, 0x81, 0xcc, 0xf1, 0x0, 0x7e, 0x10,
    0xe, 0x10, 0xf, 0xfe, 0x88, 0xac, 0xe7, 0x7f,
    0xf8, 0x3, 0xfc, 0x33, 0xd4, 0xc6, 0x20, 0x1f,
    0xfc, 0x34, 0xe6, 0x0, 0xff, 0xe3, 0xa5, 0x80,
    0x78, 0x95, 0x9b, 0x80, 0x3f, 0x50, 0x7, 0x36,
    0xea, 0xa6, 0x78, 0x3, 0xe6, 0x10, 0xd, 0x12,
    0x40, 0x1f, 0xfc, 0x2d, 0x0, 0xc2, 0xe0, 0x1f,
    0xfc, 0x46, 0x0, 0xca, 0x1, 0xff, 0xc5, 0x30,
    0xc, 0xe0, 0x1f, 0xc4, 0x1, 0xf1, 0x80, 0x63,
    0x10, 0xf, 0x87, 0xc0, 0x3e, 0x40, 0xe, 0xd1,
    0x0, 0xe6, 0xf2, 0x0, 0xfa, 0x80, 0x38, 0xfa,
    0xe2, 0x15, 0xf2, 0x20, 0x1e, 0x30, 0x35, 0x0,
    0xf2, 0x3b, 0x94, 0x3, 0xf8, 0x40, 0x14, 0x80,
    0x1f, 0xfc, 0x4, 0x20, 0xc, 0xa0, 0x15, 0xb8,
    0x7, 0xfa, 0x2d, 0x0, 0x30, 0x90, 0x5, 0x1d,
    0x8, 0x20, 0x1, 0x49, 0xf7, 0xc, 0x0, 0xe5,

    /* U+00E1 "á" */
    0x0, 0xff, 0xe0, 0x17, 0xff, 0x71, 0x0, 0x7f,
    0xf0, 0xf8, 0x3, 0xb4, 0x80, 0x3f, 0xf8, 0x4c,
    0x60, 0x1b, 0xc, 0x3, 0xff, 0x84, 0x32, 0x1,
    0xac, 0xc0, 0x3f, 0xf8, 0x74, 0x1, 0xa9, 0x0,
    0x3f, 0xf8, 0x6a, 0x80, 0x14, 0xa8, 0x7, 0xff,
    0x12, 0x48, 0xa8, 0x60, 0xf, 0xfe, 0x2e, 0x6e,
    0xce, 0x1, 0xff, 0xf1, 0x49, 0xce, 0xff, 0x76,
    0xca, 0x80, 0x7f, 0xcd, 0xd6, 0xc6, 0x20, 0x1,
    0x26, 0xaf, 0x80, 0xf, 0xd7, 0x22, 0x1, 0xff,
    0x3e, 0x88, 0x7, 0x62, 0x0, 0x7f, 0xf0, 0x8b,
    0x0, 0x33, 0x98, 0x7, 0x2c, 0xd5, 0x20, 0xc0,
    0x38, 0xa0, 0x2, 0x90, 0xe, 0xca, 0x65, 0x53,
    0xe5, 0x0, 0x73, 0x80, 0xc, 0x40, 0x34, 0x18,
    0x7, 0x96, 0x0, 0x39, 0x40, 0xc, 0xdc, 0xa0,
    0x1f, 0x98, 0x3, 0xb4, 0xe, 0x67, 0x88, 0x3,
    0xf0, 0x80, 0x70, 0x80, 0x7f, 0xf4, 0x45, 0x67,
    0x3b, 0xff, 0xc0, 0x1f, 0xe1, 0x9e, 0xa6, 0x31,
    0x0, 0xff, 0xe1, 0xa7, 0x30, 0x7, 0xff, 0x1d,
    0x2c, 0x3, 0xc4, 0xac, 0xdc, 0x1, 0xfa, 0x80,
    0x39, 0xb7, 0x55, 0x33, 0xc0, 0x1f, 0x30, 0x80,
    0x68, 0x92, 0x0, 0xff, 0xe1, 0x68, 0x6, 0x17,
    0x0, 0xff, 0xe2, 0x30, 0x6, 0x50, 0xf, 0xfe,
    0x29, 0x80, 0x67, 0x0, 0xfe, 0x20, 0xf, 0x8c,
    0x3, 0x18, 0x80, 0x7c, 0x3e, 0x1, 0xf2, 0x0,
    0x76, 0x88, 0x7, 0x37, 0x90, 0x7, 0xd4, 0x1,
    0xc7, 0xd7, 0x10, 0xaf, 0x91, 0x0, 0xf1, 0x81,
    0xa8, 0x7, 0x91, 0xdc, 0xa0, 0x1f, 0xc2, 0x0,
    0xa4, 0x0, 0xff, 0xe0, 0x21, 0x0, 0x65, 0x0,
    0xad, 0xc0, 0x3f, 0xd1, 0x68, 0x1, 0x84, 0x80,
    0x28, 0xe8, 0x41, 0x0, 0xa, 0x4f, 0xb8, 0x60,
    0x7, 0x28,

    /* U+00E2 "â" */
    0x0, 0xfc, 0x3b, 0xff, 0x38, 0x7, 0xff, 0x10,
    0xbc, 0x80, 0x28, 0x80, 0x7, 0xff, 0x8, 0xf0,
    0x40, 0x39, 0xe8, 0x3, 0xff, 0x80, 0x98, 0x20,
    0x2, 0x80, 0x9, 0x6c, 0x3, 0xfc, 0xb6, 0x1,
    0x1e, 0x3d, 0x0, 0x49, 0x82, 0x1, 0xf3, 0x50,
    0x4, 0x98, 0x20, 0xb6, 0x1, 0x1e, 0x8, 0x7,
    0x8d, 0xde, 0x8b, 0x0, 0xc9, 0x8e, 0xf2, 0x98,
    0x7, 0x96, 0x22, 0x70, 0xf, 0x1c, 0x46, 0x20,
    0xf, 0xff, 0xf8, 0x4, 0x93, 0x9d, 0xfe, 0xed,
    0x95, 0x0, 0xff, 0x9b, 0xad, 0x8c, 0x40, 0x2,
    0x4d, 0x5f, 0x0, 0x1f, 0xae, 0x44, 0x3, 0xfe,
    0x7d, 0x10, 0xe, 0xc4, 0x0, 0xff, 0xe1, 0x16,
    0x0, 0x67, 0x30, 0xe, 0x59, 0xaa, 0x41, 0x80,
    0x71, 0x40, 0x5, 0x20, 0x1d, 0x94, 0xca, 0xa7,
    0xca, 0x0, 0xe7, 0x0, 0x18, 0x80, 0x68, 0x30,
    0xf, 0x2c, 0x0, 0x72, 0x80, 0x19, 0xb9, 0x40,
    0x3f, 0x30, 0x7, 0x68, 0x1c, 0xcf, 0x10, 0x7,
    0xe1, 0x0, 0xe1, 0x0, 0xff, 0xe8, 0x8a, 0xce,
    0x77, 0xff, 0x80, 0x3f, 0xc3, 0x3d, 0x4c, 0x62,
    0x1, 0xff, 0xc3, 0x4e, 0x60, 0xf, 0xfe, 0x3a,
    0x58, 0x7, 0x89, 0x59, 0xb8, 0x3, 0xf5, 0x0,
    0x73, 0x6e, 0xaa, 0x67, 0x80, 0x3e, 0x61, 0x0,
    0xd1, 0x24, 0x1, 0xff, 0xc2, 0xd0, 0xc, 0x2e,
    0x1, 0xff, 0xc4, 0x60, 0xc, 0xa0, 0x1f, 0xfc,
    0x53, 0x0, 0xce, 0x1, 0xfc, 0x40, 0x1f, 0x18,
    0x6, 0x31, 0x0, 0xf8, 0x7c, 0x3, 0xe4, 0x0,
    0xed, 0x10, 0xe, 0x6f, 0x20, 0xf, 0xa8, 0x3,
    0x8f, 0xae, 0x21, 0x5f, 0x22, 0x1, 0xe3, 0x3,
    0x50, 0xf, 0x23, 0xb9, 0x40, 0x3f, 0x84, 0x1,
    0x48, 0x1, 0xff, 0xc0, 0x42, 0x0, 0xca, 0x1,
    0x5b, 0x80, 0x7f, 0xa2, 0xd0, 0x3, 0x9, 0x0,
    0x51, 0xd0, 0x82, 0x0, 0x14, 0x9f, 0x70, 0xc0,
    0xe, 0x50,

    /* U+00E3 "ã" */
    0x0, 0xff, 0xe2, 0x8, 0x80, 0x3f, 0xc7, 0x9f,
    0xe9, 0x10, 0xe, 0x7e, 0xc4, 0x0, 0xf9, 0x70,
    0xc0, 0xd, 0xea, 0x1, 0xb4, 0xf, 0x0, 0x3c,
    0x34, 0x1, 0xc3, 0x54, 0x20, 0x74, 0x0, 0x68,
    0x7, 0xa4, 0x3, 0xf2, 0xef, 0xc0, 0x4, 0xa0,
    0x1e, 0x50, 0x1, 0xef, 0xd1, 0x0, 0x7d, 0x0,
    0x1f, 0x10, 0x3, 0x88, 0x17, 0x58, 0x3, 0x95,
    0xc0, 0x3e, 0x73, 0x12, 0x0, 0xd3, 0x6a, 0x49,
    0x34, 0x1, 0xfa, 0x33, 0x80, 0x3c, 0x95, 0xb6,
    0xc0, 0x1f, 0xff, 0xf0, 0xf, 0x24, 0xe7, 0x7f,
    0xbb, 0x65, 0x40, 0x3f, 0xe6, 0xeb, 0x63, 0x10,
    0x0, 0x93, 0x57, 0xc0, 0x7, 0xeb, 0x91, 0x0,
    0xff, 0x9f, 0x44, 0x3, 0xb1, 0x0, 0x3f, 0xf8,
    0x45, 0x80, 0x19, 0xcc, 0x3, 0x96, 0x6a, 0x90,
    0x60, 0x1c, 0x50, 0x1, 0x48, 0x7, 0x65, 0x32,
    0xa9, 0xf2, 0x80, 0x39, 0xc0, 0x6, 0x20, 0x1a,
    0xc, 0x3, 0xcb, 0x0, 0x1c, 0xa0, 0x6, 0x6e,
    0x50, 0xf, 0xcc, 0x1, 0xda, 0x7, 0x33, 0xc4,
    0x1, 0xf8, 0x40, 0x38, 0x40, 0x3f, 0xfa, 0x22,
    0xb3, 0x9d, 0xff, 0xe0, 0xf, 0xf0, 0xcf, 0x53,
    0x18, 0x80, 0x7f, 0xf0, 0xd3, 0x98, 0x3, 0xff,
    0x8e, 0x96, 0x1, 0xe2, 0x56, 0x6e, 0x0, 0xfd,
    0x40, 0x1c, 0xdb, 0xaa, 0x99, 0xe0, 0xf, 0x98,
    0x40, 0x34, 0x49, 0x0, 0x7f, 0xf0, 0xb4, 0x3,
    0xb, 0x80, 0x7f, 0xf1, 0x18, 0x3, 0x28, 0x7,
    0xff, 0x14, 0xc0, 0x33, 0x80, 0x7f, 0x10, 0x7,
    0xc6, 0x1, 0x8c, 0x40, 0x3e, 0x1f, 0x0, 0xf9,
    0x0, 0x3b, 0x44, 0x3, 0x9b, 0xc8, 0x3, 0xea,
    0x0, 0xe3, 0xeb, 0x88, 0x57, 0xc8, 0x80, 0x78,
    0xc0, 0xd4, 0x3, 0xc8, 0xee, 0x50, 0xf, 0xe1,
    0x0, 0x52, 0x0, 0x7f, 0xf0, 0x10, 0x80, 0x32,
    0x80, 0x56, 0xe0, 0x1f, 0xe8, 0xb4, 0x0, 0xc2,
    0x40, 0x14, 0x74, 0x20, 0x80, 0x5, 0x27, 0xdc,
    0x30, 0x3, 0x94,

    /* U+00E4 "ä" */
    0x0, 0x8a, 0xff, 0x9c, 0x3, 0xc9, 0xbf, 0xaa,
    0x1, 0xf7, 0xa0, 0xc, 0x30, 0x6, 0x1b, 0x20,
    0x2a, 0x20, 0xe, 0x12, 0x0, 0xd8, 0x1, 0x90,
    0x3, 0x94, 0x3, 0x84, 0x3, 0x8c, 0x3, 0x8,
    0x7, 0x10, 0x7, 0x9c, 0x3, 0x58, 0x6, 0x44,
    0x0, 0x44, 0xa0, 0x1e, 0x8b, 0x78, 0xe2, 0x0,
    0xeb, 0xa7, 0x9d, 0x0, 0xfc, 0x90, 0xe2, 0x1,
    0xf2, 0xc3, 0x0, 0x7f, 0xff, 0xc0, 0x39, 0x27,
    0x3b, 0xfd, 0xdb, 0x2a, 0x1, 0xff, 0x37, 0x5b,
    0x18, 0x80, 0x4, 0x9a, 0xbe, 0x0, 0x3f, 0x5c,
    0x88, 0x7, 0xfc, 0xfa, 0x20, 0x1d, 0x88, 0x1,
    0xff, 0xc2, 0x2c, 0x0, 0xce, 0x60, 0x1c, 0xb3,
    0x54, 0x83, 0x0, 0xe2, 0x80, 0xa, 0x40, 0x3b,
    0x29, 0x95, 0x4f, 0x94, 0x1, 0xce, 0x0, 0x31,
    0x0, 0xd0, 0x60, 0x1e, 0x58, 0x0, 0xe5, 0x0,
    0x33, 0x72, 0x80, 0x7e, 0x60, 0xe, 0xd0, 0x39,
    0x9e, 0x20, 0xf, 0xc2, 0x1, 0xc2, 0x1, 0xff,
    0xd1, 0x15, 0x9c, 0xef, 0xff, 0x0, 0x7f, 0x86,
    0x7a, 0x98, 0xc4, 0x3, 0xff, 0x86, 0x9c, 0xc0,
    0x1f, 0xfc, 0x74, 0xb0, 0xf, 0x12, 0xb3, 0x70,
    0x7, 0xea, 0x0, 0xe6, 0xdd, 0x54, 0xcf, 0x0,
    0x7c, 0xc2, 0x1, 0xa2, 0x48, 0x3, 0xff, 0x85,
    0xa0, 0x18, 0x5c, 0x3, 0xff, 0x88, 0xc0, 0x19,
    0x40, 0x3f, 0xf8, 0xa6, 0x1, 0x9c, 0x3, 0xf8,
    0x80, 0x3e, 0x30, 0xc, 0x62, 0x1, 0xf0, 0xf8,
    0x7, 0xc8, 0x1, 0xda, 0x20, 0x1c, 0xde, 0x40,
    0x1f, 0x50, 0x7, 0x1f, 0x5c, 0x42, 0xbe, 0x44,
    0x3, 0xc6, 0x6, 0xa0, 0x1e, 0x47, 0x72, 0x80,
    0x7f, 0x8, 0x2, 0x90, 0x3, 0xff, 0x80, 0x84,
    0x1, 0x94, 0x2, 0xb7, 0x0, 0xff, 0x45, 0xa0,
    0x6, 0x12, 0x0, 0xa3, 0xa1, 0x4, 0x0, 0x29,
    0x3e, 0xe1, 0x80, 0x1c, 0xa0,

    /* U+00E5 "å" */
    0x0, 0xff, 0x11, 0x88, 0x7, 0xff, 0x19, 0x77,
    0x59, 0xd4, 0x20, 0x1f, 0xfc, 0x38, 0xa2, 0x0,
    0x97, 0xc4, 0x3, 0xff, 0x82, 0x4e, 0x7, 0xbf,
    0x40, 0x36, 0x1, 0xff, 0xc1, 0xa0, 0x6, 0x90,
    0x2b, 0x2, 0x80, 0x7f, 0xf0, 0x44, 0x4, 0x40,
    0x17, 0x80, 0x4, 0x3, 0xff, 0x81, 0xc0, 0x24,
    0x1, 0x60, 0x0, 0x40, 0x3f, 0xf8, 0xa, 0x0,
    0xf5, 0x38, 0x50, 0x50, 0xf, 0xfe, 0x9, 0x48,
    0x15, 0x63, 0x81, 0x58, 0x7, 0xff, 0x9, 0xb1,
    0x4, 0x9, 0xf4, 0x40, 0x3f, 0xf8, 0x67, 0x7d,
    0xfb, 0x0, 0x1f, 0xff, 0x14, 0x9c, 0xef, 0xf7,
    0x6c, 0xa8, 0x7, 0xfc, 0xdd, 0x6c, 0x62, 0x0,
    0x12, 0x6a, 0xf8, 0x0, 0xfd, 0x72, 0x20, 0x1f,
    0xf3, 0xe8, 0x80, 0x76, 0x20, 0x7, 0xff, 0x8,
    0xb0, 0x3, 0x39, 0x80, 0x72, 0xcd, 0x52, 0xc,
    0x3, 0x8a, 0x0, 0x29, 0x0, 0xec, 0xa6, 0x55,
    0x3e, 0x50, 0x7, 0x38, 0x0, 0xc4, 0x3, 0x41,
    0x80, 0x79, 0x60, 0x3, 0x94, 0x0, 0xcd, 0xca,
    0x1, 0xf9, 0x80, 0x3b, 0x40, 0xe6, 0x78, 0x80,
    0x3f, 0x8, 0x7, 0x8, 0x7, 0xff, 0x44, 0x56,
    0x73, 0xbf, 0xfc, 0x1, 0xfe, 0x19, 0xea, 0x63,
    0x10, 0xf, 0xfe, 0x1a, 0x73, 0x0, 0x7f, 0xf1,
    0xd2, 0xc0, 0x3c, 0x4a, 0xcd, 0xc0, 0x1f, 0xa8,
    0x3, 0x9b, 0x75, 0x53, 0x3c, 0x1, 0xf3, 0x8,
    0x6, 0x89, 0x20, 0xf, 0xfe, 0x16, 0x80, 0x61,
    0x70, 0xf, 0xfe, 0x23, 0x0, 0x65, 0x0, 0xff,
    0xe2, 0x98, 0x6, 0x70, 0xf, 0xe2, 0x0, 0xf8,
    0xc0, 0x31, 0x88, 0x7, 0xc3, 0xe0, 0x1f, 0x20,
    0x7, 0x68, 0x80, 0x73, 0x79, 0x0, 0x7d, 0x40,
    0x1c, 0x7d, 0x71, 0xa, 0xf9, 0x10, 0xf, 0x18,
    0x1a, 0x80, 0x79, 0x1d, 0xca, 0x1, 0xfc, 0x20,
    0xa, 0x40, 0xf, 0xfe, 0x2, 0x10, 0x6, 0x50,
    0xa, 0xdc, 0x3, 0xfd, 0x16, 0x80, 0x18, 0x48,
    0x2, 0x8e, 0x84, 0x10, 0x0, 0xa4, 0xfb, 0x86,
    0x0, 0x72, 0x80,

    /* U+00E6 "æ" */
    0x0, 0xc9, 0x5b, 0xfe, 0xec, 0x71, 0x0, 0xc,
    0x67, 0xfb, 0xad, 0x80, 0x3c, 0x37, 0x65, 0x20,
    0x0, 0x9c, 0x7a, 0x3f, 0x39, 0x80, 0x5, 0x27,
    0x48, 0x3, 0x62, 0x0, 0x7e, 0x1b, 0x80, 0xf,
    0xc5, 0x82, 0x0, 0x92, 0x0, 0xff, 0xe4, 0x8d,
    0x0, 0xb0, 0x7, 0x23, 0x18, 0x7, 0xc2, 0xaa,
    0x10, 0xc, 0x86, 0xa0, 0x1d, 0x57, 0x38, 0xa0,
    0x1c, 0x7d, 0x54, 0xf2, 0x0, 0xd4, 0x40, 0x18,
    0x54, 0x2, 0x90, 0xe, 0xf0, 0x8, 0x6c, 0x3,
    0x2b, 0x77, 0x70, 0x6, 0x10, 0xe, 0x30, 0xc,
    0xa0, 0x18, 0x80, 0x47, 0x0, 0x7f, 0x84, 0x3,
    0xfc, 0x20, 0x1f, 0xfd, 0x45, 0x9c, 0xef, 0xd0,
    0xc, 0x3f, 0xfd, 0x80, 0x1f, 0x9b, 0xa9, 0x8c,
    0x40, 0x3f, 0xf9, 0x15, 0x22, 0x1, 0xff, 0xcb,
    0x85, 0x0, 0xff, 0xe6, 0x13, 0x80, 0x71, 0xd7,
    0x68, 0x6, 0x1f, 0xff, 0xfa, 0x80, 0x39, 0x71,
    0x44, 0x3, 0xff, 0x8a, 0x80, 0x1d, 0x60, 0x1f,
    0xfc, 0x82, 0x0, 0xc8, 0x20, 0x1f, 0x84, 0x3,
    0xff, 0x88, 0x40, 0x1f, 0xe2, 0x0, 0xff, 0xe1,
    0x90, 0x7, 0xfa, 0xc0, 0x3f, 0xca, 0x1, 0x91,
    0x0, 0x13, 0x0, 0x73, 0x40, 0x7, 0xc, 0xa8,
    0x60, 0x7, 0x5d, 0xa2, 0xec, 0x1, 0xe7, 0xea,
    0x89, 0xce, 0x6f, 0x6, 0x0, 0xf2, 0x3a, 0x0,
    0x7e, 0x15, 0x76, 0x30, 0x2, 0x80, 0xc8, 0x7,
    0xf9, 0x9c, 0x3, 0xff, 0x80, 0x80, 0xd0, 0x1,
    0xf9, 0xe6, 0x24, 0x3, 0xfc, 0xaa, 0x0, 0x3e,
    0xb1, 0x0, 0x5, 0xb2, 0x0, 0xd, 0xce, 0x60,
    0x10, 0xa4, 0x6d, 0x8,

    /* U+00E7 "ç" */
    0x0, 0xf9, 0x6b, 0x7f, 0xee, 0xb6, 0x10, 0xf,
    0xf9, 0x7a, 0x94, 0x80, 0x21, 0x49, 0xe9, 0x10,
    0xf, 0xd5, 0x41, 0x0, 0xff, 0x37, 0x98, 0x7,
    0xad, 0x40, 0x3f, 0xf8, 0x23, 0x84, 0x1, 0xa5,
    0x0, 0x38, 0x55, 0x94, 0x80, 0x3d, 0xe0, 0x11,
    0xb0, 0x7, 0x47, 0x54, 0xd6, 0xd0, 0x80, 0x62,
    0x60, 0x4, 0x0, 0x74, 0xb8, 0x7, 0x2e, 0x0,
    0x75, 0x80, 0xa0, 0x6, 0x46, 0x0, 0xf8, 0xa0,
    0x3, 0x10, 0xb8, 0x7, 0x78, 0x7, 0xf3, 0x0,
    0x71, 0x60, 0x7, 0x20, 0x7, 0xf0, 0xaa, 0xf0,
    0xb8, 0x6, 0x30, 0xf, 0xfa, 0xab, 0x88, 0x80,
    0x19, 0x80, 0x3f, 0xf9, 0x46, 0x1, 0xff, 0xe1,
    0x30, 0xf, 0xfe, 0x28, 0x80, 0x61, 0x0, 0xff,
    0xe2, 0x90, 0x6, 0x60, 0xf, 0xfe, 0x2a, 0x0,
    0x62, 0x10, 0xf, 0xf3, 0xbf, 0x16, 0x0, 0x73,
    0x0, 0x7f, 0xc, 0x47, 0xa, 0x8, 0x6, 0x91,
    0x0, 0xfd, 0x20, 0x1c, 0x41, 0x20, 0x18, 0x74,
    0x40, 0x3c, 0xae, 0x1, 0x90, 0x41, 0xc8, 0x3,
    0x1f, 0xb1, 0x8, 0x96, 0xe8, 0x3, 0xa0, 0x2,
    0xe0, 0xe, 0x19, 0xde, 0xe5, 0x20, 0x7, 0x39,
    0x80, 0x47, 0x60, 0x1f, 0xfc, 0x36, 0x80, 0xe,
    0x4c, 0x20, 0xf, 0xf8, 0x6a, 0x40, 0x3e, 0x3d,
    0x92, 0x0, 0xf8, 0x63, 0xd4, 0x3, 0xfc, 0xdb,
    0xa5, 0x0, 0x8f, 0x79, 0xc4, 0x3, 0xff, 0x82,
    0x40, 0x18, 0xac, 0x80, 0x3f, 0xf8, 0x88, 0x1,
    0xb, 0x69, 0x80, 0x7f, 0xf0, 0xf2, 0xd8, 0x3,
    0x78, 0x7, 0xff, 0xc, 0x92, 0x58, 0x2, 0x30,
    0xf, 0xfe, 0x30, 0x80, 0x61, 0x0, 0xff, 0xe2,
    0x1b, 0x0, 0x42, 0x20, 0xf, 0xfe, 0x14, 0x6e,
    0x8, 0x4, 0xc0, 0x1f, 0xfc, 0x32, 0x20, 0x6,
    0x48, 0x0, 0xff, 0xe1, 0x98, 0x4, 0x53, 0x60,
    0x1f, 0xfc, 0x4d, 0x8a, 0xdd, 0x30, 0x7, 0xe0,

    /* U+00E8 "è" */
    0x0, 0xcd, 0xff, 0xd8, 0x1, 0xff, 0xc6, 0x68,
    0x0, 0xc6, 0xe0, 0x1f, 0xfc, 0x67, 0x70, 0x6,
    0x82, 0x0, 0xff, 0xe3, 0x43, 0x0, 0x69, 0x0,
    0xff, 0xe3, 0xca, 0x80, 0x48, 0xc0, 0x1f, 0xfc,
    0x7a, 0x40, 0xa, 0x4, 0x3, 0xff, 0x8f, 0x71,
    0x14, 0x90, 0x7, 0xff, 0x21, 0xdf, 0x18, 0x7,
    0xff, 0xe0, 0xe3, 0x3b, 0xfd, 0xd7, 0x4, 0x1,
    0xff, 0xc1, 0x3c, 0xc3, 0x98, 0x80, 0x5, 0x1f,
    0x6c, 0x80, 0x3f, 0xcf, 0x86, 0x1, 0xfe, 0x4d,
    0x50, 0xf, 0xd3, 0x0, 0x1f, 0xfc, 0x2a, 0x40,
    0xf, 0x3b, 0x0, 0x79, 0x19, 0x86, 0x1, 0xeb,
    0x10, 0xc, 0x50, 0x1, 0xd1, 0xf7, 0x32, 0xcd,
    0x40, 0xe, 0xb0, 0xd, 0x20, 0x1d, 0x4e, 0x1,
    0xc5, 0x68, 0x1, 0x94, 0x40, 0x4, 0x80, 0x19,
    0x94, 0x3, 0xf5, 0x0, 0x73, 0x0, 0x28, 0x3,
    0xa0, 0x3, 0xf8, 0x54, 0x3, 0x60, 0x1, 0x0,
    0x31, 0x88, 0x7, 0xfb, 0x40, 0x32, 0x80, 0xc,
    0x3, 0x1f, 0xff, 0xfd, 0x0, 0x18, 0x40, 0x40,
    0x3f, 0xf9, 0x62, 0x60, 0x1f, 0xfe, 0x53, 0x0,
    0xe4, 0x99, 0xff, 0xe2, 0x88, 0x80, 0x3c, 0xcd,
    0xff, 0xc5, 0x0, 0x8, 0x6, 0x40, 0xf, 0xfe,
    0x3a, 0x0, 0x73, 0x0, 0x7f, 0xf1, 0xb8, 0x3,
    0xa0, 0x40, 0x3f, 0xe7, 0x10, 0xc, 0x84, 0x1,
    0x87, 0x4, 0x3, 0xfa, 0x21, 0x82, 0x1, 0xa4,
    0x3, 0x8b, 0xd4, 0x3, 0xcb, 0xae, 0x5, 0x82,
    0x1, 0x23, 0x80, 0x70, 0xd7, 0x54, 0x4d, 0xf5,
    0x10, 0x4, 0x4e, 0x1, 0xa1, 0x40, 0x3c, 0x2a,
    0xec, 0x82, 0x1, 0xcc, 0xc0, 0xe, 0xa8, 0x0,
    0xff, 0xe1, 0xcc, 0x80, 0x3e, 0x7d, 0x40, 0xf,
    0xf9, 0x75, 0x80, 0x3f, 0x8a, 0xf6, 0x10, 0x80,
    0x21, 0x48, 0xda, 0x20, 0xc,

    /* U+00E9 "é" */
    0x0, 0xff, 0xe0, 0x97, 0xff, 0x71, 0x0, 0x7f,
    0xf1, 0x78, 0x3, 0xb4, 0x80, 0x3f, 0xf8, 0x8c,
    0x60, 0x1b, 0xc, 0x3, 0xff, 0x88, 0x32, 0x1,
    0xac, 0xc0, 0x3f, 0xf8, 0xb6, 0x1, 0xa9, 0x0,
    0x3f, 0xf8, 0xaa, 0xa0, 0xa, 0x54, 0x3, 0xff,
    0x8d, 0xc4, 0x54, 0x30, 0x7, 0xff, 0x1e, 0xf7,
    0x67, 0x0, 0xff, 0xfc, 0x1c, 0x67, 0x7f, 0xba,
    0xe0, 0x80, 0x3f, 0xf8, 0x27, 0x98, 0x73, 0x10,
    0x0, 0xa3, 0xed, 0x90, 0x7, 0xf9, 0xf0, 0xc0,
    0x3f, 0xc9, 0xaa, 0x1, 0xfa, 0x60, 0x3, 0xff,
    0x85, 0x48, 0x1, 0xe7, 0x60, 0xf, 0x23, 0x30,
    0xc0, 0x3d, 0x62, 0x1, 0x8a, 0x0, 0x3a, 0x3e,
    0xe6, 0x59, 0xa8, 0x1, 0xd6, 0x1, 0xa4, 0x3,
    0xa9, 0xc0, 0x38, 0xad, 0x0, 0x32, 0x88, 0x0,
    0x90, 0x3, 0x32, 0x80, 0x7e, 0xa0, 0xe, 0x60,
    0x5, 0x0, 0x74, 0x0, 0x7f, 0xa, 0x80, 0x6c,
    0x0, 0x20, 0x6, 0x31, 0x0, 0xff, 0x68, 0x6,
    0x50, 0x1, 0x80, 0x63, 0xff, 0xff, 0xa0, 0x3,
    0x8, 0x8, 0x7, 0xff, 0x2c, 0x4c, 0x3, 0xff,
    0xca, 0x60, 0x1c, 0x93, 0x3f, 0xfc, 0x51, 0x10,
    0x7, 0x99, 0xbf, 0xf8, 0xa0, 0x1, 0x0, 0xc8,
    0x1, 0xff, 0xc7, 0x40, 0xe, 0x60, 0xf, 0xfe,
    0x37, 0x0, 0x74, 0x8, 0x7, 0xfc, 0xe2, 0x1,
    0x90, 0x80, 0x30, 0xe0, 0x80, 0x7f, 0x44, 0x30,
    0x40, 0x34, 0x80, 0x71, 0x7a, 0x80, 0x79, 0x75,
    0xc0, 0xb0, 0x40, 0x24, 0x70, 0xe, 0x1a, 0xea,
    0x89, 0xbe, 0xa2, 0x0, 0x89, 0xc0, 0x34, 0x28,
    0x7, 0x85, 0x5d, 0x90, 0x40, 0x39, 0x98, 0x1,
    0xd5, 0x0, 0x1f, 0xfc, 0x39, 0x90, 0x7, 0xcf,
    0xa8, 0x1, 0xff, 0x2e, 0xb0, 0x7, 0xf1, 0x5e,
    0xc2, 0x10, 0x4, 0x29, 0x1b, 0x44, 0x1, 0x80,

    /* U+00EA "ê" */
    0x0, 0xfe, 0x1d, 0xff, 0x9c, 0x3, 0xff, 0x8c,
    0x58, 0x40, 0x14, 0x48, 0x7, 0xff, 0x10, 0xb0,
    0x80, 0x39, 0xa8, 0x3, 0xff, 0x84, 0x7a, 0x20,
    0x2, 0x80, 0x9, 0x6c, 0x3, 0xff, 0x80, 0x98,
    0x1, 0x1e, 0x3d, 0x0, 0x49, 0x82, 0x1, 0xfc,
    0xb6, 0x1, 0x26, 0x8, 0x2d, 0x80, 0x47, 0x82,
    0x1, 0xfc, 0xef, 0x45, 0x80, 0x64, 0xc7, 0x79,
    0x4c, 0x3, 0xf2, 0xc4, 0x4e, 0x1, 0xe3, 0x88,
    0xc4, 0x1, 0xff, 0xff, 0x0, 0xff, 0xe0, 0x1c,
    0x67, 0x7f, 0xba, 0xe0, 0x80, 0x3f, 0xf8, 0x27,
    0x98, 0x73, 0x10, 0x0, 0xa3, 0xed, 0x90, 0x7,
    0xf9, 0xf0, 0xc0, 0x3f, 0xc9, 0xaa, 0x1, 0xfa,
    0x60, 0x3, 0xff, 0x85, 0x48, 0x1, 0xe7, 0x60,
    0xf, 0x23, 0x30, 0xc0, 0x3d, 0x62, 0x1, 0x8a,
    0x0, 0x3a, 0x3e, 0xe6, 0x59, 0xa8, 0x1, 0xd6,
    0x1, 0xa4, 0x3, 0xa9, 0xc0, 0x38, 0xad, 0x0,
    0x32, 0x88, 0x0, 0x90, 0x3, 0x32, 0x80, 0x7e,
    0xa0, 0xe, 0x60, 0x5, 0x0, 0x74, 0x0, 0x7f,
    0xa, 0x80, 0x6c, 0x0, 0x20, 0x6, 0x31, 0x0,
    0xff, 0x68, 0x6, 0x50, 0x1, 0x80, 0x63, 0xff,
    0xff, 0xa0, 0x3, 0x8, 0x8, 0x7, 0xff, 0x2c,
    0x4c, 0x3, 0xff, 0xca, 0x60, 0x1c, 0x93, 0x3f,
    0xfc, 0x51, 0x10, 0x7, 0x99, 0xbf, 0xf8, 0xa0,
    0x1, 0x0, 0xc8, 0x1, 0xff, 0xc7, 0x40, 0xe,
    0x60, 0xf, 0xfe, 0x37, 0x0, 0x74, 0x8, 0x7,
    0xfc, 0xe2, 0x1, 0x90, 0x80, 0x30, 0xe0, 0x80,
    0x7f, 0x44, 0x30, 0x40, 0x34, 0x80, 0x71, 0x7a,
    0x80, 0x79, 0x75, 0xc0, 0xb0, 0x40, 0x24, 0x70,
    0xe, 0x1a, 0xea, 0x89, 0xbe, 0xa2, 0x0, 0x89,
    0xc0, 0x34, 0x28, 0x7, 0x85, 0x5d, 0x90, 0x40,
    0x39, 0x98, 0x1, 0xd5, 0x0, 0x1f, 0xfc, 0x39,
    0x90, 0x7, 0xcf, 0xa8, 0x1, 0xff, 0x2e, 0xb0,
    0x7, 0xf1, 0x5e, 0xc2, 0x10, 0x4, 0x29, 0x1b,
    0x44, 0x1, 0x80,

    /* U+00EB "ë" */
    0x0, 0xc5, 0x7f, 0xce, 0x1, 0xe4, 0xdf, 0xd5,
    0x0, 0xfe, 0xf4, 0x1, 0x86, 0x0, 0xc3, 0x64,
    0x5, 0x44, 0x1, 0xf0, 0x90, 0x6, 0xc0, 0xc,
    0x80, 0x1c, 0xa0, 0x1f, 0x8, 0x7, 0x18, 0x6,
    0x10, 0xe, 0x20, 0xf, 0xce, 0x1, 0xd, 0x80,
    0x64, 0x40, 0x4, 0x4a, 0x1, 0xfa, 0x2e, 0x27,
    0xc8, 0x3, 0xae, 0xa2, 0x74, 0x3, 0xfc, 0x8e,
    0xc2, 0x1, 0xf2, 0xbb, 0x0, 0x7f, 0xff, 0xc0,
    0x3f, 0xf8, 0x47, 0x19, 0xdf, 0xee, 0xb8, 0x20,
    0xf, 0xfe, 0x9, 0xe6, 0x1c, 0xc4, 0x0, 0x28,
    0xfb, 0x64, 0x1, 0xfe, 0x7c, 0x30, 0xf, 0xf2,
    0x6a, 0x80, 0x7e, 0x98, 0x0, 0xff, 0xe1, 0x52,
    0x0, 0x79, 0xd8, 0x3, 0xc8, 0xcc, 0x30, 0xf,
    0x58, 0x80, 0x62, 0x80, 0xe, 0x8f, 0xb9, 0x96,
    0x6a, 0x0, 0x75, 0x80, 0x69, 0x0, 0xea, 0x70,
    0xe, 0x2b, 0x40, 0xc, 0xa2, 0x0, 0x24, 0x0,
    0xcc, 0xa0, 0x1f, 0xa8, 0x3, 0x98, 0x1, 0x40,
    0x1d, 0x0, 0x1f, 0xc2, 0xa0, 0x1b, 0x0, 0x8,
    0x1, 0x8c, 0x40, 0x3f, 0xda, 0x1, 0x94, 0x0,
    0x60, 0x18, 0xff, 0xff, 0xe8, 0x0, 0xc2, 0x2,
    0x1, 0xff, 0xcb, 0x13, 0x0, 0xff, 0xf2, 0x98,
    0x7, 0x24, 0xcf, 0xff, 0x14, 0x44, 0x1, 0xe6,
    0x6f, 0xfe, 0x28, 0x0, 0x40, 0x32, 0x0, 0x7f,
    0xf1, 0xd0, 0x3, 0x98, 0x3, 0xff, 0x8d, 0xc0,
    0x1d, 0x2, 0x1, 0xff, 0x38, 0x80, 0x64, 0x20,
    0xc, 0x38, 0x20, 0x1f, 0xd1, 0xc, 0x10, 0xd,
    0x20, 0x1c, 0x5e, 0xa0, 0x1e, 0x5d, 0x70, 0x2c,
    0x10, 0x9, 0x1c, 0x3, 0x86, 0xba, 0xa2, 0x6f,
    0xa8, 0x80, 0x22, 0x70, 0xd, 0xa, 0x1, 0xe1,
    0x57, 0x64, 0x10, 0xe, 0x66, 0x0, 0x75, 0x40,
    0x7, 0xff, 0xe, 0x64, 0x1, 0xf3, 0xea, 0x0,
    0x7f, 0xcb, 0xac, 0x1, 0xfc, 0x57, 0xb0, 0x84,
    0x1, 0xa, 0x46, 0xd1, 0x0, 0x60,

    /* U+00EC "ì" */
    0x0, 0x8b, 0xbf, 0xf8, 0x80, 0x3f, 0xf8, 0x65,
    0x82, 0x1, 0xb8, 0x3, 0xff, 0x88, 0x5a, 0x1,
    0x8d, 0x80, 0x3f, 0xf8, 0x87, 0x60, 0x1a, 0x44,
    0x3, 0xff, 0x88, 0x94, 0x1, 0xa8, 0x3, 0xff,
    0x8a, 0xb2, 0x1, 0x22, 0x80, 0x7f, 0xf1, 0x5a,
    0xe2, 0x20, 0xf, 0xfe, 0x3a, 0x3b, 0xca, 0x1,
    0xff, 0xd4, 0x4f, 0xff, 0xfe, 0xb, 0x0, 0x7f,
    0xff, 0xc0, 0xe, 0x89, 0xf1, 0x80, 0x7f, 0xf0,
    0x8e, 0xef, 0xe8, 0x0, 0xff, 0xff, 0x80, 0x7f,
    0xff, 0xc0, 0x3f, 0xff, 0xe0, 0x1f, 0xff, 0xf0,
    0xf, 0xff, 0x79, 0xd5, 0x7d, 0x0, 0x1d, 0x55,
    0xf8, 0x1d, 0x57, 0xe3, 0x0, 0xe3, 0x55, 0xf8,
    0x40, 0x3f, 0xff, 0x20,

    /* U+00ED "í" */
    0x0, 0xff, 0xe0, 0xe7, 0xff, 0x30, 0x7, 0xff,
    0xd, 0xcc, 0x3, 0x4b, 0x0, 0x7f, 0xf0, 0x8a,
    0x0, 0x34, 0x30, 0x7, 0xff, 0xf, 0x80, 0x34,
    0x38, 0x7, 0xff, 0xd, 0xcc, 0x2, 0x87, 0x0,
    0xff, 0xe1, 0x94, 0x0, 0x4e, 0xe0, 0xf, 0xfe,
    0x23, 0xbe, 0x98, 0x0, 0xff, 0xe2, 0xac, 0x44,
    0xc0, 0x1f, 0xfd, 0x44, 0xff, 0xff, 0xe0, 0xb0,
    0x7, 0xff, 0xfc, 0x0, 0xe8, 0x9f, 0x18, 0x7,
    0xff, 0x8, 0xee, 0xfe, 0x80, 0xf, 0xff, 0xf8,
    0x7, 0xff, 0xfc, 0x3, 0xff, 0xfe, 0x1, 0xff,
    0xff, 0x0, 0xff, 0xf7, 0x9d, 0x57, 0xd0, 0x1,
    0xd5, 0x5f, 0x81, 0xd5, 0x7e, 0x30, 0xe, 0x35,
    0x5f, 0x84, 0x3, 0xff, 0xf2,

    /* U+00EE "î" */
    0x0, 0xfe, 0x9f, 0xfb, 0x4, 0x3, 0xff, 0x89,
    0x6c, 0x1, 0x1e, 0x10, 0x7, 0xff, 0x4, 0x71,
    0x0, 0x38, 0xb1, 0x0, 0x3f, 0xe2, 0xf3, 0x0,
    0xd, 0xa0, 0x0, 0x6d, 0x80, 0x3f, 0x93, 0x44,
    0x0, 0x58, 0x96, 0xa0, 0x14, 0xc0, 0x7, 0xc7,
    0x60, 0x11, 0xe1, 0x0, 0x29, 0xc0, 0x27, 0x80,
    0xf, 0x1e, 0xee, 0xc1, 0x0, 0xd1, 0xbb, 0xa4,
    0x3, 0xe2, 0x2c, 0x1, 0xf1, 0x16, 0x10, 0xf,
    0xff, 0x2a, 0x7f, 0xff, 0xf0, 0x58, 0x3, 0xff,
    0xfe, 0x0, 0x74, 0x4f, 0x8c, 0x3, 0xff, 0x84,
    0x77, 0x7f, 0x40, 0x7, 0xff, 0xfc, 0x3, 0xff,
    0xfe, 0x1, 0xff, 0xff, 0x0, 0xff, 0xff, 0x80,
    0x7f, 0xfb, 0xce, 0xab, 0xe8, 0x0, 0xea, 0xaf,
    0xc0, 0xea, 0xbf, 0x18, 0x7, 0x1a, 0xaf, 0xc2,
    0x1, 0xff, 0xf9,

    /* U+00EF "ï" */
    0x0, 0xd3, 0xdf, 0x62, 0x1, 0xc3, 0x7f, 0xd2,
    0x1, 0xf3, 0xb0, 0x82, 0x50, 0x7, 0x52, 0x0,
    0xb3, 0x80, 0x7a, 0xc0, 0x32, 0x0, 0x72, 0x0,
    0x6b, 0x0, 0xf3, 0x0, 0x7f, 0x84, 0x3, 0x38,
    0x7, 0xa4, 0x3, 0x48, 0x7, 0x40, 0x6, 0x80,
    0xf, 0x1e, 0xc4, 0x31, 0x80, 0x39, 0xb2, 0x21,
    0xa6, 0x1, 0xf1, 0x3b, 0x8c, 0x3, 0xe3, 0x77,
    0x10, 0x7, 0xff, 0x3d, 0x3f, 0xff, 0xf8, 0x2c,
    0x1, 0xff, 0xff, 0x0, 0x3a, 0x27, 0xc6, 0x1,
    0xff, 0xc2, 0x3b, 0xbf, 0xa0, 0x3, 0xff, 0xfe,
    0x1, 0xff, 0xff, 0x0, 0xff, 0xff, 0x80, 0x7f,
    0xff, 0xc0, 0x3f, 0xfd, 0xe7, 0x55, 0xf4, 0x0,
    0x75, 0x57, 0xe0, 0x75, 0x5f, 0x8c, 0x3, 0x8d,
    0x57, 0xe1, 0x0, 0xff, 0xfc, 0x80,

    /* U+00F0 "ð" */
    0x0, 0xff, 0x54, 0x98, 0x7, 0xff, 0x24, 0x95,
    0xb3, 0x8, 0x1, 0xc7, 0x96, 0x1, 0xff, 0x50,
    0x4, 0x77, 0x42, 0x3, 0x58, 0x68, 0xe0, 0x1f,
    0xe6, 0x0, 0xe5, 0xf9, 0xe5, 0x0, 0xb8, 0x3,
    0xf8, 0x80, 0x3e, 0x16, 0x0, 0x8f, 0x24, 0x3,
    0xf8, 0xba, 0x44, 0x3, 0xe1, 0xac, 0x30, 0xf,
    0xfe, 0x3, 0x68, 0x7, 0xe4, 0x0, 0xff, 0xe0,
    0x8c, 0xe0, 0x7, 0xc3, 0x40, 0x1f, 0xfc, 0x6,
    0xf6, 0x0, 0x8c, 0x3, 0x91, 0x80, 0x3f, 0xd7,
    0x22, 0x0, 0x2b, 0xc7, 0x0, 0xe8, 0x0, 0xff,
    0x40, 0x0, 0x67, 0x50, 0x20, 0xc0, 0x30, 0xb0,
    0x7, 0xf1, 0xcb, 0xf3, 0x0, 0x6f, 0x0, 0xeb,
    0x0, 0xff, 0x34, 0x0, 0x78, 0xd0, 0x3, 0x11,
    0x80, 0x7e, 0x49, 0xdf, 0xfb, 0x65, 0x3, 0x80,
    0x3a, 0xc0, 0x3c, 0xdd, 0x6c, 0x40, 0x11, 0x35,
    0xe3, 0x0, 0x72, 0x0, 0x75, 0xc8, 0x80, 0x7f,
    0x1e, 0x0, 0x71, 0x80, 0x6c, 0x40, 0xf, 0xfe,
    0x39, 0x0, 0x24, 0xc0, 0x38, 0x5a, 0x64, 0xea,
    0x20, 0x1f, 0x98, 0xd, 0x80, 0x39, 0x7a, 0x59,
    0x91, 0x5d, 0x44, 0x1, 0xe1, 0x8, 0x0, 0xe5,
    0xa0, 0xf, 0x97, 0x50, 0x3, 0x8c, 0x50, 0x3,
    0xd, 0x0, 0x7f, 0xa4, 0x3, 0x85, 0x0, 0x3a,
    0x40, 0x3f, 0xf8, 0xda, 0x1, 0xca, 0x1, 0xff,
    0xc6, 0x20, 0xe, 0x20, 0xf, 0xfe, 0x28, 0x88,
    0x3, 0x10, 0x7, 0xff, 0x1, 0x80, 0x38, 0xc0,
    0x3f, 0xf8, 0xc4, 0x1, 0xcc, 0x20, 0x18, 0x80,
    0x3f, 0xf8, 0x18, 0x1, 0xc7, 0xa0, 0x1c, 0x80,
    0x1f, 0xf2, 0x0, 0x64, 0x4, 0x0, 0xef, 0x0,
    0xff, 0x30, 0x80, 0x6d, 0x3, 0x20, 0xc, 0x8a,
    0x1, 0xf8, 0x60, 0x3, 0x9c, 0x1, 0x60, 0x1d,
    0x48, 0x1, 0xe1, 0xc1, 0x0, 0xd0, 0x20, 0x6,
    0x30, 0xe, 0xba, 0x41, 0x11, 0xc7, 0x10, 0x6,
    0x27, 0x0, 0xda, 0x20, 0x1c, 0xb7, 0xdc, 0xc7,
    0x0, 0xe1, 0xf0, 0xe, 0x1c, 0x10, 0xf, 0xfe,
    0x10, 0xe9, 0x0, 0x78, 0xbd, 0x40, 0x3f, 0xf8,
    0x9, 0xe6, 0x1, 0xf8, 0x6b, 0x14, 0x3, 0xf2,
    0x5d, 0x84, 0x3, 0xfe, 0x3a, 0xfc, 0x98, 0x84,
    0xdf, 0x5a, 0x0, 0x7c,

    /* U+00F1 "ñ" */
    0x0, 0xff, 0xe2, 0x8, 0x80, 0x3f, 0xc9, 0x9f,
    0xd2, 0x20, 0x1c, 0xdd, 0x68, 0x1, 0xf2, 0xd9,
    0x80, 0xb7, 0xa0, 0x6, 0xb0, 0x43, 0x0, 0xf0,
    0xd0, 0x7, 0xd, 0xc9, 0x3, 0x98, 0x0, 0xc0,
    0x3d, 0x0, 0x1f, 0x9b, 0x7e, 0x0, 0x2, 0x80,
    0x1e, 0x70, 0x2, 0x6f, 0x50, 0x80, 0x7d, 0x0,
    0x1e, 0x11, 0x0, 0x28, 0x85, 0x79, 0x40, 0x39,
    0x58, 0x3, 0xc2, 0xe6, 0x42, 0x1, 0xaa, 0xd0,
    0x92, 0xa8, 0x1, 0xfa, 0x33, 0x40, 0x3c, 0x97,
    0xb6, 0xa0, 0x1f, 0xff, 0xf5, 0xff, 0xd6, 0x1,
    0x9a, 0xfb, 0xfd, 0xb4, 0xa0, 0x1f, 0xe6, 0x0,
    0x37, 0x4a, 0x8, 0x0, 0x96, 0xb4, 0xc0, 0x3f,
    0x18, 0x4c, 0x84, 0x3, 0xf1, 0x61, 0x80, 0x7c,
    0x30, 0xc0, 0x1f, 0xfc, 0xd, 0x0, 0xfc, 0xe0,
    0x11, 0xaa, 0x88, 0x3, 0xc2, 0xe0, 0x1f, 0xd1,
    0xd9, 0x54, 0xdd, 0x18, 0x7, 0x48, 0x7, 0xeb,
    0x71, 0x0, 0xc5, 0x82, 0x1, 0x84, 0x80, 0x3d,
    0x8, 0x1, 0xfa, 0x40, 0x39, 0xc0, 0x3c, 0x80,
    0x1f, 0xc8, 0x1, 0xc4, 0x1, 0xff, 0xc4, 0x20,
    0xe, 0xf0, 0xf, 0xff, 0xf8, 0x7, 0xff, 0xfc,
    0x3, 0xff, 0xfe, 0x1, 0xff, 0xff, 0x0, 0xff,
    0xfc, 0x0,

    /* U+00F2 "ò" */
    0x0, 0xc7, 0xff, 0xdc, 0x20, 0x1f, 0xfc, 0x53,
    0xb0, 0xc, 0x36, 0x1, 0xff, 0xc6, 0x4a, 0x0,
    0xca, 0x80, 0x1f, 0xfc, 0x65, 0x90, 0xd, 0x40,
    0x1f, 0xfc, 0x76, 0x80, 0x8, 0x64, 0x3, 0xff,
    0x8e, 0xee, 0x0, 0x98, 0xc0, 0x3f, 0xf8, 0xf1,
    0x51, 0x13, 0x80, 0x7f, 0xf2, 0x15, 0xde, 0x40,
    0xf, 0xff, 0xb8, 0xb5, 0x6f, 0xfd, 0xb4, 0xa0,
    0x1f, 0xfc, 0x28, 0xe9, 0x52, 0x0, 0x89, 0x6b,
    0x98, 0x3, 0xfc, 0x5a, 0xe0, 0x1f, 0xe1, 0x9b,
    0x0, 0xfc, 0x58, 0x40, 0x1f, 0xfc, 0x14, 0xc0,
    0xf, 0xbc, 0x40, 0x38, 0x55, 0x90, 0x40, 0x38,
    0xe8, 0x3, 0xa0, 0x80, 0x3a, 0xba, 0xa6, 0xf9,
    0xc0, 0x39, 0x50, 0x2, 0x17, 0x0, 0xec, 0x50,
    0xe, 0x89, 0x0, 0xe8, 0x0, 0x98, 0x3, 0xa0,
    0xc0, 0x3e, 0x64, 0x0, 0xc6, 0x60, 0x5, 0x80,
    0x73, 0x80, 0x7f, 0x40, 0x7, 0x58, 0x0, 0xc0,
    0x32, 0x80, 0x7f, 0x8c, 0x40, 0x32, 0x1, 0x80,
    0x76, 0x0, 0x7f, 0xc8, 0x1, 0x8c, 0x18, 0x3,
    0x88, 0x3, 0xfe, 0x20, 0xe, 0x13, 0x0, 0xe7,
    0x0, 0xff, 0xbc, 0x3, 0x8c, 0x3, 0xff, 0x9a,
    0x60, 0x1f, 0xfc, 0xb3, 0x10, 0xe, 0x60, 0xf,
    0xfb, 0x80, 0x38, 0x58, 0x3, 0xb4, 0x3, 0xfe,
    0x50, 0xc, 0x20, 0x42, 0x1, 0x90, 0x3, 0xfe,
    0x30, 0xc, 0x80, 0x4, 0x0, 0xc6, 0x60, 0xf,
    0xe6, 0x0, 0xec, 0x0, 0x70, 0x7, 0x78, 0x7,
    0xe1, 0x80, 0xe, 0x70, 0x2, 0x18, 0x6, 0x39,
    0x0, 0xf0, 0xe8, 0x80, 0x66, 0x10, 0xb, 0xc0,
    0x39, 0xb1, 0x48, 0x49, 0xfc, 0xc0, 0x30, 0xc0,
    0x6, 0x38, 0x0, 0xe3, 0xad, 0xed, 0x81, 0x0,
    0xea, 0x10, 0xe, 0x77, 0x0, 0x7f, 0xf0, 0xe9,
    0x0, 0x3e, 0x89, 0x0, 0xff, 0xe0, 0x16, 0x28,
    0x7, 0xf3, 0x73, 0x88, 0x7, 0xc5, 0x3a, 0x60,
    0x1f, 0xf0, 0xc7, 0x6d, 0x44, 0x55, 0xba, 0x60,
    0xf, 0x80,

    /* U+00F3 "ó" */
    0x0, 0xff, 0xe1, 0x77, 0xff, 0x20, 0x7, 0xff,
    0x16, 0x44, 0x3, 0x52, 0x0, 0x7f, 0xf1, 0xd,
    0x80, 0x34, 0xa8, 0x7, 0xff, 0x17, 0x80, 0x34,
    0x30, 0x7, 0xff, 0x15, 0xc8, 0x2, 0x77, 0x0,
    0x7f, 0xf1, 0x4a, 0x0, 0x26, 0x80, 0xf, 0xfe,
    0x35, 0x91, 0x4b, 0x20, 0x1f, 0xfc, 0x79, 0xdd,
    0xa8, 0x3, 0xff, 0xee, 0x2d, 0x5b, 0xff, 0x6d,
    0x28, 0x7, 0xff, 0xa, 0x3a, 0x54, 0x80, 0x22,
    0x5a, 0xe6, 0x0, 0xff, 0x16, 0xb8, 0x7, 0xf8,
    0x66, 0xc0, 0x3f, 0x16, 0x10, 0x7, 0xff, 0x5,
    0x30, 0x3, 0xef, 0x10, 0xe, 0x15, 0x64, 0x10,
    0xe, 0x3a, 0x0, 0xe8, 0x20, 0xe, 0xae, 0xa9,
    0xbe, 0x70, 0xe, 0x54, 0x0, 0x85, 0xc0, 0x3b,
    0x14, 0x3, 0xa2, 0x40, 0x3a, 0x0, 0x26, 0x0,
    0xe8, 0x30, 0xf, 0x99, 0x0, 0x31, 0x98, 0x1,
    0x60, 0x1c, 0xe0, 0x1f, 0xd0, 0x1, 0xd6, 0x0,
    0x30, 0xc, 0xa0, 0x1f, 0xe3, 0x10, 0xc, 0x80,
    0x60, 0x1d, 0x80, 0x1f, 0xf2, 0x0, 0x63, 0x6,
    0x0, 0xe2, 0x0, 0xff, 0x88, 0x3, 0x84, 0xc0,
    0x39, 0xc0, 0x3f, 0xef, 0x0, 0xe3, 0x0, 0xff,
    0xe6, 0x98, 0x7, 0xff, 0x2c, 0xc4, 0x3, 0x98,
    0x3, 0xfe, 0xe0, 0xe, 0x16, 0x0, 0xed, 0x0,
    0xff, 0x94, 0x3, 0x8, 0x10, 0x80, 0x64, 0x0,
    0xff, 0x8c, 0x3, 0x20, 0x1, 0x0, 0x31, 0x98,
    0x3, 0xf9, 0x80, 0x3b, 0x0, 0x1c, 0x1, 0xde,
    0x1, 0xf8, 0x60, 0x3, 0x9c, 0x0, 0x86, 0x1,
    0x8e, 0x40, 0x3c, 0x3a, 0x20, 0x19, 0x84, 0x2,
    0xf0, 0xe, 0x6c, 0x52, 0x12, 0x7f, 0x30, 0xc,
    0x30, 0x1, 0x8e, 0x0, 0x38, 0xeb, 0x7b, 0x60,
    0x40, 0x3a, 0x84, 0x3, 0x9d, 0xc0, 0x1f, 0xfc,
    0x3a, 0x40, 0xf, 0xa2, 0x40, 0x3f, 0xf8, 0x5,
    0x8a, 0x1, 0xfc, 0xdc, 0xe2, 0x1, 0xf1, 0x4e,
    0x98, 0x7, 0xfc, 0x31, 0xdb, 0x51, 0x15, 0x6e,
    0x98, 0x3, 0xe0,

    /* U+00F4 "ô" */
    0x0, 0xff, 0x1c, 0x44, 0x60, 0x1f, 0xfc, 0x74,
    0xc7, 0x7b, 0x10, 0x3, 0xff, 0x8a, 0xb6, 0x1,
    0xd6, 0xa0, 0x1f, 0xfc, 0x36, 0xa0, 0x8, 0x40,
    0x2a, 0x70, 0xf, 0xfe, 0xc, 0x48, 0x4, 0xdc,
    0xc0, 0x14, 0x40, 0x3, 0xfe, 0x97, 0x0, 0x9e,
    0x42, 0x5c, 0x2, 0x7a, 0x0, 0xfe, 0x76, 0x0,
    0xa2, 0x0, 0x14, 0x40, 0x2, 0x58, 0x0, 0xfc,
    0xff, 0xf9, 0xc0, 0x39, 0xff, 0xf4, 0x0, 0x7f,
    0xff, 0xc0, 0x3f, 0xe1, 0x6a, 0xdf, 0xfb, 0x69,
    0x40, 0x3f, 0xf8, 0x51, 0xd2, 0xa4, 0x1, 0x12,
    0xd7, 0x30, 0x7, 0xf8, 0xb5, 0xc0, 0x3f, 0xc3,
    0x36, 0x1, 0xf8, 0xb0, 0x80, 0x3f, 0xf8, 0x29,
    0x80, 0x1f, 0x78, 0x80, 0x70, 0xab, 0x20, 0x80,
    0x71, 0xd0, 0x7, 0x41, 0x0, 0x75, 0x75, 0x4d,
    0xf3, 0x80, 0x72, 0xa0, 0x4, 0x2e, 0x1, 0xd8,
    0xa0, 0x1d, 0x12, 0x1, 0xd0, 0x1, 0x30, 0x7,
    0x41, 0x80, 0x7c, 0xc8, 0x1, 0x8c, 0xc0, 0xb,
    0x0, 0xe7, 0x0, 0xfe, 0x80, 0xe, 0xb0, 0x1,
    0x80, 0x65, 0x0, 0xff, 0x18, 0x80, 0x64, 0x3,
    0x0, 0xec, 0x0, 0xff, 0x90, 0x3, 0x18, 0x30,
    0x7, 0x10, 0x7, 0xfc, 0x40, 0x1c, 0x26, 0x1,
    0xce, 0x1, 0xff, 0x78, 0x7, 0x18, 0x7, 0xff,
    0x34, 0xc0, 0x3f, 0xf9, 0x66, 0x20, 0x1c, 0xc0,
    0x1f, 0xf7, 0x0, 0x70, 0xb0, 0x7, 0x68, 0x7,
    0xfc, 0xa0, 0x18, 0x40, 0x84, 0x3, 0x20, 0x7,
    0xfc, 0x60, 0x19, 0x0, 0x8, 0x1, 0x8c, 0xc0,
    0x1f, 0xcc, 0x1, 0xd8, 0x0, 0xe0, 0xe, 0xf0,
    0xf, 0xc3, 0x0, 0x1c, 0xe0, 0x4, 0x30, 0xc,
    0x72, 0x1, 0xe1, 0xd1, 0x0, 0xcc, 0x20, 0x17,
    0x80, 0x73, 0x62, 0x90, 0x93, 0xf9, 0x80, 0x61,
    0x80, 0xc, 0x70, 0x1, 0xc7, 0x5b, 0xdb, 0x2,
    0x1, 0xd4, 0x20, 0x1c, 0xee, 0x0, 0xff, 0xe1,
    0xd2, 0x0, 0x7d, 0x12, 0x1, 0xff, 0xc0, 0x2c,
    0x50, 0xf, 0xe6, 0xe7, 0x10, 0xf, 0x8a, 0x74,
    0xc0, 0x3f, 0xe1, 0x8e, 0xda, 0x88, 0xab, 0x74,
    0xc0, 0x1f, 0x0,

    /* U+00F5 "õ" */
    0x0, 0xff, 0xe3, 0x10, 0x7, 0xff, 0x0, 0x6b,
    0xfd, 0x64, 0x1, 0xc5, 0xba, 0x70, 0xf, 0xe2,
    0xf5, 0x0, 0x26, 0xb8, 0x6, 0x50, 0x2c, 0x0,
    0xfe, 0xe1, 0x0, 0xe8, 0xc3, 0x4, 0x80, 0x1,
    0x80, 0x7e, 0x43, 0x0, 0xf8, 0xf3, 0xec, 0x2,
    0xb0, 0xf, 0xda, 0x0, 0x1b, 0xfb, 0x40, 0xf,
    0x90, 0xc0, 0x3f, 0x28, 0x2, 0x10, 0x12, 0xe0,
    0x3, 0x8a, 0x80, 0x3f, 0xa9, 0x1, 0x0, 0x33,
    0xeb, 0x11, 0xc6, 0x88, 0x7, 0xf3, 0x5f, 0x90,
    0x7, 0x14, 0xee, 0x38, 0x7, 0xff, 0xfc, 0x3,
    0xff, 0x84, 0x2d, 0x5b, 0xff, 0x6d, 0x28, 0x7,
    0xff, 0xa, 0x3a, 0x54, 0x80, 0x22, 0x5a, 0xe6,
    0x0, 0xff, 0x16, 0xb8, 0x7, 0xf8, 0x66, 0xc0,
    0x3f, 0x16, 0x10, 0x7, 0xff, 0x5, 0x30, 0x3,
    0xef, 0x10, 0xe, 0x15, 0x64, 0x10, 0xe, 0x3a,
    0x0, 0xe8, 0x20, 0xe, 0xae, 0xa9, 0xbe, 0x70,
    0xe, 0x54, 0x0, 0x85, 0xc0, 0x3b, 0x14, 0x3,
    0xa2, 0x40, 0x3a, 0x0, 0x26, 0x0, 0xe8, 0x30,
    0xf, 0x99, 0x0, 0x31, 0x98, 0x1, 0x60, 0x1c,
    0xe0, 0x1f, 0xd0, 0x1, 0xd6, 0x0, 0x30, 0xc,
    0xa0, 0x1f, 0xe3, 0x10, 0xc, 0x80, 0x60, 0x1d,
    0x80, 0x1f, 0xf2, 0x0, 0x63, 0x6, 0x0, 0xe2,
    0x0, 0xff, 0x88, 0x3, 0x84, 0xc0, 0x39, 0xc0,
    0x3f, 0xef, 0x0, 0xe3, 0x0, 0xff, 0xe6, 0x98,
    0x7, 0xff, 0x2c, 0xc4, 0x3, 0x98, 0x3, 0xfe,
    0xe0, 0xe, 0x16, 0x0, 0xed, 0x0, 0xff, 0x94,
    0x3, 0x8, 0x10, 0x80, 0x64, 0x0, 0xff, 0x8c,
    0x3, 0x20, 0x1, 0x0, 0x31, 0x98, 0x3, 0xf9,
    0x80, 0x3b, 0x0, 0x1c, 0x1, 0xde, 0x1, 0xf8,
    0x60, 0x3, 0x9c, 0x0, 0x86, 0x1, 0x8e, 0x40,
    0x3c, 0x3a, 0x20, 0x19, 0x84, 0x2, 0xf0, 0xe,
    0x6c, 0x52, 0x12, 0x7f, 0x30, 0xc, 0x30, 0x1,
    0x8e, 0x0, 0x38, 0xeb, 0x7b, 0x60, 0x40, 0x3a,
    0x84, 0x3, 0x9d, 0xc0, 0x1f, 0xfc, 0x3a, 0x40,
    0xf, 0xa2, 0x40, 0x3f, 0xf8, 0x5, 0x8a, 0x1,
    0xfc, 0xdc, 0xe2, 0x1, 0xf1, 0x4e, 0x98, 0x7,
    0xfc, 0x31, 0xdb, 0x51, 0x15, 0x6e, 0x98, 0x3,
    0xe0,

    /* U+00F6 "ö" */
    0x0, 0xea, 0xff, 0x50, 0x7, 0x8a, 0xff, 0x9c,
    0x3, 0xfa, 0x54, 0x0, 0xb2, 0x1, 0xde, 0x80,
    0x30, 0xa0, 0x1f, 0x9c, 0x3, 0x38, 0x6, 0x22,
    0x0, 0x6f, 0x0, 0xfc, 0x40, 0x18, 0xc0, 0x31,
    0x80, 0x71, 0x80, 0x7e, 0x80, 0xd, 0x0, 0x18,
    0x5c, 0x2, 0x1b, 0x0, 0xfc, 0x9b, 0x10, 0xd5,
    0x0, 0xe8, 0xb7, 0x8f, 0x20, 0xf, 0xe2, 0x77,
    0x10, 0x7, 0xc9, 0xe, 0x20, 0x1f, 0xff, 0xf0,
    0xf, 0xfe, 0x0, 0xb5, 0x6f, 0xfd, 0xb4, 0xa0,
    0x1f, 0xfc, 0x28, 0xe9, 0x52, 0x0, 0x89, 0x6b,
    0x98, 0x3, 0xfc, 0x5a, 0xe0, 0x1f, 0xe1, 0x9b,
    0x0, 0xfc, 0x58, 0x40, 0x1f, 0xfc, 0x14, 0xc0,
    0xf, 0xbc, 0x40, 0x38, 0x55, 0x90, 0x40, 0x38,
    0xe8, 0x3, 0xa0, 0x80, 0x3a, 0xba, 0xa6, 0xf9,
    0xc0, 0x39, 0x50, 0x2, 0x17, 0x0, 0xec, 0x50,
    0xe, 0x89, 0x0, 0xe8, 0x0, 0x98, 0x3, 0xa0,
    0xc0, 0x3e, 0x64, 0x0, 0xc6, 0x60, 0x5, 0x80,
    0x73, 0x80, 0x7f, 0x40, 0x7, 0x58, 0x0, 0xc0,
    0x32, 0x80, 0x7f, 0x8c, 0x40, 0x32, 0x1, 0x80,
    0x76, 0x0, 0x7f, 0xc8, 0x1, 0x8c, 0x18, 0x3,
    0x88, 0x3, 0xfe, 0x20, 0xe, 0x13, 0x0, 0xe7,
    0x0, 0xff, 0xbc, 0x3, 0x8c, 0x3, 0xff, 0x9a,
    0x60, 0x1f, 0xfc, 0xb3, 0x10, 0xe, 0x60, 0xf,
    0xfb, 0x80, 0x38, 0x58, 0x3, 0xb4, 0x3, 0xfe,
    0x50, 0xc, 0x20, 0x42, 0x1, 0x90, 0x3, 0xfe,
    0x30, 0xc, 0x80, 0x4, 0x0, 0xc6, 0x60, 0xf,
    0xe6, 0x0, 0xec, 0x0, 0x70, 0x7, 0x78, 0x7,
    0xe1, 0x80, 0xe, 0x70, 0x2, 0x18, 0x6, 0x39,
    0x0, 0xf0, 0xe8, 0x80, 0x66, 0x10, 0xb, 0xc0,
    0x39, 0xb1, 0x48, 0x49, 0xfc, 0xc0, 0x30, 0xc0,
    0x6, 0x38, 0x0, 0xe3, 0xad, 0xed, 0x81, 0x0,
    0xea, 0x10, 0xe, 0x77, 0x0, 0x7f, 0xf0, 0xe9,
    0x0, 0x3e, 0x89, 0x0, 0xff, 0xe0, 0x16, 0x28,
    0x7, 0xf3, 0x73, 0x88, 0x7, 0xc5, 0x3a, 0x60,
    0x1f, 0xf0, 0xc7, 0x6d, 0x44, 0x55, 0xba, 0x60,
    0xf, 0x80,

    /* U+00F7 "÷" */
    0x0, 0xff, 0x36, 0xfe, 0xa8, 0x7, 0xff, 0x1d,
    0x24, 0x80, 0xa8, 0xc0, 0x3f, 0xf8, 0xda, 0x1,
    0xd4, 0x1, 0xff, 0xdf, 0xd0, 0xe, 0xa0, 0xf,
    0xfe, 0x32, 0x49, 0x1, 0x51, 0x80, 0x7f, 0xf1,
    0xdb, 0x7f, 0x54, 0x3, 0xff, 0xfe, 0x1, 0xfe,
    0x6f, 0xff, 0xfe, 0x5a, 0x80, 0x7f, 0xff, 0xcc,
    0x47, 0xff, 0x96, 0xb, 0xdd, 0xff, 0xcb, 0x50,
    0xf, 0xff, 0xf8, 0x7, 0xf9, 0xb7, 0xf1, 0x0,
    0x3f, 0xf8, 0xe9, 0x24, 0x7, 0x64, 0x1, 0xff,
    0xc6, 0xe0, 0xe, 0xa0, 0xf, 0xfe, 0xff, 0x80,
    0x75, 0x80, 0x7f, 0xf1, 0x96, 0x4, 0xa, 0x8c,
    0x3, 0xf8,

    /* U+00F8 "ø" */
    0x0, 0xff, 0xe3, 0x1c, 0x41, 0xc0, 0x3f, 0xf9,
    0x3c, 0xee, 0xf0, 0xf, 0xfe, 0x42, 0x90, 0x2,
    0x40, 0x3f, 0xc2, 0xd5, 0xbf, 0xf6, 0xca, 0xc0,
    0x1, 0xc4, 0x3, 0xfa, 0x3a, 0x54, 0x80, 0x22,
    0x6a, 0x20, 0x4, 0x80, 0x7e, 0x2d, 0x70, 0xf,
    0xfe, 0x1, 0x8, 0x7, 0xc5, 0x84, 0x1, 0xff,
    0xc1, 0x2c, 0x0, 0xfb, 0xc4, 0x3, 0x85, 0x59,
    0x0, 0x3c, 0x74, 0x1, 0xd0, 0x40, 0x1d, 0x5d,
    0x53, 0x74, 0x1, 0xe5, 0x40, 0x8, 0x5c, 0x3,
    0xb1, 0x40, 0x34, 0x80, 0x7d, 0x20, 0x13, 0x0,
    0x74, 0x18, 0x6, 0x43, 0x0, 0x18, 0x6, 0x23,
    0x0, 0x58, 0x7, 0x38, 0x7, 0x40, 0x1, 0xa0,
    0x3, 0xa8, 0x0, 0x60, 0x19, 0x40, 0x39, 0xc,
    0x1, 0x8, 0x20, 0x19, 0x40, 0xc0, 0x3b, 0x0,
    0x3b, 0xc0, 0xc, 0x20, 0x80, 0x18, 0xc1, 0x80,
    0x38, 0x80, 0x31, 0xa0, 0x2, 0xc0, 0x4, 0x1,
    0xc2, 0x60, 0x1c, 0xe0, 0x1a, 0x0, 0xa, 0x40,
    0xf, 0x0, 0xe3, 0x0, 0xff, 0x1a, 0x0, 0x20,
    0x3, 0xfc, 0x60, 0x1f, 0xd0, 0x0, 0x52, 0x0,
    0xfe, 0x31, 0x0, 0xe6, 0x0, 0x12, 0x0, 0x20,
    0x3, 0x70, 0x7, 0xb, 0x0, 0x76, 0x80, 0x20,
    0x0, 0xa4, 0x1, 0x94, 0x3, 0x8, 0x10, 0x80,
    0x64, 0x2, 0x50, 0x4, 0x80, 0x71, 0x80, 0x64,
    0x0, 0x20, 0x6, 0x32, 0x80, 0x2, 0x18, 0x6,
    0x60, 0xe, 0xc0, 0x7, 0x0, 0x77, 0x28, 0x2,
    0x0, 0x30, 0xc0, 0x7, 0x38, 0x1, 0x8, 0x3,
    0x18, 0x1, 0xc, 0x2, 0x1d, 0x10, 0xc, 0xc2,
    0x1, 0x48, 0x7, 0xc4, 0x41, 0x27, 0xf3, 0x0,
    0xc3, 0x0, 0x19, 0x1c, 0x3, 0xcd, 0xbd, 0xb0,
    0x20, 0x1d, 0x42, 0x1, 0xd0, 0xc0, 0x1f, 0xfc,
    0x3a, 0x40, 0xf, 0xa5, 0x0, 0x3f, 0xf8, 0x5,
    0x8a, 0x1, 0xf8, 0x50, 0x0, 0x20, 0x1f, 0x14,
    0xe9, 0x80, 0x7f, 0x40, 0x0, 0xfb, 0x6a, 0x22,
    0xad, 0xd3, 0x0, 0x7f, 0x89, 0x80, 0x10, 0x4,
    0xae, 0xf2, 0x90, 0x7, 0xff, 0x2, 0x0, 0x8,
    0x80, 0xf, 0xfe, 0x28,

    /* U+00F9 "ù" */
    0x0, 0x8f, 0xff, 0xb8, 0x40, 0x3f, 0xf8, 0x67,
    0x60, 0x18, 0x6c, 0x3, 0xff, 0x88, 0x94, 0x1,
    0x95, 0x0, 0x3f, 0xf8, 0x8b, 0x20, 0x1a, 0x80,
    0x3f, 0xf8, 0xad, 0x0, 0x10, 0xc8, 0x7, 0xff,
    0x15, 0xdc, 0x1, 0x31, 0x80, 0x7f, 0xf1, 0x62,
    0xa2, 0x27, 0x0, 0xff, 0xe3, 0x2b, 0xbc, 0x80,
    0x1f, 0xfd, 0x42, 0xff, 0xe6, 0x0, 0xfe, 0x4f,
    0xfe, 0x50, 0xf, 0xff, 0xf8, 0x7, 0xff, 0xfc,
    0x3, 0xff, 0xfe, 0x1, 0xff, 0xff, 0x0, 0xff,
    0xf3, 0x88, 0x7, 0xff, 0x10, 0xc0, 0x3b, 0xc0,
    0x3f, 0xf8, 0x82, 0x1, 0xc4, 0x1, 0xfc, 0x20,
    0x1f, 0x18, 0x6, 0x50, 0xf, 0xe8, 0x0, 0xf9,
    0x0, 0x3a, 0x0, 0x3c, 0x36, 0x40, 0x1f, 0x50,
    0x7, 0x3d, 0xa9, 0x11, 0x23, 0xd0, 0x3, 0xf1,
    0x28, 0x7, 0x25, 0x6e, 0xad, 0xc4, 0x8, 0x3,
    0xf5, 0x88, 0x7, 0xfc, 0x3e, 0x1, 0xf8, 0x74,
    0x40, 0x3f, 0x87, 0x8, 0x40, 0x3f, 0x1f, 0xb0,
    0x7, 0xcd, 0xe4, 0x4, 0x1, 0xfc, 0x33, 0xf7,
    0x31, 0xb, 0xf9, 0x10, 0x6, 0x7f, 0xe5,

    /* U+00FA "ú" */
    0x0, 0xff, 0xe0, 0xf7, 0xff, 0x20, 0x7, 0xff,
    0xe, 0x44, 0x3, 0x5a, 0x0, 0x7f, 0xf0, 0x91,
    0x80, 0x35, 0x20, 0x7, 0xff, 0x8, 0x68, 0x3,
    0x52, 0x80, 0x7f, 0xf0, 0xe0, 0x40, 0x2a, 0x50,
    0xf, 0xfe, 0x1a, 0x30, 0x5, 0x4a, 0x1, 0xff,
    0xc4, 0x27, 0x7a, 0xd4, 0x3, 0xff, 0x8a, 0xd1,
    0x12, 0x0, 0x7f, 0xf5, 0xb, 0xff, 0x98, 0x3,
    0xf9, 0x3f, 0xf9, 0x40, 0x3f, 0xff, 0xe0, 0x1f,
    0xff, 0xf0, 0xf, 0xff, 0xf8, 0x7, 0xff, 0xfc,
    0x3, 0xff, 0xce, 0x20, 0x1f, 0xfc, 0x43, 0x0,
    0xef, 0x0, 0xff, 0xe2, 0x8, 0x7, 0x10, 0x7,
    0xf0, 0x80, 0x7c, 0x60, 0x19, 0x40, 0x3f, 0xa0,
    0x3, 0xe4, 0x0, 0xe8, 0x0, 0xf0, 0xd9, 0x0,
    0x7d, 0x40, 0x1c, 0xf6, 0xa4, 0x44, 0x8f, 0x40,
    0xf, 0xc4, 0xa0, 0x1c, 0x95, 0xba, 0xb7, 0x10,
    0x20, 0xf, 0xd6, 0x20, 0x1f, 0xf0, 0xf8, 0x7,
    0xe1, 0xd1, 0x0, 0xfe, 0x1c, 0x21, 0x0, 0xfc,
    0x7e, 0xc0, 0x1f, 0x37, 0x90, 0x10, 0x7, 0xf0,
    0xcf, 0xdc, 0xc4, 0x2f, 0xe4, 0x40, 0x19, 0xff,
    0x94,

    /* U+00FB "û" */
    0x0, 0xfe, 0xbf, 0xfa, 0x80, 0x3f, 0xf8, 0x83,
    0x88, 0x1, 0x2e, 0x8, 0x7, 0xff, 0x4, 0xfc,
    0xc0, 0x38, 0xfc, 0xc0, 0x3f, 0xe4, 0xc1, 0x0,
    0x1e, 0x18, 0x0, 0x71, 0x0, 0x3f, 0x9a, 0xc0,
    0x24, 0xc3, 0xc4, 0x0, 0xad, 0xc0, 0x3e, 0x69,
    0x0, 0x9a, 0xc0, 0x2b, 0x60, 0xa, 0x1c, 0x3,
    0xcd, 0xdd, 0xa4, 0x3, 0xa7, 0xbb, 0x38, 0x7,
    0xc2, 0x38, 0x3, 0xe1, 0x1c, 0x1, 0xff, 0xe6,
    0x2f, 0xfe, 0x60, 0xf, 0xe4, 0xff, 0xe5, 0x0,
    0xff, 0xff, 0x80, 0x7f, 0xff, 0xc0, 0x3f, 0xff,
    0xe0, 0x1f, 0xff, 0xf0, 0xf, 0xff, 0x38, 0x80,
    0x7f, 0xf1, 0xc, 0x3, 0xbc, 0x3, 0xff, 0x88,
    0x20, 0x1c, 0x40, 0x1f, 0xc2, 0x1, 0xf1, 0x80,
    0x65, 0x0, 0xfe, 0x80, 0xf, 0x90, 0x3, 0xa0,
    0x3, 0xc3, 0x64, 0x1, 0xf5, 0x0, 0x73, 0xda,
    0x91, 0x12, 0x3d, 0x0, 0x3f, 0x12, 0x80, 0x72,
    0x56, 0xea, 0xdc, 0x40, 0x80, 0x3f, 0x58, 0x80,
    0x7f, 0xc3, 0xe0, 0x1f, 0x87, 0x44, 0x3, 0xf8,
    0x70, 0x84, 0x3, 0xf1, 0xfb, 0x0, 0x7c, 0xde,
    0x40, 0x40, 0x1f, 0xc3, 0x3f, 0x73, 0x10, 0xbf,
    0x91, 0x0, 0x67, 0xfe, 0x50,

    /* U+00FC "ü" */
    0x0, 0xd5, 0xfe, 0xa0, 0xf, 0x15, 0xff, 0x40,
    0x7, 0xd2, 0xa0, 0x5, 0xa0, 0xe, 0xf4, 0x1,
    0x76, 0x0, 0xf3, 0x80, 0x64, 0x0, 0xc2, 0x40,
    0x1b, 0x0, 0x3c, 0x40, 0x18, 0xc0, 0x30, 0x80,
    0x71, 0x80, 0x7a, 0x0, 0x34, 0x0, 0x73, 0x80,
    0x43, 0x60, 0x1e, 0x4d, 0x88, 0x6a, 0x80, 0x74,
    0x5c, 0x4f, 0x90, 0x7, 0xc4, 0xee, 0x20, 0xf,
    0x91, 0xd8, 0x40, 0x3f, 0xf9, 0xe5, 0xff, 0xcc,
    0x1, 0xfc, 0x9f, 0xfc, 0xa0, 0x1f, 0xff, 0xf0,
    0xf, 0xff, 0xf8, 0x7, 0xff, 0xfc, 0x3, 0xff,
    0xfe, 0x1, 0xff, 0xe7, 0x10, 0xf, 0xfe, 0x21,
    0x80, 0x77, 0x80, 0x7f, 0xf1, 0x4, 0x3, 0x88,
    0x3, 0xf8, 0x40, 0x3e, 0x30, 0xc, 0xa0, 0x1f,
    0xd0, 0x1, 0xf2, 0x0, 0x74, 0x0, 0x78, 0x6c,
    0x80, 0x3e, 0xa0, 0xe, 0x7b, 0x52, 0x22, 0x47,
    0xa0, 0x7, 0xe2, 0x50, 0xe, 0x4a, 0xdd, 0x5b,
    0x88, 0x10, 0x7, 0xeb, 0x10, 0xf, 0xf8, 0x7c,
    0x3, 0xf0, 0xe8, 0x80, 0x7f, 0xe, 0x10, 0x80,
    0x7e, 0x3f, 0x60, 0xf, 0x9b, 0xc8, 0x8, 0x3,
    0xf8, 0x67, 0xee, 0x62, 0x17, 0xf2, 0x20, 0xc,
    0xff, 0xca,

    /* U+00FD "ý" */
    0x0, 0xff, 0xe1, 0xb7, 0xff, 0x60, 0x7, 0xff,
    0x20, 0xa4, 0x3, 0x1e, 0x0, 0x7f, 0xf2, 0x24,
    0x3, 0x1e, 0x0, 0x7f, 0xf2, 0x19, 0x0, 0x23,
    0xc0, 0xf, 0xfe, 0x41, 0x48, 0x4, 0x7a, 0x1,
    0xff, 0xc9, 0x90, 0x8, 0xb4, 0x40, 0x3f, 0xf9,
    0x2, 0x6e, 0xe8, 0xc1, 0x0, 0xff, 0xe4, 0x8c,
    0x44, 0xe2, 0x1, 0xff, 0xdb, 0x6f, 0xfe, 0xb0,
    0xf, 0xfe, 0xa, 0x7f, 0xf7, 0x3, 0x8, 0x6,
    0x42, 0x0, 0xff, 0xe0, 0x70, 0x7, 0x48, 0x1,
    0x80, 0x3a, 0x80, 0x3f, 0xe1, 0x50, 0xe, 0x60,
    0x4, 0x80, 0x73, 0x0, 0x7f, 0xcc, 0x1, 0xcc,
    0x20, 0x1, 0x50, 0xc, 0x2a, 0x1, 0xfe, 0xa0,
    0xe, 0xb0, 0xd, 0x20, 0x1d, 0xc0, 0x1f, 0xc6,
    0x40, 0x19, 0x8, 0x3, 0x19, 0x80, 0x32, 0x10,
    0x7, 0xea, 0x0, 0xef, 0x0, 0xf4, 0x80, 0x75,
    0x0, 0x7e, 0x60, 0xc, 0x48, 0x1, 0xe5, 0x10,
    0xc, 0xc0, 0x1f, 0x28, 0x7, 0x50, 0x7, 0xe9,
    0x0, 0xc2, 0xa0, 0x1e, 0xe0, 0xe, 0x60, 0xf,
    0xcc, 0x1, 0xdc, 0x1, 0xc4, 0x80, 0x19, 0x84,
    0x3, 0xf0, 0xb0, 0x6, 0x41, 0x0, 0xd4, 0x1,
    0xd6, 0x1, 0xfe, 0xa0, 0xe, 0x90, 0xc, 0xc0,
    0x19, 0x8, 0x3, 0xfc, 0x66, 0x0, 0xcc, 0x1,
    0x20, 0x80, 0x6f, 0x0, 0xff, 0xe0, 0x48, 0x6,
    0x14, 0x0, 0x70, 0x6, 0x24, 0x0, 0xff, 0xe0,
    0x28, 0x80, 0x6f, 0x1, 0x50, 0xd, 0x40, 0x1f,
    0xfc, 0x29, 0x0, 0xc8, 0xe, 0x1, 0xce, 0x1,
    0xff, 0xc2, 0x60, 0xe, 0x5a, 0x0, 0xcc, 0x1,
    0xff, 0xc3, 0x16, 0x0, 0xd2, 0x60, 0x1a, 0xc0,
    0x3f, 0xf8, 0x96, 0x1, 0x8c, 0x3, 0x21, 0x0,
    0x7f, 0xf1, 0x9, 0x0, 0x3f, 0x78, 0x7, 0xff,
    0x1b, 0xc0, 0x3e, 0x24, 0x0, 0xff, 0xe3, 0x21,
    0x0, 0x7a, 0xc0, 0x3f, 0xf9, 0x16, 0x1, 0xe6,
    0x0, 0xff, 0xe4, 0x30, 0x7, 0x30, 0x7, 0xff,
    0x24, 0x80, 0x3a, 0xc0, 0x3f, 0xf9, 0x30, 0x1,
    0x90, 0x80, 0x3f, 0xf9, 0x4, 0xa0, 0x1b, 0xc0,
    0x3f, 0xf9, 0x30, 0x1, 0x89, 0x0, 0x3f, 0xf9,
    0x8, 0xa0, 0x1a, 0xc0, 0x3f, 0xf9, 0x5, 0x40,
    0x18, 0x58, 0x3, 0xff, 0x88, 0x28, 0x87, 0xd1,
    0x0, 0xd2, 0x1, 0xff, 0xc5, 0x9b, 0xb4, 0x0,
    0x71, 0x38, 0x7, 0xff, 0x14, 0xc0, 0x3e, 0x1f,
    0x0, 0xff, 0xe3, 0x28, 0x7, 0x87, 0x48, 0x3,
    0xff, 0x8c, 0x20, 0x1c, 0xde, 0x60, 0x1f, 0xfc,
    0x7c, 0x98, 0x85, 0x74, 0x88, 0x7, 0xff, 0x14,

    /* U+00FE "þ" */
    0x15, 0x5e, 0x10, 0xf, 0xfe, 0x22, 0x55, 0x72,
    0x80, 0x7f, 0xff, 0xc0, 0x3f, 0xff, 0xe0, 0x1f,
    0xff, 0xf0, 0xf, 0x9a, 0xfb, 0xfd, 0xd4, 0xa0,
    0x1f, 0xfc, 0x14, 0xe9, 0x41, 0x0, 0xa, 0xd6,
    0xa0, 0x7, 0xfb, 0xac, 0x40, 0x3f, 0x15, 0xb0,
    0x7, 0xf2, 0x80, 0x7f, 0xf0, 0x25, 0x0, 0x3f,
    0xe1, 0x45, 0x30, 0xf, 0xa8, 0x3, 0xf8, 0x6b,
    0xae, 0xb3, 0x98, 0x3, 0x85, 0xc0, 0x3e, 0x1f,
    0x50, 0xc, 0x32, 0xc0, 0x1d, 0x40, 0x1f, 0x58,
    0x80, 0x7d, 0x24, 0x1, 0x88, 0x80, 0x1e, 0x10,
    0xf, 0xea, 0x0, 0xe4, 0x0, 0xff, 0xe2, 0x28,
    0x7, 0x78, 0x7, 0xff, 0x10, 0x80, 0x38, 0x80,
    0x3f, 0xf8, 0xa4, 0x1, 0x9c, 0x3, 0xff, 0x8a,
    0x20, 0x18, 0x40, 0x3f, 0xfb, 0x82, 0x1, 0x84,
    0x3, 0xff, 0x8a, 0x60, 0x19, 0xc0, 0x3f, 0xf8,
    0x82, 0x20, 0xc, 0x40, 0x1f, 0xfc, 0x47, 0x0,
    0xef, 0x0, 0xf0, 0x80, 0x7f, 0x58, 0x7, 0x20,
    0x7, 0xac, 0x40, 0x3e, 0x72, 0x0, 0xc6, 0x40,
    0x1e, 0x1c, 0x30, 0xe, 0x88, 0x0, 0x75, 0x0,
    0x7e, 0x2c, 0xd9, 0x95, 0x73, 0x80, 0x71, 0x30,
    0x7, 0xf8, 0x99, 0x8a, 0x20, 0x1e, 0xe0, 0xf,
    0xca, 0x1, 0xff, 0xc0, 0xa3, 0x0, 0xfd, 0xd6,
    0x20, 0x1f, 0x8b, 0x14, 0x3, 0xfc, 0x9d, 0x28,
    0x20, 0x1, 0x5a, 0xd3, 0x0, 0xff, 0xe0, 0xb5,
    0xf7, 0xfb, 0xa9, 0x40, 0x3f, 0xff, 0xe0, 0x1f,
    0xff, 0xf0, 0xf, 0xff, 0x98,

    /* U+00FF "ÿ" */
    0x0, 0xf2, 0x6f, 0xea, 0x80, 0x79, 0xfb, 0xf0,
    0xc0, 0x3f, 0xe1, 0xb2, 0x2, 0xa2, 0x0, 0xcb,
    0x2, 0x7, 0xa0, 0x1f, 0xf2, 0x0, 0x72, 0x0,
    0x6c, 0x0, 0xc2, 0x60, 0x1f, 0xe1, 0x0, 0xe3,
    0x0, 0xc2, 0x1, 0xc4, 0x1, 0xfe, 0x44, 0x0,
    0x46, 0xa0, 0x1a, 0x44, 0x2, 0x61, 0x0, 0xff,
    0xae, 0xa2, 0xb0, 0x3, 0x87, 0xe6, 0x2e, 0x40,
    0x3f, 0xf8, 0x2a, 0xea, 0x1, 0xf0, 0xb3, 0xa0,
    0x7, 0xff, 0x5d, 0xbf, 0xfa, 0xc0, 0x3f, 0xf8,
    0x29, 0xff, 0xdc, 0xc, 0x20, 0x19, 0x8, 0x3,
    0xff, 0x81, 0xc0, 0x1d, 0x20, 0x6, 0x0, 0xea,
    0x0, 0xff, 0x85, 0x40, 0x39, 0x80, 0x12, 0x1,
    0xcc, 0x1, 0xff, 0x30, 0x7, 0x30, 0x80, 0x5,
    0x40, 0x30, 0xa8, 0x7, 0xfa, 0x80, 0x3a, 0xc0,
    0x34, 0x80, 0x77, 0x0, 0x7f, 0x19, 0x0, 0x64,
    0x20, 0xc, 0x66, 0x0, 0xc8, 0x40, 0x1f, 0xa8,
    0x3, 0xbc, 0x3, 0xd2, 0x1, 0xd4, 0x1, 0xf9,
    0x80, 0x31, 0x20, 0x7, 0x94, 0x40, 0x33, 0x0,
    0x7c, 0xa0, 0x1d, 0x40, 0x1f, 0xa4, 0x3, 0xa,
    0x80, 0x7b, 0x80, 0x39, 0x80, 0x3f, 0x30, 0x7,
    0x70, 0x7, 0x12, 0x0, 0x66, 0x10, 0xf, 0xc2,
    0xc0, 0x19, 0x4, 0x3, 0x50, 0x7, 0x58, 0x7,
    0xfa, 0x80, 0x3a, 0x40, 0x33, 0x0, 0x64, 0x20,
    0xf, 0xf1, 0x98, 0x3, 0x30, 0x4, 0x82, 0x1,
    0xbc, 0x3, 0xff, 0x81, 0x20, 0x18, 0x50, 0x1,
    0xc0, 0x18, 0x90, 0x3, 0xff, 0x80, 0xa2, 0x1,
    0xbc, 0x5, 0x40, 0x35, 0x0, 0x7f, 0xf0, 0xa4,
    0x3, 0x20, 0x38, 0x7, 0x38, 0x7, 0xff, 0x9,
    0x80, 0x39, 0x68, 0x3, 0x30, 0x7, 0xff, 0xc,
    0x58, 0x3, 0x49, 0x80, 0x6b, 0x0, 0xff, 0xe2,
    0x58, 0x6, 0x30, 0xc, 0x84, 0x1, 0xff, 0xc4,
    0x24, 0x0, 0xfd, 0xe0, 0x1f, 0xfc, 0x6f, 0x0,
    0xf8, 0x90, 0x3, 0xff, 0x8c, 0x84, 0x1, 0xeb,
    0x0, 0xff, 0xe4, 0x58, 0x7, 0x98, 0x3, 0xff,
    0x90, 0xc0, 0x1c, 0xc0, 0x1f, 0xfc, 0x92, 0x0,
    0xeb, 0x0, 0xff, 0xe4, 0xc0, 0x6, 0x42, 0x0,
    0xff, 0xe4, 0x12, 0x80, 0x6f, 0x0, 0xff, 0xe4,
    0xc0, 0x6, 0x24, 0x0, 0xff, 0xe4, 0x22, 0x80,
    0x6b, 0x0, 0xff, 0xe4, 0x15, 0x0, 0x61, 0x60,
    0xf, 0xfe, 0x20, 0xa2, 0x1f, 0x44, 0x3, 0x48,
    0x7, 0xff, 0x16, 0x6e, 0xd0, 0x1, 0xc4, 0xe0,
    0x1f, 0xfc, 0x53, 0x0, 0xf8, 0x7c, 0x3, 0xff,
    0x8c, 0xa0, 0x1e, 0x1d, 0x20, 0xf, 0xfe, 0x30,
    0x80, 0x73, 0x79, 0x80, 0x7f, 0xf1, 0xf2, 0x62,
    0x15, 0xd2, 0x20, 0x1f, 0xfc, 0x50
};


/*---------------------
 *  GLYPH DESCRIPTION
 *--------------------*/

static const lv_font_fmt_txt_glyph_dsc_t glyph_dsc[] = {
    {.bitmap_index = 0, .adv_w = 0, .box_w = 0, .box_h = 0, .ofs_x = 0, .ofs_y = 0} /* id = 0 reserved */,
    {.bitmap_index = 0, .adv_w = 461, .box_w = 0, .box_h = 0, .ofs_x = 0, .ofs_y = 0},
    {.bitmap_index = 0, .adv_w = 461, .box_w = 8, .box_h = 34, .ofs_x = 10, .ofs_y = 0},
    {.bitmap_index = 54, .adv_w = 461, .box_w = 14, .box_h = 12, .ofs_x = 7, .ofs_y = 24},
    {.bitmap_index = 105, .adv_w = 461, .box_w = 27, .box_h = 34, .ofs_x = 1, .ofs_y = 0},
    {.bitmap_index = 391, .adv_w = 461, .box_w = 24, .box_h = 45, .ofs_x = 3, .ofs_y = -5},
    {.bitmap_index = 691, .adv_w = 461, .box_w = 28, .box_h = 34, .ofs_x = 0, .ofs_y = 0},
    {.bitmap_index = 1011, .adv_w = 461, .box_w = 27, .box_h = 35, .ofs_x = 2, .ofs_y = -1},
    {.bitmap_index = 1329, .adv_w = 461, .box_w = 5, .box_h = 13, .ofs_x = 11, .ofs_y = 24},
    {.bitmap_index = 1350, .adv_w = 461, .box_w = 13, .box_h = 50, .ofs_x = 8, .ofs_y = -11},
    {.bitmap_index = 1556, .adv_w = 461, .box_w = 14, .box_h = 50, .ofs_x = 7, .ofs_y = -11},
    {.bitmap_index = 1770, .adv_w = 461, .box_w = 25, .box_h = 24, .ofs_x = 3, .ofs_y = 10},
    {.bitmap_index = 1970, .adv_w = 461, .box_w = 24, .box_h = 26, .ofs_x = 2, .ofs_y = 3},
    {.bitmap_index = 2022, .adv_w = 461, .box_w = 8, .box_h = 15, .ofs_x = 8, .ofs_y = -9},
    {.bitmap_index = 2060, .adv_w = 461, .box_w = 20, .box_h = 5, .ofs_x = 5, .ofs_y = 13},
    {.bitmap_index = 2072, .adv_w = 461, .box_w = 9, .box_h = 8, .ofs_x = 10, .ofs_y = 0},
    {.bitmap_index = 2100, .adv_w = 461, .box_w = 19, .box_h = 38, .ofs_x = 5, .ofs_y = -4},
    {.bitmap_index = 2322, .adv_w = 461, .box_w = 23, .box_h = 35, .ofs_x = 3, .ofs_y = -1},
    {.bitmap_index = 2579, .adv_w = 461, .box_w = 15, .box_h = 35, .ofs_x = 4, .ofs_y = 0},
    {.bitmap_index = 2645, .adv_w = 461, .box_w = 25, .box_h = 34, .ofs_x = 1, .ofs_y = 0},
    {.bitmap_index = 2878, .adv_w = 461, .box_w = 23, .box_h = 34, .ofs_x = 2, .ofs_y = 0},
    {.bitmap_index = 3121, .adv_w = 461, .box_w = 26, .box_h = 34, .ofs_x = 1, .ofs_y = 0},
    {.bitmap_index = 3285, .adv_w = 461, .box_w = 23, .box_h = 34, .ofs_x = 3, .ofs_y = 0},
    {.bitmap_index = 3514, .adv_w = 461, .box_w = 24, .box_h = 34, .ofs_x = 2, .ofs_y = 0},
    {.bitmap_index = 3776, .adv_w = 461, .box_w = 24, .box_h = 34, .ofs_x = 2, .ofs_y = 0},
    {.bitmap_index = 3966, .adv_w = 461, .box_w = 23, .box_h = 34, .ofs_x = 3, .ofs_y = 0},
    {.bitmap_index = 4235, .adv_w = 461, .box_w = 24, .box_h = 34, .ofs_x = 2, .ofs_y = 0},
    {.bitmap_index = 4494, .adv_w = 461, .box_w = 9, .box_h = 28, .ofs_x = 11, .ofs_y = 0},
    {.bitmap_index = 4559, .adv_w = 461, .box_w = 10, .box_h = 37, .ofs_x = 10, .ofs_y = -9},
    {.bitmap_index = 4645, .adv_w = 461, .box_w = 22, .box_h = 23, .ofs_x = 3, .ofs_y = 3},
    {.bitmap_index = 4793, .adv_w = 461, .box_w = 23, .box_h = 15, .ofs_x = 3, .ofs_y = 8},
    {.bitmap_index = 4827, .adv_w = 461, .box_w = 22, .box_h = 23, .ofs_x = 3, .ofs_y = 3},
    {.bitmap_index = 4969, .adv_w = 461, .box_w = 22, .box_h = 34, .ofs_x = 4, .ofs_y = 0},
    {.bitmap_index = 5178, .adv_w = 461, .box_w = 27, .box_h = 34, .ofs_x = 1, .ofs_y = 0},
    {.bitmap_index = 5554, .adv_w = 461, .box_w = 28, .box_h = 34, .ofs_x = 1, .ofs_y = 0},
    {.bitmap_index = 5825, .adv_w = 461, .box_w = 25, .box_h = 34, .ofs_x = 3, .ofs_y = 0},
    {.bitmap_index = 6030, .adv_w = 461, .box_w = 25, .box_h = 35, .ofs_x = 2, .ofs_y = -1},
    {.bitmap_index = 6267, .adv_w = 461, .box_w = 24, .box_h = 34, .ofs_x = 3, .ofs_y = 0},
    {.bitmap_index = 6455, .adv_w = 461, .box_w = 23, .box_h = 34, .ofs_x = 3, .ofs_y = 0},
    {.bitmap_index = 6522, .adv_w = 461, .box_w = 24, .box_h = 34, .ofs_x = 3, .ofs_y = 0},
    {.bitmap_index = 6583, .adv_w = 461, .box_w = 25, .box_h = 34, .ofs_x = 2, .ofs_y = 0},
    {.bitmap_index = 6817, .adv_w = 461, .box_w = 23, .box_h = 34, .ofs_x = 3, .ofs_y = 0},
    {.bitmap_index = 6869, .adv_w = 461, .box_w = 21, .box_h = 34, .ofs_x = 4, .ofs_y = 0},
    {.bitmap_index = 6929, .adv_w = 461, .box_w = 24, .box_h = 34, .ofs_x = 2, .ofs_y = 0},
    {.bitmap_index = 7046, .adv_w = 461, .box_w = 26, .box_h = 34, .ofs_x = 3, .ofs_y = 0},
    {.bitmap_index = 7267, .adv_w = 461, .box_w = 23, .box_h = 34, .ofs_x = 3, .ofs_y = 0},
    {.bitmap_index = 7311, .adv_w = 461, .box_w = 24, .box_h = 34, .ofs_x = 3, .ofs_y = 0},
    {.bitmap_index = 7490, .adv_w = 461, .box_w = 23, .box_h = 34, .ofs_x = 3, .ofs_y = 0},
    {.bitmap_index = 7652, .adv_w = 461, .box_w = 25, .box_h = 34, .ofs_x = 2, .ofs_y = 0},
    {.bitmap_index = 7896, .adv_w = 461, .box_w = 25, .box_h = 34, .ofs_x = 3, .ofs_y = 0},
    {.bitmap_index = 8041, .adv_w = 461, .box_w = 27, .box_h = 40, .ofs_x = 2, .ofs_y = -6},
    {.bitmap_index = 8343, .adv_w = 461, .box_w = 25, .box_h = 34, .ofs_x = 3, .ofs_y = 0},
    {.bitmap_index = 8546, .adv_w = 461, .box_w = 25, .box_h = 34, .ofs_x = 2, .ofs_y = 0},
    {.bitmap_index = 8825, .adv_w = 461, .box_w = 27, .box_h = 34, .ofs_x = 1, .ofs_y = 0},
    {.bitmap_index = 8882, .adv_w = 461, .box_w = 23, .box_h = 34, .ofs_x = 3, .ofs_y = 0},
    {.bitmap_index = 9002, .adv_w = 461, .box_w = 27, .box_h = 34, .ofs_x = 1, .ofs_y = 0},
    {.bitmap_index = 9278, .adv_w = 461, .box_w = 28, .box_h = 34, .ofs_x = 1, .ofs_y = 0},
    {.bitmap_index = 9629, .adv_w = 461, .box_w = 28, .box_h = 34, .ofs_x = 1, .ofs_y = 0},
    {.bitmap_index = 9922, .adv_w = 461, .box_w = 27, .box_h = 34, .ofs_x = 1, .ofs_y = 0},
    {.bitmap_index = 10124, .adv_w = 461, .box_w = 25, .box_h = 34, .ofs_x = 2, .ofs_y = 0},
    {.bitmap_index = 10310, .adv_w = 461, .box_w = 11, .box_h = 48, .ofs_x = 9, .ofs_y = -8},
    {.bitmap_index = 10350, .adv_w = 461, .box_w = 20, .box_h = 38, .ofs_x = 5, .ofs_y = -4},
    {.bitmap_index = 10567, .adv_w = 461, .box_w = 11, .box_h = 48, .ofs_x = 9, .ofs_y = -8},
    {.bitmap_index = 10606, .adv_w = 461, .box_w = 20, .box_h = 19, .ofs_x = 5, .ofs_y = 16},
    {.bitmap_index = 10738, .adv_w = 461, .box_w = 22, .box_h = 5, .ofs_x = 3, .ofs_y = -4},
    {.bitmap_index = 10749, .adv_w = 461, .box_w = 12, .box_h = 7, .ofs_x = 9, .ofs_y = 28},
    {.bitmap_index = 10780, .adv_w = 461, .box_w = 23, .box_h = 26, .ofs_x = 3, .ofs_y = 0},
    {.bitmap_index = 10972, .adv_w = 461, .box_w = 23, .box_h = 37, .ofs_x = 3, .ofs_y = 0},
    {.bitmap_index = 11157, .adv_w = 461, .box_w = 23, .box_h = 27, .ofs_x = 3, .ofs_y = -1},
    {.bitmap_index = 11348, .adv_w = 461, .box_w = 24, .box_h = 37, .ofs_x = 2, .ofs_y = 0},
    {.bitmap_index = 11536, .adv_w = 461, .box_w = 25, .box_h = 26, .ofs_x = 2, .ofs_y = 0},
    {.bitmap_index = 11733, .adv_w = 461, .box_w = 24, .box_h = 37, .ofs_x = 3, .ofs_y = 0},
    {.bitmap_index = 11851, .adv_w = 461, .box_w = 24, .box_h = 36, .ofs_x = 2, .ofs_y = -10},
    {.bitmap_index = 12109, .adv_w = 461, .box_w = 23, .box_h = 37, .ofs_x = 3, .ofs_y = 0},
    {.bitmap_index = 12216, .adv_w = 461, .box_w = 22, .box_h = 34, .ofs_x = 4, .ofs_y = 0},
    {.bitmap_index = 12304, .adv_w = 461, .box_w = 16, .box_h = 45, .ofs_x = 5, .ofs_y = -11},
    {.bitmap_index = 12426, .adv_w = 461, .box_w = 25, .box_h = 37, .ofs_x = 3, .ofs_y = 0},
    {.bitmap_index = 12613, .adv_w = 461, .box_w = 23, .box_h = 36, .ofs_x = 4, .ofs_y = 0},
    {.bitmap_index = 12672, .adv_w = 461, .box_w = 26, .box_h = 26, .ofs_x = 1, .ofs_y = 0},
    {.bitmap_index = 12766, .adv_w = 461, .box_w = 23, .box_h = 26, .ofs_x = 3, .ofs_y = 0},
    {.bitmap_index = 12859, .adv_w = 461, .box_w = 25, .box_h = 27, .ofs_x = 2, .ofs_y = -1},
    {.bitmap_index = 13076, .adv_w = 461, .box_w = 23, .box_h = 36, .ofs_x = 3, .ofs_y = -10},
    {.bitmap_index = 13266, .adv_w = 461, .box_w = 24, .box_h = 36, .ofs_x = 2, .ofs_y = -10},
    {.bitmap_index = 13451, .adv_w = 461, .box_w = 19, .box_h = 26, .ofs_x = 7, .ofs_y = 0},
    {.bitmap_index = 13528, .adv_w = 461, .box_w = 23, .box_h = 27, .ofs_x = 3, .ofs_y = -1},
    {.bitmap_index = 13745, .adv_w = 461, .box_w = 23, .box_h = 33, .ofs_x = 3, .ofs_y = -1},
    {.bitmap_index = 13854, .adv_w = 461, .box_w = 23, .box_h = 27, .ofs_x = 3, .ofs_y = -1},
    {.bitmap_index = 13955, .adv_w = 461, .box_w = 26, .box_h = 26, .ofs_x = 1, .ofs_y = 0},
    {.bitmap_index = 14168, .adv_w = 461, .box_w = 28, .box_h = 26, .ofs_x = 0, .ofs_y = 0},
    {.bitmap_index = 14453, .adv_w = 461, .box_w = 26, .box_h = 26, .ofs_x = 2, .ofs_y = 0},
    {.bitmap_index = 14673, .adv_w = 461, .box_w = 28, .box_h = 37, .ofs_x = 1, .ofs_y = -11},
    {.bitmap_index = 14964, .adv_w = 461, .box_w = 24, .box_h = 26, .ofs_x = 3, .ofs_y = 0},
    {.bitmap_index = 15107, .adv_w = 461, .box_w = 17, .box_h = 47, .ofs_x = 7, .ofs_y = -9},
    {.bitmap_index = 15307, .adv_w = 461, .box_w = 5, .box_h = 44, .ofs_x = 12, .ofs_y = -10},
    {.bitmap_index = 15319, .adv_w = 461, .box_w = 17, .box_h = 47, .ofs_x = 7, .ofs_y = -9},
    {.bitmap_index = 15517, .adv_w = 461, .box_w = 28, .box_h = 10, .ofs_x = 0, .ofs_y = 9},
    {.bitmap_index = 15622, .adv_w = 461, .box_w = 0, .box_h = 0, .ofs_x = 0, .ofs_y = 0},
    {.bitmap_index = 15622, .adv_w = 461, .box_w = 8, .box_h = 35, .ofs_x = 11, .ofs_y = -9},
    {.bitmap_index = 15676, .adv_w = 461, .box_w = 23, .box_h = 37, .ofs_x = 3, .ofs_y = -6},
    {.bitmap_index = 15893, .adv_w = 461, .box_w = 26, .box_h = 34, .ofs_x = 2, .ofs_y = 0},
    {.bitmap_index = 16086, .adv_w = 461, .box_w = 26, .box_h = 27, .ofs_x = 2, .ofs_y = -1},
    {.bitmap_index = 16339, .adv_w = 461, .box_w = 29, .box_h = 34, .ofs_x = 0, .ofs_y = 0},
    {.bitmap_index = 16553, .adv_w = 461, .box_w = 6, .box_h = 41, .ofs_x = 11, .ofs_y = -7},
    {.bitmap_index = 16580, .adv_w = 461, .box_w = 26, .box_h = 46, .ofs_x = 2, .ofs_y = -12},
    {.bitmap_index = 16976, .adv_w = 461, .box_w = 18, .box_h = 6, .ofs_x = 6, .ofs_y = 30},
    {.bitmap_index = 17022, .adv_w = 461, .box_w = 26, .box_h = 27, .ofs_x = 2, .ofs_y = 0},
    {.bitmap_index = 17305, .adv_w = 461, .box_w = 17, .box_h = 19, .ofs_x = 6, .ofs_y = 15},
    {.bitmap_index = 17433, .adv_w = 461, .box_w = 20, .box_h = 19, .ofs_x = 4, .ofs_y = 2},
    {.bitmap_index = 17596, .adv_w = 461, .box_w = 20, .box_h = 10, .ofs_x = 4, .ofs_y = 9},
    {.bitmap_index = 17618, .adv_w = 461, .box_w = 20, .box_h = 5, .ofs_x = 5, .ofs_y = 13},
    {.bitmap_index = 17630, .adv_w = 461, .box_w = 25, .box_h = 27, .ofs_x = 2, .ofs_y = 0},
    {.bitmap_index = 17887, .adv_w = 461, .box_w = 18, .box_h = 4, .ofs_x = 6, .ofs_y = 31},
    {.bitmap_index = 17899, .adv_w = 461, .box_w = 13, .box_h = 13, .ofs_x = 8, .ofs_y = 22},
    {.bitmap_index = 17973, .adv_w = 461, .box_w = 23, .box_h = 30, .ofs_x = 3, .ofs_y = 0},
    {.bitmap_index = 18041, .adv_w = 461, .box_w = 15, .box_h = 18, .ofs_x = 7, .ofs_y = 16},
    {.bitmap_index = 18139, .adv_w = 461, .box_w = 15, .box_h = 18, .ofs_x = 7, .ofs_y = 16},
    {.bitmap_index = 18250, .adv_w = 461, .box_w = 11, .box_h = 7, .ofs_x = 9, .ofs_y = 28},
    {.bitmap_index = 18284, .adv_w = 461, .box_w = 22, .box_h = 36, .ofs_x = 4, .ofs_y = -10},
    {.bitmap_index = 18376, .adv_w = 461, .box_w = 19, .box_h = 34, .ofs_x = 5, .ofs_y = 0},
    {.bitmap_index = 18484, .adv_w = 461, .box_w = 8, .box_h = 7, .ofs_x = 11, .ofs_y = 14},
    {.bitmap_index = 18508, .adv_w = 461, .box_w = 9, .box_h = 11, .ofs_x = 10, .ofs_y = -11},
    {.bitmap_index = 18550, .adv_w = 461, .box_w = 10, .box_h = 19, .ofs_x = 9, .ofs_y = 16},
    {.bitmap_index = 18584, .adv_w = 461, .box_w = 17, .box_h = 19, .ofs_x = 6, .ofs_y = 15},
    {.bitmap_index = 18702, .adv_w = 461, .box_w = 20, .box_h = 19, .ofs_x = 5, .ofs_y = 3},
    {.bitmap_index = 18865, .adv_w = 461, .box_w = 27, .box_h = 35, .ofs_x = 1, .ofs_y = 0},
    {.bitmap_index = 19112, .adv_w = 461, .box_w = 28, .box_h = 35, .ofs_x = 0, .ofs_y = 0},
    {.bitmap_index = 19380, .adv_w = 461, .box_w = 29, .box_h = 35, .ofs_x = 0, .ofs_y = 0},
    {.bitmap_index = 19694, .adv_w = 461, .box_w = 21, .box_h = 35, .ofs_x = 4, .ofs_y = -9},
    {.bitmap_index = 19893, .adv_w = 461, .box_w = 28, .box_h = 43, .ofs_x = 1, .ofs_y = 0},
    {.bitmap_index = 20214, .adv_w = 461, .box_w = 28, .box_h = 43, .ofs_x = 1, .ofs_y = 0},
    {.bitmap_index = 20535, .adv_w = 461, .box_w = 28, .box_h = 44, .ofs_x = 1, .ofs_y = 0},
    {.bitmap_index = 20873, .adv_w = 461, .box_w = 28, .box_h = 45, .ofs_x = 1, .ofs_y = 0},
    {.bitmap_index = 21218, .adv_w = 461, .box_w = 28, .box_h = 43, .ofs_x = 1, .ofs_y = 0},
    {.bitmap_index = 21554, .adv_w = 461, .box_w = 28, .box_h = 46, .ofs_x = 1, .ofs_y = 0},
    {.bitmap_index = 21908, .adv_w = 461, .box_w = 28, .box_h = 34, .ofs_x = 0, .ofs_y = 0},
    {.bitmap_index = 22117, .adv_w = 461, .box_w = 25, .box_h = 45, .ofs_x = 2, .ofs_y = -11},
    {.bitmap_index = 22417, .adv_w = 461, .box_w = 23, .box_h = 43, .ofs_x = 3, .ofs_y = 0},
    {.bitmap_index = 22535, .adv_w = 461, .box_w = 23, .box_h = 43, .ofs_x = 3, .ofs_y = 0},
    {.bitmap_index = 22653, .adv_w = 461, .box_w = 23, .box_h = 44, .ofs_x = 3, .ofs_y = 0},
    {.bitmap_index = 22785, .adv_w = 461, .box_w = 23, .box_h = 43, .ofs_x = 3, .ofs_y = 0},
    {.bitmap_index = 22913, .adv_w = 461, .box_w = 21, .box_h = 43, .ofs_x = 4, .ofs_y = 0},
    {.bitmap_index = 23023, .adv_w = 461, .box_w = 21, .box_h = 43, .ofs_x = 4, .ofs_y = 0},
    {.bitmap_index = 23134, .adv_w = 461, .box_w = 21, .box_h = 44, .ofs_x = 4, .ofs_y = 0},
    {.bitmap_index = 23258, .adv_w = 461, .box_w = 21, .box_h = 43, .ofs_x = 4, .ofs_y = 0},
    {.bitmap_index = 23378, .adv_w = 461, .box_w = 30, .box_h = 34, .ofs_x = -2, .ofs_y = 0},
    {.bitmap_index = 23587, .adv_w = 461, .box_w = 23, .box_h = 45, .ofs_x = 3, .ofs_y = 0},
    {.bitmap_index = 23818, .adv_w = 461, .box_w = 25, .box_h = 44, .ofs_x = 2, .ofs_y = 0},
    {.bitmap_index = 24110, .adv_w = 461, .box_w = 25, .box_h = 44, .ofs_x = 2, .ofs_y = 0},
    {.bitmap_index = 24404, .adv_w = 461, .box_w = 25, .box_h = 45, .ofs_x = 2, .ofs_y = 0},
    {.bitmap_index = 24717, .adv_w = 461, .box_w = 25, .box_h = 46, .ofs_x = 2, .ofs_y = 0},
    {.bitmap_index = 25036, .adv_w = 461, .box_w = 25, .box_h = 44, .ofs_x = 2, .ofs_y = 0},
    {.bitmap_index = 25344, .adv_w = 461, .box_w = 23, .box_h = 24, .ofs_x = 3, .ofs_y = 4},
    {.bitmap_index = 25533, .adv_w = 461, .box_w = 26, .box_h = 38, .ofs_x = 1, .ofs_y = -2},
    {.bitmap_index = 25866, .adv_w = 461, .box_w = 23, .box_h = 44, .ofs_x = 3, .ofs_y = 0},
    {.bitmap_index = 26036, .adv_w = 461, .box_w = 23, .box_h = 44, .ofs_x = 3, .ofs_y = 0},
    {.bitmap_index = 26207, .adv_w = 461, .box_w = 23, .box_h = 45, .ofs_x = 3, .ofs_y = 0},
    {.bitmap_index = 26394, .adv_w = 461, .box_w = 23, .box_h = 44, .ofs_x = 3, .ofs_y = 0},
    {.bitmap_index = 26576, .adv_w = 461, .box_w = 27, .box_h = 44, .ofs_x = 1, .ofs_y = 0},
    {.bitmap_index = 26830, .adv_w = 461, .box_w = 24, .box_h = 34, .ofs_x = 3, .ofs_y = 0},
    {.bitmap_index = 26979, .adv_w = 461, .box_w = 24, .box_h = 38, .ofs_x = 3, .ofs_y = -1},
    {.bitmap_index = 27242, .adv_w = 461, .box_w = 23, .box_h = 36, .ofs_x = 3, .ofs_y = 0},
    {.bitmap_index = 27482, .adv_w = 461, .box_w = 23, .box_h = 36, .ofs_x = 3, .ofs_y = 0},
    {.bitmap_index = 27724, .adv_w = 461, .box_w = 23, .box_h = 37, .ofs_x = 3, .ofs_y = 0},
    {.bitmap_index = 27982, .adv_w = 461, .box_w = 23, .box_h = 38, .ofs_x = 3, .ofs_y = 0},
    {.bitmap_index = 28249, .adv_w = 461, .box_w = 23, .box_h = 36, .ofs_x = 3, .ofs_y = 0},
    {.bitmap_index = 28502, .adv_w = 461, .box_w = 23, .box_h = 39, .ofs_x = 3, .ofs_y = 0},
    {.bitmap_index = 28777, .adv_w = 461, .box_w = 27, .box_h = 26, .ofs_x = 1, .ofs_y = 0},
    {.bitmap_index = 28997, .adv_w = 461, .box_w = 23, .box_h = 37, .ofs_x = 3, .ofs_y = -11},
    {.bitmap_index = 29253, .adv_w = 461, .box_w = 25, .box_h = 36, .ofs_x = 2, .ofs_y = 0},
    {.bitmap_index = 29498, .adv_w = 461, .box_w = 25, .box_h = 36, .ofs_x = 2, .ofs_y = 0},
    {.bitmap_index = 29746, .adv_w = 461, .box_w = 25, .box_h = 37, .ofs_x = 2, .ofs_y = 0},
    {.bitmap_index = 30013, .adv_w = 461, .box_w = 25, .box_h = 36, .ofs_x = 2, .ofs_y = 0},
    {.bitmap_index = 30275, .adv_w = 461, .box_w = 23, .box_h = 35, .ofs_x = 4, .ofs_y = 0},
    {.bitmap_index = 30375, .adv_w = 461, .box_w = 23, .box_h = 35, .ofs_x = 4, .ofs_y = 0},
    {.bitmap_index = 30476, .adv_w = 461, .box_w = 23, .box_h = 36, .ofs_x = 4, .ofs_y = 0},
    {.bitmap_index = 30591, .adv_w = 461, .box_w = 23, .box_h = 34, .ofs_x = 4, .ofs_y = 0},
    {.bitmap_index = 30701, .adv_w = 461, .box_w = 25, .box_h = 37, .ofs_x = 1, .ofs_y = -1},
    {.bitmap_index = 31001, .adv_w = 461, .box_w = 23, .box_h = 38, .ofs_x = 3, .ofs_y = 0},
    {.bitmap_index = 31171, .adv_w = 461, .box_w = 25, .box_h = 37, .ofs_x = 2, .ofs_y = -1},
    {.bitmap_index = 31437, .adv_w = 461, .box_w = 25, .box_h = 37, .ofs_x = 2, .ofs_y = -1},
    {.bitmap_index = 31704, .adv_w = 461, .box_w = 25, .box_h = 38, .ofs_x = 2, .ofs_y = -1},
    {.bitmap_index = 31987, .adv_w = 461, .box_w = 25, .box_h = 39, .ofs_x = 2, .ofs_y = -1},
    {.bitmap_index = 32284, .adv_w = 461, .box_w = 25, .box_h = 37, .ofs_x = 2, .ofs_y = -1},
    {.bitmap_index = 32566, .adv_w = 461, .box_w = 25, .box_h = 25, .ofs_x = 2, .ofs_y = 4},
    {.bitmap_index = 32656, .adv_w = 461, .box_w = 25, .box_h = 32, .ofs_x = 2, .ofs_y = -3},
    {.bitmap_index = 32940, .adv_w = 461, .box_w = 23, .box_h = 36, .ofs_x = 3, .ofs_y = -1},
    {.bitmap_index = 33091, .adv_w = 461, .box_w = 23, .box_h = 36, .ofs_x = 3, .ofs_y = -1},
    {.bitmap_index = 33244, .adv_w = 461, .box_w = 23, .box_h = 37, .ofs_x = 3, .ofs_y = -1},
    {.bitmap_index = 33409, .adv_w = 461, .box_w = 23, .box_h = 35, .ofs_x = 3, .ofs_y = -1},
    {.bitmap_index = 33571, .adv_w = 461, .box_w = 28, .box_h = 46, .ofs_x = 1, .ofs_y = -11},
    {.bitmap_index = 33915, .adv_w = 461, .box_w = 23, .box_h = 47, .ofs_x = 3, .ofs_y = -10},
    {.bitmap_index = 34120, .adv_w = 461, .box_w = 28, .box_h = 45, .ofs_x = 1, .ofs_y = -11}
};

/*---------------------
 *  CHARACTER MAPPING
 *--------------------*/



/*Collect the unicode lists and glyph_id offsets*/
static const lv_font_fmt_txt_cmap_t cmaps[] =
{
    {
        .range_start = 32, .range_length = 95, .glyph_id_start = 1,
        .unicode_list = NULL, .glyph_id_ofs_list = NULL, .list_length = 0, .type = LV_FONT_FMT_TXT_CMAP_FORMAT0_TINY
    },
    {
        .range_start = 160, .range_length = 96, .glyph_id_start = 96,
        .unicode_list = NULL, .glyph_id_ofs_list = NULL, .list_length = 0, .type = LV_FONT_FMT_TXT_CMAP_FORMAT0_TINY
    }
};



/*--------------------
 *  ALL CUSTOM DATA
 *--------------------*/

#if LVGL_VERSION_MAJOR == 8
/*Store all the custom data of the font*/
static  lv_font_fmt_txt_glyph_cache_t cache;
#endif

#if LVGL_VERSION_MAJOR >= 8
static const lv_font_fmt_txt_dsc_t font_dsc = {
#else
static lv_font_fmt_txt_dsc_t font_dsc = {
#endif
    .glyph_bitmap = glyph_bitmap,
    .glyph_dsc = glyph_dsc,
    .cmaps = cmaps,
    .kern_dsc = NULL,
    .kern_scale = 0,
    .cmap_num = 2,
    .bpp = 4,
    .kern_classes = 0,
    .bitmap_format = 1,
#if LVGL_VERSION_MAJOR == 8
    .cache = &cache
#endif
};



/*-----------------
 *  PUBLIC FONT
 *----------------*/

/*Initialize a public general font descriptor*/
#if LVGL_VERSION_MAJOR >= 8
const lv_font_t roboto_mono_medium_48 = {
#else
lv_font_t roboto_mono_medium_48 = {
#endif
    .get_glyph_dsc = lv_font_get_glyph_dsc_fmt_txt,    /*Function pointer to get glyph's data*/
    .get_glyph_bitmap = lv_font_get_bitmap_fmt_txt,    /*Function pointer to get glyph's bitmap*/
    .line_height = 58,          /*The maximum line height required by the font*/
    .base_line = 12,             /*Baseline measured from the bottom of the line*/
#if !(LVGL_VERSION_MAJOR == 6 && LVGL_VERSION_MINOR == 0)
    .subpx = LV_FONT_SUBPX_NONE,
#endif
#if LV_VERSION_CHECK(7, 4, 0) || LVGL_VERSION_MAJOR >= 8
    .underline_position = -4,
    .underline_thickness = 2,
#endif
    .dsc = &font_dsc,          /*The custom font data. Will be accessed by `get_glyph_bitmap/dsc` */
#if LV_VERSION_CHECK(8, 2, 0) || LVGL_VERSION_MAJOR >= 9
    .fallback = NULL,
#endif
    .user_data = NULL,
};



#endif /*#if ROBOTO_MONO_MEDIUM_48*/

