/*******************************************************************************
 * Size: 42 px
 * Bpp: 4
 * Opts: --bpp 4 --size 42 --font robmb.ttf --range 32-127,160-255 --format lvgl -o generated_fonts/roboto_mono_bold_42.c
 ******************************************************************************/

#include "lvgl.h"

#ifndef ROBOTO_MONO_BOLD_42
#define ROBOTO_MONO_BOLD_42 1
#endif

#if ROBOTO_MONO_BOLD_42

/*-----------------
 *    BITMAPS
 *----------------*/

/*Store the image of the glyphs*/
static LV_ATTRIBUTE_LARGE_CONST const uint8_t glyph_bitmap[] = {
    /* U+0020 " " */

    /* U+0021 "!" */
    0x4f, 0xfe, 0x80, 0xf, 0xfe, 0xf, 0x80, 0x7c,
    0xe0, 0x1f, 0xfc, 0x71, 0x0, 0xf8, 0x40, 0x3f,
    0xf8, 0x6, 0x1, 0xf1, 0x80, 0x7f, 0xf1, 0xc4,
    0x3, 0xe1, 0x0, 0xff, 0xe3, 0xb8, 0x7, 0xe3,
    0x3e, 0x10, 0xcc, 0xe2, 0x0, 0xff, 0xe2, 0x1a,
    0x98, 0x5, 0x79, 0x59, 0xa2, 0xe8, 0x1, 0x15,
    0xe0, 0x7, 0x20, 0x80, 0x71, 0xf0, 0x7, 0x52,
    0x51, 0x0, 0xc3, 0x80,

    /* U+0022 "\"" */
    0x3f, 0xfc, 0x1, 0xb3, 0xfe, 0x60, 0xf, 0xfe,
    0xa0, 0x80, 0x7e, 0x30, 0xc, 0x60, 0x1f, 0x84,
    0x3, 0x8, 0x7, 0xe7, 0x0, 0xce, 0x1, 0xf8,
    0x40, 0x30, 0x80, 0x7e, 0x30, 0xc, 0x40, 0x1f,
    0x84, 0x3, 0x78, 0x7, 0xff, 0x4, 0x40, 0x3e,
    0x10, 0x3f, 0xf9, 0x80, 0x36, 0x7f, 0xb8, 0x0,

    /* U+0023 "#" */
    0x0, 0xfe, 0xbf, 0xf7, 0x0, 0x6f, 0xfa, 0xc0,
    0x3f, 0xf8, 0xa, 0x0, 0x50, 0x8, 0x80, 0x23,
    0x0, 0xff, 0x84, 0x40, 0x3, 0x0, 0x9c, 0x2,
    0xd0, 0xf, 0xf9, 0x40, 0x2d, 0x0, 0xb4, 0x2,
    0x70, 0xf, 0xf8, 0xc0, 0x26, 0x0, 0x88, 0x2,
    0x20, 0xf, 0xfb, 0x40, 0x23, 0x0, 0x9c, 0x0,
    0x60, 0x1f, 0xfc, 0x7, 0x0, 0x10, 0x6, 0x20,
    0x3, 0x0, 0x7f, 0xf0, 0x8, 0x0, 0xe0, 0x11,
    0x80, 0x5a, 0x1, 0xe5, 0x99, 0xd4, 0x1, 0x34,
    0xcd, 0x0, 0x16, 0x4c, 0xcc, 0x0, 0xf6, 0x6c,
    0xa0, 0x11, 0xb3, 0x48, 0x1, 0x23, 0x35, 0xa0,
    0x1f, 0xfe, 0x6a, 0xff, 0xc2, 0x0, 0x3f, 0xfb,
    0x80, 0x26, 0xff, 0xd6, 0x1, 0xe1, 0x10, 0x1,
    0x40, 0x25, 0x0, 0xbc, 0x3, 0xfe, 0x20, 0xb,
    0xc0, 0x23, 0x0, 0x94, 0x3, 0xfe, 0x50, 0x9,
    0x40, 0x2d, 0x0, 0x8c, 0x3, 0xfe, 0xf0, 0x8,
    0xc0, 0x27, 0x0, 0x10, 0x7, 0xff, 0x1, 0x40,
    0x2, 0x1, 0x88, 0x0, 0xe0, 0x1e, 0x2f, 0xfe,
    0x30, 0x0, 0xff, 0xe0, 0x9, 0x7f, 0xf1, 0x0,
    0x7f, 0xf9, 0x4d, 0xdf, 0x18, 0x4, 0xce, 0xf0,
    0x80, 0x4e, 0xfc, 0x60, 0x31, 0x19, 0x80, 0x29,
    0x88, 0x8c, 0x0, 0x51, 0x1c, 0x20, 0x1e, 0x70,
    0x1, 0x0, 0x62, 0x0, 0x38, 0x7, 0xff, 0x0,
    0x80, 0xe, 0x1, 0x18, 0x5, 0xa0, 0x1f, 0xf1,
    0x80, 0x5a, 0x1, 0x28, 0x4, 0x60, 0x1f, 0xf3,
    0x0, 0x46, 0x1, 0x78, 0x4, 0xa0, 0x1f, 0xf6,
    0x80, 0x4c, 0x1, 0x10, 0x0, 0x44, 0x1, 0xff,
    0x18, 0x4, 0x40, 0x12, 0x80, 0x8, 0x3, 0xff,
    0x80, 0xa0, 0x3, 0x0, 0x84, 0x40, 0x5, 0x0,
    0xfc,

    /* U+0024 "$" */
    0x0, 0xff, 0x77, 0xf9, 0x40, 0x3f, 0xff, 0xe0,
    0x1f, 0x23, 0x88, 0x3, 0xc, 0x3, 0xff, 0x80,
    0x33, 0xf7, 0x0, 0x13, 0x67, 0x40, 0x7, 0xf2,
    0xf3, 0x0, 0x7e, 0x17, 0xe3, 0x0, 0xf2, 0x50,
    0x7, 0xff, 0x0, 0x70, 0x80, 0x30, 0xd8, 0x7,
    0xff, 0xf, 0xc0, 0x34, 0x80, 0x7a, 0x33, 0x71,
    0x80, 0x38, 0x98, 0x2, 0x60, 0xe, 0xc7, 0x32,
    0x39, 0x80, 0xe, 0xa0, 0x1, 0x8, 0x6, 0x53,
    0x0, 0xe7, 0x20, 0xc, 0x60, 0x1, 0x0, 0xed,
    0x0, 0xf9, 0x40, 0x38, 0xc0, 0x3f, 0xf8, 0x7c,
    0x1, 0xcc, 0x2, 0x1, 0xd8, 0x1, 0xf3, 0xd5,
    0x72, 0x1, 0x8, 0x6, 0x46, 0x0, 0xf0, 0xaa,
    0xf0, 0x80, 0x1c, 0x3, 0xa6, 0x84, 0x3, 0xff,
    0x83, 0x0, 0x1e, 0x5e, 0xa4, 0x0, 0xff, 0x86,
    0x80, 0x3e, 0x5b, 0xd6, 0x0, 0xff, 0x2d, 0x0,
    0x7e, 0x29, 0xe6, 0x0, 0xfe, 0x5d, 0x40, 0xf,
    0xc3, 0x38, 0x40, 0x1f, 0x8a, 0xec, 0x80, 0x1f,
    0x8f, 0x8, 0x3, 0xf9, 0x2f, 0x5c, 0x40, 0x3c,
    0x3e, 0x1, 0xff, 0x14, 0x75, 0x10, 0x7, 0x14,
    0x0, 0x7f, 0xf0, 0x57, 0x58, 0x3, 0x98, 0x3,
    0xff, 0x87, 0x26, 0x1, 0x84, 0xd7, 0xff, 0x94,
    0x3, 0xf5, 0x0, 0x73, 0x8, 0x7, 0x10, 0x7,
    0xe2, 0x0, 0xf3, 0x0, 0x75, 0x80, 0x7e, 0x20,
    0xe, 0x12, 0x10, 0xc, 0x68, 0x1, 0xf5, 0x80,
    0x73, 0x3, 0x0, 0x75, 0xb0, 0x6, 0x1b, 0x20,
    0xc, 0x44, 0x9, 0x0, 0xf4, 0xf6, 0x5e, 0x72,
    0x0, 0x75, 0x80, 0x6, 0x80, 0x3c, 0x26, 0x86,
    0x1, 0xe3, 0x60, 0x9, 0x64, 0x3, 0xff, 0x84,
    0x7a, 0x1, 0xcd, 0x86, 0x1, 0xff, 0x3e, 0x8,
    0x7, 0x8f, 0x36, 0x10, 0x40, 0x22, 0x59, 0xe8,
    0x0, 0xff, 0x13, 0xdd, 0x80, 0x2d, 0xa6, 0x10,
    0xf, 0xff, 0xd8,

    /* U+0025 "%" */
    0x0, 0x96, 0xfb, 0xfd, 0x8c, 0x1, 0xff, 0xc5,
    0xba, 0x41, 0x0, 0x1c, 0xe0, 0x80, 0x7f, 0xf0,
    0xa1, 0x0, 0x3e, 0x3b, 0x0, 0xff, 0xe1, 0x38,
    0x4, 0xb2, 0xc0, 0x12, 0x88, 0x6, 0x10, 0xf,
    0x8c, 0x2, 0x3a, 0x69, 0x50, 0x9, 0x0, 0x23,
    0xeb, 0x50, 0xe, 0x70, 0x9, 0x40, 0x2d, 0x0,
    0x8c, 0x2, 0x80, 0x4f, 0x0, 0xff, 0xe4, 0x22,
    0x0, 0x10, 0x1, 0xce, 0x1, 0x28, 0x5, 0xc0,
    0x11, 0x80, 0x24, 0x0, 0xe4, 0x1, 0xc6, 0x1,
    0x1d, 0x34, 0x30, 0x4, 0x80, 0xe4, 0x3, 0x0,
    0x1f, 0x38, 0x4, 0xb2, 0xe0, 0x12, 0x88, 0xa4,
    0x1, 0x0, 0x1f, 0xa1, 0x0, 0x3e, 0x3b, 0x8,
    0x10, 0x26, 0x0, 0xfe, 0xba, 0x41, 0x0, 0x1c,
    0xe0, 0x93, 0x0, 0x24, 0x3, 0xfe, 0x5b, 0xef,
    0xf6, 0x30, 0x2, 0x40, 0x8, 0x80, 0xf, 0xfe,
    0x3a, 0x20, 0x1, 0x0, 0x1f, 0xfc, 0x89, 0x0,
    0x31, 0x80, 0x7f, 0xf1, 0xd8, 0x80, 0x10, 0x1,
    0xff, 0xc7, 0x18, 0x0, 0x40, 0x80, 0xa3, 0x29,
    0x0, 0x7f, 0xf0, 0x60, 0x40, 0x5c, 0x6b, 0xae,
    0x6b, 0x70, 0xc0, 0x3f, 0xc4, 0xc0, 0x8, 0xc,
    0x50, 0xe, 0x3c, 0x30, 0xf, 0xe9, 0x0, 0x13,
    0x41, 0x0, 0x7e, 0xf0, 0xf, 0xc8, 0x80, 0x4,
    0x83, 0x0, 0x55, 0xf8, 0x20, 0x3, 0x20, 0xf,
    0xa4, 0x0, 0x88, 0x21, 0x0, 0x1a, 0x81, 0xb0,
    0x4, 0x80, 0x1e, 0x62, 0x0, 0x48, 0x8, 0x4,
    0xc0, 0x17, 0x0, 0x42, 0x1, 0xe8, 0x0, 0x31,
    0x0, 0x7f, 0xf2, 0x20, 0x42, 0x0, 0x3f, 0xf9,
    0x2d, 0xda, 0x20, 0x2, 0x0, 0x90, 0x2, 0xf0,
    0x8, 0x80, 0x3f, 0x10, 0x4, 0x26, 0x0, 0x1c,
    0x68, 0x60, 0x9, 0x0, 0x3f, 0xf8, 0x32, 0x1,
    0x1c, 0xb8, 0x4, 0xc2, 0x1, 0xff, 0xc1, 0x58,
    0x0, 0xf9, 0x24, 0x3, 0xff, 0x86, 0xf8, 0xa2,
    0x0, 0x39, 0xb0, 0x0,

    /* U+0026 "&" */
    0x0, 0xf9, 0x2b, 0x7f, 0xdd, 0x48, 0x1, 0xff,
    0xc3, 0x1b, 0xb2, 0x90, 0x0, 0x56, 0xe8, 0x3,
    0xff, 0x82, 0x38, 0x80, 0x1f, 0x96, 0xc0, 0x3f,
    0xf8, 0x16, 0x40, 0x1f, 0xe4, 0x50, 0xf, 0xf1,
    0x28, 0x7, 0x1a, 0x0, 0x74, 0x80, 0x7f, 0x94,
    0x3, 0xaf, 0x2f, 0x0, 0x31, 0x80, 0x7f, 0xb4,
    0x3, 0x2a, 0x0, 0xd, 0x0, 0x31, 0x0, 0x7f,
    0xf0, 0xb4, 0x3, 0x8, 0x6, 0x30, 0xf, 0xe3,
    0x0, 0xdc, 0x1, 0x9c, 0x2, 0x21, 0x0, 0xfe,
    0xf0, 0xc, 0xe0, 0x14, 0x90, 0x5, 0x0, 0x1f,
    0xe4, 0x0, 0xc2, 0xc7, 0xac, 0x1, 0x2a, 0x80,
    0x3f, 0xc4, 0xa0, 0x1a, 0x70, 0x80, 0x24, 0xa0,
    0xf, 0xfe, 0x4, 0x0, 0x7f, 0x35, 0x80, 0x7f,
    0xf0, 0x49, 0xc0, 0x3e, 0xa9, 0x0, 0xff, 0xe1,
    0x90, 0x7, 0x9d, 0x40, 0x3f, 0xf8, 0x45, 0xaa,
    0x1, 0xe7, 0x30, 0xc, 0x79, 0x99, 0xc0, 0x22,
    0xc2, 0x0, 0xfd, 0xa2, 0x1, 0x31, 0x9e, 0xf0,
    0x0, 0xe0, 0x80, 0x64, 0x0, 0xc3, 0xa0, 0x16,
    0x80, 0x6f, 0x0, 0x40, 0x80, 0x6a, 0xb4, 0x0,
    0xc7, 0x20, 0x4, 0x0, 0xc6, 0x0, 0x60, 0xc,
    0x6a, 0x14, 0x20, 0x19, 0x98, 0x46, 0x1, 0x94,
    0x10, 0x3, 0xa8, 0x0, 0x3a, 0x1, 0xd3, 0xc0,
    0x18, 0xc4, 0xc, 0x3, 0x88, 0x2, 0x39, 0x0,
    0xe3, 0x0, 0xd4, 0x1, 0xf8, 0x40, 0x33, 0x30,
    0x3, 0xf0, 0xb0, 0x0, 0x80, 0x3b, 0x80, 0x3a,
    0x4c, 0x3, 0xea, 0x0, 0x90, 0x3, 0x91, 0xc0,
    0x31, 0x30, 0x7, 0x91, 0x0, 0x10, 0xa0, 0x7,
    0x47, 0x55, 0xee, 0x94, 0x3, 0xc8, 0x40, 0x1a,
    0x0, 0x3c, 0x2a, 0x84, 0x1, 0xfd, 0xe0, 0x18,
    0xe8, 0x3, 0xff, 0x8c, 0x52, 0x1, 0x97, 0x8,
    0x3, 0xfc, 0xb4, 0x1, 0xcc, 0x80, 0x18, 0xf6,
    0xd4, 0x80, 0x22, 0x59, 0xea, 0x57, 0x0, 0xea,
    0x10,

    /* U+0027 "'" */
    0xaf, 0xfb, 0x0, 0x3f, 0xf8, 0x4e, 0x1, 0x84,
    0x3, 0x18, 0x6, 0x10, 0xd, 0xe0, 0x18, 0x40,
    0x31, 0x80, 0x66, 0x9a, 0xa8, 0x80,

    /* U+0028 "(" */
    0x0, 0xfe, 0x65, 0x0, 0xfc, 0x37, 0x3c, 0x1,
    0xf0, 0xe2, 0x2, 0x8, 0x7, 0xb0, 0x80, 0x23,
    0x0, 0xeb, 0x20, 0xb, 0x8, 0x3, 0x32, 0x0,
    0x54, 0x60, 0x18, 0x64, 0x2, 0x65, 0x0, 0xeb,
    0x0, 0xd0, 0x1, 0xc4, 0xa0, 0x13, 0x88, 0x7,
    0x58, 0x6, 0x90, 0xf, 0x30, 0x4, 0x82, 0x1,
    0xca, 0x1, 0xb8, 0x3, 0xde, 0x1, 0x90, 0x3,
    0xc8, 0x1, 0x18, 0x80, 0x71, 0x8, 0x4, 0xa0,
    0x1e, 0x70, 0xd, 0xe0, 0x1e, 0xd0, 0xc, 0x40,
    0x1e, 0x20, 0xc, 0xc0, 0x1e, 0x60, 0xc, 0x60,
    0x1e, 0x10, 0xc, 0x20, 0x1e, 0x30, 0xf, 0xff,
    0x19, 0x80, 0x7f, 0xc2, 0x1, 0x84, 0x3, 0xcc,
    0x1, 0x88, 0x3, 0xc4, 0x1, 0x98, 0x3, 0xda,
    0x1, 0x88, 0x3, 0xc8, 0x1, 0xb4, 0x3, 0xc2,
    0x40, 0x13, 0x80, 0x7c, 0x80, 0x11, 0x10, 0x3,
    0xda, 0x1, 0x90, 0x3, 0xc8, 0x20, 0x15, 0x0,
    0x7d, 0x20, 0x11, 0x90, 0x7, 0x98, 0x3, 0x58,
    0x7, 0x86, 0x0, 0x26, 0x20, 0xf, 0x39, 0x0,
    0x5c, 0x1, 0xf7, 0x0, 0x46, 0xe0, 0x1e, 0x38,
    0x0, 0xa1, 0x80, 0x3c, 0xea, 0x1, 0x49, 0x80,
    0x7a, 0x94, 0x2, 0x30, 0xf, 0xaa, 0x1, 0x40,
    0x3f, 0x9f, 0x60, 0x0,

    /* U+0029 ")" */
    0x6, 0x40, 0xf, 0xfa, 0x2e, 0x80, 0x3f, 0x8c,
    0x41, 0x70, 0x3, 0xf3, 0x80, 0x47, 0x80, 0x1f,
    0x25, 0x80, 0x47, 0x40, 0x1f, 0x24, 0x0, 0x4a,
    0xa0, 0xf, 0x9d, 0x0, 0x2b, 0x10, 0xf, 0xa4,
    0x2, 0x18, 0x0, 0xf8, 0x94, 0x2, 0x62, 0x0,
    0xfa, 0x40, 0x35, 0x80, 0x7c, 0x64, 0x1, 0x30,
    0x80, 0x7d, 0x40, 0x19, 0xc0, 0x3e, 0x40, 0xd,
    0xa0, 0x1f, 0x18, 0x6, 0x40, 0xf, 0xc8, 0x1,
    0x90, 0x3, 0xe2, 0x0, 0xc6, 0x1, 0xf7, 0x80,
    0x6d, 0x0, 0xf8, 0x80, 0x33, 0x0, 0x7c, 0xe0,
    0x18, 0x80, 0x3e, 0x10, 0xc, 0x20, 0x1f, 0x18,
    0x7, 0xff, 0x9c, 0xc0, 0x3f, 0xf8, 0x2, 0x1,
    0x84, 0x3, 0xe6, 0x0, 0xc4, 0x1, 0xf1, 0x0,
    0x65, 0x0, 0xfb, 0x80, 0x37, 0x80, 0x7c, 0xa0,
    0x19, 0x40, 0x3e, 0x30, 0x8, 0x4c, 0x3, 0xc6,
    0x1, 0x90, 0x3, 0xeb, 0x0, 0xdc, 0x1, 0xf3,
    0x0, 0x42, 0x80, 0x1e, 0x41, 0x0, 0xa4, 0x3,
    0xe8, 0x0, 0xcc, 0x1, 0xe4, 0x30, 0xa, 0x4,
    0x3, 0xd2, 0x1, 0x13, 0x80, 0x7a, 0x48, 0x2,
    0xe0, 0xf, 0x43, 0x0, 0x52, 0x60, 0x1c, 0xae,
    0x1, 0x3b, 0x0, 0x79, 0xc0, 0x27, 0x80, 0xf,
    0x88, 0xc2, 0xa0, 0x3, 0xfb, 0xf9, 0x40, 0x3f,
    0x80,

    /* U+002A "*" */
    0x0, 0xfc, 0xff, 0xf7, 0x0, 0x7f, 0xf1, 0x44,
    0x2, 0x30, 0xf, 0xfe, 0x29, 0x80, 0x4c, 0x1,
    0xff, 0xc5, 0x60, 0x8, 0x40, 0x3f, 0xf8, 0xa2,
    0x1, 0x18, 0x7, 0xf8, 0xc4, 0x3, 0x8c, 0x2,
    0xe0, 0xf, 0x8, 0x5, 0xfd, 0x24, 0x1, 0x8,
    0x4, 0x20, 0x18, 0xef, 0x80, 0x2, 0x60, 0xdb,
    0x46, 0x0, 0x10, 0x1, 0x0, 0x17, 0x30, 0x80,
    0xa0, 0xe0, 0x19, 0x73, 0xa, 0x60, 0x13, 0xf5,
    0x18, 0x5, 0xe1, 0x80, 0x1e, 0x3a, 0x20, 0x5,
    0xc0, 0x80, 0x72, 0x85, 0x6c, 0xa8, 0x80, 0x7f,
    0xf0, 0x5, 0x23, 0x0, 0x4, 0xd5, 0xdb, 0x2a,
    0x1, 0xc2, 0xb3, 0xbd, 0x6e, 0x60, 0x1e, 0x26,
    0xf0, 0xe, 0x8a, 0x62, 0x0, 0xff, 0x8e, 0x80,
    0x3a, 0x4c, 0x3, 0xff, 0x80, 0x5a, 0x1, 0x68,
    0x5, 0xa2, 0x1, 0xff, 0x78, 0x80, 0x20, 0xa0,
    0x0, 0x3a, 0x1, 0xfe, 0xb2, 0x0, 0x13, 0x83,
    0x88, 0x0, 0xe8, 0x3, 0xf4, 0x20, 0x5, 0x20,
    0x15, 0x80, 0x4a, 0xe0, 0x1e, 0x37, 0x0, 0x91,
    0x0, 0x12, 0x98, 0x5, 0x6, 0x1, 0xc7, 0x42,
    0x0, 0x90, 0xe, 0x80, 0xa, 0xc, 0x3, 0xcb,
    0xe8, 0xc4, 0x1, 0xc8, 0x82, 0xc7, 0x0, 0xfc,
    0x37, 0x20, 0x1f, 0x56, 0x18, 0x7, 0x0,

    /* U+002B "+" */
    0x0, 0xfc, 0x45, 0x84, 0x3, 0xff, 0x86, 0xfb,
    0xbb, 0x80, 0x3f, 0xff, 0xe0, 0x1f, 0xff, 0xf0,
    0xe, 0xff, 0xfa, 0x0, 0x3b, 0xff, 0xe8, 0x0,
    0xff, 0xff, 0x80, 0x7f, 0x5d, 0xfc, 0xc0, 0x1d,
    0x77, 0xf5, 0x22, 0x7d, 0xc0, 0x1c, 0x89, 0xf1,
    0x0, 0x7f, 0xff, 0xc0, 0x3f, 0xff, 0x80,

    /* U+002C "," */
    0x0, 0x67, 0xfe, 0x90, 0xf, 0xfe, 0x98, 0x80,
    0x7f, 0x84, 0x3, 0x70, 0x0, 0x80, 0x32, 0x1,
    0x80, 0x63, 0x20, 0xb0, 0xd, 0x20, 0x6, 0x0,
    0x89, 0x41, 0x84, 0x2, 0xe0, 0x3, 0xb8, 0x1,
    0x26, 0x0, 0x18, 0xea, 0x60, 0x8,

    /* U+002D "-" */
    0x2b, 0xbf, 0xfe, 0x24, 0x8a, 0x27, 0xff, 0x14,
    0x3, 0xff, 0xd4,

    /* U+002E "." */
    0x0, 0x13, 0xcc, 0x18, 0x4, 0x9b, 0xc, 0xf8,
    0xe0, 0xa, 0x0, 0xe8, 0x34, 0x10, 0xf, 0x58,
    0x80, 0x7c, 0x2e, 0x1, 0xf6, 0x13, 0x0, 0x71,
    0x28, 0x4c, 0x8, 0xb, 0x60, 0x0,

    /* U+002F "/" */
    0x0, 0xff, 0x9f, 0xff, 0x68, 0x7, 0xfd, 0x40,
    0x1a, 0x80, 0x3f, 0xc4, 0x40, 0xc, 0xa0, 0x1f,
    0xea, 0x0, 0xc4, 0x40, 0xf, 0xf2, 0x80, 0x6a,
    0x0, 0xff, 0x11, 0x0, 0x32, 0x80, 0x7f, 0xa8,
    0x3, 0x19, 0x0, 0x7f, 0x94, 0x3, 0x58, 0x7,
    0xf8, 0xc8, 0x3, 0x28, 0x7, 0xfa, 0xc0, 0x31,
    0x90, 0x7, 0xf9, 0x40, 0x35, 0x80, 0x7f, 0x8c,
    0x80, 0x33, 0x0, 0x7f, 0xac, 0x3, 0x18, 0x80,
    0x7f, 0x98, 0x3, 0x50, 0x7, 0xf8, 0xc4, 0x3,
    0x38, 0x7, 0xfa, 0x80, 0x31, 0x88, 0x7, 0xf9,
    0xc0, 0x35, 0x0, 0x7f, 0x8c, 0x40, 0x33, 0x80,
    0x7f, 0xa8, 0x3, 0x20, 0x80, 0x7f, 0x9c, 0x3,
    0x68, 0x7, 0xf9, 0x4, 0x3, 0x38, 0x7, 0xfb,
    0x40, 0x32, 0x8, 0x7, 0xf9, 0xc0, 0x36, 0x80,
    0x7f, 0x90, 0x40, 0x33, 0x80, 0x7f, 0xb4, 0x3,
    0x20, 0x80, 0x7f, 0x9c, 0x3, 0x70, 0x7, 0xf9,
    0x4, 0x3, 0x28, 0x7, 0xfb, 0x80, 0x32, 0x0,
    0x7f, 0xc8, 0x1, 0xb8, 0x3, 0xfc, 0x82, 0x1,
    0x94, 0x3, 0xfd, 0xc0, 0x19, 0x40, 0x3f, 0xe5,
    0x0, 0xde, 0x1, 0xfe, 0x50, 0xe, 0x50, 0xf,
    0xf0,

    /* U+0030 "0" */
    0x0, 0xf1, 0xce, 0xff, 0xdb, 0x4a, 0x1, 0xfe,
    0x1b, 0xc6, 0x20, 0x8, 0x96, 0xb4, 0xc0, 0x3e,
    0x2f, 0x40, 0xf, 0xe2, 0xc5, 0x0, 0xf7, 0x88,
    0x7, 0xff, 0x2, 0x8c, 0x3, 0x41, 0x0, 0x71,
    0x21, 0x80, 0x7b, 0xc0, 0x21, 0x70, 0xe, 0xbd,
    0xbc, 0xd2, 0x0, 0xc6, 0x80, 0x7, 0x0, 0xe9,
    0x40, 0x8, 0xb8, 0x3, 0xb8, 0x1, 0x80, 0x1c,
    0xc0, 0x1c, 0x66, 0x0, 0xc8, 0x0, 0x40, 0xc,
    0x60, 0x1f, 0x28, 0x6, 0x11, 0x0, 0x80, 0x66,
    0x0, 0xfb, 0x80, 0x38, 0x84, 0x3, 0xff, 0x83,
    0xa0, 0x1c, 0xe0, 0x1f, 0xfc, 0x2, 0xd5, 0x0,
    0xe1, 0x0, 0xff, 0x9b, 0x48, 0x3, 0xff, 0x88,
    0x37, 0x20, 0x1f, 0xfc, 0x54, 0xf4, 0x0, 0x13,
    0x0, 0x7f, 0xf0, 0x62, 0xc4, 0x0, 0xdb, 0xe0,
    0x1f, 0xfc, 0x5, 0x70, 0x0, 0xdc, 0x80, 0x7f,
    0xf1, 0x53, 0xd0, 0x3, 0xff, 0x8b, 0x36, 0x20,
    0x1f, 0xfc, 0x42, 0xd6, 0x0, 0xff, 0x84, 0x40,
    0x1c, 0xe4, 0x1, 0xe1, 0x0, 0xe7, 0x2, 0x0,
    0xcc, 0x1, 0xf7, 0x0, 0x71, 0x3, 0x80, 0x63,
    0x0, 0xf9, 0x40, 0x30, 0x88, 0x30, 0x3, 0x9c,
    0x3, 0x8c, 0xc0, 0x19, 0x0, 0xe, 0x1, 0xd0,
    0x80, 0x11, 0x70, 0x7, 0x70, 0x0, 0x5c, 0x3,
    0xaf, 0x6f, 0x34, 0x80, 0x31, 0xa0, 0x5, 0x4,
    0x1, 0xc4, 0x86, 0x1, 0xef, 0x0, 0xef, 0x10,
    0xf, 0xfe, 0x5, 0x18, 0x7, 0x17, 0xa0, 0x7,
    0xf1, 0x62, 0x80, 0x7c, 0x37, 0x8c, 0x60, 0x11,
    0x2d, 0x69, 0x80, 0x60,

    /* U+0031 "1" */
    0x0, 0xff, 0xe0, 0xa0, 0x7, 0xf9, 0x2b, 0xe4,
    0x3, 0xe2, 0x8e, 0xb5, 0x0, 0xf0, 0xb6, 0x6b,
    0x88, 0x7, 0x96, 0xfa, 0x4c, 0x3, 0xe5, 0xea,
    0x40, 0xf, 0xf1, 0x8, 0x7, 0xff, 0x1c, 0x40,
    0x3f, 0xe5, 0xbe, 0x10, 0xf, 0x92, 0xbe, 0x90,
    0x3, 0xe5, 0xeb, 0x50, 0xf, 0xf1, 0x8, 0x7,
    0xff, 0xfc, 0x3, 0xff, 0xfe, 0x1, 0xff, 0xff,
    0x0, 0xff, 0xf4, 0x80,

    /* U+0032 "2" */
    0x0, 0xf1, 0x46, 0x77, 0xfb, 0xb2, 0xc, 0x3,
    0xfc, 0x55, 0xae, 0x62, 0x0, 0x13, 0x7c, 0xb1,
    0x0, 0xf9, 0x35, 0x40, 0x3f, 0xc9, 0xe4, 0x1,
    0xc9, 0x60, 0x1f, 0xfc, 0x11, 0xf0, 0xc, 0x34,
    0x1, 0xf1, 0x8, 0x7, 0x89, 0xc0, 0x28, 0x10,
    0xc, 0x57, 0xfb, 0xda, 0x60, 0x1d, 0x20, 0x13,
    0x0, 0x61, 0xc4, 0x0, 0x8b, 0x8, 0x3, 0x9,
    0x2, 0x0, 0x73, 0x8, 0x7, 0xac, 0x3, 0x9c,
    0xc, 0x3, 0xb0, 0x3, 0xe5, 0x0, 0xe3, 0x1,
    0x44, 0xe6, 0x0, 0xf9, 0xc0, 0x38, 0xc1, 0xae,
    0xf8, 0x80, 0x3e, 0x30, 0xe, 0x70, 0xf, 0xfe,
    0x1c, 0x80, 0x61, 0x20, 0xf, 0xfe, 0x14, 0x8,
    0x6, 0x90, 0xf, 0xfe, 0x12, 0x38, 0x6, 0x17,
    0x0, 0xff, 0xe0, 0x95, 0x0, 0x75, 0x0, 0x7f,
    0xf0, 0x47, 0xc4, 0x3, 0x3a, 0x0, 0x7f, 0xf0,
    0x7, 0x8, 0x3, 0x24, 0x0, 0x7f, 0xf0, 0x74,
    0x80, 0x31, 0xd8, 0x7, 0xff, 0x7, 0xc, 0x3,
    0x16, 0x80, 0x7f, 0xf0, 0x6c, 0xc0, 0x31, 0x60,
    0x80, 0x7f, 0xf0, 0x2d, 0x0, 0x31, 0x60, 0x80,
    0x7f, 0xf0, 0x29, 0x0, 0x30, 0xe0, 0x80, 0x7f,
    0xf0, 0x25, 0x40, 0x30, 0xe0, 0x80, 0x7f, 0xf0,
    0x21, 0x80, 0x30, 0xe1, 0x0, 0x7f, 0xf0, 0x21,
    0xc0, 0x30, 0xe9, 0x0, 0x7f, 0xf0, 0x1d, 0xc0,
    0x1c, 0x73, 0x55, 0xff, 0x20, 0x40, 0x7, 0x89,
    0x57, 0xff, 0x80, 0x40, 0x1f, 0xff, 0x60,

    /* U+0033 "3" */
    0x0, 0xf1, 0x46, 0x77, 0xfb, 0xb6, 0x94, 0x3,
    0xfc, 0x57, 0xae, 0x62, 0x0, 0x12, 0x5a, 0xe7,
    0x0, 0xf9, 0x35, 0x0, 0x3f, 0xc3, 0x16, 0x1,
    0xc7, 0x60, 0x1f, 0xfc, 0x24, 0xa0, 0xd, 0xc0,
    0x1f, 0x1a, 0x10, 0x7, 0x94, 0xc0, 0x8, 0x40,
    0x1d, 0x3f, 0x97, 0xba, 0x30, 0xe, 0x90, 0x6,
    0x0, 0x74, 0xb0, 0x6, 0x2d, 0x0, 0xe4, 0x0,
    0x9, 0x17, 0x30, 0x7, 0x85, 0x0, 0x30, 0x80,
    0x27, 0x77, 0x80, 0x3f, 0xfa, 0x4c, 0x1, 0x88,
    0x3, 0xff, 0x86, 0xc4, 0x1, 0xa8, 0x3, 0xff,
    0x82, 0x73, 0x20, 0xc, 0x4e, 0x1, 0xf9, 0x7f,
    0xf6, 0x30, 0x6, 0x1f, 0x0, 0xff, 0xe3, 0xa7,
    0x90, 0x7, 0xff, 0x1f, 0x4, 0x3, 0xff, 0x91,
    0x1a, 0x40, 0x1f, 0xce, 0xfc, 0x80, 0x1c, 0x58,
    0x20, 0x1f, 0x8a, 0x23, 0x5f, 0x28, 0x6, 0x1b,
    0x0, 0xff, 0xe1, 0xd, 0x10, 0x6, 0x51, 0x0,
    0xff, 0xe1, 0xd8, 0x7, 0x20, 0x7, 0xff, 0xd,
    0x40, 0x38, 0x82, 0x67, 0x98, 0x3, 0xff, 0x88,
    0xcd, 0xd6, 0x1, 0xf9, 0x40, 0x38, 0x40, 0xc0,
    0x31, 0x28, 0x7, 0xd6, 0x1, 0xc8, 0x16, 0x1,
    0xd4, 0xc0, 0x18, 0xac, 0x80, 0x31, 0x10, 0x18,
    0x40, 0x3a, 0x7a, 0xeb, 0x35, 0x0, 0x3a, 0x0,
    0x3, 0x60, 0x1e, 0x14, 0x53, 0x0, 0xf2, 0xa8,
    0x2, 0x5a, 0x0, 0xff, 0xe1, 0x2d, 0x0, 0x72,
    0xea, 0x0, 0x7f, 0x86, 0xa8, 0x1, 0xf1, 0x5e,
    0x39, 0x88, 0x0, 0x4d, 0xaf, 0x94, 0x3, 0x0,

    /* U+0034 "4" */
    0x0, 0xff, 0xe0, 0x47, 0xff, 0x40, 0x7, 0xff,
    0xc, 0xdc, 0x3, 0xff, 0x93, 0xe0, 0x1f, 0xfc,
    0x96, 0x30, 0xf, 0xfe, 0x40, 0xc8, 0x7, 0xff,
    0x26, 0xc0, 0x3f, 0xf9, 0x28, 0xa0, 0x1f, 0xfc,
    0x9a, 0x0, 0xff, 0xe4, 0xc8, 0x80, 0x4c, 0x1,
    0xff, 0xc4, 0x36, 0x0, 0x8a, 0xc0, 0x3f, 0xf8,
    0x9e, 0x1, 0xb8, 0x3, 0xff, 0x88, 0xe6, 0x1,
    0x31, 0x80, 0x7f, 0xf0, 0xc6, 0x0, 0x21, 0x90,
    0xf, 0xfe, 0x25, 0x0, 0x6a, 0x0, 0xff, 0xe2,
    0x2a, 0x0, 0x4a, 0x80, 0x1f, 0xfc, 0x4b, 0x0,
    0xd6, 0x1, 0xff, 0xc4, 0x91, 0x0, 0xa4, 0x40,
    0x3f, 0xf8, 0x66, 0xc0, 0x11, 0xb0, 0x7, 0xff,
    0x13, 0xc0, 0x37, 0x0, 0x7f, 0xf1, 0x1c, 0xc0,
    0x36, 0xff, 0xf6, 0x80, 0x73, 0xff, 0xc1, 0x60,
    0x1f, 0xfc, 0xa7, 0x0, 0xff, 0xe5, 0x8, 0x7,
    0xff, 0x2b, 0x11, 0x3f, 0xe3, 0x0, 0xe2, 0x44,
    0x81, 0xae, 0xff, 0xee, 0x0, 0xe5, 0xbb, 0x80,
    0x3f, 0xff, 0xe0, 0x1f, 0xfd, 0xd0,

    /* U+0035 "5" */
    0x0, 0x1f, 0xff, 0xff, 0x11, 0xc0, 0x27, 0x0,
    0xff, 0xe4, 0x10, 0x7, 0xff, 0x23, 0x80, 0x3f,
    0xf9, 0x4, 0x1, 0xc2, 0x3f, 0xfc, 0x0, 0x9,
    0x80, 0x33, 0xf7, 0x7f, 0xcc, 0x1, 0x10, 0x6,
    0xe0, 0xf, 0xfe, 0x18, 0x80, 0x62, 0x0, 0xff,
    0xe1, 0x8, 0x7, 0x30, 0x7, 0xff, 0x8, 0x80,
    0x38, 0x81, 0x19, 0x8a, 0x60, 0x1f, 0x98, 0x3,
    0xa7, 0xee, 0x65, 0x59, 0xf2, 0x20, 0x1c, 0x40,
    0x1c, 0xc0, 0x1f, 0x37, 0x20, 0x6, 0xe0, 0xf,
    0xfe, 0x1d, 0x98, 0x4, 0x40, 0x1f, 0xfc, 0x4d,
    0x0, 0x88, 0x40, 0x21, 0x8d, 0xff, 0x62, 0x80,
    0x70, 0xb0, 0x2, 0x7b, 0x65, 0xbd, 0xc8, 0x0,
    0x74, 0xe0, 0x1d, 0x40, 0x18, 0x9a, 0x44, 0x3,
    0xd0, 0x40, 0x18, 0xc4, 0x3, 0xff, 0x84, 0xa0,
    0x1c, 0xa0, 0x1f, 0xfc, 0x2d, 0x0, 0xe2, 0x0,
    0xff, 0xe1, 0x8, 0x7, 0xff, 0x20, 0x40, 0x3c,
    0xfb, 0xbc, 0x20, 0x1f, 0x10, 0x7, 0x18, 0x11,
    0x72, 0x0, 0x7d, 0x80, 0x1c, 0xe8, 0x1, 0xd2,
    0x1, 0xe2, 0x40, 0xc, 0x24, 0x64, 0x1, 0x8e,
    0xc4, 0x2, 0x2f, 0x0, 0xe6, 0x0, 0x40, 0x7,
    0x27, 0x65, 0x66, 0x90, 0x7, 0x48, 0x1, 0x58,
    0x3, 0xc6, 0xa6, 0x1, 0xea, 0x10, 0xa, 0x58,
    0x3, 0xff, 0x83, 0xa, 0x1, 0xd3, 0x44, 0x1,
    0xfc, 0x56, 0xe0, 0x1f, 0x2e, 0xdb, 0x10, 0x4,
    0x4b, 0x5a, 0x80, 0x18,

    /* U+0036 "6" */
    0x0, 0xfe, 0x16, 0xac, 0xef, 0xf0, 0x7, 0xff,
    0x0, 0xab, 0xa5, 0x4c, 0x40, 0x3f, 0xf8, 0x33,
    0xaa, 0x1, 0xff, 0xc4, 0x1c, 0x60, 0xf, 0xfe,
    0x28, 0xe1, 0x80, 0x7e, 0x22, 0x0, 0x7e, 0xa2,
    0x0, 0xe3, 0x9d, 0xfd, 0xd0, 0x7, 0xcc, 0x80,
    0x1d, 0x58, 0xc4, 0x1, 0xfe, 0x80, 0xc, 0x3a,
    0xa0, 0x1f, 0xfc, 0x6, 0x10, 0xd, 0x44, 0x1,
    0xff, 0xc1, 0xa0, 0xc, 0x88, 0x3, 0x79, 0xa8,
    0x50, 0xf, 0x9, 0x80, 0x6f, 0x3c, 0xc4, 0x32,
    0xbd, 0x73, 0x0, 0x64, 0x0, 0xe2, 0xc3, 0x0,
    0xf0, 0xcc, 0x80, 0x2d, 0x0, 0xe9, 0x0, 0xff,
    0x33, 0x80, 0x8, 0x3, 0xff, 0x8b, 0x4, 0xc,
    0x1, 0xe1, 0xae, 0xfd, 0x60, 0xf, 0x58, 0x8,
    0x7, 0x17, 0xa8, 0x81, 0x4c, 0x80, 0x39, 0xc0,
    0x3e, 0xf1, 0x0, 0xe6, 0x30, 0xc, 0x24, 0x1,
    0xc2, 0x40, 0x1f, 0x50, 0x7, 0x38, 0x7, 0xff,
    0x9, 0x40, 0x38, 0x84, 0x3, 0xff, 0x82, 0x20,
    0x1d, 0xee, 0x1, 0x84, 0x3, 0xff, 0x85, 0xe6,
    0x1, 0xc6, 0x1, 0xf3, 0x80, 0x71, 0x60, 0x7,
    0x58, 0x7, 0xde, 0x1, 0xce, 0x82, 0x1, 0x9c,
    0x80, 0x38, 0xd4, 0x3, 0x9, 0x4, 0x80, 0x77,
    0x98, 0x4, 0x9a, 0x1, 0xd2, 0x0, 0x72, 0x0,
    0xc5, 0x98, 0xbd, 0xb1, 0x0, 0xc2, 0xe0, 0x17,
    0x0, 0x78, 0xd0, 0x80, 0x3d, 0xa0, 0x18, 0xec,
    0x3, 0xff, 0x83, 0x46, 0x1, 0xc9, 0xa8, 0x1,
    0xfc, 0x78, 0xa0, 0x1f, 0x15, 0xe3, 0x18, 0x4,
    0x4d, 0x78, 0x60, 0x18,

    /* U+0037 "7" */
    0x9f, 0xff, 0xfe, 0x43, 0x0, 0x7f, 0xfd, 0x4b,
    0xd1, 0x3f, 0xf8, 0x42, 0x1, 0x89, 0x1a, 0xef,
    0xff, 0x84, 0x1, 0xd6, 0x1, 0xff, 0xc3, 0x61,
    0x0, 0x85, 0x80, 0x3f, 0xf8, 0x76, 0x1, 0x98,
    0x3, 0xff, 0x86, 0xa4, 0x1, 0xa4, 0x3, 0xff,
    0x87, 0x20, 0x19, 0x44, 0x3, 0xff, 0x84, 0x86,
    0x1, 0xa4, 0x3, 0xff, 0x87, 0xe0, 0x18, 0xcc,
    0x1, 0xff, 0xc2, 0x24, 0x0, 0xd2, 0x1, 0xff,
    0xc3, 0x80, 0xc, 0x2a, 0x1, 0xff, 0xc2, 0x15,
    0x0, 0xd2, 0x1, 0xff, 0xc3, 0x90, 0xe, 0x60,
    0xf, 0xfe, 0x10, 0xb8, 0x6, 0x51, 0x0, 0xff,
    0xe1, 0x30, 0x7, 0x48, 0x7, 0xff, 0xe, 0x40,
    0x31, 0x98, 0x3, 0xff, 0x84, 0xc2, 0x1, 0xa4,
    0x3, 0xff, 0x87, 0x60, 0x18, 0x54, 0x3, 0xff,
    0x84, 0xa4, 0x1, 0xa4, 0x3, 0xff, 0x87, 0x20,
    0x1c, 0xc0, 0x1f, 0xfc, 0x23, 0x30, 0x6, 0x61,
    0x0, 0xff, 0xe1, 0x40, 0x7, 0x58, 0x7, 0xff,
    0x8, 0x90, 0x3, 0x21, 0x0, 0x7f, 0xf0, 0xac,
    0x3, 0xbc, 0x3, 0xff, 0x84, 0x2c, 0x1, 0x89,
    0x0, 0x3f, 0xf8, 0x52, 0x1, 0xd6, 0x1, 0xff,
    0xc3, 0x70, 0xc, 0x2c, 0x1, 0xff, 0x0,

    /* U+0038 "8" */
    0x0, 0xe2, 0x7b, 0xef, 0xfb, 0x25, 0x0, 0x3f,
    0xd3, 0xb0, 0x82, 0x1, 0x1b, 0x5e, 0xa0, 0x7,
    0x87, 0x58, 0x3, 0xfc, 0x56, 0xe0, 0x1d, 0xa4,
    0x1, 0xff, 0xc1, 0x84, 0x0, 0x94, 0xc0, 0x3c,
    0x68, 0x20, 0x1e, 0x90, 0xa, 0x40, 0x39, 0x3b,
    0x2f, 0xa8, 0x3, 0x89, 0x0, 0x6, 0x1, 0x86,
    0xc4, 0x2, 0x58, 0x0, 0xec, 0x1, 0x0, 0xe4,
    0x0, 0xf2, 0x80, 0x70, 0x80, 0x7c, 0x60, 0x1e,
    0x30, 0xf, 0x84, 0x40, 0x19, 0x40, 0x3c, 0x40,
    0x1d, 0xc0, 0x4, 0x0, 0xc6, 0x60, 0xe, 0x80,
    0xe, 0x50, 0x4, 0x0, 0x76, 0x30, 0x81, 0x52,
    0x0, 0x65, 0x20, 0x1, 0x48, 0x7, 0x4f, 0x7e,
    0xa8, 0x6, 0x2b, 0x0, 0xcd, 0x42, 0x1, 0xff,
    0x26, 0x8, 0x7, 0x2b, 0x80, 0x7f, 0x86, 0x4,
    0x3, 0x8b, 0x58, 0x3, 0xfc, 0x38, 0xe0, 0x18,
    0x70, 0x80, 0x39, 0x14, 0x80, 0x3a, 0x1c, 0x2,
    0xa1, 0x0, 0xcf, 0xf7, 0x5b, 0x84, 0x1, 0xa0,
    0xc0, 0xd0, 0x3, 0x2c, 0x0, 0x63, 0xf0, 0xe,
    0x80, 0xb0, 0xe, 0x90, 0xf, 0x12, 0x80, 0x64,
    0x3, 0x0, 0xe3, 0x0, 0xfb, 0x40, 0x38, 0xdc,
    0x3, 0xff, 0x8e, 0xee, 0x0, 0xe2, 0x0, 0xfb,
    0x40, 0x39, 0xcc, 0x3, 0xac, 0x3, 0xc4, 0xa0,
    0x1c, 0x78, 0x1, 0xcd, 0x0, 0x18, 0xfc, 0x3,
    0x8c, 0x10, 0xc0, 0x39, 0xfa, 0xeb, 0x30, 0x40,
    0x1d, 0x0, 0xe, 0x0, 0xf0, 0xa2, 0x98, 0x7,
    0x95, 0x0, 0x5, 0x60, 0x1f, 0xfc, 0x24, 0xa0,
    0xc, 0x9a, 0x80, 0x1f, 0xe1, 0x9b, 0x0, 0xf1,
    0x5e, 0xc2, 0x8, 0x4, 0x4b, 0x5c, 0xc0, 0x18,

    /* U+0039 "9" */
    0x0, 0xf0, 0xbd, 0xf7, 0xfb, 0xa9, 0x40, 0x3f,
    0xe8, 0xe8, 0x41, 0x0, 0xa, 0xd7, 0x20, 0x7,
    0xec, 0x70, 0xf, 0xe1, 0xb7, 0x0, 0xf5, 0x98,
    0x7, 0xff, 0x2, 0x18, 0x3, 0x3a, 0x0, 0x79,
    0xc, 0x3, 0xd2, 0x20, 0x14, 0x0, 0x73, 0x7d,
    0xe7, 0x20, 0x7, 0x40, 0x1, 0x80, 0x39, 0x24,
    0x2, 0x1b, 0x30, 0xc, 0xc2, 0x1a, 0x1, 0xd0,
    0x1, 0xe8, 0x0, 0xe4, 0x5, 0x0, 0xc4, 0x60,
    0x1e, 0x40, 0xe, 0xc0, 0x10, 0xc, 0xc0, 0x1f,
    0x8c, 0x3, 0x28, 0x7, 0x84, 0x3, 0xf3, 0x80,
    0x62, 0x0, 0xf3, 0x0, 0x7f, 0xf0, 0x44, 0x8,
    0x3, 0x18, 0x7, 0xff, 0xd, 0x0, 0x39, 0xc0,
    0x3c, 0x48, 0x1, 0xed, 0x0, 0xe8, 0x50, 0xc,
    0x78, 0x1, 0xf2, 0x10, 0x7, 0x56, 0x44, 0x2f,
    0x4, 0x3, 0x84, 0x1, 0x20, 0x1e, 0x37, 0x72,
    0x0, 0x7c, 0x60, 0x4, 0x80, 0xf, 0xfe, 0x23,
    0x0, 0x4f, 0x20, 0x1f, 0xd0, 0x20, 0x18, 0xc0,
    0x33, 0x74, 0x18, 0x80, 0x9, 0xf5, 0x44, 0x3,
    0x60, 0x7, 0xb, 0xe7, 0x7f, 0xb6, 0x9, 0x40,
    0x39, 0x0, 0x3f, 0xf8, 0x52, 0x1, 0x94, 0x3,
    0xff, 0x85, 0x42, 0x1, 0xa4, 0x3, 0xff, 0x80,
    0x36, 0xa0, 0x19, 0xc, 0x3, 0xf8, 0x52, 0x79,
    0x0, 0x3a, 0x40, 0x3e, 0x7e, 0xfe, 0xb6, 0x0,
    0xf5, 0x90, 0x7, 0xdc, 0x20, 0x1f, 0xd4, 0x80,
    0x1f, 0xfc, 0x52, 0xc5, 0x0, 0xff, 0xe2, 0x14,
    0xe9, 0x80, 0x7f, 0xf0, 0x49, 0x23, 0x35, 0x80,
    0x3e,

    /* U+003A ":" */
    0x0, 0x26, 0x7f, 0xac, 0xc0, 0xb, 0x66, 0x0,
    0x4c, 0x20, 0x80, 0xf, 0x40, 0x10, 0x7, 0x9c,
    0x3, 0xf0, 0x82, 0x0, 0x7a, 0xc2, 0x84, 0x3,
    0x1b, 0x80, 0xf4, 0xb3, 0x2b, 0x0, 0x33, 0x4c,
    0x94, 0x3, 0xff, 0xfe, 0x0, 0x69, 0x92, 0x80,
    0x43, 0xd2, 0xcc, 0xac, 0x0, 0x58, 0x80, 0x63,
    0x70, 0x50, 0xf, 0x58, 0x7, 0xe1, 0x2, 0x0,
    0xf3, 0x84, 0x0, 0x7a, 0x1, 0x6c, 0xc0, 0x9,
    0x84,

    /* U+003B ";" */
    0x0, 0x85, 0xe6, 0x10, 0x3, 0x1f, 0x43, 0x3d,
    0xc8, 0x5, 0xa0, 0x1c, 0xc8, 0x6, 0x20, 0x1e,
    0xd0, 0x70, 0xf, 0x8c, 0x14, 0x3, 0xed, 0x1,
    0x70, 0xe, 0x27, 0x0, 0x44, 0x90, 0xa, 0xe0,
    0x6, 0x6d, 0xfe, 0xa1, 0x0, 0xff, 0xff, 0x80,
    0x7f, 0xf4, 0x6, 0x23, 0x84, 0x2, 0x27, 0x7e,
    0x30, 0xf, 0xfe, 0xd9, 0x80, 0x4e, 0x1, 0xc2,
    0x1, 0x8, 0x6, 0x20, 0xd, 0xa0, 0x19, 0x40,
    0x32, 0x80, 0x6a, 0x0, 0x88, 0x80, 0x12, 0x90,
    0x5, 0x60, 0x1a, 0x0, 0x31, 0x0, 0x52, 0x40,
    0x1a, 0xec, 0x70, 0xc0, 0x1e, 0x4c, 0x70, 0xe,

    /* U+003C "<" */
    0x0, 0xff, 0xeb, 0xa5, 0x28, 0x7, 0xff, 0x9,
    0xb6, 0xd4, 0x3, 0xff, 0x80, 0x51, 0xf2, 0x40,
    0x1f, 0xfc, 0x4, 0xbd, 0x70, 0xf, 0xfe, 0x0,
    0xbe, 0xda, 0x0, 0x7f, 0xf0, 0xa, 0x7a, 0x8,
    0x3, 0xf0, 0xb0, 0x1, 0x73, 0x58, 0x3, 0xf0,
    0xb5, 0xf1, 0xb7, 0x51, 0x80, 0x7e, 0x5b, 0xe9,
    0x40, 0x5, 0x8, 0x7, 0xcb, 0x5f, 0x48, 0x1,
    0xff, 0x25, 0x7d, 0x28, 0x7, 0xff, 0x55, 0x2b,
    0xe9, 0x40, 0x3f, 0x51, 0x0, 0x7c, 0xb5, 0xf4,
    0x80, 0x1c, 0xdb, 0x68, 0x1, 0xf9, 0x6f, 0xe9,
    0x0, 0x32, 0x5e, 0xb0, 0x7, 0xf2, 0xdf, 0x18,
    0x6, 0x29, 0xf9, 0x20, 0xf, 0xc2, 0xc0, 0x1f,
    0x36, 0xda, 0x80, 0x7f, 0xf1, 0x52, 0xb9, 0xc4,
    0x3, 0xff, 0x88, 0x31, 0xd2, 0x60, 0x1f, 0xfc,
    0x56, 0xcc, 0x28, 0x0,

    /* U+003D "=" */
    0x9c, 0xcf, 0xfe, 0x33, 0xa9, 0x9f, 0xff, 0x1b,
    0x40, 0x3f, 0xfe, 0x19, 0xff, 0xff, 0xc6, 0xa0,
    0xf, 0xff, 0x84, 0xdd, 0xff, 0xf1, 0x9d, 0x51,
    0x3f, 0xf8, 0xda, 0x1, 0xff, 0xf0,

    /* U+003E ">" */
    0x0, 0xff, 0xe3, 0xcc, 0x10, 0x7, 0xff, 0x10,
    0x9f, 0x6d, 0x0, 0x3f, 0xf8, 0xa9, 0x7a, 0xe2,
    0x1, 0xff, 0xc4, 0x28, 0xea, 0x30, 0xf, 0xfe,
    0x2a, 0xe6, 0x18, 0x3, 0xe3, 0x0, 0xfe, 0x39,
    0xf9, 0x20, 0xd, 0x1f, 0x4a, 0x1, 0xfc, 0xdb,
    0x6a, 0x1, 0x96, 0xbe, 0x94, 0x3, 0xf2, 0x57,
    0x30, 0x7, 0x2d, 0x7d, 0x28, 0x7, 0xc3, 0x40,
    0x1f, 0x96, 0xbe, 0x94, 0x3, 0xff, 0x88, 0x24,
    0xc0, 0x1f, 0xfc, 0x11, 0x6c, 0xe8, 0x30, 0xf,
    0xf0, 0xb5, 0xf4, 0x98, 0x7, 0xc5, 0x40, 0x6,
    0xbe, 0x94, 0x0, 0xfc, 0x97, 0xad, 0x1f, 0x28,
    0x1, 0xf8, 0x5f, 0x6d, 0x0, 0x6, 0x1, 0xfc,
    0x75, 0xd0, 0x40, 0x1f, 0xfc, 0x6, 0xcc, 0x28,
    0x7, 0xff, 0x0, 0xa3, 0xa4, 0xc0, 0x3f, 0xf8,
    0x9, 0x7a, 0xe2, 0x1, 0xff, 0x13, 0xf5, 0xa0,
    0x7, 0xff, 0xa, 0x60, 0x40, 0x3f, 0xf8, 0x80,

    /* U+003F "?" */
    0x0, 0xe4, 0x9c, 0xef, 0xf7, 0x6c, 0xa8, 0x7,
    0xe4, 0xdb, 0x63, 0x10, 0x0, 0x93, 0x57, 0x30,
    0x7, 0x35, 0x90, 0x7, 0xf8, 0x66, 0x40, 0x12,
    0x48, 0x7, 0xff, 0x9, 0x98, 0x0, 0x90, 0xf,
    0x8c, 0x80, 0x3e, 0x80, 0x42, 0x0, 0xe9, 0xfc,
    0xdf, 0x90, 0xe, 0x14, 0xc0, 0xe, 0x86, 0x0,
    0xcc, 0xe0, 0x1d, 0x84, 0x1, 0xcc, 0x1, 0xeb,
    0x0, 0xe1, 0x8c, 0xce, 0x10, 0xf, 0x8, 0x7,
    0x9, 0x19, 0xf0, 0x7, 0xc8, 0x1, 0xdc, 0x1,
    0xff, 0xc1, 0x80, 0xe, 0x70, 0xf, 0xfe, 0x5,
    0x8, 0x6, 0x71, 0x0, 0xff, 0xa5, 0x40, 0x31,
    0x40, 0x7, 0xfd, 0x2c, 0x1, 0x87, 0xc0, 0x3f,
    0xeb, 0x60, 0xc, 0x38, 0x40, 0x1f, 0xeb, 0x40,
    0xc, 0x5e, 0x40, 0x1f, 0xe4, 0x40, 0x6, 0x3c,
    0x10, 0xf, 0xfb, 0x40, 0x30, 0xe8, 0x80, 0x7f,
    0xf0, 0x8, 0x3, 0x30, 0x80, 0x7f, 0xf0, 0x5c,
    0x3, 0x70, 0x7, 0xff, 0x9, 0x13, 0x94, 0x3,
    0xff, 0x85, 0x17, 0x78, 0xc0, 0x3f, 0xfa, 0xe6,
    0xa8, 0x1, 0xff, 0xc4, 0x9c, 0xab, 0xe2, 0x0,
    0xff, 0xe0, 0xab, 0x0, 0x43, 0xc0, 0x1f, 0xfc,
    0x1c, 0x0, 0xe3, 0x0, 0xff, 0xe0, 0x88, 0x7,
    0xff, 0x1e, 0x80, 0x39, 0x80, 0x3f, 0xf8, 0x25,
    0x66, 0x2, 0xf2, 0x1, 0xf0,

    /* U+0040 "@" */
    0x0, 0xfe, 0x28, 0xce, 0xff, 0x6d, 0x28, 0x7,
    0xff, 0x8, 0xaf, 0x5c, 0xc4, 0x0, 0x4b, 0x5a,
    0x80, 0x1f, 0xf2, 0xea, 0x0, 0x7f, 0x15, 0xb8,
    0x7, 0xf3, 0x50, 0x4, 0x71, 0x79, 0x72, 0xa0,
    0x14, 0x30, 0x7, 0xc9, 0x20, 0x1, 0xbc, 0x74,
    0x34, 0x6a, 0xd3, 0x0, 0x49, 0x0, 0x70, 0xd0,
    0x0, 0xbd, 0x0, 0x3e, 0x2c, 0x20, 0x4, 0x0,
    0x75, 0x88, 0x3, 0xc4, 0x0, 0xf9, 0xfe, 0xd9,
    0x10, 0xe0, 0x2, 0x88, 0x4, 0x6a, 0x0, 0x92,
    0x2, 0xd8, 0x30, 0x1, 0x37, 0x11, 0x98, 0x0,
    0xe0, 0x14, 0x80, 0x5, 0x80, 0x7c, 0x80, 0x3e,
    0x10, 0xb0, 0x6, 0x0, 0x4a, 0x0, 0x90, 0x4,
    0x10, 0x0, 0xee, 0xc0, 0x10, 0x81, 0x80, 0x1c,
    0x0, 0xa0, 0x13, 0x0, 0xb0, 0x1, 0x31, 0x18,
    0x2, 0x30, 0x60, 0x1, 0x0, 0x30, 0x0, 0x42,
    0xc, 0x1, 0x48, 0x0, 0x40, 0x21, 0x0, 0xf9,
    0x40, 0xe, 0x0, 0xb0, 0x1, 0x90, 0x1, 0xc0,
    0x2, 0x1, 0xf8, 0xc0, 0x1a, 0x0, 0x30, 0x2,
    0x0, 0x44, 0x0, 0x30, 0xf, 0xf8, 0x80, 0x80,
    0x2e, 0x0, 0x84, 0x0, 0x20, 0x1, 0x0, 0x10,
    0x8, 0x4, 0x20, 0xc0, 0x11, 0x0, 0x5c, 0x0,
    0x60, 0x3, 0x80, 0x18, 0xc, 0x3, 0x84, 0x3,
    0xe3, 0x0, 0x18, 0x0, 0xc0, 0x6, 0x1, 0xf0,
    0x80, 0x42, 0x1, 0x8, 0x0, 0x40, 0x1a, 0x0,
    0xc0, 0x30, 0x8, 0x41, 0x80, 0x2c, 0x0, 0x98,
    0x1, 0xc0, 0x2a, 0x0, 0x40, 0x10, 0x8, 0x80,
    0x80, 0x26, 0x30, 0x82, 0x0, 0x78, 0x58, 0x1,
    0x80, 0x22, 0x0, 0x68, 0x1, 0x80, 0x2c, 0xf7,
    0x0, 0x9b, 0xd4, 0x6, 0x0, 0x27, 0x0, 0x20,
    0x2, 0x4, 0x3, 0xa4, 0x40, 0x3a, 0x84, 0x2,
    0xf0, 0x0, 0xa0, 0xe, 0x28, 0x0, 0xed, 0xb0,
    0xc0, 0x9, 0x88, 0x1, 0x94, 0x2, 0x90, 0x1,
    0x57, 0xfb, 0x10, 0xb, 0x3f, 0xd6, 0x60, 0x1e,
    0x70, 0x1, 0x48, 0x7, 0xff, 0x22, 0x44, 0x0,
    0xd4, 0x20, 0x1f, 0x10, 0x80, 0x7f, 0xd, 0x0,
    0x4b, 0xd4, 0xc8, 0x6b, 0x19, 0xae, 0x1, 0xfe,
    0x4b, 0x0, 0xcb, 0x37, 0x94, 0xe6, 0x18, 0x1,
    0xff, 0x26, 0xa0, 0x7, 0xf8, 0xc0, 0x3f, 0xf8,
    0x5, 0x7a, 0xe6, 0x20, 0x1, 0x37, 0xd9, 0x0,
    0xf8,

    /* U+0041 "A" */
    0x0, 0xff, 0x67, 0xfe, 0xc0, 0xf, 0xfe, 0x39,
    0x18, 0x6, 0x31, 0x0, 0xff, 0xe3, 0x28, 0x7,
    0x9c, 0x3, 0xff, 0x8d, 0x60, 0x1e, 0xd0, 0xf,
    0xfe, 0x28, 0x98, 0x7, 0x90, 0x3, 0xff, 0x8a,
    0xe0, 0x1f, 0x94, 0x3, 0xff, 0x89, 0x40, 0x1f,
    0xbc, 0x3, 0xff, 0x86, 0x26, 0x1, 0xf9, 0x40,
    0x3f, 0xf8, 0x6e, 0x1, 0x8c, 0x80, 0x32, 0x80,
    0x7f, 0xf0, 0xb4, 0x3, 0x22, 0x0, 0x37, 0x80,
    0x7f, 0xf0, 0x45, 0x0, 0x35, 0xe8, 0x6, 0x40,
    0xf, 0xfe, 0xb, 0x80, 0x61, 0x34, 0x0, 0xc2,
    0x80, 0x1f, 0xfc, 0xd, 0x0, 0xc8, 0x0, 0x30,
    0xd, 0xa0, 0x1f, 0xf0, 0xa0, 0x6, 0xc0, 0x5,
    0x80, 0x67, 0x0, 0xff, 0x90, 0x3, 0x9c, 0x0,
    0x80, 0x18, 0x4c, 0x3, 0xfd, 0xc0, 0x18, 0x84,
    0x0, 0x62, 0x1, 0xac, 0x3, 0xfc, 0x80, 0x19,
    0x40, 0x32, 0x0, 0x65, 0x0, 0xfe, 0x50, 0xe,
    0xc0, 0xd, 0x80, 0x18, 0x8c, 0x3, 0xf7, 0x80,
    0x72, 0x0, 0x67, 0x0, 0xeb, 0x0, 0xfc, 0xa0,
    0x1d, 0xff, 0xdc, 0x1, 0xca, 0x1, 0xf2, 0x80,
    0x7f, 0xf1, 0x48, 0x80, 0x1e, 0xf0, 0xf, 0xfe,
    0x32, 0x80, 0x79, 0x40, 0x3f, 0xf8, 0xd6, 0x1,
    0xc8, 0x1, 0xff, 0xc7, 0x31, 0x0, 0xdc, 0x1,
    0xd7, 0xff, 0xfa, 0x0, 0x39, 0xc0, 0x32, 0x0,
    0x72, 0x0, 0x7e, 0x40, 0xe, 0xd0, 0x9, 0x4,
    0x3, 0x28, 0x7, 0xf1, 0x88, 0x6, 0x41, 0x0,
    0x68, 0x7, 0x60, 0x7, 0xf9, 0xc0, 0x39, 0xc0,
    0xe, 0x1, 0xce, 0x1, 0xfe, 0xc0, 0xe, 0xd0,
    0x41, 0x0, 0xc6, 0x20, 0x1f, 0xe5, 0x0, 0xe4,
    0x0,

    /* U+0042 "B" */
    0x5f, 0xff, 0xfb, 0xb6, 0x98, 0x40, 0x3f, 0xf8,
    0xc2, 0x4b, 0x3d, 0x44, 0x1, 0xff, 0xc9, 0x5d,
    0x40, 0xf, 0xfe, 0x55, 0x90, 0x7, 0xe1, 0x33,
    0xc4, 0x1, 0xfb, 0x80, 0x3f, 0x46, 0x66, 0xdf,
    0xc4, 0x0, 0xe3, 0x20, 0xf, 0xfe, 0x11, 0xd9,
    0x80, 0x73, 0x80, 0x7f, 0xf1, 0x28, 0x3, 0x88,
    0x3, 0xff, 0x88, 0x40, 0x1f, 0xfc, 0xa3, 0x0,
    0xe3, 0x0, 0xff, 0xe1, 0x8c, 0x80, 0x61, 0x40,
    0xf, 0xfe, 0x9, 0x3f, 0x88, 0x6, 0xb0, 0xf,
    0xd3, 0xff, 0xdb, 0x2, 0x1, 0xa1, 0x40, 0x3f,
    0xf8, 0xe7, 0x8e, 0x1, 0xff, 0xc8, 0x2b, 0x10,
    0xf, 0xfe, 0x40, 0xbe, 0x10, 0x7, 0xe6, 0xbb,
    0xf4, 0x10, 0x6, 0x2f, 0x0, 0xfd, 0xe8, 0x9e,
    0x7d, 0x40, 0xc, 0x4e, 0x1, 0xff, 0xc4, 0xa0,
    0xe, 0xa0, 0xf, 0xfe, 0x20, 0xa0, 0x6, 0x20,
    0xf, 0xfe, 0x28, 0x80, 0x71, 0x0, 0x7f, 0xf6,
    0xd0, 0x3, 0x88, 0x3, 0xff, 0x86, 0xc2, 0x1,
    0x88, 0x3, 0xff, 0x86, 0xf2, 0x1, 0xca, 0x1,
    0xf5, 0xdf, 0xb3, 0xe0, 0x3, 0xd2, 0x1, 0xf1,
    0x22, 0x71, 0x80, 0x7d, 0x22, 0x1, 0xff, 0xc8,
    0x76, 0x0, 0xff, 0xe3, 0x95, 0xc0, 0x7, 0xff,
    0x10, 0x4d, 0xf3, 0x50, 0x3, 0x0,

    /* U+0043 "C" */
    0x0, 0xf8, 0xe7, 0x3f, 0xee, 0xb7, 0x20, 0xf,
    0xf8, 0xb3, 0xc, 0x60, 0x10, 0xa4, 0x6d, 0x8,
    0x7, 0xe4, 0xd3, 0x0, 0xff, 0x2f, 0x98, 0x7,
    0x92, 0xc0, 0x3f, 0xf8, 0x23, 0x84, 0x1, 0x86,
    0x80, 0x3c, 0x26, 0x40, 0x1f, 0x70, 0x6, 0xb1,
    0x0, 0xc5, 0x7d, 0x9b, 0xf2, 0x1, 0xc6, 0xa0,
    0x2, 0x50, 0xe, 0xc4, 0x0, 0xcd, 0x60, 0x1d,
    0xc0, 0xa, 0x0, 0xe8, 0x10, 0xf, 0x21, 0x80,
    0x64, 0x0, 0x28, 0x7, 0x30, 0x7, 0xeb, 0x0,
    0xe3, 0x2, 0x0, 0xc6, 0x20, 0x1f, 0x8c, 0x47,
    0x98, 0xc0, 0x39, 0x80, 0x3f, 0x93, 0xbb, 0x95,
    0x80, 0x38, 0x80, 0x3f, 0xf9, 0x5e, 0x1, 0xff,
    0xc4, 0x30, 0xf, 0xff, 0xf8, 0x7, 0xff, 0x10,
    0xc0, 0x3f, 0xfa, 0x1e, 0x1, 0xff, 0xc4, 0x60,
    0xe, 0x10, 0xf, 0xfe, 0x21, 0x0, 0x72, 0x80,
    0x7f, 0x1d, 0x57, 0x20, 0x90, 0x6, 0x30, 0xf,
    0xe4, 0x55, 0xe0, 0x2, 0x0, 0x72, 0x80, 0x7e,
    0xb0, 0xe, 0x50, 0xa0, 0xe, 0x81, 0x0, 0xf2,
    0x98, 0x6, 0x31, 0x3, 0x40, 0xc, 0x5a, 0x60,
    0x19, 0xa8, 0x3, 0xa4, 0x2, 0x90, 0xe, 0x3c,
    0xec, 0xdf, 0x90, 0xe, 0x35, 0x0, 0x8a, 0x40,
    0x3c, 0x26, 0x40, 0x1e, 0x1e, 0x0, 0xe6, 0x90,
    0xf, 0xfe, 0x8, 0xe1, 0x0, 0x79, 0xb0, 0x80,
    0x3f, 0xcd, 0xe4, 0x1, 0xf8, 0xf6, 0xd8, 0x80,
    0x21, 0x48, 0xe9, 0x10, 0xc,

    /* U+0044 "D" */
    0x7f, 0xff, 0xed, 0xa6, 0x10, 0xf, 0xfe, 0x31,
    0x2c, 0xf4, 0x88, 0x7, 0xff, 0x21, 0xb9, 0x40,
    0x3f, 0xf9, 0x34, 0xe0, 0x1f, 0xe2, 0x33, 0x10,
    0x7, 0xd0, 0xa0, 0x1f, 0xd7, 0x98, 0xde, 0x80,
    0xf, 0x51, 0x0, 0x7f, 0xf0, 0x5, 0xf4, 0x40,
    0x3a, 0x0, 0x3f, 0xf8, 0x45, 0xa0, 0x1c, 0xa4,
    0x1, 0xff, 0xc2, 0x36, 0x0, 0xea, 0x0, 0xff,
    0xe1, 0xd8, 0x7, 0x28, 0x7, 0xff, 0xc, 0x88,
    0x1, 0x88, 0x40, 0x3f, 0xf8, 0x6e, 0x1, 0xc4,
    0x1, 0xff, 0xc3, 0x20, 0xe, 0x60, 0xf, 0xfe,
    0xf9, 0x80, 0x7f, 0xf7, 0xcc, 0x3, 0xff, 0xb2,
    0x40, 0x1c, 0xc0, 0x1f, 0xfc, 0x37, 0x0, 0xe2,
    0x0, 0xff, 0xe1, 0x11, 0x0, 0x31, 0x8, 0x7,
    0xff, 0xa, 0x80, 0x39, 0x40, 0x3f, 0xf8, 0x44,
    0xe0, 0x1d, 0x40, 0x1f, 0xfc, 0x11, 0xf0, 0xe,
    0x52, 0x0, 0xff, 0xe0, 0x2f, 0x90, 0x7, 0x40,
    0x7, 0xeb, 0xbb, 0x3e, 0x84, 0x3, 0xa8, 0x80,
    0x3f, 0x12, 0x20, 0xc0, 0x3e, 0x85, 0x0, 0xff,
    0xe3, 0xcb, 0x80, 0x7f, 0xf1, 0x97, 0x58, 0x3,
    0xff, 0x86, 0x49, 0x1d, 0x44, 0x1, 0xe0,

    /* U+0045 "E" */
    0xff, 0xff, 0xe4, 0x8, 0x7, 0xff, 0xe4, 0xcf,
    0xff, 0x84, 0x1, 0xe3, 0xcc, 0xff, 0xe1, 0x8,
    0x7, 0xff, 0xfc, 0x3, 0xff, 0xd8, 0x7f, 0xff,
    0xfc, 0x1, 0x0, 0xff, 0xfd, 0xa, 0xaf, 0xff,
    0x0, 0x40, 0x3e, 0x2a, 0xaf, 0xfe, 0x0, 0x7,
    0xff, 0xfc, 0x3, 0xff, 0xfe, 0x1, 0xc7, 0x77,
    0xff, 0xc2, 0x10, 0xf, 0x22, 0x7f, 0xf0, 0x8c,
    0x3, 0xff, 0xe6,

    /* U+0046 "F" */
    0xff, 0xff, 0xe4, 0x18, 0x7, 0xff, 0xe4, 0xcf,
    0xff, 0x84, 0x20, 0x1c, 0x59, 0x9f, 0xfc, 0x22,
    0x0, 0xff, 0xff, 0x80, 0x7f, 0xff, 0xc0, 0x5,
    0xff, 0xff, 0xc0, 0xa0, 0xf, 0xff, 0xd9, 0x9f,
    0xff, 0x3, 0x40, 0x3e, 0x2c, 0xcf, 0xfe, 0x3,
    0x80, 0x7f, 0xff, 0xc0, 0x3f, 0xff, 0xe0, 0x1f,
    0xff, 0xf0, 0xf, 0xc0,

    /* U+0047 "G" */
    0x0, 0xf8, 0xa3, 0x3b, 0xfd, 0xd9, 0x6, 0x1,
    0xff, 0xd, 0x6b, 0x98, 0x80, 0x4, 0xdf, 0x30,
    0x60, 0x1f, 0x8f, 0xd4, 0x3, 0xfc, 0x78, 0xc0,
    0x1e, 0x2d, 0x10, 0xf, 0xfe, 0xc, 0xa0, 0x7,
    0x78, 0x80, 0x78, 0xcc, 0x20, 0x1e, 0xa0, 0xc,
    0xe4, 0x1, 0xd1, 0xf9, 0x8e, 0xb1, 0x0, 0xc2,
    0xc0, 0x14, 0x0, 0x74, 0xb8, 0x6, 0x4d, 0x0,
    0xed, 0x0, 0x28, 0x7, 0x23, 0x0, 0x78, 0xd0,
    0x3, 0x20, 0x3, 0xc0, 0x3b, 0xc0, 0x3f, 0x69,
    0x17, 0x8, 0x20, 0x7, 0x20, 0x7, 0xe6, 0xdd,
    0xe1, 0x18, 0x3, 0x18, 0x7, 0xff, 0x10, 0xc0,
    0x39, 0x80, 0x3f, 0xf8, 0x82, 0x1, 0xc6, 0x1,
    0xff, 0xe6, 0x7f, 0xff, 0xf1, 0x80, 0x7f, 0xfe,
    0x44, 0x3, 0x8c, 0x3, 0x24, 0xce, 0x40, 0xf,
    0x18, 0x7, 0x30, 0x6, 0x36, 0x6c, 0x60, 0x1e,
    0x11, 0x0, 0x62, 0x0, 0xff, 0xe2, 0xa8, 0x6,
    0x13, 0x0, 0xfc, 0x20, 0x1f, 0x68, 0x7, 0x50,
    0x7, 0xff, 0x11, 0xc0, 0x39, 0x90, 0x3, 0xff,
    0x86, 0x2c, 0x1, 0xd6, 0xc0, 0x18, 0x59, 0x80,
    0x1f, 0xa0, 0x40, 0x3a, 0x7f, 0x2f, 0x7a, 0x40,
    0x3f, 0x86, 0x80, 0x3e, 0x34, 0x20, 0xf, 0x90,
    0xc0, 0x24, 0xb0, 0xf, 0xfe, 0x1b, 0xd8, 0x7,
    0x26, 0xa0, 0x7, 0xfc, 0xbb, 0x0, 0x1f, 0x15,
    0xeb, 0x98, 0x80, 0x4, 0xda, 0x7a, 0x88, 0x2,

    /* U+0048 "H" */
    0x7f, 0xfe, 0x40, 0xf, 0x97, 0xff, 0x98, 0x3,
    0xff, 0xfe, 0x1, 0xff, 0xff, 0x0, 0xff, 0xff,
    0x80, 0x7f, 0xf0, 0x2f, 0xff, 0xea, 0x0, 0xff,
    0xff, 0x91, 0x9f, 0xc4, 0x1, 0xff, 0xc0, 0x9c,
    0xcf, 0xa0, 0x3, 0xff, 0xfe, 0x1, 0xff, 0xff,
    0x0, 0xff, 0xff, 0x80, 0x7f, 0xf5, 0x40,

    /* U+0049 "I" */
    0xf, 0xff, 0xfe, 0x29, 0x80, 0x7f, 0xfb, 0x91,
    0x38, 0x80, 0x38, 0x91, 0x38, 0x42, 0xef, 0xa0,
    0x3, 0xae, 0xfc, 0x40, 0x1f, 0xff, 0xf0, 0xf,
    0xff, 0xf8, 0x7, 0xff, 0xfc, 0x3, 0xff, 0xfe,
    0x1, 0xff, 0xf2, 0xbb, 0xe8, 0x0, 0xeb, 0xbf,
    0x10, 0x22, 0x71, 0x0, 0x71, 0x22, 0x70, 0x80,
    0x7f, 0xfb, 0x40,

    /* U+004A "J" */
    0x0, 0xff, 0xe1, 0x1f, 0xff, 0x40, 0x7, 0xff,
    0xfc, 0x3, 0xff, 0xfe, 0x1, 0xff, 0xff, 0x0,
    0xff, 0xff, 0x80, 0x7f, 0xf5, 0xc4, 0x3, 0xff,
    0xe6, 0x46, 0x7c, 0x1, 0xff, 0xc2, 0x18, 0xcc,
    0xe1, 0x0, 0xf9, 0x80, 0x3b, 0xcc, 0x3, 0x88,
    0x3, 0xec, 0x0, 0xe2, 0xf0, 0xe, 0xa0, 0xf,
    0x13, 0x0, 0x72, 0x38, 0x7, 0x33, 0x80, 0x64,
    0xc0, 0xe, 0x51, 0x13, 0x0, 0x74, 0x7e, 0x5e,
    0xd8, 0x80, 0x74, 0x0, 0x20, 0x40, 0x3c, 0x68,
    0x40, 0x1e, 0x92, 0x0, 0xe, 0x8, 0x7, 0xff,
    0x6, 0x58, 0x3, 0x17, 0xa8, 0x7, 0xf8, 0xf1,
    0x80, 0x3c, 0x35, 0xb0, 0x82, 0x1, 0x1b, 0x66,
    0xc, 0x3, 0x0,

    /* U+004B "K" */
    0x5f, 0xfe, 0x60, 0xf, 0xc3, 0xdf, 0xfe, 0x20,
    0xf, 0xfe, 0x1d, 0x8, 0x7, 0x51, 0x0, 0x7f,
    0xf0, 0x99, 0x0, 0x39, 0xd4, 0x3, 0xff, 0x84,
    0x52, 0x1, 0xc7, 0x0, 0x1f, 0xfc, 0x3f, 0x0,
    0xe1, 0xd0, 0xf, 0xfe, 0x1c, 0x90, 0x7, 0x50,
    0x80, 0x7f, 0xf0, 0x91, 0x80, 0x39, 0xd0, 0x3,
    0xff, 0x84, 0x34, 0x1, 0xc7, 0x0, 0x1f, 0xfc,
    0x3a, 0x10, 0xc, 0x3a, 0x1, 0xff, 0xc3, 0x74,
    0x0, 0xea, 0x10, 0xf, 0xfe, 0x11, 0xc0, 0x7,
    0x3a, 0x0, 0x7f, 0xf0, 0xf8, 0x3, 0x92, 0x0,
    0x3f, 0xf8, 0x74, 0x40, 0x18, 0x68, 0x3, 0xff,
    0x87, 0x4a, 0x1, 0xce, 0x20, 0x1f, 0xfc, 0x33,
    0x0, 0xf3, 0x18, 0x7, 0xff, 0x2f, 0xc0, 0x3f,
    0xf9, 0x66, 0xc0, 0x1f, 0xfc, 0x51, 0x0, 0xe9,
    0x10, 0xf, 0xfe, 0x19, 0xf9, 0x0, 0x75, 0x80,
    0x7f, 0xf0, 0x8b, 0x46, 0x40, 0x39, 0x50, 0x3,
    0xff, 0x80, 0x38, 0x20, 0x88, 0x0, 0xe9, 0x0,
    0xff, 0xe0, 0x40, 0x80, 0x52, 0x1, 0xc5, 0x0,
    0x1f, 0xfc, 0x42, 0x70, 0xe, 0x72, 0x0, 0xff,
    0xe2, 0x41, 0x0, 0x77, 0x0, 0x7f, 0xf1, 0x64,
    0x3, 0x8d, 0x80, 0x3f, 0xf8, 0x88, 0x80, 0xe,
    0x81, 0x0, 0xff, 0xe2, 0x48, 0x7, 0xd, 0x80,
    0x7f, 0xf1, 0x9, 0xc0, 0x39, 0x50, 0x3, 0xff,
    0x89, 0x2, 0x1, 0xd2, 0x1, 0xff, 0xc5, 0xb0,
    0xe, 0x28,

    /* U+004C "L" */
    0xef, 0xfd, 0xa0, 0x1f, 0xff, 0xf0, 0xf, 0xff,
    0xf8, 0x7, 0xff, 0xfc, 0x3, 0xff, 0xfe, 0x1,
    0xff, 0xff, 0x0, 0xff, 0xff, 0x80, 0x7f, 0xf9,
    0x4a, 0xef, 0xff, 0x83, 0x20, 0x1e, 0x44, 0xff,
    0xe1, 0x0, 0x7f, 0xfc, 0x0,

    /* U+004D "M" */
    0x6f, 0xff, 0x70, 0x7, 0x2f, 0xff, 0xc0, 0x1f,
    0x9, 0x0, 0x6c, 0x0, 0xff, 0xe1, 0xa0, 0x6,
    0x70, 0xf, 0xfe, 0x1e, 0x0, 0x46, 0x20, 0x1f,
    0xfc, 0x34, 0x0, 0x90, 0x3, 0xff, 0x88, 0x24,
    0x0, 0xb0, 0xf, 0xfe, 0x2a, 0x0, 0x98, 0x7,
    0xff, 0x17, 0x1, 0x0, 0x21, 0x0, 0xff, 0x18,
    0x4, 0x81, 0x80, 0x13, 0x80, 0x7f, 0x9c, 0x80,
    0x2, 0x4e, 0x1, 0x60, 0x7, 0xfc, 0xa0, 0x15,
    0x88, 0x0, 0x5c, 0x3, 0xfe, 0xc0, 0x9, 0x80,
    0x27, 0x0, 0xff, 0xe0, 0x20, 0x7, 0xda, 0x1,
    0xff, 0x38, 0x20, 0x7, 0x90, 0x40, 0x3f, 0xf8,
    0x1a, 0x1, 0xc8, 0x1, 0xff, 0xc2, 0x40, 0xe,
    0xd0, 0xf, 0xfe, 0x11, 0x10, 0x3, 0x38, 0x7,
    0xff, 0x0, 0x40, 0x8, 0x1, 0x18, 0x83, 0x80,
    0x7f, 0xf0, 0x74, 0x2, 0xb0, 0xf, 0xfe, 0x22,
    0x0, 0x4a, 0x1, 0xff, 0xc1, 0x30, 0xb, 0xba,
    0x20, 0x0, 0x80, 0x7f, 0xf0, 0x84, 0x60, 0xf,
    0xff, 0xf8, 0x7, 0xff, 0xfc, 0x3, 0xff, 0x9e,

    /* U+004E "N" */
    0x7f, 0xfe, 0x80, 0xf, 0x9b, 0xff, 0x98, 0x3,
    0xcc, 0x1, 0xff, 0xc8, 0x16, 0x0, 0xff, 0xe4,
    0x58, 0x7, 0xff, 0x20, 0x90, 0x3, 0xff, 0x91,
    0xc0, 0x1f, 0xfc, 0x85, 0x20, 0xf, 0xfe, 0x45,
    0x0, 0x7f, 0xf2, 0x18, 0x3, 0xff, 0x90, 0x2c,
    0x1, 0xff, 0xc8, 0xb0, 0xf, 0xfe, 0x22, 0x80,
    0x44, 0x80, 0x1f, 0xfc, 0x3f, 0x20, 0xb, 0x80,
    0x3f, 0xf8, 0x94, 0x1, 0x29, 0x0, 0x7f, 0xf0,
    0xd8, 0x3, 0x50, 0x7, 0xff, 0xc, 0x58, 0x2,
    0x60, 0xf, 0xfe, 0x25, 0x80, 0x42, 0xc0, 0x1f,
    0xfc, 0x32, 0x40, 0xa, 0xc0, 0x3f, 0xf8, 0x9e,
    0x1, 0x16, 0x0, 0x7f, 0xf0, 0xd0, 0x80, 0x25,
    0x0, 0xff, 0xe2, 0x50, 0x7, 0xff, 0x21, 0x80,
    0x3f, 0xf9, 0x2, 0xc0, 0x1f, 0xfc, 0x8b, 0x0,
    0xff, 0xe4, 0x12, 0x0, 0x7f, 0xf2, 0x3c, 0x3,
    0xff, 0x90, 0x84, 0x1, 0xff, 0xc8, 0xa0, 0xf,
    0xfe, 0x43, 0x0, 0x7f, 0xf2, 0x5, 0x80, 0x3c,

    /* U+004F "O" */
    0x0, 0xf9, 0x6b, 0x7f, 0xed, 0x94, 0x0, 0xff,
    0xe0, 0x26, 0xd2, 0x90, 0x4, 0x4d, 0x7a, 0x60,
    0x1f, 0xcf, 0x64, 0x1, 0xfc, 0x58, 0xe0, 0x1f,
    0x34, 0x0, 0x7f, 0xf0, 0x61, 0xc0, 0x38, 0xa4,
    0x3, 0xe1, 0x0, 0xfa, 0xc, 0x3, 0x48, 0x7,
    0x16, 0x7f, 0x7d, 0x8, 0x7, 0x70, 0x4, 0x68,
    0x1, 0x87, 0xc, 0x2, 0x5f, 0x10, 0xc, 0x4a,
    0x0, 0xa0, 0xe, 0x81, 0x0, 0xe1, 0x80, 0xe,
    0xe0, 0x2, 0x0, 0x73, 0x0, 0x7c, 0xc2, 0x1,
    0x90, 0x4, 0x80, 0x31, 0x80, 0x7f, 0x20, 0x7,
    0x19, 0x0, 0x72, 0x80, 0x7f, 0x68, 0x7, 0x33,
    0x80, 0x70, 0x80, 0x7f, 0x8, 0x7, 0x10, 0x80,
    0x77, 0x80, 0x7f, 0x18, 0x7, 0x78, 0x7, 0xff,
    0xfc, 0x3, 0xff, 0xb8, 0x20, 0x1d, 0xe0, 0x1f,
    0xc6, 0x1, 0xde, 0xe0, 0x1c, 0x20, 0x1f, 0xc2,
    0x1, 0xc4, 0x40, 0xe, 0x50, 0xf, 0xed, 0x0,
    0xe6, 0x12, 0x0, 0xc6, 0x1, 0xfc, 0x80, 0x1c,
    0x60, 0x80, 0x1c, 0xc0, 0x1f, 0x30, 0x80, 0x64,
    0x0, 0x50, 0x7, 0x40, 0x80, 0x70, 0xc0, 0x7,
    0x70, 0x0, 0xd0, 0x3, 0xe, 0x18, 0x4, 0x98,
    0x20, 0x18, 0x94, 0x2, 0x90, 0xe, 0x2c, 0xed,
    0xfb, 0x20, 0xe, 0xe0, 0xc, 0x52, 0x1, 0xe1,
    0x20, 0xf, 0xa4, 0xc0, 0x39, 0xa0, 0x3, 0xff,
    0x83, 0xc, 0x1, 0xf3, 0xd9, 0x0, 0x7f, 0x15,
    0xb8, 0x7, 0xf2, 0x6d, 0xa9, 0x0, 0x44, 0xd7,
    0xa8, 0x1, 0xc0,

    /* U+0050 "P" */
    0xff, 0xff, 0xe0, 0x6d, 0x28, 0x7, 0xff, 0x18,
    0x96, 0xb9, 0xc0, 0x3f, 0xf8, 0xe3, 0x18, 0x20,
    0x1f, 0xfc, 0x73, 0xd0, 0xf, 0xc6, 0x7c, 0x20,
    0x1e, 0x38, 0x0, 0xf1, 0x66, 0x77, 0x69, 0x80,
    0x73, 0x88, 0x7, 0xff, 0x0, 0xb0, 0xc0, 0x39,
    0x80, 0x3f, 0xf8, 0x50, 0x1, 0xd8, 0x1, 0xff,
    0xc2, 0x40, 0xe, 0x60, 0xf, 0xfe, 0x18, 0x80,
    0x63, 0x0, 0xff, 0xe1, 0x88, 0x6, 0x30, 0xf,
    0xfe, 0x12, 0x0, 0x73, 0x0, 0x7f, 0xf0, 0x46,
    0x40, 0x3b, 0x40, 0x3f, 0xe1, 0x6f, 0x20, 0xe,
    0x70, 0xe, 0x2f, 0xfe, 0xe9, 0x10, 0xe, 0x81,
    0x0, 0xff, 0xe3, 0x2b, 0x80, 0x7f, 0xf1, 0x9e,
    0x80, 0x3f, 0xf8, 0xa9, 0x90, 0x1, 0xfc, 0x67,
    0xc8, 0xd3, 0xd6, 0x60, 0x1f, 0xc5, 0x99, 0xd7,
    0x2c, 0x20, 0x1f, 0xff, 0xf0, 0xf, 0xff, 0xf8,
    0x7, 0xff, 0xd8,

    /* U+0051 "Q" */
    0x0, 0xf9, 0x27, 0x7f, 0xed, 0xa5, 0x0, 0xff,
    0xe0, 0x9e, 0x5b, 0x10, 0x4, 0x4b, 0x5c, 0xa0,
    0x1f, 0xe5, 0xc3, 0x0, 0xfe, 0x1a, 0x90, 0xf,
    0xcb, 0x40, 0x1f, 0xfc, 0x16, 0x90, 0xf, 0xd,
    0x0, 0x7c, 0x20, 0x1f, 0x32, 0x80, 0x74, 0x0,
    0x70, 0xd7, 0xf7, 0xe1, 0x80, 0x75, 0x88, 0x4,
    0x2c, 0x1, 0xd8, 0xa0, 0x11, 0xe1, 0x80, 0x61,
    0x60, 0x9, 0xc0, 0x39, 0xc8, 0x3, 0xde, 0x1,
    0xd4, 0x1, 0x68, 0x7, 0x50, 0x7, 0xc6, 0x60,
    0xc, 0x44, 0x0, 0x20, 0x6, 0x12, 0x0, 0xfd,
    0x60, 0x1c, 0x80, 0x20, 0x1c, 0xa0, 0x1f, 0xc6,
    0x1, 0xdc, 0x4, 0x1, 0xc2, 0x1, 0xfc, 0xe0,
    0x1c, 0x40, 0x1f, 0x18, 0x7, 0xf0, 0x80, 0x70,
    0x83, 0x80, 0x7f, 0xff, 0xc0, 0x3f, 0xfc, 0xe,
    0x1, 0xff, 0xc9, 0x10, 0x10, 0xe, 0x30, 0xf,
    0xe6, 0x0, 0xe3, 0x2, 0x0, 0xe7, 0x0, 0xfe,
    0x20, 0xe, 0xe0, 0x1, 0x0, 0x62, 0x10, 0xf,
    0xda, 0x1, 0xc8, 0x0, 0x50, 0xe, 0x60, 0xf,
    0x89, 0x0, 0x30, 0x98, 0x2, 0x80, 0x3a, 0x8,
    0x3, 0xdc, 0x1, 0xcc, 0x1, 0x12, 0x0, 0x76,
    0x20, 0x4, 0x78, 0x60, 0x18, 0x64, 0x3, 0x48,
    0x7, 0xd, 0xfe, 0xf6, 0x18, 0x7, 0x58, 0x80,
    0x62, 0xa0, 0xf, 0x88, 0x40, 0x3c, 0xea, 0x1,
    0xe5, 0xa0, 0xf, 0xfe, 0x5a, 0xe1, 0x80, 0x7f,
    0xf0, 0x1e, 0x40, 0x3f, 0x1e, 0x5b, 0x10, 0x4,
    0x48, 0x1, 0xcd, 0x40, 0x1f, 0xc9, 0x3b, 0xff,
    0x6d, 0xc0, 0x7, 0x2d, 0x80, 0x7f, 0xf1, 0x1e,
    0x40, 0x39, 0x28, 0x3, 0xff, 0x88, 0xd4, 0x1,
    0x8a, 0xc0, 0x3f, 0xf8, 0xab, 0x60, 0x3, 0xc1,
    0x0, 0xff, 0xe3, 0x25, 0xae, 0x8, 0x0,

    /* U+0052 "R" */
    0x5f, 0xff, 0xfb, 0xb2, 0x50, 0x3, 0xff, 0x8e,
    0x26, 0xd7, 0xce, 0x1, 0xff, 0xc9, 0x18, 0xc1,
    0x0, 0xff, 0xe4, 0x9e, 0x80, 0x7f, 0x11, 0x9f,
    0x0, 0x7c, 0x6e, 0x1, 0xfa, 0xb3, 0x3b, 0xe8,
    0x40, 0x3a, 0x40, 0x3f, 0xf8, 0x6b, 0xe2, 0x1,
    0x85, 0x0, 0x3f, 0xf8, 0x62, 0xc0, 0x1c, 0x60,
    0x1f, 0xfc, 0x4c, 0x0, 0xef, 0x0, 0xff, 0xe2,
    0x38, 0x7, 0x8, 0x7, 0xff, 0x11, 0x80, 0x3b,
    0x80, 0x3f, 0xf8, 0x9e, 0x1, 0xc6, 0x1, 0xff,
    0xc3, 0x45, 0x0, 0xe4, 0x0, 0xff, 0xe0, 0x9c,
    0xd8, 0x7, 0x38, 0x7, 0xe8, 0xff, 0xec, 0x60,
    0xe, 0x28, 0x0, 0xff, 0xe4, 0x16, 0x0, 0x7f,
    0xf2, 0x1b, 0x44, 0x3, 0xff, 0x8f, 0x32, 0x0,
    0xff, 0x88, 0xcf, 0x0, 0x75, 0x0, 0x7f, 0xf0,
    0x2b, 0x33, 0x18, 0x6, 0x35, 0x0, 0xff, 0xe2,
    0x48, 0x7, 0x40, 0x7, 0xff, 0x11, 0x4c, 0x3,
    0x12, 0x80, 0x7f, 0xf1, 0x24, 0x3, 0xa0, 0x3,
    0xff, 0x88, 0xa6, 0x1, 0x89, 0x80, 0x3f, 0xf8,
    0x92, 0x1, 0xd0, 0x1, 0xff, 0xc4, 0x53, 0x0,
    0xc2, 0xc0, 0x1f, 0xfc, 0x49, 0x0, 0xe8, 0x0,
    0xff, 0xe2, 0x29, 0x80, 0x61, 0x70, 0xf, 0xfe,
    0x24, 0x80, 0x74, 0x80, 0x7f, 0xf1, 0x14, 0xc0,
    0x30, 0xb8,

    /* U+0053 "S" */
    0x0, 0xf8, 0xe3, 0x3b, 0xfe, 0xd9, 0x50, 0xf,
    0xf9, 0x37, 0x1c, 0xc4, 0x2, 0x26, 0xae, 0x60,
    0xf, 0xd3, 0x64, 0x1, 0xfe, 0x19, 0xb0, 0xf,
    0x4b, 0x0, 0x7f, 0xf0, 0x93, 0x0, 0x32, 0xb0,
    0x7, 0x89, 0x14, 0xc0, 0x3c, 0x70, 0x1, 0x48,
    0x7, 0x1e, 0xea, 0xeb, 0x39, 0x80, 0x39, 0xc4,
    0x4, 0xc0, 0x31, 0x61, 0x0, 0x61, 0x96, 0x0,
    0xe6, 0x2, 0x0, 0xea, 0x0, 0xfd, 0x0, 0x1d,
    0xa0, 0x1f, 0x8, 0x7, 0xe1, 0x20, 0xc, 0xc0,
    0x20, 0x1d, 0x80, 0x1f, 0xd9, 0xdd, 0xb4, 0x8,
    0x80, 0x19, 0x5c, 0x3, 0xf0, 0x8f, 0x80, 0x16,
    0x1, 0xd1, 0x88, 0x1, 0xff, 0xc2, 0x63, 0x0,
    0xe3, 0xbd, 0x84, 0x0, 0xff, 0xe0, 0x61, 0x80,
    0x78, 0x9e, 0xfe, 0x4c, 0x3, 0xfd, 0x8c, 0x1,
    0xfc, 0xd9, 0x64, 0x1, 0xfd, 0x3a, 0x80, 0x1f,
    0xc9, 0xae, 0x1, 0xfc, 0x57, 0xae, 0x40, 0x1f,
    0xa2, 0x40, 0x3f, 0xc5, 0x1b, 0xa9, 0x30, 0xf,
    0x33, 0x0, 0x3f, 0xf8, 0x4, 0xd9, 0x83, 0x0,
    0xe9, 0x10, 0xf, 0xfe, 0x11, 0xe2, 0x80, 0x73,
    0xc, 0x47, 0x20, 0x7, 0xf5, 0x80, 0x76, 0x3,
    0xbf, 0x68, 0x7, 0xf0, 0x90, 0x6, 0x61, 0x0,
    0xe7, 0x0, 0xff, 0x18, 0x7, 0x94, 0x3, 0xb,
    0x80, 0x7e, 0x41, 0x0, 0xcc, 0x12, 0x1, 0xd1,
    0x22, 0x1, 0xcb, 0x60, 0x1d, 0x80, 0x6a, 0x1,
    0xcd, 0xdb, 0x75, 0x7d, 0x40, 0x1e, 0x60, 0x5,
    0x18, 0x7, 0x89, 0x15, 0x4, 0x3, 0xd4, 0x20,
    0x16, 0x28, 0x7, 0xff, 0xe, 0x54, 0x3, 0xaa,
    0xcc, 0x3, 0xfe, 0x4c, 0x60, 0xf, 0x93, 0x31,
    0x8, 0x20, 0x11, 0x24, 0x6d, 0x98, 0x4,

    /* U+0054 "T" */
    0x7f, 0xff, 0xfe, 0x5d, 0x0, 0x7f, 0xff, 0xc8,
    0xcf, 0xf1, 0x0, 0x70, 0x99, 0xfe, 0xd5, 0xcc,
    0xfd, 0x0, 0x1d, 0x19, 0x9f, 0x9c, 0x3, 0xff,
    0xfe, 0x1, 0xff, 0xff, 0x0, 0xff, 0xff, 0x80,
    0x7f, 0xff, 0xc0, 0x3f, 0xff, 0xe0, 0x1f, 0xff,
    0xf0, 0xf, 0xff, 0xf8, 0x7, 0xff, 0xfc,

    /* U+0055 "U" */
    0x6f, 0xfe, 0x60, 0xf, 0x8b, 0xff, 0xa4, 0x3,
    0xff, 0xfe, 0x1, 0xff, 0xff, 0x0, 0xff, 0xff,
    0x80, 0x7f, 0xff, 0xc0, 0x3f, 0xff, 0xe0, 0x1f,
    0xfd, 0x21, 0x0, 0xf8, 0x40, 0x3c, 0x40, 0x1d,
    0xc0, 0x1f, 0x30, 0x7, 0x73, 0x0, 0x72, 0x0,
    0x7d, 0x80, 0x1c, 0x44, 0x10, 0xc, 0x46, 0x1,
    0xc4, 0xc0, 0x1c, 0x80, 0xc0, 0x1d, 0xa6, 0x1,
    0x1f, 0x80, 0x72, 0x8, 0x48, 0x7, 0xe, 0x6d,
    0xee, 0x10, 0x7, 0x40, 0x0, 0x68, 0x3, 0xc4,
    0x84, 0x1, 0xe6, 0x30, 0x9, 0x60, 0x3, 0xff,
    0x82, 0xb2, 0x1, 0xcf, 0x64, 0x1, 0xfc, 0x33,
    0x40, 0x1f, 0x26, 0xd2, 0x90, 0x4, 0x4b, 0x3c,
    0xc0, 0x18,

    /* U+0056 "V" */
    0x3f, 0xff, 0x10, 0x7, 0xfb, 0xbf, 0xf9, 0x8c,
    0x40, 0x39, 0x0, 0x3f, 0x88, 0x40, 0x39, 0xc1,
    0xc0, 0x3b, 0x0, 0x3f, 0x90, 0x3, 0x88, 0x43,
    0x40, 0x39, 0x0, 0x3f, 0xb4, 0x3, 0x94, 0x0,
    0x80, 0x1c, 0x24, 0x1, 0xf9, 0x0, 0x3a, 0xc0,
    0x24, 0x0, 0xe4, 0x0, 0xf8, 0xc0, 0x38, 0x4c,
    0x2, 0xd0, 0xe, 0xc0, 0xf, 0x90, 0x3, 0x9c,
    0x3, 0x38, 0x7, 0x20, 0x7, 0xd8, 0x1, 0xda,
    0x1, 0x84, 0xc0, 0x30, 0x98, 0x7, 0x90, 0x3,
    0x90, 0x3, 0x90, 0x3, 0x90, 0x3, 0x90, 0x3,
    0x90, 0x3, 0xd6, 0x1, 0xd8, 0x1, 0xd8, 0x1,
    0xda, 0x1, 0xe3, 0x10, 0xc, 0x80, 0x1c, 0x80,
    0x1c, 0xe0, 0x1f, 0x38, 0x7, 0x18, 0x6, 0x30,
    0xc, 0x62, 0x1, 0xf6, 0x80, 0x72, 0x0, 0x48,
    0x1, 0xd6, 0x1, 0xf9, 0x0, 0x3a, 0xc0, 0x2c,
    0x0, 0xe4, 0x0, 0xfe, 0x40, 0xc, 0x60, 0x12,
    0x80, 0x61, 0x30, 0xf, 0xed, 0x0, 0xe4, 0x1,
    0x20, 0xc, 0xe0, 0x1f, 0xe7, 0x0, 0xec, 0x4,
    0x0, 0xed, 0x0, 0xff, 0x9, 0x80, 0x64, 0xc,
    0x0, 0xe4, 0x0, 0xff, 0x90, 0x3, 0x18, 0x20,
    0x6, 0x40, 0xf, 0xfe, 0x5, 0x80, 0x73, 0x10,
    0x6, 0xd0, 0xf, 0xfe, 0x1, 0x88, 0x6, 0x80,
    0xe, 0x70, 0xf, 0xfe, 0xb, 0x80, 0x61, 0x0,
    0xc6, 0x20, 0x1f, 0xfc, 0x1d, 0x0, 0xfe, 0xb0,
    0xf, 0xfe, 0x12, 0x0, 0x7f, 0x20, 0x7, 0xff,
    0xd, 0x0, 0x3e, 0x13, 0x0, 0xff, 0xe1, 0xe8,
    0x7, 0xce, 0x1, 0xff, 0xc4, 0x70, 0xf, 0xb4,
    0x3, 0xff, 0x88, 0x26, 0x1, 0xe4, 0x0, 0xff,
    0xe2, 0xd8, 0x7, 0x28, 0x7, 0xf0,

    /* U+0057 "W" */
    0x6f, 0xfd, 0xa0, 0x1a, 0x7f, 0xea, 0x0, 0xd3,
    0xff, 0xa8, 0x80, 0x31, 0x0, 0x62, 0x0, 0x9c,
    0x3, 0x10, 0x6, 0x26, 0x0, 0xe1, 0x0, 0x98,
    0x2, 0x20, 0xc, 0xc0, 0x1b, 0x88, 0x3, 0x88,
    0x2, 0x20, 0xc, 0x40, 0x11, 0x0, 0x62, 0x2,
    0x0, 0xcc, 0x0, 0x20, 0xe, 0x60, 0x0, 0x80,
    0x73, 0x3, 0x0, 0x62, 0x0, 0x30, 0x7, 0x10,
    0x0, 0x80, 0x38, 0x80, 0x80, 0x37, 0x0, 0x8,
    0x3, 0xbc, 0x0, 0xc0, 0x18, 0x80, 0x1c, 0x1,
    0x88, 0x1, 0xe0, 0x1c, 0x40, 0x2, 0x0, 0xcc,
    0x0, 0x30, 0xc, 0xc0, 0x2, 0x0, 0xe6, 0x0,
    0x70, 0x6, 0x20, 0x3, 0x0, 0x63, 0x0, 0x30,
    0x7, 0x10, 0x0, 0xc0, 0x37, 0x0, 0x8, 0x3,
    0x8, 0x0, 0x80, 0x3c, 0x40, 0xc0, 0x18, 0xc0,
    0x21, 0x0, 0xc4, 0x40, 0xf, 0x9c, 0x8, 0x3,
    0x30, 0x4, 0x40, 0x19, 0x98, 0x1, 0x8, 0x4,
    0x40, 0x20, 0x18, 0x80, 0x25, 0x0, 0xc4, 0x40,
    0x9, 0x0, 0x2e, 0x20, 0xc, 0x20, 0x1b, 0x80,
    0x37, 0x78, 0x5, 0xe0, 0x12, 0xb0, 0x6, 0x20,
    0xc, 0x40, 0x18, 0x88, 0x1, 0x20, 0x80, 0x8,
    0x80, 0x19, 0x40, 0x33, 0x0, 0x66, 0x60, 0x0,
    0x44, 0x40, 0x1, 0xf0, 0xd, 0xc0, 0x18, 0x80,
    0x31, 0x10, 0x0, 0x40, 0xa0, 0x12, 0x0, 0x62,
    0x0, 0xc2, 0x1, 0x84, 0x2, 0x50, 0xe0, 0x8,
    0x80, 0x33, 0x0, 0x71, 0x80, 0x7d, 0xc0, 0x60,
    0x1f, 0x88, 0x3, 0x98, 0x3, 0xe2, 0x6, 0x0,
    0xf8, 0x44, 0x1, 0xc4, 0x1, 0xf3, 0x81, 0x0,
    0x7c, 0x40, 0x1e, 0xe0, 0xf, 0x88, 0x0, 0x60,
    0x1e, 0x60, 0xf, 0x10, 0x7, 0x88, 0x2, 0x60,
    0xf, 0x10, 0x7, 0x94, 0x3, 0xcc, 0x1, 0x68,
    0x7, 0xb4, 0x3, 0xc2, 0x1, 0xe3, 0x0, 0x88,
    0x3, 0xcc, 0x1, 0xf1, 0x0, 0x77, 0x0, 0x4e,
    0x1, 0xe2, 0x0, 0xf9, 0x80, 0x39, 0x40, 0x22,
    0x0, 0xf0, 0x80, 0x7c, 0x40, 0x1c, 0x40, 0x18,
    0x80, 0x31, 0x0, 0x7e, 0xf0, 0xc, 0x22, 0x0,
    0xce, 0x1, 0x9c, 0x3, 0x0,

    /* U+0058 "X" */
    0xd, 0xff, 0xec, 0x0, 0xfe, 0x2f, 0xff, 0x48,
    0x2, 0x40, 0x38, 0xd0, 0x3, 0xf4, 0x0, 0x7a,
    0x0, 0x8, 0x80, 0xe, 0x80, 0xf, 0x89, 0x40,
    0x3a, 0x4, 0x2, 0x80, 0xe, 0x33, 0x0, 0x7a,
    0xc0, 0x38, 0x9c, 0x3, 0x1b, 0x0, 0x74, 0x0,
    0x70, 0xb0, 0x7, 0x40, 0x7, 0xa0, 0x3, 0x90,
    0xc0, 0x34, 0x0, 0x71, 0xa8, 0x7, 0x86, 0x0,
    0x3a, 0x40, 0x21, 0x60, 0xe, 0xf0, 0xf, 0xce,
    0x20, 0x19, 0x48, 0x1, 0x20, 0x1c, 0xa6, 0x1,
    0xfd, 0x60, 0x1d, 0x0, 0x2e, 0x1, 0xd6, 0x1,
    0xfe, 0x53, 0x0, 0xca, 0x52, 0x1, 0xce, 0x20,
    0x1f, 0xf7, 0x80, 0x74, 0x38, 0x6, 0x18, 0x0,
    0xff, 0xe0, 0x1a, 0x80, 0x65, 0x0, 0xe8, 0x0,
    0xff, 0xe1, 0x40, 0x7, 0xf1, 0xb0, 0x7, 0xff,
    0x8, 0x9c, 0x3, 0xf7, 0x80, 0x7f, 0xf1, 0x20,
    0x40, 0x3c, 0x86, 0x1, 0xff, 0xc4, 0x21, 0x0,
    0xf3, 0x0, 0x7f, 0xf1, 0x64, 0x3, 0xe2, 0x60,
    0xf, 0xfe, 0x1a, 0x20, 0x3, 0xf4, 0x0, 0x7f,
    0xf0, 0xe4, 0x3, 0xf8, 0x60, 0x3, 0xff, 0x82,
    0xc4, 0x1, 0x94, 0x40, 0x33, 0x90, 0x7, 0xff,
    0x2, 0x0, 0x3a, 0x20, 0x1, 0xd0, 0x1, 0xff,
    0x40, 0x80, 0x65, 0x26, 0x10, 0xc, 0xa6, 0x1,
    0xfc, 0x4e, 0x1, 0xd0, 0x0, 0x80, 0xe, 0xf0,
    0xf, 0xe8, 0x0, 0xe5, 0x20, 0x3, 0x8, 0x6,
    0x36, 0x0, 0xf9, 0x14, 0x3, 0xa0, 0x3, 0x40,
    0x7, 0x40, 0x7, 0xd2, 0x1, 0xca, 0x40, 0x19,
    0x84, 0x3, 0xc, 0x0, 0x73, 0x10, 0x7, 0x40,
    0x7, 0xa0, 0x3, 0x9c, 0x40, 0x34, 0x0, 0x72,
    0x90, 0x7, 0x98, 0x80, 0x3a, 0xc0, 0x28, 0x10,
    0xe, 0x80, 0xf, 0xd6, 0x1, 0xca, 0x60, 0x4e,
    0x1, 0xca, 0x40, 0x1f, 0x98, 0x80, 0x3b, 0xc0,

    /* U+0059 "Y" */
    0x1f, 0xff, 0x18, 0x7, 0xf9, 0xff, 0xfb, 0x40,
    0x58, 0x3, 0xa4, 0x3, 0xfd, 0x40, 0x1d, 0x60,
    0xb, 0x0, 0xe5, 0x10, 0xf, 0xc8, 0x40, 0x18,
    0x58, 0x0, 0x4a, 0x1, 0xcc, 0x1, 0xfb, 0xc0,
    0x3a, 0x0, 0x34, 0x80, 0x75, 0x0, 0x7c, 0x48,
    0x1, 0x85, 0x80, 0x31, 0xa0, 0x6, 0x24, 0x0,
    0xf5, 0x0, 0x74, 0x80, 0x7a, 0x0, 0x3b, 0xc0,
    0x3c, 0xc0, 0x1c, 0xe0, 0x1e, 0x34, 0x0, 0xc8,
    0x40, 0x19, 0x84, 0x3, 0x38, 0x7, 0xef, 0x0,
    0xeb, 0x0, 0xd4, 0x1, 0xd2, 0x1, 0xf9, 0xc,
    0x3, 0x30, 0x4, 0x66, 0x0, 0xce, 0x20, 0x1f,
    0xd2, 0x1, 0xcc, 0x0, 0x90, 0xe, 0x90, 0xf,
    0xf2, 0x90, 0x6, 0xb0, 0x15, 0x0, 0xcc, 0x20,
    0x1f, 0xf4, 0x0, 0x62, 0x36, 0x0, 0xeb, 0x0,
    0xff, 0xe0, 0x29, 0x0, 0x69, 0x90, 0x6, 0x52,
    0x0, 0xff, 0xe0, 0xd8, 0x6, 0x51, 0x0, 0xd0,
    0x1, 0xff, 0xc2, 0x61, 0x0, 0xfc, 0xa4, 0x1,
    0xff, 0xc3, 0x90, 0xf, 0xd2, 0x1, 0xff, 0xc4,
    0x71, 0x0, 0xf2, 0x18, 0x7, 0xff, 0x16, 0x40,
    0x3d, 0x0, 0x1f, 0xfc, 0x66, 0x0, 0xe3, 0x30,
    0x7, 0xff, 0x31, 0xc0, 0x3f, 0xff, 0xe0, 0x1f,
    0xff, 0xf0, 0xf, 0xfe, 0x68, 0x80, 0x7f, 0xfe,
    0x0,

    /* U+005A "Z" */
    0x2f, 0xff, 0xfe, 0x4a, 0x0, 0x7f, 0xfe, 0x1c,
    0xcf, 0xff, 0x86, 0x1, 0xe5, 0x31, 0xcc, 0xff,
    0xe0, 0xf8, 0x7, 0xd, 0x80, 0x7f, 0xf0, 0xf8,
    0x3, 0xa8, 0x40, 0x3f, 0xf8, 0x50, 0x40, 0x19,
    0x50, 0x3, 0xff, 0x84, 0x6e, 0x1, 0x86, 0xc0,
    0x3f, 0xf8, 0x7c, 0x1, 0xd6, 0x20, 0x1f, 0xfc,
    0x28, 0x20, 0xc, 0xaa, 0x0, 0xff, 0xe1, 0x1b,
    0x80, 0x61, 0xb0, 0xf, 0xfe, 0x1f, 0x0, 0x75,
    0x88, 0x7, 0xff, 0xa, 0x8, 0x3, 0x2a, 0x80,
    0x3f, 0xf8, 0x46, 0xe0, 0x18, 0x6c, 0x3, 0xff,
    0x87, 0xc0, 0x1d, 0x62, 0x1, 0xff, 0xc2, 0x82,
    0x0, 0xca, 0xa0, 0xf, 0xfe, 0x11, 0xb8, 0x6,
    0x1b, 0x0, 0xff, 0xe1, 0xf0, 0x7, 0x58, 0x80,
    0x7f, 0xf0, 0xa0, 0x80, 0x32, 0xa8, 0x3, 0xff,
    0x84, 0x6e, 0x1, 0x86, 0xc0, 0x3f, 0xf8, 0x7c,
    0x1, 0xd6, 0x20, 0x1f, 0xfc, 0x29, 0x20, 0xc,
    0xaa, 0x0, 0xff, 0xe1, 0x1b, 0x0, 0x61, 0xb0,
    0xf, 0xfe, 0x1f, 0x0, 0x75, 0x88, 0x7, 0xff,
    0xa, 0x48, 0x3, 0xba, 0xef, 0xff, 0x82, 0xe4,
    0xc0, 0x1e, 0x44, 0xff, 0xe1, 0x68, 0x7, 0xff,
    0xe4,

    /* U+005B "[" */
    0x67, 0x7f, 0xc5, 0x51, 0x1f, 0x90, 0x3, 0xff,
    0xae, 0x3f, 0xf3, 0x0, 0x7f, 0xff, 0xc0, 0x3f,
    0xff, 0xe0, 0x1f, 0xff, 0xf0, 0xf, 0xff, 0xf8,
    0x7, 0xff, 0x34, 0x62, 0x23, 0x0, 0xf3, 0xbc,
    0xa0, 0x1f, 0xfd, 0x20,

    /* U+005C "\\" */
    0xe, 0xff, 0xcc, 0x1, 0xff, 0xc0, 0x70, 0xd,
    0x40, 0x1f, 0xfc, 0xa, 0x0, 0xc6, 0x20, 0x1f,
    0xf1, 0x88, 0x6, 0x70, 0xf, 0xfe, 0x3, 0x0,
    0x6a, 0x0, 0xff, 0xe0, 0x58, 0x6, 0x31, 0x0,
    0xff, 0x8c, 0x80, 0x33, 0x0, 0x7f, 0xf0, 0x14,
    0x3, 0x58, 0x7, 0xff, 0x2, 0xc0, 0x31, 0x90,
    0x7, 0xfc, 0x64, 0x1, 0x94, 0x3, 0xff, 0x80,
    0xa0, 0x1a, 0xc0, 0x3f, 0xf8, 0x14, 0x1, 0x8c,
    0x80, 0x3f, 0xe2, 0x20, 0x6, 0x50, 0xf, 0xfe,
    0x2, 0x80, 0x6a, 0x0, 0xff, 0xe0, 0x50, 0x6,
    0x22, 0x0, 0x7f, 0xc4, 0x40, 0xd, 0x40, 0x1f,
    0xfc, 0xa, 0x0, 0xca, 0x1, 0xff, 0xc0, 0x50,
    0xc, 0x44, 0x0, 0xff, 0x88, 0x80, 0x1a, 0x80,
    0x3f, 0xf8, 0x14, 0x1, 0x94, 0x3, 0xff, 0x80,
    0xa0, 0x18, 0x8c, 0x3, 0xfe, 0x23, 0x0, 0xd6,
    0x1, 0xff, 0xc0, 0xb0, 0xc, 0xa0, 0x1f, 0xfc,
    0x5, 0x0, 0xc4, 0x60, 0x1f, 0xf1, 0x18, 0x6,
    0xb0, 0xf, 0xfe, 0x5, 0x80, 0x66, 0x0, 0xff,
    0xe0, 0x30, 0x6, 0x13, 0x0, 0xff, 0x84, 0xc0,
    0x35, 0x0, 0x7f, 0xf0, 0x28, 0x3, 0x38, 0x7,
    0xff, 0x1, 0xc0, 0x30, 0xa0, 0x7, 0xfc, 0x26,
    0x1, 0xb4, 0x3, 0xff, 0x81, 0x40, 0x19, 0xc0,
    0x3f, 0xf8, 0xe, 0x1, 0x85, 0x0,

    /* U+005D "]" */
    0x67, 0x7f, 0xc7, 0x51, 0x1f, 0x94, 0x3, 0xff,
    0xa5, 0x9f, 0xeb, 0x0, 0xff, 0xff, 0x80, 0x7f,
    0xff, 0xc0, 0x3f, 0xff, 0xe0, 0x1f, 0xff, 0xf0,
    0xf, 0xfe, 0x73, 0x44, 0x38, 0x3, 0xd4, 0xee,
    0x50, 0xf, 0xfe, 0xc0,

    /* U+005E "^" */
    0x0, 0xf2, 0x7f, 0xe3, 0x0, 0xff, 0xe0, 0x78,
    0x6, 0x90, 0xf, 0xf8, 0x90, 0x3, 0x28, 0x80,
    0x7f, 0xa8, 0x3, 0xcc, 0x1, 0xfe, 0x60, 0xf,
    0x50, 0x7, 0xf2, 0x88, 0x0, 0xc4, 0x0, 0x48,
    0x1, 0xfa, 0x40, 0x24, 0x40, 0x5, 0xc0, 0x1f,
    0x11, 0x80, 0x55, 0xc0, 0x12, 0x88, 0x7, 0xac,
    0x2, 0x32, 0x41, 0x0, 0x98, 0x3, 0xce, 0x1,
    0x50, 0x1, 0x80, 0x29, 0x0, 0xe6, 0x10, 0x9,
    0xc0, 0x14, 0x1, 0xa, 0x0, 0x6a, 0x0, 0x94,
    0x40, 0x4, 0x80, 0x17, 0x80, 0x46, 0x60, 0xb,
    0x80, 0x37, 0x0, 0x48, 0x40, 0xa, 0x0, 0x85,
    0x0, 0x32, 0x80, 0x6a, 0x0, 0x30, 0x4, 0xc0,
    0x1e, 0x60, 0x9, 0x81, 0x80, 0x35, 0x0, 0x7a,
    0x80, 0x21, 0x50,

    /* U+005F "_" */
    0x88, 0xff, 0xe3, 0x33, 0xbf, 0xff, 0x1b, 0x40,
    0x3f, 0xfd, 0xa0,

    /* U+0060 "`" */
    0x2c, 0xdd, 0xd8, 0x1, 0x8a, 0x48, 0xb1, 0xc0,
    0x6, 0x59, 0x0, 0xce, 0x40, 0x19, 0xa0, 0x3,
    0x70, 0x7, 0x3b, 0x80, 0x23, 0x60, 0xe, 0x86,
    0x0, 0xa0, 0x40,

    /* U+0061 "a" */
    0x0, 0xe2, 0x8b, 0xef, 0xfb, 0x65, 0x40, 0x3f,
    0x86, 0xf5, 0xd0, 0x40, 0x22, 0x6a, 0xe5, 0x0,
    0xf1, 0xfa, 0x0, 0x7f, 0x86, 0xa0, 0x3, 0xe,
    0x88, 0x7, 0xff, 0x5, 0xd8, 0x2, 0x81, 0x0,
    0xc2, 0xf5, 0x2e, 0x20, 0x1d, 0x0, 0x13, 0x0,
    0x61, 0xf8, 0x56, 0x8f, 0x30, 0xc, 0x2a, 0x2,
    0x1, 0xce, 0x20, 0x18, 0x60, 0x3, 0xb4, 0x7,
    0xff, 0xa4, 0x3, 0xca, 0x1, 0xc4, 0x1, 0xff,
    0xc2, 0x10, 0xf, 0xfe, 0x2, 0x4e, 0x77, 0xff,
    0x0, 0x7f, 0x9b, 0xad, 0x8c, 0x40, 0x3f, 0xf8,
    0x57, 0x22, 0x1, 0xff, 0xc5, 0x94, 0x0, 0xe3,
    0x68, 0x8c, 0x1, 0xf0, 0xb0, 0x6, 0x1b, 0xc9,
    0x77, 0xc0, 0x1f, 0x38, 0x7, 0x42, 0x0, 0x7f,
    0xf0, 0x7c, 0x3, 0x9c, 0x3, 0xff, 0x84, 0x60,
    0x1c, 0x60, 0x1e, 0x40, 0xf, 0x88, 0x3, 0xa0,
    0x3, 0x9a, 0xc0, 0x3e, 0xc0, 0xe, 0x5d, 0x98,
    0x9e, 0x90, 0xf, 0xc8, 0x60, 0x1c, 0x4c, 0xec,
    0x20, 0x1f, 0x8, 0x3, 0x84, 0x3, 0xff, 0x88,
    0xc0, 0x2, 0xc3, 0x0, 0xfc, 0x36, 0x80, 0x18,
    0x84, 0x0, 0x59, 0x4a, 0x40, 0x1, 0x49, 0xe4,
    0xd0, 0xe, 0x60,

    /* U+0062 "b" */
    0xff, 0xeb, 0x0, 0xff, 0xff, 0x80, 0x7f, 0xff,
    0xc0, 0x3f, 0xfa, 0x63, 0x1b, 0xfe, 0xeb, 0x60,
    0xf, 0xf9, 0x79, 0xc8, 0x0, 0x29, 0x3a, 0x40,
    0x1f, 0x96, 0x80, 0x3f, 0x16, 0x98, 0x7, 0xc2,
    0x1, 0xff, 0x70, 0x7, 0xf8, 0x90, 0xc0, 0x3c,
    0x50, 0x1, 0xf1, 0x66, 0xde, 0x72, 0x80, 0x73,
    0x0, 0x7d, 0xe6, 0x1, 0xd, 0x10, 0x6, 0x14,
    0x0, 0xe4, 0x20, 0xf, 0x40, 0x7, 0x60, 0x7,
    0xff, 0x5, 0x0, 0x38, 0xc0, 0x3f, 0xf8, 0x22,
    0x20, 0xc, 0xe0, 0x1f, 0xfc, 0x23, 0x0, 0xc2,
    0x1, 0xff, 0xc7, 0x30, 0xf, 0xfe, 0x39, 0x80,
    0x7f, 0xf0, 0x8c, 0x3, 0x8, 0x7, 0xff, 0x4,
    0x44, 0x1, 0x9c, 0x3, 0xff, 0x82, 0x80, 0x1c,
    0x60, 0x1c, 0x84, 0x1, 0xe9, 0x0, 0xec, 0x0,
    0xf7, 0x98, 0x6, 0xa3, 0x0, 0xc2, 0x80, 0x1e,
    0x2c, 0xdb, 0xcf, 0x50, 0xe, 0x60, 0xf, 0xe2,
    0x43, 0x0, 0xf0, 0xc0, 0x7, 0x8c, 0x3, 0xfe,
    0xd0, 0xf, 0xa2, 0x0, 0x1f, 0x8b, 0xc, 0x3,
    0xe7, 0x76, 0xb1, 0x0, 0x5, 0x27, 0x4c, 0x2,

    /* U+0063 "c" */
    0x0, 0xf1, 0xc6, 0x77, 0xfb, 0x69, 0x80, 0x3f,
    0xc5, 0x78, 0xe6, 0x20, 0x2, 0x59, 0xf7, 0x0,
    0xf9, 0x31, 0x0, 0x3f, 0xd1, 0x60, 0x1c, 0x56,
    0x20, 0x1f, 0xfc, 0x4, 0x90, 0xd, 0xe0, 0x1e,
    0x24, 0x30, 0xf, 0x31, 0x80, 0x18, 0x80, 0x30,
    0xe6, 0xde, 0x72, 0x80, 0x74, 0x0, 0x2c, 0x3,
    0xb4, 0xc0, 0x21, 0xa3, 0x0, 0xc8, 0x2, 0x40,
    0x19, 0xc, 0x3, 0xd2, 0x1, 0xc4, 0x80, 0x1d,
    0xa0, 0x1f, 0x3a, 0xaf, 0x19, 0x0, 0x72, 0x80,
    0x7c, 0x55, 0x5c, 0x3c, 0x1, 0xc2, 0x1, 0xff,
    0xc8, 0x30, 0xf, 0xfe, 0xbf, 0x0, 0x71, 0x0,
    0x7f, 0xf0, 0x88, 0x3, 0x98, 0x3, 0xff, 0x84,
    0x80, 0x1d, 0xe0, 0x1f, 0x1f, 0xff, 0x10, 0x90,
    0x6, 0x52, 0x0, 0xf5, 0x0, 0x71, 0x5, 0x80,
    0x76, 0x18, 0x6, 0x86, 0x0, 0xc6, 0x0, 0x62,
    0x0, 0xc3, 0x98, 0xab, 0xf7, 0x0, 0xe8, 0x0,
    0xbc, 0x3, 0xc6, 0xa8, 0x1, 0xe6, 0x40, 0x8,
    0xac, 0x3, 0xff, 0x82, 0xb2, 0x1, 0xc9, 0xa8,
    0x1, 0xfc, 0x33, 0x40, 0x1f, 0x15, 0xe3, 0x98,
    0x80, 0x9, 0x6b, 0x98, 0x3, 0x0,

    /* U+0064 "d" */
    0x0, 0xff, 0xe1, 0x4f, 0xff, 0x10, 0x7, 0xff,
    0xfc, 0x3, 0xff, 0xfe, 0x1, 0xff, 0xcb, 0x3a,
    0xdf, 0xf6, 0xc9, 0x0, 0x7f, 0xc3, 0x58, 0xa4,
    0x0, 0x26, 0xd7, 0x0, 0xff, 0x6a, 0x80, 0x7e,
    0x87, 0x0, 0xfd, 0x46, 0x1, 0xfe, 0x10, 0xf,
    0x8d, 0x40, 0x3c, 0x48, 0x40, 0x1f, 0xe8, 0x0,
    0xe1, 0xcd, 0xbd, 0xd1, 0x80, 0x7c, 0x28, 0x1,
    0xd8, 0x60, 0x11, 0x60, 0x80, 0x79, 0x40, 0x39,
    0x88, 0x3, 0xce, 0x1, 0xe3, 0x0, 0xed, 0x0,
    0xff, 0xe1, 0x70, 0x7, 0x30, 0x7, 0xff, 0x8,
    0xc0, 0x38, 0x80, 0x3f, 0xf8, 0x42, 0x1, 0xff,
    0xc8, 0x10, 0xf, 0xfe, 0x41, 0x80, 0x70, 0x80,
    0x7f, 0xf0, 0xb8, 0x3, 0x94, 0x3, 0xff, 0x84,
    0x60, 0x1d, 0xa0, 0x1f, 0xfc, 0x24, 0x0, 0xe6,
    0x20, 0xe, 0x17, 0x0, 0xf9, 0x40, 0x3b, 0xc8,
    0x2, 0x2d, 0x10, 0xf, 0xa4, 0x3, 0x8b, 0x75,
    0x7b, 0xa3, 0x0, 0xfc, 0x6c, 0x1, 0xe2, 0x42,
    0x0, 0xff, 0xa4, 0xc0, 0x3f, 0xc4, 0x1, 0xfd,
    0x8a, 0x1, 0xf9, 0xfc, 0x3, 0xfd, 0x58, 0xc4,
    0x0, 0x26, 0xd8, 0x20, 0xf, 0x0,

    /* U+0065 "e" */
    0x0, 0xf0, 0xbd, 0xf7, 0xfb, 0xb2, 0x8, 0x3,
    0xfe, 0x8e, 0x84, 0x10, 0x0, 0x9b, 0xed, 0x8,
    0x7, 0xc3, 0xae, 0x1, 0xfe, 0x5f, 0x20, 0xe,
    0x1c, 0x20, 0xf, 0xfe, 0x0, 0xf8, 0x80, 0x6a,
    0x20, 0xe, 0x14, 0x40, 0x80, 0x71, 0x40, 0x4,
    0x88, 0x0, 0xea, 0xeb, 0xb7, 0x58, 0x80, 0x66,
    0x20, 0x4, 0x0, 0x75, 0xa8, 0x6, 0x4c, 0x0,
    0xea, 0x2, 0x30, 0xc, 0x88, 0x0, 0xf1, 0x28,
    0x6, 0x40, 0x40, 0xe, 0xe0, 0xf, 0xda, 0x1,
    0x8c, 0x3c, 0x3, 0xab, 0xff, 0xf4, 0x0, 0x70,
    0x98, 0x7, 0xff, 0x20, 0xc4, 0x3, 0xff, 0xbe,
    0x20, 0x1d, 0x9f, 0xff, 0xfc, 0x22, 0xd0, 0xe,
    0x40, 0xf, 0xfe, 0x1a, 0x0, 0x74, 0x80, 0x7f,
    0x84, 0x3, 0x19, 0x0, 0x61, 0xa0, 0xf, 0xc3,
    0x92, 0x1, 0xac, 0x3, 0x97, 0xc, 0x3, 0xb,
    0xf9, 0x33, 0x80, 0x4c, 0x80, 0x1c, 0x79, 0xb5,
    0x4c, 0xe8, 0x10, 0x4, 0x28, 0x5, 0x44, 0x1,
    0xe2, 0x55, 0x18, 0x7, 0x98, 0x2, 0x1c, 0x40,
    0xf, 0xfe, 0x8, 0xe1, 0x80, 0x61, 0xb9, 0x10,
    0xf, 0xf3, 0x79, 0x80, 0x7c, 0xdd, 0x4a, 0x40,
    0x10, 0xa4, 0x74, 0x88, 0x4,

    /* U+0066 "f" */
    0x0, 0xff, 0x89, 0xef, 0xbf, 0xed, 0xb9, 0x40,
    0xf, 0xe1, 0xbd, 0x84, 0x10, 0x8, 0x91, 0xb4,
    0x3, 0xf1, 0xfa, 0x0, 0x7f, 0x84, 0x3, 0xe1,
    0xd1, 0x0, 0xff, 0xb8, 0x3, 0xeb, 0x10, 0xf,
    0x9, 0xa1, 0x90, 0x18, 0x7, 0x85, 0x40, 0x39,
    0x37, 0xb2, 0xf3, 0x7d, 0x40, 0x3c, 0x80, 0x1c,
    0x96, 0x40, 0x1f, 0xfc, 0x1d, 0x0, 0xef, 0x0,
    0xff, 0xe1, 0x88, 0x7, 0x30, 0x7, 0xff, 0x4d,
    0xbf, 0xf9, 0x80, 0x3b, 0x7f, 0xfe, 0x20, 0xf,
    0xff, 0xbb, 0xdd, 0xf2, 0x0, 0x75, 0x5d, 0xfc,
    0x40, 0x28, 0x9c, 0x40, 0x1c, 0xe8, 0x9f, 0x0,
    0x7f, 0xff, 0xc0, 0x3f, 0xff, 0xe0, 0x1f, 0xff,
    0xf0, 0xf, 0xff, 0xf8, 0x7, 0xff, 0xfc, 0x0,

    /* U+0067 "g" */
    0x0, 0xe2, 0x8d, 0xff, 0x76, 0x38, 0x3, 0x3f,
    0xf3, 0x80, 0x68, 0xd7, 0x20, 0x0, 0x9c, 0x71,
    0x90, 0x7, 0xea, 0x70, 0xf, 0xc3, 0x82, 0x1,
    0xf4, 0x28, 0x7, 0xff, 0x18, 0x9c, 0x3, 0xc2,
    0x86, 0x1, 0xfe, 0xb0, 0xf, 0x57, 0x5e, 0x7c,
    0x0, 0x7e, 0x60, 0xe, 0xa5, 0x0, 0xce, 0xe0,
    0xf, 0x20, 0x7, 0x1a, 0x80, 0x7b, 0x0, 0x3c,
    0x60, 0x1d, 0x40, 0x1f, 0xfc, 0x2e, 0x0, 0xe5,
    0x0, 0xff, 0xe1, 0x18, 0x7, 0x10, 0x7, 0xff,
    0x8, 0x40, 0x38, 0x40, 0x3f, 0xf8, 0x42, 0x1,
    0xc2, 0x1, 0xff, 0xc2, 0x30, 0xe, 0x30, 0xf,
    0xfe, 0x17, 0x0, 0x73, 0x80, 0x7f, 0xf0, 0x8c,
    0x3, 0xb8, 0x3, 0xff, 0x84, 0x80, 0x1c, 0x88,
    0x0, 0xf6, 0x0, 0x7c, 0xc0, 0x1d, 0x6a, 0x1,
    0xa1, 0xc0, 0x3e, 0xb0, 0xf, 0x57, 0x5e, 0x7b,
    0x80, 0x7e, 0x28, 0x0, 0xf0, 0xa1, 0x80, 0x7f,
    0xce, 0xa0, 0x1f, 0xe1, 0x0, 0xfe, 0xa8, 0x0,
    0xfc, 0x96, 0x1, 0xfe, 0x7d, 0x72, 0x0, 0xa,
    0xdd, 0x84, 0x3, 0xfe, 0x28, 0xdf, 0xf7, 0x52,
    0x1, 0x0, 0x70, 0x80, 0x62, 0x0, 0xfe, 0xc0,
    0xe, 0x50, 0x9, 0xb0, 0x80, 0x3e, 0x35, 0x0,
    0xe3, 0x0, 0x14, 0x8e, 0xb0, 0x7, 0x26, 0x80,
    0x73, 0x0, 0x52, 0x1, 0x4f, 0x54, 0xcb, 0x6c,
    0x40, 0x3a, 0xc0, 0x4, 0x80, 0x18, 0x55, 0x98,
    0x40, 0x1e, 0x92, 0x0, 0x15, 0x0, 0x7f, 0xf0,
    0xa1, 0x80, 0x32, 0xea, 0x80, 0x7f, 0x8a, 0xdc,
    0x3, 0xc5, 0x5b, 0x8, 0x20, 0x1, 0x37, 0xbd,
    0x40, 0xc,

    /* U+0068 "h" */
    0x1f, 0xfe, 0x90, 0xf, 0xff, 0xf8, 0x7, 0xff,
    0xfc, 0x3, 0xff, 0xba, 0x53, 0xbf, 0xed, 0xa4,
    0x0, 0xff, 0xe0, 0x46, 0xb1, 0x0, 0x9, 0x6e,
    0xc0, 0x1f, 0xe9, 0x70, 0xf, 0xc9, 0x80, 0x1f,
    0x9d, 0x80, 0x3f, 0xc6, 0xe0, 0x1f, 0x8, 0x0,
    0x90, 0xc0, 0x3e, 0x90, 0xf, 0xc7, 0xba, 0xbc,
    0xf8, 0x0, 0xe1, 0x40, 0xf, 0x1e, 0x10, 0x6,
    0x77, 0x0, 0x76, 0x0, 0x79, 0x40, 0x3e, 0xa0,
    0xe, 0x20, 0xf, 0xfe, 0x11, 0x0, 0x70, 0x80,
    0x7f, 0xf2, 0x1c, 0x3, 0xff, 0xfe, 0x1, 0xff,
    0xff, 0x0, 0xff, 0xff, 0x80, 0x7f, 0xf9, 0x0,

    /* U+0069 "i" */
    0x0, 0xf9, 0x77, 0xf9, 0xc0, 0x3f, 0xf8, 0x29,
    0x44, 0x3, 0xe, 0x1, 0xff, 0xc0, 0xd0, 0xe,
    0xa0, 0xf, 0xfe, 0x1, 0x80, 0x7f, 0xf1, 0xbc,
    0x3, 0x90, 0x3, 0xff, 0x80, 0xae, 0x1, 0x2c,
    0x80, 0x7f, 0xf0, 0x63, 0xf7, 0xa8, 0x3, 0xff,
    0x88, 0x42, 0x1, 0xff, 0xcf, 0x9f, 0xff, 0xf9,
    0xc0, 0x3f, 0xfe, 0x7c, 0x67, 0xc4, 0x1, 0xff,
    0xc0, 0x7c, 0xce, 0x90, 0xf, 0xff, 0xf8, 0x7,
    0xff, 0xfc, 0x3, 0xff, 0xfe, 0x1, 0xff, 0xc3,
    0x6b, 0xbe, 0x80, 0xe, 0xab, 0xbe, 0x5f, 0x44,
    0xe3, 0x0, 0xe2, 0x44, 0xed, 0x0, 0xff, 0xf6,
    0x80,

    /* U+006A "j" */
    0x0, 0xfc, 0x79, 0xfd, 0x20, 0x1f, 0xc3, 0x86,
    0x2, 0xd4, 0x1, 0xf9, 0xc0, 0x39, 0x40, 0x3f,
    0x8, 0x7, 0xff, 0x9, 0x40, 0x39, 0x0, 0x3f,
    0x15, 0x0, 0x47, 0x40, 0x1f, 0xcb, 0xfb, 0xd8,
    0x20, 0x1f, 0xf1, 0x8, 0x7, 0xff, 0x22, 0xff,
    0xff, 0xd4, 0x1, 0xff, 0xe4, 0x33, 0xf0, 0x7,
    0xf4, 0x66, 0x6d, 0x0, 0xff, 0xff, 0x80, 0x7f,
    0xff, 0xc0, 0x3f, 0xff, 0xe0, 0x1f, 0xfe, 0xf2,
    0x0, 0xe3, 0x0, 0xfd, 0x40, 0x1d, 0xc0, 0x1f,
    0x3b, 0x0, 0x71, 0x81, 0x76, 0xed, 0xf0, 0x1,
    0xc2, 0x80, 0x22, 0x22, 0x80, 0x3e, 0xb0, 0x3,
    0x80, 0x7f, 0x99, 0x40, 0x2, 0x1, 0xfd, 0x32,
    0x0, 0x84, 0x80, 0x31, 0x2c, 0xfb, 0x0, 0x60,

    /* U+006B "k" */
    0xf, 0xfe, 0xa0, 0xf, 0xff, 0xf8, 0x7, 0xff,
    0xfc, 0x3, 0xff, 0xe6, 0x3b, 0xff, 0xda, 0x20,
    0x1f, 0xfc, 0x2d, 0x20, 0xc, 0x3e, 0x20, 0x1f,
    0xfc, 0x1a, 0x30, 0xe, 0xd2, 0x0, 0xff, 0xe0,
    0xca, 0x80, 0x75, 0x98, 0x7, 0xff, 0x5, 0xd8,
    0x3, 0xa5, 0x0, 0x3f, 0xf8, 0x2b, 0x0, 0x1c,
    0xec, 0x1, 0xff, 0xc1, 0x3a, 0x0, 0xe5, 0x80,
    0xf, 0xfe, 0x9, 0x68, 0x7, 0x1d, 0x0, 0x7f,
    0xf0, 0x47, 0xc4, 0x3, 0x16, 0x80, 0x7f, 0xf0,
    0x90, 0x80, 0x3b, 0x84, 0x3, 0xff, 0x93, 0x20,
    0x1f, 0xfc, 0xa5, 0x50, 0x7, 0xff, 0x2a, 0x84,
    0x3, 0xff, 0x88, 0x40, 0x1d, 0xa0, 0x1f, 0xfc,
    0x3b, 0xf0, 0xe, 0x37, 0x0, 0xff, 0xe0, 0xe2,
    0x14, 0x0, 0x74, 0x18, 0x7, 0xfc, 0xa6, 0x0,
    0x73, 0x0, 0xee, 0x0, 0xff, 0xe2, 0x70, 0x7,
    0x14, 0x80, 0x7f, 0xf0, 0xca, 0x0, 0x39, 0x94,
    0x3, 0xff, 0x86, 0xe6, 0x1, 0xd6, 0x20, 0x1f,
    0xfc, 0x3e, 0x0, 0xe1, 0xa0, 0xf, 0xfe, 0x19,
    0x40, 0x7, 0x23, 0x80, 0x7f, 0xf0, 0xdc, 0xc0,
    0x3a, 0xc,

    /* U+006C "l" */
    0xef, 0xff, 0xf9, 0xc0, 0x3f, 0xfe, 0x68, 0x9e,
    0x30, 0xf, 0xfe, 0x5, 0x5d, 0xf4, 0x0, 0x7f,
    0xff, 0xc0, 0x3f, 0xff, 0xe0, 0x1f, 0xff, 0xf0,
    0xf, 0xff, 0xf8, 0x7, 0xff, 0xfc, 0x3, 0xff,
    0xb1, 0x57, 0x7d, 0x0, 0x1d, 0x57, 0x7d, 0x28,
    0x9e, 0x30, 0xe, 0x24, 0x4f, 0x0, 0x7f, 0xfb,
    0x40,

    /* U+006D "m" */
    0x7f, 0xfc, 0xe0, 0xb9, 0xfe, 0xd5, 0x1, 0x9e,
    0xfe, 0xa1, 0x0, 0xfb, 0xde, 0x8c, 0x0, 0x54,
    0xd8, 0xc2, 0x2, 0xbe, 0x20, 0x1e, 0x48, 0x0,
    0xf4, 0x90, 0x7, 0xd, 0x80, 0x78, 0xc0, 0x3f,
    0xf8, 0x6a, 0x20, 0x1e, 0x49, 0x30, 0xe, 0x39,
    0x50, 0xe, 0x50, 0xe, 0x2b, 0x6e, 0x0, 0xed,
    0x6a, 0x10, 0xc, 0x40, 0x1c, 0xc0, 0x2, 0x0,
    0xe1, 0x0, 0x28, 0x6, 0x10, 0xf, 0xff, 0xf8,
    0x7, 0xff, 0xfc, 0x3, 0xff, 0xfe, 0x1, 0xff,
    0xff, 0x0, 0xff, 0xfc, 0x0,

    /* U+006E "n" */
    0x1f, 0xfe, 0x10, 0x2, 0x56, 0xff, 0xba, 0xd4,
    0x3, 0xfc, 0x43, 0x76, 0x52, 0x0, 0xa, 0x56,
    0x8, 0x7, 0xe4, 0xc4, 0x0, 0xfc, 0x78, 0x1,
    0xfa, 0x8, 0x3, 0xfc, 0x50, 0x1, 0xfc, 0x4f,
    0x32, 0x60, 0xf, 0x38, 0x7, 0xe6, 0xd8, 0x66,
    0x4f, 0x8, 0x7, 0x20, 0x7, 0x8e, 0x40, 0x38,
    0x60, 0x3, 0xb0, 0x3, 0xca, 0x1, 0xf3, 0x80,
    0x71, 0x0, 0x7f, 0xf0, 0x84, 0x3, 0x84, 0x3,
    0xff, 0xfe, 0x1, 0xff, 0xff, 0x0, 0xff, 0xff,
    0x80, 0x7f, 0xfe, 0x40,

    /* U+006F "o" */
    0x0, 0xf2, 0x4e, 0xff, 0xdb, 0x4a, 0x1, 0xff,
    0x1e, 0xdb, 0x10, 0x4, 0x4b, 0x5c, 0xa0, 0x1f,
    0x9b, 0x8, 0x3, 0xf8, 0x6a, 0x0, 0x3c, 0xb2,
    0x1, 0xff, 0xc1, 0x78, 0x0, 0xc5, 0x40, 0x1e,
    0x24, 0x30, 0xf, 0x3a, 0x0, 0x50, 0x1, 0xc5,
    0x9b, 0x79, 0xc6, 0x1, 0xd0, 0x0, 0x15, 0x0,
    0xc3, 0x86, 0x1, 0xe, 0x10, 0x6, 0x33, 0x3,
    0x80, 0x74, 0x88, 0x7, 0xa0, 0x3, 0xac, 0x30,
    0x3, 0x94, 0x3, 0xe5, 0x0, 0xe4, 0x6, 0x0,
    0xe2, 0x0, 0xfc, 0x60, 0x18, 0xc0, 0x40, 0x31,
    0x0, 0x7f, 0x38, 0x7, 0x8c, 0x3, 0xff, 0x84,
    0x20, 0x1e, 0x30, 0xf, 0xfe, 0x10, 0x80, 0x78,
    0x40, 0x31, 0x0, 0x7f, 0x38, 0x7, 0x98, 0x3,
    0x88, 0x3, 0xf1, 0x80, 0x63, 0xc, 0x0, 0xe5,
    0x0, 0xf9, 0x40, 0x39, 0x1, 0xc0, 0x3a, 0x44,
    0x3, 0xd0, 0x1, 0xd6, 0x2, 0xa0, 0x18, 0x70,
    0x80, 0x21, 0xb2, 0x0, 0xc6, 0x60, 0x4, 0x0,
    0x71, 0x6e, 0x55, 0xf2, 0x0, 0x74, 0x0, 0x45,
    0x40, 0x1e, 0x35, 0x40, 0xf, 0x3a, 0x0, 0x65,
    0x90, 0xf, 0xfe, 0xb, 0x40, 0x7, 0x9b, 0x8,
    0x3, 0xf8, 0x6a, 0x40, 0x3f, 0x1e, 0xdb, 0x10,
    0x4, 0x4b, 0x5c, 0xa0, 0x1c,

    /* U+0070 "p" */
    0xf, 0xfe, 0x40, 0x39, 0xdf, 0xf7, 0x5a, 0x80,
    0x7f, 0xc5, 0x18, 0xc4, 0x0, 0x14, 0xad, 0x20,
    0xf, 0xe8, 0x70, 0xf, 0xc5, 0x84, 0x1, 0xf8,
    0x40, 0x3f, 0xc3, 0xe0, 0x1f, 0xf1, 0x21, 0x0,
    0x78, 0x9c, 0x3, 0xf1, 0xee, 0xaf, 0x74, 0x40,
    0x1d, 0x40, 0x1f, 0xe, 0x90, 0x4, 0x58, 0x20,
    0x18, 0x8c, 0x3, 0xc8, 0x20, 0x1c, 0x2c, 0x1,
    0xc8, 0x1, 0xff, 0xc2, 0xb0, 0xe, 0xd0, 0xf,
    0xfe, 0x11, 0x80, 0x70, 0x80, 0x7f, 0xf0, 0xc4,
    0x3, 0x38, 0x7, 0xff, 0x20, 0x40, 0x3f, 0xf9,
    0x2, 0x1, 0xff, 0xc3, 0x10, 0xc, 0xe0, 0x1f,
    0xfc, 0x23, 0x0, 0xe2, 0x0, 0xff, 0xe1, 0x58,
    0x7, 0x78, 0x7, 0x90, 0x3, 0xc2, 0xc0, 0x1c,
    0x80, 0x1e, 0x1c, 0x10, 0x8, 0x74, 0x40, 0x31,
    0x10, 0x3, 0xe3, 0xec, 0xac, 0xe3, 0x0, 0xe8,
    0x0, 0xff, 0x1a, 0x98, 0x7, 0x8d, 0x40, 0x3e,
    0x10, 0xf, 0xf1, 0x68, 0x7, 0xe4, 0x90, 0xf,
    0xc9, 0x82, 0x1, 0xfc, 0xda, 0xe4, 0x0, 0x15,
    0xbb, 0x8, 0x7, 0xfc, 0x51, 0xbf, 0xee, 0xa4,
    0x0, 0xff, 0xff, 0x80, 0x7f, 0xff, 0xc0, 0x3f,
    0xf9, 0x60,

    /* U+0071 "q" */
    0x0, 0xe3, 0xad, 0xff, 0x75, 0x20, 0x3, 0xbf,
    0xf1, 0x0, 0x43, 0x58, 0xa4, 0x0, 0x15, 0xba,
    0x11, 0x0, 0x7c, 0x38, 0xa0, 0x1f, 0x97, 0x0,
    0x3f, 0x59, 0x0, 0x7f, 0x88, 0x3, 0xe4, 0x50,
    0xf, 0x12, 0x18, 0x7, 0xfb, 0xc0, 0x38, 0x73,
    0x6f, 0x39, 0x40, 0x3e, 0x14, 0x0, 0xec, 0x30,
    0x8, 0x68, 0xc0, 0x3c, 0xa0, 0x1c, 0xa4, 0x1,
    0xe4, 0x0, 0xf1, 0x80, 0x77, 0x80, 0x7f, 0xf0,
    0xb8, 0x3, 0x9c, 0x3, 0xff, 0x84, 0x60, 0x1c,
    0x40, 0x1f, 0xfc, 0x21, 0x0, 0xff, 0xe4, 0x8,
    0x7, 0xff, 0x20, 0xc0, 0x38, 0x80, 0x3f, 0xf8,
    0x5c, 0x1, 0xce, 0x1, 0xff, 0xc2, 0x30, 0xe,
    0xf0, 0xf, 0xfe, 0x12, 0x0, 0x72, 0x90, 0x7,
    0x90, 0x3, 0xe5, 0x0, 0xef, 0x20, 0x8, 0x68,
    0xc0, 0x3e, 0x90, 0xe, 0x2d, 0xca, 0xbe, 0x50,
    0xf, 0xc6, 0xc0, 0x1e, 0x35, 0x40, 0xf, 0xfa,
    0x4c, 0x3, 0xff, 0x91, 0x8a, 0x1, 0xf9, 0xdc,
    0x1, 0xfe, 0xac, 0x62, 0x0, 0x13, 0x64, 0x0,
    0x7f, 0xf0, 0xe, 0x77, 0xfd, 0xb2, 0x60, 0x1f,
    0xff, 0xf0, 0xf, 0xff, 0xf8, 0x7, 0xff, 0x38,

    /* U+0072 "r" */
    0x1f, 0xfe, 0x30, 0x9, 0x6b, 0xbf, 0xf6, 0x80,
    0x79, 0xc0, 0xb2, 0x94, 0x40, 0x30, 0x80, 0x78,
    0x53, 0x4c, 0x3, 0xe6, 0x0, 0xf6, 0x58, 0x7,
    0xf1, 0x0, 0x79, 0x80, 0x3f, 0xdc, 0x1, 0xff,
    0x11, 0x90, 0x80, 0x8, 0x3, 0xf0, 0xd7, 0xee,
    0x6f, 0x7e, 0x20, 0x7, 0xc7, 0xea, 0x1, 0xe3,
    0x0, 0xfd, 0xa2, 0x1, 0xff, 0xc3, 0x51, 0x0,
    0xff, 0xe2, 0x18, 0x7, 0xff, 0xfc, 0x3, 0xff,
    0xfe, 0x1, 0xff, 0xff, 0x0, 0x0,

    /* U+0073 "s" */
    0x0, 0xf2, 0xd6, 0xff, 0xdd, 0x92, 0x80, 0x1f,
    0xcf, 0xd4, 0xa4, 0x1, 0x9, 0xb5, 0xea, 0x80,
    0x7a, 0xe0, 0x40, 0x3f, 0xc5, 0x50, 0x1, 0xa9,
    0x0, 0x3f, 0xf8, 0x4e, 0xe0, 0x1, 0xa8, 0x7,
    0x3d, 0xe6, 0x24, 0xc0, 0x3a, 0x4, 0x28, 0x3,
    0xb6, 0x10, 0xcc, 0xd8, 0xa0, 0x1c, 0xe0, 0xa0,
    0x18, 0xc8, 0x3, 0xd0, 0x1, 0xde, 0xe, 0x1,
    0x88, 0x3, 0xe2, 0xcc, 0xe8, 0x3, 0x0, 0xc3,
    0x88, 0x1, 0xe3, 0x3e, 0x10, 0x91, 0x0, 0xc7,
    0x7f, 0x72, 0xc4, 0x1, 0xf8, 0x74, 0x3, 0xe4,
    0x69, 0xde, 0x94, 0x0, 0xf1, 0xea, 0x0, 0x7f,
    0xb, 0x5e, 0x10, 0x7, 0x15, 0xe2, 0x80, 0x7f,
    0x8f, 0x50, 0x3, 0xc7, 0x5f, 0x6e, 0x82, 0x1,
    0xf5, 0x8, 0x7, 0xe4, 0x8b, 0xed, 0x71, 0x0,
    0xc2, 0xc7, 0x11, 0x9c, 0x3, 0xc5, 0x18, 0x1,
    0xd8, 0xae, 0xfa, 0x8, 0x3, 0xe2, 0x20, 0x7,
    0x20, 0x7, 0x70, 0x80, 0x78, 0xc8, 0x3, 0x11,
    0x14, 0x3, 0x1f, 0xc2, 0x19, 0x96, 0x70, 0x3,
    0xb4, 0x2c, 0x40, 0x30, 0xbd, 0xe6, 0x29, 0x80,
    0x39, 0x50, 0x7, 0x8, 0x3, 0xff, 0x84, 0x94,
    0x1, 0x16, 0xb8, 0x7, 0xfc, 0x33, 0x60, 0x1e,
    0x8f, 0x95, 0x20, 0x8, 0x4d, 0xaf, 0x98, 0x2,

    /* U+0074 "t" */
    0x0, 0xe2, 0x88, 0xe2, 0x0, 0xff, 0xe1, 0x3b,
    0xfc, 0x1, 0xff, 0xff, 0x0, 0xff, 0xe3, 0x37,
    0xfe, 0xa0, 0xe, 0xaf, 0xff, 0xa8, 0x3, 0xff,
    0xe8, 0xf7, 0x79, 0xc0, 0x39, 0xee, 0xfe, 0x80,
    0x14, 0x4d, 0xa0, 0x1d, 0xa8, 0x9f, 0x10, 0x7,
    0xff, 0xfc, 0x3, 0xff, 0xfe, 0x1, 0xff, 0xe1,
    0x10, 0xe, 0x20, 0xf, 0xfe, 0x13, 0x80, 0x75,
    0x0, 0x7f, 0xf0, 0x8c, 0x3, 0x8a, 0x84, 0x3,
    0xa, 0x0, 0x7c, 0x80, 0x1c, 0xbd, 0xb9, 0xbd,
    0xcb, 0x20, 0xf, 0x78, 0x7, 0xc4, 0x64, 0x20,
    0x6, 0x0, 0xf2, 0x38, 0x7, 0xff, 0x0, 0xc0,
    0x3e, 0x87, 0x0, 0xff, 0x84, 0x3, 0xf4, 0x6b,
    0x98, 0x80, 0x4, 0xd6, 0x79, 0x80,

    /* U+0075 "u" */
    0xef, 0xfd, 0x80, 0x1f, 0x1f, 0xff, 0x40, 0x7,
    0xff, 0xfc, 0x3, 0xff, 0xfe, 0x1, 0xff, 0xff,
    0x0, 0xff, 0xee, 0x8, 0x7, 0xff, 0x8, 0x80,
    0x31, 0x0, 0x7f, 0xf0, 0x98, 0x3, 0x8c, 0x3,
    0xd4, 0x1, 0xec, 0x0, 0xee, 0x10, 0x8, 0x65,
    0x80, 0x3c, 0xe0, 0x1c, 0x5d, 0x97, 0x9c, 0xc0,
    0x1f, 0xb, 0x0, 0x78, 0xd0, 0xc0, 0x2, 0x1,
    0xf4, 0x10, 0x7, 0xfa, 0x88, 0x3, 0xc3, 0x84,
    0x1, 0xf0, 0xe2, 0x8, 0x7, 0xc3, 0xb2, 0x82,
    0x0, 0x38, 0xe3, 0x6, 0x0, 0xe0,

    /* U+0076 "v" */
    0x5f, 0xfe, 0x90, 0xf, 0xe5, 0xff, 0xe8, 0x50,
    0xe, 0x40, 0xf, 0xef, 0x0, 0xea, 0x6, 0x0,
    0xc4, 0x40, 0xf, 0xca, 0x1, 0x88, 0x81, 0x40,
    0x1c, 0xa0, 0x1f, 0x20, 0x7, 0x50, 0x0, 0xc8,
    0x3, 0x58, 0x7, 0xda, 0x1, 0xcc, 0x1, 0x50,
    0x6, 0x31, 0x0, 0xf2, 0x0, 0x64, 0x10, 0x9,
    0x40, 0x39, 0xc0, 0x38, 0x88, 0x1, 0xb8, 0x3,
    0x11, 0x80, 0x6c, 0x0, 0xe5, 0x0, 0xe5, 0x0,
    0xea, 0x0, 0xca, 0x1, 0xd6, 0x1, 0x98, 0x3,
    0xcc, 0x1, 0xc8, 0x1, 0x9, 0x80, 0x6d, 0x0,
    0xf9, 0x40, 0x36, 0x80, 0x48, 0x1, 0x85, 0x0,
    0x3e, 0xe0, 0xc, 0xe0, 0x17, 0x80, 0x66, 0x0,
    0xfc, 0x82, 0x1, 0x9, 0x80, 0x14, 0x3, 0x50,
    0x7, 0xf3, 0x0, 0x64, 0x4, 0x0, 0xc6, 0x40,
    0x1f, 0xd4, 0x1, 0xac, 0x34, 0x3, 0x50, 0x7,
    0xf8, 0x88, 0x1, 0x18, 0xa0, 0x6, 0x70, 0xf,
    0xfa, 0x80, 0x33, 0x10, 0x4, 0xa2, 0x1, 0xff,
    0x30, 0x6, 0x90, 0xd, 0xe0, 0x1f, 0xfc, 0x1,
    0x40, 0x8, 0x40, 0x21, 0x50, 0xf, 0xfe, 0xf,
    0x0, 0x7c, 0xe0, 0x1f, 0xfc, 0x25, 0x0, 0xfa,
    0x80, 0x3f, 0xf8, 0x6c, 0x1, 0xc4, 0x60, 0x1f,
    0xfc, 0x3a, 0x0, 0xea, 0x0, 0xfc,

    /* U+0077 "w" */
    0x5f, 0xfd, 0xa0, 0x1a, 0x7f, 0xe6, 0x0, 0xdf,
    0xfc, 0x4c, 0x1, 0x88, 0x3, 0x28, 0x5, 0xc0,
    0x11, 0x0, 0x71, 0x18, 0x7, 0x8, 0x4, 0x60,
    0x11, 0x80, 0x4c, 0x1, 0x8c, 0x0, 0x40, 0x18,
    0x80, 0x4, 0x1, 0x94, 0x2, 0x20, 0xc, 0xc0,
    0x7, 0x0, 0xcc, 0x0, 0x60, 0xc, 0x22, 0x0,
    0x70, 0x6, 0xd0, 0x1, 0x0, 0x62, 0x0, 0x18,
    0x7, 0x28, 0x0, 0x80, 0x31, 0x80, 0x34, 0x3,
    0x78, 0x3, 0x40, 0x38, 0xc0, 0xc, 0x1, 0x94,
    0x0, 0xe0, 0x18, 0x80, 0xe, 0x1, 0xdc, 0x0,
    0x20, 0xc, 0x20, 0x2, 0x0, 0xcc, 0x0, 0x20,
    0x0, 0x80, 0x14, 0x0, 0x20, 0x11, 0x80, 0x63,
    0x0, 0x88, 0xc, 0x2, 0x60, 0x1, 0x81, 0x0,
    0x65, 0x0, 0xcc, 0x1, 0x8, 0x30, 0x0, 0x6c,
    0x2, 0x26, 0x0, 0xde, 0x1, 0xb4, 0x3, 0x16,
    0x80, 0x14, 0xc0, 0x27, 0x20, 0xc, 0x40, 0x18,
    0xc0, 0x33, 0x18, 0x0, 0xc0, 0x80, 0x5, 0xc0,
    0x19, 0x40, 0x32, 0x80, 0x62, 0x50, 0x6, 0x83,
    0x80, 0x34, 0x80, 0x21, 0x10, 0x6, 0x10, 0xd,
    0xe2, 0x0, 0x70, 0xc0, 0x3, 0xb0, 0x4, 0xa0,
    0x1e, 0x30, 0x9, 0xc0, 0x22, 0x5, 0x0, 0x11,
    0x0, 0x23, 0x0, 0xf2, 0x80, 0x42, 0x0, 0x30,
    0x1, 0x80, 0x42, 0x1, 0x70, 0x7, 0xbc, 0x3,
    0xca, 0x1, 0x10, 0x7, 0x94, 0x3, 0xc4, 0x1,
    0xef, 0x0, 0x9c, 0x3, 0xc6, 0x1, 0xe5, 0x0,
    0xf2, 0x80, 0x58, 0x1, 0xc4, 0x1, 0xf0, 0x88,
    0x3, 0x8c, 0x2, 0x50, 0xe, 0x60, 0xf, 0xca,
    0x1, 0x88, 0x3, 0x18, 0x7, 0x18, 0x7, 0xe3,
    0x0, 0xce, 0x1, 0xc4, 0x1, 0xb4, 0x3, 0x0,

    /* U+0078 "x" */
    0x9, 0xff, 0xe9, 0x0, 0xfc, 0xdf, 0xfd, 0x60,
    0x9, 0x20, 0xc, 0xc8, 0x1, 0xe2, 0x90, 0xe,
    0xa0, 0xb, 0x80, 0x3a, 0x84, 0x3, 0xb8, 0x3,
    0xa4, 0x40, 0x23, 0x60, 0xc, 0x36, 0x1, 0x9c,
    0xc0, 0x32, 0x30, 0x7, 0x48, 0x80, 0x65, 0x40,
    0x1, 0xc0, 0x7, 0x48, 0x7, 0xd4, 0x1, 0xd4,
    0x21, 0xc0, 0x1d, 0x24, 0x1, 0xf2, 0x30, 0x6,
    0x1b, 0x92, 0x0, 0xc6, 0xc0, 0x1f, 0xd0, 0x20,
    0x19, 0x58, 0x3, 0xb8, 0x3, 0xfc, 0x34, 0x1,
    0xfe, 0x82, 0x0, 0xff, 0x91, 0x40, 0x3f, 0x1b,
    0x80, 0x7f, 0xf0, 0x6c, 0x40, 0x3e, 0xe0, 0xf,
    0xfe, 0x10, 0xa0, 0x7, 0x8c, 0x80, 0x3f, 0xf8,
    0x48, 0xa0, 0x1e, 0x36, 0x0, 0xff, 0xe1, 0x50,
    0x7, 0xe9, 0x10, 0xf, 0xfe, 0x4, 0x88, 0x7,
    0xf5, 0x0, 0x7f, 0xc6, 0xc0, 0x1c, 0x20, 0x19,
    0x18, 0x3, 0xfd, 0xc0, 0x1d, 0x5a, 0x1, 0xd2,
    0x20, 0x1f, 0xa4, 0x80, 0x32, 0x29, 0xb0, 0x7,
    0x50, 0x7, 0xc6, 0xc0, 0x18, 0x68, 0x1, 0x24,
    0x1, 0x91, 0x40, 0x3d, 0xc0, 0x1d, 0x62, 0x1,
    0x70, 0x7, 0x58, 0x80, 0x68, 0x20, 0xc, 0xaa,
    0x0, 0xc6, 0xe0, 0x18, 0x6c, 0x2, 0x37, 0x0,
    0xc3, 0x60, 0x1e, 0x82, 0x0, 0xca, 0xa0, 0x7,
    0x0, 0x75, 0x88, 0x7, 0xdc, 0x1, 0xd6, 0x20,

    /* U+0079 "y" */
    0xbf, 0xfe, 0x70, 0xf, 0xf2, 0x7f, 0xf8, 0x3c,
    0x3, 0xa8, 0x3, 0xfd, 0xc0, 0x1c, 0xe0, 0x84,
    0x1, 0x89, 0x0, 0x3f, 0xa, 0x80, 0x75, 0x0,
    0x28, 0x3, 0xb8, 0x3, 0xf3, 0x80, 0x72, 0x10,
    0x1, 0xc0, 0x39, 0x40, 0x3f, 0x50, 0x7, 0x78,
    0x6, 0x60, 0xe, 0x60, 0xf, 0x11, 0x80, 0x62,
    0x40, 0xd, 0x60, 0x1d, 0x40, 0x1e, 0xa0, 0xe,
    0xb0, 0xe, 0x24, 0x0, 0xc6, 0x40, 0x1c, 0xc0,
    0x1c, 0xc0, 0x1e, 0xf0, 0xe, 0xa0, 0xc, 0x82,
    0x1, 0x9c, 0x3, 0xe4, 0x20, 0xc, 0xc0, 0x1b,
    0x80, 0x3a, 0x80, 0x3f, 0x58, 0x6, 0x14, 0x0,
    0xa, 0x80, 0x64, 0x20, 0xf, 0xcc, 0x1, 0xdc,
    0x0, 0x70, 0xe, 0xf0, 0xf, 0xf3, 0x0, 0x65,
    0x10, 0xb0, 0xc, 0x48, 0x1, 0xfe, 0xb0, 0xe,
    0x73, 0x20, 0xd, 0x60, 0x1f, 0xf1, 0x20, 0x6,
    0xdb, 0x0, 0xc2, 0xc0, 0x1f, 0xfc, 0xf, 0x0,
    0xca, 0xc0, 0x19, 0x80, 0x3f, 0xf8, 0x28, 0x40,
    0x10, 0x88, 0x3, 0x50, 0x7, 0xff, 0xa, 0xc0,
    0x3f, 0x21, 0x0, 0x7f, 0xf0, 0x98, 0x3, 0xf7,
    0x80, 0x7f, 0xf1, 0x1c, 0x3, 0xc4, 0x80, 0x1f,
    0xfc, 0x4a, 0x0, 0xf5, 0x80, 0x7f, 0xf1, 0x49,
    0x0, 0x30, 0xb0, 0x7, 0xff, 0x19, 0x80, 0x33,
    0x0, 0x7f, 0xf1, 0x98, 0x80, 0x35, 0x0, 0x7f,
    0xf1, 0xa0, 0x3, 0x21, 0x0, 0x7f, 0xf1, 0x64,
    0x40, 0x37, 0x80, 0x7f, 0xf1, 0x5d, 0x80, 0x31,
    0xa0, 0x7, 0xff, 0xa, 0x73, 0x60, 0x3, 0xa0,
    0x3, 0xff, 0x86, 0xe6, 0x40, 0x1c, 0x88, 0x0,
    0xff, 0xe1, 0x88, 0x7, 0x8a, 0x80, 0x3f, 0xf8,
    0x66, 0x1, 0xe3, 0xc1, 0x0, 0xff, 0xe2, 0x18,
    0x0, 0x52, 0xb0, 0x40, 0x3f, 0xf8, 0x40,

    /* U+007A "z" */
    0x4f, 0xff, 0xfe, 0x3e, 0x0, 0x7f, 0xfd, 0x58,
    0x1d, 0x13, 0xfe, 0x30, 0xf, 0x15, 0x81, 0xdd,
    0xff, 0xc0, 0x1e, 0x1f, 0x10, 0xf, 0xfe, 0x5,
    0x18, 0x7, 0x69, 0x0, 0x7f, 0xf0, 0x21, 0x40,
    0x3a, 0x4c, 0x3, 0xff, 0x80, 0xae, 0x1, 0xce,
    0xc0, 0x1f, 0xfc, 0x3, 0xa0, 0xe, 0x58, 0x0,
    0xff, 0xe0, 0x16, 0x80, 0x71, 0xd0, 0x7, 0xff,
    0x0, 0x7c, 0x40, 0x30, 0xe8, 0x7, 0xff, 0x6,
    0x88, 0x3, 0xb4, 0x40, 0x3f, 0xf8, 0x12, 0x80,
    0x1d, 0x46, 0x1, 0xff, 0xc0, 0x66, 0x0, 0x74,
    0x28, 0x7, 0xff, 0x1, 0x24, 0x3, 0x99, 0xc0,
    0x3f, 0xf8, 0x5, 0x60, 0x1c, 0x72, 0x1, 0xff,
    0xc0, 0x1c, 0x0, 0xe2, 0xd0, 0xf, 0xfe, 0xe,
    0x88, 0x7, 0xd, 0xd5, 0x7f, 0xc5, 0x6, 0x1,
    0xe3, 0x55, 0xff, 0xe0, 0x30, 0x80, 0x7f, 0xfd,
    0x40,

    /* U+007B "{" */
    0x0, 0xfe, 0x17, 0xcf, 0x60, 0xf, 0xc9, 0xf0,
    0x61, 0xe0, 0x1f, 0x1d, 0x88, 0x4, 0xa0, 0x1f,
    0x70, 0x6, 0x68, 0x0, 0xf3, 0x10, 0x4, 0xf2,
    0x80, 0x1e, 0xa0, 0xd, 0x20, 0x1f, 0x9, 0x80,
    0x44, 0x20, 0x1f, 0x28, 0x6, 0x60, 0xf, 0xc4,
    0x1, 0x84, 0x3, 0xf7, 0x0, 0x7f, 0xfe, 0x44,
    0x3, 0x18, 0x7, 0xe2, 0x0, 0xde, 0x1, 0xf0,
    0xa0, 0x6, 0x40, 0xf, 0xa8, 0x3, 0x29, 0x0,
    0x42, 0x8f, 0xa8, 0x1, 0xd, 0x80, 0x6b, 0xb4,
    0x10, 0x4, 0x3a, 0x20, 0x1f, 0xe7, 0xe3, 0x0,
    0xff, 0x8c, 0xc0, 0x1f, 0xfc, 0x4, 0xc6, 0x0,
    0xea, 0xeb, 0x40, 0xd, 0x28, 0x1, 0xc2, 0x96,
    0xe0, 0x1a, 0x40, 0x3f, 0x40, 0x80, 0x44, 0x80,
    0x1f, 0x90, 0x3, 0x60, 0x7, 0xe2, 0x0, 0xc4,
    0x1, 0xff, 0xf4, 0xf0, 0xc, 0x20, 0x1f, 0x88,
    0x3, 0x38, 0x7, 0xe7, 0x0, 0xc6, 0x1, 0xf8,
    0x88, 0x1, 0x8c, 0x3, 0xf5, 0x80, 0x68, 0x0,
    0xfc, 0xc4, 0x1, 0x25, 0xa8, 0x7, 0xdc, 0x1,
    0x92, 0x40, 0x3e, 0x3c, 0x10, 0x9, 0x40, 0x3f,
    0x1f, 0x41, 0x87, 0x80,

    /* U+007C "|" */
    0x1f, 0xfa, 0x0, 0x3f, 0xff, 0xe0, 0x1f, 0xff,
    0xf0, 0xf, 0xfe, 0xe0,

    /* U+007D "}" */
    0x9, 0xec, 0x60, 0xf, 0xf9, 0x4, 0xe7, 0x48,
    0x3, 0xf8, 0x80, 0x22, 0xc1, 0x0, 0xfd, 0x48,
    0x1, 0xd, 0x80, 0x7e, 0x5b, 0x40, 0x9, 0x4c,
    0x3, 0xfb, 0xc0, 0x35, 0x0, 0x7f, 0x20, 0x6,
    0x70, 0xf, 0xf0, 0x80, 0x42, 0x20, 0xf, 0xfe,
    0x11, 0x0, 0x7f, 0xf0, 0x9c, 0x3, 0xff, 0xd4,
    0x60, 0x1f, 0xfc, 0x21, 0x0, 0xc2, 0x1, 0xfc,
    0xc0, 0x1b, 0x40, 0x3f, 0xb0, 0x3, 0x28, 0x7,
    0xf3, 0x8, 0x4, 0x50, 0x1, 0xfd, 0x60, 0x19,
    0xf1, 0x8c, 0x40, 0x39, 0x64, 0x3, 0x1c, 0xe3,
    0x0, 0x79, 0xb0, 0xc0, 0x3f, 0xf8, 0x2a, 0x40,
    0x1f, 0xfc, 0xa, 0x91, 0x0, 0xff, 0xa1, 0x40,
    0x33, 0x67, 0xb8, 0x6, 0x27, 0x0, 0xd7, 0x26,
    0x1, 0xea, 0x0, 0xc8, 0x80, 0xf, 0xc6, 0x1,
    0xb0, 0x3, 0xf9, 0x80, 0x31, 0x0, 0x7f, 0x18,
    0x6, 0x10, 0xf, 0xff, 0x7b, 0x80, 0x7f, 0x8,
    0x6, 0x20, 0xf, 0xc6, 0x1, 0x84, 0x40, 0x1f,
    0x90, 0x3, 0x38, 0x7, 0xe1, 0x90, 0xd, 0x40,
    0x1f, 0x36, 0x8, 0x4, 0xa6, 0x1, 0xf4, 0x90,
    0x4, 0x56, 0x1, 0xf8, 0x80, 0x23, 0xc1, 0x0,
    0xfc, 0x82, 0x93, 0x82, 0x1, 0xf8,

    /* U+007E "~" */
    0x0, 0x86, 0x37, 0xfd, 0xb0, 0x40, 0x1f, 0xfc,
    0x33, 0xf7, 0x20, 0x1, 0x3e, 0xc8, 0x7, 0xcd,
    0xd9, 0x68, 0x3, 0xa2, 0x1, 0xf3, 0x69, 0x0,
    0x75, 0x9, 0xa1, 0x4, 0x8, 0x7, 0xf1, 0x6b,
    0x80, 0x50, 0x60, 0x11, 0x3, 0x0, 0x62, 0x30,
    0xf, 0x47, 0xe7, 0x38, 0x6, 0x44, 0x0, 0x69,
    0xdc, 0xf8, 0x0, 0xf1, 0x88, 0x6, 0x60, 0x20,
    0x9, 0x98, 0x1, 0x3e, 0x90, 0x7, 0xf0, 0xc0,
    0x2b, 0x21, 0x50, 0x7, 0x16, 0xb0, 0x7, 0xc3,
    0x82, 0x7, 0x37, 0xa6, 0x1, 0xf4, 0xeb, 0x10,
    0x0, 0x9f, 0xc8, 0x0,

    /* U+00A0 " " */

    /* U+00A1 "¡" */
    0x0, 0x4f, 0x7e, 0x18, 0x2, 0x58, 0x40, 0xf0,
    0x41, 0x80, 0x39, 0x84, 0x3, 0xde, 0x24, 0x1,
    0xd8, 0x1c, 0x20, 0x13, 0x20, 0x1f, 0xd4, 0xec,
    0x80, 0x42, 0xac, 0x40, 0x1f, 0xfc, 0xf5, 0xbb,
    0xd0, 0x0, 0x24, 0x4e, 0x0, 0xff, 0x78, 0x7,
    0xff, 0x20, 0x40, 0x2, 0x1, 0xff, 0xd0, 0x30,
    0x1, 0x80, 0x7f, 0xf2, 0x4, 0x0, 0x20, 0x1f,
    0xfc, 0xb7, 0x0, 0xff, 0xe9, 0x0,

    /* U+00A2 "¢" */
    0x0, 0xfe, 0xef, 0xf8, 0xc0, 0x3f, 0xff, 0xe0,
    0x11, 0x0, 0x65, 0x10, 0xf, 0xfe, 0x3, 0x6e,
    0x84, 0x2, 0x9e, 0xb3, 0x0, 0xfc, 0x5b, 0x24,
    0x1, 0xf2, 0x64, 0x0, 0x78, 0xb0, 0x80, 0x3f,
    0xe7, 0xa0, 0xe, 0xf1, 0x0, 0xff, 0xe0, 0xab,
    0x0, 0x50, 0x40, 0x1c, 0xf7, 0x92, 0x40, 0x1d,
    0x0, 0x1, 0x70, 0xe, 0xc8, 0x43, 0x6d, 0x40,
    0xc, 0x2a, 0xe, 0x1, 0xce, 0x60, 0x1d, 0x40,
    0x1d, 0xa1, 0x80, 0x1d, 0x20, 0x1e, 0x14, 0x0,
    0xc4, 0x8, 0x1, 0x88, 0x40, 0x3e, 0xf9, 0x9d,
    0xc0, 0x20, 0x19, 0x80, 0x3f, 0x23, 0x36, 0x41,
    0x0, 0xe1, 0x0, 0xff, 0xe4, 0x18, 0x7, 0xff,
    0x20, 0xc0, 0x3f, 0xf8, 0x42, 0x1, 0xc2, 0x1,
    0xff, 0xc3, 0x20, 0xc, 0xc0, 0x1f, 0xfc, 0x37,
    0x0, 0xc4, 0x20, 0x1f, 0x57, 0x76, 0xa0, 0xf0,
    0xe, 0x90, 0xf, 0x90, 0x47, 0x18, 0x28, 0x80,
    0x67, 0x40, 0xe, 0xa1, 0x0, 0xd8, 0x0, 0x90,
    0xe, 0xba, 0x65, 0x8e, 0x50, 0xc, 0x2a, 0x0,
    0x73, 0x0, 0xe5, 0x9a, 0x71, 0x0, 0xeb, 0x0,
    0xda, 0x40, 0x1f, 0xfc, 0x18, 0x50, 0xc, 0x38,
    0x80, 0x1f, 0xe1, 0xa7, 0x0, 0xf0, 0xdd, 0x90,
    0x3, 0xc5, 0x1e, 0xa0, 0x1f, 0xc9, 0x7e, 0x20,
    0x15, 0xeb, 0x88, 0x7, 0xff, 0x15, 0xc0, 0x3f,
    0xff, 0x40,

    /* U+00A3 "£" */
    0x0, 0xfc, 0x93, 0xbf, 0xf7, 0x5b, 0x8, 0x7,
    0xfc, 0x79, 0x6c, 0x40, 0x10, 0xa4, 0xf3, 0x80,
    0x7f, 0x2e, 0x18, 0x7, 0xfa, 0x28, 0x3, 0xe2,
    0xa0, 0xf, 0xfe, 0xa, 0xb8, 0x7, 0xa4, 0x3,
    0xc2, 0x64, 0x1, 0xe8, 0x10, 0xc, 0x48, 0x1,
    0xd1, 0xd9, 0xba, 0x30, 0xe, 0x70, 0xc, 0x80,
    0x1c, 0xae, 0x1, 0x16, 0x80, 0x76, 0x0, 0x6e,
    0x0, 0xee, 0x0, 0xe1, 0x30, 0xc, 0xc0, 0x18,
    0x40, 0x39, 0x80, 0x3d, 0xd9, 0x9b, 0x80, 0x3f,
    0xf8, 0xa4, 0x67, 0x88, 0x3, 0x8, 0x7, 0x8,
    0x7, 0xff, 0x29, 0xc0, 0x3f, 0xf8, 0x9e, 0x1,
    0xff, 0xc7, 0xaf, 0xf4, 0x0, 0x75, 0xff, 0xf5,
    0x0, 0x7f, 0xff, 0xc3, 0x19, 0x88, 0x1, 0xc6,
    0xcd, 0xd8, 0x1, 0xf3, 0x4c, 0xbc, 0x3, 0x92,
    0x67, 0x98, 0x3, 0xff, 0xaa, 0xe0, 0x1c, 0x20,
    0x1f, 0xfd, 0xb7, 0x0, 0xee, 0x0, 0xff, 0xe2,
    0x10, 0x7, 0x20, 0x7, 0xff, 0x12, 0xc0, 0x31,
    0x18, 0x7, 0xff, 0x5, 0xaf, 0x48, 0x3, 0xae,
    0xff, 0xf8, 0x21, 0xe8, 0x40, 0x1c, 0x48, 0x9f,
    0xfc, 0x11, 0x0, 0xff, 0xfc, 0x80,

    /* U+00A4 "¤" */
    0x0, 0x94, 0x3, 0xff, 0x86, 0xa0, 0x1c, 0xf5,
    0x40, 0x0, 0xbe, 0x77, 0xfb, 0x20, 0x80, 0xf,
    0x56, 0x1, 0x3c, 0x2, 0xd4, 0x74, 0x18, 0x80,
    0xd, 0xf6, 0x9e, 0x1, 0x2c, 0x6, 0x0, 0x25,
    0x70, 0xf, 0xe5, 0x80, 0x9, 0x10, 0x36, 0x1,
    0xff, 0xc7, 0x74, 0x4, 0xb0, 0xe, 0x2a, 0xef,
    0xf5, 0xa0, 0x7, 0x3c, 0x0, 0x7e, 0x6d, 0x51,
    0x0, 0x25, 0xc0, 0x6, 0xe0, 0xd, 0xe0, 0x12,
    0xc8, 0x7, 0xce, 0xe0, 0xa, 0xc0, 0x21, 0x40,
    0xa, 0xc0, 0x3f, 0xa0, 0x40, 0x4, 0x60, 0x4,
    0x0, 0x94, 0x40, 0x3f, 0xd2, 0x1, 0x20, 0x0,
    0x80, 0x2c, 0x0, 0xff, 0x90, 0x2, 0xd0, 0x7,
    0x0, 0x44, 0x1, 0xff, 0x10, 0x4, 0x20, 0x1f,
    0xfc, 0xde, 0x0, 0x88, 0x3, 0xfe, 0x20, 0x8,
    0x40, 0x4, 0x1, 0x60, 0x7, 0xfc, 0x80, 0x16,
    0x80, 0x10, 0x2, 0x51, 0x0, 0xff, 0x48, 0x4,
    0x80, 0x1, 0x40, 0xa, 0xc0, 0x3f, 0xa0, 0x40,
    0x4, 0x60, 0x17, 0x80, 0x4b, 0x20, 0x1f, 0x3b,
    0x80, 0x2a, 0x0, 0xde, 0x1, 0x9b, 0x14, 0x2,
    0x4b, 0x80, 0xd, 0x42, 0x0, 0xa4, 0x0, 0xe3,
    0xaf, 0xfa, 0xd0, 0x3, 0x8b, 0x4, 0x4e, 0x1,
    0xff, 0xc7, 0x22, 0xe, 0x10, 0x2, 0xd8, 0x3,
    0xf9, 0x74, 0x80, 0x16, 0x60, 0x3e, 0x58, 0x93,
    0xb0, 0x62, 0x0, 0x37, 0xda, 0x2c, 0x2b, 0x40,
    0x8, 0xb4, 0xc0, 0x4, 0xf9, 0xdf, 0xec, 0x82,
    0x0, 0xe, 0xa0, 0x0,

    /* U+00A5 "¥" */
    0x4f, 0xff, 0x8, 0x7, 0xf9, 0xff, 0xfb, 0x41,
    0xc, 0x3, 0x98, 0x3, 0xfd, 0x20, 0x1d, 0x20,
    0xf, 0x0, 0xe9, 0x0, 0xfe, 0x61, 0x0, 0xc6,
    0x80, 0x3, 0x50, 0xc, 0x2e, 0x1, 0xfa, 0x0,
    0x3b, 0xc0, 0x34, 0x0, 0x74, 0x80, 0x7c, 0xc2,
    0x1, 0x94, 0xc0, 0x31, 0x30, 0x6, 0x16, 0x0,
    0xf5, 0x80, 0x74, 0x0, 0x7a, 0x0, 0x3a, 0xc0,
    0x39, 0x48, 0x3, 0x31, 0x0, 0x78, 0x5c, 0x3,
    0x12, 0x80, 0x69, 0x0, 0xe8, 0x0, 0xfd, 0x2,
    0x1, 0xa0, 0x2, 0x43, 0x0, 0xce, 0x20, 0x1f,
    0xd0, 0x1, 0x89, 0x40, 0x10, 0x1, 0x86, 0x0,
    0x3f, 0xcc, 0x40, 0x1a, 0x40, 0xcc, 0x1, 0xa4,
    0x3, 0xff, 0x81, 0x0, 0x18, 0xd2, 0x0, 0x31,
    0x38, 0x7, 0xff, 0x1, 0x4c, 0x3, 0x42, 0x0,
    0x68, 0x0, 0xff, 0xe1, 0x40, 0x6, 0x30, 0xc,
    0x6a, 0x1, 0xfc, 0x2e, 0xf8, 0xc4, 0x3, 0xf3,
    0x3b, 0xe2, 0x0, 0xe2, 0x88, 0xe1, 0x0, 0xfc,
    0xb1, 0x19, 0x0, 0x3f, 0xfd, 0xa7, 0xff, 0xed,
    0x0, 0xe6, 0xff, 0xf3, 0x0, 0x7f, 0xf4, 0xc5,
    0xdf, 0xd4, 0x1, 0xca, 0xef, 0xe2, 0x0, 0xe2,
    0x88, 0xf3, 0x80, 0x71, 0xc4, 0x79, 0x0, 0x3f,
    0xfd, 0xa7, 0xff, 0xed, 0x0, 0xe6, 0xff, 0xf3,
    0x0, 0x7f, 0xff, 0xc0, 0x3f, 0xfd, 0xc0,

    /* U+00A6 "¦" */
    0xff, 0xe3, 0x0, 0xff, 0xff, 0x80, 0x7f, 0x19,
    0x16, 0x1c, 0xdd, 0xc4, 0x1, 0xff, 0xc0, 0x99,
    0xe1, 0x66, 0xe2, 0x0, 0xff, 0xff, 0x80, 0x7f,
    0xf0, 0xc0,

    /* U+00A7 "§" */
    0x0, 0xf0, 0xb5, 0x6f, 0xfd, 0xdb, 0x4c, 0x20,
    0x1f, 0xc3, 0x5d, 0x2a, 0x40, 0x10, 0x92, 0xcf,
    0x48, 0x7, 0xc9, 0xea, 0x1, 0xff, 0xc0, 0x6d,
    0x20, 0xc, 0x76, 0x20, 0x1f, 0xfc, 0x22, 0xc1,
    0x0, 0xbc, 0x3, 0xe3, 0x44, 0x10, 0x7, 0x86,
    0x0, 0x6, 0x60, 0xe, 0x8f, 0xcb, 0xb6, 0xe8,
    0xc0, 0x39, 0x84, 0x10, 0x3, 0xa1, 0xc0, 0x38,
    0xb0, 0xc0, 0x39, 0x3, 0x80, 0x39, 0x40, 0x3f,
    0x48, 0x7, 0x10, 0x8, 0x7, 0x8, 0x7, 0xe4,
    0x33, 0xe1, 0xe, 0x0, 0xe8, 0x0, 0xfc, 0x39,
    0x9c, 0xc0, 0x80, 0x1c, 0x9a, 0xc0, 0x1f, 0xfc,
    0x22, 0x50, 0xe, 0x29, 0xfb, 0x62, 0x0, 0xff,
    0xac, 0x40, 0x3e, 0x49, 0xde, 0x93, 0x0, 0xfc,
    0x3a, 0x1, 0xfe, 0x16, 0xcd, 0x60, 0xf, 0x1e,
    0x80, 0x7f, 0xf0, 0x4a, 0x74, 0xc0, 0x22, 0xc1,
    0x0, 0x85, 0x44, 0x3, 0xf8, 0xb1, 0x0, 0x10,
    0x1, 0xd9, 0x5d, 0x8e, 0x40, 0x1f, 0xa8, 0x41,
    0x40, 0x32, 0x90, 0x0, 0xe3, 0x74, 0xe0, 0x1e,
    0x19, 0x20, 0xe, 0x20, 0xf, 0x14, 0x72, 0x0,
    0x72, 0x0, 0x78, 0x80, 0x3f, 0xd, 0x88, 0x6,
    0x22, 0x0, 0x72, 0xa0, 0x7, 0xf2, 0x0, 0x61,
    0x3, 0x0, 0xeb, 0xa3, 0x0, 0xf8, 0x40, 0x31,
    0x4, 0x0, 0x79, 0x73, 0x61, 0x0, 0x22, 0x40,
    0xc, 0xa0, 0x8e, 0x1, 0xf1, 0x3d, 0xfd, 0x3e,
    0x0, 0x61, 0x90, 0x4, 0x40, 0x3, 0xfc, 0xb0,
    0x20, 0x1b, 0x44, 0x2, 0x7d, 0x50, 0xf, 0xfe,
    0x8, 0xe9, 0x80, 0x71, 0x57, 0x41, 0x0, 0x7f,
    0x86, 0x0, 0x3f, 0xb, 0xef, 0x4a, 0x80, 0x7e,
    0x56, 0x0, 0xff, 0xb, 0x57, 0xd2, 0x0, 0x7a,
    0x0, 0x3f, 0xf8, 0x4b, 0x76, 0x0, 0xe1, 0x32,
    0x99, 0xe4, 0x0, 0xfc, 0x90, 0x1, 0xcc, 0xc,
    0xdd, 0xa0, 0x1f, 0xc6, 0x1, 0xc6, 0x40, 0x1c,
    0xc4, 0x1, 0xfb, 0x40, 0x38, 0xc1, 0x0, 0x3b,
    0x14, 0x3, 0x86, 0x18, 0x3, 0x90, 0x3c, 0x3,
    0x86, 0xbf, 0x2e, 0xdb, 0xce, 0x1, 0xc8, 0x20,
    0x8c, 0x1, 0xf1, 0xa2, 0x8, 0x3, 0xe9, 0x0,
    0xa5, 0x80, 0x3f, 0xf8, 0x63, 0x84, 0x1, 0xa6,
    0xc8, 0x3, 0xff, 0x80, 0xbe, 0x60, 0x1e, 0x4d,
    0xc7, 0x42, 0x0, 0x84, 0x96, 0x7a, 0x84, 0x2,

    /* U+00A8 "¨" */
    0x0, 0x9, 0x0, 0x7e, 0x22, 0x0, 0x55, 0xdb,
    0xc6, 0x1, 0x87, 0x37, 0x62, 0x65, 0x0, 0xf,
    0x0, 0x69, 0x30, 0x1, 0x47, 0x0, 0x62, 0x0,
    0xc6, 0x1, 0x9f, 0x0, 0x31, 0x80, 0x6c, 0x0,
    0xc8, 0x88, 0x10, 0x4d, 0x0, 0xce, 0xe1, 0x5,
    0x90,

    /* U+00A9 "©" */
    0x0, 0xf8, 0x5f, 0x3b, 0xfd, 0xb4, 0x80, 0x1f,
    0xfc, 0x1, 0x9e, 0x83, 0x10, 0x1, 0x2d, 0xea,
    0x0, 0x7f, 0x1f, 0xb0, 0x35, 0xff, 0xdb, 0x26,
    0x57, 0x20, 0x1f, 0x1e, 0xa, 0xf4, 0xa0, 0x4,
    0x4d, 0x94, 0xd, 0x40, 0x1c, 0x3a, 0xf, 0x42,
    0x29, 0xef, 0xf5, 0xa8, 0x2e, 0x8a, 0xb8, 0x6,
    0x81, 0x58, 0x3, 0xe6, 0x10, 0x2, 0x54, 0x1,
    0x68, 0x40, 0x80, 0x9, 0x86, 0xc0, 0x1a, 0x3,
    0x5b, 0x68, 0xe, 0x60, 0x6e, 0x10, 0x0, 0xa0,
    0x61, 0x6, 0x10, 0xd5, 0x24, 0xb1, 0xb, 0x0,
    0x48, 0x30, 0x1, 0x2, 0x80, 0x18, 0x6, 0x60,
    0xc, 0xa0, 0x40, 0x1, 0x50, 0x40, 0x31, 0x20,
    0x3, 0x2, 0x80, 0x75, 0xfd, 0x0, 0x58, 0x18,
    0x40, 0xa0, 0x10, 0x80, 0x7f, 0xf0, 0x48, 0x4,
    0x3, 0xff, 0x90, 0xe0, 0x66, 0x0, 0xe1, 0x0,
    0xff, 0xe0, 0xb8, 0x18, 0x82, 0x80, 0x4e, 0x4,
    0x1, 0xd3, 0xb0, 0x1, 0x10, 0x70, 0x18, 0x90,
    0x3, 0x1, 0x4, 0x3, 0x39, 0x0, 0x6c, 0x3,
    0xb, 0xa, 0x0, 0x30, 0x3, 0xc, 0x6, 0x44,
    0x2c, 0x0, 0x2a, 0x8, 0xc, 0xc, 0x20, 0x34,
    0x5, 0x9f, 0xcc, 0xa, 0x60, 0x9, 0x6, 0x0,
    0xb, 0xd, 0x80, 0x17, 0x10, 0x2, 0x28, 0xa0,
    0x1, 0xb8, 0x40, 0x5, 0x24, 0xb0, 0x0, 0x3b,
    0xfe, 0xfd, 0x70, 0x1, 0x68, 0x48, 0x80, 0x6f,
    0x17, 0xa1, 0x0, 0x84, 0x3, 0x2e, 0x8b, 0x30,
    0x3, 0x8b, 0x5, 0x7a, 0xc, 0x2, 0x16, 0xca,
    0x7, 0x90, 0xf, 0x8b, 0xd8, 0x1f, 0x3f, 0xbf,
    0xa4, 0xca, 0xe0, 0x3, 0xf8, 0x67, 0xa0, 0xc4,
    0x40, 0x4b, 0x5a, 0x80, 0x1c,

    /* U+00AA "ª" */
    0x0, 0xcd, 0x7d, 0xfe, 0xd8, 0x10, 0xe, 0x2d,
    0x94, 0x10, 0x1, 0x3f, 0x20, 0x6, 0xf2, 0x0,
    0xfd, 0x42, 0x0, 0x52, 0x0, 0x26, 0x7f, 0x28,
    0x0, 0x58, 0x0, 0x64, 0x21, 0x46, 0x3, 0x40,
    0x16, 0x0, 0x1b, 0x7b, 0xc4, 0x3, 0x18, 0x1,
    0xc0, 0x38, 0x51, 0x59, 0xa2, 0x0, 0xf2, 0x67,
    0x5d, 0x4c, 0xc2, 0x1, 0xcd, 0x66, 0x1, 0xff,
    0xc, 0x80, 0x53, 0xdf, 0xf1, 0x80, 0x64, 0x0,
    0xa5, 0x84, 0x3, 0xf1, 0x80, 0x4a, 0x1, 0x88,
    0xc0, 0x31, 0x0, 0x50, 0x20, 0x2f, 0xa0, 0x1c,
    0x82, 0x0, 0x4e, 0xfe, 0x80, 0xc, 0x20, 0xa,
    0x0, 0xf9, 0x54, 0x0, 0x20, 0x2, 0x6a, 0x88,
    0x1, 0x2a, 0x9c, 0x89, 0x10,

    /* U+00AB "«" */
    0x0, 0xf3, 0x5d, 0xa8, 0x40, 0x29, 0xbb, 0x48,
    0x7, 0x8e, 0x51, 0x0, 0x20, 0x7, 0x64, 0x47,
    0x80, 0x7b, 0x40, 0x2b, 0x0, 0x1c, 0x0, 0xd,
    0x80, 0x3a, 0x84, 0x1, 0x2, 0x0, 0xe0, 0xb,
    0xc0, 0x39, 0x54, 0x0, 0x27, 0x0, 0x49, 0x0,
    0x18, 0xc0, 0x31, 0x50, 0x5, 0x20, 0x4, 0x60,
    0xa, 0x0, 0x3b, 0x80, 0x25, 0x40, 0x1a, 0x0,
    0xa4, 0x40, 0x33, 0x98, 0x5, 0x60, 0xa, 0x10,
    0x1, 0x30, 0x6, 0x18, 0x0, 0x9c, 0x41, 0x10,
    0x1, 0x48, 0x7, 0xa, 0x0, 0x4a, 0x0, 0x41,
    0x0, 0xb8, 0x3, 0xd4, 0x20, 0x2, 0x70, 0x6,
    0x80, 0x4a, 0x60, 0x1c, 0x34, 0x1, 0x40, 0x81,
    0xb8, 0x5, 0xc0, 0x1e, 0x46, 0x0, 0xac, 0x1,
    0x6, 0x0, 0x26, 0x0, 0xf4, 0x90, 0x1, 0x4c,
    0x1, 0xc0, 0x14, 0x8, 0x7, 0xbc, 0x2, 0xe0,
    0x1, 0x48, 0x0, 0x60, 0x3, 0xc5, 0x0, 0x2,
    0x60, 0x3, 0x28, 0x1, 0x8c, 0x3, 0xce, 0x80,
    0x9, 0x10, 0x5, 0x88, 0x3, 0xc0,

    /* U+00AC "¬" */
    0x19, 0x9f, 0xfe, 0x24, 0x13, 0x37, 0xff, 0x14,
    0x3, 0xff, 0xb0, 0x7f, 0xff, 0xfc, 0xc, 0x0,
    0xff, 0xff, 0x80, 0x7f, 0xf0, 0x89, 0xde, 0x90,

    /* U+00AD "­" */
    0x2b, 0xbf, 0xfe, 0x24, 0x8a, 0x27, 0xff, 0x14,
    0x3, 0xff, 0xd4,

    /* U+00AE "®" */
    0x0, 0xf8, 0x9f, 0x3b, 0xfd, 0xb2, 0x80, 0x1f,
    0xfc, 0x1, 0x9d, 0x83, 0x10, 0x1, 0x35, 0xea,
    0x0, 0x7f, 0x1f, 0xb0, 0x36, 0x7f, 0xdb, 0x24,
    0x4b, 0x80, 0xf, 0x8f, 0x5, 0x7a, 0x4c, 0x2,
    0x26, 0xd9, 0x7, 0x90, 0xe, 0x1d, 0x7, 0xac,
    0xff, 0xdd, 0x6a, 0xd, 0xa2, 0xcc, 0x0, 0xd0,
    0x2b, 0x0, 0x1e, 0x14, 0xaa, 0x1, 0x68, 0x48,
    0x80, 0x9, 0x86, 0xc0, 0x33, 0xf7, 0x35, 0xc1,
    0x4c, 0xd, 0xc2, 0x40, 0x14, 0x12, 0x20, 0x1c,
    0x22, 0x28, 0x10, 0x40, 0x4, 0x83, 0x0, 0x14,
    0x18, 0x3, 0xfc, 0x60, 0x18, 0x54, 0x50, 0x8,
    0x82, 0x1, 0xf8, 0x60, 0x81, 0x40, 0x2c, 0x3,
    0x20, 0x60, 0xf, 0x3f, 0xfb, 0x9c, 0x28, 0x80,
    0x22, 0xe, 0x0, 0x8, 0x7, 0xf8, 0x79, 0x40,
    0x33, 0x80, 0x61, 0x0, 0xf3, 0xf7, 0x4, 0x4a,
    0x1, 0xce, 0x0, 0x20, 0x50, 0xf, 0x84, 0x52,
    0x1e, 0x1, 0xc6, 0x1c, 0x4, 0x24, 0x1, 0xf9,
    0xc1, 0xc, 0x3, 0x60, 0x18, 0x28, 0x50, 0x7,
    0xf3, 0x4, 0x0, 0x42, 0x82, 0x81, 0x40, 0xc2,
    0x1, 0xfa, 0xc1, 0xc, 0x1, 0x0, 0xc0, 0x2,
    0x61, 0xb0, 0x5, 0x36, 0x0, 0x45, 0xc, 0xc0,
    0x46, 0x9, 0x0, 0xa0, 0x56, 0x1, 0xe5, 0x0,
    0x33, 0xca, 0x9d, 0x4, 0x88, 0x4, 0x3a, 0xf,
    0x62, 0x1, 0xf9, 0xb0, 0x59, 0x80, 0x1c, 0x78,
    0x29, 0xd2, 0x82, 0x0, 0x26, 0xd9, 0x7, 0x90,
    0xf, 0x8f, 0xd8, 0x1a, 0xfb, 0xfd, 0xb2, 0x44,
    0xb8, 0x0, 0xfe, 0x19, 0xd7, 0x31, 0x0, 0x12,
    0xde, 0xa0, 0x7, 0x0,

    /* U+00AF "¯" */
    0x26, 0x6f, 0xfe, 0x11, 0xa4, 0xcf, 0xff, 0xa,
    0x80, 0x3f, 0xfa, 0x80,

    /* U+00B0 "°" */
    0x0, 0xff, 0xe1, 0xbe, 0xff, 0xb1, 0x40, 0x30,
    0xec, 0x10, 0x0, 0xea, 0x40, 0x2a, 0x20, 0xf,
    0x33, 0x1, 0x10, 0x0, 0x9f, 0xe6, 0x0, 0x40,
    0x68, 0x1, 0xd8, 0x6, 0x48, 0x4, 0xcc, 0x0,
    0xd0, 0xc, 0xe0, 0x7, 0x30, 0x6, 0x80, 0x67,
    0x0, 0x3e, 0x80, 0x1d, 0xc2, 0x54, 0x40, 0x26,
    0x86, 0x0, 0x8e, 0xd5, 0x0, 0x40, 0x3, 0x48,
    0x3, 0xcc, 0xc0, 0x0, 0xec, 0x10, 0x1, 0x2e,
    0x40, 0x0,

    /* U+00B1 "±" */
    0x0, 0xfb, 0xbb, 0x80, 0x3f, 0xf8, 0x42, 0x3c,
    0x1, 0xff, 0xff, 0x0, 0xff, 0xe7, 0xee, 0xfc,
    0x1, 0xdb, 0xbe, 0xa2, 0x2f, 0x80, 0x38, 0x8b,
    0xcc, 0x1, 0xff, 0xed, 0xff, 0xf8, 0x3, 0xbf,
    0xfd, 0x80, 0x1f, 0xff, 0xf0, 0xf, 0xff, 0xaf,
    0xff, 0x0, 0x7f, 0xf3, 0x96, 0xef, 0xff, 0x8a,
    0x3a, 0x89, 0xff, 0xc5, 0x30, 0xf, 0xff, 0x68,

    /* U+00B2 "²" */
    0x0, 0x9f, 0x3f, 0xec, 0x81, 0x0, 0xc5, 0xb0,
    0x60, 0x11, 0xbf, 0x20, 0x0, 0x70, 0x80, 0x3f,
    0x59, 0x4, 0x88, 0x4, 0xf5, 0x0, 0x1a, 0x81,
    0x0, 0x28, 0x82, 0xbb, 0x80, 0x22, 0xb, 0x77,
    0x94, 0x2, 0x10, 0xe, 0x78, 0x88, 0x80, 0x4,
    0xc0, 0x16, 0x0, 0x7c, 0x3e, 0x1, 0x13, 0x0,
    0x78, 0xbc, 0x80, 0x3, 0xe0, 0x1e, 0x4d, 0x10,
    0x1, 0x61, 0x0, 0x73, 0x58, 0x4, 0x98, 0x40,
    0x1d, 0x12, 0x1, 0x45, 0x88, 0x7, 0x53, 0x80,
    0x4e, 0x68, 0x9c, 0xe, 0xa0, 0x19, 0xee, 0xfc,
    0x5e, 0x1, 0xff, 0xcf,

    /* U+00B3 "³" */
    0x0, 0x14, 0x67, 0xfd, 0xb2, 0x60, 0x19, 0x75,
    0xcc, 0x2, 0x26, 0xc8, 0x0, 0x1d, 0x0, 0x7f,
    0x3b, 0x5, 0x0, 0x43, 0x37, 0x22, 0x1, 0x50,
    0x6c, 0xcd, 0x8c, 0x8d, 0x60, 0x10, 0x82, 0x33,
    0x44, 0x1, 0x60, 0x4, 0x80, 0x1c, 0xb9, 0x8e,
    0x60, 0x1, 0xc0, 0x7, 0x11, 0x98, 0x40, 0xb,
    0x82, 0x1, 0xff, 0x2e, 0x90, 0x7, 0x3f, 0xfb,
    0x54, 0x0, 0x5c, 0x1, 0xf8, 0xa8, 0x2, 0x31,
    0xff, 0xc8, 0x1, 0x8, 0x6, 0x33, 0x0, 0x54,
    0xe8, 0xd8, 0x1, 0x8a, 0x0, 0x21, 0x8b, 0x92,
    0x0, 0xa0, 0x12, 0x40, 0x3f, 0x9d, 0xc0, 0x6,
    0xd7, 0x30, 0x8, 0xdf, 0x60, 0x0,

    /* U+00B4 "´" */
    0x0, 0xcf, 0xbb, 0xce, 0x1, 0x1c, 0x11, 0x67,
    0x70, 0x5, 0xc0, 0x19, 0x68, 0x2, 0x82, 0x0,
    0x92, 0x80, 0x23, 0x70, 0x9, 0x2c, 0x3, 0x70,
    0x4, 0x96, 0x1, 0x80,

    /* U+00B5 "µ" */
    0x7f, 0xfe, 0x30, 0xf, 0xaf, 0xff, 0x80, 0x3f,
    0xff, 0xe0, 0x1f, 0xff, 0xf0, 0xf, 0xff, 0xf8,
    0x7, 0xff, 0x59, 0xc0, 0x3f, 0xf9, 0x2, 0x1,
    0xff, 0xc8, 0x20, 0xf, 0xfe, 0x45, 0x0, 0x78,
    0x54, 0x3, 0xff, 0x80, 0x50, 0x1, 0x8f, 0x4,
    0x3, 0xff, 0x82, 0xfd, 0x97, 0xd8, 0x40, 0x1f,
    0xfc, 0x31, 0x34, 0x10, 0xf, 0xff, 0x2, 0x0,
    0x7f, 0xf0, 0x14, 0xc4, 0x0, 0x4d, 0xbc, 0x1,
    0xff, 0xc0, 0x9c, 0xef, 0xf6, 0xc9, 0x2f, 0xff,
    0x0, 0x7f, 0xff, 0xc0, 0x3f, 0xff, 0xe0, 0x1f,
    0xfc, 0x70,

    /* U+00B6 "¶" */
    0x0, 0xf2, 0xd6, 0xff, 0xfd, 0x40, 0x19, 0xba,
    0x94, 0x80, 0x3f, 0xea, 0x91, 0x0, 0xff, 0xe0,
    0xca, 0x80, 0x7f, 0xf0, 0x91, 0x80, 0x3f, 0xf8,
    0x7e, 0x1, 0xff, 0xc3, 0x14, 0x0, 0xff, 0xe1,
    0xa0, 0x7, 0xff, 0x10, 0x80, 0x3f, 0xf8, 0x9e,
    0x1, 0xff, 0xd5, 0xe0, 0xf, 0xfe, 0x22, 0x80,
    0x7f, 0xf1, 0xc, 0x40, 0x3f, 0xf8, 0x8c, 0x1,
    0xff, 0xc4, 0x91, 0x0, 0xff, 0xe1, 0x8e, 0x80,
    0x7f, 0xf1, 0xf, 0x4, 0x3, 0xff, 0x86, 0x7d,
    0x2, 0x1, 0xff, 0xc3, 0x7e, 0xc9, 0x87, 0x70,
    0x80, 0x7f, 0xc6, 0xcf, 0x10, 0x20, 0xf, 0xff,
    0xf8, 0x7, 0xff, 0xfc, 0x3, 0xe0,

    /* U+00B7 "·" */
    0x0, 0x9, 0x88, 0x5, 0x7d, 0x9c, 0xe1, 0x8,
    0x1, 0x42, 0x28, 0x7, 0x68, 0x80, 0x70, 0xd0,
    0x7, 0x5b, 0x40, 0x81, 0x59, 0x80,

    /* U+00B8 "¸" */
    0x3, 0x88, 0x98, 0x3, 0x53, 0xbd, 0x42, 0x1,
    0x20, 0x4, 0x7d, 0x0, 0xb, 0x71, 0x0, 0x9d,
    0x41, 0xa3, 0x0, 0x37, 0x80, 0x7e, 0x10, 0x27,
    0xf0, 0xc, 0x60, 0xb0, 0x40, 0x1a, 0x40, 0x40,
    0x30, 0xe0, 0x81, 0x80, 0xa4, 0xf1, 0x80,

    /* U+00B9 "¹" */
    0x0, 0xf8, 0x40, 0x38, 0x5a, 0xf8, 0x40, 0x5f,
    0x3a, 0x50, 0x1, 0x7d, 0x6, 0x1, 0xca, 0x1,
    0xff, 0x18, 0x7, 0x46, 0x7e, 0x0, 0x73, 0x18,
    0x7, 0xff, 0xfc, 0x3, 0xff, 0x82,

    /* U+00BA "º" */
    0x0, 0xcf, 0x9d, 0xfe, 0xc7, 0x10, 0xe, 0x3e,
    0x83, 0x10, 0x1, 0xc7, 0x28, 0x4, 0x58, 0x20,
    0x1f, 0xa9, 0x0, 0x1c, 0x1, 0x2e, 0xfe, 0xb0,
    0x5, 0x40, 0x66, 0x0, 0x2d, 0x10, 0x14, 0xb8,
    0x0, 0x55, 0x40, 0x14, 0x80, 0x74, 0x80, 0x5b,
    0xc0, 0x11, 0x0, 0x70, 0x80, 0x44, 0x1, 0x84,
    0x3, 0xc2, 0x1, 0xff, 0xca, 0x10, 0xf, 0x8,
    0x5, 0xc0, 0x11, 0x0, 0x70, 0x80, 0x44, 0xa0,
    0x14, 0x80, 0x74, 0x80, 0x5a, 0x66, 0x0, 0x2c,
    0x90, 0xc, 0x38, 0x0, 0x54, 0x38, 0x2, 0x6d,
    0xfe, 0x70, 0xa, 0x80, 0x5, 0x82, 0x1, 0xfa,
    0x90, 0x2, 0x3e, 0x93, 0x10, 0x1, 0xc7, 0x28,
    0x0,

    /* U+00BB "»" */
    0x1a, 0xa9, 0x80, 0x24, 0xaa, 0x8c, 0x3, 0x84,
    0x15, 0x52, 0x60, 0x4, 0x42, 0xab, 0x80, 0x3d,
    0x60, 0x17, 0x0, 0x56, 0x0, 0x2a, 0x0, 0xe1,
    0x80, 0x1, 0x50, 0x1, 0x50, 0x0, 0xaa, 0x0,
    0xe7, 0x20, 0x2, 0xa8, 0x1, 0x20, 0x15, 0x10,
    0x7, 0x48, 0x5, 0x42, 0x4, 0xe0, 0x17, 0x0,
    0x72, 0x20, 0x2, 0xd0, 0x4, 0x8, 0x0, 0xe0,
    0x3, 0xa4, 0x2, 0x37, 0x0, 0x58, 0x4, 0xe6,
    0x1, 0x89, 0x80, 0x28, 0x10, 0x52, 0x0, 0xb8,
    0x3, 0x90, 0x2, 0x41, 0x2, 0x20, 0x5, 0x40,
    0x19, 0xc8, 0x0, 0x34, 0x0, 0xe0, 0x9, 0x1c,
    0x2, 0x18, 0x0, 0xa8, 0x41, 0x4c, 0x0, 0x34,
    0x1, 0xac, 0x2, 0x64, 0x0, 0x58, 0x5, 0x42,
    0x1, 0x22, 0x80, 0xa, 0x40, 0x10, 0x20, 0x6,
    0x40, 0xd, 0x20, 0x17, 0x80, 0x9, 0xc0, 0x5,
    0x20, 0x19, 0xc8, 0x1, 0x4, 0x0, 0x90, 0xb,
    0x80, 0x30, 0xc0, 0x1, 0x1c, 0x0, 0xa8, 0x0,
    0x83, 0x0, 0xc0,

    /* U+00BC "¼" */
    0x0, 0xf0, 0x90, 0x7, 0xff, 0x18, 0x5a, 0xfa,
    0x80, 0x3f, 0xf8, 0x62, 0xd7, 0xd2, 0x80, 0x1f,
    0xfc, 0x5b, 0x94, 0x0, 0xff, 0xef, 0x92, 0xcd,
    0x80, 0x7f, 0xcc, 0x60, 0x1e, 0x8a, 0x66, 0x0,
    0x7f, 0x8a, 0x72, 0x80, 0x3f, 0xf8, 0xf0, 0x0,
    0x60, 0xf, 0xfe, 0x31, 0xa8, 0x3, 0xc0, 0x3f,
    0xf8, 0xde, 0x0, 0x53, 0x0, 0xff, 0xe2, 0xa1,
    0x80, 0x20, 0x3, 0xff, 0x8d, 0x20, 0x6, 0x20,
    0xf, 0xfe, 0x2b, 0x10, 0x2, 0x0, 0x3f, 0xf8,
    0xd0, 0x0, 0x71, 0x0, 0xff, 0xe2, 0xb8, 0x80,
    0xc0, 0x7, 0xfc, 0x6e, 0xf6, 0x0, 0xc8, 0x2,
    0x40, 0x3f, 0xf8, 0x3, 0x11, 0x20, 0x48, 0x80,
    0xb8, 0x5, 0x3b, 0xb2, 0x0, 0x7f, 0xb, 0x80,
    0x2c, 0x2, 0x56, 0x22, 0x84, 0x3, 0xfa, 0xc0,
    0x4, 0xa0, 0x1, 0xb0, 0xf, 0xfe, 0x9, 0x28,
    0x2, 0x40, 0x2a, 0x10, 0xf, 0xfe, 0xc, 0x80,
    0x11, 0x0, 0x7, 0x40, 0xf, 0xfe, 0x9, 0xa0,
    0x2, 0x0, 0x7, 0x0, 0x6, 0x0, 0xff, 0xbc,
    0x0, 0xa6, 0x0, 0xe0, 0x4, 0xf8, 0x7, 0xf9,
    0x4c, 0x1, 0x0, 0x9, 0x20, 0x56, 0x0, 0xff,
    0xa4, 0x0, 0xc4, 0x8, 0xc0, 0x56, 0x22, 0x0,
    0xc2, 0x1, 0xd9, 0x3, 0x0, 0xa, 0x0, 0x17,
    0x72, 0x0, 0x2a, 0xe0, 0xf, 0x3f, 0x8, 0x7,
    0xff, 0x34, 0xc0, 0x3f, 0xf9, 0x5b, 0xff, 0xd2,
    0x1, 0x57, 0x80, 0x7f, 0xf8, 0x80,

    /* U+00BD "½" */
    0x0, 0xf8, 0x80, 0x3f, 0xf9, 0x2b, 0x5f, 0x20,
    0x1f, 0xfc, 0x65, 0xaf, 0xa5, 0x0, 0xff, 0xe3,
    0xc5, 0x28, 0x7, 0xff, 0x8f, 0x92, 0x30, 0x3,
    0xfc, 0x2e, 0x1, 0xfc, 0xd6, 0xe6, 0x1, 0xfe,
    0x98, 0xe5, 0x0, 0xff, 0xe4, 0xb, 0x80, 0x80,
    0x7f, 0xf2, 0x6c, 0x0, 0x6a, 0x1, 0xff, 0xc7,
    0x25, 0x0, 0x40, 0x7, 0xff, 0x22, 0x40, 0x8,
    0x80, 0xf, 0xfe, 0x3a, 0x20, 0x1, 0x0, 0x1f,
    0xfc, 0x88, 0x0, 0x29, 0x80, 0x7f, 0xf1, 0xd4,
    0xc0, 0x10, 0x1, 0xff, 0xc8, 0x80, 0x3, 0x10,
    0x7, 0xff, 0xa, 0x1d, 0xdc, 0xc, 0x40, 0x8,
    0x0, 0xff, 0xe1, 0xbc, 0x41, 0x42, 0x0, 0x10,
    0x20, 0x77, 0xdf, 0xed, 0x91, 0x0, 0xff, 0x38,
    0x80, 0xb8, 0x3e, 0x20, 0x80, 0x9, 0xb8, 0xc0,
    0x3f, 0xc, 0x0, 0x20, 0x12, 0x0, 0x3f, 0x70,
    0x7, 0xe8, 0x0, 0x13, 0x7, 0x80, 0x51, 0xfc,
    0x60, 0x2, 0x30, 0xf, 0x13, 0x0, 0x20, 0x0,
    0x80, 0x3, 0x70, 0x1b, 0x0, 0x98, 0x3, 0xd0,
    0x0, 0x35, 0x0, 0x77, 0x5a, 0x1, 0x68, 0x4,
    0xc0, 0x1c, 0x6a, 0x0, 0x80, 0x8, 0x47, 0x0,
    0x11, 0x40, 0x2, 0x60, 0x1d, 0x0, 0x4, 0x40,
    0x7, 0xe4, 0xb0, 0xa, 0x80, 0x38, 0x90, 0x1,
    0x20, 0x1f, 0x96, 0xc0, 0x29, 0x40, 0xe, 0x2d,
    0x46, 0x20, 0xf, 0x9a, 0x80, 0x2b, 0x60, 0xf,
    0x8a, 0xe4, 0x3, 0xe8, 0x90, 0x0, 0xe2, 0x0,
    0x7f, 0xf1, 0x65, 0xc0, 0x9, 0xe6, 0x1, 0xff,
    0xc5, 0x86, 0x0, 0x93, 0xbf, 0xf5, 0x80, 0x7f,
    0xf0, 0x48, 0x3, 0xfc, 0xe0, 0x1f, 0xfc, 0xd0,

    /* U+00BE "¾" */
    0x0, 0x9a, 0xff, 0xec, 0x71, 0x0, 0xff, 0xe1,
    0x8e, 0x4a, 0x0, 0x47, 0x1e, 0x40, 0x1f, 0xfc,
    0x2b, 0x30, 0xf, 0x87, 0x80, 0x3f, 0xf8, 0x4a,
    0x0, 0x1c, 0xfc, 0x20, 0x1, 0x90, 0x7, 0xff,
    0x6, 0xaa, 0xd3, 0x3, 0xa0, 0x8, 0x40, 0x3f,
    0xf8, 0x2a, 0xb1, 0x80, 0x5a, 0x1, 0x10, 0x6,
    0x2e, 0x70, 0xf, 0xe1, 0x88, 0x5a, 0x80, 0x20,
    0x40, 0x34, 0xc, 0x58, 0x7, 0xe2, 0x77, 0x20,
    0x2, 0x5c, 0x3, 0x1a, 0x80, 0x3c, 0x3, 0xff,
    0x85, 0x2a, 0x1, 0xa0, 0x0, 0x68, 0x1, 0xf8,
    0xff, 0xda, 0x60, 0xa, 0x20, 0x1, 0xa0, 0x3,
    0xc0, 0x3f, 0xf8, 0x5, 0x0, 0x12, 0x0, 0x3c,
    0x0, 0x86, 0x1, 0xc9, 0xbb, 0x30, 0x7, 0xdc,
    0x8, 0x60, 0x9, 0x0, 0xf3, 0x11, 0x50, 0x80,
    0x50, 0x1, 0x68, 0x48, 0x1, 0x48, 0x3, 0xc4,
    0x80, 0x1, 0xbf, 0xd3, 0x0, 0xa, 0xa8, 0x80,
    0x10, 0x1, 0xfa, 0x88, 0x3, 0xe1, 0xd0, 0x80,
    0x3, 0x10, 0x7, 0xe1, 0xd9, 0x30, 0x0, 0x9c,
    0x71, 0xb1, 0x0, 0x20, 0x3, 0xfe, 0x6c, 0xff,
    0x76, 0x38, 0x2, 0x0, 0xe, 0x20, 0x9, 0xdd,
    0x8c, 0x3, 0xff, 0x80, 0xe2, 0x3, 0x20, 0x5,
    0x62, 0x29, 0xc0, 0x3f, 0xf8, 0x12, 0x0, 0x91,
    0x2, 0xa0, 0xf, 0xfe, 0x24, 0x8, 0xb, 0x80,
    0x38, 0x3, 0xff, 0x88, 0x2e, 0x0, 0x80, 0x3,
    0x98, 0x7, 0xff, 0x12, 0x0, 0x4, 0xc0, 0x70,
    0x0, 0x60, 0xf, 0xfe, 0x8, 0xb0, 0x2, 0x0,
    0x1c, 0x0, 0x9e, 0x0, 0xff, 0xe0, 0xd8, 0x0,
    0xd4, 0x24, 0x81, 0x98, 0x1, 0xff, 0xc1, 0x15,
    0x0, 0x40, 0x23, 0x1, 0x40, 0x80, 0x61, 0x10,
    0x7, 0xc3, 0xcc, 0x88, 0xa, 0x0, 0x17, 0x72,
    0x0, 0x2a, 0xe0, 0xf, 0xc3, 0x36, 0x0, 0x10,
    0xf, 0xfe, 0x61, 0x0, 0x7f, 0xf3, 0x37, 0xff,
    0xa0, 0x2, 0xbf, 0x0, 0xff, 0xf3, 0x0,

    /* U+00BF "¿" */
    0x0, 0xf8, 0xb3, 0xfa, 0x0, 0x3f, 0xf8, 0x52,
    0x60, 0x2e, 0x80, 0x1f, 0xfc, 0x14, 0x0, 0xc6,
    0x1, 0xff, 0xc1, 0x10, 0xc, 0x20, 0x1f, 0xfc,
    0x19, 0x0, 0x85, 0xc0, 0x3f, 0xf8, 0x2f, 0x93,
    0x5e, 0x20, 0x1f, 0xfc, 0x23, 0x65, 0x10, 0xf,
    0xff, 0x44, 0xd5, 0x62, 0x0, 0xff, 0xe0, 0xba,
    0xae, 0x10, 0xf, 0xfe, 0x8, 0x80, 0x7f, 0xf1,
    0x50, 0x3, 0x88, 0x3, 0xfe, 0x1a, 0x0, 0xe1,
    0x0, 0xff, 0xe, 0x8, 0x6, 0x60, 0xf, 0xf0,
    0xe1, 0x0, 0x61, 0x80, 0xf, 0xf6, 0x90, 0x6,
    0x1c, 0x10, 0xf, 0xea, 0x30, 0xe, 0xc2, 0x0,
    0xfe, 0x55, 0x0, 0x75, 0x90, 0x7, 0xfa, 0xc0,
    0x3a, 0x10, 0x3, 0xfc, 0xa2, 0x1, 0x89, 0xc0,
    0x3f, 0xef, 0x0, 0xe8, 0x0, 0xff, 0xe0, 0x30,
    0x7, 0x28, 0x7, 0xff, 0x0, 0x40, 0x30, 0x80,
    0x78, 0x62, 0x38, 0xc4, 0x3, 0x8, 0x7, 0x91,
    0xdf, 0x95, 0x80, 0x38, 0xc0, 0x3b, 0x80, 0x38,
    0xb0, 0x3, 0xb8, 0x80, 0x28, 0x40, 0xe, 0x47,
    0x0, 0xe2, 0xdd, 0x67, 0xb8, 0x7, 0x30, 0xb,
    0x80, 0x78, 0x8c, 0x3, 0xc3, 0x0, 0x8, 0x40,
    0xf, 0xfe, 0xd, 0x8, 0x5, 0x6e, 0x1, 0xfe,
    0x3d, 0x40, 0xe, 0x8e, 0x84, 0x10, 0x8, 0xda,
    0xf0, 0x80, 0x20,

    /* U+00C0 "À" */
    0x0, 0xe3, 0xff, 0xee, 0x10, 0xf, 0xfe, 0x31,
    0xe0, 0x6, 0x18, 0x0, 0xff, 0xe3, 0x9d, 0x80,
    0x66, 0x30, 0xf, 0xfe, 0x3a, 0x50, 0x6, 0xe0,
    0xf, 0xfe, 0x42, 0xc8, 0x4, 0x4e, 0x1, 0xff,
    0xc8, 0x68, 0x22, 0xac, 0x40, 0x3f, 0xf9, 0xf,
    0xbb, 0x60, 0x80, 0x7f, 0xf8, 0xb3, 0xff, 0x60,
    0x7, 0xff, 0x1c, 0x8c, 0x3, 0x18, 0x80, 0x7f,
    0xf1, 0x94, 0x3, 0xce, 0x1, 0xff, 0xc6, 0xb0,
    0xf, 0x68, 0x7, 0xff, 0x14, 0x4c, 0x3, 0xc8,
    0x1, 0xff, 0xc5, 0x70, 0xf, 0xca, 0x1, 0xff,
    0xc4, 0xa0, 0xf, 0xde, 0x1, 0xff, 0xc3, 0x13,
    0x0, 0xfc, 0xa0, 0x1f, 0xfc, 0x37, 0x0, 0xc6,
    0x40, 0x19, 0x40, 0x3f, 0xf8, 0x5a, 0x1, 0x91,
    0x0, 0x1b, 0xc0, 0x3f, 0xf8, 0x22, 0x80, 0x1a,
    0xf4, 0x3, 0x20, 0x7, 0xff, 0x5, 0xc0, 0x30,
    0x9a, 0x0, 0x61, 0x40, 0xf, 0xfe, 0x6, 0x80,
    0x64, 0x0, 0x18, 0x6, 0xd0, 0xf, 0xf8, 0x50,
    0x3, 0x60, 0x2, 0xc0, 0x33, 0x80, 0x7f, 0xc8,
    0x1, 0xce, 0x0, 0x40, 0xc, 0x26, 0x1, 0xfe,
    0xe0, 0xc, 0x42, 0x0, 0x31, 0x0, 0xd6, 0x1,
    0xfe, 0x40, 0xc, 0xa0, 0x19, 0x0, 0x32, 0x80,
    0x7f, 0x28, 0x7, 0x60, 0x6, 0xc0, 0xc, 0x46,
    0x1, 0xfb, 0xc0, 0x39, 0x0, 0x33, 0x80, 0x75,
    0x80, 0x7e, 0x50, 0xe, 0xff, 0xee, 0x0, 0xe5,
    0x0, 0xf9, 0x40, 0x3f, 0xf8, 0xa4, 0x40, 0xf,
    0x78, 0x7, 0xff, 0x19, 0x40, 0x3c, 0xa0, 0x1f,
    0xfc, 0x6b, 0x0, 0xe4, 0x0, 0xff, 0xe3, 0x98,
    0x80, 0x6e, 0x0, 0xeb, 0xff, 0xfd, 0x0, 0x1c,
    0xe0, 0x19, 0x0, 0x39, 0x0, 0x3f, 0x20, 0x7,
    0x68, 0x4, 0x82, 0x1, 0x94, 0x3, 0xf8, 0xc4,
    0x3, 0x20, 0x80, 0x34, 0x3, 0xb0, 0x3, 0xfc,
    0xe0, 0x1c, 0xe0, 0x7, 0x0, 0xe7, 0x0, 0xff,
    0x60, 0x7, 0x68, 0x20, 0x80, 0x63, 0x10, 0xf,
    0xf2, 0x80, 0x72, 0x0,

    /* U+00C1 "Á" */
    0x0, 0xff, 0xe1, 0x6f, 0xff, 0x18, 0x7, 0xff,
    0x1a, 0x48, 0x3, 0x59, 0x80, 0x7f, 0xf1, 0x4d,
    0x80, 0x35, 0xa0, 0x7, 0xff, 0x1b, 0x80, 0x35,
    0xa0, 0x7, 0xff, 0x1a, 0x8, 0x2, 0xa4, 0x0,
    0xff, 0xe3, 0x12, 0x91, 0x54, 0xa0, 0x1f, 0xfc,
    0x72, 0xdd, 0xca, 0x1, 0xff, 0xe2, 0xcf, 0xfd,
    0x80, 0x1f, 0xfc, 0x72, 0x30, 0xc, 0x62, 0x1,
    0xff, 0xc6, 0x50, 0xf, 0x38, 0x7, 0xff, 0x1a,
    0xc0, 0x3d, 0xa0, 0x1f, 0xfc, 0x51, 0x30, 0xf,
    0x20, 0x7, 0xff, 0x15, 0xc0, 0x3f, 0x28, 0x7,
    0xff, 0x12, 0x80, 0x3f, 0x78, 0x7, 0xff, 0xc,
    0x4c, 0x3, 0xf2, 0x80, 0x7f, 0xf0, 0xdc, 0x3,
    0x19, 0x0, 0x65, 0x0, 0xff, 0xe1, 0x68, 0x6,
    0x44, 0x0, 0x6f, 0x0, 0xff, 0xe0, 0x8a, 0x0,
    0x6b, 0xd0, 0xc, 0x80, 0x1f, 0xfc, 0x17, 0x0,
    0xc2, 0x68, 0x1, 0x85, 0x0, 0x3f, 0xf8, 0x1a,
    0x1, 0x90, 0x0, 0x60, 0x1b, 0x40, 0x3f, 0xe1,
    0x40, 0xd, 0x80, 0xb, 0x0, 0xce, 0x1, 0xff,
    0x20, 0x7, 0x38, 0x1, 0x0, 0x30, 0x98, 0x7,
    0xfb, 0x80, 0x31, 0x8, 0x0, 0xc4, 0x3, 0x58,
    0x7, 0xf9, 0x0, 0x32, 0x80, 0x64, 0x0, 0xca,
    0x1, 0xfc, 0xa0, 0x1d, 0x80, 0x1b, 0x0, 0x31,
    0x18, 0x7, 0xef, 0x0, 0xe4, 0x0, 0xce, 0x1,
    0xd6, 0x1, 0xf9, 0x40, 0x3b, 0xff, 0xb8, 0x3,
    0x94, 0x3, 0xe5, 0x0, 0xff, 0xe2, 0x91, 0x0,
    0x3d, 0xe0, 0x1f, 0xfc, 0x65, 0x0, 0xf2, 0x80,
    0x7f, 0xf1, 0xac, 0x3, 0x90, 0x3, 0xff, 0x8e,
    0x62, 0x1, 0xb8, 0x3, 0xaf, 0xff, 0xf4, 0x0,
    0x73, 0x80, 0x64, 0x0, 0xe4, 0x0, 0xfc, 0x80,
    0x1d, 0xa0, 0x12, 0x8, 0x6, 0x50, 0xf, 0xe3,
    0x10, 0xc, 0x82, 0x0, 0xd0, 0xe, 0xc0, 0xf,
    0xf3, 0x80, 0x73, 0x80, 0x1c, 0x3, 0x9c, 0x3,
    0xfd, 0x80, 0x1d, 0xa0, 0x82, 0x1, 0x8c, 0x40,
    0x3f, 0xca, 0x1, 0xc8, 0x0,

    /* U+00C2 "Â" */
    0x0, 0xff, 0x2f, 0xfe, 0x40, 0xf, 0xfe, 0x3b,
    0xd0, 0x6, 0xb7, 0x0, 0xff, 0xe2, 0xd4, 0x0,
    0x7a, 0x28, 0x3, 0xff, 0x84, 0x38, 0xa0, 0x15,
    0x50, 0x2, 0x5c, 0x10, 0xf, 0xf8, 0xfc, 0xc0,
    0x3, 0xaa, 0xac, 0x10, 0x1, 0xf9, 0x80, 0x7f,
    0x9d, 0x9d, 0xd1, 0xe4, 0x0, 0x3f, 0x87, 0x73,
    0x30, 0x3, 0xfc, 0x91, 0x13, 0x88, 0x6, 0x17,
    0x88, 0x94, 0x3, 0xff, 0xef, 0x9f, 0xfb, 0x0,
    0x3f, 0xf8, 0xe4, 0x60, 0x18, 0xc4, 0x3, 0xff,
    0x8c, 0xa0, 0x1e, 0x70, 0xf, 0xfe, 0x35, 0x80,
    0x7b, 0x40, 0x3f, 0xf8, 0xa2, 0x60, 0x1e, 0x40,
    0xf, 0xfe, 0x2b, 0x80, 0x7e, 0x50, 0xf, 0xfe,
    0x25, 0x0, 0x7e, 0xf0, 0xf, 0xfe, 0x18, 0x98,
    0x7, 0xe5, 0x0, 0xff, 0xe1, 0xb8, 0x6, 0x32,
    0x0, 0xca, 0x1, 0xff, 0xc2, 0xd0, 0xc, 0x88,
    0x0, 0xde, 0x1, 0xff, 0xc1, 0x14, 0x0, 0xd7,
    0xa0, 0x19, 0x0, 0x3f, 0xf8, 0x2e, 0x1, 0x84,
    0xd0, 0x3, 0xa, 0x0, 0x7f, 0xf0, 0x34, 0x3,
    0x20, 0x0, 0xc0, 0x36, 0x80, 0x7f, 0xc2, 0x80,
    0x1b, 0x0, 0x16, 0x1, 0x9c, 0x3, 0xfe, 0x40,
    0xe, 0x70, 0x2, 0x0, 0x61, 0x30, 0xf, 0xf7,
    0x0, 0x62, 0x10, 0x1, 0x88, 0x6, 0xb0, 0xf,
    0xf2, 0x0, 0x65, 0x0, 0xc8, 0x1, 0x94, 0x3,
    0xf9, 0x40, 0x3b, 0x0, 0x36, 0x0, 0x62, 0x30,
    0xf, 0xde, 0x1, 0xc8, 0x1, 0x9c, 0x3, 0xac,
    0x3, 0xf2, 0x80, 0x77, 0xff, 0x70, 0x7, 0x28,
    0x7, 0xca, 0x1, 0xff, 0xc5, 0x22, 0x0, 0x7b,
    0xc0, 0x3f, 0xf8, 0xca, 0x1, 0xe5, 0x0, 0xff,
    0xe3, 0x58, 0x7, 0x20, 0x7, 0xff, 0x1c, 0xc4,
    0x3, 0x70, 0x7, 0x5f, 0xff, 0xe8, 0x0, 0xe7,
    0x0, 0xc8, 0x1, 0xc8, 0x1, 0xf9, 0x0, 0x3b,
    0x40, 0x24, 0x10, 0xc, 0xa0, 0x1f, 0xc6, 0x20,
    0x19, 0x4, 0x1, 0xa0, 0x1d, 0x80, 0x1f, 0xe7,
    0x0, 0xe7, 0x0, 0x38, 0x7, 0x38, 0x7, 0xfb,
    0x0, 0x3b, 0x41, 0x4, 0x3, 0x18, 0x80, 0x7f,
    0x94, 0x3, 0x90, 0x0,

    /* U+00C3 "Ã" */
    0x0, 0xff, 0xe2, 0x88, 0x7, 0xff, 0xc, 0xef,
    0xfd, 0x8e, 0x40, 0x15, 0xfe, 0xa8, 0x7, 0xfc,
    0x98, 0x80, 0x3, 0x8d, 0xd5, 0xea, 0x81, 0x8,
    0x7, 0xfd, 0x40, 0x1f, 0x12, 0x10, 0x0, 0x50,
    0x3, 0xfc, 0x82, 0x0, 0x24, 0x10, 0xf, 0xa8,
    0x3, 0xfe, 0x11, 0x2, 0xed, 0xf6, 0x39, 0x0,
    0x13, 0x10, 0x3, 0xfe, 0x5e, 0xe5, 0x80, 0x47,
    0x1b, 0xfe, 0xb3, 0x0, 0xff, 0xe1, 0x8, 0x80,
    0x3f, 0xff, 0xe0, 0x1b, 0x3f, 0xf6, 0x0, 0x7f,
    0xf1, 0xc8, 0xc0, 0x31, 0x88, 0x7, 0xff, 0x19,
    0x40, 0x3c, 0xe0, 0x1f, 0xfc, 0x6b, 0x0, 0xf6,
    0x80, 0x7f, 0xf1, 0x44, 0xc0, 0x3c, 0x80, 0x1f,
    0xfc, 0x57, 0x0, 0xfc, 0xa0, 0x1f, 0xfc, 0x4a,
    0x0, 0xfd, 0xe0, 0x1f, 0xfc, 0x31, 0x30, 0xf,
    0xca, 0x1, 0xff, 0xc3, 0x70, 0xc, 0x64, 0x1,
    0x94, 0x3, 0xff, 0x85, 0xa0, 0x19, 0x10, 0x1,
    0xbc, 0x3, 0xff, 0x82, 0x28, 0x1, 0xaf, 0x40,
    0x32, 0x0, 0x7f, 0xf0, 0x5c, 0x3, 0x9, 0xa0,
    0x6, 0x14, 0x0, 0xff, 0xe0, 0x68, 0x6, 0x40,
    0x1, 0x80, 0x6d, 0x0, 0xff, 0x85, 0x0, 0x36,
    0x0, 0x2c, 0x3, 0x38, 0x7, 0xfc, 0x80, 0x1c,
    0xe0, 0x4, 0x0, 0xc2, 0x60, 0x1f, 0xee, 0x0,
    0xc4, 0x20, 0x3, 0x10, 0xd, 0x60, 0x1f, 0xe4,
    0x0, 0xca, 0x1, 0x90, 0x3, 0x28, 0x7, 0xf2,
    0x80, 0x76, 0x0, 0x6c, 0x0, 0xc4, 0x60, 0x1f,
    0xbc, 0x3, 0x90, 0x3, 0x38, 0x7, 0x58, 0x7,
    0xe5, 0x0, 0xef, 0xfe, 0xe0, 0xe, 0x50, 0xf,
    0x94, 0x3, 0xff, 0x8a, 0x44, 0x0, 0xf7, 0x80,
    0x7f, 0xf1, 0x94, 0x3, 0xca, 0x1, 0xff, 0xc6,
    0xb0, 0xe, 0x40, 0xf, 0xfe, 0x39, 0x88, 0x6,
    0xe0, 0xe, 0xbf, 0xff, 0xd0, 0x1, 0xce, 0x1,
    0x90, 0x3, 0x90, 0x3, 0xf2, 0x0, 0x76, 0x80,
    0x48, 0x20, 0x19, 0x40, 0x3f, 0x8c, 0x40, 0x32,
    0x8, 0x3, 0x40, 0x3b, 0x0, 0x3f, 0xce, 0x1,
    0xce, 0x0, 0x70, 0xe, 0x70, 0xf, 0xf6, 0x0,
    0x76, 0x82, 0x8, 0x6, 0x31, 0x0, 0xff, 0x28,
    0x7, 0x20, 0x0,

    /* U+00C4 "Ä" */
    0x0, 0xf8, 0x88, 0x1, 0xf8, 0x84, 0x3, 0xff,
    0x80, 0x3b, 0xb6, 0x8, 0x6, 0x3e, 0xde, 0xa0,
    0xf, 0xfa, 0xc8, 0x0, 0x70, 0x1, 0xbc, 0x40,
    0xa, 0xc0, 0x1f, 0xe6, 0x0, 0xc4, 0x1, 0x8c,
    0x3, 0x78, 0x7, 0xf9, 0x0, 0x36, 0x0, 0x64,
    0x0, 0xd8, 0x1, 0xfe, 0x86, 0x0, 0x33, 0x80,
    0x6a, 0x40, 0x18, 0x50, 0xf, 0xfa, 0x7f, 0xd2,
    0x1, 0xc3, 0x7f, 0xce, 0x1, 0xff, 0xf8, 0xcf,
    0xfd, 0x80, 0x1f, 0xfc, 0x72, 0x30, 0xc, 0x62,
    0x1, 0xff, 0xc6, 0x50, 0xf, 0x38, 0x7, 0xff,
    0x1a, 0xc0, 0x3d, 0xa0, 0x1f, 0xfc, 0x51, 0x30,
    0xf, 0x20, 0x7, 0xff, 0x15, 0xc0, 0x3f, 0x28,
    0x7, 0xff, 0x12, 0x80, 0x3f, 0x78, 0x7, 0xff,
    0xc, 0x4c, 0x3, 0xf2, 0x80, 0x7f, 0xf0, 0xdc,
    0x3, 0x19, 0x0, 0x65, 0x0, 0xff, 0xe1, 0x68,
    0x6, 0x44, 0x0, 0x6f, 0x0, 0xff, 0xe0, 0x8a,
    0x0, 0x6b, 0xd0, 0xc, 0x80, 0x1f, 0xfc, 0x17,
    0x0, 0xc2, 0x68, 0x1, 0x85, 0x0, 0x3f, 0xf8,
    0x1a, 0x1, 0x90, 0x0, 0x60, 0x1b, 0x40, 0x3f,
    0xe1, 0x40, 0xd, 0x80, 0xb, 0x0, 0xce, 0x1,
    0xff, 0x20, 0x7, 0x38, 0x1, 0x0, 0x30, 0x98,
    0x7, 0xfb, 0x80, 0x31, 0x8, 0x0, 0xc4, 0x3,
    0x58, 0x7, 0xf9, 0x0, 0x32, 0x80, 0x64, 0x0,
    0xca, 0x1, 0xfc, 0xa0, 0x1d, 0x80, 0x1b, 0x0,
    0x31, 0x18, 0x7, 0xef, 0x0, 0xe4, 0x0, 0xce,
    0x1, 0xd6, 0x1, 0xf9, 0x40, 0x3b, 0xff, 0xb8,
    0x3, 0x94, 0x3, 0xe5, 0x0, 0xff, 0xe2, 0x91,
    0x0, 0x3d, 0xe0, 0x1f, 0xfc, 0x65, 0x0, 0xf2,
    0x80, 0x7f, 0xf1, 0xac, 0x3, 0x90, 0x3, 0xff,
    0x8e, 0x62, 0x1, 0xb8, 0x3, 0xaf, 0xff, 0xf4,
    0x0, 0x73, 0x80, 0x64, 0x0, 0xe4, 0x0, 0xfc,
    0x80, 0x1d, 0xa0, 0x12, 0x8, 0x6, 0x50, 0xf,
    0xe3, 0x10, 0xc, 0x82, 0x0, 0xd0, 0xe, 0xc0,
    0xf, 0xf3, 0x80, 0x73, 0x80, 0x1c, 0x3, 0x9c,
    0x3, 0xfd, 0x80, 0x1d, 0xa0, 0x82, 0x1, 0x8c,
    0x40, 0x3f, 0xca, 0x1, 0xc8, 0x0,

    /* U+00C5 "Å" */
    0x0, 0xff, 0x25, 0xff, 0xac, 0xc0, 0x3f, 0xf8,
    0xed, 0x68, 0x0, 0x4c, 0x50, 0xf, 0xfe, 0x28,
    0xc8, 0x2f, 0x71, 0x42, 0xc0, 0x3f, 0xf8, 0xa8,
    0x0, 0xb1, 0x14, 0x0, 0x98, 0x7, 0xff, 0x1c,
    0x40, 0x3f, 0xf9, 0x48, 0x0, 0xa1, 0x14, 0x0,
    0x98, 0x7, 0xff, 0x10, 0x64, 0x17, 0xb8, 0xa1,
    0x60, 0x1f, 0xfc, 0x66, 0xb4, 0x11, 0x25, 0xa8,
    0x7, 0xff, 0x1d, 0x2f, 0xb9, 0x68, 0x1, 0xff,
    0xe2, 0xcf, 0xfd, 0x80, 0x1f, 0xfc, 0x72, 0x30,
    0xc, 0x62, 0x1, 0xff, 0xc6, 0x50, 0xf, 0x38,
    0x7, 0xff, 0x1a, 0xc0, 0x3d, 0xa0, 0x1f, 0xfc,
    0x51, 0x30, 0xf, 0x20, 0x7, 0xff, 0x15, 0xc0,
    0x3f, 0x28, 0x7, 0xff, 0x12, 0x80, 0x3f, 0x78,
    0x7, 0xff, 0xc, 0x4c, 0x3, 0xf2, 0x80, 0x7f,
    0xf0, 0xdc, 0x3, 0x19, 0x0, 0x65, 0x0, 0xff,
    0xe1, 0x68, 0x6, 0x44, 0x0, 0x6f, 0x0, 0xff,
    0xe0, 0x8a, 0x0, 0x6b, 0xd0, 0xc, 0x80, 0x1f,
    0xfc, 0x17, 0x0, 0xc2, 0x68, 0x1, 0x85, 0x0,
    0x3f, 0xf8, 0x1a, 0x1, 0x90, 0x0, 0x60, 0x1b,
    0x40, 0x3f, 0xe1, 0x40, 0xd, 0x80, 0xb, 0x0,
    0xce, 0x1, 0xff, 0x20, 0x7, 0x38, 0x1, 0x0,
    0x30, 0x98, 0x7, 0xfb, 0x80, 0x31, 0x8, 0x0,
    0xc4, 0x3, 0x58, 0x7, 0xf9, 0x0, 0x32, 0x80,
    0x64, 0x0, 0xca, 0x1, 0xfc, 0xa0, 0x1d, 0x80,
    0x1b, 0x0, 0x31, 0x18, 0x7, 0xef, 0x0, 0xe4,
    0x0, 0xce, 0x1, 0xd6, 0x1, 0xf9, 0x40, 0x3b,
    0xff, 0xb8, 0x3, 0x94, 0x3, 0xe5, 0x0, 0xff,
    0xe2, 0x91, 0x0, 0x3d, 0xe0, 0x1f, 0xfc, 0x65,
    0x0, 0xf2, 0x80, 0x7f, 0xf1, 0xac, 0x3, 0x90,
    0x3, 0xff, 0x8e, 0x62, 0x1, 0xb8, 0x3, 0xaf,
    0xff, 0xf4, 0x0, 0x73, 0x80, 0x64, 0x0, 0xe4,
    0x0, 0xfc, 0x80, 0x1d, 0xa0, 0x12, 0x8, 0x6,
    0x50, 0xf, 0xe3, 0x10, 0xc, 0x82, 0x0, 0xd0,
    0xe, 0xc0, 0xf, 0xf3, 0x80, 0x73, 0x80, 0x1c,
    0x3, 0x9c, 0x3, 0xfd, 0x80, 0x1d, 0xa0, 0x82,
    0x1, 0x8c, 0x40, 0x3f, 0xca, 0x1, 0xc8, 0x0,

    /* U+00C6 "Æ" */
    0x0, 0xff, 0x2f, 0xff, 0xff, 0x2, 0xc0, 0x3f,
    0xef, 0x0, 0xff, 0xe6, 0x28, 0x7, 0xff, 0x2d,
    0x40, 0x3f, 0xf9, 0x9e, 0x1, 0xf8, 0x4c, 0xf8,
    0x3, 0xfc, 0xa0, 0x1f, 0x93, 0x33, 0x40, 0x7,
    0xf2, 0x80, 0x7f, 0xf3, 0x3c, 0x3, 0x8, 0x7,
    0xff, 0x1d, 0x40, 0x23, 0x30, 0x7, 0xff, 0x19,
    0x0, 0x35, 0x80, 0x7f, 0xf1, 0xf8, 0x3, 0x20,
    0x7, 0xff, 0x1d, 0x0, 0x21, 0x30, 0xf, 0xfe,
    0x32, 0x8, 0x4, 0x80, 0x1e, 0x5f, 0xfc, 0x20,
    0x1f, 0x68, 0x6, 0xf0, 0xf, 0xfe, 0x3b, 0x80,
    0x64, 0x0, 0xff, 0xe3, 0x20, 0x80, 0x46, 0x20,
    0x1f, 0xfc, 0x6d, 0x0, 0xd6, 0x1, 0xf0, 0x99,
    0xe1, 0x0, 0xf3, 0x80, 0x64, 0x0, 0xf9, 0x33,
    0x30, 0x7, 0x90, 0x40, 0x36, 0x7f, 0x88, 0x3,
    0xff, 0x87, 0xa0, 0x1f, 0xfc, 0xc7, 0x0, 0xff,
    0xe5, 0x98, 0x80, 0x7f, 0xf2, 0xec, 0x3, 0xff,
    0x98, 0xc0, 0x19, 0xbf, 0xf1, 0x0, 0x7f, 0xf0,
    0x4c, 0x40, 0x36, 0x80, 0x7f, 0xf1, 0xac, 0x3,
    0x90, 0x3, 0xf9, 0x2e, 0xf8, 0x40, 0xa, 0x1,
    0x90, 0x3, 0xfc, 0x28, 0x9c, 0x60, 0x64, 0x1,
    0xb0, 0x3, 0xff, 0x8d, 0x60, 0x1c, 0xa0, 0x1f,
    0xfc, 0x65, 0x0, 0xc2, 0x40, 0x1f, 0xfc, 0x50,

    /* U+00C7 "Ç" */
    0x0, 0xf8, 0xe7, 0x3f, 0xee, 0xb7, 0x20, 0xf,
    0xf8, 0xb3, 0xc, 0x60, 0x10, 0xa4, 0x6d, 0x8,
    0x7, 0xe4, 0xd3, 0x0, 0xff, 0x2f, 0x98, 0x7,
    0x92, 0xc0, 0x3f, 0xf8, 0x23, 0x84, 0x1, 0x86,
    0x80, 0x3c, 0x26, 0x40, 0x1f, 0x70, 0x6, 0xb1,
    0x0, 0xc3, 0x7d, 0x9b, 0xf2, 0x1, 0xc6, 0xa0,
    0x2, 0x50, 0xe, 0xc4, 0x0, 0xcd, 0x60, 0x1d,
    0xc0, 0xa, 0x0, 0xe8, 0x20, 0xf, 0x21, 0x80,
    0x64, 0x0, 0x28, 0x7, 0x30, 0x7, 0xeb, 0x0,
    0xe3, 0x2, 0x0, 0xc6, 0x20, 0x1f, 0x88, 0x3,
    0x98, 0xc0, 0x39, 0x80, 0x3f, 0x97, 0xff, 0x95,
    0x80, 0x38, 0x80, 0x3f, 0xf9, 0x5e, 0x1, 0xff,
    0xc4, 0x30, 0xf, 0xff, 0xf8, 0x7, 0xff, 0x10,
    0xc0, 0x3f, 0xfa, 0x1e, 0x1, 0xff, 0xc4, 0x60,
    0xe, 0x10, 0xf, 0xfe, 0x21, 0x0, 0x71, 0x0,
    0x7f, 0x14, 0x47, 0x18, 0x90, 0x6, 0x50, 0xf,
    0xe5, 0x77, 0xf0, 0x20, 0x6, 0x14, 0x0, 0xfd,
    0x80, 0x1c, 0xa1, 0x40, 0x1d, 0x0, 0x1f, 0x1a,
    0x0, 0x62, 0x10, 0x34, 0x0, 0xc7, 0x40, 0x1c,
    0x7a, 0x1, 0xd6, 0x1, 0x48, 0x7, 0x2f, 0xdc,
    0xd6, 0xe0, 0x80, 0x62, 0x60, 0x8, 0xa4, 0x3,
    0xc8, 0xca, 0x40, 0x1e, 0xf0, 0xe, 0x69, 0x0,
    0xff, 0xe0, 0x8e, 0x10, 0x7, 0x9b, 0x8, 0x3,
    0xfc, 0xde, 0x60, 0x1f, 0x8f, 0x6d, 0x84, 0x3,
    0x24, 0x74, 0x88, 0x7, 0xfc, 0x92, 0xe0, 0x11,
    0x43, 0x88, 0x7, 0xff, 0xd, 0x40, 0x22, 0xcb,
    0x0, 0xff, 0xe2, 0x44, 0x8, 0x2, 0x46, 0x0,
    0xff, 0xe1, 0xa3, 0xe0, 0x6, 0xd0, 0xf, 0xfe,
    0x29, 0x80, 0x7f, 0xf2, 0x9, 0xfc, 0x3, 0x18,
    0x7, 0xff, 0xd, 0x20, 0x80, 0x34, 0x80, 0x7f,
    0xf0, 0xcc, 0x3, 0xe, 0x8, 0x7, 0xff, 0x14,
    0x52, 0x78, 0xc0, 0x3e,

    /* U+00C8 "È" */
    0x0, 0xe, 0xff, 0xf1, 0x80, 0x7f, 0xf0, 0x47,
    0xc4, 0x3, 0x78, 0x7, 0xff, 0x8, 0xb0, 0x40,
    0x23, 0x60, 0xf, 0xfe, 0x11, 0x68, 0x6, 0x91,
    0x0, 0xff, 0xe1, 0x1d, 0x80, 0x6b, 0x0, 0xff,
    0xe1, 0xa5, 0x11, 0x4e, 0x60, 0x1f, 0xfc, 0x35,
    0xdd, 0xc6, 0x1, 0xff, 0xd1, 0xff, 0xff, 0xe4,
    0x8, 0x7, 0xff, 0xe4, 0xcf, 0xff, 0x84, 0x1,
    0xe3, 0xcc, 0xff, 0xe1, 0x8, 0x7, 0xff, 0xfc,
    0x3, 0xff, 0xd8, 0x7f, 0xff, 0xfc, 0x1, 0x0,
    0xff, 0xfd, 0xa, 0xaf, 0xff, 0x0, 0x40, 0x3e,
    0x2a, 0xaf, 0xfe, 0x0, 0x7, 0xff, 0xfc, 0x3,
    0xff, 0xfe, 0x1, 0xc7, 0x77, 0xff, 0xc2, 0x10,
    0xf, 0x22, 0x7f, 0xf0, 0x8c, 0x3, 0xff, 0xe6,

    /* U+00C9 "É" */
    0x0, 0xff, 0xa3, 0x77, 0x98, 0x3, 0xff, 0x82,
    0x8e, 0x45, 0x91, 0x80, 0x3f, 0xf8, 0x34, 0x1,
    0x9a, 0x40, 0x3f, 0xf8, 0x32, 0x20, 0x12, 0xc8,
    0x7, 0xff, 0x4, 0xd8, 0x2, 0x5a, 0x0, 0xff,
    0xe1, 0x70, 0x4, 0xb4, 0x1, 0xff, 0xc3, 0xdf,
    0xfa, 0x80, 0x3f, 0xfa, 0x3f, 0xff, 0xfc, 0x81,
    0x0, 0xff, 0xfc, 0x99, 0xff, 0xf0, 0x80, 0x3c,
    0x79, 0x9f, 0xfc, 0x21, 0x0, 0xff, 0xff, 0x80,
    0x7f, 0xfb, 0xf, 0xff, 0xff, 0x80, 0x20, 0x1f,
    0xff, 0xa1, 0x55, 0xff, 0xe0, 0x8, 0x7, 0xc5,
    0x55, 0xff, 0xc0, 0x0, 0xff, 0xff, 0x80, 0x7f,
    0xff, 0xc0, 0x38, 0xee, 0xff, 0xf8, 0x42, 0x1,
    0xe4, 0x4f, 0xfe, 0x11, 0x80, 0x7f, 0xfc, 0xc0,

    /* U+00CA "Ê" */
    0x0, 0xf8, 0xbb, 0xfe, 0x60, 0xf, 0xfe, 0x11,
    0xe0, 0x80, 0x53, 0x0, 0x1f, 0xfc, 0x4, 0xc1,
    0x0, 0xe7, 0x90, 0xf, 0xf3, 0x58, 0x4, 0x6e,
    0x1, 0x35, 0x80, 0x7e, 0x79, 0x0, 0x97, 0x22,
    0x40, 0x24, 0xc1, 0x0, 0xe5, 0x80, 0x9, 0xa8,
    0x0, 0xd6, 0x1, 0x1e, 0x80, 0x72, 0xff, 0xe9,
    0x0, 0xc9, 0xff, 0xb0, 0x3, 0xff, 0xc3, 0xff,
    0xff, 0xc8, 0x10, 0xf, 0xff, 0xc9, 0x9f, 0xff,
    0x8, 0x3, 0xc7, 0x99, 0xff, 0xc2, 0x10, 0xf,
    0xff, 0xf8, 0x7, 0xff, 0xb0, 0xff, 0xff, 0xf8,
    0x2, 0x1, 0xff, 0xfa, 0x15, 0x5f, 0xfe, 0x0,
    0x80, 0x7c, 0x55, 0x5f, 0xfc, 0x0, 0xf, 0xff,
    0xf8, 0x7, 0xff, 0xfc, 0x3, 0x8e, 0xef, 0xff,
    0x84, 0x20, 0x1e, 0x44, 0xff, 0xe1, 0x18, 0x7,
    0xff, 0xcc,

    /* U+00CB "Ë" */
    0x0, 0xc4, 0x40, 0xf, 0xc4, 0x40, 0xf, 0xd7,
    0xbb, 0x10, 0x6, 0x1c, 0xdd, 0x60, 0x80, 0x73,
    0xa0, 0x0, 0xb8, 0x3, 0x41, 0x80, 0xe, 0x0,
    0x3b, 0x80, 0x31, 0x0, 0x65, 0x0, 0xca, 0x1,
    0xd8, 0x1, 0x90, 0x3, 0x20, 0x6, 0x40, 0xe,
    0x57, 0x10, 0x5b, 0x0, 0xd0, 0xc0, 0x6, 0x80,
    0xf, 0x47, 0x7d, 0x8, 0x7, 0x4f, 0xfa, 0x40,
    0x3f, 0xfc, 0x5f, 0xff, 0xfc, 0x81, 0x0, 0xff,
    0xfc, 0x99, 0xff, 0xf0, 0x80, 0x3c, 0x79, 0x9f,
    0xfc, 0x21, 0x0, 0xff, 0xff, 0x80, 0x7f, 0xfb,
    0xf, 0xff, 0xff, 0x80, 0x20, 0x1f, 0xff, 0xa1,
    0x55, 0xff, 0xe0, 0x8, 0x7, 0xc5, 0x55, 0xff,
    0xc0, 0x0, 0xff, 0xff, 0x80, 0x7f, 0xff, 0xc0,
    0x38, 0xee, 0xff, 0xf8, 0x42, 0x1, 0xe4, 0x4f,
    0xfe, 0x11, 0x80, 0x7f, 0xfc, 0xc0,

    /* U+00CC "Ì" */
    0x0, 0x67, 0xff, 0x28, 0x7, 0xff, 0x3, 0x48,
    0x3, 0x58, 0x7, 0xff, 0x0, 0x70, 0x80, 0x21,
    0x80, 0xf, 0xfe, 0x0, 0xf8, 0x80, 0x4e, 0x60,
    0x1f, 0xfc, 0x2, 0xc1, 0x0, 0xbc, 0x3, 0xff,
    0x82, 0x5a, 0x45, 0xa, 0x0, 0x7f, 0xf0, 0x4f,
    0x77, 0x20, 0x7, 0xff, 0x3f, 0xff, 0xff, 0x8a,
    0x60, 0x1f, 0xfe, 0xe4, 0x4e, 0x20, 0xe, 0x24,
    0x4e, 0x10, 0xbb, 0xe8, 0x0, 0xeb, 0xbf, 0x10,
    0x7, 0xff, 0xfc, 0x3, 0xff, 0xfe, 0x1, 0xff,
    0xff, 0x0, 0xff, 0xff, 0x80, 0x7f, 0xfc, 0xae,
    0xfa, 0x0, 0x3a, 0xef, 0xc4, 0x8, 0x9c, 0x40,
    0x1c, 0x48, 0x9c, 0x20, 0x1f, 0xfe, 0xd0,

    /* U+00CD "Í" */
    0x0, 0xff, 0x4f, 0xff, 0x40, 0x7, 0xfc, 0x8c,
    0x1, 0x9e, 0x0, 0x3f, 0xe9, 0x0, 0xcd, 0x0,
    0x1f, 0xf4, 0x90, 0x4, 0xd2, 0x1, 0xff, 0x1b,
    0x0, 0x4d, 0x20, 0x1f, 0xfc, 0x9, 0x22, 0x9a,
    0x40, 0x3f, 0xf8, 0x35, 0xbb, 0x48, 0x7, 0xff,
    0x3f, 0xff, 0xff, 0x8a, 0x60, 0x1f, 0xfe, 0xe4,
    0x4e, 0x20, 0xe, 0x24, 0x4e, 0x10, 0xbb, 0xe8,
    0x0, 0xeb, 0xbf, 0x10, 0x7, 0xff, 0xfc, 0x3,
    0xff, 0xfe, 0x1, 0xff, 0xff, 0x0, 0xff, 0xff,
    0x80, 0x7f, 0xfc, 0xae, 0xfa, 0x0, 0x3a, 0xef,
    0xc4, 0x8, 0x9c, 0x40, 0x1c, 0x48, 0x9c, 0x20,
    0x1f, 0xfe, 0xd0,

    /* U+00CE "Î" */
    0x0, 0xf0, 0xef, 0xfd, 0x20, 0x1f, 0xfc, 0x3,
    0xf2, 0x0, 0x9a, 0xc4, 0x3, 0xf9, 0xb0, 0x40,
    0x39, 0x30, 0x80, 0x3e, 0x99, 0x0, 0x4d, 0xa4,
    0x0, 0x2d, 0x40, 0xc, 0x36, 0xc0, 0x14, 0xc8,
    0xb5, 0x0, 0x2b, 0x70, 0x8, 0xcc, 0xef, 0x63,
    0x0, 0x57, 0x2e, 0xf7, 0x80, 0x45, 0x11, 0x8c,
    0x3, 0x9a, 0x23, 0x0, 0x7f, 0xf7, 0x7f, 0xff,
    0xf8, 0xa6, 0x1, 0xff, 0xee, 0x44, 0xe2, 0x0,
    0xe2, 0x44, 0xe1, 0xb, 0xbe, 0x80, 0xe, 0xbb,
    0xf1, 0x0, 0x7f, 0xff, 0xc0, 0x3f, 0xff, 0xe0,
    0x1f, 0xff, 0xf0, 0xf, 0xff, 0xf8, 0x7, 0xff,
    0xca, 0xef, 0xa0, 0x3, 0xae, 0xfc, 0x40, 0x89,
    0xc4, 0x1, 0xc4, 0x89, 0xc2, 0x1, 0xff, 0xed,

    /* U+00CF "Ï" */
    0x0, 0x84, 0x80, 0x3f, 0x11, 0x0, 0x3d, 0x3d,
    0xbc, 0x60, 0x1d, 0x7b, 0xb1, 0x0, 0x4a, 0xc0,
    0x1, 0xd0, 0xc, 0xe8, 0x0, 0x29, 0x0, 0x88,
    0x3, 0x8, 0x6, 0xd0, 0xc, 0xa0, 0x11, 0x80,
    0x63, 0x0, 0xd8, 0x1, 0x90, 0x2, 0x49, 0x10,
    0x4e, 0x0, 0xcc, 0xe2, 0xb, 0x60, 0x19, 0xbb,
    0xec, 0x80, 0x3a, 0x3b, 0xe8, 0x40, 0x3f, 0xfb,
    0xbf, 0xff, 0xfc, 0x53, 0x0, 0xff, 0xf7, 0x22,
    0x71, 0x0, 0x71, 0x22, 0x70, 0x85, 0xdf, 0x40,
    0x7, 0x5d, 0xf8, 0x80, 0x3f, 0xff, 0xe0, 0x1f,
    0xff, 0xf0, 0xf, 0xff, 0xf8, 0x7, 0xff, 0xfc,
    0x3, 0xff, 0xe5, 0x77, 0xd0, 0x1, 0xd7, 0x7e,
    0x20, 0x44, 0xe2, 0x0, 0xe2, 0x44, 0xe1, 0x0,
    0xff, 0xf6, 0x80,

    /* U+00D0 "Ð" */
    0x0, 0x8b, 0xff, 0xfb, 0xad, 0xc8, 0x3, 0xff,
    0x92, 0x29, 0x1b, 0x66, 0x1, 0xff, 0xcb, 0x4c,
    0x80, 0xf, 0xfe, 0x63, 0xd8, 0x7, 0xff, 0x4,
    0x4c, 0xe0, 0xf, 0x92, 0x80, 0x3f, 0xf8, 0x9,
    0x99, 0x7d, 0x10, 0x7, 0x2b, 0x0, 0x7f, 0xf1,
    0x17, 0x50, 0x3, 0xa0, 0x3, 0xff, 0x8d, 0x64,
    0x1, 0x85, 0xc0, 0x3f, 0xf8, 0xd2, 0x1, 0xd4,
    0x1, 0xff, 0xc6, 0x42, 0x0, 0xc4, 0x40, 0xf,
    0xfe, 0x32, 0x0, 0x72, 0x0, 0x7f, 0xf1, 0xb0,
    0x3, 0xb8, 0x3, 0xff, 0x8c, 0x20, 0x1c, 0x5b,
    0xfe, 0xd0, 0xe, 0x5f, 0xfc, 0xa0, 0x13, 0x80,
    0x7f, 0xf4, 0x84, 0x3, 0xff, 0x9a, 0xe6, 0x70,
    0x7, 0x9, 0x9e, 0x10, 0xf, 0xe1, 0xac, 0xc7,
    0x0, 0x72, 0x66, 0x64, 0x0, 0x9c, 0x3, 0xff,
    0x98, 0x20, 0x1c, 0x40, 0x1f, 0xfc, 0x6d, 0x0,
    0xee, 0x0, 0xff, 0xe3, 0x28, 0x7, 0x20, 0x7,
    0xff, 0x14, 0xc8, 0x3, 0x11, 0x0, 0x3f, 0xf8,
    0xbe, 0x1, 0xd4, 0x1, 0xff, 0xc5, 0x93, 0x0,
    0xc2, 0xc0, 0x1f, 0xfc, 0x33, 0xb6, 0x0, 0xe8,
    0x10, 0xf, 0xf2, 0x5d, 0xb3, 0xb1, 0x0, 0x39,
    0x58, 0x3, 0xfe, 0x14, 0x41, 0x88, 0x7, 0x92,
    0x80, 0x3f, 0xf9, 0x4d, 0x60, 0x1f, 0xfc, 0x93,
    0xb9, 0x0, 0xff, 0xe3, 0x9, 0xbe, 0x61, 0x0,
    0x3c,

    /* U+00D1 "Ñ" */
    0x0, 0xff, 0xe1, 0x88, 0x7, 0xf9, 0xb7, 0xfa,
    0x94, 0x2, 0x2e, 0xfc, 0x0, 0xfa, 0xa4, 0x80,
    0x56, 0xbf, 0x31, 0xa0, 0x1, 0x0, 0xf2, 0x28,
    0x7, 0xc6, 0x60, 0xa, 0x80, 0x3d, 0xe0, 0x11,
    0x98, 0x3, 0xe3, 0x70, 0xf, 0xeb, 0xcc, 0x7d,
    0x28, 0x80, 0xbe, 0x0, 0x7d, 0x7f, 0xa8, 0x1,
    0x2d, 0x77, 0xf4, 0x0, 0x7f, 0x88, 0x3, 0xff,
    0xda, 0xff, 0xfd, 0x0, 0x1f, 0x37, 0xff, 0x30,
    0x7, 0x98, 0x3, 0xff, 0x90, 0x2c, 0x1, 0xff,
    0xc8, 0xb0, 0xf, 0xfe, 0x41, 0x20, 0x7, 0xff,
    0x23, 0x80, 0x3f, 0xf9, 0xa, 0x40, 0x1f, 0xfc,
    0x8a, 0x0, 0xff, 0xe4, 0x30, 0x7, 0xff, 0x20,
    0x58, 0x3, 0xff, 0x91, 0x60, 0x1f, 0xfc, 0x45,
    0x0, 0x89, 0x0, 0x3f, 0xf8, 0x7e, 0x40, 0x17,
    0x0, 0x7f, 0xf1, 0x28, 0x2, 0x52, 0x0, 0xff,
    0xe1, 0xb0, 0x6, 0xa0, 0xf, 0xfe, 0x18, 0xb0,
    0x4, 0xc0, 0x1f, 0xfc, 0x4b, 0x0, 0x85, 0x80,
    0x3f, 0xf8, 0x64, 0x80, 0x15, 0x80, 0x7f, 0xf1,
    0x3c, 0x2, 0x2c, 0x0, 0xff, 0xe1, 0xa1, 0x0,
    0x4a, 0x1, 0xff, 0xc4, 0xa0, 0xf, 0xfe, 0x43,
    0x0, 0x7f, 0xf2, 0x5, 0x80, 0x3f, 0xf9, 0x16,
    0x1, 0xff, 0xc8, 0x24, 0x0, 0xff, 0xe4, 0x78,
    0x7, 0xff, 0x21, 0x8, 0x3, 0xff, 0x91, 0x40,
    0x1f, 0xfc, 0x86, 0x0, 0xff, 0xe4, 0xb, 0x0,
    0x78,

    /* U+00D2 "Ò" */
    0x0, 0xd1, 0xff, 0xd2, 0x1, 0xff, 0xc4, 0x86,
    0x0, 0xcc, 0x60, 0x1f, 0xfc, 0x49, 0x50, 0xd,
    0xc0, 0x1f, 0xfc, 0x5a, 0x40, 0x8, 0x9c, 0x3,
    0xff, 0x8b, 0x66, 0x1, 0x41, 0x0, 0x7f, 0xf1,
    0x71, 0x8, 0xab, 0x0, 0xff, 0xe3, 0x5e, 0xed,
    0x20, 0x1f, 0xff, 0x25, 0xad, 0xff, 0xb6, 0x50,
    0x3, 0xff, 0x80, 0x9b, 0x4a, 0x40, 0x11, 0x35,
    0xe9, 0x80, 0x7f, 0x3d, 0x90, 0x7, 0xf1, 0x63,
    0x80, 0x7c, 0xd0, 0x1, 0xff, 0xc1, 0x87, 0x0,
    0xe2, 0x90, 0xf, 0x84, 0x3, 0xe8, 0x30, 0xd,
    0x20, 0x1c, 0x59, 0xfd, 0xf4, 0x20, 0x1d, 0xc0,
    0x11, 0xa0, 0x6, 0x1c, 0x30, 0x9, 0x7c, 0x40,
    0x31, 0x28, 0x2, 0x80, 0x3a, 0x4, 0x3, 0x86,
    0x0, 0x3b, 0x80, 0x8, 0x1, 0xcc, 0x1, 0xf3,
    0x8, 0x6, 0x40, 0x12, 0x0, 0xc6, 0x1, 0xfc,
    0x80, 0x1c, 0x64, 0x1, 0xca, 0x1, 0xfd, 0xa0,
    0x1c, 0xce, 0x1, 0xc2, 0x1, 0xfc, 0x20, 0x1c,
    0x42, 0x1, 0xde, 0x1, 0xfc, 0x60, 0x1d, 0xe0,
    0x1f, 0xff, 0xf0, 0xf, 0xfe, 0xe0, 0x80, 0x77,
    0x80, 0x7f, 0x18, 0x7, 0x7b, 0x80, 0x70, 0x80,
    0x7f, 0x8, 0x7, 0x11, 0x0, 0x39, 0x40, 0x3f,
    0xb4, 0x3, 0x98, 0x48, 0x3, 0x18, 0x7, 0xf2,
    0x0, 0x71, 0x82, 0x0, 0x73, 0x0, 0x7c, 0xc2,
    0x1, 0x90, 0x1, 0x40, 0x1d, 0x2, 0x1, 0xc3,
    0x0, 0x1d, 0xc0, 0x3, 0x40, 0xc, 0x38, 0x60,
    0x12, 0x60, 0x80, 0x62, 0x50, 0xa, 0x40, 0x38,
    0xb3, 0xb7, 0xec, 0x80, 0x3b, 0x80, 0x31, 0x48,
    0x7, 0x84, 0x80, 0x3e, 0x93, 0x0, 0xe6, 0x80,
    0xf, 0xfe, 0xc, 0x30, 0x7, 0xcf, 0x64, 0x1,
    0xfc, 0x56, 0xe0, 0x1f, 0xc9, 0xb6, 0xa4, 0x1,
    0x13, 0x5e, 0xa0, 0x7, 0x0,

    /* U+00D3 "Ó" */
    0x0, 0xff, 0xe0, 0x27, 0xff, 0x60, 0x7, 0xff,
    0x12, 0x80, 0x31, 0xe8, 0x7, 0xff, 0xe, 0x44,
    0x2, 0x2d, 0x10, 0xf, 0xfe, 0x12, 0x30, 0x4,
    0x58, 0x20, 0x1f, 0xfc, 0x39, 0x0, 0x8b, 0x4,
    0x3, 0xff, 0x86, 0xc0, 0x44, 0x3c, 0x10, 0xf,
    0xfe, 0x23, 0x6e, 0xd8, 0x20, 0x1f, 0xff, 0x15,
    0xad, 0xff, 0xb6, 0x50, 0x3, 0xff, 0x80, 0x9b,
    0x4a, 0x40, 0x11, 0x35, 0xe9, 0x80, 0x7f, 0x3d,
    0x90, 0x7, 0xf1, 0x63, 0x80, 0x7c, 0xd0, 0x1,
    0xff, 0xc1, 0x87, 0x0, 0xe2, 0x90, 0xf, 0x84,
    0x3, 0xe8, 0x30, 0xd, 0x20, 0x1c, 0x59, 0xfd,
    0xf4, 0x20, 0x1d, 0xc0, 0x11, 0xa0, 0x6, 0x1c,
    0x30, 0x9, 0x7c, 0x40, 0x31, 0x28, 0x2, 0x80,
    0x3a, 0x4, 0x3, 0x86, 0x0, 0x3b, 0x80, 0x8,
    0x1, 0xcc, 0x1, 0xf3, 0x8, 0x6, 0x40, 0x12,
    0x0, 0xc6, 0x1, 0xfc, 0x80, 0x1c, 0x64, 0x1,
    0xca, 0x1, 0xfd, 0xa0, 0x1c, 0xce, 0x1, 0xc2,
    0x1, 0xfc, 0x20, 0x1c, 0x42, 0x1, 0xde, 0x1,
    0xfc, 0x60, 0x1d, 0xe0, 0x1f, 0xff, 0xf0, 0xf,
    0xfe, 0xe0, 0x80, 0x77, 0x80, 0x7f, 0x18, 0x7,
    0x7b, 0x80, 0x70, 0x80, 0x7f, 0x8, 0x7, 0x11,
    0x0, 0x39, 0x40, 0x3f, 0xb4, 0x3, 0x98, 0x48,
    0x3, 0x18, 0x7, 0xf2, 0x0, 0x71, 0x82, 0x0,
    0x73, 0x0, 0x7c, 0xc2, 0x1, 0x90, 0x1, 0x40,
    0x1d, 0x2, 0x1, 0xc3, 0x0, 0x1d, 0xc0, 0x3,
    0x40, 0xc, 0x38, 0x60, 0x12, 0x60, 0x80, 0x62,
    0x50, 0xa, 0x40, 0x38, 0xb3, 0xb7, 0xec, 0x80,
    0x3b, 0x80, 0x31, 0x48, 0x7, 0x84, 0x80, 0x3e,
    0x93, 0x0, 0xe6, 0x80, 0xf, 0xfe, 0xc, 0x30,
    0x7, 0xcf, 0x64, 0x1, 0xfc, 0x56, 0xe0, 0x1f,
    0xc9, 0xb6, 0xa4, 0x1, 0x13, 0x5e, 0xa0, 0x7,
    0x0,

    /* U+00D4 "Ô" */
    0x0, 0xfe, 0x9f, 0xfb, 0x4, 0x3, 0xff, 0x89,
    0x4c, 0x1, 0x1e, 0x8, 0x7, 0xff, 0x4, 0x71,
    0x40, 0x38, 0xbc, 0x80, 0x3f, 0xe1, 0xc3, 0x0,
    0xa4, 0x40, 0x3, 0xa8, 0x1, 0xfc, 0x5e, 0x40,
    0x1, 0xc6, 0xf2, 0x0, 0xad, 0x40, 0x3f, 0x60,
    0x80, 0x7, 0xc, 0x7, 0x50, 0x2, 0xa3, 0x0,
    0xfb, 0xbf, 0xee, 0x20, 0xd, 0x7f, 0xf8, 0xc0,
    0x3f, 0xff, 0xe0, 0x19, 0x6b, 0x7f, 0xed, 0x94,
    0x0, 0xff, 0xe0, 0x26, 0xd2, 0x90, 0x4, 0x4d,
    0x7a, 0x60, 0x1f, 0xcf, 0x64, 0x1, 0xfc, 0x58,
    0xe0, 0x1f, 0x34, 0x0, 0x7f, 0xf0, 0x61, 0xc0,
    0x38, 0xa4, 0x3, 0xe1, 0x0, 0xfa, 0xc, 0x3,
    0x48, 0x7, 0x16, 0x7f, 0x7d, 0x8, 0x7, 0x70,
    0x4, 0x68, 0x1, 0x87, 0xc, 0x2, 0x5f, 0x10,
    0xc, 0x4a, 0x0, 0xa0, 0xe, 0x81, 0x0, 0xe1,
    0x80, 0xe, 0xe0, 0x2, 0x0, 0x73, 0x0, 0x7c,
    0xc2, 0x1, 0x90, 0x4, 0x80, 0x31, 0x80, 0x7f,
    0x20, 0x7, 0x19, 0x0, 0x72, 0x80, 0x7f, 0x68,
    0x7, 0x33, 0x80, 0x70, 0x80, 0x7f, 0x8, 0x7,
    0x10, 0x80, 0x77, 0x80, 0x7f, 0x18, 0x7, 0x78,
    0x7, 0xff, 0xfc, 0x3, 0xff, 0xb8, 0x20, 0x1d,
    0xe0, 0x1f, 0xc6, 0x1, 0xde, 0xe0, 0x1c, 0x20,
    0x1f, 0xc2, 0x1, 0xc4, 0x40, 0xe, 0x50, 0xf,
    0xed, 0x0, 0xe6, 0x12, 0x0, 0xc6, 0x1, 0xfc,
    0x80, 0x1c, 0x60, 0x80, 0x1c, 0xc0, 0x1f, 0x30,
    0x80, 0x64, 0x0, 0x50, 0x7, 0x40, 0x80, 0x70,
    0xc0, 0x7, 0x70, 0x0, 0xd0, 0x3, 0xe, 0x18,
    0x4, 0x98, 0x20, 0x18, 0x94, 0x2, 0x90, 0xe,
    0x2c, 0xed, 0xfb, 0x20, 0xe, 0xe0, 0xc, 0x52,
    0x1, 0xe1, 0x20, 0xf, 0xa4, 0xc0, 0x39, 0xa0,
    0x3, 0xff, 0x83, 0xc, 0x1, 0xf3, 0xd9, 0x0,
    0x7f, 0x15, 0xb8, 0x7, 0xf2, 0x6d, 0xa9, 0x0,
    0x44, 0xd7, 0xa8, 0x1, 0xc0,

    /* U+00D5 "Õ" */
    0x0, 0xff, 0xe2, 0x8, 0x7, 0xff, 0x1, 0x77,
    0xfa, 0x4, 0x3, 0x7f, 0x50, 0x7, 0xf3, 0xd1,
    0x0, 0xbf, 0x38, 0x84, 0x8, 0x94, 0x3, 0xf1,
    0x40, 0x7, 0xa3, 0xbd, 0xc0, 0x8, 0x1, 0xfa,
    0xc0, 0x23, 0x30, 0x7, 0xe8, 0x0, 0xfc, 0xa0,
    0x8, 0xcc, 0x6a, 0x80, 0x74, 0x18, 0x7, 0xe9,
    0x62, 0x60, 0x1, 0x56, 0x32, 0x36, 0x38, 0x7,
    0xf2, 0xce, 0x88, 0x6, 0x39, 0xb9, 0x30, 0xf,
    0xff, 0xf8, 0x7, 0xcb, 0x5b, 0xff, 0x6c, 0xa0,
    0x7, 0xff, 0x1, 0x36, 0x94, 0x80, 0x22, 0x6b,
    0xd3, 0x0, 0xfe, 0x7b, 0x20, 0xf, 0xe2, 0xc7,
    0x0, 0xf9, 0xa0, 0x3, 0xff, 0x83, 0xe, 0x1,
    0xc5, 0x20, 0x1f, 0x8, 0x7, 0xd0, 0x60, 0x1a,
    0x40, 0x38, 0xb3, 0xfb, 0xe8, 0x40, 0x3b, 0x80,
    0x23, 0x40, 0xc, 0x38, 0x60, 0x12, 0xf8, 0x80,
    0x62, 0x50, 0x5, 0x0, 0x74, 0x8, 0x7, 0xc,
    0x0, 0x77, 0x0, 0x10, 0x3, 0x98, 0x3, 0xe6,
    0x10, 0xc, 0x80, 0x24, 0x1, 0x8c, 0x3, 0xf9,
    0x0, 0x38, 0xc8, 0x3, 0x94, 0x3, 0xfb, 0x40,
    0x39, 0x9c, 0x3, 0x84, 0x3, 0xf8, 0x40, 0x38,
    0x84, 0x3, 0xbc, 0x3, 0xf8, 0xc0, 0x3b, 0xc0,
    0x3f, 0xff, 0xe0, 0x1f, 0xfd, 0xc1, 0x0, 0xef,
    0x0, 0xfe, 0x30, 0xe, 0xf7, 0x0, 0xe1, 0x0,
    0xfe, 0x10, 0xe, 0x22, 0x0, 0x72, 0x80, 0x7f,
    0x68, 0x7, 0x30, 0x90, 0x6, 0x30, 0xf, 0xe4,
    0x0, 0xe3, 0x4, 0x0, 0xe6, 0x0, 0xf9, 0x84,
    0x3, 0x20, 0x2, 0x80, 0x3a, 0x4, 0x3, 0x86,
    0x0, 0x3b, 0x80, 0x6, 0x80, 0x18, 0x70, 0xc0,
    0x24, 0xc1, 0x0, 0xc4, 0xa0, 0x14, 0x80, 0x71,
    0x67, 0x6f, 0xd9, 0x0, 0x77, 0x0, 0x62, 0x90,
    0xf, 0x9, 0x0, 0x7d, 0x26, 0x1, 0xcd, 0x0,
    0x1f, 0xfc, 0x18, 0x60, 0xf, 0x9e, 0xc8, 0x3,
    0xf8, 0xad, 0xc0, 0x3f, 0x93, 0x6d, 0x48, 0x2,
    0x26, 0xbd, 0x40, 0xe,

    /* U+00D6 "Ö" */
    0x0, 0xf1, 0x8, 0x7, 0xc2, 0x40, 0x1f, 0xe5,
    0xfd, 0xe7, 0x0, 0xe7, 0xed, 0xf5, 0x0, 0xfd,
    0x40, 0x14, 0x18, 0x4, 0x50, 0x1, 0x50, 0x80,
    0x78, 0x80, 0x39, 0x80, 0x27, 0x0, 0xe2, 0x0,
    0xf1, 0x8, 0x6, 0x70, 0x9, 0x0, 0x30, 0x98,
    0x7, 0xda, 0x60, 0x56, 0x40, 0x10, 0xd9, 0x1,
    0xe8, 0x7, 0xe3, 0xcf, 0xd4, 0x0, 0xe4, 0xdf,
    0xc3, 0x0, 0xff, 0xff, 0x80, 0x72, 0xd6, 0xff,
    0xdb, 0x28, 0x1, 0xff, 0xc0, 0x4d, 0xa5, 0x20,
    0x8, 0x9a, 0xf4, 0xc0, 0x3f, 0x9e, 0xc8, 0x3,
    0xf8, 0xb1, 0xc0, 0x3e, 0x68, 0x0, 0xff, 0xe0,
    0xc3, 0x80, 0x71, 0x48, 0x7, 0xc2, 0x1, 0xf4,
    0x18, 0x6, 0x90, 0xe, 0x2c, 0xfe, 0xfa, 0x10,
    0xe, 0xe0, 0x8, 0xd0, 0x3, 0xe, 0x18, 0x4,
    0xbe, 0x20, 0x18, 0x94, 0x1, 0x40, 0x1d, 0x2,
    0x1, 0xc3, 0x0, 0x1d, 0xc0, 0x4, 0x0, 0xe6,
    0x0, 0xf9, 0x84, 0x3, 0x20, 0x9, 0x0, 0x63,
    0x0, 0xfe, 0x40, 0xe, 0x32, 0x0, 0xe5, 0x0,
    0xfe, 0xd0, 0xe, 0x67, 0x0, 0xe1, 0x0, 0xfe,
    0x10, 0xe, 0x21, 0x0, 0xef, 0x0, 0xfe, 0x30,
    0xe, 0xf0, 0xf, 0xff, 0xf8, 0x7, 0xff, 0x70,
    0x40, 0x3b, 0xc0, 0x3f, 0x8c, 0x3, 0xbd, 0xc0,
    0x38, 0x40, 0x3f, 0x84, 0x3, 0x88, 0x80, 0x1c,
    0xa0, 0x1f, 0xda, 0x1, 0xcc, 0x24, 0x1, 0x8c,
    0x3, 0xf9, 0x0, 0x38, 0xc1, 0x0, 0x39, 0x80,
    0x3e, 0x61, 0x0, 0xc8, 0x0, 0xa0, 0xe, 0x81,
    0x0, 0xe1, 0x80, 0xe, 0xe0, 0x1, 0xa0, 0x6,
    0x1c, 0x30, 0x9, 0x30, 0x40, 0x31, 0x28, 0x5,
    0x20, 0x1c, 0x59, 0xdb, 0xf6, 0x40, 0x1d, 0xc0,
    0x18, 0xa4, 0x3, 0xc2, 0x40, 0x1f, 0x49, 0x80,
    0x73, 0x40, 0x7, 0xff, 0x6, 0x18, 0x3, 0xe7,
    0xb2, 0x0, 0xfe, 0x2b, 0x70, 0xf, 0xe4, 0xdb,
    0x52, 0x0, 0x89, 0xaf, 0x50, 0x3, 0x80,

    /* U+00D7 "×" */
    0x0, 0x84, 0x3, 0xff, 0x80, 0x20, 0x1c, 0x9c,
    0xc0, 0x1f, 0xe9, 0xf2, 0x0, 0x8e, 0xc2, 0x58,
    0x3, 0xf4, 0x30, 0xe0, 0x81, 0xe0, 0x5, 0x2a,
    0x1, 0xe8, 0x70, 0x0, 0xe0, 0xa8, 0x7, 0x52,
    0x0, 0x67, 0x70, 0x6, 0x22, 0x34, 0x0, 0x75,
    0xa0, 0x1, 0xe0, 0x3, 0xac, 0xc1, 0xe0, 0x3,
    0xad, 0x1a, 0x0, 0x3a, 0xd0, 0x2, 0x77, 0x0,
    0x75, 0xc8, 0x7, 0x52, 0x0, 0x74, 0x38, 0x7,
    0xfa, 0x94, 0x3, 0xe8, 0x60, 0xf, 0xd2, 0xa0,
    0x1f, 0xd2, 0x80, 0x1e, 0x76, 0x0, 0xff, 0x22,
    0x0, 0x3c, 0xc4, 0x1, 0xfc, 0x76, 0x1, 0xf0,
    0xe1, 0x0, 0x7c, 0x78, 0x1, 0xfc, 0x3e, 0x20,
    0x1c, 0x78, 0x1, 0xcc, 0x80, 0x18, 0xb0, 0x40,
    0x22, 0xd0, 0xe, 0x69, 0xb4, 0x0, 0xc5, 0x82,
    0x5, 0x82, 0x1, 0x96, 0x40, 0x16, 0x60, 0x18,
    0xb4, 0x14, 0x40, 0x32, 0xd0, 0x6, 0xc3, 0x0,
    0xc6, 0x8e, 0xe0, 0x9, 0x28, 0x3, 0xda, 0x40,
    0x15, 0x20, 0x43, 0x82, 0x58, 0x7, 0xc3, 0x84,
    0x14, 0xa0, 0x14, 0x4d, 0x80, 0x7f, 0xe, 0x52,
    0x80, 0x0,

    /* U+00D8 "Ø" */
    0x0, 0xff, 0xe3, 0xc7, 0xfc, 0x60, 0x1f, 0xfc,
    0x76, 0x0, 0x19, 0x80, 0x3f, 0x24, 0xef, 0xfd,
    0xb2, 0x80, 0x82, 0x0, 0x90, 0xf, 0x8f, 0x2d,
    0x88, 0x2, 0x26, 0xbd, 0x80, 0x1, 0x28, 0x7,
    0x9b, 0xc, 0x3, 0xf8, 0x8c, 0x1, 0x60, 0x1e,
    0x59, 0x0, 0xff, 0xe1, 0xb, 0x0, 0x71, 0x50,
    0x7, 0xc4, 0x1, 0xf0, 0x98, 0x7, 0x40, 0x7,
    0xd, 0xfe, 0xfd, 0x90, 0x7, 0x70, 0x6, 0x25,
    0x0, 0xec, 0x40, 0x9, 0x28, 0x3, 0x89, 0x40,
    0x25, 0x0, 0xe8, 0x20, 0xc, 0x30, 0x1, 0xee,
    0x0, 0xac, 0x3, 0x98, 0x3, 0xac, 0x3, 0xe4,
    0x0, 0x8c, 0x3, 0x10, 0x80, 0x64, 0x50, 0xf,
    0xc8, 0x2, 0x1, 0xcc, 0x1, 0xd2, 0x0, 0x18,
    0x0, 0xe3, 0x2, 0x0, 0xe1, 0x0, 0xcc, 0x40,
    0xb, 0x30, 0xe, 0xf0, 0xf, 0x8c, 0x2, 0x18,
    0x0, 0x1a, 0xb8, 0x7, 0x8, 0x38, 0x7, 0xf4,
    0x8, 0x3, 0x80, 0x3e, 0x30, 0xf, 0xf1, 0xb0,
    0x1, 0x88, 0x3, 0xff, 0x8d, 0xe0, 0x1, 0x80,
    0xf, 0xfe, 0x32, 0x98, 0x2, 0x4, 0x3, 0xfc,
    0xe0, 0x1f, 0x58, 0x0, 0xd8, 0x3, 0xf8, 0xc0,
    0x3e, 0x38, 0x10, 0x7, 0x80, 0x67, 0x0, 0xf8,
    0x80, 0x39, 0xdc, 0x0, 0x53, 0x0, 0xc4, 0x1,
    0xdc, 0x2, 0x1, 0xc4, 0x1, 0x58, 0x7, 0x78,
    0x7, 0x10, 0x1, 0x0, 0x3e, 0x81, 0x0, 0xe4,
    0x0, 0xe4, 0x0, 0x60, 0x7, 0x89, 0xc0, 0x39,
    0x8, 0x3, 0x18, 0x80, 0x18, 0x3, 0xd0, 0x1,
    0xe9, 0x0, 0xea, 0x0, 0x85, 0x80, 0x3a, 0xd0,
    0x2, 0x3d, 0x20, 0xc, 0x2c, 0x1, 0xa0, 0x3,
    0x86, 0xfb, 0x7b, 0x8, 0x3, 0xac, 0x3, 0x88,
    0x3, 0xe1, 0x21, 0x0, 0xf3, 0x28, 0x7, 0x78,
    0x7, 0xff, 0xd, 0xa4, 0x3, 0x94, 0xc0, 0xc,
    0x60, 0x1f, 0xc5, 0x52, 0x1, 0xe8, 0x0, 0x14,
    0xe5, 0xb1, 0x0, 0x44, 0xb5, 0xaa, 0x1, 0xe7,
    0x20, 0x4, 0x80, 0x12, 0x77, 0xfe, 0xda, 0x50,
    0xf, 0xe7, 0x74, 0x20, 0x7, 0xff, 0x18,

    /* U+00D9 "Ù" */
    0x0, 0x97, 0x77, 0xa4, 0x3, 0xff, 0x84, 0xa8,
    0x45, 0x99, 0x0, 0x3f, 0xf8, 0x52, 0xa0, 0x1a,
    0x80, 0x3f, 0xf8, 0x74, 0x80, 0x10, 0xc0, 0x7,
    0xff, 0xe, 0xcc, 0x2, 0x72, 0x0, 0xff, 0xe1,
    0xe1, 0x80, 0x5c, 0x1, 0xff, 0xc4, 0xcf, 0xfb,
    0x0, 0x3f, 0xfc, 0xcd, 0xff, 0xcc, 0x1, 0xf1,
    0x7f, 0xf4, 0x80, 0x7f, 0xff, 0xc0, 0x3f, 0xff,
    0xe0, 0x1f, 0xff, 0xf0, 0xf, 0xff, 0xf8, 0x7,
    0xff, 0xfc, 0x3, 0xff, 0xa4, 0x20, 0x1f, 0x8,
    0x7, 0x88, 0x3, 0xb8, 0x3, 0xe6, 0x0, 0xee,
    0x60, 0xe, 0x40, 0xf, 0xb0, 0x3, 0x88, 0x82,
    0x1, 0x88, 0xc0, 0x38, 0x98, 0x3, 0x90, 0x18,
    0x3, 0xb4, 0xc0, 0x23, 0xf0, 0xe, 0x41, 0x9,
    0x0, 0xe1, 0xcd, 0xbd, 0xc2, 0x0, 0xe8, 0x0,
    0xd, 0x0, 0x78, 0x90, 0x80, 0x3c, 0xc6, 0x1,
    0x2c, 0x0, 0x7f, 0xf0, 0x56, 0x40, 0x39, 0xec,
    0x80, 0x3f, 0x86, 0x68, 0x3, 0xe4, 0xda, 0x52,
    0x0, 0x89, 0x67, 0x98, 0x3, 0x0,

    /* U+00DA "Ú" */
    0x0, 0xff, 0x87, 0x37, 0x76, 0x8, 0x7, 0xff,
    0x6, 0xcc, 0x8b, 0x78, 0x80, 0x7f, 0xf0, 0x15,
    0x40, 0x1a, 0xcc, 0x3, 0xff, 0x80, 0x36, 0x1,
    0xad, 0x0, 0x3f, 0xf8, 0x36, 0x20, 0x15, 0xa0,
    0x7, 0xff, 0x5, 0x14, 0x2, 0xa4, 0x0, 0xff,
    0xe1, 0x27, 0xfe, 0x50, 0xf, 0xff, 0x2b, 0x7f,
    0xf3, 0x0, 0x7c, 0x5f, 0xfd, 0x20, 0x1f, 0xff,
    0xf0, 0xf, 0xff, 0xf8, 0x7, 0xff, 0xfc, 0x3,
    0xff, 0xfe, 0x1, 0xff, 0xff, 0x0, 0xff, 0xe9,
    0x8, 0x7, 0xc2, 0x1, 0xe2, 0x0, 0xee, 0x0,
    0xf9, 0x80, 0x3b, 0x98, 0x3, 0x90, 0x3, 0xec,
    0x0, 0xe2, 0x20, 0x80, 0x62, 0x30, 0xe, 0x26,
    0x0, 0xe4, 0x6, 0x0, 0xed, 0x30, 0x8, 0xfc,
    0x3, 0x90, 0x42, 0x40, 0x38, 0x73, 0x6f, 0x70,
    0x80, 0x3a, 0x0, 0x3, 0x40, 0x1e, 0x24, 0x20,
    0xf, 0x31, 0x80, 0x4b, 0x0, 0x1f, 0xfc, 0x15,
    0x90, 0xe, 0x7b, 0x20, 0xf, 0xe1, 0x9a, 0x0,
    0xf9, 0x36, 0x94, 0x80, 0x22, 0x59, 0xe6, 0x0,
    0xc0,

    /* U+00DB "Û" */
    0x0, 0xfc, 0x2f, 0x10, 0x50, 0xf, 0xfe, 0x19,
    0x64, 0x3b, 0xaa, 0x0, 0x3f, 0xf8, 0x27, 0x84,
    0x1, 0x9e, 0x80, 0x3f, 0xe4, 0xc1, 0x0, 0x8,
    0x4, 0xb6, 0x1, 0xfc, 0xb6, 0x1, 0x1f, 0xd0,
    0x4, 0x9a, 0x20, 0x1e, 0x6a, 0x0, 0x93, 0x5,
    0x6c, 0x2, 0x2f, 0x20, 0xf, 0x3b, 0xd1, 0x60,
    0x12, 0x6b, 0xbc, 0xc2, 0x1, 0xcd, 0x11, 0x38,
    0x7, 0x14, 0x46, 0x30, 0xf, 0xff, 0x3, 0x7f,
    0xf3, 0x0, 0x7c, 0x5f, 0xfd, 0x20, 0x1f, 0xff,
    0xf0, 0xf, 0xff, 0xf8, 0x7, 0xff, 0xfc, 0x3,
    0xff, 0xfe, 0x1, 0xff, 0xff, 0x0, 0xff, 0xe9,
    0x8, 0x7, 0xc2, 0x1, 0xe2, 0x0, 0xee, 0x0,
    0xf9, 0x80, 0x3b, 0x98, 0x3, 0x90, 0x3, 0xec,
    0x0, 0xe2, 0x20, 0x80, 0x62, 0x30, 0xe, 0x26,
    0x0, 0xe4, 0x6, 0x0, 0xed, 0x30, 0x8, 0xfc,
    0x3, 0x90, 0x42, 0x40, 0x38, 0x73, 0x6f, 0x70,
    0x80, 0x3a, 0x0, 0x3, 0x40, 0x1e, 0x24, 0x20,
    0xf, 0x31, 0x80, 0x4b, 0x0, 0x1f, 0xfc, 0x15,
    0x90, 0xe, 0x7b, 0x20, 0xf, 0xe1, 0x9a, 0x0,
    0xf9, 0x36, 0x94, 0x80, 0x22, 0x59, 0xe6, 0x0,
    0xc0,

    /* U+00DC "Ü" */
    0x0, 0x86, 0xff, 0x98, 0x3, 0x8f, 0x3f, 0x54,
    0x3, 0xda, 0x80, 0x32, 0x80, 0x1b, 0x4c, 0xa,
    0x88, 0x3, 0x8c, 0x3, 0x60, 0x4, 0x42, 0x1,
    0x9c, 0x3, 0x88, 0x3, 0x68, 0x4, 0x40, 0x1c,
    0xc0, 0x1d, 0xc2, 0x0, 0x55, 0x0, 0x6a, 0x0,
    0x9c, 0xc0, 0x38, 0xfb, 0x7a, 0x80, 0x39, 0x7f,
    0x3a, 0x0, 0x3f, 0x10, 0x80, 0x7e, 0x31, 0x0,
    0xff, 0xf1, 0x37, 0xff, 0x30, 0x7, 0xc5, 0xff,
    0xd2, 0x1, 0xff, 0xff, 0x0, 0xff, 0xff, 0x80,
    0x7f, 0xff, 0xc0, 0x3f, 0xff, 0xe0, 0x1f, 0xff,
    0xf0, 0xf, 0xfe, 0x90, 0x80, 0x7c, 0x20, 0x1e,
    0x20, 0xe, 0xe0, 0xf, 0x98, 0x3, 0xb9, 0x80,
    0x39, 0x0, 0x3e, 0xc0, 0xe, 0x22, 0x8, 0x6,
    0x23, 0x0, 0xe2, 0x60, 0xe, 0x40, 0x60, 0xe,
    0xd3, 0x0, 0x8f, 0xc0, 0x39, 0x4, 0x24, 0x3,
    0x87, 0x36, 0xf7, 0x8, 0x3, 0xa0, 0x0, 0x34,
    0x1, 0xe2, 0x42, 0x0, 0xf3, 0x18, 0x4, 0xb0,
    0x1, 0xff, 0xc1, 0x59, 0x0, 0xe7, 0xb2, 0x0,
    0xfe, 0x19, 0xa0, 0xf, 0x93, 0x69, 0x48, 0x2,
    0x25, 0x9e, 0x60, 0xc,

    /* U+00DD "Ý" */
    0x0, 0xff, 0xe0, 0x8f, 0xff, 0x71, 0x0, 0x7f,
    0xf1, 0xa8, 0x3, 0xe, 0x10, 0x7, 0xff, 0x15,
    0x50, 0x2, 0x1d, 0x20, 0xf, 0xfe, 0x28, 0xd8,
    0x6, 0xd3, 0x0, 0xff, 0xe3, 0x58, 0x80, 0x58,
    0x60, 0x1f, 0xfc, 0x63, 0x72, 0x2a, 0xcc, 0x3,
    0xff, 0x8e, 0x7b, 0xb9, 0x0, 0x3f, 0xfb, 0x3,
    0xff, 0xe3, 0x0, 0xff, 0x3f, 0xff, 0x68, 0xb,
    0x0, 0x74, 0x80, 0x7f, 0xa8, 0x3, 0xac, 0x1,
    0x60, 0x1c, 0xa2, 0x1, 0xf9, 0x8, 0x3, 0xb,
    0x0, 0x9, 0x40, 0x39, 0x80, 0x3f, 0x78, 0x7,
    0x40, 0x6, 0x90, 0xe, 0xa0, 0xf, 0x89, 0x0,
    0x30, 0xb0, 0x6, 0x34, 0x0, 0xc4, 0x80, 0x1e,
    0xa0, 0xe, 0x90, 0xf, 0x40, 0x7, 0x78, 0x7,
    0x98, 0x3, 0x9c, 0x3, 0xc6, 0x80, 0x19, 0x8,
    0x3, 0x30, 0x80, 0x67, 0x0, 0xfd, 0xe0, 0x1d,
    0x60, 0x1a, 0x80, 0x3a, 0x40, 0x3f, 0x21, 0x80,
    0x66, 0x0, 0x8c, 0xc0, 0x19, 0xc4, 0x3, 0xfa,
    0x40, 0x39, 0x80, 0x12, 0x1, 0xd2, 0x1, 0xfe,
    0x52, 0x0, 0xd6, 0x2, 0xa0, 0x19, 0x84, 0x3,
    0xfe, 0x80, 0xc, 0x46, 0xc0, 0x1d, 0x60, 0x1f,
    0xfc, 0x5, 0x20, 0xd, 0x32, 0x0, 0xca, 0x40,
    0x1f, 0xfc, 0x1b, 0x0, 0xca, 0x20, 0x1a, 0x0,
    0x3f, 0xf8, 0x4c, 0x20, 0x1f, 0x94, 0x80, 0x3f,
    0xf8, 0x72, 0x1, 0xfa, 0x40, 0x3f, 0xf8, 0x8e,
    0x20, 0x1e, 0x43, 0x0, 0xff, 0xe2, 0xc8, 0x7,
    0xa0, 0x3, 0xff, 0x8c, 0xc0, 0x1c, 0x66, 0x0,
    0xff, 0xe6, 0x38, 0x7, 0xff, 0xfc, 0x3, 0xff,
    0xfe, 0x1, 0xff, 0xcd, 0x10, 0xf, 0xff, 0xc0,

    /* U+00DE "Þ" */
    0x3f, 0xfe, 0x80, 0xf, 0xff, 0xf8, 0x7, 0xff,
    0x6d, 0x6a, 0xba, 0x61, 0x44, 0x3, 0xff, 0x82,
    0x4a, 0xbc, 0xcf, 0x5d, 0x66, 0x1, 0xff, 0xc9,
    0x4c, 0xa0, 0xf, 0xfe, 0x52, 0xe0, 0x7, 0xff,
    0x28, 0xe4, 0x3, 0xf3, 0xff, 0xf7, 0x49, 0x0,
    0x73, 0x10, 0x7, 0xff, 0x4, 0x5b, 0x4c, 0x3,
    0xac, 0x3, 0xff, 0x89, 0xc0, 0x1c, 0x80, 0x1f,
    0xfc, 0x42, 0x30, 0xc, 0x40, 0x1f, 0xfc, 0x56,
    0x0, 0xe1, 0x0, 0xff, 0xe2, 0x8, 0x7, 0x8,
    0x7, 0xff, 0x11, 0x0, 0x30, 0x80, 0x7f, 0xf1,
    0x20, 0x3, 0x90, 0x3, 0xff, 0x84, 0x32, 0xe0,
    0x1d, 0xc0, 0x1f, 0x2d, 0x57, 0x67, 0x30, 0x7,
    0x1a, 0x0, 0x7c, 0x4a, 0xbc, 0x60, 0x1e, 0x1e,
    0x0, 0xff, 0xe4, 0xe, 0x10, 0x7, 0xff, 0x1d,
    0xf8, 0x80, 0x3f, 0xf8, 0x84, 0xb3, 0xd0, 0x1,
    0xff, 0x3f, 0xff, 0xb6, 0x98, 0x40, 0x3f, 0xff,
    0xe0, 0x1f, 0xfe, 0x20,

    /* U+00DF "ß" */
    0x0, 0xe1, 0x7c, 0xef, 0xf6, 0xd2, 0x80, 0x7f,
    0xf0, 0x27, 0xa0, 0xc4, 0x0, 0x4b, 0x5a, 0x40,
    0x1f, 0xd8, 0xc0, 0x1f, 0xc5, 0xa6, 0x1, 0xf5,
    0x98, 0x7, 0xff, 0x3, 0x80, 0x3c, 0xa8, 0x1,
    0xc4, 0xa2, 0x1, 0xc4, 0xc0, 0x1d, 0x0, 0x1d,
    0x1b, 0x5c, 0xc0, 0x1d, 0x40, 0x18, 0x88, 0x1,
    0x8d, 0xc0, 0x29, 0x10, 0xc, 0x40, 0x19, 0x0,
    0x3a, 0x40, 0x39, 0x0, 0x30, 0x80, 0x6f, 0x0,
    0xe7, 0x0, 0xff, 0xe1, 0x98, 0x7, 0x10, 0x7,
    0x38, 0x6, 0x20, 0xf, 0xfe, 0x19, 0x90, 0x6,
    0xa0, 0xf, 0xfe, 0x1f, 0x80, 0x73, 0x0, 0x7f,
    0xf0, 0x90, 0xc0, 0x34, 0x8, 0x7, 0xff, 0xb,
    0x80, 0x39, 0xc0, 0x3f, 0xf8, 0x68, 0x1, 0x8c,
    0x3, 0xff, 0x88, 0x20, 0x1f, 0xfc, 0x92, 0x0,
    0xc6, 0x40, 0x1f, 0xfc, 0x37, 0x0, 0xee, 0x0,
    0xff, 0xe1, 0xc8, 0x7, 0x1d, 0x0, 0x7f, 0xf0,
    0x8d, 0x80, 0x39, 0x64, 0x3, 0xff, 0x85, 0x26,
    0x1, 0xcc, 0xe0, 0x1f, 0xfc, 0x2d, 0x30, 0xe,
    0x82, 0x0, 0xff, 0xe0, 0x8e, 0x10, 0x7, 0x40,
    0x7, 0xff, 0xf, 0xc0, 0x39, 0x40, 0x3f, 0xf8,
    0x64, 0xa0, 0x1c, 0x40, 0x1f, 0xfc, 0x32, 0x0,
    0xe1, 0x0, 0xff, 0xe1, 0x90, 0x7, 0x8, 0x7,
    0xe8, 0x40, 0xc, 0x6a, 0x1, 0xc4, 0x1, 0xf9,
    0xaf, 0xf2, 0xaf, 0x0, 0x39, 0x0, 0x3f, 0x10,
    0x80, 0xd, 0x50, 0x3, 0xd0, 0x1, 0xf9, 0x0,
    0x3f, 0xe7, 0x30, 0xf, 0xde, 0x1, 0xfe, 0x88,
    0x0, 0x7f, 0x53, 0xa1, 0x0, 0x42, 0x71, 0xce,
    0x1, 0x0,

    /* U+00E0 "à" */
    0x0, 0xe, 0xff, 0xf1, 0x80, 0x7f, 0xf0, 0x47,
    0x8, 0x3, 0x70, 0x7, 0xff, 0x8, 0x7c, 0x40,
    0x22, 0x70, 0xf, 0xfe, 0x11, 0x60, 0x80, 0x50,
    0x40, 0x1f, 0xfc, 0x22, 0xd0, 0xd, 0x20, 0x1f,
    0xfc, 0x33, 0xb2, 0x29, 0x8c, 0x3, 0xff, 0x86,
    0x9b, 0xb8, 0xc0, 0x3f, 0xfd, 0x65, 0x17, 0xdf,
    0xf6, 0xca, 0x80, 0x7f, 0xd, 0xeb, 0xa0, 0x80,
    0x44, 0xd5, 0xca, 0x1, 0xe3, 0xf4, 0x0, 0xff,
    0xd, 0x40, 0x6, 0x1d, 0x10, 0xf, 0xfe, 0xb,
    0xb0, 0x5, 0x2, 0x1, 0x85, 0xea, 0x5c, 0x40,
    0x3a, 0x0, 0x26, 0x0, 0xc3, 0xf0, 0xad, 0x1e,
    0x60, 0x18, 0x54, 0x4, 0x3, 0x9c, 0x40, 0x30,
    0xc0, 0x7, 0x68, 0xf, 0xff, 0x48, 0x7, 0x94,
    0x3, 0x88, 0x3, 0xff, 0x84, 0x20, 0x1f, 0xfc,
    0x4, 0x9c, 0xef, 0xfe, 0x0, 0xff, 0x37, 0x5b,
    0x18, 0x80, 0x7f, 0xf0, 0xae, 0x44, 0x3, 0xff,
    0x8b, 0x28, 0x1, 0xc6, 0xd1, 0x18, 0x3, 0xe1,
    0x60, 0xc, 0x37, 0x92, 0xef, 0x80, 0x3e, 0x70,
    0xe, 0x84, 0x0, 0xff, 0xe0, 0xf8, 0x7, 0x38,
    0x7, 0xff, 0x8, 0xc0, 0x38, 0xc0, 0x3c, 0x80,
    0x1f, 0x10, 0x7, 0x40, 0x7, 0x35, 0x80, 0x7d,
    0x80, 0x1c, 0xbb, 0x31, 0x3d, 0x20, 0x1f, 0x90,
    0xc0, 0x38, 0x99, 0xd8, 0x40, 0x3e, 0x10, 0x7,
    0x8, 0x7, 0xff, 0x11, 0x80, 0x5, 0x86, 0x1,
    0xf8, 0x6d, 0x0, 0x31, 0x8, 0x0, 0xb2, 0x94,
    0x80, 0x2, 0x93, 0xc9, 0xa0, 0x1c, 0xc0,

    /* U+00E1 "á" */
    0x0, 0xff, 0xab, 0xff, 0x9c, 0x3, 0xff, 0x82,
    0xaa, 0x0, 0xd0, 0xe0, 0x1f, 0xfc, 0x1, 0xb0,
    0xd, 0xe, 0x1, 0xff, 0xc1, 0xb1, 0x0, 0x9d,
    0xc0, 0x1f, 0xfc, 0x15, 0x50, 0x4, 0xf0, 0x1,
    0xff, 0xc2, 0xe2, 0x29, 0xe0, 0x3, 0xff, 0x87,
    0x7b, 0xb4, 0x0, 0x7f, 0xfa, 0xca, 0x2f, 0xbf,
    0xed, 0x95, 0x0, 0xfe, 0x1b, 0xd7, 0x41, 0x0,
    0x89, 0xab, 0x94, 0x3, 0xc7, 0xe8, 0x1, 0xfe,
    0x1a, 0x80, 0xc, 0x3a, 0x20, 0x1f, 0xfc, 0x17,
    0x60, 0xa, 0x4, 0x3, 0xb, 0xd4, 0xb8, 0x80,
    0x74, 0x0, 0x4c, 0x1, 0x87, 0xe1, 0x5a, 0x3c,
    0xc0, 0x30, 0xa8, 0x8, 0x7, 0x38, 0x80, 0x61,
    0x80, 0xe, 0xd0, 0x1f, 0xfe, 0x90, 0xf, 0x28,
    0x7, 0x10, 0x7, 0xff, 0x8, 0x40, 0x3f, 0xf8,
    0x9, 0x39, 0xdf, 0xfc, 0x1, 0xfe, 0x6e, 0xb6,
    0x31, 0x0, 0xff, 0xe1, 0x5c, 0x88, 0x7, 0xff,
    0x16, 0x50, 0x3, 0x8d, 0xa2, 0x30, 0x7, 0xc2,
    0xc0, 0x18, 0x6f, 0x25, 0xdf, 0x0, 0x7c, 0xe0,
    0x1d, 0x8, 0x1, 0xff, 0xc1, 0xf0, 0xe, 0x70,
    0xf, 0xfe, 0x11, 0x80, 0x71, 0x80, 0x79, 0x0,
    0x3e, 0x20, 0xe, 0x80, 0xe, 0x6b, 0x0, 0xfb,
    0x0, 0x39, 0x76, 0x62, 0x7a, 0x40, 0x3f, 0x21,
    0x80, 0x71, 0x33, 0xb0, 0x80, 0x7c, 0x20, 0xe,
    0x10, 0xf, 0xfe, 0x23, 0x0, 0xb, 0xc, 0x3,
    0xf0, 0xda, 0x0, 0x62, 0x10, 0x1, 0x65, 0x29,
    0x0, 0x5, 0x27, 0x93, 0x40, 0x39, 0x80,

    /* U+00E2 "â" */
    0x0, 0xf8, 0xb7, 0xfe, 0x70, 0xf, 0xfe, 0x12,
    0x69, 0x0, 0x51, 0x40, 0x1f, 0xfc, 0x7, 0xb0,
    0xf, 0x2e, 0x8, 0x7, 0xf5, 0x40, 0x4, 0xf8,
    0x20, 0x3, 0xf3, 0x0, 0xf0, 0xe2, 0x80, 0x55,
    0x7, 0xe6, 0x0, 0x1c, 0x60, 0xe, 0x34, 0x77,
    0xb1, 0x40, 0x3, 0x90, 0xef, 0x8, 0x7, 0x14,
    0x46, 0x30, 0xe, 0x78, 0x89, 0xc0, 0x3f, 0xfc,
    0xc5, 0x17, 0xdf, 0xf6, 0xca, 0x80, 0x7f, 0xd,
    0xeb, 0xa0, 0x80, 0x44, 0xd5, 0xca, 0x1, 0xe3,
    0xf4, 0x0, 0xff, 0xd, 0x40, 0x6, 0x1d, 0x10,
    0xf, 0xfe, 0xb, 0xb0, 0x5, 0x2, 0x1, 0x85,
    0xea, 0x5c, 0x40, 0x3a, 0x0, 0x26, 0x0, 0xc3,
    0xf0, 0xad, 0x1e, 0x60, 0x18, 0x54, 0x4, 0x3,
    0x9c, 0x40, 0x30, 0xc0, 0x7, 0x68, 0xf, 0xff,
    0x48, 0x7, 0x94, 0x3, 0x88, 0x3, 0xff, 0x84,
    0x20, 0x1f, 0xfc, 0x4, 0x9c, 0xef, 0xfe, 0x0,
    0xff, 0x37, 0x5b, 0x18, 0x80, 0x7f, 0xf0, 0xae,
    0x44, 0x3, 0xff, 0x8b, 0x28, 0x1, 0xc6, 0xd1,
    0x18, 0x3, 0xe1, 0x60, 0xc, 0x37, 0x92, 0xef,
    0x80, 0x3e, 0x70, 0xe, 0x84, 0x0, 0xff, 0xe0,
    0xf8, 0x7, 0x38, 0x7, 0xff, 0x8, 0xc0, 0x38,
    0xc0, 0x3c, 0x80, 0x1f, 0x10, 0x7, 0x40, 0x7,
    0x35, 0x80, 0x7d, 0x80, 0x1c, 0xbb, 0x31, 0x3d,
    0x20, 0x1f, 0x90, 0xc0, 0x38, 0x99, 0xd8, 0x40,
    0x3e, 0x10, 0x7, 0x8, 0x7, 0xff, 0x11, 0x80,
    0x5, 0x86, 0x1, 0xf8, 0x6d, 0x0, 0x31, 0x8,
    0x0, 0xb2, 0x94, 0x80, 0x2, 0x93, 0xc9, 0xa0,
    0x1c, 0xc0,

    /* U+00E3 "ã" */
    0x0, 0xff, 0xe7, 0x47, 0x7d, 0x8, 0x6, 0x3f,
    0xa4, 0x0, 0xfa, 0x9c, 0x41, 0x7c, 0xc0, 0x24,
    0x5, 0xe0, 0xf, 0x2a, 0x80, 0x30, 0xe3, 0x89,
    0x48, 0x3, 0x40, 0x3d, 0x20, 0x11, 0x88, 0x2,
    0x3b, 0x44, 0x0, 0xa0, 0x1c, 0x26, 0x0, 0xbc,
    0xe5, 0x0, 0xf2, 0x90, 0x7, 0x10, 0x0, 0xd0,
    0x1, 0x50, 0x1, 0x8a, 0xc0, 0x3c, 0x76, 0xc8,
    0x1, 0x9f, 0x19, 0x23, 0x44, 0x3, 0xe4, 0x98,
    0x0, 0xe3, 0x9b, 0x70, 0xf, 0xff, 0x49, 0x45,
    0xf7, 0xfd, 0xb2, 0xa0, 0x1f, 0xc3, 0x7a, 0xe8,
    0x20, 0x11, 0x35, 0x72, 0x80, 0x78, 0xfd, 0x0,
    0x3f, 0xc3, 0x50, 0x1, 0x87, 0x44, 0x3, 0xff,
    0x82, 0xec, 0x1, 0x40, 0x80, 0x61, 0x7a, 0x97,
    0x10, 0xe, 0x80, 0x9, 0x80, 0x30, 0xfc, 0x2b,
    0x47, 0x98, 0x6, 0x15, 0x1, 0x0, 0xe7, 0x10,
    0xc, 0x30, 0x1, 0xda, 0x3, 0xff, 0xd2, 0x1,
    0xe5, 0x0, 0xe2, 0x0, 0xff, 0xe1, 0x8, 0x7,
    0xff, 0x1, 0x27, 0x3b, 0xff, 0x80, 0x3f, 0xcd,
    0xd6, 0xc6, 0x20, 0x1f, 0xfc, 0x2b, 0x91, 0x0,
    0xff, 0xe2, 0xca, 0x0, 0x71, 0xb4, 0x46, 0x0,
    0xf8, 0x58, 0x3, 0xd, 0xe4, 0xbb, 0xe0, 0xf,
    0x9c, 0x3, 0xa1, 0x0, 0x3f, 0xf8, 0x3e, 0x1,
    0xce, 0x1, 0xff, 0xc2, 0x30, 0xe, 0x30, 0xf,
    0x20, 0x7, 0xc4, 0x1, 0xd0, 0x1, 0xcd, 0x60,
    0x1f, 0x60, 0x7, 0x2e, 0xcc, 0x4f, 0x48, 0x7,
    0xe4, 0x30, 0xe, 0x26, 0x76, 0x10, 0xf, 0x84,
    0x1, 0xc2, 0x1, 0xff, 0xc4, 0x60, 0x1, 0x61,
    0x80, 0x7e, 0x1b, 0x40, 0xc, 0x42, 0x0, 0x2c,
    0xa5, 0x20, 0x0, 0xa4, 0xf2, 0x68, 0x7, 0x30,

    /* U+00E4 "ä" */
    0x0, 0x9f, 0xbe, 0xc4, 0x3, 0xa7, 0xfd, 0x20,
    0x1e, 0x58, 0x10, 0x4a, 0x0, 0xce, 0xc0, 0x6,
    0x80, 0xe, 0xc0, 0xc, 0x80, 0x1b, 0x0, 0x32,
    0x0, 0x77, 0x80, 0x63, 0x0, 0xc4, 0x1, 0x98,
    0x3, 0x99, 0x40, 0x3, 0xe0, 0x1a, 0xc, 0x0,
    0x56, 0x1, 0xea, 0xed, 0xe3, 0x0, 0xc3, 0x9b,
    0xb0, 0x80, 0x7c, 0x24, 0x1, 0xf8, 0x88, 0x1,
    0xff, 0xe8, 0x28, 0xbe, 0xff, 0xb6, 0x54, 0x3,
    0xf8, 0x6f, 0x5d, 0x4, 0x2, 0x26, 0xae, 0x50,
    0xf, 0x1f, 0xa0, 0x7, 0xf8, 0x6a, 0x0, 0x30,
    0xe8, 0x80, 0x7f, 0xf0, 0x5d, 0x80, 0x28, 0x10,
    0xc, 0x2f, 0x52, 0xe2, 0x1, 0xd0, 0x1, 0x30,
    0x6, 0x1f, 0x85, 0x68, 0xf3, 0x0, 0xc2, 0xa0,
    0x20, 0x1c, 0xe2, 0x1, 0x86, 0x0, 0x3b, 0x40,
    0x7f, 0xfa, 0x40, 0x3c, 0xa0, 0x1c, 0x40, 0x1f,
    0xfc, 0x21, 0x0, 0xff, 0xe0, 0x24, 0xe7, 0x7f,
    0xf0, 0x7, 0xf9, 0xba, 0xd8, 0xc4, 0x3, 0xff,
    0x85, 0x72, 0x20, 0x1f, 0xfc, 0x59, 0x40, 0xe,
    0x36, 0x88, 0xc0, 0x1f, 0xb, 0x0, 0x61, 0xbc,
    0x97, 0x7c, 0x1, 0xf3, 0x80, 0x74, 0x20, 0x7,
    0xff, 0x7, 0xc0, 0x39, 0xc0, 0x3f, 0xf8, 0x46,
    0x1, 0xc6, 0x1, 0xe4, 0x0, 0xf8, 0x80, 0x3a,
    0x0, 0x39, 0xac, 0x3, 0xec, 0x0, 0xe5, 0xd9,
    0x89, 0xe9, 0x0, 0xfc, 0x86, 0x1, 0xc4, 0xce,
    0xc2, 0x1, 0xf0, 0x80, 0x38, 0x40, 0x3f, 0xf8,
    0x8c, 0x0, 0x2c, 0x30, 0xf, 0xc3, 0x68, 0x1,
    0x88, 0x40, 0x5, 0x94, 0xa4, 0x0, 0x14, 0x9e,
    0x4d, 0x0, 0xe6,

    /* U+00E5 "å" */
    0x0, 0xf8, 0xab, 0xbf, 0x58, 0x3, 0xff, 0x84,
    0x5a, 0xa2, 0x5, 0x32, 0x0, 0xff, 0xe0, 0xf0,
    0x16, 0xfc, 0x3, 0x18, 0x7, 0xfc, 0x26, 0x10,
    0x40, 0xe4, 0x8, 0x1, 0xff, 0xd4, 0x13, 0x9,
    0x20, 0x62, 0x4, 0x0, 0xff, 0xe0, 0x78, 0x1e,
    0xfc, 0x82, 0x98, 0x7, 0xff, 0x0, 0xf5, 0x44,
    0xa, 0x28, 0x3, 0xff, 0x84, 0x55, 0xdf, 0xae,
    0x1, 0xff, 0xeb, 0x28, 0xbe, 0xff, 0xb6, 0x54,
    0x3, 0xf8, 0x6f, 0x5d, 0x4, 0x2, 0x26, 0xae,
    0x50, 0xf, 0x1f, 0xa0, 0x7, 0xf8, 0x6a, 0x0,
    0x30, 0xe8, 0x80, 0x7f, 0xf0, 0x5d, 0x80, 0x28,
    0x10, 0xc, 0x2f, 0x52, 0xe2, 0x1, 0xd0, 0x1,
    0x30, 0x6, 0x1f, 0x85, 0x68, 0xf3, 0x0, 0xc2,
    0xa0, 0x20, 0x1c, 0xe2, 0x1, 0x86, 0x0, 0x3b,
    0x40, 0x7f, 0xfa, 0x40, 0x3c, 0xa0, 0x1c, 0x40,
    0x1f, 0xfc, 0x21, 0x0, 0xff, 0xe0, 0x24, 0xe7,
    0x7f, 0xf0, 0x7, 0xf9, 0xba, 0xd8, 0xc4, 0x3,
    0xff, 0x85, 0x72, 0x20, 0x1f, 0xfc, 0x59, 0x40,
    0xe, 0x36, 0x88, 0xc0, 0x1f, 0xb, 0x0, 0x61,
    0xbc, 0x97, 0x7c, 0x1, 0xf3, 0x80, 0x74, 0x20,
    0x7, 0xff, 0x7, 0xc0, 0x39, 0xc0, 0x3f, 0xf8,
    0x46, 0x1, 0xc6, 0x1, 0xe4, 0x0, 0xf8, 0x80,
    0x3a, 0x0, 0x39, 0xac, 0x3, 0xec, 0x0, 0xe5,
    0xd9, 0x89, 0xe9, 0x0, 0xfc, 0x86, 0x1, 0xc4,
    0xce, 0xc2, 0x1, 0xf0, 0x80, 0x38, 0x40, 0x3f,
    0xf8, 0x8c, 0x0, 0x2c, 0x30, 0xf, 0xc3, 0x68,
    0x1, 0x88, 0x40, 0x5, 0x94, 0xa4, 0x0, 0x14,
    0x9e, 0x4d, 0x0, 0xe6,

    /* U+00E6 "æ" */
    0x0, 0xc3, 0x1b, 0xfe, 0xec, 0x70, 0x2, 0xd7,
    0x7f, 0xb1, 0xc0, 0x3e, 0x6e, 0x72, 0x0, 0x9,
    0xc6, 0xdd, 0x28, 0x80, 0xe, 0x34, 0x80, 0x32,
    0xc8, 0x7, 0xe2, 0x40, 0xf, 0x8b, 0xc0, 0x35,
    0x80, 0x7f, 0xf1, 0xc9, 0xc0, 0xa, 0x20, 0x18,
    0x50, 0x40, 0x3c, 0x48, 0x1, 0xd2, 0x0, 0xd0,
    0xc, 0x3f, 0x7e, 0x1, 0xc9, 0xb7, 0xa0, 0x18,
    0x4c, 0x31, 0xdf, 0x40, 0x80, 0x98, 0x6, 0xe0,
    0x1, 0x18, 0x6, 0x50, 0x48, 0x8c, 0xc0, 0x1f,
    0x98, 0x3, 0xf0, 0x80, 0x7f, 0xf4, 0x92, 0x73,
    0xbc, 0xc0, 0x36, 0x7f, 0xc6, 0x1, 0xf9, 0x36,
    0xd8, 0xc4, 0x3, 0xff, 0x8c, 0xb6, 0x40, 0x1f,
    0xfc, 0x92, 0xa0, 0xf, 0xfe, 0x5d, 0x80, 0x7a,
    0x38, 0xc0, 0x35, 0xff, 0xfe, 0x70, 0x40, 0xe,
    0xb7, 0x10, 0xe, 0x70, 0xf, 0xf1, 0x0, 0x63,
    0x40, 0xf, 0x9c, 0x3, 0xff, 0x86, 0xc0, 0x1f,
    0x8c, 0x3, 0xff, 0x86, 0xe0, 0x1f, 0xa0, 0xc0,
    0x31, 0x38, 0x4, 0x60, 0x18, 0xa9, 0x58, 0xc0,
    0x3b, 0x31, 0x57, 0xba, 0x81, 0x0, 0x58, 0x7,
    0x2d, 0x48, 0x7, 0xc6, 0xa8, 0x40, 0x7, 0x0,
    0x39, 0x0, 0x7f, 0x10, 0x7, 0xfb, 0x0, 0x2f,
    0x20, 0xf, 0xa7, 0x50, 0x3, 0xf8, 0x80, 0x22,
    0xd8, 0x30, 0x0, 0xae, 0xb0, 0x5d, 0x94, 0x40,
    0x2, 0x91, 0xb0, 0x0,

    /* U+00E7 "ç" */
    0x0, 0xf1, 0xc6, 0x77, 0xfb, 0x69, 0x80, 0x3f,
    0xc5, 0x78, 0xe6, 0x20, 0x2, 0x59, 0xf7, 0x0,
    0xf9, 0x31, 0x0, 0x3f, 0xd1, 0x60, 0x1c, 0x56,
    0x20, 0x1f, 0xfc, 0x4, 0x90, 0xd, 0xe0, 0x1e,
    0x24, 0x30, 0xf, 0x31, 0x80, 0x18, 0x80, 0x30,
    0xe6, 0xde, 0x72, 0x80, 0x74, 0x0, 0x2c, 0x3,
    0xb4, 0xc0, 0x21, 0xa3, 0x0, 0xc8, 0x2, 0x40,
    0x19, 0xc, 0x3, 0xd2, 0x1, 0xc4, 0x80, 0x1d,
    0xa0, 0x1f, 0x3a, 0xaf, 0x19, 0x0, 0x72, 0x80,
    0x7c, 0x55, 0x5c, 0x3c, 0x1, 0xc2, 0x1, 0xff,
    0xc8, 0x30, 0xf, 0xfe, 0xbf, 0x0, 0x71, 0x0,
    0x7f, 0xf0, 0x88, 0x3, 0x98, 0x3, 0xff, 0x84,
    0x80, 0x1d, 0xe0, 0x1f, 0x1f, 0xff, 0x10, 0x90,
    0x6, 0x52, 0x0, 0xf5, 0x80, 0x71, 0x85, 0x80,
    0x77, 0x90, 0x6, 0x67, 0x0, 0xc6, 0x20, 0xc4,
    0x1, 0x8b, 0x6e, 0x6b, 0xa4, 0x3, 0xa4, 0x2,
    0xf0, 0xf, 0x23, 0x28, 0x80, 0x72, 0xa8, 0x2,
    0x2b, 0x0, 0xff, 0xe0, 0xad, 0x0, 0x72, 0x6a,
    0x0, 0x7f, 0xc, 0xd0, 0x7, 0xc5, 0x78, 0xe2,
    0x1, 0x96, 0xb9, 0x80, 0x3f, 0xc7, 0xe, 0x1,
    0x14, 0xa8, 0x7, 0xff, 0x9, 0x40, 0x22, 0xcb,
    0x0, 0xff, 0xe1, 0x44, 0x8, 0x2, 0x46, 0x0,
    0xff, 0xe0, 0xa3, 0xe0, 0x6, 0xd0, 0xf, 0xfe,
    0x19, 0x80, 0x7f, 0xf1, 0x89, 0xfc, 0x3, 0x18,
    0x7, 0xff, 0x5, 0x20, 0x80, 0x34, 0x80, 0x7f,
    0xf0, 0x4c, 0x3, 0xe, 0x8, 0x7, 0xff, 0xc,
    0x52, 0x78, 0xc0, 0x3c,

    /* U+00E8 "è" */
    0x0, 0xb3, 0xff, 0x94, 0x3, 0xff, 0x87, 0x84,
    0x1, 0xac, 0x3, 0xff, 0x89, 0x84, 0x1, 0xc,
    0x80, 0x7f, 0xf0, 0xc7, 0x4, 0x2, 0x63, 0x0,
    0xff, 0xe1, 0x8e, 0x8, 0x5, 0xe0, 0x1f, 0xfc,
    0x42, 0xd2, 0x28, 0x54, 0x3, 0xff, 0x88, 0x7b,
    0xb9, 0x40, 0x3f, 0xfd, 0xe2, 0xf7, 0xdf, 0xee,
    0xc8, 0x20, 0xf, 0xfa, 0x3a, 0x10, 0x40, 0x2,
    0x6f, 0xb4, 0x20, 0x1f, 0xe, 0xb8, 0x7, 0xf9,
    0x7c, 0x80, 0x38, 0x70, 0x80, 0x3f, 0xf8, 0x3,
    0xe2, 0x1, 0xa8, 0x80, 0x38, 0x51, 0x2, 0x1,
    0xc5, 0x0, 0x12, 0x20, 0x3, 0xab, 0xae, 0xdd,
    0x62, 0x1, 0x98, 0x80, 0x10, 0x1, 0xd6, 0xa0,
    0x19, 0x30, 0x3, 0xa8, 0x8, 0xc0, 0x32, 0x20,
    0x3, 0xc4, 0xa0, 0x19, 0x1, 0x0, 0x3b, 0x80,
    0x3f, 0x68, 0x6, 0x30, 0xf0, 0xe, 0xaf, 0xff,
    0xd0, 0x1, 0xc2, 0x60, 0x1f, 0xfc, 0x83, 0x10,
    0xf, 0xfe, 0xf8, 0x80, 0x76, 0x7f, 0xff, 0xf0,
    0x8b, 0x40, 0x39, 0x0, 0x3f, 0xf8, 0x68, 0x1,
    0xd2, 0x1, 0xfe, 0x10, 0xc, 0x64, 0x1, 0x86,
    0x80, 0x3f, 0xe, 0x48, 0x6, 0xb0, 0xe, 0x5c,
    0x30, 0xc, 0x2f, 0xe4, 0xce, 0x1, 0x32, 0x0,
    0x71, 0xe6, 0xd5, 0x33, 0xa0, 0x40, 0x10, 0xa0,
    0x15, 0x10, 0x7, 0x89, 0x54, 0x60, 0x1e, 0x60,
    0x8, 0x71, 0x0, 0x3f, 0xf8, 0x23, 0x86, 0x1,
    0x86, 0xe4, 0x40, 0x3f, 0xcd, 0xe6, 0x1, 0xf3,
    0x75, 0x29, 0x0, 0x42, 0x91, 0xd2, 0x20, 0x10,

    /* U+00E9 "é" */
    0x0, 0xff, 0xa7, 0xff, 0xa0, 0x3, 0xff, 0x84,
    0x6c, 0x1, 0x9a, 0x0, 0x3f, 0xf8, 0x5c, 0x1,
    0x9a, 0x40, 0x3f, 0xf8, 0x50, 0x40, 0x13, 0x48,
    0x7, 0xff, 0x8, 0xdc, 0x2, 0x59, 0x0, 0xff,
    0xe1, 0xc9, 0x14, 0xd4, 0x1, 0xff, 0xc4, 0xad,
    0xda, 0x40, 0x3f, 0xfd, 0xe2, 0xf7, 0xdf, 0xee,
    0xc8, 0x20, 0xf, 0xfa, 0x3a, 0x10, 0x40, 0x2,
    0x6f, 0xb4, 0x20, 0x1f, 0xe, 0xb8, 0x7, 0xf9,
    0x7c, 0x80, 0x38, 0x70, 0x80, 0x3f, 0xf8, 0x3,
    0xe2, 0x1, 0xa8, 0x80, 0x38, 0x51, 0x2, 0x1,
    0xc5, 0x0, 0x12, 0x20, 0x3, 0xab, 0xae, 0xdd,
    0x62, 0x1, 0x98, 0x80, 0x10, 0x1, 0xd6, 0xa0,
    0x19, 0x30, 0x3, 0xa8, 0x8, 0xc0, 0x32, 0x20,
    0x3, 0xc4, 0xa0, 0x19, 0x1, 0x0, 0x3b, 0x80,
    0x3f, 0x68, 0x6, 0x30, 0xf0, 0xe, 0xaf, 0xff,
    0xd0, 0x1, 0xc2, 0x60, 0x1f, 0xfc, 0x83, 0x10,
    0xf, 0xfe, 0xf8, 0x80, 0x76, 0x7f, 0xff, 0xf0,
    0x8b, 0x40, 0x39, 0x0, 0x3f, 0xf8, 0x68, 0x1,
    0xd2, 0x1, 0xfe, 0x10, 0xc, 0x64, 0x1, 0x86,
    0x80, 0x3f, 0xe, 0x48, 0x6, 0xb0, 0xe, 0x5c,
    0x30, 0xc, 0x2f, 0xe4, 0xce, 0x1, 0x32, 0x0,
    0x71, 0xe6, 0xd5, 0x33, 0xa0, 0x40, 0x10, 0xa0,
    0x15, 0x10, 0x7, 0x89, 0x54, 0x60, 0x1e, 0x60,
    0x8, 0x71, 0x0, 0x3f, 0xf8, 0x23, 0x86, 0x1,
    0x86, 0xe4, 0x40, 0x3f, 0xcd, 0xe6, 0x1, 0xf3,
    0x75, 0x29, 0x0, 0x42, 0x91, 0xd2, 0x20, 0x10,

    /* U+00EA "ê" */
    0x0, 0xf8, 0x73, 0xfe, 0x90, 0xf, 0xfe, 0x19,
    0xf9, 0x80, 0x4d, 0x62, 0x1, 0xff, 0xc0, 0x5c,
    0x10, 0xe, 0x4c, 0x20, 0xf, 0xf4, 0x50, 0x4,
    0xda, 0x40, 0x2, 0xd4, 0x0, 0xfd, 0x6e, 0x1,
    0x44, 0x96, 0xa0, 0x5, 0x6e, 0x1, 0xe2, 0x37,
    0x7a, 0xdc, 0x2, 0xb9, 0x77, 0xbc, 0x3, 0xc5,
    0x11, 0x90, 0x3, 0x9a, 0x23, 0x0, 0x7f, 0xfa,
    0x85, 0xef, 0xbf, 0xdd, 0x90, 0x40, 0x1f, 0xf4,
    0x74, 0x20, 0x80, 0x4, 0xdf, 0x68, 0x40, 0x3e,
    0x1d, 0x70, 0xf, 0xf2, 0xf9, 0x0, 0x70, 0xe1,
    0x0, 0x7f, 0xf0, 0x7, 0xc4, 0x3, 0x51, 0x0,
    0x70, 0xa2, 0x4, 0x3, 0x8a, 0x0, 0x24, 0x40,
    0x7, 0x57, 0x5d, 0xba, 0xc4, 0x3, 0x31, 0x0,
    0x20, 0x3, 0xad, 0x40, 0x32, 0x60, 0x7, 0x50,
    0x11, 0x80, 0x64, 0x40, 0x7, 0x89, 0x40, 0x32,
    0x2, 0x0, 0x77, 0x0, 0x7e, 0xd0, 0xc, 0x61,
    0xe0, 0x1d, 0x5f, 0xff, 0xa0, 0x3, 0x84, 0xc0,
    0x3f, 0xf9, 0x6, 0x20, 0x1f, 0xfd, 0xf1, 0x0,
    0xec, 0xff, 0xff, 0xe1, 0x16, 0x80, 0x72, 0x0,
    0x7f, 0xf0, 0xd0, 0x3, 0xa4, 0x3, 0xfc, 0x20,
    0x18, 0xc8, 0x3, 0xd, 0x0, 0x7e, 0x1c, 0x90,
    0xd, 0x60, 0x1c, 0xb8, 0x60, 0x18, 0x5f, 0xc9,
    0x9c, 0x2, 0x64, 0x0, 0xe3, 0xcd, 0xaa, 0x67,
    0x40, 0x80, 0x21, 0x40, 0x2a, 0x20, 0xf, 0x12,
    0xa8, 0xc0, 0x3c, 0xc0, 0x10, 0xe2, 0x0, 0x7f,
    0xf0, 0x47, 0xc, 0x3, 0xd, 0xc8, 0x80, 0x7f,
    0x9b, 0xcc, 0x3, 0xe6, 0xea, 0x52, 0x0, 0x85,
    0x23, 0xa4, 0x40, 0x20,

    /* U+00EB "ë" */
    0x0, 0x9b, 0xbe, 0xc8, 0x3, 0xa3, 0xbe, 0x84,
    0x3, 0xc7, 0x22, 0x9, 0xe0, 0x19, 0x5c, 0x41,
    0x6c, 0x3, 0xc8, 0x1, 0x88, 0x40, 0x2c, 0x0,
    0xc8, 0x1, 0xe3, 0x0, 0xc2, 0x20, 0xb, 0x80,
    0x31, 0x0, 0x79, 0x18, 0x0, 0x34, 0x1, 0x9d,
    0x0, 0x5, 0xc0, 0x1f, 0x4f, 0x6f, 0x20, 0x7,
    0x5f, 0x6e, 0x88, 0x3, 0xf0, 0x90, 0x7, 0xe1,
    0x20, 0xf, 0xff, 0x60, 0xbd, 0xf7, 0xfb, 0xb2,
    0x8, 0x3, 0xfe, 0x8e, 0x84, 0x10, 0x0, 0x9b,
    0xed, 0x8, 0x7, 0xc3, 0xae, 0x1, 0xfe, 0x5f,
    0x20, 0xe, 0x1c, 0x20, 0xf, 0xfe, 0x0, 0xf8,
    0x80, 0x6a, 0x20, 0xe, 0x14, 0x40, 0x80, 0x71,
    0x40, 0x4, 0x88, 0x0, 0xea, 0xeb, 0xb7, 0x58,
    0x80, 0x66, 0x20, 0x4, 0x0, 0x75, 0xa8, 0x6,
    0x4c, 0x0, 0xea, 0x2, 0x30, 0xc, 0x88, 0x0,
    0xf1, 0x28, 0x6, 0x40, 0x40, 0xe, 0xe0, 0xf,
    0xda, 0x1, 0x8c, 0x3c, 0x3, 0xab, 0xff, 0xf4,
    0x0, 0x70, 0x98, 0x7, 0xff, 0x20, 0xc4, 0x3,
    0xff, 0xbe, 0x20, 0x1d, 0x9f, 0xff, 0xfc, 0x22,
    0xd0, 0xe, 0x40, 0xf, 0xfe, 0x1a, 0x0, 0x74,
    0x80, 0x7f, 0x84, 0x3, 0x19, 0x0, 0x61, 0xa0,
    0xf, 0xc3, 0x92, 0x1, 0xac, 0x3, 0x97, 0xc,
    0x3, 0xb, 0xf9, 0x33, 0x80, 0x4c, 0x80, 0x1c,
    0x79, 0xb5, 0x4c, 0xe8, 0x10, 0x4, 0x28, 0x5,
    0x44, 0x1, 0xe2, 0x55, 0x18, 0x7, 0x98, 0x2,
    0x1c, 0x40, 0xf, 0xfe, 0x8, 0xe1, 0x80, 0x61,
    0xb9, 0x10, 0xf, 0xf3, 0x79, 0x80, 0x7c, 0xdd,
    0x4a, 0x40, 0x10, 0xa4, 0x74, 0x88, 0x4,

    /* U+00EC "ì" */
    0x0, 0x3f, 0xff, 0x50, 0x7, 0xff, 0x1, 0xdc,
    0x1, 0x95, 0x0, 0x3f, 0xf8, 0x10, 0xc0, 0x1a,
    0x80, 0x3f, 0xf8, 0x32, 0xa0, 0x10, 0xc0, 0x7,
    0xff, 0x6, 0x90, 0x2, 0x73, 0x0, 0xff, 0xe0,
    0xda, 0x11, 0x54, 0x1, 0xff, 0xc2, 0xbd, 0xda,
    0x40, 0x3e, 0xef, 0xff, 0xf9, 0xc0, 0x3f, 0xfe,
    0x6a, 0x67, 0xc4, 0x1, 0xff, 0xc0, 0xbc, 0xce,
    0x90, 0xf, 0xff, 0xf8, 0x7, 0xff, 0xfc, 0x3,
    0xff, 0xfe, 0x1, 0xff, 0xc3, 0xab, 0xbe, 0x80,
    0xe, 0xab, 0xbe, 0x94, 0x4f, 0x18, 0x7, 0x12,
    0x27, 0x80, 0x3f, 0xfd, 0xa0,

    /* U+00ED "í" */
    0x0, 0xff, 0x1f, 0xff, 0x68, 0x80, 0x7f, 0xdc,
    0x1, 0x8b, 0x4, 0x3, 0xfd, 0x4, 0x1, 0x16,
    0x8, 0x7, 0xf8, 0xdc, 0x2, 0x2c, 0x10, 0xf,
    0xfb, 0x80, 0x21, 0xc1, 0x0, 0xff, 0x94, 0x8,
    0x87, 0x82, 0x1, 0xff, 0xc0, 0x5d, 0xdb, 0x8,
    0x3, 0xdd, 0xff, 0xff, 0x38, 0x7, 0xff, 0xcd,
    0x4c, 0xf8, 0x80, 0x3f, 0xf8, 0x17, 0x99, 0xd2,
    0x1, 0xff, 0xff, 0x0, 0xff, 0xff, 0x80, 0x7f,
    0xff, 0xc0, 0x3f, 0xf8, 0x75, 0x77, 0xd0, 0x1,
    0xd5, 0x77, 0xd2, 0x89, 0xe3, 0x0, 0xe2, 0x44,
    0xf0, 0x7, 0xff, 0xb4,

    /* U+00EE "î" */
    0x0, 0xfa, 0x3f, 0xed, 0x10, 0xf, 0xfe, 0x5,
    0xb8, 0x4, 0x5e, 0x60, 0x1f, 0xc3, 0xa8, 0x1,
    0xc3, 0x8a, 0x1, 0xf1, 0xf9, 0x0, 0x7, 0x14,
    0x2, 0xa8, 0x0, 0xe5, 0xc1, 0x0, 0x1f, 0x9d,
    0x40, 0x4, 0xf6, 0x1, 0xb5, 0x9a, 0x7c, 0x10,
    0x3, 0xd3, 0x34, 0x46, 0x1, 0x44, 0xcd, 0x0,
    0x1c, 0xb3, 0x38, 0xc0, 0x3f, 0xfb, 0x7d, 0xff,
    0xff, 0x38, 0x7, 0xff, 0xcd, 0x4c, 0xf8, 0x80,
    0x3f, 0xf8, 0x17, 0x99, 0xd2, 0x1, 0xff, 0xff,
    0x0, 0xff, 0xff, 0x80, 0x7f, 0xff, 0xc0, 0x3f,
    0xf8, 0x75, 0x77, 0xd0, 0x1, 0xd5, 0x77, 0xd2,
    0x89, 0xe3, 0x0, 0xe2, 0x44, 0xf0, 0x7, 0xff,
    0xb4,

    /* U+00EF "ï" */
    0x0, 0x16, 0x7e, 0xa8, 0x7, 0x26, 0xfe, 0x98,
    0x6, 0xc3, 0x2, 0xa2, 0x0, 0x86, 0xc8, 0xb,
    0x0, 0x22, 0x10, 0xc, 0x80, 0x12, 0x80, 0x71,
    0x80, 0x8, 0x3, 0x94, 0x2, 0x60, 0xe, 0x20,
    0xa, 0xc0, 0x27, 0x30, 0x8, 0xa0, 0x2, 0x91,
    0x0, 0x93, 0xf7, 0xa0, 0x3, 0x9f, 0xf7, 0xd8,
    0x3, 0xc4, 0x20, 0x1f, 0x88, 0x3, 0x77, 0xff,
    0xfc, 0xe0, 0x1f, 0xff, 0x35, 0x33, 0xe2, 0x0,
    0xff, 0xe0, 0x5e, 0x67, 0x48, 0x7, 0xff, 0xfc,
    0x3, 0xff, 0xfe, 0x1, 0xff, 0xff, 0x0, 0xff,
    0xe1, 0xd5, 0xdf, 0x40, 0x7, 0x55, 0xdf, 0x4a,
    0x27, 0x8c, 0x3, 0x89, 0x13, 0xc0, 0x1f, 0xfe,
    0xd0,

    /* U+00F0 "ð" */
    0x0, 0xff, 0x53, 0x90, 0x7, 0xff, 0x1c, 0xd6,
    0x36, 0x88, 0x3, 0x3e, 0x0, 0x7f, 0xd2, 0x1,
    0x2e, 0xb0, 0x2f, 0x41, 0xc0, 0x7, 0xf0, 0xa8,
    0x7, 0x4f, 0x50, 0x80, 0x8, 0x3, 0xf9, 0x40,
    0x3e, 0x10, 0x1, 0xe5, 0x0, 0x7f, 0x27, 0x30,
    0x7, 0xc9, 0x86, 0x1, 0xff, 0xf, 0x80, 0x7c,
    0x88, 0x0, 0xff, 0x93, 0x64, 0x3, 0xf4, 0x80,
    0x7f, 0xaa, 0xc8, 0x0, 0x94, 0x1, 0xc4, 0xe0,
    0x1f, 0xde, 0x0, 0x2b, 0xb2, 0xc8, 0x7, 0x48,
    0x7, 0xf2, 0xb4, 0xea, 0x0, 0x18, 0x80, 0x30,
    0xa0, 0x7, 0xf5, 0x1b, 0x31, 0x0, 0x10, 0x1,
    0xdc, 0x1, 0xe2, 0x9e, 0xca, 0x99, 0x5f, 0xd3,
    0x0, 0x72, 0x0, 0x73, 0xeb, 0x8, 0x7, 0x97,
    0x0, 0x38, 0x48, 0x2, 0x98, 0x0, 0xff, 0xe2,
    0xb8, 0x1, 0x98, 0x1, 0xff, 0xc6, 0x20, 0x4,
    0x0, 0x70, 0xd7, 0x7f, 0x64, 0x8, 0x7, 0xbc,
    0x1c, 0x40, 0x30, 0xfa, 0x88, 0x9, 0xbf, 0x30,
    0x7, 0x8, 0x58, 0x7, 0x50, 0x80, 0x7d, 0x60,
    0x1f, 0x18, 0x6, 0x24, 0x0, 0xff, 0xe1, 0x90,
    0x7, 0x20, 0x7, 0xff, 0xc, 0x44, 0x1, 0xc2,
    0x1, 0xfc, 0x20, 0x1d, 0xe0, 0x1f, 0xfc, 0x45,
    0x0, 0xe3, 0x20, 0xe, 0x30, 0xf, 0xec, 0x0,
    0xe5, 0x11, 0x0, 0x64, 0x10, 0xf, 0x85, 0x40,
    0x31, 0x88, 0x38, 0x7, 0x58, 0x7, 0xd4, 0x1,
    0xd4, 0x0, 0xb0, 0xe, 0x5a, 0x10, 0x8, 0x6d,
    0x0, 0x31, 0x30, 0x0, 0x9c, 0x3, 0x97, 0xb2,
    0xb3, 0x90, 0x3, 0xa4, 0x3, 0x42, 0x0, 0x78,
    0xd4, 0xc0, 0x3d, 0x8, 0x1, 0xd6, 0x80, 0x1f,
    0xfc, 0x19, 0x70, 0xf, 0xae, 0x44, 0x3, 0xf8,
    0xf1, 0x80, 0x3f, 0x9b, 0xa9, 0x48, 0x2, 0x36,
    0xcc, 0x18, 0x7, 0x0,

    /* U+00F1 "ñ" */
    0x0, 0xe2, 0x9b, 0x70, 0xf, 0x63, 0x90, 0x7,
    0xc9, 0xac, 0x91, 0xc8, 0x1, 0x19, 0xa3, 0x0,
    0x3c, 0x34, 0x1, 0x86, 0xe4, 0x45, 0x0, 0x5,
    0x0, 0xf3, 0x8, 0x7, 0x9b, 0xb8, 0x80, 0xd,
    0x0, 0xf5, 0x80, 0x17, 0xf5, 0x0, 0x3c, 0x2c,
    0x1, 0xe3, 0x0, 0x58, 0x15, 0xc8, 0x7, 0x68,
    0x7, 0xd6, 0xe8, 0x20, 0x13, 0x6b, 0x23, 0xe9,
    0x80, 0x7c, 0x91, 0x60, 0x1c, 0x53, 0x70, 0x40,
    0x1f, 0xfe, 0x31, 0xff, 0xe1, 0x0, 0x25, 0x6f,
    0xfb, 0xad, 0x40, 0x3f, 0xc4, 0x37, 0x65, 0x20,
    0x0, 0xa5, 0x60, 0x80, 0x7e, 0x4c, 0x40, 0xf,
    0xc7, 0x80, 0x1f, 0xa0, 0x80, 0x3f, 0xc5, 0x0,
    0x1f, 0xc4, 0xf3, 0x26, 0x0, 0xf3, 0x80, 0x7e,
    0x6d, 0x86, 0x64, 0xf0, 0x80, 0x72, 0x0, 0x78,
    0xe4, 0x3, 0x86, 0x0, 0x3b, 0x0, 0x3c, 0xa0,
    0x1f, 0x38, 0x7, 0x10, 0x7, 0xff, 0x8, 0x40,
    0x38, 0x40, 0x3f, 0xff, 0xe0, 0x1f, 0xff, 0xf0,
    0xf, 0xff, 0xf8, 0x7, 0xff, 0xe4,

    /* U+00F2 "ò" */
    0x0, 0x9b, 0xff, 0xac, 0x3, 0xff, 0x86, 0xd0,
    0x1, 0x91, 0x40, 0x3f, 0xf8, 0x6e, 0xe0, 0xd,
    0x60, 0x1f, 0xfc, 0x48, 0x60, 0x8, 0x64, 0x3,
    0xff, 0x89, 0x2a, 0x1, 0x31, 0x80, 0x7f, 0xf1,
    0x29, 0x48, 0xa9, 0x0, 0xff, 0xe2, 0xd6, 0xed,
    0x40, 0x1f, 0xfe, 0xf4, 0x9d, 0xff, 0xb6, 0x94,
    0x3, 0xfe, 0x3d, 0xb6, 0x20, 0x8, 0x96, 0xb9,
    0x40, 0x3f, 0x36, 0x10, 0x7, 0xf0, 0xd4, 0x0,
    0x79, 0x64, 0x3, 0xff, 0x82, 0xf0, 0x1, 0x8a,
    0x80, 0x3c, 0x48, 0x60, 0x1e, 0x74, 0x0, 0xa0,
    0x3, 0x8b, 0x36, 0xf3, 0x8c, 0x3, 0xa0, 0x0,
    0x2a, 0x1, 0x87, 0xc, 0x2, 0x1c, 0x20, 0xc,
    0x66, 0x7, 0x0, 0xe9, 0x10, 0xf, 0x40, 0x7,
    0x58, 0x60, 0x7, 0x28, 0x7, 0xca, 0x1, 0xc8,
    0xc, 0x1, 0xc4, 0x1, 0xf8, 0xc0, 0x31, 0x80,
    0x80, 0x62, 0x0, 0xfe, 0x70, 0xf, 0x18, 0x7,
    0xff, 0x8, 0x40, 0x3c, 0x60, 0x1f, 0xfc, 0x21,
    0x0, 0xf0, 0x80, 0x62, 0x0, 0xfe, 0x70, 0xf,
    0x30, 0x7, 0x10, 0x7, 0xe3, 0x0, 0xc6, 0x18,
    0x1, 0xca, 0x1, 0xf2, 0x80, 0x72, 0x3, 0x80,
    0x74, 0x88, 0x7, 0xa0, 0x3, 0xac, 0x5, 0x40,
    0x30, 0xe1, 0x0, 0x43, 0x64, 0x1, 0x8c, 0xc0,
    0x8, 0x0, 0xe2, 0xdc, 0xab, 0xe4, 0x0, 0xe8,
    0x0, 0x8a, 0x80, 0x3c, 0x6a, 0x80, 0x1e, 0x74,
    0x0, 0xcb, 0x20, 0x1f, 0xfc, 0x16, 0x80, 0xf,
    0x36, 0x10, 0x7, 0xf0, 0xd4, 0x80, 0x7e, 0x3d,
    0xb6, 0x20, 0x8, 0x96, 0xb9, 0x40, 0x38,

    /* U+00F3 "ó" */
    0x0, 0xff, 0x8f, 0xff, 0xb4, 0x40, 0x3f, 0xf8,
    0x5c, 0x1, 0x8b, 0x4, 0x3, 0xff, 0x83, 0x4,
    0x1, 0x16, 0x8, 0x7, 0xff, 0x4, 0x9c, 0x2,
    0x1f, 0x10, 0xf, 0xfe, 0x17, 0x0, 0x43, 0x84,
    0x1, 0xff, 0xc2, 0x51, 0x22, 0x1e, 0x10, 0x7,
    0xff, 0xd, 0x77, 0x6c, 0x20, 0xf, 0xff, 0x72,
    0x4e, 0xff, 0xdb, 0x4a, 0x1, 0xff, 0x1e, 0xdb,
    0x10, 0x4, 0x4b, 0x5c, 0xa0, 0x1f, 0x9b, 0x8,
    0x3, 0xf8, 0x6a, 0x0, 0x3c, 0xb2, 0x1, 0xff,
    0xc1, 0x78, 0x0, 0xc5, 0x40, 0x1e, 0x24, 0x30,
    0xf, 0x3a, 0x0, 0x50, 0x1, 0xc5, 0x9b, 0x79,
    0xc6, 0x1, 0xd0, 0x0, 0x15, 0x0, 0xc3, 0x86,
    0x1, 0xe, 0x10, 0x6, 0x33, 0x3, 0x80, 0x74,
    0x88, 0x7, 0xa0, 0x3, 0xac, 0x30, 0x3, 0x94,
    0x3, 0xe5, 0x0, 0xe4, 0x6, 0x0, 0xe2, 0x0,
    0xfc, 0x60, 0x18, 0xc0, 0x40, 0x31, 0x0, 0x7f,
    0x38, 0x7, 0x8c, 0x3, 0xff, 0x84, 0x20, 0x1e,
    0x30, 0xf, 0xfe, 0x10, 0x80, 0x78, 0x40, 0x31,
    0x0, 0x7f, 0x38, 0x7, 0x98, 0x3, 0x88, 0x3,
    0xf1, 0x80, 0x63, 0xc, 0x0, 0xe5, 0x0, 0xf9,
    0x40, 0x39, 0x1, 0xc0, 0x3a, 0x44, 0x3, 0xd0,
    0x1, 0xd6, 0x2, 0xa0, 0x18, 0x70, 0x80, 0x21,
    0xb2, 0x0, 0xc6, 0x60, 0x4, 0x0, 0x71, 0x6e,
    0x55, 0xf2, 0x0, 0x74, 0x0, 0x45, 0x40, 0x1e,
    0x35, 0x40, 0xf, 0x3a, 0x0, 0x65, 0x90, 0xf,
    0xfe, 0xb, 0x40, 0x7, 0x9b, 0x8, 0x3, 0xf8,
    0x6a, 0x40, 0x3f, 0x1e, 0xdb, 0x10, 0x4, 0x4b,
    0x5c, 0xa0, 0x1c,

    /* U+00F4 "ô" */
    0x0, 0xfd, 0x1f, 0xf6, 0x90, 0x7, 0xff, 0xe,
    0xdc, 0x2, 0x2c, 0x40, 0xf, 0xfe, 0x1, 0x6a,
    0x0, 0x70, 0xdb, 0x0, 0x7f, 0x8f, 0x8, 0x0,
    0x5a, 0xc0, 0x14, 0xc8, 0x3, 0xf3, 0x60, 0x80,
    0x13, 0xa, 0x64, 0x1, 0x36, 0x8, 0x7, 0x85,
    0xde, 0x8b, 0x10, 0x3, 0x63, 0xbc, 0x84, 0x1,
    0xe7, 0x88, 0x9c, 0x3, 0x8e, 0x23, 0x18, 0x7,
    0xff, 0xa5, 0x27, 0x7f, 0xed, 0xa5, 0x0, 0xff,
    0x8f, 0x6d, 0x88, 0x2, 0x25, 0xae, 0x50, 0xf,
    0xcd, 0x84, 0x1, 0xfc, 0x35, 0x0, 0x1e, 0x59,
    0x0, 0xff, 0xe0, 0xbc, 0x0, 0x62, 0xa0, 0xf,
    0x12, 0x18, 0x7, 0x9d, 0x0, 0x28, 0x0, 0xe2,
    0xcd, 0xbc, 0xe3, 0x0, 0xe8, 0x0, 0xa, 0x80,
    0x61, 0xc3, 0x0, 0x87, 0x8, 0x3, 0x19, 0x81,
    0xc0, 0x3a, 0x44, 0x3, 0xd0, 0x1, 0xd6, 0x18,
    0x1, 0xca, 0x1, 0xf2, 0x80, 0x72, 0x3, 0x0,
    0x71, 0x0, 0x7e, 0x30, 0xc, 0x60, 0x20, 0x18,
    0x80, 0x3f, 0x9c, 0x3, 0xc6, 0x1, 0xff, 0xc2,
    0x10, 0xf, 0x18, 0x7, 0xff, 0x8, 0x40, 0x3c,
    0x20, 0x18, 0x80, 0x3f, 0x9c, 0x3, 0xcc, 0x1,
    0xc4, 0x1, 0xf8, 0xc0, 0x31, 0x86, 0x0, 0x72,
    0x80, 0x7c, 0xa0, 0x1c, 0x80, 0xe0, 0x1d, 0x22,
    0x1, 0xe8, 0x0, 0xeb, 0x1, 0x50, 0xc, 0x38,
    0x40, 0x10, 0xd9, 0x0, 0x63, 0x30, 0x2, 0x0,
    0x38, 0xb7, 0x2a, 0xf9, 0x0, 0x3a, 0x0, 0x22,
    0xa0, 0xf, 0x1a, 0xa0, 0x7, 0x9d, 0x0, 0x32,
    0xc8, 0x7, 0xff, 0x5, 0xa0, 0x3, 0xcd, 0x84,
    0x1, 0xfc, 0x35, 0x20, 0x1f, 0x8f, 0x6d, 0x88,
    0x2, 0x25, 0xae, 0x50, 0xe,

    /* U+00F5 "õ" */
    0x0, 0xff, 0xe1, 0x88, 0x7, 0xfc, 0x79, 0xfa,
    0xa0, 0x1d, 0x5b, 0x0, 0x1f, 0x8f, 0xc, 0xa,
    0xa4, 0x3, 0x21, 0x39, 0x0, 0x7d, 0xc0, 0x1c,
    0xd8, 0x61, 0x20, 0x11, 0x0, 0x79, 0x8, 0x0,
    0x46, 0x0, 0x3c, 0xf6, 0x0, 0x28, 0x7, 0xda,
    0x0, 0x4d, 0xcb, 0x10, 0xf, 0x40, 0x7, 0xc4,
    0x0, 0xf0, 0x2, 0x61, 0x0, 0x69, 0x20, 0xf,
    0xa6, 0x48, 0xc0, 0x11, 0x6c, 0x23, 0x63, 0x0,
    0x7e, 0x26, 0xb2, 0x0, 0xe7, 0xb9, 0x30, 0xf,
    0xff, 0x62, 0x4e, 0xff, 0xdb, 0x4a, 0x1, 0xff,
    0x1e, 0xdb, 0x10, 0x4, 0x4b, 0x5c, 0xa0, 0x1f,
    0x9b, 0x8, 0x3, 0xf8, 0x6a, 0x0, 0x3c, 0xb2,
    0x1, 0xff, 0xc1, 0x78, 0x0, 0xc5, 0x40, 0x1e,
    0x24, 0x30, 0xf, 0x3a, 0x0, 0x50, 0x1, 0xc5,
    0x9b, 0x79, 0xc6, 0x1, 0xd0, 0x0, 0x15, 0x0,
    0xc3, 0x86, 0x1, 0xe, 0x10, 0x6, 0x33, 0x3,
    0x80, 0x74, 0x88, 0x7, 0xa0, 0x3, 0xac, 0x30,
    0x3, 0x94, 0x3, 0xe5, 0x0, 0xe4, 0x6, 0x0,
    0xe2, 0x0, 0xfc, 0x60, 0x18, 0xc0, 0x40, 0x31,
    0x0, 0x7f, 0x38, 0x7, 0x8c, 0x3, 0xff, 0x84,
    0x20, 0x1e, 0x30, 0xf, 0xfe, 0x10, 0x80, 0x78,
    0x40, 0x31, 0x0, 0x7f, 0x38, 0x7, 0x98, 0x3,
    0x88, 0x3, 0xf1, 0x80, 0x63, 0xc, 0x0, 0xe5,
    0x0, 0xf9, 0x40, 0x39, 0x1, 0xc0, 0x3a, 0x44,
    0x3, 0xd0, 0x1, 0xd6, 0x2, 0xa0, 0x18, 0x70,
    0x80, 0x21, 0xb2, 0x0, 0xc6, 0x60, 0x4, 0x0,
    0x71, 0x6e, 0x55, 0xf2, 0x0, 0x74, 0x0, 0x45,
    0x40, 0x1e, 0x35, 0x40, 0xf, 0x3a, 0x0, 0x65,
    0x90, 0xf, 0xfe, 0xb, 0x40, 0x7, 0x9b, 0x8,
    0x3, 0xf8, 0x6a, 0x40, 0x3f, 0x1e, 0xdb, 0x10,
    0x4, 0x4b, 0x5c, 0xa0, 0x1c,

    /* U+00F6 "ö" */
    0x0, 0x8b, 0x3f, 0x94, 0x3, 0x8f, 0x7f, 0x50,
    0x3, 0xef, 0x30, 0x1a, 0x30, 0xd, 0xa4, 0x5,
    0x62, 0x1, 0xc2, 0x40, 0x19, 0x0, 0x23, 0x10,
    0xc, 0xa0, 0x1c, 0x22, 0x0, 0xc6, 0x1, 0x10,
    0x7, 0x30, 0x7, 0xa8, 0x40, 0xc, 0x80, 0x10,
    0xc8, 0x5, 0x4, 0x1, 0xe4, 0xed, 0xe9, 0x0,
    0xe6, 0xfd, 0xe7, 0x0, 0xfe, 0x21, 0x0, 0xfc,
    0x42, 0x1, 0xff, 0xeb, 0x49, 0xdf, 0xfb, 0x69,
    0x40, 0x3f, 0xe3, 0xdb, 0x62, 0x0, 0x89, 0x6b,
    0x94, 0x3, 0xf3, 0x61, 0x0, 0x7f, 0xd, 0x40,
    0x7, 0x96, 0x40, 0x3f, 0xf8, 0x2f, 0x0, 0x18,
    0xa8, 0x3, 0xc4, 0x86, 0x1, 0xe7, 0x40, 0xa,
    0x0, 0x38, 0xb3, 0x6f, 0x38, 0xc0, 0x3a, 0x0,
    0x2, 0xa0, 0x18, 0x70, 0xc0, 0x21, 0xc2, 0x0,
    0xc6, 0x60, 0x70, 0xe, 0x91, 0x0, 0xf4, 0x0,
    0x75, 0x86, 0x0, 0x72, 0x80, 0x7c, 0xa0, 0x1c,
    0x80, 0xc0, 0x1c, 0x40, 0x1f, 0x8c, 0x3, 0x18,
    0x8, 0x6, 0x20, 0xf, 0xe7, 0x0, 0xf1, 0x80,
    0x7f, 0xf0, 0x84, 0x3, 0xc6, 0x1, 0xff, 0xc2,
    0x10, 0xf, 0x8, 0x6, 0x20, 0xf, 0xe7, 0x0,
    0xf3, 0x0, 0x71, 0x0, 0x7e, 0x30, 0xc, 0x61,
    0x80, 0x1c, 0xa0, 0x1f, 0x28, 0x7, 0x20, 0x38,
    0x7, 0x48, 0x80, 0x7a, 0x0, 0x3a, 0xc0, 0x54,
    0x3, 0xe, 0x10, 0x4, 0x36, 0x40, 0x18, 0xcc,
    0x0, 0x80, 0xe, 0x2d, 0xca, 0xbe, 0x40, 0xe,
    0x80, 0x8, 0xa8, 0x3, 0xc6, 0xa8, 0x1, 0xe7,
    0x40, 0xc, 0xb2, 0x1, 0xff, 0xc1, 0x68, 0x0,
    0xf3, 0x61, 0x0, 0x7f, 0xd, 0x48, 0x7, 0xe3,
    0xdb, 0x62, 0x0, 0x89, 0x6b, 0x94, 0x3, 0x80,

    /* U+00F7 "÷" */
    0x0, 0xfc, 0x55, 0xb8, 0xa0, 0x1f, 0xfc, 0x41,
    0xc5, 0x23, 0xa5, 0x0, 0xff, 0xe1, 0xb8, 0x80,
    0x6e, 0x0, 0xff, 0xe4, 0xb8, 0x7, 0xff, 0xd,
    0x0, 0x3a, 0x80, 0x3f, 0xf8, 0x65, 0x66, 0x3,
    0xc, 0x1, 0xff, 0xc4, 0x4c, 0xfe, 0x70, 0xf,
    0xff, 0x4c, 0xdd, 0xff, 0xf2, 0x9, 0x51, 0x3f,
    0xf9, 0x2, 0x1, 0xff, 0xf6, 0xcf, 0xff, 0xfe,
    0x41, 0x80, 0x7f, 0xfa, 0xe, 0xfb, 0x14, 0x3,
    0xff, 0x88, 0x38, 0x82, 0x74, 0xa0, 0x1f, 0xfc,
    0x37, 0x0, 0xef, 0x0, 0xff, 0xe1, 0x88, 0x7,
    0x8, 0x7, 0xff, 0xd, 0x40, 0x3b, 0x80, 0x3f,
    0xf8, 0x65, 0x64, 0x3, 0xa, 0x1, 0xf8,

    /* U+00F8 "ø" */
    0x0, 0xff, 0xe1, 0xa7, 0xfb, 0x80, 0x3f, 0xf8,
    0xdc, 0x0, 0x60, 0xf, 0xfe, 0x28, 0xa8, 0x2,
    0x80, 0x3f, 0x92, 0x77, 0xfe, 0xda, 0x80, 0x2,
    0x10, 0x7, 0xc7, 0xb6, 0xc4, 0x1, 0x12, 0xb0,
    0x3, 0xc0, 0x3e, 0x6c, 0x20, 0xf, 0xfb, 0x0,
    0x3c, 0xb2, 0x1, 0xff, 0xc1, 0x77, 0x0, 0x62,
    0xa0, 0xf, 0x12, 0x18, 0x7, 0xa0, 0xc0, 0x28,
    0x0, 0xe2, 0xcd, 0xbc, 0x20, 0xf, 0x78, 0x0,
    0x54, 0x3, 0xe, 0x18, 0x1, 0x48, 0x3, 0xc6,
    0x60, 0x70, 0xe, 0x91, 0x0, 0xa0, 0x0, 0x80,
    0x1d, 0x61, 0x80, 0x1c, 0xa0, 0x12, 0x90, 0x15,
    0x80, 0x72, 0x3, 0x0, 0x71, 0x0, 0x50, 0x0,
    0xb0, 0x30, 0xc, 0x60, 0x20, 0x18, 0x80, 0x25,
    0x20, 0x26, 0x7, 0x0, 0xf1, 0x80, 0x7e, 0x80,
    0x5, 0x80, 0x4, 0x3, 0xc6, 0x1, 0xf2, 0x90,
    0xb, 0x0, 0x4, 0x3, 0xc2, 0x1, 0x88, 0x1,
    0x0, 0x8, 0x0, 0x9c, 0x3, 0xcc, 0x1, 0xc2,
    0xa4, 0x2, 0xc0, 0x11, 0x80, 0x63, 0xc, 0x0,
    0xe6, 0x90, 0x4, 0x0, 0x4a, 0x1, 0xc8, 0xe,
    0x1, 0xd0, 0x60, 0x2c, 0x1, 0x40, 0x7, 0x58,
    0xa, 0x80, 0x7d, 0x0, 0x1, 0xb2, 0x0, 0xc6,
    0x60, 0x5, 0x80, 0x7d, 0x54, 0xbe, 0x40, 0xe,
    0x80, 0x8, 0x68, 0x3, 0xc6, 0xa8, 0x1, 0xe7,
    0x40, 0xc, 0xb2, 0x1, 0xff, 0xc1, 0x68, 0x0,
    0xf3, 0x18, 0x7, 0xf8, 0x6a, 0x40, 0x3e, 0x33,
    0x0, 0x18, 0x80, 0x22, 0x5a, 0xe5, 0x0, 0xfd,
    0x0, 0x7, 0x9d, 0xff, 0xb6, 0x94, 0x3, 0xf8,
    0x90, 0x1, 0x20, 0x1f, 0xfc, 0x56, 0x77, 0x50,
    0x80, 0x7f, 0xf0, 0xc0,

    /* U+00F9 "ù" */
    0x0, 0x2f, 0xff, 0x58, 0x7, 0xff, 0x5, 0x60,
    0x3, 0x23, 0x0, 0x7f, 0xf0, 0x5d, 0xc0, 0x1a,
    0x4, 0x3, 0xff, 0x83, 0xc, 0x1, 0xd, 0x80,
    0x7f, 0xf0, 0xa5, 0x40, 0x25, 0x40, 0xf, 0xfe,
    0x15, 0x29, 0x15, 0xc0, 0x1f, 0xfc, 0x3a, 0xdd,
    0xa8, 0x3, 0xff, 0xa1, 0xdf, 0xfb, 0x0, 0x3e,
    0x3f, 0xfe, 0x80, 0xf, 0xff, 0xf8, 0x7, 0xff,
    0xfc, 0x3, 0xff, 0xfe, 0x1, 0xff, 0xdc, 0x10,
    0xf, 0xfe, 0x11, 0x0, 0x62, 0x0, 0xff, 0xe1,
    0x30, 0x7, 0x18, 0x7, 0xa8, 0x3, 0xd8, 0x1,
    0xdc, 0x20, 0x10, 0xcb, 0x0, 0x79, 0xc0, 0x38,
    0xbb, 0x2f, 0x39, 0x80, 0x3e, 0x16, 0x0, 0xf1,
    0xa1, 0x80, 0x4, 0x3, 0xe8, 0x20, 0xf, 0xf5,
    0x10, 0x7, 0x87, 0x8, 0x3, 0xe1, 0xc4, 0x10,
    0xf, 0x87, 0x65, 0x4, 0x0, 0x71, 0xc6, 0xc,
    0x1, 0xc0,

    /* U+00FA "ú" */
    0x0, 0xff, 0x17, 0xff, 0x68, 0x80, 0x7f, 0xf0,
    0x38, 0x3, 0xf, 0x88, 0x7, 0xfc, 0xe6, 0x1,
    0xe, 0x10, 0x7, 0xfc, 0x50, 0x1, 0xe, 0x10,
    0x7, 0xff, 0x3, 0x80, 0x21, 0xc2, 0x0, 0xff,
    0xe0, 0x20, 0x91, 0xf, 0x8, 0x3, 0xff, 0x82,
    0x9b, 0xb6, 0x10, 0x7, 0xff, 0x3f, 0xbf, 0xf6,
    0x0, 0x7c, 0x7f, 0xfd, 0x0, 0x1f, 0xff, 0xf0,
    0xf, 0xff, 0xf8, 0x7, 0xff, 0xfc, 0x3, 0xff,
    0xb8, 0x20, 0x1f, 0xfc, 0x22, 0x0, 0xc4, 0x1,
    0xff, 0xc2, 0x60, 0xe, 0x30, 0xf, 0x50, 0x7,
    0xb0, 0x3, 0xb8, 0x40, 0x21, 0x96, 0x0, 0xf3,
    0x80, 0x71, 0x76, 0x5e, 0x73, 0x0, 0x7c, 0x2c,
    0x1, 0xe3, 0x43, 0x0, 0x8, 0x7, 0xd0, 0x40,
    0x1f, 0xea, 0x20, 0xf, 0xe, 0x10, 0x7, 0xc3,
    0x88, 0x20, 0x1f, 0xe, 0xca, 0x8, 0x0, 0xe3,
    0x8c, 0x18, 0x3, 0x80,

    /* U+00FB "û" */
    0x0, 0xf9, 0xff, 0xed, 0x20, 0xf, 0xfe, 0xd,
    0x40, 0x4, 0x5a, 0x80, 0x1f, 0xe1, 0xc5, 0x0,
    0xf5, 0xb8, 0x7, 0xe3, 0xf3, 0x0, 0xe, 0x30,
    0x5, 0x14, 0x1, 0xe5, 0xc1, 0x0, 0x1f, 0x9c,
    0xc8, 0x2, 0x5c, 0x10, 0xc, 0x4c, 0xd3, 0xe0,
    0x80, 0x1b, 0x19, 0xa5, 0x50, 0x6, 0x79, 0x9a,
    0x0, 0x38, 0xe6, 0x72, 0x0, 0x7f, 0xf7, 0xbb,
    0xff, 0x60, 0x7, 0xc7, 0xff, 0xd0, 0x1, 0xff,
    0xff, 0x0, 0xff, 0xff, 0x80, 0x7f, 0xff, 0xc0,
    0x3f, 0xfb, 0x82, 0x1, 0xff, 0xc2, 0x20, 0xc,
    0x40, 0x1f, 0xfc, 0x26, 0x0, 0xe3, 0x0, 0xf5,
    0x0, 0x7b, 0x0, 0x3b, 0x84, 0x2, 0x19, 0x60,
    0xf, 0x38, 0x7, 0x17, 0x65, 0xe7, 0x30, 0x7,
    0xc2, 0xc0, 0x1e, 0x34, 0x30, 0x0, 0x80, 0x7d,
    0x4, 0x1, 0xfe, 0xa2, 0x0, 0xf0, 0xe1, 0x0,
    0x7c, 0x38, 0x82, 0x1, 0xf0, 0xec, 0xa0, 0x80,
    0xe, 0x38, 0xc1, 0x80, 0x38,

    /* U+00FC "ü" */
    0x0, 0xd, 0xff, 0x30, 0x7, 0x1e, 0x7e, 0xa0,
    0x7, 0x6a, 0x0, 0xc9, 0x80, 0x6d, 0x30, 0x2b,
    0x10, 0xc, 0x60, 0x19, 0x0, 0x23, 0x10, 0xc,
    0x80, 0x18, 0x40, 0x31, 0x0, 0x44, 0x1, 0xce,
    0x1, 0xb4, 0x40, 0xc, 0xa0, 0x10, 0xd0, 0x5,
    0x4, 0x1, 0x8f, 0xb7, 0xa4, 0x3, 0x97, 0xf7,
    0x9c, 0x3, 0xe2, 0x10, 0xf, 0xc4, 0x20, 0x1b,
    0xbf, 0xf6, 0x0, 0x7c, 0x7f, 0xfd, 0x0, 0x1f,
    0xff, 0xf0, 0xf, 0xff, 0xf8, 0x7, 0xff, 0xfc,
    0x3, 0xff, 0xb8, 0x20, 0x1f, 0xfc, 0x22, 0x0,
    0xc4, 0x1, 0xff, 0xc2, 0x60, 0xe, 0x30, 0xf,
    0x50, 0x7, 0xb0, 0x3, 0xb8, 0x40, 0x21, 0x96,
    0x0, 0xf3, 0x80, 0x71, 0x76, 0x5e, 0x73, 0x0,
    0x7c, 0x2c, 0x1, 0xe3, 0x43, 0x0, 0x8, 0x7,
    0xd0, 0x40, 0x1f, 0xea, 0x20, 0xf, 0xe, 0x10,
    0x7, 0xc3, 0x88, 0x20, 0x1f, 0xe, 0xca, 0x8,
    0x0, 0xe3, 0x8c, 0x18, 0x3, 0x80,

    /* U+00FD "ý" */
    0x0, 0xff, 0xe0, 0xd7, 0xff, 0x38, 0x7, 0xff,
    0x15, 0x54, 0x1, 0xa1, 0xc0, 0x3f, 0xf8, 0x83,
    0x60, 0x19, 0xdc, 0x1, 0xff, 0xc5, 0xb1, 0x0,
    0x9e, 0x0, 0x3f, 0xf8, 0xa8, 0xa0, 0x13, 0x40,
    0x7, 0xff, 0x1b, 0xc8, 0xa7, 0x90, 0xf, 0xfe,
    0x3d, 0xee, 0xd0, 0x1, 0xff, 0xd7, 0xbf, 0xfe,
    0x70, 0xf, 0xf2, 0x7f, 0xf8, 0x3c, 0x3, 0xa8,
    0x3, 0xfd, 0xc0, 0x1c, 0xe0, 0x84, 0x1, 0x89,
    0x0, 0x3f, 0xa, 0x80, 0x75, 0x0, 0x28, 0x3,
    0xb8, 0x3, 0xf3, 0x80, 0x72, 0x10, 0x1, 0xc0,
    0x39, 0x40, 0x3f, 0x50, 0x7, 0x78, 0x6, 0x60,
    0xe, 0x60, 0xf, 0x11, 0x80, 0x62, 0x40, 0xd,
    0x60, 0x1d, 0x40, 0x1e, 0xa0, 0xe, 0xb0, 0xe,
    0x24, 0x0, 0xc6, 0x40, 0x1c, 0xc0, 0x1c, 0xc0,
    0x1e, 0xf0, 0xe, 0xa0, 0xc, 0x82, 0x1, 0x9c,
    0x3, 0xe4, 0x20, 0xc, 0xc0, 0x1b, 0x80, 0x3a,
    0x80, 0x3f, 0x58, 0x6, 0x14, 0x0, 0xa, 0x80,
    0x64, 0x20, 0xf, 0xcc, 0x1, 0xdc, 0x0, 0x70,
    0xe, 0xf0, 0xf, 0xf3, 0x0, 0x65, 0x10, 0xb0,
    0xc, 0x48, 0x1, 0xfe, 0xb0, 0xe, 0x73, 0x20,
    0xd, 0x60, 0x1f, 0xf1, 0x20, 0x6, 0xdb, 0x0,
    0xc2, 0xc0, 0x1f, 0xfc, 0xf, 0x0, 0xca, 0xc0,
    0x19, 0x80, 0x3f, 0xf8, 0x28, 0x40, 0x10, 0x88,
    0x3, 0x50, 0x7, 0xff, 0xa, 0xc0, 0x3f, 0x21,
    0x0, 0x7f, 0xf0, 0x98, 0x3, 0xf7, 0x80, 0x7f,
    0xf1, 0x1c, 0x3, 0xc4, 0x80, 0x1f, 0xfc, 0x4a,
    0x0, 0xf5, 0x80, 0x7f, 0xf1, 0x49, 0x0, 0x30,
    0xb0, 0x7, 0xff, 0x19, 0x80, 0x33, 0x0, 0x7f,
    0xf1, 0x98, 0x80, 0x35, 0x0, 0x7f, 0xf1, 0xa0,
    0x3, 0x21, 0x0, 0x7f, 0xf1, 0x64, 0x40, 0x37,
    0x80, 0x7f, 0xf1, 0x5d, 0x80, 0x31, 0xa0, 0x7,
    0xff, 0xa, 0x73, 0x60, 0x3, 0xa0, 0x3, 0xff,
    0x86, 0xe6, 0x40, 0x1c, 0x88, 0x0, 0xff, 0xe1,
    0x88, 0x7, 0x8a, 0x80, 0x3f, 0xf8, 0x66, 0x1,
    0xe3, 0xc1, 0x0, 0xff, 0xe2, 0x18, 0x0, 0x52,
    0xb0, 0x40, 0x3f, 0xf8, 0x40,

    /* U+00FE "þ" */
    0xf, 0xfe, 0xa0, 0xf, 0xff, 0xf8, 0x7, 0xff,
    0xfc, 0x3, 0xff, 0xb8, 0x51, 0xbf, 0xee, 0xb5,
    0x0, 0xff, 0xe0, 0x36, 0xb9, 0x0, 0x5, 0x2b,
    0x48, 0x3, 0xf9, 0x24, 0x3, 0xf1, 0x61, 0x0,
    0x7e, 0x10, 0xf, 0xf0, 0xf8, 0x7, 0xfc, 0x48,
    0x40, 0x1e, 0x27, 0x0, 0xfc, 0x7b, 0xab, 0xdd,
    0x18, 0x7, 0x50, 0x7, 0xc3, 0xa4, 0x1, 0x16,
    0x88, 0x6, 0x23, 0x0, 0xf2, 0x8, 0x7, 0xb,
    0x0, 0x72, 0x0, 0x7f, 0xf0, 0xac, 0x3, 0xb4,
    0x3, 0xff, 0x84, 0x60, 0x1c, 0x20, 0x1f, 0xfc,
    0x31, 0x0, 0xce, 0x1, 0xff, 0xc8, 0x10, 0xf,
    0xfe, 0x40, 0x80, 0x7f, 0xf0, 0xc4, 0x3, 0x38,
    0x7, 0xff, 0x8, 0x80, 0x38, 0x80, 0x3f, 0xf8,
    0x4a, 0x1, 0xde, 0x1, 0xe4, 0x0, 0xf0, 0xc8,
    0x7, 0x20, 0x7, 0x87, 0x8, 0x2, 0x1d, 0x10,
    0xc, 0x44, 0x0, 0xf8, 0xf7, 0x2a, 0xf8, 0xc0,
    0x3a, 0x0, 0x3f, 0xc6, 0xa8, 0x1, 0xe3, 0x50,
    0xf, 0x84, 0x3, 0xfc, 0x5a, 0x1, 0xf9, 0x24,
    0x3, 0xf2, 0x60, 0x80, 0x7f, 0x36, 0xb9, 0x0,
    0x5, 0x6e, 0xc2, 0x1, 0xff, 0x14, 0x6f, 0xfb,
    0xa9, 0x0, 0x3f, 0xff, 0xe0, 0x1f, 0xff, 0xf0,
    0xf, 0xfe, 0x58,

    /* U+00FF "ÿ" */
    0x0, 0xe6, 0xef, 0xb1, 0x0, 0xe9, 0xef, 0xa0,
    0xf, 0xf2, 0x48, 0x82, 0x50, 0x6, 0x76, 0x10,
    0x59, 0x0, 0xfe, 0xc0, 0xc, 0x80, 0x1b, 0x0,
    0x32, 0x0, 0x7f, 0x70, 0x6, 0x20, 0xc, 0x60,
    0x19, 0xc0, 0x3f, 0x99, 0x40, 0x3, 0xc0, 0x1a,
    0x50, 0x0, 0x56, 0x1, 0xfe, 0xae, 0xde, 0x30,
    0xc, 0x37, 0xbb, 0x8, 0x7, 0xfc, 0x24, 0x1,
    0xf8, 0x88, 0x1, 0xf5, 0xff, 0xf3, 0x80, 0x7f,
    0x93, 0xff, 0xc1, 0xe0, 0x1d, 0x40, 0x1f, 0xee,
    0x0, 0xe7, 0x4, 0x20, 0xc, 0x48, 0x1, 0xf8,
    0x54, 0x3, 0xa8, 0x1, 0x40, 0x1d, 0xc0, 0x1f,
    0x9c, 0x3, 0x90, 0x80, 0xe, 0x1, 0xca, 0x1,
    0xfa, 0x80, 0x3b, 0xc0, 0x33, 0x0, 0x73, 0x0,
    0x78, 0x8c, 0x3, 0x12, 0x0, 0x6b, 0x0, 0xea,
    0x0, 0xf5, 0x0, 0x75, 0x80, 0x71, 0x20, 0x6,
    0x32, 0x0, 0xe6, 0x0, 0xe6, 0x0, 0xf7, 0x80,
    0x75, 0x0, 0x64, 0x10, 0xc, 0xe0, 0x1f, 0x21,
    0x0, 0x66, 0x0, 0xdc, 0x1, 0xd4, 0x1, 0xfa,
    0xc0, 0x30, 0xa0, 0x0, 0x54, 0x3, 0x21, 0x0,
    0x7e, 0x60, 0xe, 0xe0, 0x3, 0x80, 0x77, 0x80,
    0x7f, 0x98, 0x3, 0x28, 0x85, 0x80, 0x62, 0x40,
    0xf, 0xf5, 0x80, 0x73, 0x99, 0x0, 0x6b, 0x0,
    0xff, 0x89, 0x0, 0x36, 0xd8, 0x6, 0x16, 0x0,
    0xff, 0xe0, 0x78, 0x6, 0x56, 0x0, 0xcc, 0x1,
    0xff, 0xc1, 0x42, 0x0, 0x84, 0x40, 0x1a, 0x80,
    0x3f, 0xf8, 0x56, 0x1, 0xf9, 0x8, 0x3, 0xff,
    0x84, 0xc0, 0x1f, 0xbc, 0x3, 0xff, 0x88, 0xe0,
    0x1e, 0x24, 0x0, 0xff, 0xe2, 0x50, 0x7, 0xac,
    0x3, 0xff, 0x8a, 0x48, 0x1, 0x85, 0x80, 0x3f,
    0xf8, 0xcc, 0x1, 0x98, 0x3, 0xff, 0x8c, 0xc4,
    0x1, 0xa8, 0x3, 0xff, 0x8d, 0x0, 0x19, 0x8,
    0x3, 0xff, 0x8b, 0x22, 0x1, 0xbc, 0x3, 0xff,
    0x8a, 0xec, 0x1, 0x8d, 0x0, 0x3f, 0xf8, 0x53,
    0x9b, 0x0, 0x1d, 0x0, 0x1f, 0xfc, 0x37, 0x32,
    0x0, 0xe4, 0x40, 0x7, 0xff, 0xc, 0x40, 0x3c,
    0x54, 0x1, 0xff, 0xc3, 0x30, 0xf, 0x1e, 0x8,
    0x7, 0xff, 0x10, 0xc0, 0x2, 0x95, 0x82, 0x1,
    0xff, 0xc2
};


/*---------------------
 *  GLYPH DESCRIPTION
 *--------------------*/

static const lv_font_fmt_txt_glyph_dsc_t glyph_dsc[] = {
    {.bitmap_index = 0, .adv_w = 0, .box_w = 0, .box_h = 0, .ofs_x = 0, .ofs_y = 0} /* id = 0 reserved */,
    {.bitmap_index = 0, .adv_w = 403, .box_w = 0, .box_h = 0, .ofs_x = 0, .ofs_y = 0},
    {.bitmap_index = 0, .adv_w = 403, .box_w = 7, .box_h = 30, .ofs_x = 9, .ofs_y = 0},
    {.bitmap_index = 60, .adv_w = 403, .box_w = 14, .box_h = 12, .ofs_x = 5, .ofs_y = 20},
    {.bitmap_index = 108, .adv_w = 403, .box_w = 24, .box_h = 30, .ofs_x = 0, .ofs_y = 0},
    {.bitmap_index = 341, .adv_w = 403, .box_w = 22, .box_h = 40, .ofs_x = 2, .ofs_y = -4},
    {.bitmap_index = 592, .adv_w = 403, .box_w = 25, .box_h = 30, .ofs_x = 0, .ofs_y = 0},
    {.bitmap_index = 852, .adv_w = 403, .box_w = 25, .box_h = 30, .ofs_x = 1, .ofs_y = 0},
    {.bitmap_index = 1109, .adv_w = 403, .box_w = 5, .box_h = 12, .ofs_x = 9, .ofs_y = 20},
    {.bitmap_index = 1131, .adv_w = 403, .box_w = 12, .box_h = 44, .ofs_x = 7, .ofs_y = -10},
    {.bitmap_index = 1303, .adv_w = 403, .box_w = 13, .box_h = 44, .ofs_x = 6, .ofs_y = -10},
    {.bitmap_index = 1480, .adv_w = 403, .box_w = 22, .box_h = 22, .ofs_x = 3, .ofs_y = 8},
    {.bitmap_index = 1655, .adv_w = 403, .box_w = 21, .box_h = 23, .ofs_x = 2, .ofs_y = 3},
    {.bitmap_index = 1702, .adv_w = 403, .box_w = 8, .box_h = 14, .ofs_x = 7, .ofs_y = -9},
    {.bitmap_index = 1740, .adv_w = 403, .box_w = 18, .box_h = 5, .ofs_x = 5, .ofs_y = 11},
    {.bitmap_index = 1751, .adv_w = 403, .box_w = 9, .box_h = 8, .ofs_x = 8, .ofs_y = 0},
    {.bitmap_index = 1781, .adv_w = 403, .box_w = 17, .box_h = 33, .ofs_x = 4, .ofs_y = -3},
    {.bitmap_index = 1942, .adv_w = 403, .box_w = 21, .box_h = 30, .ofs_x = 2, .ofs_y = 0},
    {.bitmap_index = 2154, .adv_w = 403, .box_w = 14, .box_h = 31, .ofs_x = 3, .ofs_y = 0},
    {.bitmap_index = 2214, .adv_w = 403, .box_w = 22, .box_h = 30, .ofs_x = 1, .ofs_y = 0},
    {.bitmap_index = 2413, .adv_w = 403, .box_w = 22, .box_h = 30, .ofs_x = 1, .ofs_y = 0},
    {.bitmap_index = 2621, .adv_w = 403, .box_w = 23, .box_h = 30, .ofs_x = 1, .ofs_y = 0},
    {.bitmap_index = 2763, .adv_w = 403, .box_w = 21, .box_h = 30, .ofs_x = 2, .ofs_y = 0},
    {.bitmap_index = 2959, .adv_w = 403, .box_w = 21, .box_h = 30, .ofs_x = 2, .ofs_y = 0},
    {.bitmap_index = 3171, .adv_w = 403, .box_w = 22, .box_h = 30, .ofs_x = 1, .ofs_y = 0},
    {.bitmap_index = 3338, .adv_w = 403, .box_w = 21, .box_h = 30, .ofs_x = 2, .ofs_y = 0},
    {.bitmap_index = 3562, .adv_w = 403, .box_w = 21, .box_h = 30, .ofs_x = 1, .ofs_y = 0},
    {.bitmap_index = 3771, .adv_w = 403, .box_w = 9, .box_h = 25, .ofs_x = 8, .ofs_y = 0},
    {.bitmap_index = 3836, .adv_w = 403, .box_w = 10, .box_h = 34, .ofs_x = 8, .ofs_y = -9},
    {.bitmap_index = 3924, .adv_w = 403, .box_w = 19, .box_h = 21, .ofs_x = 3, .ofs_y = 3},
    {.bitmap_index = 4040, .adv_w = 403, .box_w = 20, .box_h = 14, .ofs_x = 3, .ofs_y = 6},
    {.bitmap_index = 4070, .adv_w = 403, .box_w = 19, .box_h = 22, .ofs_x = 3, .ofs_y = 2},
    {.bitmap_index = 4198, .adv_w = 403, .box_w = 20, .box_h = 30, .ofs_x = 3, .ofs_y = 0},
    {.bitmap_index = 4379, .adv_w = 403, .box_w = 25, .box_h = 30, .ofs_x = 0, .ofs_y = 0},
    {.bitmap_index = 4692, .adv_w = 403, .box_w = 26, .box_h = 30, .ofs_x = 0, .ofs_y = 0},
    {.bitmap_index = 4917, .adv_w = 403, .box_w = 23, .box_h = 30, .ofs_x = 2, .ofs_y = 0},
    {.bitmap_index = 5091, .adv_w = 403, .box_w = 23, .box_h = 30, .ofs_x = 1, .ofs_y = 0},
    {.bitmap_index = 5288, .adv_w = 403, .box_w = 22, .box_h = 30, .ofs_x = 2, .ofs_y = 0},
    {.bitmap_index = 5447, .adv_w = 403, .box_w = 21, .box_h = 30, .ofs_x = 3, .ofs_y = 0},
    {.bitmap_index = 5506, .adv_w = 403, .box_w = 21, .box_h = 30, .ofs_x = 3, .ofs_y = 0},
    {.bitmap_index = 5558, .adv_w = 403, .box_w = 23, .box_h = 30, .ofs_x = 1, .ofs_y = 0},
    {.bitmap_index = 5750, .adv_w = 403, .box_w = 21, .box_h = 30, .ofs_x = 2, .ofs_y = 0},
    {.bitmap_index = 5797, .adv_w = 403, .box_w = 19, .box_h = 30, .ofs_x = 3, .ofs_y = 0},
    {.bitmap_index = 5848, .adv_w = 403, .box_w = 21, .box_h = 30, .ofs_x = 2, .ofs_y = 0},
    {.bitmap_index = 5947, .adv_w = 403, .box_w = 24, .box_h = 30, .ofs_x = 2, .ofs_y = 0},
    {.bitmap_index = 6141, .adv_w = 403, .box_w = 20, .box_h = 30, .ofs_x = 3, .ofs_y = 0},
    {.bitmap_index = 6178, .adv_w = 403, .box_w = 21, .box_h = 30, .ofs_x = 2, .ofs_y = 0},
    {.bitmap_index = 6322, .adv_w = 403, .box_w = 21, .box_h = 30, .ofs_x = 2, .ofs_y = 0},
    {.bitmap_index = 6458, .adv_w = 403, .box_w = 23, .box_h = 30, .ofs_x = 1, .ofs_y = 0},
    {.bitmap_index = 6661, .adv_w = 403, .box_w = 21, .box_h = 30, .ofs_x = 3, .ofs_y = 0},
    {.bitmap_index = 6784, .adv_w = 403, .box_w = 24, .box_h = 35, .ofs_x = 1, .ofs_y = -5},
    {.bitmap_index = 7023, .adv_w = 403, .box_w = 23, .box_h = 30, .ofs_x = 2, .ofs_y = 0},
    {.bitmap_index = 7201, .adv_w = 403, .box_w = 23, .box_h = 30, .ofs_x = 1, .ofs_y = 0},
    {.bitmap_index = 7432, .adv_w = 403, .box_w = 25, .box_h = 30, .ofs_x = 0, .ofs_y = 0},
    {.bitmap_index = 7479, .adv_w = 403, .box_w = 21, .box_h = 30, .ofs_x = 2, .ofs_y = 0},
    {.bitmap_index = 7577, .adv_w = 403, .box_w = 25, .box_h = 30, .ofs_x = 0, .ofs_y = 0},
    {.bitmap_index = 7807, .adv_w = 403, .box_w = 25, .box_h = 30, .ofs_x = 0, .ofs_y = 0},
    {.bitmap_index = 8092, .adv_w = 403, .box_w = 26, .box_h = 30, .ofs_x = 0, .ofs_y = 0},
    {.bitmap_index = 8340, .adv_w = 403, .box_w = 26, .box_h = 30, .ofs_x = 0, .ofs_y = 0},
    {.bitmap_index = 8517, .adv_w = 403, .box_w = 23, .box_h = 30, .ofs_x = 1, .ofs_y = 0},
    {.bitmap_index = 8678, .adv_w = 403, .box_w = 10, .box_h = 43, .ofs_x = 8, .ofs_y = -7},
    {.bitmap_index = 8714, .adv_w = 403, .box_w = 18, .box_h = 33, .ofs_x = 4, .ofs_y = -3},
    {.bitmap_index = 8896, .adv_w = 403, .box_w = 10, .box_h = 43, .ofs_x = 8, .ofs_y = -7},
    {.bitmap_index = 8932, .adv_w = 403, .box_w = 18, .box_h = 16, .ofs_x = 4, .ofs_y = 14},
    {.bitmap_index = 9039, .adv_w = 403, .box_w = 19, .box_h = 5, .ofs_x = 3, .ofs_y = -5},
    {.bitmap_index = 9050, .adv_w = 403, .box_w = 11, .box_h = 6, .ofs_x = 8, .ofs_y = 25},
    {.bitmap_index = 9077, .adv_w = 403, .box_w = 21, .box_h = 23, .ofs_x = 2, .ofs_y = 0},
    {.bitmap_index = 9240, .adv_w = 403, .box_w = 20, .box_h = 32, .ofs_x = 3, .ofs_y = 0},
    {.bitmap_index = 9392, .adv_w = 403, .box_w = 21, .box_h = 23, .ofs_x = 2, .ofs_y = 0},
    {.bitmap_index = 9550, .adv_w = 403, .box_w = 21, .box_h = 32, .ofs_x = 2, .ofs_y = 0},
    {.bitmap_index = 9708, .adv_w = 403, .box_w = 22, .box_h = 23, .ofs_x = 2, .ofs_y = 0},
    {.bitmap_index = 9873, .adv_w = 403, .box_w = 22, .box_h = 33, .ofs_x = 2, .ofs_y = 0},
    {.bitmap_index = 9977, .adv_w = 403, .box_w = 21, .box_h = 32, .ofs_x = 2, .ofs_y = -9},
    {.bitmap_index = 10195, .adv_w = 403, .box_w = 21, .box_h = 32, .ofs_x = 2, .ofs_y = 0},
    {.bitmap_index = 10283, .adv_w = 403, .box_w = 19, .box_h = 32, .ofs_x = 4, .ofs_y = 0},
    {.bitmap_index = 10372, .adv_w = 403, .box_w = 15, .box_h = 41, .ofs_x = 4, .ofs_y = -9},
    {.bitmap_index = 10476, .adv_w = 403, .box_w = 23, .box_h = 32, .ofs_x = 2, .ofs_y = 0},
    {.bitmap_index = 10630, .adv_w = 403, .box_w = 19, .box_h = 32, .ofs_x = 4, .ofs_y = 0},
    {.bitmap_index = 10679, .adv_w = 403, .box_w = 23, .box_h = 23, .ofs_x = 1, .ofs_y = 0},
    {.bitmap_index = 10756, .adv_w = 403, .box_w = 21, .box_h = 23, .ofs_x = 2, .ofs_y = 0},
    {.bitmap_index = 10832, .adv_w = 403, .box_w = 22, .box_h = 23, .ofs_x = 2, .ofs_y = 0},
    {.bitmap_index = 11005, .adv_w = 403, .box_w = 21, .box_h = 32, .ofs_x = 2, .ofs_y = -9},
    {.bitmap_index = 11167, .adv_w = 403, .box_w = 21, .box_h = 32, .ofs_x = 2, .ofs_y = -9},
    {.bitmap_index = 11327, .adv_w = 403, .box_w = 18, .box_h = 23, .ofs_x = 5, .ofs_y = 0},
    {.bitmap_index = 11397, .adv_w = 403, .box_w = 21, .box_h = 23, .ofs_x = 2, .ofs_y = 0},
    {.bitmap_index = 11573, .adv_w = 403, .box_w = 21, .box_h = 29, .ofs_x = 2, .ofs_y = 0},
    {.bitmap_index = 11675, .adv_w = 403, .box_w = 20, .box_h = 23, .ofs_x = 3, .ofs_y = 0},
    {.bitmap_index = 11753, .adv_w = 403, .box_w = 23, .box_h = 23, .ofs_x = 1, .ofs_y = 0},
    {.bitmap_index = 11927, .adv_w = 403, .box_w = 25, .box_h = 23, .ofs_x = 0, .ofs_y = 0},
    {.bitmap_index = 12159, .adv_w = 403, .box_w = 24, .box_h = 23, .ofs_x = 1, .ofs_y = 0},
    {.bitmap_index = 12343, .adv_w = 403, .box_w = 25, .box_h = 32, .ofs_x = 1, .ofs_y = -9},
    {.bitmap_index = 12582, .adv_w = 403, .box_w = 22, .box_h = 23, .ofs_x = 2, .ofs_y = 0},
    {.bitmap_index = 12703, .adv_w = 403, .box_w = 14, .box_h = 41, .ofs_x = 6, .ofs_y = -8},
    {.bitmap_index = 12859, .adv_w = 403, .box_w = 5, .box_h = 39, .ofs_x = 10, .ofs_y = -9},
    {.bitmap_index = 12871, .adv_w = 403, .box_w = 15, .box_h = 41, .ofs_x = 6, .ofs_y = -8},
    {.bitmap_index = 13037, .adv_w = 403, .box_w = 24, .box_h = 9, .ofs_x = 0, .ofs_y = 8},
    {.bitmap_index = 13121, .adv_w = 403, .box_w = 0, .box_h = 0, .ofs_x = 0, .ofs_y = 0},
    {.bitmap_index = 13121, .adv_w = 403, .box_w = 8, .box_h = 31, .ofs_x = 9, .ofs_y = -8},
    {.bitmap_index = 13183, .adv_w = 403, .box_w = 21, .box_h = 33, .ofs_x = 2, .ofs_y = -5},
    {.bitmap_index = 13369, .adv_w = 403, .box_w = 23, .box_h = 30, .ofs_x = 2, .ofs_y = 0},
    {.bitmap_index = 13527, .adv_w = 403, .box_w = 23, .box_h = 24, .ofs_x = 1, .ofs_y = -1},
    {.bitmap_index = 13731, .adv_w = 403, .box_w = 26, .box_h = 30, .ofs_x = 0, .ofs_y = 0},
    {.bitmap_index = 13914, .adv_w = 403, .box_w = 6, .box_h = 36, .ofs_x = 10, .ofs_y = -6},
    {.bitmap_index = 13940, .adv_w = 403, .box_w = 23, .box_h = 39, .ofs_x = 1, .ofs_y = -9},
    {.bitmap_index = 14252, .adv_w = 403, .box_w = 16, .box_h = 6, .ofs_x = 5, .ofs_y = 26},
    {.bitmap_index = 14293, .adv_w = 403, .box_w = 23, .box_h = 23, .ofs_x = 1, .ofs_y = 0},
    {.bitmap_index = 14522, .adv_w = 403, .box_w = 15, .box_h = 16, .ofs_x = 5, .ofs_y = 14},
    {.bitmap_index = 14623, .adv_w = 403, .box_w = 19, .box_h = 17, .ofs_x = 3, .ofs_y = 2},
    {.bitmap_index = 14765, .adv_w = 403, .box_w = 18, .box_h = 10, .ofs_x = 3, .ofs_y = 7},
    {.bitmap_index = 14789, .adv_w = 403, .box_w = 18, .box_h = 5, .ofs_x = 5, .ofs_y = 11},
    {.bitmap_index = 14800, .adv_w = 403, .box_w = 23, .box_h = 23, .ofs_x = 1, .ofs_y = 0},
    {.bitmap_index = 15020, .adv_w = 403, .box_w = 16, .box_h = 4, .ofs_x = 5, .ofs_y = 27},
    {.bitmap_index = 15032, .adv_w = 403, .box_w = 12, .box_h = 12, .ofs_x = 7, .ofs_y = 19},
    {.bitmap_index = 15098, .adv_w = 403, .box_w = 19, .box_h = 27, .ofs_x = 3, .ofs_y = 0},
    {.bitmap_index = 15154, .adv_w = 403, .box_w = 14, .box_h = 16, .ofs_x = 6, .ofs_y = 14},
    {.bitmap_index = 15238, .adv_w = 403, .box_w = 14, .box_h = 16, .ofs_x = 6, .ofs_y = 14},
    {.bitmap_index = 15332, .adv_w = 403, .box_w = 11, .box_h = 6, .ofs_x = 7, .ofs_y = 25},
    {.bitmap_index = 15360, .adv_w = 403, .box_w = 21, .box_h = 32, .ofs_x = 3, .ofs_y = -9},
    {.bitmap_index = 15442, .adv_w = 403, .box_w = 17, .box_h = 30, .ofs_x = 4, .ofs_y = 0},
    {.bitmap_index = 15536, .adv_w = 403, .box_w = 7, .box_h = 7, .ofs_x = 10, .ofs_y = 12},
    {.bitmap_index = 15558, .adv_w = 403, .box_w = 9, .box_h = 10, .ofs_x = 8, .ofs_y = -10},
    {.bitmap_index = 15597, .adv_w = 403, .box_w = 9, .box_h = 17, .ofs_x = 8, .ofs_y = 14},
    {.bitmap_index = 15627, .adv_w = 403, .box_w = 15, .box_h = 16, .ofs_x = 5, .ofs_y = 14},
    {.bitmap_index = 15724, .adv_w = 403, .box_w = 18, .box_h = 17, .ofs_x = 4, .ofs_y = 3},
    {.bitmap_index = 15863, .adv_w = 403, .box_w = 23, .box_h = 31, .ofs_x = 1, .ofs_y = 0},
    {.bitmap_index = 16061, .adv_w = 403, .box_w = 25, .box_h = 31, .ofs_x = 0, .ofs_y = 0},
    {.bitmap_index = 16285, .adv_w = 403, .box_w = 25, .box_h = 31, .ofs_x = 0, .ofs_y = 0},
    {.bitmap_index = 16548, .adv_w = 403, .box_w = 19, .box_h = 32, .ofs_x = 4, .ofs_y = -9},
    {.bitmap_index = 16727, .adv_w = 403, .box_w = 26, .box_h = 38, .ofs_x = 0, .ofs_y = 0},
    {.bitmap_index = 16995, .adv_w = 403, .box_w = 26, .box_h = 38, .ofs_x = 0, .ofs_y = 0},
    {.bitmap_index = 17264, .adv_w = 403, .box_w = 26, .box_h = 39, .ofs_x = 0, .ofs_y = 0},
    {.bitmap_index = 17548, .adv_w = 403, .box_w = 26, .box_h = 40, .ofs_x = 0, .ofs_y = 0},
    {.bitmap_index = 17839, .adv_w = 403, .box_w = 26, .box_h = 39, .ofs_x = 0, .ofs_y = 0},
    {.bitmap_index = 18125, .adv_w = 403, .box_w = 26, .box_h = 40, .ofs_x = 0, .ofs_y = 0},
    {.bitmap_index = 18413, .adv_w = 403, .box_w = 25, .box_h = 30, .ofs_x = 0, .ofs_y = 0},
    {.bitmap_index = 18589, .adv_w = 403, .box_w = 23, .box_h = 39, .ofs_x = 1, .ofs_y = -9},
    {.bitmap_index = 18841, .adv_w = 403, .box_w = 21, .box_h = 38, .ofs_x = 3, .ofs_y = 0},
    {.bitmap_index = 18945, .adv_w = 403, .box_w = 21, .box_h = 38, .ofs_x = 3, .ofs_y = 0},
    {.bitmap_index = 19049, .adv_w = 403, .box_w = 21, .box_h = 39, .ofs_x = 3, .ofs_y = 0},
    {.bitmap_index = 19163, .adv_w = 403, .box_w = 21, .box_h = 39, .ofs_x = 3, .ofs_y = 0},
    {.bitmap_index = 19281, .adv_w = 403, .box_w = 19, .box_h = 38, .ofs_x = 3, .ofs_y = 0},
    {.bitmap_index = 19376, .adv_w = 403, .box_w = 19, .box_h = 38, .ofs_x = 3, .ofs_y = 0},
    {.bitmap_index = 19467, .adv_w = 403, .box_w = 19, .box_h = 39, .ofs_x = 3, .ofs_y = 0},
    {.bitmap_index = 19571, .adv_w = 403, .box_w = 19, .box_h = 39, .ofs_x = 3, .ofs_y = 0},
    {.bitmap_index = 19678, .adv_w = 403, .box_w = 25, .box_h = 30, .ofs_x = -1, .ofs_y = 0},
    {.bitmap_index = 19863, .adv_w = 403, .box_w = 21, .box_h = 40, .ofs_x = 2, .ofs_y = 0},
    {.bitmap_index = 20056, .adv_w = 403, .box_w = 23, .box_h = 39, .ofs_x = 1, .ofs_y = 0},
    {.bitmap_index = 20301, .adv_w = 403, .box_w = 23, .box_h = 39, .ofs_x = 1, .ofs_y = 0},
    {.bitmap_index = 20550, .adv_w = 403, .box_w = 23, .box_h = 40, .ofs_x = 1, .ofs_y = 0},
    {.bitmap_index = 20811, .adv_w = 403, .box_w = 23, .box_h = 41, .ofs_x = 1, .ofs_y = 0},
    {.bitmap_index = 21079, .adv_w = 403, .box_w = 23, .box_h = 40, .ofs_x = 1, .ofs_y = 0},
    {.bitmap_index = 21342, .adv_w = 403, .box_w = 20, .box_h = 21, .ofs_x = 3, .ofs_y = 4},
    {.bitmap_index = 21496, .adv_w = 403, .box_w = 24, .box_h = 34, .ofs_x = 0, .ofs_y = -2},
    {.bitmap_index = 21775, .adv_w = 403, .box_w = 21, .box_h = 39, .ofs_x = 2, .ofs_y = 0},
    {.bitmap_index = 21917, .adv_w = 403, .box_w = 21, .box_h = 39, .ofs_x = 2, .ofs_y = 0},
    {.bitmap_index = 22062, .adv_w = 403, .box_w = 21, .box_h = 40, .ofs_x = 2, .ofs_y = 0},
    {.bitmap_index = 22223, .adv_w = 403, .box_w = 21, .box_h = 39, .ofs_x = 2, .ofs_y = 0},
    {.bitmap_index = 22379, .adv_w = 403, .box_w = 26, .box_h = 38, .ofs_x = 0, .ofs_y = 0},
    {.bitmap_index = 22603, .adv_w = 403, .box_w = 23, .box_h = 30, .ofs_x = 2, .ofs_y = 0},
    {.bitmap_index = 22735, .adv_w = 403, .box_w = 22, .box_h = 33, .ofs_x = 3, .ofs_y = 0},
    {.bitmap_index = 22953, .adv_w = 403, .box_w = 21, .box_h = 32, .ofs_x = 2, .ofs_y = 0},
    {.bitmap_index = 23160, .adv_w = 403, .box_w = 21, .box_h = 32, .ofs_x = 2, .ofs_y = 0},
    {.bitmap_index = 23367, .adv_w = 403, .box_w = 21, .box_h = 32, .ofs_x = 2, .ofs_y = 0},
    {.bitmap_index = 23585, .adv_w = 403, .box_w = 21, .box_h = 34, .ofs_x = 2, .ofs_y = 0},
    {.bitmap_index = 23817, .adv_w = 403, .box_w = 21, .box_h = 32, .ofs_x = 2, .ofs_y = 0},
    {.bitmap_index = 24036, .adv_w = 403, .box_w = 21, .box_h = 34, .ofs_x = 2, .ofs_y = 0},
    {.bitmap_index = 24256, .adv_w = 403, .box_w = 25, .box_h = 23, .ofs_x = 0, .ofs_y = 0},
    {.bitmap_index = 24444, .adv_w = 403, .box_w = 21, .box_h = 32, .ofs_x = 2, .ofs_y = -9},
    {.bitmap_index = 24656, .adv_w = 403, .box_w = 22, .box_h = 32, .ofs_x = 2, .ofs_y = 0},
    {.bitmap_index = 24864, .adv_w = 403, .box_w = 22, .box_h = 32, .ofs_x = 2, .ofs_y = 0},
    {.bitmap_index = 25072, .adv_w = 403, .box_w = 22, .box_h = 32, .ofs_x = 2, .ofs_y = 0},
    {.bitmap_index = 25292, .adv_w = 403, .box_w = 22, .box_h = 32, .ofs_x = 2, .ofs_y = 0},
    {.bitmap_index = 25515, .adv_w = 403, .box_w = 19, .box_h = 30, .ofs_x = 4, .ofs_y = 0},
    {.bitmap_index = 25600, .adv_w = 403, .box_w = 19, .box_h = 30, .ofs_x = 4, .ofs_y = 0},
    {.bitmap_index = 25684, .adv_w = 403, .box_w = 19, .box_h = 32, .ofs_x = 4, .ofs_y = 0},
    {.bitmap_index = 25781, .adv_w = 403, .box_w = 19, .box_h = 30, .ofs_x = 4, .ofs_y = 0},
    {.bitmap_index = 25878, .adv_w = 403, .box_w = 23, .box_h = 32, .ofs_x = 0, .ofs_y = 0},
    {.bitmap_index = 26122, .adv_w = 403, .box_w = 21, .box_h = 33, .ofs_x = 2, .ofs_y = 0},
    {.bitmap_index = 26264, .adv_w = 403, .box_w = 22, .box_h = 32, .ofs_x = 2, .ofs_y = 0},
    {.bitmap_index = 26479, .adv_w = 403, .box_w = 22, .box_h = 32, .ofs_x = 2, .ofs_y = 0},
    {.bitmap_index = 26698, .adv_w = 403, .box_w = 22, .box_h = 32, .ofs_x = 2, .ofs_y = 0},
    {.bitmap_index = 26927, .adv_w = 403, .box_w = 22, .box_h = 34, .ofs_x = 2, .ofs_y = 0},
    {.bitmap_index = 27172, .adv_w = 403, .box_w = 22, .box_h = 32, .ofs_x = 2, .ofs_y = 0},
    {.bitmap_index = 27404, .adv_w = 403, .box_w = 22, .box_h = 23, .ofs_x = 2, .ofs_y = 3},
    {.bitmap_index = 27499, .adv_w = 403, .box_w = 22, .box_h = 29, .ofs_x = 2, .ofs_y = -3},
    {.bitmap_index = 27727, .adv_w = 403, .box_w = 20, .box_h = 31, .ofs_x = 3, .ofs_y = 0},
    {.bitmap_index = 27849, .adv_w = 403, .box_w = 20, .box_h = 31, .ofs_x = 3, .ofs_y = 0},
    {.bitmap_index = 27973, .adv_w = 403, .box_w = 20, .box_h = 32, .ofs_x = 3, .ofs_y = 0},
    {.bitmap_index = 28106, .adv_w = 403, .box_w = 20, .box_h = 30, .ofs_x = 3, .ofs_y = 0},
    {.bitmap_index = 28240, .adv_w = 403, .box_w = 25, .box_h = 40, .ofs_x = 1, .ofs_y = -9},
    {.bitmap_index = 28525, .adv_w = 403, .box_w = 21, .box_h = 41, .ofs_x = 2, .ofs_y = -9},
    {.bitmap_index = 28696, .adv_w = 403, .box_w = 25, .box_h = 39, .ofs_x = 1, .ofs_y = -9}
};

/*---------------------
 *  CHARACTER MAPPING
 *--------------------*/



/*Collect the unicode lists and glyph_id offsets*/
static const lv_font_fmt_txt_cmap_t cmaps[] =
{
    {
        .range_start = 32, .range_length = 95, .glyph_id_start = 1,
        .unicode_list = NULL, .glyph_id_ofs_list = NULL, .list_length = 0, .type = LV_FONT_FMT_TXT_CMAP_FORMAT0_TINY
    },
    {
        .range_start = 160, .range_length = 96, .glyph_id_start = 96,
        .unicode_list = NULL, .glyph_id_ofs_list = NULL, .list_length = 0, .type = LV_FONT_FMT_TXT_CMAP_FORMAT0_TINY
    }
};



/*--------------------
 *  ALL CUSTOM DATA
 *--------------------*/

#if LVGL_VERSION_MAJOR == 8
/*Store all the custom data of the font*/
static  lv_font_fmt_txt_glyph_cache_t cache;
#endif

#if LVGL_VERSION_MAJOR >= 8
static const lv_font_fmt_txt_dsc_t font_dsc = {
#else
static lv_font_fmt_txt_dsc_t font_dsc = {
#endif
    .glyph_bitmap = glyph_bitmap,
    .glyph_dsc = glyph_dsc,
    .cmaps = cmaps,
    .kern_dsc = NULL,
    .kern_scale = 0,
    .cmap_num = 2,
    .bpp = 4,
    .kern_classes = 0,
    .bitmap_format = 1,
#if LVGL_VERSION_MAJOR == 8
    .cache = &cache
#endif
};



/*-----------------
 *  PUBLIC FONT
 *----------------*/

/*Initialize a public general font descriptor*/
#if LVGL_VERSION_MAJOR >= 8
const lv_font_t roboto_mono_bold_42 = {
#else
lv_font_t roboto_mono_bold_42 = {
#endif
    .get_glyph_dsc = lv_font_get_glyph_dsc_fmt_txt,    /*Function pointer to get glyph's data*/
    .get_glyph_bitmap = lv_font_get_bitmap_fmt_txt,    /*Function pointer to get glyph's bitmap*/
    .line_height = 51,          /*The maximum line height required by the font*/
    .base_line = 10,             /*Baseline measured from the bottom of the line*/
#if !(LVGL_VERSION_MAJOR == 6 && LVGL_VERSION_MINOR == 0)
    .subpx = LV_FONT_SUBPX_NONE,
#endif
#if LV_VERSION_CHECK(7, 4, 0) || LVGL_VERSION_MAJOR >= 8
    .underline_position = -3,
    .underline_thickness = 2,
#endif
    .dsc = &font_dsc,          /*The custom font data. Will be accessed by `get_glyph_bitmap/dsc` */
#if LV_VERSION_CHECK(8, 2, 0) || LVGL_VERSION_MAJOR >= 9
    .fallback = NULL,
#endif
    .user_data = NULL,
};



#endif /*#if ROBOTO_MONO_BOLD_42*/

