/*******************************************************************************
 * Size: 40 px
 * Bpp: 4
 * Opts: --bpp 4 --size 40 --font roboto_mono_medium.ttf --range 32-127,160-255 --format lvgl -o generated_fonts/roboto_mono_medium_40.c
 ******************************************************************************/

#ifdef LV_LVGL_H_INCLUDE_SIMPLE
#include "lvgl.h"
#else
#include "lvgl/lvgl.h"
#endif

#ifndef ROBOTO_MONO_MEDIUM_40
#define ROBOTO_MONO_MEDIUM_40 1
#endif

#if ROBOTO_MONO_MEDIUM_40

/*-----------------
 *    BITMAPS
 *----------------*/

/*Store the image of the glyphs*/
static LV_ATTRIBUTE_LARGE_CONST const uint8_t glyph_bitmap[] = {
    /* U+0020 " " */

    /* U+0021 "!" */
    0x8f, 0xfc, 0x60, 0x1f, 0xfc, 0xf, 0x0, 0xff,
    0xe5, 0x8, 0x7, 0xff, 0x0, 0x40, 0x3f, 0xfa,
    0x6, 0x1, 0xe3, 0x0, 0xff, 0xe5, 0xa6, 0x66,
    0x11, 0x19, 0xe0, 0xf, 0xfe, 0x10, 0xaa, 0x0,
    0xf, 0xaa, 0xf4, 0x7c, 0x2, 0x29, 0x10, 0xc,
    0x4e, 0x1, 0xb2, 0xd0, 0x5, 0xd8,

    /* U+0022 "\"" */
    0xef, 0xf5, 0x0, 0x4b, 0xff, 0x20, 0x7, 0xff,
    0x2d, 0xc0, 0x23, 0x0, 0xf8, 0x40, 0x21, 0x0,
    0xf8, 0xc0, 0x2f, 0x0, 0xf8, 0x40, 0x21, 0x0,
    0xff, 0x8c, 0x3, 0xc2, 0x1, 0x84, 0x3, 0xc6,
    0x1, 0x9c, 0x3, 0xc2, 0x1f, 0xba, 0x30, 0x9,
    0x77, 0x60,

    /* U+0023 "#" */
    0x0, 0xfe, 0xcf, 0xf3, 0x0, 0x45, 0xff, 0x0,
    0x7f, 0xf0, 0xc, 0x0, 0xa0, 0x13, 0x80, 0x8,
    0x3, 0xfe, 0x20, 0x8, 0xc0, 0x2d, 0x0, 0x38,
    0x7, 0xfc, 0xe0, 0x2, 0x0, 0xc6, 0x0, 0xd0,
    0xf, 0xfb, 0x40, 0xe, 0x1, 0x94, 0x0, 0x60,
    0x1f, 0xf1, 0x80, 0x34, 0x2, 0x11, 0x0, 0x14,
    0x3, 0xfe, 0x50, 0x1, 0x80, 0x4a, 0x0, 0x11,
    0x0, 0x7f, 0x84, 0x40, 0x5, 0x0, 0x8c, 0x0,
    0xa0, 0x1e, 0x9f, 0xfd, 0xc0, 0x17, 0x7f, 0xd0,
    0x0, 0x4f, 0xfb, 0x0, 0x3f, 0xfc, 0x91, 0xbb,
    0x84, 0x1, 0x1b, 0xb5, 0x0, 0x5b, 0xbc, 0x0,
    0x12, 0x2c, 0x20, 0x5, 0x22, 0x8c, 0x0, 0x45,
    0xc2, 0x1, 0xe3, 0x0, 0x88, 0x2, 0xe0, 0x3,
    0x80, 0x7f, 0xcc, 0x0, 0x20, 0xc, 0x60, 0xd,
    0x0, 0xff, 0xb4, 0x0, 0xe0, 0x19, 0x40, 0x4,
    0x1, 0xff, 0x18, 0x0, 0x80, 0x30, 0x80, 0x1c,
    0x3, 0xc2, 0x3c, 0xa0, 0xe, 0x11, 0x90, 0x3,
    0x8, 0xc0, 0x17, 0x77, 0x8, 0x2, 0x7b, 0xab,
    0x0, 0xb7, 0xba, 0x40, 0xf, 0xff, 0x27, 0xfe,
    0x60, 0x2, 0xff, 0xe0, 0xa, 0xff, 0xf2, 0x0,
    0x79, 0x40, 0x1a, 0x1, 0x10, 0x4, 0xa0, 0x1f,
    0xf1, 0x80, 0xc, 0x2, 0x70, 0x0, 0x88, 0x3,
    0xfc, 0x40, 0x12, 0x80, 0x5a, 0x0, 0x50, 0xf,
    0xf9, 0xc0, 0x2, 0x20, 0x8, 0xc0, 0x6, 0x1,
    0xff, 0x68, 0x1, 0x40, 0x32, 0x80, 0x34, 0x3,
    0xfe, 0x30, 0x1, 0x80, 0x42, 0x20, 0x3, 0x80,
    0x7f, 0xca, 0x0, 0xd0, 0x9, 0x40, 0x22, 0x0,
    0xf8,

    /* U+0024 "$" */
    0x0, 0xfe, 0x9f, 0xf3, 0x80, 0x7f, 0xff, 0x92,
    0x10, 0x1, 0x6c, 0x20, 0x1f, 0xe6, 0xeb, 0x72,
    0x0, 0x1c, 0xf5, 0x8, 0x7, 0xd7, 0x22, 0x1,
    0xf9, 0x7c, 0xc0, 0x3a, 0x90, 0x3, 0xfe, 0x1d,
    0x10, 0x9, 0x14, 0x3, 0x25, 0x65, 0xb0, 0x6,
    0x18, 0x0, 0xb8, 0x3, 0x45, 0xa9, 0xa4, 0xd8,
    0x6, 0x61, 0x0, 0x28, 0x4, 0x4e, 0x1, 0xc8,
    0xe0, 0x19, 0xc0, 0x40, 0x32, 0x0, 0x7d, 0x40,
    0x1b, 0xc0, 0x3c, 0x20, 0x1f, 0x10, 0x6, 0x20,
    0x10, 0xc, 0x60, 0x1f, 0x99, 0x56, 0xc0, 0x0,
    0x80, 0x48, 0x60, 0x1f, 0x4d, 0x54, 0xe0, 0x6,
    0x0, 0xda, 0x80, 0x1f, 0xfc, 0x19, 0x0, 0xc3,
    0x76, 0x30, 0xf, 0xf8, 0x68, 0x3, 0x93, 0x35,
    0xc4, 0x3, 0xf9, 0x68, 0x3, 0xc5, 0x1d, 0x22,
    0x1, 0xf9, 0x75, 0x0, 0x3e, 0x6e, 0x60, 0xf,
    0xc5, 0x78, 0xa0, 0x1f, 0x4c, 0x80, 0x3f, 0x8e,
    0xba, 0x4c, 0x3, 0x99, 0xc0, 0x3f, 0xc2, 0xd9,
    0x64, 0x1, 0xa0, 0x40, 0x3f, 0xf8, 0x9, 0xa6,
    0x1, 0x98, 0x4, 0x70, 0x7, 0xf7, 0x0, 0x6c,
    0x3e, 0xec, 0xe0, 0x1f, 0x88, 0x80, 0x13, 0x8,
    0x6, 0xe0, 0xf, 0xfe, 0x11, 0x0, 0x67, 0x0,
    0xfe, 0x20, 0x8, 0x41, 0x0, 0x21, 0x70, 0xf,
    0x9c, 0x3, 0x28, 0x78, 0x6, 0x88, 0x8, 0x6,
    0x78, 0x0, 0xd4, 0x8, 0x80, 0xc, 0xfd, 0xb7,
    0x9f, 0x0, 0x19, 0xc, 0x1, 0x44, 0x1, 0xc4,
    0x86, 0x1, 0xc5, 0x40, 0x10, 0xe2, 0x80, 0x7f,
    0xc9, 0x82, 0x1, 0x86, 0xb1, 0x88, 0x3, 0x85,
    0x72, 0xc4, 0x3, 0xe3, 0x9d, 0xe0, 0xb, 0x7a,
    0x8c, 0x3, 0xff, 0x80, 0x20, 0x11, 0x80, 0x7f,
    0xf8, 0xc0,

    /* U+0025 "%" */
    0x0, 0x9b, 0x3f, 0xdd, 0x24, 0x1, 0xff, 0xc4,
    0xc9, 0x30, 0x0, 0xb6, 0x98, 0x7, 0xff, 0xa,
    0xc, 0x2, 0x10, 0xb, 0x40, 0x3f, 0xf8, 0x4e,
    0x0, 0x5f, 0xea, 0x0, 0xa, 0x80, 0x62, 0x0,
    0xf8, 0x80, 0x28, 0x0, 0x29, 0x80, 0x34, 0x3,
    0x67, 0x38, 0x7, 0x8, 0x4, 0x40, 0x13, 0x0,
    0x4, 0x2, 0x81, 0x17, 0x80, 0x7f, 0xf1, 0xc5,
    0xc0, 0x64, 0x3, 0x84, 0x2, 0x20, 0x9, 0x80,
    0x2, 0x0, 0x80, 0x4, 0x88, 0x7, 0x10, 0x80,
    0x24, 0x41, 0x8c, 0x1, 0xa0, 0x6c, 0x4, 0xe0,
    0x1f, 0x48, 0x1, 0x3b, 0xe4, 0x0, 0x4a, 0x10,
    0x0, 0x80, 0xf, 0xce, 0xa0, 0x1e, 0x1f, 0x4,
    0x40, 0x1a, 0x80, 0x7f, 0x55, 0xa9, 0x9, 0xc7,
    0x10, 0x48, 0x3, 0xc0, 0x3f, 0xe4, 0xad, 0xec,
    0x70, 0x3, 0x10, 0x21, 0x80, 0x7f, 0xf1, 0xe0,
    0x1, 0x20, 0x1f, 0xfc, 0x78, 0x10, 0x62, 0x0,
    0xff, 0xe3, 0xb, 0x80, 0x20, 0x3, 0xff, 0x8f,
    0x60, 0x8, 0x10, 0x7c, 0xed, 0xa4, 0x0, 0xff,
    0x8d, 0x40, 0x5c, 0x76, 0xc, 0x49, 0x6e, 0x0,
    0x3f, 0xde, 0x0, 0x80, 0xd2, 0x0, 0xf3, 0xa8,
    0x7, 0xe5, 0x30, 0x26, 0x43, 0x0, 0x47, 0xe9,
    0x80, 0x20, 0x3, 0xf4, 0x0, 0x24, 0x30, 0x0,
    0x4e, 0x5, 0x0, 0x2, 0x10, 0xf, 0x31, 0x2,
    0x20, 0x8, 0x0, 0xe0, 0x12, 0x80, 0x44, 0x1,
    0xc3, 0x0, 0x9, 0x0, 0xe3, 0x0, 0xff, 0xe0,
    0x90, 0x1, 0x88, 0x3, 0xff, 0x8e, 0x7d, 0x30,
    0x1, 0x10, 0x1, 0x40, 0x23, 0x0, 0x88, 0x3,
    0xe6, 0x10, 0xb, 0x0, 0x6, 0xc0, 0x8, 0x0,
    0x8, 0x80, 0x3f, 0xf8, 0x8, 0x40, 0x9, 0xef,
    0x50, 0x4, 0x80, 0x7f, 0xf0, 0xbc, 0x40, 0x2,
    0x1, 0x2b, 0x80, 0x7f, 0xf0, 0x8b, 0xdc, 0x80,
    0x7, 0x54, 0x0, 0x0,

    /* U+0026 "&" */
    0x0, 0xf0, 0xbe, 0x77, 0xfa, 0xd8, 0x3, 0xff,
    0x84, 0x9f, 0x6, 0x20, 0x4, 0x9c, 0x10, 0xf,
    0xf9, 0x2c, 0x40, 0x3e, 0x3d, 0x0, 0xff, 0xa8,
    0x3, 0x84, 0x3, 0x1a, 0x80, 0x7f, 0x28, 0x80,
    0x49, 0xdd, 0x10, 0x5, 0xc0, 0x1f, 0xd8, 0x1,
    0xa8, 0x40, 0x78, 0x2, 0x50, 0xf, 0xe3, 0x0,
    0x90, 0x40, 0x22, 0x0, 0x84, 0x3, 0xff, 0x8c,
    0x60, 0x11, 0x0, 0x7f, 0x10, 0x4, 0xa0, 0x1a,
    0xc0, 0x25, 0x0, 0xfe, 0xc0, 0x8, 0x50, 0x1,
    0xc, 0x0, 0x19, 0x0, 0xfe, 0x41, 0x0, 0xa4,
    0xb1, 0xc0, 0x2a, 0x10, 0xf, 0xf4, 0x80, 0x45,
    0xa6, 0x1, 0x5a, 0x0, 0x7f, 0xce, 0x40, 0x1e,
    0x2d, 0x40, 0xf, 0xfe, 0xc, 0x0, 0x72, 0x69,
    0x0, 0x7f, 0xf0, 0x56, 0x80, 0x39, 0xc0, 0x3f,
    0xf8, 0x4f, 0x40, 0x1e, 0x39, 0x0, 0xed, 0xdc,
    0x1, 0x34, 0x0, 0x42, 0x40, 0x13, 0x28, 0x4,
    0x24, 0x58, 0x0, 0x52, 0x1, 0xf, 0xf8, 0x3,
    0x51, 0x80, 0x8, 0x2, 0x10, 0x4, 0x0, 0x6d,
    0x12, 0xa0, 0xd, 0xc2, 0x8, 0x1, 0x28, 0x1,
    0x40, 0x24, 0x30, 0x2, 0xb8, 0x4, 0x54, 0x14,
    0x1, 0x60, 0x18, 0x6, 0xc0, 0xd, 0x6, 0x1,
    0x25, 0x90, 0x4, 0xa0, 0xe0, 0x18, 0x40, 0x3b,
    0x44, 0x2, 0x40, 0x9, 0x8, 0x1c, 0x3, 0x78,
    0x7, 0xe, 0x80, 0x7d, 0x20, 0x3, 0x0, 0xcc,
    0x40, 0x1c, 0x6e, 0x1, 0xd0, 0x40, 0x12, 0x80,
    0x6f, 0x40, 0x8, 0xa5, 0xc0, 0x3b, 0x80, 0x34,
    0x0, 0x62, 0xbf, 0xdf, 0xd6, 0x0, 0xf3, 0x28,
    0x4, 0x54, 0x1, 0xe2, 0x0, 0xff, 0x58, 0x80,
    0x4b, 0x62, 0x1, 0xfc, 0x78, 0xa0, 0x10, 0xd0,
    0x6, 0x4e, 0xa5, 0x20, 0x0, 0x9b, 0xe6, 0xe,
    0xc4, 0x2, 0x47,

    /* U+0027 "'" */
    0xcf, 0xf8, 0x3, 0xfe, 0x10, 0x8, 0xc0, 0x21,
    0x0, 0x9c, 0x2, 0x10, 0x8, 0xc0, 0x21, 0xfb,
    0xb5, 0x0,

    /* U+0028 "(" */
    0x0, 0xff, 0x18, 0x7, 0xf1, 0xef, 0x0, 0x7e,
    0x4c, 0x22, 0x80, 0x3c, 0x76, 0x0, 0x10, 0xf,
    0xe, 0x80, 0x58, 0x40, 0x1d, 0x42, 0x0, 0xb2,
    0x0, 0xe5, 0x40, 0x3, 0x20, 0x7, 0xac, 0x2,
    0x80, 0xf, 0x38, 0x80, 0x1c, 0x40, 0x3d, 0x20,
    0x14, 0x80, 0x79, 0x44, 0x0, 0x82, 0x1, 0xef,
    0x0, 0xb8, 0x3, 0xe5, 0x0, 0x90, 0x3, 0xc6,
    0x1, 0x10, 0x80, 0x79, 0x0, 0x27, 0x0, 0xfb,
    0x40, 0x2d, 0x0, 0xf9, 0xc0, 0x22, 0x0, 0xf8,
    0x80, 0x26, 0x0, 0xff, 0x84, 0x3, 0xc2, 0x1,
    0x8c, 0x3, 0xc6, 0x1, 0xff, 0xd7, 0x30, 0xf,
    0xf8, 0x40, 0x31, 0x80, 0x7c, 0x20, 0x13, 0x0,
    0x7c, 0x40, 0x11, 0x0, 0x7c, 0xa0, 0x17, 0x0,
    0x7d, 0xe0, 0x11, 0x80, 0x7c, 0x80, 0x12, 0x80,
    0x7c, 0x42, 0x0, 0x12, 0x0, 0xf9, 0xc0, 0x25,
    0x0, 0xfa, 0x80, 0x2b, 0x0, 0xf8, 0xcc, 0x0,
    0x33, 0x0, 0x7d, 0x20, 0x14, 0x80, 0x7c, 0xa6,
    0x0, 0x52, 0x0, 0xfb, 0xc0, 0x29, 0x0, 0xf8,
    0xdc, 0x0, 0x8e, 0x1, 0xf4, 0x18, 0x2, 0x14,
    0x3, 0xed, 0x20, 0x5, 0x18, 0x7, 0x87, 0x8,
    0x0, 0x40, 0x1f, 0xe, 0xaa, 0x8, 0x7, 0xf5,
    0x58, 0x0,

    /* U+0029 ")" */
    0x4, 0x0, 0xfe, 0x3b, 0xa0, 0xf, 0xd6, 0xb,
    0x82, 0x1, 0xee, 0x0, 0x1e, 0x0, 0x79, 0xa4,
    0x0, 0x56, 0x1, 0xe6, 0x50, 0x2, 0x30, 0x7,
    0xac, 0x40, 0x12, 0x20, 0x1c, 0x30, 0x1, 0x58,
    0x7, 0x98, 0x40, 0xa, 0x60, 0x1e, 0x90, 0xa,
    0x40, 0x3c, 0xc0, 0x12, 0x88, 0x7, 0x9, 0x80,
    0x4e, 0x1, 0xeb, 0x0, 0xb4, 0x3, 0xc8, 0x1,
    0x20, 0x7, 0x8c, 0x3, 0x18, 0x7, 0x88, 0x2,
    0x50, 0xf, 0x30, 0x5, 0xe0, 0x1e, 0x20, 0x8,
    0x80, 0x3c, 0x20, 0x13, 0x0, 0x7b, 0xc0, 0x23,
    0x0, 0xff, 0x8, 0x7, 0xff, 0x24, 0x40, 0x3f,
    0xf8, 0xbe, 0x1, 0x18, 0x7, 0x88, 0x2, 0x60,
    0xf, 0x8, 0x4, 0x60, 0x1e, 0x50, 0xb, 0x80,
    0x3c, 0x20, 0x12, 0x0, 0x72, 0x0, 0x42, 0x40,
    0x1d, 0x80, 0x13, 0x80, 0x79, 0x0, 0x2d, 0x0,
    0xe2, 0x30, 0x0, 0xa0, 0x7, 0x50, 0x5, 0x20,
    0x1e, 0x60, 0x9, 0x80, 0x39, 0xc4, 0x1, 0x2,
    0x1, 0x8a, 0x0, 0x4, 0xe0, 0x1d, 0xc0, 0x17,
    0x0, 0x75, 0x18, 0x2, 0xc, 0x3, 0x4a, 0x80,
    0x19, 0xc0, 0x3b, 0x80, 0xd, 0x20, 0x1e, 0x61,
    0x99, 0x0, 0x7c, 0x3c, 0xc0, 0x1f, 0x80,

    /* U+002A "*" */
    0x0, 0xf8, 0x7f, 0xec, 0x0, 0xff, 0xe1, 0x88,
    0x4, 0xe0, 0x1f, 0xfc, 0x71, 0x0, 0xff, 0xe2,
    0x8, 0x0, 0x80, 0x3f, 0xf8, 0x84, 0x0, 0xf0,
    0xf, 0xe7, 0x20, 0xe, 0x70, 0x0, 0x80, 0x71,
    0x10, 0x6, 0x36, 0x8c, 0x2, 0x10, 0x1, 0x0,
    0x49, 0x7b, 0x0, 0xe0, 0x5, 0xcc, 0x28, 0x18,
    0x1, 0xc1, 0xb6, 0xd0, 0x10, 0x34, 0x3, 0x1d,
    0x72, 0x80, 0x2b, 0xa4, 0x80, 0x21, 0x3f, 0x72,
    0x0, 0xc2, 0x60, 0x6, 0x10, 0xc, 0x2a, 0x9,
    0x1b, 0xd4, 0xc4, 0x1, 0xe1, 0x59, 0xde, 0xa3,
    0x0, 0x85, 0x67, 0x50, 0x3, 0x5f, 0x53, 0x10,
    0x7, 0xf4, 0x20, 0x6, 0x90, 0xf, 0xfe, 0x2,
    0xb8, 0x2, 0xc4, 0xa, 0x80, 0x3f, 0xc7, 0x40,
    0x5, 0x48, 0x0, 0x2b, 0x80, 0x7e, 0x1d, 0x0,
    0xac, 0x18, 0x80, 0x10, 0x80, 0x1f, 0x68, 0x80,
    0x1c, 0x40, 0x12, 0x1, 0x50, 0x80, 0x73, 0x98,
    0x0, 0x60, 0x2, 0x44, 0x0, 0x7, 0x40, 0x39,
    0xe0, 0x1, 0x60, 0x1d, 0x20, 0x2, 0xe0, 0xf,
    0x3e, 0x2a, 0x80, 0x38, 0x99, 0x9a, 0x40, 0x1f,
    0x1d, 0x0, 0x7d, 0x32, 0x0, 0xe0,

    /* U+002B "+" */
    0x0, 0xf8, 0x48, 0xb0, 0x7, 0xff, 0xd, 0xf7,
    0x70, 0x80, 0x7f, 0xff, 0xc0, 0x3f, 0xff, 0x9d,
    0xff, 0xe9, 0x0, 0xdd, 0xff, 0xe9, 0x0, 0xff,
    0xf8, 0x4c, 0x47, 0x90, 0x3, 0x3c, 0x47, 0xb5,
    0xdf, 0xed, 0x0, 0xd2, 0xef, 0xe4, 0x0, 0xff,
    0xff, 0x80, 0x7f, 0xfd, 0x40,

    /* U+002C "," */
    0x0, 0x27, 0xfe, 0x50, 0xf, 0xfe, 0x98, 0x80,
    0x4, 0x3, 0x38, 0x0, 0x80, 0x31, 0x80, 0x34,
    0x2, 0x50, 0x9, 0x40, 0x29, 0x0, 0x30, 0x4,
    0x86, 0x0, 0xb0, 0xa, 0x40, 0x2c, 0x60, 0xb2,
    0x0, 0x86, 0x7d, 0x0, 0x20,

    /* U+002D "-" */
    0xd, 0xdf, 0xfe, 0x1c, 0x81, 0x17, 0xff, 0x10,
    0x3, 0xff, 0xac,

    /* U+002E "." */
    0x0, 0x1c, 0x4b, 0x0, 0x4b, 0x8e, 0xd3, 0x80,
    0xb, 0x0, 0xc6, 0xc4, 0x20, 0x1d, 0xe6, 0x1,
    0xe1, 0x12, 0x80, 0x75, 0x5, 0x30, 0x81, 0xe1,
    0x0,

    /* U+002F "/" */
    0x0, 0xff, 0x9f, 0xfe, 0xd0, 0xf, 0xfa, 0x80,
    0x2a, 0x0, 0xff, 0x11, 0x0, 0x26, 0x0, 0xff,
    0x50, 0x4, 0x62, 0x1, 0xfe, 0x60, 0xa, 0x80,
    0x3f, 0xc6, 0x20, 0x13, 0x80, 0x7f, 0xa8, 0x2,
    0x41, 0x0, 0xff, 0x38, 0x5, 0xc0, 0x1f, 0xe4,
    0x10, 0x9, 0x40, 0x3f, 0xdc, 0x1, 0x28, 0x7,
    0xfc, 0xa0, 0x17, 0x0, 0x7f, 0x94, 0x2, 0x14,
    0x0, 0xff, 0x70, 0x4, 0xe0, 0x1f, 0xe1, 0x40,
    0xa, 0x80, 0x3f, 0xce, 0x1, 0x11, 0x80, 0x7f,
    0xa8, 0x2, 0x50, 0xf, 0xf1, 0x18, 0x5, 0x40,
    0x1f, 0xe5, 0x0, 0x8c, 0x80, 0x3f, 0xd4, 0x1,
    0x58, 0x7, 0xf8, 0xc8, 0x2, 0x60, 0xf, 0xf5,
    0x80, 0x48, 0x20, 0x1f, 0xe6, 0x0, 0xb4, 0x3,
    0xfc, 0x82, 0x1, 0x30, 0x7, 0xfb, 0x40, 0x25,
    0x0, 0xff, 0x98, 0x2, 0xf0, 0xf, 0xf2, 0x80,
    0x65, 0x0, 0xff, 0x78, 0x4, 0xc0, 0x1f, 0xe1,
    0x50, 0xb, 0x40, 0x3f, 0xce, 0x1, 0xa, 0x0,
    0x7f, 0xb4, 0x2, 0x60, 0xf, 0xf0, 0xa0, 0x5,
    0x60, 0x1f, 0xe3, 0x77, 0xa0, 0xc0, 0x3f, 0xc0,

    /* U+0030 "0" */
    0x0, 0xf3, 0x5f, 0x7f, 0xba, 0xd8, 0x3, 0xfc,
    0xbd, 0x28, 0x20, 0x1, 0x49, 0xe5, 0x0, 0xf9,
    0xa8, 0x40, 0x3f, 0xd, 0x38, 0x7, 0x1c, 0x80,
    0x70, 0x88, 0x3, 0xa1, 0x0, 0x37, 0x80, 0x66,
    0xee, 0xce, 0x1, 0xa4, 0x2, 0x43, 0x0, 0x9a,
    0x44, 0x0, 0x30, 0xc0, 0x11, 0x20, 0x3, 0x40,
    0x34, 0x0, 0x7a, 0x0, 0x37, 0x0, 0x10, 0x2,
    0x31, 0x0, 0xf0, 0xa0, 0x4, 0x80, 0x2, 0x0,
    0x94, 0x3, 0xf1, 0x0, 0x42, 0x22, 0x0, 0xc2,
    0x1, 0xf8, 0xc0, 0x31, 0x0, 0x77, 0x80, 0x78,
    0x71, 0x40, 0x38, 0x40, 0x3f, 0xc9, 0xe6, 0x1,
    0xce, 0x1, 0xfe, 0x8b, 0x10, 0xf, 0xfe, 0x19,
    0x63, 0x80, 0xd, 0xc0, 0x3f, 0xf8, 0xb, 0xa6,
    0x0, 0x7c, 0xf0, 0xf, 0xf7, 0xcd, 0x0, 0x6,
    0xe0, 0x3, 0xff, 0x80, 0xec, 0x0, 0x4f, 0x40,
    0xf, 0xfe, 0x24, 0x58, 0x80, 0x7f, 0x8, 0x7,
    0x16, 0x38, 0x7, 0xf9, 0xc0, 0x38, 0xf4, 0xc0,
    0x3f, 0xf8, 0x4, 0x1, 0x94, 0x3, 0xf7, 0x80,
    0x62, 0x2, 0x0, 0x90, 0x3, 0xf1, 0x80, 0x42,
    0x20, 0x40, 0x8, 0x88, 0x1, 0xe1, 0x40, 0x9,
    0x0, 0x1a, 0x1, 0xa4, 0x3, 0xd0, 0x1, 0xbc,
    0x0, 0x86, 0x1, 0x25, 0x8, 0x0, 0x65, 0x80,
    0x22, 0x50, 0xb, 0xc0, 0x32, 0xf7, 0x66, 0x0,
    0xd2, 0x1, 0x8e, 0x80, 0x38, 0x44, 0x1, 0xd0,
    0x80, 0x1c, 0xb6, 0x20, 0x1f, 0x86, 0x9c, 0x3,
    0xe4, 0xe9, 0x41, 0x0, 0xa, 0x4f, 0x28, 0x6,

    /* U+0031 "1" */
    0x0, 0xff, 0xe5, 0xad, 0xd0, 0x7, 0xc7, 0x3f,
    0x48, 0x1, 0xc2, 0xfb, 0x8c, 0x1, 0xe5, 0xbe,
    0x82, 0x0, 0xf1, 0xf5, 0x20, 0x7, 0xf3, 0x8,
    0x7, 0xff, 0x10, 0xe7, 0x80, 0x3e, 0x17, 0xdc,
    0x61, 0x0, 0xe7, 0xbe, 0x82, 0x0, 0xfc, 0x48,
    0x1, 0xff, 0xff, 0x0, 0xff, 0xff, 0x80, 0x7f,
    0xff, 0xc0, 0x3f, 0xfa, 0xa0,

    /* U+0032 "2" */
    0x0, 0xf3, 0x57, 0x7f, 0xbb, 0x20, 0x80, 0x3f,
    0xcd, 0xd2, 0xa2, 0x0, 0x13, 0x7d, 0xa1, 0x0,
    0xfa, 0xa4, 0x40, 0x3f, 0x97, 0x4, 0x3, 0xa5,
    0x40, 0x3f, 0xf8, 0x5, 0x40, 0x19, 0x18, 0x3,
    0x3e, 0xff, 0xb5, 0x40, 0x32, 0x20, 0x2, 0x80,
    0xd, 0x70, 0x40, 0x2, 0xa7, 0x0, 0xdc, 0x0,
    0x23, 0x0, 0x95, 0x0, 0x3d, 0x2, 0x1, 0x38,
    0x1, 0xc0, 0x37, 0x80, 0x7e, 0x50, 0x8, 0x80,
    0x4, 0x1, 0x98, 0x3, 0xf0, 0x80, 0x79, 0xb7,
    0x71, 0x80, 0x7e, 0x10, 0x8, 0x40, 0x2, 0x45,
    0x80, 0x3f, 0xa, 0x0, 0x48, 0x1, 0xff, 0xc3,
    0x90, 0xd, 0xc0, 0x1f, 0xfc, 0x22, 0x70, 0x8,
    0x90, 0x3, 0xff, 0x85, 0xe0, 0x1b, 0x80, 0x3f,
    0xf8, 0x56, 0x40, 0x13, 0x98, 0x7, 0xff, 0x6,
    0x50, 0x2, 0x48, 0x0, 0xff, 0xe0, 0xc3, 0x0,
    0x45, 0x40, 0x1f, 0xfc, 0x17, 0x70, 0x4, 0x38,
    0x20, 0x1f, 0xfc, 0x5, 0x80, 0x8, 0x70, 0x40,
    0x3f, 0xf8, 0x9, 0x40, 0x1b, 0x48, 0x3, 0xff,
    0x80, 0x76, 0x1, 0xac, 0xc0, 0x3f, 0xf8, 0x5,
    0xa0, 0x1a, 0xd0, 0x3, 0xff, 0x80, 0x58, 0x20,
    0x15, 0x20, 0x7, 0xff, 0x0, 0x7c, 0x40, 0x29,
    0x50, 0xf, 0xfe, 0xe, 0x90, 0x5, 0xc, 0x1,
    0xff, 0xc1, 0xb3, 0x0, 0xd5, 0xbb, 0xff, 0xc0,
    0x10, 0x40, 0xe, 0x22, 0xff, 0xe0, 0x98, 0x7,
    0xff, 0x78,

    /* U+0033 "3" */
    0x0, 0xf3, 0x56, 0xff, 0xdb, 0x28, 0x1, 0xfc,
    0xdd, 0x2a, 0x40, 0x11, 0x35, 0xe9, 0x80, 0x7a,
    0x64, 0x20, 0x1f, 0xc5, 0x8a, 0x1, 0xa1, 0x80,
    0x38, 0x44, 0x1, 0xea, 0x20, 0x1, 0x38, 0x6,
    0x5d, 0xee, 0x7d, 0x90, 0x6, 0x80, 0x5, 0x0,
    0x67, 0xa2, 0x0, 0x93, 0x4, 0x2, 0x50, 0x1,
    0x80, 0x68, 0x0, 0xf0, 0xb0, 0x6, 0x30, 0x35,
    0x59, 0xc0, 0x3f, 0x68, 0x6, 0x60, 0x8a, 0xaa,
    0x0, 0x3f, 0x18, 0x6, 0x10, 0xf, 0xfe, 0x16,
    0x0, 0x65, 0x0, 0xff, 0xe0, 0xa2, 0x80, 0x4a,
    0x20, 0x1f, 0xf1, 0xc5, 0x80, 0x43, 0x60, 0x1f,
    0xbf, 0xf6, 0x38, 0x4, 0x3a, 0x20, 0x1f, 0xfc,
    0x45, 0xf3, 0x0, 0xff, 0xe2, 0xac, 0x0, 0x7f,
    0x8c, 0xf0, 0x80, 0x66, 0xc1, 0x0, 0xfd, 0x99,
    0xbb, 0xc, 0x2, 0x3b, 0x0, 0xff, 0xe0, 0x9e,
    0x18, 0x4, 0xa6, 0x1, 0xff, 0xc2, 0xf0, 0xd,
    0x60, 0x1f, 0xfc, 0x23, 0x0, 0xc6, 0x4, 0x58,
    0x40, 0x3f, 0x84, 0x2, 0x71, 0xdd, 0xd0, 0x1,
    0xfc, 0x20, 0x13, 0x88, 0x6, 0x40, 0xf, 0xc6,
    0x1, 0x8c, 0x10, 0x2, 0x27, 0x0, 0xfb, 0xc0,
    0x36, 0x7, 0x80, 0x68, 0xa2, 0x0, 0x93, 0xc,
    0x2, 0x24, 0x4, 0x50, 0xc, 0xbb, 0xdb, 0xf6,
    0x60, 0x1b, 0x80, 0x2a, 0x40, 0xe, 0x12, 0x0,
    0xf5, 0x18, 0x6, 0xb8, 0x0, 0xff, 0x1e, 0x28,
    0x7, 0x9f, 0xa5, 0x48, 0x0, 0x26, 0xd9, 0x83,
    0x0, 0x80,

    /* U+0034 "4" */
    0x0, 0xff, 0xe0, 0x5f, 0xfe, 0x60, 0xf, 0xfe,
    0x12, 0xa0, 0x7, 0xff, 0x1e, 0xc0, 0x3f, 0xf8,
    0xf2, 0x20, 0x1f, 0xfc, 0x63, 0x60, 0xf, 0xfe,
    0x3f, 0x80, 0x7f, 0xf1, 0xd8, 0xc0, 0x2, 0x1,
    0xff, 0xc3, 0x19, 0x0, 0xa4, 0x3, 0xff, 0x87,
    0x60, 0x13, 0x18, 0x7, 0xff, 0x9, 0x14, 0x0,
    0x32, 0x1, 0xff, 0xc3, 0x90, 0xa, 0xc0, 0x3f,
    0xf8, 0x70, 0x40, 0x4, 0x50, 0xf, 0xfe, 0x11,
    0x38, 0x5, 0x20, 0x1f, 0xfc, 0x39, 0x0, 0xa0,
    0x80, 0x3f, 0xf8, 0x4a, 0x80, 0x2, 0x70, 0xf,
    0xfe, 0x10, 0xd8, 0x5, 0xc0, 0x1f, 0xfc, 0x38,
    0x10, 0x3, 0x18, 0x7, 0xff, 0x8, 0xd8, 0x0,
    0x30, 0x1, 0xff, 0xc3, 0xf0, 0xa, 0x4, 0x3,
    0xff, 0x84, 0xc6, 0x1, 0x4f, 0xff, 0xac, 0x3,
    0x4f, 0xfd, 0x80, 0x1f, 0xfd, 0xd2, 0x11, 0xff,
    0xe0, 0x0, 0x61, 0x18, 0xa3, 0xbb, 0xfe, 0xa0,
    0xd, 0x1d, 0xcd, 0x0, 0xff, 0xff, 0x80, 0x7f,
    0xf4, 0x80,

    /* U+0035 "5" */
    0x0, 0xb3, 0xff, 0xff, 0x85, 0x0, 0x18, 0x80,
    0x3f, 0xf8, 0xe2, 0x1, 0xff, 0xc6, 0x20, 0xf,
    0xfe, 0x38, 0x80, 0x6b, 0xcc, 0xff, 0x50, 0x4,
    0xc0, 0x19, 0xc, 0xff, 0xc4, 0x1, 0x10, 0x4,
    0x40, 0x1f, 0xfc, 0x3e, 0x0, 0x84, 0x3, 0xff,
    0x86, 0x60, 0x13, 0x0, 0x7f, 0xf0, 0xd8, 0x2,
    0x23, 0x8b, 0xdd, 0x5b, 0x90, 0x7, 0xc4, 0x1,
    0x36, 0x3a, 0x11, 0x12, 0x36, 0x40, 0x3c, 0x20,
    0x10, 0x80, 0x7e, 0x6c, 0x10, 0x8, 0x40, 0x3f,
    0xf8, 0x47, 0x60, 0x11, 0x0, 0x62, 0x9e, 0xfe,
    0xb3, 0x0, 0xca, 0x80, 0x3, 0xea, 0x75, 0xd6,
    0x10, 0x14, 0xc4, 0x0, 0xde, 0x1, 0xa, 0xc5,
    0x0, 0x7d, 0x42, 0x1, 0x20, 0x7, 0xff, 0x8,
    0x5c, 0x3, 0x18, 0x7, 0xff, 0xb, 0x0, 0x33,
    0x0, 0x7f, 0xf0, 0x98, 0x3, 0x18, 0x7, 0xff,
    0x1c, 0x41, 0x9b, 0x10, 0x7, 0xe6, 0x0, 0xc2,
    0x13, 0x3a, 0xc0, 0x3f, 0x68, 0x6, 0x50, 0x20,
    0x9, 0xc0, 0x3f, 0x28, 0x6, 0x30, 0x50, 0x8,
    0x60, 0x3, 0xcc, 0x40, 0x12, 0x0, 0x24, 0x3,
    0x3c, 0x90, 0x4, 0xf2, 0x1, 0xa0, 0x0, 0x32,
    0x1, 0x9b, 0x7b, 0x9f, 0x0, 0x19, 0x4c, 0x2,
    0x68, 0x0, 0xe1, 0x10, 0x7, 0x1d, 0x0, 0x73,
    0xd0, 0x80, 0x7f, 0x3e, 0x0, 0x7c, 0xbd, 0x4a,
    0x40, 0x1, 0x37, 0xd8, 0x0, 0xc0,

    /* U+0036 "6" */
    0x0, 0xfe, 0x49, 0xce, 0xff, 0x0, 0x7f, 0xf0,
    0x1f, 0xad, 0x8c, 0x40, 0x3f, 0xf8, 0x7, 0xb0,
    0x20, 0x1f, 0xfc, 0x34, 0xc2, 0x0, 0xff, 0xe2,
    0x1d, 0x80, 0x72, 0x4e, 0x77, 0x0, 0x3e, 0x1d,
    0x0, 0xc9, 0xb6, 0xc6, 0x22, 0x0, 0xfa, 0x4,
    0x2, 0x7b, 0x20, 0xf, 0xf8, 0x58, 0x2, 0x58,
    0x0, 0xff, 0xe0, 0xb0, 0x6, 0xb0, 0xf, 0xfe,
    0x15, 0x80, 0x4a, 0x20, 0xd7, 0xba, 0xc8, 0x20,
    0xf, 0x18, 0x5, 0xeb, 0xd2, 0x84, 0x43, 0x7d,
    0x80, 0xc, 0x60, 0x1b, 0xe8, 0x40, 0x3e, 0x7a,
    0x0, 0x94, 0x3, 0x28, 0x7, 0xf9, 0x58, 0x1,
    0xc0, 0x1e, 0x5c, 0xff, 0x51, 0x0, 0x68, 0x0,
    0x8, 0x7, 0x55, 0xc, 0x0, 0xb8, 0x40, 0x10,
    0xb0, 0x18, 0x6, 0x75, 0x0, 0xe1, 0x90, 0xd,
    0xa0, 0x1e, 0x90, 0xf, 0x90, 0x80, 0x25, 0x0,
    0xf0, 0x80, 0x7e, 0x40, 0x8, 0x44, 0x1, 0xff,
    0xc2, 0xe0, 0xc, 0x66, 0x0, 0xc2, 0x1, 0xff,
    0xc1, 0x3f, 0x0, 0xca, 0x1, 0xfb, 0x80, 0x30,
    0xa8, 0x6, 0xc0, 0xf, 0xca, 0x1, 0x8, 0x18,
    0x80, 0x4c, 0x1, 0xf1, 0x18, 0x4, 0x80, 0x9,
    0x0, 0x86, 0x80, 0x3d, 0xc0, 0x1b, 0x80, 0xe,
    0x20, 0x12, 0xd1, 0x0, 0xf, 0xc, 0x2, 0x34,
    0x0, 0xa8, 0x3, 0x2e, 0xf7, 0x30, 0xc0, 0x37,
    0x80, 0x64, 0x90, 0xe, 0x11, 0x0, 0x75, 0x18,
    0x7, 0x35, 0x90, 0x7, 0xe2, 0xc5, 0x0, 0xf9,
    0x36, 0x90, 0x40, 0x2, 0xb5, 0xa6, 0x1, 0x80,

    /* U+0037 "7" */
    0x4f, 0xff, 0xfe, 0x3b, 0x0, 0x7f, 0xf7, 0x4c,
    0x3, 0xff, 0x90, 0x88, 0xff, 0xff, 0xe1, 0x18,
    0x4, 0xc2, 0x1, 0xff, 0xc2, 0x33, 0x0, 0x56,
    0x1, 0xff, 0xc3, 0x90, 0x9, 0x8, 0x3, 0xff,
    0x84, 0x4a, 0x1, 0x78, 0x7, 0xff, 0xe, 0xc0,
    0x22, 0x40, 0xf, 0xfe, 0x10, 0xb0, 0x5, 0x60,
    0x1f, 0xfc, 0x39, 0x0, 0xcc, 0x1, 0xff, 0xc3,
    0x60, 0x9, 0x80, 0x3f, 0xf8, 0x6c, 0x20, 0x15,
    0x80, 0x7f, 0xf0, 0xec, 0x2, 0x42, 0x0, 0xff,
    0xe1, 0x29, 0x0, 0x5e, 0x1, 0xff, 0xc3, 0x90,
    0x8, 0x90, 0x3, 0xff, 0x84, 0x66, 0x0, 0xac,
    0x3, 0xff, 0x87, 0x0, 0x10, 0xb0, 0x7, 0xff,
    0x8, 0x90, 0x2, 0x60, 0xf, 0xfe, 0x1d, 0x80,
    0x69, 0x0, 0xff, 0xe1, 0xb, 0x0, 0x4a, 0x20,
    0x1f, 0xfc, 0x29, 0x0, 0xd2, 0x1, 0xff, 0xc3,
    0x60, 0x8, 0xcc, 0x1, 0xff, 0xc2, 0x61, 0x0,
    0xa8, 0x3, 0xff, 0x87, 0x60, 0x10, 0xb0, 0x7,
    0xff, 0x9, 0x48, 0x2, 0x60, 0xf, 0xfe, 0x1c,
    0x80, 0x69, 0x0, 0xff, 0xe1, 0x19, 0x80, 0x25,
    0x10, 0xf, 0xfe, 0x14, 0x0, 0x69, 0x0, 0xff,
    0x80,

    /* U+0038 "8" */
    0x0, 0xe1, 0x7b, 0xef, 0xf7, 0x5b, 0x88, 0x7,
    0xf4, 0x74, 0x20, 0x80, 0x5, 0x23, 0xa0, 0x3,
    0xeb, 0x70, 0xf, 0xf3, 0xd8, 0x7, 0x42, 0x0,
    0x70, 0x88, 0x3, 0x92, 0x0, 0x21, 0x70, 0xc,
    0xbd, 0xd6, 0xa8, 0x6, 0x71, 0x0, 0x38, 0x6,
    0x5a, 0x10, 0x1, 0x52, 0x80, 0x67, 0x0, 0x78,
    0x6, 0x90, 0xf, 0x40, 0x6, 0xc0, 0x1, 0x80,
    0x63, 0x0, 0xf1, 0x0, 0x61, 0x0, 0x18, 0x7,
    0xff, 0x10, 0x40, 0x1e, 0x1, 0x90, 0x3, 0xc6,
    0x1, 0xb4, 0x0, 0xe0, 0x1a, 0x0, 0x3d, 0x0,
    0x19, 0x40, 0x3, 0x0, 0x11, 0xe2, 0x0, 0xf,
    0x10, 0x2, 0x72, 0x0, 0x9d, 0x80, 0x23, 0xbf,
    0xf6, 0x18, 0x4, 0xb0, 0x1, 0xd3, 0x20, 0xf,
    0xf4, 0xd0, 0x7, 0x87, 0x0, 0x3f, 0xd8, 0x20,
    0x1c, 0x5e, 0xa0, 0x18, 0x44, 0x1, 0x97, 0xc8,
    0x2, 0x1c, 0x10, 0x9, 0xfb, 0xb3, 0x80, 0x43,
    0x82, 0x0, 0x91, 0x0, 0xaa, 0x4, 0x0, 0x31,
    0x40, 0x10, 0xc0, 0x1, 0x80, 0x23, 0x50, 0xf,
    0x2a, 0x0, 0x4c, 0x4, 0x20, 0x15, 0x80, 0x7e,
    0xd0, 0xc, 0x6c, 0x1, 0x84, 0x3, 0xf1, 0x80,
    0x66, 0x0, 0xe1, 0x0, 0xfc, 0x60, 0x18, 0x58,
    0x3, 0x60, 0x7, 0xed, 0x0, 0xce, 0x42, 0x1,
    0x22, 0x0, 0x3c, 0x88, 0x0, 0x84, 0xc1, 0x80,
    0x35, 0xb8, 0x80, 0x5, 0xec, 0x3, 0x30, 0x2,
    0x8, 0x3, 0x47, 0x76, 0x80, 0xc, 0x50, 0x1,
    0x78, 0x80, 0x70, 0x88, 0x3, 0x87, 0xc0, 0x31,
    0x7a, 0x80, 0x7f, 0x97, 0xc8, 0x3, 0x86, 0xb5,
    0xcc, 0x40, 0x2, 0x6f, 0xb4, 0x20, 0x10,

    /* U+0039 "9" */
    0x0, 0xe2, 0x8c, 0xff, 0xb2, 0x8, 0x3, 0xfa,
    0xb5, 0xcc, 0x2, 0x37, 0xd8, 0x0, 0xf0, 0xea,
    0x80, 0x7f, 0x3d, 0x80, 0x76, 0x90, 0x7, 0x8,
    0x7, 0x24, 0x80, 0x4c, 0x60, 0x1a, 0x7f, 0xbe,
    0x40, 0x33, 0x18, 0x2, 0xc0, 0x36, 0x30, 0x4,
    0xd6, 0x1, 0xa0, 0xc, 0x80, 0x26, 0x30, 0xe,
    0x46, 0x0, 0x90, 0x50, 0x3, 0x50, 0x7, 0xd4,
    0x1, 0x93, 0x80, 0x31, 0x80, 0x7c, 0x60, 0x1b,
    0xc, 0x3, 0xff, 0x82, 0x40, 0x11, 0x0, 0x7f,
    0xf0, 0x84, 0x2, 0x62, 0x0, 0xc4, 0x1, 0xff,
    0xc1, 0xd0, 0xd, 0x40, 0x1f, 0x9, 0x80, 0x64,
    0x0, 0xce, 0x40, 0x1e, 0xa0, 0xe, 0x15, 0x0,
    0xd8, 0x80, 0x11, 0xe2, 0x0, 0x7a, 0x0, 0x30,
    0xdf, 0x67, 0x61, 0x80, 0x70, 0x81, 0x50, 0x7,
    0x9, 0x88, 0x7, 0xcc, 0x0, 0x5a, 0x10, 0xf,
    0x86, 0xc0, 0x31, 0x0, 0x4b, 0xf0, 0x60, 0x11,
    0xc7, 0x30, 0x6, 0xd0, 0xc, 0x2f, 0x9f, 0xf6,
    0x38, 0x20, 0x6, 0x40, 0xf, 0xfe, 0xd, 0x0,
    0x44, 0x20, 0x1f, 0xfc, 0x5, 0x30, 0xa, 0x80,
    0x3f, 0xf8, 0x5, 0x60, 0x10, 0xb8, 0x7, 0xfc,
    0xda, 0x20, 0x14, 0x0, 0x7c, 0x24, 0x91, 0xb2,
    0x1, 0x91, 0x80, 0x3d, 0x1d, 0xb6, 0xe4, 0x1,
    0x8e, 0xc0, 0x3f, 0xf8, 0x8d, 0x80, 0x1f, 0xfc,
    0x34, 0xc9, 0x0, 0xff, 0xe0, 0x12, 0xc6, 0xd9,
    0x80, 0x78,

    /* U+003A ":" */
    0x0, 0x34, 0xc1, 0x80, 0x59, 0x2c, 0xf8, 0xc0,
    0xa6, 0x1, 0xa4, 0x34, 0x3, 0xc5, 0xe0, 0x1e,
    0x35, 0x0, 0xe5, 0x12, 0xc3, 0x1, 0x6a, 0x0,
    0x1e, 0x7f, 0x48, 0x7, 0xff, 0xfc, 0x1a, 0x60,
    0xc0, 0x2c, 0x96, 0x7c, 0x60, 0x53, 0x0, 0xd2,
    0x1a, 0x1, 0xe2, 0xf0, 0xf, 0x1a, 0x80, 0x72,
    0x89, 0x61, 0x80, 0xb5, 0x0,

    /* U+003B ";" */
    0x0, 0x8e, 0x25, 0x40, 0x33, 0x63, 0xb5, 0x58,
    0x5, 0x20, 0x19, 0x14, 0xc, 0x3, 0xda, 0x4,
    0x1, 0xef, 0x1, 0x40, 0xe, 0x60, 0x5, 0x28,
    0x81, 0xe0, 0x80, 0x6, 0xbb, 0xf0, 0xc0, 0x3f,
    0xff, 0xe0, 0x1f, 0xfc, 0xf5, 0xff, 0xc8, 0x1,
    0xff, 0xdb, 0x30, 0xc, 0xc0, 0x10, 0x80, 0x42,
    0x40, 0x16, 0x0, 0x48, 0x1, 0x90, 0x2, 0x90,
    0x9, 0x80, 0x25, 0x30, 0xa, 0xc0, 0x3, 0x60,
    0x1b, 0x18, 0x34, 0x40, 0x30, 0xcf, 0x98, 0x6,

    /* U+003C "<" */
    0x0, 0xff, 0xe1, 0xa5, 0x90, 0x7, 0xff, 0x5,
    0xb6, 0xd0, 0x3, 0xfe, 0x18, 0xe9, 0x20, 0xf,
    0xf8, 0xeb, 0x9c, 0x40, 0x3f, 0xe5, 0xcc, 0x28,
    0x7, 0xc6, 0x1, 0x9f, 0x68, 0xc0, 0x3c, 0x73,
    0xc2, 0x5, 0x3f, 0x4, 0x1, 0xc2, 0xfb, 0x8c,
    0x21, 0x3a, 0xc0, 0x1e, 0x5b, 0xe8, 0x20, 0xc,
    0x80, 0x1c, 0x95, 0xf4, 0x80, 0x1f, 0xfc, 0x8,
    0xb5, 0x0, 0xff, 0xe1, 0xc7, 0xc9, 0x80, 0x7f,
    0x59, 0x0, 0x73, 0x66, 0xc1, 0x0, 0x79, 0xb6,
    0xd0, 0x3, 0x89, 0xf7, 0x18, 0x40, 0x39, 0x2f,
    0x58, 0x3, 0xc7, 0x3d, 0x4a, 0x1, 0xc5, 0x3d,
    0x2, 0x1, 0xe5, 0xa2, 0x0, 0xf0, 0xbf, 0x51,
    0x80, 0x7f, 0xf1, 0x17, 0x30, 0xa0, 0x1f, 0xfc,
    0x43, 0xae, 0x71, 0x0, 0xff, 0xe1, 0x8c, 0x74,
    0x98,

    /* U+003D "=" */
    0xcf, 0xff, 0xfe, 0x2a, 0x0, 0x7f, 0xfb, 0x1f,
    0x3f, 0xff, 0xf8, 0xa6, 0x1, 0xff, 0xed, 0xcf,
    0xff, 0xfe, 0x29, 0x80, 0x7f, 0xf1, 0x9c, 0x3,
    0xff, 0xb4,

    /* U+003E ">" */
    0x97, 0x10, 0xf, 0xfe, 0x19, 0x47, 0x49, 0x80,
    0x7f, 0xf1, 0x1b, 0x30, 0xa0, 0x1f, 0xfc, 0x43,
    0xae, 0x81, 0x0, 0xfc, 0x40, 0x1e, 0x17, 0xea,
    0x30, 0xf, 0x4e, 0xb9, 0x0, 0x79, 0x73, 0xc,
    0x1, 0xc5, 0x1b, 0x8c, 0x20, 0x1c, 0x73, 0xd0,
    0x40, 0x1c, 0x73, 0xd6, 0xa0, 0x1c, 0x2f, 0xb0,
    0x1, 0xf2, 0x57, 0xd2, 0x0, 0x71, 0x80, 0x7f,
    0x96, 0x9c, 0x3, 0xff, 0x84, 0xd7, 0xce, 0x1,
    0xff, 0x25, 0x7c, 0xa0, 0x7, 0x1f, 0x80, 0x47,
    0x3d, 0x6a, 0x1, 0xe5, 0xcc, 0x21, 0x3e, 0xe3,
    0x8, 0x7, 0xc, 0x75, 0x18, 0x2, 0x60, 0x80,
    0x3c, 0x75, 0xce, 0x20, 0x1f, 0xf3, 0x66, 0x14,
    0x3, 0xfe, 0x18, 0xe9, 0x30, 0xf, 0xf9, 0x2b,
    0x9c, 0x40, 0x3f, 0xed, 0xd5, 0xa8, 0x7, 0xff,
    0x8,

    /* U+003F "?" */
    0x0, 0xc2, 0xd7, 0xdf, 0xf6, 0xd2, 0x80, 0x7e,
    0x7e, 0x94, 0x10, 0x8, 0x96, 0xb9, 0x0, 0x3a,
    0xa0, 0x3, 0xfc, 0x36, 0xa0, 0x13, 0xa8, 0x7,
    0xff, 0x6, 0x88, 0x1, 0x0, 0x18, 0xef, 0xbf,
    0x64, 0x40, 0x35, 0x82, 0x80, 0x64, 0xc4, 0x10,
    0x26, 0xd0, 0xc, 0xe1, 0xa0, 0x1a, 0x0, 0x3c,
    0x66, 0x0, 0x84, 0x35, 0xdf, 0x18, 0x7, 0xca,
    0x1, 0x85, 0x62, 0x30, 0x7, 0xe3, 0x0, 0xc2,
    0x1, 0xff, 0xc0, 0x15, 0x0, 0x88, 0x3, 0xff,
    0x83, 0x0, 0x1a, 0xc0, 0x3f, 0xf8, 0xa, 0xc0,
    0x11, 0x30, 0x7, 0xfc, 0x94, 0x1, 0xb8, 0x3,
    0xfe, 0x4b, 0x0, 0xd2, 0x60, 0x1f, 0xe5, 0xb0,
    0xd, 0x2c, 0x1, 0xfe, 0x3a, 0x0, 0xd4, 0xc0,
    0x1f, 0xf4, 0x0, 0x6b, 0x50, 0xf, 0xfe, 0x2,
    0x0, 0x4a, 0x80, 0x1f, 0xfc, 0x1, 0x0, 0xde,
    0x1, 0xff, 0xc1, 0x30, 0xc, 0xc0, 0x1f, 0xfc,
    0x12, 0xaa, 0xc4, 0x1, 0xff, 0xc2, 0x55, 0xc2,
    0x1, 0xff, 0xd5, 0x15, 0x50, 0x80, 0x7f, 0xf0,
    0x8f, 0xaa, 0x9e, 0x40, 0x1f, 0xfc, 0x19, 0x0,
    0x86, 0x0, 0x3f, 0xf8, 0x2c, 0x1, 0x98, 0x3,
    0xff, 0x82, 0x80, 0x19, 0x0, 0x3f, 0xf8, 0x30,
    0xa0, 0x6, 0x80, 0xf, 0x80,

    /* U+0040 "@" */
    0x0, 0xfe, 0x6b, 0xef, 0xf7, 0x52, 0x80, 0x7f,
    0xf0, 0x57, 0xa5, 0x4, 0x0, 0x2b, 0x5a, 0x80,
    0x1f, 0xe9, 0xa1, 0x0, 0x88, 0x40, 0x22, 0xb6,
    0x0, 0xfd, 0x4c, 0x0, 0x5c, 0xfd, 0xef, 0xb4,
    0x0, 0x4a, 0x0, 0x79, 0xd4, 0x6, 0xe8, 0xc0,
    0x32, 0x5c, 0x0, 0x28, 0x3, 0x8e, 0x0, 0x1a,
    0x80, 0x1f, 0x9d, 0xc0, 0x2e, 0x1, 0xbc, 0x1,
    0x26, 0x0, 0x2a, 0xef, 0xe9, 0x10, 0x81, 0xa,
    0x0, 0x8c, 0xc0, 0x6c, 0x0, 0x5d, 0x51, 0x1,
    0x6f, 0x20, 0x60, 0x22, 0x0, 0x24, 0x1, 0x0,
    0x3, 0xa0, 0x8, 0x80, 0x2, 0x20, 0xb0, 0x2,
    0x0, 0x14, 0x5, 0x0, 0x1c, 0x0, 0x5f, 0xd6,
    0x0, 0x10, 0x18, 0x3, 0xc1, 0x0, 0xe, 0x0,
    0x52, 0x3, 0xa0, 0x1, 0x80, 0x4, 0x0, 0x20,
    0x61, 0x80, 0xc, 0x0, 0x70, 0x2, 0x40, 0x26,
    0x0, 0xe3, 0x1, 0x3, 0x0, 0x38, 0x1, 0x0,
    0xa, 0x1, 0x8, 0x10, 0x7, 0x38, 0x30, 0x0,
    0x80, 0x80, 0x6, 0x1, 0x8c, 0x4, 0x2, 0x30,
    0x70, 0x30, 0xc, 0xe0, 0x6, 0x0, 0xc2, 0xe,
    0x1, 0xc4, 0x2, 0x2, 0x0, 0x20, 0x1, 0x0,
    0x42, 0x0, 0x20, 0x8, 0x43, 0x80, 0x3f, 0xf8,
    0x26, 0x0, 0x10, 0x1, 0x0, 0x8, 0x4, 0x4,
    0x3, 0x88, 0x2, 0x60, 0x7, 0x80, 0x10, 0x0,
    0x80, 0x60, 0x18, 0x80, 0x8, 0x1, 0x68, 0x0,
    0x40, 0x14, 0x6, 0x20, 0xc0, 0x3, 0x4, 0x0,
    0xd, 0x2d, 0x30, 0x3, 0x1, 0xcc, 0x24, 0x0,
    0x60, 0x4, 0x1, 0x40, 0x2, 0xd2, 0x88, 0x81,
    0x7e, 0x1, 0x14, 0x1, 0x80, 0xb, 0x0, 0x48,
    0x80, 0x43, 0xb6, 0x1, 0x8e, 0x80, 0x24, 0x10,
    0x34, 0x2, 0xf8, 0x68, 0xf3, 0x5c, 0x76, 0xac,
    0x10, 0xc, 0xc0, 0x9, 0x0, 0xb, 0xcb, 0x88,
    0x0, 0xe2, 0x54, 0x3, 0xd2, 0x20, 0x58, 0x20,
    0x1f, 0xfc, 0x51, 0xa0, 0x1, 0xfb, 0x90, 0x6,
    0x49, 0x80, 0xf, 0xe4, 0xa0, 0x0, 0xc6, 0xfe,
    0xf7, 0xdb, 0x28, 0x7, 0xf9, 0x70, 0xc0, 0x31,
    0x8, 0x7, 0xff, 0xc, 0xf2, 0xd8, 0xc4, 0x0,
    0x4b, 0x5a, 0x1, 0xe0,

    /* U+0041 "A" */
    0x0, 0xff, 0x77, 0xfd, 0x0, 0x1f, 0xfc, 0x63,
    0x10, 0x9, 0x40, 0x3f, 0xf8, 0xd4, 0x1, 0x88,
    0x80, 0x1f, 0xfc, 0x57, 0x0, 0xe5, 0x0, 0xff,
    0xe2, 0x18, 0x80, 0x75, 0x80, 0x7f, 0xf1, 0x2c,
    0x3, 0xc6, 0x20, 0x1f, 0xfc, 0x35, 0x0, 0xf9,
    0xc0, 0x3f, 0xf8, 0x44, 0x40, 0x9, 0xc0, 0x2d,
    0x0, 0xff, 0xe1, 0x28, 0x4, 0x74, 0x1, 0x20,
    0x80, 0x7f, 0xf0, 0x6c, 0x2, 0xb2, 0x10, 0x9,
    0x0, 0x3f, 0xf8, 0x2, 0x60, 0x12, 0x3, 0x80,
    0x5c, 0x1, 0xff, 0xc0, 0x70, 0x8, 0x4c, 0x34,
    0x2, 0x40, 0xf, 0xfe, 0x5, 0x0, 0x4e, 0x0,
    0x40, 0xc, 0xa0, 0x1f, 0xe1, 0x30, 0xb, 0x40,
    0x24, 0x0, 0xbc, 0x3, 0xfc, 0xe0, 0x19, 0x0,
    0x2c, 0x0, 0x90, 0x3, 0xfd, 0xa0, 0x12, 0x0,
    0x65, 0x0, 0x85, 0x0, 0x3f, 0x90, 0x2, 0xd0,
    0xc, 0x44, 0x0, 0xb4, 0x3, 0xf2, 0x80, 0x64,
    0x0, 0xe4, 0x0, 0x9c, 0x3, 0xf7, 0x80, 0x6d,
    0xff, 0xe6, 0x0, 0x84, 0xc0, 0x3e, 0x50, 0xf,
    0xfe, 0x1d, 0x80, 0x79, 0x0, 0x3f, 0xf8, 0x8a,
    0x1, 0xed, 0x0, 0xff, 0xe2, 0x11, 0x0, 0x39,
    0xc0, 0x24, 0xee, 0xfd, 0x80, 0x19, 0x40, 0x32,
    0x8, 0x5, 0xa2, 0x3f, 0x8c, 0x40, 0x2b, 0x0,
    0xda, 0x1, 0x90, 0x3, 0xf9, 0xc0, 0x23, 0x10,
    0x9, 0xc0, 0x22, 0x20, 0x7, 0xf6, 0x0, 0x67,
    0x0, 0x18, 0x80, 0x48, 0x1, 0xfe, 0x40, 0xd,
    0xa0, 0xb, 0x0, 0xda, 0x1, 0xfe, 0x13, 0x0,
    0x90, 0x0, 0xa0, 0x19, 0x0, 0x3f, 0xe4, 0x0,
    0xca,

    /* U+0042 "B" */
    0x2f, 0xff, 0xf7, 0x64, 0xa8, 0x7, 0xff, 0x14,
    0x4d, 0xab, 0x98, 0x3, 0xff, 0x8e, 0x33, 0x40,
    0x1f, 0xfc, 0x85, 0x80, 0xf, 0x9b, 0xff, 0xba,
    0x88, 0x3, 0x39, 0x0, 0x7f, 0xf0, 0x5, 0x75,
    0x0, 0x35, 0x0, 0x7f, 0xf0, 0xe4, 0x3, 0x18,
    0x7, 0xff, 0xc, 0x84, 0x2, 0x60, 0xf, 0xfe,
    0x40, 0x80, 0x7f, 0xf0, 0xc4, 0x40, 0x12, 0x80,
    0x7f, 0xf0, 0xec, 0x3, 0x68, 0x7, 0xff, 0x4,
    0x69, 0x40, 0x24, 0x40, 0x7, 0x92, 0xab, 0x5e,
    0x72, 0x80, 0x47, 0x40, 0x1f, 0x12, 0xae, 0x43,
    0x0, 0xcf, 0x82, 0x1, 0xff, 0xc6, 0x22, 0x0,
    0x7f, 0xf1, 0xd7, 0x58, 0x3, 0xe6, 0xff, 0xf6,
    0xb8, 0x6, 0x94, 0x0, 0xff, 0xe0, 0x94, 0x60,
    0x6, 0x90, 0xf, 0xfe, 0x19, 0xb0, 0x4, 0x46,
    0x1, 0xff, 0xc3, 0xd0, 0xc, 0xa0, 0x1f, 0xfc,
    0x37, 0x0, 0xdc, 0x1, 0xff, 0xc3, 0x70, 0xd,
    0xe0, 0x1f, 0xfc, 0x3d, 0x0, 0xc4, 0x1, 0xff,
    0xc2, 0x56, 0x0, 0xc8, 0x1, 0xff, 0xc0, 0x39,
    0xa0, 0xc, 0xa2, 0x1, 0xcd, 0xff, 0xec, 0x60,
    0xc, 0x36, 0x1, 0xff, 0xc6, 0x1d, 0x10, 0xf,
    0xfe, 0x2a, 0xf9, 0x80, 0x7f, 0xf0, 0x85, 0x23,
    0x68, 0x40, 0x20,

    /* U+0043 "C" */
    0x0, 0xf9, 0x6b, 0xbf, 0xdd, 0x90, 0x60, 0x1f,
    0xf2, 0x6d, 0x28, 0x80, 0x4, 0xdf, 0x2c, 0x40,
    0x3f, 0x3d, 0x90, 0x7, 0xf2, 0x79, 0x80, 0x79,
    0xa0, 0x3, 0xff, 0x80, 0x3a, 0x20, 0x18, 0xa4,
    0x3, 0x2e, 0x7f, 0xba, 0x84, 0x2, 0x1b, 0x0,
    0xd0, 0x1, 0x9e, 0x8c, 0x0, 0x2b, 0xe2, 0x1,
    0x29, 0x0, 0x9, 0x40, 0x23, 0x80, 0xf, 0xd,
    0x80, 0x6a, 0x0, 0x28, 0x6, 0x90, 0xf, 0xca,
    0x20, 0x12, 0x0, 0x2c, 0x3, 0x28, 0x7, 0xf2,
    0x80, 0x46, 0x0, 0x30, 0x8, 0xc0, 0x3f, 0xd1,
    0x55, 0x80, 0x40, 0x33, 0x0, 0x7f, 0x8d, 0x57,
    0x1, 0x80, 0x63, 0x0, 0xff, 0xe2, 0x8, 0x6,
    0x10, 0xf, 0xff, 0xf8, 0x7, 0xff, 0x58, 0x40,
    0x3f, 0xf8, 0x84, 0x1, 0x8c, 0x3, 0xff, 0x88,
    0x20, 0x19, 0x80, 0x3f, 0xc2, 0x45, 0x80, 0x6,
    0x1, 0x18, 0x7, 0xfa, 0xf7, 0x70, 0x1, 0x0,
    0x32, 0x0, 0x7f, 0x20, 0x4, 0x40, 0xa, 0x0,
    0xde, 0x1, 0xf9, 0x4, 0x2, 0x40, 0x1, 0x20,
    0x4, 0x8e, 0x1, 0xe1, 0x90, 0xd, 0x60, 0x14,
    0x80, 0x68, 0x92, 0x0, 0xa, 0xf9, 0x0, 0x4a,
    0x40, 0x11, 0x40, 0x6, 0x6d, 0xff, 0x75, 0x8,
    0x4, 0x36, 0x1, 0xce, 0xe0, 0xf, 0xfe, 0x0,
    0xe0, 0x80, 0x7a, 0x28, 0x40, 0x3f, 0x97, 0xc8,
    0x3, 0xf2, 0xf4, 0xa0, 0x80, 0x4, 0xdf, 0x68,
    0x40, 0x30,

    /* U+0044 "D" */
    0x4f, 0xff, 0xdd, 0x6e, 0x40, 0x1f, 0xfc, 0x51,
    0x48, 0xdb, 0x20, 0xf, 0xfe, 0x3a, 0x6b, 0x80,
    0x7f, 0xf2, 0x22, 0x40, 0x3f, 0xa3, 0xfe, 0xd9,
    0x20, 0xc, 0xce, 0x1, 0xff, 0xc0, 0x26, 0xd7,
    0x0, 0xd0, 0x60, 0x1f, 0xfc, 0x28, 0x70, 0xd,
    0x0, 0x1f, 0xfc, 0x38, 0x20, 0x9, 0x8, 0x3,
    0xff, 0x87, 0x60, 0x1a, 0x80, 0x3f, 0xf8, 0x6e,
    0x1, 0x90, 0x3, 0xff, 0x86, 0x26, 0x1, 0x18,
    0x7, 0xff, 0x11, 0x80, 0x31, 0x0, 0x7f, 0xf0,
    0xcc, 0x3, 0x8, 0x7, 0xff, 0xc, 0x40, 0x3f,
    0xfe, 0x42, 0x1, 0xff, 0xc8, 0x30, 0xc, 0x20,
    0x1f, 0xfc, 0x36, 0x0, 0xc4, 0x1, 0xff, 0xc3,
    0x30, 0x8, 0xc0, 0x3f, 0xf8, 0x6c, 0x1, 0x90,
    0x3, 0xff, 0x87, 0x60, 0x1a, 0x80, 0x3f, 0xf8,
    0x4e, 0x40, 0x12, 0x10, 0x7, 0xff, 0x5, 0xe0,
    0x3, 0x40, 0x7, 0xff, 0x1, 0x72, 0x0, 0x34,
    0x18, 0x7, 0xd1, 0xdd, 0x7d, 0x18, 0x6, 0x67,
    0x0, 0xfe, 0x11, 0x80, 0x3c, 0xf2, 0x1, 0xff,
    0xc5, 0x3c, 0x80, 0xf, 0xfe, 0x10, 0x9b, 0xe6,
    0xc, 0x3, 0xc0,

    /* U+0045 "E" */
    0xdf, 0xff, 0xfe, 0x2c, 0x0, 0x7f, 0xfb, 0x3c,
    0x3, 0xf, 0xff, 0xff, 0x5, 0xc0, 0x3f, 0xff,
    0xe0, 0x1f, 0xff, 0x21, 0xee, 0xff, 0xa0, 0x3,
    0xe1, 0x1f, 0xf8, 0x80, 0x3f, 0xfc, 0x3, 0xff,
    0xff, 0x50, 0x7, 0xff, 0xfc, 0x3, 0xff, 0xfe,
    0x1, 0xf8, 0x7f, 0xff, 0xf8, 0x32, 0x1, 0xff,
    0xed,

    /* U+0046 "F" */
    0xbf, 0xff, 0xfe, 0x2d, 0x80, 0x7f, 0xfc, 0xbf,
    0xff, 0xf8, 0x36, 0x1, 0xff, 0xff, 0x0, 0xff,
    0xff, 0x80, 0x7d, 0xff, 0xff, 0xc0, 0x0, 0xff,
    0xfa, 0x7f, 0xff, 0xf0, 0x0, 0x3f, 0xff, 0xe0,
    0x1f, 0xff, 0xf0, 0xf, 0xff, 0x88,

    /* U+0047 "G" */
    0x0, 0xf9, 0x6b, 0x7f, 0xdd, 0x92, 0x60, 0x1f,
    0xe3, 0xda, 0x52, 0x0, 0x9, 0xb6, 0x60, 0x80,
    0x3e, 0x6c, 0x20, 0xf, 0xe3, 0xd4, 0x0, 0xe4,
    0x90, 0xf, 0xfe, 0xd, 0x90, 0x4, 0x34, 0x1,
    0x8e, 0xff, 0xdd, 0x42, 0x1, 0xb8, 0x2, 0x81,
    0x0, 0x93, 0x10, 0x0, 0x2b, 0xe4, 0x1, 0x19,
    0x80, 0x58, 0x2, 0x1a, 0x0, 0xf0, 0xc8, 0x6,
    0xb0, 0x70, 0xd, 0x22, 0x1, 0xf2, 0x8, 0x4,
    0x81, 0xa0, 0x19, 0x80, 0x3f, 0xa5, 0x57, 0x2,
    0x80, 0x44, 0x20, 0x1f, 0xcf, 0x55, 0x48, 0x88,
    0x2, 0x60, 0xf, 0xfe, 0x19, 0x80, 0x62, 0x0,
    0xff, 0xe1, 0x88, 0x6, 0x10, 0xf, 0xff, 0x1e,
    0xff, 0xff, 0x0, 0x7f, 0xf7, 0x84, 0x3, 0x8,
    0x7, 0x22, 0x70, 0x80, 0x63, 0x0, 0xc4, 0x1,
    0xd3, 0x77, 0x90, 0x3, 0x8, 0x80, 0x26, 0x0,
    0xff, 0xe2, 0x28, 0x4, 0x44, 0x0, 0xff, 0xe1,
    0xe8, 0x6, 0x50, 0xf, 0xe1, 0x0, 0xe7, 0x0,
    0xd2, 0x20, 0x1f, 0xfc, 0x21, 0x60, 0x8, 0x68,
    0x3, 0xf3, 0x80, 0x7a, 0x4, 0x2, 0x4d, 0x50,
    0x8, 0x9b, 0x4c, 0x3, 0xc3, 0x40, 0x18, 0xab,
    0xfe, 0xd9, 0x20, 0xc, 0xe0, 0x12, 0x50, 0x7,
    0xff, 0xa, 0x60, 0x3, 0x2e, 0x98, 0x7, 0xf9,
    0x75, 0x80, 0x3c, 0x59, 0x6c, 0x40, 0x11, 0x2c,
    0xf5, 0x10, 0x0,

    /* U+0048 "H" */
    0x7f, 0xfc, 0x40, 0x1f, 0x93, 0xff, 0x20, 0x7,
    0xff, 0xfc, 0x3, 0xff, 0xfe, 0x1, 0xff, 0xff,
    0xdf, 0xff, 0xd6, 0x1, 0xff, 0xfa, 0xdf, 0xff,
    0xd6, 0x1, 0xff, 0xff, 0x0, 0xff, 0xff, 0x80,
    0x7f, 0xff, 0xc0, 0x3f, 0xf9, 0x0,

    /* U+0049 "I" */
    0x6f, 0xff, 0xfe, 0x23, 0x0, 0x7f, 0xfa, 0x4d,
    0xbf, 0xfa, 0x0, 0x35, 0xff, 0xf2, 0x80, 0x7f,
    0xff, 0xc0, 0x3f, 0xff, 0xe0, 0x1f, 0xff, 0xf0,
    0xf, 0xff, 0xf8, 0x7, 0xff, 0xc1, 0x7f, 0xfa,
    0x0, 0x35, 0xff, 0xf2, 0x98, 0x7, 0xff, 0x10,
    0xc0, 0x3f, 0xfb, 0x0,

    /* U+004A "J" */
    0x0, 0xff, 0xe1, 0x5f, 0xfe, 0x0, 0xff, 0xff,
    0x80, 0x7f, 0xff, 0xc0, 0x3f, 0xff, 0xe0, 0x1f,
    0xff, 0xf0, 0xf, 0xff, 0xf8, 0x7, 0xaf, 0x32,
    0xa0, 0xf, 0xe7, 0x0, 0xe7, 0x33, 0x90, 0x3,
    0xf8, 0x80, 0x21, 0x5, 0x0, 0x85, 0x0, 0x3e,
    0x51, 0x0, 0x90, 0x30, 0x3, 0x40, 0x7, 0x86,
    0xc0, 0x37, 0x2, 0x90, 0x4, 0x78, 0x80, 0x12,
    0xf8, 0x80, 0x46, 0x80, 0x9, 0x0, 0xc7, 0x7f,
    0xf5, 0x8, 0x6, 0xe0, 0x9, 0x24, 0x3, 0xff,
    0x83, 0x64, 0x1, 0x9a, 0xc8, 0x3, 0xf9, 0x35,
    0x0, 0x3c, 0x9b, 0x4a, 0x40, 0x11, 0x36, 0x59,
    0x0, 0x60,

    /* U+004B "K" */
    0x2f, 0xfd, 0x40, 0x1f, 0xd3, 0xff, 0xc4, 0x1,
    0xff, 0xc2, 0x56, 0x0, 0xd2, 0x40, 0x1f, 0xfc,
    0x12, 0xa0, 0xc, 0xcc, 0x0, 0xff, 0xe1, 0x70,
    0x6, 0x29, 0x0, 0xff, 0xe1, 0x41, 0x80, 0x6f,
    0x0, 0xff, 0xe1, 0x23, 0x80, 0x6a, 0x20, 0xf,
    0xfe, 0x8, 0xd0, 0x6, 0x65, 0x0, 0xff, 0xe1,
    0x68, 0x80, 0x47, 0x20, 0x1f, 0xfc, 0x28, 0x30,
    0x8, 0x74, 0x3, 0xff, 0x84, 0x8e, 0x1, 0xa8,
    0x40, 0x3f, 0xf8, 0x23, 0x40, 0x19, 0xd0, 0x3,
    0xff, 0x85, 0xa2, 0x1, 0x1c, 0x0, 0x7f, 0xf0,
    0xa0, 0xc0, 0x36, 0x80, 0x7f, 0xf0, 0x9d, 0xc0,
    0x1c, 0xa0, 0x1f, 0xfc, 0x22, 0x0, 0xf4, 0x80,
    0x7f, 0xf2, 0x4a, 0x0, 0x3f, 0xf8, 0x86, 0x1,
    0x9c, 0x80, 0x3f, 0xf8, 0x49, 0x8a, 0x1, 0xb8,
    0x3, 0xff, 0x82, 0x56, 0x16, 0x1, 0x8d, 0x80,
    0x3f, 0xe1, 0xc0, 0x0, 0xc8, 0x6, 0x91, 0x0,
    0xff, 0x20, 0x80, 0x4c, 0x60, 0x1a, 0xc0, 0x3f,
    0xf8, 0x9e, 0x1, 0x95, 0x0, 0x3f, 0xf8, 0x66,
    0xc0, 0x1a, 0x40, 0x3f, 0xf8, 0x90, 0x20, 0x11,
    0x40, 0x7, 0xff, 0xc, 0x60, 0x3, 0x39, 0x80,
    0x7f, 0xf0, 0xd8, 0xc0, 0x37, 0x80, 0x7f, 0xf1,
    0x38, 0x3, 0x1b, 0x0, 0x7f, 0xf0, 0xc9, 0xc0,
    0x34, 0x88, 0x7, 0xff, 0xe, 0x4, 0x3, 0x50,

    /* U+004C "L" */
    0xaf, 0xfc, 0x1, 0xff, 0xff, 0x0, 0xff, 0xff,
    0x80, 0x7f, 0xff, 0xc0, 0x3f, 0xff, 0xe0, 0x1f,
    0xff, 0xf0, 0xf, 0xff, 0xf8, 0x7, 0xff, 0x37,
    0xff, 0xff, 0x83, 0x20, 0x1f, 0xfe, 0xd0,

    /* U+004D "M" */
    0x5f, 0xfe, 0xa0, 0xf, 0x27, 0xff, 0x58, 0x7,
    0x90, 0x3, 0xda, 0x1, 0xff, 0xc0, 0x13, 0x0,
    0xe7, 0x0, 0xff, 0xe0, 0xa0, 0x6, 0x31, 0x0,
    0xff, 0xe0, 0xd8, 0x6, 0xb0, 0xf, 0xfe, 0x11,
    0x88, 0x4, 0xa0, 0x1f, 0xfc, 0x34, 0x0, 0x11,
    0x0, 0x2, 0x1, 0xf8, 0x80, 0x2c, 0x0, 0x28,
    0x4, 0x80, 0x1f, 0xca, 0x0, 0x70, 0x5, 0x80,
    0xb, 0x40, 0x3f, 0xbc, 0x0, 0x24, 0x26, 0x0,
    0x50, 0xf, 0xf2, 0x0, 0x4a, 0xe0, 0x15, 0xf8,
    0x7, 0xe3, 0x13, 0x0, 0x66, 0x80, 0x4, 0xc0,
    0x3f, 0xeb, 0x0, 0x22, 0x0, 0xe, 0x1, 0xff,
    0xc0, 0x50, 0xf, 0x68, 0x8, 0x7, 0xe1, 0x2,
    0x10, 0xe, 0x40, 0xf, 0xfe, 0xb, 0x80, 0x65,
    0x0, 0xff, 0xe1, 0x68, 0x6, 0xf0, 0x1, 0x80,
    0x7f, 0xc8, 0x1, 0x94, 0x3, 0xff, 0x86, 0x80,
    0x4, 0x0, 0xff, 0xe2, 0x68, 0x3, 0x40, 0x21,
    0x0, 0xff, 0xe0, 0x37, 0x71, 0x80, 0x3f, 0xf8,
    0xa2, 0x20, 0xf, 0xff, 0xf8, 0x7, 0xff, 0xf8,

    /* U+004E "N" */
    0x7f, 0xfd, 0x0, 0x1f, 0x9f, 0xff, 0x20, 0x7,
    0x38, 0x80, 0x7f, 0xf1, 0xd8, 0x3, 0xff, 0x8f,
    0x20, 0x1f, 0xfc, 0x71, 0x60, 0xf, 0xfe, 0x3d,
    0x80, 0x7f, 0xf1, 0xc9, 0x40, 0x3f, 0xf8, 0xf2,
    0x1, 0xff, 0xc7, 0x34, 0x0, 0xff, 0xe1, 0x98,
    0x5, 0xe0, 0x1f, 0xfc, 0x3a, 0x0, 0x90, 0x80,
    0x3f, 0xf8, 0x46, 0xe0, 0x14, 0x0, 0x7f, 0xf0,
    0xe4, 0x2, 0x51, 0x0, 0xff, 0xe1, 0xb, 0x0,
    0x52, 0x1, 0xff, 0xc3, 0xb0, 0x9, 0xc4, 0x3,
    0xff, 0x84, 0x4a, 0x1, 0x30, 0x7, 0xff, 0xe,
    0x40, 0x29, 0x0, 0xff, 0xe1, 0x99, 0x80, 0x2,
    0xde, 0x1, 0xff, 0xc2, 0x80, 0xa, 0xc0, 0x3f,
    0xf8, 0x68, 0x40, 0x2, 0x50, 0xf, 0xfe, 0x1c,
    0x0, 0x44, 0x1, 0xff, 0xc3, 0x51, 0x0, 0xff,
    0xe3, 0xc8, 0x7, 0xff, 0x1d, 0xc4, 0x3, 0xff,
    0x8e, 0xc0, 0x1f, 0xfc, 0x79, 0x0, 0xff, 0xe3,
    0x8b, 0x0, 0x7f, 0xf1, 0xec, 0x3, 0xff, 0x8e,
    0x4a, 0x1, 0xc0,

    /* U+004F "O" */
    0x0, 0xf9, 0xaf, 0xbf, 0xdb, 0x4a, 0x1, 0xff,
    0xc0, 0x6e, 0x94, 0x10, 0x1, 0x2d, 0x6a, 0x0,
    0x7f, 0x44, 0x88, 0x7, 0xe2, 0xb6, 0x0, 0xf9,
    0xdc, 0x1, 0xff, 0xc0, 0x95, 0x0, 0xe2, 0x80,
    0xc, 0x97, 0xdc, 0xa3, 0x0, 0xd4, 0x20, 0x1a,
    0x40, 0x33, 0xda, 0x8, 0x97, 0x14, 0x3, 0x40,
    0x4, 0x48, 0x1, 0x1c, 0x0, 0x7a, 0x84, 0x2,
    0x61, 0x0, 0x28, 0x6, 0x90, 0xf, 0xd0, 0x1,
    0x9c, 0x1, 0x60, 0x19, 0x40, 0x3f, 0x38, 0x6,
    0xd0, 0x1, 0x80, 0x46, 0x1, 0xfc, 0x24, 0x1,
    0x28, 0x8, 0x6, 0x60, 0xf, 0xf3, 0x80, 0x42,
    0x23, 0x0, 0xc4, 0x1, 0xfe, 0x30, 0xc, 0x62,
    0x1, 0xff, 0xc3, 0x10, 0xf, 0xfe, 0x70, 0x80,
    0x7f, 0xfd, 0x44, 0x40, 0x1f, 0xfc, 0x31, 0x0,
    0xe3, 0x0, 0xc4, 0x1, 0xfe, 0x30, 0xc, 0x62,
    0x1, 0x98, 0x3, 0xfc, 0xe0, 0x10, 0x88, 0xc,
    0x2, 0x30, 0xf, 0xe1, 0x20, 0x9, 0x40, 0x16,
    0x1, 0x94, 0x3, 0xf3, 0x80, 0x6d, 0x0, 0x28,
    0x6, 0x90, 0xf, 0xd6, 0x1, 0x9c, 0x0, 0x4a,
    0x1, 0x1c, 0x0, 0x7a, 0x88, 0x2, 0x61, 0x0,
    0xa0, 0x3, 0x3d, 0x98, 0xa, 0x62, 0x80, 0x68,
    0x0, 0xc5, 0x0, 0x19, 0x33, 0xfa, 0xcc, 0x3,
    0x50, 0x80, 0x73, 0xb8, 0x3, 0xff, 0x81, 0x2a,
    0x1, 0xf4, 0x50, 0x80, 0x7e, 0x2b, 0x60, 0xf,
    0xe5, 0xe9, 0x41, 0x0, 0xa, 0xd6, 0xa0, 0x7,
    0x0,

    /* U+0050 "P" */
    0xbf, 0xff, 0xf7, 0x5b, 0x8, 0x7, 0xff, 0x10,
    0x52, 0x7a, 0x0, 0x3f, 0xf8, 0xef, 0x82, 0x1,
    0xf0, 0x8f, 0x0, 0x78, 0xf4, 0x3, 0xee, 0xee,
    0xfd, 0x60, 0xc, 0x6e, 0x1, 0xff, 0xc0, 0x29,
    0x90, 0x6, 0x90, 0xf, 0xfe, 0x13, 0x20, 0x4,
    0x28, 0x1, 0xff, 0xc2, 0xe0, 0xc, 0x60, 0x1f,
    0xfc, 0x27, 0x0, 0xdc, 0x1, 0xff, 0xd6, 0x60,
    0xd, 0xc0, 0x1f, 0xfc, 0x2f, 0x0, 0xc6, 0x1,
    0xff, 0xc1, 0x64, 0x0, 0x85, 0x0, 0x3f, 0xe3,
    0xa9, 0x0, 0xd2, 0x1, 0xef, 0xff, 0x62, 0x80,
    0x64, 0x70, 0xf, 0xfe, 0x2a, 0x58, 0x7, 0xff,
    0x10, 0x66, 0xc0, 0x3f, 0x8, 0xf8, 0xda, 0xb9,
    0x80, 0x3f, 0xbb, 0xbd, 0x92, 0xa0, 0x1f, 0xff,
    0xf0, 0xf, 0xff, 0xf8, 0x7, 0xff, 0xb0,

    /* U+0051 "Q" */
    0x0, 0xf9, 0xaf, 0xbf, 0xdd, 0x6c, 0x1, 0xff,
    0xc1, 0x5e, 0x94, 0x10, 0x0, 0xa4, 0xf2, 0x80,
    0x7f, 0xa2, 0x84, 0x3, 0xf0, 0xd4, 0x0, 0x7e,
    0x77, 0x0, 0x7f, 0xf0, 0x1d, 0xc0, 0x1e, 0x28,
    0x0, 0xc9, 0x7d, 0xcb, 0x40, 0xd, 0x6, 0x1,
    0xd2, 0x1, 0x9e, 0xd0, 0x44, 0x96, 0xe0, 0x1b,
    0xc0, 0x31, 0x20, 0x4, 0x70, 0x1, 0xe8, 0x40,
    0x8, 0xcc, 0x1, 0x28, 0x6, 0x90, 0xf, 0xd0,
    0x1, 0xa8, 0x2, 0xc0, 0xc, 0xa0, 0x1f, 0x8c,
    0x40, 0x27, 0x0, 0x90, 0x2, 0x30, 0xf, 0xf2,
    0x0, 0x42, 0x20, 0x10, 0xc, 0xa0, 0x1f, 0xed,
    0x0, 0xc4, 0x4, 0x1, 0x84, 0x3, 0xfc, 0x20,
    0x19, 0x81, 0xc0, 0x37, 0x80, 0x7f, 0x8c, 0x3,
    0x18, 0x7, 0xff, 0xfc, 0x3, 0xff, 0x8c, 0xe0,
    0x1f, 0xfc, 0x83, 0x1, 0x0, 0xdc, 0x1, 0xfe,
    0x20, 0xc, 0x20, 0x40, 0x18, 0x80, 0x3f, 0xdc,
    0x1, 0x98, 0x0, 0x60, 0x12, 0x0, 0x7f, 0x90,
    0x2, 0x12, 0x0, 0x20, 0x6, 0x40, 0xf, 0xc6,
    0x40, 0x12, 0x0, 0x54, 0x1, 0xa0, 0x3, 0xf4,
    0x0, 0x6e, 0x0, 0x89, 0x0, 0x23, 0x80, 0xf,
    0x3a, 0x0, 0x46, 0x80, 0x1a, 0x40, 0x33, 0xda,
    0x0, 0xa5, 0xc0, 0x6, 0xf0, 0xe, 0x28, 0x0,
    0xc9, 0x7f, 0xd6, 0x80, 0x1a, 0xc, 0x3, 0xce,
    0xe0, 0xf, 0xfe, 0x1, 0x38, 0x7, 0xe8, 0xa1,
    0x0, 0xff, 0x15, 0x0, 0x7f, 0x2f, 0x4a, 0x8,
    0x0, 0x50, 0x3, 0x2e, 0x8, 0x7, 0xf3, 0x5f,
    0x7f, 0xba, 0xec, 0x1, 0x8f, 0x4, 0x3, 0xff,
    0x86, 0x98, 0x1, 0x8b, 0xc4, 0x3, 0xff, 0x86,
    0x78, 0x20, 0x13, 0x8, 0x7, 0xff, 0x10, 0xf0,
    0x82, 0x20, 0x1, 0xff, 0xc6, 0x2c, 0xa7, 0x0,
    0x0,

    /* U+0052 "R" */
    0xf, 0xff, 0xf7, 0x64, 0xa0, 0x7, 0xff, 0x14,
    0x4d, 0xaf, 0x54, 0x3, 0xff, 0x8e, 0x55, 0x20,
    0x1f, 0xc2, 0x3c, 0x1, 0xe6, 0x70, 0xf, 0x97,
    0xbb, 0xd4, 0x40, 0x1a, 0x4, 0x3, 0xff, 0x80,
    0x2b, 0xa6, 0x1, 0xa4, 0x3, 0xff, 0x87, 0xc0,
    0x19, 0x40, 0x3f, 0xf8, 0x64, 0x40, 0x8, 0x80,
    0x3f, 0xf8, 0x8e, 0x1, 0x84, 0x3, 0xff, 0x90,
    0x20, 0x1f, 0xfc, 0x37, 0x0, 0x84, 0x3, 0xff,
    0x86, 0x64, 0x1, 0x28, 0x7, 0xff, 0x8, 0x78,
    0x3, 0x70, 0x7, 0xff, 0x0, 0x9f, 0xc8, 0x2,
    0x35, 0x0, 0xf2, 0xff, 0xf6, 0xc0, 0x80, 0x43,
    0xa0, 0x1f, 0xfc, 0x63, 0xc1, 0x0, 0xff, 0xe2,
    0xce, 0x10, 0x7, 0xf0, 0x8e, 0x0, 0xe5, 0x0,
    0xff, 0x2f, 0x76, 0xc0, 0xd, 0x0, 0x1f, 0xfc,
    0x33, 0x30, 0x4, 0x88, 0x0, 0xff, 0xe1, 0xc0,
    0x6, 0x80, 0xf, 0xfe, 0x1a, 0x18, 0x4, 0x68,
    0x1, 0xff, 0xc3, 0x80, 0xd, 0x0, 0x1f, 0xfc,
    0x34, 0x30, 0x8, 0xd0, 0x3, 0xff, 0x87, 0x0,
    0x1a, 0x0, 0x3f, 0xf8, 0x68, 0x60, 0x11, 0xa0,
    0x7, 0xff, 0xe, 0x40, 0x34, 0x0, 0x7f, 0xf0,
    0xd4, 0x80, 0x23, 0x50, 0xf, 0xfe, 0x1c, 0x0,
    0x69,

    /* U+0053 "S" */
    0x0, 0xf9, 0x6b, 0x7f, 0xed, 0xa5, 0x0, 0xff,
    0x9f, 0xa9, 0x48, 0x2, 0x25, 0xad, 0x50, 0xf,
    0xd7, 0x2, 0x1, 0xfc, 0x55, 0x20, 0x1e, 0xb4,
    0x0, 0xf0, 0x80, 0x79, 0xa4, 0x3, 0x2a, 0x0,
    0x65, 0xcf, 0xef, 0xc5, 0x0, 0xcc, 0x80, 0x14,
    0x80, 0x69, 0xa3, 0x0, 0x8e, 0x9c, 0x3, 0x40,
    0x4, 0x60, 0x11, 0xb0, 0x7, 0xd0, 0x40, 0x11,
    0x88, 0x10, 0x6, 0x40, 0xf, 0xea, 0x0, 0xca,
    0x1, 0xe1, 0x0, 0xfe, 0x45, 0x5c, 0x0, 0x20,
    0xc, 0xe2, 0x1, 0xf8, 0xea, 0xb2, 0x0, 0x18,
    0x2, 0x1d, 0x20, 0xf, 0xfe, 0x1c, 0x8, 0x4,
    0x7b, 0x4, 0x1, 0xff, 0xc1, 0x1a, 0x0, 0xe7,
    0xdc, 0x72, 0x0, 0xff, 0x93, 0x4, 0x3, 0x8e,
    0x37, 0x18, 0x3, 0xfc, 0x7e, 0xc0, 0x1f, 0x1c,
    0xf2, 0x80, 0x7f, 0xc, 0xf3, 0x88, 0x7, 0x86,
    0xa4, 0x3, 0xfc, 0x31, 0xd8, 0xe4, 0x1, 0xcd,
    0x20, 0x1f, 0xfc, 0x3, 0x8d, 0xb3, 0x0, 0xcc,
    0xa0, 0x1f, 0xfc, 0x24, 0xc8, 0x0, 0xd0, 0x1,
    0xff, 0xc4, 0x74, 0x0, 0x88, 0xc3, 0xbf, 0xea,
    0x0, 0xff, 0x70, 0x6, 0x50, 0xe, 0x40, 0xf,
    0xf0, 0x80, 0x79, 0x0, 0x21, 0x50, 0xf, 0xe3,
    0x0, 0xc6, 0x1c, 0x1, 0xac, 0x80, 0x3e, 0x28,
    0x0, 0xc8, 0x8, 0x80, 0x8, 0x76, 0x8, 0x2,
    0x17, 0xd0, 0xc, 0x82, 0x0, 0xa2, 0x0, 0xcf,
    0xbf, 0xdf, 0xd0, 0x1, 0xd2, 0x1, 0xe, 0x18,
    0x7, 0x84, 0x3, 0xc3, 0x84, 0x1, 0x87, 0x20,
    0x40, 0x3f, 0xcb, 0xe6, 0x1, 0xf3, 0xf5, 0x31,
    0x0, 0x42, 0x91, 0xb4, 0x20, 0x10,

    /* U+0054 "T" */
    0x1f, 0xff, 0xfe, 0x50, 0x80, 0x7f, 0xff, 0x7,
    0xff, 0xf5, 0x0, 0x6a, 0xff, 0xfc, 0x20, 0x1f,
    0xff, 0xf0, 0xf, 0xff, 0xf8, 0x7, 0xff, 0xfc,
    0x3, 0xff, 0xfe, 0x1, 0xff, 0xff, 0x0, 0xff,
    0xff, 0x80, 0x7f, 0xff, 0xc0, 0x3f, 0xfc, 0xe0,

    /* U+0055 "U" */
    0x6f, 0xfc, 0x60, 0x1f, 0x8f, 0xff, 0x30, 0x7,
    0xff, 0xfc, 0x3, 0xff, 0xa4, 0xe0, 0x1f, 0xff,
    0xf0, 0xf, 0xfe, 0xb, 0x80, 0x7f, 0xff, 0xc0,
    0x3f, 0xc2, 0x1, 0xff, 0xff, 0x0, 0xc2, 0x1,
    0xff, 0xc7, 0x30, 0xc, 0x40, 0x1f, 0x88, 0x3,
    0x1b, 0x0, 0x6f, 0x0, 0xfd, 0xe0, 0x19, 0x8c,
    0x3, 0x38, 0x7, 0xe7, 0x0, 0xc6, 0xc, 0x1,
    0xc, 0x80, 0x7a, 0x44, 0x2, 0x60, 0x5, 0x80,
    0x66, 0xa2, 0x0, 0x15, 0x30, 0x6, 0xb0, 0x1,
    0x38, 0x6, 0x5d, 0xff, 0x6a, 0x80, 0x68, 0x20,
    0xa, 0x14, 0x3, 0xff, 0x80, 0xce, 0x1, 0xd5,
    0x20, 0x1f, 0xc3, 0x32, 0x0, 0xf9, 0xba, 0x10,
    0x40, 0x2, 0x93, 0xcc, 0x1, 0x80,

    /* U+0056 "V" */
    0xe, 0xff, 0xc6, 0x1, 0xfe, 0x3f, 0xfd, 0xa0,
    0x7, 0x0, 0xc8, 0x1, 0xfe, 0xb0, 0xc, 0x80,
    0xd, 0x0, 0xd6, 0x1, 0xfe, 0x40, 0xd, 0xa0,
    0x4, 0x0, 0xc6, 0x1, 0xfc, 0x26, 0x1, 0x90,
    0x2, 0x40, 0xc, 0x80, 0x1f, 0x90, 0x3, 0x28,
    0x6, 0xd0, 0xd, 0x80, 0x1f, 0xb0, 0x3, 0x78,
    0x6, 0x70, 0xc, 0xa0, 0x1f, 0x9c, 0x3, 0x20,
    0x6, 0x13, 0x0, 0x88, 0x40, 0x3c, 0x42, 0x1,
    0x18, 0x80, 0x75, 0x80, 0x64, 0x0, 0xf2, 0x0,
    0x6b, 0x0, 0xf2, 0x0, 0x6f, 0x0, 0xf6, 0x80,
    0x65, 0x0, 0xf1, 0x88, 0x4, 0x80, 0x1e, 0x40,
    0x8, 0x88, 0x1, 0xf3, 0x80, 0x42, 0x40, 0x18,
    0xc0, 0x32, 0x80, 0x7e, 0xd0, 0xc, 0xa0, 0x1a,
    0xc0, 0x35, 0x80, 0x7e, 0x40, 0xd, 0x80, 0x19,
    0x0, 0x21, 0x30, 0xf, 0xe4, 0x0, 0x90, 0x2,
    0x13, 0x0, 0x90, 0x3, 0xfd, 0xa0, 0x19, 0x0,
    0x8, 0x1, 0xbc, 0x3, 0xfc, 0xe0, 0x1b, 0x0,
    0x18, 0x1, 0x90, 0x3, 0xfc, 0x26, 0x1, 0x20,
    0x1, 0x0, 0x24, 0x10, 0xf, 0xfa, 0xc0, 0x23,
    0x12, 0x20, 0x5, 0xa0, 0x1f, 0xfc, 0x5, 0x0,
    0xc8, 0x80, 0xc, 0x80, 0x1f, 0xfc, 0x2, 0x10,
    0xb, 0x30, 0x1, 0x11, 0x0, 0x3f, 0xf8, 0x2e,
    0x1, 0x3a, 0x80, 0x4a, 0x1, 0xff, 0xc2, 0xd0,
    0x8, 0x40, 0x35, 0x80, 0x7f, 0xf0, 0x90, 0x3,
    0xe1, 0x30, 0xf, 0xfe, 0x1a, 0x80, 0x79, 0xc0,
    0x3f, 0xf8, 0x9e, 0x1, 0xec, 0x0, 0xff, 0xe2,
    0x20, 0x7, 0x94, 0x3, 0xff, 0x88, 0x26, 0x1,
    0x90, 0x3, 0xff, 0x8d, 0x60, 0x1b, 0x40, 0x3f,
    0x80,

    /* U+0057 "W" */
    0xf, 0xfc, 0x80, 0x1b, 0x3f, 0xe0, 0xe, 0xff,
    0xca, 0x2, 0x1, 0x10, 0x6, 0x30, 0x8, 0x40,
    0x22, 0x0, 0xce, 0x4, 0x1, 0x70, 0x4, 0x20,
    0x19, 0x40, 0x26, 0x0, 0xc4, 0xc, 0x1, 0x10,
    0x4, 0xa0, 0x18, 0x80, 0x22, 0x0, 0x84, 0x0,
    0x40, 0x10, 0x80, 0x44, 0x1, 0xbc, 0x2, 0xe0,
    0x8, 0x80, 0x1c, 0x1, 0x30, 0x5, 0xe0, 0x19,
    0x40, 0x21, 0x0, 0x98, 0x0, 0x40, 0x11, 0x0,
    0x44, 0x1, 0x88, 0x2, 0x20, 0x8, 0x80, 0xc,
    0x1, 0x84, 0x0, 0xa0, 0x18, 0x44, 0x0, 0x60,
    0xb, 0x80, 0x4, 0x1, 0x8c, 0x0, 0x20, 0x1c,
    0x40, 0x2, 0x0, 0x88, 0x2, 0x10, 0x9, 0x80,
    0x80, 0x3c, 0xa0, 0x1e, 0x60, 0x8, 0x80, 0x22,
    0x7, 0x0, 0x88, 0x1, 0xc0, 0x40, 0x18, 0x80,
    0x26, 0x0, 0xb8, 0x8, 0x0, 0x4e, 0x0, 0x30,
    0x60, 0x8, 0x40, 0x31, 0x0, 0x42, 0x1a, 0x0,
    0x6d, 0x0, 0x30, 0x10, 0x4, 0x40, 0x1b, 0x80,
    0x22, 0x6, 0x0, 0x19, 0x0, 0x8, 0x4, 0x2,
    0x60, 0xc, 0xa0, 0x13, 0x1, 0x80, 0x35, 0xc0,
    0x22, 0xe0, 0x8, 0x80, 0x31, 0x0, 0x44, 0x20,
    0x13, 0x10, 0x4, 0xe4, 0x1, 0x70, 0x6, 0x10,
    0xc, 0x80, 0x11, 0x81, 0x0, 0x9, 0x80, 0x25,
    0x0, 0xe2, 0x0, 0xb0, 0x0, 0x20, 0x7, 0x0,
    0x69, 0x0, 0x44, 0x1, 0xcc, 0x1, 0x20, 0x1,
    0x40, 0x4, 0x0, 0x70, 0xc, 0x20, 0x1c, 0x40,
    0x11, 0x0, 0x8, 0x1, 0xa0, 0x2, 0x0, 0x88,
    0x3, 0xdc, 0x1, 0xef, 0x0, 0x38, 0x7, 0x98,
    0x3, 0xc4, 0x1, 0xe2, 0x0, 0x10, 0x7, 0x88,
    0x3, 0xcc, 0x1, 0xe5, 0x0, 0x88, 0x3, 0xb8,
    0x3, 0xc4, 0x1, 0xc2, 0x20, 0x9, 0x80, 0x38,
    0x80, 0x3c, 0x20, 0x1c, 0x40, 0x18, 0xc0, 0x39,
    0x80, 0x3e, 0x20, 0xc, 0xa0, 0x1b, 0x40, 0x38,
    0x80, 0x3e, 0x60, 0xd, 0xc0, 0x19, 0x80, 0x38,
    0x40, 0x3e, 0x20, 0xc, 0x60, 0x18, 0xc0, 0x31,
    0x0, 0x7e, 0xe0, 0xc, 0xc0, 0x1c, 0x20, 0x13,
    0x0, 0x60,

    /* U+0058 "X" */
    0x7f, 0xfe, 0x10, 0xf, 0xe8, 0xff, 0xdc, 0xe,
    0x40, 0x1a, 0x40, 0x3f, 0xb, 0x80, 0x6b, 0x0,
    0x40, 0x6, 0x71, 0x0, 0xfa, 0x40, 0x31, 0xa8,
    0x1, 0x4c, 0x3, 0x48, 0x7, 0x85, 0xc0, 0x37,
    0x80, 0x6f, 0x0, 0xce, 0x20, 0x1d, 0x0, 0x19,
    0x4c, 0x3, 0x1a, 0x80, 0x69, 0x0, 0xc2, 0xc0,
    0x1a, 0x0, 0x3d, 0x60, 0x19, 0xc4, 0x2, 0x80,
    0xc, 0xe4, 0x1, 0xe1, 0x70, 0xd, 0x20, 0x2,
    0x60, 0x8, 0x64, 0x3, 0xf4, 0x8, 0x4, 0xe2,
    0x16, 0x1, 0xa0, 0x40, 0x3f, 0xa0, 0x3, 0x49,
    0x30, 0x4, 0x4c, 0x1, 0xfe, 0x63, 0x0, 0x9e,
    0x40, 0x34, 0x80, 0x7f, 0xf0, 0x3c, 0x3, 0x20,
    0x4, 0x88, 0x0, 0xff, 0xe0, 0x1a, 0x80, 0x7d,
    0x0, 0x1f, 0xfc, 0x28, 0x0, 0xf3, 0x18, 0x7,
    0xff, 0x8, 0x8c, 0x3, 0xb4, 0x3, 0xff, 0x86,
    0x86, 0x1, 0xd0, 0x1, 0xff, 0xc3, 0x90, 0xf,
    0x1a, 0x80, 0x7f, 0xf0, 0x58, 0x80, 0x3e, 0x80,
    0xf, 0xfe, 0xc, 0x0, 0x67, 0x0, 0x89, 0xc0,
    0x3f, 0xe8, 0x10, 0xa, 0x20, 0x20, 0x14, 0x8,
    0x7, 0xf1, 0x38, 0x4, 0x2e, 0x12, 0x1, 0xa0,
    0x3, 0xfa, 0x0, 0x34, 0x80, 0x1c, 0x40, 0x26,
    0x20, 0xf, 0x8d, 0x40, 0x21, 0x70, 0xa, 0x0,
    0x34, 0x80, 0x7d, 0xe0, 0x1a, 0x40, 0x33, 0x10,
    0x4, 0x88, 0x0, 0xe6, 0x30, 0x8, 0x5c, 0x3,
    0xac, 0x3, 0x48, 0x7, 0x40, 0x6, 0x80, 0xf,
    0x31, 0x0, 0x44, 0xc0, 0x14, 0x8, 0x4, 0x4c,
    0x1, 0xf4, 0x0, 0x68, 0x10, 0x17, 0x0, 0xd6,
    0x1, 0xf9, 0x48, 0x2, 0x18, 0xb, 0x0, 0xc4,
    0xc0, 0x1f, 0xd2, 0x1, 0x98, 0x80,

    /* U+0059 "Y" */
    0xd, 0xff, 0xc8, 0x1, 0xfe, 0x2f, 0xfe, 0x10,
    0xb0, 0xd, 0xe0, 0x1f, 0xeb, 0x0, 0xce, 0x20,
    0xc2, 0x1, 0x21, 0x0, 0x7e, 0x16, 0x0, 0xd2,
    0x1, 0x48, 0x6, 0xb0, 0xf, 0xcc, 0x1, 0x98,
    0x40, 0x27, 0x10, 0x9, 0x84, 0x3, 0xe9, 0x0,
    0xd6, 0x1, 0xcc, 0x1, 0x98, 0x3, 0xca, 0x20,
    0x12, 0x90, 0x7, 0x48, 0x6, 0x90, 0xf, 0x48,
    0x6, 0x80, 0xf, 0xb, 0x80, 0x42, 0xa0, 0x18,
    0x8c, 0x2, 0x52, 0x0, 0xfa, 0x40, 0x34, 0x80,
    0x6b, 0x0, 0xd2, 0x1, 0xf8, 0x58, 0x2, 0x33,
    0x0, 0x5, 0x80, 0x24, 0x30, 0xf, 0xeb, 0x0,
    0xd4, 0x0, 0x60, 0xd, 0x0, 0x1f, 0xe2, 0x50,
    0x9, 0x84, 0x24, 0x2, 0x33, 0x0, 0x7f, 0xd0,
    0x1, 0x99, 0x44, 0x2, 0x80, 0xf, 0xfe, 0x1,
    0x28, 0x5, 0x32, 0x0, 0x89, 0x0, 0x3f, 0xf8,
    0x32, 0x1, 0x9, 0x80, 0x50, 0x1, 0xff, 0xc2,
    0x34, 0x0, 0xf1, 0x28, 0x7, 0xff, 0xf, 0xc0,
    0x3d, 0x60, 0x1f, 0xfc, 0x44, 0x30, 0xc, 0x2c,
    0x1, 0xff, 0xc5, 0x90, 0xd, 0x20, 0x1f, 0xfc,
    0x61, 0x0, 0xc4, 0x1, 0xff, 0xff, 0x0, 0xff,
    0xff, 0x80, 0x7f, 0xff, 0xc0,

    /* U+005A "Z" */
    0xe, 0xff, 0xff, 0xe3, 0x38, 0x7, 0xff, 0xc8,
    0xc3, 0xbf, 0xff, 0xf8, 0x10, 0x1, 0x95, 0x0,
    0x3f, 0xf8, 0x25, 0x0, 0x10, 0xd8, 0x7, 0xff,
    0xa, 0x40, 0x35, 0x88, 0x7, 0xff, 0x5, 0x50,
    0x2, 0x45, 0x0, 0xff, 0xe0, 0x8d, 0x80, 0x6a,
    0x0, 0xff, 0xe1, 0x58, 0x80, 0x50, 0x20, 0x1f,
    0xfc, 0x14, 0x50, 0x8, 0xdc, 0x3, 0xff, 0x85,
    0x40, 0x1b, 0xc0, 0x3f, 0xf8, 0x52, 0x20, 0x13,
    0x98, 0x7, 0xff, 0x4, 0xd8, 0x2, 0x28, 0x0,
    0xff, 0xe1, 0x70, 0x6, 0x90, 0xf, 0xfe, 0x13,
    0x90, 0x4, 0xa8, 0x1, 0xff, 0xc1, 0x28, 0x0,
    0x86, 0xc0, 0x3f, 0xf8, 0x5c, 0x1, 0xac, 0x40,
    0x3f, 0xf8, 0x2c, 0x60, 0x12, 0x28, 0x7, 0xff,
    0x4, 0x64, 0x3, 0x50, 0x7, 0xff, 0xa, 0xc0,
    0x34, 0x8, 0x7, 0xff, 0x5, 0x14, 0x2, 0x37,
    0x0, 0xff, 0xe1, 0x50, 0x6, 0xf0, 0xf, 0xfe,
    0x14, 0x88, 0x4, 0xe6, 0x1, 0xff, 0xc1, 0x36,
    0x0, 0x8a, 0x0, 0x3f, 0xf8, 0x5c, 0x1, 0x8b,
    0xff, 0xff, 0x83, 0xc2, 0x40, 0x1f, 0xfc, 0x71,
    0x0, 0xff, 0xee, 0x80,

    /* U+005B "[" */
    0xff, 0xfc, 0xa0, 0x1f, 0xfc, 0xa1, 0x33, 0x84,
    0x3, 0x3e, 0x64, 0x80, 0x1f, 0xff, 0xf0, 0xf,
    0xff, 0xf8, 0x7, 0xff, 0xfc, 0x3, 0xff, 0xdc,
    0xf9, 0x92, 0x0, 0x61, 0x33, 0x84, 0x3, 0xff,
    0x8c,

    /* U+005C "\\" */
    0x3f, 0xfc, 0x20, 0x1f, 0xf1, 0x90, 0x4, 0xc0,
    0x1f, 0xfc, 0x5, 0x0, 0xac, 0x3, 0xff, 0x81,
    0x40, 0x11, 0x90, 0x7, 0xfc, 0x46, 0x1, 0x50,
    0x7, 0xff, 0x2, 0xc0, 0x25, 0x0, 0xff, 0xe0,
    0x30, 0x4, 0x46, 0x1, 0xff, 0xa, 0x0, 0x54,
    0x1, 0xff, 0xc0, 0xd0, 0x9, 0xc0, 0x3f, 0xf8,
    0xc, 0x1, 0xa, 0x0, 0x7f, 0xf0, 0x14, 0x2,
    0xe0, 0xf, 0xfe, 0x7, 0x80, 0x4a, 0x1, 0xff,
    0xc0, 0x51, 0x0, 0x94, 0x3, 0xff, 0x80, 0xe0,
    0x17, 0x0, 0x7f, 0xf0, 0x28, 0x2, 0x41, 0x0,
    0xff, 0x8c, 0x40, 0x27, 0x0, 0xff, 0xe0, 0x30,
    0x5, 0x40, 0x1f, 0xfc, 0xa, 0x0, 0x8c, 0x80,
    0x3f, 0xe2, 0x20, 0x4, 0xa0, 0x1f, 0xfc, 0xa,
    0x0, 0xa8, 0x3, 0xff, 0x80, 0xa0, 0x11, 0x18,
    0x7, 0xfc, 0x46, 0x1, 0x58, 0x7, 0xff, 0x2,
    0x80, 0x26, 0x0, 0xff, 0xe0, 0x38, 0x4, 0x28,
    0x1, 0xff, 0xa, 0x0, 0x5a, 0x1, 0xff, 0xc0,
    0xe0, 0x9, 0x80, 0x3f, 0xf8, 0xa, 0x1, 0x94,
    0x3, 0xff, 0x80, 0xa0, 0x17, 0x80, 0x7f, 0xf0,
    0x38, 0x2, 0x50, 0xf, 0xfe, 0x2, 0x8, 0x4,
    0xc0, 0x1f, 0xfc, 0x7, 0x0, 0xb4, 0x3, 0xff,
    0x81, 0x6e, 0xf6, 0x0,

    /* U+005D "]" */
    0x2f, 0xff, 0xc6, 0x1, 0xff, 0xc8, 0x33, 0xc4,
    0x1, 0xc3, 0x99, 0x58, 0x7, 0xff, 0xfc, 0x3,
    0xff, 0xfe, 0x1, 0xff, 0xff, 0x0, 0xff, 0xff,
    0x80, 0x7f, 0xf0, 0xc7, 0x32, 0xb0, 0xe, 0x33,
    0xc4, 0x1, 0xff, 0xcd,

    /* U+005E "^" */
    0x0, 0xf2, 0x44, 0x1c, 0x3, 0xff, 0x83, 0x2e,
    0xe8, 0x40, 0xf, 0xf9, 0x8, 0x2, 0xe0, 0xf,
    0xfb, 0x80, 0x32, 0x88, 0x7, 0xf0, 0xa8, 0x7,
    0x30, 0x7, 0xf3, 0x0, 0x46, 0x0, 0xa0, 0xf,
    0xea, 0x0, 0x15, 0x80, 0x9, 0x0, 0x3e, 0x42,
    0x0, 0x52, 0x80, 0x5c, 0x1, 0xf7, 0x0, 0x4c,
    0x48, 0x0, 0x51, 0x0, 0xe1, 0x50, 0x2, 0x8,
    0x70, 0x4, 0xc0, 0x1c, 0xc0, 0x17, 0x0, 0x14,
    0x40, 0x14, 0x1, 0xd4, 0x1, 0x28, 0x4, 0xe0,
    0x2, 0x40, 0x9, 0x8, 0x0, 0xc0, 0x1a, 0x80,
    0x2e, 0x0, 0xb8, 0x2, 0xa0, 0xc, 0x66, 0x0,
    0x28, 0x80, 0xa8, 0x0, 0x8c, 0x3, 0xa8, 0x2,
    0x60, 0x60, 0xa, 0x80, 0x3c, 0xe0, 0x15, 0x0,

    /* U+005F "_" */
    0xc, 0xcf, 0xfe, 0x2c, 0x81, 0x9f, 0xff, 0x15,
    0x40, 0x3f, 0xfb, 0x40,

    /* U+0060 "`" */
    0x57, 0x7c, 0x60, 0x13, 0xcc, 0x45, 0xa0, 0x11,
    0x68, 0x4, 0x32, 0x1, 0x1e, 0x0, 0x4c, 0x60,
    0x11, 0xd8, 0x5, 0xc0, 0x19, 0x24, 0x0, 0x4e,

    /* U+0061 "a" */
    0x0, 0xe4, 0x9d, 0xff, 0xba, 0xd8, 0x40, 0x3f,
    0x1e, 0xdb, 0x10, 0x4, 0x29, 0x3c, 0xe0, 0x1e,
    0x5c, 0x20, 0xf, 0xf4, 0x50, 0x6, 0x2a, 0x0,
    0xe4, 0x54, 0x10, 0xc, 0xae, 0x1, 0x40, 0x6,
    0x7f, 0xba, 0xbe, 0x90, 0xd, 0x20, 0x12, 0x0,
    0x45, 0x0, 0x1c, 0xd0, 0x1, 0xa, 0x0, 0x33,
    0x76, 0xc0, 0xf, 0x90, 0x3, 0x10, 0x0, 0x8b,
    0x8, 0x7, 0xc2, 0x1, 0x84, 0x3, 0xc9, 0x39,
    0xdf, 0xfb, 0x40, 0x3f, 0x97, 0x6d, 0x8c, 0x40,
    0x3f, 0xf8, 0x31, 0x44, 0x1, 0xff, 0xc4, 0x57,
    0x0, 0xcd, 0x7d, 0xff, 0x68, 0x7, 0xd0, 0x1,
    0xb2, 0x50, 0x40, 0x3f, 0xc6, 0x40, 0x13, 0x98,
    0x7, 0xff, 0x5, 0x80, 0x36, 0x0, 0x7f, 0xf0,
    0x8c, 0x3, 0x8, 0x7, 0xce, 0x1, 0xe3, 0x0,
    0xde, 0x1, 0xe3, 0xb0, 0xf, 0x20, 0x6, 0x58,
    0x0, 0x86, 0x30, 0x40, 0x3c, 0x2c, 0x1, 0x9f,
    0xf7, 0xb8, 0xe0, 0x1e, 0xf0, 0x4, 0x10, 0x7,
    0x10, 0x80, 0x42, 0x1, 0x88, 0x0, 0x38, 0x60,
    0x1f, 0x93, 0xc4, 0x2, 0x40, 0x8, 0x72, 0xd4,
    0x40, 0x4, 0xb7, 0x61, 0x40, 0x8, 0x4c,

    /* U+0062 "b" */
    0xef, 0xfb, 0x0, 0x3f, 0xff, 0xe0, 0x1f, 0xff,
    0xf0, 0x8, 0x63, 0x3f, 0xdd, 0x6c, 0x1, 0xfe,
    0x4f, 0x73, 0x0, 0xa, 0x4e, 0x90, 0x7, 0xc5,
    0x62, 0x1, 0xf1, 0x61, 0x0, 0x78, 0x40, 0x3f,
    0xc3, 0xc0, 0x1f, 0x97, 0x7f, 0xdc, 0xc0, 0x18,
    0xd4, 0x3, 0xcf, 0x44, 0x0, 0x19, 0x80, 0xd,
    0x20, 0x1c, 0x30, 0x1, 0xe7, 0x20, 0x8, 0xc4,
    0x3, 0x10, 0x7, 0xea, 0x0, 0xca, 0x1, 0xff,
    0xc1, 0x30, 0xc, 0x60, 0x1f, 0xfc, 0x16, 0x0,
    0xde, 0x1, 0xff, 0xc1, 0x30, 0xc, 0x20, 0x1f,
    0xfd, 0x43, 0x0, 0xc2, 0x1, 0xff, 0xc1, 0x60,
    0xd, 0xe0, 0x1f, 0xfc, 0x13, 0x0, 0xc6, 0x1,
    0x88, 0x3, 0xf5, 0x0, 0x65, 0x0, 0xc3, 0x0,
    0x1e, 0x62, 0x0, 0x8c, 0x40, 0x39, 0xe8, 0x80,
    0x3, 0x12, 0x1, 0xa4, 0x3, 0xe5, 0xdf, 0xf7,
    0x38, 0x6, 0x35, 0x0, 0xe2, 0x0, 0xff, 0xf,
    0x0, 0x7a, 0xa8, 0x1, 0xf8, 0xb0, 0x80, 0x3c,
    0x4b, 0xce, 0x40, 0x1, 0x4a, 0xd2, 0x0, 0x80,

    /* U+0063 "c" */
    0x0, 0xf2, 0xd6, 0xff, 0xbb, 0x20, 0x80, 0x3f,
    0x93, 0x69, 0x48, 0x0, 0x26, 0xfb, 0x20, 0x1f,
    0x35, 0x90, 0x7, 0xf3, 0x60, 0x80, 0x64, 0x90,
    0xe, 0x11, 0x0, 0x71, 0xd0, 0x6, 0xa0, 0xc,
    0xbb, 0xdc, 0xf8, 0x0, 0xc8, 0x80, 0x3, 0x88,
    0x4, 0xb4, 0x40, 0x13, 0xe0, 0x6, 0xf0, 0x5,
    0x0, 0x43, 0x40, 0x1e, 0x36, 0x0, 0x90, 0x8,
    0x80, 0x13, 0x80, 0x7e, 0xc0, 0xe, 0x70, 0xd,
    0x80, 0x1f, 0x97, 0xff, 0x1, 0x0, 0x66, 0x0,
    0xff, 0xe3, 0x88, 0x7, 0xff, 0x6c, 0x40, 0x3f,
    0xf8, 0x44, 0x1, 0x98, 0x3, 0xff, 0x84, 0xe0,
    0x1b, 0x0, 0x3f, 0x13, 0xbe, 0x2, 0x20, 0x4,
    0xe0, 0x1f, 0x96, 0x23, 0x0, 0x28, 0x2, 0x19,
    0x0, 0xf1, 0x48, 0x4, 0x60, 0x7, 0x10, 0x9,
    0xa8, 0x80, 0x25, 0xc1, 0x0, 0xa4, 0x2, 0xa0,
    0xc, 0xbb, 0xdb, 0xf4, 0x20, 0x12, 0x28, 0x4,
    0x92, 0x1, 0xc2, 0x40, 0x1c, 0x96, 0x1, 0xcd,
    0x64, 0x1, 0xfd, 0x16, 0x1, 0xf2, 0x6d, 0x29,
    0x0, 0x5, 0x23, 0x9c, 0x3, 0x0,

    /* U+0064 "d" */
    0x0, 0xff, 0xe1, 0x6f, 0xfd, 0xa0, 0x1f, 0xff,
    0xf0, 0xf, 0xff, 0x9a, 0x57, 0x7f, 0xb6, 0x4,
    0x3, 0xf8, 0x6e, 0xca, 0x20, 0x2, 0x7f, 0x40,
    0xf, 0x87, 0x10, 0x3, 0xe1, 0xb2, 0x0, 0xf5,
    0x90, 0x7, 0xff, 0x11, 0x14, 0x3, 0x2e, 0xff,
    0xb5, 0x80, 0x3e, 0xf0, 0xc, 0xf4, 0x40, 0x2,
    0x97, 0x0, 0xf2, 0x0, 0x43, 0x0, 0x1e, 0x82,
    0x0, 0xc8, 0x1, 0x98, 0x3, 0xff, 0x82, 0x40,
    0x1b, 0x0, 0x3f, 0xf8, 0x3c, 0x1, 0x98, 0x3,
    0xff, 0x82, 0x20, 0x18, 0xc0, 0x3f, 0xfa, 0x82,
    0x1, 0x8c, 0x3, 0xff, 0x83, 0xc0, 0x19, 0x80,
    0x3f, 0xf8, 0x24, 0x1, 0xb0, 0x3, 0xff, 0x82,
    0x80, 0x19, 0x80, 0x3f, 0x18, 0x7, 0x28, 0x4,
    0x30, 0x1, 0xe8, 0x10, 0xe, 0x90, 0xc, 0xf2,
    0x40, 0x2, 0xa7, 0x0, 0xf1, 0xa8, 0x6, 0x6d,
    0xff, 0x6a, 0x80, 0x7e, 0xa3, 0x0, 0xff, 0x10,
    0x7, 0xda, 0x80, 0x1f, 0xa9, 0x40, 0x3e, 0x1b,
    0xb2, 0x88, 0x0, 0x9f, 0x97, 0x80, 0x30,

    /* U+0065 "e" */
    0x0, 0xf1, 0xce, 0xff, 0xbb, 0x20, 0xc0, 0x3f,
    0x8a, 0xf1, 0x88, 0x0, 0x26, 0xf9, 0x42, 0x1,
    0xe3, 0xc4, 0x0, 0xfe, 0x5f, 0x20, 0xc, 0x58,
    0x20, 0x18, 0x44, 0x1, 0xc3, 0xe0, 0x1b, 0xc0,
    0x32, 0xef, 0x73, 0xec, 0x80, 0x22, 0x70, 0x3,
    0x10, 0x4, 0xf4, 0x40, 0x12, 0x69, 0x0, 0x52,
    0x0, 0xb0, 0x8, 0xa0, 0x3, 0xe9, 0x0, 0x85,
    0x8, 0x80, 0x15, 0x80, 0x7e, 0x40, 0xc, 0x68,
    0x1, 0xaa, 0xef, 0xf8, 0x3, 0x6f, 0x0, 0x63,
    0x44, 0xfe, 0x0, 0xc2, 0x20, 0xf, 0xff, 0x6,
    0xff, 0xff, 0xf0, 0x6f, 0x80, 0x32, 0x0, 0x7f,
    0xf0, 0x8c, 0x3, 0x50, 0x7, 0xff, 0x9, 0x4,
    0x2, 0x34, 0x0, 0xfe, 0x42, 0x0, 0x98, 0x3,
    0x59, 0x80, 0x7c, 0x97, 0x82, 0x0, 0x81, 0x0,
    0xd9, 0x2, 0x1, 0x1d, 0x58, 0xe, 0x8, 0x3,
    0x40, 0x39, 0xfb, 0xaf, 0xc5, 0x0, 0xf8, 0xec,
    0x40, 0x38, 0x44, 0x1, 0xc5, 0x82, 0x1, 0x27,
    0xa8, 0x7, 0xf9, 0xf4, 0x40, 0x38, 0x6b, 0x5c,
    0xc4, 0x0, 0x29, 0x1d, 0x0, 0x10,

    /* U+0066 "f" */
    0x0, 0xff, 0x96, 0x73, 0xba, 0xca, 0x71, 0x0,
    0xfe, 0x4e, 0xa6, 0x31, 0x18, 0xd6, 0x14, 0x3,
    0xf3, 0x58, 0x80, 0x7f, 0x30, 0x7, 0xc9, 0x20,
    0x1f, 0xf1, 0x80, 0x7d, 0x20, 0x18, 0x67, 0x7f,
    0xdd, 0x92, 0x20, 0x1e, 0x32, 0x0, 0x87, 0xd8,
    0x80, 0x2, 0x6c, 0x1, 0xf2, 0x0, 0x68, 0x10,
    0xf, 0xfe, 0x17, 0x0, 0x64, 0x0, 0xff, 0xe1,
    0x98, 0x6, 0x20, 0xf, 0xfe, 0x92, 0xff, 0xf2,
    0x80, 0x6f, 0xff, 0xb4, 0x3, 0xff, 0xc0, 0xcd,
    0xe2, 0x0, 0xcc, 0xdf, 0x50, 0x0, 0xe6, 0x79,
    0xc0, 0x34, 0xcf, 0xce, 0x1, 0xff, 0xff, 0x0,
    0xff, 0xff, 0x80, 0x7f, 0xff, 0xc0, 0x3f, 0xff,
    0xe0, 0x1f, 0xfe, 0xf0,

    /* U+0067 "g" */
    0x0, 0xe3, 0xae, 0xff, 0x6d, 0x18, 0x1f, 0xfe,
    0x0, 0xea, 0xc5, 0x10, 0x1, 0x2e, 0x4b, 0x0,
    0x7e, 0xc5, 0x0, 0xfc, 0xd6, 0x1, 0xf5, 0x18,
    0x7, 0xf8, 0x40, 0x3c, 0x6a, 0x1, 0x93, 0x3f,
    0xdd, 0x0, 0x1f, 0xa4, 0x3, 0x2d, 0x98, 0x0,
    0x5e, 0xc0, 0x3e, 0x50, 0xd, 0x60, 0x1e, 0x45,
    0x0, 0xe4, 0x0, 0xcc, 0x20, 0x1f, 0xfc, 0x12,
    0x0, 0xd8, 0x1, 0xff, 0xc2, 0xe0, 0xc, 0xc0,
    0x1f, 0xfc, 0x21, 0x0, 0xc4, 0x1, 0xff, 0xd6,
    0x10, 0xc, 0x60, 0x1f, 0xfc, 0x2e, 0x0, 0xce,
    0x1, 0xff, 0xc2, 0x50, 0xd, 0x80, 0x1f, 0xfc,
    0x23, 0x0, 0xce, 0x1, 0xff, 0xc3, 0x50, 0x8,
    0x68, 0x3, 0xc8, 0xa0, 0x1e, 0x80, 0xc, 0xb6,
    0x60, 0x1, 0x8b, 0x0, 0xf8, 0x98, 0x3, 0x26,
    0x7f, 0xb9, 0xc0, 0x3f, 0xa4, 0xc0, 0x3f, 0xc2,
    0x1, 0xfb, 0x14, 0x3, 0xf4, 0xa0, 0x7, 0xf5,
    0x62, 0x88, 0x0, 0x9b, 0x58, 0x3, 0xfe, 0x3a,
    0xef, 0xf6, 0xc9, 0x3, 0x0, 0x42, 0x1, 0x84,
    0x3, 0xf8, 0x4c, 0x2, 0x50, 0xd, 0x94, 0x1,
    0xfa, 0xc0, 0x36, 0x80, 0x54, 0x4b, 0xaa, 0x1,
    0x8e, 0xd4, 0x2, 0x17, 0x0, 0x1a, 0x80, 0xa,
    0xbf, 0x73, 0xb1, 0x0, 0x34, 0x8, 0x0, 0xe4,
    0x3, 0x88, 0xc4, 0x3, 0x9d, 0x80, 0x33, 0x61,
    0x80, 0x7f, 0xd, 0x40, 0x7, 0x8f, 0x30, 0xe6,
    0x1, 0x12, 0xd7, 0x28, 0x6,

    /* U+0068 "h" */
    0xff, 0xd6, 0x1, 0xff, 0xff, 0x0, 0xff, 0xff,
    0x80, 0x62, 0x9d, 0xff, 0x6d, 0x20, 0x7, 0xfa,
    0x35, 0x88, 0x0, 0x4b, 0x74, 0x1, 0xfa, 0x1c,
    0x3, 0xf2, 0xd0, 0x7, 0x95, 0xc0, 0x3f, 0xca,
    0x80, 0x1c, 0x20, 0xb9, 0xff, 0x50, 0x80, 0x6f,
    0x0, 0xf4, 0xd1, 0x80, 0x4b, 0x80, 0x19, 0x0,
    0x38, 0xd8, 0x3, 0xc4, 0xa0, 0x18, 0x80, 0x33,
    0x80, 0x7e, 0xc0, 0xc, 0xc0, 0x1f, 0xfc, 0x13,
    0x0, 0xc2, 0x1, 0xff, 0xff, 0x0, 0xff, 0xff,
    0x80, 0x7f, 0xff, 0xc0, 0x3f, 0xf9, 0x40,

    /* U+0069 "i" */
    0x0, 0xfa, 0xbf, 0xa0, 0x3, 0xff, 0x83, 0x2a,
    0x2, 0xe8, 0x1, 0xff, 0xc0, 0x50, 0xc, 0x40,
    0x1f, 0xfc, 0x6, 0x0, 0x85, 0xc0, 0x3f, 0xf8,
    0x16, 0x84, 0xde, 0x20, 0x1f, 0xfc, 0x1, 0xbd,
    0x91, 0x0, 0xff, 0xe6, 0xf7, 0xff, 0xf9, 0x40,
    0x3f, 0xfb, 0xc6, 0x1, 0xff, 0xc5, 0xdf, 0xfe,
    0x90, 0xf, 0xff, 0xf8, 0x7, 0xff, 0xfc, 0x3,
    0xff, 0xfe, 0x1, 0xff, 0xc8, 0xdf, 0xfe, 0x90,
    0xd, 0x5f, 0xfd, 0x6, 0x1, 0xff, 0xe9,

    /* U+006A "j" */
    0x0, 0xfc, 0xdd, 0xf8, 0x40, 0x1f, 0x8e, 0x44,
    0xf, 0x80, 0x3f, 0x28, 0x6, 0x30, 0xf, 0xc4,
    0x1, 0x88, 0x3, 0xf2, 0x28, 0x5, 0x20, 0x1f,
    0xd5, 0xd9, 0xe8, 0x1, 0xfe, 0x13, 0x0, 0xc3,
    0xff, 0xfe, 0xb0, 0xf, 0xfe, 0x90, 0x80, 0x7f,
    0xf0, 0xbf, 0xfc, 0x1, 0xff, 0xff, 0x0, 0xff,
    0xff, 0x80, 0x7f, 0xff, 0xc0, 0x3f, 0xfa, 0x62,
    0x1, 0xf9, 0x0, 0x31, 0x0, 0x7e, 0xf0, 0xd,
    0xa0, 0x1e, 0x3b, 0x40, 0xc, 0x81, 0x1f, 0xfb,
    0x10, 0x3, 0x38, 0x80, 0x80, 0x7f, 0x1c, 0x0,
    0xc, 0x3, 0xf3, 0x60, 0x4, 0x42, 0x1, 0x9,
    0xbe, 0xc8, 0x6,

    /* U+006B "k" */
    0xff, 0xd8, 0x1, 0xff, 0xff, 0x0, 0xff, 0xff,
    0x80, 0x7f, 0xf1, 0x5f, 0xff, 0x8c, 0x3, 0xff,
    0x80, 0xd0, 0x1, 0xac, 0xc0, 0x3f, 0xe4, 0x90,
    0xd, 0x28, 0x1, 0xff, 0x1d, 0x80, 0x68, 0x60,
    0xf, 0xf8, 0xb0, 0x3, 0x33, 0x80, 0x7f, 0xc5,
    0x80, 0x19, 0x24, 0x3, 0xfe, 0x1f, 0x10, 0x8,
    0xec, 0x3, 0xff, 0x81, 0xa4, 0x1, 0x16, 0x80,
    0x7f, 0xf0, 0x28, 0xc0, 0x21, 0xc1, 0x0, 0xff,
    0x8d, 0x40, 0x32, 0x8, 0x7, 0xff, 0x19, 0x58,
    0x3, 0xff, 0x8f, 0x24, 0x1, 0xff, 0xc2, 0x30,
    0xd, 0xe0, 0x1f, 0xfc, 0x1b, 0xd1, 0x0, 0x8a,
    0x40, 0x3f, 0xec, 0x41, 0xa0, 0xc, 0xca, 0x1,
    0xfc, 0x66, 0x0, 0x23, 0x80, 0x6b, 0x10, 0xf,
    0xfe, 0xc, 0x10, 0x4, 0x3a, 0x1, 0xff, 0xc2,
    0xf0, 0xc, 0x70, 0x1, 0xff, 0xc1, 0x29, 0x0,
    0xce, 0x80, 0x1f, 0xfc, 0x16, 0x40, 0xd, 0x42,
    0x1, 0xff, 0xc1, 0xa1, 0x0, 0x86, 0x80, 0x3f,
    0xf8, 0x23, 0x60, 0x19, 0x1c,

    /* U+006C "l" */
    0x1f, 0xff, 0xf9, 0x40, 0x3f, 0xfe, 0x63, 0xff,
    0xe9, 0x0, 0xff, 0xff, 0x80, 0x7f, 0xff, 0xc0,
    0x3f, 0xff, 0xe0, 0x1f, 0xff, 0xf0, 0xf, 0xff,
    0xf8, 0x7, 0xff, 0x5c, 0x7f, 0xfd, 0x20, 0x1a,
    0xbf, 0xfa, 0x80, 0x3f, 0xf8, 0xc2, 0x1, 0xff,
    0xda,

    /* U+006D "m" */
    0x6f, 0xfa, 0xc1, 0x73, 0xfd, 0xac, 0x3, 0x3d,
    0xfd, 0x44, 0x1, 0xe7, 0x8a, 0x30, 0x1, 0x4b,
    0xfb, 0x8, 0xa, 0xe0, 0x80, 0x71, 0xb8, 0x7,
    0xa0, 0x40, 0x38, 0x6c, 0x3, 0xe5, 0x50, 0x7,
    0x95, 0x40, 0x19, 0x40, 0x3d, 0x75, 0x48, 0x0,
    0xd5, 0x58, 0x3, 0x10, 0x6, 0x14, 0x0, 0x28,
    0x6, 0x40, 0x2, 0x80, 0x66, 0x0, 0xff, 0xff,
    0x80, 0x7f, 0xff, 0xc0, 0x3f, 0xff, 0xe0, 0x1f,
    0xff, 0xf0, 0xf, 0xff, 0x40,

    /* U+006E "n" */
    0xff, 0xc8, 0x0, 0x39, 0xdf, 0xf7, 0x52, 0x0,
    0x7e, 0x20, 0x9c, 0x62, 0x0, 0xa, 0xdd, 0x0,
    0x7c, 0x36, 0xc0, 0x1f, 0x96, 0x80, 0x3d, 0x28,
    0x1, 0xfe, 0x54, 0x0, 0xe1, 0x4, 0xcf, 0xfa,
    0x84, 0x3, 0x70, 0x7, 0x9e, 0xcc, 0x2, 0x5c,
    0x0, 0xca, 0x1, 0xc7, 0x0, 0x1e, 0x25, 0x0,
    0xc4, 0x1, 0x9c, 0x3, 0xf6, 0x80, 0x61, 0x0,
    0xff, 0xe0, 0x88, 0x6, 0x70, 0xf, 0xff, 0xf8,
    0x7, 0xff, 0xfc, 0x3, 0xff, 0xfe, 0x1, 0xff,
    0xca,

    /* U+006F "o" */
    0x0, 0xe1, 0x6b, 0xef, 0xf7, 0x5b, 0x0, 0x7f,
    0x9b, 0xa5, 0x4, 0x0, 0x29, 0x3c, 0xc0, 0x1f,
    0x54, 0x80, 0x7f, 0xc, 0xc8, 0x3, 0xa1, 0x40,
    0x38, 0x44, 0x1, 0xcd, 0x0, 0x11, 0xb8, 0x6,
    0x7e, 0xec, 0xc0, 0x19, 0xcc, 0x1, 0xe0, 0x1a,
    0x20, 0x20, 0x1, 0x98, 0x0, 0xd0, 0x4, 0x60,
    0x11, 0xb8, 0x7, 0x9c, 0xc0, 0x24, 0x15, 0x0,
    0xd2, 0x1, 0xfa, 0x80, 0x33, 0xe8, 0x6, 0x40,
    0xf, 0xce, 0x1, 0xbd, 0x80, 0x21, 0x10, 0x7,
    0xe1, 0x0, 0xc4, 0x20, 0x11, 0x80, 0x7f, 0x84,
    0x2, 0x70, 0xf, 0xfe, 0x40, 0x80, 0x46, 0x1,
    0xfe, 0x10, 0x9, 0xd8, 0x2, 0x11, 0x0, 0x7e,
    0x10, 0xc, 0x5a, 0x1, 0x90, 0x3, 0xf2, 0x0,
    0x6f, 0x50, 0xd, 0x20, 0x1f, 0xa4, 0x3, 0x39,
    0x18, 0x4, 0x6c, 0x1, 0xe6, 0x30, 0x9, 0x4,
    0x3c, 0x3, 0x4c, 0x8, 0x0, 0x62, 0x40, 0x34,
    0x0, 0xd, 0xc0, 0x33, 0xf7, 0x67, 0x0, 0xce,
    0x60, 0x14, 0x28, 0x7, 0x8, 0x80, 0x39, 0xa0,
    0x3, 0xaa, 0x40, 0x3f, 0x86, 0x64, 0x1, 0xf3,
    0x74, 0xa0, 0x80, 0x5, 0x27, 0xd8, 0x3, 0x0,

    /* U+0070 "p" */
    0xff, 0xcc, 0x5, 0x1b, 0xfe, 0xeb, 0x50, 0xf,
    0xe1, 0x7d, 0x72, 0x0, 0xa, 0x56, 0x8, 0x7,
    0xd3, 0x0, 0x1f, 0x8f, 0xc4, 0x3, 0xc2, 0x1,
    0xfe, 0x1a, 0x0, 0xfc, 0xfd, 0xfe, 0xc4, 0x0,
    0xc8, 0x80, 0xf, 0x54, 0x8, 0x0, 0xed, 0x40,
    0x37, 0x0, 0x71, 0xa8, 0x7, 0xa8, 0x40, 0x25,
    0x0, 0xe7, 0x0, 0xfc, 0xe0, 0x18, 0xc0, 0x3f,
    0xf8, 0x38, 0x1, 0x94, 0x3, 0xff, 0x82, 0xc0,
    0x18, 0x40, 0x3f, 0xf8, 0x22, 0x1, 0xbc, 0x3,
    0xff, 0xa8, 0x20, 0x1b, 0xc0, 0x3f, 0xf8, 0x2c,
    0x1, 0x84, 0x3, 0xff, 0x83, 0x80, 0x19, 0x40,
    0x33, 0x80, 0x7e, 0x70, 0xc, 0x60, 0x18, 0xd0,
    0x3, 0xd2, 0x20, 0x12, 0x80, 0x7a, 0xdc, 0x40,
    0x3, 0x4c, 0x1, 0xa4, 0x3, 0xe8, 0xee, 0xca,
    0x1, 0x94, 0xc0, 0x3f, 0x84, 0x40, 0x1c, 0x56,
    0x1, 0xe4, 0xa0, 0xf, 0xc9, 0x82, 0x1, 0xf2,
    0xf3, 0x90, 0x0, 0x56, 0xec, 0x20, 0x1f, 0xc3,
    0x1b, 0xfe, 0xea, 0x40, 0xf, 0xff, 0xf8, 0x7,
    0xff, 0xcc,

    /* U+0071 "q" */
    0x0, 0xe4, 0xae, 0xff, 0x6c, 0x90, 0x2f, 0xfd,
    0xc0, 0x10, 0xdd, 0x94, 0x40, 0x4, 0xda, 0xe4,
    0x1, 0xe1, 0xc4, 0x0, 0xfd, 0x12, 0x1, 0xea,
    0x20, 0xe, 0x11, 0x0, 0x42, 0x1, 0xc8, 0x80,
    0xc, 0xbd, 0xda, 0x0, 0x3e, 0xf0, 0xc, 0xd4,
    0x20, 0x1, 0x7a, 0x0, 0xf2, 0x0, 0x43, 0x20,
    0x1e, 0x52, 0x0, 0xc8, 0x1, 0x98, 0x3, 0xff,
    0x82, 0x40, 0x1b, 0x0, 0x3f, 0xf8, 0x3c, 0x1,
    0x98, 0x3, 0xff, 0x82, 0x20, 0x18, 0xc0, 0x3f,
    0xfa, 0x82, 0x1, 0x8c, 0x3, 0xff, 0x83, 0xc0,
    0x19, 0x80, 0x3f, 0xf8, 0x2a, 0x1, 0xb0, 0x3,
    0xff, 0x82, 0x60, 0x19, 0x80, 0x3f, 0xf8, 0x4a,
    0x1, 0xc, 0x0, 0x79, 0x48, 0x3, 0xa4, 0x3,
    0x3c, 0x88, 0x0, 0x5e, 0x80, 0x3c, 0x6a, 0x1,
    0x9b, 0xbb, 0x40, 0x7, 0xeb, 0x20, 0xe, 0x11,
    0x0, 0x7f, 0x87, 0x10, 0x3, 0xf4, 0x90, 0x7,
    0xc3, 0x76, 0x51, 0x0, 0x13, 0xf3, 0x0, 0x7f,
    0x92, 0xbb, 0xfd, 0xb0, 0x20, 0x1f, 0xff, 0xf0,
    0xf, 0xff, 0xa0,

    /* U+0072 "r" */
    0xf, 0xfc, 0xa0, 0x13, 0x5f, 0x7f, 0xdc, 0xc0,
    0x1c, 0x60, 0x7b, 0x28, 0x20, 0x10, 0x98, 0x7,
    0xa, 0xe1, 0x0, 0x7c, 0xc0, 0x1d, 0x74, 0x1,
    0xfc, 0x40, 0x1c, 0x60, 0x18, 0x8c, 0xc4, 0x0,
    0x10, 0xf, 0x86, 0x7f, 0x73, 0x1b, 0xfa, 0x1,
    0xf1, 0x7b, 0x0, 0x78, 0x80, 0x3e, 0xe1, 0x0,
    0xff, 0xe1, 0x21, 0x80, 0x7f, 0xf0, 0xc4, 0x3,
    0xff, 0xfe, 0x1, 0xff, 0xff, 0x0, 0xff, 0xfa,
    0x80,

    /* U+0073 "s" */
    0x0, 0xe1, 0x6b, 0xef, 0xfb, 0x65, 0x40, 0x3f,
    0xa3, 0xa5, 0x4, 0x2, 0x26, 0xae, 0x50, 0xf,
    0x5b, 0x80, 0x7f, 0x86, 0x9c, 0x3, 0x4a, 0x0,
    0x63, 0x66, 0x20, 0x7, 0x42, 0x0, 0x9, 0x80,
    0x22, 0xdc, 0x99, 0x5f, 0xb0, 0x6, 0x90, 0x2,
    0x0, 0x6e, 0x20, 0xe, 0x94, 0x0, 0x88, 0x40,
    0x40, 0x31, 0x0, 0x7d, 0xc6, 0x78, 0x80, 0x80,
    0x34, 0x80, 0x7c, 0xb9, 0x98, 0xc1, 0x44, 0x2,
    0x7b, 0x51, 0x0, 0xff, 0xe0, 0x50, 0x6, 0x4a,
    0xed, 0xa7, 0x20, 0xf, 0xc9, 0x62, 0x1, 0xc4,
    0xb1, 0xbd, 0x2, 0x1, 0xe4, 0xe8, 0x20, 0xf,
    0x85, 0xfd, 0x40, 0x3e, 0x7d, 0xd4, 0x20, 0x80,
    0x70, 0xd2, 0x80, 0x7e, 0x27, 0xbe, 0xd9, 0x20,
    0xd, 0x60, 0x1, 0x1c, 0x1, 0xe2, 0x6d, 0x50,
    0x8, 0x50, 0xbb, 0xb3, 0x80, 0x7e, 0x90, 0xc,
    0x44, 0x10, 0xa, 0x80, 0x3f, 0x30, 0x6, 0x30,
    0x60, 0x8, 0xb0, 0x80, 0x39, 0x2c, 0x3, 0x20,
    0x48, 0x80, 0x47, 0xb9, 0x53, 0x5b, 0x62, 0x1,
    0x38, 0x80, 0xe1, 0x0, 0x63, 0x56, 0x52, 0x0,
    0xc9, 0x0, 0x11, 0x63, 0x0, 0x7f, 0xd1, 0x60,
    0x1c, 0x33, 0xd0, 0x82, 0x1, 0x12, 0xcf, 0xb8,
    0x4,

    /* U+0074 "t" */
    0x0, 0xe2, 0x88, 0xc6, 0x1, 0xff, 0xc2, 0x67,
    0x7c, 0xa0, 0x1f, 0xff, 0xf0, 0xf, 0xfe, 0x13,
    0x7f, 0xeb, 0x0, 0xd3, 0xff, 0xf2, 0x80, 0x7f,
    0xf7, 0x55, 0x9b, 0x20, 0x6, 0x36, 0x6f, 0xc0,
    0x73, 0x3b, 0xc0, 0x35, 0x4c, 0xfc, 0x60, 0x1f,
    0xff, 0xf0, 0xf, 0xff, 0xf8, 0x7, 0xff, 0xb1,
    0xc0, 0x37, 0x80, 0x7f, 0xf0, 0x88, 0x3, 0x38,
    0x80, 0x7f, 0xf0, 0x44, 0xc0, 0x21, 0xd4, 0x0,
    0x89, 0x54, 0x1, 0xf5, 0x0, 0x63, 0xbf, 0xfb,
    0x6a, 0x0, 0x3e, 0x63, 0x0, 0xff, 0x10, 0x7,
    0xed, 0x40, 0xf, 0xf1, 0x0, 0x7c, 0x37, 0x4a,
    0x20, 0x1, 0x35, 0x9e, 0x20,

    /* U+0075 "u" */
    0xdf, 0xfb, 0x40, 0x3f, 0x4f, 0xfe, 0x10, 0xf,
    0xff, 0xf8, 0x7, 0xff, 0xfc, 0x3, 0xff, 0xfe,
    0x1, 0x8, 0x4, 0x60, 0x1f, 0xfc, 0x27, 0x0,
    0x84, 0x3, 0xff, 0x84, 0x40, 0x18, 0x40, 0x3e,
    0x20, 0xe, 0xf0, 0xd, 0x20, 0x1e, 0x64, 0x0,
    0xe7, 0x0, 0xce, 0xc0, 0x11, 0xcc, 0x80, 0x3c,
    0x2a, 0x1, 0xa7, 0xfe, 0xc6, 0x0, 0xfd, 0x62,
    0x1, 0xfc, 0x52, 0x1, 0xe1, 0xd1, 0x0, 0xf8,
    0xf1, 0x40, 0x3e, 0x3e, 0x83, 0x10, 0x14, 0xac,
    0x11, 0x0, 0x70,

    /* U+0076 "v" */
    0x3f, 0xfd, 0x40, 0x1f, 0xea, 0xff, 0xc4, 0x64,
    0x1, 0x28, 0x7, 0xf9, 0x40, 0x23, 0x20, 0xb0,
    0xc, 0x80, 0x1f, 0x90, 0x3, 0x50, 0x1, 0xc0,
    0x36, 0x80, 0x7e, 0xe0, 0xc, 0xe0, 0x1, 0x50,
    0x9, 0xc0, 0x3f, 0x28, 0x4, 0xa2, 0x1, 0x70,
    0x4, 0x28, 0x1, 0xe4, 0x0, 0xdc, 0x1, 0x90,
    0x40, 0x2d, 0x0, 0xf6, 0x80, 0x42, 0x80, 0x1c,
    0xc0, 0x13, 0x80, 0x79, 0xc0, 0x26, 0x0, 0xf5,
    0x0, 0x42, 0x80, 0x19, 0x4, 0x2, 0xa0, 0xf,
    0x11, 0x80, 0x5a, 0x1, 0xb4, 0x2, 0x32, 0x0,
    0xfa, 0x80, 0x27, 0x0, 0xce, 0x1, 0x50, 0x7,
    0xe7, 0x0, 0x84, 0xc0, 0x6, 0x20, 0x13, 0x0,
    0x7e, 0x15, 0x0, 0xa8, 0x1, 0x60, 0x12, 0x80,
    0x7f, 0xb8, 0x2, 0x70, 0x3, 0x0, 0x5c, 0x1,
    0xfe, 0x41, 0x0, 0x9, 0x98, 0x40, 0x2, 0x80,
    0x1f, 0xf3, 0x0, 0x57, 0x60, 0x9, 0x80, 0x3f,
    0xf8, 0x14, 0x1, 0x2a, 0x0, 0x54, 0x1, 0xff,
    0xc0, 0x23, 0x0, 0x11, 0x80, 0xc, 0x80, 0x3f,
    0xf8, 0x34, 0x1, 0xea, 0x0, 0xff, 0xe1, 0x30,
    0x7, 0x98, 0x3, 0xff, 0x86, 0xa0, 0x19, 0x40,
    0x3f, 0xf8, 0x9c, 0x1, 0xb8, 0x3, 0xf0,

    /* U+0077 "w" */
    0x3f, 0xfc, 0x1, 0xd7, 0xfe, 0x80, 0xc, 0x5f,
    0xf8, 0x4c, 0x3, 0x10, 0x6, 0x50, 0x2, 0x0,
    0x66, 0x0, 0x84, 0x40, 0x40, 0x13, 0x0, 0x42,
    0x20, 0x1, 0x80, 0x62, 0x0, 0x94, 0x0, 0xe0,
    0x11, 0x0, 0x48, 0x1, 0x88, 0x2, 0xf0, 0x8,
    0xc0, 0x1a, 0x1, 0x78, 0x5, 0xa0, 0x19, 0x0,
    0x22, 0x0, 0xb4, 0x0, 0x60, 0x11, 0x0, 0x46,
    0x1, 0xbc, 0x2, 0x60, 0x9, 0xc0, 0xa, 0x1,
    0x30, 0x4, 0xa0, 0x19, 0x40, 0x22, 0x0, 0x88,
    0x0, 0x22, 0x0, 0x10, 0x0, 0x84, 0xc, 0x0,
    0x60, 0x2, 0x0, 0x8c, 0x3, 0x28, 0x4, 0x40,
    0xe0, 0x5, 0x30, 0x1, 0x83, 0x0, 0x4a, 0x1,
    0x8c, 0x2, 0x60, 0xd0, 0x7, 0xa8, 0x1, 0x40,
    0x80, 0x2f, 0x0, 0xda, 0x1, 0x18, 0x20, 0x1,
    0x7c, 0x1, 0xe1, 0xc0, 0x12, 0x80, 0x67, 0x0,
    0xb8, 0xc, 0x0, 0x68, 0x0, 0x40, 0x30, 0x8,
    0xc0, 0x31, 0x0, 0x44, 0x40, 0x1, 0x81, 0x0,
    0x8, 0x18, 0x0, 0x40, 0x1e, 0x30, 0x2, 0xb8,
    0x1, 0x40, 0x8, 0x0, 0x32, 0x0, 0x38, 0x7,
    0x94, 0x0, 0x3a, 0x0, 0xc0, 0x1, 0x80, 0x2c,
    0x2, 0xd0, 0xf, 0x78, 0x4, 0xa0, 0x7, 0x0,
    0x60, 0x1, 0x0, 0x23, 0x0, 0xf2, 0x80, 0x44,
    0x2, 0x40, 0x5, 0x0, 0x18, 0x4, 0xa0, 0x1e,
    0x30, 0xe, 0x50, 0x8, 0x48, 0x3, 0x8, 0x80,
    0x3e, 0x20, 0xc, 0x60, 0x19, 0xc0, 0x32, 0x80,
    0x7e, 0x70, 0xd, 0x80, 0x1b, 0x0, 0x31, 0x80,
    0x7e, 0xd0, 0xc, 0xa0, 0x19, 0x40, 0x36, 0x80,
    0x7e, 0x30, 0x8, 0x84, 0x3, 0x18, 0x6, 0x70,
    0xc,

    /* U+0078 "x" */
    0x7, 0xff, 0xd4, 0x1, 0xf8, 0x7b, 0xff, 0x18,
    0x39, 0x80, 0x4a, 0xa0, 0xf, 0xac, 0x40, 0x27,
    0x30, 0x7, 0x0, 0x6b, 0x10, 0xe, 0x65, 0x0,
    0x8a, 0x0, 0x22, 0x80, 0x8, 0x68, 0x3, 0x14,
    0x80, 0x6f, 0x0, 0xe7, 0x30, 0x9, 0x18, 0x2,
    0xe0, 0xd, 0x4, 0x1, 0xee, 0x0, 0xd2, 0x40,
    0xe6, 0x1, 0x1b, 0x80, 0x7c, 0x52, 0x1, 0xb8,
    0xe0, 0x3, 0x70, 0x7, 0xf3, 0x20, 0x4, 0x78,
    0x1, 0xa4, 0x80, 0x3f, 0xd4, 0x20, 0x1f, 0x23,
    0x0, 0x7f, 0xc3, 0x60, 0x1f, 0x50, 0x7, 0xff,
    0x5, 0x54, 0x1, 0xd4, 0x20, 0x1f, 0xfc, 0x27,
    0x0, 0xec, 0x0, 0xff, 0xe1, 0x49, 0x0, 0x73,
    0x20, 0x7, 0xff, 0x1, 0x18, 0x3, 0xea, 0x10,
    0xf, 0xfa, 0x80, 0x32, 0x80, 0x43, 0x60, 0x1f,
    0xe9, 0x10, 0x9, 0xe8, 0x80, 0x25, 0x50, 0x7,
    0xe4, 0x60, 0x8, 0xa0, 0x3c, 0x3, 0x58, 0x80,
    0x78, 0x68, 0x3, 0x70, 0x0, 0xa0, 0x2, 0x1a,
    0x0, 0xf5, 0x88, 0x5, 0x6, 0x1, 0x39, 0x80,
    0x48, 0xc0, 0x19, 0x54, 0x1, 0x1b, 0x80, 0x77,
    0x0, 0x69, 0x20, 0x0, 0xd0, 0x6, 0xe0, 0xf,
    0x14, 0x80, 0x69, 0x0, 0x50, 0x6, 0x92, 0x0,
    0xf9, 0x90, 0x2, 0x46,

    /* U+0079 "y" */
    0x9f, 0xfd, 0x0, 0x1f, 0xf7, 0x7f, 0xe3, 0xb0,
    0xc, 0xc0, 0x1f, 0xe5, 0x10, 0x8, 0xcc, 0x48,
    0x1, 0xa, 0x0, 0x7f, 0x70, 0x6, 0x90, 0x7,
    0x80, 0x6f, 0x0, 0xfc, 0x48, 0x1, 0xa, 0x80,
    0x10, 0x80, 0x24, 0x10, 0xf, 0xa8, 0x3, 0x48,
    0x6, 0xb0, 0xd, 0x20, 0x1f, 0x30, 0x6, 0x60,
    0xc, 0xc2, 0x1, 0x30, 0x7, 0x90, 0x40, 0x26,
    0x10, 0xe, 0x60, 0x8, 0x54, 0x3, 0xb8, 0x3,
    0x58, 0x7, 0xa4, 0x3, 0x70, 0x6, 0x15, 0x0,
    0x90, 0x80, 0x3c, 0x2a, 0x1, 0x21, 0x0, 0x4c,
    0x1, 0xbc, 0x3, 0xf4, 0x80, 0x6a, 0x0, 0xa8,
    0x2, 0x24, 0x0, 0xfc, 0x66, 0x0, 0x98, 0x0,
    0x64, 0x1, 0x58, 0x7, 0xfa, 0x40, 0x21, 0x50,
    0x90, 0x8, 0x58, 0x3, 0xfc, 0xa4, 0x1, 0x70,
    0x28, 0x4, 0xc0, 0x1f, 0xfc, 0xa, 0x0, 0x91,
    0x80, 0x34, 0x80, 0x7f, 0xf0, 0x1c, 0x3, 0x48,
    0x4, 0xa2, 0x1, 0xff, 0xc1, 0x70, 0xf, 0xa4,
    0x3, 0xff, 0x85, 0x40, 0x1e, 0x33, 0x0, 0x7f,
    0xf0, 0x89, 0x40, 0x3a, 0x40, 0x3f, 0xf8, 0x92,
    0x1, 0x85, 0x40, 0x3f, 0xf8, 0x86, 0x1, 0xa4,
    0x3, 0xff, 0x8a, 0xc0, 0x19, 0x80, 0x3f, 0xf8,
    0xb0, 0x1, 0x30, 0x80, 0x7f, 0xf1, 0x1c, 0x40,
    0x2a, 0x0, 0xff, 0xe2, 0x1c, 0x0, 0x48, 0x60,
    0x1f, 0xfc, 0x34, 0xd0, 0xd, 0xe0, 0x1f, 0xfc,
    0x14, 0xff, 0x58, 0x80, 0x4a, 0x80, 0x1f, 0xfc,
    0x12, 0x0, 0xf1, 0x58, 0x7, 0xff, 0xb, 0xc0,
    0x38, 0xf0, 0x40, 0x3f, 0xf8, 0x42, 0x20, 0x1,
    0xce, 0x8, 0x7, 0xff, 0x4,

    /* U+007A "z" */
    0x1f, 0xff, 0xfe, 0x31, 0x0, 0x7f, 0xf7, 0x44,
    0x7f, 0xf8, 0x0, 0x1c, 0x64, 0x3d, 0xdf, 0xf2,
    0x0, 0x61, 0xd0, 0xf, 0xfe, 0x3, 0xa8, 0x6,
    0xd1, 0x0, 0xff, 0x96, 0x0, 0x35, 0x18, 0x7,
    0xfc, 0x54, 0x1, 0x9d, 0x40, 0x3f, 0xe1, 0xf0,
    0xc, 0x90, 0x1, 0xff, 0xc0, 0xa2, 0x0, 0x8a,
    0x80, 0x3f, 0xf8, 0x10, 0x80, 0x1b, 0xc4, 0x3,
    0xfe, 0x57, 0x0, 0xd6, 0x40, 0x1f, 0xf1, 0xd0,
    0x6, 0x84, 0x0, 0xff, 0x87, 0x40, 0x32, 0xb8,
    0x7, 0xff, 0x3, 0x44, 0x2, 0x3a, 0x0, 0xff,
    0xe0, 0x49, 0x80, 0x43, 0xa0, 0x1f, 0xfc, 0x6,
    0x60, 0x6, 0xd1, 0x0, 0xff, 0x92, 0x40, 0x34,
    0x98, 0x7, 0xfc, 0x34, 0x1, 0xd7, 0xbb, 0xff,
    0x52, 0x8, 0x7, 0x11, 0x7f, 0xf0, 0x18, 0x3,
    0xff, 0xb8,

    /* U+007B "{" */
    0x0, 0xfe, 0x4b, 0xec, 0x0, 0xfe, 0xab, 0x41,
    0x30, 0xf, 0xd6, 0xa0, 0x11, 0x8, 0x7, 0x95,
    0x0, 0x3, 0xba, 0x10, 0xf, 0x40, 0x5, 0x64,
    0x1, 0xf1, 0x90, 0x4, 0xa0, 0x1f, 0x90, 0x2,
    0x30, 0xf, 0xee, 0x0, 0x9c, 0x3, 0xf8, 0x80,
    0x3f, 0xf8, 0xa2, 0x1, 0xff, 0xe7, 0x70, 0x8,
    0xc0, 0x3f, 0x8c, 0x2, 0xf0, 0xf, 0xcc, 0x1,
    0x9c, 0x3, 0xe5, 0x90, 0x9, 0xc4, 0x3, 0x3d,
    0x6d, 0x0, 0x49, 0x0, 0x1d, 0x4a, 0x40, 0x13,
    0xd8, 0x7, 0xfc, 0xb2, 0x1, 0xff, 0xc0, 0x5f,
    0x40, 0xf, 0x6f, 0x51, 0x0, 0x6, 0xcc, 0x3,
    0xc2, 0xba, 0x60, 0x17, 0x80, 0x7f, 0x70, 0x4,
    0x66, 0x0, 0xfc, 0x42, 0x1, 0x20, 0x7, 0xf1,
    0x0, 0x5a, 0x1, 0xfc, 0xe0, 0x1f, 0xfe, 0xf1,
    0x0, 0xfe, 0x20, 0x9, 0xc0, 0x3f, 0xbc, 0x2,
    0x20, 0xf, 0xe7, 0x0, 0x84, 0x80, 0x3f, 0xa,
    0x0, 0x56, 0x1, 0xfd, 0x0, 0x13, 0x28, 0x7,
    0xe3, 0x80, 0xa, 0xb4, 0x40, 0x3e, 0x77, 0x0,
    0x44, 0x20, 0x1f, 0xa3, 0x14, 0x4c, 0x0,

    /* U+007C "|" */
    0x8f, 0xf5, 0x0, 0x7f, 0xff, 0xc0, 0x3f, 0xff,
    0x20,

    /* U+007D "}" */
    0x2f, 0xd9, 0x20, 0xf, 0xe7, 0x2, 0x6d, 0x50,
    0xf, 0xc6, 0x20, 0x15, 0x28, 0x7, 0xcd, 0xd2,
    0x1, 0x58, 0x80, 0x7e, 0x65, 0x0, 0xc, 0x80,
    0x7f, 0x78, 0x4, 0xa0, 0x1f, 0xce, 0x1, 0x10,
    0x80, 0x7e, 0x20, 0xc, 0xa0, 0x1f, 0xfc, 0x11,
    0x0, 0xff, 0xe0, 0x98, 0x7, 0xff, 0x9c, 0x40,
    0x21, 0x0, 0xfe, 0x50, 0xb, 0x40, 0x3f, 0xb4,
    0x2, 0x51, 0x0, 0xfc, 0xc2, 0x1, 0x69, 0x0,
    0x7e, 0xd0, 0x8, 0xf7, 0x25, 0x0, 0x38, 0xf4,
    0xc0, 0x23, 0x6c, 0x0, 0xf1, 0x40, 0x80, 0x7f,
    0xd1, 0x62, 0x1, 0xfe, 0x77, 0x0, 0x4d, 0x9f,
    0x0, 0x18, 0xa0, 0x2, 0x89, 0x30, 0xf, 0x58,
    0x4, 0x4e, 0x1, 0xf9, 0x0, 0x25, 0x0, 0xfe,
    0x20, 0xb, 0x80, 0x3f, 0xfd, 0x66, 0x1, 0xff,
    0xca, 0x10, 0xc, 0xc0, 0x1f, 0x94, 0x3, 0x18,
    0x7, 0xec, 0x0, 0x90, 0x3, 0xf0, 0xb0, 0x5,
    0xc0, 0x1f, 0xd, 0x8, 0x0, 0x94, 0x3, 0xcd,
    0xc8, 0x1, 0x78, 0x7, 0xc6, 0x1, 0xe, 0x10,
    0x7, 0xce, 0x4, 0xfe, 0x60, 0x1f, 0x80,

    /* U+007E "~" */
    0x0, 0x86, 0x3b, 0xfa, 0xd4, 0x3, 0xff, 0x86,
    0x5e, 0xe2, 0x2, 0x95, 0x84, 0x1, 0xf4, 0xf6,
    0x30, 0x3, 0xc4, 0x3, 0xc7, 0xa6, 0x1, 0xe4,
    0x13, 0xf0, 0x72, 0x0, 0xfe, 0xc5, 0x0, 0xc8,
    0x40, 0xf, 0xa, 0x0, 0xa3, 0xfa, 0x0, 0x35,
    0x49, 0x2, 0x50, 0x4, 0x82, 0x40, 0x7, 0x70,
    0xb, 0xe9, 0x0, 0x4d, 0xbf, 0x62, 0x0, 0x32,
    0x50, 0xa, 0x40, 0x31, 0x69, 0x80, 0x7f, 0x78,
    0x33, 0x11, 0x2, 0x1, 0xec, 0x60, 0xf, 0xa8,
    0xc0, 0xa6, 0xec, 0x1, 0xfa, 0x71, 0x44, 0x5,
    0x75, 0x40, 0x0,

    /* U+00A0 " " */

    /* U+00A1 "¡" */
    0x6, 0xef, 0xc2, 0x2, 0x91, 0x3, 0xf0, 0x40,
    0xc, 0x42, 0x60, 0x1c, 0x2a, 0x60, 0x14, 0x0,
    0x32, 0xe7, 0x5c, 0x2, 0x46, 0x20, 0xf, 0xfe,
    0x67, 0x7f, 0xd0, 0x1, 0xff, 0xc4, 0x10, 0xf,
    0xfe, 0x98, 0x80, 0x7f, 0xf9, 0xc, 0x3, 0xf0,
    0x80, 0x7f, 0xf2, 0x7, 0x33, 0x40, 0x0,

    /* U+00A2 "¢" */
    0x0, 0xfc, 0x24, 0x50, 0x7, 0xff, 0x11, 0xb7,
    0x64, 0x0, 0xff, 0xfe, 0x8b, 0x58, 0x5, 0xe,
    0x20, 0x1f, 0xe8, 0xe9, 0x30, 0x8, 0xe3, 0xa4,
    0x40, 0x3c, 0x38, 0xe0, 0x1f, 0xcd, 0x84, 0x1,
    0xda, 0x60, 0x1f, 0xf1, 0x78, 0x6, 0x83, 0x0,
    0x86, 0x7b, 0xfa, 0x4, 0x2, 0x28, 0x0, 0xb,
    0x80, 0x6c, 0x61, 0x1, 0x7c, 0x10, 0x9, 0x80,
    0xc, 0x1, 0xa4, 0x80, 0x38, 0xa0, 0x2, 0x13,
    0xb, 0x0, 0xcc, 0x1, 0xf3, 0x80, 0x66, 0x3,
    0x0, 0x90, 0x3, 0xf0, 0xdd, 0xe4, 0x10, 0xc,
    0x40, 0x1f, 0xc8, 0x98, 0x4c, 0x3, 0x8, 0x7,
    0xff, 0x8, 0x40, 0x37, 0x80, 0x7f, 0xf0, 0x84,
    0x3, 0x78, 0x7, 0xff, 0x8, 0xc0, 0x30, 0x80,
    0x7f, 0xf0, 0x84, 0x40, 0x12, 0x80, 0x7f, 0xf0,
    0xd0, 0x2, 0x31, 0x0, 0xfd, 0xff, 0x94, 0x3c,
    0x3, 0x40, 0x7, 0xcc, 0x1, 0x98, 0x14, 0x80,
    0x26, 0x60, 0x7, 0x24, 0x80, 0x44, 0x60, 0x9,
    0x0, 0xd3, 0x6c, 0xad, 0x76, 0x0, 0xd0, 0x1,
    0x23, 0x80, 0x64, 0x9a, 0x94, 0x0, 0xcc, 0xa0,
    0x1a, 0x20, 0x1, 0xff, 0x3c, 0x80, 0x79, 0xf1,
    0x0, 0x3e, 0x4c, 0x80, 0xf, 0xc7, 0x7c, 0xc0,
    0x14, 0x75, 0x98, 0x7, 0xfc, 0x3c, 0x1, 0x18,
    0x80, 0x7f, 0xfd, 0x80,

    /* U+00A3 "£" */
    0x0, 0xf8, 0x5e, 0xfb, 0xfd, 0xd6, 0xc0, 0x1f,
    0xf3, 0xf4, 0x20, 0x80, 0x5, 0x27, 0x94, 0x3,
    0xf5, 0x40, 0x7, 0xf0, 0xd3, 0x80, 0x79, 0xd4,
    0x3, 0x84, 0x3, 0xd0, 0x60, 0x18, 0x60, 0x3,
    0x37, 0x73, 0xf0, 0xc0, 0x34, 0x0, 0x67, 0x0,
    0xcb, 0x22, 0x0, 0x3c, 0x20, 0x9, 0x0, 0x36,
    0x0, 0x68, 0x0, 0xf5, 0x80, 0x63, 0x0, 0x9c,
    0x2, 0x12, 0x0, 0xf2, 0x91, 0x67, 0x0, 0xf8,
    0xc0, 0x3e, 0x3d, 0xdc, 0x80, 0x1f, 0x18, 0x7,
    0xff, 0x10, 0x40, 0x3f, 0xf9, 0x82, 0x1, 0xff,
    0xc4, 0x70, 0xf, 0xfe, 0x2d, 0x6e, 0x90, 0x3,
    0x6e, 0xf8, 0x80, 0x3c, 0xc4, 0x40, 0xe, 0x22,
    0xf0, 0x7, 0xff, 0x97, 0x3f, 0xcc, 0x1, 0xb7,
    0xff, 0x88, 0x3, 0xf8, 0x40, 0x30, 0x80, 0x7f,
    0xf6, 0x3c, 0x3, 0x38, 0x7, 0xff, 0x21, 0xc0,
    0x3f, 0xf8, 0x7c, 0x1, 0x88, 0x3, 0xff, 0x86,
    0xa0, 0x11, 0x8, 0x7, 0xff, 0x9, 0xc, 0x2,
    0xa0, 0xf, 0xfe, 0xc, 0xf5, 0x80, 0x69, 0xee,
    0xff, 0xe0, 0x51, 0x8, 0x7, 0x8, 0xff, 0xf0,
    0x80, 0x3f, 0xfb, 0xc0,

    /* U+00A4 "¤" */
    0x0, 0x94, 0x3, 0xff, 0x84, 0x64, 0x1, 0xa6,
    0x9c, 0x0, 0x73, 0xbf, 0xee, 0xb5, 0x0, 0x1e,
    0x60, 0x40, 0x12, 0xc1, 0x10, 0xbc, 0x62, 0x0,
    0xa, 0x56, 0xb6, 0x80, 0xe0, 0x82, 0x0, 0x4e,
    0x80, 0x1f, 0x8a, 0x44, 0x0, 0x4a, 0x18, 0x40,
    0x1e, 0x25, 0x51, 0x80, 0x7d, 0x48, 0x3, 0xe0,
    0x18, 0xaf, 0x6a, 0x99, 0xa8, 0x1, 0xa1, 0x40,
    0x24, 0x0, 0x8b, 0x10, 0x3, 0x15, 0xb0, 0x5,
    0x80, 0x1a, 0xc0, 0x2f, 0x10, 0xf, 0xa4, 0xc0,
    0x8, 0x40, 0x2, 0x20, 0x1, 0x88, 0x3, 0xfa,
    0x0, 0x24, 0x0, 0x38, 0x5, 0x40, 0x1f, 0xe4,
    0x0, 0xb0, 0x0, 0x40, 0x11, 0x80, 0x7f, 0xc6,
    0x0, 0x60, 0x7, 0x80, 0x7f, 0xf0, 0xdc, 0x3,
    0xbc, 0x3, 0xff, 0x86, 0xe0, 0x1c, 0x40, 0x12,
    0x0, 0x7f, 0xc6, 0x0, 0x60, 0x3, 0x80, 0x5a,
    0x1, 0xfe, 0x50, 0xb, 0x0, 0x4, 0x40, 0x3,
    0x10, 0x7, 0xf4, 0x0, 0x4e, 0x1, 0x58, 0x5,
    0xe2, 0x1, 0xf5, 0x10, 0x1, 0x44, 0x2, 0x10,
    0x8, 0xbd, 0x0, 0x31, 0x5a, 0x80, 0x4c, 0x1,
    0x3c, 0x0, 0x61, 0xbe, 0xaa, 0x66, 0xa0, 0x6,
    0x3c, 0x0, 0x48, 0x7, 0xc2, 0xaa, 0x30, 0xf,
    0x8d, 0x43, 0x4, 0x7, 0x10, 0x3, 0xf1, 0x5a,
    0x80, 0x21, 0x40, 0xb4, 0xb0, 0xef, 0x18, 0x80,
    0x2, 0x95, 0xa9, 0x4a, 0xee, 0x0, 0x8f, 0x48,
    0x0, 0x73, 0xbf, 0xee, 0xb5, 0x0, 0xaa, 0x0,
    0x0,

    /* U+00A5 "¥" */
    0x3f, 0xfe, 0x10, 0xf, 0xfb, 0x3f, 0xf3, 0x1a,
    0x80, 0x69, 0x0, 0xff, 0x29, 0x80, 0x44, 0xc1,
    0x0, 0x19, 0xc4, 0x3, 0xfa, 0x40, 0x34, 0x80,
    0x9, 0xc0, 0x34, 0x80, 0x7e, 0x53, 0x0, 0x91,
    0x0, 0x14, 0x88, 0x4, 0xe2, 0x1, 0xf4, 0x0,
    0x68, 0x0, 0xc3, 0x0, 0x1a, 0x40, 0x3c, 0xa4,
    0x1, 0x31, 0x80, 0x73, 0x10, 0x4, 0xe2, 0x1,
    0xd0, 0x1, 0xa0, 0x3, 0xe8, 0x0, 0xd2, 0x1,
    0x94, 0x80, 0x27, 0x10, 0xf, 0x94, 0xc0, 0x27,
    0x10, 0xa, 0x0, 0x21, 0x80, 0xf, 0xef, 0x0,
    0xd2, 0x0, 0x52, 0x0, 0xa0, 0x3, 0xfc, 0x6a,
    0x1, 0x38, 0x84, 0x0, 0x44, 0xc0, 0x1f, 0xf4,
    0x0, 0x69, 0x52, 0x0, 0xa4, 0x3, 0xff, 0x80,
    0x4e, 0x1, 0x3c, 0x0, 0x48, 0x80, 0xf, 0xfe,
    0xc, 0x88, 0x4, 0x40, 0x14, 0x0, 0x7f, 0x27,
    0xfe, 0xe1, 0x0, 0xfb, 0x3f, 0xf2, 0x0, 0x61,
    0x0, 0xff, 0xe3, 0x8, 0x7, 0xff, 0x41, 0x7f,
    0xfd, 0x40, 0x1a, 0x7f, 0xfc, 0xa0, 0x1f, 0xfe,
    0x85, 0xff, 0xf5, 0x0, 0x69, 0xff, 0xf2, 0x80,
    0x7f, 0xf4, 0x4, 0x7e, 0x0, 0xf0, 0x8f, 0xc0,
    0x19, 0x3b, 0xbd, 0x40, 0x1a, 0x7b, 0xbc, 0x80,
    0x1f, 0xff, 0xf0, 0xf, 0xff, 0x18,

    /* U+00A6 "¦" */
    0x4f, 0xfc, 0x20, 0x1f, 0xff, 0xf0, 0xf, 0xe4,
    0xdd, 0xc2, 0x4, 0x58, 0x3, 0xff, 0x82, 0x9f,
    0xf8, 0x40, 0x3f, 0xff, 0xe0, 0x1f, 0xce, 0x45,
    0x80,

    /* U+00A7 "§" */
    0x0, 0xf1, 0xc6, 0x77, 0xfd, 0xb4, 0xc2, 0x1,
    0xfc, 0x79, 0x87, 0x31, 0x0, 0x89, 0x67, 0xa0,
    0x3, 0xe6, 0xc3, 0x0, 0xff, 0x9f, 0x4, 0x3,
    0x24, 0x80, 0x78, 0x48, 0x3, 0xc7, 0x40, 0x1a,
    0x40, 0x31, 0x57, 0xf6, 0xfe, 0x20, 0x6, 0x45,
    0x0, 0x21, 0x0, 0x47, 0xaa, 0x1, 0x8e, 0xd8,
    0x3, 0x70, 0x0, 0xc0, 0x34, 0x0, 0x7e, 0x91,
    0x0, 0x90, 0x1, 0xe0, 0x19, 0x80, 0x3f, 0x9c,
    0x3, 0x10, 0x78, 0x6, 0x60, 0xf, 0xed, 0x66,
    0xc6, 0x6, 0x1, 0xa0, 0x3, 0xf9, 0x26, 0x70,
    0x82, 0x0, 0x63, 0xe6, 0x0, 0xff, 0xe1, 0xc0,
    0x6, 0x19, 0xfa, 0x51, 0x0, 0xff, 0x9d, 0x40,
    0x3c, 0xb5, 0xd8, 0xc2, 0x1, 0xfd, 0xa0, 0x1f,
    0xc7, 0x3d, 0x46, 0x1, 0xea, 0x80, 0xf, 0xfe,
    0x2, 0xe4, 0x80, 0x66, 0x50, 0x9, 0x36, 0x94,
    0x40, 0x3e, 0x6c, 0x0, 0xac, 0x2, 0x2b, 0x25,
    0xae, 0xb6, 0x0, 0xf1, 0xc8, 0x9, 0x0, 0x4a,
    0x1, 0xc9, 0x3f, 0x22, 0x1, 0x98, 0x48, 0x3,
    0x78, 0x7, 0xe6, 0xf2, 0x0, 0xce, 0x20, 0x1b,
    0x80, 0x3f, 0x87, 0x80, 0x37, 0x10, 0x6, 0x63,
    0x0, 0xfe, 0x30, 0xc, 0x20, 0x80, 0x1b, 0x20,
    0x40, 0x3e, 0x20, 0xd, 0xc1, 0x0, 0x1c, 0xfd,
    0x6a, 0x20, 0x1a, 0x80, 0x32, 0x1, 0xc8, 0x7,
    0x92, 0xba, 0xdc, 0xa1, 0xc0, 0x23, 0x30, 0x1,
    0xac, 0x40, 0x3e, 0x48, 0xd7, 0x0, 0x8b, 0x40,
    0x32, 0x74, 0x8, 0x7, 0xfc, 0x98, 0x20, 0x1e,
    0x7e, 0xb5, 0x10, 0xf, 0xca, 0x60, 0x1f, 0xc9,
    0x5d, 0x8e, 0x20, 0x1c, 0x3e, 0x1, 0xff, 0xc0,
    0x38, 0xeb, 0x30, 0xc, 0x4c, 0x1, 0xff, 0xc2,
    0x4c, 0x70, 0xd, 0xa0, 0x53, 0x38, 0xc0, 0x3f,
    0xa0, 0x40, 0x26, 0x1, 0x66, 0xc8, 0x1, 0xfe,
    0x50, 0x8, 0xc0, 0x80, 0x35, 0x80, 0x7f, 0x94,
    0x2, 0x30, 0x12, 0x0, 0x8e, 0x40, 0x3f, 0x40,
    0x80, 0x4e, 0x0, 0x80, 0xc, 0xd8, 0xa4, 0x0,
    0x15, 0xb7, 0x0, 0xdc, 0x0, 0x55, 0x0, 0x63,
    0xad, 0xff, 0x75, 0x20, 0x6, 0x54, 0x0, 0xa9,
    0x40, 0x3f, 0xf8, 0x49, 0x40, 0x1d, 0x54, 0x20,
    0xf, 0xf0, 0xcd, 0x80, 0x7c, 0xbb, 0x90, 0xa6,
    0x45, 0x23, 0xdf, 0x30, 0x6,

    /* U+00A8 "¨" */
    0x5, 0xa9, 0x10, 0xe, 0x5a, 0x91, 0x5, 0xa5,
    0x6f, 0x0, 0xcb, 0x4a, 0xd8, 0x18, 0x1, 0x9,
    0x80, 0x5e, 0x1, 0x11, 0x38, 0x3, 0x10, 0x4,
    0x40, 0x18, 0xdd, 0x40, 0x68, 0x40, 0x28, 0x50,
    0x1a, 0x10,

    /* U+00A9 "©" */
    0x0, 0xf9, 0x2b, 0x7f, 0xdd, 0x6c, 0x20, 0x1f,
    0xf2, 0x6d, 0xa9, 0x9, 0xa, 0x4f, 0x38, 0x7,
    0xf3, 0xd9, 0x2d, 0xff, 0x6f, 0xeb, 0x84, 0x60,
    0x80, 0x79, 0xe0, 0x72, 0x90, 0x3, 0x14, 0x71,
    0x9b, 0x40, 0x39, 0x20, 0x7c, 0xc1, 0xb3, 0xfd,
    0xb0, 0x3, 0x88, 0x72, 0x1, 0xa4, 0x34, 0x42,
    0xa4, 0xc0, 0x4, 0xf8, 0x0, 0xb2, 0x62, 0x0,
    0x29, 0x31, 0x83, 0x28, 0x47, 0x72, 0x80, 0xdc,
    0x1, 0x21, 0x0, 0xe, 0xb, 0x0, 0x58, 0x3b,
    0x84, 0x4a, 0xe1, 0x60, 0x4, 0x25, 0x0, 0x21,
    0x10, 0x0, 0x41, 0x40, 0x1a, 0xd5, 0x0, 0x25,
    0x4, 0x20, 0x40, 0x1, 0x0, 0xc, 0x3, 0x1d,
    0x40, 0x5, 0xa0, 0x62, 0x2, 0x1, 0xff, 0xc4,
    0x60, 0xf0, 0xf, 0xfe, 0x50, 0x80, 0x80, 0x8,
    0x0, 0x60, 0x18, 0xe5, 0xc0, 0x26, 0xf, 0x20,
    0x40, 0x8, 0x82, 0x80, 0x35, 0xb6, 0x0, 0x5a,
    0x6, 0x8, 0x44, 0x0, 0x58, 0x3b, 0x0, 0x15,
    0xc3, 0x0, 0x25, 0x4, 0xe, 0xb, 0x0, 0x32,
    0x84, 0xff, 0xa8, 0xd, 0xc0, 0xa, 0x4a, 0x0,
    0x52, 0x63, 0x0, 0x54, 0x98, 0x0, 0x9f, 0x0,
    0x28, 0x8, 0x0, 0xa4, 0x34, 0x80, 0xd, 0x9f,
    0xed, 0x80, 0xa, 0xc9, 0xc8, 0x2, 0x48, 0x1c,
    0x30, 0xf, 0xc3, 0x88, 0x70, 0x1, 0xcf, 0x3,
    0x94, 0x60, 0x18, 0xa3, 0x8d, 0x30, 0x3, 0xe7,
    0xb2, 0x5c, 0xfd, 0xd7, 0x6b, 0x84, 0x58, 0x7,
    0xf2, 0x6d, 0x29, 0x14, 0x9, 0x3c, 0xe0, 0x1c,

    /* U+00AA "ª" */
    0x0, 0x86, 0x37, 0xfd, 0xd4, 0x60, 0x1c, 0x9c,
    0xe4, 0x0, 0x15, 0xc6, 0x0, 0x8a, 0xc0, 0x21,
    0x20, 0xa, 0x48, 0x1, 0x60, 0x15, 0xf6, 0xe0,
    0x5, 0x60, 0x2, 0x0, 0x3a, 0x0, 0xd, 0x80,
    0x8, 0x0, 0xbf, 0xe9, 0x0, 0xde, 0x0, 0x30,
    0xc, 0x22, 0x0, 0xff, 0x86, 0x33, 0xbf, 0xe9,
    0x0, 0xe5, 0xe7, 0x31, 0x0, 0xfc, 0x34, 0x0,
    0x18, 0xbb, 0x9c, 0x3, 0x30, 0x5, 0xee, 0x89,
    0x70, 0x6, 0xf0, 0x1, 0x88, 0x6, 0xe0, 0xd,
    0xe0, 0x3, 0x20, 0x0, 0xc3, 0x80, 0x64, 0x0,
    0xb7, 0x31, 0xce, 0x1, 0x8, 0x1b, 0x80, 0x46,
    0x60, 0x19, 0x0, 0x84, 0x22, 0x8c, 0x0, 0x4d,
    0xec, 0x89, 0x10,

    /* U+00AB "«" */
    0x0, 0xf6, 0x77, 0x14, 0x2, 0xce, 0xe3, 0x0,
    0x74, 0x18, 0x92, 0x80, 0x20, 0xc4, 0xd8, 0x3,
    0x23, 0x80, 0x3c, 0x0, 0x8e, 0x0, 0xe0, 0xc,
    0x34, 0x0, 0x63, 0x1, 0xa0, 0x3, 0x18, 0x6,
    0xa1, 0x1, 0x80, 0x5, 0x88, 0xc, 0x0, 0x66,
    0x40, 0x4, 0x8, 0x32, 0x80, 0x20, 0x40, 0x22,
    0x90, 0x1, 0xb0, 0x14, 0x80, 0xd, 0x80, 0x37,
    0x80, 0x5c, 0x0, 0xf0, 0xb, 0xc0, 0x3f, 0xf8,
    0x82, 0x1, 0xdc, 0x1, 0x48, 0x3, 0x80, 0x29,
    0x0, 0xe3, 0x80, 0x2, 0x28, 0x1c, 0x0, 0x11,
    0x40, 0x39, 0xcc, 0x1, 0x60, 0x7, 0x40, 0x5,
    0x80, 0x7b, 0x44, 0x6, 0x0, 0x14, 0x20, 0x32,
    0x1, 0xc3, 0x60, 0x7, 0x20, 0x1a, 0x0, 0x31,
    0x80, 0x72, 0xb0, 0x3, 0x80, 0x8, 0xc0, 0xf,
    0x0, 0xf4, 0x90, 0x1a, 0x80, 0x24, 0x80, 0xd8,

    /* U+00AC "¬" */
    0x15, 0x5f, 0xfe, 0x22, 0x55, 0x7f, 0xf0, 0xec,
    0x3, 0xff, 0xac, 0xbf, 0xff, 0xfc, 0x2, 0x0,
    0xff, 0xfd, 0x80,

    /* U+00AD "­" */
    0xd, 0xdf, 0xfe, 0x1c, 0x81, 0x17, 0xff, 0x10,
    0x3, 0xff, 0xac,

    /* U+00AE "®" */
    0x0, 0xf9, 0x6b, 0x7f, 0xdd, 0x6c, 0x1, 0xff,
    0xc0, 0x4d, 0xa5, 0x21, 0x21, 0x49, 0xe6, 0x0,
    0xfe, 0x8b, 0x25, 0xbf, 0xed, 0xfc, 0x61, 0x9b,
    0x0, 0xfa, 0x1c, 0x72, 0x90, 0x3, 0x1c, 0xe9,
    0xa5, 0x80, 0x72, 0x39, 0x78, 0xff, 0xf6, 0x38,
    0x16, 0x22, 0x20, 0x3, 0x50, 0x78, 0x88, 0x3,
    0x8e, 0x30, 0x1, 0x62, 0xe4, 0x0, 0x61, 0x72,
    0x0, 0xdf, 0xf6, 0x9, 0xb0, 0x2, 0xc2, 0xc0,
    0x14, 0x12, 0x1, 0xf8, 0xd8, 0x3c, 0x0, 0xa4,
    0xc0, 0x3, 0x30, 0x80, 0x7f, 0xf0, 0xd4, 0xc,
    0x81, 0x40, 0x3f, 0x95, 0xc3, 0x40, 0x2d, 0x5,
    0x60, 0xe0, 0xf, 0x7f, 0xd4, 0x10, 0x80, 0x10,
    0x80, 0x80, 0x7f, 0xf0, 0x71, 0xc0, 0x3e, 0x60,
    0xe0, 0xf, 0x7f, 0xa4, 0x28, 0x3, 0x84, 0x4,
    0x81, 0x40, 0x3f, 0x30, 0xb1, 0x0, 0x6c, 0x5,
    0x3, 0x30, 0x80, 0x7e, 0x60, 0xb0, 0xc, 0xe0,
    0x61, 0x41, 0x20, 0x1f, 0xa4, 0x18, 0x80, 0xa,
    0x2c, 0x0, 0x61, 0x72, 0x1, 0x0, 0xe1, 0x60,
    0xb0, 0x1b, 0xb, 0x0, 0xa8, 0x30, 0x4b, 0xfc,
    0x1, 0xa7, 0xe4, 0x28, 0x5c, 0x80, 0x24, 0x71,
    0xf3, 0x0, 0xfc, 0x58, 0x88, 0x80, 0xe, 0x87,
    0x1c, 0xa4, 0x0, 0xc7, 0x3a, 0x69, 0x60, 0x1f,
    0x45, 0x92, 0xdf, 0xf6, 0xfe, 0x30, 0xcd, 0x80,
    0x7f, 0x26, 0xd2, 0x90, 0x90, 0xa4, 0xf3, 0x0,
    0x70,

    /* U+00AF "¯" */
    0x11, 0xff, 0xe1, 0x6, 0xf7, 0x7f, 0xf0, 0x54,
    0x3, 0xff, 0xa4,

    /* U+00B0 "°" */
    0x0, 0x9a, 0xed, 0x4, 0x1, 0x8f, 0xa5, 0x10,
    0xfa, 0xa0, 0x1, 0xd1, 0x0, 0xea, 0x30, 0x91,
    0x5, 0xef, 0x80, 0x7, 0x82, 0x80, 0xd0, 0x83,
    0xa8, 0x18, 0x90, 0x28, 0x6, 0xd0, 0x1, 0x8,
    0x30, 0x6, 0xe0, 0x0, 0xa0, 0x13, 0x80, 0xd,
    0x80, 0x4a, 0x40, 0x11, 0xdb, 0x80, 0x8, 0x3,
    0x90, 0x0, 0x90, 0x1, 0x58, 0x0, 0xd8, 0x80,
    0x3, 0x9a, 0x0, 0x0,

    /* U+00B1 "±" */
    0x0, 0xfc, 0x67, 0x80, 0x3f, 0xf8, 0x79, 0x98,
    0x40, 0x3f, 0xff, 0xe0, 0x1f, 0xfe, 0x2f, 0xff,
    0x80, 0x37, 0x7f, 0xf6, 0x0, 0x7f, 0xf1, 0x84,
    0x3, 0xff, 0xb7, 0xff, 0xf0, 0x6, 0xef, 0xfe,
    0xd0, 0xf, 0xff, 0xf8, 0x7, 0xff, 0xdb, 0xff,
    0x8, 0x7, 0xff, 0x39, 0xbb, 0xbf, 0xf8, 0x84,
    0x2, 0x3f, 0xfc, 0x50, 0xf, 0xfe, 0xd8,

    /* U+00B2 "²" */
    0x0, 0x8a, 0x77, 0xfd, 0xb2, 0x40, 0x1c, 0xba,
    0xc4, 0x0, 0x26, 0xd6, 0x0, 0x8e, 0x80, 0x3f,
    0x49, 0x0, 0x20, 0x2, 0xaf, 0xf4, 0x80, 0x54,
    0x0, 0x40, 0x2, 0xa8, 0x0, 0xc2, 0x0, 0x30,
    0x5, 0x55, 0x0, 0x18, 0x40, 0x2, 0x0, 0x55,
    0x88, 0x2, 0x80, 0xb, 0x0, 0x3f, 0x2b, 0x80,
    0x9, 0x80, 0x3e, 0x5a, 0x0, 0xb8, 0x3, 0xe5,
    0xa0, 0xb, 0xc, 0x3, 0xcd, 0x40, 0x1, 0xc3,
    0x0, 0xf3, 0xc8, 0x0, 0xbc, 0xc0, 0x3d, 0x10,
    0x0, 0x26, 0x88, 0x7, 0x9d, 0xc0, 0x13, 0x6e,
    0xf8, 0xc3, 0x40, 0x31, 0x17, 0xce, 0x1, 0xff,
    0xc2,

    /* U+00B3 "³" */
    0x0, 0x8e, 0xb7, 0xfd, 0xd4, 0x80, 0x1d, 0x18,
    0xa4, 0x0, 0x15, 0xba, 0x0, 0x91, 0xc0, 0x30,
    0x80, 0x4a, 0xc0, 0xe, 0x0, 0xaf, 0xfa, 0xc0,
    0x2a, 0x0, 0x75, 0x52, 0xd0, 0x0, 0x8a, 0x0,
    0x10, 0x2, 0x2a, 0x90, 0x3, 0x38, 0x1, 0xc0,
    0x3c, 0xcf, 0x1a, 0x40, 0x30, 0x1, 0xeb, 0x87,
    0x20, 0x3f, 0x20, 0xf, 0xf8, 0xf4, 0x40, 0x3d,
    0xbf, 0xea, 0x10, 0x3a, 0x0, 0xfe, 0x59, 0x0,
    0x20, 0x86, 0x64, 0xe0, 0x1f, 0x8c, 0x4, 0xcd,
    0x8, 0x0, 0x2a, 0x0, 0x88, 0x2c, 0x2, 0xbf,
    0xed, 0x20, 0x3, 0x0, 0x19, 0x80, 0x18, 0x40,
    0x24, 0x90, 0xa, 0x6d, 0x44, 0x0, 0x2b, 0x76,
    0x0, 0x0,

    /* U+00B4 "´" */
    0x0, 0xcd, 0x11, 0x8c, 0x2, 0x59, 0x77, 0x88,
    0xc0, 0x3, 0x60, 0x12, 0xd0, 0x5, 0x62, 0x0,
    0x4a, 0x0, 0x95, 0x40, 0x4, 0xb0, 0x8, 0x6c,
    0x0, 0x96, 0x1, 0x80,

    /* U+00B5 "µ" */
    0x8f, 0xfc, 0x40, 0x1f, 0x3f, 0xfe, 0x40, 0xf,
    0xff, 0xf8, 0x7, 0xff, 0xfc, 0x3, 0xff, 0xfe,
    0x1, 0xf8, 0x40, 0x3f, 0xf8, 0xcc, 0x1, 0xff,
    0xc6, 0xd0, 0xf, 0xfe, 0x33, 0x0, 0x78, 0x64,
    0x3, 0xfc, 0x36, 0x40, 0x12, 0xf8, 0x80, 0x7f,
    0xc9, 0xbd, 0xcf, 0xa1, 0x0, 0xff, 0xe1, 0x8,
    0x80, 0x3f, 0xf9, 0x50, 0x1, 0xfe, 0x85, 0x10,
    0x1, 0x36, 0xb0, 0x7, 0xf9, 0x6b, 0xbf, 0xdb,
    0x24, 0x3f, 0xf9, 0x0, 0x3f, 0xff, 0xe0, 0x1f,
    0xfe, 0xe0,

    /* U+00B6 "¶" */
    0x0, 0xe3, 0x8c, 0xef, 0xff, 0x30, 0x4, 0x57,
    0x8e, 0x62, 0x1, 0xfc, 0x78, 0x80, 0x1f, 0xfc,
    0x1, 0xd1, 0x0, 0xff, 0xe0, 0xd8, 0x80, 0x7f,
    0xf0, 0x49, 0x40, 0x3f, 0xf8, 0x4a, 0x1, 0xff,
    0xc3, 0xd0, 0xf, 0xfe, 0x1b, 0x0, 0x7f, 0xf4,
    0xdc, 0x3, 0xff, 0x86, 0x40, 0x1f, 0xfc, 0x3c,
    0x0, 0xff, 0xe1, 0xa8, 0x7, 0xff, 0x11, 0xc0,
    0x3f, 0xf8, 0x70, 0x60, 0x1f, 0xfc, 0x3d, 0x40,
    0xf, 0xfe, 0x10, 0xdc, 0x88, 0x7, 0xff, 0x9,
    0xbb, 0x21, 0x95, 0x8, 0x3, 0xfc, 0x6f, 0x35,
    0x6a, 0x1, 0xff, 0xff, 0x0, 0xff, 0xfe, 0x80,

    /* U+00B7 "·" */
    0x0, 0x12, 0x10, 0x5, 0x1b, 0x7a, 0xe0, 0x4e,
    0x1, 0x40, 0x88, 0x3, 0x8c, 0xc0, 0x18, 0x48,
    0x2c, 0x80, 0xb4, 0x0,

    /* U+00B8 "¸" */
    0xb, 0xff, 0x58, 0x6, 0x50, 0x2, 0x51, 0x0,
    0x98, 0x4, 0xb8, 0x22, 0xdf, 0x50, 0x0, 0xb8,
    0x5, 0xc0, 0x17, 0x0, 0x5c, 0x1, 0x78, 0x5f,
    0x28, 0x4, 0xc0, 0xa2, 0x1, 0x58, 0x81, 0x89,
    0xc7, 0x20, 0x0,

    /* U+00B9 "¹" */
    0x0, 0xf9, 0x0, 0x39, 0x2b, 0xac, 0x41, 0x6b,
    0xed, 0x44, 0x0, 0xb4, 0xa0, 0x1f, 0xe1, 0x0,
    0xc2, 0xf5, 0xd2, 0x1, 0x92, 0x14, 0x40, 0x3f,
    0xff, 0xe0, 0x1f, 0xf0,

    /* U+00BA "º" */
    0x0, 0x8a, 0x77, 0xfd, 0xb2, 0x40, 0x1c, 0xfa,
    0xc4, 0x0, 0x26, 0xd7, 0x0, 0x9a, 0x0, 0x22,
    0x20, 0x5, 0xc, 0x3, 0x20, 0x2, 0xdd, 0xc4,
    0x0, 0x80, 0x70, 0xb, 0x8, 0x0, 0x5e, 0x0,
    0x16, 0xc0, 0x2, 0x8, 0x6, 0x23, 0x0, 0x78,
    0x80, 0x8, 0x3, 0xcc, 0x0, 0x27, 0x0, 0xfe,
    0x30, 0xf, 0xfe, 0x2b, 0x80, 0x7f, 0x18, 0x4,
    0x20, 0x2, 0x0, 0xf3, 0x0, 0xb, 0x0, 0x8,
    0x20, 0x18, 0x8c, 0x1, 0xee, 0x1, 0x69, 0x0,
    0xb, 0x80, 0x26, 0x19, 0x0, 0x1e, 0xee, 0x30,
    0x4, 0x80, 0x1a, 0x0, 0x22, 0x20, 0x5, 0xc,
    0x1, 0x3e, 0xb1, 0x0, 0x9, 0xb5, 0xc0, 0x0,

    /* U+00BB "»" */
    0x2e, 0xfe, 0x20, 0x0, 0xf7, 0xf1, 0x80, 0x71,
    0x38, 0xf, 0x0, 0x6, 0x40, 0x78, 0x3, 0xd0,
    0x20, 0x70, 0x0, 0x72, 0x2, 0x90, 0xe, 0x1b,
    0x0, 0x3a, 0x0, 0x24, 0x0, 0xca, 0x1, 0xca,
    0x60, 0xa, 0x10, 0x45, 0x0, 0x51, 0x0, 0x77,
    0x0, 0x6, 0xc0, 0x16, 0x1, 0x70, 0x7, 0x13,
    0x80, 0x15, 0x80, 0x60, 0x0, 0x70, 0x1, 0xd0,
    0x20, 0x9, 0x20, 0x72, 0x0, 0x39, 0x80, 0x71,
    0x80, 0x78, 0x40, 0x27, 0x0, 0xd0, 0x40, 0x8,
    0x20, 0x63, 0x0, 0x3a, 0x0, 0x44, 0xe0, 0x4,
    0x70, 0x18, 0x0, 0x1c, 0x0, 0x69, 0x0, 0xd,
    0x0, 0x20, 0x40, 0x1c, 0x1, 0x95, 0x0, 0x14,
    0x20, 0x6c, 0x0, 0x92, 0x0, 0xd6, 0x0, 0x74,
    0x0, 0x78, 0x1, 0x58, 0x3, 0x40, 0x81, 0xc0,
    0x1, 0x8c, 0x6, 0xc0, 0x31, 0x38, 0x3, 0x80,
    0x3, 0x20, 0xd, 0x10, 0xc,

    /* U+00BC "¼" */
    0x0, 0xff, 0xe6, 0x93, 0xe6, 0x80, 0x7f, 0xf0,
    0xc9, 0xf3, 0x60, 0xc0, 0x3f, 0xf8, 0x9f, 0x6,
    0x1, 0xff, 0xca, 0x20, 0xf, 0xfe, 0x35, 0xe7,
    0xc0, 0x7, 0xf9, 0x54, 0x1, 0xe6, 0x30, 0xf,
    0xfe, 0x5, 0xd6, 0x0, 0x7f, 0xf1, 0xa0, 0x41,
    0x80, 0x3f, 0xf8, 0xa2, 0xe0, 0xb, 0x0, 0xff,
    0xe2, 0xc0, 0x1, 0xc4, 0x3, 0xff, 0x88, 0x4c,
    0x0, 0x90, 0xf, 0xfe, 0x2c, 0x0, 0x20, 0x40,
    0x3f, 0xf8, 0x84, 0xa0, 0x2e, 0x1, 0xff, 0xc5,
    0x90, 0x4, 0x0, 0x7f, 0xf1, 0x4d, 0x0, 0x58,
    0x3, 0xfe, 0x5f, 0xf6, 0x80, 0x3c, 0x1, 0x60,
    0x18, 0x8a, 0x0, 0xff, 0x21, 0x81, 0x28, 0x5,
    0x3b, 0xb0, 0x80, 0x7f, 0x48, 0x2, 0x40, 0x25,
    0x60, 0xf, 0xfe, 0x2, 0x90, 0x1a, 0x0, 0x6,
    0xc0, 0x3f, 0xf8, 0x30, 0x0, 0xf0, 0xa, 0x84,
    0x3, 0xff, 0x80, 0xc4, 0x8, 0x60, 0x7, 0x40,
    0x60, 0xf, 0xfa, 0x0, 0x12, 0x0, 0x38, 0x4,
    0xb0, 0xf, 0xf3, 0x88, 0x29, 0x0, 0x38, 0x6,
    0x80, 0x3f, 0xc3, 0x0, 0x8, 0x0, 0x49, 0x6,
    0x88, 0x7, 0xf8, 0x60, 0x18, 0x81, 0x18, 0x6,
    0x2e, 0x40, 0x2a, 0x80, 0xe, 0x7e, 0x80, 0x6,
    0x0, 0x5, 0x12, 0x0, 0x91, 0x0, 0x1e, 0x11,
    0x0, 0x3c, 0x3, 0xff, 0x92, 0xff, 0xfd, 0xa0,
    0x17, 0x60, 0x7, 0xff, 0x80,

    /* U+00BD "½" */
    0x0, 0xff, 0xe8, 0x25, 0x7a, 0x0, 0x7f, 0xf1,
    0x56, 0xbe, 0xd4, 0x3, 0xff, 0x8c, 0xf4, 0xa0,
    0x1f, 0xfc, 0xc2, 0x0, 0xff, 0xe4, 0x25, 0x76,
    0x88, 0x7, 0xf4, 0x18, 0x7, 0xe3, 0x51, 0x0,
    0xff, 0x1b, 0xe4, 0x0, 0x7f, 0xf2, 0x3c, 0x1,
    0xa0, 0x1f, 0xfc, 0x74, 0x30, 0x35, 0x0, 0xff,
    0xe3, 0xc8, 0x2, 0x0, 0x3f, 0xf8, 0xec, 0x40,
    0x88, 0x0, 0xff, 0xe3, 0xc0, 0x2, 0x0, 0x3f,
    0xf8, 0xee, 0x20, 0xa6, 0x1, 0xff, 0xc7, 0x90,
    0x4, 0x0, 0x7f, 0xf1, 0xe0, 0x41, 0x88, 0x3,
    0xff, 0x85, 0xdf, 0xe4, 0x17, 0x0, 0x40, 0x1,
    0x26, 0xa5, 0x84, 0x3, 0xfe, 0x80, 0x3, 0x89,
    0x6d, 0xb2, 0xb4, 0xf3, 0x0, 0x7f, 0x13, 0x0,
    0x24, 0x3c, 0x80, 0x3d, 0x28, 0x1, 0xfa, 0x0,
    0x10, 0x2c, 0x40, 0xa, 0xfd, 0x20, 0x7, 0x0,
    0x7c, 0x4a, 0x2, 0xe1, 0xa0, 0x6, 0x50, 0x2a,
    0x0, 0x30, 0x7, 0xd2, 0x0, 0x80, 0x4, 0xe6,
    0x20, 0x2, 0xe0, 0xf, 0xe3, 0x40, 0x26, 0x0,
    0x11, 0x98, 0x40, 0x4, 0xc0, 0xb, 0x0, 0xf7,
    0x80, 0x20, 0x3, 0xf0, 0xf8, 0x0, 0x9c, 0x3,
    0x90, 0xc0, 0xd4, 0x3, 0xe2, 0xc2, 0x1, 0xf0,
    0xf, 0x2b, 0x4, 0x0, 0x7c, 0x58, 0x40, 0x38,
    0x40, 0x1e, 0x19, 0xd4, 0x0, 0xf1, 0x60, 0x81,
    0x79, 0x0, 0x7f, 0x10, 0x7, 0x8b, 0x4, 0x13,
    0x44, 0x3, 0xff, 0x88, 0x58, 0x20, 0x1, 0x99,
    0xe2, 0x0, 0xff, 0xe0, 0x20, 0x80, 0x4a, 0xcd,
    0xe0, 0xf, 0xfe, 0x60,

    /* U+00BE "¾" */
    0x0, 0xc, 0x6f, 0xfb, 0xa9, 0x0, 0x3f, 0xf8,
    0x65, 0xee, 0x40, 0x1, 0x5b, 0x70, 0xf, 0xfe,
    0x17, 0x8, 0x1, 0x10, 0x20, 0x8, 0x20, 0xf,
    0xfe, 0x9, 0x8, 0xae, 0xef, 0x10, 0x2, 0x0,
    0x7f, 0xf0, 0x7b, 0xa4, 0x0, 0x9, 0x80, 0xc,
    0x3, 0x9c, 0x40, 0x3f, 0x89, 0x16, 0x88, 0x9,
    0x40, 0x33, 0x47, 0x28, 0x7, 0xea, 0xba, 0x50,
    0x5c, 0x0, 0xe8, 0x0, 0x20, 0x7, 0xff, 0x5,
    0x58, 0x3, 0x40, 0x83, 0x8, 0x7, 0xe8, 0xff,
    0x50, 0x2, 0x10, 0x0, 0x2e, 0x0, 0x80, 0xf,
    0xfe, 0x2, 0xb0, 0x3, 0x40, 0x10, 0x0, 0x71,
    0x0, 0xe3, 0xdd, 0x80, 0x3e, 0x30, 0x16, 0x1,
    0x80, 0xf, 0x11, 0x69, 0x10, 0x56, 0x0, 0x68,
    0x58, 0x2, 0x40, 0x3e, 0x15, 0x0, 0x37, 0x7d,
    0x0, 0x5, 0x89, 0x40, 0x5c, 0x3, 0xf5, 0x30,
    0x7, 0x8b, 0x6, 0x40, 0x10, 0x1, 0xfe, 0x9d,
    0x86, 0x63, 0xde, 0x91, 0xa0, 0x13, 0x0, 0x4,
    0x8a, 0x0, 0xe2, 0x79, 0x94, 0x20, 0x3, 0xc0,
    0x10, 0x1, 0x6e, 0xd8, 0x1, 0xff, 0xc0, 0x43,
    0x3, 0x50, 0x4, 0x18, 0x7, 0xff, 0xe, 0x40,
    0x10, 0x0, 0x47, 0x0, 0xff, 0xe1, 0xa9, 0x2,
    0x20, 0x6, 0x80, 0x3f, 0xf8, 0x90, 0x0, 0x80,
    0x5, 0x88, 0x30, 0x7, 0xff, 0x5, 0x88, 0x14,
    0xc1, 0x54, 0xf, 0x80, 0x1f, 0xfc, 0x18, 0x0,
    0x40, 0x15, 0x2, 0x40, 0x7, 0xff, 0x6, 0x4,
    0x18, 0x83, 0x80, 0x68, 0x3, 0xff, 0x85, 0x66,
    0x10, 0xe, 0x60, 0x75, 0x72, 0x0, 0x1b, 0x60,
    0xf, 0x8f, 0x34, 0x43, 0x0, 0x4, 0x88, 0x30,
    0x9, 0x3c, 0x3, 0xf8, 0x80, 0x2, 0x1, 0xff,
    0xcb, 0xaf, 0xfe, 0xa0, 0x0, 0xfc, 0x80, 0x7f,
    0xf9, 0x0,

    /* U+00BF "¿" */
    0x0, 0xf8, 0x6f, 0xf9, 0x40, 0x3f, 0xf8, 0x32,
    0x80, 0x34, 0x1, 0xff, 0xc1, 0x30, 0xc, 0x40,
    0x1f, 0xfc, 0x3, 0x0, 0x84, 0x80, 0x3f, 0xf8,
    0x10, 0xc4, 0x94, 0x1, 0xff, 0xc2, 0x9d, 0xb4,
    0x0, 0xff, 0xf2, 0x8a, 0x24, 0x60, 0x1f, 0xfc,
    0x16, 0xbb, 0xb4, 0x3, 0xff, 0x83, 0xe0, 0x11,
    0x80, 0x7f, 0xf0, 0x50, 0x2, 0x10, 0xf, 0xfe,
    0x2, 0x98, 0x4, 0xa0, 0x1f, 0xf2, 0x50, 0x6,
    0xa0, 0xf, 0xf2, 0x58, 0x6, 0x83, 0x0, 0xfe,
    0x3b, 0x0, 0xce, 0xe0, 0xf, 0xe1, 0xd0, 0xc,
    0xf0, 0x1, 0xfe, 0xb1, 0x0, 0x92, 0x0, 0x3f,
    0xc6, 0xa0, 0x10, 0xd0, 0x7, 0xfd, 0x40, 0x1a,
    0xc4, 0x3, 0xfe, 0x40, 0x8, 0x54, 0x3, 0xff,
    0x80, 0x40, 0x12, 0x80, 0x7f, 0xf1, 0x44, 0x3,
    0xe9, 0xbb, 0xa0, 0x3, 0x9c, 0x3, 0xe6, 0x44,
    0x8c, 0xc, 0x2, 0x23, 0x0, 0xe8, 0x0, 0xc6,
    0x16, 0x1, 0xb5, 0x40, 0x5, 0x2e, 0x1, 0xac,
    0x1c, 0x40, 0x21, 0xaf, 0xf6, 0xb0, 0x6, 0x53,
    0x0, 0x50, 0x7, 0xff, 0x0, 0xac, 0x2, 0x4c,
    0x20, 0xf, 0xe5, 0xc1, 0x0, 0xc7, 0xb4, 0xa4,
    0x0, 0x13, 0x7d, 0xa1, 0x0, 0x0,

    /* U+00C0 "À" */
    0x0, 0xe1, 0x77, 0xcc, 0x1, 0xff, 0xc6, 0x1e,
    0x88, 0xa5, 0xc0, 0x3f, 0xf8, 0xd2, 0xa0, 0x14,
    0x8, 0x7, 0xff, 0x1a, 0x90, 0x2, 0xa0, 0xf,
    0xfe, 0x3d, 0x98, 0x1, 0x14, 0x3, 0xff, 0x8f,
    0xa4, 0x0, 0xb1, 0x0, 0xff, 0xe3, 0xe, 0xff,
    0xb8, 0x40, 0x3f, 0xfb, 0xfd, 0xff, 0x40, 0x7,
    0xff, 0x18, 0xc4, 0x2, 0x50, 0xf, 0xfe, 0x35,
    0x0, 0x62, 0x20, 0x7, 0xff, 0x15, 0xc0, 0x39,
    0x40, 0x3f, 0xf8, 0x86, 0x20, 0x1d, 0x60, 0x1f,
    0xfc, 0x4b, 0x0, 0xf1, 0x88, 0x7, 0xff, 0xd,
    0x40, 0x3e, 0x70, 0xf, 0xfe, 0x11, 0x10, 0x2,
    0x70, 0xb, 0x40, 0x3f, 0xf8, 0x4a, 0x1, 0x1d,
    0x0, 0x48, 0x20, 0x1f, 0xfc, 0x1b, 0x0, 0xac,
    0x84, 0x2, 0x40, 0xf, 0xfe, 0x0, 0x98, 0x4,
    0x80, 0xe0, 0x17, 0x0, 0x7f, 0xf0, 0x1c, 0x2,
    0x13, 0xd, 0x0, 0x90, 0x3, 0xff, 0x81, 0x40,
    0x13, 0x80, 0x10, 0x3, 0x28, 0x7, 0xf8, 0x4c,
    0x2, 0xd0, 0x9, 0x0, 0x2f, 0x0, 0xff, 0x38,
    0x6, 0x40, 0xb, 0x0, 0x24, 0x0, 0xff, 0x68,
    0x4, 0x80, 0x19, 0x40, 0x21, 0x40, 0xf, 0xe4,
    0x0, 0xb4, 0x3, 0x11, 0x0, 0x2d, 0x0, 0xfc,
    0xa0, 0x19, 0x0, 0x39, 0x0, 0x27, 0x0, 0xfd,
    0xe0, 0x1b, 0x7f, 0xf9, 0x80, 0x21, 0x30, 0xf,
    0x94, 0x3, 0xff, 0x87, 0x60, 0x1e, 0x40, 0xf,
    0xfe, 0x22, 0x80, 0x7b, 0x40, 0x3f, 0xf8, 0x84,
    0x40, 0xe, 0x70, 0x9, 0x3b, 0xbf, 0x60, 0x6,
    0x50, 0xc, 0x82, 0x1, 0x68, 0x8f, 0xe3, 0x10,
    0xa, 0xc0, 0x36, 0x80, 0x64, 0x0, 0xfe, 0x70,
    0x8, 0xc4, 0x2, 0x70, 0x8, 0x88, 0x1, 0xfd,
    0x80, 0x19, 0xc0, 0x6, 0x20, 0x12, 0x0, 0x7f,
    0x90, 0x3, 0x68, 0x2, 0xc0, 0x36, 0x80, 0x7f,
    0x84, 0xc0, 0x24, 0x0, 0x28, 0x6, 0x40, 0xf,
    0xf9, 0x0, 0x32, 0x80,

    /* U+00C1 "Á" */
    0x0, 0xff, 0xe0, 0x8c, 0x46, 0x70, 0xf, 0xfe,
    0x35, 0x3b, 0xe3, 0x0, 0xff, 0xe2, 0xb2, 0x0,
    0x54, 0x80, 0x1f, 0xfc, 0x41, 0x90, 0xa, 0x94,
    0x3, 0xff, 0x8b, 0x40, 0x15, 0x28, 0x7, 0xff,
    0x15, 0x50, 0x1, 0x2a, 0x1, 0xff, 0xc6, 0x5f,
    0xf9, 0x80, 0x3f, 0xfb, 0xfd, 0xff, 0x40, 0x7,
    0xff, 0x18, 0xc4, 0x2, 0x50, 0xf, 0xfe, 0x35,
    0x0, 0x62, 0x20, 0x7, 0xff, 0x15, 0xc0, 0x39,
    0x40, 0x3f, 0xf8, 0x86, 0x20, 0x1d, 0x60, 0x1f,
    0xfc, 0x4b, 0x0, 0xf1, 0x88, 0x7, 0xff, 0xd,
    0x40, 0x3e, 0x70, 0xf, 0xfe, 0x11, 0x10, 0x2,
    0x70, 0xb, 0x40, 0x3f, 0xf8, 0x4a, 0x1, 0x1d,
    0x0, 0x48, 0x20, 0x1f, 0xfc, 0x1b, 0x0, 0xac,
    0x84, 0x2, 0x40, 0xf, 0xfe, 0x0, 0x98, 0x4,
    0x80, 0xe0, 0x17, 0x0, 0x7f, 0xf0, 0x1c, 0x2,
    0x13, 0xd, 0x0, 0x90, 0x3, 0xff, 0x81, 0x40,
    0x13, 0x80, 0x10, 0x3, 0x28, 0x7, 0xf8, 0x4c,
    0x2, 0xd0, 0x9, 0x0, 0x2f, 0x0, 0xff, 0x38,
    0x6, 0x40, 0xb, 0x0, 0x24, 0x0, 0xff, 0x68,
    0x4, 0x80, 0x19, 0x40, 0x21, 0x40, 0xf, 0xe4,
    0x0, 0xb4, 0x3, 0x11, 0x0, 0x2d, 0x0, 0xfc,
    0xa0, 0x19, 0x0, 0x39, 0x0, 0x27, 0x0, 0xfd,
    0xe0, 0x1b, 0x7f, 0xf9, 0x80, 0x21, 0x30, 0xf,
    0x94, 0x3, 0xff, 0x87, 0x60, 0x1e, 0x40, 0xf,
    0xfe, 0x22, 0x80, 0x7b, 0x40, 0x3f, 0xf8, 0x84,
    0x40, 0xe, 0x70, 0x9, 0x3b, 0xbf, 0x60, 0x6,
    0x50, 0xc, 0x82, 0x1, 0x68, 0x8f, 0xe3, 0x10,
    0xa, 0xc0, 0x36, 0x80, 0x64, 0x0, 0xfe, 0x70,
    0x8, 0xc4, 0x2, 0x70, 0x8, 0x88, 0x1, 0xfd,
    0x80, 0x19, 0xc0, 0x6, 0x20, 0x12, 0x0, 0x7f,
    0x90, 0x3, 0x68, 0x2, 0xc0, 0x36, 0x80, 0x7f,
    0x84, 0xc0, 0x24, 0x0, 0x28, 0x6, 0x40, 0xf,
    0xf9, 0x0, 0x32, 0x80,

    /* U+00C2 "Â" */
    0x0, 0xff, 0x4f, 0xfc, 0xa0, 0x1f, 0xfc, 0x51,
    0xb6, 0x0, 0xa9, 0xc0, 0x3f, 0xf8, 0x65, 0x88,
    0x0, 0x50, 0x4, 0x50, 0x7, 0xff, 0x4, 0xf0,
    0x80, 0x72, 0xa0, 0x0, 0xb8, 0x20, 0x1f, 0xe3,
    0xc1, 0x2, 0xf3, 0x7, 0xa0, 0x1, 0xf8, 0x7,
    0xf8, 0xff, 0xed, 0x10, 0x9, 0x7f, 0xee, 0x0,
    0xff, 0xf9, 0xf7, 0xfd, 0x0, 0x1f, 0xfc, 0x63,
    0x10, 0x9, 0x40, 0x3f, 0xf8, 0xd4, 0x1, 0x88,
    0x80, 0x1f, 0xfc, 0x57, 0x0, 0xe5, 0x0, 0xff,
    0xe2, 0x18, 0x80, 0x75, 0x80, 0x7f, 0xf1, 0x2c,
    0x3, 0xc6, 0x20, 0x1f, 0xfc, 0x35, 0x0, 0xf9,
    0xc0, 0x3f, 0xf8, 0x44, 0x40, 0x9, 0xc0, 0x2d,
    0x0, 0xff, 0xe1, 0x28, 0x4, 0x74, 0x1, 0x20,
    0x80, 0x7f, 0xf0, 0x6c, 0x2, 0xb2, 0x10, 0x9,
    0x0, 0x3f, 0xf8, 0x2, 0x60, 0x12, 0x3, 0x80,
    0x5c, 0x1, 0xff, 0xc0, 0x70, 0x8, 0x4c, 0x34,
    0x2, 0x40, 0xf, 0xfe, 0x5, 0x0, 0x4e, 0x0,
    0x40, 0xc, 0xa0, 0x1f, 0xe1, 0x30, 0xb, 0x40,
    0x24, 0x0, 0xbc, 0x3, 0xfc, 0xe0, 0x19, 0x0,
    0x2c, 0x0, 0x90, 0x3, 0xfd, 0xa0, 0x12, 0x0,
    0x65, 0x0, 0x85, 0x0, 0x3f, 0x90, 0x2, 0xd0,
    0xc, 0x44, 0x0, 0xb4, 0x3, 0xf2, 0x80, 0x64,
    0x0, 0xe4, 0x0, 0x9c, 0x3, 0xf7, 0x80, 0x6d,
    0xff, 0xe6, 0x0, 0x84, 0xc0, 0x3e, 0x50, 0xf,
    0xfe, 0x1d, 0x80, 0x79, 0x0, 0x3f, 0xf8, 0x8a,
    0x1, 0xed, 0x0, 0xff, 0xe2, 0x11, 0x0, 0x39,
    0xc0, 0x24, 0xee, 0xfd, 0x80, 0x19, 0x40, 0x32,
    0x8, 0x5, 0xa2, 0x3f, 0x8c, 0x40, 0x2b, 0x0,
    0xda, 0x1, 0x90, 0x3, 0xf9, 0xc0, 0x23, 0x10,
    0x9, 0xc0, 0x22, 0x20, 0x7, 0xf6, 0x0, 0x67,
    0x0, 0x18, 0x80, 0x48, 0x1, 0xfe, 0x40, 0xd,
    0xa0, 0xb, 0x0, 0xda, 0x1, 0xfe, 0x13, 0x0,
    0x90, 0x0, 0xa0, 0x19, 0x0, 0x3f, 0xe4, 0x0,
    0xca,

    /* U+00C3 "Ã" */
    0x0, 0xfc, 0x6c, 0x60, 0x1c, 0x2e, 0x60, 0x1f,
    0xfc, 0xb, 0xc9, 0xcc, 0x18, 0x4, 0xf1, 0x88,
    0x1, 0xfe, 0xa4, 0x0, 0x8f, 0x29, 0x16, 0x0,
    0xa, 0x1, 0xfc, 0x4a, 0x1, 0xe5, 0xba, 0x10,
    0x41, 0x0, 0xfe, 0x50, 0x3, 0xff, 0x38, 0x7,
    0xa4, 0x3, 0xfc, 0x23, 0x40, 0xc, 0x6a, 0x80,
    0x13, 0x48, 0x3, 0xfc, 0xdd, 0xe0, 0x18, 0xab,
    0xfd, 0x64, 0x1, 0xff, 0xc1, 0x10, 0xf, 0xff,
    0x37, 0x7f, 0xd0, 0x1, 0xff, 0xc6, 0x31, 0x0,
    0x94, 0x3, 0xff, 0x8d, 0x40, 0x18, 0x88, 0x1,
    0xff, 0xc5, 0x70, 0xe, 0x50, 0xf, 0xfe, 0x21,
    0x88, 0x7, 0x58, 0x7, 0xff, 0x12, 0xc0, 0x3c,
    0x62, 0x1, 0xff, 0xc3, 0x50, 0xf, 0x9c, 0x3,
    0xff, 0x84, 0x44, 0x0, 0x9c, 0x2, 0xd0, 0xf,
    0xfe, 0x12, 0x80, 0x47, 0x40, 0x12, 0x8, 0x7,
    0xff, 0x6, 0xc0, 0x2b, 0x21, 0x0, 0x90, 0x3,
    0xff, 0x80, 0x26, 0x1, 0x20, 0x38, 0x5, 0xc0,
    0x1f, 0xfc, 0x7, 0x0, 0x84, 0xc3, 0x40, 0x24,
    0x0, 0xff, 0xe0, 0x50, 0x4, 0xe0, 0x4, 0x0,
    0xca, 0x1, 0xfe, 0x13, 0x0, 0xb4, 0x2, 0x40,
    0xb, 0xc0, 0x3f, 0xce, 0x1, 0x90, 0x2, 0xc0,
    0x9, 0x0, 0x3f, 0xda, 0x1, 0x20, 0x6, 0x50,
    0x8, 0x50, 0x3, 0xf9, 0x0, 0x2d, 0x0, 0xc4,
    0x40, 0xb, 0x40, 0x3f, 0x28, 0x6, 0x40, 0xe,
    0x40, 0x9, 0xc0, 0x3f, 0x78, 0x6, 0xdf, 0xfe,
    0x60, 0x8, 0x4c, 0x3, 0xe5, 0x0, 0xff, 0xe1,
    0xd8, 0x7, 0x90, 0x3, 0xff, 0x88, 0xa0, 0x1e,
    0xd0, 0xf, 0xfe, 0x21, 0x10, 0x3, 0x9c, 0x2,
    0x4e, 0xef, 0xd8, 0x1, 0x94, 0x3, 0x20, 0x80,
    0x5a, 0x23, 0xf8, 0xc4, 0x2, 0xb0, 0xd, 0xa0,
    0x19, 0x0, 0x3f, 0x9c, 0x2, 0x31, 0x0, 0x9c,
    0x2, 0x22, 0x0, 0x7f, 0x60, 0x6, 0x70, 0x1,
    0x88, 0x4, 0x80, 0x1f, 0xe4, 0x0, 0xda, 0x0,
    0xb0, 0xd, 0xa0, 0x1f, 0xe1, 0x30, 0x9, 0x0,
    0xa, 0x1, 0x90, 0x3, 0xfe, 0x40, 0xc, 0xa0,

    /* U+00C4 "Ä" */
    0x0, 0xf2, 0xd4, 0x88, 0x7, 0x2d, 0x40, 0x80,
    0x7f, 0x96, 0x95, 0xb0, 0x3, 0x2d, 0x2b, 0xe0,
    0x7, 0xfb, 0xc0, 0x22, 0x30, 0xb, 0xc0, 0x22,
    0x20, 0x7, 0xf1, 0x0, 0x62, 0x0, 0x88, 0x3,
    0x10, 0x7, 0xf4, 0x28, 0xd, 0x8, 0x5, 0x8,
    0x3, 0x40, 0x1f, 0xf5, 0x7f, 0x28, 0x7, 0x5f,
    0xf2, 0x80, 0x7f, 0xfc, 0xfb, 0xfe, 0x80, 0xf,
    0xfe, 0x31, 0x88, 0x4, 0xa0, 0x1f, 0xfc, 0x6a,
    0x0, 0xc4, 0x40, 0xf, 0xfe, 0x2b, 0x80, 0x72,
    0x80, 0x7f, 0xf1, 0xc, 0x40, 0x3a, 0xc0, 0x3f,
    0xf8, 0x96, 0x1, 0xe3, 0x10, 0xf, 0xfe, 0x1a,
    0x80, 0x7c, 0xe0, 0x1f, 0xfc, 0x22, 0x20, 0x4,
    0xe0, 0x16, 0x80, 0x7f, 0xf0, 0x94, 0x2, 0x3a,
    0x0, 0x90, 0x40, 0x3f, 0xf8, 0x36, 0x1, 0x59,
    0x8, 0x4, 0x80, 0x1f, 0xfc, 0x1, 0x30, 0x9,
    0x1, 0xc0, 0x2e, 0x0, 0xff, 0xe0, 0x38, 0x4,
    0x26, 0x1a, 0x1, 0x20, 0x7, 0xff, 0x2, 0x80,
    0x27, 0x0, 0x20, 0x6, 0x50, 0xf, 0xf0, 0x98,
    0x5, 0xa0, 0x12, 0x0, 0x5e, 0x1, 0xfe, 0x70,
    0xc, 0x80, 0x16, 0x0, 0x48, 0x1, 0xfe, 0xd0,
    0x9, 0x0, 0x32, 0x80, 0x42, 0x80, 0x1f, 0xc8,
    0x1, 0x68, 0x6, 0x22, 0x0, 0x5a, 0x1, 0xf9,
    0x40, 0x32, 0x0, 0x72, 0x0, 0x4e, 0x1, 0xfb,
    0xc0, 0x36, 0xff, 0xf3, 0x0, 0x42, 0x60, 0x1f,
    0x28, 0x7, 0xff, 0xe, 0xc0, 0x3c, 0x80, 0x1f,
    0xfc, 0x45, 0x0, 0xf6, 0x80, 0x7f, 0xf1, 0x8,
    0x80, 0x1c, 0xe0, 0x12, 0x77, 0x7e, 0xc0, 0xc,
    0xa0, 0x19, 0x4, 0x2, 0xd1, 0x1f, 0xc6, 0x20,
    0x15, 0x80, 0x6d, 0x0, 0xc8, 0x1, 0xfc, 0xe0,
    0x11, 0x88, 0x4, 0xe0, 0x11, 0x10, 0x3, 0xfb,
    0x0, 0x33, 0x80, 0xc, 0x40, 0x24, 0x0, 0xff,
    0x20, 0x6, 0xd0, 0x5, 0x80, 0x6d, 0x0, 0xff,
    0x9, 0x80, 0x48, 0x0, 0x50, 0xc, 0x80, 0x1f,
    0xf2, 0x0, 0x65,

    /* U+00C5 "Å" */
    0x0, 0xff, 0x36, 0x6d, 0x18, 0x7, 0xff, 0x1a,
    0xe4, 0xc9, 0x71, 0x40, 0x3f, 0xf8, 0x8c, 0x83,
    0x9f, 0x1, 0x40, 0x1f, 0xfc, 0x4d, 0x9, 0x30,
    0x72, 0x4, 0x0, 0xff, 0xe2, 0x88, 0x4, 0x20,
    0x20, 0x1f, 0xfc, 0x3c, 0xb, 0x10, 0x43, 0x4,
    0x0, 0xff, 0xe1, 0xb9, 0x13, 0xb6, 0xc1, 0xc4,
    0x3, 0xff, 0x89, 0x8c, 0x24, 0x49, 0x80, 0xf,
    0xfe, 0x28, 0xcf, 0x7e, 0xb0, 0x7, 0xff, 0x7f,
    0xbf, 0xe8, 0x0, 0xff, 0xe3, 0x18, 0x80, 0x4a,
    0x1, 0xff, 0xc6, 0xa0, 0xc, 0x44, 0x0, 0xff,
    0xe2, 0xb8, 0x7, 0x28, 0x7, 0xff, 0x10, 0xc4,
    0x3, 0xac, 0x3, 0xff, 0x89, 0x60, 0x1e, 0x31,
    0x0, 0xff, 0xe1, 0xa8, 0x7, 0xce, 0x1, 0xff,
    0xc2, 0x22, 0x0, 0x4e, 0x1, 0x68, 0x7, 0xff,
    0x9, 0x40, 0x23, 0xa0, 0x9, 0x4, 0x3, 0xff,
    0x83, 0x60, 0x15, 0x90, 0x80, 0x48, 0x1, 0xff,
    0xc0, 0x13, 0x0, 0x90, 0x1c, 0x2, 0xe0, 0xf,
    0xfe, 0x3, 0x80, 0x42, 0x61, 0xa0, 0x12, 0x0,
    0x7f, 0xf0, 0x28, 0x2, 0x70, 0x2, 0x0, 0x65,
    0x0, 0xff, 0x9, 0x80, 0x5a, 0x1, 0x20, 0x5,
    0xe0, 0x1f, 0xe7, 0x0, 0xc8, 0x1, 0x60, 0x4,
    0x80, 0x1f, 0xed, 0x0, 0x90, 0x3, 0x28, 0x4,
    0x28, 0x1, 0xfc, 0x80, 0x16, 0x80, 0x62, 0x20,
    0x5, 0xa0, 0x1f, 0x94, 0x3, 0x20, 0x7, 0x20,
    0x4, 0xe0, 0x1f, 0xbc, 0x3, 0x6f, 0xff, 0x30,
    0x4, 0x26, 0x1, 0xf2, 0x80, 0x7f, 0xf0, 0xec,
    0x3, 0xc8, 0x1, 0xff, 0xc4, 0x50, 0xf, 0x68,
    0x7, 0xff, 0x10, 0x88, 0x1, 0xce, 0x1, 0x27,
    0x77, 0xec, 0x0, 0xca, 0x1, 0x90, 0x40, 0x2d,
    0x11, 0xfc, 0x62, 0x1, 0x58, 0x6, 0xd0, 0xc,
    0x80, 0x1f, 0xce, 0x1, 0x18, 0x80, 0x4e, 0x1,
    0x11, 0x0, 0x3f, 0xb0, 0x3, 0x38, 0x0, 0xc4,
    0x2, 0x40, 0xf, 0xf2, 0x0, 0x6d, 0x0, 0x58,
    0x6, 0xd0, 0xf, 0xf0, 0x98, 0x4, 0x80, 0x5,
    0x0, 0xc8, 0x1, 0xff, 0x20, 0x6, 0x50,

    /* U+00C6 "Æ" */
    0x0, 0xff, 0x2f, 0xff, 0xfd, 0x60, 0x1f, 0xf7,
    0x0, 0x7f, 0xf2, 0x85, 0x0, 0x3f, 0xf9, 0x4e,
    0x1, 0xf0, 0x8f, 0x80, 0x3f, 0xda, 0x1, 0xf6,
    0x77, 0x6a, 0x0, 0xfe, 0x14, 0x0, 0xff, 0xe5,
    0x38, 0x4, 0x40, 0x1f, 0xfc, 0x7a, 0x0, 0x94,
    0x3, 0xff, 0x8c, 0x26, 0x0, 0x1d, 0x0, 0xff,
    0xe3, 0x30, 0x4, 0xe0, 0x1f, 0xfc, 0x7b, 0x0,
    0xb4, 0x3, 0xff, 0x8c, 0x46, 0x1, 0x20, 0x7,
    0xff, 0x19, 0x40, 0x25, 0x0, 0xf6, 0xff, 0xe1,
    0x0, 0xfa, 0x80, 0x2f, 0x0, 0xff, 0xe3, 0x19,
    0x0, 0x48, 0x1, 0xff, 0xc6, 0xb0, 0x9, 0x4,
    0x4, 0x3, 0x8, 0xf0, 0x7, 0xcc, 0x1, 0x68,
    0x7, 0xd9, 0xdd, 0x84, 0x3, 0x8c, 0x40, 0x27,
    0x0, 0xff, 0xe3, 0x50, 0x6, 0xef, 0xf5, 0x80,
    0x7f, 0xf0, 0xdc, 0x3, 0xff, 0x94, 0x82, 0x1,
    0xff, 0xca, 0xd0, 0xf, 0xfe, 0x5b, 0x80, 0x4b,
    0x99, 0xa0, 0x3, 0xff, 0x82, 0x82, 0x1, 0x79,
    0x9f, 0x0, 0x7f, 0xf0, 0x78, 0x3, 0x28, 0x7,
    0xff, 0x19, 0x40, 0x24, 0x0, 0xff, 0x67, 0x77,
    0x10, 0x28, 0x6, 0xd0, 0xf, 0xf0, 0x8f, 0x80,
    0x1e, 0x1, 0x9c, 0x3, 0xff, 0x8c, 0xa0, 0x11,
    0x88, 0x7, 0xff, 0x14,

    /* U+00C7 "Ç" */
    0x0, 0xf9, 0x6b, 0xbf, 0xdd, 0x90, 0x60, 0x1f,
    0xf2, 0x6d, 0x28, 0x80, 0x4, 0xdf, 0x2c, 0x40,
    0x3f, 0x3d, 0x90, 0x7, 0xf2, 0x79, 0x80, 0x79,
    0xa0, 0x3, 0xff, 0x80, 0x3a, 0x20, 0x18, 0xa4,
    0x3, 0x2e, 0x7f, 0xba, 0x84, 0x2, 0x1b, 0x0,
    0xd0, 0x1, 0x9e, 0x8c, 0x0, 0x2b, 0xe2, 0x1,
    0x29, 0x0, 0x9, 0x40, 0x23, 0x80, 0xf, 0xd,
    0x80, 0x6a, 0x0, 0x28, 0x6, 0x90, 0xf, 0xca,
    0x20, 0x12, 0x0, 0x2c, 0x3, 0x28, 0x7, 0xf2,
    0x80, 0x46, 0x0, 0x30, 0x8, 0xc0, 0x3f, 0xd1,
    0x33, 0x80, 0x40, 0x33, 0x0, 0x7f, 0x8d, 0x9b,
    0x1, 0x80, 0x63, 0x0, 0xff, 0xe2, 0x8, 0x6,
    0x10, 0xf, 0xff, 0xf8, 0x7, 0xff, 0x58, 0x40,
    0x3f, 0xf8, 0x84, 0x1, 0x8c, 0x3, 0xff, 0x88,
    0x20, 0x19, 0x80, 0x3f, 0xf8, 0xa6, 0x1, 0x18,
    0x7, 0xfa, 0xbf, 0xf0, 0x1, 0x0, 0x32, 0x0,
    0x7f, 0x20, 0x4, 0x40, 0xa, 0x0, 0xde, 0x1,
    0xf9, 0x4, 0x2, 0x40, 0x1, 0x20, 0x4, 0x8a,
    0x1, 0xf4, 0x80, 0x6a, 0x0, 0xa4, 0x3, 0x53,
    0x80, 0x63, 0xc2, 0x0, 0x94, 0xc0, 0x22, 0x80,
    0xd, 0x1f, 0xba, 0xec, 0x30, 0x8, 0x6c, 0x3,
    0x9d, 0xc0, 0x1c, 0x44, 0x10, 0xc, 0x38, 0x20,
    0x1e, 0x8a, 0x10, 0xf, 0xe5, 0xf2, 0x0, 0xfc,
    0xbd, 0x28, 0x1, 0x8d, 0xf6, 0x84, 0x3, 0xfe,
    0x6b, 0x20, 0x1, 0x7c, 0x10, 0x7, 0xff, 0x8,
    0x48, 0x0, 0x59, 0x40, 0x1f, 0xfc, 0x31, 0xeb,
    0x30, 0x2, 0xa8, 0x3, 0xff, 0x86, 0x29, 0x0,
    0x16, 0x80, 0x7f, 0xf1, 0x74, 0x3, 0xff, 0x8f,
    0x7c, 0xc0, 0x15, 0x0, 0x7f, 0xf0, 0xd4, 0x40,
    0x2a, 0x20, 0xf, 0xfe, 0x19, 0x89, 0xbf, 0x28,
    0x7, 0xc0,

    /* U+00C8 "È" */
    0x0, 0xb, 0xbf, 0x0, 0x7f, 0xf0, 0x47, 0xe2,
    0x33, 0x80, 0x7f, 0xf0, 0x61, 0x40, 0x28, 0x20,
    0xf, 0xfe, 0xd, 0x20, 0x5, 0x20, 0x1f, 0xfc,
    0x2b, 0x30, 0x2, 0x28, 0x7, 0xff, 0xb, 0x8,
    0x1, 0x62, 0x1, 0xff, 0xc2, 0xdf, 0xf7, 0x8,
    0x7, 0xff, 0x3b, 0x7f, 0xff, 0xf8, 0xb0, 0x1,
    0xff, 0xec, 0xf0, 0xc, 0x3f, 0xff, 0xfc, 0x17,
    0x0, 0xff, 0xff, 0x80, 0x7f, 0xfc, 0x87, 0xbb,
    0xfe, 0x80, 0xf, 0x84, 0x7f, 0xe2, 0x0, 0xff,
    0xf0, 0xf, 0xff, 0xfd, 0x40, 0x1f, 0xff, 0xf0,
    0xf, 0xff, 0xf8, 0x7, 0xe1, 0xff, 0xff, 0xe0,
    0xc8, 0x7, 0xff, 0xb4,

    /* U+00C9 "É" */
    0x0, 0xff, 0xc, 0x46, 0x70, 0xf, 0xfe, 0xd,
    0x3b, 0xe3, 0x0, 0xff, 0xe0, 0x2a, 0x0, 0x54,
    0x80, 0x1f, 0xf0, 0xd8, 0x5, 0x4a, 0x1, 0xff,
    0xc0, 0xb1, 0x0, 0x4a, 0x80, 0x7f, 0xf0, 0x15,
    0x40, 0x9, 0x60, 0xf, 0xfe, 0xa, 0xff, 0xcc,
    0x1, 0xff, 0xce, 0xdf, 0xff, 0xfe, 0x2c, 0x0,
    0x7f, 0xfb, 0x3c, 0x3, 0xf, 0xff, 0xff, 0x5,
    0xc0, 0x3f, 0xff, 0xe0, 0x1f, 0xff, 0x21, 0xee,
    0xff, 0xa0, 0x3, 0xe1, 0x1f, 0xf8, 0x80, 0x3f,
    0xfc, 0x3, 0xff, 0xff, 0x50, 0x7, 0xff, 0xfc,
    0x3, 0xff, 0xfe, 0x1, 0xf8, 0x7f, 0xff, 0xf8,
    0x32, 0x1, 0xff, 0xed,

    /* U+00CA "Ê" */
    0x0, 0xfa, 0x7f, 0xe5, 0x0, 0xff, 0xe0, 0xd,
    0xb0, 0x5, 0x50, 0x1, 0xfe, 0x2c, 0x40, 0x2,
    0x80, 0x1e, 0x80, 0x3f, 0x1e, 0x10, 0xe, 0x54,
    0x80, 0x17, 0x4, 0x3, 0x8f, 0x4, 0xb, 0xc,
    0x1a, 0xc0, 0x7, 0xe0, 0x1c, 0x7f, 0xf6, 0x90,
    0x4, 0x9f, 0xf7, 0x0, 0x7f, 0xf7, 0x77, 0xff,
    0xff, 0x8b, 0x0, 0x1f, 0xfe, 0xcf, 0x0, 0xc3,
    0xff, 0xff, 0xc1, 0x70, 0xf, 0xff, 0xf8, 0x7,
    0xff, 0xc8, 0x7b, 0xbf, 0xe8, 0x0, 0xf8, 0x47,
    0xfe, 0x20, 0xf, 0xff, 0x0, 0xff, 0xff, 0xd4,
    0x1, 0xff, 0xff, 0x0, 0xff, 0xff, 0x80, 0x7e,
    0x1f, 0xff, 0xfe, 0xc, 0x80, 0x7f, 0xfb, 0x40,

    /* U+00CB "Ë" */
    0x0, 0x96, 0xa4, 0x40, 0x39, 0x6a, 0x44, 0x3,
    0x96, 0x95, 0xbc, 0x3, 0x2d, 0x2b, 0x60, 0x7,
    0x60, 0x4, 0x26, 0x1, 0x78, 0x4, 0x44, 0x0,
    0xdc, 0x1, 0x88, 0x2, 0x20, 0xc, 0x60, 0x19,
    0xd4, 0x6, 0x84, 0x2, 0x85, 0x1, 0xa1, 0x0,
    0xea, 0xfe, 0x50, 0xe, 0xaf, 0xe5, 0x0, 0xff,
    0xee, 0xef, 0xff, 0xff, 0x16, 0x0, 0x3f, 0xfd,
    0x9e, 0x1, 0x87, 0xff, 0xff, 0x82, 0xe0, 0x1f,
    0xff, 0xf0, 0xf, 0xff, 0x90, 0xf7, 0x7f, 0xd0,
    0x1, 0xf0, 0x8f, 0xfc, 0x40, 0x1f, 0xfe, 0x1,
    0xff, 0xff, 0xa8, 0x3, 0xff, 0xfe, 0x1, 0xff,
    0xff, 0x0, 0xfc, 0x3f, 0xff, 0xfc, 0x19, 0x0,
    0xff, 0xf6, 0x80,

    /* U+00CC "Ì" */
    0x0, 0x33, 0xbe, 0x0, 0xff, 0xe0, 0x8c, 0x46,
    0x90, 0xf, 0xfe, 0x3, 0xb8, 0x2, 0x63, 0x0,
    0xff, 0xe0, 0x43, 0x0, 0x5c, 0x1, 0xff, 0xc1,
    0x95, 0x0, 0x13, 0x80, 0x7f, 0xf0, 0x69, 0x0,
    0x10, 0x40, 0x1f, 0xfc, 0x1b, 0xff, 0x88, 0x3,
    0xff, 0x9a, 0xdf, 0xff, 0xfc, 0x46, 0x0, 0xff,
    0xf4, 0x9b, 0x7f, 0xf4, 0x0, 0x6b, 0xff, 0xe5,
    0x0, 0xff, 0xff, 0x80, 0x7f, 0xff, 0xc0, 0x3f,
    0xff, 0xe0, 0x1f, 0xff, 0xf0, 0xf, 0xff, 0x82,
    0xff, 0xf4, 0x0, 0x6b, 0xff, 0xe5, 0x30, 0xf,
    0xfe, 0x21, 0x80, 0x7f, 0xf6, 0x0,

    /* U+00CD "Í" */
    0x0, 0xfe, 0x18, 0x8c, 0xe0, 0x1f, 0xfc, 0xb,
    0x77, 0xc2, 0x1, 0xff, 0x22, 0x80, 0x52, 0xc0,
    0x1f, 0xf5, 0x0, 0x50, 0xc0, 0x1f, 0xf4, 0x88,
    0x2, 0x1c, 0x3, 0xfe, 0x46, 0x0, 0x3b, 0x80,
    0x3f, 0xf8, 0x9, 0xff, 0x40, 0x7, 0xff, 0x35,
    0xbf, 0xff, 0xf8, 0x8c, 0x1, 0xff, 0xe9, 0x36,
    0xff, 0xe8, 0x0, 0xd7, 0xff, 0xca, 0x1, 0xff,
    0xff, 0x0, 0xff, 0xff, 0x80, 0x7f, 0xff, 0xc0,
    0x3f, 0xff, 0xe0, 0x1f, 0xff, 0x5, 0xff, 0xe8,
    0x0, 0xd7, 0xff, 0xca, 0x60, 0x1f, 0xfc, 0x43,
    0x0, 0xff, 0xec, 0x0,

    /* U+00CE "Î" */
    0x0, 0xf4, 0x7f, 0xcc, 0x1, 0xff, 0xc0, 0xa7,
    0x0, 0xa6, 0x40, 0x1f, 0xc3, 0x8a, 0x0, 0x50,
    0x3, 0x58, 0x80, 0x78, 0xbc, 0xc0, 0x17, 0x54,
    0x0, 0x26, 0x10, 0x6, 0x2d, 0x10, 0x1c, 0x40,
    0x5c, 0x10, 0x2c, 0x10, 0x8, 0xbf, 0xee, 0x30,
    0x8, 0xfb, 0xfd, 0xc2, 0x1, 0xff, 0xda, 0x6f,
    0xff, 0xfe, 0x23, 0x0, 0x7f, 0xfa, 0x4d, 0xbf,
    0xfa, 0x0, 0x35, 0xff, 0xf2, 0x80, 0x7f, 0xff,
    0xc0, 0x3f, 0xff, 0xe0, 0x1f, 0xff, 0xf0, 0xf,
    0xff, 0xf8, 0x7, 0xff, 0xc1, 0x7f, 0xfa, 0x0,
    0x35, 0xff, 0xf2, 0x98, 0x7, 0xff, 0x10, 0xc0,
    0x3f, 0xfb, 0x0,

    /* U+00CF "Ï" */
    0x0, 0x25, 0x49, 0x0, 0x72, 0x54, 0x90, 0x6,
    0x3b, 0x56, 0xc1, 0x0, 0x92, 0xd5, 0xb0, 0x3,
    0x58, 0x4, 0x28, 0x1, 0x60, 0x4, 0x28, 0x1,
    0x70, 0x6, 0x70, 0xb, 0x80, 0x33, 0x0, 0x4c,
    0xc0, 0x18, 0x20, 0x9, 0x98, 0x3, 0x24, 0x1,
    0xa7, 0xf9, 0xc0, 0x3a, 0x7f, 0x98, 0x3, 0xff,
    0xb6, 0xdf, 0xff, 0xfc, 0x46, 0x0, 0xff, 0xf4,
    0x9b, 0x7f, 0xf4, 0x0, 0x6b, 0xff, 0xe5, 0x0,
    0xff, 0xff, 0x80, 0x7f, 0xff, 0xc0, 0x3f, 0xff,
    0xe0, 0x1f, 0xff, 0xf0, 0xf, 0xff, 0x82, 0xff,
    0xf4, 0x0, 0x6b, 0xff, 0xe5, 0x30, 0xf, 0xfe,
    0x21, 0x80, 0x7f, 0xf6, 0x0,

    /* U+00D0 "Ð" */
    0x0, 0xdf, 0xff, 0xbb, 0x25, 0x0, 0x3f, 0xf9,
    0x2, 0x6d, 0x7a, 0xa0, 0x1f, 0xfc, 0xa2, 0xab,
    0x10, 0xf, 0xfe, 0x8, 0x8c, 0x1, 0xe4, 0xc1,
    0x0, 0xff, 0x93, 0xba, 0xfb, 0x40, 0xc, 0x5a,
    0x1, 0xff, 0xc4, 0x4b, 0xb0, 0x6, 0x37, 0x0,
    0xff, 0xe2, 0xa5, 0x80, 0x68, 0x10, 0xf, 0xfe,
    0x2a, 0x30, 0x6, 0x60, 0xf, 0xfe, 0x34, 0x0,
    0x6a, 0x0, 0xff, 0xe3, 0x9, 0x80, 0x44, 0x20,
    0x1f, 0xfc, 0x64, 0x0, 0xca, 0x1, 0xff, 0xc6,
    0xd0, 0xc, 0x4a, 0xb8, 0x3, 0x32, 0xae, 0x0,
    0xe1, 0x0, 0xc3, 0x55, 0x80, 0x31, 0x55, 0x61,
    0x0, 0xfe, 0xf0, 0xf, 0xff, 0x27, 0xfe, 0x0,
    0xc9, 0xff, 0x84, 0x3, 0xfb, 0xc0, 0x3f, 0xf8,
    0xc2, 0x1, 0x84, 0x3, 0xff, 0x8d, 0xa0, 0x18,
    0x80, 0x3f, 0xf8, 0xc6, 0x1, 0x94, 0x3, 0xff,
    0x8a, 0x28, 0x1, 0x10, 0x80, 0x7f, 0xf1, 0x64,
    0x3, 0x50, 0x7, 0xff, 0x14, 0xdc, 0x3, 0x30,
    0x7, 0xff, 0x10, 0xf4, 0x3, 0x40, 0x80, 0x7f,
    0xf0, 0x8e, 0x70, 0x40, 0x23, 0x70, 0xf, 0xf2,
    0x77, 0x5f, 0x8c, 0x1, 0x8b, 0x40, 0x3f, 0xf8,
    0x2, 0x30, 0x7, 0x93, 0x4, 0x3, 0xff, 0x8e,
    0x33, 0x62, 0x1, 0xff, 0xc4, 0x13, 0x6b, 0xe6,
    0x0, 0xf0,

    /* U+00D1 "Ñ" */
    0x0, 0xe1, 0x55, 0x8, 0x7, 0x32, 0x88, 0x7,
    0xcb, 0xd5, 0x4e, 0x70, 0xd, 0x15, 0x40, 0xf,
    0x1d, 0x0, 0x68, 0xd6, 0x4b, 0x10, 0x30, 0xf,
    0x40, 0x7, 0x8a, 0x6d, 0x0, 0x14, 0x1, 0xe4,
    0x2, 0xcf, 0xb2, 0x0, 0xe7, 0x20, 0xe, 0x12,
    0xb, 0x30, 0x4d, 0x92, 0x1, 0x88, 0x0, 0x78,
    0x77, 0xd8, 0x3, 0x36, 0xff, 0x38, 0x7, 0xff,
    0x85, 0xff, 0xf4, 0x0, 0x7e, 0x7f, 0xfc, 0x80,
    0x1c, 0xe2, 0x1, 0xff, 0xc7, 0x60, 0xf, 0xfe,
    0x3c, 0x80, 0x7f, 0xf1, 0xc5, 0x80, 0x3f, 0xf8,
    0xf6, 0x1, 0xff, 0xc7, 0x25, 0x0, 0xff, 0xe3,
    0xc8, 0x7, 0xff, 0x1c, 0xd0, 0x3, 0xff, 0x86,
    0x60, 0x17, 0x80, 0x7f, 0xf0, 0xe8, 0x2, 0x42,
    0x0, 0xff, 0xe1, 0x1b, 0x80, 0x50, 0x1, 0xff,
    0xc3, 0x90, 0x9, 0x44, 0x3, 0xff, 0x84, 0x2c,
    0x1, 0x48, 0x7, 0xff, 0xe, 0xc0, 0x27, 0x10,
    0xf, 0xfe, 0x11, 0x28, 0x4, 0xc0, 0x1f, 0xfc,
    0x39, 0x0, 0xa4, 0x3, 0xff, 0x86, 0x66, 0x0,
    0xb, 0x78, 0x7, 0xff, 0xa, 0x0, 0x2b, 0x0,
    0xff, 0xe1, 0xa1, 0x0, 0x9, 0x40, 0x3f, 0xf8,
    0x70, 0x1, 0x10, 0x7, 0xff, 0xd, 0x44, 0x3,
    0xff, 0x8f, 0x20, 0x1f, 0xfc, 0x77, 0x10, 0xf,
    0xfe, 0x3b, 0x0, 0x7f, 0xf1, 0xe4, 0x3, 0xff,
    0x8e, 0x2c, 0x1, 0xff, 0xc7, 0xb0, 0xf, 0xfe,
    0x39, 0x28, 0x7, 0x0,

    /* U+00D2 "Ò" */
    0x0, 0xc6, 0xef, 0x94, 0x3, 0xff, 0x88, 0x79,
    0x11, 0x52, 0x0, 0x7f, 0xf1, 0x2c, 0xc0, 0x29,
    0x0, 0xff, 0xe2, 0xe9, 0x0, 0xa, 0x0, 0x3f,
    0xf8, 0x83, 0x82, 0x0, 0x72, 0x0, 0xff, 0xe2,
    0xe, 0x8, 0x3, 0x80, 0x3f, 0xf8, 0xa5, 0xdf,
    0xec, 0x0, 0xff, 0xf8, 0x35, 0xf7, 0xfb, 0x69,
    0x40, 0x3f, 0xf8, 0xd, 0xd2, 0x82, 0x0, 0x25,
    0xad, 0x40, 0xf, 0xe8, 0x91, 0x0, 0xfc, 0x56,
    0xc0, 0x1f, 0x3b, 0x80, 0x3f, 0xf8, 0x12, 0xa0,
    0x1c, 0x50, 0x1, 0x92, 0xfb, 0x94, 0x60, 0x1a,
    0x84, 0x3, 0x48, 0x6, 0x7b, 0x41, 0x12, 0xe2,
    0x80, 0x68, 0x0, 0x89, 0x0, 0x23, 0x80, 0xf,
    0x50, 0x80, 0x4c, 0x20, 0x5, 0x0, 0xd2, 0x1,
    0xfa, 0x0, 0x33, 0x80, 0x2c, 0x3, 0x28, 0x7,
    0xe7, 0x0, 0xda, 0x0, 0x30, 0x8, 0xc0, 0x3f,
    0x84, 0x80, 0x25, 0x1, 0x0, 0xcc, 0x1, 0xfe,
    0x70, 0x8, 0x44, 0x60, 0x18, 0x80, 0x3f, 0xc6,
    0x1, 0x8c, 0x40, 0x3f, 0xf8, 0x62, 0x1, 0xff,
    0xce, 0x10, 0xf, 0xff, 0xa8, 0x88, 0x3, 0xff,
    0x86, 0x20, 0x1c, 0x60, 0x18, 0x80, 0x3f, 0xc6,
    0x1, 0x8c, 0x40, 0x33, 0x0, 0x7f, 0x9c, 0x2,
    0x11, 0x1, 0x80, 0x46, 0x1, 0xfc, 0x24, 0x1,
    0x28, 0x2, 0xc0, 0x32, 0x80, 0x7e, 0x70, 0xd,
    0xa0, 0x5, 0x0, 0xd2, 0x1, 0xfa, 0xc0, 0x33,
    0x80, 0x9, 0x40, 0x23, 0x80, 0xf, 0x51, 0x0,
    0x4c, 0x20, 0x14, 0x0, 0x67, 0xb3, 0x1, 0x4c,
    0x50, 0xd, 0x0, 0x18, 0xa0, 0x3, 0x26, 0x7f,
    0x59, 0x80, 0x6a, 0x10, 0xe, 0x77, 0x0, 0x7f,
    0xf0, 0x25, 0x40, 0x3e, 0x8a, 0x10, 0xf, 0xc5,
    0x6c, 0x1, 0xfc, 0xbd, 0x28, 0x20, 0x1, 0x5a,
    0xd4, 0x0, 0xe0,

    /* U+00D3 "Ó" */
    0x0, 0xff, 0xe0, 0x4f, 0xfe, 0x80, 0xf, 0xfe,
    0x1a, 0xb0, 0x5, 0x10, 0x0, 0xff, 0xe1, 0xd,
    0x80, 0x52, 0xe0, 0x1f, 0xfc, 0x3d, 0x10, 0x5,
    0x30, 0x7, 0xff, 0xe, 0xc, 0x1, 0x6a, 0x1,
    0xff, 0xc4, 0x8f, 0xf9, 0x0, 0x3f, 0xfd, 0xed,
    0x7d, 0xfe, 0xda, 0x50, 0xf, 0xfe, 0x3, 0x74,
    0xa0, 0x80, 0x9, 0x6b, 0x50, 0x3, 0xfa, 0x24,
    0x40, 0x3f, 0x15, 0xb0, 0x7, 0xce, 0xe0, 0xf,
    0xfe, 0x4, 0xa8, 0x7, 0x14, 0x0, 0x64, 0xbe,
    0xe5, 0x18, 0x6, 0xa1, 0x0, 0xd2, 0x1, 0x9e,
    0xd0, 0x44, 0xb8, 0xa0, 0x1a, 0x0, 0x22, 0x40,
    0x8, 0xe0, 0x3, 0xd4, 0x20, 0x13, 0x8, 0x1,
    0x40, 0x34, 0x80, 0x7e, 0x80, 0xc, 0xe0, 0xb,
    0x0, 0xca, 0x1, 0xf9, 0xc0, 0x36, 0x80, 0xc,
    0x2, 0x30, 0xf, 0xe1, 0x20, 0x9, 0x40, 0x40,
    0x33, 0x0, 0x7f, 0x9c, 0x2, 0x11, 0x18, 0x6,
    0x20, 0xf, 0xf1, 0x80, 0x63, 0x10, 0xf, 0xfe,
    0x18, 0x80, 0x7f, 0xf3, 0x84, 0x3, 0xff, 0xea,
    0x22, 0x0, 0xff, 0xe1, 0x88, 0x7, 0x18, 0x6,
    0x20, 0xf, 0xf1, 0x80, 0x63, 0x10, 0xc, 0xc0,
    0x1f, 0xe7, 0x0, 0x84, 0x40, 0x60, 0x11, 0x80,
    0x7f, 0x9, 0x0, 0x4a, 0x0, 0xb0, 0xc, 0xa0,
    0x1f, 0x9c, 0x3, 0x68, 0x1, 0x40, 0x34, 0x80,
    0x7e, 0xb0, 0xc, 0xe0, 0x2, 0x50, 0x8, 0xe0,
    0x3, 0xd4, 0x40, 0x13, 0x8, 0x5, 0x0, 0x19,
    0xec, 0xc0, 0x53, 0x14, 0x3, 0x40, 0x6, 0x28,
    0x0, 0xc9, 0x9f, 0xd6, 0x60, 0x1a, 0x84, 0x3,
    0x9d, 0xc0, 0x1f, 0xfc, 0x9, 0x50, 0xf, 0xa2,
    0x84, 0x3, 0xf1, 0x5b, 0x0, 0x7f, 0x2f, 0x4a,
    0x8, 0x0, 0x56, 0xb5, 0x0, 0x38,

    /* U+00D4 "Ô" */
    0x0, 0xfe, 0xbf, 0xf7, 0x10, 0x7, 0xff, 0x13,
    0x10, 0x0, 0x38, 0x60, 0x1f, 0xfc, 0x11, 0xc3,
    0x0, 0x8, 0xe, 0x20, 0x7, 0xfc, 0x38, 0x60,
    0xa, 0xf2, 0x0, 0x5a, 0x80, 0x7f, 0x17, 0x90,
    0x2, 0xd4, 0x70, 0x80, 0x14, 0xc0, 0x1f, 0x85,
    0x9d, 0xd8, 0x80, 0x1, 0xc8, 0x77, 0x8, 0x7,
    0xe3, 0x88, 0x8c, 0x3, 0xb, 0xc4, 0x1c, 0x3,
    0xff, 0xd6, 0xd7, 0xdf, 0xed, 0xa5, 0x0, 0xff,
    0xe0, 0x37, 0x4a, 0x8, 0x0, 0x96, 0xb5, 0x0,
    0x3f, 0xa2, 0x44, 0x3, 0xf1, 0x5b, 0x0, 0x7c,
    0xee, 0x0, 0xff, 0xe0, 0x4a, 0x80, 0x71, 0x40,
    0x6, 0x4b, 0xee, 0x51, 0x80, 0x6a, 0x10, 0xd,
    0x20, 0x19, 0xed, 0x4, 0x4b, 0x8a, 0x1, 0xa0,
    0x2, 0x24, 0x0, 0x8e, 0x0, 0x3d, 0x42, 0x1,
    0x30, 0x80, 0x14, 0x3, 0x48, 0x7, 0xe8, 0x0,
    0xce, 0x0, 0xb0, 0xc, 0xa0, 0x1f, 0x9c, 0x3,
    0x68, 0x0, 0xc0, 0x23, 0x0, 0xfe, 0x12, 0x0,
    0x94, 0x4, 0x3, 0x30, 0x7, 0xf9, 0xc0, 0x21,
    0x11, 0x80, 0x62, 0x0, 0xff, 0x18, 0x6, 0x31,
    0x0, 0xff, 0xe1, 0x88, 0x7, 0xff, 0x38, 0x40,
    0x3f, 0xfe, 0xa2, 0x20, 0xf, 0xfe, 0x18, 0x80,
    0x71, 0x80, 0x62, 0x0, 0xff, 0x18, 0x6, 0x31,
    0x0, 0xcc, 0x1, 0xfe, 0x70, 0x8, 0x44, 0x6,
    0x1, 0x18, 0x7, 0xf0, 0x90, 0x4, 0xa0, 0xb,
    0x0, 0xca, 0x1, 0xf9, 0xc0, 0x36, 0x80, 0x14,
    0x3, 0x48, 0x7, 0xeb, 0x0, 0xce, 0x0, 0x25,
    0x0, 0x8e, 0x0, 0x3d, 0x44, 0x1, 0x30, 0x80,
    0x50, 0x1, 0x9e, 0xcc, 0x5, 0x31, 0x40, 0x34,
    0x0, 0x62, 0x80, 0xc, 0x99, 0xfd, 0x66, 0x1,
    0xa8, 0x40, 0x39, 0xdc, 0x1, 0xff, 0xc0, 0x95,
    0x0, 0xfa, 0x28, 0x40, 0x3f, 0x15, 0xb0, 0x7,
    0xf2, 0xf4, 0xa0, 0x80, 0x5, 0x6b, 0x50, 0x3,
    0x80,

    /* U+00D5 "Õ" */
    0x0, 0xff, 0xe1, 0x88, 0x80, 0x3f, 0xe7, 0xef,
    0xd6, 0x0, 0xcd, 0xda, 0x20, 0x1f, 0xa6, 0x4,
    0xa, 0x7a, 0x11, 0xa0, 0x8, 0x40, 0x3e, 0x46,
    0x0, 0xe1, 0x7b, 0x90, 0x3, 0x0, 0x7e, 0xd0,
    0x2, 0x4b, 0x90, 0x7, 0xc, 0x0, 0x7e, 0x30,
    0x2b, 0x68, 0xda, 0x30, 0x2, 0xf8, 0x80, 0x7e,
    0xaf, 0xf0, 0x6, 0x5c, 0xff, 0x50, 0x80, 0x7f,
    0xc4, 0x1, 0xff, 0xf6, 0x6b, 0xef, 0xf6, 0xd2,
    0x80, 0x7f, 0xf0, 0x1b, 0xa5, 0x4, 0x0, 0x4b,
    0x5a, 0x80, 0x1f, 0xd1, 0x22, 0x1, 0xf8, 0xad,
    0x80, 0x3e, 0x77, 0x0, 0x7f, 0xf0, 0x25, 0x40,
    0x38, 0xa0, 0x3, 0x25, 0xf7, 0x28, 0xc0, 0x35,
    0x8, 0x6, 0x90, 0xc, 0xf6, 0x82, 0x25, 0xc5,
    0x0, 0xd0, 0x1, 0x12, 0x0, 0x47, 0x0, 0x1e,
    0xa1, 0x0, 0x98, 0x40, 0xa, 0x1, 0xa4, 0x3,
    0xf4, 0x0, 0x67, 0x0, 0x58, 0x6, 0x50, 0xf,
    0xce, 0x1, 0xb4, 0x0, 0x60, 0x11, 0x80, 0x7f,
    0x9, 0x0, 0x4a, 0x2, 0x1, 0x98, 0x3, 0xfc,
    0xe0, 0x10, 0x88, 0xc0, 0x31, 0x0, 0x7f, 0x8c,
    0x3, 0x18, 0x80, 0x7f, 0xf0, 0xc4, 0x3, 0xff,
    0x9c, 0x20, 0x1f, 0xff, 0x51, 0x10, 0x7, 0xff,
    0xc, 0x40, 0x38, 0xc0, 0x31, 0x0, 0x7f, 0x8c,
    0x3, 0x18, 0x80, 0x66, 0x0, 0xff, 0x38, 0x4,
    0x22, 0x3, 0x0, 0x8c, 0x3, 0xf8, 0x48, 0x2,
    0x50, 0x5, 0x80, 0x65, 0x0, 0xfc, 0xe0, 0x1b,
    0x40, 0xa, 0x1, 0xa4, 0x3, 0xf5, 0x80, 0x67,
    0x0, 0x12, 0x80, 0x47, 0x0, 0x1e, 0xa2, 0x0,
    0x98, 0x40, 0x28, 0x0, 0xcf, 0x66, 0x2, 0x98,
    0xa0, 0x1a, 0x0, 0x31, 0x40, 0x6, 0x4c, 0xfe,
    0xb3, 0x0, 0xd4, 0x20, 0x1c, 0xee, 0x0, 0xff,
    0xe0, 0x4a, 0x80, 0x7d, 0x14, 0x20, 0x1f, 0x8a,
    0xd8, 0x3, 0xf9, 0x7a, 0x50, 0x40, 0x2, 0xb5,
    0xa8, 0x1, 0xc0,

    /* U+00D6 "Ö" */
    0x0, 0xe6, 0xa8, 0x0, 0xf3, 0xd4, 0x0, 0x7f,
    0x44, 0xab, 0xd8, 0x6, 0x88, 0x2b, 0xd0, 0x7,
    0xe5, 0x0, 0x90, 0x3, 0x28, 0x4, 0xa0, 0x1f,
    0x9c, 0x2, 0x10, 0xc, 0xc0, 0x11, 0x0, 0x7e,
    0xb3, 0x2, 0xd0, 0xd, 0x26, 0x5, 0xc0, 0x1f,
    0x87, 0x3f, 0x4c, 0x3, 0x16, 0x7e, 0x98, 0x7,
    0xff, 0xfc, 0x0, 0xd7, 0xdf, 0xed, 0xa5, 0x0,
    0xff, 0xe0, 0x37, 0x4a, 0x8, 0x0, 0x96, 0xb5,
    0x0, 0x3f, 0xa2, 0x44, 0x3, 0xf1, 0x5b, 0x0,
    0x7c, 0xee, 0x0, 0xff, 0xe0, 0x4a, 0x80, 0x71,
    0x40, 0x6, 0x4b, 0xee, 0x51, 0x80, 0x6a, 0x10,
    0xd, 0x20, 0x19, 0xed, 0x4, 0x4b, 0x8a, 0x1,
    0xa0, 0x2, 0x24, 0x0, 0x8e, 0x0, 0x3d, 0x42,
    0x1, 0x30, 0x80, 0x14, 0x3, 0x48, 0x7, 0xe8,
    0x0, 0xce, 0x0, 0xb0, 0xc, 0xa0, 0x1f, 0x9c,
    0x3, 0x68, 0x0, 0xc0, 0x23, 0x0, 0xfe, 0x12,
    0x0, 0x94, 0x4, 0x3, 0x30, 0x7, 0xf9, 0xc0,
    0x21, 0x11, 0x80, 0x62, 0x0, 0xff, 0x18, 0x6,
    0x31, 0x0, 0xff, 0xe1, 0x88, 0x7, 0xff, 0x38,
    0x40, 0x3f, 0xfe, 0xa2, 0x20, 0xf, 0xfe, 0x18,
    0x80, 0x71, 0x80, 0x62, 0x0, 0xff, 0x18, 0x6,
    0x31, 0x0, 0xcc, 0x1, 0xfe, 0x70, 0x8, 0x44,
    0x6, 0x1, 0x18, 0x7, 0xf0, 0x90, 0x4, 0xa0,
    0xb, 0x0, 0xca, 0x1, 0xf9, 0xc0, 0x36, 0x80,
    0x14, 0x3, 0x48, 0x7, 0xeb, 0x0, 0xce, 0x0,
    0x25, 0x0, 0x8e, 0x0, 0x3d, 0x44, 0x1, 0x30,
    0x80, 0x50, 0x1, 0x9e, 0xcc, 0x5, 0x31, 0x40,
    0x34, 0x0, 0x62, 0x80, 0xc, 0x99, 0xfd, 0x66,
    0x1, 0xa8, 0x40, 0x39, 0xdc, 0x1, 0xff, 0xc0,
    0x95, 0x0, 0xfa, 0x28, 0x40, 0x3f, 0x15, 0xb0,
    0x7, 0xf2, 0xf4, 0xa0, 0x80, 0x5, 0x6b, 0x50,
    0x3, 0x80,

    /* U+00D7 "×" */
    0x0, 0x23, 0x80, 0x7f, 0x86, 0x84, 0x2, 0x4b,
    0x87, 0x0, 0xfe, 0xd5, 0xd0, 0x1, 0xd8, 0x2,
    0x1c, 0x3, 0xec, 0x30, 0x3c, 0x7, 0x0, 0xd0,
    0xc0, 0x1d, 0x66, 0x1, 0x8, 0x92, 0x80, 0x34,
    0xa8, 0x5, 0x68, 0x1, 0x16, 0x8, 0x2d, 0x0,
    0x6a, 0x50, 0xa4, 0x0, 0x8b, 0x4, 0x2, 0x59,
    0x0, 0xd5, 0x6a, 0x1, 0xe, 0x8, 0x7, 0x34,
    0x80, 0x64, 0x0, 0x87, 0x4, 0x3, 0xe6, 0x80,
    0xf, 0xe, 0x10, 0x7, 0xf3, 0x98, 0x7, 0x41,
    0x0, 0x7f, 0xa0, 0xc0, 0x3a, 0x4c, 0x3, 0xf9,
    0xdc, 0x1, 0xf6, 0x90, 0x7, 0xcd, 0x0, 0x19,
    0x0, 0x21, 0xc2, 0x0, 0xe6, 0x90, 0xd, 0x76,
    0x50, 0x8, 0x70, 0x40, 0x25, 0x90, 0xd, 0x48,
    0x14, 0xa0, 0x10, 0xe0, 0x82, 0xd0, 0x6, 0xa5,
    0x0, 0xa9, 0x0, 0x22, 0xc1, 0x60, 0xd, 0x2a,
    0x1, 0xd6, 0x80, 0x10, 0x88, 0xec, 0x1, 0x2c,
    0x1, 0xf5, 0x98, 0x1e, 0x0, 0x12, 0xe1, 0x80,
    0x3f, 0xb1, 0xb4, 0x0,

    /* U+00D8 "Ø" */
    0x0, 0xff, 0xe2, 0x8f, 0xfc, 0x60, 0x1f, 0x35,
    0xf7, 0xfb, 0x69, 0x0, 0x12, 0x0, 0x53, 0x0,
    0xe6, 0xe9, 0x41, 0x0, 0x12, 0xde, 0x23, 0x80,
    0x20, 0x3, 0xa6, 0x42, 0x1, 0xf8, 0xec, 0x0,
    0xc4, 0x1, 0x9d, 0x80, 0x3f, 0xf8, 0x50, 0x1,
    0x8e, 0x0, 0x32, 0x5f, 0x72, 0x8c, 0x3, 0x8,
    0x7, 0x40, 0x6, 0x7b, 0x41, 0x12, 0xe2, 0x0,
    0x43, 0x20, 0x11, 0x20, 0x4, 0x70, 0x1, 0xe5,
    0x0, 0xce, 0x1, 0x28, 0x6, 0x80, 0xf, 0x40,
    0x80, 0x73, 0x0, 0x2c, 0x3, 0x20, 0x7, 0x13,
    0x80, 0x7b, 0x0, 0x6, 0x1, 0x18, 0x7, 0xa4,
    0x0, 0xe4, 0x1, 0x20, 0x8, 0x6, 0x50, 0xe,
    0x44, 0x0, 0xc3, 0x0, 0x42, 0x4, 0x1, 0x84,
    0x3, 0xa4, 0x1, 0x60, 0x40, 0x18, 0x80, 0x3b,
    0xc0, 0x33, 0x90, 0x1a, 0x80, 0x7f, 0xf1, 0x6,
    0x0, 0x1e, 0x1, 0xf0, 0x80, 0x7f, 0x58, 0x1,
    0x8c, 0x3, 0xe1, 0x0, 0xfc, 0x6a, 0x3, 0x0,
    0x1f, 0xfc, 0x5f, 0x0, 0x40, 0x80, 0x7f, 0xf0,
    0xbc, 0x18, 0xc0, 0x98, 0x3, 0xfc, 0x40, 0x18,
    0x86, 0x0, 0x12, 0x1, 0xc4, 0x1, 0x88, 0x40,
    0x33, 0xc0, 0x82, 0xa0, 0x7, 0x30, 0x4, 0x20,
    0x4, 0x0, 0x89, 0x80, 0x10, 0x1, 0xc2, 0x40,
    0x12, 0x80, 0x30, 0x3, 0xce, 0x40, 0x1c, 0xe0,
    0x1b, 0x40, 0xa, 0x1, 0xc3, 0x0, 0x1e, 0x80,
    0xc, 0xe0, 0x2, 0x40, 0xc, 0xe0, 0x1e, 0xa1,
    0x0, 0x94, 0x40, 0x29, 0x0, 0xcd, 0x46, 0x2,
    0x98, 0xa0, 0x1a, 0xc0, 0x31, 0x80, 0x72, 0xe7,
    0xf5, 0x98, 0x6, 0xa1, 0x0, 0xd0, 0x1, 0xff,
    0xc2, 0x95, 0x0, 0xc6, 0xc0, 0x9, 0x10, 0xf,
    0xc5, 0x6c, 0x1, 0xd0, 0x0, 0x86, 0xe9, 0x41,
    0x0, 0xa, 0xd6, 0xa0, 0x7, 0x22, 0x0, 0x5c,
    0x0, 0xd7, 0xdf, 0xee, 0xa5, 0x0, 0xf8, 0x5d,
    0xd4, 0x1, 0xff, 0xc6,

    /* U+00D9 "Ù" */
    0x0, 0xcc, 0xef, 0x80, 0x3f, 0xf8, 0x63, 0x11,
    0xa4, 0x3, 0xff, 0x84, 0xee, 0x0, 0x98, 0xc0,
    0x3f, 0xf8, 0x50, 0xc0, 0x17, 0x0, 0x7f, 0xf0,
    0xe5, 0x40, 0x4, 0xe0, 0x1f, 0xfc, 0x3a, 0x40,
    0x4, 0x10, 0x7, 0xff, 0xe, 0xff, 0xe2, 0x0,
    0xff, 0xe7, 0xb7, 0xfe, 0x30, 0xf, 0xc7, 0xff,
    0x98, 0x3, 0xff, 0xfe, 0x1, 0xff, 0xd2, 0x70,
    0xf, 0xff, 0xf8, 0x7, 0xff, 0x5, 0xc0, 0x3f,
    0xff, 0xe0, 0x1f, 0xe1, 0x0, 0xff, 0xff, 0x80,
    0x61, 0x0, 0xff, 0xe3, 0x98, 0x6, 0x20, 0xf,
    0xc4, 0x1, 0x8d, 0x80, 0x37, 0x80, 0x7e, 0xf0,
    0xc, 0xc6, 0x1, 0x9c, 0x3, 0xf3, 0x80, 0x63,
    0x6, 0x0, 0x86, 0x40, 0x3d, 0x22, 0x1, 0x30,
    0x2, 0xc0, 0x33, 0x51, 0x0, 0xa, 0x98, 0x3,
    0x58, 0x0, 0x9c, 0x3, 0x2e, 0xff, 0xb5, 0x40,
    0x34, 0x10, 0x5, 0xa, 0x1, 0xff, 0xc0, 0x67,
    0x0, 0xea, 0x90, 0xf, 0xe1, 0x99, 0x0, 0x7c,
    0xdd, 0x8, 0x20, 0x1, 0x49, 0xe6, 0x0, 0xc0,

    /* U+00DA "Ú" */
    0x0, 0xff, 0x86, 0x23, 0x38, 0x80, 0x7f, 0xf0,
    0x61, 0xdf, 0x8, 0x80, 0x3f, 0xf8, 0x8, 0xc0,
    0x14, 0xb0, 0x7, 0xff, 0x6, 0x80, 0x28, 0x60,
    0xf, 0xfe, 0xc, 0x88, 0x2, 0x1c, 0x3, 0xff,
    0x82, 0x6c, 0x0, 0x77, 0x0, 0x7f, 0xf0, 0x8f,
    0xfe, 0x80, 0xf, 0xfe, 0x7b, 0x7f, 0xe3, 0x0,
    0xfc, 0x7f, 0xf9, 0x80, 0x3f, 0xff, 0xe0, 0x1f,
    0xfd, 0x27, 0x0, 0xff, 0xff, 0x80, 0x7f, 0xf0,
    0x5c, 0x3, 0xff, 0xfe, 0x1, 0xfe, 0x10, 0xf,
    0xff, 0xf8, 0x6, 0x10, 0xf, 0xfe, 0x39, 0x80,
    0x62, 0x0, 0xfc, 0x40, 0x18, 0xd8, 0x3, 0x78,
    0x7, 0xef, 0x0, 0xcc, 0x60, 0x19, 0xc0, 0x3f,
    0x38, 0x6, 0x30, 0x60, 0x8, 0x64, 0x3, 0xd2,
    0x20, 0x13, 0x0, 0x2c, 0x3, 0x35, 0x10, 0x0,
    0xa9, 0x80, 0x35, 0x80, 0x9, 0xc0, 0x32, 0xef,
    0xfb, 0x54, 0x3, 0x41, 0x0, 0x50, 0xa0, 0x1f,
    0xfc, 0x6, 0x70, 0xe, 0xa9, 0x0, 0xfe, 0x19,
    0x90, 0x7, 0xcd, 0xd0, 0x82, 0x0, 0x14, 0x9e,
    0x60, 0xc,

    /* U+00DB "Û" */
    0x0, 0xfc, 0x2f, 0xe, 0x20, 0x1f, 0xfc, 0x22,
    0xc8, 0x78, 0xc1, 0x0, 0xff, 0xe0, 0x16, 0x10,
    0x4, 0x58, 0x40, 0x1f, 0xe3, 0xc1, 0x1, 0x90,
    0x1, 0x61, 0x0, 0x7e, 0x4c, 0x10, 0x1c, 0x6c,
    0x10, 0x1d, 0x30, 0xf, 0x15, 0x80, 0x7, 0x8,
    0xf, 0x4, 0x1, 0x84, 0x1, 0xc5, 0xff, 0x71,
    0x0, 0x45, 0xdf, 0xf1, 0x0, 0x7f, 0xf7, 0x9b,
    0xff, 0x18, 0x7, 0xe3, 0xff, 0xcc, 0x1, 0xff,
    0xff, 0x0, 0xff, 0xe9, 0x38, 0x7, 0xff, 0xfc,
    0x3, 0xff, 0x82, 0xe0, 0x1f, 0xff, 0xf0, 0xf,
    0xf0, 0x80, 0x7f, 0xff, 0xc0, 0x30, 0x80, 0x7f,
    0xf1, 0xcc, 0x3, 0x10, 0x7, 0xe2, 0x0, 0xc6,
    0xc0, 0x1b, 0xc0, 0x3f, 0x78, 0x6, 0x63, 0x0,
    0xce, 0x1, 0xf9, 0xc0, 0x31, 0x83, 0x0, 0x43,
    0x20, 0x1e, 0x91, 0x0, 0x98, 0x1, 0x60, 0x19,
    0xa8, 0x80, 0x5, 0x4c, 0x1, 0xac, 0x0, 0x4e,
    0x1, 0x97, 0x7f, 0xda, 0xa0, 0x1a, 0x8, 0x2,
    0x85, 0x0, 0xff, 0xe0, 0x33, 0x80, 0x75, 0x48,
    0x7, 0xf0, 0xcc, 0x80, 0x3e, 0x6e, 0x84, 0x10,
    0x0, 0xa4, 0xf3, 0x0, 0x60,

    /* U+00DC "Ü" */
    0x0, 0xd3, 0xfc, 0xe0, 0x1d, 0x3f, 0xcc, 0x1,
    0xe5, 0x60, 0x18, 0x30, 0x9, 0x98, 0x3, 0x24,
    0x1, 0xda, 0x1, 0x98, 0x2, 0xe0, 0xc, 0xc0,
    0x1d, 0x60, 0x19, 0x0, 0x2b, 0x0, 0x85, 0x40,
    0x38, 0xed, 0x5b, 0x44, 0x2, 0x3b, 0x56, 0xc1,
    0x0, 0xf2, 0x54, 0x90, 0x7, 0x25, 0x49, 0x0,
    0x7f, 0xf7, 0xdb, 0xff, 0x18, 0x7, 0xe3, 0xff,
    0xcc, 0x1, 0xff, 0xff, 0x0, 0xff, 0xe9, 0x38,
    0x7, 0xff, 0xfc, 0x3, 0xff, 0x82, 0xe0, 0x1f,
    0xff, 0xf0, 0xf, 0xf0, 0x80, 0x7f, 0xff, 0xc0,
    0x30, 0x80, 0x7f, 0xf1, 0xcc, 0x3, 0x10, 0x7,
    0xe2, 0x0, 0xc6, 0xc0, 0x1b, 0xc0, 0x3f, 0x78,
    0x6, 0x63, 0x0, 0xce, 0x1, 0xf9, 0xc0, 0x31,
    0x83, 0x0, 0x43, 0x20, 0x1e, 0x91, 0x0, 0x98,
    0x1, 0x60, 0x19, 0xa8, 0x80, 0x5, 0x4c, 0x1,
    0xac, 0x0, 0x4e, 0x1, 0x97, 0x7f, 0xda, 0xa0,
    0x1a, 0x8, 0x2, 0x85, 0x0, 0xff, 0xe0, 0x33,
    0x80, 0x75, 0x48, 0x7, 0xf0, 0xcc, 0x80, 0x3e,
    0x6e, 0x84, 0x10, 0x0, 0xa4, 0xf3, 0x0, 0x60,

    /* U+00DD "Ý" */
    0x0, 0xff, 0xe0, 0x93, 0x36, 0x40, 0xf, 0xfe,
    0x37, 0xcc, 0xe7, 0x0, 0xff, 0xe2, 0xc1, 0x0,
    0x58, 0x60, 0x1f, 0xfc, 0x43, 0x70, 0xa, 0xcc,
    0x3, 0xff, 0x8b, 0xc0, 0x15, 0xa0, 0x7, 0xff,
    0x16, 0x8, 0x1, 0x68, 0x1, 0xff, 0xc6, 0x9e,
    0xe9, 0x0, 0x3f, 0xf8, 0xe2, 0x38, 0x3, 0xfe,
    0xdf, 0xfc, 0x80, 0x1f, 0xe2, 0xff, 0xe1, 0xb,
    0x0, 0xde, 0x1, 0xfe, 0xb0, 0xc, 0xe2, 0xc,
    0x20, 0x12, 0x10, 0x7, 0xe1, 0x60, 0xd, 0x20,
    0x14, 0x80, 0x6b, 0x0, 0xfc, 0xc0, 0x19, 0x84,
    0x2, 0x71, 0x0, 0x98, 0x40, 0x3e, 0x90, 0xd,
    0x60, 0x1c, 0xc0, 0x19, 0x80, 0x3c, 0xa2, 0x1,
    0x29, 0x0, 0x74, 0x80, 0x69, 0x0, 0xf4, 0x80,
    0x68, 0x0, 0xf0, 0xb8, 0x4, 0x2a, 0x1, 0x88,
    0xc0, 0x25, 0x20, 0xf, 0xa4, 0x3, 0x48, 0x6,
    0xb0, 0xd, 0x20, 0x1f, 0x85, 0x80, 0x23, 0x30,
    0x0, 0x58, 0x2, 0x43, 0x0, 0xfe, 0xb0, 0xd,
    0x40, 0x6, 0x0, 0xd0, 0x1, 0xfe, 0x25, 0x0,
    0x98, 0x42, 0x40, 0x23, 0x30, 0x7, 0xfd, 0x0,
    0x19, 0x94, 0x40, 0x28, 0x0, 0xff, 0xe0, 0x12,
    0x80, 0x53, 0x20, 0x8, 0x90, 0x3, 0xff, 0x83,
    0x20, 0x10, 0x98, 0x5, 0x0, 0x1f, 0xfc, 0x23,
    0x40, 0xf, 0x12, 0x80, 0x7f, 0xf0, 0xfc, 0x3,
    0xd6, 0x1, 0xff, 0xc4, 0x43, 0x0, 0xc2, 0xc0,
    0x1f, 0xfc, 0x59, 0x0, 0xd2, 0x1, 0xff, 0xc6,
    0x10, 0xc, 0x40, 0x1f, 0xff, 0xf0, 0xf, 0xff,
    0xf8, 0x7, 0xff, 0xfc,

    /* U+00DE "Þ" */
    0x1f, 0xfd, 0x20, 0x1f, 0xff, 0xf0, 0xf, 0xfe,
    0x8b, 0x77, 0x6d, 0xd5, 0xc2, 0x0, 0x7f, 0xf0,
    0x4, 0x71, 0x11, 0x1e, 0xf5, 0x40, 0x3f, 0xf8,
    0xe5, 0x54, 0x0, 0xff, 0xe4, 0x2d, 0x0, 0x7c,
    0xdf, 0xfd, 0xd6, 0x60, 0x19, 0x54, 0x1, 0xff,
    0xc0, 0x14, 0xc7, 0x0, 0xd0, 0x1, 0xff, 0xc3,
    0x83, 0x0, 0x88, 0x80, 0x1f, 0xfc, 0x3a, 0x0,
    0xce, 0x1, 0xff, 0xc3, 0x50, 0xc, 0x40, 0x1f,
    0xfd, 0x85, 0x0, 0xc4, 0x1, 0xff, 0xc3, 0xd0,
    0xc, 0xe0, 0x1f, 0xfc, 0x26, 0x40, 0x8, 0x88,
    0x1, 0xff, 0xc0, 0x29, 0x90, 0x6, 0xb0, 0xf,
    0x37, 0x77, 0x7e, 0xb0, 0x6, 0x36, 0x0, 0xf8,
    0x47, 0x80, 0x3c, 0x7a, 0x1, 0xff, 0xc6, 0x8c,
    0x10, 0xf, 0xfe, 0x11, 0x2c, 0xf3, 0x80, 0x7f,
    0x37, 0xff, 0xb6, 0x98, 0x40, 0x3f, 0xff, 0xe0,
    0x1f, 0xfd, 0x70,

    /* U+00DF "ß" */
    0x0, 0xf1, 0xb3, 0xb9, 0x44, 0x3, 0xff, 0x80,
    0xfd, 0x93, 0x10, 0xae, 0xb2, 0x0, 0xfc, 0x39,
    0x2, 0x1, 0xe4, 0xd4, 0x0, 0xfb, 0x4c, 0x3,
    0xfd, 0x42, 0x1, 0xce, 0x60, 0x18, 0x99, 0x0,
    0x30, 0xc0, 0x7, 0x48, 0x6, 0x8d, 0x9b, 0x80,
    0xc, 0xe0, 0x19, 0x4, 0x2, 0x57, 0x0, 0x9c,
    0x40, 0x21, 0x10, 0x5, 0x80, 0x1a, 0x40, 0x39,
    0x0, 0x31, 0x80, 0x44, 0x1, 0x8c, 0x3, 0x8c,
    0x3, 0x18, 0x4, 0xc0, 0x10, 0x80, 0x79, 0x40,
    0x30, 0x80, 0x7f, 0xf0, 0x48, 0xc0, 0x26, 0x0,
    0xff, 0xe1, 0x40, 0x6, 0xb0, 0xf, 0xfe, 0x9,
    0x28, 0x4, 0xc4, 0x1, 0xff, 0xc1, 0xb0, 0xd,
    0x60, 0x1f, 0xfc, 0x25, 0x0, 0x84, 0x80, 0x3f,
    0xfa, 0xcc, 0x1, 0xa, 0x0, 0x7f, 0xf0, 0xbc,
    0x3, 0x50, 0x80, 0x7f, 0xf0, 0x54, 0x80, 0x21,
    0xd1, 0x0, 0xff, 0xe0, 0xf0, 0x6, 0x3d, 0x10,
    0xf, 0xfe, 0x1, 0xd8, 0x6, 0x3a, 0x0, 0xff,
    0xe0, 0xa5, 0x80, 0x64, 0x60, 0xf, 0xfe, 0xa,
    0x50, 0x6, 0x80, 0xf, 0xfe, 0x12, 0xa8, 0x2,
    0x14, 0x0, 0xff, 0xe1, 0x78, 0x6, 0x20, 0xf,
    0xfe, 0x10, 0x80, 0x7f, 0xf1, 0xf0, 0x3, 0x10,
    0x7, 0xd9, 0x26, 0x1, 0x2b, 0x80, 0x65, 0x0,
    0xf8, 0xdb, 0x3f, 0x7e, 0x80, 0x32, 0x88, 0x7,
    0x8c, 0x3, 0x10, 0x7, 0xd, 0x80, 0x7c, 0x80,
    0x1f, 0xc5, 0x82, 0x1, 0xf3, 0x4a, 0x90, 0x80,
    0x5, 0x27, 0x48, 0x0,

    /* U+00E0 "à" */
    0x0, 0x9f, 0xff, 0x58, 0x7, 0xff, 0x9, 0xdc,
    0x1, 0x22, 0x80, 0x7f, 0xf0, 0xa1, 0x80, 0x2b,
    0x10, 0xf, 0xfe, 0x14, 0xa8, 0x0, 0x60, 0x3,
    0xff, 0x87, 0x48, 0x0, 0x63, 0x0, 0xff, 0xe1,
    0xdc, 0x44, 0xe0, 0x1f, 0xfc, 0x47, 0x79, 0x0,
    0x3f, 0xfa, 0xa9, 0x3b, 0xff, 0x75, 0xb0, 0x80,
    0x7e, 0x3d, 0xb6, 0x20, 0x8, 0x52, 0x79, 0xc0,
    0x3c, 0xb8, 0x40, 0x1f, 0xe8, 0xa0, 0xc, 0x54,
    0x1, 0xc8, 0xa8, 0x20, 0x19, 0x5c, 0x2, 0x80,
    0xc, 0xff, 0x75, 0x7d, 0x20, 0x1a, 0x40, 0x24,
    0x0, 0x8a, 0x0, 0x39, 0xa0, 0x2, 0x14, 0x0,
    0x66, 0xed, 0x80, 0x1f, 0x20, 0x6, 0x20, 0x1,
    0x16, 0x10, 0xf, 0x84, 0x3, 0x8, 0x7, 0x92,
    0x73, 0xbf, 0xf6, 0x80, 0x7f, 0x2e, 0xdb, 0x18,
    0x80, 0x7f, 0xf0, 0x62, 0x88, 0x3, 0xff, 0x88,
    0xae, 0x1, 0x9a, 0xfb, 0xfe, 0xd0, 0xf, 0xa0,
    0x3, 0x64, 0xa0, 0x80, 0x7f, 0x8c, 0x80, 0x27,
    0x30, 0xf, 0xfe, 0xb, 0x0, 0x6c, 0x0, 0xff,
    0xe1, 0x18, 0x6, 0x10, 0xf, 0x9c, 0x3, 0xc6,
    0x1, 0xbc, 0x3, 0xc7, 0x60, 0x1e, 0x40, 0xc,
    0xb0, 0x1, 0xc, 0x60, 0x80, 0x78, 0x58, 0x3,
    0x3f, 0xef, 0x71, 0xc0, 0x3d, 0xe0, 0x8, 0x20,
    0xe, 0x21, 0x0, 0x84, 0x3, 0x10, 0x0, 0x70,
    0xc0, 0x3f, 0x27, 0x88, 0x4, 0x80, 0x10, 0xe5,
    0xa8, 0x80, 0x9, 0x6e, 0xc2, 0x80, 0x10, 0x98,

    /* U+00E1 "á" */
    0x0, 0xff, 0xb7, 0xff, 0x20, 0x7, 0xff, 0x6,
    0x8, 0x2, 0xa4, 0x0, 0xff, 0xe0, 0x1b, 0x80,
    0x54, 0xa0, 0x1f, 0xfc, 0x1e, 0x0, 0xa9, 0x40,
    0x3f, 0xf8, 0x30, 0x40, 0x9, 0x50, 0xf, 0xfe,
    0x17, 0xc4, 0x29, 0x80, 0x3f, 0xf8, 0x6e, 0xf2,
    0x80, 0x7f, 0xf5, 0x52, 0x77, 0xfe, 0xeb, 0x61,
    0x0, 0xfc, 0x7b, 0x6c, 0x40, 0x10, 0xa4, 0xf3,
    0x80, 0x79, 0x70, 0x80, 0x3f, 0xd1, 0x40, 0x18,
    0xa8, 0x3, 0x91, 0x50, 0x40, 0x32, 0xb8, 0x5,
    0x0, 0x19, 0xfe, 0xea, 0xfa, 0x40, 0x34, 0x80,
    0x48, 0x1, 0x14, 0x0, 0x73, 0x40, 0x4, 0x28,
    0x0, 0xcd, 0xdb, 0x0, 0x3e, 0x40, 0xc, 0x40,
    0x2, 0x2c, 0x20, 0x1f, 0x8, 0x6, 0x10, 0xf,
    0x24, 0xe7, 0x7f, 0xed, 0x0, 0xfe, 0x5d, 0xb6,
    0x31, 0x0, 0xff, 0xe0, 0xc5, 0x10, 0x7, 0xff,
    0x11, 0x5c, 0x3, 0x35, 0xf7, 0xfd, 0xa0, 0x1f,
    0x40, 0x6, 0xc9, 0x41, 0x0, 0xff, 0x19, 0x0,
    0x4e, 0x60, 0x1f, 0xfc, 0x16, 0x0, 0xd8, 0x1,
    0xff, 0xc2, 0x30, 0xc, 0x20, 0x1f, 0x38, 0x7,
    0x8c, 0x3, 0x78, 0x7, 0x8e, 0xc0, 0x3c, 0x80,
    0x19, 0x60, 0x2, 0x18, 0xc1, 0x0, 0xf0, 0xb0,
    0x6, 0x7f, 0xde, 0xe3, 0x80, 0x7b, 0xc0, 0x10,
    0x40, 0x1c, 0x42, 0x1, 0x8, 0x6, 0x20, 0x0,
    0xe1, 0x80, 0x7e, 0x4f, 0x10, 0x9, 0x0, 0x21,
    0xcb, 0x51, 0x0, 0x12, 0xdd, 0x85, 0x0, 0x21,
    0x30,

    /* U+00E2 "â" */
    0x0, 0xf8, 0xfb, 0xfd, 0x82, 0x1, 0xff, 0xc1,
    0x4c, 0x10, 0x1, 0xe1, 0x0, 0x7f, 0xcf, 0x60,
    0x3, 0x10, 0x2d, 0x40, 0xf, 0xe9, 0x80, 0x2,
    0xe7, 0x98, 0x2, 0xd8, 0x3, 0xea, 0x60, 0x3,
    0xd0, 0xe, 0x20, 0x2, 0x5c, 0x3, 0xd5, 0xff,
    0x40, 0x6, 0xbf, 0xf9, 0xc0, 0x3f, 0xff, 0x9,
    0x3b, 0xff, 0x75, 0xb0, 0x80, 0x7e, 0x3d, 0xb6,
    0x20, 0x8, 0x52, 0x79, 0xc0, 0x3c, 0xb8, 0x40,
    0x1f, 0xe8, 0xa0, 0xc, 0x54, 0x1, 0xc8, 0xa8,
    0x20, 0x19, 0x5c, 0x2, 0x80, 0xc, 0xff, 0x75,
    0x7d, 0x20, 0x1a, 0x40, 0x24, 0x0, 0x8a, 0x0,
    0x39, 0xa0, 0x2, 0x14, 0x0, 0x66, 0xed, 0x80,
    0x1f, 0x20, 0x6, 0x20, 0x1, 0x16, 0x10, 0xf,
    0x84, 0x3, 0x8, 0x7, 0x92, 0x73, 0xbf, 0xf6,
    0x80, 0x7f, 0x2e, 0xdb, 0x18, 0x80, 0x7f, 0xf0,
    0x62, 0x88, 0x3, 0xff, 0x88, 0xae, 0x1, 0x9a,
    0xfb, 0xfe, 0xd0, 0xf, 0xa0, 0x3, 0x64, 0xa0,
    0x80, 0x7f, 0x8c, 0x80, 0x27, 0x30, 0xf, 0xfe,
    0xb, 0x0, 0x6c, 0x0, 0xff, 0xe1, 0x18, 0x6,
    0x10, 0xf, 0x9c, 0x3, 0xc6, 0x1, 0xbc, 0x3,
    0xc7, 0x60, 0x1e, 0x40, 0xc, 0xb0, 0x1, 0xc,
    0x60, 0x80, 0x78, 0x58, 0x3, 0x3f, 0xef, 0x71,
    0xc0, 0x3d, 0xe0, 0x8, 0x20, 0xe, 0x21, 0x0,
    0x84, 0x3, 0x10, 0x0, 0x70, 0xc0, 0x3f, 0x27,
    0x88, 0x4, 0x80, 0x10, 0xe5, 0xa8, 0x80, 0x9,
    0x6e, 0xc2, 0x80, 0x10, 0x98,

    /* U+00E3 "ã" */
    0x0, 0xe1, 0x55, 0x8, 0x7, 0x2a, 0x80, 0x3f,
    0x27, 0xd5, 0x39, 0x80, 0x34, 0x56, 0x0, 0x78,
    0x6c, 0x40, 0x29, 0xc3, 0x7, 0x20, 0x60, 0xf,
    0x40, 0x7, 0x8f, 0x3e, 0x0, 0x1c, 0x1, 0xe7,
    0x0, 0x67, 0xd1, 0x0, 0x71, 0xa0, 0x7, 0x84,
    0x1c, 0xc1, 0x75, 0xc0, 0x24, 0xd0, 0xf, 0xbe,
    0xe8, 0x3, 0x47, 0x66, 0xd8, 0x80, 0x7e, 0x42,
    0x0, 0xe1, 0x32, 0x0, 0xff, 0xf3, 0xa4, 0xef,
    0xfd, 0xd6, 0xc2, 0x1, 0xf8, 0xf6, 0xd8, 0x80,
    0x21, 0x49, 0xe7, 0x0, 0xf2, 0xe1, 0x0, 0x7f,
    0xa2, 0x80, 0x31, 0x50, 0x7, 0x22, 0xa0, 0x80,
    0x65, 0x70, 0xa, 0x0, 0x33, 0xfd, 0xd5, 0xf4,
    0x80, 0x69, 0x0, 0x90, 0x2, 0x28, 0x0, 0xe6,
    0x80, 0x8, 0x50, 0x1, 0x9b, 0xb6, 0x0, 0x7c,
    0x80, 0x18, 0x80, 0x4, 0x58, 0x40, 0x3e, 0x10,
    0xc, 0x20, 0x1e, 0x49, 0xce, 0xff, 0xda, 0x1,
    0xfc, 0xbb, 0x6c, 0x62, 0x1, 0xff, 0xc1, 0x8a,
    0x20, 0xf, 0xfe, 0x22, 0xb8, 0x6, 0x6b, 0xef,
    0xfb, 0x40, 0x3e, 0x80, 0xd, 0x92, 0x82, 0x1,
    0xfe, 0x32, 0x0, 0x9c, 0xc0, 0x3f, 0xf8, 0x2c,
    0x1, 0xb0, 0x3, 0xff, 0x84, 0x60, 0x18, 0x40,
    0x3e, 0x70, 0xf, 0x18, 0x6, 0xf0, 0xf, 0x1d,
    0x80, 0x79, 0x0, 0x32, 0xc0, 0x4, 0x31, 0x82,
    0x1, 0xe1, 0x60, 0xc, 0xff, 0xbd, 0xc7, 0x0,
    0xf7, 0x80, 0x20, 0x80, 0x38, 0x84, 0x2, 0x10,
    0xc, 0x40, 0x1, 0xc3, 0x0, 0xfc, 0x9e, 0x20,
    0x12, 0x0, 0x43, 0x96, 0xa2, 0x0, 0x25, 0xbb,
    0xa, 0x0, 0x42, 0x60,

    /* U+00E4 "ä" */
    0x0, 0x93, 0x7e, 0xc4, 0x3, 0x27, 0x7d, 0x88,
    0x7, 0xa8, 0x81, 0x20, 0x3, 0x58, 0x82, 0x40,
    0x7, 0x8, 0x80, 0x22, 0x0, 0x88, 0x3, 0x10,
    0x7, 0x9, 0x80, 0x58, 0x1, 0x11, 0x0, 0x2d,
    0x0, 0xf6, 0xba, 0xcb, 0x80, 0x6c, 0x75, 0x96,
    0x0, 0xf0, 0xc5, 0x30, 0x7, 0xc, 0x53, 0x0,
    0x7f, 0xf9, 0x52, 0x77, 0xfe, 0xeb, 0x61, 0x0,
    0xfc, 0x7b, 0x6c, 0x40, 0x10, 0xa4, 0xf3, 0x80,
    0x79, 0x70, 0x80, 0x3f, 0xd1, 0x40, 0x18, 0xa8,
    0x3, 0x91, 0x50, 0x40, 0x32, 0xb8, 0x5, 0x0,
    0x19, 0xfe, 0xea, 0xfa, 0x40, 0x34, 0x80, 0x48,
    0x1, 0x14, 0x0, 0x73, 0x40, 0x4, 0x28, 0x0,
    0xcd, 0xdb, 0x0, 0x3e, 0x40, 0xc, 0x40, 0x2,
    0x2c, 0x20, 0x1f, 0x8, 0x6, 0x10, 0xf, 0x24,
    0xe7, 0x7f, 0xed, 0x0, 0xfe, 0x5d, 0xb6, 0x31,
    0x0, 0xff, 0xe0, 0xc5, 0x10, 0x7, 0xff, 0x11,
    0x5c, 0x3, 0x35, 0xf7, 0xfd, 0xa0, 0x1f, 0x40,
    0x6, 0xc9, 0x41, 0x0, 0xff, 0x19, 0x0, 0x4e,
    0x60, 0x1f, 0xfc, 0x16, 0x0, 0xd8, 0x1, 0xff,
    0xc2, 0x30, 0xc, 0x20, 0x1f, 0x38, 0x7, 0x8c,
    0x3, 0x78, 0x7, 0x8e, 0xc0, 0x3c, 0x80, 0x19,
    0x60, 0x2, 0x18, 0xc1, 0x0, 0xf0, 0xb0, 0x6,
    0x7f, 0xde, 0xe3, 0x80, 0x7b, 0xc0, 0x10, 0x40,
    0x1c, 0x42, 0x1, 0x8, 0x6, 0x20, 0x0, 0xe1,
    0x80, 0x7e, 0x4f, 0x10, 0x9, 0x0, 0x21, 0xcb,
    0x51, 0x0, 0x12, 0xdd, 0x85, 0x0, 0x21, 0x30,

    /* U+00E5 "å" */
    0x0, 0xf8, 0xa7, 0x72, 0x0, 0x3f, 0xf8, 0x47,
    0xac, 0x46, 0xfa, 0x20, 0x1f, 0xfc, 0xe, 0x5,
    0xee, 0x19, 0x40, 0x7, 0xfc, 0x44, 0xa, 0x11,
    0x40, 0x20, 0x7, 0xff, 0x15, 0xc0, 0xc0, 0x3f,
    0xe2, 0x10, 0x70, 0x4, 0x82, 0x0, 0x7f, 0xf0,
    0x2c, 0x23, 0xb8, 0xa1, 0x0, 0x1f, 0xfc, 0x5,
    0xb3, 0x11, 0x2e, 0x90, 0x7, 0xff, 0x5, 0x33,
    0xfd, 0x44, 0x1, 0xff, 0xe8, 0x49, 0xdf, 0xfb,
    0xad, 0x84, 0x3, 0xf1, 0xed, 0xb1, 0x0, 0x42,
    0x93, 0xce, 0x1, 0xe5, 0xc2, 0x0, 0xff, 0x45,
    0x0, 0x62, 0xa0, 0xe, 0x45, 0x41, 0x0, 0xca,
    0xe0, 0x14, 0x0, 0x67, 0xfb, 0xab, 0xe9, 0x0,
    0xd2, 0x1, 0x20, 0x4, 0x50, 0x1, 0xcd, 0x0,
    0x10, 0xa0, 0x3, 0x37, 0x6c, 0x0, 0xf9, 0x0,
    0x31, 0x0, 0x8, 0xb0, 0x80, 0x7c, 0x20, 0x18,
    0x40, 0x3c, 0x93, 0x9d, 0xff, 0xb4, 0x3, 0xf9,
    0x76, 0xd8, 0xc4, 0x3, 0xff, 0x83, 0x14, 0x40,
    0x1f, 0xfc, 0x45, 0x70, 0xc, 0xd7, 0xdf, 0xf6,
    0x80, 0x7d, 0x0, 0x1b, 0x25, 0x4, 0x3, 0xfc,
    0x64, 0x1, 0x39, 0x80, 0x7f, 0xf0, 0x58, 0x3,
    0x60, 0x7, 0xff, 0x8, 0xc0, 0x30, 0x80, 0x7c,
    0xe0, 0x1e, 0x30, 0xd, 0xe0, 0x1e, 0x3b, 0x0,
    0xf2, 0x0, 0x65, 0x80, 0x8, 0x63, 0x4, 0x3,
    0xc2, 0xc0, 0x19, 0xff, 0x7b, 0x8e, 0x1, 0xef,
    0x0, 0x41, 0x0, 0x71, 0x8, 0x4, 0x20, 0x18,
    0x80, 0x3, 0x86, 0x1, 0xf9, 0x3c, 0x40, 0x24,
    0x0, 0x87, 0x2d, 0x44, 0x0, 0x4b, 0x76, 0x14,
    0x0, 0x84, 0xc0,

    /* U+00E6 "æ" */
    0x0, 0xcb, 0x7d, 0xfe, 0xd8, 0x10, 0x29, 0xdf,
    0xf6, 0xc0, 0x80, 0x7a, 0xe9, 0x4, 0x0, 0x4f,
    0xef, 0xac, 0x40, 0x2, 0x7f, 0x30, 0xd, 0x68,
    0x1, 0xf0, 0xc0, 0x7, 0xc3, 0xa2, 0x0, 0x34,
    0x0, 0xc2, 0x1, 0xf8, 0x40, 0x30, 0xc8, 0x2,
    0xc0, 0x35, 0xf7, 0xa8, 0x6, 0x1d, 0xee, 0x20,
    0x4, 0xc0, 0x2, 0x0, 0x8d, 0x0, 0x12, 0x1,
    0xa0, 0x80, 0x64, 0x2, 0x12, 0xa, 0xff, 0xb0,
    0x2, 0x10, 0xc, 0x80, 0x11, 0x0, 0x66, 0x0,
    0xff, 0xe1, 0x18, 0x7, 0xe1, 0x0, 0xf1, 0x23,
    0x28, 0x6, 0x66, 0xe0, 0xf, 0xe7, 0xed, 0xb9,
    0x80, 0xd, 0x13, 0x38, 0x3, 0xe2, 0xd8, 0x10,
    0xf, 0xfe, 0x47, 0x90, 0x7, 0xff, 0x25, 0xc8,
    0x3, 0x4f, 0x68, 0x6, 0xef, 0xff, 0xca, 0x14,
    0x1, 0xb1, 0x84, 0x3, 0xff, 0x88, 0x40, 0x12,
    0x18, 0x7, 0xff, 0x14, 0x40, 0x31, 0x80, 0x7e,
    0x50, 0xf, 0xfe, 0x10, 0x80, 0x7e, 0xe0, 0xf,
    0xe1, 0x0, 0xcc, 0x80, 0x4, 0x0, 0xcb, 0x22,
    0x1, 0x2e, 0x0, 0x4a, 0x1, 0xaf, 0xb9, 0x20,
    0x1c, 0xdd, 0xcd, 0xfa, 0x35, 0x0, 0x40, 0x7,
    0x8, 0x80, 0x8, 0x1, 0xc2, 0x40, 0x16, 0x0,
    0xa, 0x80, 0x3e, 0x5b, 0xb0, 0x7, 0xf0, 0x80,
    0x4b, 0xac, 0x20, 0x3, 0xaa, 0x2, 0x73, 0x90,
    0x0, 0x4d, 0xf6, 0x0,

    /* U+00E7 "ç" */
    0x0, 0xf2, 0xd6, 0xff, 0xbb, 0x20, 0x80, 0x3f,
    0x93, 0x69, 0x48, 0x0, 0x26, 0xfb, 0x20, 0x1f,
    0x35, 0x90, 0x7, 0xf3, 0x60, 0x80, 0x64, 0x90,
    0xe, 0x11, 0x0, 0x71, 0xd0, 0x6, 0xa0, 0xc,
    0xbb, 0xdc, 0xf8, 0x0, 0xc8, 0x80, 0x3, 0x88,
    0x4, 0xb4, 0x40, 0x13, 0xe0, 0x6, 0xf0, 0x5,
    0x0, 0x43, 0x60, 0x1e, 0x35, 0x0, 0x90, 0x8,
    0x80, 0x13, 0x88, 0x7, 0xde, 0x1, 0xce, 0x1,
    0xb0, 0x3, 0xf2, 0xff, 0xe0, 0x20, 0xc, 0xc0,
    0x1f, 0xfc, 0x71, 0x0, 0xff, 0xed, 0x88, 0x7,
    0xff, 0x8, 0x80, 0x33, 0x0, 0x7f, 0xf0, 0x9c,
    0x3, 0x60, 0x7, 0xe2, 0x66, 0xc0, 0x44, 0x0,
    0x9c, 0x3, 0xf2, 0xcc, 0xe0, 0x5, 0x0, 0x43,
    0x0, 0x1e, 0x19, 0x0, 0x8c, 0x0, 0xe2, 0x1,
    0x3c, 0x88, 0x4, 0x98, 0x20, 0x14, 0x80, 0x54,
    0x1, 0x9b, 0xb7, 0x3a, 0xc8, 0x2, 0x45, 0x0,
    0x92, 0x40, 0x38, 0x8c, 0x40, 0x31, 0xd8, 0x7,
    0x35, 0x90, 0x7, 0xf3, 0xe0, 0x7, 0xc9, 0xb4,
    0xa2, 0x1, 0x24, 0x74, 0x0, 0x7f, 0x96, 0x90,
    0x0, 0x3e, 0xe2, 0x1, 0xff, 0xc1, 0x40, 0x0,
    0xde, 0x8, 0x7, 0xff, 0x7, 0xf1, 0x40, 0x7,
    0x20, 0x1f, 0xfc, 0x11, 0x3b, 0x0, 0x90, 0x3,
    0xff, 0x86, 0xc0, 0x13, 0x80, 0x7f, 0xf0, 0x67,
    0xa0, 0x2, 0xe0, 0xf, 0xfe, 0x9, 0x8, 0x4,
    0xea, 0x1, 0xff, 0xc1, 0x10, 0x26, 0xc8, 0x0,
    0xf0,

    /* U+00E8 "è" */
    0x0, 0x9b, 0xff, 0x58, 0x7, 0xff, 0x9, 0xa0,
    0x2, 0x45, 0x0, 0xff, 0xe1, 0x3b, 0x0, 0x56,
    0x20, 0x1f, 0xfc, 0x29, 0x50, 0x0, 0xc0, 0x7,
    0xff, 0xe, 0x90, 0x0, 0xc8, 0x1, 0xff, 0xc3,
    0xb9, 0x88, 0x0, 0x7f, 0xf1, 0x59, 0xdc, 0x80,
    0x1f, 0xfd, 0x63, 0x9d, 0xff, 0x76, 0x41, 0x80,
    0x7f, 0x15, 0xe3, 0x10, 0x0, 0x4d, 0xf2, 0x84,
    0x3, 0xc7, 0x88, 0x1, 0xfc, 0xbe, 0x40, 0x18,
    0xb0, 0x40, 0x30, 0x88, 0x3, 0x87, 0xc0, 0x37,
    0x80, 0x65, 0xde, 0xe7, 0xd9, 0x0, 0x44, 0xe0,
    0x6, 0x20, 0x9, 0xe8, 0x80, 0x24, 0xd2, 0x0,
    0xa4, 0x1, 0x60, 0x11, 0x40, 0x7, 0xd2, 0x1,
    0xa, 0x11, 0x0, 0x2b, 0x0, 0xfc, 0x80, 0x18,
    0xd0, 0x3, 0x55, 0xdf, 0xf0, 0x6, 0xde, 0x0,
    0xc6, 0x89, 0xfc, 0x1, 0x84, 0x40, 0x1f, 0xfe,
    0xd, 0xff, 0xff, 0xe0, 0xdf, 0x0, 0x64, 0x0,
    0xff, 0xe1, 0x18, 0x6, 0xa0, 0xf, 0xfe, 0x12,
    0x8, 0x4, 0x68, 0x1, 0xfc, 0x84, 0x1, 0x30,
    0x6, 0xb3, 0x0, 0xf9, 0x2f, 0x4, 0x1, 0x2,
    0x1, 0xb2, 0x4, 0x2, 0x3a, 0xb0, 0x1c, 0x10,
    0x6, 0x80, 0x73, 0xf7, 0x5f, 0x8a, 0x1, 0xf1,
    0xd8, 0x80, 0x70, 0x88, 0x3, 0x8b, 0x4, 0x2,
    0x4f, 0x50, 0xf, 0xf3, 0xe8, 0x80, 0x70, 0xd6,
    0xb9, 0x88, 0x0, 0x52, 0x3a, 0x0, 0x20,

    /* U+00E9 "é" */
    0x0, 0xff, 0xb7, 0xff, 0x28, 0x7, 0xff, 0x6,
    0x8, 0x2, 0xa5, 0x0, 0xff, 0xe0, 0x1b, 0x80,
    0x54, 0xa0, 0x1f, 0xfc, 0x1e, 0x0, 0xa5, 0x40,
    0x3f, 0xf8, 0x30, 0x40, 0x9, 0x60, 0xf, 0xfe,
    0x17, 0x44, 0x2d, 0x80, 0x3f, 0xf8, 0x6c, 0xee,
    0x40, 0xf, 0xfe, 0xb1, 0xce, 0xff, 0xbb, 0x20,
    0xc0, 0x3f, 0x8a, 0xf1, 0x88, 0x0, 0x26, 0xf9,
    0x42, 0x1, 0xe3, 0xc4, 0x0, 0xfe, 0x5f, 0x20,
    0xc, 0x58, 0x20, 0x18, 0x44, 0x1, 0xc3, 0xe0,
    0x1b, 0xc0, 0x32, 0xef, 0x73, 0xec, 0x80, 0x22,
    0x70, 0x3, 0x10, 0x4, 0xf4, 0x40, 0x12, 0x69,
    0x0, 0x52, 0x0, 0xb0, 0x8, 0xa0, 0x3, 0xe9,
    0x0, 0x85, 0x8, 0x80, 0x15, 0x80, 0x7e, 0x40,
    0xc, 0x68, 0x1, 0xaa, 0xef, 0xf8, 0x3, 0x6f,
    0x0, 0x63, 0x44, 0xfe, 0x0, 0xc2, 0x20, 0xf,
    0xff, 0x6, 0xff, 0xff, 0xf0, 0x6f, 0x80, 0x32,
    0x0, 0x7f, 0xf0, 0x8c, 0x3, 0x50, 0x7, 0xff,
    0x9, 0x4, 0x2, 0x34, 0x0, 0xfe, 0x42, 0x0,
    0x98, 0x3, 0x59, 0x80, 0x7c, 0x97, 0x82, 0x0,
    0x81, 0x0, 0xd9, 0x2, 0x1, 0x1d, 0x58, 0xe,
    0x8, 0x3, 0x40, 0x39, 0xfb, 0xaf, 0xc5, 0x0,
    0xf8, 0xec, 0x40, 0x38, 0x44, 0x1, 0xc5, 0x82,
    0x1, 0x27, 0xa8, 0x7, 0xf9, 0xf4, 0x40, 0x38,
    0x6b, 0x5c, 0xc4, 0x0, 0x29, 0x1d, 0x0, 0x10,

    /* U+00EA "ê" */
    0x0, 0xf8, 0xbb, 0xfd, 0x82, 0x1, 0xff, 0xc1,
    0x4d, 0x10, 0x1, 0xf9, 0x0, 0x7f, 0xcd, 0x60,
    0x3, 0x10, 0x1d, 0x40, 0xf, 0xe9, 0x90, 0x1,
    0x73, 0xcc, 0x1, 0x6e, 0x1, 0xf5, 0x30, 0x1,
    0xe8, 0x7, 0x14, 0x1, 0xe, 0x1, 0xea, 0xff,
    0xa0, 0x3, 0x57, 0xfc, 0xe0, 0x1f, 0xff, 0x93,
    0x9d, 0xff, 0x76, 0x41, 0x80, 0x7f, 0x15, 0xe3,
    0x10, 0x0, 0x4d, 0xf2, 0x84, 0x3, 0xc7, 0x88,
    0x1, 0xfc, 0xbe, 0x40, 0x18, 0xb0, 0x40, 0x30,
    0x88, 0x3, 0x87, 0xc0, 0x37, 0x80, 0x65, 0xde,
    0xe7, 0xd9, 0x0, 0x44, 0xe0, 0x6, 0x20, 0x9,
    0xe8, 0x80, 0x24, 0xd2, 0x0, 0xa4, 0x1, 0x60,
    0x11, 0x40, 0x7, 0xd2, 0x1, 0xa, 0x11, 0x0,
    0x2b, 0x0, 0xfc, 0x80, 0x18, 0xd0, 0x3, 0x55,
    0xdf, 0xf0, 0x6, 0xde, 0x0, 0xc6, 0x89, 0xfc,
    0x1, 0x84, 0x40, 0x1f, 0xfe, 0xd, 0xff, 0xff,
    0xe0, 0xdf, 0x0, 0x64, 0x0, 0xff, 0xe1, 0x18,
    0x6, 0xa0, 0xf, 0xfe, 0x12, 0x8, 0x4, 0x68,
    0x1, 0xfc, 0x84, 0x1, 0x30, 0x6, 0xb3, 0x0,
    0xf9, 0x2f, 0x4, 0x1, 0x2, 0x1, 0xb2, 0x4,
    0x2, 0x3a, 0xb0, 0x1c, 0x10, 0x6, 0x80, 0x73,
    0xf7, 0x5f, 0x8a, 0x1, 0xf1, 0xd8, 0x80, 0x70,
    0x88, 0x3, 0x8b, 0x4, 0x2, 0x4f, 0x50, 0xf,
    0xf3, 0xe8, 0x80, 0x70, 0xd6, 0xb9, 0x88, 0x0,
    0x52, 0x3a, 0x0, 0x20,

    /* U+00EB "ë" */
    0x0, 0x93, 0x7e, 0xc4, 0x3, 0x27, 0x7d, 0x88,
    0x7, 0xa8, 0x81, 0x20, 0x3, 0x58, 0x82, 0x40,
    0x7, 0x8, 0x80, 0x22, 0x0, 0x88, 0x3, 0x10,
    0x7, 0x9, 0x80, 0x58, 0x1, 0x11, 0x0, 0x2d,
    0x0, 0xf6, 0xba, 0xcb, 0x80, 0x6c, 0x75, 0xa6,
    0x0, 0xf0, 0xc5, 0x30, 0x7, 0xc, 0x52, 0x80,
    0x7f, 0xf9, 0x8e, 0x77, 0xfd, 0xd9, 0x6, 0x1,
    0xfc, 0x57, 0x8c, 0x40, 0x1, 0x37, 0xca, 0x10,
    0xf, 0x1e, 0x20, 0x7, 0xf2, 0xf9, 0x0, 0x62,
    0xc1, 0x0, 0xc2, 0x20, 0xe, 0x1f, 0x0, 0xde,
    0x1, 0x97, 0x7b, 0x9f, 0x64, 0x1, 0x13, 0x80,
    0x18, 0x80, 0x27, 0xa2, 0x0, 0x93, 0x48, 0x2,
    0x90, 0x5, 0x80, 0x45, 0x0, 0x1f, 0x48, 0x4,
    0x28, 0x44, 0x0, 0xac, 0x3, 0xf2, 0x0, 0x63,
    0x40, 0xd, 0x57, 0x7f, 0xc0, 0x1b, 0x78, 0x3,
    0x1a, 0x27, 0xf0, 0x6, 0x11, 0x0, 0x7f, 0xf8,
    0x37, 0xff, 0xff, 0x83, 0x7c, 0x1, 0x90, 0x3,
    0xff, 0x84, 0x60, 0x1a, 0x80, 0x3f, 0xf8, 0x48,
    0x20, 0x11, 0xa0, 0x7, 0xf2, 0x10, 0x4, 0xc0,
    0x1a, 0xcc, 0x3, 0xe4, 0xbc, 0x10, 0x4, 0x8,
    0x6, 0xc8, 0x10, 0x8, 0xea, 0xc0, 0x70, 0x40,
    0x1a, 0x1, 0xcf, 0xdd, 0x7e, 0x28, 0x7, 0xc7,
    0x62, 0x1, 0xc2, 0x20, 0xe, 0x2c, 0x10, 0x9,
    0x3d, 0x40, 0x3f, 0xcf, 0xa2, 0x1, 0xc3, 0x5a,
    0xe6, 0x20, 0x1, 0x48, 0xe8, 0x0, 0x80,

    /* U+00EC "ì" */
    0x0, 0x97, 0xff, 0x68, 0x7, 0xff, 0x5, 0x64,
    0x2, 0x27, 0x0, 0xff, 0xe0, 0xb4, 0x0, 0x50,
    0x40, 0x1f, 0xfc, 0x17, 0x70, 0x5, 0x20, 0x1f,
    0xfc, 0x28, 0x60, 0x2, 0x30, 0x7, 0xff, 0xa,
    0x65, 0x10, 0x30, 0xf, 0xfe, 0x1b, 0x3b, 0x94,
    0x3, 0xe1, 0xff, 0xff, 0x94, 0x3, 0xff, 0xe6,
    0x3f, 0xfe, 0x90, 0xf, 0xff, 0xf8, 0x7, 0xff,
    0xfc, 0x3, 0xff, 0xfe, 0x1, 0xff, 0xd5, 0x1f,
    0xff, 0x48, 0x6, 0xaf, 0xfe, 0xa0, 0xf, 0xfe,
    0x30, 0x80, 0x7f, 0xf6, 0x80,

    /* U+00ED "í" */
    0x0, 0xff, 0xb3, 0xff, 0x30, 0x7, 0xff, 0x2,
    0xc, 0x2, 0xb6, 0x0, 0xff, 0x91, 0xc0, 0x3,
    0x88, 0x1, 0xff, 0xd, 0x0, 0x7, 0xc, 0x3,
    0xff, 0x81, 0x6, 0x47, 0xe4, 0x1, 0xff, 0xc1,
    0x9d, 0xd6, 0x8, 0x7, 0xff, 0x34, 0x7f, 0xff,
    0xe5, 0x0, 0xff, 0xf9, 0x8f, 0xff, 0xa4, 0x3,
    0xff, 0xfe, 0x1, 0xff, 0xff, 0x0, 0xff, 0xff,
    0x80, 0x7f, 0xf5, 0x47, 0xff, 0xd2, 0x1, 0xab,
    0xff, 0xa8, 0x3, 0xff, 0x8c, 0x20, 0x1f, 0xfd,
    0xa0,

    /* U+00EE "î" */
    0x0, 0xf8, 0x77, 0xfd, 0xa4, 0x1, 0xff, 0xc0,
    0x3f, 0x20, 0x1, 0x6a, 0x0, 0x7f, 0x9b, 0x4,
    0xc, 0xc0, 0xb, 0x70, 0xf, 0xd1, 0x20, 0x4,
    0xcc, 0x28, 0x2, 0x28, 0x3, 0xce, 0xc2, 0x27,
    0xb0, 0x5, 0x40, 0x89, 0x24, 0x3, 0x9f, 0xba,
    0x80, 0xc, 0xfd, 0xd4, 0x80, 0x7f, 0xf7, 0x7,
    0xff, 0xfe, 0x50, 0xf, 0xff, 0x98, 0xff, 0xfa,
    0x40, 0x3f, 0xff, 0xe0, 0x1f, 0xff, 0xf0, 0xf,
    0xff, 0xf8, 0x7, 0xff, 0x54, 0x7f, 0xfd, 0x20,
    0x1a, 0xbf, 0xfa, 0x80, 0x3f, 0xf8, 0xc2, 0x1,
    0xff, 0xda,

    /* U+00EF "ï" */
    0x0, 0x8f, 0x7f, 0x8, 0x3, 0x1e, 0xfe, 0x8,
    0x7, 0x71, 0x1, 0xc8, 0x6, 0xe2, 0x3, 0xb0,
    0xe, 0x20, 0x9, 0x80, 0x31, 0x0, 0x4e, 0x1,
    0xca, 0x1, 0x28, 0x6, 0x40, 0x9, 0x40, 0x3a,
    0xa1, 0x62, 0x0, 0x1a, 0x9d, 0x66, 0x0, 0x3c,
    0xf4, 0xe0, 0x1c, 0x31, 0x4c, 0x1, 0xff, 0xca,
    0x1f, 0xff, 0xf9, 0x40, 0x3f, 0xfe, 0x63, 0xff,
    0xe9, 0x0, 0xff, 0xff, 0x80, 0x7f, 0xff, 0xc0,
    0x3f, 0xff, 0xe0, 0x1f, 0xfd, 0x51, 0xff, 0xf4,
    0x80, 0x6a, 0xff, 0xea, 0x0, 0xff, 0xe3, 0x8,
    0x7, 0xff, 0x68,

    /* U+00F0 "ð" */
    0x0, 0xfc, 0xaa, 0x0, 0xff, 0xe3, 0xdd, 0x73,
    0x80, 0x74, 0x58, 0x7, 0xf2, 0x8, 0xc, 0x72,
    0x3, 0x73, 0xa3, 0x80, 0x7e, 0xf0, 0xc, 0x37,
    0xb2, 0x20, 0x46, 0x1, 0xfb, 0x88, 0x3, 0x88,
    0x6, 0x75, 0x0, 0x3f, 0x2e, 0xc0, 0x7, 0xa1,
    0x80, 0x3f, 0xe6, 0x90, 0xf, 0x48, 0x80, 0x7f,
    0x26, 0xc8, 0x81, 0x10, 0x3, 0x58, 0x7, 0xe1,
    0xb2, 0x1, 0x9d, 0xf0, 0xc, 0xa6, 0x1, 0xf0,
    0xc8, 0x37, 0xb0, 0x14, 0x0, 0x69, 0x0, 0xfc,
    0xdb, 0x22, 0x1, 0x38, 0x80, 0x4a, 0x20, 0x1f,
    0x25, 0x52, 0xea, 0xc, 0x18, 0x3, 0x38, 0x7,
    0x37, 0x5b, 0xaa, 0x2b, 0xe5, 0xe8, 0x6, 0xc0,
    0xd, 0x72, 0x20, 0x1f, 0x25, 0x0, 0x67, 0x0,
    0xad, 0x0, 0x3f, 0xf8, 0x64, 0x0, 0x74, 0x0,
    0xcd, 0x9f, 0xed, 0xa4, 0x0, 0xf0, 0x84, 0x0,
    0x69, 0x91, 0x80, 0x9, 0x6e, 0xc0, 0x1c, 0x6c,
    0x1, 0x95, 0x80, 0x3e, 0x48, 0x0, 0xc3, 0x80,
    0x1a, 0x40, 0x3f, 0xf8, 0x6e, 0x1, 0x9, 0x80,
    0x7f, 0xf0, 0xc8, 0x2, 0x50, 0xf, 0xf7, 0x80,
    0x61, 0x0, 0xff, 0xe1, 0x88, 0x6, 0x21, 0x0,
    0x98, 0x3, 0xfc, 0x80, 0x11, 0x2, 0x80, 0x44,
    0x20, 0x1f, 0x88, 0x80, 0x12, 0x6, 0x0, 0x69,
    0x0, 0xfd, 0x0, 0x1b, 0x41, 0x80, 0x33, 0xa0,
    0x7, 0x99, 0x40, 0x23, 0x40, 0x17, 0x0, 0xd7,
    0x2, 0x0, 0x18, 0x90, 0xd, 0xe0, 0x14, 0x18,
    0x6, 0x7e, 0xec, 0xe0, 0x1a, 0xc, 0x3, 0x61,
    0x80, 0x70, 0x88, 0x3, 0x9d, 0xc0, 0x1e, 0xc7,
    0x0, 0xfe, 0x1a, 0x80, 0xf, 0xd1, 0xd0, 0x82,
    0x0, 0x15, 0xae, 0x50, 0xe,

    /* U+00F1 "ñ" */
    0x0, 0xff, 0xe0, 0x88, 0x7, 0xe1, 0xaf, 0xf5,
    0x18, 0x6, 0xdf, 0x80, 0xf, 0x62, 0x80, 0x17,
    0x24, 0x81, 0x8c, 0x8, 0x3, 0xa0, 0x80, 0x39,
    0xb7, 0xe4, 0x1, 0xe0, 0x1c, 0xc0, 0x6, 0x95,
    0x0, 0xf1, 0xa8, 0x6, 0x11, 0x3, 0xcb, 0x56,
    0xa8, 0x4, 0x9a, 0x1, 0xc3, 0xd7, 0x40, 0x11,
    0x57, 0x66, 0xd8, 0x80, 0x78, 0x50, 0x80, 0x38,
    0x4c, 0x80, 0x3f, 0xfc, 0x1f, 0xf9, 0x0, 0x7,
    0x3b, 0xfe, 0xea, 0x40, 0xf, 0xc4, 0x13, 0x8c,
    0x40, 0x1, 0x5b, 0xa0, 0xf, 0x86, 0xd8, 0x3,
    0xf2, 0xd0, 0x7, 0xa5, 0x0, 0x3f, 0xca, 0x80,
    0x1c, 0x20, 0x99, 0xff, 0x50, 0x80, 0x6e, 0x0,
    0xf3, 0xd9, 0x80, 0x4b, 0x80, 0x19, 0x40, 0x38,
    0xe0, 0x3, 0xc4, 0xa0, 0x18, 0x80, 0x33, 0x80,
    0x7e, 0xd0, 0xc, 0x20, 0x1f, 0xfc, 0x11, 0x0,
    0xce, 0x1, 0xff, 0xff, 0x0, 0xff, 0xff, 0x80,
    0x7f, 0xff, 0xc0, 0x3f, 0xf9, 0x40,

    /* U+00F2 "ò" */
    0x0, 0x93, 0xff, 0x68, 0x7, 0xff, 0x9, 0x28,
    0x2, 0x28, 0x0, 0xff, 0xe1, 0x2c, 0x80, 0x4e,
    0x40, 0x1f, 0xfc, 0x26, 0x70, 0xb, 0x80, 0x3f,
    0xf8, 0x70, 0xc0, 0x3, 0x60, 0xf, 0xfe, 0x1c,
    0xca, 0x20, 0x1, 0xff, 0xc5, 0x67, 0x73, 0x0,
    0x7f, 0xf5, 0x45, 0xaf, 0xbf, 0xdd, 0x6c, 0x1,
    0xfe, 0x6e, 0x94, 0x10, 0x0, 0xa4, 0xf3, 0x0,
    0x7d, 0x52, 0x1, 0xfc, 0x33, 0x20, 0xe, 0x85,
    0x0, 0xe1, 0x10, 0x7, 0x34, 0x0, 0x46, 0xe0,
    0x19, 0xfb, 0xb3, 0x0, 0x67, 0x30, 0x7, 0x80,
    0x68, 0x80, 0x80, 0x6, 0x60, 0x3, 0x40, 0x11,
    0x80, 0x46, 0xe0, 0x1e, 0x73, 0x0, 0x90, 0x54,
    0x3, 0x48, 0x7, 0xea, 0x0, 0xcf, 0xa0, 0x19,
    0x0, 0x3f, 0x38, 0x6, 0xf6, 0x0, 0x84, 0x40,
    0x1f, 0x84, 0x3, 0x10, 0x80, 0x46, 0x1, 0xfe,
    0x10, 0x9, 0xc0, 0x3f, 0xf9, 0x2, 0x1, 0x18,
    0x7, 0xf8, 0x40, 0x27, 0x60, 0x8, 0x44, 0x1,
    0xf8, 0x40, 0x31, 0x68, 0x6, 0x40, 0xf, 0xc8,
    0x1, 0xbd, 0x40, 0x34, 0x80, 0x7e, 0x90, 0xc,
    0xe4, 0x60, 0x11, 0xb0, 0x7, 0x98, 0xc0, 0x24,
    0x10, 0xf0, 0xd, 0x30, 0x20, 0x1, 0x89, 0x0,
    0xd0, 0x0, 0x37, 0x0, 0xcf, 0xdd, 0x9c, 0x3,
    0x39, 0x80, 0x50, 0xa0, 0x1c, 0x22, 0x0, 0xe6,
    0x80, 0xe, 0xa9, 0x0, 0xfe, 0x19, 0x90, 0x7,
    0xcd, 0xd2, 0x82, 0x0, 0x14, 0x9f, 0x60, 0xc,

    /* U+00F3 "ó" */
    0x0, 0xff, 0xab, 0xff, 0x38, 0x7, 0xff, 0x5,
    0x54, 0x1, 0x3b, 0x80, 0x3f, 0xf8, 0x3, 0x60,
    0x13, 0xc0, 0x7, 0xff, 0x6, 0xc4, 0x0, 0xf0,
    0x1, 0xff, 0xc1, 0x55, 0x0, 0x1a, 0x0, 0x3f,
    0xf8, 0x47, 0x10, 0x99, 0x0, 0x7f, 0xf0, 0xd9,
    0xdc, 0xc0, 0x1f, 0xfd, 0x51, 0x6b, 0xef, 0xf7,
    0x5b, 0x0, 0x7f, 0x9b, 0xa5, 0x4, 0x0, 0x29,
    0x3c, 0xc0, 0x1f, 0x54, 0x80, 0x7f, 0xc, 0xc8,
    0x3, 0xa1, 0x40, 0x38, 0x44, 0x1, 0xcd, 0x0,
    0x11, 0xb8, 0x6, 0x7e, 0xec, 0xc0, 0x19, 0xcc,
    0x1, 0xe0, 0x1a, 0x20, 0x20, 0x1, 0x98, 0x0,
    0xd0, 0x4, 0x60, 0x11, 0xb8, 0x7, 0x9c, 0xc0,
    0x24, 0x15, 0x0, 0xd2, 0x1, 0xfa, 0x80, 0x33,
    0xe8, 0x6, 0x40, 0xf, 0xce, 0x1, 0xbd, 0x80,
    0x21, 0x10, 0x7, 0xe1, 0x0, 0xc4, 0x20, 0x11,
    0x80, 0x7f, 0x84, 0x2, 0x70, 0xf, 0xfe, 0x40,
    0x80, 0x46, 0x1, 0xfe, 0x10, 0x9, 0xd8, 0x2,
    0x11, 0x0, 0x7e, 0x10, 0xc, 0x5a, 0x1, 0x90,
    0x3, 0xf2, 0x0, 0x6f, 0x50, 0xd, 0x20, 0x1f,
    0xa4, 0x3, 0x39, 0x18, 0x4, 0x6c, 0x1, 0xe6,
    0x30, 0x9, 0x4, 0x3c, 0x3, 0x4c, 0x8, 0x0,
    0x62, 0x40, 0x34, 0x0, 0xd, 0xc0, 0x33, 0xf7,
    0x67, 0x0, 0xce, 0x60, 0x14, 0x28, 0x7, 0x8,
    0x80, 0x39, 0xa0, 0x3, 0xaa, 0x40, 0x3f, 0x86,
    0x64, 0x1, 0xf3, 0x74, 0xa0, 0x80, 0x5, 0x27,
    0xd8, 0x3, 0x0,

    /* U+00F4 "ô" */
    0x0, 0xf8, 0x73, 0xfd, 0xa4, 0x1, 0xff, 0xc1,
    0x2f, 0x30, 0x1, 0x6a, 0x0, 0x7f, 0xc9, 0xa2,
    0x4, 0x60, 0xb, 0x60, 0xf, 0xe7, 0xb0, 0x1,
    0xe6, 0x14, 0x1, 0x32, 0x0, 0xf9, 0xe0, 0x0,
    0xb8, 0x21, 0x4e, 0x0, 0x6a, 0x0, 0xf3, 0xff,
    0xd4, 0x1, 0xa3, 0xfe, 0xa0, 0xf, 0xff, 0xc0,
    0xb5, 0xf7, 0xfb, 0xad, 0x80, 0x3f, 0xcd, 0xd2,
    0x82, 0x0, 0x14, 0x9e, 0x60, 0xf, 0xaa, 0x40,
    0x3f, 0x86, 0x64, 0x1, 0xd0, 0xa0, 0x1c, 0x22,
    0x0, 0xe6, 0x80, 0x8, 0xdc, 0x3, 0x3f, 0x76,
    0x60, 0xc, 0xe6, 0x0, 0xf0, 0xd, 0x10, 0x10,
    0x0, 0xcc, 0x0, 0x68, 0x2, 0x30, 0x8, 0xdc,
    0x3, 0xce, 0x60, 0x12, 0xa, 0x80, 0x69, 0x0,
    0xfd, 0x40, 0x19, 0xf4, 0x3, 0x20, 0x7, 0xe7,
    0x0, 0xde, 0xc0, 0x10, 0x88, 0x3, 0xf0, 0x80,
    0x62, 0x10, 0x8, 0xc0, 0x3f, 0xc2, 0x1, 0x38,
    0x7, 0xff, 0x20, 0x40, 0x23, 0x0, 0xff, 0x8,
    0x4, 0xec, 0x1, 0x8, 0x80, 0x3f, 0x8, 0x6,
    0x2d, 0x0, 0xc8, 0x1, 0xf9, 0x0, 0x37, 0xa8,
    0x6, 0x90, 0xf, 0xd2, 0x1, 0x9c, 0x8c, 0x2,
    0x36, 0x0, 0xf3, 0x18, 0x4, 0x82, 0x1e, 0x1,
    0xa6, 0x4, 0x0, 0x31, 0x20, 0x1a, 0x0, 0x6,
    0xe0, 0x19, 0xfb, 0xb3, 0x80, 0x67, 0x30, 0xa,
    0x14, 0x3, 0x84, 0x40, 0x1c, 0xd0, 0x1, 0xd5,
    0x20, 0x1f, 0xc3, 0x32, 0x0, 0xf9, 0xba, 0x50,
    0x40, 0x2, 0x93, 0xec, 0x1, 0x80,

    /* U+00F5 "õ" */
    0x0, 0xf2, 0x29, 0x0, 0x72, 0x30, 0x80, 0x7c,
    0x5b, 0x75, 0xb0, 0x1, 0xb6, 0x78, 0x3, 0xef,
    0x20, 0x9, 0xf5, 0x1, 0x18, 0x8, 0x3, 0xcc,
    0x40, 0x1c, 0x57, 0xf6, 0x0, 0x50, 0xf, 0x68,
    0x2, 0xbf, 0x10, 0x3, 0x86, 0x40, 0x3c, 0xc0,
    0x8a, 0x7, 0x72, 0x20, 0x2, 0xc1, 0x0, 0xf6,
    0xe7, 0x80, 0x66, 0xec, 0xdd, 0x10, 0x7, 0xe3,
    0x40, 0xf, 0x19, 0x0, 0x7f, 0xf9, 0xc5, 0xaf,
    0xbf, 0xdd, 0x6c, 0x1, 0xfe, 0x6e, 0x94, 0x10,
    0x0, 0xa4, 0xf3, 0x0, 0x7d, 0x52, 0x1, 0xfc,
    0x33, 0x20, 0xe, 0x85, 0x0, 0xe1, 0x10, 0x7,
    0x34, 0x0, 0x46, 0xe0, 0x19, 0xfb, 0xb3, 0x0,
    0x67, 0x30, 0x7, 0x80, 0x68, 0x80, 0x80, 0x6,
    0x60, 0x3, 0x40, 0x11, 0x80, 0x46, 0xe0, 0x1e,
    0x73, 0x0, 0x90, 0x54, 0x3, 0x48, 0x7, 0xea,
    0x0, 0xcf, 0xa0, 0x19, 0x0, 0x3f, 0x38, 0x6,
    0xf6, 0x0, 0x84, 0x40, 0x1f, 0x84, 0x3, 0x10,
    0x80, 0x46, 0x1, 0xfe, 0x10, 0x9, 0xc0, 0x3f,
    0xf9, 0x2, 0x1, 0x18, 0x7, 0xf8, 0x40, 0x27,
    0x60, 0x8, 0x44, 0x1, 0xf8, 0x40, 0x31, 0x68,
    0x6, 0x40, 0xf, 0xc8, 0x1, 0xbd, 0x40, 0x34,
    0x80, 0x7e, 0x90, 0xc, 0xe4, 0x60, 0x11, 0xb0,
    0x7, 0x98, 0xc0, 0x24, 0x10, 0xf0, 0xd, 0x30,
    0x20, 0x1, 0x89, 0x0, 0xd0, 0x0, 0x37, 0x0,
    0xcf, 0xdd, 0x9c, 0x3, 0x39, 0x80, 0x50, 0xa0,
    0x1c, 0x22, 0x0, 0xe6, 0x80, 0xe, 0xa9, 0x0,
    0xfe, 0x19, 0x90, 0x7, 0xcd, 0xd2, 0x82, 0x0,
    0x14, 0x9f, 0x60, 0xc,

    /* U+00F6 "ö" */
    0x0, 0x8b, 0x3f, 0x8, 0x3, 0x16, 0xfe, 0x10,
    0x7, 0xb8, 0xc0, 0xf8, 0x3, 0x71, 0x1, 0xc8,
    0x7, 0x88, 0x2, 0x20, 0xc, 0x60, 0x12, 0x80,
    0x79, 0xc0, 0x27, 0x0, 0xca, 0x1, 0x38, 0x7,
    0xa6, 0x16, 0x24, 0x3, 0x54, 0x2c, 0x48, 0x7,
    0xcf, 0x4e, 0x1, 0xe7, 0xa7, 0x0, 0xff, 0xf2,
    0x8b, 0x5f, 0x7f, 0xba, 0xd8, 0x3, 0xfc, 0xdd,
    0x28, 0x20, 0x1, 0x49, 0xe6, 0x0, 0xfa, 0xa4,
    0x3, 0xf8, 0x66, 0x40, 0x1d, 0xa, 0x1, 0xc2,
    0x20, 0xe, 0x68, 0x0, 0x8d, 0xc0, 0x33, 0xf7,
    0x66, 0x0, 0xce, 0x60, 0xf, 0x0, 0xd1, 0x1,
    0x0, 0xc, 0xc0, 0x6, 0x80, 0x23, 0x0, 0x8d,
    0xc0, 0x3c, 0xe6, 0x1, 0x20, 0xa8, 0x6, 0x90,
    0xf, 0xd4, 0x1, 0x9f, 0x40, 0x32, 0x0, 0x7e,
    0x70, 0xd, 0xec, 0x1, 0x8, 0x80, 0x3f, 0x8,
    0x6, 0x21, 0x0, 0x8c, 0x3, 0xfc, 0x20, 0x13,
    0x80, 0x7f, 0xf2, 0x4, 0x2, 0x30, 0xf, 0xf0,
    0x80, 0x4e, 0xc0, 0x10, 0x88, 0x3, 0xf0, 0x80,
    0x62, 0xd0, 0xc, 0x80, 0x1f, 0x90, 0x3, 0x7a,
    0x80, 0x69, 0x0, 0xfd, 0x20, 0x19, 0xc8, 0xc0,
    0x23, 0x60, 0xf, 0x31, 0x80, 0x48, 0x21, 0xe0,
    0x1a, 0x60, 0x40, 0x3, 0x12, 0x1, 0xa0, 0x0,
    0x6e, 0x1, 0x9f, 0xbb, 0x38, 0x6, 0x73, 0x0,
    0xa1, 0x40, 0x38, 0x44, 0x1, 0xcd, 0x0, 0x1d,
    0x52, 0x1, 0xfc, 0x33, 0x20, 0xf, 0x9b, 0xa5,
    0x4, 0x0, 0x29, 0x3e, 0xc0, 0x18,

    /* U+00F7 "÷" */
    0x0, 0xff, 0xe8, 0x4f, 0xfa, 0x80, 0x3f, 0xf8,
    0x6a, 0xc0, 0x5, 0x70, 0xf, 0xfe, 0x16, 0x80,
    0x6d, 0x0, 0xff, 0xe1, 0x68, 0x6, 0xd0, 0xf,
    0xfe, 0x12, 0xb8, 0x1, 0x9c, 0x3, 0xff, 0x87,
    0x1f, 0xe9, 0x0, 0xff, 0xf2, 0x6f, 0xff, 0xff,
    0x1c, 0x3, 0xff, 0xe1, 0xfb, 0xbf, 0xfc, 0x72,
    0x2f, 0xfe, 0x40, 0x7, 0xff, 0x92, 0x7f, 0xd4,
    0x1, 0xff, 0xc3, 0x66, 0x0, 0x15, 0xc0, 0x3f,
    0xf8, 0x5e, 0x1, 0xb4, 0x3, 0xff, 0x85, 0xe0,
    0x1b, 0x40, 0x3f, 0xf8, 0x4c, 0xc0, 0x3, 0x38,
    0x7, 0xc0,

    /* U+00F8 "ø" */
    0x0, 0xff, 0xe1, 0xbc, 0x38, 0x7, 0xff, 0x10,
    0xe1, 0xfc, 0x3, 0xff, 0x89, 0x20, 0x9, 0x0,
    0xf8, 0x5a, 0xfb, 0xfd, 0xd6, 0xea, 0xa, 0x20,
    0x1e, 0x6e, 0x94, 0x10, 0x0, 0xa4, 0x0, 0x24,
    0x3, 0xd5, 0x20, 0x1f, 0xf5, 0x0, 0x74, 0xa8,
    0x7, 0x8, 0x80, 0x39, 0xa0, 0x2, 0x36, 0x0,
    0xcf, 0xdd, 0x60, 0x7, 0x39, 0x80, 0x3c, 0x3,
    0x44, 0x4, 0x1, 0x60, 0x1e, 0x80, 0x23, 0x0,
    0x8d, 0xc0, 0x21, 0x70, 0x32, 0x0, 0x90, 0x94,
    0x3, 0x48, 0x6, 0x90, 0x4, 0x58, 0x6, 0x4d,
    0x0, 0xc8, 0x1, 0xb, 0x81, 0xa2, 0x0, 0x37,
    0xb0, 0x4, 0x22, 0x0, 0xa4, 0x1, 0x0, 0x40,
    0x18, 0x84, 0x2, 0x30, 0xc, 0xe0, 0x68, 0x0,
    0x10, 0x9, 0xc0, 0x3f, 0x38, 0x2, 0x0, 0x3f,
    0x8, 0x4, 0x60, 0x14, 0x81, 0xa0, 0x4, 0x20,
    0x13, 0xb0, 0x4, 0x22, 0x7, 0x10, 0x80, 0x8,
    0x40, 0x31, 0x68, 0x6, 0x40, 0x90, 0x34, 0x0,
    0x90, 0x3, 0x7a, 0x80, 0x69, 0x71, 0x9, 0x0,
    0xd2, 0x1, 0x90, 0x8c, 0x2, 0x38, 0x2, 0x50,
    0x9, 0x8c, 0x2, 0x42, 0xf, 0x0, 0xf5, 0x80,
    0x6, 0x24, 0x3, 0x40, 0x0, 0xdc, 0x3, 0xa7,
    0xba, 0x70, 0xc, 0xe6, 0x1, 0x43, 0x0, 0x70,
    0x88, 0x3, 0x9a, 0x0, 0x3a, 0x44, 0x3, 0xf8,
    0x66, 0x40, 0x1e, 0x51, 0x6, 0x51, 0x0, 0xa,
    0x4f, 0xb0, 0x7, 0xd0, 0x3, 0x35, 0xdf, 0xee,
    0xb6, 0x10, 0xf, 0x90, 0x82, 0x40, 0x3f, 0xf8,
    0xae, 0xe6, 0x0, 0xff, 0xe1, 0x0,

    /* U+00F9 "ù" */
    0x0, 0x27, 0xfe, 0xd0, 0xf, 0xfe, 0xa, 0x50,
    0x4, 0x50, 0x1, 0xff, 0xc1, 0x59, 0x0, 0x9c,
    0xc0, 0x3f, 0xf8, 0x2d, 0x0, 0x17, 0x80, 0x7f,
    0xf0, 0x9d, 0xc0, 0x3, 0x70, 0xf, 0xfe, 0x14,
    0x4c, 0x40, 0x40, 0x3f, 0xf8, 0x6c, 0xee, 0x60,
    0xf, 0xfe, 0x7e, 0xff, 0xda, 0x1, 0xfa, 0x7f,
    0xf0, 0x80, 0x7f, 0xff, 0xc0, 0x3f, 0xff, 0xe0,
    0x1f, 0xff, 0xf0, 0x8, 0x40, 0x23, 0x0, 0xff,
    0xe1, 0x38, 0x4, 0x20, 0x1f, 0xfc, 0x22, 0x0,
    0xc2, 0x1, 0xf1, 0x0, 0x77, 0x80, 0x69, 0x0,
    0xf3, 0x20, 0x7, 0x38, 0x6, 0x76, 0x0, 0x8e,
    0x64, 0x1, 0xe1, 0x50, 0xd, 0x3f, 0xf6, 0x30,
    0x7, 0xeb, 0x10, 0xf, 0xe2, 0x90, 0xf, 0xe,
    0x88, 0x7, 0xc7, 0x8a, 0x1, 0xf1, 0xf4, 0x18,
    0x80, 0xa5, 0x60, 0x88, 0x3, 0x80,

    /* U+00FA "ú" */
    0x0, 0xff, 0x57, 0xfe, 0x70, 0xf, 0xfe, 0x2,
    0xa8, 0x2, 0x77, 0x0, 0x7f, 0xc3, 0x60, 0x13,
    0xc0, 0x7, 0xff, 0x2, 0xc4, 0x0, 0xd0, 0x1,
    0xff, 0xc0, 0x45, 0x0, 0x34, 0x80, 0x7f, 0xf0,
    0x49, 0xdd, 0x32, 0x0, 0xff, 0xe1, 0x34, 0x41,
    0x80, 0x3f, 0xf9, 0xfb, 0xff, 0x68, 0x7, 0xe9,
    0xff, 0xc2, 0x1, 0xff, 0xff, 0x0, 0xff, 0xff,
    0x80, 0x7f, 0xff, 0xc0, 0x21, 0x0, 0x8c, 0x3,
    0xff, 0x84, 0xe0, 0x10, 0x80, 0x7f, 0xf0, 0x88,
    0x3, 0x8, 0x7, 0xc4, 0x1, 0xde, 0x1, 0xa4,
    0x3, 0xcc, 0x80, 0x1c, 0xe0, 0x19, 0xd8, 0x2,
    0x39, 0x90, 0x7, 0x85, 0x40, 0x34, 0xff, 0xd8,
    0xc0, 0x1f, 0xac, 0x40, 0x3f, 0x8a, 0x40, 0x3c,
    0x3a, 0x20, 0x1f, 0x1e, 0x28, 0x7, 0xc7, 0xd0,
    0x62, 0x2, 0x95, 0x82, 0x20, 0xe,

    /* U+00FB "û" */
    0x0, 0xf0, 0xe7, 0xfb, 0x48, 0x3, 0xff, 0x80,
    0x7e, 0x60, 0x2, 0xd5, 0x0, 0xff, 0x2e, 0x8,
    0x12, 0x0, 0x29, 0xc0, 0x3f, 0x45, 0x0, 0x13,
    0x6d, 0x80, 0x11, 0x40, 0x1e, 0x76, 0x11, 0x3d,
    0x80, 0x26, 0x42, 0x24, 0x90, 0xe, 0x7e, 0xea,
    0x0, 0x33, 0x77, 0x52, 0x1, 0xff, 0xdd, 0xdf,
    0xfb, 0x40, 0x3f, 0x4f, 0xfe, 0x10, 0xf, 0xff,
    0xf8, 0x7, 0xff, 0xfc, 0x3, 0xff, 0xfe, 0x1,
    0x8, 0x4, 0x60, 0x1f, 0xfc, 0x27, 0x0, 0x84,
    0x3, 0xff, 0x84, 0x40, 0x18, 0x40, 0x3e, 0x20,
    0xe, 0xf0, 0xd, 0x20, 0x1e, 0x64, 0x0, 0xe7,
    0x0, 0xce, 0xc0, 0x11, 0xcc, 0x80, 0x3c, 0x2a,
    0x1, 0xa7, 0xfe, 0xc6, 0x0, 0xfd, 0x62, 0x1,
    0xfc, 0x52, 0x1, 0xe1, 0xd1, 0x0, 0xf8, 0xf1,
    0x40, 0x3e, 0x3e, 0x83, 0x10, 0x14, 0xac, 0x11,
    0x0, 0x70,

    /* U+00FC "ü" */
    0x0, 0x16, 0x7e, 0x90, 0x6, 0x2c, 0xfc, 0x20,
    0xe, 0xe3, 0x2, 0xe0, 0xd, 0xc6, 0x7, 0xc0,
    0x1c, 0x40, 0x11, 0x80, 0x62, 0x0, 0x88, 0x3,
    0x9c, 0x2, 0x50, 0xc, 0x80, 0x13, 0x80, 0x74,
    0xc2, 0xc5, 0x0, 0x6a, 0x85, 0x89, 0x0, 0xf3,
    0xd3, 0x80, 0x79, 0xe9, 0xc0, 0x3f, 0xf9, 0x7b,
    0xff, 0x68, 0x7, 0xe9, 0xff, 0xc2, 0x1, 0xff,
    0xff, 0x0, 0xff, 0xff, 0x80, 0x7f, 0xff, 0xc0,
    0x21, 0x0, 0x8c, 0x3, 0xff, 0x84, 0xe0, 0x10,
    0x80, 0x7f, 0xf0, 0x88, 0x3, 0x8, 0x7, 0xc4,
    0x1, 0xde, 0x1, 0xa4, 0x3, 0xcc, 0x80, 0x1c,
    0xe0, 0x19, 0xd8, 0x2, 0x39, 0x90, 0x7, 0x85,
    0x40, 0x34, 0xff, 0xd8, 0xc0, 0x1f, 0xac, 0x40,
    0x3f, 0x8a, 0x40, 0x3c, 0x3a, 0x20, 0x1f, 0x1e,
    0x28, 0x7, 0xc7, 0xd0, 0x62, 0x2, 0x95, 0x82,
    0x20, 0xe,

    /* U+00FD "ý" */
    0x0, 0xff, 0xe0, 0xbc, 0x44, 0xe2, 0x1, 0xff,
    0xc4, 0x88, 0x3b, 0xc0, 0x20, 0x1f, 0xfc, 0x33,
    0x70, 0xa, 0x1c, 0x3, 0xff, 0x89, 0xc0, 0x13,
    0xb8, 0x3, 0xff, 0x89, 0x4, 0x0, 0x78, 0x0,
    0xff, 0xe2, 0x1b, 0x80, 0x1a, 0x0, 0x3f, 0xf8,
    0xa7, 0xff, 0x48, 0x7, 0xff, 0xae, 0x7f, 0xf4,
    0x0, 0x7f, 0xdd, 0xff, 0x8e, 0xc0, 0x33, 0x0,
    0x7f, 0x94, 0x40, 0x23, 0x31, 0x20, 0x4, 0x28,
    0x1, 0xfd, 0xc0, 0x1a, 0x40, 0x1e, 0x1, 0xbc,
    0x3, 0xf1, 0x20, 0x4, 0x2a, 0x0, 0x42, 0x0,
    0x90, 0x40, 0x3e, 0xa0, 0xd, 0x20, 0x1a, 0xc0,
    0x34, 0x80, 0x7c, 0xc0, 0x19, 0x80, 0x33, 0x8,
    0x4, 0xc0, 0x1e, 0x41, 0x0, 0x98, 0x40, 0x39,
    0x80, 0x21, 0x50, 0xe, 0xe0, 0xd, 0x60, 0x1e,
    0x90, 0xd, 0xc0, 0x18, 0x54, 0x2, 0x42, 0x0,
    0xf0, 0xa8, 0x4, 0x84, 0x1, 0x30, 0x6, 0xf0,
    0xf, 0xd2, 0x1, 0xa8, 0x2, 0xa0, 0x8, 0x90,
    0x3, 0xf1, 0x98, 0x2, 0x60, 0x1, 0x90, 0x5,
    0x60, 0x1f, 0xe9, 0x0, 0x85, 0x42, 0x40, 0x21,
    0x60, 0xf, 0xf2, 0x90, 0x5, 0xc0, 0xa0, 0x13,
    0x0, 0x7f, 0xf0, 0x28, 0x2, 0x46, 0x0, 0xd2,
    0x1, 0xff, 0xc0, 0x70, 0xd, 0x20, 0x12, 0x88,
    0x7, 0xff, 0x5, 0xc0, 0x3e, 0x90, 0xf, 0xfe,
    0x15, 0x0, 0x78, 0xcc, 0x1, 0xff, 0xc2, 0x25,
    0x0, 0xe9, 0x0, 0xff, 0xe2, 0x48, 0x6, 0x15,
    0x0, 0xff, 0xe2, 0x18, 0x6, 0x90, 0xf, 0xfe,
    0x2b, 0x0, 0x66, 0x0, 0xff, 0xe2, 0xc0, 0x4,
    0xc2, 0x1, 0xff, 0xc4, 0x71, 0x0, 0xa8, 0x3,
    0xff, 0x88, 0x70, 0x1, 0x21, 0x80, 0x7f, 0xf0,
    0xd3, 0x40, 0x37, 0x80, 0x7f, 0xf0, 0x53, 0xfd,
    0x62, 0x1, 0x2a, 0x0, 0x7f, 0xf0, 0x48, 0x3,
    0xc5, 0x60, 0x1f, 0xfc, 0x2f, 0x0, 0xe3, 0xc1,
    0x0, 0xff, 0xe1, 0x8, 0x80, 0x7, 0x38, 0x20,
    0x1f, 0xfc, 0x10,

    /* U+00FE "þ" */
    0x33, 0xc4, 0x1, 0xff, 0xc2, 0xcc, 0xd2, 0x1,
    0xff, 0xff, 0x0, 0xff, 0xff, 0x80, 0x7f, 0xf2,
    0x86, 0x37, 0xfd, 0xd6, 0xa0, 0x1f, 0xe5, 0xe7,
    0x20, 0x0, 0xa5, 0x61, 0x0, 0x7c, 0xb4, 0x1,
    0xf8, 0xf0, 0x40, 0x3c, 0x20, 0x1f, 0xe1, 0xd0,
    0xf, 0xcf, 0xbf, 0xed, 0x40, 0xc, 0x68, 0x1,
    0xea, 0x82, 0x0, 0x15, 0xa8, 0x6, 0xf0, 0xe,
    0x35, 0x0, 0xf5, 0x8, 0x4, 0x80, 0x1c, 0xe0,
    0x1f, 0x9c, 0x3, 0x18, 0x7, 0xff, 0x7, 0x0,
    0x32, 0x80, 0x7f, 0xf0, 0x58, 0x3, 0x8, 0x7,
    0xff, 0x4, 0x40, 0x37, 0x80, 0x7f, 0xf5, 0x4,
    0x3, 0x78, 0x7, 0xff, 0x5, 0x80, 0x30, 0x80,
    0x7f, 0xf0, 0x70, 0x3, 0x28, 0x6, 0x70, 0xf,
    0xce, 0x1, 0x8c, 0x3, 0x1a, 0x80, 0x7a, 0x4,
    0x2, 0x50, 0xf, 0x53, 0x88, 0x0, 0x65, 0xc0,
    0x37, 0x0, 0x7d, 0x1d, 0xd9, 0x80, 0x32, 0x20,
    0x3, 0x84, 0x2, 0x11, 0x0, 0x71, 0x50, 0x7,
    0x96, 0x80, 0x3f, 0x1e, 0x8, 0x7, 0xcb, 0xce,
    0x60, 0x1, 0x4a, 0xc1, 0x0, 0xfe, 0x18, 0xcf,
    0xf7, 0x5a, 0x80, 0x7f, 0xff, 0xc0, 0x3f, 0xfe,
    0x60,

    /* U+00FF "ÿ" */
    0x0, 0xe8, 0xfe, 0x70, 0xe, 0x9f, 0xe7, 0x0,
    0xfe, 0x57, 0x1, 0x83, 0x0, 0x95, 0x80, 0x60,
    0xc0, 0x3f, 0x10, 0x6, 0x60, 0xb, 0x40, 0x33,
    0x0, 0x7e, 0x50, 0xc, 0x80, 0x15, 0x80, 0x64,
    0x0, 0xfc, 0x58, 0xcc, 0xc1, 0x0, 0x8e, 0xd5,
    0xb4, 0x40, 0x3f, 0x8e, 0x64, 0x60, 0x1c, 0x95,
    0x24, 0x1, 0xff, 0xd0, 0x9f, 0xfd, 0x0, 0x1f,
    0xf7, 0x7f, 0xe3, 0xb0, 0xc, 0xc0, 0x1f, 0xe5,
    0x10, 0x8, 0xcc, 0x48, 0x1, 0xa, 0x0, 0x7f,
    0x70, 0x6, 0x90, 0x7, 0x80, 0x6f, 0x0, 0xfc,
    0x48, 0x1, 0xa, 0x80, 0x10, 0x80, 0x24, 0x10,
    0xf, 0xa8, 0x3, 0x48, 0x6, 0xb0, 0xd, 0x20,
    0x1f, 0x30, 0x6, 0x60, 0xc, 0xc2, 0x1, 0x30,
    0x7, 0x90, 0x40, 0x26, 0x10, 0xe, 0x60, 0x8,
    0x54, 0x3, 0xb8, 0x3, 0x58, 0x7, 0xa4, 0x3,
    0x70, 0x6, 0x15, 0x0, 0x90, 0x80, 0x3c, 0x2a,
    0x1, 0x21, 0x0, 0x4c, 0x1, 0xbc, 0x3, 0xf4,
    0x80, 0x6a, 0x0, 0xa8, 0x2, 0x24, 0x0, 0xfc,
    0x66, 0x0, 0x98, 0x0, 0x64, 0x1, 0x58, 0x7,
    0xfa, 0x40, 0x21, 0x50, 0x90, 0x8, 0x58, 0x3,
    0xfc, 0xa4, 0x1, 0x70, 0x28, 0x4, 0xc0, 0x1f,
    0xfc, 0xa, 0x0, 0x91, 0x80, 0x34, 0x80, 0x7f,
    0xf0, 0x1c, 0x3, 0x48, 0x4, 0xa2, 0x1, 0xff,
    0xc1, 0x70, 0xf, 0xa4, 0x3, 0xff, 0x85, 0x40,
    0x1e, 0x33, 0x0, 0x7f, 0xf0, 0x89, 0x40, 0x3a,
    0x40, 0x3f, 0xf8, 0x92, 0x1, 0x85, 0x40, 0x3f,
    0xf8, 0x86, 0x1, 0xa4, 0x3, 0xff, 0x8a, 0xc0,
    0x19, 0x80, 0x3f, 0xf8, 0xb0, 0x1, 0x30, 0x80,
    0x7f, 0xf1, 0x1c, 0x40, 0x2a, 0x0, 0xff, 0xe2,
    0x1c, 0x0, 0x48, 0x60, 0x1f, 0xfc, 0x34, 0xd0,
    0xd, 0xe0, 0x1f, 0xfc, 0x14, 0xff, 0x58, 0x80,
    0x4a, 0x80, 0x1f, 0xfc, 0x12, 0x0, 0xf1, 0x58,
    0x7, 0xff, 0xb, 0xc0, 0x38, 0xf0, 0x40, 0x3f,
    0xf8, 0x42, 0x20, 0x1, 0xce, 0x8, 0x7, 0xff,
    0x4
};


/*---------------------
 *  GLYPH DESCRIPTION
 *--------------------*/

static const lv_font_fmt_txt_glyph_dsc_t glyph_dsc[] = {
    {.bitmap_index = 0, .adv_w = 0, .box_w = 0, .box_h = 0, .ofs_x = 0, .ofs_y = 0} /* id = 0 reserved */,
    {.bitmap_index = 0, .adv_w = 384, .box_w = 0, .box_h = 0, .ofs_x = 0, .ofs_y = 0},
    {.bitmap_index = 0, .adv_w = 384, .box_w = 6, .box_h = 29, .ofs_x = 9, .ofs_y = 0},
    {.bitmap_index = 46, .adv_w = 384, .box_w = 12, .box_h = 11, .ofs_x = 6, .ofs_y = 19},
    {.bitmap_index = 88, .adv_w = 384, .box_w = 23, .box_h = 29, .ofs_x = 0, .ofs_y = 0},
    {.bitmap_index = 305, .adv_w = 384, .box_w = 20, .box_h = 38, .ofs_x = 2, .ofs_y = -4},
    {.bitmap_index = 539, .adv_w = 384, .box_w = 24, .box_h = 29, .ofs_x = 0, .ofs_y = 0},
    {.bitmap_index = 791, .adv_w = 384, .box_w = 23, .box_h = 29, .ofs_x = 1, .ofs_y = 0},
    {.bitmap_index = 1034, .adv_w = 384, .box_w = 4, .box_h = 11, .ofs_x = 9, .ofs_y = 19},
    {.bitmap_index = 1052, .adv_w = 384, .box_w = 12, .box_h = 43, .ofs_x = 6, .ofs_y = -10},
    {.bitmap_index = 1222, .adv_w = 384, .box_w = 11, .box_h = 43, .ofs_x = 6, .ofs_y = -10},
    {.bitmap_index = 1389, .adv_w = 384, .box_w = 20, .box_h = 21, .ofs_x = 3, .ofs_y = 8},
    {.bitmap_index = 1547, .adv_w = 384, .box_w = 20, .box_h = 22, .ofs_x = 2, .ofs_y = 3},
    {.bitmap_index = 1592, .adv_w = 384, .box_w = 8, .box_h = 13, .ofs_x = 6, .ofs_y = -8},
    {.bitmap_index = 1629, .adv_w = 384, .box_w = 17, .box_h = 4, .ofs_x = 4, .ofs_y = 11},
    {.bitmap_index = 1640, .adv_w = 384, .box_w = 8, .box_h = 7, .ofs_x = 8, .ofs_y = 0},
    {.bitmap_index = 1665, .adv_w = 384, .box_w = 16, .box_h = 32, .ofs_x = 4, .ofs_y = -3},
    {.bitmap_index = 1817, .adv_w = 384, .box_w = 20, .box_h = 29, .ofs_x = 2, .ofs_y = 0},
    {.bitmap_index = 2025, .adv_w = 384, .box_w = 13, .box_h = 30, .ofs_x = 3, .ofs_y = 0},
    {.bitmap_index = 2078, .adv_w = 384, .box_w = 21, .box_h = 29, .ofs_x = 1, .ofs_y = 0},
    {.bitmap_index = 2272, .adv_w = 384, .box_w = 20, .box_h = 29, .ofs_x = 1, .ofs_y = 0},
    {.bitmap_index = 2474, .adv_w = 384, .box_w = 21, .box_h = 29, .ofs_x = 1, .ofs_y = 0},
    {.bitmap_index = 2612, .adv_w = 384, .box_w = 20, .box_h = 29, .ofs_x = 2, .ofs_y = 0},
    {.bitmap_index = 2802, .adv_w = 384, .box_w = 20, .box_h = 29, .ofs_x = 2, .ofs_y = 0},
    {.bitmap_index = 3010, .adv_w = 384, .box_w = 21, .box_h = 29, .ofs_x = 1, .ofs_y = 0},
    {.bitmap_index = 3171, .adv_w = 384, .box_w = 20, .box_h = 29, .ofs_x = 2, .ofs_y = 0},
    {.bitmap_index = 3394, .adv_w = 384, .box_w = 19, .box_h = 29, .ofs_x = 2, .ofs_y = 0},
    {.bitmap_index = 3588, .adv_w = 384, .box_w = 8, .box_h = 24, .ofs_x = 9, .ofs_y = 0},
    {.bitmap_index = 3641, .adv_w = 384, .box_w = 9, .box_h = 32, .ofs_x = 8, .ofs_y = -8},
    {.bitmap_index = 3713, .adv_w = 384, .box_w = 18, .box_h = 19, .ofs_x = 3, .ofs_y = 3},
    {.bitmap_index = 3826, .adv_w = 384, .box_w = 19, .box_h = 12, .ofs_x = 3, .ofs_y = 6},
    {.bitmap_index = 3852, .adv_w = 384, .box_w = 18, .box_h = 19, .ofs_x = 3, .ofs_y = 3},
    {.bitmap_index = 3965, .adv_w = 384, .box_w = 19, .box_h = 29, .ofs_x = 3, .ofs_y = 0},
    {.bitmap_index = 4138, .adv_w = 384, .box_w = 23, .box_h = 29, .ofs_x = 0, .ofs_y = 0},
    {.bitmap_index = 4430, .adv_w = 384, .box_w = 24, .box_h = 29, .ofs_x = 0, .ofs_y = 0},
    {.bitmap_index = 4647, .adv_w = 384, .box_w = 21, .box_h = 29, .ofs_x = 2, .ofs_y = 0},
    {.bitmap_index = 4818, .adv_w = 384, .box_w = 22, .box_h = 29, .ofs_x = 1, .ofs_y = 0},
    {.bitmap_index = 5012, .adv_w = 384, .box_w = 21, .box_h = 29, .ofs_x = 2, .ofs_y = 0},
    {.bitmap_index = 5167, .adv_w = 384, .box_w = 19, .box_h = 29, .ofs_x = 3, .ofs_y = 0},
    {.bitmap_index = 5216, .adv_w = 384, .box_w = 19, .box_h = 29, .ofs_x = 3, .ofs_y = 0},
    {.bitmap_index = 5254, .adv_w = 384, .box_w = 21, .box_h = 29, .ofs_x = 1, .ofs_y = 0},
    {.bitmap_index = 5441, .adv_w = 384, .box_w = 20, .box_h = 29, .ofs_x = 2, .ofs_y = 0},
    {.bitmap_index = 5479, .adv_w = 384, .box_w = 18, .box_h = 29, .ofs_x = 3, .ofs_y = 0},
    {.bitmap_index = 5523, .adv_w = 384, .box_w = 20, .box_h = 29, .ofs_x = 2, .ofs_y = 0},
    {.bitmap_index = 5613, .adv_w = 384, .box_w = 22, .box_h = 29, .ofs_x = 2, .ofs_y = 0},
    {.bitmap_index = 5797, .adv_w = 384, .box_w = 19, .box_h = 29, .ofs_x = 3, .ofs_y = 0},
    {.bitmap_index = 5828, .adv_w = 384, .box_w = 20, .box_h = 29, .ofs_x = 2, .ofs_y = 0},
    {.bitmap_index = 5972, .adv_w = 384, .box_w = 20, .box_h = 29, .ofs_x = 2, .ofs_y = 0},
    {.bitmap_index = 6111, .adv_w = 384, .box_w = 22, .box_h = 29, .ofs_x = 1, .ofs_y = 0},
    {.bitmap_index = 6312, .adv_w = 384, .box_w = 20, .box_h = 29, .ofs_x = 3, .ofs_y = 0},
    {.bitmap_index = 6423, .adv_w = 384, .box_w = 23, .box_h = 34, .ofs_x = 1, .ofs_y = -5},
    {.bitmap_index = 6664, .adv_w = 384, .box_w = 21, .box_h = 29, .ofs_x = 2, .ofs_y = 0},
    {.bitmap_index = 6833, .adv_w = 384, .box_w = 22, .box_h = 29, .ofs_x = 1, .ofs_y = 0},
    {.bitmap_index = 7055, .adv_w = 384, .box_w = 24, .box_h = 29, .ofs_x = 0, .ofs_y = 0},
    {.bitmap_index = 7095, .adv_w = 384, .box_w = 20, .box_h = 29, .ofs_x = 2, .ofs_y = 0},
    {.bitmap_index = 7197, .adv_w = 384, .box_w = 24, .box_h = 29, .ofs_x = 0, .ofs_y = 0},
    {.bitmap_index = 7422, .adv_w = 384, .box_w = 24, .box_h = 29, .ofs_x = 0, .ofs_y = 0},
    {.bitmap_index = 7704, .adv_w = 384, .box_w = 23, .box_h = 29, .ofs_x = 1, .ofs_y = 0},
    {.bitmap_index = 7934, .adv_w = 384, .box_w = 24, .box_h = 29, .ofs_x = 0, .ofs_y = 0},
    {.bitmap_index = 8099, .adv_w = 384, .box_w = 21, .box_h = 29, .ofs_x = 1, .ofs_y = 0},
    {.bitmap_index = 8255, .adv_w = 384, .box_w = 9, .box_h = 40, .ofs_x = 8, .ofs_y = -6},
    {.bitmap_index = 8288, .adv_w = 384, .box_w = 17, .box_h = 32, .ofs_x = 4, .ofs_y = -3},
    {.bitmap_index = 8460, .adv_w = 384, .box_w = 10, .box_h = 40, .ofs_x = 7, .ofs_y = -6},
    {.bitmap_index = 8496, .adv_w = 384, .box_w = 17, .box_h = 16, .ofs_x = 4, .ofs_y = 14},
    {.bitmap_index = 8600, .adv_w = 384, .box_w = 19, .box_h = 4, .ofs_x = 2, .ofs_y = -4},
    {.bitmap_index = 8612, .adv_w = 384, .box_w = 9, .box_h = 6, .ofs_x = 8, .ofs_y = 24},
    {.bitmap_index = 8636, .adv_w = 384, .box_w = 20, .box_h = 22, .ofs_x = 2, .ofs_y = 0},
    {.bitmap_index = 8795, .adv_w = 384, .box_w = 19, .box_h = 30, .ofs_x = 3, .ofs_y = 0},
    {.bitmap_index = 8939, .adv_w = 384, .box_w = 20, .box_h = 22, .ofs_x = 2, .ofs_y = 0},
    {.bitmap_index = 9089, .adv_w = 384, .box_w = 19, .box_h = 30, .ofs_x = 2, .ofs_y = 0},
    {.bitmap_index = 9232, .adv_w = 384, .box_w = 20, .box_h = 22, .ofs_x = 2, .ofs_y = 0},
    {.bitmap_index = 9382, .adv_w = 384, .box_w = 21, .box_h = 32, .ofs_x = 2, .ofs_y = 0},
    {.bitmap_index = 9482, .adv_w = 384, .box_w = 20, .box_h = 30, .ofs_x = 2, .ofs_y = -8},
    {.bitmap_index = 9679, .adv_w = 384, .box_w = 19, .box_h = 30, .ofs_x = 3, .ofs_y = 0},
    {.bitmap_index = 9758, .adv_w = 384, .box_w = 18, .box_h = 29, .ofs_x = 4, .ofs_y = 0},
    {.bitmap_index = 9829, .adv_w = 384, .box_w = 14, .box_h = 37, .ofs_x = 4, .ofs_y = -8},
    {.bitmap_index = 9920, .adv_w = 384, .box_w = 20, .box_h = 30, .ofs_x = 3, .ofs_y = 0},
    {.bitmap_index = 10061, .adv_w = 384, .box_w = 19, .box_h = 30, .ofs_x = 3, .ofs_y = 0},
    {.bitmap_index = 10102, .adv_w = 384, .box_w = 22, .box_h = 22, .ofs_x = 1, .ofs_y = 0},
    {.bitmap_index = 10171, .adv_w = 384, .box_w = 19, .box_h = 22, .ofs_x = 3, .ofs_y = 0},
    {.bitmap_index = 10244, .adv_w = 384, .box_w = 20, .box_h = 22, .ofs_x = 2, .ofs_y = 0},
    {.bitmap_index = 10404, .adv_w = 384, .box_w = 19, .box_h = 30, .ofs_x = 3, .ofs_y = -8},
    {.bitmap_index = 10550, .adv_w = 384, .box_w = 19, .box_h = 30, .ofs_x = 2, .ofs_y = -8},
    {.bitmap_index = 10697, .adv_w = 384, .box_w = 17, .box_h = 22, .ofs_x = 5, .ofs_y = 0},
    {.bitmap_index = 10762, .adv_w = 384, .box_w = 20, .box_h = 22, .ofs_x = 2, .ofs_y = 0},
    {.bitmap_index = 10931, .adv_w = 384, .box_w = 20, .box_h = 28, .ofs_x = 2, .ofs_y = 0},
    {.bitmap_index = 11024, .adv_w = 384, .box_w = 19, .box_h = 22, .ofs_x = 3, .ofs_y = 0},
    {.bitmap_index = 11099, .adv_w = 384, .box_w = 22, .box_h = 22, .ofs_x = 1, .ofs_y = 0},
    {.bitmap_index = 11266, .adv_w = 384, .box_w = 24, .box_h = 22, .ofs_x = 0, .ofs_y = 0},
    {.bitmap_index = 11491, .adv_w = 384, .box_w = 22, .box_h = 22, .ofs_x = 1, .ofs_y = 0},
    {.bitmap_index = 11663, .adv_w = 384, .box_w = 23, .box_h = 30, .ofs_x = 1, .ofs_y = -8},
    {.bitmap_index = 11884, .adv_w = 384, .box_w = 20, .box_h = 22, .ofs_x = 2, .ofs_y = 0},
    {.bitmap_index = 11998, .adv_w = 384, .box_w = 14, .box_h = 39, .ofs_x = 6, .ofs_y = -7},
    {.bitmap_index = 12149, .adv_w = 384, .box_w = 4, .box_h = 37, .ofs_x = 10, .ofs_y = -8},
    {.bitmap_index = 12158, .adv_w = 384, .box_w = 14, .box_h = 39, .ofs_x = 6, .ofs_y = -7},
    {.bitmap_index = 12309, .adv_w = 384, .box_w = 23, .box_h = 9, .ofs_x = 0, .ofs_y = 8},
    {.bitmap_index = 12392, .adv_w = 384, .box_w = 0, .box_h = 0, .ofs_x = 0, .ofs_y = 0},
    {.bitmap_index = 12392, .adv_w = 384, .box_w = 7, .box_h = 30, .ofs_x = 9, .ofs_y = -8},
    {.bitmap_index = 12439, .adv_w = 384, .box_w = 20, .box_h = 32, .ofs_x = 2, .ofs_y = -5},
    {.bitmap_index = 12619, .adv_w = 384, .box_w = 21, .box_h = 29, .ofs_x = 2, .ofs_y = 0},
    {.bitmap_index = 12775, .adv_w = 384, .box_w = 22, .box_h = 23, .ofs_x = 1, .ofs_y = -1},
    {.bitmap_index = 12976, .adv_w = 384, .box_w = 24, .box_h = 29, .ofs_x = 0, .ofs_y = 0},
    {.bitmap_index = 13150, .adv_w = 384, .box_w = 6, .box_h = 35, .ofs_x = 9, .ofs_y = -6},
    {.bitmap_index = 13175, .adv_w = 384, .box_w = 22, .box_h = 39, .ofs_x = 1, .ofs_y = -10},
    {.bitmap_index = 13484, .adv_w = 384, .box_w = 15, .box_h = 5, .ofs_x = 5, .ofs_y = 25},
    {.bitmap_index = 13518, .adv_w = 384, .box_w = 22, .box_h = 22, .ofs_x = 1, .ofs_y = 0},
    {.bitmap_index = 13726, .adv_w = 384, .box_w = 14, .box_h = 16, .ofs_x = 5, .ofs_y = 13},
    {.bitmap_index = 13825, .adv_w = 384, .box_w = 17, .box_h = 16, .ofs_x = 3, .ofs_y = 2},
    {.bitmap_index = 13945, .adv_w = 384, .box_w = 17, .box_h = 9, .ofs_x = 3, .ofs_y = 8},
    {.bitmap_index = 13964, .adv_w = 384, .box_w = 17, .box_h = 4, .ofs_x = 4, .ofs_y = 11},
    {.bitmap_index = 13975, .adv_w = 384, .box_w = 22, .box_h = 22, .ofs_x = 1, .ofs_y = 0},
    {.bitmap_index = 14168, .adv_w = 384, .box_w = 15, .box_h = 4, .ofs_x = 5, .ofs_y = 26},
    {.bitmap_index = 14179, .adv_w = 384, .box_w = 11, .box_h = 11, .ofs_x = 7, .ofs_y = 19},
    {.bitmap_index = 14239, .adv_w = 384, .box_w = 19, .box_h = 26, .ofs_x = 2, .ofs_y = 0},
    {.bitmap_index = 14294, .adv_w = 384, .box_w = 14, .box_h = 16, .ofs_x = 5, .ofs_y = 13},
    {.bitmap_index = 14383, .adv_w = 384, .box_w = 14, .box_h = 16, .ofs_x = 5, .ofs_y = 13},
    {.bitmap_index = 14481, .adv_w = 384, .box_w = 10, .box_h = 6, .ofs_x = 7, .ofs_y = 24},
    {.bitmap_index = 14509, .adv_w = 384, .box_w = 19, .box_h = 30, .ofs_x = 3, .ofs_y = -8},
    {.bitmap_index = 14583, .adv_w = 384, .box_w = 16, .box_h = 29, .ofs_x = 4, .ofs_y = 0},
    {.bitmap_index = 14671, .adv_w = 384, .box_w = 7, .box_h = 6, .ofs_x = 9, .ofs_y = 12},
    {.bitmap_index = 14691, .adv_w = 384, .box_w = 8, .box_h = 9, .ofs_x = 8, .ofs_y = -9},
    {.bitmap_index = 14726, .adv_w = 384, .box_w = 9, .box_h = 16, .ofs_x = 7, .ofs_y = 13},
    {.bitmap_index = 14754, .adv_w = 384, .box_w = 14, .box_h = 16, .ofs_x = 5, .ofs_y = 13},
    {.bitmap_index = 14850, .adv_w = 384, .box_w = 17, .box_h = 16, .ofs_x = 4, .ofs_y = 3},
    {.bitmap_index = 14975, .adv_w = 384, .box_w = 22, .box_h = 30, .ofs_x = 1, .ofs_y = 0},
    {.bitmap_index = 15164, .adv_w = 384, .box_w = 24, .box_h = 30, .ofs_x = 0, .ofs_y = 0},
    {.bitmap_index = 15376, .adv_w = 384, .box_w = 24, .box_h = 29, .ofs_x = 0, .ofs_y = 0},
    {.bitmap_index = 15618, .adv_w = 384, .box_w = 18, .box_h = 30, .ofs_x = 3, .ofs_y = -8},
    {.bitmap_index = 15784, .adv_w = 384, .box_w = 24, .box_h = 37, .ofs_x = 0, .ofs_y = 0},
    {.bitmap_index = 16044, .adv_w = 384, .box_w = 24, .box_h = 37, .ofs_x = 0, .ofs_y = 0},
    {.bitmap_index = 16304, .adv_w = 384, .box_w = 24, .box_h = 37, .ofs_x = 0, .ofs_y = 0},
    {.bitmap_index = 16569, .adv_w = 384, .box_w = 24, .box_h = 38, .ofs_x = 0, .ofs_y = 0},
    {.bitmap_index = 16849, .adv_w = 384, .box_w = 24, .box_h = 37, .ofs_x = 0, .ofs_y = 0},
    {.bitmap_index = 17116, .adv_w = 384, .box_w = 24, .box_h = 39, .ofs_x = 0, .ofs_y = 0},
    {.bitmap_index = 17395, .adv_w = 384, .box_w = 24, .box_h = 29, .ofs_x = 0, .ofs_y = 0},
    {.bitmap_index = 17567, .adv_w = 384, .box_w = 22, .box_h = 37, .ofs_x = 1, .ofs_y = -8},
    {.bitmap_index = 17809, .adv_w = 384, .box_w = 19, .box_h = 37, .ofs_x = 3, .ofs_y = 0},
    {.bitmap_index = 17901, .adv_w = 384, .box_w = 19, .box_h = 37, .ofs_x = 3, .ofs_y = 0},
    {.bitmap_index = 17993, .adv_w = 384, .box_w = 19, .box_h = 37, .ofs_x = 3, .ofs_y = 0},
    {.bitmap_index = 18089, .adv_w = 384, .box_w = 19, .box_h = 37, .ofs_x = 3, .ofs_y = 0},
    {.bitmap_index = 18188, .adv_w = 384, .box_w = 18, .box_h = 37, .ofs_x = 3, .ofs_y = 0},
    {.bitmap_index = 18274, .adv_w = 384, .box_w = 18, .box_h = 37, .ofs_x = 3, .ofs_y = 0},
    {.bitmap_index = 18358, .adv_w = 384, .box_w = 18, .box_h = 37, .ofs_x = 3, .ofs_y = 0},
    {.bitmap_index = 18449, .adv_w = 384, .box_w = 18, .box_h = 37, .ofs_x = 3, .ofs_y = 0},
    {.bitmap_index = 18542, .adv_w = 384, .box_w = 24, .box_h = 29, .ofs_x = -1, .ofs_y = 0},
    {.bitmap_index = 18720, .adv_w = 384, .box_w = 20, .box_h = 38, .ofs_x = 2, .ofs_y = 0},
    {.bitmap_index = 18916, .adv_w = 384, .box_w = 22, .box_h = 38, .ofs_x = 1, .ofs_y = 0},
    {.bitmap_index = 19159, .adv_w = 384, .box_w = 22, .box_h = 37, .ofs_x = 1, .ofs_y = 0},
    {.bitmap_index = 19397, .adv_w = 384, .box_w = 22, .box_h = 38, .ofs_x = 1, .ofs_y = 0},
    {.bitmap_index = 19654, .adv_w = 384, .box_w = 22, .box_h = 39, .ofs_x = 1, .ofs_y = 0},
    {.bitmap_index = 19913, .adv_w = 384, .box_w = 22, .box_h = 38, .ofs_x = 1, .ofs_y = 0},
    {.bitmap_index = 20163, .adv_w = 384, .box_w = 19, .box_h = 19, .ofs_x = 3, .ofs_y = 4},
    {.bitmap_index = 20303, .adv_w = 384, .box_w = 22, .box_h = 32, .ofs_x = 1, .ofs_y = -2},
    {.bitmap_index = 20563, .adv_w = 384, .box_w = 20, .box_h = 37, .ofs_x = 2, .ofs_y = 0},
    {.bitmap_index = 20707, .adv_w = 384, .box_w = 20, .box_h = 37, .ofs_x = 2, .ofs_y = 0},
    {.bitmap_index = 20853, .adv_w = 384, .box_w = 20, .box_h = 38, .ofs_x = 2, .ofs_y = 0},
    {.bitmap_index = 21010, .adv_w = 384, .box_w = 20, .box_h = 37, .ofs_x = 2, .ofs_y = 0},
    {.bitmap_index = 21162, .adv_w = 384, .box_w = 24, .box_h = 37, .ofs_x = 0, .ofs_y = 0},
    {.bitmap_index = 21374, .adv_w = 384, .box_w = 21, .box_h = 29, .ofs_x = 2, .ofs_y = 0},
    {.bitmap_index = 21497, .adv_w = 384, .box_w = 20, .box_h = 32, .ofs_x = 3, .ofs_y = 0},
    {.bitmap_index = 21701, .adv_w = 384, .box_w = 20, .box_h = 30, .ofs_x = 2, .ofs_y = 0},
    {.bitmap_index = 21901, .adv_w = 384, .box_w = 20, .box_h = 30, .ofs_x = 2, .ofs_y = 0},
    {.bitmap_index = 22102, .adv_w = 384, .box_w = 20, .box_h = 31, .ofs_x = 2, .ofs_y = 0},
    {.bitmap_index = 22307, .adv_w = 384, .box_w = 20, .box_h = 32, .ofs_x = 2, .ofs_y = 0},
    {.bitmap_index = 22527, .adv_w = 384, .box_w = 20, .box_h = 30, .ofs_x = 2, .ofs_y = 0},
    {.bitmap_index = 22735, .adv_w = 384, .box_w = 20, .box_h = 33, .ofs_x = 2, .ofs_y = 0},
    {.bitmap_index = 22954, .adv_w = 384, .box_w = 24, .box_h = 22, .ofs_x = 0, .ofs_y = 0},
    {.bitmap_index = 23142, .adv_w = 384, .box_w = 20, .box_h = 30, .ofs_x = 2, .ofs_y = -8},
    {.bitmap_index = 23343, .adv_w = 384, .box_w = 20, .box_h = 30, .ofs_x = 2, .ofs_y = 0},
    {.bitmap_index = 23534, .adv_w = 384, .box_w = 20, .box_h = 30, .ofs_x = 2, .ofs_y = 0},
    {.bitmap_index = 23726, .adv_w = 384, .box_w = 20, .box_h = 31, .ofs_x = 2, .ofs_y = 0},
    {.bitmap_index = 23922, .adv_w = 384, .box_w = 20, .box_h = 30, .ofs_x = 2, .ofs_y = 0},
    {.bitmap_index = 24121, .adv_w = 384, .box_w = 19, .box_h = 29, .ofs_x = 3, .ofs_y = 0},
    {.bitmap_index = 24198, .adv_w = 384, .box_w = 19, .box_h = 29, .ofs_x = 3, .ofs_y = 0},
    {.bitmap_index = 24271, .adv_w = 384, .box_w = 19, .box_h = 30, .ofs_x = 3, .ofs_y = 0},
    {.bitmap_index = 24353, .adv_w = 384, .box_w = 19, .box_h = 29, .ofs_x = 3, .ofs_y = 0},
    {.bitmap_index = 24436, .adv_w = 384, .box_w = 21, .box_h = 31, .ofs_x = 1, .ofs_y = 0},
    {.bitmap_index = 24665, .adv_w = 384, .box_w = 19, .box_h = 32, .ofs_x = 3, .ofs_y = 0},
    {.bitmap_index = 24799, .adv_w = 384, .box_w = 20, .box_h = 30, .ofs_x = 2, .ofs_y = 0},
    {.bitmap_index = 24999, .adv_w = 384, .box_w = 20, .box_h = 30, .ofs_x = 2, .ofs_y = 0},
    {.bitmap_index = 25202, .adv_w = 384, .box_w = 20, .box_h = 31, .ofs_x = 2, .ofs_y = 0},
    {.bitmap_index = 25408, .adv_w = 384, .box_w = 20, .box_h = 32, .ofs_x = 2, .ofs_y = 0},
    {.bitmap_index = 25628, .adv_w = 384, .box_w = 20, .box_h = 30, .ofs_x = 2, .ofs_y = 0},
    {.bitmap_index = 25834, .adv_w = 384, .box_w = 20, .box_h = 22, .ofs_x = 2, .ofs_y = 3},
    {.bitmap_index = 25916, .adv_w = 384, .box_w = 20, .box_h = 28, .ofs_x = 2, .ofs_y = -3},
    {.bitmap_index = 26130, .adv_w = 384, .box_w = 19, .box_h = 30, .ofs_x = 3, .ofs_y = 0},
    {.bitmap_index = 26248, .adv_w = 384, .box_w = 19, .box_h = 30, .ofs_x = 3, .ofs_y = 0},
    {.bitmap_index = 26366, .adv_w = 384, .box_w = 19, .box_h = 30, .ofs_x = 3, .ofs_y = 0},
    {.bitmap_index = 26488, .adv_w = 384, .box_w = 19, .box_h = 29, .ofs_x = 3, .ofs_y = 0},
    {.bitmap_index = 26610, .adv_w = 384, .box_w = 23, .box_h = 39, .ofs_x = 1, .ofs_y = -8},
    {.bitmap_index = 26877, .adv_w = 384, .box_w = 19, .box_h = 40, .ofs_x = 3, .ofs_y = -8},
    {.bitmap_index = 27038, .adv_w = 384, .box_w = 23, .box_h = 37, .ofs_x = 1, .ofs_y = -8}
};

/*---------------------
 *  CHARACTER MAPPING
 *--------------------*/



/*Collect the unicode lists and glyph_id offsets*/
static const lv_font_fmt_txt_cmap_t cmaps[] =
{
    {
        .range_start = 32, .range_length = 95, .glyph_id_start = 1,
        .unicode_list = NULL, .glyph_id_ofs_list = NULL, .list_length = 0, .type = LV_FONT_FMT_TXT_CMAP_FORMAT0_TINY
    },
    {
        .range_start = 160, .range_length = 96, .glyph_id_start = 96,
        .unicode_list = NULL, .glyph_id_ofs_list = NULL, .list_length = 0, .type = LV_FONT_FMT_TXT_CMAP_FORMAT0_TINY
    }
};



/*--------------------
 *  ALL CUSTOM DATA
 *--------------------*/

#if LVGL_VERSION_MAJOR == 8
/*Store all the custom data of the font*/
static  lv_font_fmt_txt_glyph_cache_t cache;
#endif

#if LVGL_VERSION_MAJOR >= 8
static const lv_font_fmt_txt_dsc_t font_dsc = {
#else
static lv_font_fmt_txt_dsc_t font_dsc = {
#endif
    .glyph_bitmap = glyph_bitmap,
    .glyph_dsc = glyph_dsc,
    .cmaps = cmaps,
    .kern_dsc = NULL,
    .kern_scale = 0,
    .cmap_num = 2,
    .bpp = 4,
    .kern_classes = 0,
    .bitmap_format = 1,
#if LVGL_VERSION_MAJOR == 8
    .cache = &cache
#endif
};



/*-----------------
 *  PUBLIC FONT
 *----------------*/

/*Initialize a public general font descriptor*/
#if LVGL_VERSION_MAJOR >= 8
const lv_font_t roboto_mono_medium_40 = {
#else
lv_font_t roboto_mono_medium_40 = {
#endif
    .get_glyph_dsc = lv_font_get_glyph_dsc_fmt_txt,    /*Function pointer to get glyph's data*/
    .get_glyph_bitmap = lv_font_get_bitmap_fmt_txt,    /*Function pointer to get glyph's bitmap*/
    .line_height = 49,          /*The maximum line height required by the font*/
    .base_line = 10,             /*Baseline measured from the bottom of the line*/
#if !(LVGL_VERSION_MAJOR == 6 && LVGL_VERSION_MINOR == 0)
    .subpx = LV_FONT_SUBPX_NONE,
#endif
#if LV_VERSION_CHECK(7, 4, 0) || LVGL_VERSION_MAJOR >= 8
    .underline_position = -3,
    .underline_thickness = 2,
#endif
    .dsc = &font_dsc,          /*The custom font data. Will be accessed by `get_glyph_bitmap/dsc` */
#if LV_VERSION_CHECK(8, 2, 0) || LVGL_VERSION_MAJOR >= 9
    .fallback = NULL,
#endif
    .user_data = NULL,
};



#endif /*#if ROBOTO_MONO_MEDIUM_40*/

