/*******************************************************************************
 * Size: 32 px
 * Bpp: 4
 * Opts: --bpp 4 --size 32 --font roboto_mono_medium.ttf --range 32-127,160-255 --format lvgl -o generated_fonts/roboto_mono_medium_32.c
 ******************************************************************************/

#ifdef LV_LVGL_H_INCLUDE_SIMPLE
#include "lvgl.h"
#else
#include "lvgl/lvgl.h"
#endif

#ifndef ROBOTO_MONO_MEDIUM_32
#define ROBOTO_MONO_MEDIUM_32 1
#endif

#if ROBOTO_MONO_MEDIUM_32

/*-----------------
 *    BITMAPS
 *----------------*/

/*Store the image of the glyphs*/
static LV_ATTRIBUTE_LARGE_CONST const uint8_t glyph_bitmap[] = {
    /* U+0020 " " */

    /* U+0021 "!" */
    0x6f, 0xf9, 0x80, 0x3f, 0x8c, 0x3, 0xfc, 0x60,
    0x1f, 0xfc, 0xb1, 0x0, 0xe1, 0x0, 0xff, 0xe1,
    0x39, 0x14, 0xe7, 0xbb, 0x18, 0x7, 0xc4, 0x0,
    0x3e, 0xde, 0x39, 0x10, 0x19, 0x30, 0xd, 0x66,
    0x7, 0x0,

    /* U+0022 "\"" */
    0x2f, 0xf5, 0x80, 0x5f, 0xec, 0x0, 0xff, 0xe0,
    0x88, 0x7, 0x38, 0x4, 0x60, 0x1c, 0x20, 0x10,
    0x80, 0x71, 0x80, 0x5e, 0x1, 0xc2, 0x1, 0x8,
    0x7, 0x79, 0x91, 0x40, 0x11, 0x14,

    /* U+0023 "#" */
    0x0, 0xfa, 0xbf, 0x80, 0x28, 0xff, 0x0, 0x7f,
    0x9c, 0x10, 0x2, 0x40, 0x30, 0xf, 0xe1, 0x20,
    0xd0, 0x8, 0xc1, 0x40, 0x3f, 0x94, 0x0, 0x60,
    0x2, 0x0, 0x78, 0x7, 0xf1, 0x80, 0x14, 0x0,
    0xe0, 0x5, 0x0, 0xfe, 0xd0, 0x11, 0x0, 0x34,
    0x0, 0x60, 0x1d, 0xff, 0x94, 0x7, 0xfe, 0x70,
    0x7, 0xfc, 0x60, 0x1f, 0xfc, 0x98, 0x89, 0x80,
    0xd, 0x10, 0x70, 0x2, 0xc4, 0x44, 0x0, 0x77,
    0xb8, 0x1, 0xe, 0xed, 0x0, 0x4b, 0xbc, 0x20,
    0x1d, 0xa0, 0x22, 0x0, 0x68, 0x0, 0xc0, 0x3f,
    0x9c, 0x14, 0x2, 0x30, 0x20, 0xf, 0xf1, 0x1,
    0x80, 0x4a, 0xe, 0x1, 0xc7, 0xff, 0x80, 0xf,
    0xff, 0x8, 0x2f, 0xfc, 0x1, 0xff, 0xc9, 0x29,
    0x98, 0xc0, 0x13, 0x32, 0x0, 0x26, 0x70, 0x0,
    0x59, 0xa0, 0x1, 0xb3, 0x42, 0x2, 0xcd, 0x80,
    0x3c, 0x60, 0xa0, 0x13, 0x82, 0x80, 0x7f, 0x10,
    0x3, 0xc0, 0x22, 0x3, 0x0, 0xfe, 0x70, 0x2,
    0x80, 0xc, 0x1, 0xa0, 0x1f, 0xda, 0x0, 0x30,
    0x2, 0x80, 0x1c, 0x3, 0xf8, 0xc0, 0x80, 0x2f,
    0x0, 0x10, 0x7, 0x80,

    /* U+0024 "$" */
    0x0, 0xf9, 0x54, 0x60, 0x1f, 0xfc, 0x1b, 0xab,
    0x0, 0xff, 0xef, 0x25, 0x70, 0x83, 0xe3, 0x80,
    0x78, 0x6e, 0xca, 0x20, 0x11, 0xc7, 0x18, 0x6,
    0xd4, 0x0, 0xfc, 0x3a, 0x20, 0x5, 0x30, 0x0,
    0xd7, 0x7d, 0x90, 0x0, 0x6c, 0x1, 0xc0, 0x16,
    0xa8, 0x82, 0x60, 0x80, 0x14, 0x0, 0xc0, 0x1,
    0x30, 0xc, 0x2c, 0x1, 0x20, 0x18, 0x0, 0xc0,
    0x3d, 0xa0, 0x11, 0x1, 0x0, 0x8, 0x80, 0x1c,
    0x99, 0x93, 0x85, 0x80, 0x5e, 0x40, 0x18, 0x4c,
    0xe1, 0x6, 0x10, 0x1, 0x6c, 0x98, 0x7, 0xe1,
    0xd1, 0x0, 0x9b, 0x35, 0xc0, 0x3e, 0x3f, 0x50,
    0xc, 0x51, 0xcc, 0x1, 0xe1, 0xac, 0x60, 0xc,
    0x33, 0x60, 0x1f, 0x1c, 0xfd, 0x18, 0x4, 0x90,
    0x1, 0xfc, 0xb9, 0x20, 0x13, 0x88, 0xf0, 0x7,
    0x99, 0xc0, 0x24, 0xde, 0xe8, 0x3, 0xec, 0x0,
    0x89, 0x80, 0x22, 0x0, 0xff, 0xb0, 0x2, 0x80,
    0xf, 0x70, 0x4, 0x6c, 0x20, 0x5, 0xa3, 0x0,
    0x1d, 0x28, 0x0, 0x50, 0x2c, 0x2, 0x5c, 0xff,
    0x62, 0x80, 0x56, 0x0, 0x5a, 0x0, 0xff, 0x4a,
    0x80, 0x4b, 0xd0, 0x60, 0x18, 0xdf, 0x98, 0x3,
    0x85, 0xf3, 0x40, 0x17, 0x90, 0x20, 0x1f, 0xfd,
    0x70,

    /* U+0025 "%" */
    0x0, 0x36, 0xff, 0xb1, 0x40, 0x3f, 0xf8, 0x13,
    0x22, 0x0, 0x1d, 0x38, 0x7, 0xf8, 0x98, 0xa,
    0xe8, 0x42, 0x0, 0x30, 0x80, 0x73, 0x80, 0x25,
    0x16, 0x0, 0x6, 0x0, 0x3e, 0xa0, 0xc, 0x60,
    0x7, 0x0, 0x18, 0x1, 0xc0, 0x1e, 0x1, 0xe3,
    0x0, 0x38, 0x0, 0xc0, 0xe, 0xc, 0x61, 0x60,
    0x19, 0x0, 0x12, 0xaa, 0x80, 0x1, 0x8c, 0x4,
    0x8, 0x6, 0x17, 0x2, 0xaa, 0x8, 0x40, 0x40,
    0x93, 0x80, 0x7a, 0x24, 0xc0, 0x7, 0x4e, 0x4c,
    0x12, 0x1, 0xf9, 0xb3, 0xfd, 0x8a, 0x1c, 0x8,
    0x80, 0xf, 0xfe, 0x12, 0x98, 0x48, 0x7, 0xff,
    0xe, 0xc1, 0xc8, 0x3, 0xff, 0x85, 0x2, 0x28,
    0x3b, 0xff, 0x6b, 0x80, 0x7e, 0x27, 0x8, 0x3c,
    0x40, 0x1, 0x44, 0x80, 0x7d, 0x20, 0x6d, 0x0,
    0x9, 0xb3, 0x6, 0x30, 0xe, 0x54, 0xf, 0x4,
    0x5, 0x64, 0xe0, 0x2, 0x0, 0x74, 0x2, 0x98,
    0x80, 0x34, 0x0, 0x40, 0xf, 0x0, 0xca, 0x41,
    0x60, 0x1f, 0xfc, 0x35, 0xca, 0x10, 0x10, 0x6,
    0x80, 0x8, 0x1, 0xe0, 0x1c, 0x6a, 0x1, 0x18,
    0x2b, 0x1c, 0x80, 0x10, 0x3, 0xfd, 0xe0, 0x9,
    0xc4, 0x5, 0x30, 0xf, 0xf1, 0xea, 0x0, 0xa,
    0x28, 0x0,

    /* U+0026 "&" */
    0x0, 0xe7, 0xcf, 0xf7, 0x48, 0x80, 0x7f, 0x8b,
    0xa0, 0xc0, 0x2, 0xde, 0x40, 0x1f, 0xde, 0x20,
    0x1e, 0x1f, 0x0, 0xfc, 0x84, 0x0, 0x4d, 0xf7,
    0x0, 0x11, 0x80, 0x7d, 0x80, 0x15, 0x10, 0x40,
    0x80, 0x14, 0x3, 0xfe, 0x10, 0xf, 0x10, 0x7,
    0xdc, 0x1, 0x10, 0x1, 0x84, 0x5, 0x0, 0x3e,
    0x70, 0xa, 0x2, 0x64, 0x0, 0xa0, 0xf, 0xc2,
    0xc0, 0x5, 0xe6, 0x0, 0x52, 0x0, 0x7f, 0x40,
    0x80, 0x4, 0xf, 0x54, 0x3, 0xfc, 0x66, 0x0,
    0xda, 0x40, 0x1f, 0xe4, 0xd2, 0x0, 0xda, 0x1,
    0xa6, 0xec, 0x80, 0x3, 0xb0, 0x0, 0xa8, 0x0,
    0xe4, 0x2, 0x74, 0x41, 0x0, 0x34, 0x2, 0xca,
    0x30, 0x3, 0x30, 0x4, 0x40, 0x2, 0x5, 0x10,
    0x4, 0x10, 0x68, 0x80, 0x25, 0x1c, 0x2, 0x40,
    0xc0, 0x9, 0x40, 0x3, 0xa0, 0x15, 0x40, 0x1,
    0x40, 0x3c, 0x20, 0x11, 0xd0, 0x0, 0x44, 0x0,
    0x90, 0x7, 0x0, 0x56, 0x1, 0x95, 0x80, 0x33,
    0x98, 0x1, 0x40, 0x27, 0x70, 0x80, 0xb2, 0x0,
    0x6f, 0x0, 0x89, 0x80, 0x28, 0xef, 0xe9, 0x20,
    0xd, 0x6, 0x1, 0x4b, 0x0, 0x7e, 0x16, 0x0,
    0xb4, 0x40, 0x29, 0xc6, 0x20, 0x0, 0xa4, 0xf4,
    0xa8, 0x0, 0x6c, 0x0,

    /* U+0027 "'" */
    0x9f, 0xf2, 0x80, 0x7f, 0xc2, 0x1, 0x38, 0x4,
    0x20, 0x11, 0x80, 0x42,

    /* U+0028 "(" */
    0x0, 0xff, 0xe1, 0x8d, 0xb0, 0x7, 0x17, 0xa5,
    0x0, 0x61, 0xc1, 0xa, 0x0, 0xda, 0x21, 0x2c,
    0x1, 0x39, 0x82, 0xb0, 0x4, 0x30, 0x0, 0xb0,
    0xd, 0x0, 0x6, 0x10, 0xc, 0xc0, 0xa, 0x0,
    0xca, 0x0, 0x23, 0x0, 0xde, 0x0, 0x40, 0xe,
    0x40, 0x6, 0x0, 0x62, 0x10, 0x3, 0x80, 0x66,
    0x0, 0x88, 0x3, 0x10, 0x0, 0x40, 0x38, 0x40,
    0x3f, 0x78, 0x0, 0xc0, 0x3f, 0xf8, 0x5e, 0x0,
    0x30, 0xe, 0x10, 0xf, 0xc4, 0x0, 0x10, 0xe,
    0x60, 0x8, 0x80, 0x31, 0x8, 0x1, 0xc0, 0x39,
    0x0, 0x18, 0x1, 0xde, 0x0, 0x40, 0xe, 0x50,
    0x1, 0x18, 0x7, 0x30, 0x2, 0x80, 0x3a, 0x0,
    0xc, 0x20, 0x18, 0x5c, 0x1, 0x60, 0x1d, 0x6,
    0xa, 0xc0, 0x1d, 0xc2, 0x12, 0xa0, 0x18, 0xb0,
    0x42, 0x40, 0x38, 0xbd, 0x28, 0x3, 0xc3, 0x6c,

    /* U+0029 ")" */
    0x0, 0xff, 0xa2, 0x84, 0x3, 0xe5, 0x56, 0x10,
    0x7, 0xac, 0xb, 0xc4, 0x3, 0x99, 0xc0, 0xb4,
    0x3, 0xd0, 0x60, 0x6e, 0x1, 0xef, 0x0, 0x40,
    0x80, 0x71, 0xa0, 0x2, 0x40, 0x3d, 0xc0, 0x7,
    0x0, 0xf2, 0x80, 0x4a, 0x1, 0xe4, 0x0, 0x78,
    0x7, 0xb0, 0x0, 0x80, 0x1e, 0x30, 0x0, 0x90,
    0x7, 0x30, 0x4, 0xe0, 0x1c, 0x40, 0x11, 0x0,
    0x7f, 0x78, 0x7, 0xff, 0x6f, 0xc0, 0x38, 0x80,
    0x22, 0x0, 0xe6, 0x0, 0x9c, 0x3, 0x8c, 0x0,
    0x24, 0x1, 0xda, 0x0, 0x40, 0xf, 0x20, 0x3,
    0xc0, 0x39, 0x4, 0x5, 0x40, 0x3b, 0x80, 0xc,
    0x1, 0xc4, 0xa0, 0x9, 0x0, 0xe9, 0x0, 0x48,
    0x80, 0x67, 0x40, 0x46, 0x0, 0xcd, 0x0, 0x54,
    0x1, 0xd6, 0x5, 0xe2, 0x1, 0xca, 0xac, 0x20,
    0xf, 0x45, 0x8, 0x7, 0x80,

    /* U+002A "*" */
    0x0, 0xf2, 0x7f, 0xb4, 0x3, 0xff, 0x82, 0xe0,
    0x6, 0x0, 0xff, 0xe0, 0x90, 0x0, 0x40, 0x3f,
    0xf8, 0x22, 0x0, 0x30, 0xf, 0xd2, 0xc0, 0x1e,
    0xe0, 0x8, 0x60, 0x80, 0x5a, 0x7e, 0x48, 0x4,
    0x4, 0x12, 0xb9, 0xd4, 0x10, 0x2, 0x6d, 0xb0,
    0x6, 0x6d, 0xa8, 0x2, 0xc1, 0x29, 0x88, 0x0,
    0x82, 0xa, 0x40, 0x2, 0x5a, 0x1, 0x59, 0xde,
    0xa2, 0x0, 0x9a, 0xbb, 0x69, 0x80, 0x38, 0x40,
    0x80, 0x32, 0x88, 0x7, 0xe3, 0xa0, 0x47, 0x6,
    0x60, 0x7, 0xe1, 0xd0, 0x4, 0xc0, 0x84, 0x98,
    0x7, 0xda, 0x20, 0xe4, 0x16, 0x0, 0xd1, 0x0,
    0xe8, 0x30, 0x18, 0x0, 0x29, 0x80, 0xe8, 0x7,
    0x44, 0x2, 0xc0, 0x37, 0x81, 0xf0, 0x7, 0x9f,
    0x54, 0x3, 0x1d, 0xe1, 0x0, 0x40,

    /* U+002B "+" */
    0x0, 0xf0, 0xaa, 0xc2, 0x1, 0xff, 0xc0, 0x4a,
    0xa9, 0x40, 0x3f, 0xff, 0xe0, 0x1f, 0xfc, 0x45,
    0xff, 0xea, 0x0, 0xaf, 0xff, 0x90, 0x3, 0xff,
    0xac, 0xf1, 0x1c, 0xa0, 0x13, 0x44, 0x73, 0x13,
    0xbf, 0x78, 0x5, 0xae, 0xfc, 0x40, 0x1f, 0xff,
    0xf0, 0xf, 0xf0,

    /* U+002C "," */
    0x0, 0x7f, 0xd4, 0x1, 0xff, 0xc7, 0x10, 0x8,
    0x81, 0x40, 0x2b, 0xc, 0x0, 0x11, 0x83, 0x0,
    0x24, 0x8, 0x80, 0xe8, 0x5, 0x98, 0x80, 0x0,

    /* U+002D "-" */
    0xf, 0xff, 0xfe, 0x4, 0x80, 0x7f, 0xf4, 0x0,

    /* U+002E "." */
    0x0, 0x8, 0x4, 0x5b, 0xdf, 0x1, 0x24, 0x0,
    0x74, 0x50, 0xc, 0x6a, 0x1, 0x8e, 0x90, 0x6,
    0x10,

    /* U+002F "/" */
    0x0, 0xfe, 0x9f, 0xf6, 0x80, 0x7f, 0x30, 0x2,
    0x80, 0x3f, 0x28, 0x4, 0xc0, 0x1f, 0xb8, 0x0,
    0x82, 0x1, 0xf0, 0xa0, 0x3, 0x80, 0x3f, 0x38,
    0x4, 0xa0, 0x1f, 0xa8, 0x0, 0xa0, 0x1f, 0x88,
    0xc0, 0x1c, 0x1, 0xfa, 0x80, 0x2, 0x80, 0x1f,
    0x98, 0x0, 0xc0, 0x1f, 0x90, 0x40, 0x14, 0x1,
    0xfb, 0x40, 0x4, 0x40, 0xf, 0xcc, 0x0, 0xa0,
    0xf, 0xca, 0x1, 0x30, 0x7, 0xee, 0x0, 0x20,
    0x80, 0x7c, 0x28, 0x0, 0xe0, 0xf, 0xcc, 0x1,
    0x28, 0x7, 0xeb, 0x0, 0x28, 0x7, 0xe2, 0x30,
    0x7, 0x0, 0x7e, 0xa0, 0x0, 0xa0, 0x7, 0xe6,
    0x0, 0x30, 0x7, 0xe4, 0x10, 0x5, 0x0, 0x7e,
    0xe0, 0x1, 0x90, 0x7, 0xe5, 0x0, 0x58, 0x7,
    0xe2, 0x77, 0x98, 0x3, 0xf0,

    /* U+0030 "0" */
    0x0, 0xcd, 0x9d, 0xfe, 0xc8, 0x10, 0xf, 0x1f,
    0x49, 0x88, 0x0, 0xdf, 0x94, 0x3, 0xe, 0x88,
    0x7, 0xea, 0x40, 0xa, 0x84, 0x0, 0xbb, 0xfd,
    0x0, 0x15, 0x0, 0x9, 0x0, 0x9, 0x44, 0x2,
    0xf0, 0x0, 0x16, 0x4, 0x0, 0xbc, 0x3, 0x98,
    0x2, 0xc0, 0xc0, 0x9, 0x40, 0x38, 0x48, 0x0,
    0xe0, 0x20, 0x10, 0x80, 0x72, 0x10, 0x0, 0x81,
    0xc0, 0x3f, 0x4d, 0x80, 0x7f, 0xf0, 0xf, 0x58,
    0x3, 0xff, 0x80, 0xf8, 0x41, 0x26, 0x1, 0xf8,
    0xb2, 0x0, 0xf5, 0x80, 0x3f, 0xb4, 0xc2, 0x30,
    0x80, 0x3f, 0xe2, 0xc7, 0x0, 0xfc, 0xe0, 0x13,
    0xe9, 0x80, 0x7f, 0x8, 0x5, 0x20, 0x1e, 0x10,
    0x1, 0x6, 0x0, 0x48, 0x1, 0xc2, 0x40, 0x7,
    0x4, 0x0, 0xa4, 0x3, 0x98, 0x2, 0xc0, 0x25,
    0x0, 0x1d, 0x10, 0xb, 0xc0, 0x0, 0x58, 0x1,
    0x62, 0x0, 0x5d, 0xfe, 0x80, 0xa, 0x80, 0x21,
    0xc2, 0x0, 0xfd, 0x48, 0x1, 0x8b, 0x65, 0x4,
    0x0, 0x4f, 0xca, 0x1, 0x0,

    /* U+0031 "1" */
    0x0, 0xfe, 0x23, 0x0, 0xf0, 0xb6, 0x6d, 0x80,
    0x65, 0xbe, 0x93, 0x0, 0x8e, 0x7e, 0x90, 0x3,
    0x87, 0x18, 0x3, 0xff, 0x80, 0x2d, 0x20, 0x1e,
    0x5b, 0xe9, 0x50, 0xc, 0x3f, 0x48, 0x1, 0xff,
    0xff, 0x0, 0xff, 0xff, 0x80, 0x7f, 0xf2, 0x80,

    /* U+0032 "2" */
    0x0, 0xcb, 0x5d, 0xfe, 0xea, 0x50, 0xf, 0x16,
    0xd2, 0x88, 0x0, 0x56, 0xb0, 0x40, 0x22, 0xd2,
    0x0, 0xfc, 0x78, 0x1, 0x78, 0x4, 0xb9, 0xdc,
    0x91, 0x0, 0x13, 0x82, 0x90, 0x1, 0xa8, 0xc4,
    0x4d, 0xa0, 0x15, 0x87, 0x80, 0x56, 0x1, 0xc6,
    0x60, 0x1, 0x83, 0x0, 0x44, 0x1, 0xe7, 0x0,
    0xd9, 0xff, 0x0, 0x7c, 0xc0, 0x2, 0x0, 0xff,
    0x90, 0x80, 0xa, 0x1, 0xfe, 0x19, 0x0, 0xa4,
    0x3, 0xfd, 0x44, 0x0, 0x91, 0x0, 0xfe, 0xa4,
    0x0, 0x33, 0x0, 0x3f, 0xa5, 0x40, 0x9, 0x20,
    0x1f, 0xd2, 0xc0, 0x4, 0xb0, 0xf, 0xe8, 0x60,
    0x2, 0x58, 0x7, 0xf4, 0x38, 0x1, 0x2c, 0x3,
    0xf9, 0xdc, 0x0, 0x3b, 0x0, 0xfe, 0x78, 0x0,
    0x1e, 0x0, 0x7f, 0x3c, 0x0, 0xf, 0x0, 0x3f,
    0x92, 0x0, 0x23, 0xff, 0xfe, 0xe1, 0x0, 0xff,
    0xe9, 0x80,

    /* U+0033 "3" */
    0x0, 0xcb, 0x5d, 0xfe, 0xeb, 0x61, 0x0, 0xe2,
    0xda, 0x51, 0x0, 0xa, 0x4f, 0xa0, 0x4, 0x58,
    0x40, 0x1f, 0x86, 0xcc, 0x1, 0x22, 0x0, 0x3c,
    0xff, 0x62, 0x0, 0x5e, 0x2, 0x80, 0x3, 0xc3,
    0x0, 0x1d, 0x98, 0x0, 0xc4, 0x8c, 0xea, 0x0,
    0xf2, 0x0, 0x44, 0x79, 0x93, 0x0, 0x7f, 0xf2,
    0x98, 0x0, 0x26, 0x1, 0xf8, 0x53, 0x44, 0x1,
    0x60, 0x1e, 0xaf, 0xf7, 0x59, 0x0, 0x25, 0x40,
    0x3f, 0xf8, 0x30, 0xc0, 0x1f, 0x10, 0x88, 0x3,
    0x46, 0x8, 0x7, 0xa3, 0xb9, 0xfa, 0xa0, 0x3,
    0xd0, 0xf, 0xf1, 0x52, 0x80, 0xd, 0x0, 0x3f,
    0xe9, 0x0, 0xb0, 0x91, 0x20, 0xf, 0x84, 0x2,
    0x15, 0xbb, 0x94, 0x3, 0xc2, 0x1, 0x9, 0x80,
    0x52, 0x1, 0xe9, 0x0, 0xb5, 0x8, 0x0, 0x76,
    0x60, 0x3, 0xa5, 0x0, 0x12, 0x87, 0x0, 0x49,
    0x9f, 0xec, 0x50, 0xb, 0x80, 0x7, 0x84, 0x1,
    0xf8, 0x70, 0xc0, 0x23, 0xda, 0x41, 0x0, 0xa,
    0x57, 0x18, 0x0,

    /* U+0034 "4" */
    0x0, 0xfe, 0x7f, 0xfa, 0xc0, 0x3f, 0xe2, 0x80,
    0xf, 0xfe, 0x1f, 0x0, 0x7f, 0xf0, 0xdc, 0xc0,
    0x3f, 0xf8, 0x45, 0x0, 0x1f, 0xfc, 0x3e, 0x0,
    0x30, 0x7, 0xff, 0x1, 0xcc, 0xa, 0x0, 0x3f,
    0xe2, 0x80, 0x7, 0x8, 0x7, 0xfd, 0xc0, 0x7,
    0x30, 0xf, 0xf9, 0xcc, 0xa, 0x0, 0x3f, 0xe2,
    0x80, 0x7, 0x0, 0x7f, 0xf0, 0x38, 0x0, 0xe6,
    0x1, 0xff, 0x39, 0x81, 0x40, 0x7, 0xfc, 0x50,
    0x0, 0xe0, 0xf, 0xfe, 0x7, 0x0, 0x59, 0xff,
    0xc0, 0x12, 0x7f, 0xa4, 0xc0, 0x3f, 0xf8, 0x82,
    0x1, 0xff, 0xc3, 0x1e, 0xff, 0xfe, 0x0, 0x93,
    0xfd, 0x0, 0x1f, 0xff, 0x80,

    /* U+0035 "5" */
    0x0, 0x6f, 0xff, 0xfc, 0xe0, 0x11, 0x0, 0x7f,
    0xf0, 0x84, 0x3, 0xff, 0x86, 0x40, 0x14, 0x5d,
    0xfe, 0x60, 0x3, 0x0, 0x4a, 0x89, 0xf8, 0x40,
    0x6, 0x1, 0x10, 0x7, 0xfd, 0xc0, 0x1, 0x0,
    0xff, 0xe0, 0x10, 0x0, 0xdf, 0x3f, 0xdd, 0x6a,
    0x1, 0xcc, 0x0, 0x28, 0x30, 0x0, 0xa5, 0x58,
    0x6, 0x20, 0xf, 0xf2, 0x58, 0x4, 0xa0, 0x2,
    0xbf, 0xf6, 0xb8, 0x4, 0x88, 0x0, 0x5f, 0xe6,
    0xa0, 0x0, 0xa2, 0x40, 0x2f, 0x0, 0xc6, 0x1,
    0xe6, 0x10, 0x2, 0x0, 0x7f, 0xf0, 0x10, 0x2,
    0x10, 0xf, 0xf8, 0xc0, 0x23, 0x46, 0x62, 0x80,
    0x7c, 0x60, 0x11, 0xec, 0xca, 0x88, 0x3, 0xce,
    0x1, 0xe, 0x0, 0x56, 0x1, 0xca, 0x40, 0x5,
    0x5, 0x20, 0x3, 0x49, 0x0, 0x1a, 0x80, 0x29,
    0x0, 0x70, 0x4, 0xdb, 0xfe, 0x90, 0x9, 0x8c,
    0x0, 0x78, 0x40, 0x1f, 0x9a, 0x40, 0x31, 0xec,
    0xa0, 0x80, 0x9, 0xb2, 0x40, 0x20,

    /* U+0036 "6" */
    0x0, 0xf8, 0xe3, 0x3b, 0xe4, 0x3, 0xf1, 0xe6,
    0x1c, 0xc4, 0x3, 0xf9, 0xf0, 0xc0, 0x3f, 0xf8,
    0xf, 0x0, 0x11, 0xc5, 0xec, 0x0, 0x71, 0xc0,
    0x0, 0x6b, 0x1d, 0x8, 0x40, 0x3b, 0xc0, 0x2d,
    0x50, 0xf, 0xe3, 0x30, 0x2, 0xc, 0x3, 0xfd,
    0x60, 0x13, 0x25, 0x77, 0xf5, 0xa0, 0x6, 0x40,
    0x1, 0xc5, 0xa8, 0x80, 0xa5, 0xc8, 0x4, 0x40,
    0x3, 0x60, 0xf, 0x99, 0xc0, 0x2, 0x1, 0x9f,
    0x7f, 0x58, 0x2, 0x81, 0x10, 0x6, 0xa8, 0x20,
    0x29, 0x50, 0x9, 0x8c, 0x2, 0x45, 0x0, 0xe8,
    0x0, 0xb0, 0xc0, 0x21, 0x0, 0xf1, 0x8, 0x1,
    0x80, 0x3f, 0xf8, 0x4, 0x0, 0x31, 0x10, 0x1,
    0xc0, 0x3e, 0x10, 0x1, 0x82, 0x80, 0x8, 0x80,
    0x1c, 0x24, 0x0, 0x70, 0xe0, 0xa, 0x0, 0x3a,
    0xc0, 0x2f, 0x5, 0x30, 0x2, 0xd1, 0x1, 0x4a,
    0x80, 0x5, 0x40, 0x1c, 0x20, 0x5, 0xdf, 0xd6,
    0x0, 0xb4, 0x2, 0x2c, 0x20, 0xf, 0x86, 0xcc,
    0x3, 0x16, 0xca, 0x8, 0x0, 0xe3, 0xd0, 0x0,

    /* U+0037 "7" */
    0xaf, 0xff, 0xfe, 0x18, 0x80, 0x7f, 0xf5, 0x4,
    0x55, 0xdd, 0xfe, 0xd0, 0xa, 0x40, 0x2, 0x3f,
    0xea, 0x0, 0xb, 0x80, 0x7f, 0xc2, 0xe0, 0x6,
    0x0, 0xff, 0xe0, 0x30, 0x5, 0x20, 0x1f, 0xfc,
    0x9, 0x0, 0x30, 0x80, 0x7f, 0xce, 0x20, 0xb,
    0x0, 0xff, 0xe0, 0x48, 0x1, 0x8, 0x3, 0xfe,
    0x61, 0x0, 0x40, 0x7, 0xff, 0x2, 0xc0, 0x6,
    0x60, 0xf, 0xf9, 0x48, 0x1, 0x20, 0x1f, 0xfc,
    0x8, 0x0, 0x12, 0x80, 0x7f, 0xca, 0x40, 0xb,
    0x0, 0xff, 0xe0, 0x40, 0x0, 0x58, 0x3, 0xfe,
    0x42, 0x0, 0x30, 0x7, 0xff, 0x2, 0x0, 0x29,
    0x0, 0xff, 0x90, 0xc0, 0xc, 0x20, 0x1f, 0xf7,
    0x80, 0x56, 0x1, 0xff, 0x1a, 0x0, 0x14, 0x80,
    0x3f, 0xe8, 0x0, 0xa4, 0x3, 0xf8,

    /* U+0038 "8" */
    0x0, 0x86, 0x33, 0xfe, 0xd9, 0x20, 0xf, 0x2f,
    0x39, 0x80, 0x44, 0xdb, 0x0, 0x19, 0x28, 0x3,
    0xf9, 0xe0, 0x2, 0x90, 0x9, 0x77, 0xf9, 0xc0,
    0x27, 0x20, 0x32, 0x0, 0x1d, 0x10, 0xc, 0x38,
    0x4, 0x80, 0xc0, 0x15, 0x80, 0x75, 0x80, 0x5e,
    0x2, 0x1, 0xff, 0xc1, 0x10, 0x40, 0xa, 0xc0,
    0x3a, 0xc0, 0x2c, 0x0, 0x40, 0x0, 0xe8, 0x80,
    0x61, 0xc0, 0x8, 0x80, 0x3, 0xb0, 0x1, 0x77,
    0xf9, 0xc0, 0x7, 0x60, 0x1a, 0x54, 0x3, 0xe3,
    0xc0, 0xc, 0x38, 0xa0, 0x1f, 0x1e, 0x90, 0x5,
    0xa6, 0x0, 0x7d, 0xfe, 0x90, 0x1, 0x60, 0x82,
    0x98, 0x1, 0xe0, 0x80, 0x5a, 0xc0, 0x3, 0x1,
    0xc0, 0x14, 0x80, 0x72, 0x18, 0x1, 0xc1, 0x80,
    0x2, 0x20, 0xf, 0x30, 0x0, 0x46, 0x0, 0x8,
    0x7, 0xcc, 0x1, 0xa, 0x80, 0x4e, 0x1, 0xc6,
    0x60, 0x1, 0x5, 0x0, 0x51, 0x1, 0x1, 0x6d,
    0x0, 0xa8, 0xd, 0x80, 0x27, 0xef, 0xe9, 0x10,
    0x1, 0xb8, 0x2, 0x5c, 0x3, 0xf9, 0x74, 0x3,
    0x46, 0xb9, 0x88, 0x0, 0x9b, 0x28, 0x40, 0x0,

    /* U+0039 "9" */
    0x0, 0xc3, 0x1b, 0xfe, 0xea, 0x40, 0xf, 0x9b,
    0x9c, 0x80, 0x2, 0xb7, 0x40, 0x1c, 0xd2, 0x1,
    0xf9, 0x6c, 0x2, 0x29, 0x0, 0xa3, 0xbe, 0xc8,
    0x0, 0x8c, 0x0, 0xb0, 0xa, 0x1c, 0x41, 0x30,
    0x40, 0x10, 0x0, 0x70, 0x0, 0xb8, 0x6, 0x16,
    0x0, 0x9, 0x88, 0x80, 0x8, 0x1, 0xeb, 0x0,
    0x90, 0xc0, 0x23, 0x0, 0xf1, 0x80, 0x5c, 0x60,
    0x11, 0x80, 0x7f, 0x8c, 0x40, 0x24, 0x0, 0xf0,
    0x80, 0x42, 0x8, 0x0, 0x16, 0x0, 0xeb, 0x0,
    0x84, 0x3c, 0x2, 0x97, 0x10, 0x3b, 0x50, 0xe,
    0x45, 0x0, 0xa3, 0xbf, 0x10, 0x3, 0x10, 0x2,
    0x94, 0x3, 0xe6, 0x0, 0xb4, 0x2, 0xab, 0x52,
    0x12, 0x6d, 0xc0, 0x9, 0xc0, 0x32, 0x56, 0xf6,
    0xc9, 0x70, 0x0, 0x88, 0x1, 0xfe, 0x44, 0x0,
    0x28, 0x3, 0xfc, 0xb6, 0x0, 0x17, 0x0, 0xe1,
    0x24, 0x7d, 0xa0, 0xb, 0x40, 0x3d, 0x9b, 0x70,
    0x40, 0x15, 0x18, 0x7, 0xff, 0x1, 0x35, 0x40,
    0x3f, 0x85, 0x23, 0x6c, 0x80, 0x30,

    /* U+003A ":" */
    0x0, 0x84, 0x2, 0x8f, 0xed, 0x24, 0x70, 0x1,
    0x71, 0x80, 0x62, 0x40, 0xc, 0xa7, 0x2, 0x9,
    0x40, 0xfd, 0xf6, 0x20, 0x1f, 0xfd, 0xb1, 0x0,
    0xa3, 0xfb, 0x49, 0x1c, 0x0, 0x5c, 0x60, 0x18,
    0x90, 0x3, 0x29, 0xc0, 0x82, 0x50,

    /* U+003B ";" */
    0x0, 0x84, 0x3, 0x2f, 0x73, 0xd4, 0x1, 0x42,
    0x0, 0xa1, 0x20, 0xe, 0x22, 0x8, 0x6, 0x20,
    0xd2, 0x2, 0xb1, 0x3, 0xdf, 0xd4, 0x0, 0xff,
    0xf7, 0x3f, 0xfc, 0x60, 0x1f, 0xfc, 0xbf, 0x0,
    0x88, 0x0, 0x60, 0x3, 0x10, 0x2, 0x0, 0x28,
    0x0, 0xc0, 0x2, 0x60, 0xe, 0xf0, 0x9, 0xbb,
    0x48, 0x2,

    /* U+003C "<" */
    0x0, 0xff, 0xe0, 0x25, 0x88, 0x7, 0xf0, 0xbe,
    0xda, 0x0, 0x7e, 0x39, 0xe8, 0x20, 0xf, 0xcb,
    0x98, 0x60, 0xc, 0x20, 0x10, 0xc7, 0x51, 0x80,
    0x65, 0xbe, 0x12, 0xae, 0x71, 0x0, 0x92, 0xbe,
    0x90, 0x0, 0xaa, 0x0, 0x8e, 0x7a, 0xd4, 0x3,
    0xf8, 0xe1, 0x84, 0x3, 0xe1, 0x0, 0x8e, 0xfa,
    0x4c, 0x3, 0xcd, 0xae, 0x20, 0x1, 0x6c, 0xe8,
    0x20, 0xc, 0x51, 0xd2, 0x60, 0x10, 0xbe, 0xe9,
    0xc0, 0x39, 0xb3, 0xa, 0x1, 0x8a, 0x4, 0x3,
    0xc7, 0x5d, 0x2, 0x1, 0xff, 0xc0, 0x17, 0xea,
    0x30, 0xf, 0xfe, 0xa, 0xe6, 0x88,

    /* U+003D "=" */
    0x7f, 0xff, 0xfe, 0x10, 0x7, 0xff, 0x49, 0xfb,
    0xbf, 0xf8, 0x40, 0x23, 0xff, 0xc2, 0x0, 0xff,
    0xe2, 0x8, 0xff, 0xf0, 0x9f, 0xbb, 0xff, 0x84,
    0x1, 0xff, 0xd2,

    /* U+003E ">" */
    0x5a, 0x30, 0xf, 0xfe, 0x1, 0xae, 0x6b, 0x0,
    0x7f, 0xf0, 0x4a, 0x7e, 0x48, 0x3, 0xe2, 0x10,
    0xc, 0xdb, 0x8a, 0x1, 0xc9, 0xd6, 0xa0, 0x18,
    0xeb, 0xa0, 0x80, 0x32, 0x57, 0xd2, 0x80, 0x42,
    0xfb, 0x66, 0x1, 0xcb, 0x5f, 0x48, 0x1, 0x25,
    0x0, 0x7e, 0x5e, 0x40, 0xf, 0xf2, 0x4f, 0xd2,
    0x0, 0x5c, 0x1, 0x1c, 0xf5, 0xb0, 0x4, 0x2f,
    0xae, 0x31, 0xb8, 0xc2, 0x1, 0x1c, 0xf4, 0x10,
    0x3b, 0x88, 0x3, 0x36, 0x61, 0x80, 0x3f, 0x14,
    0x74, 0x98, 0x7, 0xe5, 0xbd, 0x71, 0x0, 0xfc,
    0x9d, 0x48, 0x1, 0xff, 0x0,

    /* U+003F "?" */
    0x0, 0x85, 0xef, 0xbf, 0xdd, 0x6c, 0x1, 0xc9,
    0xf0, 0x82, 0x0, 0x14, 0x9d, 0x20, 0x1, 0xd8,
    0x80, 0x7e, 0x2c, 0x10, 0xe0, 0x9, 0x2f, 0xb6,
    0x44, 0x0, 0x32, 0x44, 0x0, 0x1d, 0xa0, 0x93,
    0x68, 0x4, 0x82, 0x67, 0x50, 0x7, 0x18, 0x80,
    0x8, 0xf3, 0x26, 0x0, 0xf0, 0x80, 0x8, 0x3,
    0xfc, 0xa0, 0x12, 0x0, 0x7f, 0x15, 0x80, 0x6,
    0x40, 0x3f, 0x16, 0x8, 0x2, 0xc4, 0x3, 0xe3,
    0xc1, 0x0, 0x4a, 0x80, 0x7c, 0x78, 0x20, 0xb,
    0x60, 0xf, 0xde, 0x1, 0x62, 0x0, 0x7f, 0x18,
    0x1, 0x8c, 0x3, 0xf8, 0x40, 0x2f, 0x0, 0xff,
    0xd, 0x54, 0x80, 0x1f, 0xf2, 0xac, 0x40, 0x1f,
    0xfc, 0x2, 0x0, 0xff, 0xe0, 0x17, 0x6f, 0xa0,
    0x7, 0xfa, 0xc4, 0x1, 0x0, 0x1f, 0xe1, 0x0,
    0x9c, 0x3, 0xfd, 0x26, 0x5, 0x20, 0x1c,

    /* U+0040 "@" */
    0x0, 0xf0, 0xbe, 0x7f, 0xba, 0xd8, 0x3, 0xfc,
    0xdd, 0x6, 0x0, 0x14, 0x9d, 0x30, 0xf, 0xa2,
    0x40, 0xa2, 0xf2, 0xd8, 0xb, 0x8, 0x3, 0x9d,
    0xc0, 0xfa, 0xe8, 0x69, 0x3c, 0x61, 0xe0, 0x18,
    0xa0, 0x22, 0x0, 0xdb, 0xfe, 0xa0, 0xd1, 0x25,
    0x0, 0xa4, 0xd, 0xc2, 0x64, 0x40, 0x5, 0xd1,
    0x60, 0xe0, 0x1, 0x20, 0x78, 0x2b, 0x3, 0x63,
    0x3, 0x85, 0x2, 0x0, 0x14, 0x8, 0xc2, 0x1,
    0x64, 0xc4, 0x4, 0x8, 0x0, 0x21, 0x60, 0xa0,
    0x64, 0x12, 0x0, 0x20, 0x20, 0x0, 0x81, 0x1,
    0x86, 0x82, 0x0, 0x98, 0x0, 0x43, 0xc0, 0x38,
    0x40, 0xc, 0x1a, 0xa, 0x1, 0x38, 0x10, 0x6,
    0x13, 0x0, 0x8, 0x30, 0x8, 0x4, 0x40, 0x20,
    0x1, 0x2, 0x0, 0xff, 0x84, 0x1c, 0x8, 0x8,
    0x3, 0x8, 0x38, 0x30, 0x0, 0x40, 0x2, 0xa,
    0xa, 0x4, 0x0, 0x60, 0x30, 0x33, 0xd, 0x0,
    0x18, 0xa4, 0x28, 0x0, 0x41, 0xa1, 0x20, 0xc,
    0xe4, 0x30, 0xbd, 0x17, 0x20, 0x2, 0x3, 0x0,
    0xd8, 0x81, 0xe6, 0xa0, 0xc, 0x40, 0x2, 0xb0,
    0x17, 0x4, 0xef, 0xc3, 0x1b, 0xfe, 0x70, 0xc,
    0x4a, 0x10, 0xc0, 0x1f, 0xfc, 0x3b, 0x20, 0x9c,
    0x74, 0x34, 0x8d, 0x50, 0xf, 0x87, 0x10, 0xe,
    0x2f, 0x2d, 0xcb, 0x40, 0x3f, 0xd, 0xe3, 0x10,
    0x0, 0x52, 0x60, 0x3, 0x80,

    /* U+0041 "A" */
    0x0, 0xfd, 0xff, 0x50, 0x7, 0xff, 0x9, 0x40,
    0x25, 0x0, 0xff, 0xe1, 0x78, 0x6, 0x50, 0xf,
    0xfe, 0xa, 0x80, 0x6f, 0x0, 0xff, 0xe0, 0x28,
    0x7, 0x28, 0x7, 0xff, 0x3, 0xc0, 0x6, 0x1,
    0x28, 0x7, 0xfc, 0xa0, 0xa, 0x40, 0x7, 0x80,
    0x7f, 0x94, 0x2, 0x7c, 0x0, 0x28, 0x7, 0xfb,
    0xc0, 0x4, 0x2a, 0x1, 0x28, 0x7, 0xf2, 0x80,
    0x14, 0x8, 0x80, 0xf, 0x0, 0xfc, 0xa0, 0x15,
    0x80, 0x14, 0x0, 0xa0, 0x1f, 0xbc, 0x0, 0x26,
    0x0, 0xb0, 0x9, 0x40, 0x3e, 0x50, 0x3, 0x80,
    0x46, 0x20, 0xf, 0x0, 0xf2, 0x80, 0x5e, 0x45,
    0x94, 0x0, 0xa0, 0x1e, 0xe0, 0xa, 0x77, 0x72,
    0x0, 0x4a, 0x1, 0xc8, 0x1, 0xff, 0xc0, 0xf0,
    0xc, 0xa0, 0x1f, 0xfc, 0x15, 0x0, 0xdc, 0x1,
    0x77, 0xff, 0xa0, 0x2, 0x40, 0x0, 0xa0, 0x0,
    0xc4, 0x3, 0xca, 0x1, 0x70, 0x1, 0xc0, 0x2b,
    0x0, 0xf8, 0x88, 0x0, 0x50, 0x6, 0x80, 0x4a,
    0x1, 0xf9, 0x40, 0x24, 0x14, 0x0, 0x11, 0x0,
    0x3f, 0x58, 0x5, 0xc0,

    /* U+0042 "B" */
    0xbf, 0xff, 0xdb, 0x6c, 0x20, 0x1f, 0xfc, 0x12,
    0x49, 0xe5, 0x0, 0xff, 0xe2, 0x53, 0x0, 0x7b,
    0x7b, 0xad, 0xa3, 0x0, 0xa4, 0x3, 0xc6, 0x23,
    0x12, 0xe2, 0x0, 0x4a, 0x1, 0xff, 0xc0, 0xe0,
    0x8, 0x80, 0x3f, 0xf8, 0x82, 0x1, 0xff, 0xc0,
    0x90, 0x9, 0x0, 0x3f, 0x85, 0x30, 0xc0, 0xe,
    0x40, 0x1d, 0xdf, 0xf7, 0x59, 0x80, 0x22, 0x0,
    0x1f, 0xfc, 0x25, 0x50, 0x7, 0xc4, 0x5c, 0x1,
    0x2e, 0xa8, 0x7, 0xb3, 0x77, 0x7d, 0x8, 0x2,
    0x8c, 0x3, 0xfe, 0x5d, 0x0, 0xa4, 0x3, 0xff,
    0x80, 0x64, 0x0, 0x40, 0xf, 0xfe, 0x8, 0x80,
    0x4, 0x3, 0xff, 0x82, 0x40, 0x1f, 0xfc, 0x37,
    0x10, 0x2, 0x0, 0x7f, 0x9, 0xcc, 0x0, 0x5e,
    0x1, 0xdd, 0xff, 0x76, 0x30, 0x4, 0xc8, 0x1,
    0xff, 0xc2, 0x79, 0x0, 0xff, 0x84, 0xdf, 0x60,
    0x2,

    /* U+0043 "C" */
    0x0, 0xe6, 0xbe, 0xff, 0x6c, 0xa0, 0x7, 0xc7,
    0xb2, 0x82, 0x0, 0x26, 0xbb, 0x8, 0x6, 0x3c,
    0x20, 0xf, 0xc9, 0x80, 0x1b, 0x40, 0x25, 0xcf,
    0xea, 0x20, 0x1, 0x48, 0x2, 0x4, 0x0, 0xd4,
    0x60, 0x2b, 0x82, 0x0, 0x61, 0x6, 0x0, 0xc,
    0x80, 0x70, 0xc8, 0x4, 0xe6, 0x20, 0x7, 0x0,
    0xf9, 0x40, 0x2f, 0x50, 0xb, 0xc0, 0x3e, 0x2d,
    0xda, 0x38, 0x2, 0x20, 0xf, 0xc4, 0x50, 0x88,
    0x2, 0x70, 0xf, 0xff, 0x98, 0x80, 0x4e, 0x1,
    0xff, 0xc0, 0xe0, 0x8, 0x80, 0x3f, 0xf8, 0xa,
    0x1, 0x78, 0x7, 0xc5, 0xff, 0x49, 0x88, 0x1,
    0xc0, 0x3e, 0x40, 0xb, 0xc1, 0x80, 0x3, 0x0,
    0x1c, 0x30, 0x1, 0x38, 0x48, 0x80, 0x1e, 0x48,
    0x5, 0x70, 0x40, 0xe, 0x20, 0x3a, 0x1, 0x36,
    0xff, 0x51, 0x0, 0xe, 0x0, 0x23, 0xc1, 0x0,
    0xfc, 0xb8, 0x1, 0xc7, 0xd2, 0x82, 0x0, 0x26,
    0xca, 0x0, 0x80,

    /* U+0044 "D" */
    0xdf, 0xff, 0x6d, 0x30, 0x7, 0xff, 0x4, 0x96,
    0x79, 0xc0, 0x3f, 0xf8, 0x43, 0x16, 0x1, 0xf7,
    0xfb, 0xb1, 0x80, 0x24, 0xa0, 0xf, 0xc2, 0x73,
    0x82, 0x0, 0x55, 0x0, 0x7f, 0x8e, 0x80, 0x28,
    0x0, 0xff, 0x91, 0x0, 0x2, 0x30, 0xf, 0xfb,
    0x80, 0x24, 0x0, 0xff, 0x9c, 0x2, 0xd0, 0xf,
    0xf8, 0x80, 0x26, 0x0, 0xff, 0xf7, 0x90, 0x4,
    0xc0, 0x1f, 0xf3, 0x80, 0x44, 0x1, 0xff, 0x70,
    0x5, 0x60, 0x1f, 0xe3, 0x40, 0x1, 0x18, 0x7,
    0xf1, 0x68, 0x5, 0x0, 0x1f, 0x8e, 0x34, 0x40,
    0xa, 0xa0, 0xe, 0xff, 0xb1, 0xc0, 0x24, 0xa0,
    0xf, 0xfe, 0xc, 0x58, 0x7, 0xf8, 0x52, 0x79,
    0xc0, 0x30,

    /* U+0045 "E" */
    0x7f, 0xff, 0xfe, 0x11, 0x80, 0x7f, 0xf6, 0x2b,
    0xbb, 0xfc, 0x60, 0x18, 0x47, 0xfe, 0x0, 0xff,
    0xfc, 0xdf, 0xff, 0xeb, 0x0, 0xff, 0xed, 0x5f,
    0xff, 0xeb, 0x0, 0xff, 0xff, 0x80, 0x7f, 0xc2,
    0x1, 0xff, 0xc3, 0xaf, 0xff, 0xf2, 0x0, 0x7f,
    0xf5, 0x0,

    /* U+0046 "F" */
    0x6f, 0xff, 0xfe, 0x13, 0x0, 0x7f, 0xf6, 0x27,
    0xbb, 0xfc, 0xc0, 0x1c, 0x23, 0xfe, 0x0, 0xff,
    0xfc, 0xcf, 0xff, 0xf0, 0x7, 0xff, 0x6a, 0x7b,
    0xbf, 0x80, 0x3e, 0x11, 0xfe, 0x0, 0xff, 0xff,
    0x80, 0x7f, 0xfa, 0xc0,

    /* U+0047 "G" */
    0x0, 0xe6, 0xbe, 0xff, 0x6d, 0x28, 0x7, 0xc5,
    0xb2, 0x82, 0x0, 0x25, 0xad, 0x20, 0xc, 0x58,
    0x40, 0x1f, 0x8b, 0x8, 0x2, 0xf1, 0x0, 0x1d,
    0xf7, 0x28, 0xc0, 0x3, 0x20, 0x6, 0x20, 0x2,
    0x62, 0x8, 0x97, 0x8, 0x0, 0x84, 0x16, 0x1,
    0x50, 0x7, 0xa0, 0x2, 0x42, 0x20, 0x1, 0x4,
    0x3, 0xcb, 0x55, 0x23, 0x80, 0x5a, 0x1, 0xf9,
    0x56, 0x22, 0x0, 0x44, 0x1, 0xff, 0xc0, 0xf0,
    0x9, 0xc0, 0x3f, 0xf8, 0x2, 0x1, 0xf1, 0xf7,
    0x7c, 0xe0, 0x1f, 0x9c, 0x47, 0xef, 0x10, 0xf,
    0xfe, 0x43, 0x80, 0x49, 0xff, 0x68, 0x4, 0x3c,
    0x1, 0x18, 0x7, 0xff, 0x1, 0x0, 0x2c, 0x0,
    0xff, 0xe0, 0x11, 0x0, 0x8, 0x40, 0x1f, 0xfc,
    0xb, 0x0, 0xa4, 0x3, 0xc2, 0x1, 0xcc, 0x40,
    0x4, 0xc4, 0x11, 0x13, 0xe8, 0x7, 0xbc, 0x40,
    0x7, 0x7d, 0xcd, 0x81, 0x0, 0x15, 0x80, 0xb,
    0xc, 0x3, 0xf9, 0xb0, 0x80, 0x22, 0xcb, 0x51,
    0x0, 0xa, 0x47, 0x48, 0x80,

    /* U+0048 "H" */
    0xff, 0xac, 0x3, 0xea, 0xff, 0x80, 0x3f, 0xff,
    0xe0, 0x1f, 0xfe, 0xd4, 0xff, 0xf9, 0x40, 0x3f,
    0xfb, 0x69, 0xff, 0xf2, 0x80, 0x7f, 0xff, 0xc0,
    0x3f, 0xff, 0xa0,

    /* U+0049 "I" */
    0x1f, 0xff, 0xfe, 0xa, 0x0, 0x7f, 0xf4, 0x87,
    0xbb, 0x48, 0x5, 0x1d, 0xd9, 0x0, 0x47, 0x18,
    0x6, 0x11, 0xc0, 0x1f, 0xff, 0xf0, 0xf, 0xff,
    0xf8, 0x7, 0xff, 0x9c, 0xc0, 0x3f, 0x87, 0xff,
    0x48, 0x5, 0x1f, 0xf9, 0x0, 0x3f, 0xfa, 0x40,

    /* U+004A "J" */
    0x0, 0xff, 0xe0, 0x7f, 0xda, 0x1, 0xff, 0xff,
    0x0, 0xff, 0xff, 0x80, 0x7f, 0xff, 0x8e, 0xee,
    0x50, 0xf, 0xf0, 0x82, 0x25, 0x80, 0x1e, 0x40,
    0x9, 0x8c, 0x2, 0x61, 0x0, 0xe8, 0x0, 0xbc,
    0x1c, 0x2, 0xf5, 0x11, 0x26, 0x18, 0x0, 0x94,
    0x20, 0x80, 0x3, 0x5d, 0xcb, 0x30, 0xb, 0x80,
    0x2c, 0x40, 0xf, 0xc5, 0xa6, 0x1, 0xd, 0xd9,
    0x48, 0x0, 0x29, 0x5a, 0x40, 0x0,

    /* U+004B "K" */
    0xbf, 0xf8, 0x40, 0x3c, 0x7f, 0xf9, 0x80, 0x3f,
    0xe1, 0xd0, 0x9, 0x98, 0x1, 0xff, 0x50, 0x80,
    0xe, 0x40, 0x3f, 0xe8, 0x40, 0x0, 0xe8, 0x7,
    0xfc, 0x8e, 0x1, 0x68, 0x80, 0x7f, 0x8a, 0xc0,
    0x29, 0x30, 0xf, 0xfb, 0xc0, 0x26, 0x60, 0x7,
    0xfd, 0x44, 0x0, 0x39, 0x0, 0xff, 0x9d, 0x40,
    0x3, 0xa0, 0x1f, 0xf2, 0x40, 0x5, 0x42, 0x1,
    0xff, 0x50, 0x6, 0xd0, 0xf, 0xfe, 0x2b, 0x18,
    0x7, 0xff, 0x5, 0x0, 0x2e, 0x0, 0xff, 0xe0,
    0x3d, 0xa0, 0x0, 0xa4, 0x3, 0xfc, 0xb0, 0x12,
    0x1, 0x31, 0x80, 0x7f, 0x58, 0x0, 0xa0, 0x2,
    0xe0, 0xf, 0xfe, 0xb, 0x98, 0x0, 0xa0, 0x3,
    0xff, 0x83, 0xe0, 0x13, 0x98, 0x7, 0xff, 0x0,
    0xdc, 0x2, 0xe0, 0xf, 0xfe, 0xc, 0x10, 0x0,
    0xa0, 0x3, 0xff, 0x83, 0x20, 0x13, 0x98, 0x7,
    0xff, 0x1, 0x18, 0x2, 0xe0,

    /* U+004C "L" */
    0x5f, 0xf9, 0x80, 0x3f, 0xff, 0xe0, 0x1f, 0xff,
    0xf0, 0xf, 0xff, 0xf8, 0x7, 0xff, 0xc8, 0x40,
    0x3f, 0xf8, 0x71, 0xff, 0xfe, 0x40, 0xf, 0xfe,
    0xa0,

    /* U+004D "M" */
    0xef, 0xfb, 0x80, 0x39, 0xff, 0xf3, 0x0, 0x61,
    0x30, 0xd, 0x60, 0x1f, 0xeb, 0x0, 0x88, 0xc0,
    0x3f, 0xca, 0x1, 0x28, 0x7, 0xfc, 0x44, 0x0,
    0x58, 0x7, 0xf0, 0x80, 0x10, 0x4, 0xc0, 0xc0,
    0x3e, 0x70, 0x6, 0x83, 0x0, 0x2c, 0x3, 0xee,
    0x30, 0x40, 0xb0, 0x2, 0x80, 0x7d, 0xf6, 0x0,
    0x63, 0x3, 0x20, 0xf, 0xca, 0x0, 0x90, 0x5,
    0x80, 0x7f, 0x11, 0x0, 0x32, 0x88, 0x7, 0xc2,
    0xa, 0x1, 0x19, 0x0, 0x7f, 0xac, 0x2, 0xb0,
    0xf, 0xf8, 0xc4, 0x0, 0xa0, 0x60, 0x1f, 0x18,
    0x1, 0xc0, 0xc8, 0x3, 0xff, 0x81, 0x19, 0xc0,
    0x1f, 0xfc, 0x11, 0x32, 0x0, 0xff, 0xff, 0x80,
    0x7f, 0xf0, 0x0,

    /* U+004E "N" */
    0xff, 0xc2, 0x1, 0xec, 0xff, 0x80, 0x3a, 0x0,
    0x3f, 0xf8, 0x6c, 0x20, 0x1f, 0xfc, 0x38, 0x0,
    0xff, 0xe1, 0xb0, 0x80, 0x7f, 0xf0, 0xe4, 0x3,
    0xff, 0x86, 0xe2, 0x1, 0xff, 0x11, 0x0, 0x12,
    0x1, 0xff, 0xc0, 0x80, 0x3, 0x88, 0x7, 0xfc,
    0xa4, 0x0, 0x60, 0xf, 0xfe, 0x4, 0x0, 0x24,
    0x3, 0xff, 0x80, 0xa4, 0x2, 0xe0, 0x1f, 0xfc,
    0xb, 0x0, 0x48, 0x7, 0xff, 0x1, 0x84, 0x5,
    0x80, 0x3f, 0xf8, 0x10, 0x0, 0x81, 0x0, 0xff,
    0x98, 0x40, 0x48, 0x3, 0xff, 0x81, 0x20, 0x1f,
    0xfc, 0x37, 0x10, 0xf, 0xfe, 0x1c, 0x80, 0x7f,
    0xf0, 0xdc, 0x40, 0x3f, 0xf8, 0x72, 0x1, 0xff,
    0xc3, 0x70, 0xe,

    /* U+004F "O" */
    0x0, 0xe7, 0xcf, 0xfb, 0x1c, 0x40, 0x3e, 0x3e,
    0x83, 0x0, 0x8e, 0x3d, 0x0, 0x38, 0xf0, 0x40,
    0x3e, 0x1b, 0x50, 0xd, 0xa0, 0x12, 0x5e, 0xda,
    0x80, 0x54, 0x40, 0x8, 0x10, 0x3, 0x5a, 0x12,
    0x53, 0x80, 0x50, 0x0, 0x60, 0x0, 0xc8, 0x7,
    0x41, 0x0, 0x14, 0x4c, 0x40, 0xe, 0x1, 0xf5,
    0x0, 0x48, 0xa0, 0x16, 0x0, 0x7c, 0x80, 0x16,
    0x70, 0x4, 0x20, 0x1f, 0x10, 0x4, 0x42, 0x1,
    0x38, 0x7, 0xc2, 0x1, 0xff, 0xc8, 0x70, 0xf,
    0xfe, 0xab, 0x88, 0x4, 0xe0, 0x1f, 0x8, 0x6,
    0xe0, 0x8, 0x40, 0x3e, 0x20, 0x8, 0x94, 0x2,
    0xc0, 0xf, 0x90, 0x2, 0xc3, 0x10, 0x3, 0x80,
    0x7d, 0x40, 0x12, 0x4, 0x80, 0x6, 0x40, 0x39,
    0xc8, 0x0, 0xa2, 0xe, 0x20, 0x6, 0xa4, 0x24,
    0xa8, 0x0, 0xa0, 0x2, 0xd0, 0x9, 0x6f, 0x6d,
    0x40, 0x2a, 0x20, 0x8, 0xf0, 0x40, 0x3e, 0x1b,
    0x50, 0xe, 0x3e, 0x93, 0x10, 0x1, 0xc7, 0x20,
    0x4,

    /* U+0050 "P" */
    0x6f, 0xff, 0xdd, 0x8e, 0x20, 0x1f, 0xfc, 0x11,
    0x38, 0xe7, 0x0, 0xff, 0xe2, 0x44, 0x80, 0x7a,
    0x7f, 0xf6, 0xb0, 0x4, 0xc8, 0x1, 0xc6, 0x1,
    0x8a, 0x64, 0x1, 0x78, 0x7, 0xff, 0x1, 0x88,
    0x0, 0x80, 0x1f, 0xfc, 0x16, 0x0, 0x84, 0x3,
    0xff, 0x80, 0xc0, 0x10, 0x80, 0x7f, 0xca, 0x40,
    0x3, 0x0, 0xff, 0x14, 0x50, 0x5, 0x20, 0x1d,
    0x5f, 0xfb, 0x5c, 0x2, 0x55, 0x0, 0x7f, 0xf0,
    0x9e, 0x80, 0x3f, 0xf8, 0x6, 0xfd, 0x0, 0x1f,
    0x57, 0xff, 0x64, 0x8, 0x7, 0xff, 0xfc, 0x3,
    0xff, 0xea,

    /* U+0051 "Q" */
    0x0, 0xe6, 0xbe, 0xff, 0x63, 0x88, 0x7, 0xe3,
    0xe9, 0x41, 0x0, 0x1c, 0x73, 0x0, 0x79, 0x30,
    0x40, 0x3f, 0x4b, 0x80, 0x61, 0xa0, 0x9, 0x2f,
    0x71, 0x80, 0x28, 0x30, 0xa, 0x44, 0x0, 0xd6,
    0x84, 0x73, 0x40, 0x17, 0x80, 0x4c, 0x0, 0x19,
    0x0, 0xe5, 0x40, 0x1, 0x98, 0xc, 0x40, 0xe,
    0x1, 0xf7, 0x0, 0x56, 0xa, 0x1, 0x60, 0x7,
    0xc8, 0x1, 0x18, 0x70, 0x4, 0xc0, 0x1f, 0x8,
    0x4, 0xc0, 0x20, 0x10, 0x80, 0x7e, 0x10, 0x1,
    0x80, 0x7f, 0xfb, 0xc4, 0x3, 0xfe, 0x30, 0xe0,
    0x9, 0x80, 0x3f, 0x8, 0x1, 0x80, 0xc0, 0x2c,
    0x0, 0xf9, 0x0, 0x23, 0x4, 0x10, 0x3, 0x80,
    0x7d, 0xc0, 0x15, 0x80, 0x18, 0x0, 0x32, 0x1,
    0xca, 0xa0, 0x1, 0x98, 0x1, 0x22, 0x0, 0x6b,
    0x42, 0x39, 0xa0, 0xb, 0xc0, 0x21, 0xa0, 0x9,
    0x2f, 0x71, 0x80, 0x29, 0x30, 0xc, 0x98, 0x20,
    0x1f, 0xfc, 0x43, 0xe9, 0x41, 0x0, 0x18, 0x5,
    0x30, 0x1, 0xf3, 0x5f, 0x7f, 0xb2, 0x80, 0x27,
    0xa0, 0xf, 0xfe, 0x2, 0xe0, 0x80, 0x15, 0x40,
    0x1f, 0xfc, 0x3, 0xc1, 0x9, 0x50, 0xf, 0xfe,
    0x9, 0x7d, 0xb0, 0x0,

    /* U+0052 "R" */
    0xaf, 0xff, 0xdb, 0x4a, 0x1, 0xff, 0xc2, 0x25,
    0xae, 0x40, 0xf, 0xfe, 0x18, 0xda, 0x80, 0x7b,
    0x7f, 0xee, 0xa3, 0x0, 0xac, 0x40, 0x3f, 0x85,
    0x71, 0x0, 0x2, 0xe0, 0x1f, 0xfc, 0xf, 0x0,
    0xbc, 0x3, 0xff, 0x80, 0xc0, 0x11, 0x80, 0x7f,
    0xf0, 0x18, 0x2, 0x20, 0xf, 0xfe, 0x4, 0x0,
    0x58, 0x1, 0xfc, 0x29, 0x86, 0x0, 0x34, 0x0,
    0xed, 0xff, 0xba, 0xcc, 0x0, 0x3a, 0x1, 0xff,
    0xc2, 0x5f, 0x10, 0xf, 0xfe, 0xa, 0x50, 0x80,
    0x7d, 0xbf, 0xf1, 0x80, 0x10, 0x80, 0x3f, 0xf8,
    0x12, 0x1, 0x40, 0x7, 0xff, 0x1, 0x48, 0x0,
    0xa4, 0x1, 0xff, 0xc0, 0x80, 0xa, 0x0, 0x3f,
    0xf8, 0xa, 0x40, 0x5, 0x30, 0xf, 0xfe, 0x4,
    0x0, 0x50, 0x1, 0xff, 0xc0, 0x52, 0x0, 0x21,
    0x80, 0x7f, 0xf0, 0x2c, 0x2, 0x80, 0xf, 0xfe,
    0x3, 0x8, 0x1, 0x8,

    /* U+0053 "S" */
    0x0, 0xe6, 0xbe, 0xff, 0x75, 0xa8, 0x7, 0xcb,
    0xd2, 0x82, 0x0, 0x14, 0xad, 0x40, 0xc, 0xd4,
    0x20, 0x1f, 0x8a, 0xd0, 0x0, 0x52, 0x1, 0x2e,
    0x7f, 0xb1, 0x40, 0x2b, 0x10, 0xa0, 0x9, 0xe8,
    0xc0, 0x7, 0x4c, 0x1, 0x48, 0x18, 0x5, 0x20,
    0x1e, 0x80, 0x9, 0x0, 0x40, 0x3f, 0xc2, 0xec,
    0xc4, 0xd, 0x0, 0xa0, 0x3, 0xe8, 0x99, 0x40,
    0x38, 0x80, 0x1a, 0xcc, 0x3, 0xfe, 0xd1, 0x0,
    0x26, 0x6c, 0x20, 0x7, 0xe3, 0xc4, 0x0, 0x89,
    0xef, 0xa0, 0x40, 0x3c, 0x57, 0x65, 0x0, 0xc2,
    0xfe, 0xa0, 0x1f, 0x25, 0x75, 0x28, 0x4, 0x34,
    0xe0, 0x1f, 0x85, 0x6b, 0xe0, 0x2, 0x83, 0x0,
    0xff, 0x9e, 0x80, 0x29, 0x5d, 0xd9, 0x0, 0x3e,
    0x51, 0x0, 0x20, 0x91, 0x5c, 0x1, 0xf8, 0xc0,
    0x24, 0x10, 0x2, 0x98, 0x7, 0x90, 0x80, 0x4,
    0x10, 0x1, 0x64, 0x18, 0x0, 0xa2, 0xc0, 0x2a,
    0x6, 0x60, 0x4, 0xf9, 0xfe, 0xd7, 0x0, 0x91,
    0x80, 0x13, 0x21, 0x0, 0xfe, 0x6b, 0x0, 0xcd,
    0xd2, 0xa4, 0x0, 0x13, 0x7d, 0x90, 0x0,

    /* U+0054 "T" */
    0x4f, 0xff, 0xfe, 0x2b, 0x80, 0x7f, 0xf6, 0x93,
    0xbb, 0xd4, 0x1, 0x47, 0x77, 0x9c, 0x4, 0x7e,
    0x0, 0xc2, 0x3e, 0x0, 0xff, 0xff, 0x80, 0x7f,
    0xff, 0xc0, 0x3f, 0xff, 0xe0, 0x1f, 0xff, 0xf0,
    0xf, 0xfe, 0x60,

    /* U+0055 "U" */
    0xef, 0xf6, 0x0, 0x7d, 0x3f, 0xf1, 0x0, 0x7f,
    0xf9, 0x4, 0x3, 0xff, 0xfe, 0x1, 0xff, 0xeb,
    0x10, 0xf, 0xfe, 0xd9, 0x80, 0x61, 0x0, 0x18,
    0x7, 0xc2, 0x1, 0x1a, 0x80, 0x4, 0x80, 0x3c,
    0x80, 0x1, 0x16, 0x80, 0x50, 0x1, 0xce, 0x1,
    0x38, 0x30, 0x80, 0x16, 0x88, 0xa, 0x20, 0x1,
    0x58, 0x2, 0x80, 0x25, 0xdf, 0xd7, 0x0, 0xa0,
    0x80, 0x9, 0x62, 0x1, 0xfa, 0x5c, 0x3, 0x27,
    0xc1, 0x88, 0x0, 0xdf, 0x98, 0x2,

    /* U+0056 "V" */
    0x1f, 0xfc, 0x1, 0xfd, 0xbf, 0xf1, 0x89, 0x80,
    0x48, 0x1, 0xf0, 0x90, 0x0, 0x4c, 0x2c, 0x2,
    0xd0, 0xf, 0x9c, 0x2, 0x70, 0x2, 0x80, 0x48,
    0x1, 0xf6, 0x80, 0x5a, 0x0, 0x22, 0x0, 0x8,
    0x80, 0x1e, 0x40, 0x9, 0x0, 0x25, 0x0, 0x90,
    0x3, 0x90, 0x2, 0x50, 0xd, 0x40, 0x16, 0x80,
    0x76, 0x0, 0x5e, 0x1, 0x88, 0x80, 0x4, 0x0,
    0xe5, 0x0, 0x94, 0x3, 0x94, 0x2, 0x40, 0x8,
    0x88, 0x0, 0x40, 0xf, 0x58, 0x5, 0xa0, 0x12,
    0x0, 0x5a, 0x1, 0xe3, 0x10, 0x2, 0x0, 0x5a,
    0x1, 0x38, 0x7, 0xce, 0x0, 0x22, 0x0, 0x10,
    0x0, 0x82, 0x1, 0xf6, 0x80, 0x48, 0x8, 0x1,
    0x68, 0x7, 0xe4, 0x10, 0x6, 0x86, 0x0, 0x4e,
    0x1, 0xfc, 0x80, 0x4, 0x5, 0x0, 0x18, 0x80,
    0x7f, 0x78, 0x4, 0xc4, 0x0, 0xb0, 0xf, 0xf2,
    0x80, 0x50, 0x1, 0x28, 0x7, 0xfc, 0xa0, 0x1,
    0x0, 0x11, 0x0, 0x3f, 0xef, 0x0, 0xe5, 0x0,
    0xff, 0xe0, 0x20, 0x7, 0x58, 0x7, 0xff, 0x0,
    0x50, 0x2, 0x13, 0x0, 0xff, 0xe0, 0xe8, 0x4,
    0xe0, 0x1f, 0x0,

    /* U+0057 "W" */
    0x3f, 0xf9, 0x0, 0x2d, 0xff, 0x10, 0x5, 0xbf,
    0xea, 0x20, 0x8, 0x80, 0x22, 0x0, 0x38, 0x4,
    0x40, 0x2, 0x10, 0x8, 0x40, 0x6, 0x1, 0x68,
    0x0, 0x40, 0x2d, 0x2, 0x0, 0x70, 0x1, 0x80,
    0x22, 0x0, 0x10, 0x4, 0xc0, 0xe0, 0x2, 0x0,
    0x68, 0x4, 0xe0, 0x6, 0x0, 0x88, 0x8, 0x0,
    0xc0, 0x2, 0x0, 0x88, 0x0, 0x40, 0x10, 0x87,
    0x0, 0x8, 0x0, 0xe0, 0x18, 0x83, 0xc0, 0x4,
    0x0, 0x20, 0x8, 0x40, 0x80, 0x33, 0x81, 0x0,
    0x1c, 0x0, 0xc0, 0x11, 0x10, 0x0, 0xa0, 0xd,
    0x6, 0x0, 0x10, 0x0, 0x80, 0x27, 0x70, 0x3,
    0x0, 0x4, 0x4, 0x0, 0xe0, 0x8, 0x80, 0x4,
    0x40, 0x2, 0x10, 0x38, 0x8, 0x0, 0x80, 0x26,
    0x0, 0x76, 0x80, 0x9, 0xc0, 0x88, 0x1, 0x30,
    0x4, 0x40, 0x2, 0x70, 0x20, 0xd0, 0x2, 0x80,
    0x44, 0x1, 0x70, 0x1, 0x88, 0x1c, 0xc, 0x1,
    0x80, 0x2, 0x0, 0xc4, 0x0, 0x30, 0x1, 0x3,
    0x0, 0x10, 0x0, 0xc0, 0x19, 0x80, 0x3b, 0x40,
    0x80, 0x38, 0x80, 0x31, 0x80, 0x73, 0x80, 0xc,
    0x3, 0x70, 0x7, 0x8, 0x6, 0x20, 0x2, 0x80,
    0x62, 0x0, 0xe2, 0x0, 0x88, 0x2, 0xe0, 0xc,
    0xe0, 0x1c, 0xc0, 0x13, 0x80, 0x46, 0x1, 0x88,
    0x3, 0x88, 0x2, 0xd0, 0x9, 0x40, 0x21, 0x0,
    0xf7, 0x0, 0x44, 0x1, 0x8, 0x80, 0x4, 0x1,
    0x0,

    /* U+0058 "X" */
    0xa, 0xff, 0xa8, 0x3, 0xe1, 0xff, 0xc8, 0x10,
    0x1, 0x29, 0x80, 0x7a, 0x0, 0x25, 0x40, 0x28,
    0x0, 0xa0, 0x3, 0x89, 0x80, 0x28, 0x0, 0x9c,
    0x80, 0x8, 0x60, 0x1a, 0x0, 0x28, 0x20, 0xd,
    0x0, 0x14, 0x0, 0x46, 0xa0, 0x2, 0x70, 0xe,
    0x54, 0x0, 0x22, 0x0, 0x10, 0x1, 0x48, 0x7,
    0xd2, 0x1, 0x40, 0x22, 0x0, 0x8, 0x80, 0xf,
    0x89, 0xc0, 0x6, 0x90, 0x1, 0x48, 0x7, 0xf4,
    0x8, 0x2, 0x8c, 0x0, 0xe4, 0x1, 0xfe, 0xb0,
    0x0, 0x80, 0x6, 0x0, 0x3f, 0xe5, 0x40, 0xd,
    0x60, 0x1f, 0xfc, 0x16, 0x0, 0xc4, 0x1, 0xff,
    0xc0, 0x72, 0x0, 0xd0, 0x20, 0x1f, 0xe1, 0x80,
    0x0, 0x80, 0x56, 0x1, 0xfe, 0xb0, 0xa, 0xd0,
    0x0, 0xa6, 0x1, 0xf9, 0x14, 0x0, 0x6b, 0x0,
    0x17, 0x0, 0x7e, 0x90, 0xa, 0x0, 0xd4, 0x0,
    0x4e, 0x1, 0xe7, 0x20, 0x2, 0x20, 0x1, 0x60,
    0x14, 0x8, 0x6, 0x18, 0x0, 0xa0, 0x2, 0x17,
    0x0, 0xac, 0x3, 0x58, 0x4, 0xa6, 0x1, 0xa4,
    0x40, 0xa, 0x60, 0x4, 0x50, 0xa, 0xc0, 0x38,
    0x64, 0x2, 0xe0, 0x4, 0x80, 0x4e, 0x20, 0x1e,
    0x71, 0x0, 0x13, 0x0,

    /* U+0059 "Y" */
    0x1f, 0xfc, 0x20, 0x1f, 0xb3, 0xfe, 0x51, 0x70,
    0xa, 0x40, 0x3e, 0x33, 0x0, 0x9, 0x42, 0x40,
    0x27, 0x0, 0xfa, 0x0, 0x28, 0x0, 0xb, 0x80,
    0x4c, 0x1, 0xc4, 0x80, 0x2, 0x50, 0xa, 0x40,
    0x2b, 0x0, 0xeb, 0x0, 0xa0, 0x3, 0xb, 0x80,
    0x9, 0x40, 0x21, 0x60, 0x1, 0x28, 0x7, 0x48,
    0x5, 0x20, 0x13, 0x0, 0x50, 0x1, 0xe1, 0x70,
    0x1, 0x98, 0x1, 0x20, 0x2, 0x50, 0xf, 0xa4,
    0x2, 0x90, 0x51, 0x0, 0x40, 0x7, 0xe1, 0x70,
    0x2, 0x8c, 0x80, 0x9, 0x40, 0x3f, 0xa4, 0x2,
    0xd3, 0x0, 0x40, 0x7, 0xf8, 0x5c, 0x0, 0x60,
    0x3, 0x50, 0xf, 0xfa, 0x40, 0x3a, 0x40, 0x3f,
    0xf8, 0x2, 0xe0, 0x11, 0xa8, 0x7, 0xff, 0x6,
    0xc0, 0x2b, 0x0, 0xff, 0xff, 0x80, 0x7f, 0xfd,
    0x40,

    /* U+005A "Z" */
    0x5f, 0xff, 0xfe, 0x19, 0x0, 0x7f, 0xf1, 0x4,
    0x3, 0xff, 0x88, 0x4b, 0xdd, 0xfe, 0x50, 0xa,
    0x4, 0x4, 0x7f, 0x95, 0x40, 0x3, 0x70, 0xf,
    0xf0, 0xd0, 0x5, 0xc0, 0x1f, 0xf5, 0x88, 0x2,
    0x8, 0x3, 0xfc, 0x8a, 0x0, 0x37, 0x0, 0xff,
    0xd, 0x0, 0x5c, 0x1, 0xff, 0x58, 0x80, 0x24,
    0x80, 0x3f, 0xca, 0xa0, 0x2, 0x30, 0x7, 0xf8,
    0x6c, 0x2, 0xa0, 0xf, 0xfa, 0x84, 0x1, 0x22,
    0x1, 0xfe, 0x54, 0x0, 0x23, 0x0, 0x7f, 0x86,
    0x80, 0x2a, 0x0, 0xff, 0xa8, 0x2, 0xa1, 0x0,
    0xff, 0x32, 0x0, 0x11, 0x40, 0x3f, 0xc5, 0x20,
    0x1, 0xa0, 0xf, 0xfb, 0x80, 0x28, 0x10, 0xf,
    0xf2, 0x98, 0x5, 0x3f, 0xff, 0xe8, 0x20, 0xf,
    0xfe, 0xa8,

    /* U+005B "[" */
    0x8e, 0xef, 0x8, 0xfe, 0x0, 0xff, 0xe0, 0xf7,
    0xf8, 0x40, 0x3f, 0xff, 0xe0, 0x1f, 0xff, 0xf0,
    0xf, 0xff, 0x17, 0xf7, 0x4, 0x3, 0x8, 0xc0,
    0x1f, 0xc0,

    /* U+005C "\\" */
    0x2f, 0xf9, 0x40, 0x3f, 0x88, 0xc0, 0x1c, 0x1,
    0xfe, 0xa0, 0x2, 0x8, 0x7, 0xf3, 0x80, 0x4e,
    0x1, 0xfc, 0x2a, 0x0, 0xa0, 0xf, 0xf7, 0x0,
    0xc, 0x80, 0x3f, 0x90, 0x40, 0x14, 0x1, 0xfe,
    0x70, 0x2, 0x80, 0x7f, 0xa8, 0x0, 0x46, 0x1,
    0xfc, 0x64, 0x0, 0xa0, 0xf, 0xf5, 0x0, 0x18,
    0x3, 0xfc, 0xc0, 0x12, 0x80, 0x7f, 0x9, 0x80,
    0x38, 0x3, 0xfd, 0x40, 0x4, 0x10, 0xf, 0xe6,
    0x0, 0x9c, 0x3, 0xfc, 0xa0, 0xa, 0x0, 0xff,
    0x70, 0x0, 0xc8, 0x3, 0xf9, 0x4, 0x1, 0x40,
    0x1f, 0xe7, 0x0, 0x30, 0x7, 0xfa, 0x80, 0x2,
    0x80, 0x1f, 0xc6, 0x40, 0xd, 0x0, 0xff, 0x50,
    0x1, 0x80, 0x3f, 0xcc, 0x1, 0x28, 0x7, 0xf0,
    0xa0, 0x3, 0x80, 0x3f, 0xd0, 0xee, 0xc0,

    /* U+005D "]" */
    0xae, 0xee, 0xd1, 0x1f, 0x10, 0x7, 0xd7, 0xfe,
    0x40, 0xf, 0xff, 0xf8, 0x7, 0xff, 0xfc, 0x3,
    0xff, 0x93, 0x5d, 0xc4, 0x0, 0x84, 0x60, 0xf,
    0xf8,

    /* U+005E "^" */
    0x0, 0xec, 0xff, 0x20, 0x7, 0xf1, 0x98, 0x1,
    0xe0, 0x1f, 0xd4, 0x1, 0x21, 0x0, 0x7e, 0x60,
    0xd, 0x40, 0x1f, 0x30, 0x1, 0xc0, 0xc, 0x1,
    0xf5, 0x80, 0x29, 0x40, 0x54, 0x3, 0x90, 0x80,
    0xcb, 0x80, 0x12, 0x1, 0xdc, 0x0, 0xa0, 0x42,
    0x3, 0x30, 0x4, 0x2a, 0x0, 0x60, 0x5, 0x0,
    0x28, 0x2, 0x90, 0x3, 0x0, 0x4c, 0x0, 0x61,
    0x0, 0x30, 0x2, 0x80, 0x21, 0x50, 0x3, 0x2,
    0x88, 0x19, 0x80, 0x37, 0x0, 0x28, 0x0,

    /* U+005F "_" */
    0x9e, 0xef, 0xfe, 0xc, 0x98, 0x8f, 0xff, 0x4,
    0xc0, 0x3f, 0xf8, 0x60,

    /* U+0060 "`" */
    0x13, 0x38, 0x80, 0x37, 0x66, 0x34, 0x80, 0x3,
    0x84, 0x0, 0xe0, 0x8, 0x70, 0x80, 0xdc, 0x2,
    0x1f, 0x10, 0x82,

    /* U+0061 "a" */
    0x0, 0x8e, 0x77, 0xfe, 0xc8, 0x20, 0xf, 0x4e,
    0x31, 0x0, 0x46, 0xfa, 0xe0, 0x1a, 0x98, 0x2,
    0x12, 0x0, 0xd0, 0xc0, 0x3, 0x50, 0x1, 0x6f,
    0x6f, 0xc8, 0x5, 0x0, 0xb, 0x0, 0xa4, 0x80,
    0x26, 0x60, 0x0, 0x50, 0x23, 0xfe, 0x40, 0xe,
    0xc0, 0x8, 0x80, 0x3c, 0x48, 0xab, 0x68, 0x7,
    0xc5, 0x5d, 0xb7, 0x55, 0x38, 0x7, 0x9b, 0x54,
    0x40, 0x3f, 0xe3, 0x90, 0x0, 0xce, 0xff, 0xd4,
    0x1, 0xd0, 0x1, 0x63, 0x10, 0x7, 0xf2, 0x80,
    0x8, 0x80, 0x1f, 0xfc, 0x23, 0x0, 0xf7, 0x0,
    0x72, 0x80, 0x6, 0x88, 0x0, 0x98, 0x80, 0x1d,
    0x0, 0x12, 0xef, 0xfa, 0xcc, 0x3, 0x8, 0x1c,
    0x80, 0x7e, 0x70, 0xb, 0x40, 0xd, 0xac, 0x40,
    0x2, 0x7e, 0x81, 0x0, 0x20, 0x0,

    /* U+0062 "b" */
    0x8f, 0xf8, 0xc0, 0x3f, 0xff, 0xe0, 0x1f, 0xfc,
    0x93, 0xae, 0xff, 0x5a, 0x80, 0x7e, 0xbc, 0x51,
    0x0, 0x25, 0x58, 0x7, 0xce, 0x1, 0xf2, 0x50,
    0x7, 0xcb, 0x9d, 0xb0, 0x1, 0x2a, 0x0, 0x73,
    0x51, 0x89, 0x3c, 0x80, 0x5c, 0x1, 0xd4, 0x1,
    0xcc, 0x20, 0x5, 0x0, 0xff, 0xe0, 0x20, 0x4,
    0x40, 0x1f, 0xf6, 0x80, 0x4c, 0x1, 0xff, 0xd3,
    0x70, 0xf, 0xfb, 0x40, 0x21, 0x0, 0xff, 0x90,
    0x2, 0x20, 0xd, 0x20, 0x1c, 0xc2, 0x0, 0x50,
    0xe, 0x5a, 0x30, 0x17, 0x90, 0xb, 0x80, 0x3c,
    0xb9, 0xfd, 0x0, 0x12, 0xa0, 0x7, 0x40, 0x7,
    0xc9, 0x40, 0x1c, 0x2f, 0x8a, 0x20, 0x4, 0xab,
    0x0, 0x80,

    /* U+0063 "c" */
    0x0, 0xcb, 0x7d, 0xfe, 0xd9, 0x30, 0xe, 0x2d,
    0xa4, 0x10, 0x1, 0x36, 0x48, 0x4, 0x58, 0x40,
    0x1f, 0x9a, 0x40, 0x1c, 0x20, 0x4, 0xcf, 0xe9,
    0x10, 0x3, 0x1a, 0x18, 0x1, 0x2c, 0xc0, 0x5b,
    0x40, 0x29, 0xe0, 0xa, 0x40, 0x38, 0xd0, 0x0,
    0xee, 0x0, 0x9, 0x0, 0x7a, 0x73, 0x1e, 0x40,
    0x2, 0x0, 0xf8, 0x8c, 0xc4, 0x1, 0x38, 0x7,
    0xff, 0x9, 0xc0, 0x3f, 0xe2, 0x0, 0x10, 0x7,
    0xfc, 0xe0, 0x1, 0x20, 0xf, 0x46, 0x62, 0xb8,
    0x2, 0x90, 0xe, 0x17, 0x33, 0xa, 0x18, 0x1,
    0x28, 0x80, 0xb, 0xe0, 0x17, 0x87, 0x8, 0x1,
    0x77, 0xfd, 0x42, 0x0, 0x64, 0x2, 0xc2, 0x0,
    0xfd, 0x12, 0x1, 0x16, 0xd2, 0x8, 0x0, 0x9f,
    0x5c, 0x0,

    /* U+0064 "d" */
    0x0, 0xff, 0xe0, 0x7f, 0xd6, 0x1, 0xff, 0xff,
    0x0, 0xfe, 0x3a, 0xef, 0xeb, 0x40, 0xf, 0xcf,
    0x8a, 0x20, 0x29, 0x72, 0x1, 0xe6, 0x80, 0xf,
    0x98, 0x3, 0x86, 0x40, 0x25, 0xce, 0xd7, 0x0,
    0xf3, 0x0, 0x4b, 0x46, 0x25, 0x12, 0x1, 0xd6,
    0x1, 0x40, 0x7, 0x30, 0x7, 0x18, 0x0, 0x88,
    0x1, 0xff, 0xc2, 0x60, 0xf, 0xf8, 0x40, 0x21,
    0x0, 0xff, 0x84, 0x2, 0x10, 0xf, 0xfe, 0x1b,
    0x0, 0x7f, 0xf0, 0x10, 0x0, 0x44, 0x0, 0xff,
    0xb4, 0x2, 0x80, 0xe, 0x60, 0xe, 0x61, 0x0,
    0x2d, 0x10, 0x14, 0x48, 0x7, 0xac, 0x2, 0x5d,
    0xfd, 0x70, 0xf, 0x96, 0x0, 0x3e, 0x52, 0x0,
    0xf3, 0xe2, 0x88, 0x1, 0x2a, 0x82, 0x1, 0x0,

    /* U+0065 "e" */
    0x0, 0xe4, 0xae, 0xff, 0x6c, 0x98, 0x7, 0xc3,
    0x76, 0x51, 0x0, 0x13, 0x64, 0x0, 0x70, 0xe2,
    0x0, 0x7e, 0x79, 0x0, 0xd4, 0x40, 0x3, 0xbf,
    0xf5, 0x8, 0x1, 0x90, 0x0, 0x88, 0x0, 0x1e,
    0x20, 0x1, 0x70, 0x2, 0xf0, 0x7, 0x0, 0x5e,
    0x1, 0xc4, 0xc0, 0x4, 0x10, 0x40, 0x0, 0x98,
    0x7, 0xb0, 0x2, 0x50, 0x10, 0x0, 0xff, 0xfd,
    0x40, 0x10, 0x88, 0x3, 0xff, 0x86, 0x60, 0x1c,
    0x23, 0xff, 0x18, 0x80, 0x45, 0xdd, 0xff, 0x28,
    0x20, 0x0, 0x88, 0x1, 0xff, 0xc0, 0xe0, 0xb,
    0xc4, 0x3, 0xcb, 0x0, 0x12, 0x98, 0x0, 0xbd,
    0x84, 0x0, 0x95, 0x47, 0xa0, 0xb, 0x48, 0x0,
    0x33, 0xdf, 0xeb, 0x50, 0x1, 0x80, 0x43, 0x8a,
    0x1, 0xfd, 0x32, 0x0, 0xc3, 0x58, 0xc4, 0x0,
    0x13, 0x8e, 0x60, 0x0,

    /* U+0066 "f" */
    0x0, 0xff, 0xe5, 0x8c, 0x67, 0xfd, 0xd9, 0x0,
    0x1e, 0x5e, 0x73, 0x0, 0x84, 0xd0, 0x3, 0x92,
    0x80, 0x3f, 0x30, 0x7, 0x48, 0x4, 0x99, 0xff,
    0x6c, 0x0, 0x62, 0x20, 0x0, 0xec, 0xc0, 0x22,
    0x20, 0x6, 0x60, 0xa, 0xc0, 0x3f, 0xe1, 0x0,
    0x84, 0x3, 0xed, 0xff, 0xa8, 0x2, 0x9f, 0xfe,
    0xb0, 0xf, 0xfe, 0x2b, 0x99, 0xc4, 0x1, 0x11,
    0x9f, 0x82, 0xb3, 0x28, 0x0, 0xaf, 0x33, 0xa0,
    0x3, 0xff, 0xfe, 0x1, 0xff, 0xff, 0x0, 0xff,
    0xf7, 0x80,

    /* U+0067 "g" */
    0x0, 0xc5, 0x3d, 0xfe, 0xc7, 0x9, 0xff, 0x68,
    0x4, 0xda, 0xc2, 0x0, 0x38, 0xc5, 0x0, 0xe5,
    0x90, 0xf, 0x8c, 0xc0, 0x1d, 0x60, 0x12, 0x67,
    0x6c, 0x80, 0x79, 0x84, 0x0, 0x96, 0x62, 0x4d,
    0x80, 0x1d, 0xa0, 0x14, 0x0, 0x71, 0x88, 0x6,
    0x50, 0x0, 0x98, 0x7, 0xfc, 0x20, 0x5, 0x0,
    0xff, 0xf0, 0x8, 0x1, 0x40, 0x3f, 0xf8, 0xa,
    0x0, 0x12, 0x0, 0xff, 0xb4, 0x2, 0x90, 0xe,
    0x31, 0x0, 0xcc, 0x20, 0x4, 0xb3, 0x12, 0x7c,
    0x0, 0xf5, 0x80, 0x49, 0x9d, 0xb0, 0x1, 0xf2,
    0xc8, 0x7, 0xc8, 0x20, 0x1e, 0x6d, 0x61, 0x0,
    0x1d, 0x58, 0x4, 0x20, 0x18, 0xa7, 0xbf, 0xd8,
    0xa2, 0x20, 0x3, 0x80, 0x50, 0x40, 0x1e, 0x90,
    0xb, 0x0, 0xe, 0xed, 0x72, 0x0, 0x14, 0xb8,
    0x4, 0xc0, 0xa, 0x0, 0x46, 0xff, 0xb5, 0x80,
    0x2a, 0x10, 0x6, 0x28, 0x7, 0xe1, 0xa5, 0x0,
    0x86, 0xb1, 0x88, 0x0, 0x29, 0x1e, 0xa0, 0x0,

    /* U+0068 "h" */
    0x9f, 0xf8, 0x80, 0x3f, 0xff, 0xe0, 0x1f, 0xfc,
    0xa6, 0xcf, 0xf7, 0x49, 0x0, 0x7c, 0x37, 0x26,
    0x0, 0x16, 0xd5, 0x0, 0xf7, 0x20, 0x7, 0xd4,
    0x40, 0x1c, 0x4b, 0x9d, 0xca, 0x10, 0xa, 0x80,
    0x39, 0xe8, 0xc4, 0x4b, 0x80, 0x12, 0x80, 0x75,
    0x0, 0x71, 0x18, 0x0, 0x80, 0x3f, 0xf8, 0xc,
    0x1, 0xff, 0xc7, 0x10, 0xf, 0xff, 0xf8, 0x7,
    0xff, 0xe4,

    /* U+0069 "i" */
    0x0, 0xe3, 0xdf, 0xa0, 0xf, 0xfb, 0xc8, 0x15,
    0x0, 0x3f, 0xf8, 0x4c, 0x1, 0xfe, 0xf4, 0x5d,
    0x20, 0xf, 0xf1, 0xdd, 0x10, 0x7, 0xaf, 0xff,
    0xf2, 0x0, 0x7f, 0xf5, 0xef, 0xbb, 0x38, 0x7,
    0xf8, 0x47, 0x0, 0x7f, 0xff, 0xc0, 0x3f, 0xff,
    0x57, 0xff, 0x9c, 0x2, 0xbf, 0xfc, 0x60, 0x1f,
    0xfd, 0x20,

    /* U+006A "j" */
    0x0, 0xf1, 0x6f, 0xe0, 0x80, 0x7a, 0x8, 0xe,
    0x40, 0x3f, 0xf8, 0xb2, 0x40, 0x72, 0x1, 0xe3,
    0xdf, 0xc1, 0x4, 0xff, 0xfc, 0xa0, 0x1f, 0xfc,
    0xb4, 0xee, 0xd0, 0x1, 0xe1, 0x1e, 0x0, 0xff,
    0xff, 0x80, 0x7f, 0xfd, 0xc4, 0x2, 0x10, 0xf,
    0x50, 0x4, 0xc0, 0x23, 0x1d, 0x90, 0x0, 0x88,
    0xdd, 0xd6, 0x20, 0x5, 0x21, 0xc0, 0x1f, 0x4a,
    0x7, 0x88, 0x4, 0x6f, 0xac, 0x0,

    /* U+006B "k" */
    0x8f, 0xf8, 0xc0, 0x3f, 0xff, 0xe0, 0x1f, 0xfd,
    0x4a, 0xff, 0xb0, 0x3, 0xfe, 0x95, 0x0, 0x16,
    0x80, 0x7f, 0xa5, 0x80, 0x5, 0x82, 0x1, 0xfd,
    0xc, 0x0, 0x1f, 0x10, 0xf, 0xe7, 0x70, 0x5,
    0xa4, 0x1, 0xfc, 0xd0, 0x1, 0x61, 0x80, 0x7f,
    0x5c, 0x80, 0x56, 0x60, 0x1f, 0xe7, 0x0, 0x85,
    0x40, 0x3f, 0xf8, 0x63, 0xa0, 0x1f, 0xfc, 0x11,
    0x0, 0x1c, 0x0, 0x7f, 0xd5, 0x80, 0x13, 0xa8,
    0x7, 0xf5, 0x29, 0x48, 0x5, 0x64, 0x1, 0xf9,
    0x80, 0xc, 0xa0, 0x1, 0xe0, 0xf, 0xfe, 0x5,
    0x88, 0x0, 0xe4, 0x3, 0xfe, 0x1d, 0x0, 0x99,
    0x40, 0x3f, 0xe3, 0x80, 0xa, 0x88, 0x3, 0xfe,
    0x74, 0x0, 0xbc, 0x0,

    /* U+006C "l" */
    0xdf, 0xff, 0xc8, 0x1, 0xff, 0xd7, 0xde, 0xec,
    0xe0, 0x1f, 0xe1, 0x1c, 0x1, 0xff, 0xff, 0x0,
    0xff, 0xff, 0x80, 0x7f, 0xff, 0xc0, 0x3f, 0xdb,
    0xff, 0x9c, 0x2, 0xbf, 0xfc, 0xc0, 0x1f, 0xfd,
    0x20,

    /* U+006D "m" */
    0xbf, 0xf4, 0x95, 0xff, 0xb0, 0x89, 0x7f, 0xeb,
    0x30, 0xc, 0xba, 0x80, 0x3, 0xcc, 0x20, 0x1,
    0x30, 0x40, 0x23, 0x3, 0x0, 0x84, 0x44, 0x20,
    0x14, 0x80, 0x43, 0xd9, 0x40, 0x13, 0xef, 0x10,
    0x0, 0xc0, 0x25, 0x10, 0x70, 0xb, 0x0, 0x8,
    0x0, 0x60, 0xf, 0xff, 0xf8, 0x7, 0xff, 0xfc,
    0x3, 0xff, 0xd4,

    /* U+006E "n" */
    0x9f, 0xf6, 0x80, 0x1b, 0x3f, 0xdd, 0x46, 0x1,
    0xe3, 0x1c, 0x93, 0x0, 0xa, 0xe2, 0x80, 0x70,
    0xe9, 0x80, 0x7d, 0x44, 0x1, 0xc6, 0x99, 0xdc,
    0xa2, 0x0, 0xa8, 0x3, 0x9a, 0xcc, 0x44, 0xbe,
    0x1, 0x28, 0x7, 0x58, 0x7, 0x11, 0x0, 0x4,
    0x1, 0xff, 0xc0, 0x60, 0xf, 0xff, 0xf8, 0x7,
    0xff, 0xfc, 0x3, 0xff, 0x84,

    /* U+006F "o" */
    0x0, 0xe7, 0xce, 0xff, 0x64, 0x8, 0x7, 0xc9,
    0xd0, 0x62, 0x0, 0x37, 0xe6, 0x0, 0xe4, 0xb1,
    0x0, 0xfd, 0x2e, 0x1, 0xd, 0x0, 0x4d, 0xbf,
    0xce, 0x1, 0x41, 0x0, 0x24, 0x40, 0xd, 0x24,
    0x3, 0x12, 0x1, 0x48, 0x1, 0x40, 0x29, 0x0,
    0xe6, 0x20, 0x2, 0x8, 0x88, 0x0, 0xa0, 0x1f,
    0x28, 0x4, 0xa4, 0x1, 0x10, 0x7, 0xda, 0x1,
    0x13, 0x80, 0x5e, 0x1, 0xf0, 0x80, 0x67, 0x0,
    0xbc, 0x3, 0xe1, 0x0, 0xc4, 0x1, 0x10, 0x7,
    0xda, 0x1, 0x10, 0x88, 0x0, 0xa0, 0x1f, 0x20,
    0x4, 0xa0, 0xc0, 0x14, 0x0, 0x72, 0x98, 0x1,
    0x4, 0x24, 0x40, 0xf, 0x24, 0x2, 0xf4, 0x1,
    0x40, 0x0, 0x68, 0x2, 0x6d, 0xfe, 0x80, 0xa,
    0xc, 0x2, 0x4b, 0x10, 0xf, 0xd2, 0xe0, 0x1c,
    0x9d, 0x6, 0x20, 0x3, 0x7e, 0x60, 0x8,

    /* U+0070 "p" */
    0x8f, 0xf7, 0x2, 0x57, 0x7f, 0x5a, 0x80, 0x7c,
    0x31, 0x6a, 0x20, 0x29, 0x56, 0x1, 0xf3, 0x80,
    0x7c, 0x94, 0x1, 0xf3, 0x6f, 0xeb, 0x0, 0x4a,
    0x60, 0x1d, 0x12, 0x40, 0x52, 0xe0, 0x14, 0x80,
    0x72, 0x0, 0x74, 0x0, 0x48, 0x1, 0xff, 0xc0,
    0x40, 0x0, 0x88, 0x3, 0xfe, 0x20, 0x8, 0x80,
    0x3f, 0xe1, 0x0, 0xff, 0xe1, 0x88, 0x7, 0xff,
    0xc, 0x80, 0x22, 0x0, 0xff, 0x90, 0x0, 0x22,
    0x0, 0xc8, 0x1, 0xd0, 0x1, 0x38, 0x7, 0x44,
    0x4, 0x6, 0x1c, 0x2, 0xa0, 0xf, 0x3f, 0x7f,
    0x38, 0x4, 0xc6, 0x1, 0xca, 0x1, 0xf2, 0xc8,
    0x7, 0xa7, 0x14, 0x40, 0x52, 0xa8, 0x1, 0xf8,
    0xeb, 0xbf, 0xad, 0x40, 0x3f, 0xff, 0xe0, 0x1f,
    0xc0,

    /* U+0071 "q" */
    0x0, 0xc7, 0x5d, 0xfe, 0xc6, 0xb, 0xff, 0x58,
    0x5, 0x18, 0xa2, 0x0, 0x39, 0xb6, 0x0, 0xe6,
    0x70, 0xf, 0x90, 0x80, 0x30, 0xc8, 0x4, 0xbb,
    0xfd, 0x20, 0x1e, 0x60, 0x9, 0x28, 0x80, 0x5a,
    0xc0, 0x3b, 0x0, 0x29, 0x0, 0xe4, 0x0, 0xe5,
    0x0, 0x11, 0x0, 0x3f, 0xe1, 0x0, 0x30, 0x7,
    0xfc, 0x20, 0x10, 0x80, 0x7f, 0xc2, 0x1, 0x8,
    0x7, 0xff, 0x0, 0x40, 0xc, 0x1, 0xff, 0xc0,
    0x50, 0x1, 0x10, 0x3, 0xfe, 0xd0, 0xa, 0x0,
    0x39, 0x0, 0x39, 0x84, 0x0, 0xb4, 0x40, 0x2d,
    0x60, 0x1e, 0xb0, 0x9, 0x77, 0xfa, 0x40, 0x3e,
    0x58, 0x0, 0xf9, 0x40, 0x3e, 0x7c, 0x51, 0x0,
    0x25, 0x50, 0x3, 0xf1, 0xd7, 0x7f, 0xad, 0x40,
    0x3f, 0xff, 0xe0, 0x1f, 0xe0,

    /* U+0072 "r" */
    0x3f, 0xf9, 0x0, 0xf, 0x9f, 0xf7, 0x10, 0x6,
    0x13, 0xe8, 0x30, 0x8, 0x48, 0x3, 0x7e, 0x8,
    0x7, 0x8, 0x7, 0x28, 0x0, 0x51, 0x22, 0x50,
    0xf, 0xd, 0x75, 0xdd, 0xb6, 0x1, 0xed, 0x50,
    0xf, 0xf9, 0x8c, 0x3, 0xff, 0x80, 0x20, 0x1f,
    0xff, 0xf0, 0xf, 0xff, 0x80,

    /* U+0073 "s" */
    0x0, 0x85, 0xf3, 0xbf, 0xdd, 0x4a, 0x1, 0xe5,
    0xe8, 0x31, 0x0, 0xa, 0xd6, 0x98, 0x4, 0xb4,
    0x1, 0x9, 0x90, 0x4, 0x58, 0x40, 0xb, 0x0,
    0xaf, 0xb3, 0x79, 0x40, 0x28, 0x2, 0x10, 0x3,
    0xa0, 0x4, 0x34, 0x20, 0x5, 0x0, 0xe2, 0x0,
    0xf6, 0x66, 0x2, 0x20, 0x1, 0x69, 0x0, 0x31,
    0x19, 0xc0, 0xf, 0x10, 0x2, 0xdf, 0xed, 0x30,
    0x80, 0x71, 0x7b, 0x0, 0x62, 0x59, 0xea, 0x10,
    0xc, 0x33, 0xd2, 0xa4, 0x1, 0x97, 0xc8, 0x3,
    0x85, 0xab, 0x7a, 0x8c, 0x0, 0x3c, 0xa, 0xef,
    0x0, 0x61, 0x5c, 0x30, 0x1, 0x8e, 0x44, 0x44,
    0x1, 0xe5, 0x0, 0xd4, 0x1, 0x79, 0x80, 0x65,
    0x60, 0x1, 0x9, 0xb0, 0x0, 0xb3, 0xb3, 0x1f,
    0x40, 0x14, 0x80, 0x26, 0x0, 0x21, 0x33, 0x0,
    0x43, 0x48, 0x1, 0x3f, 0x41, 0x88, 0x0, 0x52,
    0x79, 0x40, 0x0,

    /* U+0074 "t" */
    0x0, 0xdb, 0xfe, 0xe0, 0xf, 0xff, 0x47, 0x7f,
    0xc4, 0x0, 0x1f, 0xff, 0x20, 0x7, 0xff, 0xd,
    0x4c, 0xe0, 0xc, 0x67, 0xe7, 0xbc, 0xc8, 0x80,
    0x3, 0x99, 0xe3, 0x0, 0xff, 0xff, 0x80, 0x7f,
    0xf5, 0x84, 0x0, 0x20, 0x1f, 0xf3, 0x80, 0x48,
    0x1, 0xfe, 0xc0, 0xa, 0x94, 0x44, 0x6a, 0x80,
    0x19, 0x84, 0x0, 0x35, 0xdc, 0xca, 0xf0, 0xc,
    0x34, 0x1, 0xf9, 0x40, 0x39, 0x35, 0x88, 0x0,
    0x26, 0xda,

    /* U+0075 "u" */
    0x7f, 0xf9, 0x0, 0x3d, 0xbf, 0xee, 0x0, 0xff,
    0xff, 0x80, 0x7f, 0xff, 0xc8, 0x2, 0x20, 0xf,
    0xf3, 0x80, 0x58, 0x1, 0xc8, 0x40, 0x11, 0x8,
    0x1, 0x60, 0x84, 0xa2, 0xc0, 0x3a, 0x0, 0x27,
    0xde, 0xd7, 0x2, 0x0, 0xcc, 0xa0, 0x1f, 0x53,
    0x80, 0x75, 0x51, 0x0, 0x2, 0xda, 0xa4, 0x1,
    0x0,

    /* U+0076 "v" */
    0x8f, 0xf9, 0x40, 0x3e, 0x2f, 0xfa, 0xa8, 0x1,
    0x78, 0x7, 0xd4, 0x1, 0x71, 0x20, 0x1, 0x40,
    0x3e, 0x50, 0x0, 0xa0, 0x70, 0x4, 0xa0, 0x1c,
    0x44, 0x0, 0x30, 0x1, 0x44, 0x1, 0xc0, 0x1d,
    0x40, 0x15, 0x0, 0x4c, 0x0, 0x41, 0x0, 0xca,
    0x0, 0x42, 0x0, 0xa8, 0x2, 0x70, 0x8, 0x88,
    0x0, 0xe0, 0xc, 0x46, 0x0, 0xd0, 0xa, 0x80,
    0x2, 0xa0, 0x1d, 0x40, 0x4, 0x10, 0x2, 0x80,
    0x1c, 0x3, 0xcc, 0x1, 0x38, 0x11, 0x0, 0x16,
    0x1, 0xf3, 0x0, 0x34, 0x28, 0x0, 0x64, 0x1,
    0xf5, 0x0, 0x10, 0x54, 0x1, 0x40, 0x1f, 0x8c,
    0xc0, 0x9, 0x20, 0x3, 0x0, 0x7f, 0x50, 0x1,
    0xc0, 0xc, 0x1, 0xfe, 0x70, 0xe, 0xa0, 0xf,
    0xf0, 0xa8, 0x4, 0x46, 0x1, 0xff, 0x48, 0x5,
    0x40, 0x1e,

    /* U+0077 "w" */
    0x5f, 0xf8, 0x3, 0x67, 0xe8, 0x6, 0xef, 0xf3,
    0x38, 0x4, 0x40, 0x11, 0x81, 0x8, 0x0, 0x44,
    0x0, 0x52, 0x0, 0x9c, 0x0, 0x60, 0x12, 0x80,
    0x8, 0x2, 0x30, 0x30, 0x1, 0x0, 0x14, 0x2,
    0xc0, 0x3, 0x0, 0x8, 0x0, 0xa0, 0xe, 0x0,
    0x60, 0x4, 0x60, 0xd, 0x0, 0x38, 0x3, 0xc0,
    0xa, 0x0, 0x70, 0x10, 0x50, 0x1, 0x0, 0x34,
    0x0, 0xa0, 0x2, 0x1, 0x20, 0x60, 0x12, 0x7,
    0x0, 0x18, 0x0, 0xc0, 0x2, 0x25, 0x0, 0x50,
    0x1, 0xc0, 0x80, 0xa, 0x1, 0x18, 0x0, 0x8c,
    0x4, 0x88, 0x18, 0x20, 0x1, 0x10, 0x4, 0xa0,
    0x6, 0xc0, 0x40, 0x40, 0x52, 0x0, 0x28, 0x6,
    0xf0, 0x6, 0xa8, 0x68, 0x78, 0x1a, 0x80, 0xc,
    0x3, 0x28, 0x0, 0xc4, 0x10, 0x10, 0x1, 0xa0,
    0xd, 0x0, 0xc6, 0x0, 0x40, 0x1, 0x81, 0x8,
    0x20, 0x1, 0xc0, 0x38, 0x80, 0x23, 0x0, 0x94,
    0x2, 0x12, 0x0, 0xe7, 0x0, 0x90, 0x2, 0xc0,
    0x9, 0x40, 0x3d, 0xa0, 0x16, 0x80, 0x48, 0x1,
    0x18, 0x7, 0x8c, 0x2, 0x40, 0x8, 0xc0, 0x2d,
    0x0, 0x80,

    /* U+0078 "x" */
    0xd, 0xff, 0x8c, 0x3, 0xcf, 0xff, 0x50, 0x3,
    0x80, 0x2e, 0x0, 0xe3, 0x80, 0x0, 0xd8, 0x0,
    0xdc, 0x0, 0x54, 0x1, 0xb8, 0x2, 0xa1, 0x0,
    0xa0, 0xc0, 0xa, 0xa0, 0x5, 0x10, 0x1, 0xd0,
    0x3, 0xb8, 0x2, 0xb1, 0x55, 0x0, 0xa, 0x0,
    0x3c, 0x52, 0x0, 0x1d, 0xa0, 0xb, 0xc0, 0x3f,
    0x32, 0x80, 0xc, 0x2, 0x92, 0x0, 0xfe, 0xb1,
    0x0, 0xc8, 0xc0, 0x1f, 0xe1, 0x60, 0xd, 0xe0,
    0x1f, 0xf1, 0x38, 0x6, 0x90, 0xf, 0xfb, 0xc0,
    0x38, 0xa4, 0x3, 0xfa, 0x48, 0x0, 0xc6, 0x0,
    0x65, 0x0, 0xf9, 0x18, 0x0, 0x53, 0xc0, 0x15,
    0x88, 0x7, 0xd, 0x0, 0x5e, 0x5, 0x20, 0x1,
    0xa0, 0xe, 0xa1, 0x0, 0x41, 0x0, 0x19, 0x40,
    0x8, 0xe0, 0x13, 0x20, 0x1, 0x1c, 0x3, 0x58,
    0x80, 0x20, 0x80, 0xa4, 0x0, 0x34, 0x1, 0xc3,
    0x40, 0x17, 0x80,

    /* U+0079 "y" */
    0xd, 0xff, 0x8c, 0x3, 0xf4, 0xff, 0xd0, 0x16,
    0x1, 0x48, 0x7, 0xe6, 0x0, 0xa4, 0x18, 0x40,
    0xa, 0x20, 0x1e, 0x60, 0x9, 0x84, 0x1, 0x20,
    0x14, 0x80, 0x7a, 0xc0, 0x2b, 0x0, 0x9c, 0x2,
    0x60, 0xe, 0x32, 0x0, 0x21, 0x0, 0x67, 0x0,
    0xa, 0x80, 0x69, 0x0, 0xa0, 0x3, 0xa4, 0x2,
    0x90, 0x8, 0x54, 0x0, 0x66, 0x0, 0xe1, 0x60,
    0x1, 0x98, 0x0, 0xc0, 0x14, 0x80, 0x7d, 0x60,
    0x15, 0x0, 0x28, 0x0, 0x4a, 0x1, 0xf1, 0x20,
    0x1, 0x85, 0x8, 0x1, 0x60, 0x1f, 0xd0, 0x1,
    0x3f, 0x0, 0x5, 0x80, 0x3f, 0x8c, 0xc0, 0xa,
    0x50, 0x3, 0x0, 0x7f, 0xd0, 0x0, 0x30, 0xa,
    0x40, 0x3f, 0xe4, 0x20, 0xc, 0xc2, 0x1, 0xff,
    0xc0, 0xb0, 0xd, 0x60, 0x1f, 0xfc, 0x16, 0x0,
    0x90, 0x80, 0x3f, 0xf8, 0x2a, 0x1, 0x40, 0x7,
    0xff, 0xa, 0xc0, 0x6, 0x60, 0xf, 0xfe, 0xc,
    0x8, 0x2, 0x40, 0x3f, 0xe1, 0x28, 0x70, 0x1,
    0x28, 0x7, 0xfd, 0xda, 0xe0, 0x17, 0x0, 0x7f,
    0xc6, 0x1, 0xd4, 0x60, 0x1f, 0xf3, 0x88, 0xa,
    0xea, 0x80, 0x7f, 0x80,

    /* U+007A "z" */
    0xbf, 0xff, 0xfe, 0x10, 0x7, 0xff, 0x4c, 0xc2,
    0xff, 0xff, 0x30, 0x4, 0x3a, 0x1, 0xfc, 0xcc,
    0x0, 0xb0, 0x40, 0x3f, 0x24, 0x80, 0x56, 0x40,
    0x1f, 0x8a, 0xc0, 0x29, 0x40, 0xf, 0xc3, 0xe0,
    0x13, 0x30, 0x3, 0xfb, 0x48, 0x0, 0x92, 0x1,
    0xfd, 0x26, 0x0, 0x2a, 0x0, 0xfe, 0x76, 0x0,
    0xf, 0x88, 0x7, 0xe4, 0x80, 0xb, 0x48, 0x3,
    0xf1, 0x58, 0x5, 0x26, 0x1, 0xf8, 0x70, 0x2,
    0x76, 0x0, 0xfe, 0xa1, 0x0, 0x9f, 0xff, 0xf9,
    0x94, 0x3, 0xff, 0xa6,

    /* U+007B "{" */
    0x0, 0xff, 0x8, 0x7, 0xe1, 0xaf, 0xe1, 0x0,
    0xf1, 0x7a, 0x80, 0x14, 0x3, 0xde, 0x20, 0x9a,
    0x80, 0x1c, 0xa4, 0x3, 0x64, 0x1, 0xef, 0x0,
    0x20, 0x7, 0xe4, 0x0, 0x18, 0x7, 0xe1, 0x0,
    0x8, 0x7, 0xff, 0x7c, 0x40, 0x2e, 0x0, 0xf9,
    0xc0, 0x24, 0x0, 0xf2, 0x48, 0x1, 0x48, 0x3,
    0x67, 0x58, 0x1, 0x28, 0x3, 0x9, 0x88, 0x2,
    0x6c, 0x3, 0xfd, 0x2c, 0x1, 0xc3, 0xf8, 0xc0,
    0x9, 0x60, 0xf, 0x1c, 0xb0, 0x2, 0x0, 0x3f,
    0x58, 0x0, 0x54, 0x3, 0xe2, 0x0, 0x88, 0x3,
    0xfe, 0xf0, 0xf, 0xff, 0x1, 0x80, 0x8, 0x3,
    0xf2, 0x0, 0x1c, 0x3, 0xf5, 0x0, 0x9, 0x0,
    0x3e, 0x26, 0x0, 0x52, 0x80, 0x7d, 0x28, 0x3,
    0x46, 0x1, 0xf5, 0xc9, 0x1, 0x80,

    /* U+007C "|" */
    0xaf, 0xe0, 0xf, 0xff, 0xf8, 0x7, 0x80,

    /* U+007D "}" */
    0x1, 0x0, 0xfe, 0x8e, 0xd6, 0x0, 0xf9, 0x0,
    0xa6, 0x40, 0x1e, 0xca, 0x0, 0x32, 0x80, 0x79,
    0x60, 0x1, 0x0, 0x1f, 0x28, 0x0, 0x8c, 0x3,
    0xc4, 0x1, 0x28, 0x7, 0xf8, 0x40, 0x3f, 0xde,
    0x1, 0xff, 0xd1, 0x10, 0x0, 0x80, 0x7c, 0x80,
    0x7, 0x0, 0xfa, 0x0, 0x3, 0x42, 0x1, 0xc5,
    0x40, 0x5, 0xed, 0x70, 0xc, 0xba, 0x40, 0x2,
    0xe0, 0xc, 0x3c, 0x40, 0x1f, 0xb0, 0xc0, 0x6b,
    0xa4, 0x2, 0x72, 0x0, 0x62, 0x88, 0x6, 0xb0,
    0x2, 0x10, 0x7, 0x8c, 0x0, 0x60, 0x1f, 0xfd,
    0xff, 0x0, 0xf1, 0x0, 0x46, 0x1, 0xe7, 0x0,
    0x94, 0x3, 0xd2, 0x0, 0x51, 0x0, 0xc5, 0x46,
    0x0, 0x80, 0xe, 0x95, 0x0, 0x59, 0x0, 0x71,
    0x8a, 0xea, 0x0, 0x78,

    /* U+007E "~" */
    0x0, 0xc, 0xf7, 0xec, 0x8, 0x7, 0x84, 0x80,
    0x21, 0xc6, 0x10, 0x27, 0xf4, 0x0, 0xe8, 0xdf,
    0x10, 0xb2, 0x0, 0xe1, 0xb6, 0x0, 0xce, 0x0,
    0x11, 0x28, 0x2, 0x76, 0x88, 0x1, 0x34, 0x65,
    0x62, 0x8, 0x8, 0x0, 0x86, 0x25, 0xd5, 0x0,
    0x2e, 0x6a, 0x0, 0x3c, 0xc, 0x0, 0xa0, 0x1a,
    0x9c, 0x3, 0xcc, 0x80, 0xdf, 0xc4, 0x1, 0xd1,
    0x8a, 0x20, 0x53, 0x20, 0x0,

    /* U+00A0 " " */

    /* U+00A1 "¡" */
    0x9, 0xfe, 0x50, 0x46, 0x1, 0xa0, 0xf, 0x90,
    0xc0, 0xe, 0x0, 0xcd, 0xe8, 0x0, 0x88, 0x40,
    0x3f, 0xf8, 0x7d, 0xfe, 0x90, 0x0, 0x80, 0x7f,
    0xf0, 0x8c, 0x3, 0xff, 0xba, 0x20, 0x1f, 0xfc,
    0x11, 0x0, 0xf1, 0x16, 0x0,

    /* U+00A2 "¢" */
    0x0, 0xf4, 0xff, 0x9c, 0x3, 0xff, 0xbe, 0x8a,
    0x0, 0xc5, 0x0, 0xfc, 0xbd, 0x66, 0x0, 0x4a,
    0xe6, 0x0, 0xe7, 0xa1, 0x0, 0xf0, 0xcc, 0x0,
    0x49, 0x0, 0x13, 0x55, 0x18, 0x2, 0x74, 0x0,
    0x48, 0x5, 0x72, 0xaa, 0x9b, 0x0, 0xa0, 0x10,
    0x80, 0xc, 0x80, 0x19, 0x18, 0x0, 0x61, 0x80,
    0x15, 0x0, 0x7b, 0x59, 0xa0, 0x20, 0x8, 0x80,
    0x3c, 0x93, 0x30, 0x8, 0x4, 0x20, 0x1f, 0xfc,
    0xf1, 0x0, 0x84, 0x3, 0xfe, 0xd0, 0x9, 0x40,
    0x3c, 0x28, 0x90, 0x20, 0x5, 0xc0, 0x1e, 0x9b,
    0xb8, 0xc, 0xc0, 0x5, 0x50, 0x6, 0x37, 0x0,
    0x18, 0x3, 0xc0, 0x2a, 0xb7, 0x75, 0xe0, 0x5,
    0xe0, 0x3, 0xa0, 0x9, 0x22, 0x8, 0x1, 0x49,
    0x80, 0x4b, 0x86, 0x1, 0xe3, 0xc6, 0x0, 0xe3,
    0xcd, 0x40, 0x2, 0xee, 0x18, 0x7, 0xe2, 0x20,
    0x3, 0x48, 0x3, 0xff, 0xb2,

    /* U+00A3 "£" */
    0x0, 0xf1, 0xce, 0xff, 0xba, 0xd4, 0x3, 0xfa,
    0xb1, 0x88, 0x0, 0x29, 0x58, 0x20, 0x1e, 0xa5,
    0x0, 0xfc, 0x78, 0x1, 0xc8, 0xa0, 0x14, 0xff,
    0xac, 0x80, 0x4, 0xc0, 0x1b, 0x80, 0x2a, 0x60,
    0x2, 0x78, 0x5, 0xa0, 0x19, 0xc0, 0x25, 0x0,
    0xc4, 0x40, 0x3, 0x0, 0x63, 0x0, 0x8, 0x7,
    0xb7, 0xfd, 0xa0, 0x18, 0xc0, 0x3f, 0xf9, 0x2,
    0x1, 0xff, 0xc2, 0x10, 0xf, 0xfe, 0x11, 0xff,
    0x8c, 0x2, 0xff, 0xdc, 0x1, 0xff, 0xde, 0x3f,
    0xf2, 0x80, 0x5b, 0xff, 0x70, 0x7, 0xf1, 0x80,
    0x7f, 0xf2, 0x44, 0x3, 0xff, 0x8a, 0x20, 0x1f,
    0xfc, 0x15, 0x0, 0x88, 0x3, 0xff, 0x80, 0x66,
    0x0, 0x30, 0x7, 0xfc, 0x5f, 0x80, 0x13, 0x7f,
    0xff, 0x88, 0x3, 0xff, 0xb0,

    /* U+00A4 "¤" */
    0x0, 0x18, 0x7, 0xfc, 0x42, 0x1, 0x36, 0x40,
    0x25, 0x77, 0xfb, 0x1c, 0xb, 0x30, 0x20, 0x92,
    0xf, 0xb6, 0xa2, 0x0, 0x38, 0xec, 0x12, 0xd0,
    0x44, 0x0, 0x8, 0x2, 0x22, 0x0, 0x4, 0x40,
    0x9, 0x0, 0x58, 0x80, 0x6, 0xbf, 0x76, 0x40,
    0xa, 0x54, 0x0, 0x82, 0x3, 0x8a, 0x1, 0x15,
    0xa8, 0x3, 0x0, 0x2e, 0x0, 0x41, 0x0, 0x7a,
    0x84, 0x14, 0x40, 0x8, 0x0, 0x60, 0xf, 0xce,
    0x0, 0x40, 0x0, 0x81, 0x80, 0x7f, 0x78, 0x0,
    0xc0, 0x30, 0x80, 0x7f, 0xf0, 0xc4, 0x8, 0x3,
    0xfb, 0xc0, 0x6, 0x0, 0x40, 0x3, 0x0, 0x7e,
    0x70, 0x2, 0x0, 0x24, 0x1, 0x4, 0x1, 0xea,
    0x10, 0x51, 0x0, 0xe1, 0xc5, 0x0, 0x8a, 0xd4,
    0x3, 0x8f, 0x0, 0x21, 0xaf, 0xcd, 0xd2, 0x0,
    0x4b, 0x40, 0x22, 0x1, 0x40, 0x8, 0xc8, 0x0,
    0x28, 0x0, 0x20, 0x2c, 0x2d, 0xbb, 0x28, 0x80,
    0xe, 0x3a, 0xd5, 0xe0, 0x0, 0x5a, 0x60, 0x95,
    0xdf, 0xec, 0x70, 0x5, 0x40, 0x0,

    /* U+00A5 "¥" */
    0x4f, 0xfb, 0x40, 0x3f, 0xa3, 0xfe, 0xa4, 0x40,
    0x0, 0x98, 0x3, 0xe1, 0x70, 0xa, 0xc2, 0x40,
    0x28, 0x0, 0xfa, 0x0, 0x28, 0x10, 0x27, 0x0,
    0xb, 0x80, 0x71, 0x30, 0x0, 0x9c, 0x2, 0x81,
    0x0, 0x48, 0x7, 0x40, 0x5, 0x0, 0x1d, 0x0,
    0x1, 0x80, 0x8, 0x94, 0x0, 0x8a, 0x1, 0xcc,
    0x60, 0x7, 0x10, 0x4, 0x0, 0x52, 0x1, 0xf7,
    0x80, 0x52, 0x6, 0xa0, 0x6, 0x20, 0xf, 0x8d,
    0x40, 0xe, 0x30, 0x0, 0x18, 0x0, 0xfe, 0xb0,
    0xb, 0x50, 0x1, 0x2, 0x1, 0xe3, 0x44, 0x2a,
    0x80, 0x6, 0x0, 0x12, 0x44, 0x80, 0x37, 0x5d,
    0xca, 0x1, 0xc3, 0x77, 0x80, 0x3f, 0xf9, 0x7b,
    0xff, 0xac, 0x2, 0x7f, 0xfe, 0x0, 0xff, 0xe5,
    0xef, 0xfe, 0xb0, 0x9, 0xff, 0xf8, 0x3, 0xff,
    0x97, 0xd7, 0x7a, 0x0, 0x25, 0xbb, 0xe0, 0xc,
    0x68, 0x98, 0xc0, 0x22, 0x44, 0xe0, 0xf, 0xff,
    0x78,

    /* U+00A6 "¦" */
    0x3f, 0xf9, 0x0, 0x3f, 0xfc, 0xc2, 0x89, 0x39,
    0x5d, 0xc6, 0x1, 0xe3, 0x38, 0x4f, 0x32, 0x50,
    0xf, 0xff, 0x58,

    /* U+00A7 "§" */
    0x0, 0xc7, 0x19, 0xdf, 0xee, 0xb7, 0x10, 0xf,
    0xd, 0x63, 0x98, 0x80, 0x5, 0x23, 0x98, 0x3,
    0xb1, 0x40, 0x3f, 0xd2, 0xc0, 0x14, 0x10, 0x0,
    0x67, 0xbf, 0xd8, 0x80, 0x14, 0x88, 0x1, 0x40,
    0x2f, 0x61, 0x0, 0x1d, 0xa8, 0x4, 0xc0, 0x2,
    0x0, 0x20, 0x80, 0x7a, 0x0, 0x2d, 0x0, 0xe6,
    0x0, 0xf8, 0x99, 0xad, 0x0, 0x18, 0x0, 0x9c,
    0x3, 0xe9, 0x99, 0xc0, 0x14, 0x1, 0x46, 0xb9,
    0x0, 0x7f, 0x99, 0x40, 0x22, 0x8d, 0xd4, 0xa0,
    0x7, 0xed, 0x0, 0xf1, 0x35, 0xf3, 0x80, 0x74,
    0xc0, 0x0, 0xcc, 0x1, 0xc3, 0x1c, 0x60, 0x3,
    0x60, 0x2, 0xe6, 0x3a, 0x50, 0x3, 0xe, 0x10,
    0x20, 0x5, 0x20, 0x1, 0x6b, 0xe8, 0x0, 0xd0,
    0x1c, 0x1, 0x8, 0x7, 0xb, 0xe8, 0x4, 0xa1,
    0xc0, 0x15, 0x0, 0x7c, 0x4a, 0x1, 0xa, 0x0,
    0x4f, 0x22, 0x1, 0xe1, 0x0, 0x84, 0xd4, 0x2,
    0x6e, 0xb6, 0x20, 0x1, 0x20, 0x1, 0x0, 0x14,
    0xa0, 0x19, 0x27, 0x75, 0x3a, 0x1, 0x40, 0x5,
    0x54, 0x30, 0xe, 0x26, 0x0, 0x16, 0x98, 0x6,
    0x5c, 0xc3, 0x90, 0x7, 0x8c, 0x3, 0xf1, 0xc6,
    0xf4, 0x98, 0x4, 0x3e, 0x1, 0xfe, 0x16, 0xcb,
    0x10, 0x1, 0x20, 0x2c, 0x44, 0x1, 0xf2, 0x58,
    0x4, 0x61, 0x8e, 0xf1, 0x80, 0x7c, 0xc0, 0x17,
    0x87, 0x80, 0x50, 0x1, 0xf5, 0x0, 0x5c, 0xc,
    0x20, 0x4, 0xc5, 0x10, 0x1, 0xd3, 0x0, 0x4e,
    0x0, 0xa0, 0x8, 0xeb, 0xbf, 0xd8, 0xa0, 0x14,
    0x88, 0x1, 0x30, 0x80, 0x3f, 0xd2, 0xc0, 0x18,
    0xf6, 0x94, 0x80, 0x21, 0x48, 0xe6, 0x0, 0x80,

    /* U+00A8 "¨" */
    0x7, 0x93, 0x0, 0xcd, 0x28, 0x11, 0x6, 0xc1,
    0x0, 0x34, 0xb5, 0x99, 0x0, 0x46, 0x0, 0x10,
    0x9, 0xe4, 0x81, 0xc8, 0x0, 0xc6, 0xa, 0x80,

    /* U+00A9 "©" */
    0x0, 0xfc, 0x22, 0x0, 0xff, 0xe0, 0xbe, 0x7f,
    0x75, 0x46, 0x1, 0xf8, 0xfa, 0x1a, 0x6a, 0x8c,
    0x99, 0x20, 0x1e, 0x4c, 0x2d, 0xa6, 0x55, 0x47,
    0x43, 0x58, 0x6, 0x1b, 0x4c, 0x21, 0x68, 0x73,
    0x7, 0xa4, 0x70, 0xa, 0xc6, 0xc0, 0xfe, 0x5e,
    0x32, 0x1, 0x5e, 0x4, 0x5, 0x60, 0x1, 0xa3,
    0x7f, 0xa4, 0xe4, 0x10, 0x12, 0x8, 0xe, 0xa,
    0x2e, 0x80, 0x50, 0x8, 0x0, 0x54, 0xd, 0x11,
    0x1, 0x6, 0x0, 0x4b, 0xae, 0x0, 0xd3, 0x1,
    0x20, 0x7, 0x80, 0x78, 0x84, 0x0, 0x40, 0x1,
    0x10, 0x7, 0xff, 0x4, 0xc0, 0x1c, 0x40, 0xe,
    0x2, 0x0, 0x8e, 0xd0, 0x1, 0xe4, 0x8, 0xa,
    0x8, 0x14, 0x1, 0x52, 0x0, 0x4e, 0xa0, 0x49,
    0x0, 0x4e, 0x7b, 0x36, 0xc4, 0x80, 0xe3, 0x40,
    0x9, 0x29, 0x8, 0x80, 0x32, 0xab, 0x0, 0xe1,
    0x88, 0x0, 0x52, 0xd2, 0xf, 0xbf, 0xd4, 0x29,
    0x87, 0x20, 0x19, 0xa9, 0xb9, 0xcc, 0x49, 0x6e,
    0xc9, 0xa0, 0x1e, 0x5d, 0x78, 0xce, 0xda, 0x7a,
    0xb1, 0x0, 0xf8, 0xa7, 0xf6, 0xf3, 0xb1, 0x40,
    0x38,

    /* U+00AA "ª" */
    0x0, 0xc, 0x6f, 0xfb, 0x10, 0x2, 0x2f, 0x72,
    0x0, 0x1d, 0xb0, 0x2, 0x44, 0x1a, 0xe4, 0x1,
    0x0, 0x4, 0x4, 0x94, 0x67, 0x1, 0x30, 0xdc,
    0x90, 0xb, 0x40, 0xc, 0x4, 0x64, 0x1, 0xf8,
    0x63, 0x7f, 0xea, 0x0, 0x87, 0x1c, 0x84, 0xcc,
    0x40, 0x13, 0x10, 0x47, 0x66, 0x20, 0x2, 0xd0,
    0x3, 0x80, 0x44, 0x1, 0x10, 0x2, 0x4d, 0x2a,
    0x0, 0x2a, 0x0, 0x36, 0x5a, 0x98, 0x0, 0x89,
    0x88, 0x0, 0x29, 0xc3, 0x30, 0x0,

    /* U+00AB "«" */
    0x0, 0xc4, 0xa8, 0x1, 0x22, 0x98, 0x4, 0x39,
    0x5c, 0x0, 0x6b, 0xa7, 0x0, 0xb4, 0x45, 0x60,
    0x52, 0xa, 0x80, 0x8, 0x30, 0x81, 0xf, 0x1,
    0xb0, 0x2, 0x38, 0x23, 0x5, 0x10, 0x58, 0x80,
    0xd0, 0x2, 0x41, 0x94, 0x11, 0x40, 0x14, 0x20,
    0xe4, 0x49, 0x0, 0x48, 0x4, 0x60, 0x2, 0x2,
    0x20, 0x1, 0x80, 0x28, 0x30, 0x55, 0x7, 0x80,
    0x28, 0x3, 0x68, 0x85, 0x81, 0x48, 0xc, 0x80,
    0x43, 0x40, 0x32, 0xc, 0xa0, 0xc6, 0x1, 0x23,
    0x83, 0x18, 0x51, 0x7, 0x80, 0x68, 0x30, 0xe0,
    0x7, 0x1, 0xb8,

    /* U+00AC "¬" */
    0x9, 0x9f, 0xfe, 0x4, 0xb, 0x37, 0xff, 0x1,
    0xc0, 0x3f, 0xf8, 0x43, 0xff, 0xfd, 0xc0, 0x1f,
    0xfe, 0x10,

    /* U+00AD "­" */
    0xf, 0xff, 0xfe, 0x4, 0x80, 0x7f, 0xf4, 0x0,

    /* U+00AE "®" */
    0x0, 0xfc, 0x22, 0x0, 0xff, 0xe0, 0x3e, 0xff,
    0x75, 0x24, 0x1, 0xf2, 0x74, 0x3c, 0xd5, 0x1d,
    0xdb, 0x0, 0x1c, 0x96, 0xbb, 0x4c, 0xaa, 0x9e,
    0x77, 0x50, 0x4, 0x56, 0xb6, 0x91, 0x13, 0x98,
    0x45, 0x2b, 0x80, 0x20, 0x68, 0x29, 0xde, 0x8c,
    0x90, 0x56, 0x81, 0x12, 0xc0, 0x6, 0xff, 0x72,
    0x31, 0x4, 0x3, 0x38, 0x38, 0x7, 0x87, 0x41,
    0xc0, 0x56, 0xf8, 0x84, 0x3, 0xc5, 0x40, 0x80,
    0xd, 0x21, 0x10, 0x7, 0x7f, 0xb4, 0x6c, 0x40,
    0x2, 0x20, 0x10, 0xe, 0x76, 0xa, 0x40, 0x8,
    0x43, 0xc8, 0x3, 0xa2, 0x56, 0x40, 0x36, 0x9a,
    0x2, 0x80, 0x7a, 0x46, 0x0, 0x24, 0x41, 0x1c,
    0x0, 0x78, 0xd1, 0xc4, 0x1c, 0x68, 0x3c, 0xa0,
    0x22, 0x40, 0x29, 0x91, 0x9a, 0x18, 0x80, 0xe5,
    0xe5, 0x18, 0x2, 0x26, 0x7c, 0x39, 0x0, 0x9a,
    0x5b, 0x9c, 0xc8, 0x8d, 0x94, 0x98, 0x1, 0xcd,
    0xa9, 0x19, 0xba, 0x90, 0xab, 0x0, 0xf8, 0xab,
    0xf2, 0xf3, 0xb1, 0x40, 0x30,

    /* U+00AF "¯" */
    0x56, 0x6f, 0xf1, 0x44, 0xcf, 0xf9, 0x40, 0x3f,
    0xf8, 0x0,

    /* U+00B0 "°" */
    0x0, 0xc2, 0x1, 0xe6, 0xee, 0x7d, 0x8, 0x2,
    0x24, 0x40, 0xb, 0x80, 0x2e, 0x11, 0xf8, 0x24,
    0xe8, 0x4, 0xe0, 0x70, 0x18, 0x1, 0xe1, 0x0,
    0x20, 0x14, 0x92, 0xc8, 0x60, 0xc0, 0x36, 0xd0,
    0x9b, 0x83, 0xd1, 0x80, 0xb6, 0x0,

    /* U+00B1 "±" */
    0x0, 0xf7, 0x74, 0x60, 0x1f, 0xf0, 0x8c, 0xe0,
    0x1f, 0xff, 0x5a, 0xff, 0xe0, 0xa, 0xff, 0xf5,
    0x0, 0x7f, 0xf4, 0xab, 0xbb, 0x80, 0x2a, 0xee,
    0xd4, 0x2, 0x3c, 0x1, 0x8, 0xf0, 0x7, 0xff,
    0xdf, 0xfe, 0x40, 0xf, 0xfe, 0x41, 0x7f, 0xff,
    0xf0, 0x44, 0x3, 0xff, 0xa4,

    /* U+00B2 "²" */
    0x0, 0x15, 0x77, 0xf5, 0x98, 0x4, 0x7a, 0xa2,
    0x2, 0x98, 0xa0, 0xe, 0x0, 0x2d, 0x38, 0x2,
    0xc0, 0x88, 0x7, 0x4b, 0x6, 0x2, 0x47, 0x54,
    0xf0, 0x8, 0x40, 0x6, 0x2a, 0xa3, 0x0, 0x31,
    0x1, 0x8, 0x7, 0x24, 0x80, 0x24, 0x3, 0x92,
    0xc0, 0x12, 0x80, 0x19, 0x6c, 0x1, 0x4c, 0x1,
    0x96, 0x80, 0x6d, 0x40, 0x32, 0xd0, 0x2, 0x1,
    0x12, 0x20, 0xb0, 0xa, 0x6e, 0xf8, 0x4, 0x3,
    0xf8,

    /* U+00B3 "³" */
    0x0, 0x14, 0xf7, 0xf5, 0xa0, 0x4, 0x7a, 0xc2,
    0x2, 0x96, 0xe0, 0xf, 0x0, 0x2d, 0x38, 0x2,
    0x4, 0x0, 0x69, 0x4b, 0xa, 0x0, 0x50, 0xcc,
    0x58, 0x4, 0x60, 0x7, 0x0, 0xf1, 0xb8, 0x9,
    0x80, 0x6e, 0xfc, 0x13, 0xc0, 0xe, 0x30, 0x8,
    0x94, 0x3, 0xb7, 0xf9, 0x6, 0x10, 0x62, 0xc,
    0x0, 0x1e, 0x0, 0x60, 0x3b, 0xa6, 0x15, 0xa0,
    0x1, 0xc3, 0x0, 0x7, 0xa9, 0x20, 0x36, 0x7,
    0xb4, 0x10, 0x1, 0xce, 0x0,

    /* U+00B4 "´" */
    0x0, 0x2f, 0xfd, 0x60, 0x1, 0xb0, 0x2, 0xd8,
    0x2, 0x84, 0x1a, 0x80, 0xe, 0x80, 0xf2, 0x1,
    0x0,

    /* U+00B5 "µ" */
    0x3f, 0xfa, 0x0, 0x3d, 0x9f, 0xf0, 0x7, 0xff,
    0xfc, 0x3, 0xff, 0xe8, 0x20, 0x1f, 0xfc, 0x22,
    0x0, 0xff, 0xe1, 0x20, 0x80, 0x61, 0x30, 0xf,
    0xd4, 0x40, 0x2b, 0x80, 0x1f, 0xc9, 0xbf, 0xd4,
    0x40, 0x1f, 0xfc, 0x32, 0x0, 0xf9, 0x10, 0x20,
    0x29, 0x94, 0x1, 0xf1, 0xdf, 0x7f, 0x59, 0xbf,
    0xfc, 0x1, 0xff, 0xff,

    /* U+00B6 "¶" */
    0x0, 0xcb, 0x5d, 0xff, 0xd0, 0x0, 0x2d, 0xa5,
    0x10, 0xf, 0x8b, 0x8, 0x3, 0xfd, 0xc2, 0x1,
    0xfe, 0x33, 0x0, 0x7f, 0xc8, 0x1, 0xff, 0xc0,
    0xe0, 0xf, 0xfe, 0x1, 0x80, 0x7f, 0xf0, 0x8,
    0x3, 0xff, 0x81, 0xa0, 0x1f, 0xfc, 0x5, 0x10,
    0xf, 0xfe, 0x4, 0x0, 0x7f, 0xf0, 0x19, 0xc0,
    0x3f, 0xf8, 0x11, 0x66, 0x1, 0xff, 0x26, 0x75,
    0x4c, 0x18, 0x7, 0xe1, 0x56, 0x76, 0x0, 0xff,
    0xff, 0x80, 0x78,

    /* U+00B7 "·" */
    0x0, 0xfa, 0x7f, 0xd0, 0x4, 0xc0, 0x7, 0x10,
    0xf, 0x14, 0x0, 0xc0, 0x80,

    /* U+00B8 "¸" */
    0x9f, 0xf1, 0x80, 0x10, 0x1, 0x90, 0x1d, 0x22,
    0xe, 0x86, 0xc8, 0x0, 0x31, 0x54, 0x0, 0x1d,
    0x50, 0x41, 0x10, 0x22, 0x39, 0xb0,

    /* U+00B9 "¹" */
    0x0, 0xe3, 0x0, 0x8e, 0x37, 0x6, 0x3b, 0x1c,
    0x80, 0xc, 0x20, 0x1c, 0x91, 0x86, 0x1, 0x53,
    0x98, 0x7, 0xff, 0xa4,

    /* U+00BA "º" */
    0x0, 0x15, 0x77, 0xf5, 0x98, 0x4, 0x9a, 0xa2,
    0x2, 0x98, 0xe0, 0x36, 0x0, 0x8b, 0x91, 0x8,
    0x36, 0x0, 0x53, 0xa3, 0x68, 0x2, 0x70, 0x0,
    0xa0, 0x11, 0x98, 0x11, 0xc0, 0x80, 0x39, 0xc0,
    0x40, 0x3f, 0xf9, 0x4e, 0x4, 0x1, 0xce, 0x3,
    0x80, 0x5, 0x0, 0x88, 0xc1, 0x18, 0x1, 0x4e,
    0x8d, 0x80, 0x9, 0x1b, 0x0, 0x45, 0xc8, 0x84,
    0x18, 0x26, 0xa8, 0x80, 0xa6, 0x38, 0x0,

    /* U+00BB "»" */
    0x15, 0x50, 0x80, 0xd, 0x54, 0x1, 0xc3, 0x15,
    0xa0, 0x1, 0xaa, 0x40, 0x7, 0x70, 0x1c, 0x81,
    0x38, 0x3a, 0x0, 0x63, 0x60, 0x65, 0x8, 0x20,
    0xa1, 0x0, 0xd2, 0x21, 0x44, 0x12, 0x3, 0x40,
    0x1d, 0x60, 0xe, 0x4, 0x50, 0x48, 0x0, 0xca,
    0x80, 0x70, 0x16, 0x0, 0x73, 0x0, 0xcc, 0x0,
    0xd0, 0x20, 0x0, 0x90, 0x5, 0x4, 0xc, 0xa1,
    0xc0, 0xa, 0x10, 0x1, 0x38, 0x1c, 0x83, 0x90,
    0x3a, 0x0, 0x5c, 0x0, 0xe0, 0x28, 0x3, 0x80,
    0x9, 0x8c, 0x28, 0x82, 0x40, 0x74, 0x2, 0x19,
    0x6, 0x50, 0x54, 0xa, 0x10, 0x8,

    /* U+00BC "¼" */
    0x0, 0xe4, 0x10, 0xf, 0xfe, 0x12, 0x4f, 0x5a,
    0x80, 0x7f, 0xf0, 0x7, 0xed, 0x84, 0x3, 0xff,
    0x88, 0x48, 0x1, 0xff, 0xc3, 0x1e, 0xdf, 0x0,
    0xfd, 0x70, 0x20, 0x1c, 0x20, 0x1f, 0xc8, 0x87,
    0x20, 0xf, 0xfe, 0x1c, 0x82, 0x98, 0x7, 0xff,
    0x9, 0x48, 0x20, 0x3, 0xff, 0x87, 0x60, 0xc4,
    0x1, 0xff, 0xc2, 0x71, 0x8, 0x0, 0xff, 0xe1,
    0xc, 0x84, 0x8, 0x7, 0xf3, 0x3b, 0x98, 0x24,
    0x44, 0xe0, 0x1f, 0xe2, 0x88, 0x10, 0xb8, 0x40,
    0x0, 0x7b, 0xf4, 0x3, 0xfa, 0x0, 0x98, 0x1,
    0x42, 0x6, 0x1, 0xf8, 0x98, 0x20, 0x0, 0xe8,
    0x1, 0xff, 0x48, 0x1a, 0x81, 0x40, 0x8, 0x7,
    0xf1, 0xa0, 0x78, 0x3, 0xc2, 0x14, 0x3, 0xfb,
    0xc1, 0xc, 0x20, 0x91, 0xc0, 0x3f, 0x8c, 0xc1,
    0x20, 0x8e, 0x32, 0x20, 0x10, 0x80, 0x71, 0xe4,
    0x10, 0x40, 0xe, 0xf2, 0x0, 0xf1, 0x80, 0x71,
    0xb8, 0x7, 0xff, 0x27, 0x3f, 0xf2, 0x0, 0xf9,
    0x80, 0x7f, 0xf1, 0xc0,

    /* U+00BD "½" */
    0x0, 0xc2, 0x80, 0x1f, 0xfc, 0x21, 0x6c, 0xe9,
    0x0, 0xff, 0xe0, 0xbf, 0x49, 0x80, 0x7f, 0xf0,
    0xfc, 0x10, 0x40, 0x3f, 0xf8, 0x73, 0xf6, 0xa0,
    0x1f, 0x5c, 0x8, 0x7, 0x8, 0x7, 0xf2, 0xa3,
    0x98, 0x7, 0xff, 0xe, 0x1, 0x88, 0x3, 0xff,
    0x84, 0xc4, 0x10, 0x1, 0xff, 0xc3, 0x80, 0x71,
    0x0, 0xff, 0xe1, 0x40, 0x8a, 0x0, 0x3f, 0xf8,
    0x42, 0xe1, 0x0, 0x1f, 0xf7, 0x3d, 0x84, 0x1,
    0x30, 0x7, 0xfc, 0xb0, 0xc4, 0xc1, 0x0, 0xb9,
    0xfe, 0xe8, 0x0, 0xfd, 0x20, 0x6a, 0xf4, 0x60,
    0x1, 0x7b, 0x0, 0xf2, 0x20, 0x3c, 0x20, 0xf,
    0xbd, 0x41, 0x8, 0x3, 0xa4, 0x14, 0xc5, 0x55,
    0x2, 0x1e, 0x0, 0x10, 0xc, 0xc4, 0x10, 0x3,
    0x54, 0x40, 0x4, 0x80, 0xc, 0x3, 0x40, 0x31,
    0x0, 0x7a, 0xcc, 0x24, 0x3, 0x18, 0x2, 0x0,
    0x38, 0x71, 0x2, 0x58, 0x3, 0x1f, 0x60, 0x80,
    0x61, 0xc3, 0xb, 0x60, 0xf, 0x8c, 0x3, 0x17,
    0x91, 0x35, 0x0, 0x3f, 0xf8, 0x38, 0x20, 0x5b,
    0xff, 0x50, 0x7, 0xf8, 0x40, 0x3f, 0x0,

    /* U+00BE "¾" */
    0x0, 0x3e, 0xff, 0xb1, 0x80, 0x3f, 0xf8, 0x15,
    0x4, 0x0, 0x39, 0x90, 0x7, 0xf8, 0x94, 0x17,
    0xb4, 0xc1, 0x80, 0x3f, 0xc7, 0x98, 0xb1, 0x2b,
    0x0, 0x8, 0x4, 0x20, 0x1c, 0x26, 0x61, 0x2,
    0xb0, 0x21, 0x0, 0xab, 0x50, 0x3, 0xcf, 0xfa,
    0x66, 0xc0, 0x8, 0xd0, 0x84, 0x3, 0xc4, 0x64,
    0x6, 0xc0, 0x17, 0x81, 0xa8, 0x7, 0x97, 0x35,
    0xc2, 0x8, 0x10, 0xc3, 0xc0, 0x31, 0xc4, 0x4,
    0x1, 0x80, 0x7, 0x8, 0x4, 0x30, 0xc, 0xef,
    0x58, 0x8b, 0xc0, 0xc, 0xa6, 0x12, 0x1, 0xc8,
    0x80, 0x5e, 0xe2, 0x2, 0x9c, 0x2, 0x90, 0x7,
    0xad, 0xc8, 0x0, 0x73, 0x4c, 0x41, 0x0, 0x1f,
    0xa3, 0x7f, 0xd8, 0xc1, 0x0, 0xc4, 0xd, 0xfe,
    0x70, 0xf, 0xe7, 0x10, 0x80, 0x29, 0x0, 0x78,
    0x7, 0xe1, 0x90, 0x81, 0xe, 0x0, 0xff, 0xe0,
    0x48, 0x89, 0xc2, 0xc, 0x40, 0x3f, 0xc2, 0xe1,
    0x0, 0x6e, 0x1a, 0x1, 0xfe, 0x80, 0x26, 0x1d,
    0xa, 0x30, 0xf, 0xe1, 0x60, 0x80, 0xb1, 0x54,
    0x10, 0x8, 0x40, 0x38, 0x75, 0xd4, 0x94, 0x17,
    0xb8, 0x0, 0x7f, 0x0, 0xf1, 0x40, 0x7, 0xff,
    0x20, 0xbf, 0xf8, 0x0, 0xfc, 0x1, 0xff, 0xc7,

    /* U+00BF "¿" */
    0x0, 0xe4, 0xef, 0x80, 0xf, 0xf7, 0x88, 0x38,
    0x80, 0x7f, 0x8, 0x7, 0xff, 0x6, 0x15, 0x28,
    0x40, 0x3f, 0x8a, 0xad, 0x40, 0x3f, 0xf9, 0x84,
    0x89, 0x0, 0x7f, 0xae, 0xea, 0x0, 0xff, 0x10,
    0x0, 0xc0, 0x3f, 0x8d, 0x0, 0xc, 0x1, 0xf8,
    0xf0, 0x2, 0xf0, 0xf, 0x8f, 0x0, 0x29, 0x40,
    0xf, 0xe, 0x80, 0x52, 0xc0, 0x1f, 0x50, 0x80,
    0x21, 0x80, 0x3e, 0x44, 0x0, 0xd, 0xc0, 0x3f,
    0x70, 0x5, 0xe0, 0x1f, 0xcc, 0x1, 0x18, 0x7,
    0xff, 0x18, 0x7b, 0xa9, 0x60, 0x9, 0x0, 0x33,
    0x8, 0xdd, 0x80, 0x15, 0x28, 0x93, 0xc0, 0x4,
    0xac, 0x40, 0x1, 0xae, 0xd8, 0x0, 0x98, 0x83,
    0x8, 0x3, 0xf3, 0x48, 0x0, 0x76, 0x50, 0x40,
    0x4, 0xb9, 0x20, 0x0,

    /* U+00C0 "À" */
    0x0, 0xc2, 0x67, 0x10, 0x7, 0xff, 0xf, 0xb3,
    0x1a, 0x40, 0x1f, 0xfc, 0x11, 0xc2, 0x0, 0x70,
    0x7, 0xff, 0x8, 0x70, 0x80, 0xdc, 0x3, 0xff,
    0x84, 0x3e, 0x21, 0x4, 0x1, 0xff, 0xc2, 0x2e,
    0xff, 0x10, 0x7, 0xff, 0x5b, 0xfe, 0xa0, 0xf,
    0xfe, 0x12, 0x80, 0x4a, 0x1, 0xff, 0xc2, 0xf0,
    0xc, 0xa0, 0x1f, 0xfc, 0x15, 0x0, 0xde, 0x1,
    0xff, 0xc0, 0x50, 0xe, 0x50, 0xf, 0xfe, 0x7,
    0x80, 0xc, 0x2, 0x50, 0xf, 0xf9, 0x40, 0x14,
    0x80, 0xf, 0x0, 0xff, 0x28, 0x4, 0xf8, 0x0,
    0x50, 0xf, 0xf7, 0x80, 0x8, 0x54, 0x2, 0x50,
    0xf, 0xe5, 0x0, 0x28, 0x11, 0x0, 0x1e, 0x1,
    0xf9, 0x40, 0x2b, 0x0, 0x28, 0x1, 0x40, 0x3f,
    0x78, 0x0, 0x4c, 0x1, 0x60, 0x12, 0x80, 0x7c,
    0xa0, 0x7, 0x0, 0x8c, 0x40, 0x1e, 0x1, 0xe5,
    0x0, 0xbc, 0x8b, 0x28, 0x1, 0x40, 0x3d, 0xc0,
    0x14, 0xee, 0xe4, 0x0, 0x94, 0x3, 0x90, 0x3,
    0xff, 0x81, 0xe0, 0x19, 0x40, 0x3f, 0xf8, 0x2a,
    0x1, 0xb8, 0x2, 0xef, 0xff, 0x40, 0x4, 0x80,
    0x1, 0x40, 0x1, 0x88, 0x7, 0x94, 0x2, 0xe0,
    0x3, 0x80, 0x56, 0x1, 0xf1, 0x10, 0x0, 0xa0,
    0xd, 0x0, 0x94, 0x3, 0xf2, 0x80, 0x48, 0x28,
    0x0, 0x22, 0x0, 0x7e, 0xb0, 0xb, 0x80,

    /* U+00C1 "Á" */
    0x0, 0xff, 0x1f, 0xfd, 0x82, 0x1, 0xff, 0xc0,
    0x1d, 0x0, 0x26, 0x8, 0x7, 0xff, 0x2, 0xc4,
    0x12, 0xc0, 0x3f, 0xf8, 0x2c, 0xa0, 0xb6, 0x1,
    0xff, 0xc2, 0x6f, 0xf5, 0x0, 0x7f, 0xf5, 0xbf,
    0xea, 0x0, 0xff, 0xe1, 0x28, 0x4, 0xa0, 0x1f,
    0xfc, 0x2f, 0x0, 0xca, 0x1, 0xff, 0xc1, 0x50,
    0xd, 0xe0, 0x1f, 0xfc, 0x5, 0x0, 0xe5, 0x0,
    0xff, 0xe0, 0x78, 0x0, 0xc0, 0x25, 0x0, 0xff,
    0x94, 0x1, 0x48, 0x0, 0xf0, 0xf, 0xf2, 0x80,
    0x4f, 0x80, 0x5, 0x0, 0xff, 0x78, 0x0, 0x85,
    0x40, 0x25, 0x0, 0xfe, 0x50, 0x2, 0x81, 0x10,
    0x1, 0xe0, 0x1f, 0x94, 0x2, 0xb0, 0x2, 0x80,
    0x14, 0x3, 0xf7, 0x80, 0x4, 0xc0, 0x16, 0x1,
    0x28, 0x7, 0xca, 0x0, 0x70, 0x8, 0xc4, 0x1,
    0xe0, 0x1e, 0x50, 0xb, 0xc8, 0xb2, 0x80, 0x14,
    0x3, 0xdc, 0x1, 0x4e, 0xee, 0x40, 0x9, 0x40,
    0x39, 0x0, 0x3f, 0xf8, 0x1e, 0x1, 0x94, 0x3,
    0xff, 0x82, 0xa0, 0x1b, 0x80, 0x2e, 0xff, 0xf4,
    0x0, 0x48, 0x0, 0x14, 0x0, 0x18, 0x80, 0x79,
    0x40, 0x2e, 0x0, 0x38, 0x5, 0x60, 0x1f, 0x11,
    0x0, 0xa, 0x0, 0xd0, 0x9, 0x40, 0x3f, 0x28,
    0x4, 0x82, 0x80, 0x2, 0x20, 0x7, 0xeb, 0x0,
    0xb8,

    /* U+00C2 "Â" */
    0x0, 0xfd, 0x7f, 0xe7, 0x0, 0xff, 0xe1, 0x62,
    0x0, 0x22, 0x0, 0x1f, 0xf0, 0xe1, 0x83, 0x18,
    0x3c, 0x80, 0x7f, 0xe, 0x18, 0x3c, 0xe1, 0x83,
    0x50, 0x7, 0xe2, 0x57, 0x98, 0x0, 0x64, 0x39,
    0x10, 0x3, 0xe3, 0x88, 0x30, 0x6, 0x78, 0x81,
    0x0, 0x7f, 0xf4, 0xbf, 0xea, 0x0, 0xff, 0xe1,
    0x28, 0x4, 0xa0, 0x1f, 0xfc, 0x2f, 0x0, 0xca,
    0x1, 0xff, 0xc1, 0x50, 0xd, 0xe0, 0x1f, 0xfc,
    0x5, 0x0, 0xe5, 0x0, 0xff, 0xe0, 0x78, 0x0,
    0xc0, 0x25, 0x0, 0xff, 0x94, 0x1, 0x48, 0x0,
    0xf0, 0xf, 0xf2, 0x80, 0x4f, 0x80, 0x5, 0x0,
    0xff, 0x78, 0x0, 0x85, 0x40, 0x25, 0x0, 0xfe,
    0x50, 0x2, 0x81, 0x10, 0x1, 0xe0, 0x1f, 0x94,
    0x2, 0xb0, 0x2, 0x80, 0x14, 0x3, 0xf7, 0x80,
    0x4, 0xc0, 0x16, 0x1, 0x28, 0x7, 0xca, 0x0,
    0x70, 0x8, 0xc4, 0x1, 0xe0, 0x1e, 0x50, 0xb,
    0xc8, 0xb2, 0x80, 0x14, 0x3, 0xdc, 0x1, 0x4e,
    0xee, 0x40, 0x9, 0x40, 0x39, 0x0, 0x3f, 0xf8,
    0x1e, 0x1, 0x94, 0x3, 0xff, 0x82, 0xa0, 0x1b,
    0x80, 0x2e, 0xff, 0xf4, 0x0, 0x48, 0x0, 0x14,
    0x0, 0x18, 0x80, 0x79, 0x40, 0x2e, 0x0, 0x38,
    0x5, 0x60, 0x1f, 0x11, 0x0, 0xa, 0x0, 0xd0,
    0x9, 0x40, 0x3f, 0x28, 0x4, 0x82, 0x80, 0x2,
    0x20, 0x7, 0xeb, 0x0, 0xb8,

    /* U+00C3 "Ã" */
    0x0, 0xff, 0xe0, 0x88, 0x7, 0xf8, 0xb3, 0xf5,
    0xc0, 0x2a, 0xf4, 0x0, 0xf8, 0x70, 0xc0, 0xa3,
    0xa6, 0x90, 0x1c, 0x3, 0xe6, 0x10, 0x44, 0x0,
    0xb2, 0x82, 0x18, 0x7, 0xde, 0x11, 0x76, 0xd6,
    0x10, 0x5b, 0x0, 0xfd, 0x1e, 0xe0, 0x2, 0x9e,
    0xfa, 0x0, 0xff, 0xf3, 0xff, 0xd4, 0x1, 0xff,
    0xc2, 0x50, 0x9, 0x40, 0x3f, 0xf8, 0x5e, 0x1,
    0x94, 0x3, 0xff, 0x82, 0xa0, 0x1b, 0xc0, 0x3f,
    0xf8, 0xa, 0x1, 0xca, 0x1, 0xff, 0xc0, 0xf0,
    0x1, 0x80, 0x4a, 0x1, 0xff, 0x28, 0x2, 0x90,
    0x1, 0xe0, 0x1f, 0xe5, 0x0, 0x9f, 0x0, 0xa,
    0x1, 0xfe, 0xf0, 0x1, 0xa, 0x80, 0x4a, 0x1,
    0xfc, 0xa0, 0x5, 0x2, 0x20, 0x3, 0xc0, 0x3f,
    0x28, 0x5, 0x60, 0x5, 0x0, 0x28, 0x7, 0xef,
    0x0, 0x9, 0x80, 0x2c, 0x2, 0x50, 0xf, 0x94,
    0x0, 0xe0, 0x11, 0x88, 0x3, 0xc0, 0x3c, 0xa0,
    0x17, 0x91, 0x65, 0x0, 0x28, 0x7, 0xb8, 0x2,
    0x9d, 0xdc, 0x80, 0x12, 0x80, 0x72, 0x0, 0x7f,
    0xf0, 0x3c, 0x3, 0x28, 0x7, 0xff, 0x5, 0x40,
    0x37, 0x0, 0x5d, 0xff, 0xe8, 0x0, 0x90, 0x0,
    0x28, 0x0, 0x31, 0x0, 0xf2, 0x80, 0x5c, 0x0,
    0x70, 0xa, 0xc0, 0x3e, 0x22, 0x0, 0x14, 0x1,
    0xa0, 0x12, 0x80, 0x7e, 0x50, 0x9, 0x5, 0x0,
    0x4, 0x40, 0xf, 0xd6, 0x1, 0x70,

    /* U+00C4 "Ä" */
    0x0, 0xc7, 0xbf, 0x0, 0x10, 0xe7, 0xd0, 0x7,
    0xe8, 0x20, 0x71, 0x0, 0x49, 0x82, 0xa0, 0x7,
    0xc4, 0x1, 0x8, 0x3, 0x80, 0x26, 0x0, 0xfa,
    0x61, 0xb0, 0x2, 0x69, 0x6b, 0x20, 0xf, 0xcf,
    0x26, 0x1, 0x9a, 0x50, 0x3, 0xff, 0xa7, 0xff,
    0x50, 0x7, 0xff, 0x9, 0x40, 0x25, 0x0, 0xff,
    0xe1, 0x78, 0x6, 0x50, 0xf, 0xfe, 0xa, 0x80,
    0x6f, 0x0, 0xff, 0xe0, 0x28, 0x7, 0x28, 0x7,
    0xff, 0x3, 0xc0, 0x6, 0x1, 0x28, 0x7, 0xfc,
    0xa0, 0xa, 0x40, 0x7, 0x80, 0x7f, 0x94, 0x2,
    0x7c, 0x0, 0x28, 0x7, 0xfb, 0xc0, 0x4, 0x2a,
    0x1, 0x28, 0x7, 0xf2, 0x80, 0x14, 0x8, 0x80,
    0xf, 0x0, 0xfc, 0xa0, 0x15, 0x80, 0x14, 0x0,
    0xa0, 0x1f, 0xbc, 0x0, 0x26, 0x0, 0xb0, 0x9,
    0x40, 0x3e, 0x50, 0x3, 0x80, 0x46, 0x20, 0xf,
    0x0, 0xf2, 0x80, 0x5e, 0x45, 0x94, 0x0, 0xa0,
    0x1e, 0xe0, 0xa, 0x77, 0x72, 0x0, 0x4a, 0x1,
    0xc8, 0x1, 0xff, 0xc0, 0xf0, 0xc, 0xa0, 0x1f,
    0xfc, 0x15, 0x0, 0xdc, 0x1, 0x77, 0xff, 0xa0,
    0x2, 0x40, 0x0, 0xa0, 0x0, 0xc4, 0x3, 0xca,
    0x1, 0x70, 0x1, 0xc0, 0x2b, 0x0, 0xf8, 0x88,
    0x0, 0x50, 0x6, 0x80, 0x4a, 0x1, 0xf9, 0x40,
    0x24, 0x14, 0x0, 0x11, 0x0, 0x3f, 0x58, 0x5,
    0xc0,

    /* U+00C5 "Å" */
    0x0, 0xfe, 0x10, 0xf, 0xfe, 0x21, 0x67, 0x7d,
    0x0, 0x7f, 0xf0, 0xb0, 0xa6, 0x16, 0x80, 0x3f,
    0xf8, 0xa, 0x30, 0xce, 0x8a, 0x1, 0xff, 0xc2,
    0x30, 0x0, 0x80, 0x7f, 0xf0, 0x50, 0x20, 0xd1,
    0x4c, 0x3, 0xff, 0x80, 0x34, 0x59, 0x65, 0xc0,
    0x1f, 0xfc, 0x15, 0xfb, 0xcd, 0x20, 0xf, 0xfe,
    0x1a, 0x18, 0x7, 0xff, 0x13, 0xfe, 0xa0, 0xf,
    0xfe, 0x12, 0x80, 0x4a, 0x1, 0xff, 0xc2, 0xf0,
    0xc, 0xa0, 0x1f, 0xfc, 0x15, 0x0, 0xde, 0x1,
    0xff, 0xc0, 0x50, 0xe, 0x50, 0xf, 0xfe, 0x7,
    0x80, 0xc, 0x2, 0x50, 0xf, 0xf9, 0x40, 0x14,
    0x80, 0xf, 0x0, 0xff, 0x28, 0x4, 0xf8, 0x0,
    0x50, 0xf, 0xf7, 0x80, 0x8, 0x54, 0x2, 0x50,
    0xf, 0xe5, 0x0, 0x28, 0x11, 0x0, 0x1e, 0x1,
    0xf9, 0x40, 0x2b, 0x0, 0x28, 0x1, 0x40, 0x3f,
    0x78, 0x0, 0x4c, 0x1, 0x60, 0x12, 0x80, 0x7c,
    0xa0, 0x7, 0x0, 0x8c, 0x40, 0x1e, 0x1, 0xe5,
    0x0, 0xbc, 0x8b, 0x28, 0x1, 0x40, 0x3d, 0xc0,
    0x14, 0xee, 0xe4, 0x0, 0x94, 0x3, 0x90, 0x3,
    0xff, 0x81, 0xe0, 0x19, 0x40, 0x3f, 0xf8, 0x2a,
    0x1, 0xb8, 0x2, 0xef, 0xff, 0x40, 0x4, 0x80,
    0x1, 0x40, 0x1, 0x88, 0x7, 0x94, 0x2, 0xe0,
    0x3, 0x80, 0x56, 0x1, 0xf1, 0x10, 0x0, 0xa0,
    0xd, 0x0, 0x94, 0x3, 0xf2, 0x80, 0x48, 0x28,
    0x0, 0x22, 0x0, 0x7e, 0xb0, 0xb, 0x80,

    /* U+00C6 "Æ" */
    0x0, 0xfd, 0x1f, 0xff, 0xc4, 0x1, 0xf9, 0x80,
    0x3f, 0xf8, 0xa8, 0x20, 0x1f, 0xfc, 0x5d, 0x0,
    0xe4, 0xff, 0xc4, 0x1, 0xf3, 0x0, 0x7f, 0xf1,
    0x54, 0x0, 0x44, 0x0, 0xff, 0xe1, 0x70, 0x2,
    0x80, 0x3f, 0xf8, 0x42, 0x80, 0x5, 0x0, 0xff,
    0xe1, 0x30, 0x0, 0x88, 0x1, 0xff, 0xc2, 0xb0,
    0x2, 0x80, 0x64, 0xff, 0xa8, 0x3, 0x88, 0xc0,
    0x16, 0x1, 0xff, 0xc2, 0xa0, 0x0, 0x98, 0x7,
    0xff, 0x9, 0x80, 0xe, 0x1, 0xc9, 0xff, 0x50,
    0x6, 0x41, 0x0, 0x72, 0x20, 0xc0, 0x3f, 0xee,
    0x0, 0xa2, 0xec, 0x20, 0x1f, 0xf2, 0x80, 0x7f,
    0xf1, 0x54, 0x3, 0xff, 0x8d, 0xc0, 0x17, 0xfe,
    0x20, 0xf, 0xe1, 0x40, 0x2, 0x80, 0x7f, 0xf0,
    0x98, 0x2, 0xf0, 0xf, 0x93, 0xff, 0x40, 0x50,
    0x4, 0xa0, 0x1f, 0xfc, 0x12, 0x20, 0x1, 0x40,
    0x3f, 0xf8, 0x40,

    /* U+00C7 "Ç" */
    0x0, 0xe6, 0xbe, 0xff, 0x6c, 0x98, 0x7, 0xc7,
    0xb2, 0x82, 0x0, 0x26, 0xcb, 0x10, 0xc, 0x78,
    0x40, 0x1f, 0x93, 0x40, 0x36, 0x80, 0x4b, 0x9f,
    0xd4, 0x40, 0x3, 0x80, 0x4, 0x8, 0x1, 0xa8,
    0xc0, 0x57, 0x4, 0x0, 0xe2, 0xc, 0x0, 0x19,
    0x0, 0xe1, 0x90, 0x9, 0xc, 0x40, 0xe, 0x1,
    0xf2, 0x80, 0x58, 0xa0, 0x17, 0x80, 0x7c, 0x5b,
    0xb4, 0x70, 0x4, 0x40, 0x1f, 0x88, 0xa1, 0x10,
    0x4, 0xe0, 0x1f, 0xff, 0x31, 0x0, 0x9c, 0x3,
    0xff, 0x81, 0xc0, 0x10, 0x80, 0x7f, 0xf0, 0x14,
    0x2, 0xd0, 0xf, 0x8b, 0x76, 0x83, 0x10, 0x2,
    0x80, 0x7c, 0x84, 0x57, 0x3, 0x0, 0x9, 0x80,
    0x3d, 0x60, 0x13, 0x84, 0x88, 0x2, 0x5c, 0x2,
    0x3c, 0x20, 0x3, 0x8, 0xe, 0x80, 0x51, 0xfd,
    0xf8, 0x60, 0x3, 0x90, 0x8, 0xf0, 0x40, 0x21,
    0x0, 0xcb, 0xa0, 0x1c, 0x7d, 0x28, 0x1, 0x13,
    0x65, 0x8, 0x7, 0xcd, 0x62, 0x0, 0xa8, 0x30,
    0xf, 0xf9, 0xcc, 0x23, 0x0, 0x3f, 0xf8, 0x13,
    0x84, 0x4, 0x60, 0x1f, 0xf1, 0x31, 0x0, 0x4,
    0x3, 0xfe, 0xc9, 0x0, 0x29, 0x0, 0x7f, 0xc6,
    0x29, 0x54, 0x0, 0xe0,

    /* U+00C8 "È" */
    0x0, 0x17, 0x7f, 0xb8, 0x40, 0x3f, 0xc5, 0xa2,
    0x3, 0x60, 0x1f, 0xf1, 0xe8, 0x1, 0x54, 0x1,
    0xff, 0x1d, 0x80, 0x2c, 0x40, 0x3f, 0xe4, 0xdc,
    0xd0, 0xf, 0xfe, 0x9, 0x19, 0x84, 0x3, 0xcf,
    0xff, 0xff, 0xc2, 0x30, 0xf, 0xfe, 0xc5, 0x77,
    0x7f, 0x8c, 0x3, 0x8, 0xff, 0xc0, 0x1f, 0xff,
    0x9b, 0xff, 0xfd, 0x60, 0x1f, 0xfd, 0xab, 0xff,
    0xfd, 0x60, 0x1f, 0xff, 0xf0, 0xf, 0xf8, 0x40,
    0x3f, 0xf8, 0x75, 0xff, 0xfe, 0x40, 0xf, 0xfe,
    0xa0,

    /* U+00C9 "É" */
    0x0, 0xfc, 0x7f, 0xf6, 0x8, 0x7, 0xfb, 0x80,
    0x7, 0x82, 0x1, 0xfd, 0x44, 0x9, 0x80, 0x1f,
    0xe6, 0x50, 0x5b, 0x0, 0xff, 0x9b, 0xfd, 0x40,
    0x1f, 0xfc, 0xa7, 0xff, 0xff, 0xe1, 0x18, 0x7,
    0xff, 0x62, 0xbb, 0xbf, 0xc6, 0x1, 0x84, 0x7f,
    0xe0, 0xf, 0xff, 0xcd, 0xff, 0xfe, 0xb0, 0xf,
    0xfe, 0xd5, 0xff, 0xfe, 0xb0, 0xf, 0xff, 0xf8,
    0x7, 0xfc, 0x20, 0x1f, 0xfc, 0x3a, 0xff, 0xff,
    0x20, 0x7, 0xff, 0x50,

    /* U+00CA "Ê" */
    0x0, 0xf2, 0x44, 0x8, 0x3, 0xfe, 0x6b, 0x77,
    0x61, 0x80, 0x7f, 0x4c, 0x80, 0xc4, 0x58, 0xc0,
    0x1f, 0x5b, 0x2, 0xe7, 0x98, 0x4c, 0x0, 0x71,
    0x99, 0xe6, 0x80, 0x72, 0x1c, 0x8, 0x3, 0x1c,
    0x41, 0x80, 0x33, 0xc4, 0x8, 0x3, 0xff, 0x8c,
    0xff, 0xff, 0xfc, 0x23, 0x0, 0xff, 0xec, 0x57,
    0x77, 0xf8, 0xc0, 0x30, 0x8f, 0xfc, 0x1, 0xff,
    0xf9, 0xbf, 0xff, 0xd6, 0x1, 0xff, 0xda, 0xbf,
    0xff, 0xd6, 0x1, 0xff, 0xff, 0x0, 0xff, 0x84,
    0x3, 0xff, 0x87, 0x5f, 0xff, 0xe4, 0x0, 0xff,
    0xea, 0x0,

    /* U+00CB "Ë" */
    0x0, 0x1e, 0xfc, 0x0, 0x43, 0x9f, 0x40, 0x1d,
    0x24, 0xe, 0x40, 0x6, 0x30, 0x54, 0x0, 0xc4,
    0x1, 0x18, 0x0, 0x40, 0x27, 0x0, 0xd1, 0x6,
    0xc1, 0x0, 0x34, 0xb5, 0x98, 0x7, 0x3c, 0x98,
    0x6, 0x69, 0x40, 0xf, 0xfe, 0x3b, 0xff, 0xff,
    0xf0, 0x8c, 0x3, 0xff, 0xb1, 0x5d, 0xdf, 0xe3,
    0x0, 0xc2, 0x3f, 0xf0, 0x7, 0xff, 0xe6, 0xff,
    0xff, 0x58, 0x7, 0xff, 0x6a, 0xff, 0xff, 0x58,
    0x7, 0xff, 0xfc, 0x3, 0xfe, 0x10, 0xf, 0xfe,
    0x1d, 0x7f, 0xff, 0x90, 0x3, 0xff, 0xa8,

    /* U+00CC "Ì" */
    0x0, 0x19, 0xe0, 0xf, 0xfa, 0xb3, 0x27, 0x0,
    0xff, 0x4a, 0x80, 0x20, 0x80, 0x3f, 0xd4, 0xa0,
    0x9, 0x0, 0xff, 0xa9, 0x1, 0x18, 0x3, 0xfe,
    0xbf, 0xf3, 0x0, 0x7f, 0xf2, 0x47, 0xff, 0xff,
    0x82, 0x80, 0x1f, 0xfd, 0x21, 0xee, 0xd2, 0x1,
    0x47, 0x76, 0x40, 0x11, 0xc6, 0x1, 0x84, 0x70,
    0x7, 0xff, 0xfc, 0x3, 0xff, 0xfe, 0x1, 0xff,
    0xe7, 0x30, 0xf, 0xe1, 0xff, 0xd2, 0x1, 0x47,
    0xfe, 0x40, 0xf, 0xfe, 0x90,

    /* U+00CD "Í" */
    0x0, 0xf8, 0x7b, 0xfd, 0xc6, 0x1, 0xfd, 0x62,
    0x3, 0x86, 0x1, 0xf9, 0x94, 0xb, 0x8, 0x3,
    0xf1, 0x48, 0x16, 0x10, 0x7, 0xf1, 0x7f, 0xb4,
    0x40, 0x3f, 0xf9, 0x3, 0xff, 0xff, 0xc1, 0x40,
    0xf, 0xfe, 0x90, 0xf7, 0x69, 0x0, 0xa3, 0xbb,
    0x20, 0x8, 0xe3, 0x0, 0xc2, 0x38, 0x3, 0xff,
    0xfe, 0x1, 0xff, 0xff, 0x0, 0xff, 0xf3, 0x98,
    0x7, 0xf0, 0xff, 0xe9, 0x0, 0xa3, 0xff, 0x20,
    0x7, 0xff, 0x48,

    /* U+00CE "Î" */
    0x0, 0xe7, 0xff, 0x58, 0x7, 0xfa, 0x20, 0x0,
    0x4c, 0x10, 0xf, 0xa1, 0xc0, 0xdc, 0xf, 0x4,
    0x3, 0xa5, 0xc0, 0xf2, 0x1c, 0xb, 0x4, 0x2,
    0x11, 0x3c, 0x60, 0x2, 0x29, 0xd5, 0x40, 0x10,
    0xc4, 0x1c, 0x3, 0x2c, 0x41, 0x0, 0x3f, 0xf8,
    0xa3, 0xff, 0xff, 0xc1, 0x40, 0xf, 0xfe, 0x90,
    0xf7, 0x69, 0x0, 0xa3, 0xbb, 0x20, 0x8, 0xe3,
    0x0, 0xc2, 0x38, 0x3, 0xff, 0xfe, 0x1, 0xff,
    0xff, 0x0, 0xff, 0xf3, 0x98, 0x7, 0xf0, 0xff,
    0xe9, 0x0, 0xa3, 0xff, 0x20, 0x7, 0xff, 0x48,

    /* U+00CF "Ï" */
    0x0, 0x5f, 0xe0, 0x6, 0x9f, 0xd2, 0x0, 0x99,
    0x0, 0xd8, 0x0, 0x6c, 0x5, 0x60, 0x11, 0x0,
    0x44, 0x0, 0x20, 0xb, 0x80, 0x24, 0xa6, 0xa4,
    0x0, 0xd, 0xb4, 0x38, 0x6, 0x59, 0x50, 0xc,
    0x92, 0xe0, 0x1f, 0xfc, 0x61, 0xff, 0xff, 0xe0,
    0xa0, 0x7, 0xff, 0x48, 0x7b, 0xb4, 0x80, 0x51,
    0xdd, 0x90, 0x4, 0x71, 0x80, 0x61, 0x1c, 0x1,
    0xff, 0xff, 0x0, 0xff, 0xff, 0x80, 0x7f, 0xf9,
    0xcc, 0x3, 0xf8, 0x7f, 0xf4, 0x80, 0x51, 0xff,
    0x90, 0x3, 0xff, 0xa4,

    /* U+00D0 "Ð" */
    0x0, 0xa7, 0xff, 0xdd, 0x6e, 0x20, 0x1f, 0xfc,
    0x41, 0x48, 0xe9, 0x0, 0xff, 0xe3, 0xb6, 0x88,
    0x7, 0xfb, 0x3f, 0xdb, 0x2, 0x0, 0x2c, 0x0,
    0xff, 0xe0, 0x93, 0xf9, 0x80, 0xa, 0x40, 0x3f,
    0xf8, 0x43, 0xa2, 0x0, 0x61, 0x0, 0xff, 0xe1,
    0xc, 0x80, 0x4c, 0x1, 0xff, 0xc3, 0x50, 0xb,
    0x0, 0x3f, 0xf8, 0x64, 0x20, 0x5, 0x7, 0x99,
    0x20, 0x5, 0x33, 0x30, 0x6, 0x30, 0x0, 0x85,
    0xb3, 0x8, 0x2, 0x56, 0x66, 0x80, 0x61, 0x0,
    0xff, 0xe6, 0x67, 0xf9, 0x80, 0x2c, 0xff, 0x58,
    0x6, 0x10, 0xf, 0xfe, 0x39, 0x80, 0x4, 0x3,
    0xff, 0x86, 0x42, 0x0, 0x50, 0xf, 0xfe, 0x1a,
    0x80, 0x58, 0x1, 0xff, 0xc2, 0x19, 0x0, 0x98,
    0x3, 0xff, 0x82, 0x3a, 0x20, 0x6, 0x10, 0xf,
    0xf8, 0x9f, 0xcc, 0x0, 0x52, 0x1, 0xfd, 0x9f,
    0xed, 0x81, 0x0, 0x16, 0x0, 0x7f, 0xf1, 0x5b,
    0x44, 0x3, 0xff, 0x82, 0x27, 0x1b, 0x20, 0x1c,

    /* U+00D1 "Ñ" */
    0x0, 0xff, 0x84, 0x3, 0xe7, 0xef, 0xb3, 0x0,
    0x17, 0x60, 0x7, 0x34, 0x8, 0x26, 0x5c, 0x78,
    0x7, 0xd0, 0x4, 0xa4, 0x8, 0xe4, 0x10, 0x1,
    0x84, 0x1, 0x95, 0xb4, 0x60, 0x34, 0x80, 0x18,
    0x7b, 0x82, 0x0, 0x5c, 0xfe, 0x50, 0xf, 0x84,
    0x3, 0xff, 0xa1, 0xff, 0x84, 0x3, 0xd9, 0xff,
    0x0, 0x74, 0x0, 0x7f, 0xf0, 0xd8, 0x40, 0x3f,
    0xf8, 0x70, 0x1, 0xff, 0xc3, 0x61, 0x0, 0xff,
    0xe1, 0xc8, 0x7, 0xff, 0xd, 0xc4, 0x3, 0xfe,
    0x22, 0x0, 0x24, 0x3, 0xff, 0x81, 0x0, 0x7,
    0x10, 0xf, 0xf9, 0x48, 0x0, 0xc0, 0x1f, 0xfc,
    0x8, 0x0, 0x48, 0x7, 0xff, 0x1, 0x48, 0x5,
    0xc0, 0x3f, 0xf8, 0x16, 0x0, 0x90, 0xf, 0xfe,
    0x3, 0x8, 0xb, 0x0, 0x7f, 0xf0, 0x20, 0x1,
    0x2, 0x1, 0xff, 0x30, 0x80, 0x90, 0x7, 0xff,
    0x2, 0x40, 0x3f, 0xf8, 0x6e, 0x20, 0x1f, 0xfc,
    0x39, 0x0, 0xff, 0xe1, 0xb8, 0x80, 0x7f, 0xf0,
    0xe4, 0x3, 0xff, 0x86, 0xe0, 0x1c,

    /* U+00D2 "Ò" */
    0x0, 0x93, 0xfe, 0xd0, 0xf, 0xfe, 0x2, 0x58,
    0x0, 0xa0, 0x3, 0xff, 0x80, 0x94, 0x0, 0x72,
    0x0, 0xff, 0xe0, 0x2c, 0x80, 0x38, 0x3, 0xff,
    0x82, 0xdb, 0x9e, 0x1, 0xff, 0xc2, 0x23, 0x30,
    0x7, 0xff, 0x45, 0xf3, 0xfe, 0xc7, 0x10, 0xf,
    0x8f, 0xa0, 0xc0, 0x23, 0x8f, 0x40, 0xe, 0x3c,
    0x10, 0xf, 0x86, 0xd4, 0x3, 0x68, 0x4, 0x97,
    0xb6, 0xa0, 0x15, 0x10, 0x2, 0x4, 0x0, 0xd6,
    0x84, 0x94, 0xe0, 0x14, 0x0, 0x18, 0x0, 0x32,
    0x1, 0xd0, 0x40, 0x5, 0x13, 0x10, 0x3, 0x80,
    0x7d, 0x40, 0x12, 0x28, 0x5, 0x80, 0x1f, 0x20,
    0x5, 0x9c, 0x1, 0x8, 0x7, 0xc4, 0x1, 0x10,
    0x80, 0x4e, 0x1, 0xf0, 0x80, 0x7f, 0xf2, 0x1c,
    0x3, 0xff, 0xaa, 0xe2, 0x1, 0x38, 0x7, 0xc2,
    0x1, 0xb8, 0x2, 0x10, 0xf, 0x88, 0x2, 0x25,
    0x0, 0xb0, 0x3, 0xe4, 0x0, 0xb0, 0xc4, 0x0,
    0xe0, 0x1f, 0x50, 0x4, 0x81, 0x20, 0x1, 0x90,
    0xe, 0x72, 0x0, 0x28, 0x83, 0x88, 0x1, 0xa9,
    0x9, 0x2a, 0x0, 0x28, 0x0, 0xb4, 0x2, 0x5b,
    0xdb, 0x50, 0xa, 0x88, 0x2, 0x3c, 0x10, 0xf,
    0x86, 0xd4, 0x3, 0x8f, 0xa4, 0xc4, 0x0, 0x71,
    0xc8, 0x1, 0x0,

    /* U+00D3 "Ó" */
    0x0, 0xfe, 0x5f, 0xfa, 0xc0, 0x3f, 0xe1, 0xb0,
    0x1, 0xd8, 0x7, 0xfd, 0x2, 0x5, 0xa0, 0x1f,
    0xf2, 0x30, 0x16, 0x8, 0x7, 0xfc, 0x2e, 0xec,
    0x10, 0xf, 0xfe, 0x2, 0xc4, 0x4, 0x3, 0xff,
    0xa0, 0xf9, 0xff, 0x63, 0x88, 0x7, 0xc7, 0xd0,
    0x60, 0x11, 0xc7, 0xa0, 0x7, 0x1e, 0x8, 0x7,
    0xc3, 0x6a, 0x1, 0xb4, 0x2, 0x4b, 0xdb, 0x50,
    0xa, 0x88, 0x1, 0x2, 0x0, 0x6b, 0x42, 0x4a,
    0x70, 0xa, 0x0, 0xc, 0x0, 0x19, 0x0, 0xe8,
    0x20, 0x2, 0x89, 0x88, 0x1, 0xc0, 0x3e, 0xa0,
    0x9, 0x14, 0x2, 0xc0, 0xf, 0x90, 0x2, 0xce,
    0x0, 0x84, 0x3, 0xe2, 0x0, 0x88, 0x40, 0x27,
    0x0, 0xf8, 0x40, 0x3f, 0xf9, 0xe, 0x1, 0xff,
    0xd5, 0x71, 0x0, 0x9c, 0x3, 0xe1, 0x0, 0xdc,
    0x1, 0x8, 0x7, 0xc4, 0x1, 0x12, 0x80, 0x58,
    0x1, 0xf2, 0x0, 0x58, 0x62, 0x0, 0x70, 0xf,
    0xa8, 0x2, 0x40, 0x90, 0x0, 0xc8, 0x7, 0x39,
    0x0, 0x14, 0x41, 0xc4, 0x0, 0xd4, 0x84, 0x95,
    0x0, 0x14, 0x0, 0x5a, 0x1, 0x2d, 0xed, 0xa8,
    0x5, 0x44, 0x1, 0x1e, 0x8, 0x7, 0xc3, 0x6a,
    0x1, 0xc7, 0xd2, 0x62, 0x0, 0x38, 0xe4, 0x0,
    0x80,

    /* U+00D4 "Ô" */
    0x0, 0xf9, 0x61, 0xc4, 0x3, 0xff, 0x81, 0x14,
    0xf1, 0x84, 0x1, 0xfe, 0xb7, 0x4, 0x2, 0xd4,
    0x0, 0xf8, 0x71, 0x1, 0xef, 0x44, 0x2d, 0x80,
    0x3c, 0xa8, 0xf5, 0x0, 0x5f, 0xf, 0xc0, 0x1e,
    0x48, 0x82, 0x80, 0x42, 0xf1, 0x0, 0xf, 0xfe,
    0xf3, 0xe7, 0xfd, 0x8e, 0x20, 0x1f, 0x1f, 0x41,
    0x80, 0x47, 0x1e, 0x80, 0x1c, 0x78, 0x20, 0x1f,
    0xd, 0xa8, 0x6, 0xd0, 0x9, 0x2f, 0x6d, 0x40,
    0x2a, 0x20, 0x4, 0x8, 0x1, 0xad, 0x9, 0x29,
    0xc0, 0x28, 0x0, 0x30, 0x0, 0x64, 0x3, 0xa0,
    0x80, 0xa, 0x26, 0x20, 0x7, 0x0, 0xfa, 0x80,
    0x24, 0x50, 0xb, 0x0, 0x3e, 0x40, 0xb, 0x38,
    0x2, 0x10, 0xf, 0x88, 0x2, 0x21, 0x0, 0x9c,
    0x3, 0xe1, 0x0, 0xff, 0xe4, 0x38, 0x7, 0xff,
    0x55, 0xc4, 0x2, 0x70, 0xf, 0x84, 0x3, 0x70,
    0x4, 0x20, 0x1f, 0x10, 0x4, 0x4a, 0x1, 0x60,
    0x7, 0xc8, 0x1, 0x61, 0x88, 0x1, 0xc0, 0x3e,
    0xa0, 0x9, 0x2, 0x40, 0x3, 0x20, 0x1c, 0xe4,
    0x0, 0x51, 0x7, 0x10, 0x3, 0x52, 0x12, 0x54,
    0x0, 0x50, 0x1, 0x68, 0x4, 0xb7, 0xb6, 0xa0,
    0x15, 0x10, 0x4, 0x78, 0x20, 0x1f, 0xd, 0xa8,
    0x7, 0x1f, 0x49, 0x88, 0x0, 0xe3, 0x90, 0x2,

    /* U+00D5 "Õ" */
    0x0, 0xe7, 0x96, 0x0, 0xd1, 0x1, 0x0, 0xf6,
    0x43, 0x4f, 0x30, 0x1b, 0xb8, 0xc0, 0x39, 0x8c,
    0x2, 0x19, 0xfc, 0x2, 0x20, 0x7, 0x68, 0x37,
    0xeb, 0x0, 0x6e, 0x0, 0xf7, 0x2d, 0x81, 0x4e,
    0xc4, 0x38, 0xc0, 0x3c, 0xb4, 0x40, 0x11, 0x3b,
    0x84, 0x3, 0xff, 0xbe, 0xf9, 0xff, 0x63, 0x88,
    0x7, 0xc7, 0xd0, 0x60, 0x11, 0xc7, 0xa0, 0x7,
    0x1e, 0x8, 0x7, 0xc3, 0x6a, 0x1, 0xb4, 0x2,
    0x4b, 0xdb, 0x50, 0xa, 0x88, 0x1, 0x2, 0x0,
    0x6b, 0x42, 0x4a, 0x70, 0xa, 0x0, 0xc, 0x0,
    0x19, 0x0, 0xe8, 0x20, 0x2, 0x89, 0x88, 0x1,
    0xc0, 0x3e, 0xa0, 0x9, 0x14, 0x2, 0xc0, 0xf,
    0x90, 0x2, 0xce, 0x0, 0x84, 0x3, 0xe2, 0x0,
    0x88, 0x40, 0x27, 0x0, 0xf8, 0x40, 0x3f, 0xf9,
    0xe, 0x1, 0xff, 0xd5, 0x71, 0x0, 0x9c, 0x3,
    0xe1, 0x0, 0xdc, 0x1, 0x8, 0x7, 0xc4, 0x1,
    0x12, 0x80, 0x58, 0x1, 0xf2, 0x0, 0x58, 0x62,
    0x0, 0x70, 0xf, 0xa8, 0x2, 0x40, 0x90, 0x0,
    0xc8, 0x7, 0x39, 0x0, 0x14, 0x41, 0xc4, 0x0,
    0xd4, 0x84, 0x95, 0x0, 0x14, 0x0, 0x5a, 0x1,
    0x2d, 0xed, 0xa8, 0x5, 0x44, 0x1, 0x1e, 0x8,
    0x7, 0xc3, 0x6a, 0x1, 0xc7, 0xd2, 0x62, 0x0,
    0x38, 0xe4, 0x0, 0x80,

    /* U+00D6 "Ö" */
    0x0, 0x93, 0xbd, 0x80, 0x22, 0xdf, 0x90, 0xf,
    0x48, 0x84, 0x80, 0x50, 0x40, 0xc4, 0x1, 0xcc,
    0x0, 0x20, 0x8, 0x80, 0x23, 0x0, 0xea, 0x77,
    0x78, 0x5, 0x10, 0x6c, 0x10, 0xe, 0x18, 0x81,
    0x0, 0x67, 0x93, 0x0, 0xff, 0xef, 0x3e, 0x7f,
    0xd8, 0xe2, 0x1, 0xf1, 0xf4, 0x18, 0x4, 0x71,
    0xe8, 0x1, 0xc7, 0x82, 0x1, 0xf0, 0xda, 0x80,
    0x6d, 0x0, 0x92, 0xf6, 0xd4, 0x2, 0xa2, 0x0,
    0x40, 0x80, 0x1a, 0xd0, 0x92, 0x9c, 0x2, 0x80,
    0x3, 0x0, 0x6, 0x40, 0x3a, 0x8, 0x0, 0xa2,
    0x62, 0x0, 0x70, 0xf, 0xa8, 0x2, 0x45, 0x0,
    0xb0, 0x3, 0xe4, 0x0, 0xb3, 0x80, 0x21, 0x0,
    0xf8, 0x80, 0x22, 0x10, 0x9, 0xc0, 0x3e, 0x10,
    0xf, 0xfe, 0x43, 0x80, 0x7f, 0xf5, 0x5c, 0x40,
    0x27, 0x0, 0xf8, 0x40, 0x37, 0x0, 0x42, 0x1,
    0xf1, 0x0, 0x44, 0xa0, 0x16, 0x0, 0x7c, 0x80,
    0x16, 0x18, 0x80, 0x1c, 0x3, 0xea, 0x0, 0x90,
    0x24, 0x0, 0x32, 0x1, 0xce, 0x40, 0x5, 0x10,
    0x71, 0x0, 0x35, 0x21, 0x25, 0x40, 0x5, 0x0,
    0x16, 0x80, 0x4b, 0x7b, 0x6a, 0x1, 0x51, 0x0,
    0x47, 0x82, 0x1, 0xf0, 0xda, 0x80, 0x71, 0xf4,
    0x98, 0x80, 0xe, 0x39, 0x0, 0x20,

    /* U+00D7 "×" */
    0x0, 0x21, 0x0, 0x7e, 0x51, 0x0, 0x96, 0xf0,
    0x80, 0x3c, 0xd5, 0x82, 0x5, 0x40, 0x38, 0x40,
    0x19, 0xa4, 0xb, 0x40, 0xa0, 0x0, 0x38, 0x40,
    0x6, 0x90, 0x0, 0xf8, 0x1, 0xe0, 0x0, 0x38,
    0x4d, 0x20, 0x1, 0xd3, 0x0, 0x9e, 0x0, 0x3,
    0x92, 0x1, 0x69, 0x80, 0x73, 0xc0, 0x0, 0x40,
    0x2c, 0x30, 0xf, 0x9d, 0x40, 0x35, 0x18, 0x7,
    0xe6, 0x50, 0xd, 0x64, 0x1, 0xf3, 0x48, 0x7,
    0xe, 0x10, 0x7, 0x2c, 0x80, 0x59, 0x0, 0x1,
    0xc2, 0x0, 0x96, 0x80, 0x2c, 0x37, 0x70, 0x0,
    0x70, 0x80, 0xa8, 0x2, 0xc3, 0x0, 0x43, 0x80,
    0x7, 0xc0, 0xa4, 0x1, 0x86, 0x1, 0xa1, 0xc0,
    0x78, 0x0, 0xd3, 0x86, 0x1, 0xe8, 0x86, 0x98,
    0x0,

    /* U+00D8 "Ø" */
    0x0, 0xff, 0xe1, 0xef, 0xd8, 0x7, 0x9f, 0x3b,
    0xfb, 0x18, 0x14, 0x82, 0x0, 0x32, 0x74, 0x18,
    0x80, 0x9c, 0xec, 0x2, 0x98, 0x4, 0x96, 0x20,
    0x1f, 0x11, 0x2, 0x0, 0x21, 0xa0, 0x9, 0x6f,
    0x6d, 0x40, 0x21, 0x30, 0xa, 0x44, 0x0, 0xd4,
    0x84, 0x94, 0x60, 0x1, 0x80, 0x9, 0x80, 0x3,
    0x20, 0x19, 0xc, 0x2, 0x60, 0x1, 0x88, 0x1,
    0xc0, 0x3a, 0x40, 0x39, 0x41, 0x40, 0x2c, 0x0,
    0xd0, 0x41, 0x40, 0x16, 0x87, 0x0, 0x4c, 0x1,
    0x13, 0x84, 0x20, 0x4, 0x60, 0x20, 0x1f, 0x70,
    0x1b, 0x88, 0x7, 0xff, 0x1, 0x8c, 0x3c, 0x3,
    0x9c, 0x3, 0xe1, 0x90, 0x63, 0x0, 0xe7, 0x0,
    0xfa, 0xc0, 0x64, 0x3, 0xf0, 0x80, 0x4e, 0x8a,
    0x16, 0x1, 0x8, 0x7, 0x70, 0x4, 0x72, 0x8,
    0xa0, 0x11, 0x0, 0x44, 0xa, 0x1, 0x41, 0x5,
    0x0, 0x64, 0x0, 0xbc, 0xc, 0x40, 0x34, 0x8,
    0x6, 0xa0, 0x9, 0xc0, 0x12, 0x1, 0xb, 0x80,
    0x67, 0x20, 0x2, 0x88, 0x1, 0xc8, 0x0, 0x34,
    0x64, 0x75, 0x0, 0x14, 0x0, 0x42, 0x60, 0x12,
    0xe6, 0xe2, 0x80, 0x54, 0x40, 0x14, 0x8, 0x10,
    0x7, 0xc3, 0x6a, 0x1, 0x1b, 0x4, 0xec, 0x98,
    0x80, 0xe, 0x39, 0x0, 0x37, 0x81, 0xb0, 0x36,
    0x77, 0xfb, 0x1c, 0x3, 0x80,

    /* U+00D9 "Ù" */
    0x0, 0x9, 0x9e, 0x0, 0xff, 0x86, 0x33, 0x24,
    0x0, 0xff, 0xac, 0xc0, 0x12, 0x1, 0xff, 0xc0,
    0xc3, 0x2, 0x80, 0xf, 0xfe, 0x6, 0x90, 0x39,
    0x80, 0x7f, 0xc3, 0xbf, 0xe3, 0x0, 0xff, 0xe5,
    0x77, 0xfb, 0x0, 0x3e, 0x9f, 0xf8, 0x80, 0x3f,
    0xfc, 0x82, 0x1, 0xff, 0xff, 0x0, 0xff, 0xf5,
    0x88, 0x7, 0xff, 0x6c, 0xc0, 0x30, 0x80, 0xc,
    0x3, 0xe1, 0x0, 0x8d, 0x40, 0x2, 0x40, 0x1e,
    0x40, 0x0, 0x8b, 0x40, 0x28, 0x0, 0xe7, 0x0,
    0x9c, 0x18, 0x40, 0xb, 0x44, 0x5, 0x10, 0x0,
    0xac, 0x1, 0x40, 0x12, 0xef, 0xeb, 0x80, 0x50,
    0x40, 0x4, 0xb1, 0x0, 0xfd, 0x2e, 0x1, 0x93,
    0xe0, 0xc4, 0x0, 0x6f, 0xcc, 0x1, 0x0,

    /* U+00DA "Ú" */
    0x0, 0xfe, 0x78, 0x88, 0x40, 0x3f, 0xcd, 0xe,
    0xe0, 0x10, 0xf, 0xe1, 0x90, 0x3, 0x40, 0x7,
    0xfa, 0x80, 0xb, 0x20, 0x1f, 0xe5, 0x40, 0x5a,
    0x0, 0xff, 0x97, 0xfd, 0x40, 0x1f, 0xfc, 0xae,
    0xff, 0x60, 0x7, 0xd3, 0xff, 0x10, 0x7, 0xff,
    0x90, 0x40, 0x3f, 0xff, 0xe0, 0x1f, 0xfe, 0xb1,
    0x0, 0xff, 0xed, 0x98, 0x6, 0x10, 0x1, 0x80,
    0x7c, 0x20, 0x11, 0xa8, 0x0, 0x48, 0x3, 0xc8,
    0x0, 0x11, 0x68, 0x5, 0x0, 0x1c, 0xe0, 0x13,
    0x83, 0x8, 0x1, 0x68, 0x80, 0xa2, 0x0, 0x15,
    0x80, 0x28, 0x2, 0x5d, 0xfd, 0x70, 0xa, 0x8,
    0x0, 0x96, 0x20, 0x1f, 0xa5, 0xc0, 0x32, 0x7c,
    0x18, 0x80, 0xd, 0xf9, 0x80, 0x20,

    /* U+00DB "Û" */
    0x0, 0xf5, 0x7f, 0xa8, 0x3, 0xfc, 0x38, 0xa0,
    0x5, 0xc1, 0x0, 0xf8, 0xfc, 0xc2, 0xa4, 0xf,
    0xc8, 0x3, 0x8f, 0x4, 0x56, 0xad, 0x60, 0x3a,
    0x60, 0x18, 0xff, 0xdc, 0x80, 0x4, 0xff, 0x8c,
    0x3, 0xff, 0xad, 0xdf, 0xec, 0x0, 0xfa, 0x7f,
    0xe2, 0x0, 0xff, 0xf2, 0x8, 0x7, 0xff, 0xfc,
    0x3, 0xff, 0xd6, 0x20, 0x1f, 0xfd, 0xb3, 0x0,
    0xc2, 0x0, 0x30, 0xf, 0x84, 0x2, 0x35, 0x0,
    0x9, 0x0, 0x79, 0x0, 0x2, 0x2d, 0x0, 0xa0,
    0x3, 0x9c, 0x2, 0x70, 0x61, 0x0, 0x2d, 0x10,
    0x14, 0x40, 0x2, 0xb0, 0x5, 0x0, 0x4b, 0xbf,
    0xae, 0x1, 0x41, 0x0, 0x12, 0xc4, 0x3, 0xf4,
    0xb8, 0x6, 0x4f, 0x83, 0x10, 0x1, 0xbf, 0x30,
    0x4,

    /* U+00DC "Ü" */
    0x0, 0x9e, 0x50, 0x3, 0x2c, 0xa8, 0x7, 0x3c,
    0x35, 0x90, 0x1, 0x29, 0xa9, 0x0, 0x37, 0x0,
    0x42, 0x0, 0x20, 0x8, 0x80, 0x35, 0x90, 0x29,
    0x80, 0x19, 0x1, 0x18, 0x3, 0x16, 0xfd, 0x0,
    0x6b, 0xfb, 0x0, 0xff, 0xeb, 0xf7, 0xfb, 0x0,
    0x3e, 0x9f, 0xf8, 0x80, 0x3f, 0xfc, 0x82, 0x1,
    0xff, 0xff, 0x0, 0xff, 0xf5, 0x88, 0x7, 0xff,
    0x6c, 0xc0, 0x30, 0x80, 0xc, 0x3, 0xe1, 0x0,
    0x8d, 0x40, 0x2, 0x40, 0x1e, 0x40, 0x0, 0x8b,
    0x40, 0x28, 0x0, 0xe7, 0x0, 0x9c, 0x18, 0x40,
    0xb, 0x44, 0x5, 0x10, 0x0, 0xac, 0x1, 0x40,
    0x12, 0xef, 0xeb, 0x80, 0x50, 0x40, 0x4, 0xb1,
    0x0, 0xfd, 0x2e, 0x1, 0x93, 0xe0, 0xc4, 0x0,
    0x6f, 0xcc, 0x1, 0x0,

    /* U+00DD "Ý" */
    0x0, 0xff, 0x88, 0xb0, 0x7, 0xff, 0x9, 0xf7,
    0x6b, 0x0, 0xff, 0xe0, 0x8c, 0x0, 0x16, 0x40,
    0x3f, 0xf8, 0x34, 0x0, 0x4a, 0x0, 0xff, 0xe0,
    0xaa, 0x1, 0xd8, 0x7, 0xff, 0xe, 0x27, 0x40,
    0x3f, 0xf8, 0x6a, 0xec, 0x20, 0x1f, 0xf, 0xfe,
    0x10, 0xf, 0xd9, 0xff, 0x28, 0xb8, 0x5, 0x20,
    0x1f, 0x19, 0x80, 0x4, 0xa1, 0x20, 0x13, 0x80,
    0x7d, 0x0, 0x14, 0x0, 0x5, 0xc0, 0x26, 0x0,
    0xe2, 0x40, 0x1, 0x28, 0x5, 0x20, 0x15, 0x80,
    0x75, 0x80, 0x50, 0x1, 0x85, 0xc0, 0x4, 0xa0,
    0x10, 0xb0, 0x0, 0x94, 0x3, 0xa4, 0x2, 0x90,
    0x9, 0x80, 0x28, 0x0, 0xf0, 0xb8, 0x0, 0xcc,
    0x0, 0x90, 0x1, 0x28, 0x7, 0xd2, 0x1, 0x48,
    0x28, 0x80, 0x20, 0x3, 0xf0, 0xb8, 0x1, 0x46,
    0x40, 0x4, 0xa0, 0x1f, 0xd2, 0x1, 0x69, 0x80,
    0x20, 0x3, 0xfc, 0x2e, 0x0, 0x30, 0x1, 0xa8,
    0x7, 0xfd, 0x20, 0x1d, 0x20, 0x1f, 0xfc, 0x1,
    0x70, 0x8, 0xd4, 0x3, 0xff, 0x83, 0x60, 0x15,
    0x80, 0x7f, 0xff, 0xc0, 0x3f, 0xfe, 0xa0,

    /* U+00DE "Þ" */
    0xaf, 0xf8, 0x40, 0x3f, 0xfe, 0x7d, 0xff, 0xba,
    0xdc, 0x40, 0x3f, 0xf8, 0x2, 0x91, 0xce, 0x1,
    0xff, 0xc3, 0x89, 0x0, 0xee, 0xff, 0xda, 0xc0,
    0x13, 0x18, 0x7, 0xf1, 0x4c, 0x80, 0x29, 0x0,
    0xff, 0x98, 0x40, 0x8, 0x1, 0xff, 0xc0, 0x20,
    0x0, 0x80, 0x7f, 0xf0, 0x8, 0x0, 0x20, 0x1f,
    0xf3, 0x8, 0x1, 0x0, 0x3f, 0x8a, 0x24, 0x2,
    0x90, 0xd, 0xdf, 0xfb, 0x5c, 0x2, 0x73, 0x0,
    0xff, 0xe0, 0xc4, 0x0, 0x3f, 0xc2, 0x91, 0xce,
    0x1, 0xee, 0xff, 0xdd, 0x6e, 0x20, 0x1f, 0xff,
    0x70,

    /* U+00DF "ß" */
    0x0, 0xe4, 0x77, 0x31, 0x80, 0x7f, 0x37, 0x5c,
    0x42, 0x73, 0x4c, 0x3, 0xd1, 0x22, 0x1, 0xc5,
    0x86, 0x1, 0x91, 0xc0, 0x31, 0x0, 0x6f, 0x0,
    0xd0, 0x1, 0x37, 0xee, 0x0, 0x46, 0x40, 0x1,
    0x30, 0x1, 0xc8, 0x0, 0xd4, 0x2, 0x60, 0x2,
    0x0, 0x56, 0x1, 0xb4, 0x3, 0xc6, 0x1, 0x10,
    0x6, 0xe0, 0x9, 0x80, 0x3c, 0x20, 0x19, 0xc0,
    0x6, 0x40, 0x1f, 0xe8, 0x10, 0x4, 0x0, 0x7f,
    0xce, 0x0, 0x34, 0x0, 0xff, 0x18, 0x4, 0x80,
    0x1f, 0xfc, 0x32, 0x0, 0xff, 0x8c, 0x2, 0x53,
    0x0, 0xff, 0x9c, 0x2, 0xd2, 0x0, 0xff, 0x41,
    0x80, 0x7, 0x8, 0x3, 0xfd, 0x86, 0x0, 0x1f,
    0x0, 0xff, 0xb0, 0xc0, 0x4, 0xe0, 0x1f, 0xf7,
    0x0, 0x54, 0x1, 0xff, 0x11, 0x0, 0x6, 0x1,
    0xff, 0xc0, 0x30, 0x1, 0x80, 0x7a, 0x98, 0x80,
    0x64, 0x40, 0xe, 0x1, 0xc2, 0xb3, 0xbf, 0xcc,
    0x1, 0x48, 0x7, 0x28, 0x7, 0xe9, 0x30, 0xe,
    0x66, 0x18, 0x80, 0x5, 0x71, 0x80,

    /* U+00E0 "à" */
    0x0, 0x3f, 0xfd, 0x40, 0x1f, 0xf3, 0xc0, 0x1,
    0x50, 0x3, 0xfe, 0x77, 0x0, 0x28, 0x3, 0xff,
    0x81, 0xc, 0x3, 0x20, 0x1f, 0xfc, 0x9, 0xcc,
    0x50, 0x7, 0xff, 0x4, 0xce, 0x0, 0xff, 0x1c,
    0xef, 0xfd, 0x90, 0x40, 0x1e, 0x9c, 0x62, 0x0,
    0x8d, 0xf5, 0xc0, 0x35, 0x30, 0x4, 0x24, 0x1,
    0xa1, 0x80, 0x6, 0xa0, 0x2, 0xde, 0xdf, 0x90,
    0xa, 0x0, 0x16, 0x1, 0x49, 0x0, 0x4c, 0xc0,
    0x0, 0xa0, 0x47, 0xfc, 0x80, 0x1d, 0x80, 0x11,
    0x0, 0x78, 0x91, 0x56, 0xd0, 0xf, 0x8a, 0xbb,
    0x6e, 0xaa, 0x70, 0xf, 0x36, 0xa8, 0x80, 0x7f,
    0xc7, 0x20, 0x1, 0x9d, 0xff, 0xa8, 0x3, 0xa0,
    0x2, 0xc6, 0x20, 0xf, 0xe5, 0x0, 0x11, 0x0,
    0x3f, 0xf8, 0x46, 0x1, 0xee, 0x0, 0xe5, 0x0,
    0xd, 0x10, 0x1, 0x31, 0x0, 0x3a, 0x0, 0x25,
    0xdf, 0xf5, 0x98, 0x6, 0x10, 0x39, 0x0, 0xfc,
    0xe0, 0x16, 0x80, 0x1b, 0x58, 0x80, 0x4, 0xfd,
    0x2, 0x0, 0x40,

    /* U+00E1 "á" */
    0x0, 0xfd, 0x3f, 0xf4, 0x0, 0x7f, 0x91, 0x80,
    0x11, 0x0, 0xf, 0xe1, 0xa0, 0x4, 0xb8, 0x7,
    0xfa, 0x84, 0x25, 0x80, 0x3f, 0xea, 0xee, 0x30,
    0x7, 0xff, 0x0, 0x46, 0x0, 0xff, 0x1c, 0xef,
    0xfd, 0x90, 0x40, 0x1e, 0x9c, 0x62, 0x0, 0x8d,
    0xf5, 0xc0, 0x35, 0x30, 0x4, 0x24, 0x1, 0xa1,
    0x80, 0x6, 0xa0, 0x2, 0xde, 0xdf, 0x90, 0xa,
    0x0, 0x16, 0x1, 0x49, 0x0, 0x4c, 0xc0, 0x0,
    0xa0, 0x47, 0xfc, 0x80, 0x1d, 0x80, 0x11, 0x0,
    0x78, 0x91, 0x56, 0xd0, 0xf, 0x8a, 0xbb, 0x6e,
    0xaa, 0x70, 0xf, 0x36, 0xa8, 0x80, 0x7f, 0xc7,
    0x20, 0x1, 0x9d, 0xff, 0xa8, 0x3, 0xa0, 0x2,
    0xc6, 0x20, 0xf, 0xe5, 0x0, 0x11, 0x0, 0x3f,
    0xf8, 0x46, 0x1, 0xee, 0x0, 0xe5, 0x0, 0xd,
    0x10, 0x1, 0x31, 0x0, 0x3a, 0x0, 0x25, 0xdf,
    0xf5, 0x98, 0x6, 0x10, 0x39, 0x0, 0xfc, 0xe0,
    0x16, 0x80, 0x1b, 0x58, 0x80, 0x4, 0xfd, 0x2,
    0x0, 0x40,

    /* U+00E2 "â" */
    0x0, 0xe4, 0xff, 0x94, 0x3, 0xfd, 0x16, 0x1,
    0x54, 0x0, 0x7c, 0x36, 0xe0, 0xde, 0xc0, 0xf8,
    0x20, 0x1c, 0xc2, 0xb5, 0x21, 0x34, 0xad, 0x20,
    0x1c, 0xf5, 0x45, 0x0, 0x96, 0xa9, 0x0, 0x1f,
    0xfc, 0xa3, 0x9d, 0xff, 0xb2, 0x8, 0x3, 0xd3,
    0x8c, 0x40, 0x11, 0xbe, 0xb8, 0x6, 0xa6, 0x0,
    0x84, 0x80, 0x34, 0x30, 0x0, 0xd4, 0x0, 0x5b,
    0xdb, 0xf2, 0x1, 0x40, 0x2, 0xc0, 0x29, 0x20,
    0x9, 0x98, 0x0, 0x14, 0x8, 0xff, 0x90, 0x3,
    0xb0, 0x2, 0x20, 0xf, 0x12, 0x2a, 0xda, 0x1,
    0xf1, 0x57, 0x6d, 0xd5, 0x4e, 0x1, 0xe6, 0xd5,
    0x10, 0xf, 0xf8, 0xe4, 0x0, 0x33, 0xbf, 0xf5,
    0x0, 0x74, 0x0, 0x58, 0xc4, 0x1, 0xfc, 0xa0,
    0x2, 0x20, 0x7, 0xff, 0x8, 0xc0, 0x3d, 0xc0,
    0x1c, 0xa0, 0x1, 0xa2, 0x0, 0x26, 0x20, 0x7,
    0x40, 0x4, 0xbb, 0xfe, 0xb3, 0x0, 0xc2, 0x7,
    0x20, 0x1f, 0x9c, 0x2, 0xd0, 0x3, 0x6b, 0x10,
    0x0, 0x9f, 0xa0, 0x40, 0x8, 0x0,

    /* U+00E3 "ã" */
    0x0, 0xff, 0x84, 0x3, 0xe5, 0xef, 0xa1, 0x0,
    0xbb, 0x0, 0x39, 0x28, 0x41, 0x7d, 0x41, 0xc0,
    0x80, 0x3a, 0x0, 0x54, 0x45, 0x5f, 0x0, 0xc0,
    0x1c, 0x61, 0x95, 0xce, 0x1, 0x14, 0x0, 0x75,
    0x39, 0x0, 0x23, 0x22, 0x74, 0x3, 0xcb, 0x0,
    0x18, 0xdd, 0x80, 0x3f, 0xf9, 0x87, 0x3b, 0xff,
    0x64, 0x10, 0x7, 0xa7, 0x18, 0x80, 0x23, 0x7d,
    0x70, 0xd, 0x4c, 0x1, 0x9, 0x0, 0x68, 0x60,
    0x1, 0xa8, 0x0, 0xb7, 0xb7, 0xe4, 0x2, 0x80,
    0x5, 0x80, 0x52, 0x40, 0x13, 0x30, 0x0, 0x28,
    0x11, 0xff, 0x20, 0x7, 0x60, 0x4, 0x40, 0x1e,
    0x24, 0x55, 0xb4, 0x3, 0xe2, 0xae, 0xdb, 0xaa,
    0x9c, 0x3, 0xcd, 0xaa, 0x20, 0x1f, 0xf1, 0xc8,
    0x0, 0x67, 0x7f, 0xea, 0x0, 0xe8, 0x0, 0xb1,
    0x88, 0x3, 0xf9, 0x40, 0x4, 0x40, 0xf, 0xfe,
    0x11, 0x80, 0x7b, 0x80, 0x39, 0x40, 0x3, 0x44,
    0x0, 0x4c, 0x40, 0xe, 0x80, 0x9, 0x77, 0xfd,
    0x66, 0x1, 0x84, 0xe, 0x40, 0x3f, 0x38, 0x5,
    0xa0, 0x6, 0xd6, 0x20, 0x1, 0x3f, 0x40, 0x80,
    0x10, 0x0,

    /* U+00E4 "ä" */
    0x0, 0x3f, 0xf2, 0x0, 0x4b, 0xdc, 0x60, 0xe,
    0x80, 0x18, 0x0, 0xac, 0x45, 0x0, 0x1c, 0x20,
    0x6, 0x0, 0x88, 0x0, 0x60, 0x1d, 0x8c, 0xf6,
    0x1, 0x6b, 0xbb, 0x0, 0x38, 0xa6, 0x4, 0x2,
    0x18, 0x80, 0x80, 0x7f, 0xf2, 0x8e, 0x77, 0xfe,
    0xc8, 0x20, 0xf, 0x4e, 0x31, 0x0, 0x46, 0xfa,
    0xe0, 0x1a, 0x98, 0x2, 0x12, 0x0, 0xd0, 0xc0,
    0x3, 0x50, 0x1, 0x6f, 0x6f, 0xc8, 0x5, 0x0,
    0xb, 0x0, 0xa4, 0x80, 0x26, 0x60, 0x0, 0x50,
    0x23, 0xfe, 0x40, 0xe, 0xc0, 0x8, 0x80, 0x3c,
    0x48, 0xab, 0x68, 0x7, 0xc5, 0x5d, 0xb7, 0x55,
    0x38, 0x7, 0x9b, 0x54, 0x40, 0x3f, 0xe3, 0x90,
    0x0, 0xce, 0xff, 0xd4, 0x1, 0xd0, 0x1, 0x63,
    0x10, 0x7, 0xf2, 0x80, 0x8, 0x80, 0x1f, 0xfc,
    0x23, 0x0, 0xf7, 0x0, 0x72, 0x80, 0x6, 0x88,
    0x0, 0x98, 0x80, 0x1d, 0x0, 0x12, 0xef, 0xfa,
    0xcc, 0x3, 0x8, 0x1c, 0x80, 0x7e, 0x70, 0xb,
    0x40, 0xd, 0xac, 0x40, 0x2, 0x7e, 0x81, 0x0,
    0x20, 0x0,

    /* U+00E5 "å" */
    0x0, 0xf8, 0x40, 0x3f, 0xf8, 0x2d, 0xdd, 0x30,
    0x7, 0xf9, 0x25, 0x69, 0x65, 0x0, 0x3f, 0xb8,
    0x29, 0x6c, 0x38, 0x3, 0xf8, 0x40, 0x40, 0x21,
    0x0, 0xfe, 0xd0, 0x92, 0x80, 0xd0, 0xf, 0xe6,
    0x6b, 0x5d, 0x98, 0x1, 0xfe, 0x9d, 0xbd, 0x90,
    0xf, 0xfe, 0x1, 0x21, 0x0, 0x7f, 0x8e, 0x77,
    0xfe, 0xc8, 0x20, 0xf, 0x4e, 0x31, 0x0, 0x46,
    0xfa, 0xe0, 0x1a, 0x98, 0x2, 0x12, 0x0, 0xd0,
    0xc0, 0x3, 0x50, 0x1, 0x6f, 0x6f, 0xc8, 0x5,
    0x0, 0xb, 0x0, 0xa4, 0x80, 0x26, 0x60, 0x0,
    0x50, 0x23, 0xfe, 0x40, 0xe, 0xc0, 0x8, 0x80,
    0x3c, 0x48, 0xab, 0x68, 0x7, 0xc5, 0x5d, 0xb7,
    0x55, 0x38, 0x7, 0x9b, 0x54, 0x40, 0x3f, 0xe3,
    0x90, 0x0, 0xce, 0xff, 0xd4, 0x1, 0xd0, 0x1,
    0x63, 0x10, 0x7, 0xf2, 0x80, 0x8, 0x80, 0x1f,
    0xfc, 0x23, 0x0, 0xf7, 0x0, 0x72, 0x80, 0x6,
    0x88, 0x0, 0x98, 0x80, 0x1d, 0x0, 0x12, 0xef,
    0xfa, 0xcc, 0x3, 0x8, 0x1c, 0x80, 0x7e, 0x70,
    0xb, 0x40, 0xd, 0xac, 0x40, 0x2, 0x7e, 0x81,
    0x0, 0x20, 0x0,

    /* U+00E6 "æ" */
    0x0, 0x9b, 0x3f, 0xdd, 0x22, 0x53, 0xdf, 0xd4,
    0x40, 0x1a, 0xe4, 0xc0, 0x2, 0xdf, 0xac, 0x20,
    0x2b, 0xa6, 0x0, 0x74, 0x0, 0xf0, 0x80, 0x7d,
    0xc0, 0xb, 0x0, 0xe, 0xfb, 0x0, 0x43, 0xbf,
    0x0, 0x2, 0x40, 0x1, 0x11, 0x88, 0x2c, 0x2,
    0x92, 0x7, 0x10, 0x6, 0x6, 0x6e, 0xa0, 0x0,
    0x60, 0x11, 0x80, 0x46, 0x0, 0x20, 0xf, 0xfe,
    0x52, 0x56, 0xff, 0x0, 0x57, 0xff, 0x10, 0x7,
    0x55, 0xa9, 0x0, 0x7f, 0xf0, 0xa5, 0x40, 0x23,
    0x40, 0x9, 0x15, 0x7d, 0x80, 0xc0, 0x16, 0x62,
    0x80, 0x2f, 0xaa, 0xf3, 0x18, 0x4, 0xe6, 0x1,
    0xff, 0xc1, 0x70, 0xb, 0x80, 0x3d, 0x80, 0x1f,
    0x30, 0x5, 0x64, 0x8, 0x1, 0x3b, 0x84, 0x5,
    0x9c, 0x8, 0x80, 0x2, 0xdf, 0xa0, 0xd, 0x1d,
    0xfd, 0x32, 0x0, 0x48, 0x7, 0x8a, 0xc0, 0x3e,
    0x12, 0x4, 0xd5, 0x10, 0x17, 0xd4, 0xd6, 0x10,
    0x1, 0x36, 0x10,

    /* U+00E7 "ç" */
    0x0, 0xcb, 0x7d, 0xfe, 0xd9, 0x20, 0xe, 0x2d,
    0xa4, 0x10, 0x1, 0x36, 0xc0, 0x4, 0x58, 0x40,
    0x1f, 0x9e, 0x40, 0x1c, 0x20, 0x4, 0xcf, 0xe9,
    0x10, 0x3, 0x1a, 0x18, 0x1, 0x2c, 0xc0, 0x5b,
    0x40, 0x29, 0xe0, 0xa, 0x40, 0x38, 0xcc, 0x0,
    0x77, 0x0, 0x4, 0x80, 0x3d, 0xd9, 0x8e, 0x20,
    0x1, 0x0, 0x7c, 0x46, 0x70, 0x4, 0xe0, 0x1f,
    0xfc, 0x27, 0x0, 0xff, 0x88, 0x0, 0x40, 0x1f,
    0xf3, 0x80, 0x4, 0x80, 0x3d, 0x17, 0x69, 0xe0,
    0xa, 0x0, 0x38, 0x5d, 0x10, 0x48, 0x60, 0x5,
    0x91, 0x0, 0x26, 0x0, 0x5e, 0x1c, 0x20, 0x6,
    0xef, 0xf5, 0x90, 0x1, 0x90, 0xb, 0x8, 0x3,
    0xf3, 0xc8, 0x4, 0x5b, 0x48, 0x1, 0x13, 0xec,
    0x0, 0x79, 0x6c, 0xc0, 0xb, 0x24, 0x1, 0xfc,
    0x88, 0x7, 0xf1, 0x0, 0xfe, 0x8b, 0x40, 0x14,
    0x0, 0xfe, 0x15, 0x50, 0x0, 0x40, 0x3f, 0xb6,
    0x84, 0xd, 0x0, 0x3f, 0x9c, 0x4e, 0x70, 0x3,
    0x0,

    /* U+00E8 "è" */
    0x0, 0x9b, 0xfe, 0xa0, 0xf, 0xfe, 0x3, 0x40,
    0x1, 0x50, 0x3, 0xff, 0x80, 0xee, 0x0, 0x50,
    0x80, 0x7f, 0xf0, 0x21, 0x80, 0x60, 0x3, 0xff,
    0x83, 0x39, 0x8a, 0x0, 0xff, 0xe1, 0x19, 0xc0,
    0x1f, 0xfc, 0x4, 0xae, 0xff, 0x6c, 0x98, 0x7,
    0xc3, 0x76, 0x51, 0x0, 0x13, 0x64, 0x0, 0x70,
    0xe2, 0x0, 0x7e, 0x79, 0x0, 0xd4, 0x40, 0x3,
    0xbf, 0xf5, 0x8, 0x1, 0x90, 0x0, 0x88, 0x0,
    0x1e, 0x20, 0x1, 0x70, 0x2, 0xf0, 0x7, 0x0,
    0x5e, 0x1, 0xc4, 0xc0, 0x4, 0x10, 0x40, 0x0,
    0x98, 0x7, 0xb0, 0x2, 0x50, 0x10, 0x0, 0xff,
    0xfd, 0x40, 0x10, 0x88, 0x3, 0xff, 0x86, 0x60,
    0x1c, 0x23, 0xff, 0x18, 0x80, 0x45, 0xdd, 0xff,
    0x28, 0x20, 0x0, 0x88, 0x1, 0xff, 0xc0, 0xe0,
    0xb, 0xc4, 0x3, 0xcb, 0x0, 0x12, 0x98, 0x0,
    0xbd, 0x84, 0x0, 0x95, 0x47, 0xa0, 0xb, 0x48,
    0x0, 0x33, 0xdf, 0xeb, 0x50, 0x1, 0x80, 0x43,
    0x8a, 0x1, 0xfd, 0x32, 0x0, 0xc3, 0x58, 0xc4,
    0x0, 0x13, 0x8e, 0x60, 0x0,

    /* U+00E9 "é" */
    0x0, 0xfe, 0x9f, 0xfa, 0x0, 0x3f, 0xe4, 0x60,
    0x4, 0x40, 0x3, 0xfc, 0x34, 0x0, 0x97, 0x0,
    0xff, 0xa8, 0x42, 0x58, 0x3, 0xff, 0x81, 0x5d,
    0xc6, 0x0, 0xff, 0xe0, 0x88, 0xc0, 0x1f, 0xfc,
    0x4, 0xae, 0xff, 0x6c, 0x98, 0x7, 0xc3, 0x76,
    0x51, 0x0, 0x13, 0x64, 0x0, 0x70, 0xe2, 0x0,
    0x7e, 0x79, 0x0, 0xd4, 0x40, 0x3, 0xbf, 0xf5,
    0x8, 0x1, 0x90, 0x0, 0x88, 0x0, 0x1e, 0x20,
    0x1, 0x70, 0x2, 0xf0, 0x7, 0x0, 0x5e, 0x1,
    0xc4, 0xc0, 0x4, 0x10, 0x40, 0x0, 0x98, 0x7,
    0xb0, 0x2, 0x50, 0x10, 0x0, 0xff, 0xfd, 0x40,
    0x10, 0x88, 0x3, 0xff, 0x86, 0x60, 0x1c, 0x23,
    0xff, 0x18, 0x80, 0x45, 0xdd, 0xff, 0x28, 0x20,
    0x0, 0x88, 0x1, 0xff, 0xc0, 0xe0, 0xb, 0xc4,
    0x3, 0xcb, 0x0, 0x12, 0x98, 0x0, 0xbd, 0x84,
    0x0, 0x95, 0x47, 0xa0, 0xb, 0x48, 0x0, 0x33,
    0xdf, 0xeb, 0x50, 0x1, 0x80, 0x43, 0x8a, 0x1,
    0xfd, 0x32, 0x0, 0xc3, 0x58, 0xc4, 0x0, 0x13,
    0x8e, 0x60, 0x0,

    /* U+00EA "ê" */
    0x0, 0xf2, 0x77, 0xf9, 0x40, 0x3f, 0xe8, 0xb1,
    0x0, 0x54, 0x0, 0x7e, 0x1b, 0x70, 0x6f, 0x70,
    0x7c, 0x10, 0xf, 0x30, 0xad, 0x48, 0x45, 0x2b,
    0x48, 0x7, 0x9e, 0xa8, 0xa0, 0x12, 0xd5, 0x20,
    0x3, 0xff, 0x9a, 0x95, 0xdf, 0xed, 0x93, 0x0,
    0xf8, 0x6e, 0xca, 0x20, 0x2, 0x6c, 0x80, 0xe,
    0x1c, 0x40, 0xf, 0xcf, 0x20, 0x1a, 0x88, 0x0,
    0x77, 0xfe, 0xa1, 0x0, 0x32, 0x0, 0x11, 0x0,
    0x3, 0xc4, 0x0, 0x2e, 0x0, 0x5e, 0x0, 0xe0,
    0xb, 0xc0, 0x38, 0x98, 0x0, 0x82, 0x8, 0x0,
    0x13, 0x0, 0xf6, 0x0, 0x4a, 0x2, 0x0, 0x1f,
    0xff, 0xa8, 0x2, 0x11, 0x0, 0x7f, 0xf0, 0xcc,
    0x3, 0x84, 0x7f, 0xe3, 0x10, 0x8, 0xbb, 0xbf,
    0xe5, 0x4, 0x0, 0x11, 0x0, 0x3f, 0xf8, 0x1c,
    0x1, 0x78, 0x80, 0x79, 0x60, 0x2, 0x53, 0x0,
    0x17, 0xb0, 0x80, 0x12, 0xa8, 0xf4, 0x1, 0x69,
    0x0, 0x6, 0x7b, 0xfd, 0x6a, 0x0, 0x30, 0x8,
    0x71, 0x40, 0x3f, 0xa6, 0x40, 0x18, 0x6b, 0x18,
    0x80, 0x2, 0x71, 0xcc, 0x0,

    /* U+00EB "ë" */
    0x0, 0x9f, 0xf9, 0x0, 0x25, 0xee, 0x30, 0x7,
    0xa0, 0x6, 0x0, 0x2b, 0x11, 0x40, 0x7, 0x84,
    0x0, 0xc0, 0x11, 0x0, 0xc, 0x3, 0xd8, 0xcf,
    0x60, 0x16, 0xbb, 0xb0, 0x3, 0xc5, 0x30, 0x20,
    0x10, 0xc4, 0x4, 0x3, 0xff, 0x9a, 0x95, 0xdf,
    0xed, 0x93, 0x0, 0xf8, 0x6e, 0xca, 0x20, 0x2,
    0x6c, 0x80, 0xe, 0x1c, 0x40, 0xf, 0xcf, 0x20,
    0x1a, 0x88, 0x0, 0x77, 0xfe, 0xa1, 0x0, 0x32,
    0x0, 0x11, 0x0, 0x3, 0xc4, 0x0, 0x2e, 0x0,
    0x5e, 0x0, 0xe0, 0xb, 0xc0, 0x38, 0x98, 0x0,
    0x82, 0x8, 0x0, 0x13, 0x0, 0xf6, 0x0, 0x4a,
    0x2, 0x0, 0x1f, 0xff, 0xa8, 0x2, 0x11, 0x0,
    0x7f, 0xf0, 0xcc, 0x3, 0x84, 0x7f, 0xe3, 0x10,
    0x8, 0xbb, 0xbf, 0xe5, 0x4, 0x0, 0x11, 0x0,
    0x3f, 0xf8, 0x1c, 0x1, 0x78, 0x80, 0x79, 0x60,
    0x2, 0x53, 0x0, 0x17, 0xb0, 0x80, 0x12, 0xa8,
    0xf4, 0x1, 0x69, 0x0, 0x6, 0x7b, 0xfd, 0x6a,
    0x0, 0x30, 0x8, 0x71, 0x40, 0x3f, 0xa6, 0x40,
    0x18, 0x6b, 0x18, 0x80, 0x2, 0x71, 0xcc, 0x0,

    /* U+00EC "ì" */
    0x0, 0x47, 0xfd, 0x0, 0x1f, 0xe8, 0x60, 0x3,
    0x98, 0x7, 0xfa, 0x54, 0x1, 0xc0, 0x1f, 0xf5,
    0x28, 0x14, 0x0, 0x7f, 0xd5, 0x98, 0xa0, 0xf,
    0x6f, 0xff, 0x66, 0x35, 0x0, 0x3f, 0xfa, 0xfb,
    0xdd, 0x9c, 0x3, 0xfc, 0x23, 0x80, 0x3f, 0xff,
    0xe0, 0x1f, 0xff, 0xad, 0xff, 0xce, 0x1, 0x5f,
    0xfe, 0x60, 0xf, 0xfe, 0x90,

    /* U+00ED "í" */
    0x0, 0xfd, 0x7f, 0xf2, 0x80, 0x7f, 0x4a, 0x0,
    0xe2, 0x80, 0x7e, 0x66, 0x1, 0xf9, 0x80, 0x7f,
    0xa2, 0x70, 0x40, 0x3f, 0xcc, 0xec, 0x1, 0xed,
    0xff, 0xfc, 0x80, 0x1f, 0xfd, 0x7d, 0xee, 0xce,
    0x1, 0xfe, 0x11, 0xc0, 0x1f, 0xff, 0xf0, 0xf,
    0xff, 0xd6, 0xff, 0xe7, 0x0, 0xaf, 0xff, 0x30,
    0x7, 0xff, 0x48,

    /* U+00EE "î" */
    0x0, 0xe5, 0xff, 0x72, 0x0, 0x7f, 0x4d, 0x0,
    0x6, 0xdc, 0x3, 0xc3, 0x8c, 0xf, 0xea, 0x11,
    0x62, 0x1, 0xa1, 0xd2, 0xa0, 0x2a, 0x10, 0x18,
    0x3, 0x4d, 0xd9, 0x40, 0x27, 0xbb, 0x38, 0x7,
    0xff, 0x17, 0x7f, 0xff, 0x20, 0x7, 0xff, 0x5f,
    0x7b, 0xb3, 0x80, 0x7f, 0x84, 0x70, 0x7, 0xff,
    0xfc, 0x3, 0xff, 0xf5, 0xbf, 0xf9, 0xc0, 0x2b,
    0xff, 0xcc, 0x1, 0xff, 0xd2,

    /* U+00EF "ï" */
    0x0, 0x4f, 0xe9, 0x0, 0x4d, 0xfc, 0x80, 0x11,
    0x30, 0x14, 0x0, 0x52, 0x3, 0x20, 0x11, 0x80,
    0x44, 0x1, 0x10, 0x1, 0x80, 0x21, 0xc6, 0x88,
    0x0, 0x5e, 0xee, 0xa0, 0xc, 0x72, 0xe0, 0x18,
    0xa2, 0x2, 0x0, 0xdf, 0xff, 0xc8, 0x1, 0xff,
    0xd7, 0xde, 0xec, 0xe0, 0x1f, 0xe1, 0x1c, 0x1,
    0xff, 0xff, 0x0, 0xff, 0xfd, 0x6f, 0xfe, 0x70,
    0xa, 0xff, 0xf3, 0x0, 0x7f, 0xf4, 0x80,

    /* U+00F0 "ð" */
    0x0, 0xf8, 0xc8, 0x3, 0xff, 0x87, 0xfb, 0x88,
    0x1, 0x35, 0x80, 0x7c, 0x46, 0x7, 0x74, 0xbb,
    0x28, 0xc0, 0x1e, 0x70, 0xc, 0xb4, 0x44, 0xa6,
    0x0, 0xf2, 0xfa, 0x80, 0x61, 0xd5, 0x0, 0xf8,
    0x61, 0x40, 0x30, 0xc8, 0x7, 0xc9, 0xee, 0xb,
    0x40, 0x13, 0x18, 0x7, 0x94, 0xf, 0x29, 0x60,
    0x2, 0x80, 0xf, 0xf, 0xe1, 0x80, 0x1c, 0x40,
    0x8, 0x20, 0x18, 0x5f, 0x7f, 0xdd, 0x49, 0x20,
    0x13, 0x80, 0x4d, 0xd0, 0x60, 0x1, 0x5b, 0xa0,
    0xb, 0x0, 0xd, 0x20, 0x18, 0x44, 0x0, 0x20,
    0x9, 0x80, 0xa4, 0x2, 0x7e, 0xed, 0x22, 0x1,
    0x10, 0x58, 0x4, 0xf0, 0x20, 0x1, 0x6f, 0x10,
    0x0, 0x83, 0x80, 0x50, 0x1, 0xe1, 0x20, 0x8,
    0x44, 0x0, 0x50, 0xf, 0xfe, 0x1, 0x80, 0x46,
    0x1, 0xf8, 0x40, 0x4, 0x60, 0x11, 0x80, 0x7c,
    0x24, 0x0, 0x71, 0x10, 0x1, 0x0, 0x3e, 0x60,
    0xb, 0x1, 0xc0, 0x3, 0x20, 0x1c, 0x52, 0x1,
    0x30, 0x40, 0x4, 0xd4, 0x40, 0x5, 0xc1, 0x0,
    0x48, 0x0, 0x6c, 0x2, 0x5d, 0xff, 0x50, 0x80,
    0x15, 0x80, 0x24, 0xb1, 0x0, 0xfc, 0xf4, 0x1,
    0xc9, 0xd2, 0x82, 0x0, 0x27, 0xd8, 0x0, 0x80,

    /* U+00F1 "ñ" */
    0x0, 0xff, 0x84, 0x3, 0xe6, 0xef, 0x91, 0x0,
    0xbb, 0x0, 0x39, 0x24, 0x41, 0xbd, 0x2, 0x0,
    0x40, 0x3a, 0x0, 0x54, 0x45, 0x7e, 0xe0, 0xa0,
    0x1c, 0x61, 0x95, 0xcc, 0x1, 0x1c, 0x0, 0x75,
    0x39, 0x0, 0x27, 0x22, 0x70, 0x3, 0xcb, 0x0,
    0x18, 0xdd, 0x80, 0x3f, 0xf9, 0x33, 0xfe, 0xd0,
    0x3, 0x67, 0xfb, 0xa8, 0xc0, 0x3c, 0x63, 0x92,
    0x60, 0x1, 0x5c, 0x50, 0xe, 0x1d, 0x30, 0xf,
    0xa8, 0x80, 0x38, 0xd3, 0x3b, 0x94, 0x40, 0x15,
    0x0, 0x73, 0x59, 0x88, 0x97, 0xc0, 0x25, 0x0,
    0xeb, 0x0, 0xe2, 0x20, 0x0, 0x80, 0x3f, 0xf8,
    0xc, 0x1, 0xff, 0xff, 0x0, 0xff, 0xff, 0x80,
    0x7f, 0xf0, 0x80,

    /* U+00F2 "ò" */
    0x0, 0x97, 0xfe, 0xc0, 0xf, 0xfe, 0x2, 0xd0,
    0x0, 0xd8, 0x3, 0xff, 0x80, 0xb2, 0x0, 0x92,
    0x0, 0xff, 0xe0, 0x34, 0x0, 0x24, 0x3, 0xff,
    0x82, 0xf9, 0x88, 0x0, 0xff, 0xe1, 0x19, 0xc0,
    0x1f, 0xfc, 0x7, 0xce, 0xff, 0x64, 0x8, 0x7,
    0xc9, 0xd0, 0x62, 0x0, 0x37, 0xe6, 0x0, 0xe4,
    0xb1, 0x0, 0xfd, 0x2e, 0x1, 0xd, 0x0, 0x4d,
    0xbf, 0xce, 0x1, 0x41, 0x0, 0x24, 0x40, 0xd,
    0x24, 0x3, 0x12, 0x1, 0x48, 0x1, 0x40, 0x29,
    0x0, 0xe6, 0x20, 0x2, 0x8, 0x88, 0x0, 0xa0,
    0x1f, 0x28, 0x4, 0xa4, 0x1, 0x10, 0x7, 0xda,
    0x1, 0x13, 0x80, 0x5e, 0x1, 0xf0, 0x80, 0x67,
    0x0, 0xbc, 0x3, 0xe1, 0x0, 0xc4, 0x1, 0x10,
    0x7, 0xda, 0x1, 0x10, 0x88, 0x0, 0xa0, 0x1f,
    0x20, 0x4, 0xa0, 0xc0, 0x14, 0x0, 0x72, 0x98,
    0x1, 0x4, 0x24, 0x40, 0xf, 0x24, 0x2, 0xf4,
    0x1, 0x40, 0x0, 0x68, 0x2, 0x6d, 0xfe, 0x80,
    0xa, 0xc, 0x2, 0x4b, 0x10, 0xf, 0xd2, 0xe0,
    0x1c, 0x9d, 0x6, 0x20, 0x3, 0x7e, 0x60, 0x8,

    /* U+00F3 "ó" */
    0x0, 0xfe, 0x6f, 0xfa, 0x80, 0x3f, 0xe2, 0x90,
    0x3, 0x50, 0x7, 0xfd, 0xe0, 0x6, 0x90, 0xf,
    0xfa, 0x8, 0x1e, 0x40, 0x3f, 0xf8, 0x13, 0xdc,
    0x80, 0xf, 0xfe, 0x8, 0x8c, 0x1, 0xff, 0xc0,
    0x7c, 0xef, 0xf6, 0x40, 0x80, 0x7c, 0x9d, 0x6,
    0x20, 0x3, 0x7e, 0x60, 0xe, 0x4b, 0x10, 0xf,
    0xd2, 0xe0, 0x10, 0xd0, 0x4, 0xdb, 0xfc, 0xe0,
    0x14, 0x10, 0x2, 0x44, 0x0, 0xd2, 0x40, 0x31,
    0x20, 0x14, 0x80, 0x14, 0x2, 0x90, 0xe, 0x62,
    0x0, 0x20, 0x88, 0x80, 0xa, 0x1, 0xf2, 0x80,
    0x4a, 0x40, 0x11, 0x0, 0x7d, 0xa0, 0x11, 0x38,
    0x5, 0xe0, 0x1f, 0x8, 0x6, 0x70, 0xb, 0xc0,
    0x3e, 0x10, 0xc, 0x40, 0x11, 0x0, 0x7d, 0xa0,
    0x11, 0x8, 0x80, 0xa, 0x1, 0xf2, 0x0, 0x4a,
    0xc, 0x1, 0x40, 0x7, 0x29, 0x80, 0x10, 0x42,
    0x44, 0x0, 0xf2, 0x40, 0x2f, 0x40, 0x14, 0x0,
    0x6, 0x80, 0x26, 0xdf, 0xe8, 0x0, 0xa0, 0xc0,
    0x24, 0xb1, 0x0, 0xfd, 0x2e, 0x1, 0xc9, 0xd0,
    0x62, 0x0, 0x37, 0xe6, 0x0, 0x80,

    /* U+00F4 "ô" */
    0x0, 0xf1, 0xf7, 0xf9, 0x80, 0x3f, 0xe6, 0xc1,
    0x0, 0x4d, 0x0, 0x7f, 0x54, 0x82, 0x7c, 0x2,
    0xe9, 0x0, 0x79, 0x81, 0x62, 0xc1, 0xed, 0x5e,
    0xc0, 0x3c, 0xd5, 0x47, 0x0, 0x92, 0xa9, 0x20,
    0x1f, 0xfc, 0xd7, 0xce, 0xff, 0x64, 0x8, 0x7,
    0xc9, 0xd0, 0x62, 0x0, 0x37, 0xe6, 0x0, 0xe4,
    0xb1, 0x0, 0xfd, 0x2e, 0x1, 0xd, 0x0, 0x4d,
    0xbf, 0xce, 0x1, 0x41, 0x0, 0x24, 0x40, 0xd,
    0x24, 0x3, 0x12, 0x1, 0x48, 0x1, 0x40, 0x29,
    0x0, 0xe6, 0x20, 0x2, 0x8, 0x88, 0x0, 0xa0,
    0x1f, 0x28, 0x4, 0xa4, 0x1, 0x10, 0x7, 0xda,
    0x1, 0x13, 0x80, 0x5e, 0x1, 0xf0, 0x80, 0x67,
    0x0, 0xbc, 0x3, 0xe1, 0x0, 0xc4, 0x1, 0x10,
    0x7, 0xda, 0x1, 0x10, 0x88, 0x0, 0xa0, 0x1f,
    0x20, 0x4, 0xa0, 0xc0, 0x14, 0x0, 0x72, 0x98,
    0x1, 0x4, 0x24, 0x40, 0xf, 0x24, 0x2, 0xf4,
    0x1, 0x40, 0x0, 0x68, 0x2, 0x6d, 0xfe, 0x80,
    0xa, 0xc, 0x2, 0x4b, 0x10, 0xf, 0xd2, 0xe0,
    0x1c, 0x9d, 0x6, 0x20, 0x3, 0x7e, 0x60, 0x8,

    /* U+00F5 "õ" */
    0x0, 0xff, 0xe0, 0x8, 0x7, 0xe4, 0xdf, 0xb2,
    0x0, 0xb3, 0x44, 0x3, 0x8a, 0xc8, 0x13, 0x58,
    0x14, 0x88, 0x1, 0xeb, 0x0, 0x29, 0x4, 0xfd,
    0x2, 0x8, 0x7, 0x20, 0x55, 0x36, 0x0, 0x21,
    0x90, 0xf, 0x4b, 0xa8, 0x1, 0xf6, 0x27, 0xc8,
    0x3, 0xc9, 0x0, 0x18, 0x9d, 0x84, 0x3, 0xff,
    0x9c, 0xf9, 0xdf, 0xec, 0x81, 0x0, 0xf9, 0x3a,
    0xc, 0x40, 0x6, 0xfc, 0xc0, 0x1c, 0x96, 0x20,
    0x1f, 0xa5, 0xc0, 0x21, 0xa0, 0x9, 0xb7, 0xf9,
    0xc0, 0x28, 0x20, 0x4, 0x88, 0x1, 0xa4, 0x80,
    0x62, 0x40, 0x29, 0x0, 0x28, 0x5, 0x20, 0x1c,
    0xc4, 0x0, 0x41, 0x11, 0x0, 0x14, 0x3, 0xe5,
    0x0, 0x94, 0x80, 0x22, 0x0, 0xfb, 0x40, 0x22,
    0x70, 0xb, 0xc0, 0x3e, 0x10, 0xc, 0xe0, 0x17,
    0x80, 0x7c, 0x20, 0x18, 0x80, 0x22, 0x0, 0xfb,
    0x40, 0x22, 0x11, 0x0, 0x14, 0x3, 0xe4, 0x0,
    0x94, 0x18, 0x2, 0x80, 0xe, 0x53, 0x0, 0x20,
    0x84, 0x88, 0x1, 0xe4, 0x80, 0x5e, 0x80, 0x28,
    0x0, 0xd, 0x0, 0x4d, 0xbf, 0xd0, 0x1, 0x41,
    0x80, 0x49, 0x62, 0x1, 0xfa, 0x5c, 0x3, 0x93,
    0xa0, 0xc4, 0x0, 0x6f, 0xcc, 0x1, 0x0,

    /* U+00F6 "ö" */
    0x0, 0x97, 0xb8, 0xa0, 0x11, 0xf7, 0xb8, 0x7,
    0xac, 0x45, 0x60, 0x14, 0x8, 0x40, 0x80, 0x71,
    0x0, 0x8, 0x2, 0x20, 0x0, 0x88, 0x3, 0xb5,
    0xdd, 0xa0, 0x14, 0xc3, 0x60, 0x7, 0x86, 0x20,
    0x20, 0x19, 0xe4, 0x80, 0x3f, 0xf9, 0xaf, 0x9d,
    0xfe, 0xc8, 0x10, 0xf, 0x93, 0xa0, 0xc4, 0x0,
    0x6f, 0xcc, 0x1, 0xc9, 0x62, 0x1, 0xfa, 0x5c,
    0x2, 0x1a, 0x0, 0x9b, 0x7f, 0x9c, 0x2, 0x82,
    0x0, 0x48, 0x80, 0x1a, 0x48, 0x6, 0x24, 0x2,
    0x90, 0x2, 0x80, 0x52, 0x1, 0xcc, 0x40, 0x4,
    0x11, 0x10, 0x1, 0x40, 0x3e, 0x50, 0x9, 0x48,
    0x2, 0x20, 0xf, 0xb4, 0x2, 0x27, 0x0, 0xbc,
    0x3, 0xe1, 0x0, 0xce, 0x1, 0x78, 0x7, 0xc2,
    0x1, 0x88, 0x2, 0x20, 0xf, 0xb4, 0x2, 0x21,
    0x10, 0x1, 0x40, 0x3e, 0x40, 0x9, 0x41, 0x80,
    0x28, 0x0, 0xe5, 0x30, 0x2, 0x8, 0x48, 0x80,
    0x1e, 0x48, 0x5, 0xe8, 0x2, 0x80, 0x0, 0xd0,
    0x4, 0xdb, 0xfd, 0x0, 0x14, 0x18, 0x4, 0x96,
    0x20, 0x1f, 0xa5, 0xc0, 0x39, 0x3a, 0xc, 0x40,
    0x6, 0xfc, 0xc0, 0x10,

    /* U+00F7 "÷" */
    0x0, 0xfa, 0xff, 0x48, 0x3, 0xff, 0x80, 0xc8,
    0x5, 0x0, 0x1f, 0xfc, 0x3, 0x0, 0xff, 0xe2,
    0x2b, 0xa, 0x40, 0x7, 0xff, 0x6, 0x7a, 0xc8,
    0x3, 0xff, 0x96, 0x9f, 0xff, 0xfc, 0x39, 0x0,
    0xff, 0xeb, 0x26, 0x67, 0xff, 0xe, 0x0, 0xcf,
    0xff, 0x86, 0x20, 0x1f, 0xfc, 0xc9, 0xeb, 0x10,
    0xf, 0xfe, 0x3, 0x30, 0x52, 0x0, 0x3f, 0xf8,
    0x86, 0x1, 0xff, 0xc0, 0x64, 0x2, 0x80, 0xf,
    0x0,

    /* U+00F8 "ø" */
    0x0, 0xff, 0xe0, 0x3f, 0xe0, 0x7, 0xff, 0xa,
    0x42, 0x40, 0x3e, 0x7c, 0xef, 0xf6, 0x50, 0x92,
    0x80, 0x72, 0x74, 0x18, 0x80, 0xd, 0x41, 0x0,
    0x39, 0x2c, 0x40, 0x3f, 0x33, 0x0, 0x21, 0xa0,
    0x9, 0xb7, 0xf8, 0x3, 0x49, 0x0, 0x24, 0x40,
    0xd, 0x24, 0x8, 0x1, 0xd0, 0x0, 0x60, 0xa,
    0x40, 0x28, 0x9, 0x20, 0x2, 0x80, 0x88, 0x0,
    0xa0, 0x12, 0x91, 0x19, 0x40, 0x24, 0x20, 0x8,
    0x80, 0x28, 0x8, 0xd, 0x0, 0x89, 0xc0, 0x2f,
    0x0, 0x31, 0x11, 0x40, 0x40, 0x33, 0x80, 0x5e,
    0x0, 0x80, 0x80, 0x0, 0x80, 0x62, 0x0, 0x88,
    0x18, 0x4d, 0x40, 0x1a, 0x1, 0x10, 0x90, 0x1,
    0x6, 0x2, 0x0, 0x24, 0x0, 0x94, 0x14, 0x0,
    0x38, 0x26, 0x80, 0x5, 0x30, 0x2, 0x8, 0x48,
    0x80, 0x8, 0x28, 0x5, 0xe8, 0x2, 0x80, 0x0,
    0xd0, 0x6, 0x9f, 0xe8, 0x0, 0xa0, 0xc0, 0x24,
    0xb0, 0xf, 0xe9, 0x70, 0xe, 0x20, 0x24, 0x10,
    0x1, 0xbf, 0x30, 0x7, 0xa0, 0x22, 0xfb, 0xfd,
    0x90, 0x20, 0x1e, 0x51, 0x25, 0x0, 0xff, 0x80,

    /* U+00F9 "ù" */
    0x0, 0x27, 0xfd, 0x80, 0x1f, 0xe4, 0xa0, 0x1,
    0xb8, 0x7, 0xf9, 0x64, 0x1, 0x4, 0x1, 0xfe,
    0x69, 0x0, 0x70, 0x7, 0xfc, 0xdb, 0x9e, 0x1,
    0xe7, 0xff, 0x90, 0x8, 0xcc, 0x0, 0xdf, 0xf7,
    0x0, 0x7f, 0xff, 0xc0, 0x3f, 0xff, 0xe4, 0x1,
    0x10, 0x7, 0xf9, 0xc0, 0x2c, 0x0, 0xe4, 0x20,
    0x8, 0x84, 0x0, 0xb0, 0x42, 0x51, 0x60, 0x1d,
    0x0, 0x13, 0xef, 0x6b, 0x81, 0x0, 0x66, 0x50,
    0xf, 0xa9, 0xc0, 0x3a, 0xa8, 0x80, 0x1, 0x6d,
    0x52, 0x0, 0x80,

    /* U+00FA "ú" */
    0x0, 0xfd, 0x1f, 0xf4, 0x0, 0x7f, 0x2b, 0x80,
    0x2a, 0x0, 0x3f, 0x1d, 0x1, 0x6a, 0x80, 0x7f,
    0x34, 0xcb, 0x8, 0x3, 0xfc, 0xac, 0xc1, 0x0,
    0xe7, 0xff, 0x90, 0x3, 0xdb, 0xfe, 0xe0, 0xf,
    0xff, 0xf8, 0x7, 0xff, 0xfc, 0x80, 0x22, 0x0,
    0xff, 0x38, 0x5, 0x80, 0x1c, 0x84, 0x1, 0x10,
    0x80, 0x16, 0x8, 0x4a, 0x2c, 0x3, 0xa0, 0x2,
    0x7d, 0xed, 0x70, 0x20, 0xc, 0xca, 0x1, 0xf5,
    0x38, 0x7, 0x55, 0x10, 0x0, 0x2d, 0xaa, 0x40,
    0x10,

    /* U+00FB "û" */
    0x0, 0xe3, 0xef, 0xf3, 0x0, 0x7f, 0x36, 0x8,
    0x2, 0x68, 0x3, 0xea, 0x90, 0x4f, 0x80, 0x5d,
    0x20, 0xc, 0xc0, 0xb1, 0x60, 0xf6, 0xaf, 0x60,
    0x19, 0xaa, 0x8e, 0x1, 0x25, 0x52, 0x40, 0x3f,
    0xf8, 0xaf, 0xff, 0x20, 0x7, 0xb7, 0xfd, 0xc0,
    0x1f, 0xff, 0xf0, 0xf, 0xff, 0xf9, 0x0, 0x44,
    0x1, 0xfe, 0x70, 0xb, 0x0, 0x39, 0x8, 0x2,
    0x21, 0x0, 0x2c, 0x10, 0x94, 0x58, 0x7, 0x40,
    0x4, 0xfb, 0xda, 0xe0, 0x40, 0x19, 0x94, 0x3,
    0xea, 0x70, 0xe, 0xaa, 0x20, 0x0, 0x5b, 0x54,
    0x80, 0x20,

    /* U+00FC "ü" */
    0x0, 0x2f, 0x71, 0x40, 0x23, 0xef, 0x80, 0xd,
    0x62, 0x2b, 0x0, 0xa0, 0x41, 0xc4, 0x2, 0x20,
    0x1, 0x0, 0x44, 0x0, 0x11, 0x0, 0x5a, 0xee,
    0xd0, 0xa, 0x61, 0xb0, 0x3, 0xc, 0x40, 0x40,
    0x33, 0xc9, 0x0, 0x1f, 0xfe, 0x40, 0xf, 0x6f,
    0xfb, 0x80, 0x3f, 0xff, 0xe0, 0x1f, 0xff, 0xf2,
    0x0, 0x88, 0x3, 0xfc, 0xe0, 0x16, 0x0, 0x72,
    0x10, 0x4, 0x42, 0x0, 0x58, 0x21, 0x28, 0xb0,
    0xe, 0x80, 0x9, 0xf7, 0xb5, 0xc0, 0x80, 0x33,
    0x28, 0x7, 0xd4, 0xe0, 0x1d, 0x54, 0x40, 0x0,
    0xb6, 0xa9, 0x0, 0x40,

    /* U+00FD "ý" */
    0x0, 0xff, 0x1f, 0xfd, 0x82, 0x1, 0xff, 0xc0,
    0x1d, 0x0, 0x36, 0x8, 0x7, 0xff, 0x3, 0x44,
    0x26, 0x40, 0x1f, 0xfc, 0x12, 0xa9, 0xc6, 0x0,
    0xff, 0xe1, 0x13, 0x30, 0xc0, 0x3f, 0x6f, 0xfc,
    0x60, 0x1f, 0xa7, 0xfe, 0x80, 0xb0, 0xa, 0x40,
    0x3f, 0x30, 0x5, 0x20, 0xc2, 0x0, 0x51, 0x0,
    0xf3, 0x0, 0x4c, 0x20, 0x9, 0x0, 0xa4, 0x3,
    0xd6, 0x1, 0x58, 0x4, 0xe0, 0x13, 0x0, 0x71,
    0x90, 0x1, 0x8, 0x3, 0x38, 0x0, 0x54, 0x3,
    0x48, 0x5, 0x0, 0x1d, 0x20, 0x14, 0x80, 0x42,
    0xa0, 0x3, 0x30, 0x7, 0xb, 0x0, 0xc, 0xc0,
    0x6, 0x0, 0xa4, 0x3, 0xeb, 0x0, 0xa8, 0x1,
    0x40, 0x2, 0x50, 0xf, 0x89, 0x0, 0xc, 0x28,
    0x40, 0xb, 0x0, 0xfe, 0x80, 0x9, 0xf8, 0x0,
    0x2c, 0x1, 0xfc, 0x66, 0x0, 0x52, 0x80, 0x18,
    0x3, 0xfe, 0x80, 0x1, 0x80, 0x52, 0x1, 0xff,
    0x21, 0x0, 0x66, 0x10, 0xf, 0xfe, 0x5, 0x80,
    0x6b, 0x0, 0xff, 0xe0, 0xb0, 0x4, 0x84, 0x1,
    0xff, 0xc1, 0x50, 0xa, 0x0, 0x3f, 0xf8, 0x56,
    0x0, 0x33, 0x0, 0x7f, 0xf0, 0x60, 0x40, 0x12,
    0x1, 0xff, 0x9, 0x43, 0x80, 0x9, 0x40, 0x3f,
    0xee, 0xd7, 0x0, 0xb8, 0x3, 0xfe, 0x30, 0xe,
    0xa3, 0x0, 0xff, 0x9c, 0x40, 0x57, 0x54, 0x3,
    0xfc,

    /* U+00FE "þ" */
    0x25, 0x58, 0x3, 0xff, 0x81, 0x55, 0x8c, 0x3,
    0xff, 0xfe, 0x1, 0xff, 0xd9, 0x3a, 0xef, 0xf5,
    0xa8, 0x7, 0xea, 0xc5, 0x10, 0x2, 0x55, 0x80,
    0x7c, 0xc0, 0x1f, 0x25, 0x0, 0x7c, 0xdb, 0xda,
    0xc0, 0x12, 0x98, 0x7, 0x44, 0x90, 0x94, 0xb8,
    0x5, 0x20, 0x1c, 0x80, 0x1d, 0x0, 0x12, 0x0,
    0x7f, 0xf0, 0x10, 0x0, 0x22, 0x0, 0xff, 0x88,
    0x2, 0x20, 0xf, 0xf8, 0x40, 0x3f, 0xfa, 0x66,
    0x1, 0x10, 0x7, 0xfc, 0xa0, 0x1, 0x10, 0x6,
    0x40, 0xe, 0x71, 0x0, 0x20, 0x7, 0x44, 0x8,
    0x6, 0x20, 0x1, 0x48, 0x7, 0x9f, 0x7f, 0x9c,
    0x2, 0x63, 0x0, 0xe5, 0x0, 0xf9, 0x64, 0x3,
    0xd3, 0x8a, 0x20, 0x4, 0xaa, 0x0, 0x7e, 0x3a,
    0xef, 0xf5, 0xa8, 0x7, 0xff, 0xfc, 0x3, 0xf8,

    /* U+00FF "ÿ" */
    0x0, 0xc5, 0xbf, 0x40, 0x1a, 0xff, 0x4, 0x3,
    0xea, 0x20, 0x54, 0x0, 0x32, 0x1, 0xb8, 0x7,
    0xdc, 0x1, 0x30, 0x0, 0x80, 0x23, 0x0, 0xf9,
    0xa5, 0xac, 0x80, 0x9, 0x4d, 0x4a, 0x1, 0xf9,
    0xa5, 0x0, 0x32, 0xca, 0x80, 0x76, 0xff, 0xc6,
    0x1, 0xfa, 0x7f, 0xe8, 0xb, 0x0, 0xa4, 0x3,
    0xf3, 0x0, 0x52, 0xc, 0x20, 0x5, 0x10, 0xf,
    0x30, 0x4, 0xc2, 0x0, 0x90, 0xa, 0x40, 0x3d,
    0x60, 0x15, 0x80, 0x4e, 0x1, 0x30, 0x7, 0x19,
    0x0, 0x10, 0x80, 0x33, 0x80, 0x5, 0x40, 0x34,
    0x80, 0x50, 0x1, 0xd2, 0x1, 0x48, 0x4, 0x2a,
    0x0, 0x33, 0x0, 0x70, 0xb0, 0x0, 0xcc, 0x0,
    0x60, 0xa, 0x40, 0x3e, 0xb0, 0xa, 0x80, 0x14,
    0x0, 0x25, 0x0, 0xf8, 0x90, 0x0, 0xc2, 0x84,
    0x0, 0xb0, 0xf, 0xe8, 0x0, 0x9f, 0x80, 0x2,
    0xc0, 0x1f, 0xc6, 0x60, 0x5, 0x28, 0x1, 0x80,
    0x3f, 0xe8, 0x0, 0x18, 0x5, 0x20, 0x1f, 0xf2,
    0x10, 0x6, 0x61, 0x0, 0xff, 0xe0, 0x58, 0x6,
    0xb0, 0xf, 0xfe, 0xb, 0x0, 0x48, 0x40, 0x1f,
    0xfc, 0x15, 0x0, 0xa0, 0x3, 0xff, 0x85, 0x60,
    0x3, 0x30, 0x7, 0xff, 0x6, 0x4, 0x1, 0x20,
    0x1f, 0xf0, 0x94, 0x38, 0x0, 0x94, 0x3, 0xfe,
    0xed, 0x70, 0xb, 0x80, 0x3f, 0xe3, 0x0, 0xea,
    0x30, 0xf, 0xf9, 0xc4, 0x5, 0x75, 0x40, 0x3f,
    0xc0
};


/*---------------------
 *  GLYPH DESCRIPTION
 *--------------------*/

static const lv_font_fmt_txt_glyph_dsc_t glyph_dsc[] = {
    {.bitmap_index = 0, .adv_w = 0, .box_w = 0, .box_h = 0, .ofs_x = 0, .ofs_y = 0} /* id = 0 reserved */,
    {.bitmap_index = 0, .adv_w = 307, .box_w = 0, .box_h = 0, .ofs_x = 0, .ofs_y = 0},
    {.bitmap_index = 0, .adv_w = 307, .box_w = 5, .box_h = 22, .ofs_x = 7, .ofs_y = 0},
    {.bitmap_index = 34, .adv_w = 307, .box_w = 10, .box_h = 8, .ofs_x = 4, .ofs_y = 15},
    {.bitmap_index = 64, .adv_w = 307, .box_w = 19, .box_h = 22, .ofs_x = 0, .ofs_y = 0},
    {.bitmap_index = 220, .adv_w = 307, .box_w = 16, .box_h = 30, .ofs_x = 2, .ofs_y = -3},
    {.bitmap_index = 389, .adv_w = 307, .box_w = 19, .box_h = 22, .ofs_x = 0, .ofs_y = 0},
    {.bitmap_index = 559, .adv_w = 307, .box_w = 19, .box_h = 22, .ofs_x = 1, .ofs_y = 0},
    {.bitmap_index = 731, .adv_w = 307, .box_w = 4, .box_h = 8, .ofs_x = 7, .ofs_y = 15},
    {.bitmap_index = 743, .adv_w = 307, .box_w = 9, .box_h = 34, .ofs_x = 5, .ofs_y = -8},
    {.bitmap_index = 863, .adv_w = 307, .box_w = 10, .box_h = 34, .ofs_x = 4, .ofs_y = -8},
    {.bitmap_index = 980, .adv_w = 307, .box_w = 17, .box_h = 16, .ofs_x = 2, .ofs_y = 6},
    {.bitmap_index = 1090, .adv_w = 307, .box_w = 17, .box_h = 17, .ofs_x = 1, .ofs_y = 2},
    {.bitmap_index = 1133, .adv_w = 307, .box_w = 6, .box_h = 10, .ofs_x = 5, .ofs_y = -6},
    {.bitmap_index = 1157, .adv_w = 307, .box_w = 14, .box_h = 3, .ofs_x = 3, .ofs_y = 8},
    {.bitmap_index = 1165, .adv_w = 307, .box_w = 6, .box_h = 6, .ofs_x = 7, .ofs_y = 0},
    {.bitmap_index = 1182, .adv_w = 307, .box_w = 13, .box_h = 25, .ofs_x = 3, .ofs_y = -3},
    {.bitmap_index = 1291, .adv_w = 307, .box_w = 16, .box_h = 22, .ofs_x = 2, .ofs_y = 0},
    {.bitmap_index = 1432, .adv_w = 307, .box_w = 11, .box_h = 23, .ofs_x = 2, .ofs_y = 0},
    {.bitmap_index = 1472, .adv_w = 307, .box_w = 16, .box_h = 22, .ofs_x = 1, .ofs_y = 0},
    {.bitmap_index = 1594, .adv_w = 307, .box_w = 16, .box_h = 22, .ofs_x = 1, .ofs_y = 0},
    {.bitmap_index = 1733, .adv_w = 307, .box_w = 17, .box_h = 22, .ofs_x = 1, .ofs_y = 0},
    {.bitmap_index = 1826, .adv_w = 307, .box_w = 16, .box_h = 22, .ofs_x = 2, .ofs_y = 0},
    {.bitmap_index = 1960, .adv_w = 307, .box_w = 16, .box_h = 22, .ofs_x = 1, .ofs_y = 0},
    {.bitmap_index = 2104, .adv_w = 307, .box_w = 17, .box_h = 22, .ofs_x = 1, .ofs_y = 0},
    {.bitmap_index = 2214, .adv_w = 307, .box_w = 16, .box_h = 22, .ofs_x = 2, .ofs_y = 0},
    {.bitmap_index = 2366, .adv_w = 307, .box_w = 16, .box_h = 22, .ofs_x = 1, .ofs_y = 0},
    {.bitmap_index = 2508, .adv_w = 307, .box_w = 6, .box_h = 19, .ofs_x = 7, .ofs_y = 0},
    {.bitmap_index = 2546, .adv_w = 307, .box_w = 7, .box_h = 25, .ofs_x = 7, .ofs_y = -6},
    {.bitmap_index = 2596, .adv_w = 307, .box_w = 15, .box_h = 15, .ofs_x = 2, .ofs_y = 2},
    {.bitmap_index = 2682, .adv_w = 307, .box_w = 15, .box_h = 10, .ofs_x = 2, .ofs_y = 5},
    {.bitmap_index = 2709, .adv_w = 307, .box_w = 15, .box_h = 15, .ofs_x = 2, .ofs_y = 2},
    {.bitmap_index = 2794, .adv_w = 307, .box_w = 15, .box_h = 22, .ofs_x = 2, .ofs_y = 0},
    {.bitmap_index = 2913, .adv_w = 307, .box_w = 19, .box_h = 22, .ofs_x = 0, .ofs_y = 0},
    {.bitmap_index = 3102, .adv_w = 307, .box_w = 19, .box_h = 22, .ofs_x = 0, .ofs_y = 0},
    {.bitmap_index = 3250, .adv_w = 307, .box_w = 17, .box_h = 22, .ofs_x = 2, .ofs_y = 0},
    {.bitmap_index = 3371, .adv_w = 307, .box_w = 17, .box_h = 22, .ofs_x = 1, .ofs_y = 0},
    {.bitmap_index = 3502, .adv_w = 307, .box_w = 16, .box_h = 22, .ofs_x = 2, .ofs_y = 0},
    {.bitmap_index = 3600, .adv_w = 307, .box_w = 16, .box_h = 22, .ofs_x = 2, .ofs_y = 0},
    {.bitmap_index = 3642, .adv_w = 307, .box_w = 16, .box_h = 22, .ofs_x = 2, .ofs_y = 0},
    {.bitmap_index = 3678, .adv_w = 307, .box_w = 17, .box_h = 22, .ofs_x = 1, .ofs_y = 0},
    {.bitmap_index = 3819, .adv_w = 307, .box_w = 16, .box_h = 22, .ofs_x = 2, .ofs_y = 0},
    {.bitmap_index = 3846, .adv_w = 307, .box_w = 15, .box_h = 22, .ofs_x = 2, .ofs_y = 0},
    {.bitmap_index = 3886, .adv_w = 307, .box_w = 16, .box_h = 22, .ofs_x = 1, .ofs_y = 0},
    {.bitmap_index = 3948, .adv_w = 307, .box_w = 18, .box_h = 22, .ofs_x = 2, .ofs_y = 0},
    {.bitmap_index = 4073, .adv_w = 307, .box_w = 16, .box_h = 22, .ofs_x = 2, .ofs_y = 0},
    {.bitmap_index = 4098, .adv_w = 307, .box_w = 16, .box_h = 22, .ofs_x = 2, .ofs_y = 0},
    {.bitmap_index = 4197, .adv_w = 307, .box_w = 16, .box_h = 22, .ofs_x = 2, .ofs_y = 0},
    {.bitmap_index = 4296, .adv_w = 307, .box_w = 17, .box_h = 22, .ofs_x = 1, .ofs_y = 0},
    {.bitmap_index = 4433, .adv_w = 307, .box_w = 17, .box_h = 22, .ofs_x = 2, .ofs_y = 0},
    {.bitmap_index = 4515, .adv_w = 307, .box_w = 18, .box_h = 26, .ofs_x = 1, .ofs_y = -4},
    {.bitmap_index = 4679, .adv_w = 307, .box_w = 17, .box_h = 22, .ofs_x = 2, .ofs_y = 0},
    {.bitmap_index = 4803, .adv_w = 307, .box_w = 17, .box_h = 22, .ofs_x = 1, .ofs_y = 0},
    {.bitmap_index = 4954, .adv_w = 307, .box_w = 19, .box_h = 22, .ofs_x = 0, .ofs_y = 0},
    {.bitmap_index = 4989, .adv_w = 307, .box_w = 16, .box_h = 22, .ofs_x = 2, .ofs_y = 0},
    {.bitmap_index = 5059, .adv_w = 307, .box_w = 19, .box_h = 22, .ofs_x = 0, .ofs_y = 0},
    {.bitmap_index = 5214, .adv_w = 307, .box_w = 19, .box_h = 22, .ofs_x = 0, .ofs_y = 0},
    {.bitmap_index = 5407, .adv_w = 307, .box_w = 19, .box_h = 22, .ofs_x = 0, .ofs_y = 0},
    {.bitmap_index = 5571, .adv_w = 307, .box_w = 19, .box_h = 22, .ofs_x = 0, .ofs_y = 0},
    {.bitmap_index = 5684, .adv_w = 307, .box_w = 17, .box_h = 22, .ofs_x = 1, .ofs_y = 0},
    {.bitmap_index = 5790, .adv_w = 307, .box_w = 8, .box_h = 31, .ofs_x = 6, .ofs_y = -5},
    {.bitmap_index = 5816, .adv_w = 307, .box_w = 14, .box_h = 25, .ofs_x = 3, .ofs_y = -3},
    {.bitmap_index = 5927, .adv_w = 307, .box_w = 7, .box_h = 31, .ofs_x = 6, .ofs_y = -5},
    {.bitmap_index = 5952, .adv_w = 307, .box_w = 14, .box_h = 12, .ofs_x = 3, .ofs_y = 11},
    {.bitmap_index = 6023, .adv_w = 307, .box_w = 15, .box_h = 3, .ofs_x = 2, .ofs_y = -3},
    {.bitmap_index = 6035, .adv_w = 307, .box_w = 8, .box_h = 5, .ofs_x = 6, .ofs_y = 19},
    {.bitmap_index = 6054, .adv_w = 307, .box_w = 16, .box_h = 17, .ofs_x = 2, .ofs_y = 0},
    {.bitmap_index = 6164, .adv_w = 307, .box_w = 16, .box_h = 23, .ofs_x = 2, .ofs_y = 0},
    {.bitmap_index = 6262, .adv_w = 307, .box_w = 15, .box_h = 17, .ofs_x = 2, .ofs_y = 0},
    {.bitmap_index = 6368, .adv_w = 307, .box_w = 16, .box_h = 23, .ofs_x = 1, .ofs_y = 0},
    {.bitmap_index = 6472, .adv_w = 307, .box_w = 17, .box_h = 17, .ofs_x = 1, .ofs_y = 0},
    {.bitmap_index = 6588, .adv_w = 307, .box_w = 16, .box_h = 25, .ofs_x = 2, .ofs_y = 0},
    {.bitmap_index = 6662, .adv_w = 307, .box_w = 16, .box_h = 23, .ofs_x = 1, .ofs_y = -6},
    {.bitmap_index = 6798, .adv_w = 307, .box_w = 16, .box_h = 23, .ofs_x = 2, .ofs_y = 0},
    {.bitmap_index = 6856, .adv_w = 307, .box_w = 15, .box_h = 22, .ofs_x = 3, .ofs_y = 0},
    {.bitmap_index = 6906, .adv_w = 307, .box_w = 11, .box_h = 28, .ofs_x = 3, .ofs_y = -6},
    {.bitmap_index = 6968, .adv_w = 307, .box_w = 17, .box_h = 23, .ofs_x = 2, .ofs_y = 0},
    {.bitmap_index = 7068, .adv_w = 307, .box_w = 15, .box_h = 23, .ofs_x = 3, .ofs_y = 0},
    {.bitmap_index = 7101, .adv_w = 307, .box_w = 17, .box_h = 17, .ofs_x = 1, .ofs_y = 0},
    {.bitmap_index = 7152, .adv_w = 307, .box_w = 16, .box_h = 17, .ofs_x = 2, .ofs_y = 0},
    {.bitmap_index = 7205, .adv_w = 307, .box_w = 17, .box_h = 17, .ofs_x = 1, .ofs_y = 0},
    {.bitmap_index = 7324, .adv_w = 307, .box_w = 16, .box_h = 23, .ofs_x = 2, .ofs_y = -6},
    {.bitmap_index = 7429, .adv_w = 307, .box_w = 16, .box_h = 23, .ofs_x = 1, .ofs_y = -6},
    {.bitmap_index = 7538, .adv_w = 307, .box_w = 14, .box_h = 17, .ofs_x = 4, .ofs_y = 0},
    {.bitmap_index = 7583, .adv_w = 307, .box_w = 16, .box_h = 17, .ofs_x = 2, .ofs_y = 0},
    {.bitmap_index = 7706, .adv_w = 307, .box_w = 15, .box_h = 21, .ofs_x = 2, .ofs_y = 0},
    {.bitmap_index = 7772, .adv_w = 307, .box_w = 15, .box_h = 17, .ofs_x = 2, .ofs_y = 0},
    {.bitmap_index = 7821, .adv_w = 307, .box_w = 17, .box_h = 17, .ofs_x = 1, .ofs_y = 0},
    {.bitmap_index = 7935, .adv_w = 307, .box_w = 19, .box_h = 17, .ofs_x = 0, .ofs_y = 0},
    {.bitmap_index = 8089, .adv_w = 307, .box_w = 18, .box_h = 17, .ofs_x = 1, .ofs_y = 0},
    {.bitmap_index = 8212, .adv_w = 307, .box_w = 19, .box_h = 23, .ofs_x = 0, .ofs_y = -6},
    {.bitmap_index = 8368, .adv_w = 307, .box_w = 16, .box_h = 17, .ofs_x = 2, .ofs_y = 0},
    {.bitmap_index = 8444, .adv_w = 307, .box_w = 12, .box_h = 31, .ofs_x = 4, .ofs_y = -6},
    {.bitmap_index = 8554, .adv_w = 307, .box_w = 3, .box_h = 28, .ofs_x = 8, .ofs_y = -6},
    {.bitmap_index = 8561, .adv_w = 307, .box_w = 11, .box_h = 31, .ofs_x = 5, .ofs_y = -6},
    {.bitmap_index = 8669, .adv_w = 307, .box_w = 19, .box_h = 7, .ofs_x = 0, .ofs_y = 6},
    {.bitmap_index = 8730, .adv_w = 307, .box_w = 0, .box_h = 0, .ofs_x = 0, .ofs_y = 0},
    {.bitmap_index = 8730, .adv_w = 307, .box_w = 6, .box_h = 23, .ofs_x = 7, .ofs_y = -6},
    {.bitmap_index = 8767, .adv_w = 307, .box_w = 16, .box_h = 24, .ofs_x = 2, .ofs_y = -4},
    {.bitmap_index = 8892, .adv_w = 307, .box_w = 18, .box_h = 22, .ofs_x = 1, .ofs_y = 0},
    {.bitmap_index = 9001, .adv_w = 307, .box_w = 18, .box_h = 18, .ofs_x = 1, .ofs_y = -1},
    {.bitmap_index = 9143, .adv_w = 307, .box_w = 19, .box_h = 22, .ofs_x = 0, .ofs_y = 0},
    {.bitmap_index = 9272, .adv_w = 307, .box_w = 5, .box_h = 27, .ofs_x = 7, .ofs_y = -5},
    {.bitmap_index = 9291, .adv_w = 307, .box_w = 18, .box_h = 30, .ofs_x = 1, .ofs_y = -8},
    {.bitmap_index = 9515, .adv_w = 307, .box_w = 12, .box_h = 4, .ofs_x = 4, .ofs_y = 19},
    {.bitmap_index = 9539, .adv_w = 307, .box_w = 18, .box_h = 19, .ofs_x = 1, .ofs_y = -1},
    {.bitmap_index = 9692, .adv_w = 307, .box_w = 11, .box_h = 13, .ofs_x = 4, .ofs_y = 10},
    {.bitmap_index = 9762, .adv_w = 307, .box_w = 13, .box_h = 13, .ofs_x = 3, .ofs_y = 2},
    {.bitmap_index = 9845, .adv_w = 307, .box_w = 14, .box_h = 7, .ofs_x = 2, .ofs_y = 6},
    {.bitmap_index = 9863, .adv_w = 307, .box_w = 14, .box_h = 3, .ofs_x = 3, .ofs_y = 8},
    {.bitmap_index = 9871, .adv_w = 307, .box_w = 17, .box_h = 19, .ofs_x = 1, .ofs_y = -1},
    {.bitmap_index = 10012, .adv_w = 307, .box_w = 12, .box_h = 3, .ofs_x = 4, .ofs_y = 20},
    {.bitmap_index = 10022, .adv_w = 307, .box_w = 9, .box_h = 9, .ofs_x = 5, .ofs_y = 15},
    {.bitmap_index = 10060, .adv_w = 307, .box_w = 15, .box_h = 20, .ofs_x = 2, .ofs_y = 0},
    {.bitmap_index = 10105, .adv_w = 307, .box_w = 11, .box_h = 13, .ofs_x = 4, .ofs_y = 10},
    {.bitmap_index = 10170, .adv_w = 307, .box_w = 11, .box_h = 13, .ofs_x = 4, .ofs_y = 10},
    {.bitmap_index = 10239, .adv_w = 307, .box_w = 8, .box_h = 4, .ofs_x = 6, .ofs_y = 19},
    {.bitmap_index = 10256, .adv_w = 307, .box_w = 15, .box_h = 23, .ofs_x = 2, .ofs_y = -6},
    {.bitmap_index = 10308, .adv_w = 307, .box_w = 13, .box_h = 22, .ofs_x = 3, .ofs_y = 0},
    {.bitmap_index = 10375, .adv_w = 307, .box_w = 6, .box_h = 5, .ofs_x = 7, .ofs_y = 9},
    {.bitmap_index = 10388, .adv_w = 307, .box_w = 6, .box_h = 7, .ofs_x = 7, .ofs_y = -7},
    {.bitmap_index = 10410, .adv_w = 307, .box_w = 7, .box_h = 13, .ofs_x = 6, .ofs_y = 10},
    {.bitmap_index = 10430, .adv_w = 307, .box_w = 11, .box_h = 13, .ofs_x = 4, .ofs_y = 10},
    {.bitmap_index = 10493, .adv_w = 307, .box_w = 14, .box_h = 13, .ofs_x = 3, .ofs_y = 2},
    {.bitmap_index = 10579, .adv_w = 307, .box_w = 19, .box_h = 23, .ofs_x = 0, .ofs_y = 0},
    {.bitmap_index = 10719, .adv_w = 307, .box_w = 19, .box_h = 23, .ofs_x = 0, .ofs_y = 0},
    {.bitmap_index = 10870, .adv_w = 307, .box_w = 19, .box_h = 23, .ofs_x = 0, .ofs_y = 0},
    {.bitmap_index = 11038, .adv_w = 307, .box_w = 14, .box_h = 23, .ofs_x = 3, .ofs_y = -6},
    {.bitmap_index = 11146, .adv_w = 307, .box_w = 19, .box_h = 29, .ofs_x = 0, .ofs_y = 0},
    {.bitmap_index = 11329, .adv_w = 307, .box_w = 19, .box_h = 28, .ofs_x = 0, .ofs_y = 0},
    {.bitmap_index = 11506, .adv_w = 307, .box_w = 19, .box_h = 29, .ofs_x = 0, .ofs_y = 0},
    {.bitmap_index = 11695, .adv_w = 307, .box_w = 19, .box_h = 30, .ofs_x = 0, .ofs_y = 0},
    {.bitmap_index = 11885, .adv_w = 307, .box_w = 19, .box_h = 28, .ofs_x = 0, .ofs_y = 0},
    {.bitmap_index = 12070, .adv_w = 307, .box_w = 19, .box_h = 31, .ofs_x = 0, .ofs_y = 0},
    {.bitmap_index = 12269, .adv_w = 307, .box_w = 19, .box_h = 22, .ofs_x = 0, .ofs_y = 0},
    {.bitmap_index = 12392, .adv_w = 307, .box_w = 17, .box_h = 28, .ofs_x = 1, .ofs_y = -6},
    {.bitmap_index = 12556, .adv_w = 307, .box_w = 16, .box_h = 28, .ofs_x = 2, .ofs_y = 0},
    {.bitmap_index = 12629, .adv_w = 307, .box_w = 16, .box_h = 28, .ofs_x = 2, .ofs_y = 0},
    {.bitmap_index = 12697, .adv_w = 307, .box_w = 16, .box_h = 29, .ofs_x = 2, .ofs_y = 0},
    {.bitmap_index = 12779, .adv_w = 307, .box_w = 16, .box_h = 28, .ofs_x = 2, .ofs_y = 0},
    {.bitmap_index = 12858, .adv_w = 307, .box_w = 15, .box_h = 29, .ofs_x = 2, .ofs_y = 0},
    {.bitmap_index = 12927, .adv_w = 307, .box_w = 15, .box_h = 28, .ofs_x = 2, .ofs_y = 0},
    {.bitmap_index = 12994, .adv_w = 307, .box_w = 15, .box_h = 29, .ofs_x = 2, .ofs_y = 0},
    {.bitmap_index = 13074, .adv_w = 307, .box_w = 15, .box_h = 28, .ofs_x = 2, .ofs_y = 0},
    {.bitmap_index = 13150, .adv_w = 307, .box_w = 20, .box_h = 22, .ofs_x = -1, .ofs_y = 0},
    {.bitmap_index = 13286, .adv_w = 307, .box_w = 16, .box_h = 30, .ofs_x = 2, .ofs_y = 0},
    {.bitmap_index = 13428, .adv_w = 307, .box_w = 17, .box_h = 29, .ofs_x = 1, .ofs_y = 0},
    {.bitmap_index = 13599, .adv_w = 307, .box_w = 17, .box_h = 29, .ofs_x = 1, .ofs_y = 0},
    {.bitmap_index = 13768, .adv_w = 307, .box_w = 17, .box_h = 30, .ofs_x = 1, .ofs_y = 0},
    {.bitmap_index = 13944, .adv_w = 307, .box_w = 17, .box_h = 30, .ofs_x = 1, .ofs_y = 0},
    {.bitmap_index = 14124, .adv_w = 307, .box_w = 17, .box_h = 29, .ofs_x = 1, .ofs_y = 0},
    {.bitmap_index = 14298, .adv_w = 307, .box_w = 16, .box_h = 15, .ofs_x = 2, .ofs_y = 3},
    {.bitmap_index = 14403, .adv_w = 307, .box_w = 18, .box_h = 24, .ofs_x = 0, .ofs_y = -1},
    {.bitmap_index = 14584, .adv_w = 307, .box_w = 16, .box_h = 29, .ofs_x = 2, .ofs_y = 0},
    {.bitmap_index = 14687, .adv_w = 307, .box_w = 16, .box_h = 29, .ofs_x = 2, .ofs_y = 0},
    {.bitmap_index = 14789, .adv_w = 307, .box_w = 16, .box_h = 29, .ofs_x = 2, .ofs_y = 0},
    {.bitmap_index = 14894, .adv_w = 307, .box_w = 16, .box_h = 29, .ofs_x = 2, .ofs_y = 0},
    {.bitmap_index = 15002, .adv_w = 307, .box_w = 19, .box_h = 29, .ofs_x = 0, .ofs_y = 0},
    {.bitmap_index = 15153, .adv_w = 307, .box_w = 16, .box_h = 22, .ofs_x = 2, .ofs_y = 0},
    {.bitmap_index = 15234, .adv_w = 307, .box_w = 16, .box_h = 25, .ofs_x = 2, .ofs_y = 0},
    {.bitmap_index = 15376, .adv_w = 307, .box_w = 16, .box_h = 23, .ofs_x = 2, .ofs_y = 0},
    {.bitmap_index = 15515, .adv_w = 307, .box_w = 16, .box_h = 23, .ofs_x = 2, .ofs_y = 0},
    {.bitmap_index = 15653, .adv_w = 307, .box_w = 16, .box_h = 23, .ofs_x = 2, .ofs_y = 0},
    {.bitmap_index = 15795, .adv_w = 307, .box_w = 16, .box_h = 25, .ofs_x = 2, .ofs_y = 0},
    {.bitmap_index = 15949, .adv_w = 307, .box_w = 16, .box_h = 23, .ofs_x = 2, .ofs_y = 0},
    {.bitmap_index = 16095, .adv_w = 307, .box_w = 16, .box_h = 26, .ofs_x = 2, .ofs_y = 0},
    {.bitmap_index = 16250, .adv_w = 307, .box_w = 19, .box_h = 17, .ofs_x = 0, .ofs_y = 0},
    {.bitmap_index = 16381, .adv_w = 307, .box_w = 15, .box_h = 23, .ofs_x = 2, .ofs_y = -6},
    {.bitmap_index = 16518, .adv_w = 307, .box_w = 17, .box_h = 23, .ofs_x = 1, .ofs_y = 0},
    {.bitmap_index = 16667, .adv_w = 307, .box_w = 17, .box_h = 23, .ofs_x = 1, .ofs_y = 0},
    {.bitmap_index = 16814, .adv_w = 307, .box_w = 17, .box_h = 23, .ofs_x = 1, .ofs_y = 0},
    {.bitmap_index = 16963, .adv_w = 307, .box_w = 17, .box_h = 23, .ofs_x = 1, .ofs_y = 0},
    {.bitmap_index = 17115, .adv_w = 307, .box_w = 15, .box_h = 22, .ofs_x = 3, .ofs_y = 0},
    {.bitmap_index = 17168, .adv_w = 307, .box_w = 15, .box_h = 22, .ofs_x = 3, .ofs_y = 0},
    {.bitmap_index = 17219, .adv_w = 307, .box_w = 15, .box_h = 23, .ofs_x = 3, .ofs_y = 0},
    {.bitmap_index = 17280, .adv_w = 307, .box_w = 15, .box_h = 22, .ofs_x = 3, .ofs_y = 0},
    {.bitmap_index = 17343, .adv_w = 307, .box_w = 17, .box_h = 24, .ofs_x = 0, .ofs_y = 0},
    {.bitmap_index = 17511, .adv_w = 307, .box_w = 16, .box_h = 25, .ofs_x = 2, .ofs_y = 0},
    {.bitmap_index = 17610, .adv_w = 307, .box_w = 17, .box_h = 23, .ofs_x = 1, .ofs_y = 0},
    {.bitmap_index = 17762, .adv_w = 307, .box_w = 17, .box_h = 23, .ofs_x = 1, .ofs_y = 0},
    {.bitmap_index = 17912, .adv_w = 307, .box_w = 17, .box_h = 23, .ofs_x = 1, .ofs_y = 0},
    {.bitmap_index = 18064, .adv_w = 307, .box_w = 17, .box_h = 25, .ofs_x = 1, .ofs_y = 0},
    {.bitmap_index = 18231, .adv_w = 307, .box_w = 17, .box_h = 23, .ofs_x = 1, .ofs_y = 0},
    {.bitmap_index = 18387, .adv_w = 307, .box_w = 17, .box_h = 16, .ofs_x = 1, .ofs_y = 2},
    {.bitmap_index = 18452, .adv_w = 307, .box_w = 17, .box_h = 21, .ofs_x = 1, .ofs_y = -2},
    {.bitmap_index = 18604, .adv_w = 307, .box_w = 15, .box_h = 22, .ofs_x = 2, .ofs_y = 0},
    {.bitmap_index = 18679, .adv_w = 307, .box_w = 15, .box_h = 22, .ofs_x = 2, .ofs_y = 0},
    {.bitmap_index = 18752, .adv_w = 307, .box_w = 15, .box_h = 23, .ofs_x = 2, .ofs_y = 0},
    {.bitmap_index = 18834, .adv_w = 307, .box_w = 15, .box_h = 22, .ofs_x = 2, .ofs_y = 0},
    {.bitmap_index = 18918, .adv_w = 307, .box_w = 19, .box_h = 28, .ofs_x = 0, .ofs_y = -6},
    {.bitmap_index = 19103, .adv_w = 307, .box_w = 16, .box_h = 31, .ofs_x = 2, .ofs_y = -6},
    {.bitmap_index = 19215, .adv_w = 307, .box_w = 19, .box_h = 28, .ofs_x = 0, .ofs_y = -6}
};

/*---------------------
 *  CHARACTER MAPPING
 *--------------------*/



/*Collect the unicode lists and glyph_id offsets*/
static const lv_font_fmt_txt_cmap_t cmaps[] =
{
    {
        .range_start = 32, .range_length = 95, .glyph_id_start = 1,
        .unicode_list = NULL, .glyph_id_ofs_list = NULL, .list_length = 0, .type = LV_FONT_FMT_TXT_CMAP_FORMAT0_TINY
    },
    {
        .range_start = 160, .range_length = 96, .glyph_id_start = 96,
        .unicode_list = NULL, .glyph_id_ofs_list = NULL, .list_length = 0, .type = LV_FONT_FMT_TXT_CMAP_FORMAT0_TINY
    }
};



/*--------------------
 *  ALL CUSTOM DATA
 *--------------------*/

#if LVGL_VERSION_MAJOR == 8
/*Store all the custom data of the font*/
static  lv_font_fmt_txt_glyph_cache_t cache;
#endif

#if LVGL_VERSION_MAJOR >= 8
static const lv_font_fmt_txt_dsc_t font_dsc = {
#else
static lv_font_fmt_txt_dsc_t font_dsc = {
#endif
    .glyph_bitmap = glyph_bitmap,
    .glyph_dsc = glyph_dsc,
    .cmaps = cmaps,
    .kern_dsc = NULL,
    .kern_scale = 0,
    .cmap_num = 2,
    .bpp = 4,
    .kern_classes = 0,
    .bitmap_format = 1,
#if LVGL_VERSION_MAJOR == 8
    .cache = &cache
#endif
};



/*-----------------
 *  PUBLIC FONT
 *----------------*/

/*Initialize a public general font descriptor*/
#if LVGL_VERSION_MAJOR >= 8
const lv_font_t roboto_mono_medium_32 = {
#else
lv_font_t roboto_mono_medium_32 = {
#endif
    .get_glyph_dsc = lv_font_get_glyph_dsc_fmt_txt,    /*Function pointer to get glyph's data*/
    .get_glyph_bitmap = lv_font_get_bitmap_fmt_txt,    /*Function pointer to get glyph's bitmap*/
    .line_height = 39,          /*The maximum line height required by the font*/
    .base_line = 8,             /*Baseline measured from the bottom of the line*/
#if !(LVGL_VERSION_MAJOR == 6 && LVGL_VERSION_MINOR == 0)
    .subpx = LV_FONT_SUBPX_NONE,
#endif
#if LV_VERSION_CHECK(7, 4, 0) || LVGL_VERSION_MAJOR >= 8
    .underline_position = -2,
    .underline_thickness = 2,
#endif
    .dsc = &font_dsc,          /*The custom font data. Will be accessed by `get_glyph_bitmap/dsc` */
#if LV_VERSION_CHECK(8, 2, 0) || LVGL_VERSION_MAJOR >= 9
    .fallback = NULL,
#endif
    .user_data = NULL,
};



#endif /*#if ROBOTO_MONO_MEDIUM_32*/

