/*******************************************************************************
 * Size: 38 px
 * Bpp: 4
 * Opts: --bpp 4 --size 38 --font roboto_mono_medium.ttf --range 32-127,160-255 --format lvgl -o generated_fonts/roboto_mono_medium_38.c
 ******************************************************************************/

#ifdef LV_LVGL_H_INCLUDE_SIMPLE
#include "lvgl.h"
#else
#include "lvgl/lvgl.h"
#endif

#ifndef ROBOTO_MONO_MEDIUM_38
#define ROBOTO_MONO_MEDIUM_38 1
#endif

#if ROBOTO_MONO_MEDIUM_38

/*-----------------
 *    BITMAPS
 *----------------*/

/*Store the image of the glyphs*/
static LV_ATTRIBUTE_LARGE_CONST const uint8_t glyph_bitmap[] = {
    /* U+0020 " " */

    /* U+0021 "!" */
    0xf, 0xfd, 0x0, 0x1f, 0xfc, 0xbf, 0x0, 0xff,
    0xe0, 0x88, 0x7, 0xff, 0x24, 0x40, 0x3f, 0xf8,
    0x26, 0x1, 0xff, 0xcf, 0x30, 0x9a, 0xa9, 0xc1,
    0x15, 0x62, 0x0, 0xff, 0xe1, 0x88, 0x4, 0xff,
    0xda, 0x44, 0x80, 0x1, 0x73, 0x80, 0x62, 0x70,
    0xc, 0xa5, 0x22, 0x9, 0x40,

    /* U+0022 "\"" */
    0x3f, 0xf8, 0xc0, 0x2f, 0xf9, 0x80, 0x3f, 0xf8,
    0x82, 0x1, 0xe3, 0x0, 0xc6, 0x1, 0xe1, 0x0,
    0xc2, 0x1, 0xe7, 0x0, 0xff, 0x84, 0x2, 0x10,
    0xf, 0x8c, 0x2, 0x30, 0xf, 0x84, 0x2, 0x10,
    0xf, 0xc2, 0xaa, 0xb0, 0xc, 0xaa, 0x60,

    /* U+0023 "#" */
    0x0, 0xfc, 0x9f, 0xec, 0x0, 0xdf, 0xf0, 0x7,
    0xfc, 0x60, 0x5, 0x0, 0x88, 0x0, 0x40, 0x1f,
    0xf7, 0x0, 0x3c, 0x2, 0x70, 0x3, 0x80, 0x7f,
    0xca, 0x0, 0x50, 0xb, 0x40, 0x1a, 0x1, 0xff,
    0x18, 0x0, 0xc0, 0x23, 0x0, 0x10, 0x7, 0xf8,
    0x80, 0x4, 0x1, 0x94, 0x0, 0xe0, 0x1f, 0xe7,
    0x0, 0x30, 0x4, 0x22, 0x0, 0x10, 0x7, 0xfb,
    0x40, 0x6, 0x1, 0x28, 0x0, 0xc0, 0x3d, 0x7f,
    0xf9, 0xc0, 0xf, 0xff, 0x58, 0x0, 0xff, 0xe9,
    0x0, 0xff, 0xf1, 0x5f, 0xfd, 0x60, 0x3, 0xff,
    0xc0, 0x17, 0x7f, 0xd2, 0x1, 0xe2, 0x0, 0x28,
    0x4, 0x40, 0x1, 0x10, 0x7, 0xfb, 0xc0, 0x1c,
    0x1, 0x38, 0x1, 0x40, 0x3f, 0xe5, 0x0, 0x18,
    0x5, 0xa0, 0x3, 0x0, 0xff, 0x8c, 0x0, 0xa0,
    0x11, 0x80, 0x34, 0x3, 0xfc, 0x40, 0x1, 0x10,
    0x4, 0xc0, 0x7, 0x0, 0xe1, 0xff, 0xda, 0x0,
    0x1f, 0xfc, 0x40, 0xd, 0xff, 0x8c, 0x3, 0xff,
    0xc2, 0x3f, 0xf8, 0x80, 0x19, 0xff, 0x30, 0x2,
    0x3f, 0xf1, 0x80, 0x78, 0x80, 0x6, 0x1, 0x28,
    0x0, 0xc0, 0x3f, 0xc6, 0x0, 0x20, 0xc, 0x60,
    0x5, 0x0, 0xff, 0x28, 0x1, 0xc0, 0x22, 0x0,
    0x8, 0x80, 0x3f, 0xdc, 0x0, 0xd0, 0x9, 0x80,
    0xa, 0x1, 0xff, 0x18, 0x0, 0xc0, 0x23, 0x0,
    0x10, 0x7, 0xfc, 0xa0, 0x6, 0x0, 0xb4, 0x1,
    0xe0, 0x1f, 0xe1, 0x10, 0x0, 0x80, 0x27, 0x0,
    0x28, 0x7, 0xc0,

    /* U+0024 "$" */
    0x0, 0xfc, 0x5f, 0xeb, 0x0, 0xff, 0xfd, 0x2c,
    0xf8, 0x1, 0x29, 0x80, 0x3f, 0x93, 0x69, 0x88,
    0x2, 0x59, 0xe5, 0x0, 0xf3, 0x59, 0x0, 0x7e,
    0x1a, 0x70, 0xc, 0x52, 0x1, 0xc2, 0x20, 0xe,
    0x84, 0x0, 0xa4, 0x3, 0x37, 0x76, 0x60, 0xd,
    0x0, 0x12, 0x0, 0x4b, 0x22, 0x0, 0x19, 0x50,
    0x8, 0xc8, 0xc, 0x3, 0x70, 0x7, 0xa0, 0x3,
    0x20, 0x30, 0x6, 0x50, 0xf, 0x10, 0x80, 0x5e,
    0x2, 0x1, 0x88, 0x3, 0xe5, 0x0, 0x8c, 0x18,
    0x3, 0x58, 0x7, 0xd7, 0xff, 0x50, 0x11, 0x0,
    0x27, 0x60, 0xf, 0xfe, 0xc, 0x0, 0x69, 0xb4,
    0x0, 0xff, 0x95, 0x40, 0x19, 0x2f, 0x5c, 0x40,
    0x3f, 0xa9, 0x80, 0x38, 0xa3, 0xa4, 0x80, 0x3f,
    0x4d, 0x90, 0x7, 0x9b, 0x5c, 0x3, 0xf2, 0x6d,
    0x20, 0x7, 0xa2, 0x80, 0x3f, 0x96, 0xfa, 0x4,
    0x3, 0x2c, 0x0, 0x7f, 0x85, 0xfa, 0x0, 0x33,
    0x90, 0x7, 0xff, 0x1, 0xe4, 0x3, 0x29, 0x33,
    0x60, 0xf, 0xcc, 0x40, 0x16, 0x3c, 0xce, 0x10,
    0xf, 0xce, 0x1, 0x3b, 0x0, 0x64, 0x0, 0xfc,
    0x20, 0x13, 0x98, 0x6, 0x90, 0xf, 0x85, 0x0,
    0x22, 0x5, 0x0, 0x8e, 0x0, 0x3d, 0x40, 0x1b,
    0x2, 0x0, 0x33, 0xec, 0x33, 0x27, 0x90, 0x2,
    0x15, 0x2, 0x90, 0xc, 0x4f, 0x32, 0x61, 0x0,
    0xda, 0x1, 0x34, 0x80, 0x7f, 0xc3, 0x66, 0x1,
    0x9b, 0x58, 0x40, 0x3c, 0x2f, 0xe8, 0x1, 0xe2,
    0x9e, 0xd5, 0x0, 0x3e, 0xf4, 0x8, 0x7, 0xf8,
    0x88, 0x0, 0xd2, 0x0, 0xff, 0xf0, 0x0,

    /* U+0025 "%" */
    0x0, 0xa3, 0x7f, 0xd8, 0xc0, 0x1f, 0xfc, 0x31,
    0xd7, 0x20, 0x1, 0xcd, 0x0, 0x7f, 0xf0, 0xac,
    0x80, 0x4, 0x20, 0x5, 0x60, 0xf, 0xfe, 0xa,
    0x80, 0x2b, 0x79, 0x80, 0x14, 0x1, 0x88, 0x40,
    0x3c, 0x60, 0x1, 0x50, 0x5, 0x80, 0xc, 0x3,
    0x7f, 0x48, 0x7, 0x38, 0x0, 0xc0, 0x23, 0x0,
    0xf2, 0x90, 0x7, 0xff, 0x26, 0xc0, 0x10, 0x1,
    0xce, 0x0, 0x30, 0x8, 0x80, 0x39, 0xc4, 0x20,
    0x40, 0x38, 0xc0, 0x3, 0x0, 0x30, 0x0, 0x40,
    0x19, 0x1, 0x70, 0xf, 0x9c, 0x0, 0xff, 0xc8,
    0x0, 0xf0, 0x91, 0x8, 0x0, 0xfd, 0xa, 0x1,
    0xe9, 0x41, 0x70, 0x26, 0x0, 0xfe, 0xab, 0x64,
    0x43, 0xeb, 0x5, 0x80, 0x20, 0x3, 0xfe, 0x49,
    0xbb, 0x41, 0x1, 0x28, 0x1a, 0x80, 0x7f, 0xf1,
    0xa4, 0x1, 0xe0, 0x1f, 0xfc, 0x64, 0x40, 0x21,
    0x80, 0x7f, 0xf1, 0xa0, 0x1, 0x20, 0x1f, 0xfc,
    0x65, 0x30, 0x62, 0x8, 0xdf, 0xf6, 0x30, 0x7,
    0xfd, 0x0, 0x8, 0x1d, 0x72, 0x0, 0x1c, 0xd0,
    0x7, 0xf3, 0x90, 0x38, 0xc1, 0x0, 0xc, 0x80,
    0xa, 0xc0, 0x1f, 0xc, 0x80, 0xc8, 0x30, 0x2,
    0xb3, 0x58, 0x1, 0x40, 0x1f, 0x48, 0x84, 0x89,
    0x80, 0x5, 0x40, 0x16, 0x0, 0x30, 0xf, 0xb,
    0x80, 0xb8, 0x38, 0x0, 0xc0, 0x23, 0x0, 0xfe,
    0x90, 0x4, 0x0, 0x7f, 0xf1, 0xe2, 0x51, 0x80,
    0xe, 0x0, 0x30, 0xf, 0xfe, 0x13, 0x58, 0x4,
    0x60, 0x1, 0x60, 0x4, 0x80, 0xc, 0x3, 0xff,
    0x82, 0xc0, 0x9, 0xcd, 0x70, 0x5, 0x0, 0x7f,
    0xf0, 0x60, 0x80, 0x6, 0x40, 0x5, 0x60, 0xf,
    0xfe, 0x8, 0xeb, 0x90, 0x0, 0xe6, 0x80, 0x0,

    /* U+0026 "&" */
    0x0, 0xf1, 0xce, 0xff, 0xb6, 0x4, 0x3, 0xff,
    0x83, 0x38, 0xc4, 0x0, 0x27, 0xf3, 0x0, 0xff,
    0xa5, 0x80, 0x3e, 0x1d, 0x10, 0xf, 0xe3, 0x60,
    0xc, 0x66, 0x0, 0x86, 0x40, 0x3f, 0xa8, 0x3,
    0x66, 0x52, 0x1, 0x30, 0x7, 0xf2, 0x80, 0x4e,
    0x60, 0x6, 0x10, 0x0, 0x80, 0x7f, 0x10, 0x5,
    0x80, 0x18, 0x80, 0x21, 0x0, 0xff, 0xe2, 0x90,
    0x0, 0x44, 0x1, 0xf9, 0x40, 0x2c, 0x0, 0x9c,
    0x40, 0xe, 0x1, 0xfd, 0x80, 0x13, 0x0, 0x22,
    0x0, 0x1, 0x80, 0xf, 0xe6, 0x0, 0x86, 0x6d,
    0xc0, 0x2d, 0x10, 0xf, 0xe1, 0x70, 0x9, 0x90,
    0x0, 0x38, 0x60, 0x1f, 0xf4, 0x8, 0x7, 0x1f,
    0x98, 0x7, 0xff, 0x0, 0x48, 0x3, 0xe, 0x8,
    0x7, 0xff, 0x0, 0xbc, 0xc0, 0x30, 0xb8, 0x7,
    0x19, 0xc4, 0x1, 0x1e, 0x88, 0x7, 0xa0, 0xc0,
    0x36, 0x66, 0x0, 0xe, 0x80, 0x43, 0x42, 0x1,
    0x68, 0x80, 0x4, 0x2, 0x20, 0x4, 0x8, 0x5,
    0xab, 0x40, 0x10, 0xe8, 0x1, 0x40, 0x26, 0x0,
    0x30, 0x4, 0xc6, 0x9, 0x0, 0x11, 0xc8, 0x68,
    0x5, 0xa0, 0x80, 0x1a, 0x80, 0x27, 0x40, 0x9,
    0x9a, 0x0, 0x94, 0x4, 0x3, 0x10, 0x6, 0xa2,
    0x0, 0xa4, 0x2, 0x32, 0x1, 0x0, 0xc4, 0x1,
    0x87, 0x80, 0x3e, 0x80, 0x3, 0x0, 0x6a, 0x0,
    0xe3, 0x90, 0xe, 0x64, 0x0, 0x11, 0x0, 0x26,
    0x60, 0x6, 0x3d, 0x0, 0xee, 0x0, 0xd0, 0x1,
    0xa7, 0xae, 0xdd, 0x88, 0x1, 0xd0, 0x40, 0x12,
    0xa8, 0x3, 0xa, 0x20, 0x40, 0x3f, 0x78, 0x6,
    0xa7, 0x0, 0xfe, 0x1a, 0x70, 0x8, 0xa0, 0x3,
    0x47, 0x39, 0x88, 0x0, 0x96, 0xb9, 0x60, 0x80,
    0x27, 0x40,

    /* U+0027 "'" */
    0x3f, 0xf9, 0x0, 0x3f, 0xf8, 0x4e, 0x1, 0x84,
    0x3, 0x18, 0x6, 0x10, 0xf, 0xc2, 0x2, 0x44,
    0x50,

    /* U+0028 "(" */
    0x0, 0xff, 0xe3, 0xad, 0x80, 0x7e, 0x8a, 0x42,
    0x0, 0xf4, 0x38, 0x1, 0x0, 0x39, 0x9c, 0x0,
    0xcc, 0x0, 0xc5, 0x20, 0x4, 0x90, 0xe, 0xe0,
    0x0, 0xd0, 0x7, 0x29, 0x80, 0x20, 0x40, 0x3a,
    0x0, 0x4, 0xc0, 0x1c, 0xa4, 0x0, 0xa0, 0xf,
    0x70, 0x4, 0xc0, 0x1c, 0x28, 0x0, 0x41, 0x0,
    0xe7, 0x0, 0xb0, 0x3, 0xd8, 0x1, 0x20, 0x7,
    0x90, 0x2, 0x30, 0xe, 0x11, 0x0, 0x8, 0x3,
    0xc4, 0x1, 0x30, 0x7, 0x98, 0x2, 0x10, 0xf,
    0x18, 0x4, 0x40, 0x1e, 0x10, 0xf, 0xfe, 0xf8,
    0x80, 0x42, 0x1, 0xe3, 0x0, 0x8c, 0x3, 0xcc,
    0x1, 0x30, 0x7, 0x8c, 0x2, 0x20, 0xf, 0x88,
    0x0, 0x20, 0x1f, 0x20, 0x4, 0x80, 0x1e, 0xc0,
    0xb, 0x0, 0x3c, 0xa0, 0x12, 0x80, 0x7c, 0xa0,
    0x2, 0x20, 0x7, 0xa4, 0x2, 0xa0, 0xf, 0x19,
    0x80, 0xc, 0x1, 0xf4, 0x0, 0x5, 0xc0, 0x3c,
    0x8a, 0x0, 0x82, 0x0, 0xf5, 0x88, 0x3, 0x80,
    0x3c, 0x3a, 0x0, 0x3b, 0x0, 0xf1, 0xd0, 0x1,
    0x18, 0x3, 0xcb, 0x60, 0x7, 0x0, 0xf9, 0x35,
    0xc4,

    /* U+0029 ")" */
    0x0, 0xff, 0xe0, 0xb4, 0x80, 0x7f, 0xa9, 0xb4,
    0x80, 0x3f, 0x10, 0x16, 0x8, 0x7, 0xd8, 0x20,
    0x38, 0x1, 0xf1, 0x50, 0x0, 0xa8, 0x3, 0xe4,
    0x60, 0x2, 0xa0, 0x7, 0xd0, 0x20, 0x9, 0x0,
    0xf8, 0x64, 0x0, 0x4c, 0x1, 0xf3, 0x0, 0x56,
    0x1, 0xf0, 0xa8, 0x0, 0x90, 0x3, 0xef, 0x0,
    0xb4, 0x3, 0xe5, 0x0, 0x9c, 0x3, 0xf1, 0x80,
    0x4, 0xc0, 0x3e, 0x50, 0x9, 0x0, 0x3e, 0xe0,
    0xb, 0x40, 0x3e, 0x30, 0x9, 0xc0, 0x3e, 0x70,
    0x8, 0x80, 0x3e, 0x10, 0xf, 0xf8, 0xc0, 0x30,
    0x80, 0x7f, 0xf7, 0x8c, 0x3, 0x8, 0x7, 0x84,
    0x2, 0x10, 0xf, 0x98, 0x2, 0x20, 0xf, 0x88,
    0x2, 0x50, 0xf, 0xb8, 0x2, 0xf0, 0xf, 0x90,
    0x2, 0x40, 0xf, 0x9, 0x0, 0x8, 0x80, 0x1e,
    0x40, 0x9, 0x40, 0x3e, 0xf0, 0xa, 0x80, 0x3c,
    0x2a, 0x0, 0x32, 0x0, 0xf4, 0x80, 0x50, 0x1,
    0xe1, 0x70, 0x2, 0x20, 0x3, 0xd6, 0x1, 0x48,
    0x7, 0x95, 0x40, 0x8, 0x20, 0xe, 0x4a, 0x0,
    0x2b, 0x80, 0x7a, 0xc0, 0x7, 0x40, 0x1f, 0x28,
    0x2e, 0x0, 0x7e, 0xe9, 0xa0, 0xf, 0xc0,

    /* U+002A "*" */
    0x0, 0xfd, 0x5f, 0xf0, 0x7, 0xff, 0x10, 0xc0,
    0x3f, 0xf8, 0xfc, 0x0, 0x10, 0xf, 0xfe, 0x20,
    0x80, 0x8, 0x3, 0xff, 0x88, 0x60, 0x7, 0x0,
    0xfe, 0x1b, 0x40, 0xc, 0x20, 0x1, 0x0, 0xe6,
    0x40, 0x3, 0xa5, 0xeb, 0x0, 0x1c, 0x0, 0x60,
    0x1, 0x8e, 0x9e, 0x0, 0x68, 0x0, 0xa7, 0x9c,
    0x2, 0xe3, 0xae, 0x71, 0x4, 0x0, 0x28, 0x6,
    0x18, 0xc0, 0x4, 0xe2, 0x80, 0x61, 0x30, 0xed,
    0x94, 0x10, 0xe, 0x10, 0x8, 0x56, 0x30, 0xc0,
    0x4, 0xd7, 0xd8, 0xe0, 0x19, 0x27, 0x7a, 0x9c,
    0xc0, 0x3e, 0x32, 0x0, 0xe6, 0x20, 0xf, 0xf9,
    0xd4, 0x8, 0xc1, 0x20, 0x3, 0xfe, 0x48, 0x0,
    0x4f, 0x80, 0x1d, 0x40, 0x3f, 0x8a, 0xc0, 0x8,
    0x83, 0x50, 0x5, 0x10, 0x7, 0xc3, 0xe0, 0x14,
    0x80, 0x20, 0x2, 0xf0, 0xf, 0xac, 0x80, 0xe,
    0x40, 0x2, 0x60, 0x1, 0x50, 0x7, 0xa0, 0x80,
    0x60, 0x3, 0x40, 0x80, 0xf0, 0x7, 0x8b, 0x5a,
    0x0, 0x38, 0x64, 0xfd, 0x0, 0x3f, 0x4b, 0x0,
    0x79, 0xf0, 0x40, 0x30,

    /* U+002B "+" */
    0x0, 0xfc, 0x46, 0x70, 0x80, 0x7f, 0xf0, 0xf3,
    0x33, 0x80, 0x7f, 0xff, 0xc0, 0x3f, 0xfd, 0x28,
    0x9f, 0x0, 0x6f, 0x44, 0xf1, 0x5, 0xdf, 0xc2,
    0x1, 0x35, 0xdf, 0xa8, 0x3, 0xff, 0xe3, 0xff,
    0xf0, 0x80, 0x53, 0xff, 0xe8, 0x0, 0xff, 0xff,
    0x80, 0x7f, 0xfd, 0x40,

    /* U+002C "," */
    0x0, 0x5f, 0xfd, 0x40, 0x1f, 0xfc, 0xf3, 0x0,
    0x38, 0x5, 0xc0, 0x2, 0x0, 0x90, 0x8, 0x40,
    0x2, 0x61, 0x40, 0x14, 0x80, 0x18, 0x0, 0x4e,
    0x2, 0xa0, 0xf, 0x0, 0xd, 0xdc, 0x40, 0x0,

    /* U+002D "-" */
    0x3b, 0xbf, 0xfe, 0x13, 0xb9, 0x13, 0xff, 0x85,
    0xa0, 0x1f, 0xfd, 0x40,

    /* U+002E "." */
    0x0, 0x12, 0x10, 0x5, 0x3b, 0x7b, 0x60, 0x8c,
    0x1, 0x24, 0x60, 0x7, 0x20, 0x7, 0xd4, 0x1,
    0xd4, 0x56, 0x40, 0x30, 0xc0,

    /* U+002F "/" */
    0x0, 0xff, 0x1f, 0xfd, 0xa0, 0x1f, 0xea, 0x0,
    0xa8, 0x3, 0xfc, 0xe0, 0x13, 0x0, 0x7f, 0x20,
    0x80, 0xc, 0x40, 0x3f, 0xb8, 0x2, 0xa0, 0xf,
    0xf2, 0x80, 0x4e, 0x1, 0xfc, 0xa0, 0x12, 0x8,
    0x7, 0xf7, 0x0, 0x5c, 0x1, 0xfc, 0x28, 0x1,
    0x28, 0x7, 0xf3, 0x80, 0x4a, 0x1, 0xfe, 0xa0,
    0xb, 0x80, 0x3f, 0x88, 0xc0, 0x2, 0x80, 0x1f,
    0xca, 0x1, 0x38, 0x7, 0xfa, 0x80, 0x2a, 0x0,
    0xfe, 0x32, 0x0, 0x9, 0x80, 0x7f, 0x58, 0x4,
    0xc0, 0x1f, 0xe6, 0x0, 0xa8, 0x3, 0xf9, 0x4,
    0x0, 0x44, 0x0, 0xfe, 0xd0, 0xa, 0x80, 0x3f,
    0xce, 0x1, 0x30, 0x7, 0xf2, 0x88, 0x0, 0xc4,
    0x3, 0xfb, 0xc0, 0x2a, 0x0, 0xff, 0x28, 0x4,
    0xe0, 0x1f, 0xca, 0x1, 0x20, 0x80, 0x7f, 0x70,
    0x5, 0xc0, 0x1f, 0xc2, 0x80, 0x12, 0x80, 0x7f,
    0x38, 0x4, 0xa0, 0x1f, 0xea, 0x0, 0xb8, 0x3,
    0xf8, 0x8c, 0x0, 0x28, 0x1, 0xfc, 0xa0, 0x13,
    0x80, 0x7f, 0x80,

    /* U+0030 "0" */
    0x0, 0xe2, 0x9d, 0xff, 0x76, 0x40, 0x80, 0x7f,
    0x4e, 0xb1, 0x0, 0x4, 0xdf, 0x9c, 0x3, 0xeb,
    0x60, 0xf, 0xe8, 0x90, 0xe, 0x84, 0x0, 0xc6,
    0x84, 0x1, 0x99, 0x80, 0x10, 0xb8, 0x4, 0x7b,
    0x97, 0xb8, 0x20, 0x14, 0x0, 0x52, 0x1, 0xb4,
    0x80, 0x23, 0xd0, 0x8, 0x54, 0x0, 0xa0, 0x13,
    0x8, 0x7, 0x19, 0x80, 0x2f, 0x0, 0x10, 0x5,
    0x80, 0x1f, 0x58, 0x4, 0x80, 0x60, 0x19, 0xc0,
    0x3e, 0x20, 0x8, 0x44, 0xe0, 0x18, 0xc0, 0x3c,
    0x3c, 0x1, 0x8c, 0x40, 0x3f, 0xc7, 0xe8, 0x1,
    0x84, 0x3, 0xfc, 0xf8, 0x20, 0x1f, 0xfc, 0x21,
    0xb8, 0x0, 0x10, 0x7, 0xff, 0x0, 0xf1, 0x0,
    0x11, 0x20, 0x1f, 0xf3, 0x61, 0x0, 0xe3, 0x80,
    0x7f, 0xd5, 0x20, 0x4, 0xf3, 0x0, 0xff, 0xe0,
    0x20, 0x2, 0x2c, 0x40, 0x3f, 0xf8, 0x43, 0x8e,
    0x1, 0xfe, 0x10, 0xc, 0x9e, 0x60, 0x1f, 0xe1,
    0x70, 0xd, 0x2, 0x1, 0xe1, 0x0, 0xc6, 0x60,
    0xc, 0xc0, 0x1f, 0x10, 0x4, 0x22, 0x2, 0x0,
    0xbc, 0x3, 0xec, 0x0, 0x94, 0x0, 0xa0, 0x12,
    0x90, 0x7, 0x1a, 0x0, 0x5a, 0x0, 0x90, 0xd,
    0xe4, 0x1, 0x1e, 0x80, 0x42, 0xc0, 0x1, 0x70,
    0x8, 0xb7, 0x2f, 0x30, 0x20, 0x14, 0x0, 0x68,
    0x40, 0xc, 0x68, 0x60, 0x19, 0x98, 0x1, 0xd6,
    0xc0, 0x1f, 0xcf, 0x20, 0x1f, 0x4e, 0xb9, 0x0,
    0x46, 0xfb, 0x0, 0x18,

    /* U+0031 "1" */
    0x0, 0xff, 0x2c, 0x80, 0x7c, 0x51, 0xd4, 0xe0,
    0x18, 0x5b, 0x35, 0xc4, 0x3, 0x25, 0x74, 0x98,
    0x7, 0x2f, 0x5a, 0x80, 0x7e, 0xd1, 0x0, 0xff,
    0xe1, 0xad, 0xb0, 0x7, 0x8e, 0x7e, 0x90, 0x3,
    0xaf, 0x71, 0x80, 0x3f, 0x19, 0x0, 0x7f, 0xff,
    0xc0, 0x3f, 0xff, 0xe0, 0x1f, 0xff, 0xf0,

    /* U+0032 "2" */
    0x0, 0xe2, 0x8c, 0xef, 0xf6, 0xd2, 0x0, 0x7f,
    0xa7, 0x5c, 0xc4, 0x0, 0x4b, 0x78, 0x40, 0x1e,
    0x1d, 0x60, 0xf, 0xe3, 0xc2, 0x0, 0xec, 0x20,
    0xc, 0x46, 0x20, 0x18, 0x7c, 0x3, 0x41, 0x0,
    0x49, 0xba, 0xce, 0xc1, 0x0, 0x89, 0x40, 0x27,
    0x0, 0x92, 0xc8, 0x2, 0x3c, 0x0, 0xdc, 0x0,
    0x40, 0xd, 0x0, 0x1e, 0x25, 0x0, 0x94, 0x0,
    0x60, 0x18, 0xc0, 0x3e, 0xc0, 0x8, 0x40, 0x22,
    0x29, 0x0, 0x3f, 0xf8, 0x6f, 0xbb, 0x58, 0x7,
    0xef, 0x0, 0x88, 0x3, 0xff, 0x86, 0xe0, 0x12,
    0x0, 0x7f, 0xf0, 0x9c, 0x40, 0x2b, 0x0, 0xff,
    0xe0, 0x94, 0x0, 0x4a, 0x40, 0x1f, 0xfc, 0x1,
    0xf0, 0x8, 0x6c, 0x3, 0xff, 0x83, 0x44, 0x1,
    0x58, 0x80, 0x7f, 0xf0, 0x29, 0x0, 0x27, 0x50,
    0xf, 0xfe, 0x4, 0x28, 0x4, 0xb0, 0x1, 0xff,
    0xc0, 0x77, 0x0, 0x49, 0x40, 0x1f, 0xfc, 0x5,
    0x80, 0x8, 0xec, 0x3, 0xff, 0x80, 0x94, 0x1,
    0x16, 0x80, 0x7f, 0xf0, 0xe, 0xc0, 0x21, 0xc1,
    0x0, 0xff, 0x8b, 0x40, 0x21, 0xc1, 0x0, 0xff,
    0x87, 0xc4, 0x2, 0xd2, 0x0, 0xff, 0xe0, 0x69,
    0x0, 0x56, 0x60, 0x1f, 0xfc, 0xb, 0x30, 0x8,
    0x7a, 0xab, 0xfe, 0x0, 0x20, 0x6, 0x15, 0x5f,
    0xfe, 0x0, 0x80, 0x7f, 0xf7, 0x0,

    /* U+0033 "3" */
    0x0, 0xe2, 0x8c, 0xef, 0xf6, 0xd3, 0x0, 0x7e,
    0x1a, 0xd7, 0x31, 0x0, 0x12, 0xcf, 0x30, 0x7,
    0xe, 0x28, 0x7, 0xf0, 0xcc, 0x0, 0x6d, 0x20,
    0xc, 0x48, 0x60, 0x1c, 0xe8, 0x0, 0x53, 0x0,
    0x8b, 0x75, 0x79, 0xf0, 0x1, 0xa0, 0x1, 0xc0,
    0x10, 0xe1, 0x0, 0x67, 0x60, 0x8, 0xc4, 0x14,
    0x2, 0x71, 0x0, 0xf5, 0x0, 0x65, 0xa, 0xbb,
    0xc0, 0x1f, 0x8, 0x7, 0x91, 0x31, 0x0, 0x7c,
    0x20, 0x19, 0xc0, 0x3f, 0xf8, 0x32, 0x1, 0x9,
    0x80, 0x7f, 0xf0, 0x21, 0x40, 0x2b, 0x0, 0xf8,
    0xe6, 0x6b, 0xe7, 0x0, 0x99, 0x40, 0x3e, 0x56,
    0x69, 0x4, 0x2, 0x99, 0x0, 0x7f, 0xf1, 0x8,
    0xc0, 0x3f, 0xf8, 0xa5, 0x52, 0x1, 0xf9, 0xbf,
    0xee, 0xa2, 0x0, 0x9a, 0x0, 0x3f, 0xe1, 0x5d,
    0x40, 0x9, 0xc4, 0x3, 0xff, 0x83, 0x20, 0x19,
    0xc0, 0x3f, 0xf8, 0x24, 0x40, 0xb, 0x0, 0x3f,
    0xf8, 0x4c, 0x1, 0x9, 0xff, 0xe3, 0x0, 0xfc,
    0xe0, 0x10, 0x90, 0x6, 0x50, 0xf, 0xc6, 0x1,
    0x10, 0x88, 0x2, 0xb0, 0xf, 0x98, 0x3, 0x60,
    0x48, 0x4, 0x58, 0x40, 0x19, 0xa4, 0x2, 0x24,
    0x7, 0x20, 0x8, 0xf7, 0x55, 0x7d, 0x20, 0x1a,
    0x40, 0x2f, 0x10, 0xc, 0x4a, 0x82, 0x1, 0xa1,
    0x0, 0x22, 0xf4, 0x0, 0xfe, 0x1a, 0x70, 0xe,
    0x1b, 0xc7, 0x31, 0x0, 0x12, 0xd7, 0x28, 0x4,

    /* U+0034 "4" */
    0x0, 0xff, 0x9b, 0xff, 0x38, 0x7, 0xff, 0x4,
    0x64, 0x3, 0xff, 0x8d, 0x60, 0x1f, 0xfc, 0x64,
    0x50, 0xf, 0xfe, 0x34, 0x80, 0x7f, 0xf1, 0xa0,
    0x80, 0x3f, 0xf8, 0xa4, 0xe0, 0x2, 0x0, 0xff,
    0xe1, 0xc8, 0x5, 0x20, 0x1f, 0xfc, 0x25, 0x40,
    0x2, 0xa0, 0x7, 0xff, 0x4, 0x6c, 0x2, 0xb0,
    0xf, 0xfe, 0x14, 0x8, 0x2, 0x44, 0x3, 0xff,
    0x82, 0x6c, 0x0, 0x36, 0x0, 0xff, 0xe1, 0x70,
    0x5, 0xe0, 0x1f, 0xfc, 0x27, 0x20, 0x3, 0x98,
    0x7, 0xff, 0x4, 0x60, 0x0, 0x30, 0x1, 0xff,
    0xc2, 0xa0, 0xa, 0x80, 0x3f, 0xf8, 0x48, 0x80,
    0x2, 0x20, 0x3, 0xff, 0x85, 0x40, 0x15, 0x0,
    0x7f, 0xf0, 0xa0, 0x40, 0x2e, 0xff, 0xf0, 0x6,
    0x8f, 0xf6, 0xa0, 0x7, 0xff, 0x1d, 0xc0, 0x3f,
    0xf8, 0xf8, 0x89, 0xff, 0x0, 0x62, 0x44, 0x9e,
    0xef, 0xfe, 0x0, 0xd5, 0x76, 0x90, 0xf, 0xff,
    0xf8, 0x7, 0xff, 0x34,

    /* U+0035 "5" */
    0x0, 0xf, 0xff, 0xff, 0xa, 0x0, 0x23, 0x0,
    0xff, 0xe3, 0x30, 0x7, 0xff, 0x18, 0x80, 0x3f,
    0xf8, 0xc2, 0x1, 0x2f, 0xff, 0xfa, 0x0, 0x2e,
    0x0, 0x88, 0x3, 0xff, 0x84, 0x40, 0x17, 0x0,
    0x7f, 0xf0, 0x9c, 0x2, 0x20, 0xf, 0xfe, 0x11,
    0x0, 0x4e, 0x1, 0xff, 0xc2, 0x10, 0x8, 0x8e,
    0x2a, 0x92, 0xc2, 0x1, 0xe1, 0x0, 0xd9, 0x87,
    0x55, 0x34, 0xf4, 0x0, 0x71, 0x0, 0x62, 0x0,
    0xf9, 0xf0, 0x40, 0x26, 0x0, 0xff, 0xe0, 0x9d,
    0x0, 0x7e, 0x6c, 0xff, 0x63, 0x0, 0x64, 0x40,
    0x1, 0x7e, 0xde, 0xe4, 0xc0, 0x7, 0x32, 0x0,
    0xde, 0x1, 0x92, 0x10, 0x3, 0xcc, 0x80, 0x12,
    0x0, 0x7f, 0xf0, 0xb8, 0x3, 0x18, 0x7, 0xff,
    0x5, 0xc0, 0x33, 0x0, 0x7f, 0xf0, 0x4c, 0x3,
    0xff, 0x98, 0x7d, 0xd8, 0x40, 0x3e, 0x20, 0xc,
    0xc4, 0x23, 0x9c, 0x3, 0xeb, 0x0, 0xc4, 0x24,
    0x1, 0x58, 0x7, 0x85, 0x80, 0x23, 0x10, 0xb0,
    0x8, 0xb0, 0x80, 0x22, 0xd1, 0x0, 0xa4, 0x0,
    0xc6, 0x1, 0x1e, 0xe5, 0x66, 0x98, 0x4, 0x6a,
    0x1, 0x69, 0x0, 0x63, 0x53, 0x0, 0xc3, 0xa0,
    0x18, 0x71, 0x40, 0x3f, 0x93, 0xc4, 0x3, 0x86,
    0xb5, 0xcc, 0x40, 0x4, 0xd7, 0x61, 0x0, 0x80,

    /* U+0036 "6" */
    0x0, 0xfc, 0x4f, 0x7b, 0xfe, 0x20, 0xf, 0xf2,
    0x66, 0xc2, 0x10, 0x7, 0xff, 0x2, 0x6c, 0xc0,
    0x3f, 0xf8, 0x76, 0xc0, 0x1f, 0x9, 0x80, 0x7d,
    0x48, 0x1, 0x92, 0xbb, 0xf8, 0x40, 0x3c, 0xaa,
    0x0, 0x8b, 0x2d, 0x44, 0x3, 0xfa, 0xc0, 0x22,
    0xc3, 0x0, 0xff, 0x98, 0x40, 0x2f, 0x10, 0xf,
    0xfe, 0x5, 0x0, 0x4c, 0x40, 0x1f, 0xfc, 0x13,
    0x0, 0xa8, 0x5, 0xa6, 0xa5, 0x84, 0x3, 0x90,
    0x3, 0x1c, 0x74, 0xb2, 0xb4, 0xf3, 0x80, 0x63,
    0x0, 0x8b, 0x1c, 0x3, 0xe8, 0xa0, 0xb, 0x80,
    0x22, 0x30, 0xf, 0xe5, 0x70, 0x1, 0x0, 0x71,
    0x57, 0x7e, 0xa8, 0x6, 0x81, 0x0, 0xf1, 0xea,
    0x88, 0x15, 0x30, 0x6, 0x70, 0x70, 0xd, 0xa0,
    0x1e, 0x91, 0x0, 0xb4, 0x3, 0x90, 0x40, 0x3e,
    0x70, 0x9, 0x40, 0x3f, 0xf8, 0x5e, 0x1, 0x8,
    0x38, 0x7, 0xff, 0x0, 0x80, 0x30, 0x90, 0x4,
    0xc0, 0x1f, 0x84, 0x3, 0xf, 0x80, 0x44, 0x20,
    0x1f, 0x10, 0x4, 0x20, 0x80, 0x19, 0xc0, 0x3e,
    0xb0, 0x9, 0x40, 0x8c, 0x2, 0x81, 0x0, 0xe5,
    0x30, 0xb, 0x40, 0x10, 0x1, 0xe, 0x10, 0x4,
    0xb4, 0x1, 0xb, 0x0, 0x11, 0x80, 0x22, 0xdc,
    0xbd, 0xa0, 0xd, 0x60, 0x1a, 0x50, 0x3, 0x1a,
    0x10, 0x6, 0x75, 0x0, 0xeb, 0x70, 0xf, 0xe9,
    0x80, 0xf, 0xa3, 0x5c, 0x80, 0x2, 0x71, 0xcc,
    0x1, 0x80,

    /* U+0037 "7" */
    0x6f, 0xff, 0xfe, 0x32, 0x0, 0x7f, 0xf7, 0xc,
    0x8b, 0xff, 0x82, 0x20, 0x10, 0xa2, 0xee, 0xff,
    0xf0, 0x50, 0x2, 0x90, 0xf, 0xfe, 0x11, 0x28,
    0x4, 0xc0, 0x1f, 0xfc, 0x2b, 0x0, 0x98, 0x40,
    0x3f, 0xf8, 0x22, 0xc0, 0x15, 0x0, 0x7f, 0xf0,
    0x98, 0x2, 0x33, 0x0, 0x7f, 0xf0, 0xa4, 0x2,
    0x90, 0xf, 0xfe, 0x12, 0x88, 0x0, 0x54, 0x3,
    0xff, 0x85, 0x20, 0x13, 0x0, 0x7f, 0xf0, 0x90,
    0xc0, 0x29, 0x0, 0xff, 0xe1, 0x78, 0x4, 0xa2,
    0x1, 0xff, 0xc1, 0x24, 0x0, 0xa4, 0x3, 0xff,
    0x85, 0x60, 0x11, 0x98, 0x3, 0xff, 0x82, 0x2c,
    0x1, 0x50, 0x7, 0xff, 0x9, 0x80, 0x21, 0x60,
    0xf, 0xfe, 0x14, 0x80, 0x4c, 0x1, 0xff, 0xc2,
    0x61, 0x0, 0xa4, 0x3, 0xff, 0x85, 0x60, 0x12,
    0x88, 0x7, 0xff, 0x5, 0x8, 0x2, 0xe0, 0xf,
    0xfe, 0x17, 0x80, 0x44, 0x80, 0x1f, 0xfc, 0x12,
    0x40, 0xa, 0xc0, 0x3f, 0xf8, 0x56, 0x1, 0x98,
    0x3, 0xff, 0x82, 0x2c, 0x1, 0x38, 0x7, 0xff,
    0xa, 0x40, 0x35, 0x0, 0x7f, 0xf0, 0x98, 0x2,
    0x42, 0x0, 0xff, 0x0,

    /* U+0038 "8" */
    0x0, 0xe4, 0xad, 0xff, 0xb2, 0x4c, 0x3, 0xf1,
    0x65, 0xa9, 0x0, 0x46, 0xd9, 0x42, 0x1, 0xc5,
    0x86, 0x1, 0xfc, 0xb8, 0x20, 0x1b, 0xc4, 0x3,
    0x1a, 0x10, 0x6, 0x2b, 0x0, 0x94, 0x80, 0x23,
    0xdc, 0xbd, 0xb1, 0x0, 0x94, 0x80, 0x1e, 0x1,
    0xb4, 0x80, 0x24, 0xa0, 0xc, 0xa0, 0x6, 0x0,
    0x90, 0x40, 0x39, 0x8, 0x2, 0xd0, 0x0, 0x80,
    0x44, 0x1, 0xf3, 0x0, 0x79, 0x80, 0x22, 0x0,
    0xf9, 0x80, 0x23, 0x0, 0x68, 0x4, 0x82, 0x1,
    0xc6, 0x40, 0x16, 0x80, 0x18, 0x40, 0x2c, 0x20,
    0x8, 0xf4, 0x2, 0x34, 0x0, 0xb4, 0x2, 0x2d,
    0xcb, 0xdc, 0x10, 0x0, 0xe8, 0x6, 0x3c, 0x20,
    0x8, 0xd0, 0x80, 0x23, 0xf1, 0x0, 0xe2, 0x70,
    0xf, 0xe4, 0x10, 0xe, 0x3f, 0x50, 0xf, 0xe7,
    0xd1, 0x0, 0x87, 0x44, 0x0, 0x33, 0xdf, 0xb0,
    0x1, 0x16, 0x80, 0x56, 0x20, 0x1, 0xc6, 0x10,
    0x27, 0xc0, 0x8, 0xdc, 0x5, 0x40, 0x29, 0x20,
    0xe, 0x36, 0x0, 0xa8, 0x14, 0x3, 0x28, 0x7,
    0xda, 0x1, 0x11, 0x40, 0x18, 0x80, 0x3e, 0x60,
    0xc, 0xc0, 0x1c, 0x20, 0x1f, 0x8, 0x7, 0x10,
    0x6, 0x50, 0xf, 0x90, 0x3, 0x32, 0x80, 0x6f,
    0x0, 0xfa, 0x40, 0x21, 0x21, 0x40, 0x9, 0x28,
    0x40, 0x22, 0xc1, 0x0, 0x98, 0x1, 0x20, 0x19,
    0x7b, 0x2b, 0x34, 0xc0, 0x21, 0x90, 0x1, 0x50,
    0x7, 0x1a, 0x98, 0x7, 0x68, 0x80, 0x4b, 0x84,
    0x1, 0xfc, 0x7a, 0x60, 0x1c, 0x7b, 0x4a, 0x40,
    0x11, 0x35, 0xe1, 0x0, 0x40,

    /* U+0039 "9" */
    0x0, 0xe5, 0xbe, 0xff, 0x6d, 0x18, 0x7, 0xe3,
    0xda, 0x41, 0x0, 0x12, 0xe5, 0x8, 0x7, 0x26,
    0x10, 0x7, 0xe5, 0xc1, 0x0, 0x86, 0x80, 0x38,
    0xcc, 0x1, 0x8a, 0x80, 0x2b, 0x10, 0x9, 0xbf,
    0x31, 0xc8, 0x1, 0x22, 0x80, 0xa8, 0x4, 0xb2,
    0x1, 0xd, 0x90, 0x5, 0x20, 0xe0, 0x1a, 0x0,
    0x3d, 0x20, 0x11, 0x96, 0x0, 0x44, 0x40, 0xf,
    0x20, 0x80, 0x48, 0xc0, 0x13, 0x80, 0x7e, 0x50,
    0xb, 0xc0, 0x31, 0x80, 0x7e, 0x20, 0x8, 0x80,
    0x31, 0x0, 0x7f, 0xf0, 0x1d, 0x80, 0x25, 0x0,
    0xff, 0xe0, 0xe, 0x0, 0x42, 0x60, 0x1f, 0x38,
    0x6, 0x40, 0xd, 0xc0, 0x1e, 0xa1, 0x0, 0x84,
    0x90, 0x2, 0x2c, 0x40, 0x2, 0x62, 0x80, 0x7a,
    0x40, 0x31, 0xdf, 0xfa, 0xcc, 0x3, 0x98, 0xa,
    0xc0, 0x3f, 0xc4, 0x1, 0x10, 0x1, 0x30, 0xc0,
    0x3c, 0x7a, 0x20, 0x17, 0x0, 0x47, 0x98, 0x86,
    0x64, 0x66, 0x8, 0xc0, 0x24, 0x0, 0xe3, 0x79,
    0x93, 0x98, 0x28, 0x4, 0x24, 0x1, 0xff, 0xc0,
    0x90, 0x9, 0xc0, 0x3f, 0xf8, 0x10, 0x60, 0x15,
    0x80, 0x7f, 0xd0, 0xe0, 0x13, 0x10, 0x7, 0xe3,
    0x7e, 0x70, 0x8, 0xa4, 0x3, 0xd9, 0xdf, 0x90,
    0x20, 0x10, 0xf8, 0x7, 0xc4, 0x20, 0x1e, 0x2c,
    0x20, 0xf, 0xfe, 0x8, 0xc6, 0x90, 0x7, 0xf8,
    0x4d, 0xaf, 0x9c, 0x3, 0xc0,

    /* U+003A ":" */
    0x0, 0x8d, 0x4, 0x2, 0x2e, 0xcb, 0xe6, 0x0,
    0x70, 0x80, 0x52, 0x20, 0x60, 0x1c, 0x80, 0x1f,
    0x8, 0x28, 0x6, 0x14, 0xa, 0x61, 0x4, 0xc0,
    0xa, 0x7b, 0xec, 0x80, 0x3f, 0xff, 0x6, 0x82,
    0x1, 0x17, 0x65, 0xf2, 0x80, 0x38, 0x40, 0x2a,
    0x10, 0x30, 0xe, 0x40, 0xf, 0x84, 0x14, 0x3,
    0xa, 0x5, 0x30, 0x82, 0x60, 0x0,

    /* U+003B ";" */
    0x0, 0x89, 0x8, 0x3, 0x56, 0xde, 0xd8, 0x1,
    0x94, 0x2, 0x46, 0xc, 0x0, 0xed, 0x0, 0xf8,
    0x43, 0x80, 0x3b, 0x81, 0x28, 0x80, 0xa5, 0x0,
    0xb, 0xbf, 0xac, 0x1, 0xff, 0xff, 0x0, 0xfc,
    0xd1, 0x12, 0x0, 0x56, 0xef, 0x60, 0x7, 0xff,
    0x3c, 0xc0, 0x2e, 0x0, 0x84, 0x2, 0x50, 0x1,
    0x0, 0x42, 0x60, 0x5, 0x0, 0x98, 0x2, 0xa0,
    0xa, 0x40, 0x8, 0x40, 0x9, 0x10, 0x2, 0x51,
    0x33, 0x0, 0x32, 0xec, 0x80, 0x60,

    /* U+003C "<" */
    0x0, 0xff, 0xe1, 0x25, 0x88, 0x7, 0xff, 0x1,
    0xb6, 0xd0, 0xc0, 0x3f, 0x86, 0x3a, 0x48, 0x3,
    0xfc, 0x75, 0xce, 0x20, 0x1f, 0xe5, 0xcc, 0x28,
    0x7, 0x88, 0xc0, 0x27, 0xda, 0x30, 0xe, 0x16,
    0xdd, 0x9, 0x47, 0xc1, 0x0, 0x72, 0xdf, 0x49,
    0x0, 0x35, 0xc0, 0x38, 0xe7, 0xa9, 0x0, 0x3f,
    0x85, 0xf7, 0x18, 0x40, 0x3f, 0xe1, 0x26, 0x0,
    0xff, 0x8, 0x6, 0x5b, 0xe8, 0x20, 0xf, 0xba,
    0x48, 0x3, 0xb, 0xee, 0x30, 0x80, 0x73, 0x6d,
    0xa0, 0x7, 0x1c, 0xf5, 0xa8, 0x7, 0x25, 0xeb,
    0x0, 0x79, 0x2b, 0x84, 0x3, 0x8a, 0x7a, 0x4,
    0x3, 0x84, 0xc0, 0x3e, 0x17, 0xea, 0x30, 0xf,
    0xfe, 0x1a, 0xe6, 0x10, 0x3, 0xff, 0x86, 0x77,
    0xac, 0x60,

    /* U+003D "=" */
    0xcd, 0xdf, 0xfe, 0x21, 0x19, 0x17, 0xff, 0x10,
    0x40, 0x3f, 0xfb, 0x1f, 0xff, 0xfc, 0x53, 0x0,
    0xff, 0xf5, 0x66, 0x7f, 0xf1, 0x48, 0xcf, 0xff,
    0x8a, 0x20, 0x1f, 0xfd, 0x80,

    /* U+003E ">" */
    0xb6, 0x0, 0xff, 0xe1, 0xac, 0xfc, 0x10, 0x7,
    0xff, 0xd, 0xf6, 0xd0, 0x3, 0xff, 0x86, 0x97,
    0xac, 0x1, 0xf9, 0xc0, 0x3c, 0x53, 0xf2, 0x40,
    0x1d, 0x3f, 0x48, 0x1, 0xe6, 0xdb, 0x40, 0xe,
    0x5b, 0xe9, 0x30, 0xe, 0x4b, 0xd6, 0x0, 0xe1,
    0x6c, 0xd7, 0x20, 0xc, 0x53, 0x40, 0x1f, 0x14,
    0x6e, 0x30, 0x6, 0x10, 0xf, 0xe1, 0x45, 0x0,
    0xff, 0xe0, 0x2d, 0xf4, 0x18, 0x6, 0x20, 0xc,
    0x95, 0xf4, 0x80, 0x1c, 0x97, 0x20, 0x51, 0xd6,
    0xa0, 0x1c, 0x2f, 0xb6, 0x81, 0x7a, 0xe2, 0x1,
    0xc5, 0x3d, 0x4, 0x1, 0x28, 0x7, 0x92, 0xf5,
    0x80, 0x3f, 0xc2, 0xfb, 0x68, 0x1, 0xfe, 0x29,
    0xe8, 0x20, 0xf, 0xf3, 0xde, 0xb0, 0x7, 0xff,
    0x4,

    /* U+003F "?" */
    0x0, 0xc7, 0x39, 0xff, 0x6d, 0xb0, 0x7, 0xc3,
    0x78, 0xc6, 0x1, 0x12, 0x4f, 0x28, 0x6, 0x1f,
    0x40, 0xf, 0xe1, 0xa7, 0x0, 0xb4, 0x40, 0x38,
    0x84, 0x3, 0xa0, 0x81, 0xc, 0x2, 0x1a, 0xfd,
    0xed, 0x40, 0xd, 0x61, 0xa0, 0x1b, 0x14, 0x2,
    0x2b, 0x20, 0x9, 0xc0, 0x80, 0x24, 0x20, 0xf,
    0x28, 0x4, 0x21, 0x17, 0x74, 0x80, 0x7d, 0xc0,
    0x1c, 0x68, 0x91, 0x0, 0x7d, 0xe0, 0x1f, 0xfc,
    0x57, 0x0, 0x94, 0x3, 0xff, 0x81, 0x22, 0x1,
    0x70, 0x7, 0xfc, 0xcc, 0x0, 0x95, 0x0, 0x3f,
    0xcb, 0x20, 0x11, 0x58, 0x7, 0xf9, 0xa8, 0x2,
    0x1f, 0x10, 0xf, 0xe6, 0x90, 0x8, 0xb0, 0x80,
    0x3f, 0x86, 0x40, 0x22, 0xc2, 0x0, 0xff, 0x38,
    0x6, 0xf1, 0x0, 0xff, 0xb8, 0x2, 0x42, 0x0,
    0xff, 0xe0, 0x8, 0x4, 0x60, 0x1f, 0xfc, 0x1f,
    0x55, 0xb4, 0x3, 0xff, 0x82, 0xd5, 0x52, 0x80,
    0x7f, 0xf5, 0x48, 0x3, 0xff, 0x86, 0xdf, 0xbc,
    0x80, 0x1f, 0xfc, 0x1, 0x90, 0x0, 0xc8, 0x7,
    0xff, 0x0, 0x80, 0x31, 0x0, 0x7f, 0xf0, 0x8,
    0x3, 0x10, 0x7, 0xff, 0x0, 0x68, 0x80, 0xfc,
    0x3, 0xe0,

    /* U+0040 "@" */
    0x0, 0xfc, 0x73, 0xbf, 0xee, 0xb7, 0x10, 0xf,
    0xf8, 0x6b, 0x18, 0x80, 0x2, 0x91, 0xea, 0x1,
    0xfc, 0x5e, 0xa0, 0x1, 0x44, 0x10, 0x0, 0x69,
    0xc0, 0x3e, 0x2c, 0x10, 0x3b, 0xeb, 0xb6, 0xf4,
    0x0, 0x21, 0x40, 0x3d, 0xe2, 0xd, 0x88, 0x1,
    0x85, 0xf0, 0x1, 0x60, 0x1c, 0xe4, 0xb, 0x20,
    0x1f, 0x8e, 0x80, 0x5c, 0x2, 0x18, 0x1, 0xa0,
    0x9, 0xf7, 0xfd, 0x66, 0xa, 0x61, 0x40, 0x13,
    0x0, 0x2c, 0x0, 0x39, 0x4, 0x0, 0x4c, 0x40,
    0xb0, 0x21, 0x0, 0x50, 0xa, 0x80, 0x28, 0xc0,
    0x8, 0x60, 0x1, 0x5, 0x0, 0x20, 0x19, 0x3,
    0x0, 0x15, 0x0, 0xba, 0xe4, 0x0, 0x20, 0x40,
    0x2, 0x4, 0x0, 0x60, 0x2, 0x40, 0x1e, 0x20,
    0x60, 0x6, 0x0, 0x8, 0x70, 0x68, 0x1, 0x0,
    0x8c, 0x10, 0x80, 0x2, 0x0, 0x30, 0xf, 0x38,
    0x8, 0x1, 0x0, 0x18, 0x1, 0x70, 0x0, 0x40,
    0x3c, 0x60, 0x40, 0xf, 0x0, 0x20, 0x4, 0x60,
    0x20, 0x1c, 0x20, 0x20, 0xe0, 0x2, 0x0, 0x10,
    0x4, 0x20, 0x60, 0x10, 0x87, 0x80, 0x79, 0xc0,
    0x3c, 0xc0, 0x20, 0x1, 0x0, 0x18, 0x7, 0xff,
    0x4, 0xc1, 0x80, 0xa, 0x0, 0x50, 0x9, 0x80,
    0xe, 0x0, 0x20, 0x8, 0x40, 0xc0, 0x18, 0x4,
    0x20, 0x40, 0x40, 0x2, 0x0, 0x48, 0x2, 0x80,
    0x6, 0x2, 0xc1, 0x40, 0x7, 0x0, 0x10, 0x68,
    0x1, 0x77, 0x94, 0x0, 0xb3, 0x82, 0x27, 0x0,
    0x60, 0x1, 0x41, 0xc, 0x0, 0x42, 0x50, 0x0,
    0x62, 0xa, 0x0, 0x90, 0x1, 0x40, 0xd, 0x50,
    0x2, 0xe3, 0xc0, 0x81, 0xda, 0x0, 0x44, 0x80,
    0x4e, 0x3, 0x5f, 0xea, 0x10, 0x7e, 0xfc, 0x40,
    0xe, 0x80, 0x4, 0x28, 0x7, 0xff, 0x14, 0xd8,
    0x1, 0x54, 0x20, 0xe, 0x57, 0x0, 0xfe, 0x95,
    0x0, 0x2e, 0xf6, 0x5e, 0xfd, 0x40, 0x7, 0xfa,
    0xa0, 0x2, 0x13, 0x42, 0x0, 0x8, 0x80, 0x3f,
    0xcf, 0xd2, 0x82, 0x0, 0x14, 0x9f, 0x10, 0xe,

    /* U+0041 "A" */
    0x0, 0xfe, 0x7f, 0xfb, 0x40, 0x3f, 0xf8, 0xd6,
    0x1, 0x11, 0x0, 0x3f, 0xf8, 0x82, 0x60, 0x19,
    0x40, 0x3f, 0xf8, 0x8e, 0x1, 0xd6, 0x1, 0xff,
    0xc4, 0xd0, 0xe, 0x31, 0x0, 0xff, 0xe1, 0xa0,
    0x7, 0x90, 0x3, 0xff, 0x84, 0xa0, 0x1f, 0x78,
    0x7, 0xff, 0xb, 0xc0, 0x27, 0x0, 0x94, 0x3,
    0xff, 0x84, 0x80, 0x15, 0x10, 0x4, 0x80, 0x1f,
    0xfc, 0x4, 0x10, 0x0, 0x92, 0x80, 0x5a, 0x1,
    0xff, 0xc0, 0xd0, 0x9, 0xc3, 0x0, 0x27, 0x0,
    0xff, 0xe0, 0x38, 0x5, 0x80, 0x80, 0x10, 0x98,
    0x7, 0xf8, 0xc4, 0x2, 0x40, 0x2, 0x0, 0x56,
    0x1, 0xfe, 0xb0, 0x8, 0xc4, 0x1, 0x80, 0x12,
    0x80, 0x7f, 0x94, 0x2, 0x40, 0x9, 0x40, 0x22,
    0x20, 0x7, 0xe2, 0x20, 0x5, 0x60, 0x11, 0x8,
    0x4, 0xa0, 0x1f, 0x94, 0x2, 0x13, 0x0, 0xc8,
    0x1, 0x58, 0x7, 0xeb, 0x0, 0x90, 0x3, 0xbc,
    0x2, 0x31, 0x0, 0xf0, 0x98, 0x4, 0xbf, 0xfd,
    0x40, 0x19, 0xc0, 0x3c, 0xe0, 0x1f, 0xfc, 0x3d,
    0x0, 0xf6, 0x80, 0x7f, 0xf0, 0xd0, 0x3, 0x85,
    0x0, 0x3f, 0xf8, 0x8a, 0x1, 0x90, 0x3, 0x67,
    0xff, 0xe1, 0x0, 0xbc, 0x3, 0x78, 0x4, 0x26,
    0x1, 0xf9, 0x0, 0x24, 0x0, 0xca, 0x1, 0x20,
    0x7, 0xf7, 0x80, 0x42, 0x60, 0x4, 0x0, 0xde,
    0x1, 0xfc, 0x80, 0x1a, 0xc0, 0x1a, 0x1, 0x94,
    0x3, 0xf8, 0x50, 0x2, 0x50, 0x3, 0x80, 0x48,
    0x1, 0xff, 0x60, 0x4, 0x44,

    /* U+0042 "B" */
    0x4f, 0xff, 0xf6, 0xd3, 0x8, 0x7, 0xff, 0x10,
    0x96, 0x7a, 0x0, 0x3f, 0xf8, 0xef, 0x60, 0x1f,
    0x88, 0xb8, 0x40, 0x39, 0x24, 0x3, 0xee, 0xdd,
    0xdd, 0xc7, 0x0, 0xcc, 0x40, 0x1f, 0xfc, 0x1,
    0x89, 0x0, 0xca, 0x1, 0xff, 0xc2, 0x61, 0x0,
    0xb4, 0x3, 0xff, 0x86, 0x40, 0x10, 0x80, 0x7f,
    0xf1, 0xc4, 0x3, 0xff, 0x84, 0x26, 0x1, 0x68,
    0x7, 0xff, 0xa, 0xc0, 0x33, 0x0, 0x7f, 0xc2,
    0x98, 0xa0, 0x14, 0x8, 0x7, 0xb3, 0xff, 0x75,
    0x98, 0x5, 0xe, 0x1, 0xff, 0xc5, 0xb7, 0x0,
    0xff, 0xe3, 0x5c, 0x80, 0x7e, 0x67, 0x7e, 0x61,
    0x0, 0x9b, 0x0, 0x3e, 0xa8, 0x8e, 0x9e, 0x70,
    0x8, 0xe0, 0x3, 0xff, 0x85, 0xa, 0x1, 0x38,
    0x7, 0xff, 0xf, 0x80, 0x32, 0x0, 0x7f, 0xf0,
    0x94, 0x3, 0x8, 0x7, 0xff, 0x8, 0xc0, 0x3f,
    0xf8, 0xee, 0x1, 0x84, 0x3, 0xff, 0x82, 0x30,
    0x1, 0x90, 0x3, 0xff, 0x80, 0x98, 0x40, 0x12,
    0x80, 0x7b, 0xb3, 0x3b, 0xac, 0x80, 0x35, 0x80,
    0x78, 0x8c, 0xf8, 0x40, 0x3a, 0xc4, 0x3, 0xff,
    0x88, 0x7a, 0x80, 0x1f, 0xfc, 0x11, 0x37, 0xcc,
    0x10, 0x4,

    /* U+0043 "C" */
    0x0, 0xf1, 0x46, 0x7f, 0xdb, 0x28, 0x1, 0xfe,
    0x8d, 0x73, 0x0, 0x89, 0xaf, 0x8, 0x3, 0xec,
    0x70, 0xf, 0xe3, 0xd4, 0x0, 0xeb, 0x30, 0xc,
    0x46, 0x40, 0x1d, 0x64, 0x1, 0x32, 0x0, 0x45,
    0x9b, 0x9b, 0xcc, 0x1, 0xa4, 0x2, 0x80, 0x8,
    0xb4, 0xc0, 0x21, 0x96, 0x0, 0x90, 0x81, 0x44,
    0x2, 0x90, 0xf, 0xa0, 0x3, 0x50, 0x78, 0x4,
    0x48, 0x1, 0xf0, 0xa0, 0x4, 0x80, 0x80, 0x12,
    0x0, 0x7f, 0x18, 0x4, 0x62, 0x20, 0xb, 0xc0,
    0x3f, 0xa3, 0xff, 0x10, 0x6, 0x20, 0xf, 0xfe,
    0x13, 0x80, 0x67, 0x0, 0xff, 0xe1, 0x8, 0x7,
    0xff, 0xfc, 0x3, 0x8, 0x7, 0xff, 0x1d, 0xc0,
    0x33, 0x80, 0x7f, 0xf0, 0x88, 0x3, 0x10, 0x7,
    0xff, 0x8, 0x40, 0x37, 0x80, 0x7f, 0x36, 0x66,
    0x4, 0x0, 0x90, 0x3, 0xfb, 0x4c, 0xe0, 0x6,
    0x80, 0x44, 0x60, 0x1f, 0xa, 0x0, 0x48, 0xc,
    0x20, 0x17, 0x80, 0x7d, 0x0, 0x1a, 0xc0, 0x12,
    0x1, 0x1e, 0x10, 0x4, 0x32, 0xc0, 0x12, 0x18,
    0x1, 0xcc, 0x2, 0x3d, 0xd5, 0xef, 0x30, 0x4,
    0x32, 0x1, 0xb4, 0x80, 0x31, 0x21, 0x0, 0x76,
    0x90, 0x6, 0x1d, 0x60, 0xf, 0xe3, 0xd3, 0x0,
    0xfa, 0x75, 0xcc, 0x2, 0x26, 0xbc, 0x20, 0x8,

    /* U+0044 "D" */
    0x7f, 0xff, 0xd9, 0x28, 0x1, 0xff, 0xc5, 0x36,
    0xbd, 0x50, 0xf, 0xfe, 0x31, 0x55, 0x0, 0x3f,
    0xc6, 0x71, 0x0, 0x72, 0xe0, 0x7, 0xf6, 0xe6,
    0x37, 0xa0, 0x3, 0x1d, 0x0, 0x7f, 0xf0, 0x5,
    0xf4, 0x80, 0x25, 0x40, 0xf, 0xfe, 0x9, 0x78,
    0x6, 0x80, 0xf, 0xfe, 0x11, 0x38, 0x4, 0x66,
    0x0, 0xff, 0xe1, 0x48, 0x6, 0xb0, 0xf, 0xfe,
    0x10, 0x98, 0x4, 0x80, 0x1f, 0xfc, 0x35, 0x0,
    0x8c, 0x3, 0xff, 0x87, 0xc0, 0x1f, 0xfc, 0x71,
    0x0, 0xc2, 0x1, 0xff, 0xfe, 0x10, 0xc, 0x20,
    0x1f, 0xfc, 0x2e, 0x0, 0xff, 0xe3, 0xa8, 0x4,
    0x60, 0x1f, 0xfc, 0x21, 0x30, 0x9, 0x0, 0x3f,
    0xf8, 0x52, 0x1, 0xac, 0x3, 0xff, 0x82, 0x4e,
    0x1, 0x19, 0x80, 0x3f, 0xf8, 0x3, 0xe0, 0x1a,
    0x0, 0x3f, 0xf8, 0xd, 0xe4, 0x1, 0x2a, 0x0,
    0x7d, 0x57, 0x6c, 0xf9, 0x10, 0x8, 0xe8, 0x3,
    0xf2, 0x24, 0x60, 0x1c, 0x98, 0x1, 0xff, 0xc4,
    0x19, 0xb0, 0xf, 0xfe, 0x11, 0x2d, 0x73, 0x0,
    0x78,

    /* U+0045 "E" */
    0xff, 0xff, 0xe2, 0xb0, 0x7, 0xff, 0x70, 0x4c,
    0xff, 0xf8, 0x20, 0x1a, 0x73, 0x3f, 0xf8, 0xa,
    0x1, 0xff, 0xff, 0x0, 0xff, 0xf5, 0xc7, 0xff,
    0xfa, 0x80, 0x3f, 0xfb, 0xc4, 0x89, 0xfe, 0xd0,
    0xf, 0x55, 0xdf, 0xf9, 0xc0, 0x3f, 0xff, 0xe0,
    0x1f, 0xfe, 0xd9, 0xcc, 0xff, 0xe0, 0x30, 0x6,
    0x13, 0x3f, 0xfe, 0x7, 0x0, 0x7f, 0xf6, 0x0,

    /* U+0046 "F" */
    0xef, 0xff, 0xfe, 0x25, 0x0, 0x7f, 0xf7, 0x4,
    0xcf, 0xff, 0x80, 0x40, 0x19, 0xf3, 0x3f, 0xf8,
    0x10, 0x1, 0xff, 0xff, 0x0, 0xff, 0xf5, 0xbe,
    0x67, 0xfc, 0x1, 0xe1, 0x33, 0xff, 0x80, 0x3f,
    0xfb, 0xcd, 0xff, 0xff, 0x0, 0x7f, 0xff, 0xc0,
    0x3f, 0xff, 0xe0, 0x1f, 0xfe, 0x60,

    /* U+0047 "G" */
    0x0, 0xf0, 0xc6, 0x7f, 0xdb, 0x4a, 0x1, 0xfe,
    0x8e, 0x73, 0x0, 0x89, 0x6b, 0x50, 0x3, 0xeb,
    0x70, 0xf, 0xe2, 0xb6, 0x0, 0xe9, 0x40, 0xc,
    0x26, 0x40, 0x1d, 0x26, 0x1, 0x23, 0x0, 0x43,
    0x5d, 0x9b, 0xcc, 0x1, 0xbc, 0x2, 0x90, 0xd,
    0x8a, 0x1, 0xc, 0xb8, 0x4, 0x66, 0x4, 0x20,
    0xa, 0x8, 0x3, 0xd0, 0x1, 0xac, 0x34, 0x3,
    0x38, 0x7, 0xe4, 0x0, 0x90, 0x1c, 0x2, 0x50,
    0xf, 0xe9, 0xbb, 0xbc, 0x44, 0x1, 0x68, 0x7,
    0xf1, 0x22, 0x46, 0x40, 0x18, 0x80, 0x3f, 0xf8,
    0x4e, 0x1, 0x98, 0x3, 0xff, 0xc0, 0x73, 0x3f,
    0x9c, 0x3, 0xfc, 0x8c, 0xdf, 0xa8, 0x3, 0xff,
    0xb8, 0xe0, 0x19, 0x80, 0x33, 0xff, 0xe7, 0x0,
    0xc4, 0x1, 0x88, 0x3, 0xff, 0x84, 0x22, 0x0,
    0xb4, 0x3, 0xff, 0x86, 0xe0, 0x12, 0x80, 0x7f,
    0x8, 0x7, 0x68, 0x6, 0x70, 0xf, 0xfe, 0x12,
    0x10, 0x5, 0x6, 0x1, 0xff, 0x18, 0x2, 0x40,
    0x36, 0xa8, 0x6, 0x18, 0x60, 0xf, 0x23, 0x0,
    0x43, 0x5d, 0x98, 0xee, 0x38, 0x6, 0x70, 0xa,
    0x54, 0x3, 0x9, 0x98, 0x40, 0x39, 0xe4, 0x3,
    0x54, 0x0, 0x7f, 0x8f, 0x20, 0x3, 0xcf, 0xd0,
    0x82, 0x0, 0x14, 0x7d, 0xc3, 0x0, 0x0,

    /* U+0048 "H" */
    0x9f, 0xfb, 0x0, 0x3f, 0x17, 0xfe, 0x30, 0xf,
    0xff, 0xf8, 0x7, 0xff, 0xfc, 0x3, 0xff, 0xe6,
    0x7f, 0xff, 0xb4, 0x3, 0xff, 0xc8, 0x67, 0xf8,
    0x80, 0x3f, 0x8f, 0x33, 0xf7, 0x80, 0x7f, 0xff,
    0xc0, 0x3f, 0xff, 0xe0, 0x1f, 0xff, 0x40,

    /* U+0049 "I" */
    0x9f, 0xff, 0xfe, 0x1a, 0x80, 0x7f, 0xf5, 0xb8,
    0xcf, 0x80, 0x30, 0x99, 0xf0, 0xbe, 0x67, 0x8,
    0x4, 0xf9, 0x9c, 0x80, 0x1f, 0xff, 0xf0, 0xf,
    0xff, 0xf8, 0x7, 0xff, 0xfc, 0x3, 0xff, 0xfe,
    0x1, 0xff, 0xcb, 0x6c, 0xce, 0x10, 0x9, 0xf3,
    0x39, 0x3c, 0xcf, 0x80, 0x30, 0x99, 0xf0, 0x80,
    0x7f, 0xf5, 0x80,

    /* U+004A "J" */
    0x0, 0xff, 0xe1, 0x47, 0xfe, 0x0, 0xff, 0xff,
    0x80, 0x7f, 0xff, 0xc0, 0x3f, 0xff, 0xe0, 0x1f,
    0xff, 0xf0, 0xf, 0xfe, 0xfb, 0xbe, 0x30, 0xf,
    0xfe, 0x14, 0x46, 0xb0, 0xf, 0xc4, 0x1, 0x8,
    0x18, 0x4, 0x80, 0x1f, 0x94, 0x2, 0x40, 0x40,
    0x8, 0xd0, 0x3, 0xd2, 0x1, 0xbc, 0x28, 0x3,
    0x5a, 0x80, 0x69, 0x60, 0x8, 0x94, 0x9, 0xc0,
    0x35, 0x76, 0x63, 0xd8, 0x3, 0x48, 0x5, 0x8,
    0x1, 0x84, 0xcc, 0x1, 0xd2, 0x80, 0x1a, 0xdc,
    0x3, 0xf8, 0xad, 0x80, 0x3d, 0x1d, 0x8, 0x20,
    0x2, 0x5a, 0xd4, 0x0, 0x80,

    /* U+004B "K" */
    0x4f, 0xfc, 0x60, 0x1f, 0x9f, 0xff, 0x70, 0x80,
    0x7f, 0xf0, 0x4e, 0x0, 0x36, 0x88, 0x7, 0xff,
    0x7, 0x80, 0x34, 0x18, 0x7, 0xff, 0x6, 0x88,
    0x2, 0x47, 0x0, 0xff, 0xe0, 0xb2, 0x80, 0x43,
    0x40, 0x1f, 0xfc, 0x12, 0x90, 0xd, 0xa2, 0x1,
    0xff, 0xc1, 0xf0, 0xd, 0x6, 0x1, 0xff, 0xc1,
    0x92, 0x0, 0x91, 0xc0, 0x3f, 0xf8, 0x2a, 0xc0,
    0x10, 0xd0, 0x7, 0xff, 0x4, 0x6c, 0x3, 0x68,
    0x80, 0x7f, 0xf0, 0x74, 0x40, 0x28, 0x30, 0xf,
    0xfe, 0xc, 0x18, 0x4, 0x8e, 0x1, 0xff, 0xc1,
    0xb7, 0x0, 0xde, 0x1, 0xff, 0xc2, 0x70, 0xe,
    0x80, 0xf, 0xfe, 0x41, 0xb8, 0x7, 0xff, 0x22,
    0x4, 0x3, 0xff, 0x84, 0xb0, 0x1, 0xac, 0x3,
    0xff, 0x82, 0x94, 0xe4, 0x1, 0x2a, 0x0, 0x7f,
    0xc5, 0x40, 0x9, 0x0, 0xd4, 0x1, 0xff, 0x48,
    0x80, 0x11, 0x40, 0x21, 0x80, 0xf, 0xf3, 0x80,
    0x6b, 0x0, 0xce, 0x40, 0x1f, 0xfc, 0x21, 0x80,
    0xd, 0xc0, 0x1f, 0xfc, 0x37, 0x20, 0x8, 0xd8,
    0x3, 0xff, 0x87, 0x20, 0x1a, 0x4, 0x3, 0xff,
    0x84, 0x8a, 0x1, 0xd, 0x80, 0x7f, 0xf0, 0xec,
    0x3, 0x2a, 0x0, 0x7f, 0xf0, 0x86, 0x0, 0x34,
    0x80, 0x7f, 0xf0, 0xdc, 0x80, 0x22, 0x70,

    /* U+004C "L" */
    0xdf, 0xfa, 0x80, 0x3f, 0xff, 0xe0, 0x1f, 0xff,
    0xf0, 0xf, 0xff, 0xf8, 0x7, 0xff, 0xfc, 0x3,
    0xff, 0xfe, 0x1, 0xff, 0xec, 0x4c, 0xcf, 0xfe,
    0x3, 0x0, 0x61, 0x33, 0xff, 0xe0, 0x70, 0x7,
    0xff, 0x60,

    /* U+004D "M" */
    0x7f, 0xfe, 0x30, 0xe, 0x1f, 0xfe, 0xa0, 0xf,
    0x20, 0x7, 0x38, 0x7, 0xff, 0x3, 0x0, 0x3b,
    0x40, 0x3f, 0xf8, 0x8, 0x1, 0xc8, 0x1, 0xff,
    0xc1, 0x40, 0x9, 0x0, 0x3f, 0xf8, 0x5a, 0x1,
    0x68, 0x7, 0xff, 0x9, 0x0, 0x27, 0x0, 0x10,
    0x7, 0xe4, 0x0, 0x11, 0x0, 0xc4, 0x0, 0x80,
    0x1f, 0x8c, 0x2, 0x40, 0xb0, 0x0, 0xe0, 0x7,
    0xf2, 0x80, 0x34, 0x14, 0x0, 0xe0, 0x1f, 0xef,
    0x0, 0x21, 0x10, 0x1, 0xa6, 0x1, 0xfc, 0x80,
    0x14, 0x80, 0x48, 0x1, 0xfc, 0x22, 0x30, 0x2,
    0x0, 0x14, 0x3, 0xff, 0x81, 0x60, 0x1d, 0xe0,
    0x20, 0x1f, 0xe4, 0x0, 0xe4, 0x0, 0xff, 0x18,
    0x18, 0x80, 0x46, 0x20, 0x1f, 0xfc, 0x17, 0x0,
    0xac, 0x1, 0xe0, 0x1f, 0xf6, 0x0, 0x4a, 0x1,
    0xff, 0x8, 0x1, 0x40, 0x4, 0x40, 0x0, 0x80,
    0x7f, 0xf0, 0x2a, 0x78, 0x3, 0xff, 0x88, 0xac,
    0x60, 0x1f, 0xff, 0xf0, 0xf, 0xff, 0xb0,

    /* U+004E "N" */
    0x9f, 0xfc, 0x40, 0x1f, 0x27, 0xfe, 0x30, 0xe,
    0x80, 0xf, 0xfe, 0x32, 0x88, 0x7, 0xff, 0x1a,
    0x40, 0x3f, 0xf8, 0xce, 0x1, 0xff, 0xc7, 0x70,
    0xf, 0xfe, 0x34, 0x80, 0x7f, 0xf1, 0x85, 0x40,
    0x3f, 0xf8, 0xd0, 0x1, 0xff, 0xc3, 0x40, 0x1,
    0x20, 0x7, 0xff, 0xa, 0x0, 0x2f, 0x0, 0x84,
    0x3, 0xfc, 0x66, 0x0, 0x21, 0x0, 0x7f, 0xf0,
    0xa4, 0x2, 0x80, 0xf, 0xfe, 0x12, 0x90, 0x1,
    0x44, 0x3, 0xff, 0x85, 0x60, 0x14, 0x80, 0x7f,
    0xf0, 0x98, 0x40, 0xe, 0x1, 0xff, 0xc3, 0x60,
    0x9, 0xc0, 0x3f, 0xf8, 0x52, 0x1, 0x48, 0x7,
    0xff, 0x8, 0x58, 0x0, 0x3c, 0x1, 0xff, 0xc2,
    0xb0, 0x9, 0x0, 0x3f, 0xf8, 0x44, 0xa0, 0x1f,
    0xfc, 0x69, 0x0, 0xff, 0xe3, 0x19, 0x80, 0x3f,
    0xf8, 0xd2, 0x1, 0xff, 0xc6, 0x52, 0x0, 0xff,
    0xe3, 0x58, 0x7, 0xff, 0x19, 0x84, 0x3, 0xff,
    0x8d, 0x20, 0x1c,

    /* U+004F "O" */
    0x0, 0xf1, 0xce, 0xff, 0xba, 0xdc, 0x40, 0x3f,
    0xc3, 0x58, 0xc4, 0x0, 0x14, 0x8e, 0x60, 0xf,
    0xc3, 0x8a, 0x1, 0xfd, 0x32, 0x0, 0xfb, 0x48,
    0x3, 0x84, 0x3, 0x99, 0xc0, 0x39, 0x8c, 0x2,
    0x2b, 0xfe, 0xe4, 0x0, 0x68, 0x20, 0xd, 0x0,
    0x11, 0x62, 0x0, 0x5, 0xec, 0x3, 0x40, 0x4,
    0xa2, 0x1, 0x48, 0x80, 0x72, 0x30, 0x4, 0xa2,
    0x0, 0xf0, 0x8, 0x90, 0x3, 0xeb, 0x0, 0xce,
    0x0, 0x40, 0x9, 0x0, 0x3f, 0x11, 0x0, 0x2c,
    0x1, 0x10, 0x5, 0xe0, 0x1f, 0xce, 0x1, 0x38,
    0x10, 0x6, 0x20, 0xf, 0xe2, 0x0, 0x88, 0x1c,
    0x3, 0x38, 0x7, 0xf7, 0x80, 0x70, 0x80, 0x61,
    0x0, 0xfe, 0x10, 0xc, 0x20, 0x1f, 0xff, 0x31,
    0x0, 0xc2, 0x1, 0xfc, 0x20, 0x1c, 0xe0, 0x1f,
    0xfc, 0x2f, 0x0, 0xc2, 0x40, 0x19, 0x80, 0x3f,
    0x88, 0x2, 0x20, 0x10, 0xd, 0x80, 0x1f, 0xce,
    0x1, 0x38, 0x1, 0x0, 0x24, 0x0, 0xfc, 0x44,
    0x0, 0xb0, 0x1, 0xc0, 0x11, 0x20, 0x7, 0xd4,
    0x1, 0x9c, 0x0, 0xa2, 0x1, 0x48, 0x7, 0x8d,
    0xc0, 0x24, 0x10, 0xa, 0x0, 0x22, 0xd3, 0x0,
    0x9b, 0x0, 0x34, 0x80, 0x66, 0x30, 0x8, 0xb3,
    0xb7, 0xe4, 0x3, 0x41, 0x0, 0x76, 0x90, 0x6,
    0x12, 0x0, 0xe6, 0x70, 0xf, 0xe, 0x28, 0x7,
    0xf4, 0xc8, 0x3, 0xf0, 0xd6, 0x31, 0x0, 0x4,
    0xe3, 0x98, 0x3, 0x80,

    /* U+0050 "P" */
    0xef, 0xff, 0xee, 0xc7, 0x20, 0xf, 0xfe, 0x18,
    0x9c, 0x6c, 0x80, 0x7f, 0xf1, 0x9b, 0x44, 0x3,
    0xc2, 0x89, 0x8c, 0x40, 0x31, 0x68, 0x7, 0x9a,
    0xef, 0x67, 0x58, 0x80, 0x46, 0xc0, 0x1f, 0xfc,
    0x4, 0xc0, 0xd, 0x60, 0x1f, 0xfc, 0x12, 0x70,
    0x8, 0x88, 0x1, 0xff, 0xc1, 0xb0, 0xc, 0xe0,
    0x1f, 0xfc, 0x13, 0x0, 0xc4, 0x1, 0xff, 0xd4,
    0x30, 0xc, 0x40, 0x1f, 0xfc, 0x1a, 0x0, 0xce,
    0x1, 0xff, 0xc0, 0x46, 0x0, 0x8c, 0x80, 0x3f,
    0xc5, 0x16, 0x1, 0xa0, 0x3, 0x9f, 0xff, 0xb5,
    0xc0, 0x33, 0x20, 0x7, 0xff, 0x11, 0xa4, 0x3,
    0xff, 0x86, 0x55, 0x20, 0x1f, 0xa, 0x27, 0x2c,
    0x66, 0xa8, 0x7, 0xe6, 0xbb, 0xea, 0x73, 0x0,
    0xff, 0xff, 0x80, 0x7f, 0xff, 0xc0, 0x3f, 0xf9,
    0xe0,

    /* U+0051 "Q" */
    0x0, 0xf1, 0x46, 0xff, 0xbb, 0x1c, 0x40, 0x3f,
    0xf8, 0x13, 0xae, 0x40, 0x1, 0x38, 0xe7, 0x0,
    0xfe, 0x1c, 0x60, 0xf, 0xe8, 0xa0, 0xf, 0xda,
    0x60, 0x1c, 0x20, 0x1c, 0xb2, 0x1, 0xe6, 0x30,
    0x8, 0xaf, 0xfb, 0xe4, 0x40, 0x26, 0x40, 0xe,
    0x80, 0x8, 0xb1, 0x0, 0x26, 0xc0, 0xd, 0x20,
    0x19, 0x44, 0x2, 0x91, 0x0, 0xe2, 0x90, 0x8,
    0x90, 0x2, 0xf0, 0x8, 0x90, 0x3, 0xe6, 0x0,
    0xda, 0x1, 0x20, 0x4, 0x80, 0x1f, 0xca, 0x1,
    0x20, 0x0, 0x44, 0x1, 0x60, 0x7, 0xf6, 0x80,
    0x44, 0x0, 0x20, 0xc, 0xc0, 0x1f, 0xc4, 0x1,
    0x88, 0x1c, 0x3, 0x8, 0x7, 0xf3, 0x0, 0x61,
    0x1, 0x0, 0xff, 0xe3, 0xb8, 0x7, 0xff, 0xfc,
    0x3, 0xff, 0x84, 0x20, 0x18, 0x40, 0x3f, 0x9c,
    0x3, 0x38, 0x30, 0x6, 0x60, 0xf, 0xe2, 0x0,
    0xc4, 0x4, 0x1, 0xb4, 0x3, 0xfb, 0xc0, 0x21,
    0x10, 0x1, 0x0, 0x25, 0x0, 0xfe, 0x70, 0x9,
    0x0, 0x2d, 0x0, 0x88, 0xc0, 0x3e, 0x51, 0x0,
    0xb8, 0x2, 0x61, 0x0, 0xb8, 0x3, 0xc5, 0x60,
    0x11, 0x20, 0x6, 0x90, 0x8, 0xb4, 0xc0, 0x25,
    0xc1, 0x0, 0xa0, 0x3, 0x9c, 0xc0, 0x22, 0xce,
    0xdf, 0xa1, 0x0, 0x95, 0x40, 0x1e, 0xd2, 0x0,
    0xc2, 0x40, 0x1c, 0x54, 0x1, 0xf0, 0xea, 0x80,
    0x7f, 0x8a, 0x40, 0x3f, 0xab, 0x58, 0x80, 0x2,
    0x62, 0x1, 0x35, 0x80, 0x7f, 0x14, 0xef, 0xfb,
    0xb3, 0x2, 0x1, 0x26, 0x8, 0x7, 0xff, 0x8,
    0xbc, 0x80, 0x23, 0xc0, 0xf, 0xfe, 0x18, 0xe1,
    0x80, 0x50, 0x1, 0xff, 0xc4, 0x1c, 0x40, 0xb5,
    0x0, 0xff, 0xe3, 0x5e, 0xa0, 0x0,

    /* U+0052 "R" */
    0x2f, 0xff, 0xf6, 0xd3, 0x0, 0x7f, 0xf1, 0x49,
    0x67, 0xdc, 0x3, 0xff, 0x8f, 0x16, 0x1, 0xf8,
    0xd1, 0x31, 0x0, 0x72, 0x48, 0x7, 0xd1, 0x77,
    0xb7, 0x9c, 0x3, 0x31, 0x0, 0x7f, 0xf0, 0x6,
    0x24, 0x3, 0x50, 0x7, 0xff, 0x9, 0x88, 0x2,
    0x40, 0xf, 0xfe, 0x1a, 0x0, 0x44, 0x1, 0xff,
    0xc3, 0x10, 0x8, 0x40, 0x3f, 0xf8, 0x62, 0x1,
    0x8, 0x7, 0xff, 0xd, 0x0, 0x25, 0x0, 0xff,
    0xe1, 0x39, 0x0, 0x5a, 0x1, 0xff, 0xc0, 0x18,
    0x80, 0x4, 0x2c, 0x1, 0xe8, 0xbb, 0xdb, 0xce,
    0x1, 0xb4, 0x3, 0xe3, 0x44, 0xc4, 0x1, 0xd6,
    0x60, 0x1f, 0xfc, 0x45, 0xe4, 0x0, 0xff, 0xe2,
    0xf0, 0x80, 0x7f, 0x5f, 0xfe, 0x10, 0xa, 0x0,
    0x3f, 0xf8, 0x72, 0x1, 0x1a, 0x0, 0x7f, 0xf0,
    0x9c, 0x40, 0x28, 0x0, 0xff, 0xe1, 0xb0, 0x4,
    0x68, 0x1, 0xff, 0xc2, 0x90, 0xd, 0xe0, 0x1f,
    0xfc, 0x21, 0x60, 0x9, 0xc, 0x3, 0xff, 0x85,
    0x0, 0x1a, 0x0, 0x3f, 0xf8, 0x42, 0xa0, 0x12,
    0x18, 0x7, 0xff, 0xa, 0x0, 0x34, 0x0, 0x7f,
    0xf0, 0x89, 0x40, 0x24, 0x20, 0xf, 0xfe, 0x14,
    0x80, 0x68,

    /* U+0053 "S" */
    0x0, 0xf1, 0x46, 0x77, 0xfb, 0xad, 0x80, 0x3f,
    0xc3, 0x5a, 0xe6, 0x20, 0x1, 0x49, 0xe6, 0x0,
    0xf8, 0xfd, 0x40, 0x3f, 0x86, 0x6c, 0x3, 0x87,
    0x44, 0x3, 0x9, 0x98, 0x3, 0x92, 0x40, 0x34,
    0x8, 0x4, 0x79, 0xd9, 0x8f, 0xa1, 0x0, 0x99,
    0x0, 0x26, 0x0, 0x8f, 0xc, 0x3, 0x2e, 0x80,
    0x6f, 0x0, 0x18, 0x6, 0x80, 0xf, 0x8d, 0x80,
    0x24, 0x10, 0x70, 0xc, 0xc0, 0x1f, 0xb4, 0x3,
    0x10, 0x38, 0x6, 0x70, 0xf, 0xcb, 0x55, 0x88,
    0xc, 0x3, 0x40, 0x7, 0xe1, 0x55, 0xc2, 0x0,
    0x60, 0x8, 0xb4, 0xc0, 0x3f, 0xf8, 0x50, 0x20,
    0x11, 0x65, 0xa8, 0x80, 0x7f, 0xc3, 0x82, 0x1,
    0x92, 0xba, 0xd4, 0x3, 0xfc, 0x5e, 0x80, 0x1e,
    0x4a, 0xe7, 0x0, 0xfe, 0x1b, 0xb1, 0x80, 0x78,
    0x63, 0x4c, 0x3, 0xf9, 0x33, 0xe, 0x40, 0x1c,
    0x58, 0x80, 0x1f, 0xe3, 0x8d, 0xd3, 0x80, 0x75,
    0x8, 0x7, 0xff, 0x0, 0xa3, 0x90, 0x2, 0x1b,
    0x0, 0xff, 0xe1, 0xd, 0x98, 0x4, 0xa0, 0x33,
    0x38, 0xc0, 0x3f, 0xa4, 0x3, 0x18, 0xb3, 0x6b,
    0x0, 0xfe, 0x70, 0xc, 0xe0, 0x40, 0x12, 0x80,
    0x7f, 0x30, 0x6, 0x70, 0x50, 0x8, 0x9c, 0x3,
    0xf4, 0x0, 0x62, 0x9, 0x10, 0xa, 0x24, 0x80,
    0x31, 0x59, 0x80, 0x48, 0x20, 0x34, 0x1, 0x9b,
    0x75, 0x76, 0xdd, 0x20, 0x6, 0x90, 0x9, 0x2c,
    0x3, 0x89, 0x10, 0x40, 0x1d, 0x64, 0x1, 0x93,
    0x54, 0x3, 0xfc, 0x7a, 0x80, 0x1e, 0x2a, 0xd8,
    0x41, 0x0, 0x9, 0xbe, 0x60, 0x80, 0x20,

    /* U+0054 "T" */
    0x1f, 0xff, 0xfe, 0x48, 0x7, 0xff, 0x84, 0xcf,
    0xf0, 0x6, 0x13, 0x3f, 0x90, 0x73, 0x3f, 0x10,
    0x4, 0xf9, 0x9f, 0x58, 0x7, 0xff, 0xfc, 0x3,
    0xff, 0xfe, 0x1, 0xff, 0xff, 0x0, 0xff, 0xff,
    0x80, 0x7f, 0xff, 0xc0, 0x3f, 0xff, 0xe0, 0x1f,
    0xfe, 0xc0,

    /* U+0055 "U" */
    0x8f, 0xfb, 0x40, 0x3f, 0xf, 0xfe, 0x50, 0xf,
    0xff, 0x89, 0x80, 0x7f, 0xff, 0xc0, 0x3f, 0xff,
    0xe0, 0x1f, 0xfd, 0x71, 0x0, 0xff, 0xff, 0x88,
    0x7, 0xff, 0x28, 0x40, 0x3f, 0x10, 0x7, 0x70,
    0x6, 0x20, 0xf, 0x98, 0x3, 0x32, 0x0, 0x64,
    0x0, 0xfb, 0xc0, 0x31, 0x91, 0x0, 0x28, 0x10,
    0xe, 0x35, 0x0, 0x94, 0x1, 0x60, 0x10, 0xe9,
    0x0, 0x49, 0xa0, 0x1a, 0x40, 0xc, 0x60, 0x11,
    0xee, 0xb3, 0xac, 0x40, 0x26, 0x30, 0xb, 0x48,
    0x3, 0x11, 0x88, 0x6, 0x49, 0x0, 0xc3, 0x88,
    0x1, 0xfc, 0xf6, 0x1, 0xe1, 0xbc, 0x62, 0x0,
    0x9, 0xbe, 0xc0, 0x6,

    /* U+0056 "V" */
    0xf, 0xfd, 0xc0, 0x1f, 0xe2, 0xff, 0xd6, 0xa,
    0x1, 0x9, 0x0, 0x7f, 0x20, 0x6, 0xd0, 0xf0,
    0xc, 0x80, 0x1f, 0xd8, 0x1, 0x9c, 0x10, 0x3,
    0x68, 0x7, 0xf2, 0x0, 0x44, 0x20, 0x26, 0x1,
    0x20, 0x7, 0xe3, 0x10, 0x9, 0x40, 0x2b, 0x0,
    0xc6, 0x1, 0xf2, 0x0, 0x6b, 0x0, 0x94, 0x3,
    0x20, 0x7, 0xd8, 0x1, 0x9, 0x80, 0x44, 0x20,
    0x15, 0x80, 0x7c, 0x80, 0x12, 0x0, 0x73, 0x80,
    0x46, 0x1, 0xe4, 0x0, 0xde, 0x1, 0xda, 0x1,
    0x90, 0x3, 0xb0, 0x3, 0x20, 0x7, 0x20, 0x6,
    0xc0, 0xe, 0x50, 0x9, 0x4, 0x3, 0xc8, 0x1,
    0x28, 0x6, 0x12, 0x0, 0xb0, 0x3, 0xed, 0x0,
    0x88, 0x40, 0x24, 0x0, 0xca, 0x1, 0xf3, 0x80,
    0x64, 0x0, 0xb0, 0x2, 0x22, 0x0, 0x7c, 0x26,
    0x1, 0x60, 0x4, 0xe0, 0x12, 0x80, 0x7f, 0x20,
    0x4, 0xe0, 0x2, 0x10, 0xb, 0x0, 0x3f, 0xac,
    0x2, 0x12, 0x4, 0x0, 0xc8, 0x1, 0xfc, 0x62,
    0x1, 0x20, 0x60, 0x4, 0xa0, 0x1f, 0xf3, 0x80,
    0x58, 0xa, 0x1, 0x78, 0x7, 0xfd, 0x80, 0x12,
    0x18, 0x6, 0x40, 0xf, 0xf9, 0x40, 0x21, 0x80,
    0x8, 0xc4, 0x3, 0xff, 0x80, 0x80, 0x12, 0x0,
    0x56, 0x1, 0xff, 0xc1, 0xd0, 0xf, 0x94, 0x3,
    0xff, 0x82, 0x80, 0x1e, 0x12, 0x0, 0xff, 0xe0,
    0x91, 0x0, 0x39, 0xc0, 0x3f, 0xf8, 0x6a, 0x1,
    0xda, 0x1, 0xff, 0xc3, 0xb0, 0xe, 0x40, 0xf,
    0xfe, 0x19, 0x88, 0x4, 0x80, 0x1f, 0x80,

    /* U+0057 "W" */
    0x1f, 0xfc, 0x1, 0x97, 0xfe, 0x40, 0xd, 0xff,
    0x88, 0x40, 0x31, 0x0, 0x44, 0x1, 0x10, 0x4,
    0x20, 0x18, 0x80, 0x80, 0x26, 0x0, 0xb8, 0x2,
    0xf0, 0x8, 0x80, 0x21, 0x0, 0x30, 0x4, 0x20,
    0x12, 0x80, 0x44, 0x1, 0x30, 0x4, 0x40, 0x2,
    0x0, 0x88, 0x2, 0x20, 0x9, 0x40, 0x22, 0x0,
    0x98, 0x1, 0xc0, 0x17, 0x0, 0x4, 0x40, 0x10,
    0x80, 0x5e, 0x1, 0x10, 0x0, 0x80, 0x22, 0x0,
    0x10, 0x7, 0x18, 0x0, 0x80, 0x2e, 0x0, 0x30,
    0x4, 0xe0, 0x5, 0x0, 0xe6, 0x0, 0x30, 0x4,
    0x40, 0x2, 0x0, 0x88, 0x1, 0xc0, 0x1d, 0xa0,
    0x1, 0x0, 0x98, 0x0, 0x20, 0x10, 0x80, 0x8,
    0x3, 0x88, 0x0, 0x40, 0x11, 0x0, 0x44, 0x1,
    0x8, 0x38, 0x1, 0x0, 0xe, 0x2, 0x1, 0x10,
    0x6, 0x60, 0x8, 0x80, 0x80, 0x1a, 0x0, 0x20,
    0x20, 0x9, 0x80, 0x31, 0x0, 0x4c, 0x40, 0x13,
    0x80, 0x44, 0xe0, 0x11, 0x0, 0x6e, 0x0, 0x89,
    0x80, 0x2, 0x30, 0x1, 0x88, 0x2, 0xe0, 0xc,
    0x40, 0x17, 0x98, 0x1, 0x41, 0x40, 0x7, 0xc0,
    0x11, 0x0, 0x66, 0x0, 0x8b, 0x80, 0x4, 0x4,
    0x0, 0xe2, 0x0, 0x98, 0x3, 0x10, 0x4, 0xca,
    0x0, 0xf0, 0xf0, 0x2, 0x88, 0x4, 0x40, 0x18,
    0x40, 0x22, 0x20, 0x0, 0x80, 0x80, 0x4, 0xc0,
    0x10, 0x80, 0x71, 0x0, 0x4, 0x40, 0x5, 0x5,
    0x0, 0x9, 0x0, 0x8, 0x3, 0xcc, 0x1, 0xc2,
    0x20, 0x11, 0x0, 0x73, 0x0, 0x78, 0x80, 0x38,
    0x80, 0x22, 0x0, 0xe2, 0x0, 0xf7, 0x0, 0x72,
    0x80, 0x4a, 0x1, 0xdc, 0x1, 0xe2, 0x0, 0xee,
    0x0, 0xb8, 0x3, 0x88, 0x3, 0xcc, 0x1, 0xc6,
    0x1, 0x18, 0x7, 0x30, 0x7, 0x88, 0x3, 0x98,
    0x2, 0x60, 0xe, 0x20, 0xf, 0x8, 0x7, 0x10,
    0x4, 0x40, 0x1c, 0x20, 0x1f, 0x10, 0x4, 0x40,
    0x1c, 0x60, 0x11, 0x0, 0x7e, 0x60, 0x9, 0xc0,
    0x39, 0x80, 0x26, 0x0, 0xc0,

    /* U+0058 "X" */
    0x8f, 0xfd, 0x40, 0x1f, 0xcd, 0xff, 0xb0, 0x20,
    0x40, 0x25, 0x20, 0xf, 0xd0, 0x1, 0xbc, 0x1,
    0x0, 0x1a, 0x0, 0x3e, 0x71, 0x0, 0x94, 0xc0,
    0xc, 0x40, 0x12, 0x90, 0x7, 0xa4, 0x3, 0x40,
    0x6, 0x90, 0xd, 0x0, 0x1c, 0xe2, 0x1, 0x31,
    0x0, 0x64, 0x40, 0x4, 0xa4, 0x1, 0xa4, 0x3,
    0x40, 0x7, 0xa0, 0x3, 0x40, 0x4, 0xe2, 0x1,
    0x40, 0x80, 0x78, 0xd4, 0x2, 0x52, 0x0, 0x48,
    0x4, 0x4e, 0x1, 0xfa, 0xc0, 0x34, 0x3, 0x88,
    0x5, 0x0, 0x1f, 0xc2, 0xe0, 0x12, 0x9c, 0x80,
    0x46, 0xa0, 0x1f, 0xe8, 0x10, 0xb, 0x4, 0x2,
    0xf0, 0xf, 0xfe, 0x4, 0x0, 0x7c, 0xa6, 0x1,
    0xff, 0xc0, 0x62, 0x0, 0xf4, 0x0, 0x7f, 0xf0,
    0xa0, 0x3, 0x98, 0x80, 0x3f, 0xf8, 0x46, 0x1,
    0xc4, 0x1, 0xff, 0xc2, 0x18, 0x0, 0xe4, 0x40,
    0x7, 0xff, 0x6, 0x44, 0x3, 0xd2, 0x1, 0xff,
    0xc0, 0x27, 0x0, 0x8c, 0x2, 0x26, 0x0, 0xff,
    0xa0, 0x3, 0x69, 0x80, 0x50, 0x1, 0xfe, 0x35,
    0x0, 0x98, 0x60, 0x2, 0x17, 0x0, 0xfe, 0xf0,
    0xd, 0x0, 0x86, 0x1, 0x40, 0x80, 0x7c, 0xa6,
    0x1, 0x30, 0x80, 0x20, 0x3, 0x40, 0x7, 0xd6,
    0x1, 0xa0, 0x2, 0x43, 0x0, 0x98, 0xc0, 0x39,
    0xc4, 0x2, 0x71, 0x0, 0xde, 0x1, 0xa0, 0x3,
    0xc, 0x0, 0x69, 0x0, 0xe3, 0x40, 0x9, 0x10,
    0x1, 0x40, 0x6, 0x71, 0x0, 0xf4, 0x0, 0x69,
    0x0, 0x13, 0x0, 0x69, 0x0, 0xf8, 0xd0, 0x2,
    0x26, 0x9, 0x0, 0xce, 0x20, 0x1f, 0xa0, 0x3,
    0x40, 0x0,

    /* U+0059 "Y" */
    0xe, 0xff, 0xc0, 0x1f, 0xe1, 0xff, 0xda, 0x0,
    0x90, 0xc, 0xe0, 0x1f, 0xd2, 0x1, 0xac, 0x0,
    0xe0, 0x1a, 0x80, 0x3f, 0x98, 0x2, 0x16, 0x0,
    0x9c, 0x2, 0x24, 0x0, 0xf9, 0x44, 0x2, 0x90,
    0xd, 0x20, 0x1b, 0xc0, 0x3e, 0x90, 0x8, 0x5c,
    0x3, 0xb, 0x0, 0x48, 0x40, 0x1c, 0x66, 0x0,
    0x98, 0x3, 0xd6, 0x1, 0xac, 0x3, 0xa4, 0x3,
    0x48, 0x7, 0x89, 0x40, 0x26, 0x0, 0xc2, 0xa0,
    0x13, 0x8, 0x7, 0xd2, 0x1, 0x9c, 0x2, 0x90,
    0xd, 0x0, 0x1f, 0x8d, 0x0, 0x2a, 0x0, 0x98,
    0x2, 0x51, 0x0, 0xfe, 0x80, 0x8, 0x90, 0x14,
    0x40, 0x28, 0x0, 0xff, 0x19, 0x80, 0x2f, 0x9,
    0x0, 0x90, 0x80, 0x3f, 0xe8, 0x0, 0x91, 0x4c,
    0x2, 0x80, 0xf, 0xfe, 0x2, 0x10, 0x5, 0x40,
    0x11, 0x98, 0x3, 0xff, 0x83, 0x0, 0x1f, 0x40,
    0x7, 0xff, 0x9, 0x44, 0x3, 0x89, 0x0, 0x3f,
    0xf8, 0x70, 0x1, 0xd0, 0x1, 0xff, 0xc4, 0x61,
    0x0, 0x89, 0x40, 0x3f, 0xf8, 0xa4, 0x1, 0x38,
    0x7, 0xff, 0xfc, 0x3, 0xff, 0x88, 0x60, 0x1f,
    0xff, 0xf0, 0xf, 0xff, 0x28,

    /* U+005A "Z" */
    0xf, 0xff, 0xfe, 0x33, 0x0, 0x7f, 0xf7, 0x4c,
    0xff, 0xf8, 0x20, 0x1c, 0x81, 0x99, 0xff, 0xc0,
    0xa0, 0xd, 0x4, 0x1, 0xff, 0xc0, 0x18, 0x0,
    0x89, 0xc0, 0x3f, 0xf8, 0x36, 0x20, 0x17, 0x0,
    0x7f, 0xf0, 0x51, 0x40, 0x26, 0x30, 0xf, 0xfe,
    0xc, 0x80, 0x43, 0x0, 0x1f, 0xfc, 0x18, 0x20,
    0xa, 0xc4, 0x3, 0xff, 0x80, 0x4e, 0x1, 0x22,
    0x80, 0x7f, 0xf0, 0x64, 0x3, 0x48, 0x7, 0xff,
    0x5, 0x90, 0x2, 0x82, 0x0, 0xff, 0xe0, 0xc,
    0x0, 0x44, 0xe0, 0x1f, 0xfc, 0x1b, 0x10, 0xb,
    0x80, 0x3f, 0xf8, 0x28, 0xa0, 0x13, 0x18, 0x7,
    0xff, 0x6, 0x40, 0x21, 0x80, 0xf, 0xfe, 0xc,
    0x10, 0x5, 0x62, 0x1, 0xff, 0xc0, 0x27, 0x0,
    0x91, 0x40, 0x3f, 0xf8, 0x32, 0x1, 0xa4, 0x3,
    0xff, 0x82, 0xc8, 0x1, 0x41, 0x0, 0x7f, 0xf0,
    0x6, 0x0, 0x22, 0x70, 0xf, 0xfe, 0xd, 0x88,
    0x5, 0xc0, 0x1f, 0xfc, 0x14, 0x50, 0x9, 0x8c,
    0x3, 0xff, 0x83, 0x20, 0x19, 0x33, 0x3f, 0xf8,
    0x12, 0x44, 0x0, 0xc4, 0x67, 0xff, 0xc0, 0x40,
    0xf, 0xfe, 0xe0,

    /* U+005B "[" */
    0x6f, 0xff, 0xa0, 0x3, 0xff, 0x96, 0xcd, 0x60,
    0x7, 0x4c, 0xc8, 0x1, 0xff, 0xff, 0x0, 0xff,
    0xff, 0x80, 0x7f, 0xff, 0xc0, 0x3f, 0xfb, 0xb3,
    0x32, 0x0, 0x73, 0x35, 0x80, 0x1f, 0xfc, 0x60,

    /* U+005C "\\" */
    0x7f, 0xfa, 0x80, 0x3f, 0xe6, 0x0, 0x94, 0x3,
    0xfe, 0x14, 0x0, 0x94, 0x3, 0xfe, 0xd0, 0xb,
    0x80, 0x3f, 0xe7, 0x0, 0x90, 0x40, 0x3f, 0xc2,
    0xa0, 0x13, 0x80, 0x7f, 0xde, 0x1, 0x50, 0x7,
    0xfc, 0xa0, 0x11, 0x90, 0x7, 0xfc, 0xc0, 0x12,
    0x80, 0x7f, 0xda, 0x1, 0x50, 0x7, 0xfc, 0x82,
    0x0, 0x23, 0x0, 0xff, 0x98, 0x2, 0xb0, 0xf,
    0xfa, 0xc0, 0x26, 0x0, 0xff, 0x8c, 0x80, 0x2,
    0x80, 0x1f, 0xf5, 0x0, 0x5a, 0x1, 0xff, 0x28,
    0x4, 0xc0, 0x1f, 0xf1, 0x18, 0x4, 0xa0, 0x1f,
    0xf5, 0x0, 0x5e, 0x1, 0xff, 0x38, 0x4, 0xa0,
    0x1f, 0xf0, 0xa0, 0x4, 0xc0, 0x1f, 0xf7, 0x0,
    0x5a, 0x1, 0xff, 0x28, 0x4, 0x82, 0x1, 0xff,
    0x28, 0x4, 0xc0, 0x1f, 0xf7, 0x0, 0x56, 0x1,
    0xff, 0x20, 0x80, 0xc, 0x80, 0x3f, 0xe7, 0x0,
    0xa8, 0x3, 0xfe, 0xa0, 0x9, 0x40, 0x3f, 0xe3,
    0x10, 0x1, 0x18, 0x7, 0xfc, 0xc0, 0x15, 0x0,
    0x7f, 0xd4, 0x1, 0x38, 0x0,

    /* U+005D "]" */
    0x8f, 0xff, 0x98, 0x3, 0xff, 0x8d, 0xac, 0xd0,
    0x7, 0x2c, 0xcc, 0x1, 0xff, 0xff, 0x0, 0xff,
    0xff, 0x80, 0x7f, 0xff, 0xc0, 0x3f, 0xfb, 0xab,
    0x33, 0x0, 0x76, 0xb3, 0x40, 0x1f, 0xfc, 0xb0,

    /* U+005E "^" */
    0x0, 0xf4, 0x44, 0x40, 0x1f, 0xf3, 0x3b, 0xd6,
    0x1, 0xff, 0x50, 0x4, 0xc0, 0x1f, 0xe3, 0x30,
    0x6, 0x60, 0xf, 0xea, 0x0, 0xea, 0x0, 0xfc,
    0x2c, 0x0, 0x50, 0x1, 0x98, 0x3, 0xe6, 0x0,
    0xa0, 0x2, 0xa0, 0xf, 0xa8, 0x0, 0x84, 0xc0,
    0x6, 0x10, 0xe, 0x42, 0x0, 0x70, 0x50, 0x4,
    0xe0, 0x1d, 0xc0, 0x1, 0x50, 0x32, 0x0, 0x58,
    0x6, 0x15, 0x0, 0x38, 0x5, 0x60, 0x2, 0x30,
    0x9, 0x80, 0x2a, 0x0, 0x9c, 0x2, 0x90, 0xa,
    0x40, 0x6, 0x60, 0x8, 0x54, 0x0, 0xa2, 0x8,
    0x20, 0xa, 0x0, 0xe9, 0x0, 0x98, 0x3c, 0x2,
    0x70, 0xe, 0x32, 0x0, 0x50, 0x0,

    /* U+005F "_" */
    0x19, 0x9f, 0xfe, 0x23, 0x93, 0x37, 0xff, 0x12,
    0xc0, 0x3f, 0xfb, 0x0,

    /* U+0060 "`" */
    0x3, 0x3c, 0x40, 0x1a, 0x73, 0x2d, 0x20, 0xa,
    0x90, 0x2, 0x90, 0xd, 0x66, 0x0, 0x46, 0x0,
    0xda, 0x40, 0x8, 0x10, 0x8, 0x7c, 0x40, 0x6c,

    /* U+0061 "a" */
    0x0, 0xc2, 0xd7, 0xdf, 0xee, 0xc8, 0x20, 0xf,
    0xcd, 0xd2, 0x82, 0x0, 0x13, 0x7d, 0x90, 0xf,
    0x44, 0x80, 0x7f, 0x9b, 0x0, 0x32, 0xb8, 0x6,
    0x57, 0x72, 0x0, 0x63, 0x80, 0xa, 0x0, 0x21,
    0xda, 0x88, 0x5e, 0x90, 0x4, 0xe0, 0x1, 0x20,
    0xa, 0x48, 0x3, 0x14, 0x80, 0x64, 0x1, 0xdd,
    0xce, 0x1, 0xe4, 0x0, 0xc6, 0x0, 0x22, 0xc0,
    0x1f, 0xfc, 0x75, 0x9b, 0xdd, 0x77, 0x40, 0x1f,
    0xd1, 0xf4, 0xc8, 0x44, 0x11, 0x80, 0x3e, 0x1c,
    0x70, 0xf, 0xfe, 0x25, 0x98, 0x4, 0x95, 0xdf,
    0xf8, 0x3, 0xc4, 0xa0, 0x13, 0xda, 0x88, 0x7,
    0xf9, 0x0, 0x34, 0x0, 0x7f, 0xf0, 0x78, 0x2,
    0x10, 0xf, 0xfe, 0x30, 0x88, 0x3, 0xce, 0x1,
    0xed, 0x0, 0xd4, 0x20, 0x10, 0xcc, 0x0, 0x79,
    0x44, 0x2, 0x4e, 0xba, 0xce, 0x60, 0xe, 0xf0,
    0x5, 0x80, 0x72, 0x29, 0x80, 0x7c, 0x40, 0x5,
    0xa0, 0xf, 0xc3, 0x68, 0x1, 0x38, 0x4, 0xbd,
    0x6, 0x0, 0x13, 0x8e, 0x4c, 0x0, 0x88, 0x80,

    /* U+0062 "b" */
    0xf, 0xfc, 0xc0, 0x1f, 0xff, 0xf0, 0xf, 0xff,
    0xf8, 0x4, 0xb7, 0xdf, 0xec, 0x70, 0xf, 0xfa,
    0xa8, 0x82, 0x0, 0x38, 0xe3, 0x0, 0xfd, 0xa,
    0x1, 0xf0, 0xe1, 0x80, 0x7c, 0x20, 0x2, 0x32,
    0x0, 0xee, 0x0, 0xfc, 0x7b, 0xac, 0xdc, 0x20,
    0x8, 0x98, 0x3, 0xc5, 0x84, 0x1, 0x1e, 0x0,
    0x6a, 0x0, 0xf5, 0x80, 0x78, 0x5c, 0x2, 0x31,
    0x0, 0xff, 0xe0, 0xd8, 0x6, 0x50, 0xf, 0xfe,
    0x9, 0x80, 0x62, 0x0, 0xff, 0xe3, 0x8, 0x7,
    0xff, 0x8, 0x40, 0x2f, 0x0, 0xff, 0xe3, 0x78,
    0x7, 0xff, 0x8, 0x40, 0x21, 0x0, 0xff, 0xe0,
    0x98, 0x6, 0x20, 0xf, 0xfe, 0xd, 0x80, 0x65,
    0x0, 0xeb, 0x0, 0xf0, 0xb0, 0x4, 0x62, 0x1,
    0xc5, 0x84, 0x1, 0x16, 0x8, 0x5, 0x40, 0x1f,
    0x1e, 0xeb, 0x37, 0x44, 0x1, 0x13, 0x0, 0x78,
    0x40, 0x4, 0x64, 0x1, 0xdc, 0x1, 0xf6, 0x18,
    0x7, 0xc3, 0x66, 0x1, 0xf1, 0x65, 0x20, 0x80,
    0xe, 0x3d, 0x0, 0x20,

    /* U+0063 "c" */
    0x0, 0xe2, 0x8c, 0xef, 0xf6, 0xc9, 0x80, 0x7f,
    0x46, 0xb9, 0x88, 0x0, 0x9b, 0x2c, 0x40, 0x3d,
    0x6e, 0x1, 0xfc, 0x9e, 0x40, 0x1a, 0x90, 0x3,
    0x12, 0x18, 0x6, 0x1e, 0x0, 0x91, 0x40, 0x22,
    0xdd, 0x5e, 0x6a, 0x0, 0x46, 0xc0, 0x8, 0x0,
    0x87, 0x8, 0x2, 0x2b, 0x30, 0xb, 0x40, 0x4c,
    0x2, 0x91, 0x0, 0xf4, 0x80, 0x48, 0x8, 0x1,
    0x94, 0x3, 0xe4, 0x55, 0xc1, 0xa0, 0x18, 0x80,
    0x3e, 0x1a, 0xac, 0x2, 0x1, 0x10, 0x7, 0xff,
    0x8, 0xc0, 0x3f, 0xf8, 0xc6, 0x1, 0xff, 0xc6,
    0x10, 0x8, 0x80, 0x3f, 0xf8, 0x5a, 0x1, 0x84,
    0x3, 0xf0, 0x8e, 0x4, 0x0, 0xcc, 0x1, 0xf1,
    0xf7, 0x60, 0x14, 0x0, 0xa4, 0x40, 0x3d, 0x20,
    0x11, 0x0, 0x3c, 0x2, 0x1c, 0x20, 0x8, 0x65,
    0x40, 0x2a, 0x0, 0x22, 0x80, 0x45, 0xb9, 0x79,
    0xcc, 0x1, 0x13, 0x80, 0x54, 0x80, 0x18, 0xd0,
    0xc0, 0x31, 0x60, 0x7, 0x5b, 0x80, 0x7f, 0x2e,
    0x8, 0x7, 0xa3, 0x5c, 0xc4, 0x0, 0x4f, 0xb4,
    0x20, 0x10,

    /* U+0064 "d" */
    0x0, 0xff, 0xe0, 0xd7, 0xfd, 0xa0, 0x1f, 0xff,
    0xf0, 0xf, 0xff, 0x58, 0xbe, 0x7f, 0xba, 0x8c,
    0x3, 0xf9, 0x3e, 0xc, 0x0, 0x2b, 0x90, 0x1,
    0xf2, 0x58, 0x80, 0x7c, 0xea, 0x1, 0xc3, 0x40,
    0x1c, 0x46, 0x20, 0x1f, 0xa4, 0x40, 0x23, 0xdd,
    0x67, 0x58, 0x80, 0x79, 0x80, 0x21, 0xd2, 0x0,
    0x93, 0x0, 0x39, 0x4, 0x2, 0x81, 0x0, 0xe2,
    0x50, 0xc, 0x60, 0x19, 0xc0, 0x3f, 0xf8, 0x1c,
    0x1, 0x10, 0x80, 0x7f, 0xf0, 0x8, 0x2, 0x10,
    0xf, 0xfe, 0x2b, 0x80, 0x7f, 0xf4, 0xc8, 0x2,
    0x60, 0xf, 0xfe, 0xf, 0x0, 0x44, 0x1, 0xff,
    0xc1, 0x40, 0xc, 0xc0, 0x1f, 0xfc, 0x3, 0x10,
    0xa, 0x0, 0x3c, 0x4a, 0x1, 0xcc, 0x1, 0xe,
    0x10, 0x4, 0x78, 0x1, 0xe8, 0x10, 0x8, 0xf7,
    0x59, 0xd8, 0x20, 0x1f, 0x68, 0x7, 0x11, 0x88,
    0x0, 0x40, 0x3c, 0x76, 0x20, 0x1f, 0x2d, 0x80,
    0x7c, 0x9f, 0x6, 0x0, 0x15, 0xba, 0x60, 0xc,

    /* U+0065 "e" */
    0x0, 0xf3, 0x5f, 0x7f, 0xb6, 0x50, 0x3, 0xf9,
    0x7a, 0x50, 0x40, 0x4, 0xd7, 0x61, 0x0, 0xf4,
    0xd0, 0x80, 0x7e, 0x4f, 0x20, 0xc, 0xec, 0x1,
    0x89, 0xc, 0x3, 0xf, 0x80, 0x47, 0x0, 0x10,
    0xde, 0xde, 0x73, 0x0, 0x44, 0xe0, 0x8, 0x0,
    0xd8, 0x80, 0x10, 0xca, 0x80, 0x52, 0x2, 0x80,
    0x14, 0x10, 0x7, 0xa0, 0x2, 0x13, 0x70, 0xc,
    0xc0, 0x1f, 0x11, 0x0, 0x25, 0xf0, 0xd, 0x31,
    0x1f, 0x8c, 0x2, 0xf2, 0x0, 0xce, 0xff, 0xc2,
    0x1, 0x18, 0x7, 0xff, 0x68, 0x40, 0x22, 0xff,
    0xff, 0xe0, 0xd6, 0x80, 0x44, 0x20, 0x1f, 0xfc,
    0x14, 0x0, 0xd2, 0x1, 0xff, 0xc1, 0x32, 0x0,
    0x9d, 0x0, 0x3f, 0x54, 0x80, 0x52, 0x1, 0xad,
    0xc0, 0x39, 0x31, 0x5a, 0x40, 0x8, 0xc0, 0x1a,
    0x3f, 0x2a, 0xfa, 0xcc, 0x0, 0xe2, 0x0, 0x96,
    0x0, 0xe3, 0x54, 0x10, 0x8, 0x74, 0x40, 0x29,
    0x90, 0x80, 0x7f, 0x2f, 0x98, 0x7, 0x37, 0x52,
    0x90, 0x0, 0x4d, 0xf2, 0x84, 0x0,

    /* U+0066 "f" */
    0x0, 0xff, 0x2d, 0x6f, 0xfd, 0xb7, 0x2, 0x1,
    0xf8, 0xf6, 0x94, 0x80, 0x22, 0x47, 0x30, 0xf,
    0x93, 0x8, 0x3, 0xf8, 0x80, 0x3c, 0x34, 0x1,
    0xc2, 0x67, 0x8, 0x7, 0xe6, 0x10, 0x8, 0xf3,
    0xb3, 0x2e, 0xe0, 0x7, 0xd6, 0x1, 0xe, 0x18,
    0x7, 0x8, 0x7, 0xc6, 0x1, 0x30, 0x7, 0xff,
    0x8, 0x40, 0x37, 0x0, 0x7f, 0xf4, 0x5f, 0xff,
    0x70, 0x6, 0x9f, 0xff, 0x68, 0x7, 0xff, 0x79,
    0x66, 0x74, 0x0, 0x65, 0x99, 0xf4, 0x0, 0x9,
    0x9b, 0x80, 0x36, 0x33, 0x79, 0x40, 0x3f, 0xff,
    0xe0, 0x1f, 0xff, 0xf0, 0xf, 0xff, 0xf8, 0x7,
    0xff, 0xfc, 0x3, 0xff, 0x94,

    /* U+0067 "g" */
    0x0, 0xe7, 0xcf, 0xf7, 0x5b, 0x0, 0xff, 0xe0,
    0x8, 0xfa, 0xc, 0x0, 0x29, 0x3a, 0xa0, 0x1e,
    0x3c, 0x10, 0xf, 0x8a, 0xc0, 0x3d, 0xa0, 0x1c,
    0x26, 0x40, 0x1f, 0xa0, 0x40, 0x22, 0xce, 0xcd,
    0xd1, 0x80, 0x79, 0x80, 0x37, 0x98, 0x4, 0x58,
    0x40, 0x18, 0xc4, 0x2, 0x82, 0x0, 0xf5, 0x0,
    0x64, 0x0, 0xcc, 0x1, 0xff, 0xc0, 0xe0, 0x8,
    0x44, 0x1, 0xff, 0xc0, 0x30, 0x8, 0x80, 0x3f,
    0xf8, 0x22, 0x1, 0xff, 0xc5, 0x10, 0xf, 0xfe,
    0x29, 0x80, 0x44, 0x1, 0xff, 0xc1, 0xe0, 0x8,
    0x44, 0x1, 0xff, 0xc0, 0x40, 0xc, 0xc0, 0x1f,
    0xfc, 0x3, 0x10, 0xa, 0x44, 0x3, 0xd4, 0x1,
    0xd2, 0x1, 0xe, 0x18, 0x4, 0x58, 0x40, 0x1c,
    0xe4, 0x1, 0x16, 0x6e, 0x6e, 0x8c, 0x3, 0xee,
    0x0, 0xe2, 0x32, 0x0, 0xfe, 0x3c, 0x10, 0xf,
    0x92, 0x0, 0x3e, 0x3e, 0x83, 0x0, 0xa, 0x55,
    0x80, 0x7f, 0x9f, 0x3f, 0xdd, 0x6a, 0x1e, 0x1,
    0x8, 0x4, 0x20, 0x1f, 0xca, 0x1, 0x10, 0x0,
    0x7d, 0x0, 0x3e, 0x52, 0x0, 0xac, 0x1, 0x43,
    0x70, 0x1, 0xcd, 0x40, 0x19, 0x81, 0x50, 0x0,
    0xff, 0x75, 0x4e, 0x90, 0xd, 0x2, 0xa, 0x80,
    0x19, 0x15, 0x42, 0x1, 0x95, 0xc0, 0x2b, 0x80,
    0xf, 0xf4, 0x50, 0x7, 0x3f, 0xca, 0x8, 0x0,
    0x52, 0x79, 0xc0, 0x20,

    /* U+0068 "h" */
    0x2f, 0xfc, 0xa0, 0x1f, 0xff, 0xf0, 0xf, 0xff,
    0xf8, 0x6, 0x7c, 0xff, 0x75, 0xa8, 0x7, 0xf8,
    0xb6, 0xc, 0x0, 0x29, 0x56, 0x1, 0xf8, 0xb0,
    0x80, 0x3e, 0x4b, 0x0, 0xfa, 0x4, 0x4, 0xc8,
    0x3, 0x91, 0x40, 0x3e, 0x3c, 0xec, 0xde, 0x50,
    0xd, 0xc0, 0x1e, 0x3c, 0x30, 0x8, 0x68, 0xc0,
    0x24, 0x0, 0xf4, 0x80, 0x7d, 0x40, 0x18, 0x80,
    0x3f, 0xf8, 0x2a, 0x1, 0x84, 0x3, 0xff, 0x82,
    0x20, 0x19, 0xc0, 0x3f, 0xff, 0xe0, 0x1f, 0xff,
    0xf0, 0xf, 0xff, 0xf8, 0x4,

    /* U+0069 "i" */
    0x0, 0xf9, 0x7b, 0xec, 0x3, 0xff, 0x82, 0x54,
    0x20, 0x90, 0x1, 0xff, 0xc0, 0x60, 0xc, 0x20,
    0x1f, 0xfc, 0x6, 0x0, 0xd4, 0x1, 0xff, 0xc0,
    0x2b, 0x57, 0xe3, 0x0, 0xff, 0xe0, 0xa5, 0x40,
    0x80, 0x7f, 0xf3, 0x47, 0xff, 0xfd, 0x0, 0x1f,
    0xfd, 0xf3, 0x3f, 0x0, 0x7f, 0xc3, 0x99, 0xe1,
    0x0, 0xff, 0xff, 0x80, 0x7f, 0xff, 0xc0, 0x3f,
    0xff, 0xe0, 0x39, 0x9e, 0x10, 0x9, 0xb3, 0x39,
    0x40, 0xcf, 0xc0, 0x18, 0x4c, 0xf8, 0x80, 0x3f,
    0xfb, 0x0,

    /* U+006A "j" */
    0x0, 0xf8, 0xb3, 0xf5, 0x0, 0x3f, 0x71, 0x81,
    0x50, 0x7, 0xe3, 0x0, 0x84, 0x80, 0x3e, 0x20,
    0x8, 0x48, 0x3, 0xef, 0x30, 0x2a, 0x0, 0xfc,
    0x59, 0xfa, 0x80, 0x1f, 0xfc, 0x35, 0xff, 0xfe,
    0xd0, 0xf, 0xfe, 0x80, 0x99, 0xf0, 0x80, 0x79,
    0x33, 0x39, 0xc0, 0x3f, 0xff, 0xe0, 0x1f, 0xff,
    0xf0, 0xf, 0xff, 0xd1, 0x80, 0x7f, 0xf0, 0x18,
    0x2, 0x10, 0xf, 0x88, 0xc0, 0x25, 0x0, 0xf1,
    0xf8, 0x6, 0xd0, 0xad, 0xcc, 0x76, 0x10, 0x4,
    0x48, 0xc, 0x46, 0x61, 0x0, 0xee, 0x0, 0x8,
    0x7, 0xc5, 0x86, 0x0, 0x61, 0x0, 0x89, 0x6b,
    0x4c, 0x2,

    /* U+006B "k" */
    0x1f, 0xfc, 0xa0, 0x1f, 0xff, 0xf0, 0xf, 0xff,
    0xf8, 0x7, 0xff, 0x11, 0x3f, 0xf7, 0x10, 0x7,
    0xff, 0x0, 0xec, 0x3, 0x69, 0x0, 0x7f, 0xc5,
    0xa0, 0x1a, 0x8c, 0x3, 0xfe, 0x1c, 0x10, 0xa,
    0x54, 0x3, 0xfe, 0x1c, 0x10, 0x9, 0xd8, 0x3,
    0xff, 0x81, 0xa4, 0x1, 0x2c, 0x0, 0x7f, 0xf0,
    0x2c, 0xc0, 0x24, 0xa0, 0xf, 0xfe, 0x4, 0xa0,
    0x4, 0x76, 0x1, 0xff, 0xc0, 0x96, 0x0, 0x87,
    0x40, 0x3f, 0xf8, 0x26, 0x1, 0x85, 0x40, 0x3f,
    0xf8, 0xf4, 0x20, 0x1f, 0xfc, 0x61, 0xa0, 0xf,
    0xfe, 0x16, 0x18, 0x4, 0x8e, 0x1, 0xff, 0xe,
    0x1f, 0x0, 0x68, 0x30, 0xf, 0xf4, 0x18, 0x14,
    0x80, 0x6e, 0x0, 0xff, 0x18, 0x4, 0xca, 0x1,
    0x15, 0x0, 0x7f, 0xf0, 0xac, 0x40, 0x25, 0x60,
    0xf, 0xfe, 0x8, 0xd0, 0x6, 0x92, 0x0, 0xff,
    0xe0, 0xa3, 0x0, 0x6f, 0x0, 0xff, 0xe1, 0x49,
    0x0, 0x45, 0x20, 0x1f, 0xfc, 0x2e, 0x0, 0xcc,
    0x80,

    /* U+006C "l" */
    0x4f, 0xff, 0xf4, 0x0, 0x7f, 0xf7, 0x9c, 0xcf,
    0xc0, 0x1f, 0xf1, 0xe6, 0x78, 0x40, 0x3f, 0xff,
    0xe0, 0x1f, 0xff, 0xf0, 0xf, 0xff, 0xf8, 0x7,
    0xff, 0xfc, 0x3, 0xff, 0xf4, 0x79, 0x9e, 0x10,
    0x9, 0xb3, 0x39, 0xdc, 0x67, 0xe0, 0xc, 0x26,
    0x7d, 0xa0, 0x1f, 0xfd, 0x80,

    /* U+006D "m" */
    0x7f, 0xf9, 0x86, 0x7b, 0xfa, 0x44, 0x1f, 0x7f,
    0xa8, 0x80, 0x3d, 0xd8, 0xc2, 0x2, 0xdb, 0x70,
    0x40, 0x2b, 0x82, 0x1, 0xce, 0x40, 0x1c, 0x68,
    0x1, 0xc3, 0x0, 0x1e, 0x48, 0x50, 0xe, 0x68,
    0x20, 0x9, 0xc0, 0x38, 0xad, 0xe8, 0x80, 0x27,
    0x97, 0xc0, 0x8, 0x44, 0x1, 0x9c, 0x2, 0x70,
    0xb, 0x40, 0x2, 0x20, 0x8, 0xc0, 0x3f, 0xff,
    0xe0, 0x1f, 0xff, 0xf0, 0xf, 0xff, 0xf8, 0x7,
    0xff, 0xfc, 0x3, 0xff, 0x86,

    /* U+006E "n" */
    0x2f, 0xfb, 0x80, 0x27, 0xcf, 0xf7, 0x5a, 0x80,
    0x7e, 0x10, 0x3e, 0x83, 0x0, 0xa, 0x56, 0x8,
    0x7, 0xcb, 0x82, 0x1, 0xf1, 0xd0, 0x7, 0xd4,
    0x0, 0x13, 0x20, 0xe, 0x45, 0x0, 0xf8, 0xb3,
    0xb3, 0x7d, 0x80, 0x37, 0x0, 0x78, 0xb4, 0xc0,
    0x34, 0x98, 0x4, 0x80, 0x1e, 0x80, 0xf, 0xa8,
    0x3, 0x8, 0x7, 0xff, 0x4, 0x80, 0x31, 0x80,
    0x7f, 0xf0, 0x5c, 0x3, 0x8, 0x7, 0xff, 0xfc,
    0x3, 0xff, 0xfe, 0x1, 0xff, 0xff, 0x0, 0x80,

    /* U+006F "o" */
    0x0, 0xe3, 0x9d, 0xff, 0x76, 0x41, 0x0, 0x7e,
    0x1b, 0xc6, 0x20, 0x0, 0x9b, 0xec, 0x0, 0x78,
    0xbd, 0x0, 0x3f, 0x9f, 0x0, 0x3b, 0xc4, 0x3,
    0x1a, 0x10, 0x6, 0x3a, 0x0, 0xa0, 0x80, 0x24,
    0xec, 0xbd, 0xc2, 0x0, 0x95, 0x40, 0x2e, 0x1,
    0x1d, 0x88, 0x4, 0x78, 0x20, 0x14, 0x83, 0x80,
    0x6f, 0x0, 0xf0, 0xc8, 0x4, 0x65, 0x80, 0x11,
    0x18, 0x7, 0xcc, 0x1, 0x91, 0xc0, 0x27, 0x0,
    0xfc, 0x22, 0x0, 0xbc, 0xc0, 0x22, 0x0, 0xfe,
    0x20, 0x8, 0xc4, 0x3, 0xff, 0x82, 0xe0, 0x10,
    0x88, 0x3, 0xff, 0x82, 0xe0, 0x10, 0x98, 0x4,
    0x40, 0x1f, 0xc4, 0x1, 0x1b, 0x80, 0x4e, 0x1,
    0xf8, 0x44, 0x1, 0x7e, 0x0, 0x44, 0x60, 0x1f,
    0x30, 0x6, 0x47, 0x0, 0xde, 0x1, 0xe1, 0x90,
    0x8, 0xc8, 0x5c, 0x2, 0x3b, 0x10, 0x8, 0xf0,
    0x40, 0x29, 0x0, 0x41, 0x0, 0x49, 0xd9, 0x7b,
    0x84, 0x1, 0x2a, 0x80, 0x2f, 0x10, 0xc, 0x68,
    0x40, 0x18, 0xe8, 0x3, 0x17, 0xa8, 0x7, 0xf3,
    0xe0, 0x7, 0x86, 0xb1, 0x88, 0x0, 0x26, 0xfb,
    0x0, 0x18,

    /* U+0070 "p" */
    0x1f, 0xfc, 0x0, 0x6b, 0xef, 0xec, 0x70, 0xf,
    0xf1, 0xec, 0xa0, 0x80, 0x9c, 0x71, 0x80, 0x7e,
    0xd2, 0x0, 0xf8, 0x70, 0x80, 0x3e, 0x10, 0x1,
    0x18, 0x80, 0x77, 0x0, 0x7e, 0x5e, 0xdc, 0xea,
    0x10, 0x8, 0xd4, 0x3, 0xc9, 0x42, 0x1, 0x2e,
    0x80, 0x6e, 0x0, 0xf7, 0x0, 0x78, 0xd4, 0x2,
    0x40, 0xf, 0xfe, 0x17, 0x80, 0x63, 0x0, 0xff,
    0xe0, 0xb8, 0x6, 0x60, 0xf, 0xfe, 0x9, 0x0,
    0x63, 0x0, 0xff, 0xe3, 0x8, 0x7, 0xff, 0x18,
    0x40, 0x3f, 0xf8, 0x22, 0x1, 0x8c, 0x3, 0xff,
    0x82, 0x80, 0x19, 0x80, 0x3f, 0xf8, 0x3e, 0x1,
    0x8c, 0x3, 0xbc, 0x3, 0xc6, 0xa0, 0x12, 0x0,
    0x79, 0x64, 0x3, 0x1e, 0x80, 0x6f, 0x0, 0xf9,
    0xbf, 0x2f, 0x70, 0x40, 0x23, 0x40, 0xf, 0xe3,
    0x42, 0x0, 0xc3, 0xc0, 0x1f, 0x49, 0x80, 0x7c,
    0x58, 0x40, 0x1f, 0x1e, 0x52, 0x8, 0x0, 0xe7,
    0x48, 0x3, 0xfc, 0xb7, 0xdf, 0xec, 0x60, 0xf,
    0xff, 0xf8, 0x7, 0xff, 0xcc,

    /* U+0071 "q" */
    0x0, 0xc2, 0xf9, 0xfe, 0xeb, 0x50, 0x3f, 0xfb,
    0x40, 0x24, 0xf8, 0x30, 0x0, 0xa5, 0x5b, 0x0,
    0x79, 0x2c, 0x40, 0x3e, 0x4a, 0x0, 0xe1, 0xa0,
    0xe, 0x34, 0x20, 0xf, 0xd2, 0x20, 0x11, 0x6e,
    0x5e, 0xe8, 0xc0, 0x3c, 0xc0, 0x10, 0xe1, 0x0,
    0x45, 0xa4, 0x1, 0x90, 0x40, 0x29, 0x10, 0xe,
    0x17, 0x0, 0xc6, 0x1, 0x98, 0x3, 0xff, 0x81,
    0xc0, 0x10, 0x88, 0x3, 0xff, 0x80, 0x60, 0x11,
    0x0, 0x7f, 0xf0, 0x44, 0x2, 0x70, 0xf, 0xfe,
    0x8, 0x80, 0x4e, 0x1, 0xff, 0xc1, 0x30, 0x8,
    0x40, 0x3f, 0xf8, 0x3c, 0x1, 0x10, 0x80, 0x7f,
    0xf0, 0x10, 0x3, 0x38, 0x7, 0xff, 0x0, 0xc4,
    0x2, 0x80, 0xf, 0x9c, 0x3, 0x98, 0x2, 0x1c,
    0x10, 0x8, 0xb0, 0x80, 0x3a, 0x44, 0x2, 0x3e,
    0xcb, 0xcd, 0x30, 0xf, 0xd, 0x0, 0x71, 0xa1,
    0x80, 0x7f, 0x25, 0x88, 0x7, 0xca, 0xa0, 0xf,
    0x93, 0xe0, 0xc0, 0x2, 0xb7, 0x40, 0x1f, 0xc2,
    0xf9, 0xfe, 0xea, 0x40, 0xf, 0xff, 0xf8, 0x7,
    0xff, 0xb4,

    /* U+0072 "r" */
    0x5f, 0xfb, 0x40, 0x24, 0xae, 0xff, 0xb9, 0x40,
    0x31, 0x80, 0xdd, 0x94, 0x40, 0x21, 0x10, 0x6,
    0x12, 0xf4, 0x0, 0xf9, 0x80, 0x3b, 0xc4, 0x3,
    0xf1, 0x0, 0x71, 0x0, 0x5, 0x59, 0x8a, 0x66,
    0x0, 0xf8, 0x6b, 0xaa, 0x65, 0x59, 0x80, 0xf,
    0xb1, 0x40, 0x3f, 0xf8, 0x30, 0x40, 0x1f, 0xfc,
    0x26, 0x0, 0xff, 0xff, 0x80, 0x7f, 0xff, 0xc0,
    0x3f, 0xfd, 0x0,

    /* U+0073 "s" */
    0x0, 0xe3, 0x9d, 0xff, 0xb6, 0x98, 0x3, 0xf1,
    0x66, 0x18, 0x80, 0x22, 0x59, 0xf6, 0x0, 0xe3,
    0xd3, 0x0, 0xff, 0x4c, 0x80, 0x37, 0x0, 0x63,
    0x78, 0x74, 0x0, 0xcc, 0xa0, 0x6, 0x20, 0xa,
    0xb2, 0x1e, 0x2f, 0x0, 0x34, 0x0, 0x3c, 0x2,
    0x35, 0x0, 0xe3, 0x80, 0x8, 0x84, 0xc, 0x3,
    0xfe, 0x68, 0x8c, 0x0, 0xd0, 0x8, 0xd8, 0x3,
    0xc2, 0xef, 0x84, 0x18, 0x40, 0x29, 0xe9, 0x52,
    0x0, 0xfe, 0x1d, 0x10, 0x8, 0x5a, 0xb7, 0xa9,
    0x84, 0x3, 0xc7, 0xec, 0x1, 0xe1, 0x59, 0xe8,
    0x0, 0xf0, 0xcf, 0x41, 0x80, 0x7c, 0xfa, 0x20,
    0x1e, 0x17, 0xcf, 0xc8, 0x40, 0xc, 0x54, 0x1,
    0xfe, 0x37, 0xbd, 0x30, 0x9, 0x8, 0xf3, 0x30,
    0x7, 0xc5, 0xa0, 0x19, 0xc4, 0xcf, 0x28, 0x7,
    0xff, 0x0, 0x48, 0x80, 0x15, 0xa0, 0x7, 0xac,
    0x3, 0x28, 0x48, 0x4, 0x37, 0x90, 0xcf, 0x3c,
    0xa0, 0x12, 0x88, 0x24, 0x80, 0x63, 0x79, 0x86,
    0x10, 0x8, 0xec, 0x2, 0x6c, 0x20, 0xf, 0xf3,
    0x60, 0x80, 0x63, 0xdb, 0x62, 0x0, 0x85, 0x23,
    0xa4, 0x2,

    /* U+0074 "t" */
    0x0, 0xea, 0xff, 0xb0, 0x3, 0xff, 0xfe, 0x1,
    0xfe, 0x8f, 0xfc, 0xa0, 0x11, 0xff, 0xfc, 0xa0,
    0x1f, 0xfd, 0xbb, 0x99, 0xc6, 0x1, 0x14, 0xcf,
    0xce, 0x6, 0xcd, 0xc0, 0x10, 0xb3, 0x7c, 0x40,
    0x1f, 0xff, 0xf0, 0xf, 0xff, 0xf8, 0x7, 0xff,
    0x4c, 0x80, 0x3f, 0xf8, 0x44, 0x1, 0x9, 0x80,
    0x7f, 0xf0, 0x70, 0x3, 0x71, 0x0, 0x62, 0x30,
    0xf, 0x20, 0x80, 0x45, 0xbd, 0x9b, 0xfb, 0xe0,
    0x1f, 0x58, 0x7, 0x9, 0x90, 0x0, 0xc0, 0x3e,
    0x59, 0x0, 0xff, 0x8, 0x7, 0xcd, 0xac, 0x40,
    0x11, 0x2c, 0xf0, 0x80,

    /* U+0075 "u" */
    0xff, 0xce, 0x1, 0xf3, 0x7f, 0xe1, 0x0, 0xff,
    0xff, 0x80, 0x7f, 0xff, 0xc0, 0x3f, 0xfe, 0xc2,
    0x1, 0x78, 0x7, 0xff, 0x4, 0xc0, 0x22, 0x0,
    0xf8, 0x40, 0x39, 0xc0, 0x24, 0x0, 0xf0, 0xc8,
    0x7, 0x78, 0x4, 0x34, 0x1, 0x93, 0x4, 0x3,
    0x94, 0x40, 0x25, 0xfc, 0xc7, 0x59, 0x0, 0x7d,
    0x60, 0x1c, 0x66, 0x10, 0x4, 0x80, 0x79, 0x60,
    0x3, 0xe1, 0xb7, 0x0, 0xf9, 0xf5, 0x88, 0x0,
    0x4f, 0xe8, 0x20, 0x1c,

    /* U+0076 "v" */
    0x4f, 0xfc, 0x80, 0x1f, 0xd1, 0xff, 0x85, 0x4,
    0x2, 0xe0, 0xf, 0xe5, 0x0, 0x94, 0x41, 0x80,
    0x24, 0x0, 0xfc, 0x44, 0x0, 0xb8, 0x1, 0x40,
    0x10, 0xa0, 0x7, 0xd4, 0x1, 0xa, 0x0, 0x8,
    0xc0, 0x2d, 0x0, 0xf9, 0x40, 0x26, 0x0, 0xd4,
    0x1, 0x38, 0x7, 0x88, 0x80, 0x15, 0x0, 0x66,
    0x0, 0x85, 0x0, 0x39, 0x40, 0x23, 0x20, 0xe,
    0x50, 0xb, 0x40, 0x3a, 0xc0, 0x2a, 0x0, 0xf7,
    0x0, 0x4e, 0x1, 0x84, 0xc0, 0x27, 0x0, 0xf2,
    0x8, 0x0, 0x4c, 0x2, 0x60, 0x9, 0x44, 0x3,
    0xe6, 0x0, 0xa8, 0x2, 0xb0, 0xb, 0x80, 0x3f,
    0x50, 0x4, 0xe0, 0x1, 0x30, 0x0, 0xa0, 0x7,
    0xe2, 0x30, 0x0, 0x98, 0x38, 0x4, 0xc0, 0x1f,
    0xea, 0x0, 0xac, 0x34, 0x2, 0xa0, 0xf, 0xf3,
    0x0, 0x4a, 0x28, 0x0, 0x32, 0x0, 0xff, 0x94,
    0x0, 0x52, 0x1, 0x50, 0x7, 0xff, 0x3, 0x80,
    0x26, 0x0, 0x9c, 0x3, 0xff, 0x80, 0x84, 0x0,
    0x10, 0x2, 0x88, 0x7, 0xff, 0x5, 0x40, 0x3b,
    0x80, 0x3f, 0xf8, 0x54, 0x1, 0x85, 0x0, 0x3f,
    0xf8, 0x44, 0x60, 0x13, 0x0, 0x7e,

    /* U+0077 "w" */
    0x3f, 0xfa, 0xc0, 0x31, 0xff, 0xb8, 0x3, 0xf,
    0xfd, 0xc6, 0x1, 0x28, 0x6, 0x50, 0x0, 0x88,
    0x2, 0x20, 0x9, 0x40, 0x80, 0x2, 0x1, 0xb0,
    0x2, 0x50, 0x9, 0x80, 0x23, 0x7, 0x0, 0x88,
    0x2, 0x70, 0x8, 0xc0, 0x2d, 0x0, 0xb4, 0x34,
    0x2, 0x70, 0x8, 0x80, 0x2c, 0x0, 0x88, 0x2,
    0x70, 0x20, 0x8, 0x80, 0x6, 0x1, 0x94, 0x2,
    0x60, 0x8, 0x81, 0xc0, 0x2e, 0x0, 0x20, 0x6,
    0x11, 0x0, 0x8, 0x0, 0x60, 0x2, 0x0, 0x94,
    0x1, 0xa0, 0x5, 0x0, 0x20, 0x8, 0x80, 0xa,
    0x1, 0x18, 0x0, 0x80, 0xe, 0x0, 0xf0, 0x6,
    0x81, 0x0, 0x5e, 0x1, 0x28, 0x0, 0x40, 0x48,
    0xd, 0xc0, 0x6, 0xc, 0x1, 0x28, 0x5, 0xe0,
    0x11, 0xa8, 0x1, 0x8, 0x41, 0x40, 0x80, 0x23,
    0x0, 0x94, 0x2, 0x63, 0x0, 0x68, 0x28, 0x9,
    0x68, 0x0, 0x40, 0x31, 0x80, 0x45, 0xa0, 0x7,
    0xc, 0x0, 0x3b, 0x0, 0x14, 0x3, 0x88, 0x1,
    0xce, 0x2, 0x40, 0x60, 0xd, 0x20, 0x1, 0x80,
    0x73, 0x80, 0x14, 0x81, 0x40, 0xa, 0x0, 0x31,
    0x0, 0x68, 0x7, 0x68, 0x0, 0xc0, 0x18, 0x0,
    0x12, 0x4, 0x0, 0x9c, 0x3, 0x8c, 0x3, 0x8c,
    0x2, 0x40, 0xe, 0x20, 0xe, 0x50, 0xe, 0x50,
    0xb, 0xc0, 0x31, 0x80, 0x78, 0x44, 0x1, 0x10,
    0x80, 0x4a, 0x1, 0x94, 0x3, 0xe5, 0x0, 0x9c,
    0x3, 0x18, 0x6, 0xf0, 0xf, 0x8c, 0x2, 0xc0,
    0xe, 0x30, 0x9, 0x40, 0x20,

    /* U+0078 "x" */
    0x9, 0xff, 0xc8, 0x1, 0xfb, 0x7f, 0xf1, 0x4,
    0x90, 0x5, 0x42, 0x1, 0xe8, 0x20, 0xa, 0x48,
    0x1, 0xc0, 0x10, 0xd8, 0x7, 0x1b, 0x80, 0x48,
    0xc0, 0x11, 0xb0, 0x4, 0xaa, 0x0, 0xda, 0x1,
    0xd, 0x0, 0x74, 0x90, 0x5, 0x62, 0x0, 0x91,
    0x0, 0xac, 0x40, 0x3d, 0xc0, 0x10, 0xd0, 0x2b,
    0x0, 0x4a, 0xa0, 0xf, 0x8d, 0xc0, 0x24, 0x7b,
    0x0, 0x86, 0xc0, 0x3f, 0xa0, 0x80, 0x28, 0x10,
    0xa, 0x84, 0x3, 0xfd, 0xe0, 0x1f, 0x32, 0x0,
    0x7f, 0xc5, 0x0, 0x1c, 0x32, 0x1, 0xff, 0xc1,
    0x60, 0xe, 0x60, 0xf, 0xfe, 0x15, 0x0, 0x73,
    0x90, 0x7, 0xff, 0x1, 0x90, 0x3, 0xde, 0x1,
    0xff, 0xc, 0x80, 0x42, 0x1, 0x14, 0x0, 0x7f,
    0xa8, 0x3, 0x62, 0x0, 0x4e, 0x60, 0x1f, 0x99,
    0x0, 0x28, 0x2a, 0x10, 0xb, 0x80, 0x3e, 0x29,
    0x0, 0x8d, 0xc0, 0x6c, 0x2, 0x29, 0x0, 0xf7,
    0x0, 0x6e, 0x0, 0x95, 0x40, 0x13, 0x20, 0x6,
    0x73, 0x0, 0xa4, 0x80, 0x35, 0x88, 0x5, 0x40,
    0x11, 0xc0, 0x4, 0x6c, 0x1, 0xc3, 0x40, 0x10,
    0xc8, 0x3, 0x80, 0x37, 0x0, 0x7c, 0x8c, 0x1,
    0x32, 0x0,

    /* U+0079 "y" */
    0xbf, 0xfc, 0x40, 0x1f, 0xed, 0xff, 0xc3, 0xe0,
    0x1a, 0x80, 0x3f, 0x90, 0x80, 0x26, 0x14, 0x20,
    0x9, 0x80, 0x3f, 0xb8, 0x3, 0x58, 0x2, 0xc0,
    0x21, 0x50, 0xf, 0xca, 0x1, 0x19, 0x0, 0x18,
    0x40, 0x29, 0x0, 0xf9, 0x80, 0x34, 0x80, 0x66,
    0x0, 0x8c, 0x80, 0x3d, 0x40, 0x10, 0xa8, 0x6,
    0x90, 0xd, 0x40, 0x1c, 0x46, 0x1, 0x48, 0x7,
    0xa, 0x80, 0x4c, 0x1, 0xd4, 0x1, 0x98, 0x3,
    0xd2, 0x1, 0xa, 0x80, 0x66, 0x0, 0x98, 0x40,
    0x3c, 0x66, 0x0, 0xb8, 0x2, 0x41, 0x0, 0xac,
    0x3, 0xf4, 0x80, 0x48, 0x40, 0xf, 0x0, 0x8c,
    0x80, 0x3f, 0x28, 0x80, 0x54, 0x2, 0x80, 0x14,
    0x80, 0x7f, 0xa4, 0x2, 0x60, 0x60, 0x8, 0x54,
    0x3, 0xfc, 0xc0, 0x10, 0x9d, 0x0, 0x52, 0x1,
    0xff, 0xb, 0x0, 0x50, 0x40, 0x13, 0x0, 0x7f,
    0xf0, 0x2c, 0x2, 0x40, 0x9, 0x84, 0x3, 0xff,
    0x80, 0x48, 0x1, 0xeb, 0x0, 0xff, 0xe1, 0x70,
    0x7, 0x19, 0x0, 0x7f, 0xf0, 0x94, 0x80, 0x34,
    0x80, 0x7f, 0xf1, 0x28, 0x2, 0x15, 0x0, 0xff,
    0xe2, 0x60, 0x5, 0x20, 0x1f, 0xfc, 0x44, 0x40,
    0x4, 0xc0, 0x1f, 0xfc, 0x48, 0x0, 0x98, 0x40,
    0x3f, 0xf8, 0x6c, 0x60, 0x15, 0x80, 0x7f, 0xf0,
    0xd6, 0x40, 0x24, 0x20, 0xf, 0xfe, 0x2, 0xf7,
    0x28, 0x3, 0x48, 0x7, 0xff, 0x7, 0x4, 0x40,
    0x1a, 0x8, 0x3, 0xff, 0x82, 0xa0, 0x1d, 0xe,
    0x1, 0xff, 0xc2, 0x61, 0x1, 0x5c, 0x70, 0xf,
    0xfe, 0x8,

    /* U+007A "z" */
    0x4f, 0xff, 0xfe, 0x28, 0x80, 0x7f, 0xf6, 0x99,
    0x13, 0xfe, 0x0, 0xe5, 0x12, 0xbb, 0xff, 0x10,
    0x6, 0x3a, 0x0, 0xff, 0x95, 0x80, 0x21, 0xd0,
    0xf, 0xf8, 0xe8, 0x3, 0x68, 0x80, 0x7f, 0x87,
    0x40, 0x34, 0x98, 0x7, 0xfd, 0xa2, 0x1, 0x33,
    0x0, 0x3f, 0xe9, 0x30, 0x8, 0xe4, 0x3, 0xfe,
    0x66, 0x0, 0x43, 0xa0, 0x1f, 0xf1, 0xc8, 0x6,
    0xd1, 0x0, 0xff, 0xe, 0x80, 0x6a, 0x30, 0xf,
    0xfb, 0x44, 0x2, 0x75, 0x0, 0xff, 0xa8, 0xc0,
    0x24, 0x80, 0xf, 0xf9, 0xd4, 0x2, 0x2a, 0x0,
    0xff, 0x92, 0x0, 0x37, 0x88, 0x7, 0xf8, 0xa8,
    0x3, 0x14, 0x55, 0x7f, 0x9d, 0x44, 0x3, 0x12,
    0xaf, 0xfd, 0xa0, 0x1f, 0xfd, 0xa0,

    /* U+007B "{" */
    0x0, 0xfe, 0x3a, 0xed, 0x0, 0xfe, 0x8c, 0x51,
    0x20, 0xf, 0xce, 0xe0, 0x9, 0x8, 0x3, 0xc3,
    0x0, 0x1, 0xdb, 0x20, 0xf, 0x48, 0x5, 0x4,
    0x1, 0xf9, 0x40, 0x27, 0x0, 0xfc, 0x24, 0x1,
    0x8, 0x7, 0xe2, 0x0, 0x84, 0x3, 0xf9, 0xc0,
    0x3f, 0xfd, 0x62, 0x1, 0x18, 0x7, 0xf1, 0x0,
    0x4c, 0x1, 0xfd, 0x60, 0x16, 0x80, 0x7e, 0x83,
    0x0, 0xb, 0x0, 0x73, 0x46, 0xb8, 0x5, 0xa0,
    0x1c, 0x52, 0xe4, 0x0, 0x2c, 0x30, 0xf, 0xf0,
    0xf1, 0x80, 0x7f, 0xc3, 0x90, 0x1, 0xe2, 0xfd,
    0x70, 0x9, 0xdc, 0x1, 0xf1, 0x46, 0x0, 0x50,
    0x20, 0x1f, 0x8d, 0x40, 0x29, 0x0, 0xfe, 0xc0,
    0x8, 0xc0, 0x3f, 0x8c, 0x2, 0x60, 0xf, 0xe1,
    0x0, 0x8c, 0x3, 0xff, 0xce, 0xe0, 0x10, 0x80,
    0x7f, 0x18, 0x7, 0xff, 0x8, 0xc0, 0x24, 0x0,
    0xfe, 0xb0, 0xb, 0x80, 0x3f, 0x9c, 0x40, 0xa,
    0xa0, 0xf, 0xea, 0x0, 0xab, 0x8, 0x3, 0xe4,
    0xa0, 0x8, 0xc8, 0x3, 0xf2, 0xeb, 0x9, 0x0,

    /* U+007C "|" */
    0xf, 0xf8, 0x3, 0xff, 0xfe, 0x1, 0xff, 0xf5,

    /* U+007D "}" */
    0x49, 0x61, 0x0, 0xfe, 0xd6, 0x9e, 0x50, 0xf,
    0xca, 0x1, 0x53, 0x0, 0x7d, 0x96, 0x20, 0x9,
    0x20, 0xf, 0x92, 0x80, 0x28, 0x0, 0xfc, 0x84,
    0x0, 0x51, 0x0, 0xfc, 0xe0, 0x12, 0x0, 0x7e,
    0x30, 0xb, 0x40, 0x3f, 0x8, 0x4, 0x20, 0x1f,
    0xfc, 0x3, 0x0, 0xff, 0xeb, 0x78, 0x7, 0xff,
    0x10, 0x40, 0x3f, 0x18, 0x4, 0xc0, 0x1f, 0x90,
    0x2, 0x23, 0x0, 0xfc, 0xe0, 0x17, 0x8, 0x7,
    0xd0, 0x60, 0x2, 0xea, 0x73, 0x0, 0xec, 0x50,
    0x9, 0x62, 0xc0, 0x3d, 0x66, 0x1, 0xfe, 0x3f,
    0x30, 0xf, 0xe2, 0xc1, 0x0, 0x2d, 0xf4, 0x0,
    0x69, 0x0, 0x9a, 0x90, 0x40, 0x31, 0x20, 0x5,
    0x0, 0x1f, 0x20, 0x4, 0x62, 0x1, 0xf0, 0x80,
    0x4c, 0x1, 0xfb, 0xc0, 0x3f, 0xfc, 0xe2, 0x1,
    0x18, 0x7, 0xe2, 0x0, 0xbc, 0x3, 0xf2, 0x80,
    0x48, 0x1, 0xf2, 0x88, 0x0, 0xc8, 0x3, 0xc5,
    0x60, 0x14, 0x0, 0x7a, 0x74, 0x40, 0xa, 0x80,
    0x1e, 0x30, 0x9, 0x68, 0x3, 0xed, 0x14, 0xaa,
    0x0, 0x7e,

    /* U+007E "~" */
    0x0, 0x8e, 0xfb, 0xfa, 0x8c, 0x3, 0xff, 0x84,
    0xd8, 0x82, 0x2, 0xb9, 0x42, 0x1, 0xea, 0xfd,
    0x50, 0x39, 0x0, 0xf9, 0x7c, 0xc0, 0x39, 0x0,
    0x8c, 0x20, 0x3, 0x10, 0x6, 0x1c, 0x81, 0x0,
    0x58, 0x80, 0x14, 0x50, 0x0, 0x9d, 0xbf, 0x22,
    0x1, 0x3f, 0x6f, 0xa0, 0x0, 0x8d, 0x40, 0x2b,
    0x10, 0x3, 0x79, 0x80, 0x62, 0x0, 0xd0, 0xe,
    0xa6, 0xa0, 0x1c, 0x38, 0xc0, 0x1f, 0x3a, 0x81,
    0xd6, 0x50, 0x7, 0xd3, 0x8c, 0x40, 0x4, 0xb8,
    0x0, 0x0,

    /* U+00A0 " " */

    /* U+00A1 "¡" */
    0x1b, 0xfe, 0x50, 0xb4, 0x1, 0xa2, 0x40, 0xc,
    0xe4, 0x1, 0x9b, 0xc4, 0x0, 0xe6, 0x6e, 0xde,
    0x80, 0x8, 0x84, 0x3, 0xff, 0x90, 0xdf, 0xf6,
    0x0, 0x7f, 0xf0, 0x44, 0x3, 0xff, 0x86, 0x20,
    0x1f, 0xfc, 0x7f, 0x0, 0xff, 0xe1, 0x98, 0x7,
    0xff, 0x1c, 0x40, 0x3f, 0xf8, 0xb7, 0x55, 0x80,

    /* U+00A2 "¢" */
    0x0, 0xfd, 0xbb, 0x38, 0x7, 0xff, 0xc, 0x8a,
    0xe0, 0xf, 0xff, 0x38, 0xb0, 0x4, 0xaa, 0x10,
    0xf, 0xe1, 0xae, 0x90, 0x8, 0xeb, 0xa4, 0x3,
    0xe3, 0xf5, 0x0, 0xfc, 0xda, 0x40, 0x18, 0xb4,
    0x40, 0x3f, 0xc5, 0xe0, 0x1b, 0x84, 0x2, 0x5c,
    0xff, 0x59, 0x80, 0x44, 0xe0, 0x4, 0x30, 0x9,
    0xa8, 0xc0, 0x9, 0x86, 0x1, 0x48, 0x3, 0x80,
    0x21, 0x90, 0xf, 0x70, 0x4, 0x24, 0xa, 0x1,
    0x30, 0x7, 0xc4, 0x20, 0x13, 0x10, 0x6, 0xd0,
    0xf, 0xdf, 0xdd, 0x23, 0x0, 0x67, 0x0, 0xfc,
    0x23, 0x80, 0x40, 0x31, 0x80, 0x7f, 0xf5, 0x4,
    0x3, 0x18, 0x7, 0xff, 0x5, 0x80, 0x33, 0x0,
    0x7f, 0xf0, 0x48, 0x3, 0x60, 0x7, 0xe6, 0x88,
    0x88, 0x10, 0x2, 0x60, 0xf, 0xd2, 0xef, 0x8,
    0x78, 0x4, 0x30, 0x1, 0xe9, 0x0, 0xc6, 0x8,
    0x60, 0x13, 0xc9, 0x0, 0xe, 0xd8, 0x2, 0x70,
    0xb, 0x80, 0x33, 0x6f, 0xfb, 0x10, 0x2, 0x28,
    0x0, 0x8b, 0x4, 0x3, 0xfc, 0x58, 0x1, 0xc7,
    0xea, 0x1, 0xf9, 0xf4, 0x40, 0x3c, 0x35, 0xd2,
    0x1, 0x1d, 0x7c, 0x0, 0x7f, 0x85, 0x80, 0x25,
    0x50, 0x7, 0xff, 0xcc,

    /* U+00A3 "£" */
    0x0, 0xf9, 0x2b, 0x7f, 0xdd, 0x8e, 0x20, 0x1f,
    0xc5, 0x96, 0xa4, 0x0, 0x13, 0x8e, 0x60, 0xf,
    0x8b, 0xc, 0x3, 0xfa, 0x5c, 0x3, 0xdc, 0x20,
    0x18, 0xcc, 0x20, 0x1a, 0x8, 0x3, 0x29, 0x80,
    0x47, 0xd9, 0x8e, 0x80, 0xd, 0x0, 0x1b, 0x80,
    0x36, 0x88, 0x4, 0xec, 0x1, 0x28, 0x6, 0x40,
    0x9, 0x84, 0x3, 0xb4, 0x3, 0x10, 0x0, 0x40,
    0x37, 0x80, 0x79, 0x57, 0x80, 0x3f, 0x18, 0x7,
    0x86, 0xab, 0x10, 0x7, 0xc6, 0x1, 0xff, 0xc2,
    0x10, 0xf, 0xfe, 0x60, 0x80, 0x7f, 0xf1, 0xfc,
    0x3, 0xff, 0x81, 0xdf, 0xe0, 0xc, 0xff, 0xfc,
    0xa0, 0x1f, 0xfe, 0x27, 0x55, 0x0, 0x61, 0x55,
    0xe6, 0x0, 0xf4, 0xd5, 0x8, 0x2, 0x4a, 0xae,
    0x30, 0xf, 0xe1, 0x0, 0x84, 0x3, 0xff, 0xae,
    0xe0, 0x13, 0x80, 0x7f, 0xf0, 0xdc, 0x2, 0x60,
    0xf, 0xfe, 0x19, 0x80, 0x5a, 0x1, 0xff, 0xc2,
    0x60, 0xc, 0xc0, 0x1f, 0xfc, 0x9, 0xb9, 0x0,
    0x86, 0xae, 0xff, 0xe6, 0x44, 0x0, 0x61, 0x44,
    0xff, 0xe0, 0x78, 0x7, 0xff, 0x70,

    /* U+00A4 "¤" */
    0x0, 0x90, 0x3, 0xff, 0x82, 0x64, 0x1, 0xb2,
    0xd0, 0x0, 0xf7, 0xdf, 0xec, 0x71, 0x2, 0xdf,
    0x10, 0x5, 0x98, 0x5c, 0x74, 0x20, 0x80, 0xe,
    0x39, 0xf0, 0x4b, 0x4, 0x4c, 0x1, 0x38, 0x80,
    0x7e, 0x81, 0x0, 0x19, 0x87, 0x8, 0x3, 0x89,
    0xa1, 0xc8, 0x3, 0xda, 0x40, 0x32, 0x1, 0xa7,
    0x65, 0xe3, 0x68, 0x3, 0x49, 0x80, 0x5e, 0x1,
    0x5b, 0x0, 0x72, 0xe0, 0x5, 0x40, 0x10, 0xa0,
    0x1, 0x90, 0x3, 0xe3, 0x80, 0x1, 0x90, 0x1,
    0xc0, 0x28, 0x0, 0xfe, 0x60, 0x9, 0x40, 0x1c,
    0x0, 0x21, 0x0, 0xfe, 0x13, 0x0, 0x70, 0x0,
    0x80, 0xc, 0x1, 0xff, 0x30, 0x0, 0x80, 0x3f,
    0xf9, 0x64, 0x0, 0x60, 0xf, 0xf9, 0x80, 0x4,
    0x0, 0xd0, 0x1, 0x10, 0x3, 0xf8, 0x4c, 0x1,
    0xe0, 0x4, 0x0, 0xac, 0x3, 0xfa, 0x40, 0x24,
    0x0, 0xa, 0x0, 0x19, 0x0, 0x3e, 0x37, 0x0,
    0x19, 0x0, 0x46, 0x1, 0x5b, 0x0, 0x72, 0xe0,
    0x4, 0xc0, 0x13, 0x38, 0x6, 0x9d, 0x87, 0x8d,
    0xa0, 0xc, 0xb2, 0x3, 0x20, 0x1e, 0x27, 0x87,
    0x20, 0xf, 0x31, 0x8d, 0x0, 0x12, 0x44, 0x3,
    0xf4, 0xb0, 0x2, 0xc, 0x16, 0x8e, 0xdb, 0xe0,
    0xc4, 0x0, 0x71, 0xcd, 0x2a, 0xee, 0x0, 0x97,
    0x0, 0x2, 0xf9, 0xdf, 0xec, 0x71, 0x0, 0x54,
    0x0, 0x0,

    /* U+00A5 "¥" */
    0x4f, 0xfd, 0x60, 0x1f, 0xf5, 0xff, 0xe3, 0x44,
    0x0, 0x48, 0x60, 0x1f, 0xc6, 0x80, 0x12, 0x18,
    0x40, 0x6, 0x90, 0xf, 0xe9, 0x0, 0xd2, 0x0,
    0x35, 0x0, 0x94, 0x80, 0x3e, 0x25, 0x0, 0x94,
    0x80, 0x28, 0x0, 0xd6, 0x1, 0xf4, 0x0, 0x68,
    0x0, 0xc4, 0xc0, 0x13, 0x8, 0x7, 0x12, 0x80,
    0x4c, 0x40, 0x1d, 0x0, 0x1a, 0x0, 0x3a, 0xc0,
    0x34, 0x0, 0x78, 0x5c, 0x2, 0x61, 0x0, 0x85,
    0x80, 0x27, 0x10, 0xf, 0xa4, 0x3, 0x48, 0x5,
    0x20, 0x10, 0xc0, 0x7, 0xe1, 0x80, 0x9, 0xc4,
    0x5, 0xc0, 0x29, 0x0, 0xff, 0x38, 0x80, 0x4c,
    0x12, 0x1, 0xb, 0x80, 0x7f, 0xd0, 0x1, 0x48,
    0xb8, 0x5, 0x0, 0x1f, 0xfc, 0x6, 0x20, 0x0,
    0xe0, 0x4, 0x4c, 0x1, 0xff, 0xc1, 0x80, 0x8,
    0x80, 0x28, 0x0, 0xfe, 0x7f, 0xfd, 0x40, 0x1f,
    0x57, 0xfe, 0x40, 0xf, 0xfe, 0x79, 0x19, 0xf8,
    0x3, 0x9, 0x9f, 0x9c, 0x3, 0x2e, 0x67, 0x88,
    0x2, 0x4c, 0xcf, 0x18, 0x7, 0xff, 0x3d, 0x73,
    0x3c, 0x40, 0x12, 0x66, 0x78, 0xc0, 0x31, 0x19,
    0xf8, 0x3, 0x9, 0x9f, 0x9c, 0x3, 0xff, 0x9e,
    0xff, 0xfe, 0x20, 0x9, 0x7f, 0xfc, 0x80, 0x1f,
    0xff, 0xf0, 0xf, 0xfe, 0xf0,

    /* U+00A6 "¦" */
    0xcf, 0xf9, 0x80, 0x3f, 0xfe, 0xb3, 0x11, 0x22,
    0xbb, 0xc4, 0x1, 0xc2, 0x38, 0x37, 0xba, 0x60,
    0xf, 0xff, 0xd0,

    /* U+00A7 "§" */
    0x0, 0xf2, 0xd6, 0xff, 0xdd, 0x6e, 0x40, 0x1f,
    0xcf, 0xf4, 0xa4, 0x1, 0xa, 0x46, 0xd0, 0x80,
    0x7a, 0xe0, 0x3, 0xfe, 0x5c, 0x10, 0xd, 0x28,
    0x1, 0xc6, 0x88, 0x10, 0xc, 0x5a, 0x1, 0x13,
    0x0, 0x69, 0xfc, 0xbb, 0x74, 0x80, 0x63, 0x50,
    0x2, 0x80, 0x6c, 0x60, 0xe, 0x6c, 0x0, 0xdc,
    0x0, 0xe0, 0x8, 0x8c, 0x3, 0xe3, 0x50, 0x9,
    0x0, 0x6, 0x1, 0x8, 0x7, 0xf6, 0x0, 0x61,
    0x2, 0x0, 0x8c, 0x40, 0x3f, 0x36, 0xee, 0x10,
    0xd0, 0xd, 0x84, 0x1, 0xf8, 0x8b, 0x0, 0x14,
    0x40, 0x22, 0xda, 0x40, 0xf, 0xfe, 0xd, 0x0,
    0x72, 0xdf, 0xdb, 0x8, 0x7, 0xf2, 0x40, 0x7,
    0xc9, 0x3d, 0x8a, 0x1, 0xf3, 0xc0, 0x7, 0xf8,
    0xeb, 0x50, 0x3, 0x2c, 0x0, 0x4b, 0x26, 0x1,
    0xf1, 0x5b, 0x80, 0x56, 0x1, 0x2d, 0x36, 0x75,
    0x20, 0x7, 0xa1, 0x40, 0xc4, 0x2, 0x90, 0x8,
    0x56, 0xfa, 0x4, 0x3, 0x58, 0x38, 0x6, 0x10,
    0xf, 0xb, 0xf9, 0x80, 0x42, 0x80, 0x1c, 0xc0,
    0x1f, 0x87, 0x80, 0x31, 0x28, 0x6, 0x81, 0x0,
    0xfc, 0x42, 0x1, 0x8, 0x88, 0x2, 0x3f, 0x50,
    0xf, 0xc2, 0x1, 0x10, 0x48, 0x6, 0x1a, 0xe9,
    0x40, 0xc, 0xe0, 0x19, 0x1, 0x20, 0x3, 0x85,
    0xaf, 0xe9, 0x62, 0x0, 0x13, 0x8, 0x1, 0xec,
    0x40, 0x3e, 0x5a, 0x70, 0x9, 0x24, 0x3, 0x27,
    0x49, 0x0, 0x7f, 0x96, 0xc0, 0x3e, 0x6d, 0xd4,
    0x18, 0x7, 0xca, 0xa0, 0xf, 0xe2, 0x7c, 0xe8,
    0x30, 0xe, 0xb1, 0x0, 0xff, 0x85, 0xf2, 0xc4,
    0x2, 0x16, 0x0, 0x8, 0xe0, 0xf, 0xc9, 0xe2,
    0x1, 0x60, 0x37, 0x76, 0x10, 0xf, 0xc2, 0x80,
    0x13, 0x81, 0x0, 0x65, 0x0, 0xff, 0xe1, 0xa8,
    0x6, 0x90, 0xf, 0xc4, 0xa0, 0x13, 0x0, 0xa8,
    0x4, 0x58, 0x80, 0x1c, 0x98, 0x1, 0xbc, 0x1,
    0x0, 0x18, 0xef, 0xb2, 0xf3, 0xac, 0x40, 0x23,
    0x50, 0x1, 0x58, 0x7, 0x9, 0xa1, 0x88, 0x6,
    0x2e, 0x0, 0xc9, 0xa8, 0x1, 0xff, 0x2e, 0x10,
    0x7, 0x15, 0xec, 0x21, 0x0, 0x42, 0x91, 0xb4,
    0x20, 0x10,

    /* U+00A8 "¨" */
    0x4, 0x73, 0x0, 0xe1, 0x66, 0x0, 0x22, 0xe3,
    0x14, 0x2, 0x1f, 0x99, 0x68, 0x30, 0x5, 0xe0,
    0x12, 0x8, 0x0, 0x8c, 0x80, 0x23, 0x0, 0x84,
    0x3, 0x17, 0x90, 0x24, 0x0, 0x48, 0xe0, 0x32,
    0x20,

    /* U+00A9 "©" */
    0x0, 0xf0, 0xbe, 0x77, 0xfb, 0x20, 0x80, 0x3f,
    0xe8, 0xe8, 0x33, 0x88, 0xdf, 0x64, 0x3, 0xf0,
    0xe3, 0x94, 0xfe, 0xe6, 0xfd, 0x13, 0x69, 0x0,
    0x7b, 0x4d, 0xb5, 0x80, 0x39, 0x75, 0xcb, 0xc4,
    0x3, 0x49, 0xbc, 0x81, 0x57, 0x7f, 0x51, 0x4,
    0x40, 0xac, 0x2, 0x26, 0x38, 0x2, 0xc5, 0x10,
    0x15, 0xc2, 0x7, 0x45, 0x30, 0x5, 0x87, 0x80,
    0x38, 0x53, 0xbf, 0x8c, 0x60, 0x1, 0x21, 0x20,
    0x7, 0x33, 0x1, 0x18, 0x50, 0x80, 0xf8, 0x20,
    0x0, 0x91, 0x40, 0x85, 0x0, 0x8, 0x8, 0x20,
    0x11, 0x3b, 0x0, 0x58, 0x6, 0xc1, 0xc0, 0x1,
    0x2, 0x0, 0xc3, 0x10, 0x0, 0x8c, 0x18, 0x40,
    0xc0, 0x3f, 0xf8, 0x6e, 0x6, 0x20, 0x60, 0x1f,
    0xfc, 0x37, 0x3, 0x60, 0xe0, 0x0, 0x81, 0x0,
    0x61, 0xa9, 0x0, 0x8c, 0x18, 0x85, 0x0, 0x8,
    0x8, 0x20, 0x12, 0xa9, 0xc0, 0x2c, 0x3, 0x7,
    0x33, 0x1, 0x20, 0x69, 0x1, 0x48, 0x38, 0x0,
    0x91, 0x40, 0x16, 0x1e, 0x0, 0xa1, 0x3d, 0xfd,
    0x21, 0x80, 0x4, 0x84, 0x80, 0x9, 0x8e, 0x0,
    0x7d, 0xc8, 0x4d, 0xfc, 0x41, 0xd1, 0x4c, 0x2,
    0x93, 0x78, 0x1, 0x8d, 0xec, 0x81, 0x7, 0x82,
    0xb0, 0xe, 0xd3, 0x7c, 0x50, 0xe, 0x4c, 0x82,
    0xf1, 0x0, 0xe1, 0xc6, 0x3a, 0xfc, 0xbc, 0xfb,
    0x36, 0xc2, 0x0, 0xfd, 0x3a, 0xe6, 0x48, 0x66,
    0x7d, 0x91, 0x0, 0xc0,

    /* U+00AA "ª" */
    0x0, 0x92, 0xfb, 0xfd, 0x8a, 0x1, 0xd5, 0x68,
    0x20, 0x3, 0xaa, 0x0, 0x50, 0xa0, 0x2, 0x42,
    0x0, 0x2b, 0x0, 0x1c, 0x0, 0xfb, 0x7a, 0x80,
    0xa, 0x1, 0x31, 0x8, 0x0, 0xbc, 0x0, 0x60,
    0x39, 0xde, 0x1, 0x98, 0x3, 0xf8, 0x48, 0x8c,
    0x1, 0xe7, 0xdf, 0xed, 0xd5, 0x80, 0x61, 0xd8,
    0x20, 0xf, 0xe9, 0x20, 0x1a, 0xef, 0xf6, 0x80,
    0x64, 0x0, 0x42, 0x88, 0x7, 0xf8, 0x40, 0x22,
    0xe0, 0xc, 0xa0, 0x8, 0xb9, 0xcd, 0x30, 0x8,
    0x60, 0x40, 0x8, 0xc6, 0x10, 0x1, 0x10, 0xfb,
    0x8, 0x1, 0x2d, 0xd8, 0xcc, 0xe0,

    /* U+00AB "«" */
    0x0, 0xf1, 0x9c, 0x1, 0x9, 0x98, 0x80, 0x3a,
    0x33, 0x14, 0x1, 0x6e, 0x61, 0x80, 0x31, 0xb8,
    0xc, 0x0, 0x20, 0xc1, 0x10, 0x1, 0xe, 0x80,
    0x20, 0x41, 0x1c, 0x1, 0x20, 0x1a, 0xc4, 0xd,
    0x80, 0x68, 0x1, 0x4, 0x1, 0x32, 0x80, 0x3c,
    0x1, 0x42, 0x4, 0xe0, 0x11, 0x48, 0x1, 0x8c,
    0x19, 0x0, 0x12, 0x1, 0xb8, 0x0, 0x30, 0x5,
    0x20, 0x5, 0x40, 0x8, 0xcc, 0x0, 0x71, 0xa,
    0x0, 0xb8, 0x3, 0x1a, 0x80, 0x18, 0x82, 0x44,
    0x1, 0x0, 0x1d, 0x62, 0x0, 0x90, 0x1a, 0x0,
    0x1b, 0x0, 0x61, 0xd0, 0x2, 0x28, 0x23, 0x80,
    0x20, 0x40, 0x31, 0xb8, 0x2, 0xc0, 0x10, 0x60,
    0x30, 0x1, 0xd0, 0x60, 0x30, 0x0, 0xe0, 0x3,
    0x18, 0x7, 0x70, 0x1, 0xc8, 0xa, 0x40, 0x1e,
    0x1, 0xc5, 0x40, 0x9, 0x0, 0x32, 0x81, 0xb0,

    /* U+00AC "¬" */
    0x13, 0x3f, 0xfe, 0x11, 0x4e, 0x67, 0xff, 0xc,
    0x3, 0xff, 0xa9, 0x1f, 0xff, 0xf2, 0x80, 0x7f,
    0xfd, 0xc0,

    /* U+00AD "­" */
    0x3b, 0xbf, 0xfe, 0x13, 0xb9, 0x13, 0xff, 0x85,
    0xa0, 0x1f, 0xfd, 0x40,

    /* U+00AE "®" */
    0x0, 0xf9, 0x22, 0xf2, 0xe1, 0x0, 0x3f, 0xf8,
    0x9, 0xb6, 0xe8, 0x68, 0xf7, 0xa8, 0x1, 0xfd,
    0x36, 0x4d, 0x7d, 0xfd, 0x6a, 0x57, 0x20, 0x1f,
    0x4b, 0x1e, 0xca, 0x8, 0xa, 0x56, 0x9b, 0x48,
    0x7, 0x2b, 0x26, 0x10, 0x7, 0xc5, 0x86, 0xcc,
    0x0, 0xd6, 0x34, 0x13, 0xff, 0xba, 0x8c, 0x1,
    0xa3, 0x0, 0x13, 0x8c, 0x8, 0x4, 0x23, 0x97,
    0xc, 0x6, 0x5, 0xc0, 0x14, 0x2c, 0x1, 0xa7,
    0xb9, 0xec, 0x10, 0x0, 0x61, 0xa0, 0x12, 0x70,
    0xf, 0xed, 0x6, 0x0, 0x9c, 0x85, 0x43, 0xc0,
    0x3f, 0xf, 0x2, 0x0, 0x5e, 0xa, 0x20, 0x40,
    0x1d, 0x1d, 0xd2, 0xa4, 0x0, 0x44, 0x2, 0x1,
    0xfc, 0x22, 0x7, 0xb1, 0x0, 0xf0, 0x81, 0x0,
    0x74, 0x7f, 0x2, 0x80, 0x71, 0x0, 0xa8, 0x70,
    0x7, 0xc2, 0xc4, 0xa0, 0x1b, 0xc1, 0x84, 0x4a,
    0x1, 0xfa, 0xc2, 0x0, 0x32, 0x9, 0x3, 0x12,
    0x0, 0x7c, 0x48, 0x48, 0x0, 0x42, 0x60, 0x4,
    0x84, 0x80, 0x7e, 0xf0, 0x80, 0x4, 0x84, 0x80,
    0x5, 0xca, 0x42, 0x7d, 0xc0, 0x24, 0xfc, 0xa,
    0x27, 0x10, 0xa, 0xd, 0xa8, 0x3, 0xfa, 0x94,
    0xe0, 0x3, 0xb0, 0xd7, 0x58, 0x3, 0x9b, 0x54,
    0xf0, 0x3, 0xec, 0x72, 0x9f, 0xdc, 0xdf, 0x92,
    0x7c, 0x0, 0xfe, 0x8e, 0x83, 0x23, 0x23, 0x8e,
    0x80, 0xe,

    /* U+00AF "¯" */
    0xf, 0xff, 0xfe, 0xa, 0x88, 0x7, 0xff, 0x4,
    0xc0, 0x3f, 0xf8, 0x60,

    /* U+00B0 "°" */
    0x0, 0x9f, 0x7f, 0xa0, 0x3, 0xe, 0x41, 0x0,
    0xbe, 0x88, 0x2, 0xcc, 0x5, 0x48, 0xa, 0xc0,
    0x54, 0xf, 0xab, 0x50, 0x14, 0x54, 0x1, 0x0,
    0x14, 0x0, 0x10, 0x40, 0x3f, 0xc8, 0x0, 0xf0,
    0xa, 0x40, 0xe, 0x2a, 0x9, 0xd5, 0xaa, 0x8,
    0x41, 0x64, 0x2, 0xa4, 0x5, 0x40, 0x1, 0xd7,
    0x20, 0x17, 0xc1, 0x0,

    /* U+00B1 "±" */
    0x0, 0xf8, 0xd5, 0x62, 0x0, 0xff, 0xe0, 0xdd,
    0x54, 0x80, 0x1f, 0xff, 0xf0, 0xf, 0xfe, 0xd9,
    0xff, 0xf9, 0xc0, 0x29, 0xff, 0xec, 0x0, 0xff,
    0xec, 0x9, 0x9f, 0x84, 0x2, 0x23, 0x3e, 0x52,
    0xcc, 0xf3, 0x0, 0x57, 0x99, 0xd2, 0x1, 0xff,
    0xff, 0x0, 0xff, 0xee, 0x47, 0xfc, 0xc0, 0x1f,
    0xfc, 0xd7, 0xbb, 0xff, 0xe1, 0x88, 0x6a, 0x27,
    0xff, 0xc, 0xc0, 0x3f, 0xfb, 0x0,

    /* U+00B2 "²" */
    0x0, 0x9b, 0x3f, 0xdd, 0x6a, 0x1, 0xd9, 0x26,
    0x0, 0x14, 0xaa, 0x0, 0x54, 0x60, 0x1, 0x30,
    0x9, 0x54, 0x2, 0xa0, 0x6, 0xec, 0xe2, 0x0,
    0x70, 0x28, 0x5, 0x60, 0x1, 0x40, 0x3, 0x2,
    0x7f, 0xc4, 0x1, 0x20, 0x1, 0x80, 0x3f, 0x41,
    0x0, 0x38, 0x3, 0xe6, 0x70, 0x2, 0x28, 0x7,
    0x9e, 0x40, 0x7, 0x60, 0x1e, 0x88, 0x0, 0x13,
    0x0, 0x3d, 0x2e, 0x0, 0x6b, 0x0, 0xf5, 0x30,
    0x2, 0x64, 0x1, 0xeb, 0x50, 0x0, 0xed, 0xdf,
    0x18, 0x20, 0x4, 0x28, 0x9e, 0x60, 0xf, 0xfe,
    0x8,

    /* U+00B3 "³" */
    0x0, 0x9f, 0x3f, 0xdd, 0x8e, 0x1, 0x8b, 0x60,
    0xc0, 0x2, 0x71, 0xa2, 0x0, 0x92, 0x0, 0x11,
    0x88, 0x0, 0xac, 0x0, 0x80, 0x7, 0xdc, 0xe5,
    0x0, 0x28, 0x3, 0xfe, 0x80, 0xb, 0x0, 0x3f,
    0xe3, 0xb0, 0x3, 0x0, 0x72, 0xff, 0xb0, 0x81,
    0x64, 0x3, 0xfc, 0x3a, 0x1, 0xe7, 0xaa, 0x38,
    0xc, 0x50, 0x7, 0x12, 0xaa, 0x28, 0x0, 0xa2,
    0x51, 0x10, 0x80, 0x4e, 0x1, 0x28, 0xbb, 0xd2,
    0x1, 0x50, 0x4, 0xc6, 0x40, 0x7, 0xeb, 0xd7,
    0x0, 0x19, 0x7, 0x88, 0x0, 0x50, 0x80, 0x5,
    0xc0, 0x2, 0xe8, 0x30, 0x0, 0xa4, 0xe9, 0x0,

    /* U+00B4 "´" */
    0x0, 0xa7, 0xff, 0x20, 0x1, 0x18, 0x2, 0xb4,
    0x1, 0xa0, 0xa, 0xd0, 0x1, 0x62, 0x0, 0xb4,
    0x0, 0x2a, 0x80, 0x16, 0x80, 0x10,

    /* U+00B5 "µ" */
    0xaf, 0xfb, 0x0, 0x3e, 0x4f, 0xfc, 0x60, 0x1f,
    0xff, 0xf0, 0xf, 0xff, 0xf8, 0x7, 0xff, 0xe8,
    0x40, 0x3f, 0xf8, 0xa4, 0x1, 0xff, 0xc6, 0x50,
    0xf, 0x70, 0x7, 0xfa, 0xc8, 0x2, 0x19, 0x50,
    0xf, 0xf0, 0xee, 0xaf, 0x79, 0x80, 0x3f, 0xf8,
    0x24, 0x84, 0x1, 0xff, 0xc8, 0x70, 0xf, 0xe2,
    0x73, 0x0, 0xa, 0x5c, 0x8, 0x7, 0xe1, 0x8c,
    0xff, 0x75, 0xa0, 0x77, 0xfc, 0x60, 0x1f, 0xff,
    0xf0, 0xf, 0xff, 0x38,

    /* U+00B6 "¶" */
    0x0, 0xe1, 0x6b, 0xef, 0xff, 0x38, 0x6, 0x6e,
    0x94, 0x10, 0xf, 0xf4, 0xc8, 0x3, 0xff, 0x82,
    0xec, 0x1, 0xff, 0xc1, 0x18, 0x0, 0xff, 0xe1,
    0x30, 0x7, 0xff, 0xe, 0xc0, 0x3f, 0xf8, 0x66,
    0x1, 0xff, 0xe3, 0x10, 0xf, 0xfe, 0x1a, 0x80,
    0x7f, 0xf0, 0xf4, 0x3, 0xff, 0x86, 0xc2, 0x1,
    0xff, 0xc3, 0xb0, 0xf, 0xfe, 0x1a, 0xc0, 0x7,
    0xff, 0xd, 0xec, 0x80, 0x3f, 0xf8, 0x49, 0xb6,
    0xe8, 0x64, 0x20, 0x1f, 0xe4, 0x8b, 0xcd, 0xb0,
    0xf, 0xff, 0xf8, 0x7, 0xff, 0xf4,

    /* U+00B7 "·" */
    0x0, 0x8, 0x4, 0x39, 0xdf, 0x1, 0x6, 0x0,
    0x74, 0x20, 0xc, 0x46, 0x1, 0x96, 0x14, 0x6,
    0xc,

    /* U+00B8 "¸" */
    0x18, 0x88, 0x40, 0xa, 0xef, 0x20, 0x3, 0x0,
    0x2a, 0xd1, 0x9c, 0x60, 0x1, 0x48, 0x9c, 0x88,
    0x1, 0x0, 0x4, 0x20, 0x7, 0x3b, 0xd0, 0xb,
    0x59, 0x0, 0x26, 0x60, 0x81, 0x2d, 0xc8, 0x0,

    /* U+00B9 "¹" */
    0x0, 0xe1, 0x73, 0x0, 0x13, 0xe7, 0x43, 0x33,
    0x36, 0xc, 0x2, 0xa3, 0x0, 0xfc, 0x90, 0x1,
    0xbb, 0xed, 0xc0, 0x31, 0x0, 0x7f, 0xfe, 0xc0,

    /* U+00BA "º" */
    0x0, 0xcd, 0x9f, 0xee, 0xb4, 0x0, 0xe1, 0xd9,
    0x30, 0x0, 0xa5, 0xd0, 0x6, 0xc2, 0x0, 0x1a,
    0x8, 0x1, 0x64, 0x0, 0xc4, 0x0, 0xbc, 0xbe,
    0x80, 0x3, 0x18, 0x50, 0x1, 0xd0, 0x2, 0x73,
    0x0, 0x58, 0x18, 0x2, 0xc0, 0x3a, 0xc0, 0x6,
    0x1, 0x84, 0x3, 0x84, 0x0, 0xe0, 0x1f, 0xfd,
    0x41, 0x0, 0xe1, 0x0, 0x38, 0x18, 0x1, 0x0,
    0x3b, 0x0, 0x6, 0x14, 0x0, 0x84, 0x0, 0x9d,
    0x0, 0x16, 0xc, 0x40, 0xb, 0xca, 0xd8, 0x0,
    0x29, 0x80, 0x30, 0x80, 0x6, 0xa4, 0x0, 0x5a,
    0x0, 0x87, 0x64, 0xc0, 0x2, 0x97, 0x40, 0x0,

    /* U+00BB "»" */
    0x23, 0x30, 0x80, 0x46, 0x70, 0x7, 0x87, 0x32,
    0x0, 0x93, 0x31, 0x40, 0x1c, 0x6a, 0x5, 0x20,
    0x7, 0x20, 0x55, 0x0, 0x75, 0x80, 0x19, 0x40,
    0x12, 0x0, 0xa2, 0x0, 0xc3, 0x20, 0xb, 0x10,
    0x45, 0x0, 0x70, 0x7, 0x31, 0x0, 0xd0, 0x2,
    0xc0, 0x7, 0x0, 0x1d, 0xc0, 0x4, 0x70, 0x18,
    0x0, 0x3a, 0x0, 0x63, 0x60, 0x4, 0x18, 0x39,
    0x0, 0x28, 0x40, 0x35, 0x0, 0x54, 0x0, 0xa0,
    0x0, 0xb8, 0x6, 0x80, 0x0, 0xc0, 0xc, 0x80,
    0xd, 0x80, 0x25, 0x40, 0x5, 0x88, 0x40, 0x80,
    0x38, 0x3, 0x58, 0x1, 0x94, 0xd, 0x80, 0x14,
    0x40, 0x14, 0x8, 0x14, 0x80, 0x3c, 0x0, 0xaa,
    0x0, 0x89, 0xc0, 0x1c, 0x0, 0x63, 0x2, 0xa0,
    0xd, 0xc0, 0x8, 0x30, 0x18, 0x0, 0x70, 0x6,
    0x53, 0x4, 0x70, 0x4, 0x8, 0x41, 0x80, 0x60,

    /* U+00BC "¼" */
    0x0, 0x85, 0xb1, 0xc0, 0x3f, 0xf8, 0x42, 0xf9,
    0xd2, 0x60, 0x1f, 0xfc, 0x3f, 0x83, 0x0, 0xff,
    0xe4, 0x8, 0x80, 0x3f, 0xf8, 0xb7, 0xbc, 0xe0,
    0x1f, 0xc6, 0xe0, 0x1e, 0x52, 0x0, 0xff, 0xbe,
    0x38, 0x3, 0xff, 0x8a, 0x86, 0x8, 0x1, 0xff,
    0xc5, 0x90, 0x4, 0x0, 0x7f, 0xf1, 0x14, 0x81,
    0x88, 0x3, 0xff, 0x89, 0x0, 0x8, 0x0, 0xff,
    0xe2, 0x31, 0x3, 0x88, 0x7, 0xff, 0x12, 0x0,
    0x12, 0x1, 0xff, 0xc4, 0x71, 0x8, 0x10, 0xf,
    0xf6, 0xbb, 0x90, 0x6, 0x40, 0x5c, 0x3, 0xfe,
    0x48, 0x81, 0x84, 0x88, 0x40, 0x4, 0x51, 0x10,
    0x7, 0xf0, 0xb8, 0xb, 0x0, 0x5c, 0xef, 0x0,
    0x7f, 0x40, 0x2, 0x0, 0x28, 0x30, 0xf, 0xf8,
    0x98, 0x9, 0x80, 0x6, 0xe0, 0x1f, 0xfc, 0x8,
    0x0, 0x40, 0x0, 0x74, 0x8, 0x3, 0xfc, 0x4a,
    0x6, 0xa0, 0xb, 0x10, 0xf0, 0xf, 0xf4, 0x80,
    0x20, 0x0, 0xca, 0x14, 0x40, 0x1f, 0xc6, 0x80,
    0x88, 0x2, 0x90, 0x75, 0x0, 0xff, 0x9, 0x84,
    0x0, 0x38, 0x0, 0x33, 0x20, 0xa, 0x58, 0x3,
    0x16, 0x60, 0xc0, 0x4c, 0x0, 0xcd, 0x0, 0x4d,
    0x80, 0x1e, 0x30, 0x0, 0x80, 0x7f, 0xf2, 0x7f,
    0xfc, 0x1, 0x7d, 0x0, 0x7f, 0xf7, 0x80,

    /* U+00BD "½" */
    0x0, 0xc9, 0x3a, 0x1, 0xff, 0xc5, 0x49, 0xeb,
    0x63, 0x0, 0xff, 0xe2, 0x3d, 0xb0, 0x80, 0x7f,
    0xf2, 0x8c, 0x3, 0xff, 0x8e, 0x97, 0xfa, 0x1,
    0xfc, 0xcc, 0x0, 0xfc, 0x68, 0x1, 0xff, 0x44,
    0xe0, 0x7, 0xff, 0x1e, 0x4, 0x2c, 0x3, 0xff,
    0x8c, 0x2e, 0x2, 0xe0, 0x1f, 0xfc, 0x69, 0x0,
    0x40, 0x7, 0xff, 0x18, 0x5c, 0x9, 0x80, 0x3f,
    0xf8, 0xd0, 0x0, 0x80, 0xf, 0xfe, 0x31, 0x30,
    0x12, 0x80, 0x7f, 0xf1, 0xac, 0x1, 0x0, 0x1f,
    0xfc, 0x11, 0x77, 0x48, 0x13, 0x1, 0xa8, 0x7,
    0xff, 0xa, 0x20, 0xe1, 0x0, 0x8, 0x0, 0x13,
    0x43, 0xa8, 0x7, 0xfc, 0x6a, 0x6, 0x81, 0x3b,
    0x2f, 0x15, 0xca, 0x1, 0xfd, 0x0, 0xf, 0x9,
    0x60, 0xe, 0x1a, 0x20, 0xf, 0x8d, 0x1, 0xc,
    0x58, 0x1, 0x3f, 0xc6, 0x0, 0xa0, 0xf, 0xa0,
    0x1, 0x0, 0x80, 0x3, 0x60, 0x1a, 0x0, 0x10,
    0x7, 0x91, 0x0, 0x86, 0xb, 0xfe, 0xc0, 0xb,
    0x0, 0x4, 0x1, 0xe8, 0x0, 0x48, 0x7, 0xe5,
    0x50, 0x2, 0x80, 0x39, 0xc, 0x14, 0x80, 0x3e,
    0x5a, 0x0, 0x49, 0x0, 0x71, 0x80, 0x20, 0x3,
    0xe6, 0xa0, 0x4, 0x30, 0x7, 0x9f, 0x64, 0x80,
    0x3c, 0xf2, 0x0, 0xa7, 0x0, 0xfc, 0x4c, 0x1,
    0xe8, 0x80, 0xe, 0x28, 0x7, 0xff, 0x12, 0x9c,
    0x0, 0xf7, 0x11, 0x84, 0x3, 0xff, 0x80, 0xa0,
    0x13, 0x3b, 0xf1, 0x80, 0x7f, 0xf2, 0xc0,

    /* U+00BE "¾" */
    0x0, 0x14, 0xf7, 0xfb, 0x20, 0x40, 0x3f, 0xf8,
    0x47, 0xac, 0x20, 0x3, 0x7c, 0x10, 0xf, 0xfe,
    0xf, 0x0, 0x9, 0x98, 0x0, 0x28, 0x0, 0xff,
    0xe0, 0x8, 0x11, 0x36, 0x65, 0x40, 0x4, 0x0,
    0xff, 0xe0, 0xe, 0xec, 0x1, 0x30, 0x0, 0x40,
    0x39, 0xc4, 0x3, 0xf8, 0x88, 0x9c, 0x0, 0x90,
    0xc, 0x91, 0xca, 0x1, 0xfb, 0xb6, 0xc8, 0x29,
    0x40, 0x34, 0x80, 0x1c, 0x3, 0xff, 0x83, 0x22,
    0x1, 0x29, 0x3, 0x10, 0x7, 0xec, 0xfe, 0x70,
    0x3d, 0x0, 0xa0, 0x1, 0x0, 0x1e, 0x22, 0x8,
    0x0, 0x60, 0x0, 0x60, 0x6, 0x20, 0x71, 0x0,
    0xe4, 0xdd, 0x78, 0x4, 0x40, 0x1d, 0x0, 0x9,
    0x0, 0xf2, 0x0, 0x7, 0x62, 0x70, 0x0, 0x60,
    0xe2, 0x10, 0x20, 0x1f, 0x50, 0x0, 0x9d, 0x84,
    0x7, 0x86, 0x0, 0x5c, 0x3, 0xf2, 0xea, 0x88,
    0x0, 0xa3, 0xca, 0x40, 0x10, 0x1, 0xfe, 0x2a,
    0xef, 0xf6, 0xb8, 0x89, 0xc0, 0x98, 0x0, 0x91,
    0x6, 0x0, 0xff, 0xe0, 0x40, 0x2, 0x0, 0x3,
    0x4e, 0xea, 0x0, 0xff, 0x89, 0x80, 0x94, 0x1,
    0x42, 0x1, 0xff, 0xc2, 0x80, 0x4, 0x80, 0x1d,
    0x0, 0x3f, 0xf8, 0x46, 0xa0, 0x68, 0x7, 0x0,
    0x40, 0x1f, 0xfc, 0x18, 0x0, 0x78, 0x3, 0x80,
    0xa4, 0x3, 0xff, 0x80, 0x88, 0x4, 0x30, 0x92,
    0xf, 0x0, 0xff, 0xe0, 0xc0, 0x2, 0x41, 0x58,
    0x2c, 0x80, 0x3f, 0xf8, 0x28, 0xa, 0x43, 0x60,
    0x3b, 0x3c, 0x0, 0x29, 0x40, 0xf, 0xa3, 0x6c,
    0x10, 0x40, 0x59, 0x8a, 0x0, 0x16, 0x30, 0xf,
    0xc4, 0x20, 0x20, 0x1f, 0xfc, 0xa4, 0xff, 0xeb,
    0x0, 0x1f, 0xb8, 0x7, 0xff, 0x88,

    /* U+00BF "¿" */
    0x0, 0xf9, 0xfb, 0xe4, 0x3, 0xff, 0x80, 0x30,
    0x20, 0xc8, 0x1, 0xff, 0x10, 0x6, 0x20, 0xf,
    0xf8, 0xc4, 0x2, 0x40, 0xf, 0xfe, 0x6, 0x33,
    0x2c, 0x80, 0x3f, 0xf8, 0x5, 0x32, 0x40, 0xf,
    0xff, 0x1c, 0xce, 0x10, 0xf, 0xfe, 0x3, 0x36,
    0x30, 0xf, 0xf8, 0x40, 0x31, 0x80, 0x7f, 0xcc,
    0x1, 0x84, 0x3, 0xfc, 0x70, 0x1, 0x20, 0x7,
    0xf8, 0xf0, 0x3, 0x40, 0x7, 0xf1, 0x68, 0x6,
    0xa3, 0x0, 0xfc, 0x3e, 0x20, 0x15, 0x28, 0x7,
    0xf5, 0x90, 0x4, 0xea, 0x1, 0xfc, 0x6a, 0x1,
    0x24, 0x0, 0x7f, 0xa4, 0x3, 0x48, 0x7, 0xfc,
    0xa0, 0x13, 0x10, 0x7, 0xf8, 0x80, 0x36, 0x80,
    0x7f, 0xc2, 0x1, 0x9c, 0x3, 0xc8, 0xcd, 0x20,
    0x80, 0x66, 0x0, 0xf4, 0x4c, 0xde, 0x40, 0x1b,
    0xc0, 0x38, 0x8c, 0x2, 0x30, 0x40, 0x9, 0x5c,
    0x2, 0x3f, 0x0, 0xd8, 0x1e, 0x1, 0xa3, 0xf7,
    0xb0, 0x80, 0x23, 0x40, 0x46, 0x0, 0xe2, 0x10,
    0xc, 0x3c, 0x1, 0x4b, 0x80, 0x7f, 0x1e, 0x10,
    0x6, 0x8d, 0x73, 0x10, 0x1, 0x2d, 0xe1, 0x0,
    0x0,

    /* U+00C0 "À" */
    0x0, 0xe4, 0xff, 0xd2, 0x1, 0xff, 0xc5, 0x4a,
    0x0, 0x98, 0xc0, 0x3f, 0xf8, 0xab, 0x0, 0x17,
    0x0, 0x7f, 0xf1, 0x9d, 0xc0, 0x2, 0x80, 0xf,
    0xfe, 0x34, 0x30, 0x1, 0xc8, 0x3, 0xff, 0x8d,
    0x39, 0x91, 0x80, 0x7f, 0xf1, 0xcc, 0xe1, 0x0,
    0xff, 0xe3, 0x3f, 0xfd, 0xa0, 0x1f, 0xfc, 0x6b,
    0x0, 0x88, 0x80, 0x1f, 0xfc, 0x41, 0x30, 0xc,
    0xa0, 0x1f, 0xfc, 0x47, 0x0, 0xeb, 0x0, 0xff,
    0xe2, 0x68, 0x7, 0x18, 0x80, 0x7f, 0xf0, 0xd0,
    0x3, 0xc8, 0x1, 0xff, 0xc2, 0x50, 0xf, 0xbc,
    0x3, 0xff, 0x85, 0xe0, 0x13, 0x80, 0x4a, 0x1,
    0xff, 0xc2, 0x40, 0xa, 0x88, 0x2, 0x40, 0xf,
    0xfe, 0x2, 0x8, 0x0, 0x49, 0x40, 0x2d, 0x0,
    0xff, 0xe0, 0x68, 0x4, 0xe1, 0x80, 0x13, 0x80,
    0x7f, 0xf0, 0x1c, 0x2, 0xc0, 0x40, 0x8, 0x4c,
    0x3, 0xfc, 0x62, 0x1, 0x20, 0x1, 0x0, 0x2b,
    0x0, 0xff, 0x58, 0x4, 0x62, 0x0, 0xc0, 0x9,
    0x40, 0x3f, 0xca, 0x1, 0x20, 0x4, 0xa0, 0x11,
    0x10, 0x3, 0xf1, 0x10, 0x2, 0xb0, 0x8, 0x84,
    0x2, 0x50, 0xf, 0xca, 0x1, 0x9, 0x80, 0x64,
    0x0, 0xac, 0x3, 0xf5, 0x80, 0x48, 0x1, 0xde,
    0x1, 0x18, 0x80, 0x78, 0x4c, 0x2, 0x5f, 0xfe,
    0xa0, 0xc, 0xe0, 0x1e, 0x70, 0xf, 0xfe, 0x1e,
    0x80, 0x7b, 0x40, 0x3f, 0xf8, 0x68, 0x1, 0xc2,
    0x80, 0x1f, 0xfc, 0x45, 0x0, 0xc8, 0x1, 0xb3,
    0xff, 0xf0, 0x80, 0x5e, 0x1, 0xbc, 0x2, 0x13,
    0x0, 0xfc, 0x80, 0x12, 0x0, 0x65, 0x0, 0x90,
    0x3, 0xfb, 0xc0, 0x21, 0x30, 0x2, 0x0, 0x6f,
    0x0, 0xfe, 0x40, 0xd, 0x60, 0xd, 0x0, 0xca,
    0x1, 0xfc, 0x28, 0x1, 0x28, 0x1, 0xc0, 0x24,
    0x0, 0xff, 0xb0, 0x2, 0x22, 0x0,

    /* U+00C1 "Á" */
    0x0, 0xff, 0xe0, 0xbc, 0x44, 0xe0, 0x1f, 0xfc,
    0x57, 0x87, 0x78, 0xc0, 0x3f, 0xf8, 0x85, 0x0,
    0x15, 0xa0, 0x7, 0xff, 0x13, 0x80, 0x2b, 0x40,
    0xf, 0xfe, 0x24, 0x18, 0x2, 0xd0, 0x3, 0xff,
    0x8b, 0xee, 0xec, 0x40, 0xf, 0xfe, 0x33, 0xc4,
    0xc, 0x3, 0xff, 0x8c, 0xff, 0xf6, 0x80, 0x7f,
    0xf1, 0xac, 0x2, 0x22, 0x0, 0x7f, 0xf1, 0x4,
    0xc0, 0x32, 0x80, 0x7f, 0xf1, 0x1c, 0x3, 0xac,
    0x3, 0xff, 0x89, 0xa0, 0x1c, 0x62, 0x1, 0xff,
    0xc3, 0x40, 0xf, 0x20, 0x7, 0xff, 0x9, 0x40,
    0x3e, 0xf0, 0xf, 0xfe, 0x17, 0x80, 0x4e, 0x1,
    0x28, 0x7, 0xff, 0x9, 0x0, 0x2a, 0x20, 0x9,
    0x0, 0x3f, 0xf8, 0x8, 0x20, 0x1, 0x25, 0x0,
    0xb4, 0x3, 0xff, 0x81, 0xa0, 0x13, 0x86, 0x0,
    0x4e, 0x1, 0xff, 0xc0, 0x70, 0xb, 0x1, 0x0,
    0x21, 0x30, 0xf, 0xf1, 0x88, 0x4, 0x80, 0x4,
    0x0, 0xac, 0x3, 0xfd, 0x60, 0x11, 0x88, 0x3,
    0x0, 0x25, 0x0, 0xff, 0x28, 0x4, 0x80, 0x12,
    0x80, 0x44, 0x40, 0xf, 0xc4, 0x40, 0xa, 0xc0,
    0x22, 0x10, 0x9, 0x40, 0x3f, 0x28, 0x4, 0x26,
    0x1, 0x90, 0x2, 0xb0, 0xf, 0xd6, 0x1, 0x20,
    0x7, 0x78, 0x4, 0x62, 0x1, 0xe1, 0x30, 0x9,
    0x7f, 0xfa, 0x80, 0x33, 0x80, 0x79, 0xc0, 0x3f,
    0xf8, 0x7a, 0x1, 0xed, 0x0, 0xff, 0xe1, 0xa0,
    0x7, 0xa, 0x0, 0x7f, 0xf1, 0x14, 0x3, 0x20,
    0x6, 0xcf, 0xff, 0xc2, 0x1, 0x78, 0x6, 0xf0,
    0x8, 0x4c, 0x3, 0xf2, 0x0, 0x48, 0x1, 0x94,
    0x2, 0x40, 0xf, 0xef, 0x0, 0x84, 0xc0, 0x8,
    0x1, 0xbc, 0x3, 0xf9, 0x0, 0x35, 0x80, 0x34,
    0x3, 0x28, 0x7, 0xf0, 0xa0, 0x4, 0xa0, 0x7,
    0x0, 0x90, 0x3, 0xfe, 0xc0, 0x8, 0x88,

    /* U+00C2 "Â" */
    0x0, 0xff, 0x34, 0x40, 0x80, 0x3f, 0xf8, 0xd5,
    0x2e, 0xec, 0x30, 0xf, 0xfe, 0x18, 0xe2, 0x80,
    0x43, 0x88, 0x1, 0xff, 0xc1, 0x1c, 0x30, 0x1c,
    0x50, 0x5, 0xb0, 0x7, 0xfc, 0x5e, 0x40, 0x58,
    0x74, 0xc0, 0x9, 0x80, 0xf, 0xf3, 0xb3, 0xc6,
    0x10, 0x2, 0x69, 0xdc, 0x1, 0xff, 0x2c, 0x41,
    0xc4, 0x3, 0x2c, 0x44, 0x1, 0xff, 0xd9, 0x7f,
    0xfb, 0x40, 0x3f, 0xf8, 0xd6, 0x1, 0x11, 0x0,
    0x3f, 0xf8, 0x82, 0x60, 0x19, 0x40, 0x3f, 0xf8,
    0x8e, 0x1, 0xd6, 0x1, 0xff, 0xc4, 0xd0, 0xe,
    0x31, 0x0, 0xff, 0xe1, 0xa0, 0x7, 0x90, 0x3,
    0xff, 0x84, 0xa0, 0x1f, 0x78, 0x7, 0xff, 0xb,
    0xc0, 0x27, 0x0, 0x94, 0x3, 0xff, 0x84, 0x80,
    0x15, 0x10, 0x4, 0x80, 0x1f, 0xfc, 0x4, 0x10,
    0x0, 0x92, 0x80, 0x5a, 0x1, 0xff, 0xc0, 0xd0,
    0x9, 0xc3, 0x0, 0x27, 0x0, 0xff, 0xe0, 0x38,
    0x5, 0x80, 0x80, 0x10, 0x98, 0x7, 0xf8, 0xc4,
    0x2, 0x40, 0x2, 0x0, 0x56, 0x1, 0xfe, 0xb0,
    0x8, 0xc4, 0x1, 0x80, 0x12, 0x80, 0x7f, 0x94,
    0x2, 0x40, 0x9, 0x40, 0x22, 0x20, 0x7, 0xe2,
    0x20, 0x5, 0x60, 0x11, 0x8, 0x4, 0xa0, 0x1f,
    0x94, 0x2, 0x13, 0x0, 0xc8, 0x1, 0x58, 0x7,
    0xeb, 0x0, 0x90, 0x3, 0xbc, 0x2, 0x31, 0x0,
    0xf0, 0x98, 0x4, 0xbf, 0xfd, 0x40, 0x19, 0xc0,
    0x3c, 0xe0, 0x1f, 0xfc, 0x3d, 0x0, 0xf6, 0x80,
    0x7f, 0xf0, 0xd0, 0x3, 0x85, 0x0, 0x3f, 0xf8,
    0x8a, 0x1, 0x90, 0x3, 0x67, 0xff, 0xe1, 0x0,
    0xbc, 0x3, 0x78, 0x4, 0x26, 0x1, 0xf9, 0x0,
    0x24, 0x0, 0xca, 0x1, 0x20, 0x7, 0xf7, 0x80,
    0x42, 0x60, 0x4, 0x0, 0xde, 0x1, 0xfc, 0x80,
    0x1a, 0xc0, 0x1a, 0x1, 0x94, 0x3, 0xf8, 0x50,
    0x2, 0x50, 0x3, 0x80, 0x48, 0x1, 0xff, 0x60,
    0x4, 0x44,

    /* U+00C3 "Ã" */
    0x0, 0xff, 0xe2, 0x8, 0x7, 0xff, 0x6, 0x7f,
    0xd4, 0x40, 0x10, 0xf6, 0x98, 0x7, 0xfa, 0xd8,
    0x0, 0xbb, 0x2, 0x16, 0x4, 0x20, 0x1f, 0xca,
    0x80, 0x1c, 0xfd, 0xea, 0x4, 0x40, 0xf, 0xee,
    0x0, 0x45, 0xb8, 0x7, 0xa4, 0x3, 0xfc, 0xe0,
    0xce, 0x91, 0xcc, 0x0, 0x1a, 0x40, 0xf, 0xf6,
    0x75, 0x80, 0x43, 0x3f, 0xdc, 0x50, 0xf, 0xfe,
    0x0, 0x90, 0x7, 0x84, 0x3, 0xff, 0xb8, 0xff,
    0xf6, 0x80, 0x7f, 0xf1, 0xac, 0x2, 0x22, 0x0,
    0x7f, 0xf1, 0x4, 0xc0, 0x32, 0x80, 0x7f, 0xf1,
    0x1c, 0x3, 0xac, 0x3, 0xff, 0x89, 0xa0, 0x1c,
    0x62, 0x1, 0xff, 0xc3, 0x40, 0xf, 0x20, 0x7,
    0xff, 0x9, 0x40, 0x3e, 0xf0, 0xf, 0xfe, 0x17,
    0x80, 0x4e, 0x1, 0x28, 0x7, 0xff, 0x9, 0x0,
    0x2a, 0x20, 0x9, 0x0, 0x3f, 0xf8, 0x8, 0x20,
    0x1, 0x25, 0x0, 0xb4, 0x3, 0xff, 0x81, 0xa0,
    0x13, 0x86, 0x0, 0x4e, 0x1, 0xff, 0xc0, 0x70,
    0xb, 0x1, 0x0, 0x21, 0x30, 0xf, 0xf1, 0x88,
    0x4, 0x80, 0x4, 0x0, 0xac, 0x3, 0xfd, 0x60,
    0x11, 0x88, 0x3, 0x0, 0x25, 0x0, 0xff, 0x28,
    0x4, 0x80, 0x12, 0x80, 0x44, 0x40, 0xf, 0xc4,
    0x40, 0xa, 0xc0, 0x22, 0x10, 0x9, 0x40, 0x3f,
    0x28, 0x4, 0x26, 0x1, 0x90, 0x2, 0xb0, 0xf,
    0xd6, 0x1, 0x20, 0x7, 0x78, 0x4, 0x62, 0x1,
    0xe1, 0x30, 0x9, 0x7f, 0xfa, 0x80, 0x33, 0x80,
    0x79, 0xc0, 0x3f, 0xf8, 0x7a, 0x1, 0xed, 0x0,
    0xff, 0xe1, 0xa0, 0x7, 0xa, 0x0, 0x7f, 0xf1,
    0x14, 0x3, 0x20, 0x6, 0xcf, 0xff, 0xc2, 0x1,
    0x78, 0x6, 0xf0, 0x8, 0x4c, 0x3, 0xf2, 0x0,
    0x48, 0x1, 0x94, 0x2, 0x40, 0xf, 0xef, 0x0,
    0x84, 0xc0, 0x8, 0x1, 0xbc, 0x3, 0xf9, 0x0,
    0x35, 0x80, 0x34, 0x3, 0x28, 0x7, 0xf0, 0xa0,
    0x4, 0xa0, 0x7, 0x0, 0x90, 0x3, 0xfe, 0xc0,
    0x8, 0x88,

    /* U+00C4 "Ä" */
    0x0, 0xe3, 0xdf, 0xb1, 0x0, 0xd1, 0xfc, 0xc0,
    0x1f, 0xef, 0x20, 0x48, 0x0, 0x91, 0xc0, 0x64,
    0x40, 0x3f, 0x88, 0x2, 0x30, 0x8, 0x80, 0x31,
    0x80, 0x7f, 0x30, 0x5, 0xc0, 0x13, 0x88, 0x0,
    0xc8, 0x3, 0xfa, 0x2e, 0x71, 0x0, 0x21, 0xf9,
    0xac, 0x0, 0xff, 0x91, 0x8c, 0x3, 0x85, 0x94,
    0x3, 0xff, 0xb4, 0xff, 0xf6, 0x80, 0x7f, 0xf1,
    0xac, 0x2, 0x22, 0x0, 0x7f, 0xf1, 0x4, 0xc0,
    0x32, 0x80, 0x7f, 0xf1, 0x1c, 0x3, 0xac, 0x3,
    0xff, 0x89, 0xa0, 0x1c, 0x62, 0x1, 0xff, 0xc3,
    0x40, 0xf, 0x20, 0x7, 0xff, 0x9, 0x40, 0x3e,
    0xf0, 0xf, 0xfe, 0x17, 0x80, 0x4e, 0x1, 0x28,
    0x7, 0xff, 0x9, 0x0, 0x2a, 0x20, 0x9, 0x0,
    0x3f, 0xf8, 0x8, 0x20, 0x1, 0x25, 0x0, 0xb4,
    0x3, 0xff, 0x81, 0xa0, 0x13, 0x86, 0x0, 0x4e,
    0x1, 0xff, 0xc0, 0x70, 0xb, 0x1, 0x0, 0x21,
    0x30, 0xf, 0xf1, 0x88, 0x4, 0x80, 0x4, 0x0,
    0xac, 0x3, 0xfd, 0x60, 0x11, 0x88, 0x3, 0x0,
    0x25, 0x0, 0xff, 0x28, 0x4, 0x80, 0x12, 0x80,
    0x44, 0x40, 0xf, 0xc4, 0x40, 0xa, 0xc0, 0x22,
    0x10, 0x9, 0x40, 0x3f, 0x28, 0x4, 0x26, 0x1,
    0x90, 0x2, 0xb0, 0xf, 0xd6, 0x1, 0x20, 0x7,
    0x78, 0x4, 0x62, 0x1, 0xe1, 0x30, 0x9, 0x7f,
    0xfa, 0x80, 0x33, 0x80, 0x79, 0xc0, 0x3f, 0xf8,
    0x7a, 0x1, 0xed, 0x0, 0xff, 0xe1, 0xa0, 0x7,
    0xa, 0x0, 0x7f, 0xf1, 0x14, 0x3, 0x20, 0x6,
    0xcf, 0xff, 0xc2, 0x1, 0x78, 0x6, 0xf0, 0x8,
    0x4c, 0x3, 0xf2, 0x0, 0x48, 0x1, 0x94, 0x2,
    0x40, 0xf, 0xef, 0x0, 0x84, 0xc0, 0x8, 0x1,
    0xbc, 0x3, 0xf9, 0x0, 0x35, 0x80, 0x34, 0x3,
    0x28, 0x7, 0xf0, 0xa0, 0x4, 0xa0, 0x7, 0x0,
    0x90, 0x3, 0xfe, 0xc0, 0x8, 0x88,

    /* U+00C5 "Å" */
    0x0, 0xfe, 0x19, 0xca, 0x50, 0xf, 0xfe, 0x29,
    0xf3, 0x1a, 0xd4, 0x0, 0x7f, 0xf1, 0x38, 0x1f,
    0xf0, 0x5c, 0xc0, 0x3f, 0xf8, 0x44, 0x41, 0x80,
    0x36, 0x4, 0x0, 0xff, 0xec, 0x91, 0x6, 0x0,
    0xd8, 0x10, 0x3, 0xff, 0x87, 0xc0, 0xff, 0x82,
    0xc6, 0x1, 0xff, 0xc3, 0x3d, 0x63, 0x4a, 0x90,
    0xf, 0xfe, 0x29, 0x4e, 0x5a, 0x80, 0x7f, 0xf1,
    0x9f, 0xfe, 0xd0, 0xf, 0xfe, 0x35, 0x80, 0x44,
    0x40, 0xf, 0xfe, 0x20, 0x98, 0x6, 0x50, 0xf,
    0xfe, 0x23, 0x80, 0x75, 0x80, 0x7f, 0xf1, 0x34,
    0x3, 0x8c, 0x40, 0x3f, 0xf8, 0x68, 0x1, 0xe4,
    0x0, 0xff, 0xe1, 0x28, 0x7, 0xde, 0x1, 0xff,
    0xc2, 0xf0, 0x9, 0xc0, 0x25, 0x0, 0xff, 0xe1,
    0x20, 0x5, 0x44, 0x1, 0x20, 0x7, 0xff, 0x1,
    0x4, 0x0, 0x24, 0xa0, 0x16, 0x80, 0x7f, 0xf0,
    0x34, 0x2, 0x70, 0xc0, 0x9, 0xc0, 0x3f, 0xf8,
    0xe, 0x1, 0x60, 0x20, 0x4, 0x26, 0x1, 0xfe,
    0x31, 0x0, 0x90, 0x0, 0x80, 0x15, 0x80, 0x7f,
    0xac, 0x2, 0x31, 0x0, 0x60, 0x4, 0xa0, 0x1f,
    0xe5, 0x0, 0x90, 0x2, 0x50, 0x8, 0x88, 0x1,
    0xf8, 0x88, 0x1, 0x58, 0x4, 0x42, 0x1, 0x28,
    0x7, 0xe5, 0x0, 0x84, 0xc0, 0x32, 0x0, 0x56,
    0x1, 0xfa, 0xc0, 0x24, 0x0, 0xef, 0x0, 0x8c,
    0x40, 0x3c, 0x26, 0x1, 0x2f, 0xff, 0x50, 0x6,
    0x70, 0xf, 0x38, 0x7, 0xff, 0xf, 0x40, 0x3d,
    0xa0, 0x1f, 0xfc, 0x34, 0x0, 0xe1, 0x40, 0xf,
    0xfe, 0x22, 0x80, 0x64, 0x0, 0xd9, 0xff, 0xf8,
    0x40, 0x2f, 0x0, 0xde, 0x1, 0x9, 0x80, 0x7e,
    0x40, 0x9, 0x0, 0x32, 0x80, 0x48, 0x1, 0xfd,
    0xe0, 0x10, 0x98, 0x1, 0x0, 0x37, 0x80, 0x7f,
    0x20, 0x6, 0xb0, 0x6, 0x80, 0x65, 0x0, 0xfe,
    0x14, 0x0, 0x94, 0x0, 0xe0, 0x12, 0x0, 0x7f,
    0xd8, 0x1, 0x11, 0x0,

    /* U+00C6 "Æ" */
    0x0, 0xff, 0x77, 0xff, 0xfa, 0x40, 0x3f, 0x8c,
    0x40, 0x3f, 0xf9, 0x14, 0x1, 0xff, 0xc9, 0x70,
    0xf, 0x1a, 0x26, 0xf0, 0xf, 0xc8, 0x20, 0x1e,
    0x8b, 0xbc, 0xc0, 0x1f, 0xb4, 0x3, 0xff, 0x92,
    0xe0, 0x2, 0x0, 0xff, 0xe2, 0xa0, 0x80, 0x14,
    0x3, 0xff, 0x8b, 0xa0, 0x15, 0x0, 0x7f, 0xf1,
    0x5c, 0x0, 0x44, 0x0, 0xff, 0xe2, 0x20, 0x80,
    0x14, 0x3, 0xff, 0x8b, 0xc0, 0x15, 0x80, 0x7f,
    0xf1, 0x54, 0x0, 0x26, 0x1, 0xd7, 0xff, 0x80,
    0x3c, 0x80, 0x13, 0x80, 0x7f, 0xf1, 0x78, 0x2,
    0xd0, 0xf, 0xfe, 0x2a, 0x80, 0x48, 0x1, 0xe3,
    0x44, 0xc0, 0x1c, 0xa0, 0x12, 0x80, 0x7d, 0x17,
    0x78, 0x3, 0xbc, 0x2, 0x5f, 0xf8, 0x3, 0xff,
    0x84, 0xa0, 0x1f, 0xfc, 0x85, 0x0, 0xff, 0xe4,
    0xf8, 0x7, 0xff, 0x25, 0x40, 0x2c, 0xff, 0xc0,
    0x18, 0x40, 0x3e, 0x50, 0x8, 0x4c, 0x3, 0xff,
    0x89, 0xc0, 0x13, 0x80, 0x7f, 0xf1, 0x5, 0x0,
    0x2c, 0x0, 0xe1, 0x0, 0xa6, 0xef, 0x81, 0xc0,
    0x32, 0x0, 0x7f, 0x1a, 0x27, 0x6, 0x80, 0x46,
    0x20, 0x1f, 0xfc, 0x31, 0x40, 0xa, 0xc0, 0x3f,
    0xf8, 0x80,

    /* U+00C7 "Ç" */
    0x0, 0xf1, 0x46, 0x7f, 0xdb, 0x28, 0x1, 0xfe,
    0x8d, 0x73, 0x0, 0x89, 0xaf, 0x8, 0x3, 0xec,
    0x70, 0xf, 0xe3, 0xd4, 0x0, 0xeb, 0x30, 0xc,
    0x46, 0x40, 0x1d, 0x64, 0x1, 0x32, 0x0, 0x45,
    0x9b, 0x9b, 0xcc, 0x1, 0xa4, 0x2, 0x80, 0x8,
    0xb0, 0xc0, 0x21, 0x96, 0x0, 0x90, 0x81, 0x44,
    0x2, 0x91, 0x0, 0xf4, 0x0, 0x6a, 0xf, 0x0,
    0x89, 0x0, 0x3e, 0x14, 0x0, 0x90, 0x10, 0x2,
    0x40, 0xf, 0xe3, 0x0, 0x88, 0x44, 0x1, 0x78,
    0x7, 0xf4, 0x7f, 0xdc, 0x40, 0x18, 0x80, 0x3f,
    0xf8, 0x4e, 0x1, 0x9c, 0x3, 0xff, 0x84, 0x20,
    0x1f, 0xff, 0xf0, 0xc, 0x20, 0x1f, 0xfc, 0x77,
    0x0, 0xce, 0x1, 0xff, 0xc2, 0x20, 0xc, 0x40,
    0x1f, 0xfc, 0x21, 0x0, 0xdc, 0x1, 0xfc, 0xd9,
    0x95, 0x82, 0x0, 0x4a, 0x1, 0xfd, 0x86, 0x73,
    0x86, 0x80, 0x44, 0x60, 0x1f, 0x94, 0x2, 0x50,
    0x61, 0x0, 0xbc, 0x3, 0xe8, 0x0, 0xd4, 0x0,
    0x90, 0x8, 0xec, 0x40, 0x34, 0x38, 0x4, 0x86,
    0x0, 0x73, 0x0, 0x93, 0xb2, 0xaf, 0xdc, 0x3,
    0x48, 0x6, 0xd2, 0x0, 0xc6, 0xa8, 0x1, 0xd8,
    0x40, 0x18, 0x75, 0x80, 0x3f, 0x8f, 0x4c, 0x3,
    0xe9, 0xd7, 0x20, 0x8, 0x9a, 0xf0, 0x80, 0x3f,
    0x8a, 0x20, 0x1, 0x44, 0xa0, 0x7, 0xff, 0x7,
    0x40, 0x2a, 0xd1, 0x0, 0xff, 0xe0, 0xce, 0x30,
    0x0, 0xa4, 0x3, 0xff, 0x82, 0x27, 0x22, 0x0,
    0x30, 0xf, 0xfe, 0x19, 0x8, 0x0, 0x40, 0x3f,
    0xf8, 0x29, 0x7a, 0x1, 0x78, 0x7, 0xff, 0x4,
    0x90, 0x2, 0x75, 0x0, 0xff, 0xe0, 0x98, 0x13,
    0x64, 0x0, 0x78,

    /* U+00C8 "È" */
    0x0, 0x27, 0xfe, 0xa0, 0xf, 0xfe, 0x2, 0x50,
    0x4, 0xa8, 0x1, 0xff, 0xc0, 0x59, 0x0, 0xa4,
    0x3, 0xff, 0x82, 0xce, 0x0, 0x28, 0x0, 0xff,
    0xe0, 0xc3, 0x0, 0x1c, 0x80, 0x3f, 0xf8, 0x33,
    0x99, 0x18, 0x7, 0xff, 0x8, 0xce, 0x10, 0xf,
    0xbf, 0xff, 0xf8, 0xac, 0x1, 0xff, 0xdc, 0x13,
    0x3f, 0xfe, 0x8, 0x6, 0x9c, 0xcf, 0xfe, 0x2,
    0x80, 0x7f, 0xff, 0xc0, 0x3f, 0xfd, 0x71, 0xff,
    0xfe, 0xa0, 0xf, 0xfe, 0xf1, 0x22, 0x7f, 0xb4,
    0x3, 0xd5, 0x77, 0xfe, 0x70, 0xf, 0xff, 0xf8,
    0x7, 0xff, 0xb6, 0x73, 0x3f, 0xf8, 0xc, 0x1,
    0x84, 0xcf, 0xff, 0x81, 0xc0, 0x1f, 0xfd, 0x80,

    /* U+00C9 "É" */
    0x0, 0xff, 0x3c, 0x44, 0xe0, 0x1f, 0xfc, 0x6,
    0x87, 0x78, 0xc0, 0x3f, 0xe2, 0x90, 0xa, 0xd0,
    0x3, 0xfe, 0xe0, 0xa, 0xd0, 0x3, 0xfe, 0x83,
    0x0, 0x5a, 0x0, 0x7f, 0xf0, 0x3d, 0xdd, 0x88,
    0x1, 0xff, 0xc1, 0x78, 0x81, 0x80, 0x7d, 0xff,
    0xff, 0xc5, 0x60, 0xf, 0xfe, 0xe0, 0x99, 0xff,
    0xf0, 0x40, 0x34, 0xe6, 0x7f, 0xf0, 0x14, 0x3,
    0xff, 0xfe, 0x1, 0xff, 0xeb, 0x8f, 0xff, 0xf5,
    0x0, 0x7f, 0xf7, 0x89, 0x13, 0xfd, 0xa0, 0x1e,
    0xab, 0xbf, 0xf3, 0x80, 0x7f, 0xff, 0xc0, 0x3f,
    0xfd, 0xb3, 0x99, 0xff, 0xc0, 0x60, 0xc, 0x26,
    0x7f, 0xfc, 0xe, 0x0, 0xff, 0xec, 0x0,

    /* U+00CA "Ê" */
    0x0, 0xf9, 0xa2, 0x4, 0x1, 0xff, 0xc1, 0xa9,
    0x77, 0x61, 0x80, 0x7f, 0x87, 0x14, 0x2, 0x1c,
    0x50, 0xf, 0xc3, 0x86, 0x3, 0x8a, 0x0, 0xa7,
    0x0, 0xf1, 0x79, 0x1, 0x61, 0xd3, 0x80, 0x22,
    0x0, 0x1c, 0xcc, 0x78, 0xc2, 0x0, 0x45, 0x3b,
    0x80, 0x40, 0x32, 0x44, 0x1c, 0x40, 0x32, 0xc4,
    0x42, 0x1, 0xff, 0xc8, 0xff, 0xff, 0xe2, 0xb0,
    0x7, 0xff, 0x70, 0x4c, 0xff, 0xf8, 0x20, 0x1a,
    0x73, 0x3f, 0xf8, 0xa, 0x1, 0xff, 0xff, 0x0,
    0xff, 0xf5, 0xc7, 0xff, 0xfa, 0x80, 0x3f, 0xfb,
    0xc4, 0x89, 0xfe, 0xd0, 0xf, 0x55, 0xdf, 0xf9,
    0xc0, 0x3f, 0xff, 0xe0, 0x1f, 0xfe, 0xd9, 0xcc,
    0xff, 0xe0, 0x30, 0x6, 0x13, 0x3f, 0xfe, 0x7,
    0x0, 0x7f, 0xf6, 0x0,

    /* U+00CB "Ë" */
    0x0, 0x1e, 0xfd, 0x88, 0x6, 0x8f, 0xe6, 0x0,
    0xef, 0x20, 0x48, 0x0, 0x91, 0xc0, 0x64, 0x40,
    0x31, 0x0, 0x46, 0x1, 0x8, 0x6, 0x20, 0xc,
    0xc0, 0x17, 0x80, 0x48, 0x20, 0x2, 0x30, 0xd,
    0x17, 0x18, 0xa0, 0x10, 0xfc, 0xcb, 0x40, 0x3c,
    0x8e, 0x60, 0x1c, 0x2c, 0xc0, 0xf, 0xfe, 0x57,
    0xff, 0xff, 0x15, 0x80, 0x3f, 0xfb, 0x82, 0x67,
    0xff, 0xc1, 0x0, 0xd3, 0x99, 0xff, 0xc0, 0x50,
    0xf, 0xff, 0xf8, 0x7, 0xff, 0xae, 0x3f, 0xff,
    0xd4, 0x1, 0xff, 0xde, 0x24, 0x4f, 0xf6, 0x80,
    0x7a, 0xae, 0xff, 0xce, 0x1, 0xff, 0xff, 0x0,
    0xff, 0xf6, 0xce, 0x67, 0xff, 0x1, 0x80, 0x30,
    0x99, 0xff, 0xf0, 0x38, 0x3, 0xff, 0xb0,

    /* U+00CC "Ì" */
    0x2, 0xef, 0xfb, 0x0, 0x3f, 0xe2, 0xd0, 0x8,
    0xd8, 0x3, 0xfe, 0x3b, 0x0, 0xa4, 0x40, 0x3f,
    0xe4, 0xa0, 0xa, 0xc0, 0x3f, 0xf8, 0xb, 0x20,
    0x5, 0x40, 0xf, 0xfe, 0x3, 0x6e, 0x61, 0x80,
    0x3f, 0xf8, 0x24, 0x66, 0x20, 0xf, 0xa7, 0xff,
    0xff, 0x86, 0xa0, 0x1f, 0xfd, 0x6e, 0x33, 0xe0,
    0xc, 0x26, 0x7c, 0x2f, 0x99, 0xc2, 0x1, 0x3e,
    0x67, 0x20, 0x7, 0xff, 0xfc, 0x3, 0xff, 0xfe,
    0x1, 0xff, 0xff, 0x0, 0xff, 0xff, 0x80, 0x7f,
    0xf2, 0xdb, 0x33, 0x84, 0x2, 0x7c, 0xce, 0x4f,
    0x33, 0xe0, 0xc, 0x26, 0x7c, 0x20, 0x1f, 0xfd,
    0x60,

    /* U+00CD "Í" */
    0x0, 0xfe, 0x68, 0x89, 0xc4, 0x3, 0xfc, 0xb2,
    0xef, 0x8, 0x80, 0x3f, 0x86, 0xc0, 0x29, 0x60,
    0xf, 0xf5, 0x88, 0x2, 0x58, 0x3, 0xfc, 0xca,
    0x0, 0x96, 0x0, 0xff, 0x85, 0xdd, 0x4c, 0x1,
    0xff, 0xc0, 0x78, 0x82, 0x80, 0x7d, 0x3f, 0xff,
    0xfc, 0x35, 0x0, 0xff, 0xeb, 0x71, 0x9f, 0x0,
    0x61, 0x33, 0xe1, 0x7c, 0xce, 0x10, 0x9, 0xf3,
    0x39, 0x0, 0x3f, 0xff, 0xe0, 0x1f, 0xff, 0xf0,
    0xf, 0xff, 0xf8, 0x7, 0xff, 0xfc, 0x3, 0xff,
    0x96, 0xd9, 0x9c, 0x20, 0x13, 0xe6, 0x72, 0x79,
    0x9f, 0x0, 0x61, 0x33, 0xe1, 0x0, 0xff, 0xeb,
    0x0,

    /* U+00CE "Î" */
    0x0, 0xf2, 0xc4, 0xc, 0x3, 0xff, 0x81, 0x14,
    0xee, 0xc5, 0x0, 0xff, 0x53, 0x80, 0x6a, 0x70,
    0xf, 0xd6, 0xa0, 0xb, 0x70, 0x4, 0x48, 0x7,
    0xe, 0x20, 0x3, 0x12, 0x24, 0x0, 0xd4, 0x1,
    0x89, 0x1d, 0xda, 0x60, 0x6, 0xb7, 0x71, 0x10,
    0x2, 0x38, 0x88, 0x80, 0x32, 0x44, 0x44, 0x1,
    0xff, 0xc7, 0x9f, 0xff, 0xfe, 0x1a, 0x80, 0x7f,
    0xf5, 0xb8, 0xcf, 0x80, 0x30, 0x99, 0xf0, 0xbe,
    0x67, 0x8, 0x4, 0xf9, 0x9c, 0x80, 0x1f, 0xff,
    0xf0, 0xf, 0xff, 0xf8, 0x7, 0xff, 0xfc, 0x3,
    0xff, 0xfe, 0x1, 0xff, 0xcb, 0x6c, 0xce, 0x10,
    0x9, 0xf3, 0x39, 0x3c, 0xcf, 0x80, 0x30, 0x99,
    0xf0, 0x80, 0x7f, 0xf5, 0x80,

    /* U+00CF "Ï" */
    0x1, 0xcf, 0xc2, 0x0, 0xcd, 0xdf, 0x0, 0x1a,
    0xcc, 0xe, 0x40, 0x21, 0x91, 0x7, 0x40, 0x8,
    0x40, 0x26, 0x0, 0x88, 0x3, 0x8, 0x5, 0xc0,
    0x15, 0x0, 0x46, 0x40, 0x1, 0x40, 0x9, 0x72,
    0x6d, 0xc0, 0x36, 0xcc, 0xbc, 0x40, 0x31, 0xb2,
    0x0, 0x79, 0x98, 0x20, 0x1f, 0xfc, 0x89, 0xff,
    0xff, 0xe1, 0xa8, 0x7, 0xff, 0x5b, 0x8c, 0xf8,
    0x3, 0x9, 0x9f, 0xb, 0xe6, 0x70, 0x80, 0x4f,
    0x99, 0xc8, 0x1, 0xff, 0xff, 0x0, 0xff, 0xff,
    0x80, 0x7f, 0xff, 0xc0, 0x3f, 0xff, 0xe0, 0x1f,
    0xfc, 0xb6, 0xcc, 0xe1, 0x0, 0x9f, 0x33, 0x93,
    0xcc, 0xf8, 0x3, 0x9, 0x9f, 0x8, 0x7, 0xff,
    0x58,

    /* U+00D0 "Ð" */
    0x0, 0x8b, 0xff, 0xf6, 0xd3, 0x8, 0x7, 0xff,
    0x1c, 0x96, 0x7a, 0x0, 0x3f, 0xf9, 0x4f, 0xa4,
    0x1, 0xff, 0xc0, 0x24, 0x41, 0x80, 0x71, 0x61,
    0x0, 0x7f, 0xd1, 0x76, 0xcf, 0xa2, 0x0, 0x87,
    0xc0, 0x3f, 0xf8, 0x8b, 0xa8, 0x1, 0x14, 0x80,
    0x7f, 0xf1, 0x6c, 0x80, 0x26, 0x10, 0xf, 0xfe,
    0x2c, 0x80, 0x66, 0x0, 0xff, 0xe2, 0xa1, 0x0,
    0x54, 0x1, 0xff, 0xc6, 0x50, 0x8, 0x80, 0x3f,
    0xf8, 0xda, 0x1, 0x8c, 0x3, 0xff, 0x8a, 0xc0,
    0x19, 0xbb, 0xfd, 0xa0, 0x1a, 0xbf, 0xe8, 0x0,
    0xc2, 0x1, 0x8c, 0x3, 0xff, 0xc5, 0x99, 0x50,
    0x6, 0x8c, 0xca, 0x40, 0x3f, 0xc4, 0x66, 0x70,
    0xc, 0x46, 0x70, 0x80, 0x61, 0x0, 0xc6, 0x1,
    0xff, 0xc5, 0x60, 0xc, 0xc0, 0x1f, 0xfc, 0x5d,
    0x0, 0xc6, 0x1, 0xff, 0xc5, 0x40, 0x8, 0x80,
    0x3f, 0xf8, 0xa6, 0x60, 0xa, 0x80, 0x3f, 0xf8,
    0xbe, 0x1, 0x98, 0x3, 0xff, 0x89, 0x46, 0x1,
    0x30, 0x80, 0x7f, 0xf0, 0x93, 0x14, 0x2, 0x29,
    0x0, 0xff, 0x45, 0xdb, 0x3a, 0xcc, 0x2, 0x1f,
    0x0, 0xff, 0x89, 0x10, 0x62, 0x1, 0x8b, 0x8,
    0x3, 0xff, 0x8e, 0xfa, 0x40, 0x1f, 0xfc, 0x42,
    0x49, 0xe8, 0x0, 0xf0,

    /* U+00D1 "Ñ" */
    0x0, 0xff, 0xe0, 0x88, 0x7, 0xf2, 0x6f, 0xeb,
    0x0, 0x6b, 0xf9, 0x0, 0xf2, 0x59, 0x1, 0x4e,
    0xa0, 0x22, 0x81, 0x80, 0x7a, 0x40, 0x38, 0xaf,
    0xec, 0x1, 0xe0, 0x1c, 0x64, 0x9, 0x74, 0x60,
    0x1c, 0x6a, 0x1, 0xce, 0x0, 0xa4, 0x5c, 0xa2,
    0x0, 0x2e, 0x80, 0x79, 0x3f, 0x4, 0x2, 0x5d,
    0xff, 0x50, 0x80, 0x7e, 0x30, 0xf, 0xfe, 0xac,
    0xff, 0xe2, 0x0, 0xf9, 0x3f, 0xf1, 0x80, 0x74,
    0x0, 0x7f, 0xf1, 0x94, 0x40, 0x3f, 0xf8, 0xd2,
    0x1, 0xff, 0xc6, 0x70, 0xf, 0xfe, 0x3b, 0x80,
    0x7f, 0xf1, 0xa4, 0x3, 0xff, 0x8c, 0x2a, 0x1,
    0xff, 0xc6, 0x80, 0xf, 0xfe, 0x1a, 0x0, 0x9,
    0x0, 0x3f, 0xf8, 0x50, 0x1, 0x78, 0x4, 0x20,
    0x1f, 0xe3, 0x30, 0x1, 0x8, 0x3, 0xff, 0x85,
    0x20, 0x14, 0x0, 0x7f, 0xf0, 0x94, 0x80, 0xa,
    0x20, 0x1f, 0xfc, 0x2b, 0x0, 0xa4, 0x3, 0xff,
    0x84, 0xc2, 0x0, 0x70, 0xf, 0xfe, 0x1b, 0x0,
    0x4e, 0x1, 0xff, 0xc2, 0x90, 0xa, 0x40, 0x3f,
    0xf8, 0x42, 0xc0, 0x1, 0xe0, 0xf, 0xfe, 0x15,
    0x80, 0x48, 0x1, 0xff, 0xc2, 0x25, 0x0, 0xff,
    0xe3, 0x48, 0x7, 0xff, 0x18, 0xcc, 0x1, 0xff,
    0xc6, 0x90, 0xf, 0xfe, 0x32, 0x90, 0x7, 0xff,
    0x1a, 0xc0, 0x3f, 0xf8, 0xcc, 0x20, 0x1f, 0xfc,
    0x69, 0x0, 0xe0,

    /* U+00D2 "Ò" */
    0x0, 0xc4, 0x67, 0x80, 0x3f, 0xf8, 0x8d, 0x99,
    0xa4, 0x3, 0xff, 0x86, 0x94, 0x1, 0x31, 0x80,
    0x7f, 0xf0, 0xd6, 0x40, 0x2f, 0x0, 0xff, 0xe2,
    0x33, 0x80, 0xd, 0xc0, 0x3f, 0xf8, 0x90, 0xc0,
    0x8, 0x10, 0xf, 0xfe, 0x24, 0xff, 0xc2, 0x1,
    0xff, 0xd7, 0x39, 0xdf, 0xf7, 0x5b, 0x88, 0x7,
    0xf8, 0x6b, 0x18, 0x80, 0x2, 0x91, 0xcc, 0x1,
    0xf8, 0x71, 0x40, 0x3f, 0xa6, 0x40, 0x1f, 0x69,
    0x0, 0x70, 0x80, 0x73, 0x38, 0x7, 0x31, 0x80,
    0x45, 0x7f, 0xdc, 0x80, 0xd, 0x4, 0x1, 0xa0,
    0x2, 0x2c, 0x40, 0x0, 0xbd, 0x80, 0x68, 0x0,
    0x94, 0x40, 0x29, 0x10, 0xe, 0x46, 0x0, 0x94,
    0x40, 0x1e, 0x1, 0x12, 0x0, 0x7d, 0x60, 0x19,
    0xc0, 0x8, 0x1, 0x20, 0x7, 0xe2, 0x20, 0x5,
    0x80, 0x22, 0x0, 0xbc, 0x3, 0xf9, 0xc0, 0x27,
    0x2, 0x0, 0xc4, 0x1, 0xfc, 0x40, 0x11, 0x3,
    0x80, 0x67, 0x0, 0xfe, 0xf0, 0xe, 0x10, 0xc,
    0x20, 0x1f, 0xc2, 0x1, 0x84, 0x3, 0xff, 0xe6,
    0x20, 0x18, 0x40, 0x3f, 0x84, 0x3, 0x9c, 0x3,
    0xff, 0x85, 0xe0, 0x18, 0x48, 0x3, 0x30, 0x7,
    0xf1, 0x0, 0x44, 0x2, 0x1, 0xb0, 0x3, 0xf9,
    0xc0, 0x27, 0x0, 0x20, 0x4, 0x80, 0x1f, 0x88,
    0x80, 0x16, 0x0, 0x38, 0x2, 0x24, 0x0, 0xfa,
    0x80, 0x33, 0x80, 0x14, 0x40, 0x29, 0x0, 0xf1,
    0xb8, 0x4, 0x82, 0x1, 0x40, 0x4, 0x5a, 0x60,
    0x13, 0x60, 0x6, 0x90, 0xc, 0xc6, 0x1, 0x16,
    0x76, 0xfc, 0x80, 0x68, 0x20, 0xe, 0xd2, 0x0,
    0xc2, 0x40, 0x1c, 0xce, 0x1, 0xe1, 0xc5, 0x0,
    0xfe, 0x99, 0x0, 0x7e, 0x1a, 0xc6, 0x20, 0x0,
    0x9c, 0x73, 0x0, 0x70,

    /* U+00D3 "Ó" */
    0x0, 0xff, 0xe0, 0x3c, 0x44, 0xc0, 0x1f, 0xfc,
    0x3a, 0x87, 0x73, 0x20, 0x7, 0xff, 0x9, 0x54,
    0x0, 0x1c, 0x20, 0xf, 0xfe, 0x8, 0xd8, 0x0,
    0x70, 0x80, 0x3f, 0xf8, 0x56, 0x20, 0x38, 0x40,
    0x1f, 0xfc, 0x21, 0x27, 0x76, 0x10, 0x7, 0xff,
    0xc, 0x62, 0x22, 0x0, 0xff, 0xeb, 0x9c, 0xef,
    0xfb, 0xad, 0xc4, 0x3, 0xfc, 0x35, 0x8c, 0x40,
    0x1, 0x48, 0xe6, 0x0, 0xfc, 0x38, 0xa0, 0x1f,
    0xd3, 0x20, 0xf, 0xb4, 0x80, 0x38, 0x40, 0x39,
    0x9c, 0x3, 0x98, 0xc0, 0x22, 0xbf, 0xee, 0x40,
    0x6, 0x82, 0x0, 0xd0, 0x1, 0x16, 0x20, 0x0,
    0x5e, 0xc0, 0x34, 0x0, 0x4a, 0x20, 0x14, 0x88,
    0x7, 0x23, 0x0, 0x4a, 0x20, 0xf, 0x0, 0x89,
    0x0, 0x3e, 0xb0, 0xc, 0xe0, 0x4, 0x0, 0x90,
    0x3, 0xf1, 0x10, 0x2, 0xc0, 0x11, 0x0, 0x5e,
    0x1, 0xfc, 0xe0, 0x13, 0x81, 0x0, 0x62, 0x0,
    0xfe, 0x20, 0x8, 0x81, 0xc0, 0x33, 0x80, 0x7f,
    0x78, 0x7, 0x8, 0x6, 0x10, 0xf, 0xe1, 0x0,
    0xc2, 0x1, 0xff, 0xf3, 0x10, 0xc, 0x20, 0x1f,
    0xc2, 0x1, 0xce, 0x1, 0xff, 0xc2, 0xf0, 0xc,
    0x24, 0x1, 0x98, 0x3, 0xf8, 0x80, 0x22, 0x1,
    0x0, 0xd8, 0x1, 0xfc, 0xe0, 0x13, 0x80, 0x10,
    0x2, 0x40, 0xf, 0xc4, 0x40, 0xb, 0x0, 0x1c,
    0x1, 0x12, 0x0, 0x7d, 0x40, 0x19, 0xc0, 0xa,
    0x20, 0x14, 0x80, 0x78, 0xdc, 0x2, 0x41, 0x0,
    0xa0, 0x2, 0x2d, 0x30, 0x9, 0xb0, 0x3, 0x48,
    0x6, 0x63, 0x0, 0x8b, 0x3b, 0x7e, 0x40, 0x34,
    0x10, 0x7, 0x69, 0x0, 0x61, 0x20, 0xe, 0x67,
    0x0, 0xf0, 0xe2, 0x80, 0x7f, 0x4c, 0x80, 0x3f,
    0xd, 0x63, 0x10, 0x0, 0x4e, 0x39, 0x80, 0x38,

    /* U+00D4 "Ô" */
    0x0, 0xfe, 0x78, 0x71, 0x0, 0xff, 0xe2, 0x5c,
    0x3c, 0x68, 0x80, 0x7f, 0xf0, 0xad, 0x0, 0x23,
    0xc1, 0x0, 0xff, 0xe0, 0x62, 0x0, 0x20, 0x40,
    0xb0, 0x40, 0x3f, 0xd8, 0x60, 0xb, 0x7d, 0x10,
    0x2c, 0x10, 0xf, 0xd4, 0x60, 0xb, 0x40, 0x3d,
    0x10, 0x2c, 0x0, 0xfd, 0x5f, 0xf2, 0x0, 0x47,
    0xdf, 0xed, 0x0, 0xff, 0xf4, 0x1c, 0xef, 0xfb,
    0xad, 0xc4, 0x3, 0xfc, 0x35, 0x8c, 0x40, 0x1,
    0x48, 0xe6, 0x0, 0xfc, 0x38, 0xa0, 0x1f, 0xd3,
    0x20, 0xf, 0xb4, 0x80, 0x38, 0x40, 0x39, 0x9c,
    0x3, 0x98, 0xc0, 0x22, 0xbf, 0xee, 0x40, 0x6,
    0x82, 0x0, 0xd0, 0x1, 0x16, 0x20, 0x0, 0x5e,
    0xc0, 0x34, 0x0, 0x4a, 0x20, 0x14, 0x88, 0x7,
    0x23, 0x0, 0x4a, 0x20, 0xf, 0x0, 0x89, 0x0,
    0x3e, 0xb0, 0xc, 0xe0, 0x4, 0x0, 0x90, 0x3,
    0xf1, 0x10, 0x2, 0xc0, 0x11, 0x0, 0x5e, 0x1,
    0xfc, 0xe0, 0x13, 0x81, 0x0, 0x62, 0x0, 0xfe,
    0x20, 0x8, 0x81, 0xc0, 0x33, 0x80, 0x7f, 0x78,
    0x7, 0x8, 0x6, 0x10, 0xf, 0xe1, 0x0, 0xc2,
    0x1, 0xff, 0xf3, 0x10, 0xc, 0x20, 0x1f, 0xc2,
    0x1, 0xce, 0x1, 0xff, 0xc2, 0xf0, 0xc, 0x24,
    0x1, 0x98, 0x3, 0xf8, 0x80, 0x22, 0x1, 0x0,
    0xd8, 0x1, 0xfc, 0xe0, 0x13, 0x80, 0x10, 0x2,
    0x40, 0xf, 0xc4, 0x40, 0xb, 0x0, 0x1c, 0x1,
    0x12, 0x0, 0x7d, 0x40, 0x19, 0xc0, 0xa, 0x20,
    0x14, 0x80, 0x78, 0xdc, 0x2, 0x41, 0x0, 0xa0,
    0x2, 0x2d, 0x30, 0x9, 0xb0, 0x3, 0x48, 0x6,
    0x63, 0x0, 0x8b, 0x3b, 0x7e, 0x40, 0x34, 0x10,
    0x7, 0x69, 0x0, 0x61, 0x20, 0xe, 0x67, 0x0,
    0xf0, 0xe2, 0x80, 0x7f, 0x4c, 0x80, 0x3f, 0xd,
    0x63, 0x10, 0x0, 0x4e, 0x39, 0x80, 0x38,

    /* U+00D5 "Õ" */
    0x0, 0xf8, 0xc8, 0x3, 0x85, 0x48, 0x3, 0xf9,
    0x7b, 0x37, 0xe9, 0x0, 0x6e, 0xb4, 0x40, 0x3e,
    0x4a, 0x10, 0x9, 0x6f, 0xf9, 0x40, 0x84, 0x3,
    0xe8, 0x0, 0xff, 0xa0, 0x3, 0xf1, 0x82, 0x77,
    0xe3, 0x90, 0x0, 0x69, 0x40, 0x3f, 0x7d, 0xc8,
    0x81, 0xc6, 0xff, 0x71, 0x40, 0x3f, 0xc8, 0x40,
    0x1e, 0x10, 0xf, 0xff, 0x59, 0xce, 0xff, 0xba,
    0xdc, 0x40, 0x3f, 0xc3, 0x58, 0xc4, 0x0, 0x14,
    0x8e, 0x60, 0xf, 0xc3, 0x8a, 0x1, 0xfd, 0x32,
    0x0, 0xfb, 0x48, 0x3, 0x84, 0x3, 0x99, 0xc0,
    0x39, 0x8c, 0x2, 0x2b, 0xfe, 0xe4, 0x0, 0x68,
    0x20, 0xd, 0x0, 0x11, 0x62, 0x0, 0x5, 0xec,
    0x3, 0x40, 0x4, 0xa2, 0x1, 0x48, 0x80, 0x72,
    0x30, 0x4, 0xa2, 0x0, 0xf0, 0x8, 0x90, 0x3,
    0xeb, 0x0, 0xce, 0x0, 0x40, 0x9, 0x0, 0x3f,
    0x11, 0x0, 0x2c, 0x1, 0x10, 0x5, 0xe0, 0x1f,
    0xce, 0x1, 0x38, 0x10, 0x6, 0x20, 0xf, 0xe2,
    0x0, 0x88, 0x1c, 0x3, 0x38, 0x7, 0xf7, 0x80,
    0x70, 0x80, 0x61, 0x0, 0xfe, 0x10, 0xc, 0x20,
    0x1f, 0xff, 0x31, 0x0, 0xc2, 0x1, 0xfc, 0x20,
    0x1c, 0xe0, 0x1f, 0xfc, 0x2f, 0x0, 0xc2, 0x40,
    0x19, 0x80, 0x3f, 0x88, 0x2, 0x20, 0x10, 0xd,
    0x80, 0x1f, 0xce, 0x1, 0x38, 0x1, 0x0, 0x24,
    0x0, 0xfc, 0x44, 0x0, 0xb0, 0x1, 0xc0, 0x11,
    0x20, 0x7, 0xd4, 0x1, 0x9c, 0x0, 0xa2, 0x1,
    0x48, 0x7, 0x8d, 0xc0, 0x24, 0x10, 0xa, 0x0,
    0x22, 0xd3, 0x0, 0x9b, 0x0, 0x34, 0x80, 0x66,
    0x30, 0x8, 0xb3, 0xb7, 0xe4, 0x3, 0x41, 0x0,
    0x76, 0x90, 0x6, 0x12, 0x0, 0xe6, 0x70, 0xf,
    0xe, 0x28, 0x7, 0xf4, 0xc8, 0x3, 0xf0, 0xd6,
    0x31, 0x0, 0x4, 0xe3, 0x98, 0x3, 0x80,

    /* U+00D6 "Ö" */
    0x0, 0xe5, 0x62, 0x0, 0xe2, 0x65, 0x0, 0xfe,
    0xaa, 0x4e, 0x90, 0x4, 0x7b, 0x35, 0x40, 0xf,
    0xca, 0x1, 0x28, 0x5, 0x60, 0x12, 0x80, 0x7f,
    0xf0, 0x4, 0x2, 0xf0, 0x8, 0x40, 0x3f, 0x58,
    0x82, 0xb0, 0x4, 0xea, 0x3, 0x40, 0x1f, 0x93,
    0xbe, 0x80, 0x3a, 0xbf, 0x90, 0x3, 0xff, 0xd0,
    0x73, 0xbf, 0xee, 0xb7, 0x10, 0xf, 0xf0, 0xd6,
    0x31, 0x0, 0x5, 0x23, 0x98, 0x3, 0xf0, 0xe2,
    0x80, 0x7f, 0x4c, 0x80, 0x3e, 0xd2, 0x0, 0xe1,
    0x0, 0xe6, 0x70, 0xe, 0x63, 0x0, 0x8a, 0xff,
    0xb9, 0x0, 0x1a, 0x8, 0x3, 0x40, 0x4, 0x58,
    0x80, 0x1, 0x7b, 0x0, 0xd0, 0x1, 0x28, 0x80,
    0x52, 0x20, 0x1c, 0x8c, 0x1, 0x28, 0x80, 0x3c,
    0x2, 0x24, 0x0, 0xfa, 0xc0, 0x33, 0x80, 0x10,
    0x2, 0x40, 0xf, 0xc4, 0x40, 0xb, 0x0, 0x44,
    0x1, 0x78, 0x7, 0xf3, 0x80, 0x4e, 0x4, 0x1,
    0x88, 0x3, 0xf8, 0x80, 0x22, 0x7, 0x0, 0xce,
    0x1, 0xfd, 0xe0, 0x1c, 0x20, 0x18, 0x40, 0x3f,
    0x84, 0x3, 0x8, 0x7, 0xff, 0xcc, 0x40, 0x30,
    0x80, 0x7f, 0x8, 0x7, 0x38, 0x7, 0xff, 0xb,
    0xc0, 0x30, 0x90, 0x6, 0x60, 0xf, 0xe2, 0x0,
    0x88, 0x4, 0x3, 0x60, 0x7, 0xf3, 0x80, 0x4e,
    0x0, 0x40, 0x9, 0x0, 0x3f, 0x11, 0x0, 0x2c,
    0x0, 0x70, 0x4, 0x48, 0x1, 0xf5, 0x0, 0x67,
    0x0, 0x28, 0x80, 0x52, 0x1, 0xe3, 0x70, 0x9,
    0x4, 0x2, 0x80, 0x8, 0xb4, 0xc0, 0x26, 0xc0,
    0xd, 0x20, 0x19, 0x8c, 0x2, 0x2c, 0xed, 0xf9,
    0x0, 0xd0, 0x40, 0x1d, 0xa4, 0x1, 0x84, 0x80,
    0x39, 0x9c, 0x3, 0xc3, 0x8a, 0x1, 0xfd, 0x32,
    0x0, 0xfc, 0x35, 0x8c, 0x40, 0x1, 0x38, 0xe6,
    0x0, 0xe0,

    /* U+00D7 "×" */
    0x0, 0x39, 0x80, 0x7f, 0xa4, 0x40, 0x27, 0x8d,
    0x20, 0xf, 0xd6, 0xda, 0x0, 0x78, 0x1, 0xc2,
    0x0, 0xf5, 0x20, 0x1e, 0x1, 0x0, 0x43, 0x84,
    0x1, 0xa9, 0x40, 0x27, 0x5, 0x90, 0x8, 0x7c,
    0x40, 0x12, 0xa0, 0x12, 0x58, 0x1, 0xa4, 0x2,
    0x2c, 0x19, 0x60, 0x8, 0xec, 0x3, 0x34, 0x0,
    0x45, 0xec, 0x1, 0x1e, 0x0, 0x79, 0xdc, 0x1,
    0x8, 0x4, 0x5a, 0x1, 0xfa, 0x1c, 0x3, 0x8b,
    0x4, 0x3, 0xfb, 0x80, 0x39, 0x84, 0x3, 0xf9,
    0x64, 0x3, 0x92, 0xc0, 0x3f, 0x2d, 0x0, 0x7c,
    0x94, 0x1, 0xe4, 0xa0, 0x8, 0x71, 0x0, 0x25,
    0xa0, 0xc, 0x96, 0x1, 0xb4, 0xec, 0xc0, 0x25,
    0x90, 0x1, 0xd8, 0x6, 0xb3, 0x0, 0x61, 0x80,
    0x4d, 0x1, 0x40, 0x1a, 0xd0, 0x3, 0x69, 0x80,
    0x4c, 0x32, 0x80, 0xa, 0x40, 0xe, 0x1d, 0x20,
    0x1c, 0x10, 0xb4, 0xa5, 0x0, 0xf8, 0x70, 0xf4,
    0x80, 0x2b, 0x50, 0xf, 0xe1, 0xc3, 0x0, 0x0,

    /* U+00D8 "Ø" */
    0x0, 0xff, 0xe2, 0xf7, 0xf8, 0x80, 0x3c, 0x73,
    0xbf, 0xee, 0xb6, 0x0, 0x38, 0x83, 0x10, 0x6,
    0x1a, 0xc6, 0x20, 0x0, 0xa4, 0xf2, 0xc0, 0x2,
    0x0, 0x30, 0xe2, 0x80, 0x7e, 0x1a, 0x0, 0x40,
    0x80, 0x6d, 0x20, 0xe, 0x10, 0xf, 0xb, 0x80,
    0x67, 0x30, 0x8, 0xb3, 0xfb, 0x90, 0x1, 0x84,
    0x80, 0x34, 0x80, 0x45, 0x86, 0x0, 0x17, 0x80,
    0xd, 0x0, 0x12, 0x88, 0x5, 0x22, 0x1, 0xd4,
    0x1, 0x94, 0x40, 0x1c, 0x1, 0x12, 0x0, 0x73,
    0x10, 0x7, 0x38, 0x1, 0x40, 0x25, 0x0, 0xe1,
    0x80, 0x0, 0x80, 0x58, 0x2, 0x20, 0xb, 0x40,
    0x3a, 0x4, 0x1d, 0x0, 0x27, 0x2, 0x0, 0xcc,
    0x1, 0x89, 0x80, 0x60, 0x80, 0x22, 0x7, 0x0,
    0xc2, 0x1, 0xa4, 0x1, 0x61, 0xe0, 0x1c, 0x20,
    0x1f, 0x91, 0x0, 0x6a, 0x1, 0xe1, 0x0, 0xfe,
    0x90, 0x7, 0x80, 0x7f, 0xf1, 0x1c, 0x81, 0x4c,
    0x3, 0xff, 0x86, 0x30, 0x0, 0xb0, 0xf, 0xe1,
    0x0, 0xf4, 0x0, 0x20, 0x40, 0x3f, 0xb, 0x80,
    0x66, 0x26, 0x1, 0x70, 0xd, 0xe0, 0x1c, 0x40,
    0x18, 0xa4, 0x1, 0x60, 0x1c, 0x40, 0x11, 0x0,
    0x88, 0x2, 0x84, 0x3, 0x50, 0xe, 0x70, 0x9,
    0xc0, 0x8, 0x1, 0x8, 0x3, 0xc0, 0x38, 0x88,
    0x1, 0x60, 0x3, 0xc0, 0x39, 0x8c, 0x3, 0xac,
    0x3, 0x38, 0x1, 0x44, 0x3, 0x58, 0x7, 0x23,
    0x0, 0x48, 0x20, 0x14, 0x0, 0x6e, 0x30, 0x9,
    0xac, 0x3, 0x40, 0x6, 0x40, 0xc, 0x79, 0xdb,
    0xf2, 0x1, 0xa0, 0xc0, 0x34, 0x80, 0x78, 0x48,
    0x3, 0x99, 0xc0, 0x32, 0x20, 0xd, 0x40, 0x3f,
    0xc, 0xc8, 0x3, 0xa4, 0x1, 0xf5, 0x8c, 0x40,
    0x1, 0x48, 0xf6, 0x0, 0xe5, 0x20, 0x43, 0x3,
    0x9d, 0xff, 0x75, 0xb8, 0x80, 0x78, 0xdd, 0xd2,
    0x1, 0xff, 0xc5,

    /* U+00D9 "Ù" */
    0x0, 0x8f, 0xff, 0x58, 0x7, 0xff, 0x4, 0xec,
    0x2, 0x45, 0x0, 0xff, 0xe0, 0xa5, 0x0, 0x56,
    0x20, 0x1f, 0xfc, 0x15, 0x90, 0x0, 0xc0, 0x7,
    0xff, 0x9, 0xa0, 0x0, 0xc8, 0x1, 0xff, 0xc2,
    0x7c, 0xc9, 0x80, 0x3f, 0xf8, 0x66, 0x71, 0x0,
    0x7d, 0x1f, 0xf6, 0x80, 0x7e, 0x1f, 0xfc, 0xa0,
    0x1f, 0xff, 0x13, 0x0, 0xff, 0xff, 0x80, 0x7f,
    0xff, 0xc0, 0x3f, 0xfa, 0xe2, 0x1, 0xff, 0xff,
    0x10, 0xf, 0xfe, 0x50, 0x80, 0x7e, 0x20, 0xe,
    0xe0, 0xc, 0x40, 0x1f, 0x30, 0x6, 0x64, 0x0,
    0xc8, 0x1, 0xf7, 0x80, 0x63, 0x22, 0x0, 0x50,
    0x20, 0x1c, 0x6a, 0x1, 0x28, 0x2, 0xc0, 0x21,
    0xd2, 0x0, 0x93, 0x40, 0x34, 0x80, 0x18, 0xc0,
    0x23, 0xdd, 0x67, 0x58, 0x80, 0x4c, 0x60, 0x16,
    0x90, 0x6, 0x23, 0x10, 0xc, 0x92, 0x1, 0x87,
    0x10, 0x3, 0xf9, 0xec, 0x3, 0xc3, 0x78, 0xc4,
    0x0, 0x13, 0x7d, 0x80, 0xc,

    /* U+00DA "Ú" */
    0x0, 0xff, 0xf, 0x7f, 0xd8, 0x20, 0x1f, 0xfc,
    0xb, 0x10, 0x1, 0xe8, 0x80, 0x7f, 0xcc, 0xa0,
    0x3, 0xd1, 0x0, 0xff, 0x8a, 0x40, 0x7, 0x82,
    0x1, 0xff, 0xc0, 0x90, 0x1, 0xe0, 0x7, 0xff,
    0xa, 0xff, 0xd8, 0x1, 0xff, 0xce, 0x8f, 0xfb,
    0x40, 0x3f, 0xf, 0xfe, 0x50, 0xf, 0xff, 0x89,
    0x80, 0x7f, 0xff, 0xc0, 0x3f, 0xff, 0xe0, 0x1f,
    0xfd, 0x71, 0x0, 0xff, 0xff, 0x88, 0x7, 0xff,
    0x28, 0x40, 0x3f, 0x10, 0x7, 0x70, 0x6, 0x20,
    0xf, 0x98, 0x3, 0x32, 0x0, 0x64, 0x0, 0xfb,
    0xc0, 0x31, 0x91, 0x0, 0x28, 0x10, 0xe, 0x35,
    0x0, 0x94, 0x1, 0x60, 0x10, 0xe9, 0x0, 0x49,
    0xa0, 0x1a, 0x40, 0xc, 0x60, 0x11, 0xee, 0xb3,
    0xac, 0x40, 0x26, 0x30, 0xb, 0x48, 0x3, 0x11,
    0x88, 0x6, 0x49, 0x0, 0xc3, 0x88, 0x1, 0xfc,
    0xf6, 0x1, 0xe1, 0xbc, 0x62, 0x0, 0x9, 0xbe,
    0xc0, 0x6,

    /* U+00DB "Û" */
    0x0, 0xf8, 0x77, 0xfd, 0x40, 0x1f, 0xfc, 0x11,
    0xc2, 0x0, 0x2d, 0x0, 0x7f, 0xc5, 0xe4, 0x2,
    0x0, 0x5b, 0x0, 0xfe, 0x2c, 0x10, 0x1c, 0xa0,
    0x2, 0x58, 0x7, 0xc5, 0x82, 0x3, 0x84, 0xb4,
    0x0, 0x4b, 0x0, 0xf0, 0xb3, 0xbb, 0x8, 0x0,
    0xb6, 0xee, 0x31, 0x0, 0xe3, 0x88, 0x88, 0x3,
    0x24, 0x44, 0x20, 0x1f, 0xfc, 0x98, 0xff, 0xb4,
    0x3, 0xf0, 0xff, 0xe5, 0x0, 0xff, 0xf8, 0x98,
    0x7, 0xff, 0xfc, 0x3, 0xff, 0xfe, 0x1, 0xff,
    0xd7, 0x10, 0xf, 0xff, 0xf8, 0x80, 0x7f, 0xf2,
    0x84, 0x3, 0xf1, 0x0, 0x77, 0x0, 0x62, 0x0,
    0xf9, 0x80, 0x33, 0x20, 0x6, 0x40, 0xf, 0xbc,
    0x3, 0x19, 0x10, 0x2, 0x81, 0x0, 0xe3, 0x50,
    0x9, 0x40, 0x16, 0x1, 0xe, 0x90, 0x4, 0x9a,
    0x1, 0xa4, 0x0, 0xc6, 0x1, 0x1e, 0xeb, 0x3a,
    0xc4, 0x2, 0x63, 0x0, 0xb4, 0x80, 0x31, 0x18,
    0x80, 0x64, 0x90, 0xc, 0x38, 0x80, 0x1f, 0xcf,
    0x60, 0x1e, 0x1b, 0xc6, 0x20, 0x0, 0x9b, 0xec,
    0x0, 0x60,

    /* U+00DC "Ü" */
    0x0, 0x8b, 0x3f, 0x8, 0x3, 0x3f, 0x7b, 0x80,
    0x7a, 0xc, 0xe, 0x40, 0x22, 0x81, 0x8, 0x30,
    0xe, 0x60, 0x9, 0xc0, 0x21, 0x0, 0xce, 0x1,
    0xd4, 0x1, 0x50, 0x4, 0x64, 0x0, 0x24, 0x0,
    0xe6, 0xc9, 0xc6, 0x0, 0xdb, 0x32, 0xc0, 0xf,
    0x8d, 0x8c, 0x3, 0xcc, 0xc1, 0x0, 0xff, 0xe5,
    0x47, 0xfd, 0xa0, 0x1f, 0x87, 0xff, 0x28, 0x7,
    0xff, 0xc4, 0xc0, 0x3f, 0xff, 0xe0, 0x1f, 0xff,
    0xf0, 0xf, 0xfe, 0xb8, 0x80, 0x7f, 0xff, 0xc4,
    0x3, 0xff, 0x94, 0x20, 0x1f, 0x88, 0x3, 0xb8,
    0x3, 0x10, 0x7, 0xcc, 0x1, 0x99, 0x0, 0x32,
    0x0, 0x7d, 0xe0, 0x18, 0xc8, 0x80, 0x14, 0x8,
    0x7, 0x1a, 0x80, 0x4a, 0x0, 0xb0, 0x8, 0x74,
    0x80, 0x24, 0xd0, 0xd, 0x20, 0x6, 0x30, 0x8,
    0xf7, 0x59, 0xd6, 0x20, 0x13, 0x18, 0x5, 0xa4,
    0x1, 0x88, 0xc4, 0x3, 0x24, 0x80, 0x61, 0xc4,
    0x0, 0xfe, 0x7b, 0x0, 0xf0, 0xde, 0x31, 0x0,
    0x4, 0xdf, 0x60, 0x3, 0x0,

    /* U+00DD "Ý" */
    0x0, 0xff, 0xe0, 0x1d, 0xde, 0x70, 0xf, 0xfe,
    0x2f, 0x22, 0x4e, 0xe0, 0xf, 0xfe, 0x24, 0x10,
    0x1, 0x30, 0x3, 0xff, 0x88, 0x6e, 0x0, 0x4b,
    0x0, 0xff, 0xe2, 0xf0, 0x1, 0x2c, 0x3, 0xff,
    0x8a, 0x33, 0x77, 0x0, 0x7f, 0xf1, 0x85, 0x12,
    0x0, 0xff, 0xbb, 0xff, 0x0, 0x7f, 0x87, 0xff,
    0x68, 0x2, 0x40, 0x33, 0x80, 0x7f, 0x48, 0x6,
    0xb0, 0x3, 0x80, 0x6a, 0x0, 0xfe, 0x60, 0x8,
    0x58, 0x2, 0x70, 0x8, 0x90, 0x3, 0xe5, 0x10,
    0xa, 0x40, 0x34, 0x80, 0x6f, 0x0, 0xfa, 0x40,
    0x21, 0x70, 0xc, 0x2c, 0x1, 0x21, 0x0, 0x71,
    0x98, 0x2, 0x60, 0xf, 0x58, 0x6, 0xb0, 0xe,
    0x90, 0xd, 0x20, 0x1e, 0x25, 0x0, 0x98, 0x3,
    0xa, 0x80, 0x4c, 0x20, 0x1f, 0x48, 0x6, 0x70,
    0xa, 0x40, 0x34, 0x0, 0x7e, 0x34, 0x0, 0xa8,
    0x2, 0x60, 0x9, 0x44, 0x3, 0xfa, 0x0, 0x22,
    0x40, 0x51, 0x0, 0xa0, 0x3, 0xfc, 0x66, 0x0,
    0xbc, 0x24, 0x2, 0x42, 0x0, 0xff, 0xa0, 0x2,
    0x45, 0x30, 0xa, 0x0, 0x3f, 0xf8, 0x8, 0x40,
    0x15, 0x0, 0x46, 0x60, 0xf, 0xfe, 0xc, 0x0,
    0x7d, 0x0, 0x1f, 0xfc, 0x25, 0x10, 0xe, 0x24,
    0x0, 0xff, 0xe1, 0xc0, 0x7, 0x40, 0x7, 0xff,
    0x11, 0x84, 0x2, 0x25, 0x0, 0xff, 0xe2, 0x90,
    0x4, 0xe0, 0x1f, 0xff, 0xf0, 0xf, 0xfe, 0x21,
    0x80, 0x7f, 0xff, 0xc0, 0x3f, 0xfc, 0xa0,

    /* U+00DE "Þ" */
    0x3f, 0xfc, 0x60, 0x1f, 0xff, 0xf0, 0xf, 0xfe,
    0x67, 0xdd, 0xea, 0x97, 0x30, 0xf, 0xf8, 0xd1,
    0x32, 0xb4, 0x66, 0xa8, 0x7, 0xff, 0x18, 0xaa,
    0x80, 0x1f, 0xfc, 0x75, 0xa0, 0xf, 0xb3, 0xff,
    0xb1, 0x80, 0x32, 0xa8, 0x3, 0xff, 0x80, 0x73,
    0x60, 0x1a, 0x40, 0x3f, 0xf8, 0x48, 0xc0, 0x11,
    0x88, 0x7, 0xff, 0xa, 0x80, 0x32, 0x80, 0x7f,
    0xf0, 0x88, 0x3, 0x8, 0x7, 0xff, 0x8, 0xc0,
    0x30, 0x80, 0x7f, 0xf0, 0x90, 0x3, 0x30, 0x7,
    0xff, 0x4, 0x60, 0x2, 0x12, 0x0, 0xff, 0xe0,
    0x26, 0x8, 0x5, 0x20, 0x1e, 0xfb, 0xbe, 0xeb,
    0x20, 0x8, 0x9c, 0x3, 0xc6, 0x89, 0xc2, 0x1,
    0x87, 0xc0, 0x3f, 0xf8, 0xab, 0xe4, 0x1, 0xff,
    0xc1, 0x14, 0x7d, 0xa1, 0x0, 0xfd, 0x9f, 0xfd,
    0xd7, 0x4, 0x1, 0xff, 0xff, 0x0, 0xff, 0xe9,
    0x0,

    /* U+00DF "ß" */
    0x0, 0xc7, 0x3b, 0xfe, 0xea, 0x50, 0xf, 0xf4,
    0xe3, 0x10, 0x0, 0x56, 0xb0, 0x40, 0x3e, 0xb6,
    0x0, 0xfc, 0x78, 0x1, 0xe7, 0x40, 0xc, 0x24,
    0x1, 0x8a, 0x0, 0x30, 0xc0, 0x6, 0xae, 0xda,
    0x0, 0xcc, 0x1, 0x9c, 0x3, 0x5a, 0x80, 0x15,
    0x40, 0x10, 0x88, 0x2, 0xc0, 0x8, 0x90, 0x3,
    0x78, 0x6, 0x20, 0x9, 0xc0, 0x24, 0x0, 0xff,
    0x8, 0x4, 0x60, 0x10, 0x80, 0x76, 0x80, 0x62,
    0x0, 0x84, 0x2, 0xf0, 0xe, 0x50, 0x9, 0x40,
    0x3f, 0xf8, 0x2c, 0x40, 0x14, 0x80, 0x7f, 0xf0,
    0x6c, 0x2, 0x53, 0x0, 0xff, 0xe0, 0x19, 0x0,
    0x52, 0x1, 0xff, 0xc1, 0x50, 0xc, 0x60, 0x1f,
    0xfc, 0x61, 0x0, 0xff, 0xe0, 0xa8, 0x6, 0x80,
    0xf, 0xfe, 0x9, 0x90, 0x4, 0xca, 0x1, 0xff,
    0xc1, 0x90, 0xd, 0x48, 0x1, 0xff, 0xc0, 0x48,
    0x0, 0xd6, 0x80, 0x1f, 0xfc, 0x7, 0x70, 0x6,
    0xa1, 0x0, 0xff, 0xe0, 0x43, 0x80, 0x43, 0x0,
    0x1f, 0xfc, 0x18, 0x30, 0x9, 0x80, 0x3f, 0xf8,
    0x50, 0x1, 0x8c, 0x3, 0xff, 0x82, 0xc0, 0x19,
    0xc0, 0x3f, 0xf8, 0x2e, 0x1, 0x9c, 0x3, 0xc7,
    0x24, 0x1, 0xc, 0x0, 0x63, 0x0, 0xf2, 0x36,
    0xea, 0xed, 0xc4, 0x1, 0x28, 0x7, 0xd8, 0x0,
    0x24, 0x40, 0x7, 0x58, 0x7, 0xca, 0x1, 0xf8,
    0x70, 0x40, 0x3e, 0xb6, 0x31, 0x0, 0x9, 0xc7,
    0x18, 0x0,

    /* U+00E0 "à" */
    0x0, 0xaf, 0xff, 0x18, 0x7, 0xff, 0x6, 0xcc,
    0x2, 0xf0, 0xf, 0xfe, 0x16, 0x10, 0x0, 0xdc,
    0x3, 0xff, 0x85, 0x84, 0x0, 0x81, 0x0, 0xff,
    0xe0, 0x8f, 0x88, 0x2, 0x80, 0x3f, 0xf8, 0x45,
    0xf9, 0x88, 0x0, 0xff, 0xe1, 0x89, 0x9c, 0x1,
    0xff, 0xd3, 0x16, 0xbe, 0xff, 0x76, 0x41, 0x0,
    0x7e, 0x6e, 0x94, 0x10, 0x0, 0x9b, 0xec, 0x80,
    0x7a, 0x24, 0x3, 0xfc, 0xd8, 0x1, 0x95, 0xc0,
    0x32, 0xbb, 0x90, 0x3, 0x1c, 0x0, 0x50, 0x1,
    0xe, 0xd4, 0x42, 0xf4, 0x80, 0x27, 0x0, 0x9,
    0x0, 0x52, 0x40, 0x18, 0xa4, 0x3, 0x20, 0xe,
    0xee, 0x70, 0xf, 0x20, 0x6, 0x30, 0x1, 0x16,
    0x0, 0xff, 0xe3, 0xac, 0xde, 0xeb, 0xba, 0x0,
    0xfe, 0x8f, 0xa6, 0x42, 0x20, 0x8c, 0x1, 0xf0,
    0xe3, 0x80, 0x7f, 0xf1, 0x2c, 0xc0, 0x24, 0xae,
    0xff, 0xc0, 0x1e, 0x25, 0x0, 0x9e, 0xd4, 0x40,
    0x3f, 0xc8, 0x1, 0xa0, 0x3, 0xff, 0x83, 0xc0,
    0x10, 0x80, 0x7f, 0xf1, 0x84, 0x40, 0x1e, 0x70,
    0xf, 0x68, 0x6, 0xa1, 0x0, 0x86, 0x60, 0x3,
    0xca, 0x20, 0x12, 0x75, 0xd6, 0x73, 0x0, 0x77,
    0x80, 0x2c, 0x3, 0x91, 0x4c, 0x3, 0xe2, 0x0,
    0x2d, 0x0, 0x7e, 0x1b, 0x40, 0x9, 0xc0, 0x25,
    0xe8, 0x30, 0x0, 0x9c, 0x72, 0x60, 0x4, 0x44,

    /* U+00E1 "á" */
    0x0, 0xff, 0x47, 0xfe, 0x60, 0xf, 0xfe, 0x1,
    0x38, 0x5, 0xc, 0x1, 0xff, 0xc0, 0xe0, 0x9,
    0xdc, 0x1, 0xff, 0xc0, 0x63, 0x0, 0x34, 0x0,
    0x7f, 0xf0, 0x6, 0x40, 0xb, 0x20, 0x1f, 0xfc,
    0x12, 0x88, 0xa8, 0x3, 0xff, 0x84, 0x6e, 0xf0,
    0x7, 0xff, 0x4c, 0x5a, 0xfb, 0xfd, 0xd9, 0x4,
    0x1, 0xf9, 0xba, 0x50, 0x40, 0x2, 0x6f, 0xb2,
    0x1, 0xe8, 0x90, 0xf, 0xf3, 0x60, 0x6, 0x57,
    0x0, 0xca, 0xee, 0x40, 0xc, 0x70, 0x1, 0x40,
    0x4, 0x3b, 0x51, 0xb, 0xd2, 0x0, 0x9c, 0x0,
    0x24, 0x1, 0x49, 0x0, 0x62, 0x90, 0xc, 0x80,
    0x3b, 0xb9, 0xc0, 0x3c, 0x80, 0x18, 0xc0, 0x4,
    0x58, 0x3, 0xff, 0x8e, 0xb3, 0x7b, 0xae, 0xe8,
    0x3, 0xfa, 0x3e, 0x99, 0x8, 0x82, 0x30, 0x7,
    0xc3, 0x8e, 0x1, 0xff, 0xc4, 0xb3, 0x0, 0x92,
    0xbb, 0xff, 0x0, 0x78, 0x94, 0x2, 0x7b, 0x51,
    0x0, 0xff, 0x20, 0x6, 0x80, 0xf, 0xfe, 0xf,
    0x0, 0x42, 0x1, 0xff, 0xc6, 0x11, 0x0, 0x79,
    0xc0, 0x3d, 0xa0, 0x1a, 0x84, 0x2, 0x19, 0x80,
    0xf, 0x28, 0x80, 0x49, 0xd7, 0x59, 0xcc, 0x1,
    0xde, 0x0, 0xb0, 0xe, 0x45, 0x30, 0xf, 0x88,
    0x0, 0xb4, 0x1, 0xf8, 0x6d, 0x0, 0x27, 0x0,
    0x97, 0xa0, 0xc0, 0x2, 0x71, 0xc9, 0x80, 0x11,
    0x10,

    /* U+00E2 "â" */
    0x0, 0xfa, 0x3f, 0xdc, 0x40, 0x1f, 0xfc, 0x18,
    0x70, 0x0, 0xe1, 0x80, 0x7f, 0xd2, 0xe0, 0x1,
    0x1, 0xc3, 0x0, 0xfe, 0x96, 0x0, 0x47, 0x90,
    0x3, 0xc, 0x3, 0xe9, 0x60, 0x4, 0x38, 0xe1,
    0x0, 0x31, 0x0, 0x3c, 0x2e, 0xea, 0x70, 0x0,
    0xe4, 0x3b, 0x84, 0x3, 0xd1, 0x12, 0x80, 0x61,
    0x78, 0x82, 0x80, 0x7f, 0xf8, 0x45, 0xaf, 0xbf,
    0xdd, 0x90, 0x40, 0x1f, 0x9b, 0xa5, 0x4, 0x0,
    0x26, 0xfb, 0x20, 0x1e, 0x89, 0x0, 0xff, 0x36,
    0x0, 0x65, 0x70, 0xc, 0xae, 0xe4, 0x0, 0xc7,
    0x0, 0x14, 0x0, 0x43, 0xb5, 0x10, 0xbd, 0x20,
    0x9, 0xc0, 0x2, 0x40, 0x14, 0x90, 0x6, 0x29,
    0x0, 0xc8, 0x3, 0xbb, 0x9c, 0x3, 0xc8, 0x1,
    0x8c, 0x0, 0x45, 0x80, 0x3f, 0xf8, 0xeb, 0x37,
    0xba, 0xee, 0x80, 0x3f, 0xa3, 0xe9, 0x90, 0x88,
    0x23, 0x0, 0x7c, 0x38, 0xe0, 0x1f, 0xfc, 0x4b,
    0x30, 0x9, 0x2b, 0xbf, 0xf0, 0x7, 0x89, 0x40,
    0x27, 0xb5, 0x10, 0xf, 0xf2, 0x0, 0x68, 0x0,
    0xff, 0xe0, 0xf0, 0x4, 0x20, 0x1f, 0xfc, 0x61,
    0x10, 0x7, 0x9c, 0x3, 0xda, 0x1, 0xa8, 0x40,
    0x21, 0x98, 0x0, 0xf2, 0x88, 0x4, 0x9d, 0x75,
    0x9c, 0xc0, 0x1d, 0xe0, 0xb, 0x0, 0xe4, 0x53,
    0x0, 0xf8, 0x80, 0xb, 0x40, 0x1f, 0x86, 0xd0,
    0x2, 0x70, 0x9, 0x7a, 0xc, 0x0, 0x27, 0x1c,
    0x98, 0x1, 0x11, 0x0,

    /* U+00E3 "ã" */
    0x0, 0xff, 0xe0, 0x88, 0x7, 0xf2, 0x67, 0xeb,
    0x0, 0x69, 0xfa, 0x0, 0xf1, 0xd9, 0x81, 0x4e,
    0xa8, 0x1b, 0x80, 0x80, 0x7b, 0xc0, 0x38, 0xab,
    0xf0, 0x1, 0xa0, 0x1c, 0x46, 0x7, 0x74, 0x80,
    0x1c, 0x4c, 0x1, 0xcc, 0x0, 0xe4, 0x5b, 0xa2,
    0x0, 0x26, 0x0, 0x79, 0x3e, 0xc8, 0x2, 0x5d,
    0xef, 0xb1, 0x0, 0xfc, 0x80, 0x1e, 0x10, 0xf,
    0xff, 0x28, 0xb5, 0xf7, 0xfb, 0xb2, 0x8, 0x3,
    0xf3, 0x74, 0xa0, 0x80, 0x4, 0xdf, 0x64, 0x3,
    0xd1, 0x20, 0x1f, 0xe6, 0xc0, 0xc, 0xae, 0x1,
    0x95, 0xdc, 0x80, 0x18, 0xe0, 0x2, 0x80, 0x8,
    0x76, 0xa2, 0x17, 0xa4, 0x1, 0x38, 0x0, 0x48,
    0x2, 0x92, 0x0, 0xc5, 0x20, 0x19, 0x0, 0x77,
    0x73, 0x80, 0x79, 0x0, 0x31, 0x80, 0x8, 0xb0,
    0x7, 0xff, 0x1d, 0x66, 0xf7, 0x5d, 0xd0, 0x7,
    0xf4, 0x7d, 0x32, 0x11, 0x4, 0x60, 0xf, 0x87,
    0x1c, 0x3, 0xff, 0x89, 0x66, 0x1, 0x25, 0x77,
    0xfe, 0x0, 0xf1, 0x28, 0x4, 0xf6, 0xa2, 0x1,
    0xfe, 0x40, 0xd, 0x0, 0x1f, 0xfc, 0x1e, 0x0,
    0x84, 0x3, 0xff, 0x8c, 0x22, 0x0, 0xf3, 0x80,
    0x7b, 0x40, 0x35, 0x8, 0x4, 0x33, 0x0, 0x1e,
    0x51, 0x0, 0x93, 0xae, 0xb3, 0x98, 0x3, 0xbc,
    0x1, 0x60, 0x1c, 0x8a, 0x60, 0x1f, 0x10, 0x1,
    0x68, 0x3, 0xf0, 0xda, 0x0, 0x4e, 0x1, 0x2f,
    0x41, 0x80, 0x4, 0xe3, 0x93, 0x0, 0x22, 0x20,

    /* U+00E4 "ä" */
    0x0, 0xa3, 0xf9, 0x80, 0x31, 0x67, 0xe0, 0x80,
    0x71, 0xb8, 0xc, 0x90, 0x5, 0x26, 0x7, 0x60,
    0x1c, 0xc0, 0x18, 0x40, 0x27, 0x0, 0x98, 0x3,
    0x90, 0x40, 0x4, 0x60, 0x15, 0x0, 0x54, 0x1,
    0xc3, 0xf3, 0x2d, 0x0, 0xcd, 0x73, 0x8c, 0x1,
    0xe1, 0x66, 0x0, 0x79, 0x18, 0xc0, 0x3f, 0xfc,
    0x42, 0xd7, 0xdf, 0xee, 0xc8, 0x20, 0xf, 0xcd,
    0xd2, 0x82, 0x0, 0x13, 0x7d, 0x90, 0xf, 0x44,
    0x80, 0x7f, 0x9b, 0x0, 0x32, 0xb8, 0x6, 0x57,
    0x72, 0x0, 0x63, 0x80, 0xa, 0x0, 0x21, 0xda,
    0x88, 0x5e, 0x90, 0x4, 0xe0, 0x1, 0x20, 0xa,
    0x48, 0x3, 0x14, 0x80, 0x64, 0x1, 0xdd, 0xce,
    0x1, 0xe4, 0x0, 0xc6, 0x0, 0x22, 0xc0, 0x1f,
    0xfc, 0x75, 0x9b, 0xdd, 0x77, 0x40, 0x1f, 0xd1,
    0xf4, 0xc8, 0x44, 0x11, 0x80, 0x3e, 0x1c, 0x70,
    0xf, 0xfe, 0x25, 0x98, 0x4, 0x95, 0xdf, 0xf8,
    0x3, 0xc4, 0xa0, 0x13, 0xda, 0x88, 0x7, 0xf9,
    0x0, 0x34, 0x0, 0x7f, 0xf0, 0x78, 0x2, 0x10,
    0xf, 0xfe, 0x30, 0x88, 0x3, 0xce, 0x1, 0xed,
    0x0, 0xd4, 0x20, 0x10, 0xcc, 0x0, 0x79, 0x44,
    0x2, 0x4e, 0xba, 0xce, 0x60, 0xe, 0xf0, 0x5,
    0x80, 0x72, 0x29, 0x80, 0x7c, 0x40, 0x5, 0xa0,
    0xf, 0xc3, 0x68, 0x1, 0x38, 0x4, 0xbd, 0x6,
    0x0, 0x13, 0x8e, 0x4c, 0x0, 0x88, 0x80,

    /* U+00E5 "å" */
    0x0, 0xfa, 0x3b, 0xf1, 0x0, 0x3f, 0xf8, 0x36,
    0xe0, 0x66, 0xb5, 0x0, 0xff, 0x95, 0xb, 0xf2,
    0xc2, 0x0, 0x3f, 0xed, 0xa, 0x10, 0x41, 0x21,
    0x0, 0xff, 0xe0, 0x78, 0x4, 0x20, 0x1f, 0xfc,
    0xb, 0x6, 0x30, 0x80, 0x31, 0x0, 0xff, 0x1b,
    0xe, 0x7b, 0x87, 0x80, 0x7f, 0xf0, 0x26, 0x95,
    0x1f, 0x8c, 0x3, 0xff, 0x82, 0xb5, 0x70, 0x20,
    0x1f, 0xfd, 0x21, 0x6b, 0xef, 0xf7, 0x64, 0x10,
    0x7, 0xe6, 0xe9, 0x41, 0x0, 0x9, 0xbe, 0xc8,
    0x7, 0xa2, 0x40, 0x3f, 0xcd, 0x80, 0x19, 0x5c,
    0x3, 0x2b, 0xb9, 0x0, 0x31, 0xc0, 0x5, 0x0,
    0x10, 0xed, 0x44, 0x2f, 0x48, 0x2, 0x70, 0x0,
    0x90, 0x5, 0x24, 0x1, 0x8a, 0x40, 0x32, 0x0,
    0xee, 0xe7, 0x0, 0xf2, 0x0, 0x63, 0x0, 0x11,
    0x60, 0xf, 0xfe, 0x3a, 0xcd, 0xee, 0xbb, 0xa0,
    0xf, 0xe8, 0xfa, 0x64, 0x22, 0x8, 0xc0, 0x1f,
    0xe, 0x38, 0x7, 0xff, 0x12, 0xcc, 0x2, 0x4a,
    0xef, 0xfc, 0x1, 0xe2, 0x50, 0x9, 0xed, 0x44,
    0x3, 0xfc, 0x80, 0x1a, 0x0, 0x3f, 0xf8, 0x3c,
    0x1, 0x8, 0x7, 0xff, 0x18, 0x44, 0x1, 0xe7,
    0x0, 0xf6, 0x80, 0x6a, 0x10, 0x8, 0x66, 0x0,
    0x3c, 0xa2, 0x1, 0x27, 0x5d, 0x67, 0x30, 0x7,
    0x78, 0x2, 0xc0, 0x39, 0x14, 0xc0, 0x3e, 0x20,
    0x2, 0xd0, 0x7, 0xe1, 0xb4, 0x0, 0x9c, 0x2,
    0x5e, 0x83, 0x0, 0x9, 0xc7, 0x26, 0x0, 0x44,
    0x40,

    /* U+00E6 "æ" */
    0x0, 0xcd, 0x9f, 0xee, 0xb4, 0x0, 0x3e, 0x7f,
    0xb6, 0x4, 0x3, 0x87, 0x64, 0xc0, 0x2, 0x97,
    0x3b, 0x6, 0x0, 0x27, 0xf2, 0x0, 0xda, 0x40,
    0x1f, 0x31, 0x0, 0x78, 0x7c, 0x2, 0x53, 0x0,
    0x85, 0x4, 0x3, 0xc8, 0x40, 0x11, 0x30, 0x3,
    0xc0, 0x22, 0xeb, 0xf0, 0xe, 0xdb, 0xd6, 0x0,
    0xa8, 0x0, 0xc0, 0x15, 0x0, 0x5, 0x0, 0x25,
    0x20, 0x4, 0x0, 0x46, 0x0, 0xcf, 0xf9, 0xc0,
    0x21, 0x0, 0xb0, 0x2, 0x10, 0xc, 0x20, 0x1f,
    0xfc, 0x13, 0x0, 0xfc, 0x60, 0x1e, 0x13, 0x41,
    0x0, 0xb5, 0x13, 0x0, 0x7e, 0x18, 0xde, 0xcb,
    0x40, 0x9, 0xee, 0xf0, 0x7, 0xc9, 0xee, 0x40,
    0x1f, 0xfc, 0x62, 0xb1, 0x0, 0xff, 0xe4, 0x40,
    0x6, 0x4c, 0xf5, 0x0, 0xab, 0xff, 0xf1, 0x2,
    0x80, 0x47, 0x66, 0x1, 0xff, 0xc3, 0x20, 0xd,
    0x20, 0x1f, 0x10, 0x7, 0xff, 0x8, 0x40, 0x3e,
    0xc0, 0xf, 0xe3, 0x0, 0xdc, 0x1, 0x8, 0x4,
    0x8e, 0x1, 0x85, 0xc0, 0x2, 0x40, 0x12, 0xed,
    0x6a, 0x0, 0x68, 0xeb, 0xac, 0xe8, 0x10, 0x5,
    0x80, 0x62, 0x52, 0x0, 0x10, 0x4, 0x28, 0xa6,
    0x0, 0x70, 0x3, 0x30, 0x3, 0xeb, 0xf2, 0x0,
    0xfc, 0x20, 0x14, 0xda, 0x8, 0xa, 0xea, 0x16,
    0xc1, 0x80, 0x4, 0xdf, 0x5c, 0x0,

    /* U+00E7 "ç" */
    0x0, 0xe2, 0x8c, 0xef, 0xf6, 0xc9, 0x80, 0x7f,
    0x46, 0xb9, 0x88, 0x0, 0x9b, 0x2c, 0x40, 0x3d,
    0x6e, 0x1, 0xfc, 0x9e, 0x40, 0x1a, 0x90, 0x3,
    0x12, 0x18, 0x6, 0x1e, 0x0, 0x91, 0x40, 0x22,
    0xdd, 0x5e, 0x6a, 0x0, 0x46, 0xa0, 0x8, 0x0,
    0x87, 0x8, 0x2, 0x2b, 0x30, 0xb, 0x80, 0x4c,
    0x2, 0x91, 0x0, 0xf4, 0x80, 0x48, 0x8, 0x1,
    0x94, 0x3, 0xe7, 0x44, 0xc1, 0xa0, 0x18, 0x80,
    0x3e, 0x2b, 0xbc, 0x2, 0x1, 0x10, 0x7, 0xff,
    0x8, 0xc0, 0x3f, 0xf8, 0xc6, 0x1, 0xff, 0xc6,
    0x10, 0x8, 0xc0, 0x3f, 0xf8, 0x5a, 0x1, 0x8,
    0x80, 0x3f, 0x8, 0xe0, 0x40, 0xc, 0xe0, 0x1f,
    0x1f, 0x76, 0x1, 0x40, 0xa, 0x0, 0x3e, 0x90,
    0x8, 0x80, 0x1e, 0x1, 0xe, 0x8, 0x6, 0x85,
    0x0, 0xa8, 0x0, 0x8a, 0x1, 0x1f, 0x5d, 0x5f,
    0xb8, 0x4, 0x4e, 0x1, 0x52, 0x0, 0x64, 0x54,
    0x0, 0xc5, 0x80, 0x1d, 0x6e, 0x1, 0xfc, 0xb8,
    0x20, 0x1e, 0x8d, 0x73, 0x0, 0x89, 0xb6, 0x84,
    0x3, 0xf1, 0x47, 0x0, 0x55, 0x24, 0x1, 0xff,
    0xc0, 0x40, 0xa, 0x38, 0x80, 0x3f, 0xf8, 0xd,
    0x90, 0x0, 0x19, 0x0, 0xff, 0xe0, 0x9b, 0x98,
    0x1, 0x40, 0x3f, 0xf8, 0x42, 0x40, 0x3, 0x0,
    0xff, 0xe0, 0x15, 0x70, 0x80, 0x14, 0x3, 0xff,
    0x80, 0x2a, 0x1, 0x24, 0x0, 0x7f, 0xf0, 0x4,
    0x5, 0x6e, 0xc0, 0x1e,

    /* U+00E8 "è" */
    0x0, 0xab, 0xff, 0x18, 0x7, 0xff, 0x6, 0x90,
    0x2, 0xe0, 0xf, 0xfe, 0x15, 0x98, 0x0, 0x9c,
    0x3, 0xff, 0x85, 0xa4, 0x0, 0x82, 0x0, 0xff,
    0xe0, 0x8f, 0x88, 0x2, 0x40, 0x3f, 0xf8, 0x45,
    0xf9, 0x88, 0x0, 0xff, 0xe1, 0x89, 0x9c, 0x1,
    0xff, 0xd5, 0x6b, 0xef, 0xf6, 0xca, 0x0, 0x7f,
    0x2f, 0x4a, 0x8, 0x0, 0x9a, 0xec, 0x20, 0x1e,
    0x9a, 0x10, 0xf, 0xc9, 0xe4, 0x1, 0x9d, 0x80,
    0x31, 0x21, 0x80, 0x61, 0xf0, 0x8, 0xe0, 0x2,
    0x1b, 0xdb, 0xce, 0x60, 0x8, 0x9c, 0x1, 0x0,
    0x1b, 0x10, 0x2, 0x19, 0x50, 0xa, 0x40, 0x50,
    0x2, 0x82, 0x0, 0xf4, 0x0, 0x42, 0x6e, 0x1,
    0x98, 0x3, 0xe2, 0x20, 0x4, 0xbe, 0x1, 0xa6,
    0x23, 0xf1, 0x80, 0x5e, 0x40, 0x19, 0xdf, 0xf8,
    0x40, 0x23, 0x0, 0xff, 0xed, 0x8, 0x4, 0x5f,
    0xff, 0xfc, 0x1a, 0xd0, 0x8, 0x84, 0x3, 0xff,
    0x82, 0x80, 0x1a, 0x40, 0x3f, 0xf8, 0x26, 0x40,
    0x13, 0xa0, 0x7, 0xea, 0x90, 0xa, 0x40, 0x35,
    0xb8, 0x7, 0x26, 0x2b, 0x48, 0x1, 0x18, 0x3,
    0x47, 0xe5, 0x5f, 0x59, 0x80, 0x1c, 0x40, 0x12,
    0xc0, 0x1c, 0x6a, 0x82, 0x1, 0xe, 0x88, 0x5,
    0x32, 0x10, 0xf, 0xe5, 0xf3, 0x0, 0xe6, 0xea,
    0x52, 0x0, 0x9, 0xbe, 0x50, 0x80, 0x0,

    /* U+00E9 "é" */
    0x0, 0xff, 0x47, 0xfe, 0x60, 0xf, 0xfe, 0x1,
    0x38, 0x5, 0xc, 0x1, 0xff, 0xc0, 0xe0, 0x9,
    0xdc, 0x1, 0xff, 0xc0, 0x63, 0x0, 0x34, 0x0,
    0x7f, 0xf0, 0x6, 0x0, 0xb, 0x20, 0x1f, 0xfc,
    0x12, 0x98, 0x85, 0x0, 0x7f, 0xf0, 0x8d, 0xde,
    0x0, 0xff, 0xea, 0xb5, 0xf7, 0xfb, 0x65, 0x0,
    0x3f, 0x97, 0xa5, 0x4, 0x0, 0x4d, 0x76, 0x10,
    0xf, 0x4d, 0x8, 0x7, 0xe4, 0xf2, 0x0, 0xce,
    0xc0, 0x18, 0x90, 0xc0, 0x30, 0xf8, 0x4, 0x70,
    0x1, 0xd, 0xed, 0xe7, 0x30, 0x4, 0x4e, 0x0,
    0x80, 0xd, 0x88, 0x1, 0xc, 0xa8, 0x5, 0x20,
    0x28, 0x1, 0x41, 0x0, 0x7a, 0x0, 0x21, 0x37,
    0x0, 0xcc, 0x1, 0xf1, 0x10, 0x2, 0x5f, 0x0,
    0xd3, 0x11, 0xf8, 0xc0, 0x2f, 0x20, 0xc, 0xef,
    0xfc, 0x20, 0x11, 0x80, 0x7f, 0xf6, 0x84, 0x2,
    0x2f, 0xff, 0xfe, 0xd, 0x68, 0x4, 0x42, 0x1,
    0xff, 0xc1, 0x40, 0xd, 0x20, 0x1f, 0xfc, 0x13,
    0x20, 0x9, 0xd0, 0x3, 0xf5, 0x48, 0x5, 0x20,
    0x1a, 0xdc, 0x3, 0x93, 0x15, 0xa4, 0x0, 0x8c,
    0x1, 0xa3, 0xf2, 0xaf, 0xac, 0xc0, 0xe, 0x20,
    0x9, 0x60, 0xe, 0x35, 0x41, 0x0, 0x87, 0x44,
    0x2, 0x99, 0x8, 0x7, 0xf2, 0xf9, 0x80, 0x73,
    0x75, 0x29, 0x0, 0x4, 0xdf, 0x28, 0x40, 0x0,

    /* U+00EA "ê" */
    0x0, 0xfa, 0x3f, 0xdc, 0x60, 0x1f, 0xfc, 0x18,
    0x70, 0x0, 0xe9, 0x80, 0x7f, 0xd0, 0xe0, 0x1,
    0x1, 0xc3, 0x0, 0xfe, 0x97, 0x0, 0x47, 0x98,
    0x3, 0x10, 0x3, 0xe9, 0x60, 0x3, 0xb8, 0x74,
    0xc0, 0x16, 0x80, 0x1e, 0x17, 0x74, 0xc0, 0x0,
    0x76, 0x1d, 0xc2, 0x1, 0xe8, 0x89, 0x80, 0x30,
    0xbc, 0x41, 0x40, 0x3f, 0xfc, 0x6d, 0x7d, 0xfe,
    0xd9, 0x40, 0xf, 0xe5, 0xe9, 0x41, 0x0, 0x13,
    0x5d, 0x84, 0x3, 0xd3, 0x42, 0x1, 0xf9, 0x3c,
    0x80, 0x33, 0xb0, 0x6, 0x24, 0x30, 0xc, 0x3e,
    0x1, 0x1c, 0x0, 0x43, 0x7b, 0x79, 0xcc, 0x1,
    0x13, 0x80, 0x20, 0x3, 0x62, 0x0, 0x43, 0x2a,
    0x1, 0x48, 0xa, 0x0, 0x50, 0x40, 0x1e, 0x80,
    0x8, 0x4d, 0xc0, 0x33, 0x0, 0x7c, 0x44, 0x0,
    0x97, 0xc0, 0x34, 0xc4, 0x7e, 0x30, 0xb, 0xc8,
    0x3, 0x3b, 0xff, 0x8, 0x4, 0x60, 0x1f, 0xfd,
    0xa1, 0x0, 0x8b, 0xff, 0xff, 0x83, 0x5a, 0x1,
    0x10, 0x80, 0x7f, 0xf0, 0x50, 0x3, 0x48, 0x7,
    0xff, 0x4, 0xc8, 0x2, 0x74, 0x0, 0xfd, 0x52,
    0x1, 0x48, 0x6, 0xb7, 0x0, 0xe4, 0xc5, 0x69,
    0x0, 0x23, 0x0, 0x68, 0xfc, 0xab, 0xeb, 0x30,
    0x3, 0x88, 0x2, 0x58, 0x3, 0x8d, 0x50, 0x40,
    0x21, 0xd1, 0x0, 0xa6, 0x42, 0x1, 0xfc, 0xbe,
    0x60, 0x1c, 0xdd, 0x4a, 0x40, 0x1, 0x37, 0xca,
    0x10, 0x0,

    /* U+00EB "ë" */
    0x0, 0xa3, 0xf9, 0x80, 0x31, 0x67, 0xe0, 0x80,
    0x71, 0xb8, 0xc, 0x90, 0x5, 0x26, 0x7, 0x60,
    0x1c, 0xc0, 0x18, 0x40, 0x27, 0x0, 0x98, 0x3,
    0x90, 0x40, 0x4, 0x60, 0x15, 0x0, 0x54, 0x1,
    0xc3, 0xf3, 0x2c, 0x0, 0xcd, 0x71, 0x8c, 0x1,
    0xe1, 0x66, 0x8, 0x7, 0x23, 0x98, 0x7, 0xff,
    0x91, 0xaf, 0xbf, 0xdb, 0x28, 0x1, 0xfc, 0xbd,
    0x28, 0x20, 0x2, 0x6b, 0xb0, 0x80, 0x7a, 0x68,
    0x40, 0x3f, 0x27, 0x90, 0x6, 0x76, 0x0, 0xc4,
    0x86, 0x1, 0x87, 0xc0, 0x23, 0x80, 0x8, 0x6f,
    0x6f, 0x39, 0x80, 0x22, 0x70, 0x4, 0x0, 0x6c,
    0x40, 0x8, 0x65, 0x40, 0x29, 0x1, 0x40, 0xa,
    0x8, 0x3, 0xd0, 0x1, 0x9, 0xb8, 0x6, 0x60,
    0xf, 0x88, 0x80, 0x12, 0xf8, 0x6, 0x98, 0x8f,
    0xc6, 0x1, 0x79, 0x0, 0x67, 0x7f, 0xe1, 0x0,
    0x8c, 0x3, 0xff, 0xb4, 0x20, 0x11, 0x7f, 0xff,
    0xf0, 0x6b, 0x40, 0x22, 0x10, 0xf, 0xfe, 0xa,
    0x0, 0x69, 0x0, 0xff, 0xe0, 0x99, 0x0, 0x4e,
    0x80, 0x1f, 0xaa, 0x40, 0x29, 0x0, 0xd6, 0xe0,
    0x1c, 0x98, 0xad, 0x20, 0x4, 0x60, 0xd, 0x1f,
    0x95, 0x7d, 0x66, 0x0, 0x71, 0x0, 0x4b, 0x0,
    0x71, 0xaa, 0x8, 0x4, 0x3a, 0x20, 0x14, 0xc8,
    0x40, 0x3f, 0x97, 0xcc, 0x3, 0x9b, 0xa9, 0x48,
    0x0, 0x26, 0xf9, 0x42, 0x0,

    /* U+00EC "ì" */
    0x0, 0xa7, 0xff, 0x20, 0x7, 0xff, 0x2, 0x50,
    0x2, 0x90, 0xf, 0xfe, 0xd, 0x98, 0x0, 0xa0,
    0x3, 0xff, 0x83, 0x86, 0x0, 0x72, 0x0, 0xff,
    0xe0, 0xe9, 0x0, 0x38, 0x3, 0xff, 0x82, 0x39,
    0x97, 0x80, 0x7f, 0xf0, 0x84, 0xce, 0x0, 0xf9,
    0x3f, 0xff, 0xd0, 0x1, 0xff, 0xde, 0x73, 0x3f,
    0x0, 0x7f, 0xc7, 0x99, 0xe1, 0x0, 0xff, 0xff,
    0x80, 0x7f, 0xff, 0xc0, 0x3f, 0xff, 0xe0, 0x79,
    0x9e, 0x10, 0x9, 0xb3, 0x39, 0xdc, 0x67, 0xe0,
    0xc, 0x26, 0x7d, 0xa0, 0x1f, 0xfd, 0x80,

    /* U+00ED "í" */
    0x0, 0xff, 0x3f, 0xfe, 0x60, 0xf, 0xf8, 0xe0,
    0x2, 0xa6, 0x0, 0xff, 0xb8, 0x2, 0xa5, 0x0,
    0xff, 0xa4, 0x80, 0x16, 0xa0, 0x1f, 0xf1, 0xa1,
    0x12, 0xd0, 0x3, 0xff, 0x80, 0x7b, 0xb2, 0x0,
    0x7f, 0xf3, 0x13, 0xff, 0xfd, 0x0, 0x1f, 0xfd,
    0xe7, 0x33, 0xf0, 0x7, 0xfc, 0x79, 0x9e, 0x10,
    0xf, 0xff, 0xf8, 0x7, 0xff, 0xfc, 0x3, 0xff,
    0xfe, 0x7, 0x99, 0xe1, 0x0, 0x9b, 0x33, 0x9d,
    0xc6, 0x7e, 0x0, 0xc2, 0x67, 0xda, 0x1, 0xff,
    0xd8,

    /* U+00EE "î" */
    0x0, 0xf9, 0xff, 0xe4, 0x0, 0xff, 0xe0, 0x4c,
    0x0, 0x56, 0xc0, 0x1f, 0xeb, 0x60, 0x2, 0x80,
    0x26, 0x0, 0x3e, 0x1c, 0x40, 0x1c, 0xa9, 0x0,
    0x3d, 0x0, 0x7b, 0x48, 0x4b, 0xc, 0x1a, 0xc4,
    0x49, 0x20, 0x1d, 0x9d, 0xcd, 0x20, 0x9, 0x3b,
    0xa9, 0x0, 0xff, 0xed, 0x27, 0xff, 0xfa, 0x0,
    0x3f, 0xfb, 0xce, 0x67, 0xe0, 0xf, 0xf8, 0xf3,
    0x3c, 0x20, 0x1f, 0xff, 0xf0, 0xf, 0xff, 0xf8,
    0x7, 0xff, 0xfc, 0xf, 0x33, 0xc2, 0x1, 0x36,
    0x67, 0x3b, 0x8c, 0xfc, 0x1, 0x84, 0xcf, 0xb4,
    0x3, 0xff, 0xb0,

    /* U+00EF "ï" */
    0x0, 0x9f, 0xbd, 0xc0, 0x30, 0xe7, 0xe1, 0x0,
    0x62, 0x81, 0x8, 0x30, 0xa, 0xcc, 0xe, 0x40,
    0x33, 0x0, 0x67, 0x0, 0x84, 0x2, 0x60, 0xc,
    0x84, 0x0, 0x24, 0x0, 0xb4, 0x2, 0xa0, 0xe,
    0xc9, 0x96, 0x0, 0x66, 0xc9, 0xb7, 0x0, 0xe1,
    0x66, 0x8, 0x7, 0x1b, 0x20, 0x7, 0xff, 0x25,
    0x3f, 0xff, 0xd0, 0x1, 0xff, 0xde, 0x73, 0x3f,
    0x0, 0x7f, 0xc7, 0x99, 0xe1, 0x0, 0xff, 0xff,
    0x80, 0x7f, 0xff, 0xc0, 0x3f, 0xff, 0xe0, 0x79,
    0x9e, 0x10, 0x9, 0xb3, 0x39, 0xdc, 0x67, 0xe0,
    0xc, 0x26, 0x7d, 0xa0, 0x1f, 0xfd, 0x80,

    /* U+00F0 "ð" */
    0x0, 0xfe, 0x40, 0xf, 0xfe, 0x3a, 0xdf, 0x40,
    0x7, 0x2c, 0x0, 0x7f, 0xb8, 0x5, 0xf9, 0x40,
    0xae, 0x9d, 0x40, 0x3f, 0xa, 0x0, 0x43, 0x59,
    0xa8, 0x2, 0x1, 0xfe, 0x60, 0xe, 0x30, 0x3,
    0xf2, 0x80, 0x7e, 0x19, 0xd2, 0x0, 0xe7, 0x80,
    0xf, 0xf8, 0xa4, 0x80, 0x39, 0xcc, 0x3, 0xf8,
    0x67, 0x50, 0x5, 0x40, 0x37, 0x80, 0x7f, 0x23,
    0x0, 0x1f, 0xa9, 0x0, 0x23, 0x40, 0xf, 0xca,
    0xa4, 0xd8, 0x0, 0x50, 0x6, 0xf0, 0xf, 0xea,
    0xb2, 0x0, 0x85, 0x80, 0x24, 0x10, 0xf, 0x96,
    0xbb, 0xfd, 0xb2, 0x74, 0x1, 0x9c, 0x3, 0x93,
    0x69, 0x44, 0x0, 0x4d, 0x94, 0x20, 0x16, 0x0,
    0x65, 0xb2, 0x0, 0xfc, 0xc2, 0x1, 0x38, 0x4,
    0x74, 0x1, 0x85, 0x59, 0x48, 0x3, 0xc4, 0x1,
    0x70, 0x6, 0x6e, 0xa9, 0xad, 0xd2, 0x80, 0x70,
    0x82, 0x10, 0x4, 0xb2, 0x1, 0xc5, 0x4e, 0x1,
    0x8c, 0x34, 0x3, 0x58, 0x7, 0xec, 0x0, 0xf2,
    0x0, 0x48, 0x20, 0x1f, 0xfc, 0x32, 0x0, 0x8c,
    0x3, 0xff, 0x91, 0xc0, 0x1f, 0xc4, 0x1, 0x88,
    0x3, 0x84, 0x3, 0xfb, 0xc0, 0x21, 0x0, 0x10,
    0x5, 0x80, 0x1f, 0xc8, 0x1, 0x20, 0x1, 0x0,
    0x24, 0x10, 0xf, 0x90, 0x80, 0x2f, 0x0, 0x50,
    0x6, 0xa0, 0xf, 0xc, 0x80, 0x42, 0xa0, 0x3,
    0x40, 0x9, 0x2c, 0x40, 0x22, 0xd2, 0x0, 0xa0,
    0x3, 0x48, 0x80, 0x49, 0xd9, 0x7b, 0xa3, 0x0,
    0x95, 0x80, 0x31, 0x68, 0x80, 0x63, 0x42, 0x0,
    0xc9, 0x40, 0x1e, 0x3f, 0x40, 0xf, 0xe7, 0xb0,
    0xf, 0xc3, 0x78, 0xc4, 0x0, 0x13, 0x8e, 0x80,
    0xe,

    /* U+00F1 "ñ" */
    0x0, 0xe1, 0x32, 0x0, 0xe3, 0x41, 0x0, 0xfa,
    0x7b, 0x37, 0x50, 0x60, 0x5d, 0x7a, 0x1, 0xe9,
    0x60, 0x8, 0x9f, 0x3f, 0x48, 0x10, 0x3, 0x85,
    0x80, 0x3f, 0xc3, 0x20, 0x1c, 0xa0, 0x8, 0xfe,
    0xb5, 0x10, 0x2, 0x60, 0x80, 0x72, 0x75, 0xb8,
    0xa, 0x57, 0x73, 0xec, 0x80, 0x3e, 0x14, 0x0,
    0xf0, 0x80, 0x7f, 0xf8, 0x4b, 0xfe, 0xe0, 0x9,
    0xf3, 0xfd, 0xd6, 0xa0, 0x1f, 0x84, 0xf, 0xa0,
    0xc0, 0x2, 0x95, 0x82, 0x1, 0xf2, 0xe0, 0x80,
    0x7c, 0x74, 0x1, 0xf5, 0x0, 0x4, 0xc8, 0x3,
    0x91, 0x40, 0x3e, 0x2c, 0xec, 0xdf, 0x60, 0xd,
    0xc0, 0x1e, 0x2d, 0x30, 0xd, 0x26, 0x1, 0x20,
    0x7, 0xa0, 0x3, 0xea, 0x0, 0xc2, 0x1, 0xff,
    0xc1, 0x20, 0xc, 0x60, 0x1f, 0xfc, 0x17, 0x0,
    0xc2, 0x1, 0xff, 0xff, 0x0, 0xff, 0xff, 0x80,
    0x7f, 0xff, 0xc0, 0x20,

    /* U+00F2 "ò" */
    0x0, 0xa3, 0xff, 0x28, 0x7, 0xff, 0x6, 0x18,
    0x2, 0xb1, 0x0, 0xff, 0xe0, 0xca, 0x80, 0x6,
    0x0, 0x3f, 0xf8, 0x54, 0x80, 0x6, 0x30, 0xf,
    0xfe, 0x15, 0x98, 0x3, 0x80, 0x3f, 0xf8, 0x7b,
    0x98, 0xe0, 0xf, 0xfe, 0x18, 0x99, 0xc0, 0x1f,
    0xfd, 0x43, 0x9d, 0xff, 0x76, 0x41, 0x0, 0x7e,
    0x1b, 0xc6, 0x20, 0x0, 0x9b, 0xec, 0x0, 0x78,
    0xbd, 0x0, 0x3f, 0x9f, 0x0, 0x3b, 0xc4, 0x3,
    0x1a, 0x10, 0x6, 0x3a, 0x0, 0xa0, 0x80, 0x24,
    0xec, 0xbd, 0xc2, 0x0, 0x95, 0x40, 0x2e, 0x1,
    0x1d, 0x88, 0x4, 0x78, 0x20, 0x14, 0x83, 0x80,
    0x6f, 0x0, 0xf0, 0xc8, 0x4, 0x65, 0x80, 0x11,
    0x18, 0x7, 0xcc, 0x1, 0x91, 0xc0, 0x27, 0x0,
    0xfc, 0x22, 0x0, 0xbc, 0xc0, 0x22, 0x0, 0xfe,
    0x20, 0x8, 0xc4, 0x3, 0xff, 0x82, 0xe0, 0x10,
    0x88, 0x3, 0xff, 0x82, 0xe0, 0x10, 0x98, 0x4,
    0x40, 0x1f, 0xc4, 0x1, 0x1b, 0x80, 0x4e, 0x1,
    0xf8, 0x44, 0x1, 0x7e, 0x0, 0x44, 0x60, 0x1f,
    0x30, 0x6, 0x47, 0x0, 0xde, 0x1, 0xe1, 0x90,
    0x8, 0xc8, 0x5c, 0x2, 0x3b, 0x10, 0x8, 0xf0,
    0x40, 0x29, 0x0, 0x41, 0x0, 0x49, 0xd9, 0x7b,
    0x84, 0x1, 0x2a, 0x80, 0x2f, 0x10, 0xc, 0x68,
    0x40, 0x18, 0xe8, 0x3, 0x17, 0xa8, 0x7, 0xf3,
    0xe0, 0x7, 0x86, 0xb1, 0x88, 0x0, 0x26, 0xfb,
    0x0, 0x18,

    /* U+00F3 "ó" */
    0x0, 0xff, 0x2f, 0xfe, 0x80, 0xf, 0xfe, 0x0,
    0xd8, 0x4, 0xb0, 0x1, 0xff, 0xc0, 0x81, 0x0,
    0x25, 0x0, 0x7f, 0xf0, 0xd, 0x80, 0x7, 0x60,
    0x1f, 0xfc, 0x1e, 0x0, 0x1e, 0x0, 0x7f, 0xf0,
    0x4a, 0xa2, 0x1a, 0x1, 0xff, 0xc2, 0x27, 0x78,
    0x40, 0x3f, 0xfa, 0x67, 0x3b, 0xfe, 0xec, 0x82,
    0x0, 0xfc, 0x37, 0x8c, 0x40, 0x1, 0x37, 0xd8,
    0x0, 0xf1, 0x7a, 0x0, 0x7f, 0x3e, 0x0, 0x77,
    0x88, 0x6, 0x34, 0x20, 0xc, 0x74, 0x1, 0x41,
    0x0, 0x49, 0xd9, 0x7b, 0x84, 0x1, 0x2a, 0x80,
    0x5c, 0x2, 0x3b, 0x10, 0x8, 0xf0, 0x40, 0x29,
    0x7, 0x0, 0xde, 0x1, 0xe1, 0x90, 0x8, 0xcb,
    0x0, 0x22, 0x30, 0xf, 0x98, 0x3, 0x23, 0x80,
    0x4e, 0x1, 0xf8, 0x44, 0x1, 0x79, 0x80, 0x44,
    0x1, 0xfc, 0x40, 0x11, 0x88, 0x7, 0xff, 0x5,
    0xc0, 0x21, 0x10, 0x7, 0xff, 0x5, 0xc0, 0x21,
    0x30, 0x8, 0x80, 0x3f, 0x88, 0x2, 0x37, 0x0,
    0x9c, 0x3, 0xf0, 0x88, 0x2, 0xfc, 0x0, 0x88,
    0xc0, 0x3e, 0x60, 0xc, 0x8e, 0x1, 0xbc, 0x3,
    0xc3, 0x20, 0x11, 0x90, 0xb8, 0x4, 0x76, 0x20,
    0x11, 0xe0, 0x80, 0x52, 0x0, 0x82, 0x0, 0x93,
    0xb2, 0xf7, 0x8, 0x2, 0x55, 0x0, 0x5e, 0x20,
    0x18, 0xd0, 0x80, 0x31, 0xd0, 0x6, 0x2f, 0x50,
    0xf, 0xe7, 0xc0, 0xf, 0xd, 0x63, 0x10, 0x0,
    0x4d, 0xf6, 0x0, 0x30,

    /* U+00F4 "ô" */
    0x0, 0xf9, 0x7f, 0xe4, 0x0, 0xff, 0xe0, 0xb5,
    0x0, 0x56, 0xa0, 0x1f, 0xf3, 0x48, 0x0, 0x40,
    0x14, 0xa0, 0x1f, 0xcd, 0x20, 0x5, 0xe4, 0x0,
    0x53, 0x0, 0x7c, 0xd2, 0x0, 0x5a, 0xb, 0x40,
    0x4, 0xb0, 0x7, 0xce, 0xe8, 0xa0, 0xa, 0xe1,
    0xdc, 0x20, 0x1e, 0x68, 0x83, 0x80, 0x73, 0xc4,
    0x1c, 0x3, 0xff, 0xc4, 0x73, 0xbf, 0xee, 0xc8,
    0x20, 0xf, 0xc3, 0x78, 0xc4, 0x0, 0x13, 0x7d,
    0x80, 0xf, 0x17, 0xa0, 0x7, 0xf3, 0xe0, 0x7,
    0x78, 0x80, 0x63, 0x42, 0x0, 0xc7, 0x40, 0x14,
    0x10, 0x4, 0x9d, 0x97, 0xb8, 0x40, 0x12, 0xa8,
    0x5, 0xc0, 0x23, 0xb1, 0x0, 0x8f, 0x4, 0x2,
    0x90, 0x70, 0xd, 0xe0, 0x1e, 0x19, 0x0, 0x8c,
    0xb0, 0x2, 0x23, 0x0, 0xf9, 0x80, 0x32, 0x38,
    0x4, 0xe0, 0x1f, 0x84, 0x40, 0x17, 0x98, 0x4,
    0x40, 0x1f, 0xc4, 0x1, 0x18, 0x80, 0x7f, 0xf0,
    0x5c, 0x2, 0x11, 0x0, 0x7f, 0xf0, 0x5c, 0x2,
    0x13, 0x0, 0x88, 0x3, 0xf8, 0x80, 0x23, 0x70,
    0x9, 0xc0, 0x3f, 0x8, 0x80, 0x2f, 0xc0, 0x8,
    0x8c, 0x3, 0xe6, 0x0, 0xc8, 0xe0, 0x1b, 0xc0,
    0x3c, 0x32, 0x1, 0x19, 0xb, 0x80, 0x47, 0x62,
    0x1, 0x1e, 0x8, 0x5, 0x20, 0x8, 0x20, 0x9,
    0x3b, 0x2f, 0x70, 0x80, 0x25, 0x50, 0x5, 0xe2,
    0x1, 0x8d, 0x8, 0x3, 0x1d, 0x0, 0x62, 0xf5,
    0x0, 0xfe, 0x7c, 0x0, 0xf0, 0xd6, 0x31, 0x0,
    0x4, 0xdf, 0x60, 0x3, 0x0,

    /* U+00F5 "õ" */
    0x0, 0xff, 0xe5, 0x95, 0xff, 0x40, 0x6, 0x6f,
    0xc0, 0xf, 0xe, 0x20, 0xb, 0xf3, 0x1, 0x58,
    0x10, 0x7, 0xa0, 0x40, 0x30, 0xcf, 0xe9, 0x3,
    0x80, 0x79, 0x80, 0x6a, 0x8a, 0x1, 0xe8, 0x0,
    0xe1, 0x0, 0x5a, 0xaa, 0xb1, 0x0, 0x5, 0x82,
    0x1, 0xc3, 0xf8, 0x80, 0x11, 0xdf, 0xf6, 0x98,
    0x7, 0xe3, 0x10, 0xf, 0x8, 0x7, 0xff, 0x94,
    0xe7, 0x7f, 0xdd, 0x90, 0x40, 0x1f, 0x86, 0xf1,
    0x88, 0x0, 0x26, 0xfb, 0x0, 0x1e, 0x2f, 0x40,
    0xf, 0xe7, 0xc0, 0xe, 0xf1, 0x0, 0xc6, 0x84,
    0x1, 0x8e, 0x80, 0x28, 0x20, 0x9, 0x3b, 0x2f,
    0x70, 0x80, 0x25, 0x50, 0xb, 0x80, 0x47, 0x62,
    0x1, 0x1e, 0x8, 0x5, 0x20, 0xe0, 0x1b, 0xc0,
    0x3c, 0x32, 0x1, 0x19, 0x60, 0x4, 0x46, 0x1,
    0xf3, 0x0, 0x64, 0x70, 0x9, 0xc0, 0x3f, 0x8,
    0x80, 0x2f, 0x30, 0x8, 0x80, 0x3f, 0x88, 0x2,
    0x31, 0x0, 0xff, 0xe0, 0xb8, 0x4, 0x22, 0x0,
    0xff, 0xe0, 0xb8, 0x4, 0x26, 0x1, 0x10, 0x7,
    0xf1, 0x0, 0x46, 0xe0, 0x13, 0x80, 0x7e, 0x11,
    0x0, 0x5f, 0x80, 0x11, 0x18, 0x7, 0xcc, 0x1,
    0x91, 0xc0, 0x37, 0x80, 0x78, 0x64, 0x2, 0x32,
    0x17, 0x0, 0x8e, 0xc4, 0x2, 0x3c, 0x10, 0xa,
    0x40, 0x10, 0x40, 0x12, 0x76, 0x5e, 0xe1, 0x0,
    0x4a, 0xa0, 0xb, 0xc4, 0x3, 0x1a, 0x10, 0x6,
    0x3a, 0x0, 0xc5, 0xea, 0x1, 0xfc, 0xf8, 0x1,
    0xe1, 0xac, 0x62, 0x0, 0x9, 0xbe, 0xc0, 0x6,

    /* U+00F6 "ö" */
    0x0, 0x9b, 0xbe, 0x40, 0x30, 0xdf, 0xe9, 0x80,
    0x70, 0xc8, 0x83, 0x20, 0x5, 0x28, 0x5, 0xc0,
    0x1c, 0x60, 0x18, 0x80, 0x22, 0x0, 0x8c, 0x3,
    0x88, 0xc0, 0x2, 0xe0, 0x17, 0x0, 0x4c, 0x1,
    0xec, 0xa9, 0xf1, 0x0, 0x93, 0x26, 0xe0, 0x3,
    0xe5, 0x61, 0x0, 0xe3, 0x64, 0x0, 0xff, 0xf1,
    0x9c, 0xef, 0xfb, 0xb2, 0x8, 0x3, 0xf0, 0xde,
    0x31, 0x0, 0x4, 0xdf, 0x60, 0x3, 0xc5, 0xe8,
    0x1, 0xfc, 0xf8, 0x1, 0xde, 0x20, 0x18, 0xd0,
    0x80, 0x31, 0xd0, 0x5, 0x4, 0x1, 0x27, 0x65,
    0xee, 0x10, 0x4, 0xaa, 0x1, 0x70, 0x8, 0xec,
    0x40, 0x23, 0xc1, 0x0, 0xa4, 0x1c, 0x3, 0x78,
    0x7, 0x86, 0x40, 0x23, 0x2c, 0x0, 0x88, 0xc0,
    0x3e, 0x60, 0xc, 0x8e, 0x1, 0x38, 0x7, 0xe1,
    0x10, 0x5, 0xe6, 0x1, 0x10, 0x7, 0xf1, 0x0,
    0x46, 0x20, 0x1f, 0xfc, 0x17, 0x0, 0x84, 0x40,
    0x1f, 0xfc, 0x17, 0x0, 0x84, 0xc0, 0x22, 0x0,
    0xfe, 0x20, 0x8, 0xdc, 0x2, 0x70, 0xf, 0xc2,
    0x20, 0xb, 0xf0, 0x2, 0x23, 0x0, 0xf9, 0x80,
    0x32, 0x38, 0x6, 0xf0, 0xf, 0xc, 0x80, 0x46,
    0x42, 0xe0, 0x11, 0xd8, 0x80, 0x47, 0x82, 0x1,
    0x48, 0x2, 0x8, 0x2, 0x4e, 0xcb, 0xdc, 0x20,
    0x9, 0x54, 0x1, 0x78, 0x80, 0x63, 0x42, 0x0,
    0xc7, 0x40, 0x18, 0xbd, 0x40, 0x3f, 0x9f, 0x0,
    0x3c, 0x35, 0x8c, 0x40, 0x1, 0x37, 0xd8, 0x0,
    0xc0,

    /* U+00F7 "÷" */
    0x0, 0xf8, 0xf7, 0xf0, 0x80, 0x3f, 0xf8, 0x5c,
    0x40, 0x7c, 0x1, 0xff, 0xc2, 0x20, 0x8, 0x80,
    0x3f, 0xf8, 0x46, 0x1, 0x28, 0x7, 0xff, 0xb,
    0x54, 0xda, 0x80, 0x3f, 0xf8, 0x43, 0x59, 0x22,
    0x1, 0xff, 0xe1, 0xff, 0xff, 0xe3, 0x68, 0x7,
    0xff, 0x68, 0x40, 0x3f, 0xf8, 0xdd, 0xff, 0xff,
    0xc5, 0xd0, 0xf, 0xff, 0x9, 0x56, 0x48, 0x7,
    0xff, 0xf, 0xd4, 0xda, 0x80, 0x3f, 0xf8, 0x44,
    0x1, 0x20, 0x7, 0xff, 0x8, 0x40, 0x25, 0x0,
    0xff, 0xe1, 0x51, 0x1, 0xc8, 0x7, 0xc0,

    /* U+00F8 "ø" */
    0x0, 0xff, 0xe1, 0x34, 0x38, 0x7, 0xff, 0xc,
    0x65, 0xf8, 0x3, 0xff, 0x86, 0xc0, 0xb, 0x0,
    0xf8, 0xe7, 0x7f, 0xdd, 0x8f, 0x20, 0x84, 0x1,
    0xc3, 0x78, 0xc4, 0x0, 0x13, 0x81, 0xf, 0x0,
    0xe2, 0xf4, 0x0, 0xff, 0x78, 0x7, 0x78, 0x80,
    0x63, 0x42, 0x0, 0xc9, 0x40, 0x14, 0x10, 0x4,
    0x9d, 0x97, 0xa4, 0x1, 0x95, 0x0, 0x5c, 0x2,
    0x3b, 0x10, 0x2, 0x90, 0x7, 0x40, 0x38, 0x6,
    0xf0, 0xd, 0x20, 0x4e, 0x1, 0x19, 0x60, 0x4,
    0x46, 0x1, 0x21, 0x84, 0x50, 0x6, 0x47, 0x0,
    0x9c, 0x3, 0x40, 0x12, 0x90, 0x80, 0x5e, 0x60,
    0x11, 0x0, 0x48, 0x61, 0x0, 0x2, 0x0, 0x8c,
    0x3, 0xf4, 0x1, 0x28, 0x1, 0xc0, 0x21, 0x0,
    0xf9, 0xc, 0x2c, 0x2, 0x70, 0x8, 0x4c, 0x2,
    0x20, 0x4, 0x1, 0x30, 0x4, 0x40, 0x11, 0xb8,
    0x4, 0xe0, 0x86, 0x16, 0x1, 0x8, 0x80, 0x2f,
    0xc0, 0x8, 0x8f, 0xc0, 0x58, 0x2, 0x60, 0xc,
    0x8e, 0x1, 0xb9, 0x2, 0x0, 0x21, 0x90, 0x8,
    0xc8, 0x5c, 0x2, 0x20, 0x16, 0x0, 0x1e, 0x8,
    0x5, 0x20, 0x8, 0x20, 0xc, 0x39, 0x7b, 0x84,
    0x1, 0x2a, 0x80, 0x2f, 0x20, 0xc, 0x68, 0x40,
    0x18, 0xe8, 0x3, 0x14, 0x80, 0x7f, 0x9f, 0x0,
    0x3d, 0xe0, 0x2e, 0x60, 0x1, 0x37, 0xd8, 0x0,
    0xf1, 0xa0, 0x4c, 0x67, 0xfb, 0xb2, 0x8, 0x3,
    0xe8, 0x1, 0x70, 0xf, 0xfe, 0x8,

    /* U+00F9 "ù" */
    0x0, 0x47, 0xfe, 0x60, 0xf, 0xfe, 0x4, 0x30,
    0x5, 0x2, 0x1, 0xff, 0xc0, 0x95, 0x0, 0xd,
    0x80, 0x7f, 0xf0, 0x69, 0x0, 0xa, 0x80, 0x1f,
    0xfc, 0x1b, 0x30, 0x4, 0x80, 0x7f, 0xf0, 0xb3,
    0x2e, 0x0, 0xff, 0xe1, 0x99, 0xc0, 0x1f, 0xfc,
    0xef, 0xfc, 0xe0, 0x1f, 0x37, 0xfe, 0x10, 0xf,
    0xff, 0xf8, 0x7, 0xff, 0xfc, 0x3, 0xff, 0xec,
    0x20, 0x17, 0x80, 0x7f, 0xf0, 0x4c, 0x2, 0x20,
    0xf, 0x84, 0x3, 0x9c, 0x2, 0x40, 0xf, 0xc,
    0x80, 0x77, 0x80, 0x43, 0x40, 0x19, 0x30, 0x40,
    0x39, 0x44, 0x2, 0x5f, 0xcc, 0x75, 0x90, 0x7,
    0xd6, 0x1, 0xc6, 0x61, 0x0, 0x48, 0x7, 0x96,
    0x0, 0x3e, 0x1b, 0x70, 0xf, 0x9f, 0x58, 0x80,
    0x4, 0xfe, 0x82, 0x1, 0xc0,

    /* U+00FA "ú" */
    0x0, 0xfe, 0x6f, 0xfc, 0xe0, 0x1f, 0xf1, 0x48,
    0x5, 0x2e, 0x1, 0xff, 0x70, 0x5, 0x2c, 0x1,
    0xff, 0x41, 0x80, 0x29, 0x80, 0x3f, 0xe2, 0x43,
    0x35, 0xa8, 0x7, 0xff, 0x0, 0xb3, 0x24, 0x0,
    0xff, 0xe6, 0xff, 0xe7, 0x0, 0xf9, 0xbf, 0xf0,
    0x80, 0x7f, 0xff, 0xc0, 0x3f, 0xff, 0xe0, 0x1f,
    0xff, 0x61, 0x0, 0xbc, 0x3, 0xff, 0x82, 0x60,
    0x11, 0x0, 0x7c, 0x20, 0x1c, 0xe0, 0x12, 0x0,
    0x78, 0x64, 0x3, 0xbc, 0x2, 0x1a, 0x0, 0xc9,
    0x82, 0x1, 0xca, 0x20, 0x12, 0xfe, 0x63, 0xac,
    0x80, 0x3e, 0xb0, 0xe, 0x33, 0x8, 0x2, 0x40,
    0x3c, 0xb0, 0x1, 0xf0, 0xdb, 0x80, 0x7c, 0xfa,
    0xc4, 0x0, 0x27, 0xf4, 0x10, 0xe,

    /* U+00FB "û" */
    0x0, 0xf3, 0x7f, 0xca, 0x1, 0xff, 0xc0, 0x89,
    0x0, 0xaa, 0x0, 0x3f, 0xd4, 0xe0, 0x6, 0x0,
    0x3d, 0x0, 0x7c, 0x38, 0xa0, 0xb, 0x9a, 0x0,
    0x2e, 0x8, 0x7, 0x59, 0x9, 0x62, 0x2, 0xe1,
    0x9, 0x58, 0x7, 0x57, 0x73, 0x4c, 0x2, 0x3d,
    0xee, 0x50, 0x7, 0xff, 0x6f, 0xff, 0x38, 0x7,
    0xcd, 0xff, 0x84, 0x3, 0xff, 0xfe, 0x1, 0xff,
    0xff, 0x0, 0xff, 0xfb, 0x8, 0x5, 0xe0, 0x1f,
    0xfc, 0x13, 0x0, 0x88, 0x3, 0xe1, 0x0, 0xe7,
    0x0, 0x90, 0x3, 0xc3, 0x20, 0x1d, 0xe0, 0x10,
    0xd0, 0x6, 0x4c, 0x10, 0xe, 0x51, 0x0, 0x97,
    0xf3, 0x1d, 0x64, 0x1, 0xf5, 0x80, 0x71, 0x98,
    0x40, 0x12, 0x1, 0xe5, 0x80, 0xf, 0x86, 0xdc,
    0x3, 0xe7, 0xd6, 0x20, 0x1, 0x3f, 0xa0, 0x80,
    0x70,

    /* U+00FC "ü" */
    0x0, 0x2f, 0x7c, 0x80, 0x61, 0xbf, 0xd3, 0x0,
    0xc3, 0x42, 0xc, 0xa0, 0x14, 0xa0, 0x17, 0x0,
    0x63, 0x0, 0xc6, 0x1, 0x8, 0x4, 0x40, 0x18,
    0x8c, 0x0, 0x28, 0x1, 0x68, 0x4, 0xc0, 0x1d,
    0x95, 0x3e, 0x40, 0x12, 0x6c, 0xdc, 0x80, 0x79,
    0x58, 0x40, 0x38, 0x99, 0x0, 0x3f, 0xf9, 0x5f,
    0xf9, 0xc0, 0x3e, 0x6f, 0xfc, 0x20, 0x1f, 0xff,
    0xf0, 0xf, 0xff, 0xf8, 0x7, 0xff, 0xd8, 0x40,
    0x2f, 0x0, 0xff, 0xe0, 0x98, 0x4, 0x40, 0x1f,
    0x8, 0x7, 0x38, 0x4, 0x80, 0x1e, 0x19, 0x0,
    0xef, 0x0, 0x86, 0x80, 0x32, 0x60, 0x80, 0x72,
    0x88, 0x4, 0xbf, 0x98, 0xeb, 0x20, 0xf, 0xac,
    0x3, 0x8c, 0xc2, 0x0, 0x90, 0xf, 0x2c, 0x0,
    0x7c, 0x36, 0xe0, 0x1f, 0x3e, 0xb1, 0x0, 0x9,
    0xfd, 0x4, 0x3, 0x80,

    /* U+00FD "ý" */
    0x0, 0xff, 0x87, 0xbf, 0xed, 0x10, 0xf, 0xfe,
    0x1d, 0x88, 0x0, 0xf0, 0x40, 0x3f, 0xf8, 0x4c,
    0xa0, 0x4, 0xc1, 0x0, 0xff, 0xe1, 0x14, 0x80,
    0x12, 0xc0, 0x3f, 0xf8, 0x96, 0x66, 0x6b, 0x0,
    0xff, 0xe2, 0xce, 0x62, 0x40, 0x3f, 0xfa, 0x77,
    0xff, 0x88, 0x3, 0xfd, 0xbf, 0xf8, 0x7c, 0x3,
    0x50, 0x7, 0xf2, 0x10, 0x4, 0xc2, 0x84, 0x1,
    0x30, 0x7, 0xf7, 0x0, 0x6b, 0x0, 0x58, 0x4,
    0x2a, 0x1, 0xf9, 0x40, 0x23, 0x20, 0x3, 0x8,
    0x5, 0x20, 0x1f, 0x30, 0x6, 0x90, 0xc, 0xc0,
    0x11, 0x90, 0x7, 0xa8, 0x2, 0x15, 0x0, 0xd2,
    0x1, 0xa8, 0x3, 0x88, 0xc0, 0x29, 0x0, 0xe1,
    0x50, 0x9, 0x80, 0x3a, 0x80, 0x33, 0x0, 0x7a,
    0x40, 0x21, 0x50, 0xc, 0xc0, 0x13, 0x8, 0x7,
    0x8c, 0xc0, 0x17, 0x0, 0x48, 0x20, 0x15, 0x80,
    0x7e, 0x90, 0x9, 0x8, 0x1, 0xe0, 0x11, 0x90,
    0x7, 0xe5, 0x10, 0xa, 0x80, 0x50, 0x2, 0x90,
    0xf, 0xf4, 0x80, 0x4c, 0xc, 0x1, 0xa, 0x80,
    0x7f, 0x98, 0x2, 0x13, 0xa0, 0xa, 0x40, 0x3f,
    0xe1, 0x60, 0xa, 0x8, 0x2, 0x60, 0xf, 0xfe,
    0x5, 0x80, 0x48, 0x1, 0x30, 0x80, 0x7f, 0xf0,
    0x9, 0x0, 0x3d, 0x60, 0x1f, 0xfc, 0x2e, 0x0,
    0xe3, 0x20, 0xf, 0xfe, 0x12, 0x90, 0x6, 0x90,
    0xf, 0xfe, 0x25, 0x0, 0x42, 0xa0, 0x1f, 0xfc,
    0x4c, 0x0, 0xa4, 0x3, 0xff, 0x88, 0x88, 0x0,
    0x98, 0x3, 0xff, 0x89, 0x0, 0x13, 0x8, 0x7,
    0xff, 0xd, 0x8c, 0x2, 0xb0, 0xf, 0xfe, 0x1a,
    0xc8, 0x4, 0x84, 0x1, 0xff, 0xc0, 0x5e, 0xe5,
    0x0, 0x69, 0x0, 0xff, 0xe0, 0xe0, 0x88, 0x3,
    0x41, 0x0, 0x7f, 0xf0, 0x54, 0x3, 0xa1, 0xc0,
    0x3f, 0xf8, 0x4c, 0x20, 0x2b, 0x8e, 0x1, 0xff,
    0xc1,

    /* U+00FE "þ" */
    0x7, 0x7c, 0x40, 0x1f, 0xfc, 0x11, 0x88, 0xce,
    0x1, 0xff, 0xff, 0x0, 0xff, 0xff, 0x80, 0x4b,
    0x7d, 0xfe, 0xc7, 0x0, 0xff, 0x1d, 0xd2, 0x8,
    0x0, 0xe3, 0x8c, 0x3, 0xf4, 0xa0, 0x7, 0xc3,
    0x86, 0x1, 0xfe, 0x23, 0x10, 0xe, 0xe0, 0xf,
    0xc9, 0xba, 0xce, 0xa1, 0x0, 0x89, 0x80, 0x3c,
    0x96, 0x40, 0x12, 0xe8, 0x6, 0xa0, 0xf, 0x70,
    0x7, 0x8d, 0x40, 0x23, 0x0, 0xff, 0xe1, 0x78,
    0x6, 0x30, 0xf, 0xfe, 0xb, 0x80, 0x66, 0x0,
    0xff, 0xe0, 0x90, 0x6, 0x30, 0xf, 0xfe, 0x30,
    0x80, 0x7f, 0xf1, 0x84, 0x3, 0xff, 0x82, 0x20,
    0x18, 0xc0, 0x3f, 0xf8, 0x2a, 0x1, 0x98, 0x3,
    0xff, 0x83, 0xc0, 0x18, 0xc0, 0x3b, 0x80, 0x3c,
    0x4a, 0x1, 0x20, 0x7, 0x92, 0x84, 0x2, 0x3c,
    0x0, 0xdc, 0x1, 0xf2, 0xf6, 0x5e, 0x60, 0x40,
    0x23, 0x50, 0xf, 0xe3, 0x43, 0x0, 0xc3, 0xc0,
    0x1f, 0x49, 0x80, 0x7c, 0x58, 0x40, 0x1f, 0x1e,
    0x52, 0x8, 0x0, 0xe3, 0x48, 0x3, 0xfc, 0xb7,
    0xdf, 0xec, 0x70, 0xf, 0xff, 0xf8, 0x7, 0xff,
    0xcc,

    /* U+00FF "ÿ" */
    0x0, 0xc3, 0x9f, 0x84, 0x1, 0x9b, 0xbe, 0x0,
    0x3f, 0xac, 0xc0, 0xe4, 0x2, 0x19, 0x10, 0x74,
    0x0, 0xfc, 0x20, 0x13, 0x0, 0x44, 0x1, 0x84,
    0x3, 0xf7, 0x0, 0x54, 0x1, 0x19, 0x0, 0x5,
    0x0, 0x3f, 0x2e, 0x4d, 0xb8, 0x6, 0xd9, 0x97,
    0x88, 0x7, 0xf1, 0xb2, 0x0, 0x79, 0x98, 0x20,
    0x1f, 0xfc, 0xfb, 0xff, 0xc4, 0x1, 0xfe, 0xdf,
    0xfc, 0x3e, 0x1, 0xa8, 0x3, 0xf9, 0x8, 0x2,
    0x61, 0x42, 0x0, 0x98, 0x3, 0xfb, 0x80, 0x35,
    0x80, 0x2c, 0x2, 0x15, 0x0, 0xfc, 0xa0, 0x11,
    0x90, 0x1, 0x84, 0x2, 0x90, 0xf, 0x98, 0x3,
    0x48, 0x6, 0x60, 0x8, 0xc8, 0x3, 0xd4, 0x1,
    0xa, 0x80, 0x69, 0x0, 0xd4, 0x1, 0xc4, 0x60,
    0x14, 0x80, 0x70, 0xa8, 0x4, 0xc0, 0x1d, 0x40,
    0x19, 0x80, 0x3d, 0x20, 0x10, 0xa8, 0x6, 0x60,
    0x9, 0x84, 0x3, 0xc6, 0x60, 0xb, 0x80, 0x24,
    0x10, 0xa, 0xc0, 0x3f, 0x48, 0x4, 0x84, 0x0,
    0xf0, 0x8, 0xc8, 0x3, 0xf2, 0x88, 0x5, 0x40,
    0x28, 0x1, 0x48, 0x7, 0xfa, 0x40, 0x26, 0x6,
    0x0, 0x85, 0x40, 0x3f, 0xcc, 0x1, 0x9, 0xd0,
    0x5, 0x20, 0x1f, 0xf0, 0xb0, 0x5, 0x4, 0x1,
    0x30, 0x7, 0xff, 0x2, 0xc0, 0x24, 0x0, 0x98,
    0x40, 0x3f, 0xf8, 0x4, 0x80, 0x1e, 0xb0, 0xf,
    0xfe, 0x17, 0x0, 0x71, 0x90, 0x7, 0xff, 0x9,
    0x48, 0x3, 0x48, 0x7, 0xff, 0x12, 0x80, 0x21,
    0x50, 0xf, 0xfe, 0x26, 0x0, 0x52, 0x1, 0xff,
    0xc4, 0x44, 0x0, 0x4c, 0x1, 0xff, 0xc4, 0x80,
    0x9, 0x84, 0x3, 0xff, 0x86, 0xc6, 0x1, 0x58,
    0x7, 0xff, 0xd, 0x64, 0x2, 0x42, 0x0, 0xff,
    0xe0, 0x2f, 0x72, 0x80, 0x34, 0x80, 0x7f, 0xf0,
    0x70, 0x44, 0x1, 0xa0, 0x80, 0x3f, 0xf8, 0x2a,
    0x1, 0xd0, 0xe0, 0x1f, 0xfc, 0x26, 0x10, 0x15,
    0xc7, 0x0, 0xff, 0xe0, 0x80
};


/*---------------------
 *  GLYPH DESCRIPTION
 *--------------------*/

static const lv_font_fmt_txt_glyph_dsc_t glyph_dsc[] = {
    {.bitmap_index = 0, .adv_w = 0, .box_w = 0, .box_h = 0, .ofs_x = 0, .ofs_y = 0} /* id = 0 reserved */,
    {.bitmap_index = 0, .adv_w = 365, .box_w = 0, .box_h = 0, .ofs_x = 0, .ofs_y = 0},
    {.bitmap_index = 0, .adv_w = 365, .box_w = 6, .box_h = 28, .ofs_x = 8, .ofs_y = 0},
    {.bitmap_index = 45, .adv_w = 365, .box_w = 12, .box_h = 10, .ofs_x = 5, .ofs_y = 19},
    {.bitmap_index = 84, .adv_w = 365, .box_w = 22, .box_h = 28, .ofs_x = 0, .ofs_y = 0},
    {.bitmap_index = 287, .adv_w = 365, .box_w = 19, .box_h = 36, .ofs_x = 2, .ofs_y = -4},
    {.bitmap_index = 502, .adv_w = 365, .box_w = 23, .box_h = 28, .ofs_x = 0, .ofs_y = 0},
    {.bitmap_index = 734, .adv_w = 365, .box_w = 22, .box_h = 28, .ofs_x = 1, .ofs_y = 0},
    {.bitmap_index = 968, .adv_w = 365, .box_w = 5, .box_h = 10, .ofs_x = 8, .ofs_y = 19},
    {.bitmap_index = 985, .adv_w = 365, .box_w = 11, .box_h = 41, .ofs_x = 6, .ofs_y = -9},
    {.bitmap_index = 1138, .adv_w = 365, .box_w = 12, .box_h = 41, .ofs_x = 5, .ofs_y = -9},
    {.bitmap_index = 1297, .adv_w = 365, .box_w = 20, .box_h = 20, .ofs_x = 2, .ofs_y = 8},
    {.bitmap_index = 1445, .adv_w = 365, .box_w = 20, .box_h = 21, .ofs_x = 1, .ofs_y = 3},
    {.bitmap_index = 1489, .adv_w = 365, .box_w = 7, .box_h = 12, .ofs_x = 6, .ofs_y = -8},
    {.bitmap_index = 1521, .adv_w = 365, .box_w = 16, .box_h = 4, .ofs_x = 4, .ofs_y = 10},
    {.bitmap_index = 1533, .adv_w = 365, .box_w = 7, .box_h = 7, .ofs_x = 8, .ofs_y = 0},
    {.bitmap_index = 1554, .adv_w = 365, .box_w = 15, .box_h = 30, .ofs_x = 4, .ofs_y = -2},
    {.bitmap_index = 1693, .adv_w = 365, .box_w = 19, .box_h = 28, .ofs_x = 2, .ofs_y = 0},
    {.bitmap_index = 1889, .adv_w = 365, .box_w = 12, .box_h = 28, .ofs_x = 3, .ofs_y = 0},
    {.bitmap_index = 1936, .adv_w = 365, .box_w = 20, .box_h = 28, .ofs_x = 1, .ofs_y = 0},
    {.bitmap_index = 2118, .adv_w = 365, .box_w = 19, .box_h = 28, .ofs_x = 1, .ofs_y = 0},
    {.bitmap_index = 2310, .adv_w = 365, .box_w = 20, .box_h = 28, .ofs_x = 1, .ofs_y = 0},
    {.bitmap_index = 2442, .adv_w = 365, .box_w = 19, .box_h = 28, .ofs_x = 2, .ofs_y = 0},
    {.bitmap_index = 2618, .adv_w = 365, .box_w = 19, .box_h = 28, .ofs_x = 2, .ofs_y = 0},
    {.bitmap_index = 2812, .adv_w = 365, .box_w = 20, .box_h = 28, .ofs_x = 1, .ofs_y = 0},
    {.bitmap_index = 2968, .adv_w = 365, .box_w = 19, .box_h = 28, .ofs_x = 2, .ofs_y = 0},
    {.bitmap_index = 3181, .adv_w = 365, .box_w = 18, .box_h = 28, .ofs_x = 2, .ofs_y = 0},
    {.bitmap_index = 3370, .adv_w = 365, .box_w = 8, .box_h = 23, .ofs_x = 8, .ofs_y = 0},
    {.bitmap_index = 3424, .adv_w = 365, .box_w = 8, .box_h = 31, .ofs_x = 8, .ofs_y = -8},
    {.bitmap_index = 3494, .adv_w = 365, .box_w = 17, .box_h = 18, .ofs_x = 3, .ofs_y = 3},
    {.bitmap_index = 3600, .adv_w = 365, .box_w = 18, .box_h = 12, .ofs_x = 3, .ofs_y = 6},
    {.bitmap_index = 3629, .adv_w = 365, .box_w = 17, .box_h = 18, .ofs_x = 3, .ofs_y = 3},
    {.bitmap_index = 3734, .adv_w = 365, .box_w = 18, .box_h = 28, .ofs_x = 3, .ofs_y = 0},
    {.bitmap_index = 3896, .adv_w = 365, .box_w = 22, .box_h = 28, .ofs_x = 0, .ofs_y = 0},
    {.bitmap_index = 4168, .adv_w = 365, .box_w = 23, .box_h = 28, .ofs_x = 0, .ofs_y = 0},
    {.bitmap_index = 4373, .adv_w = 365, .box_w = 20, .box_h = 28, .ofs_x = 2, .ofs_y = 0},
    {.bitmap_index = 4535, .adv_w = 365, .box_w = 20, .box_h = 28, .ofs_x = 1, .ofs_y = 0},
    {.bitmap_index = 4711, .adv_w = 365, .box_w = 20, .box_h = 28, .ofs_x = 2, .ofs_y = 0},
    {.bitmap_index = 4856, .adv_w = 365, .box_w = 18, .box_h = 28, .ofs_x = 3, .ofs_y = 0},
    {.bitmap_index = 4912, .adv_w = 365, .box_w = 18, .box_h = 28, .ofs_x = 3, .ofs_y = 0},
    {.bitmap_index = 4958, .adv_w = 365, .box_w = 20, .box_h = 28, .ofs_x = 1, .ofs_y = 0},
    {.bitmap_index = 5133, .adv_w = 365, .box_w = 19, .box_h = 28, .ofs_x = 2, .ofs_y = 0},
    {.bitmap_index = 5172, .adv_w = 365, .box_w = 17, .box_h = 28, .ofs_x = 3, .ofs_y = 0},
    {.bitmap_index = 5223, .adv_w = 365, .box_w = 19, .box_h = 28, .ofs_x = 1, .ofs_y = 0},
    {.bitmap_index = 5308, .adv_w = 365, .box_w = 21, .box_h = 28, .ofs_x = 2, .ofs_y = 0},
    {.bitmap_index = 5483, .adv_w = 365, .box_w = 18, .box_h = 28, .ofs_x = 3, .ofs_y = 0},
    {.bitmap_index = 5517, .adv_w = 365, .box_w = 19, .box_h = 28, .ofs_x = 2, .ofs_y = 0},
    {.bitmap_index = 5652, .adv_w = 365, .box_w = 19, .box_h = 28, .ofs_x = 2, .ofs_y = 0},
    {.bitmap_index = 5783, .adv_w = 365, .box_w = 21, .box_h = 28, .ofs_x = 1, .ofs_y = 0},
    {.bitmap_index = 5979, .adv_w = 365, .box_w = 19, .box_h = 28, .ofs_x = 3, .ofs_y = 0},
    {.bitmap_index = 6092, .adv_w = 365, .box_w = 22, .box_h = 33, .ofs_x = 1, .ofs_y = -5},
    {.bitmap_index = 6322, .adv_w = 365, .box_w = 20, .box_h = 28, .ofs_x = 2, .ofs_y = 0},
    {.bitmap_index = 6484, .adv_w = 365, .box_w = 21, .box_h = 28, .ofs_x = 1, .ofs_y = 0},
    {.bitmap_index = 6699, .adv_w = 365, .box_w = 22, .box_h = 28, .ofs_x = 0, .ofs_y = 0},
    {.bitmap_index = 6741, .adv_w = 365, .box_w = 19, .box_h = 28, .ofs_x = 2, .ofs_y = 0},
    {.bitmap_index = 6833, .adv_w = 365, .box_w = 22, .box_h = 28, .ofs_x = 0, .ofs_y = 0},
    {.bitmap_index = 7040, .adv_w = 365, .box_w = 23, .box_h = 28, .ofs_x = 0, .ofs_y = 0},
    {.bitmap_index = 7309, .adv_w = 365, .box_w = 22, .box_h = 28, .ofs_x = 1, .ofs_y = 0},
    {.bitmap_index = 7527, .adv_w = 365, .box_w = 23, .box_h = 28, .ofs_x = 0, .ofs_y = 0},
    {.bitmap_index = 7684, .adv_w = 365, .box_w = 20, .box_h = 28, .ofs_x = 1, .ofs_y = 0},
    {.bitmap_index = 7839, .adv_w = 365, .box_w = 9, .box_h = 38, .ofs_x = 7, .ofs_y = -6},
    {.bitmap_index = 7871, .adv_w = 365, .box_w = 16, .box_h = 30, .ofs_x = 4, .ofs_y = -2},
    {.bitmap_index = 8012, .adv_w = 365, .box_w = 9, .box_h = 38, .ofs_x = 7, .ofs_y = -6},
    {.bitmap_index = 8044, .adv_w = 365, .box_w = 16, .box_h = 15, .ofs_x = 4, .ofs_y = 13},
    {.bitmap_index = 8138, .adv_w = 365, .box_w = 18, .box_h = 4, .ofs_x = 2, .ofs_y = -4},
    {.bitmap_index = 8150, .adv_w = 365, .box_w = 9, .box_h = 6, .ofs_x = 7, .ofs_y = 23},
    {.bitmap_index = 8174, .adv_w = 365, .box_w = 19, .box_h = 21, .ofs_x = 2, .ofs_y = 0},
    {.bitmap_index = 8318, .adv_w = 365, .box_w = 19, .box_h = 29, .ofs_x = 2, .ofs_y = 0},
    {.bitmap_index = 8458, .adv_w = 365, .box_w = 19, .box_h = 21, .ofs_x = 2, .ofs_y = 0},
    {.bitmap_index = 8604, .adv_w = 365, .box_w = 18, .box_h = 29, .ofs_x = 2, .ofs_y = 0},
    {.bitmap_index = 8740, .adv_w = 365, .box_w = 19, .box_h = 21, .ofs_x = 2, .ofs_y = 0},
    {.bitmap_index = 8882, .adv_w = 365, .box_w = 20, .box_h = 30, .ofs_x = 2, .ofs_y = 0},
    {.bitmap_index = 8975, .adv_w = 365, .box_w = 18, .box_h = 29, .ofs_x = 2, .ofs_y = -8},
    {.bitmap_index = 9163, .adv_w = 365, .box_w = 19, .box_h = 29, .ofs_x = 2, .ofs_y = 0},
    {.bitmap_index = 9240, .adv_w = 365, .box_w = 18, .box_h = 28, .ofs_x = 3, .ofs_y = 0},
    {.bitmap_index = 9314, .adv_w = 365, .box_w = 13, .box_h = 36, .ofs_x = 4, .ofs_y = -8},
    {.bitmap_index = 9404, .adv_w = 365, .box_w = 20, .box_h = 29, .ofs_x = 2, .ofs_y = 0},
    {.bitmap_index = 9541, .adv_w = 365, .box_w = 18, .box_h = 29, .ofs_x = 3, .ofs_y = 0},
    {.bitmap_index = 9586, .adv_w = 365, .box_w = 21, .box_h = 21, .ofs_x = 1, .ofs_y = 0},
    {.bitmap_index = 9655, .adv_w = 365, .box_w = 19, .box_h = 21, .ofs_x = 2, .ofs_y = 0},
    {.bitmap_index = 9727, .adv_w = 365, .box_w = 19, .box_h = 21, .ofs_x = 2, .ofs_y = 0},
    {.bitmap_index = 9881, .adv_w = 365, .box_w = 19, .box_h = 29, .ofs_x = 2, .ofs_y = -8},
    {.bitmap_index = 10022, .adv_w = 365, .box_w = 18, .box_h = 29, .ofs_x = 2, .ofs_y = -8},
    {.bitmap_index = 10168, .adv_w = 365, .box_w = 16, .box_h = 21, .ofs_x = 5, .ofs_y = 0},
    {.bitmap_index = 10227, .adv_w = 365, .box_w = 19, .box_h = 21, .ofs_x = 2, .ofs_y = 0},
    {.bitmap_index = 10381, .adv_w = 365, .box_w = 19, .box_h = 26, .ofs_x = 2, .ofs_y = 0},
    {.bitmap_index = 10465, .adv_w = 365, .box_w = 18, .box_h = 21, .ofs_x = 3, .ofs_y = 0},
    {.bitmap_index = 10533, .adv_w = 365, .box_w = 21, .box_h = 21, .ofs_x = 1, .ofs_y = 0},
    {.bitmap_index = 10691, .adv_w = 365, .box_w = 22, .box_h = 21, .ofs_x = 0, .ofs_y = 0},
    {.bitmap_index = 10896, .adv_w = 365, .box_w = 21, .box_h = 21, .ofs_x = 1, .ofs_y = 0},
    {.bitmap_index = 11058, .adv_w = 365, .box_w = 22, .box_h = 29, .ofs_x = 1, .ofs_y = -8},
    {.bitmap_index = 11268, .adv_w = 365, .box_w = 19, .box_h = 21, .ofs_x = 2, .ofs_y = 0},
    {.bitmap_index = 11370, .adv_w = 365, .box_w = 14, .box_h = 37, .ofs_x = 5, .ofs_y = -7},
    {.bitmap_index = 11514, .adv_w = 365, .box_w = 4, .box_h = 36, .ofs_x = 9, .ofs_y = -8},
    {.bitmap_index = 11522, .adv_w = 365, .box_w = 13, .box_h = 38, .ofs_x = 6, .ofs_y = -7},
    {.bitmap_index = 11668, .adv_w = 365, .box_w = 22, .box_h = 8, .ofs_x = 0, .ofs_y = 7},
    {.bitmap_index = 11742, .adv_w = 365, .box_w = 0, .box_h = 0, .ofs_x = 0, .ofs_y = 0},
    {.bitmap_index = 11742, .adv_w = 365, .box_w = 6, .box_h = 29, .ofs_x = 9, .ofs_y = -8},
    {.bitmap_index = 11790, .adv_w = 365, .box_w = 19, .box_h = 30, .ofs_x = 2, .ofs_y = -5},
    {.bitmap_index = 11954, .adv_w = 365, .box_w = 20, .box_h = 28, .ofs_x = 2, .ofs_y = 0},
    {.bitmap_index = 12104, .adv_w = 365, .box_w = 21, .box_h = 22, .ofs_x = 1, .ofs_y = -1},
    {.bitmap_index = 12290, .adv_w = 365, .box_w = 23, .box_h = 28, .ofs_x = 0, .ofs_y = 0},
    {.bitmap_index = 12463, .adv_w = 365, .box_w = 5, .box_h = 33, .ofs_x = 9, .ofs_y = -5},
    {.bitmap_index = 12482, .adv_w = 365, .box_w = 21, .box_h = 37, .ofs_x = 1, .ofs_y = -9},
    {.bitmap_index = 12772, .adv_w = 365, .box_w = 14, .box_h = 5, .ofs_x = 5, .ofs_y = 24},
    {.bitmap_index = 12805, .adv_w = 365, .box_w = 21, .box_h = 21, .ofs_x = 1, .ofs_y = 0},
    {.bitmap_index = 13001, .adv_w = 365, .box_w = 13, .box_h = 15, .ofs_x = 5, .ofs_y = 12},
    {.bitmap_index = 13087, .adv_w = 365, .box_w = 16, .box_h = 16, .ofs_x = 3, .ofs_y = 2},
    {.bitmap_index = 13207, .adv_w = 365, .box_w = 16, .box_h = 9, .ofs_x = 3, .ofs_y = 7},
    {.bitmap_index = 13225, .adv_w = 365, .box_w = 16, .box_h = 4, .ofs_x = 4, .ofs_y = 10},
    {.bitmap_index = 13237, .adv_w = 365, .box_w = 21, .box_h = 22, .ofs_x = 1, .ofs_y = 0},
    {.bitmap_index = 13423, .adv_w = 365, .box_w = 15, .box_h = 3, .ofs_x = 4, .ofs_y = 25},
    {.bitmap_index = 13435, .adv_w = 365, .box_w = 11, .box_h = 10, .ofs_x = 6, .ofs_y = 18},
    {.bitmap_index = 13487, .adv_w = 365, .box_w = 18, .box_h = 25, .ofs_x = 2, .ofs_y = 0},
    {.bitmap_index = 13549, .adv_w = 365, .box_w = 13, .box_h = 15, .ofs_x = 5, .ofs_y = 12},
    {.bitmap_index = 13630, .adv_w = 365, .box_w = 13, .box_h = 15, .ofs_x = 5, .ofs_y = 12},
    {.bitmap_index = 13718, .adv_w = 365, .box_w = 9, .box_h = 5, .ofs_x = 7, .ofs_y = 23},
    {.bitmap_index = 13740, .adv_w = 365, .box_w = 18, .box_h = 29, .ofs_x = 3, .ofs_y = -8},
    {.bitmap_index = 13808, .adv_w = 365, .box_w = 16, .box_h = 28, .ofs_x = 3, .ofs_y = 0},
    {.bitmap_index = 13886, .adv_w = 365, .box_w = 6, .box_h = 6, .ofs_x = 9, .ofs_y = 11},
    {.bitmap_index = 13903, .adv_w = 365, .box_w = 7, .box_h = 9, .ofs_x = 8, .ofs_y = -9},
    {.bitmap_index = 13935, .adv_w = 365, .box_w = 8, .box_h = 15, .ofs_x = 7, .ofs_y = 12},
    {.bitmap_index = 13959, .adv_w = 365, .box_w = 14, .box_h = 15, .ofs_x = 4, .ofs_y = 12},
    {.bitmap_index = 14047, .adv_w = 365, .box_w = 16, .box_h = 16, .ofs_x = 4, .ofs_y = 3},
    {.bitmap_index = 14167, .adv_w = 365, .box_w = 21, .box_h = 28, .ofs_x = 1, .ofs_y = 0},
    {.bitmap_index = 14342, .adv_w = 365, .box_w = 23, .box_h = 28, .ofs_x = 0, .ofs_y = 0},
    {.bitmap_index = 14541, .adv_w = 365, .box_w = 23, .box_h = 28, .ofs_x = 0, .ofs_y = 0},
    {.bitmap_index = 14771, .adv_w = 365, .box_w = 17, .box_h = 29, .ofs_x = 3, .ofs_y = -8},
    {.bitmap_index = 14924, .adv_w = 365, .box_w = 23, .box_h = 35, .ofs_x = 0, .ofs_y = 0},
    {.bitmap_index = 15170, .adv_w = 365, .box_w = 23, .box_h = 35, .ofs_x = 0, .ofs_y = 0},
    {.bitmap_index = 15417, .adv_w = 365, .box_w = 23, .box_h = 36, .ofs_x = 0, .ofs_y = 0},
    {.bitmap_index = 15675, .adv_w = 365, .box_w = 23, .box_h = 37, .ofs_x = 0, .ofs_y = 0},
    {.bitmap_index = 15941, .adv_w = 365, .box_w = 23, .box_h = 35, .ofs_x = 0, .ofs_y = 0},
    {.bitmap_index = 16195, .adv_w = 365, .box_w = 23, .box_h = 37, .ofs_x = 0, .ofs_y = 0},
    {.bitmap_index = 16455, .adv_w = 365, .box_w = 22, .box_h = 28, .ofs_x = 0, .ofs_y = 0},
    {.bitmap_index = 16617, .adv_w = 365, .box_w = 20, .box_h = 36, .ofs_x = 1, .ofs_y = -8},
    {.bitmap_index = 16844, .adv_w = 365, .box_w = 18, .box_h = 35, .ofs_x = 3, .ofs_y = 0},
    {.bitmap_index = 16940, .adv_w = 365, .box_w = 18, .box_h = 35, .ofs_x = 3, .ofs_y = 0},
    {.bitmap_index = 17035, .adv_w = 365, .box_w = 18, .box_h = 36, .ofs_x = 3, .ofs_y = 0},
    {.bitmap_index = 17143, .adv_w = 365, .box_w = 18, .box_h = 35, .ofs_x = 3, .ofs_y = 0},
    {.bitmap_index = 17246, .adv_w = 365, .box_w = 17, .box_h = 35, .ofs_x = 3, .ofs_y = 0},
    {.bitmap_index = 17335, .adv_w = 365, .box_w = 17, .box_h = 35, .ofs_x = 3, .ofs_y = 0},
    {.bitmap_index = 17424, .adv_w = 365, .box_w = 17, .box_h = 36, .ofs_x = 3, .ofs_y = 0},
    {.bitmap_index = 17525, .adv_w = 365, .box_w = 17, .box_h = 35, .ofs_x = 3, .ofs_y = 0},
    {.bitmap_index = 17622, .adv_w = 365, .box_w = 23, .box_h = 28, .ofs_x = -1, .ofs_y = 0},
    {.bitmap_index = 17794, .adv_w = 365, .box_w = 19, .box_h = 37, .ofs_x = 2, .ofs_y = 0},
    {.bitmap_index = 17981, .adv_w = 365, .box_w = 21, .box_h = 36, .ofs_x = 1, .ofs_y = 0},
    {.bitmap_index = 18217, .adv_w = 365, .box_w = 21, .box_h = 36, .ofs_x = 1, .ofs_y = 0},
    {.bitmap_index = 18457, .adv_w = 365, .box_w = 21, .box_h = 37, .ofs_x = 1, .ofs_y = 0},
    {.bitmap_index = 18704, .adv_w = 365, .box_w = 21, .box_h = 37, .ofs_x = 1, .ofs_y = 0},
    {.bitmap_index = 18951, .adv_w = 365, .box_w = 21, .box_h = 36, .ofs_x = 1, .ofs_y = 0},
    {.bitmap_index = 19193, .adv_w = 365, .box_w = 18, .box_h = 19, .ofs_x = 3, .ofs_y = 3},
    {.bitmap_index = 19329, .adv_w = 365, .box_w = 21, .box_h = 31, .ofs_x = 1, .ofs_y = -2},
    {.bitmap_index = 19580, .adv_w = 365, .box_w = 19, .box_h = 35, .ofs_x = 2, .ofs_y = 0},
    {.bitmap_index = 19713, .adv_w = 365, .box_w = 19, .box_h = 35, .ofs_x = 2, .ofs_y = 0},
    {.bitmap_index = 19843, .adv_w = 365, .box_w = 19, .box_h = 36, .ofs_x = 2, .ofs_y = 0},
    {.bitmap_index = 19989, .adv_w = 365, .box_w = 19, .box_h = 35, .ofs_x = 2, .ofs_y = 0},
    {.bitmap_index = 20130, .adv_w = 365, .box_w = 23, .box_h = 35, .ofs_x = 0, .ofs_y = 0},
    {.bitmap_index = 20329, .adv_w = 365, .box_w = 20, .box_h = 28, .ofs_x = 2, .ofs_y = 0},
    {.bitmap_index = 20450, .adv_w = 365, .box_w = 19, .box_h = 30, .ofs_x = 3, .ofs_y = 0},
    {.bitmap_index = 20644, .adv_w = 365, .box_w = 19, .box_h = 29, .ofs_x = 2, .ofs_y = 0},
    {.bitmap_index = 20828, .adv_w = 365, .box_w = 19, .box_h = 29, .ofs_x = 2, .ofs_y = 0},
    {.bitmap_index = 21013, .adv_w = 365, .box_w = 19, .box_h = 30, .ofs_x = 2, .ofs_y = 0},
    {.bitmap_index = 21209, .adv_w = 365, .box_w = 19, .box_h = 31, .ofs_x = 2, .ofs_y = 0},
    {.bitmap_index = 21409, .adv_w = 365, .box_w = 19, .box_h = 29, .ofs_x = 2, .ofs_y = 0},
    {.bitmap_index = 21600, .adv_w = 365, .box_w = 19, .box_h = 31, .ofs_x = 2, .ofs_y = 0},
    {.bitmap_index = 21801, .adv_w = 365, .box_w = 23, .box_h = 21, .ofs_x = 0, .ofs_y = 0},
    {.bitmap_index = 21983, .adv_w = 365, .box_w = 19, .box_h = 29, .ofs_x = 2, .ofs_y = -8},
    {.bitmap_index = 22179, .adv_w = 365, .box_w = 19, .box_h = 29, .ofs_x = 2, .ofs_y = 0},
    {.bitmap_index = 22362, .adv_w = 365, .box_w = 19, .box_h = 29, .ofs_x = 2, .ofs_y = 0},
    {.bitmap_index = 22546, .adv_w = 365, .box_w = 19, .box_h = 30, .ofs_x = 2, .ofs_y = 0},
    {.bitmap_index = 22740, .adv_w = 365, .box_w = 19, .box_h = 29, .ofs_x = 2, .ofs_y = 0},
    {.bitmap_index = 22929, .adv_w = 365, .box_w = 18, .box_h = 28, .ofs_x = 3, .ofs_y = 0},
    {.bitmap_index = 23008, .adv_w = 365, .box_w = 18, .box_h = 28, .ofs_x = 3, .ofs_y = 0},
    {.bitmap_index = 23081, .adv_w = 365, .box_w = 18, .box_h = 29, .ofs_x = 3, .ofs_y = 0},
    {.bitmap_index = 23164, .adv_w = 365, .box_w = 18, .box_h = 28, .ofs_x = 3, .ofs_y = 0},
    {.bitmap_index = 23251, .adv_w = 365, .box_w = 21, .box_h = 30, .ofs_x = 0, .ofs_y = 0},
    {.bitmap_index = 23476, .adv_w = 365, .box_w = 19, .box_h = 30, .ofs_x = 2, .ofs_y = 0},
    {.bitmap_index = 23600, .adv_w = 365, .box_w = 19, .box_h = 29, .ofs_x = 2, .ofs_y = 0},
    {.bitmap_index = 23794, .adv_w = 365, .box_w = 19, .box_h = 29, .ofs_x = 2, .ofs_y = 0},
    {.bitmap_index = 23990, .adv_w = 365, .box_w = 19, .box_h = 30, .ofs_x = 2, .ofs_y = 0},
    {.bitmap_index = 24195, .adv_w = 365, .box_w = 19, .box_h = 31, .ofs_x = 2, .ofs_y = 0},
    {.bitmap_index = 24403, .adv_w = 365, .box_w = 19, .box_h = 29, .ofs_x = 2, .ofs_y = 0},
    {.bitmap_index = 24604, .adv_w = 365, .box_w = 19, .box_h = 20, .ofs_x = 2, .ofs_y = 3},
    {.bitmap_index = 24683, .adv_w = 365, .box_w = 19, .box_h = 26, .ofs_x = 2, .ofs_y = -2},
    {.bitmap_index = 24881, .adv_w = 365, .box_w = 18, .box_h = 29, .ofs_x = 3, .ofs_y = 0},
    {.bitmap_index = 24990, .adv_w = 365, .box_w = 18, .box_h = 28, .ofs_x = 3, .ofs_y = 0},
    {.bitmap_index = 25092, .adv_w = 365, .box_w = 18, .box_h = 29, .ofs_x = 3, .ofs_y = 0},
    {.bitmap_index = 25205, .adv_w = 365, .box_w = 18, .box_h = 28, .ofs_x = 3, .ofs_y = 0},
    {.bitmap_index = 25321, .adv_w = 365, .box_w = 22, .box_h = 36, .ofs_x = 1, .ofs_y = -8},
    {.bitmap_index = 25570, .adv_w = 365, .box_w = 19, .box_h = 38, .ofs_x = 2, .ofs_y = -8},
    {.bitmap_index = 25723, .adv_w = 365, .box_w = 22, .box_h = 36, .ofs_x = 1, .ofs_y = -8}
};

/*---------------------
 *  CHARACTER MAPPING
 *--------------------*/



/*Collect the unicode lists and glyph_id offsets*/
static const lv_font_fmt_txt_cmap_t cmaps[] =
{
    {
        .range_start = 32, .range_length = 95, .glyph_id_start = 1,
        .unicode_list = NULL, .glyph_id_ofs_list = NULL, .list_length = 0, .type = LV_FONT_FMT_TXT_CMAP_FORMAT0_TINY
    },
    {
        .range_start = 160, .range_length = 96, .glyph_id_start = 96,
        .unicode_list = NULL, .glyph_id_ofs_list = NULL, .list_length = 0, .type = LV_FONT_FMT_TXT_CMAP_FORMAT0_TINY
    }
};



/*--------------------
 *  ALL CUSTOM DATA
 *--------------------*/

#if LVGL_VERSION_MAJOR == 8
/*Store all the custom data of the font*/
static  lv_font_fmt_txt_glyph_cache_t cache;
#endif

#if LVGL_VERSION_MAJOR >= 8
static const lv_font_fmt_txt_dsc_t font_dsc = {
#else
static lv_font_fmt_txt_dsc_t font_dsc = {
#endif
    .glyph_bitmap = glyph_bitmap,
    .glyph_dsc = glyph_dsc,
    .cmaps = cmaps,
    .kern_dsc = NULL,
    .kern_scale = 0,
    .cmap_num = 2,
    .bpp = 4,
    .kern_classes = 0,
    .bitmap_format = 1,
#if LVGL_VERSION_MAJOR == 8
    .cache = &cache
#endif
};



/*-----------------
 *  PUBLIC FONT
 *----------------*/

/*Initialize a public general font descriptor*/
#if LVGL_VERSION_MAJOR >= 8
const lv_font_t roboto_mono_medium_38 = {
#else
lv_font_t roboto_mono_medium_38 = {
#endif
    .get_glyph_dsc = lv_font_get_glyph_dsc_fmt_txt,    /*Function pointer to get glyph's data*/
    .get_glyph_bitmap = lv_font_get_bitmap_fmt_txt,    /*Function pointer to get glyph's bitmap*/
    .line_height = 46,          /*The maximum line height required by the font*/
    .base_line = 9,             /*Baseline measured from the bottom of the line*/
#if !(LVGL_VERSION_MAJOR == 6 && LVGL_VERSION_MINOR == 0)
    .subpx = LV_FONT_SUBPX_NONE,
#endif
#if LV_VERSION_CHECK(7, 4, 0) || LVGL_VERSION_MAJOR >= 8
    .underline_position = -3,
    .underline_thickness = 2,
#endif
    .dsc = &font_dsc,          /*The custom font data. Will be accessed by `get_glyph_bitmap/dsc` */
#if LV_VERSION_CHECK(8, 2, 0) || LVGL_VERSION_MAJOR >= 9
    .fallback = NULL,
#endif
    .user_data = NULL,
};



#endif /*#if ROBOTO_MONO_MEDIUM_38*/

