/*******************************************************************************
 * Size: 28 px
 * Bpp: 4
 * Opts: --bpp 4 --size 28 --font roboto_mono_medium.ttf --range 32-127,160-255 --format lvgl -o generated_fonts/roboto_mono_medium_28.c
 ******************************************************************************/

#ifdef LV_LVGL_H_INCLUDE_SIMPLE
#include "lvgl.h"
#else
#include "lvgl/lvgl.h"
#endif

#ifndef ROBOTO_MONO_MEDIUM_28
#define ROBOTO_MONO_MEDIUM_28 1
#endif

#if ROBOTO_MONO_MEDIUM_28

/*-----------------
 *    BITMAPS
 *----------------*/

/*Store the image of the glyphs*/
static LV_ATTRIBUTE_LARGE_CONST const uint8_t glyph_bitmap[] = {
    /* U+0020 " " */

    /* U+0021 "!" */
    0x5f, 0xf8, 0x3, 0xff, 0x8e, 0x20, 0x1e, 0x10,
    0xf, 0xfe, 0x51, 0x80, 0x79, 0xc0, 0x31, 0xf7,
    0x30, 0x0, 0x23, 0x0, 0x7c, 0xf4, 0x80, 0xf0,
    0xb6, 0x5c, 0x1, 0xd, 0x90, 0x29, 0x80,

    /* U+0022 "\"" */
    0xbf, 0xc0, 0x3, 0x7f, 0x84, 0x3, 0xfe, 0x70,
    0xe, 0x10, 0x0, 0x80, 0x7e, 0x30, 0xc, 0x20,
    0x17, 0x0, 0x63, 0x1, 0x18, 0x2, 0x17, 0x0,

    /* U+0023 "#" */
    0x0, 0xf4, 0xfd, 0x0, 0xf, 0xfc, 0x1, 0xf9,
    0x43, 0x40, 0xa, 0x4, 0x1, 0xf8, 0xc0, 0xc0,
    0x1e, 0xe, 0x1, 0xf1, 0x0, 0x14, 0x0, 0xa1,
    0xa0, 0x1f, 0x30, 0x8, 0x80, 0x6, 0x6, 0x1,
    0x88, 0xac, 0x2, 0x28, 0xc0, 0xe, 0x44, 0x4,
    0xdd, 0x9c, 0xf, 0x75, 0x80, 0xc, 0xdc, 0x0,
    0xff, 0xe2, 0xa7, 0xfc, 0x0, 0xdf, 0xf2, 0x3,
    0xff, 0xb8, 0x3, 0x20, 0x0, 0x80, 0xa, 0x1a,
    0x1, 0xf1, 0x81, 0x80, 0x4, 0x40, 0xe0, 0x1f,
    0x68, 0x28, 0x1, 0x40, 0x4, 0x1, 0x2f, 0xfc,
    0xa0, 0xdf, 0xeb, 0x0, 0x7f, 0xb8, 0x3, 0xff,
    0x8a, 0xbb, 0xaa, 0x0, 0x6e, 0xc2, 0x11, 0xba,
    0xf0, 0x1, 0x10, 0xc0, 0x8b, 0x8, 0x21, 0x10,
    0x40, 0x37, 0x83, 0x80, 0xc, 0x0, 0x60, 0x1f,
    0x10, 0x10, 0x1, 0x40, 0x80, 0x3f, 0x28, 0x68,
    0x3, 0xc1, 0xc0, 0x3e, 0x11, 0x3, 0x80, 0x14,
    0x34, 0x3, 0x80,

    /* U+0024 "$" */
    0x0, 0xfb, 0xfc, 0x20, 0x1f, 0xfd, 0xb5, 0xbf,
    0x0, 0x75, 0x18, 0x7, 0xaa, 0x88, 0x1, 0x97,
    0x1c, 0x3, 0x3a, 0x80, 0x9, 0x54, 0x1, 0x42,
    0x0, 0x50, 0x0, 0x5d, 0xaa, 0x70, 0x80, 0x3c,
    0x0, 0x60, 0x15, 0x80, 0x43, 0x60, 0x4, 0x0,
    0x38, 0x4, 0x20, 0x19, 0x0, 0x23, 0x7, 0x0,
    0x8c, 0x3, 0xd, 0x54, 0x40, 0x62, 0x0, 0xe2,
    0x0, 0xca, 0xb0, 0x80, 0x20, 0x0, 0x5b, 0x48,
    0x1, 0xf9, 0xa0, 0x2, 0x5b, 0xd6, 0x0, 0xf9,
    0xf1, 0x0, 0x22, 0x9d, 0x30, 0xf, 0x1d, 0xeb,
    0x88, 0x0, 0xb0, 0xc0, 0x3e, 0x28, 0xe8, 0x0,
    0xbc, 0x3, 0xfc, 0xf4, 0x0, 0x32, 0xf, 0xf8,
    0xc0, 0x39, 0x40, 0x26, 0x0, 0xca, 0x1, 0xff,
    0x28, 0x2, 0xc4, 0x3, 0x30, 0x4, 0xa1, 0x20,
    0x2, 0xf7, 0x45, 0xa9, 0x0, 0x20, 0x81, 0xc0,
    0x0, 0x62, 0xe9, 0x40, 0x3, 0x40, 0x13, 0xd9,
    0x0, 0x79, 0x7c, 0x40, 0x32, 0x6e, 0x9c, 0x6,
    0xfe, 0x84, 0x3, 0xe2, 0xc0, 0x34, 0x0, 0xff,
    0xe4, 0x0,

    /* U+0025 "%" */
    0x1, 0xae, 0xfd, 0x70, 0xf, 0xfb, 0x14, 0x40,
    0xa2, 0x0, 0x1f, 0xca, 0x41, 0x9e, 0xe0, 0xe0,
    0x12, 0x10, 0x6, 0x20, 0x23, 0xa, 0x0, 0x8,
    0xd, 0xe8, 0x80, 0x7f, 0xf0, 0x60, 0x1c, 0x40,
    0x22, 0x2, 0x30, 0xa0, 0x0, 0x93, 0xc, 0x80,
    0x65, 0x20, 0xcf, 0x70, 0x70, 0x90, 0x91, 0x0,
    0xec, 0x61, 0x2, 0x88, 0x22, 0x9, 0xc0, 0x3c,
    0x33, 0xdf, 0xae, 0x12, 0x10, 0x1, 0xff, 0xc1,
    0x62, 0x35, 0x0, 0xff, 0xe0, 0xc0, 0x78, 0x7,
    0xff, 0x6, 0x5, 0x4d, 0xfb, 0xf5, 0xc0, 0x3e,
    0x27, 0xb, 0x98, 0x10, 0x28, 0x70, 0xf, 0x40,
    0x38, 0x30, 0x4f, 0xb8, 0x40, 0x7, 0x1a, 0x8c,
    0x20, 0x1, 0x82, 0x40, 0x6, 0x1, 0xbc, 0x20,
    0x2, 0x10, 0x0, 0x80, 0x1c, 0x3, 0x5a, 0x30,
    0x4, 0x20, 0x1, 0x0, 0x38, 0x6, 0x7b, 0x0,
    0x38, 0x1, 0x81, 0x80, 0x6, 0x1, 0xf8, 0x94,
    0x27, 0xe0, 0x1c, 0x3, 0xfd, 0x4e, 0x20, 0x31,
    0x0,

    /* U+0026 "&" */
    0x0, 0xcd, 0x9f, 0xec, 0x50, 0xf, 0xeb, 0x93,
    0x0, 0x1d, 0x40, 0x7, 0xce, 0x80, 0x3, 0x40,
    0x3, 0x90, 0x7, 0xac, 0x0, 0xf9, 0x6e, 0x0,
    0xa0, 0xf, 0x18, 0x2, 0x80, 0x18, 0x0, 0x10,
    0xf, 0xfe, 0x1, 0x0, 0x3c, 0x3, 0xc8, 0x0,
    0x50, 0x49, 0x1, 0x70, 0xf, 0x70, 0x2, 0x62,
    0xc0, 0x1a, 0x20, 0x1e, 0x53, 0x1, 0x70, 0x2d,
    0x30, 0xf, 0xd6, 0x1, 0x16, 0x10, 0x7, 0xe8,
    0x80, 0x4, 0x4a, 0x1, 0x2b, 0xb8, 0x1, 0xe,
    0x0, 0x40, 0x5, 0x90, 0x2, 0x62, 0x2, 0x6e,
    0x0, 0xab, 0x30, 0x7, 0x80, 0x8, 0x0, 0x34,
    0x0, 0x45, 0xd, 0x10, 0x2a, 0x41, 0x4, 0x5,
    0x0, 0x18, 0x0, 0x74, 0x0, 0xb6, 0x0, 0xe0,
    0x70, 0x1, 0x0, 0x47, 0x20, 0x18, 0x94, 0xc,
    0x0, 0xa6, 0x1, 0x20, 0x80, 0x50, 0x0, 0x90,
    0xb, 0x2e, 0xb3, 0x44, 0x2, 0x80, 0x0, 0xd8,
    0x4, 0x8a, 0x60, 0x3, 0x0, 0x14, 0x80, 0x13,
    0x9c, 0x80, 0x2, 0xb5, 0x90, 0x0, 0x64,

    /* U+0027 "'" */
    0x8f, 0xf0, 0x80, 0x42, 0x1, 0xfe, 0x10, 0x8,
    0xc0, 0x21, 0x8, 0xfc, 0x0,

    /* U+0028 "(" */
    0x0, 0xff, 0xe1, 0xc6, 0x0, 0x7a, 0x9c, 0xc4,
    0x3, 0x4a, 0x85, 0x8, 0x4, 0x8c, 0xe, 0xa0,
    0x1a, 0x40, 0xa0, 0x3, 0x31, 0x4, 0x0, 0x75,
    0x80, 0xa8, 0x6, 0x32, 0x7, 0x0, 0xeb, 0x0,
    0x60, 0x7, 0x18, 0x1, 0xc0, 0x39, 0x0, 0x4,
    0x1, 0x84, 0x0, 0x40, 0x1c, 0x60, 0x1, 0x0,
    0xe1, 0x0, 0x38, 0x7, 0xff, 0x8, 0x40, 0xe,
    0x1, 0xc6, 0x0, 0x10, 0xe, 0x10, 0x1, 0x0,
    0x78, 0xc0, 0x2, 0x1, 0xc8, 0x0, 0x50, 0xe,
    0xc0, 0x6, 0x80, 0x72, 0x8, 0x38, 0x7, 0xa4,
    0x5, 0x0, 0x39, 0xc4, 0x20, 0x3, 0xd6, 0x6,
    0xc0, 0x1c, 0xaa, 0x9, 0x30, 0xe, 0xa3, 0xc,
    0x10, 0xe, 0xc5, 0x21, 0x0, 0xf5, 0x60, 0x0,

    /* U+0029 ")" */
    0x0, 0xfc, 0x9a, 0x60, 0x1d, 0x85, 0x88, 0x1,
    0xa1, 0x2, 0xc8, 0x3, 0x50, 0x87, 0x80, 0x61,
    0xb0, 0x27, 0x0, 0xca, 0x41, 0x2, 0x1, 0xac,
    0x0, 0xc0, 0x19, 0xc0, 0x14, 0x1, 0x84, 0x80,
    0x84, 0x3, 0x20, 0x1, 0x0, 0x37, 0x0, 0x30,
    0x3, 0x10, 0x0, 0x80, 0x33, 0x0, 0x18, 0x3,
    0xff, 0xa0, 0xe0, 0x6, 0x0, 0xc4, 0x0, 0x20,
    0xd, 0xe0, 0xf, 0x0, 0xca, 0x0, 0x40, 0xc,
    0x60, 0x44, 0x0, 0x94, 0x0, 0xa0, 0x1b, 0x80,
    0x12, 0x1, 0x1a, 0x3, 0x88, 0x5, 0xc0, 0x30,
    0x1, 0x51, 0x6, 0x80, 0x4e, 0xa1, 0x46, 0x1,
    0x18, 0xda, 0x80, 0x64, 0xf4, 0x0, 0xe0,

    /* U+002A "*" */
    0x0, 0xe5, 0xff, 0x28, 0x7, 0xf8, 0x40, 0x2,
    0x1, 0xfe, 0x70, 0x3, 0x0, 0x78, 0x80, 0x21,
    0x0, 0x18, 0x4, 0x20, 0x9b, 0x68, 0x4, 0x0,
    0x10, 0x39, 0xe2, 0xd0, 0x4b, 0xd6, 0x0, 0x2e,
    0x61, 0x81, 0x71, 0x88, 0xa, 0x40, 0x14, 0x60,
    0x4, 0x15, 0x9d, 0xea, 0x10, 0x1, 0x46, 0x7d,
    0xb0, 0x4, 0x20, 0x20, 0x2, 0x53, 0x0, 0xf1,
    0xd0, 0x4a, 0x7, 0x88, 0x7, 0xe, 0x81, 0xb4,
    0x81, 0x50, 0x7, 0x68, 0x87, 0x81, 0x38, 0x24,
    0x0, 0x65, 0x6, 0x30, 0x4, 0x8, 0x78, 0x6,
    0x9b, 0x80, 0xd, 0x58, 0xe0, 0x0,

    /* U+002B "+" */
    0x0, 0xe1, 0x77, 0x30, 0x7, 0xfc, 0xb1, 0x10,
    0x7, 0xff, 0xda, 0x3f, 0xf5, 0x80, 0x7, 0xff,
    0x84, 0x3, 0xff, 0xa5, 0x1d, 0xda, 0x80, 0x3,
    0xdd, 0xc2, 0x2, 0x3c, 0x1, 0x8, 0xf0, 0x7,
    0xff, 0xc4,

    /* U+002C "," */
    0x0, 0x77, 0xf9, 0x40, 0x3f, 0xf8, 0xa2, 0x0,
    0x10, 0x2, 0x82, 0x0, 0x10, 0x43, 0x80, 0x10,
    0x1, 0xa0, 0xc0, 0x15, 0xae, 0x0,

    /* U+002D "-" */
    0x5a, 0xaf, 0xf2, 0xea, 0xaf, 0xfb, 0x40, 0x3f,
    0xf8, 0x0,

    /* U+002E "." */
    0x4, 0x75, 0x6, 0xb8, 0xa8, 0xa0, 0x9, 0x98,
    0x1, 0x14, 0x18, 0x17, 0x80,

    /* U+002F "/" */
    0x0, 0xf8, 0xbf, 0xda, 0x1, 0xf5, 0x0, 0x28,
    0x3, 0xe6, 0x0, 0x30, 0x7, 0x90, 0x41, 0x4,
    0x3, 0xdc, 0x0, 0xe0, 0xf, 0x94, 0x0, 0xa0,
    0x1e, 0x50, 0x2, 0x80, 0x7d, 0xc0, 0xe, 0x0,
    0xf0, 0xa0, 0xa, 0x0, 0x79, 0x80, 0xc, 0x1,
    0xf5, 0x0, 0x28, 0x3, 0xc4, 0x40, 0x22, 0x0,
    0x7a, 0x80, 0x14, 0x1, 0xf3, 0x0, 0x18, 0x3,
    0xc8, 0x20, 0x82, 0x1, 0xee, 0x0, 0x70, 0x7,
    0xca, 0x0, 0x50, 0xf, 0x28, 0x1, 0x40, 0x3e,
    0xe0, 0x7, 0x0, 0x78, 0x50, 0x5, 0x0, 0x3c,
    0xc0, 0x6, 0x0, 0xf8, 0x9d, 0xd4, 0x1, 0xf0,

    /* U+0030 "0" */
    0x0, 0xcd, 0x9f, 0xee, 0xb4, 0x0, 0xf6, 0x49,
    0x80, 0x5, 0x2e, 0x80, 0x35, 0x98, 0x0, 0xd4,
    0x80, 0xb, 0x0, 0x4, 0x40, 0x2, 0xf2, 0xb6,
    0x0, 0xe, 0x21, 0xa0, 0x5, 0x40, 0x9, 0xc8,
    0x0, 0xc0, 0x80, 0xf, 0x0, 0xe4, 0x0, 0x60,
    0x10, 0x0, 0x40, 0x3f, 0x30, 0x6, 0x70, 0x8,
    0x6d, 0x80, 0x6, 0x1, 0xf1, 0xfa, 0x0, 0x7f,
    0x9f, 0x5, 0x1c, 0x3, 0xe6, 0xb8, 0x8, 0xbe,
    0x0, 0xfa, 0x90, 0x71, 0xc0, 0x3f, 0xcb, 0xe6,
    0x1, 0xfe, 0x7a, 0x10, 0xf, 0x18, 0x10, 0x3,
    0x80, 0x3b, 0x80, 0xc, 0xe, 0x0, 0xc0, 0xe,
    0x50, 0x6, 0x7, 0x0, 0x15, 0x40, 0x13, 0x90,
    0x1, 0x81, 0x10, 0x0, 0xac, 0xac, 0x80, 0x3,
    0x88, 0x2, 0xcc, 0x0, 0x6a, 0x60, 0x5, 0x80,
    0xd, 0x92, 0x82, 0x2, 0x95, 0x40, 0x0,

    /* U+0031 "1" */
    0x0, 0xf9, 0x6c, 0x3, 0x24, 0xfd, 0x20, 0x14,
    0x6d, 0xb0, 0x4, 0xba, 0xe4, 0x1, 0xc6, 0x1,
    0x2b, 0x80, 0x64, 0x9f, 0xad, 0x0, 0x9a, 0xd8,
    0x3, 0xff, 0xfe, 0x1, 0xff, 0xe4,

    /* U+0032 "2" */
    0x0, 0x92, 0xbb, 0xfd, 0xb0, 0x20, 0x1d, 0x56,
    0xa2, 0x0, 0x27, 0xe5, 0x0, 0xa9, 0x40, 0x2,
    0x86, 0x1, 0x51, 0x2, 0x28, 0x2, 0x7a, 0xf3,
    0x0, 0x14, 0x7, 0x80, 0x15, 0x80, 0x23, 0x80,
    0x2, 0x2, 0x80, 0x30, 0x3, 0x90, 0x0, 0x21,
    0x57, 0x67, 0x0, 0xe7, 0x0, 0xc8, 0x90, 0x80,
    0x77, 0x0, 0x14, 0x3, 0xf9, 0x14, 0x1, 0x20,
    0x1f, 0x86, 0x80, 0xa, 0x60, 0x1f, 0xb4, 0x40,
    0xa8, 0x3, 0xf5, 0x98, 0xf, 0x80, 0x7e, 0xa4,
    0x0, 0x69, 0x0, 0x7d, 0x2a, 0x0, 0xc3, 0x0,
    0xfa, 0x18, 0x1, 0x66, 0x1, 0xf3, 0xb8, 0x1,
    0x48, 0x1, 0xf3, 0x40, 0x2, 0x94, 0x3, 0xe5,
    0x90, 0x0, 0xfd, 0x57, 0xcf, 0x80, 0x10, 0xaa,
    0xfe, 0xb0, 0xf, 0xfe, 0x10,

    /* U+0033 "3" */
    0x0, 0x92, 0xbb, 0xfd, 0xb2, 0x60, 0x1d, 0x56,
    0xa2, 0x0, 0x26, 0xc8, 0x0, 0xa5, 0x40, 0x2,
    0xa8, 0x20, 0x7, 0x60, 0x26, 0x0, 0x37, 0x55,
    0xf2, 0x0, 0x20, 0x10, 0x0, 0x32, 0x1, 0xa0,
    0x0, 0x24, 0x95, 0x4d, 0x0, 0xe3, 0x0, 0x84,
    0x95, 0x46, 0x1, 0xc6, 0x1, 0x10, 0x7, 0xe1,
    0xf0, 0x2, 0x88, 0x6, 0x38, 0x85, 0x79, 0x81,
    0x58, 0x7, 0x2b, 0xb9, 0x44, 0x13, 0x44, 0x3,
    0xfe, 0x4b, 0x10, 0xe, 0x6f, 0xf7, 0x48, 0x82,
    0x50, 0x7, 0xe1, 0x6d, 0x0, 0x21, 0x80, 0x7f,
    0x19, 0x80, 0x8, 0xd1, 0x5, 0x0, 0xfe, 0xff,
    0x3b, 0xa4, 0x3, 0xc4, 0x0, 0xec, 0x0, 0x1b,
    0x80, 0x69, 0x10, 0x3, 0xaa, 0x0, 0x23, 0xaa,
    0x9c, 0xc0, 0x7, 0x10, 0xa4, 0x0, 0xa, 0xa8,
    0x40, 0xd, 0x0, 0x1, 0xba, 0x51, 0x0, 0x13,
    0x64, 0x80, 0x0,

    /* U+0034 "4" */
    0x0, 0xfe, 0xcf, 0xf6, 0x80, 0x7f, 0xce, 0x60,
    0x1f, 0xfc, 0x11, 0x80, 0xf, 0xfe, 0x15, 0x0,
    0x7f, 0xf0, 0x95, 0x0, 0x40, 0x3f, 0xe1, 0xb0,
    0x19, 0x0, 0xff, 0xa0, 0x42, 0xc4, 0x3, 0xfc,
    0x6c, 0x8, 0xa0, 0x1f, 0xf7, 0x0, 0x24, 0x3,
    0xfe, 0x72, 0x8, 0x20, 0xf, 0xf1, 0x40, 0x1b,
    0x80, 0x7f, 0xd2, 0x0, 0xf0, 0xf, 0xf9, 0x90,
    0x1c, 0xc0, 0x3f, 0xe8, 0x0, 0x3f, 0xfe, 0x90,
    0x1, 0x7f, 0x98, 0x44, 0x1, 0xff, 0xc2, 0x15,
    0x5f, 0xc6, 0x1, 0x2a, 0xc1, 0x55, 0xfc, 0x0,
    0x2a, 0xa1, 0x80, 0x7f, 0xf9, 0x0,

    /* U+0035 "5" */
    0x6, 0xff, 0xff, 0x30, 0x0, 0x40, 0x3f, 0xf8,
    0x3c, 0x0, 0x11, 0xfc, 0x60, 0x2, 0x0, 0x5f,
    0x77, 0xca, 0x0, 0x70, 0x3, 0x0, 0x7f, 0x88,
    0x0, 0x40, 0x1f, 0xe1, 0x0, 0x8, 0x7, 0xf0,
    0x80, 0x4f, 0xbf, 0xed, 0x81, 0x0, 0x88, 0x2,
    0x82, 0x0, 0x13, 0xf9, 0x80, 0x18, 0x2, 0x15,
    0x51, 0x0, 0x7, 0x44, 0x12, 0x99, 0xfa, 0xa9,
    0xb2, 0x0, 0x16, 0x1, 0x59, 0x80, 0xc, 0xca,
    0x0, 0xb0, 0xf, 0xf7, 0x80, 0xc, 0x3, 0xfc,
    0x20, 0x1a, 0x22, 0x20, 0xe, 0x10, 0xc, 0xae,
    0xe5, 0x0, 0xef, 0x0, 0x18, 0x28, 0x2, 0xc,
    0x2, 0x45, 0x0, 0x58, 0x41, 0x0, 0x33, 0x15,
    0x96, 0x0, 0x27, 0x0, 0x79, 0x0, 0xd, 0x4c,
    0x0, 0x5e, 0x1, 0x16, 0xca, 0x8, 0x0, 0xe3,
    0x48, 0x0,

    /* U+0036 "6" */
    0x0, 0xf2, 0xd6, 0xfe, 0x80, 0x7c, 0x9b, 0x4a,
    0x40, 0x60, 0x1e, 0x6b, 0x20, 0x8, 0x90, 0x3,
    0x92, 0x40, 0x7, 0x5f, 0xb4, 0x1, 0xd4, 0x0,
    0x5c, 0x50, 0xf, 0x98, 0x40, 0xa8, 0x3, 0xfb,
    0x40, 0x10, 0xd, 0x32, 0x72, 0x0, 0xc8, 0x1,
    0x74, 0xb3, 0x23, 0x60, 0x0, 0x40, 0x15, 0x8,
    0x7, 0x3b, 0x81, 0x80, 0x33, 0xf7, 0xd9, 0x0,
    0x20, 0x44, 0x1, 0x44, 0x4, 0x13, 0xc0, 0x27,
    0x0, 0xce, 0x1, 0x89, 0x0, 0x18, 0x1, 0x8,
    0x7, 0xb0, 0x0, 0xc2, 0x0, 0x10, 0xf, 0xf2,
    0x80, 0x44, 0x1, 0xdc, 0x0, 0x61, 0x20, 0x5,
    0x80, 0x73, 0x80, 0x34, 0x2c, 0x0, 0xca, 0x1,
    0x48, 0x80, 0x18, 0x19, 0x0, 0x15, 0x95, 0xcc,
    0x0, 0x81, 0x0, 0x52, 0x0, 0xd, 0x44, 0x0,
    0xce, 0x1, 0xd, 0xd2, 0x0, 0x5, 0x6e, 0x40,
    0x0,

    /* U+0037 "7" */
    0xdf, 0xff, 0xfe, 0x8, 0x7, 0xff, 0x9, 0x13,
    0xfc, 0x20, 0x5, 0x9b, 0xbf, 0xe3, 0x0, 0x48,
    0x7, 0xf2, 0x10, 0x19, 0x80, 0x3f, 0xa0, 0x1,
    0x20, 0x1f, 0xc6, 0x60, 0x15, 0x0, 0xfe, 0x90,
    0x4, 0x80, 0x7f, 0x12, 0x80, 0x18, 0x3, 0xfa,
    0xc0, 0xc, 0x20, 0x1f, 0x85, 0x80, 0x16, 0x1,
    0xfd, 0x20, 0x4, 0x20, 0xf, 0xe6, 0x0, 0x78,
    0x7, 0xf3, 0x88, 0x12, 0x0, 0x7f, 0x48, 0x2,
    0xc0, 0x3f, 0x94, 0x40, 0x58, 0x3, 0xfa, 0x0,
    0xc, 0x1, 0xfc, 0x84, 0x0, 0x90, 0xf, 0xef,
    0x0, 0x28, 0x80, 0x7e, 0x34, 0x0, 0x48, 0x7,
    0xc0,

    /* U+0038 "8" */
    0x0, 0xcf, 0x9f, 0xee, 0xb6, 0x0, 0xe2, 0xe8,
    0x30, 0x0, 0xa4, 0xe0, 0x80, 0x5e, 0x20, 0x3,
    0x52, 0x0, 0x1d, 0x0, 0x14, 0x80, 0x15, 0x95,
    0xae, 0x0, 0x43, 0xc, 0x0, 0x1a, 0x80, 0x50,
    0x20, 0x5, 0x3, 0x0, 0x30, 0x7, 0x10, 0x0,
    0x40, 0x80, 0xc, 0x1, 0xc4, 0x0, 0x20, 0xa0,
    0x1, 0xb0, 0x5, 0x2, 0x2, 0xa0, 0x52, 0x0,
    0x9c, 0xad, 0x70, 0x5, 0x0, 0x4d, 0x40, 0x3,
    0x52, 0x0, 0x62, 0x0, 0x49, 0x60, 0x1f, 0x71,
    0x0, 0xe, 0xc4, 0x1f, 0xbf, 0x54, 0xb, 0x4,
    0x20, 0x0, 0xd0, 0x20, 0x54, 0x60, 0x32, 0x8,
    0x0, 0xd0, 0xe, 0xa0, 0x2, 0x88, 0x4, 0xe0,
    0x1c, 0x60, 0x3, 0x10, 0x9, 0x40, 0x3b, 0x0,
    0x6, 0x8, 0x0, 0x82, 0x0, 0x91, 0x80, 0xa,
    0x10, 0x0, 0x1d, 0xba, 0xcb, 0x0, 0xc, 0x81,
    0xd0, 0x4, 0x8a, 0x60, 0x1, 0xd1, 0x0, 0x2f,
    0x39, 0x80, 0x4, 0xe3, 0x8c, 0x0,

    /* U+0039 "9" */
    0x0, 0x86, 0x37, 0xfd, 0xb0, 0x20, 0x1c, 0x7e,
    0xe4, 0x0, 0x27, 0xf3, 0x0, 0x87, 0x44, 0x0,
    0x88, 0x0, 0xe, 0x10, 0x2, 0x4, 0x7, 0x6e,
    0xda, 0x40, 0x8, 0x0, 0x30, 0x2, 0x8, 0x0,
    0x52, 0x0, 0x51, 0x40, 0x9, 0x80, 0x32, 0x8,
    0x1, 0x4, 0x0, 0x20, 0x1e, 0x50, 0x6, 0x80,
    0x7f, 0x84, 0x0, 0x2c, 0x0, 0x11, 0x0, 0x7f,
    0x18, 0x5, 0x20, 0x18, 0x94, 0x3, 0x30, 0x1,
    0xdc, 0x20, 0xb8, 0x1, 0x8, 0x40, 0x80, 0x23,
    0xbe, 0x84, 0x2, 0xf0, 0x1c, 0x30, 0xe, 0x63,
    0x0, 0x18, 0x0, 0xb2, 0xe1, 0xe3, 0x64, 0xc0,
    0xa, 0x1, 0x91, 0xe1, 0xc9, 0x80, 0x8, 0x20,
    0x1f, 0x8a, 0x40, 0x1e, 0x1, 0xf0, 0xbe, 0x80,
    0x15, 0x0, 0x33, 0x67, 0x72, 0x0, 0x7, 0x60,
    0x1c, 0x26, 0x20, 0x13, 0x60, 0x80, 0x7c, 0x29,
    0x1b, 0x20, 0x18,

    /* U+003A ":" */
    0x8, 0xfe, 0x70, 0x47, 0x1, 0x82, 0x10, 0xc,
    0xc8, 0x20, 0x1, 0x41, 0xc8, 0x9f, 0x0, 0x13,
    0xb0, 0x80, 0x7f, 0xf5, 0x5, 0xd8, 0x40, 0x7e,
    0x27, 0xc1, 0x4, 0x0, 0x28, 0x20, 0x19, 0xd1,
    0xc0, 0x60, 0xc0,

    /* U+003B ";" */
    0x0, 0x33, 0x90, 0x3, 0x26, 0x34, 0xc4, 0xc0,
    0x2b, 0x10, 0xd, 0xe1, 0x42, 0xa, 0xe0, 0xbd,
    0xf4, 0x1, 0xff, 0xe0, 0x8f, 0xf5, 0x80, 0x7f,
    0xc2, 0x1, 0xf8, 0x80, 0x18, 0x0, 0x40, 0x3,
    0x82, 0x8, 0x38, 0x81, 0x1, 0xc0, 0x1, 0xbb,
    0x40, 0x20,

    /* U+003C "<" */
    0x0, 0xff, 0x25, 0x88, 0x7, 0xc2, 0xfb, 0x68,
    0x1, 0xe2, 0x9e, 0x82, 0x0, 0xf2, 0xe6, 0xb0,
    0x4, 0x50, 0x22, 0x7e, 0xa3, 0x0, 0xb, 0xe6,
    0xb8, 0x6c, 0x8, 0x1, 0x6f, 0xa0, 0xc0, 0x3c,
    0x57, 0x48, 0x1, 0xe6, 0x0, 0x15, 0xec, 0x10,
    0x7, 0x56, 0x28, 0x0, 0x9f, 0x71, 0xc4, 0x2,
    0x3a, 0xe8, 0x10, 0x1, 0xc7, 0x58, 0x6, 0x17,
    0xea, 0x30, 0x9, 0x4, 0x3, 0xcb, 0x98, 0x50,
    0xf, 0xf8, 0xeb, 0xa0, 0x0,

    /* U+003D "=" */
    0x8b, 0xbf, 0xfa, 0x91, 0x3f, 0xf8, 0x20, 0x1f,
    0xfc, 0x1c, 0xff, 0xff, 0xb8, 0x3, 0xff, 0x9d,
    0x17, 0x7f, 0xf4, 0xa2, 0x7f, 0xf0, 0x1c, 0x3,
    0xff, 0x82,

    /* U+003E ">" */
    0x98, 0x10, 0xf, 0xf1, 0x3f, 0x52, 0x0, 0x7f,
    0xcb, 0x7a, 0xc2, 0x1, 0xd0, 0xa0, 0x11, 0x4f,
    0x49, 0x80, 0x47, 0x5f, 0x4a, 0x1, 0x36, 0x61,
    0x40, 0x32, 0xd7, 0xd2, 0x0, 0xe, 0x9c, 0x3,
    0xcb, 0x70, 0x1, 0x78, 0x7, 0x2d, 0x7c, 0x0,
    0x5c, 0x0, 0x49, 0xfa, 0x50, 0x0, 0xbf, 0x33,
    0x3a, 0xd8, 0x2, 0x4a, 0xe8, 0x10, 0xd1, 0x0,
    0x9b, 0x6d, 0x40, 0x3c, 0x53, 0xf2, 0x40, 0x1e,
    0xdc, 0xd6, 0x0, 0xfe,

    /* U+003F "?" */
    0x0, 0x9b, 0x3b, 0xfd, 0xb0, 0x40, 0x11, 0x6c,
    0x98, 0x80, 0x9, 0xf5, 0x40, 0x1e, 0x40, 0x1,
    0x32, 0x0, 0xa8, 0x94, 0x80, 0x13, 0xd9, 0xb6,
    0x1, 0x56, 0x0, 0xd, 0x80, 0x24, 0x50, 0x1,
    0xc6, 0x63, 0x40, 0x38, 0x80, 0xe, 0x26, 0x61,
    0x0, 0xe4, 0x0, 0x28, 0x7, 0xe6, 0x30, 0x5,
    0x0, 0x7c, 0x92, 0x0, 0x73, 0x0, 0xf2, 0xd8,
    0x1, 0x20, 0x3, 0xc9, 0x40, 0x5, 0xb0, 0xf,
    0xa4, 0x0, 0xb4, 0x1, 0xf8, 0x80, 0x16, 0x1,
    0xf8, 0x40, 0x21, 0x0, 0xfc, 0x3f, 0xf0, 0x7,
    0xff, 0x2d, 0xe9, 0x40, 0x3f, 0x9a, 0x16, 0x8c,
    0x3, 0xf7, 0x0, 0x4e, 0x1, 0xfa, 0x48, 0x15,
    0x0, 0x30,

    /* U+0040 "@" */
    0x0, 0xe1, 0x8d, 0xff, 0x6c, 0x88, 0x7, 0xc9,
    0xee, 0x40, 0x2, 0x6e, 0x50, 0xe, 0x5b, 0x16,
    0xdf, 0xf6, 0xb8, 0x51, 0x80, 0x45, 0x41, 0x52,
    0x40, 0x2, 0x8a, 0xe, 0x0, 0xa4, 0x21, 0x41,
    0xb3, 0xb1, 0x15, 0x44, 0x80, 0x68, 0x4e, 0x13,
    0x23, 0x13, 0xb0, 0xe0, 0xd0, 0xa0, 0xa0, 0x46,
    0xb, 0xf1, 0x0, 0x20, 0x28, 0x20, 0x28, 0x78,
    0x4a, 0x0, 0x88, 0x0, 0x24, 0x24, 0x4, 0x8,
    0xe, 0x2, 0x6, 0x1, 0x88, 0x8, 0xc, 0x8,
    0x40, 0xc1, 0x80, 0x33, 0x80, 0x82, 0x83, 0x0,
    0x4, 0x4, 0x0, 0x24, 0x1, 0xe1, 0x0, 0x30,
    0x18, 0x10, 0x2b, 0x80, 0x80, 0x4c, 0x0, 0x20,
    0xe0, 0x40, 0xc2, 0x2, 0x5, 0x3, 0x22, 0x48,
    0x70, 0xd8, 0xa8, 0x88, 0xc, 0xe0, 0xdd, 0x28,
    0x37, 0x14, 0x0, 0x1c, 0x24, 0x35, 0x4d, 0xee,
    0xc8, 0x8a, 0x60, 0x5, 0x82, 0xb0, 0xd6, 0x40,
    0x25, 0xd9, 0x40, 0x22, 0x80, 0x99, 0x18, 0x0,
    0x51, 0x40, 0x3c, 0xf0, 0xd, 0x9f, 0xee, 0xb8,
    0x0, 0xf9, 0xf5, 0x88, 0x0, 0x2b, 0xc0, 0x18,

    /* U+0041 "A" */
    0x0, 0xfb, 0xfe, 0x30, 0xf, 0xfe, 0x2, 0x80,
    0x56, 0x1, 0xff, 0xc0, 0xf0, 0x9, 0x40, 0x3f,
    0xf8, 0xa, 0x1, 0x11, 0x80, 0x7f, 0x90, 0x3,
    0xac, 0x3, 0xfd, 0xa0, 0x6, 0x0, 0x28, 0x7,
    0xf9, 0xc0, 0x16, 0x20, 0x44, 0x0, 0xfc, 0x82,
    0x4, 0x44, 0x0, 0x28, 0x7, 0xed, 0x0, 0x20,
    0x78, 0x2, 0xc0, 0x3f, 0x38, 0x3, 0x41, 0x0,
    0x6, 0x20, 0x1e, 0x31, 0x0, 0x20, 0x9, 0x80,
    0x1c, 0x3, 0xd6, 0x0, 0x40, 0x9, 0x0, 0x1a,
    0x1, 0xe6, 0x0, 0x60, 0x5, 0x80, 0x4, 0x10,
    0xc, 0x62, 0x0, 0x8f, 0xfa, 0xc0, 0x27, 0x0,
    0xd6, 0x1, 0xff, 0x68, 0x6, 0x50, 0x0, 0x99,
    0xf1, 0x0, 0x10, 0x2, 0x22, 0x0, 0x37, 0x33,
    0xc0, 0x12, 0x80, 0x28, 0x0, 0x26, 0x1, 0xc2,
    0x60, 0xf, 0x0, 0x28, 0x1, 0xc0, 0x3e, 0xa0,
    0x2, 0x81, 0x10, 0x1, 0xa0, 0x1f, 0x38, 0x4,
    0x80,

    /* U+0042 "B" */
    0xff, 0xfd, 0x90, 0x40, 0x1f, 0xf1, 0xbe, 0xc0,
    0x7, 0x12, 0x24, 0x40, 0x13, 0xb8, 0x3, 0x45,
    0xdd, 0xba, 0x20, 0x4, 0x80, 0x7f, 0x17, 0x0,
    0x4, 0xc0, 0x3f, 0x8c, 0x2, 0x70, 0xf, 0xe2,
    0x0, 0x98, 0x3, 0xfa, 0x40, 0x6, 0x40, 0x17,
    0xc4, 0x55, 0xc8, 0x5, 0xc0, 0x19, 0x5d, 0xe5,
    0x10, 0x3c, 0x20, 0xf, 0xf8, 0xf0, 0x80, 0x35,
    0x7f, 0xec, 0x30, 0x2c, 0x10, 0xf, 0xc7, 0x82,
    0x2, 0xc0, 0x1f, 0xe7, 0x0, 0x60, 0x7, 0xf8,
    0x40, 0xe, 0x1, 0xfe, 0x50, 0x3, 0x0, 0x7f,
    0x49, 0x0, 0x3c, 0x2, 0x9b, 0xbb, 0x3d, 0x80,
    0x6, 0xa0, 0x11, 0xa2, 0x46, 0x1, 0x26, 0x80,
    0x7f, 0x12, 0xdd, 0x84, 0x0,

    /* U+0043 "C" */
    0x0, 0xcb, 0x7d, 0xfd, 0x8e, 0x1, 0xe1, 0xca,
    0x41, 0x1, 0x38, 0xe3, 0x0, 0xda, 0x60, 0x2,
    0x43, 0x0, 0xe, 0x90, 0x1, 0xcc, 0x1, 0x5b,
    0x79, 0x81, 0x1, 0x80, 0x4, 0x80, 0x21, 0x40,
    0x23, 0xb0, 0x2, 0x8a, 0x88, 0x1, 0xc0, 0x39,
    0x40, 0x24, 0xd0, 0x1, 0x80, 0x7d, 0x51, 0x6,
    0x20, 0x3, 0x0, 0x7c, 0xae, 0xe3, 0x10, 0x1,
    0x80, 0x7f, 0xce, 0x1, 0xff, 0xd1, 0x70, 0xf,
    0xfe, 0x89, 0x0, 0x8, 0x3, 0xe3, 0x44, 0x16,
    0x0, 0x10, 0x3, 0xec, 0xbb, 0x3a, 0x80, 0x4c,
    0x1, 0xc8, 0x1, 0x20, 0x38, 0x2, 0x50, 0x2,
    0x2a, 0x0, 0x28, 0x84, 0x10, 0x2, 0xf2, 0xb3,
    0x44, 0x6, 0x0, 0x2c, 0x30, 0x1, 0xa9, 0x80,
    0x7, 0x48, 0x2, 0x1c, 0x94, 0x0, 0x9, 0xc7,
    0x18, 0x0,

    /* U+0044 "D" */
    0x1f, 0xff, 0x6c, 0xa0, 0x7, 0xff, 0x0, 0x9a,
    0xf0, 0x80, 0x3e, 0x34, 0x40, 0x80, 0xf, 0x8,
    0x3, 0xdf, 0x76, 0xea, 0x0, 0xf, 0x80, 0x7f,
    0x97, 0x0, 0x5, 0x0, 0x1f, 0xe3, 0x70, 0x3,
    0x0, 0x7f, 0xd4, 0x0, 0x13, 0x0, 0xff, 0x10,
    0x80, 0x14, 0x3, 0xfe, 0x30, 0x7, 0x0, 0x7f,
    0xc2, 0x0, 0x10, 0xf, 0xfe, 0x88, 0x80, 0x7f,
    0xc4, 0x0, 0xe0, 0xf, 0xf1, 0x8, 0x1, 0x40,
    0x3f, 0xd4, 0x0, 0x13, 0x0, 0xfe, 0x27, 0x0,
    0x30, 0x7, 0xf2, 0x60, 0x0, 0xa0, 0x3, 0xa2,
    0xaf, 0xac, 0x40, 0x7c, 0x3, 0xc8, 0xa8, 0x20,
    0x3, 0xc2, 0x0, 0xfe, 0x25, 0xbc, 0x20, 0x8,

    /* U+0045 "E" */
    0xcf, 0xff, 0xfe, 0x0, 0x7, 0xff, 0x18, 0x91,
    0x3f, 0x80, 0x32, 0xdd, 0xff, 0x0, 0x7f, 0xfc,
    0x16, 0xab, 0xe7, 0x0, 0xe2, 0x55, 0xfb, 0x0,
    0x3f, 0xf8, 0xef, 0xff, 0xf5, 0x80, 0x7f, 0xff,
    0xd6, 0xef, 0xf8, 0x40, 0x22, 0x44, 0xfe, 0x30,
    0xf, 0xfe, 0x10,

    /* U+0046 "F" */
    0xbf, 0xff, 0xfe, 0x1, 0x80, 0x7f, 0xf1, 0x45,
    0x13, 0xf8, 0x40, 0x27, 0xbb, 0xfe, 0x20, 0xf,
    0xff, 0xeb, 0x7f, 0xfe, 0x0, 0xff, 0xe3, 0x8a,
    0x27, 0xe0, 0xe, 0x7b, 0xbf, 0xc0, 0x1f, 0xff,
    0xf0, 0xf, 0xfe, 0x68,

    /* U+0047 "G" */
    0x0, 0xcb, 0x7d, 0xfe, 0xc8, 0x10, 0xf, 0x5d,
    0x20, 0x80, 0xd, 0xf9, 0x0, 0x35, 0xa0, 0x0,
    0x90, 0xc0, 0x2b, 0x30, 0x3, 0xa0, 0x2, 0x36,
    0xf3, 0x48, 0x1, 0xe0, 0x9, 0x0, 0x33, 0x80,
    0x45, 0x20, 0x3, 0x14, 0x10, 0x4, 0x0, 0x72,
    0x19, 0x11, 0x70, 0x0, 0x42, 0x1, 0xec, 0xdd,
    0x21, 0x0, 0x1c, 0x3, 0xfe, 0x10, 0x1, 0x80,
    0x7f, 0xf1, 0x92, 0x23, 0xc6, 0x1, 0xf1, 0xbb,
    0xf9, 0x80, 0x3f, 0xf8, 0x62, 0x0, 0x30, 0x9,
    0xff, 0xe1, 0x0, 0x88, 0x0, 0xe0, 0x1f, 0xf6,
    0x0, 0x8, 0x40, 0x3f, 0x8d, 0x4, 0x1, 0x0,
    0x1f, 0xf4, 0x0, 0x19, 0xc0, 0x32, 0x88, 0x6,
    0x64, 0x0, 0x47, 0x5d, 0xba, 0x80, 0x25, 0x0,
    0x5a, 0x80, 0x5, 0x10, 0x20, 0x3, 0xd3, 0x0,
    0xaa, 0xd0, 0x40, 0x4, 0xd7, 0x84, 0x0,

    /* U+0048 "H" */
    0x3f, 0xf8, 0x3, 0xcb, 0xfe, 0xe0, 0xf, 0xff,
    0xf8, 0x7, 0xff, 0x3e, 0xef, 0xd2, 0x1, 0xf2,
    0x27, 0x8c, 0x3, 0xff, 0x93, 0xff, 0xea, 0x0,
    0xff, 0xff, 0x80, 0x7f, 0xf7, 0x0,

    /* U+0049 "I" */
    0x7f, 0xff, 0xf9, 0x0, 0x3f, 0xf8, 0x24, 0x89,
    0x18, 0x4, 0x89, 0x9d, 0x6e, 0xe9, 0x0, 0xae,
    0xf1, 0x80, 0x7f, 0xff, 0xc0, 0x3f, 0xff, 0xe0,
    0x1f, 0xfc, 0x75, 0xbb, 0xa4, 0x2, 0xbb, 0xc6,
    0x48, 0x91, 0x80, 0x48, 0x99, 0xc0, 0x3f, 0xf8,
    0x20,

    /* U+004A "J" */
    0x0, 0xff, 0x4f, 0xfa, 0xc0, 0x3f, 0xff, 0xe0,
    0x1f, 0xff, 0xf0, 0xf, 0xfe, 0xa4, 0x7f, 0xb4,
    0x3, 0xc4, 0x0, 0x1d, 0x0, 0x10, 0x80, 0x61,
    0x40, 0x6, 0xa8, 0x5, 0x40, 0x10, 0xd0, 0x4,
    0xc1, 0x0, 0x4, 0xfb, 0xb7, 0x20, 0x2, 0x4,
    0x1d, 0xc0, 0x12, 0x20, 0x2, 0x87, 0x0, 0xa3,
    0x18, 0x80, 0x4, 0xda, 0xe0, 0x0,

    /* U+004B "K" */
    0xff, 0x94, 0x3, 0x87, 0x7f, 0xe2, 0x0, 0xfe,
    0xb2, 0x0, 0x51, 0x0, 0x7e, 0x75, 0x0, 0x3a,
    0x80, 0x7e, 0x38, 0x0, 0x1c, 0x0, 0x7e, 0x1e,
    0x0, 0xe, 0x80, 0x7f, 0x51, 0x0, 0x34, 0x40,
    0x3f, 0x3a, 0x0, 0x20, 0xc0, 0x3f, 0x1c, 0x0,
    0x15, 0xc0, 0x3f, 0x1e, 0x80, 0xa, 0x80, 0x3f,
    0xa4, 0x40, 0x4, 0x40, 0xf, 0xfe, 0x14, 0x80,
    0x7f, 0xca, 0x0, 0x45, 0x0, 0xfe, 0x8a, 0x30,
    0x5, 0x88, 0x7, 0xcc, 0xe1, 0xe0, 0x1, 0xb0,
    0xf, 0xb0, 0x0, 0x6c, 0x0, 0x54, 0x0, 0xff,
    0x48, 0x80, 0x28, 0x3, 0xfe, 0xb0, 0x0, 0xc8,
    0x7, 0xf9, 0x50, 0x0, 0xc6, 0x1, 0xfe, 0xa0,
    0xb, 0x80, 0x3f, 0xc3, 0x0, 0x2, 0x70,

    /* U+004C "L" */
    0xaf, 0xf5, 0x0, 0x7f, 0xff, 0xc0, 0x3f, 0xff,
    0xe0, 0x1f, 0xff, 0xf0, 0xf, 0xfe, 0x2, 0x5d,
    0xff, 0x8, 0x4, 0x28, 0x9f, 0xc6, 0x1, 0xff,
    0xc2,

    /* U+004D "M" */
    0x2f, 0xfc, 0x20, 0x10, 0xff, 0xe3, 0x0, 0xe4,
    0x0, 0x90, 0x3, 0xfd, 0xe0, 0x17, 0x80, 0x7f,
    0x90, 0x2, 0x50, 0xf, 0xf0, 0x98, 0x28, 0x0,
    0x40, 0x3c, 0x60, 0xb, 0xf, 0x1, 0x50, 0xf,
    0x94, 0x10, 0x10, 0x1c, 0x3, 0xe1, 0xf0, 0x35,
    0x10, 0xd7, 0x0, 0xf9, 0x0, 0x16, 0x0, 0x40,
    0xf, 0xc2, 0x60, 0x20, 0xa0, 0x1f, 0x8c, 0x2c,
    0x2, 0xf0, 0x10, 0xf, 0xca, 0x1, 0x28, 0x7,
    0xf8, 0x88, 0xa, 0x1, 0xfc, 0x20, 0x5, 0x2f,
    0x0, 0x18, 0x7, 0xf4, 0x6a, 0x80, 0x7f, 0xff,
    0xc0, 0x3c,

    /* U+004E "N" */
    0x3f, 0xf9, 0x40, 0x39, 0xbf, 0xdc, 0x1, 0xa0,
    0x3, 0xff, 0x82, 0x48, 0x1, 0xff, 0xc1, 0x80,
    0xf, 0xfe, 0x9, 0x98, 0x2, 0x10, 0xf, 0xe8,
    0x0, 0xff, 0x88, 0x10, 0x80, 0x3f, 0xd6, 0x0,
    0x80, 0xf, 0xf2, 0x10, 0x29, 0x0, 0x7f, 0xa0,
    0x1, 0x60, 0x1f, 0xe5, 0x20, 0x61, 0x0, 0xff,
    0x58, 0x2, 0x40, 0x3f, 0x18, 0x30, 0x83, 0x78,
    0x7, 0xfa, 0x40, 0x58, 0x3, 0xfc, 0xe0, 0x1,
    0x0, 0xff, 0x9c, 0x3, 0xff, 0x83, 0x20, 0x1f,
    0xfc, 0x11, 0x60, 0xf, 0xfe, 0xd, 0x80, 0x7f,
    0xf0, 0x49, 0x40, 0x20,

    /* U+004F "O" */
    0x0, 0xcd, 0x9f, 0xee, 0xa4, 0x0, 0xf0, 0xe4,
    0x98, 0x0, 0x56, 0xe4, 0x3, 0xb0, 0xc0, 0x2,
    0x60, 0x13, 0x48, 0x5, 0x4, 0x0, 0xae, 0xcf,
    0x60, 0x3, 0x20, 0x1, 0xc0, 0x10, 0xa0, 0x14,
    0xa0, 0x3, 0xc1, 0x40, 0x27, 0x0, 0xef, 0x0,
    0x20, 0xe8, 0x0, 0xc0, 0x3c, 0x80, 0x12, 0x10,
    0x1, 0x40, 0x3e, 0x20, 0x1, 0x8, 0x0, 0x40,
    0x3e, 0x10, 0x7, 0xb8, 0x7, 0xff, 0x45, 0xc0,
    0x3f, 0xf8, 0x42, 0x0, 0x10, 0xf, 0x84, 0x1,
    0xe4, 0x0, 0x20, 0xf, 0x88, 0x0, 0x5a, 0x0,
    0x40, 0xf, 0x20, 0x4, 0x8a, 0x1, 0x38, 0x7,
    0x78, 0x0, 0xc4, 0x1c, 0x1, 0x8, 0x1, 0x42,
    0x0, 0x20, 0x1, 0x4, 0x0, 0xbd, 0xce, 0x70,
    0x3, 0x20, 0x5, 0x86, 0x0, 0x23, 0x10, 0x3,
    0x48, 0x6, 0x1c, 0x93, 0x0, 0xa, 0xe4, 0x80,
    0x40,

    /* U+0050 "P" */
    0xbf, 0xff, 0xb6, 0x4c, 0x3, 0xfe, 0x26, 0xc9,
    0x0, 0xe2, 0x55, 0x90, 0x2, 0x69, 0x0, 0xc9,
    0x55, 0x5f, 0xa8, 0x1, 0x8c, 0x3, 0xfa, 0x84,
    0x1, 0x60, 0x1f, 0xe7, 0x0, 0x18, 0x7, 0xf8,
    0x40, 0xe, 0x1, 0xfe, 0x20, 0x3, 0x80, 0x7f,
    0x12, 0x80, 0x30, 0x3, 0xf2, 0xe0, 0x4, 0xc0,
    0x13, 0x7f, 0xea, 0x10, 0x5, 0x8, 0x7, 0xf8,
    0xad, 0x40, 0x31, 0x2a, 0xe7, 0xbd, 0x40, 0xe,
    0x4a, 0xad, 0x8, 0x1, 0xff, 0xff, 0x0, 0xff,
    0xe0, 0x80,

    /* U+0051 "Q" */
    0x0, 0xcd, 0x9f, 0xee, 0xb4, 0x0, 0xf8, 0x72,
    0x4c, 0x0, 0x29, 0x74, 0x1, 0xec, 0x30, 0x0,
    0x98, 0x80, 0x16, 0xc0, 0x34, 0x10, 0x2, 0xbb,
    0x3a, 0x0, 0x8, 0xa0, 0x13, 0x80, 0x21, 0x40,
    0x27, 0x60, 0x4, 0x0, 0x14, 0x2, 0x70, 0xe,
    0xb0, 0x1, 0x18, 0x68, 0x0, 0xc0, 0x3c, 0x44,
    0x0, 0x20, 0x18, 0x1, 0x40, 0x3e, 0x60, 0x7,
    0x3, 0x80, 0x4, 0x3, 0xe1, 0x0, 0x18, 0x7,
    0xff, 0xc, 0x40, 0x3f, 0xfa, 0x62, 0xe, 0x0,
    0x10, 0xf, 0x84, 0x0, 0x60, 0x40, 0x2, 0x0,
    0xf9, 0x80, 0x1c, 0x18, 0x0, 0x40, 0xf, 0x9,
    0x0, 0x10, 0x10, 0x2, 0x60, 0xe, 0x80, 0x0,
    0x98, 0xb, 0x80, 0x25, 0x40, 0x27, 0x60, 0x4,
    0x0, 0x50, 0x40, 0xa, 0xdc, 0xe8, 0x0, 0x23,
    0x0, 0x6c, 0x30, 0x1, 0x18, 0x80, 0x5c, 0x1,
    0xc3, 0x92, 0x60, 0x1, 0x10, 0x2, 0x98, 0x3,
    0xcd, 0x9f, 0xee, 0xf3, 0x0, 0x4c, 0x0, 0x7f,
    0x87, 0x14, 0x0, 0xa2, 0x1, 0xff, 0x53, 0x16,
    0x8, 0x7, 0xff, 0x2, 0x74, 0x40,

    /* U+0052 "R" */
    0xef, 0xff, 0xb2, 0x8, 0x3, 0xff, 0x80, 0x6f,
    0xae, 0x1, 0xe3, 0x55, 0x8c, 0x2, 0x86, 0x0,
    0xe9, 0xaa, 0xb3, 0x48, 0x1, 0x20, 0x1f, 0xe2,
    0xf0, 0x9, 0x0, 0x3f, 0xc4, 0x20, 0x2, 0x0,
    0xff, 0xe6, 0x98, 0x80, 0x14, 0x3, 0xf8, 0xb8,
    0x0, 0x46, 0x1, 0xa6, 0xaa, 0xcd, 0x20, 0x7,
    0x0, 0x71, 0xaa, 0xc6, 0x0, 0x2c, 0x30, 0xf,
    0xfe, 0x6, 0x98, 0x7, 0xab, 0xfd, 0xc0, 0x13,
    0x0, 0x7f, 0x85, 0x80, 0x10, 0x1, 0xff, 0x40,
    0x0, 0x58, 0x3, 0xfc, 0x2c, 0x0, 0x80, 0xf,
    0xfa, 0xc0, 0x2, 0xc0, 0x1f, 0xe2, 0x50, 0x5,
    0x80, 0x7f, 0xd2, 0x0, 0x26, 0x0, 0xff, 0x1a,
    0x0, 0x2c, 0x0,

    /* U+0053 "S" */
    0x0, 0xcd, 0x7d, 0xfe, 0xd8, 0x20, 0xe, 0x3d,
    0x94, 0x10, 0x1, 0x3e, 0xb8, 0x4, 0x3a, 0x40,
    0x2, 0x43, 0x0, 0xa1, 0xc0, 0x16, 0x20, 0xb,
    0xdb, 0xce, 0x40, 0x4, 0x10, 0x20, 0x2, 0x10,
    0x2, 0x1b, 0x0, 0x94, 0x4, 0x0, 0x60, 0x1e,
    0x50, 0x7, 0x1, 0x0, 0x34, 0x3, 0xd5, 0xfe,
    0x90, 0xa0, 0x3, 0x48, 0x80, 0x7f, 0x39, 0x80,
    0x1b, 0xad, 0x84, 0x3, 0xec, 0x60, 0x9, 0x27,
    0xa8, 0x80, 0x3d, 0x38, 0xa0, 0x19, 0x76, 0x0,
    0x3c, 0x75, 0xf4, 0xa0, 0x13, 0xc0, 0x7, 0xe5,
    0xae, 0x40, 0x3, 0x98, 0x91, 0x4, 0x3, 0x86,
    0xc8, 0x1, 0x71, 0xbb, 0x0, 0x7c, 0x80, 0x3,
    0xc0, 0x1, 0x90, 0x7, 0x88, 0x0, 0x2a, 0x20,
    0xf, 0x30, 0xc, 0xe8, 0x0, 0xf0, 0xa0, 0x1,
    0x66, 0xd5, 0xf4, 0x0, 0xd, 0x41, 0x30, 0x80,
    0x4, 0xa8, 0x20, 0x4, 0xd0, 0x8, 0xf6, 0x90,
    0x40, 0x4, 0xb7, 0x61, 0x0,

    /* U+0054 "T" */
    0x5f, 0xff, 0xfe, 0x19, 0x0, 0x7f, 0xf1, 0x59,
    0x13, 0x8c, 0x2, 0x44, 0xf1, 0x9a, 0xef, 0xa0,
    0x2, 0xbb, 0xf0, 0x80, 0x7f, 0xff, 0xc0, 0x3f,
    0xff, 0xe0, 0x1f, 0xff, 0xf0, 0xf, 0xff, 0x18,

    /* U+0055 "U" */
    0x3f, 0xf8, 0x40, 0x39, 0x3f, 0xe0, 0xf, 0xff,
    0xf8, 0x7, 0xff, 0xfc, 0x3, 0xff, 0xa8, 0x40,
    0x11, 0x0, 0x71, 0x80, 0x4, 0x60, 0x5, 0x80,
    0x75, 0x80, 0x10, 0x18, 0x0, 0xe8, 0x1, 0x41,
    0x80, 0x38, 0x20, 0x80, 0x17, 0x97, 0xae, 0x0,
    0x44, 0x0, 0x3c, 0x80, 0x6, 0x84, 0x0, 0x4b,
    0x0, 0x8b, 0x60, 0xc0, 0x2, 0x95, 0x60, 0x0,

    /* U+0056 "V" */
    0x3f, 0xf9, 0x80, 0x3e, 0x9f, 0xf8, 0xc, 0x40,
    0x18, 0x1, 0xf3, 0x80, 0x14, 0x0, 0xe0, 0x4,
    0x0, 0xf1, 0x8, 0x3, 0xc0, 0x1a, 0x0, 0x13,
    0x0, 0xe5, 0x0, 0x90, 0x0, 0x80, 0x12, 0x0,
    0x76, 0x0, 0x10, 0x40, 0x25, 0x0, 0x58, 0x7,
    0x20, 0x3, 0x40, 0x37, 0x80, 0xc, 0x3, 0x20,
    0x4, 0xe0, 0x19, 0x0, 0x24, 0x0, 0xb0, 0x0,
    0x42, 0x1, 0x85, 0x0, 0x1a, 0x1, 0x28, 0x1,
    0x40, 0x3d, 0xa0, 0x4, 0x0, 0x9, 0x0, 0x2c,
    0x3, 0xc8, 0x0, 0x22, 0x2, 0x0, 0x4, 0xc0,
    0x3c, 0x44, 0x0, 0x20, 0x78, 0x1, 0xc0, 0x3f,
    0x28, 0x3, 0x1, 0x0, 0x1a, 0x1, 0xfa, 0xc0,
    0x8, 0x62, 0x0, 0x40, 0xf, 0xc6, 0x20, 0x30,
    0x0, 0x50, 0xf, 0xf3, 0x80, 0x10, 0x1, 0xe0,
    0x1f, 0xed, 0x0, 0xe4, 0x0, 0xff, 0x20, 0x6,
    0x31, 0x0, 0xff, 0x94, 0x2, 0xb0, 0xf, 0xfe,
    0x7, 0x80, 0x4a, 0x1, 0xe0,

    /* U+0057 "W" */
    0x5f, 0xf5, 0x80, 0x5d, 0xf8, 0x1, 0x67, 0xf9,
    0x1c, 0x0, 0xc0, 0x10, 0x81, 0x80, 0x42, 0x0,
    0x62, 0x0, 0x10, 0x0, 0xc0, 0x21, 0x0, 0x10,
    0x0, 0x80, 0x40, 0x2, 0xc, 0x1, 0x28, 0x8,
    0x0, 0x40, 0x4, 0x0, 0x30, 0xd0, 0x8, 0x80,
    0x80, 0x4, 0x0, 0x60, 0x3, 0x1, 0x0, 0x5e,
    0xc, 0x0, 0x60, 0x1, 0x0, 0x8, 0x1c, 0x2,
    0x50, 0x30, 0x1, 0x0, 0x38, 0x1, 0xc0, 0x40,
    0x60, 0x41, 0xc0, 0xe, 0x0, 0x10, 0x0, 0x88,
    0x0, 0xb0, 0x11, 0x10, 0x1, 0x40, 0xc, 0x0,
    0x16, 0x0, 0x28, 0x0, 0x98, 0x0, 0x40, 0x2,
    0x0, 0x31, 0x80, 0x90, 0x1, 0x48, 0x0, 0x20,
    0x10, 0x81, 0x70, 0x28, 0x18, 0x78, 0x81, 0x0,
    0x62, 0x0, 0x20, 0x18, 0x28, 0x20, 0x1, 0x80,
    0x32, 0x80, 0x8, 0x38, 0x38, 0x8, 0x0, 0x40,
    0x1b, 0x80, 0x32, 0x81, 0x80, 0x6e, 0x0, 0xc4,
    0x1, 0x88, 0x14, 0x3, 0x10, 0x6, 0x60, 0x8,
    0x44, 0x2, 0x1, 0x98, 0x3, 0x10, 0x4, 0xa0,
    0x11, 0x80, 0x44, 0x1, 0x84, 0x2, 0x20, 0x9,
    0x40, 0x2, 0x20, 0xe, 0x20, 0x7, 0x80, 0x5c,
    0x0, 0x20, 0x8,

    /* U+0058 "X" */
    0xd, 0xff, 0x70, 0x80, 0x7b, 0x7f, 0xdc, 0x0,
    0x90, 0x0, 0xc8, 0x7, 0x31, 0x0, 0x20, 0x0,
    0x8a, 0x0, 0x71, 0x0, 0xd0, 0x0, 0x26, 0x0,
    0xa0, 0x2, 0x90, 0x9, 0x84, 0x1, 0x20, 0x18,
    0x9c, 0x0, 0xe2, 0x0, 0x80, 0x2, 0xa0, 0x7,
    0x40, 0x80, 0x24, 0x1c, 0x40, 0x10, 0x1, 0xf4,
    0x0, 0x1c, 0xa0, 0x0, 0xe4, 0x1, 0xf3, 0x10,
    0x3, 0x0, 0x3, 0x0, 0x1f, 0xd2, 0x0, 0x10,
    0x4, 0x0, 0x7f, 0x91, 0x40, 0x22, 0x60, 0xf,
    0xf9, 0x80, 0x23, 0x0, 0xff, 0x94, 0xc0, 0x21,
    0x70, 0xf, 0xf5, 0x80, 0x8, 0x1, 0x2, 0x1,
    0xfa, 0x4, 0x1, 0x84, 0x0, 0xb0, 0xf, 0x85,
    0xc0, 0xe, 0x30, 0x0, 0x53, 0x0, 0xf5, 0x80,
    0x6, 0x1, 0x4c, 0x1, 0xe0, 0x1c, 0x6a, 0x0,
    0x90, 0xa, 0x0, 0x6, 0xa0, 0x1b, 0x80, 0x2,
    0xe0, 0x12, 0x20, 0x1, 0x60, 0x13, 0x10, 0x2,
    0x0, 0x3a, 0x0, 0x3, 0x0, 0x8, 0x0, 0x13,
    0x0, 0x71, 0xa0, 0x1, 0xc8,

    /* U+0059 "Y" */
    0x2f, 0xf9, 0xc0, 0x3e, 0x9f, 0xf8, 0x49, 0x40,
    0x12, 0x1, 0xe1, 0x60, 0x3, 0x88, 0x48, 0x0,
    0x54, 0x3, 0x98, 0x2, 0x90, 0x1, 0xa0, 0x2,
    0x40, 0x3a, 0x40, 0xc, 0x20, 0x14, 0x0, 0xd,
    0x0, 0x25, 0x10, 0x4, 0x0, 0x63, 0x40, 0x7,
    0x80, 0x52, 0x0, 0x61, 0x0, 0xe8, 0x0, 0x21,
    0x1, 0x98, 0x1, 0x60, 0x1e, 0x33, 0x0, 0x2c,
    0x24, 0x0, 0xa4, 0x1, 0xf4, 0x0, 0x18, 0xd4,
    0x1, 0x0, 0x1f, 0x90, 0xc0, 0x1a, 0x0, 0x52,
    0x0, 0xfe, 0x80, 0x0, 0x80, 0x24, 0x3, 0xfc,
    0x84, 0x1, 0x21, 0x80, 0x7f, 0xd0, 0x1, 0x40,
    0x7, 0xff, 0x1, 0x80, 0x23, 0x0, 0xff, 0xff,
    0x80, 0x7f, 0xf5, 0x40,

    /* U+005A "Z" */
    0x8f, 0xff, 0xfe, 0x8, 0x7, 0xff, 0x13, 0x91,
    0x3f, 0x80, 0x23, 0x6, 0xbb, 0xfd, 0xa0, 0x17,
    0x0, 0x7f, 0xc, 0x80, 0x1c, 0x80, 0x3f, 0xac,
    0x0, 0x50, 0x1, 0xfc, 0xaa, 0x0, 0x70, 0x7,
    0xf0, 0xd8, 0x1, 0x8c, 0x3, 0xfa, 0xc4, 0x6,
    0x40, 0x3f, 0x91, 0x40, 0x14, 0x1, 0xfe, 0xa0,
    0x2, 0xa0, 0x7, 0xf4, 0x88, 0xd, 0x80, 0x7f,
    0x1b, 0x0, 0x2c, 0x40, 0x3f, 0xb8, 0x0, 0x8a,
    0x1, 0xfd, 0x4, 0x0, 0x90, 0xf, 0xe2, 0x70,
    0x4, 0x90, 0x7, 0xf7, 0x0, 0xd, 0x80, 0x3f,
    0x98, 0xc0, 0x3, 0x77, 0xfc, 0x78, 0x1, 0x12,
    0x27, 0xf3, 0x0, 0x7f, 0xf0, 0xc0,

    /* U+005B "[" */
    0x6f, 0xfe, 0x70, 0xf, 0xf0, 0xb3, 0x10, 0x2,
    0x39, 0x91, 0x80, 0x7f, 0xff, 0xc0, 0x3f, 0xff,
    0x7, 0x32, 0x30, 0x8, 0x59, 0x88, 0x1, 0xf0,

    /* U+005C "\\" */
    0x9f, 0xf3, 0x0, 0x7e, 0xa0, 0x5, 0x0, 0x7e,
    0x32, 0x3, 0x20, 0xf, 0xd4, 0x0, 0xa0, 0xf,
    0xca, 0x0, 0x60, 0xf, 0xc4, 0x60, 0x28, 0x1,
    0xfa, 0x80, 0x1a, 0x1, 0xf9, 0xc0, 0xc, 0x1,
    0xf8, 0x54, 0x0, 0xa0, 0x1f, 0xbc, 0x1, 0xc0,
    0x1f, 0x94, 0x41, 0x4, 0x3, 0xf3, 0x80, 0x1c,
    0x3, 0xf5, 0x0, 0x28, 0x3, 0xf1, 0x90, 0x19,
    0x0, 0x7e, 0x50, 0x5, 0x0, 0x7e, 0xa0, 0x3,
    0x0, 0x7e, 0x23, 0x1, 0x30, 0xf, 0xd4, 0x0,
    0xa0, 0xf, 0xce, 0x0, 0x60, 0xf, 0xc2, 0xa0,
    0x5, 0x0, 0xfd, 0xe0, 0xe, 0x0, 0xfc, 0xb0,
    0xf8, 0x0,

    /* U+005D "]" */
    0x8f, 0xfe, 0x50, 0xf, 0xb1, 0x98, 0x1, 0x92,
    0x64, 0x40, 0x1f, 0xff, 0xf0, 0xf, 0xff, 0xc2,
    0x4c, 0x88, 0x2, 0xc6, 0x60, 0x7, 0xfc,

    /* U+005E "^" */
    0x0, 0xcb, 0xc, 0x1, 0xf8, 0x69, 0xe4, 0x80,
    0x3e, 0x60, 0xa, 0x80, 0x3e, 0xa0, 0x9, 0x80,
    0x3c, 0x84, 0xe, 0x2, 0xa0, 0x1d, 0xe0, 0x30,
    0x21, 0x20, 0x18, 0x50, 0x18, 0x24, 0xc, 0xc0,
    0x14, 0x80, 0x28, 0x18, 0x1, 0x40, 0x13, 0x1,
    0x90, 0xa, 0x83, 0x8, 0x28, 0x84, 0x80, 0x5c,
    0x0, 0x60, 0x90, 0x2, 0x80, 0x48, 0x21, 0x40,

    /* U+005F "_" */
    0x89, 0x9f, 0xf9, 0x5d, 0x9b, 0xfe, 0xc0, 0xf,
    0xfe, 0x8,

    /* U+0060 "`" */
    0x1a, 0xbb, 0x30, 0x0, 0x65, 0x11, 0x24, 0x0,
    0x3b, 0x0, 0x70, 0x4, 0x94, 0x6, 0xe0,

    /* U+0061 "a" */
    0x0, 0x8a, 0x77, 0xfd, 0xd6, 0xa0, 0x1c, 0xda,
    0xc4, 0x0, 0x14, 0xac, 0x10, 0x2, 0x48, 0x0,
    0x9d, 0xc8, 0x0, 0x3b, 0x0, 0x78, 0x1, 0x36,
    0x21, 0x70, 0x0, 0x51, 0xd, 0x88, 0x80, 0x33,
    0x80, 0x4a, 0xc, 0xee, 0x30, 0xe, 0x10, 0x0,
    0x80, 0x4b, 0x5d, 0xff, 0x84, 0x3, 0xae, 0x94,
    0x40, 0x3f, 0xa5, 0x0, 0x67, 0x7f, 0xe1, 0x0,
    0xcc, 0x0, 0xa6, 0x20, 0xf, 0x88, 0x2, 0x50,
    0xe, 0x10, 0x8, 0xc0, 0x26, 0x0, 0x86, 0xc0,
    0x30, 0x98, 0x2, 0x32, 0xaf, 0x90, 0x2, 0x30,
    0xe1, 0x0, 0x1a, 0xa0, 0x11, 0x0, 0x1c, 0x5,
    0xee, 0x40, 0x2, 0x8d, 0x40, 0x2, 0x0,

    /* U+0062 "b" */
    0xdf, 0xf3, 0x80, 0x7f, 0xff, 0xc0, 0x3f, 0x8e,
    0xff, 0xdb, 0x22, 0x1, 0xeb, 0xc4, 0x0, 0x13,
    0x79, 0x80, 0x71, 0x81, 0xa1, 0x0, 0x7, 0x40,
    0x3d, 0x79, 0x7b, 0x20, 0x1, 0x60, 0xc, 0xe8,
    0x1, 0x32, 0x0, 0x28, 0x3, 0x78, 0x7, 0x70,
    0x0, 0xc0, 0x3f, 0xcc, 0x1, 0x8, 0x7, 0xf0,
    0x80, 0x7f, 0xf3, 0xdc, 0x2, 0x10, 0xb, 0xc0,
    0x3b, 0xc0, 0x6, 0x1, 0x9d, 0x0, 0x25, 0x50,
    0x2, 0x80, 0x3a, 0xf2, 0xb6, 0x80, 0x2, 0xc0,
    0x19, 0x40, 0xd4, 0x80, 0x3, 0xa0, 0x1d, 0x16,
    0x82, 0x2, 0xde, 0x60, 0x0,

    /* U+0063 "c" */
    0x0, 0xcb, 0x7d, 0xfe, 0xc6, 0x0, 0xe1, 0xca,
    0x41, 0x0, 0x1c, 0xe9, 0x0, 0x5a, 0x60, 0x3,
    0x53, 0x0, 0x17, 0x80, 0x18, 0xc0, 0x15, 0x95,
    0x96, 0x0, 0x26, 0xb, 0x0, 0x32, 0x80, 0x48,
    0xe0, 0xc, 0x12, 0x0, 0x50, 0x7, 0x54, 0x43,
    0xc8, 0x2, 0x20, 0xe, 0x27, 0x72, 0xb8, 0x4,
    0x20, 0x1f, 0xce, 0x1, 0xff, 0xc1, 0x20, 0x8,
    0xc0, 0x3c, 0x22, 0x1, 0x20, 0x5, 0x0, 0x73,
    0xf7, 0x2c, 0x2c, 0x0, 0xc8, 0x1, 0x14, 0x80,
    0x30, 0x18, 0xc0, 0x17, 0x95, 0x9a, 0x20, 0x4e,
    0x0, 0xd3, 0x0, 0x1a, 0x98, 0x0, 0xf0, 0x2,
    0x1c, 0xa4, 0x10, 0x2, 0x4e, 0x8, 0x0,

    /* U+0064 "d" */
    0x0, 0xff, 0x57, 0xfa, 0x40, 0x3f, 0xff, 0xa5,
    0x5d, 0xfd, 0x44, 0x1, 0xe4, 0xd5, 0x10, 0x15,
    0xd7, 0x0, 0xc3, 0x60, 0x11, 0xa1, 0x1, 0x0,
    0x68, 0x0, 0xaf, 0x2f, 0x64, 0x3, 0x9c, 0x0,
    0xe8, 0x1, 0x32, 0x0, 0x44, 0x20, 0xa, 0x0,
    0xe1, 0x0, 0x98, 0x2, 0x20, 0xf, 0xfe, 0xcb,
    0x0, 0x44, 0x1, 0xfc, 0x42, 0x0, 0xa0, 0xe,
    0x10, 0xc, 0xc0, 0x7, 0x40, 0x9, 0x90, 0x3,
    0x48, 0x80, 0x2f, 0x2f, 0x64, 0x3, 0x86, 0x80,
    0x23, 0x42, 0x3, 0x0, 0xe4, 0xd6, 0x10, 0x15,
    0xda, 0x0, 0x80,

    /* U+0065 "e" */
    0x0, 0xc9, 0x5d, 0xfe, 0xc7, 0x0, 0xfa, 0xad,
    0x44, 0x0, 0x71, 0xa4, 0x1, 0xa9, 0x40, 0x4,
    0xa8, 0x0, 0x2f, 0x0, 0x95, 0x40, 0x9, 0xda,
    0xbc, 0x10, 0x27, 0x0, 0x40, 0x1, 0x98, 0x1,
    0x1d, 0x80, 0x28, 0x4, 0x80, 0x16, 0x1, 0xc8,
    0x0, 0x21, 0x50, 0xb, 0x7f, 0xfb, 0x80, 0x22,
    0x10, 0xf, 0xfe, 0x10, 0x80, 0x4e, 0xff, 0xe2,
    0x60, 0xa, 0xe2, 0x3f, 0x84, 0x84, 0x1, 0x20,
    0x1f, 0x10, 0x5, 0x20, 0x5, 0x90, 0xc, 0x37,
    0x86, 0x0, 0x74, 0x0, 0x37, 0x5d, 0x67, 0x20,
    0xc0, 0x5, 0x6a, 0x0, 0x14, 0x53, 0x0, 0x2d,
    0x80, 0x6a, 0xc6, 0x20, 0x0, 0xae, 0x50, 0x0,

    /* U+0066 "f" */
    0x0, 0xfc, 0x91, 0x54, 0x97, 0x20, 0xf, 0x1e,
    0xdb, 0xaa, 0x9a, 0x2c, 0x3, 0x8b, 0x8, 0x3,
    0xdc, 0x1, 0xd0, 0x1, 0x47, 0x7f, 0xb5, 0x80,
    0x39, 0x40, 0x10, 0xe2, 0x0, 0x21, 0x0, 0xc4,
    0x1, 0x28, 0x7, 0xff, 0x24, 0xbf, 0xed, 0x0,
    0xb7, 0xff, 0x48, 0x7, 0xff, 0x10, 0xa2, 0x27,
    0x0, 0x9e, 0x23, 0x68, 0x1, 0xde, 0xa0, 0xa,
    0x9d, 0xf2, 0x0, 0x7f, 0xff, 0xc0, 0x3f, 0xff,
    0xe0, 0x1f, 0xfc, 0x40,

    /* U+0067 "g" */
    0x0, 0x86, 0x7b, 0xfd, 0x68, 0x8f, 0xf5, 0x80,
    0xf, 0xd8, 0x40, 0x9, 0x70, 0x1, 0x87, 0x44,
    0x0, 0x48, 0x40, 0x60, 0x1a, 0x44, 0x1, 0x5b,
    0x7b, 0x60, 0x1c, 0xc0, 0x6, 0x50, 0x9, 0x18,
    0x2, 0x21, 0x0, 0x50, 0x7, 0x8, 0x4, 0xc0,
    0x11, 0x80, 0x7f, 0xf6, 0x58, 0x2, 0x30, 0xf,
    0xe2, 0x10, 0x5, 0x0, 0x70, 0x80, 0x66, 0x0,
    0x32, 0x80, 0x48, 0xc0, 0x1a, 0x44, 0x1, 0x59,
    0x7b, 0x60, 0x1c, 0x3a, 0x20, 0x3, 0x42, 0x2,
    0x0, 0xe3, 0xf6, 0x10, 0x14, 0xc5, 0x0, 0xf0,
    0xcf, 0x7f, 0x59, 0x90, 0x0, 0x40, 0x2, 0x60,
    0x1e, 0x40, 0x6, 0x80, 0x2b, 0x10, 0x3, 0x50,
    0x80, 0x14, 0x11, 0x1, 0x79, 0x35, 0xca, 0x0,
    0x62, 0x4, 0x70, 0x1, 0xb2, 0x88, 0x1, 0x64,
    0x2, 0x8d, 0x72, 0x0, 0xa, 0xdd, 0x0, 0x0,

    /* U+0068 "h" */
    0xef, 0xf3, 0x0, 0x7f, 0xff, 0xc0, 0x33, 0xef,
    0xfb, 0x14, 0x3, 0x87, 0x60, 0x80, 0x7, 0x50,
    0x1, 0xa0, 0x88, 0x86, 0x1, 0x39, 0x80, 0x43,
    0x7b, 0x79, 0x80, 0xa, 0x80, 0x28, 0x40, 0x8,
    0xdc, 0x0, 0x80, 0x1f, 0xda, 0x0, 0x30, 0xf,
    0xfe, 0x0, 0x80, 0x7f, 0xff, 0xc0, 0x3f, 0xfa,
    0x20,

    /* U+0069 "i" */
    0x0, 0xe5, 0xee, 0x28, 0x7, 0xfa, 0x4, 0x52,
    0x1, 0xfe, 0x70, 0x5, 0x0, 0x7f, 0xaa, 0xf9,
    0x80, 0x3f, 0xe4, 0x10, 0xf, 0x17, 0xff, 0xd6,
    0x1, 0xff, 0xc7, 0x34, 0x4c, 0x20, 0x1f, 0x86,
    0xef, 0x38, 0x7, 0xff, 0xfc, 0x3, 0xff, 0xc2,
    0x37, 0x79, 0xc0, 0xb, 0x77, 0x80, 0xd1, 0x30,
    0x80, 0x5, 0x13, 0x8, 0x7, 0xff, 0x8,

    /* U+006A "j" */
    0x0, 0xf2, 0xf7, 0x14, 0x3, 0xd0, 0x22, 0x80,
    0xf, 0x30, 0x1, 0x80, 0x3d, 0x51, 0xa, 0x0,
    0xf0, 0xbb, 0x84, 0x1, 0xbf, 0xfe, 0xa0, 0xf,
    0xfe, 0x2, 0x26, 0x10, 0xe, 0x9b, 0xb9, 0xc0,
    0x3f, 0xff, 0xe0, 0x1f, 0xfe, 0xa5, 0x0, 0x18,
    0x7, 0x31, 0x80, 0x30, 0x2a, 0xed, 0xb2, 0x0,
    0x25, 0x4, 0x48, 0x80, 0x3, 0xc0, 0x3, 0x0,
    0x8d, 0xfc, 0xc0,

    /* U+006B "k" */
    0xdf, 0xf3, 0x0, 0x7f, 0xff, 0xc0, 0x3f, 0xf8,
    0x29, 0xff, 0x50, 0x7, 0xe3, 0xb0, 0x2, 0x50,
    0x7, 0xc7, 0x80, 0x3, 0xb0, 0xf, 0x8b, 0x40,
    0x5, 0xa0, 0x1f, 0x16, 0x8, 0xe, 0x8, 0x7,
    0xbb, 0xc4, 0x7, 0x4, 0x3, 0xe7, 0x20, 0x3,
    0x90, 0x7, 0xff, 0x1, 0x94, 0x3, 0xfc, 0x40,
    0xa, 0x20, 0xf, 0x87, 0x3c, 0x2, 0xe0, 0xf,
    0xa4, 0xca, 0x80, 0x7, 0x20, 0x1e, 0x10, 0x2,
    0xb0, 0x1, 0x94, 0x3, 0xfa, 0x48, 0x1, 0x44,
    0x1, 0xfd, 0xc0, 0x17, 0x0, 0x7f, 0x1c, 0x0,
    0xe, 0x40,

    /* U+006C "l" */
    0x4f, 0xff, 0xac, 0x3, 0xff, 0x8e, 0xc8, 0x98,
    0x40, 0x3f, 0x15, 0xde, 0x70, 0xf, 0xff, 0xf8,
    0x7, 0xff, 0xfc, 0x3, 0xff, 0xd4, 0x57, 0x79,
    0xc0, 0xb, 0x77, 0x89, 0x91, 0x30, 0x80, 0x5,
    0x13, 0x8, 0x7, 0xff, 0x8,

    /* U+006D "m" */
    0xdf, 0xf0, 0xd7, 0xfa, 0xc6, 0x3b, 0xf0, 0xc0,
    0x36, 0x28, 0x1, 0x3d, 0xc4, 0xf, 0x4, 0x3,
    0x41, 0x80, 0x5, 0x5c, 0x40, 0xe, 0x1, 0x73,
    0xf0, 0x0, 0x6a, 0x24, 0x1, 0xc0, 0x10, 0x81,
    0x80, 0xc, 0x0, 0x20, 0x1, 0x0, 0xff, 0xff,
    0x80, 0x7f, 0xff, 0xc0,

    /* U+006E "n" */
    0xef, 0xf0, 0x83, 0xef, 0xfb, 0x14, 0x3, 0x93,
    0x60, 0x80, 0x7, 0x52, 0x1, 0xa8, 0x88, 0x86,
    0x1, 0x31, 0x80, 0x6a, 0xdb, 0xcd, 0x0, 0xa8,
    0x2, 0x85, 0x0, 0x89, 0xc0, 0xa, 0x1, 0x8,
    0x7, 0x70, 0x0, 0x80, 0x3f, 0xff, 0xe0, 0x1f,
    0xfd, 0xe0,

    /* U+006F "o" */
    0x0, 0xcd, 0x9f, 0xee, 0xb5, 0x0, 0xf1, 0x6c,
    0x98, 0x0, 0x52, 0xac, 0x3, 0xe, 0x10, 0x0,
    0xd4, 0x80, 0x9, 0x80, 0x14, 0x8, 0x3, 0x31,
    0x5b, 0x20, 0x3, 0x60, 0x3, 0x0, 0x24, 0xc0,
    0x26, 0x50, 0x5, 0x2, 0x0, 0x4c, 0x1, 0xdc,
    0x0, 0x31, 0x30, 0x1, 0x0, 0x79, 0x40, 0x22,
    0x0, 0x84, 0x3, 0xc2, 0x1, 0x38, 0x4, 0x20,
    0x1e, 0x10, 0x9, 0xcc, 0x0, 0x40, 0x1e, 0x50,
    0x8, 0x94, 0x2, 0x60, 0xe, 0xd0, 0x1, 0x8,
    0x98, 0x1, 0x26, 0x1, 0x33, 0x0, 0x16, 0x0,
    0x81, 0x0, 0x65, 0xd6, 0x48, 0x0, 0xd8, 0x0,
    0x38, 0x40, 0x4, 0x53, 0x0, 0x26, 0x80, 0x62,
    0xd9, 0x30, 0x0, 0xa5, 0x58, 0x80, 0x0,

    /* U+0070 "p" */
    0xdf, 0xf1, 0xa5, 0xff, 0xb6, 0x44, 0x3, 0xdf,
    0x68, 0x0, 0x26, 0xf2, 0x0, 0xe3, 0x3, 0x41,
    0x0, 0xf, 0x80, 0x70, 0xe6, 0x2f, 0x9c, 0x0,
    0x4a, 0x1, 0xa4, 0xc0, 0x28, 0x30, 0x7, 0x0,
    0x61, 0x0, 0xea, 0x0, 0x28, 0x7, 0xf8, 0x80,
    0x2, 0x1, 0xfe, 0x70, 0xf, 0xfe, 0xb, 0x80,
    0x7f, 0xf0, 0x48, 0x0, 0x20, 0x18, 0x40, 0x3a,
    0x80, 0xa, 0x1, 0xa4, 0x80, 0x27, 0x30, 0x7,
    0x0, 0x61, 0xdb, 0xad, 0x80, 0x1, 0x28, 0x6,
    0x30, 0x45, 0x20, 0x0, 0xf8, 0x7, 0x55, 0xa0,
    0x0, 0x9f, 0xc8, 0x3, 0xc9, 0x7f, 0xed, 0x81,
    0x0, 0xff, 0xfe, 0x80,

    /* U+0071 "q" */
    0x0, 0x8a, 0xbb, 0xfa, 0xcd, 0x7f, 0xd2, 0x0,
    0x4d, 0x51, 0x1, 0x4c, 0x90, 0xc, 0x36, 0x1,
    0x1a, 0x90, 0x18, 0x6, 0x80, 0xa, 0xf2, 0xb6,
    0x80, 0x39, 0xc0, 0xe, 0x80, 0x12, 0xa0, 0x4,
    0x42, 0x0, 0xb0, 0xe, 0x10, 0x9, 0x80, 0x23,
    0x0, 0xff, 0xec, 0xb0, 0x4, 0x40, 0x1f, 0xc4,
    0x20, 0xa, 0x0, 0xe1, 0x0, 0xcc, 0x0, 0x74,
    0x0, 0x95, 0x0, 0x34, 0x88, 0x2, 0xf2, 0xb2,
    0x80, 0x38, 0x68, 0x2, 0x35, 0x30, 0x10, 0xe,
    0x4d, 0x61, 0x1, 0x5c, 0x40, 0xf, 0x14, 0xf7,
    0xf5, 0x18, 0x7, 0xff, 0xf8,

    /* U+0072 "r" */
    0xdf, 0xf2, 0x2, 0x5f, 0x7f, 0xb8, 0x3, 0xc,
    0xda, 0x8, 0x0, 0xc0, 0x34, 0x30, 0x7, 0x30,
    0x6, 0x20, 0x5a, 0xbb, 0x4f, 0x0, 0x75, 0x51,
    0x51, 0xc, 0xa0, 0x19, 0x54, 0x1, 0xfe, 0xd0,
    0xf, 0xff, 0xf8, 0x7, 0xff, 0x44,

    /* U+0073 "s" */
    0x0, 0xcf, 0x9d, 0xfe, 0xd8, 0x20, 0xc, 0x7d,
    0x6, 0x20, 0x2, 0x7d, 0x60, 0x0, 0xe8, 0x80,
    0xb4, 0x38, 0x80, 0x25, 0x1, 0xc4, 0xb, 0xe5,
    0xe3, 0x8c, 0x1, 0xe1, 0xc0, 0x6, 0x10, 0xd,
    0xa, 0xa3, 0xd, 0x0, 0x23, 0x88, 0x4, 0x95,
    0x48, 0x5, 0x50, 0x2, 0x3b, 0x25, 0x84, 0x3,
    0xaa, 0x44, 0x0, 0x6d, 0x3d, 0x64, 0x1, 0x9b,
    0xad, 0xcc, 0x2, 0x4d, 0x30, 0xe, 0x48, 0xcf,
    0xb2, 0x0, 0x78, 0x6e, 0xc4, 0x1, 0x92, 0x40,
    0x6, 0x2, 0x44, 0x90, 0xe, 0x30, 0x0, 0x84,
    0x0, 0x13, 0x61, 0xe2, 0xe0, 0x1, 0x20, 0x94,
    0x0, 0x27, 0x87, 0x40, 0x3, 0x38, 0x1, 0x7a,
    0xc, 0x2, 0x26, 0xc9, 0x0,

    /* U+0074 "t" */
    0x0, 0xc9, 0x10, 0x50, 0xf, 0xf6, 0xbb, 0xb8,
    0x3, 0xff, 0xac, 0x7f, 0xf3, 0x0, 0x13, 0xff,
    0x90, 0x3, 0xff, 0x84, 0x51, 0x11, 0x80, 0xa,
    0x23, 0x94, 0x5d, 0xe5, 0x0, 0x33, 0xbf, 0x8,
    0x7, 0xff, 0xfc, 0x3, 0xff, 0x82, 0x20, 0x7,
    0x0, 0xff, 0x70, 0x0, 0xd4, 0x3, 0xf9, 0xc0,
    0x2a, 0xdb, 0xce, 0x90, 0xc, 0x32, 0x1, 0x12,
    0x18, 0x90, 0x7, 0x36, 0x20, 0x80, 0x9, 0x7c,

    /* U+0075 "u" */
    0xcf, 0xf4, 0x0, 0x74, 0x7f, 0xb0, 0x3, 0xff,
    0xfe, 0x1, 0xff, 0xd1, 0x70, 0xf, 0xfe, 0x0,
    0x80, 0x8, 0x3, 0x84, 0x2, 0xc0, 0x2, 0x90,
    0x4, 0xac, 0x1, 0x38, 0x5, 0xb7, 0x6d, 0xa0,
    0xc, 0x34, 0x1, 0x22, 0x8, 0x92, 0x1, 0x97,
    0x10, 0x40, 0x9f, 0x54, 0x2,

    /* U+0076 "v" */
    0xaf, 0xf5, 0x80, 0x7d, 0xdf, 0xe7, 0xe0, 0x2,
    0x0, 0x79, 0x4, 0x0, 0xc8, 0x20, 0x5, 0x0,
    0xed, 0x0, 0x28, 0x83, 0x0, 0x38, 0x3, 0x9c,
    0x1, 0xc0, 0xa, 0x0, 0x20, 0x80, 0x48, 0x20,
    0x28, 0x0, 0x24, 0x0, 0x38, 0x5, 0xa0, 0x6,
    0x0, 0xdc, 0x0, 0xd0, 0x9, 0xc0, 0x14, 0x1,
    0x94, 0x41, 0x4, 0x10, 0x41, 0x8, 0x3, 0x9c,
    0x0, 0xe1, 0xa0, 0xe, 0x0, 0xf5, 0x80, 0x34,
    0x1c, 0x0, 0xa0, 0x1e, 0x23, 0x4, 0x51, 0x6,
    0x0, 0xfd, 0x40, 0x8, 0x0, 0x50, 0x7, 0xe6,
    0x0, 0x10, 0x11, 0x80, 0x7f, 0x28, 0x5, 0x60,
    0x1f, 0xe9, 0x0, 0x9c, 0x3, 0x80,

    /* U+0077 "w" */
    0x6f, 0xf4, 0x0, 0x5b, 0xf0, 0x1, 0x6f, 0xf8,
    0x54, 0x0, 0x40, 0x11, 0x1, 0x80, 0x44, 0x2,
    0x23, 0x0, 0x38, 0x0, 0xc0, 0x8, 0x0, 0x10,
    0x2, 0x80, 0x8, 0x8, 0x0, 0x80, 0x11, 0x2,
    0x80, 0xc, 0x0, 0xe0, 0x1, 0xd, 0x0, 0x9c,
    0x8, 0x1, 0xa0, 0xd, 0x0, 0x28, 0x20, 0x28,
    0x60, 0x70, 0x1, 0xc0, 0x6, 0x0, 0x21, 0x10,
    0x78, 0x28, 0x18, 0x0, 0x80, 0xa, 0x0, 0xf5,
    0x3, 0x40, 0x30, 0x60, 0x30, 0x8, 0x44, 0x5,
    0x80, 0x82, 0x20, 0x32, 0x5, 0x0, 0xca, 0xc,
    0x61, 0xa0, 0x81, 0x60, 0xf, 0x0, 0xc6, 0x4,
    0xa0, 0x81, 0x80, 0xa0, 0x5, 0x0, 0xda, 0x0,
    0x11, 0x81, 0x40, 0x80, 0x6, 0x1, 0x9c, 0x2,
    0x40, 0x1, 0x80, 0x44, 0x1, 0xc4, 0x1, 0x68,
    0x4, 0x60, 0x7, 0x0, 0xf1, 0x80, 0x10, 0x2,
    0x40, 0x6, 0x80, 0x40,

    /* U+0078 "x" */
    0x2f, 0xf9, 0xc0, 0x38, 0xff, 0xe6, 0x29, 0x0,
    0x41, 0x80, 0x6e, 0x0, 0x23, 0x3, 0x20, 0x3,
    0x80, 0x2a, 0x20, 0x1a, 0x0, 0xa8, 0x40, 0xa4,
    0x15, 0x40, 0xb, 0x10, 0x8, 0x6c, 0x0, 0xcc,
    0xa0, 0x3, 0x28, 0x7, 0x2a, 0x80, 0x12, 0x0,
    0x29, 0x0, 0xfa, 0x88, 0x3, 0x70, 0x7, 0xf5,
    0x0, 0x46, 0x60, 0xf, 0xc5, 0x0, 0x11, 0xa8,
    0x7, 0xee, 0x0, 0xea, 0x20, 0xf, 0x39, 0x80,
    0x30, 0x80, 0x1c, 0x1, 0xc7, 0x0, 0x9, 0x3f,
    0x0, 0x1b, 0x80, 0x6e, 0x0, 0x23, 0x1, 0x48,
    0x2, 0xc, 0x1, 0x24, 0x3, 0x40, 0x13, 0x20,
    0x3, 0x81, 0x18, 0x1, 0x62, 0x1, 0xa8, 0x40,
    0xa4,

    /* U+0079 "y" */
    0xe, 0xff, 0x48, 0x7, 0xcd, 0xff, 0x10, 0x30,
    0x1, 0x80, 0x3e, 0xb0, 0x2, 0x10, 0x48, 0x4,
    0xc0, 0x1c, 0x64, 0x0, 0xf0, 0x0, 0xa8, 0x2,
    0x80, 0x3a, 0x80, 0x4, 0x80, 0x14, 0x80, 0xc,
    0xc0, 0x19, 0x80, 0x16, 0x1, 0x8c, 0xc0, 0xa,
    0x0, 0x94, 0x2, 0x60, 0xe, 0x90, 0x3, 0x0,
    0x52, 0x0, 0x70, 0xf, 0x28, 0x80, 0x18, 0x8,
    0xc0, 0x14, 0x1, 0xf4, 0x80, 0x2c, 0x28, 0x0,
    0x84, 0x1, 0xf3, 0x80, 0x8, 0xd8, 0x1, 0xe0,
    0x1f, 0xcc, 0x0, 0xf1, 0x2, 0x40, 0xf, 0xeb,
    0x0, 0x18, 0x2, 0xc0, 0x3f, 0xc4, 0x80, 0x10,
    0xb0, 0x7, 0xfd, 0xe0, 0x13, 0x0, 0x7f, 0xf0,
    0x10, 0x2, 0x90, 0xf, 0xfe, 0x3, 0x80, 0x14,
    0x40, 0x3f, 0xe1, 0x80, 0x4, 0x80, 0x7f, 0xf0,
    0x28, 0x0, 0x66, 0x0, 0xfe, 0x4c, 0xe4, 0x0,
    0x78, 0x7, 0xfb, 0xc, 0x40, 0x12, 0x60, 0x1f,
    0xe1, 0x0, 0x1e, 0x30, 0x7, 0xf0,

    /* U+007A "z" */
    0xf, 0xff, 0xfe, 0x6, 0x80, 0x7f, 0xf1, 0x55,
    0x7f, 0x8, 0x5, 0x40, 0xa, 0xaf, 0xbc, 0x40,
    0xa, 0xe0, 0x1f, 0x8e, 0x80, 0x7, 0x40, 0x1f,
    0x87, 0x40, 0x3, 0xa0, 0x1f, 0xda, 0x20, 0xc,
    0x10, 0xf, 0xd4, 0x60, 0xb, 0x20, 0xf, 0xd0,
    0xa0, 0x8, 0x40, 0xf, 0xca, 0xe0, 0x5, 0x70,
    0xf, 0xc7, 0x40, 0x3, 0xa0, 0xf, 0xc3, 0xa0,
    0x2, 0xd0, 0xf, 0xed, 0x10, 0x0, 0xdd, 0x57,
    0xc4, 0x43, 0x0, 0x8d, 0x57, 0xf0, 0x80, 0x7f,
    0xf0, 0xc0,

    /* U+007B "{" */
    0x0, 0xf1, 0xd6, 0x90, 0x7, 0x2e, 0x29, 0x38,
    0x6, 0x2a, 0x2, 0xc5, 0x0, 0xd6, 0x0, 0x83,
    0x0, 0xe4, 0x0, 0x20, 0x7, 0x88, 0x0, 0x20,
    0x1c, 0x20, 0x1f, 0xfd, 0x13, 0x0, 0x8, 0x7,
    0x9c, 0x0, 0xa0, 0x1e, 0x90, 0x7, 0x0, 0x49,
    0x1c, 0x60, 0xaa, 0x0, 0xbd, 0xc4, 0x26, 0x80,
    0x3f, 0x59, 0x0, 0x6b, 0xd8, 0x2, 0xc1, 0x0,
    0xc4, 0xee, 0x1, 0x80, 0xf, 0x58, 0x1, 0x0,
    0x3c, 0x40, 0x2, 0x0, 0xff, 0xec, 0x8, 0x80,
    0x2, 0x1, 0xe7, 0x0, 0x38, 0x7, 0xac, 0x1,
    0x4, 0x1, 0xc5, 0x20, 0x3a, 0xa0, 0x1c, 0xd6,
    0x80, 0xe0,

    /* U+007C "|" */
    0xaf, 0x90, 0xf, 0xff, 0xf8,

    /* U+007D "}" */
    0x3d, 0xa2, 0x0, 0xf2, 0x92, 0xea, 0x0, 0x73,
    0x60, 0x85, 0x8, 0x7, 0x1c, 0x0, 0xc8, 0x7,
    0x90, 0x0, 0x80, 0x1e, 0x20, 0x1, 0x80, 0x7f,
    0xf2, 0x4, 0x3, 0xff, 0x9c, 0x60, 0x5, 0x0,
    0xf5, 0x0, 0x20, 0x3, 0xcc, 0x80, 0x7b, 0x8,
    0x1, 0xad, 0xc0, 0x9f, 0x80, 0x31, 0xa8, 0x7,
    0xc5, 0x84, 0x11, 0xd4, 0x1, 0x40, 0x2, 0x1c,
    0x40, 0x32, 0x0, 0x14, 0x3, 0xc2, 0x0, 0x30,
    0xf, 0xfe, 0x88, 0x80, 0x71, 0x0, 0x8, 0x3,
    0xca, 0x0, 0x50, 0xe, 0x38, 0x0, 0x48, 0x6,
    0x6c, 0x0, 0x50, 0x80, 0x65, 0x4, 0xc5, 0x0,
    0xe0,

    /* U+007E "~" */
    0x0, 0x14, 0xdd, 0x30, 0x7, 0xf9, 0x35, 0x91,
    0x67, 0x90, 0x3, 0x47, 0xd8, 0x50, 0x7, 0xd,
    0xc0, 0x0, 0x58, 0x0, 0xa2, 0xf, 0xfc, 0xe0,
    0x7, 0xec, 0xe1, 0xe, 0x20, 0x28, 0x1, 0x8b,
    0x10, 0x13, 0x0, 0x22, 0xbf, 0x78, 0x6, 0x4f,
    0x72, 0x1, 0x7b, 0x0,

    /* U+00A0 " " */

    /* U+00A1 "¡" */
    0xa, 0xfc, 0x14, 0x50, 0x39, 0x60, 0xb, 0xca,
    0x95, 0xdc, 0xb, 0x50, 0x1, 0xff, 0xc0, 0xff,
    0x88, 0x3, 0xff, 0x98, 0x20, 0x1f, 0xfd, 0x17,
    0x0, 0xf7, 0x74, 0x80,

    /* U+00A2 "¢" */
    0x0, 0xf5, 0x7f, 0x80, 0x3f, 0xfb, 0x2b, 0x6a,
    0x0, 0xd9, 0x10, 0xe, 0xaa, 0x20, 0x4, 0x4d,
    0xc8, 0x1, 0x4a, 0x80, 0xd, 0x94, 0x2, 0xb2,
    0x3, 0x60, 0x4, 0x64, 0xd7, 0x10, 0x2, 0x2,
    0x80, 0x6, 0xe0, 0x10, 0xc8, 0x1, 0x1, 0x0,
    0x14, 0x1, 0xc9, 0x32, 0x80, 0x20, 0x1, 0x0,
    0x79, 0x9a, 0x0, 0xce, 0x1, 0xff, 0xc1, 0x70,
    0xf, 0xf1, 0x0, 0xc, 0x3, 0xc4, 0x50, 0x20,
    0x2, 0xc0, 0x38, 0xf7, 0x58, 0x16, 0x0, 0x38,
    0x0, 0x87, 0x80, 0x8, 0x4, 0xe0, 0x7, 0xeb,
    0xce, 0x20, 0x1b, 0x0, 0x43, 0x80, 0x5, 0xc,
    0x0, 0x58, 0x20, 0x14, 0x63, 0x8, 0x1, 0x27,
    0x48, 0x3, 0x8e, 0x50, 0x1, 0x6c, 0x1, 0xff,
    0xd3,

    /* U+00A3 "£" */
    0x0, 0xe4, 0xae, 0xff, 0x6c, 0x8, 0x7, 0xa6,
    0xd4, 0x40, 0x4, 0xfe, 0x60, 0x19, 0xd8, 0x0,
    0x2a, 0x60, 0x1, 0xe0, 0xd, 0x0, 0x5, 0xea,
    0xcb, 0x0, 0x12, 0x80, 0x10, 0x2, 0xb0, 0x9,
    0x10, 0x0, 0xc0, 0x1, 0x0, 0x4, 0x40, 0x1a,
    0x2a, 0xa0, 0xf, 0xf8, 0xd5, 0x46, 0x0, 0x30,
    0x0, 0x80, 0x7f, 0xf3, 0x1f, 0xe8, 0x2, 0xff,
    0xca, 0x1, 0xff, 0xc7, 0x36, 0x40, 0x9, 0x59,
    0xb0, 0x6, 0x49, 0x90, 0x5, 0x13, 0x31, 0x80,
    0x7f, 0xf2, 0x4c, 0x3, 0xff, 0x84, 0x40, 0x11,
    0x80, 0x7f, 0x90, 0x0, 0x62, 0x1, 0xf9, 0x2a,
    0x0, 0x3, 0x55, 0xfa, 0x49, 0x40, 0x22, 0x55,
    0xfc, 0xe0, 0x1f, 0xfc, 0x30,

    /* U+00A4 "¤" */
    0x4, 0x70, 0x1, 0x2b, 0xa9, 0x0, 0x19, 0x41,
    0x2e, 0x21, 0x7b, 0x51, 0x5b, 0x6f, 0x34, 0xa0,
    0x13, 0xa0, 0x7, 0x24, 0x0, 0xd, 0x24, 0x2,
    0x7d, 0xfd, 0x70, 0xa, 0x18, 0x38, 0x1, 0x30,
    0x40, 0x51, 0x40, 0xe, 0x0, 0x30, 0x23, 0x0,
    0x72, 0xa0, 0x38, 0x10, 0x87, 0x0, 0x7d, 0xc0,
    0x24, 0xc0, 0x6, 0x0, 0xf9, 0x80, 0xc, 0xe0,
    0x7, 0x0, 0xff, 0x39, 0x0, 0xc, 0x3, 0xe4,
    0x0, 0x10, 0x98, 0x48, 0x80, 0x70, 0xc8, 0x18,
    0x85, 0x0, 0xe8, 0x80, 0x43, 0xa2, 0x16, 0x5,
    0x0, 0x3, 0xf9, 0x79, 0xf3, 0x0, 0x41, 0xa0,
    0x81, 0x0, 0xb4, 0x30, 0x81, 0x0, 0x11, 0xa1,
    0x36, 0xd4, 0x40, 0x52, 0xf5, 0x5d, 0xc0, 0xf6,
    0x9, 0x5d, 0xfd, 0x68, 0x15, 0x0,

    /* U+00A5 "¥" */
    0x5f, 0xf9, 0x0, 0x3e, 0x5f, 0xf9, 0x14, 0x80,
    0x10, 0x1, 0xf4, 0x0, 0xd, 0x2, 0x40, 0x6,
    0x80, 0x1c, 0xa4, 0x0, 0xf0, 0x2, 0x20, 0x1,
    0x0, 0x1d, 0x0, 0x5, 0x30, 0xa, 0x0, 0x6,
    0x80, 0x12, 0x90, 0x2, 0x0, 0x31, 0xa8, 0x2,
    0x0, 0x28, 0x0, 0x31, 0x0, 0x75, 0x80, 0xc,
    0xc0, 0xa4, 0x0, 0x80, 0xf, 0xb, 0x80, 0x20,
    0x24, 0x1, 0x2, 0x1, 0xf4, 0x88, 0x24, 0x18,
    0xb, 0x80, 0x7e, 0x19, 0x0, 0x38, 0x2, 0x0,
    0x3c, 0x5f, 0xf4, 0x0, 0x74, 0xff, 0xb8, 0x3,
    0xff, 0x90, 0x5f, 0xfb, 0x0, 0x2e, 0xff, 0xb8,
    0x3, 0xff, 0x90, 0x5f, 0xfb, 0x0, 0x2e, 0xff,
    0xb8, 0x2, 0x30, 0xf, 0xfe, 0x20, 0xff, 0xec,
    0x0, 0xbb, 0xfe, 0xe0, 0xf, 0xff, 0x48,

    /* U+00A6 "¦" */
    0x3f, 0xf7, 0x0, 0x7f, 0xf6, 0xa, 0xaa, 0x15,
    0x52, 0x0, 0x63, 0xff, 0x70, 0x7, 0xff, 0x60,
    0x4c, 0xca,

    /* U+00A7 "§" */
    0x0, 0x8a, 0x33, 0xfe, 0xd9, 0x30, 0xe, 0x8d,
    0x73, 0x0, 0x89, 0xb2, 0x80, 0x28, 0x70, 0x9,
    0x15, 0x0, 0x25, 0x90, 0x3, 0x80, 0x17, 0xee,
    0xaf, 0x90, 0x0, 0xc4, 0x60, 0x15, 0x80, 0x61,
    0xa0, 0x9, 0x0, 0x30, 0x80, 0x70, 0xb1, 0x98,
    0x8, 0x2, 0x90, 0xf, 0x4e, 0x61, 0x85, 0x40,
    0xd, 0xd0, 0x80, 0x1f, 0xa8, 0xc0, 0x2, 0xf7,
    0xf6, 0xa0, 0x1c, 0xc6, 0x1, 0xe4, 0xae, 0x60,
    0x1, 0xc8, 0x2, 0xb1, 0xc8, 0x2, 0x19, 0xa0,
    0x90, 0x2, 0xa8, 0xe3, 0x75, 0x2, 0x0, 0x55,
    0x8, 0x0, 0x80, 0x31, 0x3f, 0x90, 0x3, 0x84,
    0x0, 0xa0, 0x1e, 0x1a, 0x0, 0x3f, 0x80, 0xb,
    0x58, 0x3, 0xbc, 0x0, 0xea, 0xa0, 0x1, 0x4f,
    0xdb, 0x12, 0x38, 0x3, 0x82, 0xa0, 0x3, 0x24,
    0xed, 0x80, 0x1d, 0x40, 0xf, 0xf2, 0x60, 0x1e,
    0x38, 0x0, 0xe6, 0xcf, 0xa5, 0x0, 0x8e, 0x80,
    0x3f, 0x2d, 0x72, 0x0, 0x14, 0xa6, 0xec, 0xa0,
    0x1c, 0x36, 0x1, 0x31, 0x22, 0x3c, 0x3, 0xfc,
    0x3a, 0x0, 0x57, 0x0, 0xe9, 0x0, 0x91, 0x88,
    0x1, 0x1d, 0x75, 0x7e, 0xc0, 0x6, 0x10, 0xc3,
    0x0, 0xa, 0x2a, 0x0, 0x4b, 0x20, 0x1, 0xcb,
    0x52, 0x0, 0x89, 0xb2, 0x80, 0x0,

    /* U+00A8 "¨" */
    0x0, 0x10, 0x7, 0x10, 0x80, 0x37, 0x60, 0xa,
    0xb7, 0x88, 0xc8, 0x8, 0x80, 0x5, 0x0, 0x21,
    0xa0, 0x29, 0x0, 0x20, 0x9, 0xc0,

    /* U+00A9 "©" */
    0x0, 0xff, 0xe3, 0xad, 0xff, 0xd6, 0xa0, 0x1e,
    0x1c, 0xa2, 0xbc, 0xb2, 0xac, 0x10, 0x8, 0x70,
    0x3a, 0x50, 0x92, 0x78, 0x30, 0x40, 0x16, 0x38,
    0x31, 0xfd, 0xf0, 0x38, 0x36, 0x4, 0xbe, 0x10,
    0xee, 0xb6, 0x76, 0xf, 0x52, 0x53, 0x30, 0x3a,
    0xc2, 0x49, 0x68, 0x19, 0xab, 0x10, 0x8, 0x30,
    0x2, 0xf9, 0x0, 0x21, 0xbf, 0x80, 0x81, 0x80,
    0x44, 0x40, 0x7, 0xbb, 0xbc, 0x4, 0x3, 0xfb,
    0xdc, 0xcc, 0x4, 0x1a, 0x1, 0x6d, 0x80, 0xc,
    0xd6, 0x84, 0xa, 0xea, 0x2c, 0x58, 0x4, 0x96,
    0x69, 0x21, 0x69, 0x5d, 0x28, 0xe1, 0x28, 0x61,
    0x2b, 0x23, 0x7b, 0x7b, 0x61, 0x2b, 0x20, 0x2,
    0xd7, 0xd6, 0x34, 0x35, 0xd7, 0xd2, 0x0, 0x8f,
    0xd6, 0x3b, 0xfa, 0xd7, 0xcc, 0x3, 0x86, 0x3b,
    0x73, 0x7a, 0x4, 0x2,

    /* U+00AA "ª" */
    0x0, 0xc, 0xf7, 0xf4, 0x88, 0x0, 0x7d, 0x84,
    0x5, 0xb0, 0x1, 0x22, 0x19, 0xf4, 0x4, 0xa1,
    0xad, 0x26, 0xa, 0x41, 0xa0, 0xb2, 0xc0, 0x10,
    0x80, 0x68, 0xdf, 0xf8, 0xc0, 0x2b, 0x72, 0x56,
    0x60, 0x80, 0x9, 0x2, 0xea, 0x64, 0x40, 0x1c,
    0x20, 0x7, 0x30, 0x1, 0x10, 0x2b, 0xfd, 0x2,
    0x2, 0x18, 0xa0, 0x3, 0xb9, 0x23,

    /* U+00AB "«" */
    0x0, 0xd3, 0xb0, 0x0, 0xad, 0x70, 0x9, 0x98,
    0x52, 0xe, 0xa6, 0xe0, 0x2, 0x90, 0x91, 0x38,
    0xb, 0x0, 0xbc, 0xd, 0x87, 0x81, 0x14, 0x1,
    0x24, 0x1c, 0x16, 0x41, 0x40, 0x3, 0x60, 0x52,
    0x45, 0x6, 0x10, 0x1, 0xa0, 0x28, 0xa1, 0x83,
    0x88, 0x5, 0x42, 0x14, 0x1a, 0x22, 0x80, 0x8,
    0x74, 0x11, 0x46, 0x81, 0x8c, 0x2, 0x38, 0xb,
    0x4, 0x60, 0xe0, 0xc, 0xe8, 0x32, 0x12, 0x64,
    0xe0,

    /* U+00AC "¬" */
    0x14, 0x4f, 0xf9, 0xae, 0xff, 0xe0, 0xf, 0xfe,
    0x3, 0xff, 0xfe, 0x40, 0xf, 0xfe, 0xbf, 0x3c,
    0x0,

    /* U+00AD "­" */
    0x5a, 0xaf, 0xf2, 0xea, 0xaf, 0xfb, 0x40, 0x3f,
    0xf8, 0x0,

    /* U+00AE "®" */
    0x0, 0xff, 0xe3, 0xad, 0xff, 0xd6, 0xa0, 0x1e,
    0x1c, 0xa2, 0xbc, 0xa2, 0xac, 0x10, 0x8, 0x71,
    0xf6, 0x14, 0x96, 0x78, 0x30, 0x2, 0xb1, 0xba,
    0xee, 0xbe, 0x7, 0x2, 0x40, 0x97, 0x80, 0x2b,
    0xb4, 0x3b, 0x7, 0x31, 0x51, 0x90, 0x4, 0x88,
    0x72, 0xc0, 0x33, 0x29, 0xa0, 0x6, 0x11, 0x29,
    0x60, 0x1, 0x75, 0xf8, 0x3, 0x77, 0x2a, 0x18,
    0x1, 0xc2, 0xe2, 0x1, 0xae, 0x41, 0x40, 0x2f,
    0x2, 0xc0, 0xc, 0x8c, 0x70, 0x1, 0x19, 0xa9,
    0x4, 0x3, 0xa5, 0x48, 0x9, 0x2c, 0xcd, 0x61,
    0xc8, 0x0, 0x55, 0x82, 0x50, 0xc3, 0x96, 0x5a,
    0xc0, 0x2a, 0x7a, 0x59, 0x0, 0x16, 0x3e, 0xb0,
    0x81, 0x36, 0xa6, 0x90, 0x4, 0x7e, 0xb1, 0xdf,
    0xb0, 0xbc, 0x60, 0x1c, 0x31, 0xdb, 0x9b, 0xd0,
    0x1, 0x80,

    /* U+00AF "¯" */
    0x1, 0x1f, 0xe0, 0x5e, 0xef, 0xe8, 0x0, 0xff,
    0x80,

    /* U+00B0 "°" */
    0x0, 0x2e, 0xfe, 0xa8, 0x4, 0xd4, 0x42, 0x54,
    0xa0, 0x8, 0xc, 0xec, 0xb, 0x1, 0x11, 0x98,
    0xc, 0x84, 0x4, 0x46, 0x60, 0x32, 0x10, 0x4,
    0x6, 0x76, 0x4, 0x0, 0x1a, 0x48, 0x4a, 0x98,
    0x0,

    /* U+00B1 "±" */
    0x0, 0xe2, 0x20, 0x80, 0x7f, 0xb7, 0x5e, 0x1,
    0xff, 0xed, 0xff, 0xe0, 0x0, 0xff, 0xe9, 0x0,
    0xff, 0xe0, 0xaa, 0x26, 0x0, 0x91, 0x37, 0xd5,
    0xde, 0x0, 0xd, 0xde, 0x60, 0xf, 0xff, 0x6f,
    0xfb, 0x80, 0x39, 0x6a, 0xbf, 0xe1, 0xd5, 0x5f,
    0xf8, 0x3, 0xff, 0x84,

    /* U+00B2 "²" */
    0x2, 0xae, 0xfe, 0x91, 0x2, 0xc5, 0x10, 0x16,
    0xc0, 0xb1, 0xb, 0xf8, 0x2, 0x41, 0x47, 0x40,
    0x50, 0x1, 0x45, 0xc0, 0x2, 0xc0, 0x8, 0x1,
    0x9d, 0x81, 0x88, 0x2, 0x88, 0x2, 0xc8, 0x5,
    0x2e, 0x11, 0x40, 0x15, 0x30, 0x53, 0x80, 0x50,
    0xa0, 0xa, 0xff, 0xb0, 0x40, 0x3f, 0x0,

    /* U+00B3 "³" */
    0x3, 0xbe, 0xfe, 0xa2, 0x3, 0xc4, 0x10, 0x15,
    0xd2, 0xb1, 0x16, 0x7d, 0x80, 0x16, 0x3b, 0x86,
    0xa, 0x0, 0x10, 0xa, 0xb3, 0x81, 0x58, 0x2,
    0x43, 0x0, 0x10, 0x6, 0xef, 0xb0, 0x77, 0x2b,
    0x20, 0x1, 0xc, 0x33, 0xa6, 0xd0, 0x10, 0xc0,
    0xa0, 0x1, 0x7f, 0x60, 0xb, 0x3c, 0x41, 0x1,
    0x5d, 0x20,

    /* U+00B4 "´" */
    0x0, 0x14, 0x44, 0x60, 0xe, 0x77, 0x9, 0x84,
    0x18, 0x3c, 0x82, 0x38, 0x44, 0x0, 0x0,

    /* U+00B5 "µ" */
    0x8f, 0xf5, 0x80, 0x73, 0x7f, 0xb8, 0x3, 0xff,
    0xfe, 0x1, 0xff, 0xd4, 0x70, 0xf, 0xfe, 0x1,
    0x80, 0x70, 0x80, 0x7c, 0xe0, 0x11, 0x48, 0x7,
    0xd1, 0x95, 0x9a, 0x20, 0x1f, 0x8d, 0x4c, 0x4,
    0x3, 0xc4, 0x82, 0x2, 0xfa, 0x1, 0xe6, 0xbe,
    0xfe, 0x83, 0xff, 0x70, 0x7, 0xff, 0xd4,

    /* U+00B6 "¶" */
    0x0, 0xcd, 0x7d, 0xff, 0xa4, 0x0, 0x5b, 0x28,
    0x20, 0x1f, 0x79, 0x0, 0x7f, 0x39, 0x0, 0x7f,
    0xa8, 0x3, 0xfe, 0x20, 0xf, 0xf0, 0x80, 0x7f,
    0xc2, 0x1, 0xff, 0xc0, 0x30, 0xf, 0xfa, 0x40,
    0x3f, 0xe5, 0x40, 0xf, 0xfa, 0xd8, 0x3, 0xfe,
    0x9d, 0x85, 0x43, 0x0, 0xf8, 0x9e, 0xaf, 0xc0,
    0x3f, 0xff, 0xe0,

    /* U+00B7 "·" */
    0x3, 0x97, 0x1, 0xc6, 0x87, 0x30, 0xb, 0x89,
    0x80, 0xac,

    /* U+00B8 "¸" */
    0x8f, 0xe1, 0x2, 0x1, 0xe5, 0xae, 0x10, 0x80,
    0xe, 0x9e, 0x10, 0xb0, 0x14, 0xb6,

    /* U+00B9 "¹" */
    0x0, 0x89, 0xd8, 0xa3, 0x75, 0x1f, 0xe, 0x40,
    0x16, 0xbd, 0x88, 0x1, 0xe1, 0x0, 0x3f, 0xfb,
    0x60,

    /* U+00BA "º" */
    0x0, 0x15, 0x77, 0xf4, 0x88, 0x4, 0x7a, 0xa2,
    0x2, 0xde, 0x20, 0xe, 0x3, 0xdf, 0xb1, 0x14,
    0x1, 0x90, 0x79, 0x2, 0x48, 0x30, 0x30, 0x0,
    0xc0, 0x24, 0x0, 0x8, 0x7, 0xff, 0x29, 0x80,
    0x6, 0x1, 0x28, 0x0, 0x4c, 0x83, 0xc8, 0xe,
    0x1, 0x40, 0x1c, 0x7, 0xbf, 0x82, 0x2b, 0x0,
    0x1e, 0xa8, 0x80, 0xb7, 0x88, 0x0,

    /* U+00BB "»" */
    0x7e, 0xa0, 0x4, 0x75, 0x0, 0x67, 0x5, 0x70,
    0x90, 0x57, 0x0, 0xd6, 0x10, 0x63, 0x61, 0x6,
    0x1, 0x2a, 0x7, 0xa, 0xa0, 0x70, 0x6, 0xa0,
    0x2b, 0x9, 0x2, 0xa0, 0x8, 0x58, 0x15, 0x9,
    0x81, 0x4c, 0x0, 0x2e, 0x8, 0x81, 0x60, 0x43,
    0x0, 0x58, 0x8a, 0x82, 0xc0, 0x68, 0x0, 0x8a,
    0x14, 0x28, 0xa1, 0x42, 0x0, 0x90, 0x74, 0x9,
    0x7, 0x40, 0x4, 0x11, 0xc0, 0x41, 0x1c, 0x0,
    0x40,

    /* U+00BC "¼" */
    0x0, 0x85, 0x90, 0x3, 0xfe, 0x6c, 0xe9, 0xc0,
    0xf, 0xf1, 0xc9, 0x80, 0x7f, 0xf0, 0x4a, 0x75,
    0x0, 0x3c, 0x2c, 0x1, 0x85, 0x88, 0x3, 0xeb,
    0x97, 0x0, 0xff, 0xe0, 0x1a, 0x8b, 0x0, 0x7f,
    0xf0, 0x3c, 0x20, 0x40, 0x3f, 0xe4, 0x32, 0x60,
    0xf, 0xfe, 0x4, 0x84, 0x0, 0x7f, 0xf0, 0x18,
    0x8d, 0x40, 0x3f, 0x5f, 0xc0, 0x40, 0x78, 0x2,
    0x2a, 0x0, 0x3e, 0x81, 0x53, 0x5, 0x75, 0x40,
    0xf, 0xb, 0x84, 0x1, 0x50, 0x7, 0xf5, 0x83,
    0x90, 0x70, 0x20, 0x7, 0xc6, 0xa3, 0x21, 0x7,
    0x18, 0x1, 0xf4, 0x4, 0xa, 0x3a, 0x38, 0x7,
    0xe8, 0x56, 0xa, 0x5, 0xd9, 0x3, 0xc0, 0xc,
    0x74, 0x0, 0x10, 0x12, 0x10, 0x1, 0x80, 0x7e,
    0xff, 0xd0, 0x7, 0xe0, 0x1f, 0xfc, 0x40,

    /* U+00BD "½" */
    0x0, 0x8a, 0x0, 0x3f, 0xf8, 0x5, 0x1b, 0xa7,
    0x10, 0xf, 0xfa, 0xdc, 0x80, 0x3f, 0xf8, 0x5b,
    0x58, 0x1, 0xf3, 0x0, 0x79, 0x14, 0x40, 0x3d,
    0x13, 0x20, 0xf, 0xfe, 0x8, 0xb8, 0x40, 0x7,
    0xff, 0x6, 0xc1, 0xc4, 0x3, 0xff, 0x80, 0x6a,
    0x30, 0x1, 0xff, 0xc1, 0xf0, 0x80, 0xf, 0xfe,
    0xa, 0x19, 0x30, 0x7, 0xf1, 0x7f, 0x86, 0x42,
    0x41, 0xaf, 0x29, 0x40, 0x3e, 0x62, 0x34, 0xb9,
    0x43, 0x5a, 0x70, 0xf, 0x40, 0x7a, 0x20, 0x2f,
    0xdc, 0x24, 0x3, 0xa0, 0x54, 0xde, 0x25, 0x3,
    0x40, 0x40, 0x30, 0xb8, 0x58, 0x1b, 0xb0, 0xc,
    0x3, 0x0, 0x6b, 0x7, 0x10, 0xc, 0x38, 0x47,
    0x0, 0x1a, 0x16, 0x0, 0x31, 0x79, 0x26, 0x88,
    0x6, 0x2a, 0x0, 0xc7, 0x82, 0xd6, 0x20, 0x1f,
    0xe1, 0xc1, 0x5, 0xcc, 0x8c, 0x3, 0xf1, 0x0,
    0x46, 0x79, 0x80,

    /* U+00BE "¾" */
    0x2, 0xae, 0xfd, 0x80, 0xf, 0xf0, 0xe2, 0x89,
    0x11, 0xe8, 0x3, 0xf8, 0x95, 0x5f, 0xb4, 0xa,
    0x1, 0xfc, 0x77, 0x40, 0xd, 0x3, 0x0, 0x8f,
    0xc, 0x3, 0xdd, 0xee, 0x5a, 0x1, 0x79, 0xa8,
    0x7, 0xa5, 0x84, 0xa0, 0x0, 0x86, 0x4c, 0x1,
    0xe7, 0x9c, 0x6, 0x10, 0x90, 0x80, 0xc, 0xff,
    0xc2, 0xc, 0x1, 0x31, 0x1a, 0x80, 0x66, 0x1,
    0xed, 0xb0, 0x41, 0x80, 0xf0, 0xe, 0x1d, 0x40,
    0x22, 0x3d, 0xb8, 0xa1, 0x80, 0x78, 0xaf, 0xfd,
    0xb0, 0x32, 0x12, 0x5, 0x54, 0x30, 0xf, 0xd2,
    0x2a, 0x41, 0xca, 0xa6, 0x0, 0xf8, 0x5c, 0x2c,
    0x20, 0xc0, 0x3f, 0xd0, 0xe, 0x26, 0xe6, 0x1,
    0xfc, 0x4c, 0x12, 0x3a, 0x3a, 0x20, 0x1f, 0xa4,
    0x20, 0x6c, 0x68, 0x40, 0x3f, 0xa1, 0x5d, 0x54,
    0x13, 0xa2, 0x16, 0xe0, 0x1c, 0x74, 0x1, 0x88,
    0x80, 0x1, 0xf0, 0xf, 0xcb, 0xff, 0x84, 0x2a,
    0x0, 0x3f, 0xf8, 0xa0,

    /* U+00BF "¿" */
    0x0, 0xe5, 0xfe, 0x30, 0xf, 0xe9, 0x1, 0xa0,
    0xf, 0xe5, 0x0, 0x78, 0x7, 0xf4, 0xe6, 0x18,
    0x3, 0xfc, 0x66, 0x0, 0xff, 0xe5, 0xcf, 0xf9,
    0x80, 0x3f, 0x88, 0x3, 0xfe, 0x24, 0x0, 0x10,
    0x7, 0xc3, 0xe0, 0x2, 0x40, 0xf, 0xe, 0x10,
    0xf, 0x80, 0x7d, 0x44, 0x0, 0xd2, 0x0, 0xf3,
    0x20, 0x2, 0x8c, 0x3, 0xeb, 0x0, 0x2a, 0x80,
    0x3e, 0x22, 0x0, 0x24, 0x3, 0xf0, 0x80, 0x44,
    0x1, 0x8d, 0x54, 0x62, 0x1, 0x18, 0x6, 0xea,
    0xa5, 0x90, 0x80, 0x20, 0x2, 0x62, 0x0, 0x60,
    0x48, 0x1, 0x7a, 0xf6, 0x40, 0x6, 0x80, 0xea,
    0x0, 0x14, 0x20, 0x1, 0x70, 0x5, 0x54, 0x41,
    0x0, 0x1c, 0x69, 0x0,

    /* U+00C0 "À" */
    0x0, 0xd5, 0xfe, 0xd0, 0xf, 0xfe, 0xd, 0x28,
    0x14, 0x80, 0x7f, 0xf0, 0x69, 0x1, 0x8c, 0x3,
    0xff, 0x83, 0x6a, 0x96, 0x1, 0xff, 0xc2, 0xab,
    0x80, 0xf, 0xfe, 0x17, 0xfc, 0x60, 0x1f, 0xfc,
    0x5, 0x0, 0xac, 0x3, 0xff, 0x81, 0xe0, 0x12,
    0x80, 0x7f, 0xf0, 0x14, 0x2, 0x23, 0x0, 0xff,
    0x20, 0x7, 0x58, 0x7, 0xfb, 0x40, 0xc, 0x0,
    0x50, 0xf, 0xf3, 0x80, 0x2c, 0x40, 0x88, 0x1,
    0xf9, 0x4, 0x8, 0x88, 0x0, 0x50, 0xf, 0xda,
    0x0, 0x40, 0xf0, 0x5, 0x80, 0x7e, 0x70, 0x6,
    0x82, 0x0, 0xc, 0x40, 0x3c, 0x62, 0x0, 0x40,
    0x13, 0x0, 0x38, 0x7, 0xac, 0x0, 0x80, 0x12,
    0x0, 0x34, 0x3, 0xcc, 0x0, 0xc0, 0xb, 0x0,
    0x8, 0x20, 0x18, 0xc4, 0x1, 0x1f, 0xf5, 0x80,
    0x4e, 0x1, 0xac, 0x3, 0xfe, 0xd0, 0xc, 0xa0,
    0x1, 0x33, 0xe2, 0x0, 0x20, 0x4, 0x44, 0x0,
    0x6e, 0x67, 0x80, 0x25, 0x0, 0x50, 0x0, 0x4c,
    0x3, 0x84, 0xc0, 0x1e, 0x0, 0x50, 0x3, 0x80,
    0x7d, 0x40, 0x5, 0x2, 0x20, 0x3, 0x40, 0x3e,
    0x70, 0x9, 0x0,

    /* U+00C1 "Á" */
    0x0, 0xfe, 0x9f, 0xf7, 0x8, 0x7, 0xfc, 0x6c,
    0x3, 0x82, 0x1, 0xff, 0x70, 0x3, 0x48, 0x3,
    0xfe, 0x72, 0xc, 0x30, 0xf, 0xfe, 0x3, 0xff,
    0x8c, 0x3, 0xff, 0x83, 0xff, 0x18, 0x7, 0xff,
    0x1, 0x40, 0x2b, 0x0, 0xff, 0xe0, 0x78, 0x4,
    0xa0, 0x1f, 0xfc, 0x5, 0x0, 0x88, 0xc0, 0x3f,
    0xc8, 0x1, 0xd6, 0x1, 0xfe, 0xd0, 0x3, 0x0,
    0x14, 0x3, 0xfc, 0xe0, 0xb, 0x10, 0x22, 0x0,
    0x7e, 0x41, 0x2, 0x22, 0x0, 0x14, 0x3, 0xf6,
    0x80, 0x10, 0x3c, 0x1, 0x60, 0x1f, 0x9c, 0x1,
    0xa0, 0x80, 0x3, 0x10, 0xf, 0x18, 0x80, 0x10,
    0x4, 0xc0, 0xe, 0x1, 0xeb, 0x0, 0x20, 0x4,
    0x80, 0xd, 0x0, 0xf3, 0x0, 0x30, 0x2, 0xc0,
    0x2, 0x8, 0x6, 0x31, 0x0, 0x47, 0xfd, 0x60,
    0x13, 0x80, 0x6b, 0x0, 0xff, 0xb4, 0x3, 0x28,
    0x0, 0x4c, 0xf8, 0x80, 0x8, 0x1, 0x11, 0x0,
    0x1b, 0x99, 0xe0, 0x9, 0x40, 0x14, 0x0, 0x13,
    0x0, 0xe1, 0x30, 0x7, 0x80, 0x14, 0x0, 0xe0,
    0x1f, 0x50, 0x1, 0x40, 0x88, 0x0, 0xd0, 0xf,
    0x9c, 0x2, 0x40,

    /* U+00C2 "Â" */
    0x0, 0xf9, 0x21, 0x80, 0x3f, 0xf8, 0x2d, 0x6f,
    0x32, 0x0, 0xff, 0x9a, 0x41, 0x1, 0xa8, 0x3,
    0xf9, 0xe4, 0x1a, 0xe8, 0x16, 0xc0, 0x3f, 0x7b,
    0xcc, 0x81, 0x6d, 0xcc, 0x80, 0x3e, 0x88, 0x30,
    0x4, 0x91, 0x2, 0x0, 0xff, 0x7f, 0xc6, 0x1,
    0xff, 0xc0, 0x50, 0xa, 0xc0, 0x3f, 0xf8, 0x1e,
    0x1, 0x28, 0x7, 0xff, 0x1, 0x40, 0x22, 0x30,
    0xf, 0xf2, 0x0, 0x75, 0x80, 0x7f, 0xb4, 0x0,
    0xc0, 0x5, 0x0, 0xff, 0x38, 0x2, 0xc4, 0x8,
    0x80, 0x1f, 0x90, 0x40, 0x88, 0x80, 0x5, 0x0,
    0xfd, 0xa0, 0x4, 0xf, 0x0, 0x58, 0x7, 0xe7,
    0x0, 0x68, 0x20, 0x0, 0xc4, 0x3, 0xc6, 0x20,
    0x4, 0x1, 0x30, 0x3, 0x80, 0x7a, 0xc0, 0x8,
    0x1, 0x20, 0x3, 0x40, 0x3c, 0xc0, 0xc, 0x0,
    0xb0, 0x0, 0x82, 0x1, 0x8c, 0x40, 0x11, 0xff,
    0x58, 0x4, 0xe0, 0x1a, 0xc0, 0x3f, 0xed, 0x0,
    0xca, 0x0, 0x13, 0x3e, 0x20, 0x2, 0x0, 0x44,
    0x40, 0x6, 0xe6, 0x78, 0x2, 0x50, 0x5, 0x0,
    0x4, 0xc0, 0x38, 0x4c, 0x1, 0xe0, 0x5, 0x0,
    0x38, 0x7, 0xd4, 0x0, 0x50, 0x22, 0x0, 0x34,
    0x3, 0xe7, 0x0, 0x90,

    /* U+00C3 "Ã" */
    0x0, 0xe1, 0x42, 0x0, 0x85, 0x44, 0x3, 0xe4,
    0xeb, 0xdd, 0x32, 0x55, 0x1c, 0x3, 0xea, 0x0,
    0x8a, 0x6d, 0x1, 0xc0, 0x3c, 0x42, 0x7d, 0xc8,
    0x20, 0x2b, 0x10, 0xf, 0x17, 0xe0, 0x89, 0xf7,
    0xf5, 0x0, 0x3f, 0xfa, 0x1f, 0xf1, 0x80, 0x7f,
    0xf0, 0x14, 0x2, 0xb0, 0xf, 0xfe, 0x7, 0x80,
    0x4a, 0x1, 0xff, 0xc0, 0x50, 0x8, 0x8c, 0x3,
    0xfc, 0x80, 0x1d, 0x60, 0x1f, 0xed, 0x0, 0x30,
    0x1, 0x40, 0x3f, 0xce, 0x0, 0xb1, 0x2, 0x20,
    0x7, 0xe4, 0x10, 0x22, 0x20, 0x1, 0x40, 0x3f,
    0x68, 0x1, 0x3, 0xc0, 0x16, 0x1, 0xf9, 0xc0,
    0x1a, 0x8, 0x0, 0x31, 0x0, 0xf1, 0x88, 0x1,
    0x0, 0x4c, 0x0, 0xe0, 0x1e, 0xb0, 0x2, 0x0,
    0x48, 0x0, 0xd0, 0xf, 0x30, 0x3, 0x0, 0x2c,
    0x0, 0x20, 0x80, 0x63, 0x10, 0x4, 0x7f, 0xd6,
    0x1, 0x38, 0x6, 0xb0, 0xf, 0xfb, 0x40, 0x32,
    0x80, 0x4, 0xcf, 0x88, 0x0, 0x80, 0x11, 0x10,
    0x1, 0xb9, 0x9e, 0x0, 0x94, 0x1, 0x40, 0x1,
    0x30, 0xe, 0x13, 0x0, 0x78, 0x1, 0x40, 0xe,
    0x1, 0xf5, 0x0, 0x14, 0x8, 0x80, 0xd, 0x0,
    0xf9, 0xc0, 0x24,

    /* U+00C4 "Ä" */
    0x0, 0xd7, 0xf4, 0x1, 0x3f, 0xe0, 0x80, 0x78,
    0xd0, 0x14, 0x80, 0x10, 0x6, 0xe0, 0x1e, 0x31,
    0x3, 0x20, 0x2, 0x80, 0x10, 0x3, 0xee, 0xdc,
    0x0, 0xab, 0x7c, 0x80, 0x3f, 0x10, 0x7, 0x10,
    0x7, 0xff, 0x3, 0xfe, 0x30, 0xf, 0xfe, 0x2,
    0x80, 0x56, 0x1, 0xff, 0xc0, 0xf0, 0x9, 0x40,
    0x3f, 0xf8, 0xa, 0x1, 0x11, 0x80, 0x7f, 0x90,
    0x3, 0xac, 0x3, 0xfd, 0xa0, 0x6, 0x0, 0x28,
    0x7, 0xf9, 0xc0, 0x16, 0x20, 0x44, 0x0, 0xfc,
    0x82, 0x4, 0x44, 0x0, 0x28, 0x7, 0xed, 0x0,
    0x20, 0x78, 0x2, 0xc0, 0x3f, 0x38, 0x3, 0x41,
    0x0, 0x6, 0x20, 0x1e, 0x31, 0x0, 0x20, 0x9,
    0x80, 0x1c, 0x3, 0xd6, 0x0, 0x40, 0x9, 0x0,
    0x1a, 0x1, 0xe6, 0x0, 0x60, 0x5, 0x80, 0x4,
    0x10, 0xc, 0x62, 0x0, 0x8f, 0xfa, 0xc0, 0x27,
    0x0, 0xd6, 0x1, 0xff, 0x68, 0x6, 0x50, 0x0,
    0x99, 0xf1, 0x0, 0x10, 0x2, 0x22, 0x0, 0x37,
    0x33, 0xc0, 0x12, 0x80, 0x28, 0x0, 0x26, 0x1,
    0xc2, 0x60, 0xf, 0x0, 0x28, 0x1, 0xc0, 0x3e,
    0xa0, 0x2, 0x81, 0x10, 0x1, 0xa0, 0x1f, 0x38,
    0x4, 0x80,

    /* U+00C5 "Å" */
    0x0, 0xff, 0xe5, 0x9e, 0x7f, 0x28, 0x7, 0xff,
    0x3, 0x42, 0xde, 0x88, 0x3, 0xfc, 0x63, 0x9,
    0x20, 0x80, 0x1f, 0xe2, 0xe, 0x16, 0x2, 0x0,
    0xff, 0xd, 0x2f, 0x4b, 0xa0, 0x7, 0xfc, 0xbf,
    0x9d, 0x0, 0x1f, 0xfc, 0x1f, 0xce, 0x30, 0xf,
    0xfe, 0x2, 0x80, 0x56, 0x1, 0xff, 0xc0, 0xf0,
    0x9, 0x40, 0x3f, 0xf8, 0xa, 0x1, 0x11, 0x80,
    0x7f, 0x90, 0x3, 0xac, 0x3, 0xfd, 0xa0, 0x6,
    0x0, 0x28, 0x7, 0xf9, 0xc0, 0x16, 0x20, 0x44,
    0x0, 0xfc, 0x82, 0x4, 0x44, 0x0, 0x28, 0x7,
    0xed, 0x0, 0x20, 0x78, 0x2, 0xc0, 0x3f, 0x38,
    0x3, 0x41, 0x0, 0x6, 0x20, 0x1e, 0x31, 0x0,
    0x20, 0x9, 0x80, 0x1c, 0x3, 0xd6, 0x0, 0x40,
    0x9, 0x0, 0x1a, 0x1, 0xe6, 0x0, 0x60, 0x5,
    0x80, 0x4, 0x10, 0xc, 0x62, 0x0, 0x8f, 0xfa,
    0xc0, 0x27, 0x0, 0xd6, 0x1, 0xff, 0x68, 0x6,
    0x50, 0x0, 0x99, 0xf1, 0x0, 0x10, 0x2, 0x22,
    0x0, 0x37, 0x33, 0xc0, 0x12, 0x80, 0x28, 0x0,
    0x26, 0x1, 0xc2, 0x60, 0xf, 0x0, 0x28, 0x1,
    0xc0, 0x3e, 0xa0, 0x2, 0x81, 0x10, 0x1, 0xa0,
    0x1f, 0x38, 0x4, 0x80,

    /* U+00C6 "Æ" */
    0x0, 0xfa, 0x7f, 0xfe, 0xe0, 0xf, 0xce, 0x1,
    0xff, 0xc3, 0x41, 0x0, 0xca, 0xb3, 0x80, 0x7d,
    0xc0, 0x1d, 0x55, 0x48, 0x7, 0xca, 0x4, 0x1,
    0xff, 0xc1, 0x50, 0x2, 0x80, 0x7f, 0xf0, 0x78,
    0x1, 0x60, 0x1f, 0xfc, 0x1, 0x40, 0x31, 0x0,
    0xff, 0xe0, 0x38, 0x2, 0xcc, 0x2, 0xaa, 0x90,
    0x3, 0xa8, 0x0, 0xc0, 0x19, 0x56, 0x30, 0xc,
    0x26, 0x6, 0x20, 0x1f, 0xfc, 0x6, 0x0, 0x58,
    0x7, 0x7f, 0xce, 0x1, 0xac, 0x1, 0x3d, 0xe0,
    0x1f, 0xe2, 0x30, 0x0, 0x8c, 0x1, 0xfe, 0xa0,
    0xf, 0xfe, 0x22, 0x80, 0x33, 0xfd, 0xc0, 0x1f,
    0xc6, 0x40, 0x3, 0x0, 0xff, 0xe0, 0x58, 0x1,
    0x40, 0x3e, 0xaa, 0xc4, 0xc, 0x0, 0xc0, 0xf,
    0x95, 0x70, 0xa0, 0x80, 0x1c, 0x3, 0xff, 0x80,

    /* U+00C7 "Ç" */
    0x0, 0xcb, 0x7d, 0xfd, 0x8e, 0x1, 0xe1, 0xca,
    0x41, 0x1, 0x38, 0xe3, 0x0, 0xda, 0x60, 0x2,
    0x43, 0x0, 0xe, 0x90, 0x1, 0xcc, 0x1, 0x7b,
    0x79, 0x81, 0x1, 0x80, 0x4, 0x80, 0x21, 0x0,
    0x23, 0xb0, 0x2, 0x8a, 0x88, 0x1, 0xc0, 0x39,
    0x40, 0x24, 0xd0, 0x1, 0x80, 0x7d, 0x51, 0x6,
    0x20, 0x3, 0x0, 0x7c, 0xae, 0xe3, 0x10, 0x1,
    0x80, 0x7f, 0xce, 0x1, 0xff, 0xd1, 0x70, 0xf,
    0xfe, 0x89, 0x0, 0x8, 0x3, 0xe3, 0x44, 0xe,
    0x0, 0x10, 0x3, 0xec, 0xbb, 0x22, 0x80, 0x4c,
    0x1, 0xc8, 0x1, 0x20, 0x38, 0x2, 0xc, 0x2,
    0x29, 0x0, 0x20, 0x84, 0x10, 0xe, 0x5d, 0x5e,
    0x90, 0xc, 0x80, 0x58, 0x60, 0x4, 0x54, 0x0,
    0xe, 0x90, 0x4, 0x39, 0x28, 0x1, 0x1c, 0x71,
    0x80, 0x79, 0xac, 0x40, 0xfd, 0xc0, 0x3f, 0xc8,
    0x27, 0x88, 0x1, 0xfe, 0xac, 0x0, 0x68, 0x7,
    0xfc, 0xe0, 0x1, 0x0, 0xff, 0x6d, 0x0, 0xc8,
    0x7, 0xfc, 0x4d, 0x82, 0x1, 0x80,

    /* U+00C8 "È" */
    0x0, 0x45, 0xda, 0x40, 0x3f, 0xd2, 0xc8, 0xcc,
    0x0, 0xfe, 0x1f, 0x10, 0x91, 0x0, 0xfe, 0x2c,
    0x10, 0xa0, 0xf, 0xf1, 0x77, 0xd8, 0x7, 0xb3,
    0xff, 0xff, 0x80, 0x1, 0xff, 0xc6, 0x24, 0x4f,
    0xe0, 0xc, 0xb7, 0x7f, 0xc0, 0x1f, 0xff, 0x5,
    0xaa, 0xf9, 0xc0, 0x38, 0x95, 0x7e, 0xc0, 0xf,
    0xfe, 0x3b, 0xff, 0xfd, 0x60, 0x1f, 0xff, 0xf5,
    0xbb, 0xfe, 0x10, 0x8, 0x91, 0x3f, 0x8c, 0x3,
    0xff, 0x84,

    /* U+00C9 "É" */
    0x0, 0xfa, 0x3f, 0xdc, 0x40, 0x1f, 0x8d, 0xc0,
    0x70, 0x80, 0x3f, 0x78, 0x3, 0x48, 0x3, 0xf3,
    0x98, 0x59, 0x80, 0x7f, 0x3f, 0xf9, 0x0, 0x3b,
    0x3f, 0xff, 0xf8, 0x0, 0x1f, 0xfc, 0x62, 0x44,
    0xfe, 0x0, 0xcb, 0x77, 0xfc, 0x1, 0xff, 0xf0,
    0x5a, 0xaf, 0x9c, 0x3, 0x89, 0x57, 0xec, 0x0,
    0xff, 0xe3, 0xbf, 0xff, 0xd6, 0x1, 0xff, 0xff,
    0x5b, 0xbf, 0xe1, 0x0, 0x89, 0x13, 0xf8, 0xc0,
    0x3f, 0xf8, 0x40,

    /* U+00CA "Ê" */
    0x0, 0xe4, 0x86, 0x0, 0xff, 0x2d, 0xbc, 0xd0,
    0x7, 0xe6, 0xa0, 0x40, 0x5a, 0x0, 0xf3, 0x48,
    0x35, 0xd0, 0x2d, 0x80, 0x70, 0xbc, 0xc8, 0x16,
    0xdc, 0xc8, 0x3, 0x3c, 0x30, 0x4, 0x91, 0x2,
    0x0, 0x67, 0xff, 0xff, 0x0, 0x3, 0xff, 0x8c,
    0x48, 0x9f, 0xc0, 0x19, 0x6e, 0xff, 0x80, 0x3f,
    0xfe, 0xb, 0x55, 0xf3, 0x80, 0x71, 0x2a, 0xfd,
    0x80, 0x1f, 0xfc, 0x77, 0xff, 0xfa, 0xc0, 0x3f,
    0xff, 0xeb, 0x77, 0xfc, 0x20, 0x11, 0x22, 0x7f,
    0x18, 0x7, 0xff, 0x8,

    /* U+00CB "Ë" */
    0x0, 0x5f, 0xd0, 0x4, 0xff, 0xa2, 0x1, 0x1a,
    0x2, 0x90, 0x2, 0x0, 0x9c, 0x2, 0x32, 0x2,
    0x20, 0x1, 0x40, 0x8, 0x1, 0xb7, 0x60, 0xa,
    0xb7, 0x88, 0x3, 0x88, 0x3, 0x88, 0x40, 0x2c,
    0xff, 0xff, 0xe0, 0x0, 0x7f, 0xf1, 0x89, 0x13,
    0xf8, 0x3, 0x2d, 0xdf, 0xf0, 0x7, 0xff, 0xc1,
    0x6a, 0xbe, 0x70, 0xe, 0x25, 0x5f, 0xb0, 0x3,
    0xff, 0x8e, 0xff, 0xff, 0x58, 0x7, 0xff, 0xfd,
    0x6e, 0xff, 0x84, 0x2, 0x24, 0x4f, 0xe3, 0x0,
    0xff, 0xe1, 0x0,

    /* U+00CC "Ì" */
    0x4, 0xff, 0x90, 0x3, 0xf2, 0x50, 0x2, 0x80,
    0x3f, 0x96, 0x40, 0x64, 0x3, 0xf9, 0xa5, 0x8,
    0x40, 0x3f, 0x9a, 0xec, 0x20, 0x1c, 0xff, 0xff,
    0xf2, 0x0, 0x7f, 0xf0, 0x49, 0x12, 0x30, 0x9,
    0x13, 0x3a, 0xdd, 0xd2, 0x1, 0x5d, 0xe3, 0x0,
    0xff, 0xff, 0x80, 0x7f, 0xff, 0xc0, 0x3f, 0xf8,
    0xeb, 0x77, 0x48, 0x5, 0x77, 0x8c, 0x91, 0x23,
    0x0, 0x91, 0x33, 0x80, 0x7f, 0xf0, 0x40,

    /* U+00CD "Í" */
    0x0, 0xf1, 0xff, 0xcc, 0x1, 0xfb, 0x80, 0x10,
    0xc0, 0x1f, 0x39, 0x3, 0xb8, 0x3, 0xe2, 0x80,
    0x68, 0x0, 0xfc, 0x5f, 0xe9, 0x0, 0xe7, 0xff,
    0xff, 0x90, 0x3, 0xff, 0x82, 0x48, 0x91, 0x80,
    0x48, 0x99, 0xd6, 0xee, 0x90, 0xa, 0xef, 0x18,
    0x7, 0xff, 0xfc, 0x3, 0xff, 0xfe, 0x1, 0xff,
    0xc7, 0x5b, 0xba, 0x40, 0x2b, 0xbc, 0x64, 0x89,
    0x18, 0x4, 0x89, 0x9c, 0x3, 0xff, 0x82,

    /* U+00CE "Î" */
    0x0, 0xc3, 0x10, 0x10, 0xf, 0xc3, 0x8e, 0xef,
    0x20, 0xf, 0x17, 0x91, 0x43, 0x84, 0x1, 0x8b,
    0x4, 0xb3, 0x4, 0x38, 0x60, 0x13, 0xb3, 0xe0,
    0x8b, 0x21, 0x98, 0x1, 0x2c, 0x40, 0x40, 0x2,
    0xf0, 0xa0, 0x7, 0xff, 0xff, 0x90, 0x3, 0xff,
    0x82, 0x48, 0x91, 0x80, 0x48, 0x99, 0xd6, 0xee,
    0x90, 0xa, 0xef, 0x18, 0x7, 0xff, 0xfc, 0x3,
    0xff, 0xfe, 0x1, 0xff, 0xc7, 0x5b, 0xba, 0x40,
    0x2b, 0xbc, 0x64, 0x89, 0x18, 0x4, 0x89, 0x9c,
    0x3, 0xff, 0x82,

    /* U+00CF "Ï" */
    0x6, 0xfd, 0x20, 0x1, 0xf7, 0xa8, 0x5, 0x60,
    0x54, 0x0, 0xa1, 0x9, 0x0, 0x94, 0x1, 0x60,
    0xd, 0x0, 0x58, 0x5, 0x1b, 0xc6, 0x0, 0x4e,
    0xd7, 0x0, 0xc4, 0x20, 0x18, 0x48, 0x2, 0x7f,
    0xff, 0xf9, 0x0, 0x3f, 0xf8, 0x24, 0x89, 0x18,
    0x4, 0x89, 0x9d, 0x6e, 0xe9, 0x0, 0xae, 0xf1,
    0x80, 0x7f, 0xff, 0xc0, 0x3f, 0xff, 0xe0, 0x1f,
    0xfc, 0x75, 0xbb, 0xa4, 0x2, 0xbb, 0xc6, 0x48,
    0x91, 0x80, 0x48, 0x99, 0xc0, 0x3f, 0xf8, 0x20,

    /* U+00D0 "Ð" */
    0x0, 0xbb, 0xff, 0xba, 0xd4, 0x3, 0xff, 0x84,
    0x29, 0x5a, 0x60, 0x1f, 0xc6, 0xa8, 0x40, 0x2,
    0xc5, 0x0, 0xfd, 0x54, 0xbd, 0xc2, 0x0, 0x51,
    0x0, 0x7f, 0xc7, 0x82, 0x0, 0x90, 0xf, 0xfe,
    0x0, 0xd8, 0x1, 0x8, 0x3, 0xff, 0x80, 0xa2,
    0x0, 0x50, 0xf, 0xfe, 0xa, 0x80, 0x34, 0xd1,
    0x0, 0x17, 0xa2, 0x8, 0x2, 0x20, 0x0, 0xcd,
    0xd8, 0x40, 0xd, 0x76, 0x50, 0xf, 0x38, 0x7,
    0xff, 0x16, 0xbf, 0xc2, 0x0, 0x9f, 0xf3, 0x80,
    0x79, 0xc0, 0x3f, 0xf8, 0x24, 0x0, 0x10, 0xf,
    0xfe, 0xa, 0x80, 0x34, 0x3, 0xff, 0x80, 0xa2,
    0x0, 0x50, 0xf, 0xf8, 0x60, 0x0, 0x84, 0x1,
    0xfe, 0x3c, 0x20, 0x4, 0x80, 0x7d, 0x55, 0x6e,
    0x10, 0x2, 0x88, 0x3, 0xe3, 0x55, 0x10, 0x0,
    0x6d, 0x40, 0x3f, 0xe1, 0x49, 0xe4, 0x0, 0x80,

    /* U+00D1 "Ñ" */
    0x0, 0xc4, 0x82, 0x1, 0x22, 0x0, 0x3a, 0x76,
    0xfa, 0x91, 0x6a, 0xc0, 0x32, 0x30, 0x4, 0xb7,
    0x42, 0xa0, 0x1b, 0x2, 0x7f, 0x18, 0x41, 0x68,
    0x3, 0x47, 0xb0, 0x1c, 0xf7, 0xd0, 0x7, 0xff,
    0x14, 0xff, 0xe5, 0x0, 0xe6, 0xff, 0x70, 0x6,
    0x80, 0xf, 0xfe, 0x9, 0x20, 0x7, 0xff, 0x6,
    0x0, 0x3f, 0xf8, 0x26, 0x60, 0x8, 0x40, 0x3f,
    0xa0, 0x3, 0xfe, 0x20, 0x42, 0x0, 0xff, 0x58,
    0x2, 0x0, 0x3f, 0xc8, 0x40, 0xa4, 0x1, 0xfe,
    0x80, 0x5, 0x80, 0x7f, 0x94, 0x81, 0x84, 0x3,
    0xfd, 0x60, 0x9, 0x0, 0xfc, 0x60, 0xc2, 0xd,
    0xe0, 0x1f, 0xe9, 0x1, 0x60, 0xf, 0xf3, 0x80,
    0x4, 0x3, 0xfe, 0x70, 0xf, 0xfe, 0xc, 0x80,
    0x7f, 0xf0, 0x45, 0x80, 0x3f, 0xf8, 0x36, 0x1,
    0xff, 0xc1, 0x25, 0x0, 0x80,

    /* U+00D2 "Ò" */
    0x0, 0xa6, 0xec, 0xe0, 0x1f, 0xf5, 0xaa, 0x42,
    0x0, 0x7f, 0x8b, 0x40, 0x12, 0x1, 0xff, 0x1e,
    0x1, 0x40, 0x7, 0xfc, 0x7f, 0xe8, 0x0, 0xff,
    0xe6, 0xb6, 0x7f, 0xba, 0x90, 0x3, 0xc3, 0x92,
    0x60, 0x1, 0x5b, 0x90, 0xe, 0xc3, 0x0, 0x9,
    0x80, 0x4d, 0x20, 0x14, 0x10, 0x2, 0xbb, 0x3d,
    0x80, 0xc, 0x80, 0x7, 0x0, 0x42, 0x80, 0x52,
    0x80, 0xf, 0x5, 0x0, 0x9c, 0x3, 0xbc, 0x0,
    0x83, 0xa0, 0x3, 0x0, 0xf2, 0x0, 0x48, 0x40,
    0x5, 0x0, 0xf8, 0x80, 0x4, 0x20, 0x1, 0x0,
    0xf8, 0x40, 0x1e, 0xe0, 0x1f, 0xfd, 0x17, 0x0,
    0xff, 0xe1, 0x8, 0x0, 0x40, 0x3e, 0x10, 0x7,
    0x90, 0x0, 0x80, 0x3e, 0x20, 0x1, 0x68, 0x1,
    0x0, 0x3c, 0x80, 0x12, 0x28, 0x4, 0xe0, 0x1d,
    0xe0, 0x3, 0x10, 0x70, 0x4, 0x20, 0x5, 0x8,
    0x0, 0x80, 0x4, 0x10, 0x2, 0xf7, 0x39, 0xc0,
    0xc, 0x80, 0x16, 0x18, 0x0, 0x8c, 0x40, 0xd,
    0x20, 0x18, 0x72, 0x4c, 0x0, 0x2b, 0x92, 0x1,
    0x0,

    /* U+00D3 "Ó" */
    0x0, 0xfc, 0x91, 0x7, 0x10, 0xf, 0xe1, 0xa7,
    0x70, 0x88, 0x3, 0xfa, 0xc4, 0x21, 0x80, 0x3f,
    0x91, 0x41, 0xdc, 0x1, 0xfe, 0x27, 0x98, 0x0,
    0xff, 0x9a, 0x18, 0x3, 0xfc, 0xd9, 0xfe, 0xea,
    0x40, 0xf, 0xe, 0x49, 0x80, 0x5, 0x6e, 0x40,
    0x3b, 0xc, 0x0, 0x26, 0x1, 0x34, 0x80, 0x50,
    0x40, 0xa, 0xec, 0xf6, 0x0, 0x32, 0x0, 0x1c,
    0x1, 0xa, 0x1, 0x4a, 0x0, 0x3c, 0x14, 0x2,
    0x70, 0xe, 0xf0, 0x2, 0xe, 0x80, 0xc, 0x3,
    0xc8, 0x1, 0x21, 0x0, 0x14, 0x3, 0xe2, 0x0,
    0x10, 0x80, 0x4, 0x3, 0xe1, 0x0, 0x7b, 0x80,
    0x7f, 0xf4, 0x5c, 0x3, 0xff, 0x84, 0x20, 0x1,
    0x0, 0xf8, 0x40, 0x1e, 0x40, 0x2, 0x0, 0xf8,
    0x80, 0x5, 0xa0, 0x4, 0x0, 0xf2, 0x0, 0x48,
    0xa0, 0x13, 0x80, 0x77, 0x80, 0xc, 0x41, 0xc0,
    0x10, 0x80, 0x14, 0x20, 0x2, 0x0, 0x10, 0x40,
    0xb, 0xdc, 0xe7, 0x0, 0x32, 0x0, 0x58, 0x60,
    0x2, 0x31, 0x0, 0x34, 0x80, 0x61, 0xc9, 0x30,
    0x0, 0xae, 0x48, 0x4,

    /* U+00D4 "Ô" */
    0x0, 0xe2, 0xdf, 0xe2, 0x0, 0xfe, 0x4d, 0x21,
    0x16, 0xa0, 0x7, 0xcd, 0x60, 0xdc, 0xe1, 0x6e,
    0x1, 0xee, 0x7a, 0x90, 0x8a, 0x7f, 0x10, 0xe,
    0x88, 0x28, 0x4, 0xb1, 0x1, 0x0, 0xff, 0xe4,
    0xb6, 0x7f, 0xba, 0x90, 0x3, 0xc3, 0x92, 0x60,
    0x1, 0x5b, 0x90, 0xe, 0xc3, 0x0, 0x9, 0x80,
    0x4d, 0x20, 0x14, 0x10, 0x2, 0xbb, 0x3d, 0x80,
    0xc, 0x80, 0x7, 0x0, 0x42, 0x80, 0x52, 0x80,
    0xf, 0x5, 0x0, 0x9c, 0x3, 0xbc, 0x0, 0x83,
    0xa0, 0x3, 0x0, 0xf2, 0x0, 0x48, 0x40, 0x5,
    0x0, 0xf8, 0x80, 0x4, 0x20, 0x1, 0x0, 0xf8,
    0x40, 0x1e, 0xe0, 0x1f, 0xfd, 0x17, 0x0, 0xff,
    0xe1, 0x8, 0x0, 0x40, 0x3e, 0x10, 0x7, 0x90,
    0x0, 0x80, 0x3e, 0x20, 0x1, 0x68, 0x1, 0x0,
    0x3c, 0x80, 0x12, 0x28, 0x4, 0xe0, 0x1d, 0xe0,
    0x3, 0x10, 0x70, 0x4, 0x20, 0x5, 0x8, 0x0,
    0x80, 0x4, 0x10, 0x2, 0xf7, 0x39, 0xc0, 0xc,
    0x80, 0x16, 0x18, 0x0, 0x8c, 0x40, 0xd, 0x20,
    0x18, 0x72, 0x4c, 0x0, 0x2b, 0x92, 0x1, 0x0,

    /* U+00D5 "Õ" */
    0x0, 0xff, 0xe3, 0x16, 0x7e, 0xb9, 0x4, 0xfa,
    0x0, 0x76, 0x18, 0x14, 0x6f, 0xb0, 0x28, 0x6,
    0x41, 0x2a, 0x93, 0x0, 0xa8, 0x40, 0x32, 0x5f,
    0xab, 0x67, 0x67, 0xa8, 0x7, 0x90, 0x80, 0x21,
    0x30, 0xf, 0xfe, 0x63, 0x67, 0xfb, 0xa9, 0x0,
    0x3c, 0x39, 0x26, 0x0, 0x15, 0xb9, 0x0, 0xec,
    0x30, 0x0, 0x98, 0x4, 0xd2, 0x1, 0x41, 0x0,
    0x2b, 0xb3, 0xd8, 0x0, 0xc8, 0x0, 0x70, 0x4,
    0x28, 0x5, 0x28, 0x0, 0xf0, 0x50, 0x9, 0xc0,
    0x3b, 0xc0, 0x8, 0x3a, 0x0, 0x30, 0xf, 0x20,
    0x4, 0x84, 0x0, 0x50, 0xf, 0x88, 0x0, 0x42,
    0x0, 0x10, 0xf, 0x84, 0x1, 0xee, 0x1, 0xff,
    0xd1, 0x70, 0xf, 0xfe, 0x10, 0x80, 0x4, 0x3,
    0xe1, 0x0, 0x79, 0x0, 0x8, 0x3, 0xe2, 0x0,
    0x16, 0x80, 0x10, 0x3, 0xc8, 0x1, 0x22, 0x80,
    0x4e, 0x1, 0xde, 0x0, 0x31, 0x7, 0x0, 0x42,
    0x0, 0x50, 0x80, 0x8, 0x0, 0x41, 0x0, 0x2f,
    0x73, 0x9c, 0x0, 0xc8, 0x1, 0x61, 0x80, 0x8,
    0xc4, 0x0, 0xd2, 0x1, 0x87, 0x24, 0xc0, 0x2,
    0xb9, 0x20, 0x10,

    /* U+00D6 "Ö" */
    0x0, 0xc4, 0x1, 0xc4, 0x1, 0xe2, 0xed, 0xb0,
    0xb, 0x37, 0x84, 0x3, 0x38, 0x82, 0x0, 0x4,
    0xc0, 0x54, 0x3, 0x21, 0x83, 0x80, 0x5, 0x81,
    0x10, 0x1, 0x87, 0x3e, 0x0, 0x29, 0xfb, 0x0,
    0xff, 0xe5, 0x36, 0x7f, 0xba, 0x90, 0x3, 0xc3,
    0x92, 0x60, 0x1, 0x5b, 0x90, 0xe, 0xc3, 0x0,
    0x9, 0x80, 0x4d, 0x20, 0x14, 0x10, 0x2, 0xbb,
    0x3d, 0x80, 0xc, 0x80, 0x7, 0x0, 0x42, 0x80,
    0x52, 0x80, 0xf, 0x5, 0x0, 0x9c, 0x3, 0xbc,
    0x0, 0x83, 0xa0, 0x3, 0x0, 0xf2, 0x0, 0x48,
    0x40, 0x5, 0x0, 0xf8, 0x80, 0x4, 0x20, 0x1,
    0x0, 0xf8, 0x40, 0x1e, 0xe0, 0x1f, 0xfd, 0x17,
    0x0, 0xff, 0xe1, 0x8, 0x0, 0x40, 0x3e, 0x10,
    0x7, 0x90, 0x0, 0x80, 0x3e, 0x20, 0x1, 0x68,
    0x1, 0x0, 0x3c, 0x80, 0x12, 0x28, 0x4, 0xe0,
    0x1d, 0xe0, 0x3, 0x10, 0x70, 0x4, 0x20, 0x5,
    0x8, 0x0, 0x80, 0x4, 0x10, 0x2, 0xf7, 0x39,
    0xc0, 0xc, 0x80, 0x16, 0x18, 0x0, 0x8c, 0x40,
    0xd, 0x20, 0x18, 0x72, 0x4c, 0x0, 0x2b, 0x92,
    0x1, 0x0,

    /* U+00D7 "×" */
    0x0, 0x28, 0x7, 0xc6, 0x40, 0xc, 0xa6, 0x0,
    0xe3, 0xcc, 0x13, 0x98, 0x4b, 0x0, 0x47, 0x80,
    0x30, 0xec, 0x0, 0x96, 0x3, 0xc0, 0x1, 0xd0,
    0x4b, 0x0, 0x25, 0xf4, 0x0, 0x78, 0x1, 0x4b,
    0x0, 0x20, 0x40, 0xf0, 0x3, 0xa5, 0x40, 0x22,
    0xc0, 0xf, 0x12, 0x0, 0x44, 0xa0, 0x1c, 0x58,
    0x20, 0x1a, 0x94, 0x2, 0x2c, 0x10, 0x2e, 0x50,
    0x5, 0x20, 0x16, 0x8, 0x16, 0xd, 0x28, 0x2,
    0xd1, 0x2, 0x5, 0x82, 0x0, 0xa4, 0x0, 0x6b,
    0x49, 0x60, 0x80, 0x6b, 0x46, 0x90, 0x6d, 0x10,
    0xf, 0x5c, 0x80,

    /* U+00D8 "Ø" */
    0x0, 0xff, 0xe0, 0xe7, 0xb8, 0x7, 0x36, 0x7f,
    0xba, 0x8c, 0xe1, 0x70, 0x8, 0x76, 0x4c, 0x0,
    0x2b, 0x9a, 0x12, 0x1, 0xb0, 0x80, 0x2, 0x60,
    0x10, 0x89, 0xc0, 0x28, 0x20, 0x5, 0x76, 0x7b,
    0x0, 0x4, 0xc0, 0x27, 0x0, 0x4a, 0x80, 0x5c,
    0x1, 0x40, 0x1, 0x40, 0x26, 0x0, 0x86, 0x0,
    0x24, 0x10, 0xd0, 0x2, 0x0, 0x6b, 0x5, 0x0,
    0x90, 0xc, 0x0, 0x40, 0x12, 0x28, 0xd9, 0x0,
    0x8, 0x1c, 0x0, 0x20, 0x14, 0x84, 0x8, 0x80,
    0x1e, 0x1, 0xf3, 0x91, 0xb0, 0x7, 0xfc, 0x30,
    0x1e, 0x1, 0xff, 0xc0, 0xb0, 0x53, 0x0, 0xf9,
    0xc0, 0x4, 0x6a, 0x16, 0x1, 0x8, 0x3, 0xc0,
    0xc0, 0xd, 0xc1, 0x2, 0x1, 0x10, 0x0, 0x83,
    0x40, 0x6, 0x44, 0x70, 0x9, 0x0, 0x24, 0x5,
    0x0, 0xd2, 0x1, 0xbc, 0x0, 0x62, 0x0, 0x70,
    0xf, 0xa1, 0x0, 0x10, 0x1, 0x58, 0x5, 0x7b,
    0x9c, 0xe0, 0x6, 0x40, 0xb, 0xc0, 0x40, 0x4,
    0x62, 0x0, 0x69, 0x0, 0x94, 0xc7, 0xa4, 0xc0,
    0x2, 0xb7, 0x20, 0x1a, 0xc2, 0xc1, 0xb3, 0xfd,
    0xd4, 0x80, 0x18,

    /* U+00D9 "Ù" */
    0x0, 0xa3, 0xfd, 0xc2, 0x1, 0xfd, 0xc, 0x3,
    0x60, 0x1f, 0xe9, 0x50, 0x54, 0x0, 0xff, 0x53,
    0x26, 0x80, 0x7f, 0xd3, 0x72, 0x1, 0xc7, 0xff,
    0x8, 0x7, 0x27, 0xfc, 0x1, 0xff, 0xff, 0x0,
    0xff, 0xff, 0x80, 0x7f, 0xf5, 0x8, 0x2, 0x20,
    0xe, 0x30, 0x0, 0x8c, 0x0, 0xb0, 0xe, 0xb0,
    0x2, 0x3, 0x0, 0x1d, 0x0, 0x28, 0x30, 0x7,
    0x4, 0x10, 0x2, 0xf2, 0xf5, 0xc0, 0x8, 0x80,
    0x7, 0x90, 0x0, 0xd0, 0x80, 0x9, 0x60, 0x11,
    0x6c, 0x18, 0x0, 0x52, 0xac, 0x0,

    /* U+00DA "Ú" */
    0x0, 0xfd, 0x1f, 0xed, 0x20, 0xf, 0xc8, 0xe0,
    0x58, 0x40, 0x1f, 0xd, 0x1, 0xe0, 0x80, 0x7e,
    0x56, 0x8c, 0x10, 0xf, 0xe4, 0x87, 0x0, 0xe3,
    0xff, 0x84, 0x3, 0x93, 0xfe, 0x0, 0xff, 0xff,
    0x80, 0x7f, 0xff, 0xc0, 0x3f, 0xfa, 0x84, 0x1,
    0x10, 0x7, 0x18, 0x0, 0x46, 0x0, 0x58, 0x7,
    0x58, 0x1, 0x1, 0x80, 0xe, 0x80, 0x14, 0x18,
    0x3, 0x82, 0x8, 0x1, 0x79, 0x7a, 0xe0, 0x4,
    0x40, 0x3, 0xc8, 0x0, 0x68, 0x40, 0x4, 0xb0,
    0x8, 0xb6, 0xc, 0x0, 0x29, 0x56, 0x0,

    /* U+00DB "Û" */
    0x0, 0xf2, 0x43, 0x80, 0x7f, 0x9a, 0xde, 0x30,
    0x40, 0x3e, 0x99, 0x4, 0x11, 0xf9, 0x80, 0x75,
    0xb0, 0x5b, 0xea, 0xe, 0x18, 0x6, 0xbf, 0xf2,
    0x0, 0x2f, 0xfc, 0x60, 0x1f, 0xfc, 0x33, 0xff,
    0x84, 0x3, 0x93, 0xfe, 0x0, 0xff, 0xff, 0x80,
    0x7f, 0xff, 0xc0, 0x3f, 0xfa, 0x84, 0x1, 0x10,
    0x7, 0x18, 0x0, 0x46, 0x0, 0x58, 0x7, 0x58,
    0x1, 0x1, 0x80, 0xe, 0x80, 0x14, 0x18, 0x3,
    0x82, 0x8, 0x1, 0x79, 0x7a, 0xe0, 0x4, 0x40,
    0x3, 0xc8, 0x0, 0x68, 0x40, 0x4, 0xb0, 0x8,
    0xb6, 0xc, 0x0, 0x29, 0x56, 0x0,

    /* U+00DC "Ü" */
    0x0, 0xc4, 0x1, 0xc4, 0x20, 0x1d, 0xbb, 0x0,
    0x51, 0xbc, 0x60, 0x11, 0x10, 0x8, 0xc0, 0xa,
    0x0, 0x40, 0x8, 0x94, 0x10, 0xc0, 0x16, 0x4,
    0xa0, 0x1a, 0xbe, 0xc0, 0x26, 0xfd, 0x20, 0xf,
    0xfe, 0x19, 0xff, 0xc2, 0x1, 0xc9, 0xff, 0x0,
    0x7f, 0xff, 0xc0, 0x3f, 0xff, 0xe0, 0x1f, 0xfd,
    0x42, 0x0, 0x88, 0x3, 0x8c, 0x0, 0x23, 0x0,
    0x2c, 0x3, 0xac, 0x0, 0x80, 0xc0, 0x7, 0x40,
    0xa, 0xc, 0x1, 0xc1, 0x4, 0x0, 0xbc, 0xbd,
    0x70, 0x2, 0x20, 0x1, 0xe4, 0x0, 0x34, 0x20,
    0x2, 0x58, 0x4, 0x5b, 0x6, 0x0, 0x14, 0xab,
    0x0, 0x0,

    /* U+00DD "Ý" */
    0x0, 0xfe, 0x9d, 0xd5, 0x0, 0x7f, 0xf0, 0x15,
    0x88, 0x2c, 0x3, 0xfe, 0x1a, 0x3, 0xc1, 0x0,
    0xff, 0xa4, 0xd7, 0x44, 0x3, 0xff, 0x81, 0x19,
    0x42, 0x1, 0xe2, 0xff, 0x9c, 0x3, 0xe9, 0xff,
    0x84, 0x94, 0x1, 0x20, 0x1e, 0x16, 0x0, 0x38,
    0x84, 0x80, 0x5, 0x40, 0x39, 0x80, 0x29, 0x0,
    0x1a, 0x0, 0x24, 0x3, 0xa4, 0x0, 0xc2, 0x1,
    0x40, 0x0, 0xd0, 0x2, 0x51, 0x0, 0x40, 0x6,
    0x34, 0x0, 0x78, 0x5, 0x20, 0x6, 0x10, 0xe,
    0x80, 0x2, 0x10, 0x19, 0x80, 0x16, 0x1, 0xe3,
    0x30, 0x2, 0xc2, 0x40, 0xa, 0x40, 0x1f, 0x40,
    0x1, 0x8d, 0x40, 0x10, 0x1, 0xf9, 0xc, 0x1,
    0xa0, 0x5, 0x20, 0xf, 0xe8, 0x0, 0x8, 0x2,
    0x40, 0x3f, 0xc8, 0x40, 0x12, 0x18, 0x7, 0xfd,
    0x0, 0x14, 0x0, 0x7f, 0xf0, 0x18, 0x2, 0x30,
    0xf, 0xff, 0xf8, 0x7, 0xff, 0x54,

    /* U+00DE "Þ" */
    0xff, 0x94, 0x3, 0xff, 0xd7, 0x5f, 0xfb, 0x64,
    0xc0, 0x3f, 0xe2, 0x6c, 0xa0, 0xe, 0x35, 0x59,
    0x0, 0x25, 0xa0, 0xd, 0x35, 0x55, 0xfa, 0x80,
    0x14, 0xc0, 0x3f, 0xa8, 0x40, 0x16, 0x1, 0xfe,
    0x70, 0x1, 0x80, 0x7f, 0xf3, 0x10, 0x0, 0x60,
    0x1f, 0xd2, 0x40, 0xb, 0x0, 0xa6, 0xaa, 0xbe,
    0x60, 0x2, 0x98, 0x4, 0x6a, 0xb2, 0x8, 0x1,
    0xa8, 0x3, 0xf8, 0x9b, 0x24, 0x3, 0xab, 0xff,
    0x6c, 0x98, 0x7, 0xff, 0x84,

    /* U+00DF "ß" */
    0x0, 0xc8, 0xee, 0x61, 0x0, 0xf9, 0x3a, 0xe2,
    0x13, 0xd2, 0x1, 0xcb, 0x62, 0x1, 0xcd, 0x20,
    0x1a, 0xc0, 0x3, 0x14, 0x40, 0x6, 0x10, 0x2,
    0x88, 0x3, 0x1d, 0x7c, 0x2, 0x40, 0x6, 0x0,
    0x10, 0x80, 0x4, 0x20, 0x3, 0x0, 0x10, 0x0,
    0xc0, 0x30, 0x80, 0x8, 0x0, 0xe0, 0x1e, 0x60,
    0x0, 0xa0, 0x7, 0xf4, 0x0, 0x24, 0x3, 0xf9,
    0x44, 0x0, 0xe0, 0x1f, 0xc4, 0x0, 0x20, 0xf,
    0xf1, 0x0, 0x8, 0x80, 0x1f, 0xca, 0x20, 0xf,
    0x10, 0xf, 0xea, 0x0, 0x16, 0x8, 0x7, 0xe4,
    0xa0, 0x1, 0x68, 0x7, 0xf2, 0xd0, 0x0, 0xd4,
    0x3, 0xf9, 0x50, 0x1, 0xe0, 0x1f, 0xe2, 0x0,
    0xfc, 0x80, 0x19, 0xc0, 0x4, 0x1, 0xd7, 0xd7,
    0x5c, 0x20, 0xb, 0x0, 0xc6, 0x2, 0x8a, 0x20,
    0x7, 0x30, 0xc, 0x2a, 0x40, 0x1, 0x4b, 0x80,

    /* U+00E0 "à" */
    0x0, 0xe, 0xff, 0xa4, 0x3, 0xf8, 0x7c, 0x41,
    0x90, 0x3, 0xf8, 0xb0, 0x42, 0x40, 0x3f, 0xc5,
    0xa8, 0xca, 0x1, 0xfe, 0x3b, 0xb2, 0x80, 0x7f,
    0xf2, 0x8a, 0x77, 0xfd, 0xd6, 0xa0, 0x1c, 0xda,
    0xc4, 0x0, 0x14, 0xac, 0x10, 0x2, 0x48, 0x0,
    0x9d, 0xc8, 0x0, 0x3b, 0x0, 0x78, 0x1, 0x36,
    0x21, 0x70, 0x0, 0x51, 0xd, 0x88, 0x80, 0x33,
    0x80, 0x4a, 0xc, 0xee, 0x30, 0xe, 0x10, 0x0,
    0x80, 0x4b, 0x5d, 0xff, 0x84, 0x3, 0xae, 0x94,
    0x40, 0x3f, 0xa5, 0x0, 0x67, 0x7f, 0xe1, 0x0,
    0xcc, 0x0, 0xa6, 0x20, 0xf, 0x88, 0x2, 0x50,
    0xe, 0x10, 0x8, 0xc0, 0x26, 0x0, 0x86, 0xc0,
    0x30, 0x98, 0x2, 0x32, 0xaf, 0x90, 0x2, 0x30,
    0xe1, 0x0, 0x1a, 0xa0, 0x11, 0x0, 0x1c, 0x5,
    0xee, 0x40, 0x2, 0x8d, 0x40, 0x2, 0x0,

    /* U+00E1 "á" */
    0x0, 0xfd, 0xbf, 0xea, 0x0, 0xfe, 0x82, 0x4,
    0xa0, 0xf, 0xc4, 0xe0, 0x56, 0x1, 0xfd, 0x20,
    0x58, 0x1, 0xfe, 0xae, 0xd1, 0x0, 0xff, 0x8,
    0x80, 0x3f, 0x8a, 0x77, 0xfd, 0xd6, 0xa0, 0x1c,
    0xda, 0xc4, 0x0, 0x14, 0xac, 0x10, 0x2, 0x48,
    0x0, 0x9d, 0xc8, 0x0, 0x3b, 0x0, 0x78, 0x1,
    0x36, 0x21, 0x70, 0x0, 0x51, 0xd, 0x88, 0x80,
    0x33, 0x80, 0x4a, 0xc, 0xee, 0x30, 0xe, 0x10,
    0x0, 0x80, 0x4b, 0x5d, 0xff, 0x84, 0x3, 0xae,
    0x94, 0x40, 0x3f, 0xa5, 0x0, 0x67, 0x7f, 0xe1,
    0x0, 0xcc, 0x0, 0xa6, 0x20, 0xf, 0x88, 0x2,
    0x50, 0xe, 0x10, 0x8, 0xc0, 0x26, 0x0, 0x86,
    0xc0, 0x30, 0x98, 0x2, 0x32, 0xaf, 0x90, 0x2,
    0x30, 0xe1, 0x0, 0x1a, 0xa0, 0x11, 0x0, 0x1c,
    0x5, 0xee, 0x40, 0x2, 0x8d, 0x40, 0x2, 0x0,

    /* U+00E2 "â" */
    0x0, 0xe4, 0xff, 0x60, 0x80, 0x7e, 0x5b, 0x0,
    0x1e, 0x10, 0x7, 0x9e, 0x81, 0xf8, 0xcb, 0xc,
    0x3, 0x16, 0xac, 0xc0, 0xe3, 0x25, 0x0, 0x62,
    0xaa, 0x30, 0x5, 0x35, 0x20, 0x1f, 0xfc, 0x72,
    0x9d, 0xff, 0x75, 0xa8, 0x7, 0x36, 0xb1, 0x0,
    0x5, 0x2b, 0x4, 0x0, 0x92, 0x0, 0x27, 0x72,
    0x0, 0xe, 0xc0, 0x1e, 0x0, 0x4d, 0x88, 0x5c,
    0x0, 0x14, 0x43, 0x62, 0x20, 0xc, 0xe0, 0x12,
    0x83, 0x3b, 0x8c, 0x3, 0x84, 0x0, 0x20, 0x12,
    0xd7, 0x7f, 0xe1, 0x0, 0xeb, 0xa5, 0x10, 0xf,
    0xe9, 0x40, 0x19, 0xdf, 0xf8, 0x40, 0x33, 0x0,
    0x29, 0x88, 0x3, 0xe2, 0x0, 0x94, 0x3, 0x84,
    0x2, 0x30, 0x9, 0x80, 0x21, 0xb0, 0xc, 0x26,
    0x0, 0x8c, 0xab, 0xe4, 0x0, 0x8c, 0x38, 0x40,
    0x6, 0xa8, 0x4, 0x40, 0x7, 0x1, 0x7b, 0x90,
    0x0, 0xa3, 0x50, 0x0, 0x80,

    /* U+00E3 "ã" */
    0x0, 0xff, 0x8, 0x7, 0x93, 0x7f, 0x18, 0x45,
    0xbe, 0x20, 0x11, 0x59, 0x1, 0xcf, 0x70, 0xc8,
    0x40, 0x25, 0x4, 0xa8, 0x20, 0x0, 0xf0, 0x6,
    0x6b, 0xa5, 0x7d, 0xd6, 0x71, 0x80, 0x61, 0x41,
    0x0, 0x88, 0xc0, 0x3f, 0xf9, 0x25, 0x3b, 0xfe,
    0xeb, 0x50, 0xe, 0x6d, 0x62, 0x0, 0xa, 0x56,
    0x8, 0x1, 0x24, 0x0, 0x4e, 0xe4, 0x0, 0x1d,
    0x80, 0x3c, 0x0, 0x9b, 0x10, 0xb8, 0x0, 0x28,
    0x86, 0xc4, 0x40, 0x19, 0xc0, 0x25, 0x6, 0x77,
    0x18, 0x7, 0x8, 0x0, 0x40, 0x25, 0xae, 0xff,
    0xc2, 0x1, 0xd7, 0x4a, 0x20, 0x1f, 0xd2, 0x80,
    0x33, 0xbf, 0xf0, 0x80, 0x66, 0x0, 0x53, 0x10,
    0x7, 0xc4, 0x1, 0x28, 0x7, 0x8, 0x4, 0x60,
    0x13, 0x0, 0x43, 0x60, 0x18, 0x4c, 0x1, 0x19,
    0x57, 0xc8, 0x1, 0x18, 0x70, 0x80, 0xd, 0x50,
    0x8, 0x80, 0xe, 0x2, 0xf7, 0x20, 0x1, 0x46,
    0xa0, 0x1, 0x0,

    /* U+00E4 "ä" */
    0x0, 0x17, 0x7a, 0x80, 0x57, 0xf2, 0x1, 0xa8,
    0x42, 0x0, 0x8, 0x80, 0x61, 0x0, 0xb0, 0x0,
    0xa0, 0x5, 0x10, 0x31, 0x0, 0x93, 0xb6, 0x0,
    0x3, 0xdb, 0x80, 0x1c, 0x24, 0x1, 0xc4, 0x1,
    0xff, 0xc8, 0x29, 0xdf, 0xf7, 0x5a, 0x80, 0x73,
    0x6b, 0x10, 0x0, 0x52, 0xb0, 0x40, 0x9, 0x20,
    0x2, 0x77, 0x20, 0x0, 0xec, 0x1, 0xe0, 0x4,
    0xd8, 0x85, 0xc0, 0x1, 0x44, 0x36, 0x22, 0x0,
    0xce, 0x1, 0x28, 0x33, 0xb8, 0xc0, 0x38, 0x40,
    0x2, 0x1, 0x2d, 0x77, 0xfe, 0x10, 0xe, 0xba,
    0x51, 0x0, 0xfe, 0x94, 0x1, 0x9d, 0xff, 0x84,
    0x3, 0x30, 0x2, 0x98, 0x80, 0x3e, 0x20, 0x9,
    0x40, 0x38, 0x40, 0x23, 0x0, 0x98, 0x2, 0x1b,
    0x0, 0xc2, 0x60, 0x8, 0xca, 0xbe, 0x40, 0x8,
    0xc3, 0x84, 0x0, 0x6a, 0x80, 0x44, 0x0, 0x70,
    0x17, 0xb9, 0x0, 0xa, 0x35, 0x0, 0x8,

    /* U+00E5 "å" */
    0x0, 0xff, 0xe3, 0xb7, 0x7e, 0x10, 0x7, 0xe3,
    0x96, 0xb0, 0xf0, 0xf, 0xd6, 0x10, 0x92, 0x42,
    0x1, 0xf6, 0x82, 0x8f, 0x80, 0x80, 0x7c, 0xad,
    0x5c, 0x96, 0x1, 0xfd, 0x3d, 0x9c, 0x80, 0x1f,
    0xe1, 0x30, 0xf, 0xe2, 0x9d, 0xff, 0x75, 0xa8,
    0x7, 0x36, 0xb1, 0x0, 0x5, 0x2b, 0x4, 0x0,
    0x92, 0x0, 0x27, 0x72, 0x0, 0xe, 0xc0, 0x1e,
    0x0, 0x4d, 0x88, 0x5c, 0x0, 0x14, 0x43, 0x62,
    0x20, 0xc, 0xe0, 0x12, 0x83, 0x3b, 0x8c, 0x3,
    0x84, 0x0, 0x20, 0x12, 0xd7, 0x7f, 0xe1, 0x0,
    0xeb, 0xa5, 0x10, 0xf, 0xe9, 0x40, 0x19, 0xdf,
    0xf8, 0x40, 0x33, 0x0, 0x29, 0x88, 0x3, 0xe2,
    0x0, 0x94, 0x3, 0x84, 0x2, 0x30, 0x9, 0x80,
    0x21, 0xb0, 0xc, 0x26, 0x0, 0x8c, 0xab, 0xe4,
    0x0, 0x8c, 0x38, 0x40, 0x6, 0xa8, 0x4, 0x40,
    0x7, 0x1, 0x7b, 0x90, 0x0, 0xa3, 0x50, 0x0,
    0x80,

    /* U+00E6 "æ" */
    0x0, 0x1d, 0x77, 0xf4, 0x8b, 0x6f, 0xfa, 0xcc,
    0x2, 0x3c, 0x51, 0x1, 0x6e, 0x92, 0x0, 0x26,
    0x18, 0x3, 0xc0, 0x2, 0xa2, 0x1, 0x94, 0x80,
    0x1e, 0x0, 0x30, 0x6, 0x56, 0x80, 0x59, 0x5a,
    0x20, 0x64, 0x1b, 0xb1, 0x1, 0x0, 0x4, 0xc0,
    0xa, 0x0, 0x60, 0x22, 0x80, 0x38, 0xc0, 0x3c,
    0x20, 0x1, 0x8c, 0xfe, 0x0, 0x17, 0xfc, 0x80,
    0x18, 0xfd, 0xcc, 0x3, 0xff, 0x83, 0xc2, 0x0,
    0x79, 0x0, 0xd, 0x57, 0x90, 0xc8, 0x1, 0x90,
    0xe0, 0x3, 0x55, 0xf0, 0xa8, 0x0, 0x4c, 0x3,
    0x10, 0x7, 0xc6, 0x0, 0x11, 0x0, 0x73, 0x80,
    0x61, 0x4, 0x0, 0xbe, 0xb0, 0x2, 0x8c, 0xab,
    0xf8, 0x1, 0x60, 0x0, 0xa9, 0xb, 0x0, 0xd,
    0x50, 0x10, 0x1, 0x32, 0x20, 0x15, 0xf9, 0x91,
    0x80, 0x9, 0x78, 0x0,

    /* U+00E7 "ç" */
    0x0, 0xcb, 0x7d, 0xfe, 0xc6, 0x0, 0xe1, 0xca,
    0x41, 0x0, 0x1c, 0xe9, 0x0, 0x5a, 0x60, 0x3,
    0x53, 0x0, 0x17, 0x80, 0x18, 0xc0, 0x15, 0x95,
    0x96, 0x0, 0x26, 0xb, 0x0, 0x32, 0x80, 0x48,
    0xe0, 0xc, 0x12, 0x0, 0x50, 0x7, 0x54, 0x43,
    0xc8, 0x2, 0x20, 0xe, 0x27, 0x72, 0xb8, 0x4,
    0x20, 0x1f, 0xce, 0x1, 0xff, 0xc1, 0x20, 0x8,
    0xc0, 0x3f, 0x84, 0x80, 0x16, 0x1, 0xcd, 0xfe,
    0xb0, 0xb0, 0x3, 0xa0, 0x4, 0x50, 0x0, 0xc0,
    0x63, 0x0, 0x5d, 0xa6, 0xf4, 0x40, 0x9c, 0x1,
    0xa6, 0x0, 0x46, 0x40, 0x1, 0xe0, 0x4, 0x39,
    0x48, 0x1, 0x24, 0xe0, 0x80, 0x72, 0xd9, 0x81,
    0x7b, 0x0, 0x7f, 0x30, 0x95, 0xa8, 0x7, 0xf5,
    0x78, 0x3, 0x80, 0x3f, 0xc4, 0x0, 0x10, 0xf,
    0xeb, 0xc0, 0x4, 0x80, 0x7f, 0x85, 0x74, 0xc0,
    0x20,

    /* U+00E8 "è" */
    0x0, 0xe, 0xff, 0xa4, 0x3, 0xfc, 0x38, 0x20,
    0xc8, 0x1, 0xfe, 0x1c, 0x10, 0x90, 0xf, 0xf8,
    0xb1, 0x19, 0x40, 0x3f, 0xe2, 0xbb, 0x28, 0x7,
    0xff, 0x35, 0x2b, 0xbf, 0xd8, 0xe0, 0x1f, 0x55,
    0xa8, 0x80, 0xe, 0x34, 0x80, 0x35, 0x28, 0x0,
    0x95, 0x0, 0x5, 0xe0, 0x12, 0xa8, 0x1, 0x3b,
    0x57, 0x82, 0x4, 0xe0, 0x8, 0x0, 0x33, 0x0,
    0x23, 0xb0, 0x5, 0x0, 0x90, 0x2, 0xc0, 0x39,
    0x0, 0x4, 0x2a, 0x1, 0x6f, 0xff, 0x70, 0x4,
    0x42, 0x1, 0xff, 0xc2, 0x10, 0x9, 0xdf, 0xfc,
    0x4c, 0x1, 0x5c, 0x47, 0xf0, 0x90, 0x80, 0x24,
    0x3, 0xe2, 0x0, 0xa4, 0x0, 0xb2, 0x1, 0x86,
    0xf0, 0xc0, 0xe, 0x80, 0x6, 0xeb, 0xac, 0xe4,
    0x18, 0x0, 0xad, 0x40, 0x2, 0x8a, 0x60, 0x5,
    0xb0, 0xd, 0x58, 0xc4, 0x0, 0x15, 0xca, 0x0,
    0x0,

    /* U+00E9 "é" */
    0x0, 0xfd, 0xbf, 0xeb, 0x0, 0xff, 0x39, 0x1,
    0xd8, 0x7, 0xf1, 0x40, 0x16, 0x80, 0x7f, 0xa4,
    0xb, 0x4, 0x3, 0xfd, 0x5d, 0xa2, 0x1, 0xff,
    0x8, 0x80, 0x3f, 0xe4, 0xae, 0xff, 0x63, 0x80,
    0x7d, 0x56, 0xa2, 0x0, 0x38, 0xd2, 0x0, 0xd4,
    0xa0, 0x2, 0x54, 0x0, 0x17, 0x80, 0x4a, 0xa0,
    0x4, 0xed, 0x5e, 0x8, 0x13, 0x80, 0x20, 0x0,
    0xcc, 0x0, 0x8e, 0xc0, 0x14, 0x2, 0x40, 0xb,
    0x0, 0xe4, 0x0, 0x10, 0xa8, 0x5, 0xbf, 0xfd,
    0xc0, 0x11, 0x8, 0x7, 0xff, 0x8, 0x40, 0x27,
    0x7f, 0xf1, 0x30, 0x5, 0x71, 0x1f, 0xc2, 0x42,
    0x0, 0x90, 0xf, 0x88, 0x2, 0x90, 0x2, 0xc8,
    0x6, 0x1b, 0xc3, 0x0, 0x3a, 0x0, 0x1b, 0xae,
    0xb3, 0x90, 0x60, 0x2, 0xb5, 0x0, 0xa, 0x29,
    0x80, 0x16, 0xc0, 0x35, 0x63, 0x10, 0x0, 0x57,
    0x28, 0x0,

    /* U+00EA "ê" */
    0x0, 0xe4, 0xff, 0x60, 0x80, 0x7f, 0x2d, 0x80,
    0xf, 0x8, 0x3, 0xe7, 0xa0, 0x7e, 0x32, 0xc3,
    0x0, 0xe2, 0xd5, 0x98, 0x1c, 0x64, 0xa0, 0xe,
    0x2a, 0xa3, 0x0, 0x53, 0x52, 0x1, 0xff, 0xca,
    0x4a, 0xef, 0xf6, 0x38, 0x7, 0xd5, 0x6a, 0x20,
    0x3, 0x8d, 0x20, 0xd, 0x4a, 0x0, 0x25, 0x40,
    0x1, 0x78, 0x4, 0xaa, 0x0, 0x4e, 0xd5, 0xe0,
    0x81, 0x38, 0x2, 0x0, 0xc, 0xc0, 0x8, 0xec,
    0x1, 0x40, 0x24, 0x0, 0xb0, 0xe, 0x40, 0x1,
    0xa, 0x80, 0x5b, 0xff, 0xdc, 0x1, 0x10, 0x80,
    0x7f, 0xf0, 0x84, 0x2, 0x77, 0xff, 0x13, 0x0,
    0x57, 0x11, 0xfc, 0x24, 0x20, 0x9, 0x0, 0xf8,
    0x80, 0x29, 0x0, 0x2c, 0x80, 0x61, 0xbc, 0x30,
    0x3, 0xa0, 0x1, 0xba, 0xeb, 0x39, 0x6, 0x0,
    0x2b, 0x50, 0x0, 0xa2, 0x98, 0x1, 0x6c, 0x3,
    0x56, 0x31, 0x0, 0x5, 0x72, 0x80, 0x0,

    /* U+00EB "ë" */
    0x0, 0x17, 0x7a, 0x80, 0x57, 0xf2, 0x1, 0xd4,
    0x21, 0x0, 0x4, 0x40, 0x30, 0x80, 0x6c, 0x0,
    0x28, 0x1, 0x44, 0xc, 0x40, 0x32, 0x76, 0xc0,
    0x0, 0x7b, 0x70, 0x3, 0xc2, 0x40, 0x1c, 0x40,
    0x1f, 0xfc, 0xb4, 0xae, 0xff, 0x63, 0x80, 0x7d,
    0x56, 0xa2, 0x0, 0x38, 0xd2, 0x0, 0xd4, 0xa0,
    0x2, 0x54, 0x0, 0x17, 0x80, 0x4a, 0xa0, 0x4,
    0xed, 0x5e, 0x8, 0x13, 0x80, 0x20, 0x0, 0xcc,
    0x0, 0x8e, 0xc0, 0x14, 0x2, 0x40, 0xb, 0x0,
    0xe4, 0x0, 0x10, 0xa8, 0x5, 0xbf, 0xfd, 0xc0,
    0x11, 0x8, 0x7, 0xff, 0x8, 0x40, 0x27, 0x7f,
    0xf1, 0x30, 0x5, 0x71, 0x1f, 0xc2, 0x42, 0x0,
    0x90, 0xf, 0x88, 0x2, 0x90, 0x2, 0xc8, 0x6,
    0x1b, 0xc3, 0x0, 0x3a, 0x0, 0x1b, 0xae, 0xb3,
    0x90, 0x60, 0x2, 0xb5, 0x0, 0xa, 0x29, 0x80,
    0x16, 0xc0, 0x35, 0x63, 0x10, 0x0, 0x57, 0x28,
    0x0,

    /* U+00EC "ì" */
    0x0, 0x1f, 0xfc, 0xc0, 0x1f, 0xc7, 0x60, 0x9,
    0x10, 0xf, 0xe4, 0xb0, 0x5, 0x80, 0x7f, 0x92,
    0x90, 0x48, 0x3, 0xfc, 0xb7, 0x62, 0x0, 0xe4,
    0xff, 0xfa, 0xc0, 0x3f, 0xf8, 0xec, 0x89, 0x84,
    0x3, 0xf1, 0x5d, 0xe7, 0x0, 0xff, 0xff, 0x80,
    0x7f, 0xf8, 0x4a, 0xef, 0x38, 0x1, 0x6e, 0xf1,
    0x32, 0x26, 0x10, 0x0, 0xa2, 0x61, 0x0, 0xff,
    0xe1, 0x0,

    /* U+00ED "í" */
    0x0, 0xf8, 0xbf, 0xe6, 0x0, 0xfe, 0xf0, 0x5,
    0x30, 0x7, 0xe9, 0x20, 0xb5, 0x0, 0xfe, 0xe8,
    0xc4, 0x0, 0xff, 0x3b, 0x8c, 0x3, 0x93, 0xff,
    0xeb, 0x0, 0xff, 0xe3, 0xb2, 0x26, 0x10, 0xf,
    0xc5, 0x77, 0x9c, 0x3, 0xff, 0xfe, 0x1, 0xff,
    0xe1, 0x2b, 0xbc, 0xe0, 0x5, 0xbb, 0xc4, 0xc8,
    0x98, 0x40, 0x2, 0x89, 0x84, 0x3, 0xff, 0x84,

    /* U+00EE "î" */
    0x0, 0xe6, 0xff, 0x50, 0x7, 0xf4, 0x48, 0x1,
    0x6c, 0x3, 0xea, 0x70, 0x9c, 0x14, 0xd1, 0x0,
    0xca, 0x29, 0x6c, 0x78, 0xad, 0x20, 0x19, 0x6e,
    0xc8, 0x0, 0x2a, 0xb8, 0x0, 0xff, 0xe2, 0x27,
    0xff, 0xd6, 0x1, 0xff, 0xc7, 0x64, 0x4c, 0x20,
    0x1f, 0x8a, 0xef, 0x38, 0x7, 0xff, 0xfc, 0x3,
    0xff, 0xc2, 0x57, 0x79, 0xc0, 0xb, 0x77, 0x89,
    0x91, 0x30, 0x80, 0x5, 0x13, 0x8, 0x7, 0xff,
    0x8,

    /* U+00EF "ï" */
    0x0, 0x2f, 0xf1, 0x80, 0xb, 0x7d, 0x80, 0x34,
    0x80, 0xd0, 0x2, 0x88, 0x2c, 0x3, 0x58, 0x3,
    0x40, 0x16, 0x0, 0x50, 0xc, 0xfb, 0xc8, 0x0,
    0x3e, 0xd8, 0x0, 0xe2, 0x10, 0xc, 0x24, 0x1,
    0x27, 0xff, 0xd6, 0x1, 0xff, 0xc7, 0x64, 0x4c,
    0x20, 0x1f, 0x8a, 0xef, 0x38, 0x7, 0xff, 0xfc,
    0x3, 0xff, 0xc2, 0x57, 0x79, 0xc0, 0xb, 0x77,
    0x89, 0x91, 0x30, 0x80, 0x5, 0x13, 0x8, 0x7,
    0xff, 0x8,

    /* U+00F0 "ð" */
    0x0, 0xf4, 0x5a, 0x80, 0x42, 0xa0, 0x1f, 0x32,
    0x56, 0x13, 0x7d, 0x28, 0x7, 0x10, 0x80, 0xf,
    0x64, 0x61, 0x40, 0x38, 0xbd, 0x0, 0x35, 0xb8,
    0x7, 0x86, 0x90, 0x3, 0x40, 0x7, 0x87, 0x94,
    0xae, 0x80, 0x6, 0xc0, 0x1c, 0x31, 0x3a, 0x8a,
    0xa0, 0x5, 0x80, 0x78, 0xc6, 0x1c, 0xa4, 0x0,
    0x46, 0x1, 0x37, 0x5c, 0x3c, 0x6c, 0x88, 0x1,
    0x0, 0x11, 0x22, 0x1, 0xca, 0x20, 0xd, 0x4,
    0x70, 0x2, 0x6f, 0xf5, 0xa8, 0x4, 0xc1, 0x0,
    0x3, 0xb2, 0x1, 0x4a, 0x60, 0x0, 0x88, 0xc0,
    0x12, 0x1, 0xef, 0x0, 0x88, 0x2, 0x40, 0xf,
    0x8, 0x4, 0xe0, 0x10, 0x80, 0x7b, 0xc0, 0xc,
    0xc0, 0x8, 0x80, 0x3c, 0x80, 0x3, 0x21, 0x0,
    0x58, 0x7, 0x19, 0x80, 0x16, 0xc, 0x0, 0x66,
    0x0, 0x45, 0xa0, 0x4, 0x30, 0x83, 0x0, 0x4e,
    0xd5, 0xe8, 0x80, 0xd0, 0x5, 0xa8, 0x0, 0x25,
    0x40, 0x1, 0x60, 0x80, 0x43, 0x74, 0x82, 0x0,
    0x39, 0xd2, 0x0, 0x0,

    /* U+00F1 "ñ" */
    0x0, 0xfe, 0x10, 0xe, 0x4d, 0xfc, 0x61, 0x16,
    0x78, 0x80, 0xa, 0xc8, 0xe, 0x7b, 0x84, 0x41,
    0x0, 0x50, 0x25, 0x41, 0x0, 0x7, 0xc0, 0x29,
    0xba, 0x57, 0xdd, 0x67, 0x10, 0x4, 0x28, 0x20,
    0x11, 0x18, 0x7, 0xff, 0x17, 0xbf, 0xc2, 0xf,
    0xbf, 0xec, 0x50, 0xe, 0x4d, 0x82, 0x0, 0x1d,
    0x48, 0x6, 0xa2, 0x22, 0x18, 0x4, 0xc6, 0x1,
    0xab, 0x6f, 0x34, 0x2, 0xa0, 0xa, 0x14, 0x2,
    0x27, 0x0, 0x28, 0x4, 0x20, 0x1d, 0xc0, 0x2,
    0x0, 0xff, 0xff, 0x80, 0x7f, 0xf7, 0x80,

    /* U+00F2 "ò" */
    0x0, 0xb3, 0xfd, 0x60, 0x1f, 0xf6, 0x90, 0x22,
    0x80, 0x7f, 0x87, 0x8, 0x2c, 0x40, 0x3f, 0xc3,
    0x88, 0xae, 0x1, 0xff, 0xd, 0xd9, 0x80, 0x3f,
    0xf9, 0xad, 0x9f, 0xee, 0xb5, 0x0, 0xf1, 0x6c,
    0x98, 0x0, 0x52, 0xac, 0x3, 0xe, 0x10, 0x0,
    0xd4, 0x80, 0x9, 0x80, 0x14, 0x8, 0x3, 0x31,
    0x5b, 0x20, 0x3, 0x60, 0x3, 0x0, 0x24, 0xc0,
    0x26, 0x50, 0x5, 0x2, 0x0, 0x4c, 0x1, 0xdc,
    0x0, 0x31, 0x30, 0x1, 0x0, 0x79, 0x40, 0x22,
    0x0, 0x84, 0x3, 0xc2, 0x1, 0x38, 0x4, 0x20,
    0x1e, 0x10, 0x9, 0xcc, 0x0, 0x40, 0x1e, 0x50,
    0x8, 0x94, 0x2, 0x60, 0xe, 0xd0, 0x1, 0x8,
    0x98, 0x1, 0x26, 0x1, 0x33, 0x0, 0x16, 0x0,
    0x81, 0x0, 0x65, 0xd6, 0x48, 0x0, 0xd8, 0x0,
    0x38, 0x40, 0x4, 0x53, 0x0, 0x26, 0x80, 0x62,
    0xd9, 0x30, 0x0, 0xa5, 0x58, 0x80, 0x0,

    /* U+00F3 "ó" */
    0x0, 0xfd, 0x7f, 0xec, 0x0, 0xff, 0x2a, 0x1,
    0x68, 0x7, 0xf0, 0xd8, 0xe, 0x8, 0x7, 0xf4,
    0x8, 0xb0, 0x40, 0x3f, 0xd1, 0xde, 0x40, 0x1f,
    0xf0, 0x8c, 0x1, 0xfe, 0x6c, 0xff, 0x75, 0xa8,
    0x7, 0x8b, 0x64, 0xc0, 0x2, 0x95, 0x60, 0x18,
    0x70, 0x80, 0x6, 0xa4, 0x0, 0x4c, 0x0, 0xa0,
    0x40, 0x19, 0x8a, 0xd9, 0x0, 0x1b, 0x0, 0x18,
    0x1, 0x26, 0x1, 0x32, 0x80, 0x28, 0x10, 0x2,
    0x60, 0xe, 0xe0, 0x1, 0x89, 0x80, 0x8, 0x3,
    0xca, 0x1, 0x10, 0x4, 0x20, 0x1e, 0x10, 0x9,
    0xc0, 0x21, 0x0, 0xf0, 0x80, 0x4e, 0x60, 0x2,
    0x0, 0xf2, 0x80, 0x44, 0xa0, 0x13, 0x0, 0x76,
    0x80, 0x8, 0x44, 0xc0, 0x9, 0x30, 0x9, 0x98,
    0x0, 0xb0, 0x4, 0x8, 0x3, 0x2e, 0xb2, 0x40,
    0x6, 0xc0, 0x1, 0xc2, 0x0, 0x22, 0x98, 0x1,
    0x34, 0x3, 0x16, 0xc9, 0x80, 0x5, 0x2a, 0xc4,
    0x0,

    /* U+00F4 "ô" */
    0x0, 0xe2, 0xef, 0xd2, 0x0, 0xfe, 0x4d, 0x10,
    0x2c, 0x30, 0xf, 0x96, 0xc1, 0x7d, 0x7, 0x10,
    0x3, 0x87, 0xd6, 0x28, 0x2d, 0xd7, 0x84, 0x3,
    0xd, 0x51, 0xc0, 0x28, 0xaa, 0x8, 0x7, 0xff,
    0x25, 0xb3, 0xfd, 0xd6, 0xa0, 0x1e, 0x2d, 0x93,
    0x0, 0xa, 0x55, 0x80, 0x61, 0xc2, 0x0, 0x1a,
    0x90, 0x1, 0x30, 0x2, 0x81, 0x0, 0x66, 0x2b,
    0x64, 0x0, 0x6c, 0x0, 0x60, 0x4, 0x98, 0x4,
    0xca, 0x0, 0xa0, 0x40, 0x9, 0x80, 0x3b, 0x80,
    0x6, 0x26, 0x0, 0x20, 0xf, 0x28, 0x4, 0x40,
    0x10, 0x80, 0x78, 0x40, 0x27, 0x0, 0x84, 0x3,
    0xc2, 0x1, 0x39, 0x80, 0x8, 0x3, 0xca, 0x1,
    0x12, 0x80, 0x4c, 0x1, 0xda, 0x0, 0x21, 0x13,
    0x0, 0x24, 0xc0, 0x26, 0x60, 0x2, 0xc0, 0x10,
    0x20, 0xc, 0xba, 0xc9, 0x0, 0x1b, 0x0, 0x7,
    0x8, 0x0, 0x8a, 0x60, 0x4, 0xd0, 0xc, 0x5b,
    0x26, 0x0, 0x14, 0xab, 0x10, 0x0,

    /* U+00F5 "õ" */
    0x0, 0xff, 0xe3, 0x16, 0x7e, 0xb8, 0x85, 0x79,
    0x80, 0x61, 0xc3, 0x2, 0x8e, 0xf5, 0x3, 0x0,
    0xc8, 0x27, 0x52, 0x60, 0x15, 0x80, 0x72, 0xe7,
    0x2b, 0x67, 0x67, 0xa0, 0x7, 0x8c, 0x80, 0x21,
    0x30, 0xf, 0xfe, 0x63, 0x67, 0xfb, 0xad, 0x40,
    0x3c, 0x5b, 0x26, 0x0, 0x14, 0xab, 0x0, 0xc3,
    0x84, 0x0, 0x35, 0x20, 0x2, 0x60, 0x5, 0x2,
    0x0, 0xcc, 0x56, 0xc8, 0x0, 0xd8, 0x0, 0xc0,
    0x9, 0x30, 0x9, 0x94, 0x1, 0x40, 0x80, 0x13,
    0x0, 0x77, 0x0, 0xc, 0x4c, 0x0, 0x40, 0x1e,
    0x50, 0x8, 0x80, 0x21, 0x0, 0xf0, 0x80, 0x4e,
    0x1, 0x8, 0x7, 0x84, 0x2, 0x73, 0x0, 0x10,
    0x7, 0x94, 0x2, 0x25, 0x0, 0x98, 0x3, 0xb4,
    0x0, 0x42, 0x26, 0x0, 0x49, 0x80, 0x4c, 0xc0,
    0x5, 0x80, 0x20, 0x40, 0x19, 0x75, 0x92, 0x0,
    0x36, 0x0, 0xe, 0x10, 0x1, 0x14, 0xc0, 0x9,
    0xa0, 0x18, 0xb6, 0x4c, 0x0, 0x29, 0x56, 0x20,
    0x0,

    /* U+00F6 "ö" */
    0x0, 0xe, 0xfb, 0x80, 0x55, 0xf6, 0x1, 0xce,
    0x41, 0x20, 0x2, 0x50, 0x43, 0x0, 0xc8, 0x0,
    0x40, 0x1, 0x10, 0x8, 0xc0, 0x31, 0x76, 0xd0,
    0x5, 0xbb, 0x0, 0x78, 0x48, 0x3, 0x88, 0x3,
    0xff, 0x96, 0xd9, 0xfe, 0xeb, 0x50, 0xf, 0x16,
    0xc9, 0x80, 0x5, 0x2a, 0xc0, 0x30, 0xe1, 0x0,
    0xd, 0x48, 0x0, 0x98, 0x1, 0x40, 0x80, 0x33,
    0x15, 0xb2, 0x0, 0x36, 0x0, 0x30, 0x2, 0x4c,
    0x2, 0x65, 0x0, 0x50, 0x20, 0x4, 0xc0, 0x1d,
    0xc0, 0x3, 0x13, 0x0, 0x10, 0x7, 0x94, 0x2,
    0x20, 0x8, 0x40, 0x3c, 0x20, 0x13, 0x80, 0x42,
    0x1, 0xe1, 0x0, 0x9c, 0xc0, 0x4, 0x1, 0xe5,
    0x0, 0x89, 0x40, 0x26, 0x0, 0xed, 0x0, 0x10,
    0x89, 0x80, 0x12, 0x60, 0x13, 0x30, 0x1, 0x60,
    0x8, 0x10, 0x6, 0x5d, 0x64, 0x80, 0xd, 0x80,
    0x3, 0x84, 0x0, 0x45, 0x30, 0x2, 0x68, 0x6,
    0x2d, 0x93, 0x0, 0xa, 0x55, 0x88, 0x0,

    /* U+00F7 "÷" */
    0x0, 0xf1, 0xb1, 0x0, 0x7f, 0xc7, 0x93, 0xa2,
    0x1, 0xfe, 0x60, 0x8, 0x80, 0x3f, 0xca, 0x60,
    0xa6, 0x1, 0xff, 0x67, 0xd0, 0x7, 0xff, 0x25,
    0xb7, 0x7f, 0xf8, 0x2a, 0x24, 0x5f, 0xfc, 0x13,
    0x0, 0xff, 0xe1, 0xbf, 0xff, 0xff, 0x5, 0x80,
    0x3f, 0xf9, 0x26, 0xc4, 0x1, 0xff, 0x1e, 0x4e,
    0x88, 0x7, 0xf9, 0x40, 0x22, 0x0, 0xff, 0x39,
    0x82, 0x98, 0x7, 0x0,

    /* U+00F8 "ø" */
    0x0, 0xff, 0x17, 0xe0, 0x7, 0xff, 0x2, 0x82,
    0x40, 0x3c, 0xd9, 0xfe, 0xeb, 0x61, 0x50, 0xc,
    0x5b, 0x26, 0x0, 0x14, 0x13, 0x0, 0xc3, 0x84,
    0x0, 0x35, 0x20, 0x1, 0x58, 0x5, 0x2, 0x0,
    0xcc, 0x55, 0x0, 0x24, 0x60, 0x16, 0x0, 0x49,
    0x80, 0x24, 0x10, 0x1, 0x40, 0xa0, 0x13, 0x0,
    0x1c, 0x5f, 0xc0, 0x6, 0x26, 0x0, 0x20, 0xa,
    0x46, 0x54, 0x2, 0x20, 0x8, 0x40, 0xe, 0x32,
    0x22, 0x0, 0x9c, 0x40, 0x2, 0x0, 0x91, 0x70,
    0x10, 0x9, 0xc8, 0x0, 0x40, 0xe3, 0x20, 0x5,
    0x0, 0x89, 0x0, 0x27, 0x91, 0x70, 0x6, 0x80,
    0x8, 0x41, 0x80, 0x10, 0x32, 0x0, 0x66, 0x0,
    0x2c, 0x1, 0x2, 0x1, 0x5d, 0x64, 0x80, 0xd,
    0x80, 0x3, 0x82, 0x0, 0x35, 0x30, 0x2, 0x68,
    0x6, 0x31, 0x12, 0x0, 0x5, 0x2a, 0xc4, 0x3,
    0x48, 0x4d, 0xff, 0xba, 0xd4, 0x3, 0xdf, 0xe,
    0x1, 0xfe,

    /* U+00F9 "ù" */
    0x0, 0x67, 0xfa, 0xc0, 0x3f, 0xb4, 0x81, 0x18,
    0x3, 0xf0, 0xe1, 0x4, 0x8, 0x7, 0xe1, 0xc4,
    0x57, 0x0, 0xfe, 0x1b, 0xb3, 0x0, 0x76, 0x7f,
    0xa0, 0x3, 0xa3, 0xfd, 0x80, 0x1f, 0xff, 0xf0,
    0xf, 0xfe, 0x8b, 0x80, 0x7f, 0xf0, 0x4, 0x0,
    0x40, 0x1c, 0x20, 0x16, 0x0, 0x14, 0x80, 0x25,
    0x60, 0x9, 0xc0, 0x2d, 0xbb, 0x6d, 0x0, 0x61,
    0xa0, 0x9, 0x10, 0x44, 0x90, 0xc, 0xb8, 0x82,
    0x4, 0xfa, 0xa0, 0x10,

    /* U+00FA "ú" */
    0x0, 0xfb, 0x3f, 0xd6, 0x1, 0xfa, 0xc, 0x16,
    0xc0, 0x3e, 0x47, 0x7, 0xa0, 0xf, 0xc3, 0x35,
    0x0, 0x1f, 0xca, 0xca, 0x1, 0xd9, 0xfe, 0x80,
    0xe, 0x8f, 0xf6, 0x0, 0x7f, 0xff, 0xc0, 0x3f,
    0xfa, 0x2e, 0x1, 0xff, 0xc0, 0x10, 0x1, 0x0,
    0x70, 0x80, 0x58, 0x0, 0x52, 0x0, 0x95, 0x80,
    0x27, 0x0, 0xb6, 0xed, 0xb4, 0x1, 0x86, 0x80,
    0x24, 0x41, 0x12, 0x40, 0x32, 0xe2, 0x8, 0x13,
    0xea, 0x80, 0x40,

    /* U+00FB "û" */
    0x0, 0xc5, 0xdf, 0xa4, 0x1, 0xf2, 0x68, 0x81,
    0x61, 0x80, 0x72, 0xd8, 0x2f, 0xa0, 0xe2, 0x0,
    0x43, 0xeb, 0x14, 0x16, 0xeb, 0xc2, 0x0, 0x1a,
    0xa3, 0x80, 0x51, 0x54, 0x10, 0xf, 0xfe, 0x16,
    0x7f, 0xa0, 0x3, 0xa3, 0xfd, 0x80, 0x1f, 0xff,
    0xf0, 0xf, 0xfe, 0x8b, 0x80, 0x7f, 0xf0, 0x4,
    0x0, 0x40, 0x1c, 0x20, 0x16, 0x0, 0x14, 0x80,
    0x25, 0x60, 0x9, 0xc0, 0x2d, 0xbb, 0x6d, 0x0,
    0x61, 0xa0, 0x9, 0x10, 0x44, 0x90, 0xc, 0xb8,
    0x82, 0x4, 0xfa, 0xa0, 0x10,

    /* U+00FC "ü" */
    0x1, 0xdf, 0x70, 0xa, 0xbe, 0xc0, 0x27, 0x20,
    0x80, 0x1, 0x28, 0x21, 0x80, 0x10, 0x0, 0xa0,
    0x2, 0x20, 0x11, 0x80, 0xb, 0xb6, 0x80, 0x2d,
    0xd8, 0x3, 0x9, 0x0, 0x71, 0x0, 0x59, 0xfe,
    0x80, 0xe, 0x8f, 0xf6, 0x0, 0x7f, 0xff, 0xc0,
    0x3f, 0xfa, 0x2e, 0x1, 0xff, 0xc0, 0x10, 0x1,
    0x0, 0x70, 0x80, 0x58, 0x0, 0x52, 0x0, 0x95,
    0x80, 0x27, 0x0, 0xb6, 0xed, 0xb4, 0x1, 0x86,
    0x80, 0x24, 0x41, 0x12, 0x40, 0x32, 0xe2, 0x8,
    0x13, 0xea, 0x80, 0x40,

    /* U+00FD "ý" */
    0x0, 0xfe, 0x7f, 0xf7, 0x10, 0x7, 0xfc, 0x70,
    0x5, 0xe4, 0x1, 0xfe, 0x1d, 0x3, 0xc1, 0x0,
    0xff, 0x8a, 0x27, 0x4, 0x3, 0xff, 0x80, 0x6c,
    0xc0, 0xf, 0xdd, 0xfe, 0x90, 0xf, 0x9b, 0xfe,
    0x20, 0x60, 0x3, 0x0, 0x7d, 0x60, 0x4, 0x20,
    0x90, 0x9, 0x80, 0x38, 0xc8, 0x1, 0xe0, 0x1,
    0x50, 0x5, 0x0, 0x75, 0x0, 0x9, 0x0, 0x29,
    0x0, 0x19, 0x80, 0x33, 0x0, 0x2c, 0x3, 0x19,
    0x80, 0x14, 0x1, 0x28, 0x4, 0xc0, 0x1d, 0x20,
    0x6, 0x0, 0xa4, 0x0, 0xe0, 0x1e, 0x51, 0x0,
    0x30, 0x11, 0x80, 0x28, 0x3, 0xe9, 0x0, 0x58,
    0x50, 0x1, 0x8, 0x3, 0xe7, 0x0, 0x11, 0xb0,
    0x3, 0xc0, 0x3f, 0x98, 0x1, 0xe2, 0x4, 0x80,
    0x1f, 0xd6, 0x0, 0x30, 0x5, 0x80, 0x7f, 0x89,
    0x0, 0x21, 0x60, 0xf, 0xfb, 0xc0, 0x26, 0x0,
    0xff, 0xe0, 0x20, 0x5, 0x20, 0x1f, 0xfc, 0x7,
    0x0, 0x28, 0x80, 0x7f, 0xc3, 0x0, 0x9, 0x0,
    0xff, 0xe0, 0x50, 0x0, 0xcc, 0x1, 0xfc, 0x99,
    0xc8, 0x0, 0xf0, 0xf, 0xf6, 0x18, 0x80, 0x24,
    0xc0, 0x3f, 0xc2, 0x0, 0x3c, 0x60, 0xf, 0xe0,

    /* U+00FE "þ" */
    0xdf, 0xf3, 0x0, 0x7f, 0xff, 0xc0, 0x3f, 0x92,
    0xff, 0xdd, 0x22, 0x1, 0xea, 0xb4, 0x0, 0xb,
    0x79, 0x80, 0x71, 0x81, 0xa1, 0x0, 0x7, 0x80,
    0x38, 0x73, 0x17, 0xae, 0x0, 0x26, 0x0, 0xd2,
    0x60, 0x14, 0x18, 0x3, 0x40, 0x30, 0x80, 0x75,
    0x0, 0x14, 0x3, 0xfc, 0x40, 0x1, 0x0, 0xff,
    0x38, 0x7, 0xff, 0x5, 0xc0, 0x3f, 0xf8, 0x24,
    0x0, 0x10, 0xc, 0x20, 0x1d, 0x40, 0x5, 0x0,
    0xd2, 0x40, 0x13, 0x98, 0x3, 0x80, 0x30, 0xed,
    0xd6, 0xc0, 0x0, 0x94, 0x3, 0x18, 0x22, 0x90,
    0x0, 0x7c, 0x3, 0xaa, 0xd0, 0x0, 0x2f, 0xe4,
    0x1, 0xe4, 0xbf, 0xf7, 0x40, 0x80, 0x7f, 0xff,
    0x40,

    /* U+00FF "ÿ" */
    0x0, 0xd5, 0xf6, 0x1, 0x37, 0xe9, 0x0, 0x78,
    0x54, 0x11, 0x0, 0xb, 0x2, 0xa0, 0xf, 0x9,
    0x80, 0xa8, 0x1, 0x40, 0x16, 0x1, 0xf6, 0x6f,
    0x8, 0x2, 0x37, 0x8c, 0x3, 0xf1, 0x0, 0x71,
    0x8, 0x7, 0x77, 0xfa, 0x40, 0x3e, 0x6f, 0xf8,
    0x81, 0x80, 0xc, 0x1, 0xf5, 0x80, 0x10, 0x82,
    0x40, 0x26, 0x0, 0xe3, 0x20, 0x7, 0x80, 0x5,
    0x40, 0x14, 0x1, 0xd4, 0x0, 0x24, 0x0, 0xa4,
    0x0, 0x66, 0x0, 0xcc, 0x0, 0xb0, 0xc, 0x66,
    0x0, 0x50, 0x4, 0xa0, 0x13, 0x0, 0x74, 0x80,
    0x18, 0x2, 0x90, 0x3, 0x80, 0x79, 0x44, 0x0,
    0xc0, 0x46, 0x0, 0xa0, 0xf, 0xa4, 0x1, 0x61,
    0x40, 0x4, 0x20, 0xf, 0x9c, 0x0, 0x46, 0xc0,
    0xf, 0x0, 0xfe, 0x60, 0x7, 0x88, 0x12, 0x0,
    0x7f, 0x58, 0x0, 0xc0, 0x16, 0x1, 0xfe, 0x24,
    0x0, 0x85, 0x80, 0x3f, 0xef, 0x0, 0x98, 0x3,
    0xff, 0x80, 0x80, 0x14, 0x80, 0x7f, 0xf0, 0x1c,
    0x0, 0xa2, 0x1, 0xff, 0xc, 0x0, 0x24, 0x3,
    0xff, 0x81, 0x40, 0x3, 0x30, 0x7, 0xf2, 0x67,
    0x20, 0x3, 0xc0, 0x3f, 0xd8, 0x62, 0x0, 0x93,
    0x0, 0xff, 0x8, 0x0, 0xf1, 0x80, 0x3f, 0x80
};


/*---------------------
 *  GLYPH DESCRIPTION
 *--------------------*/

static const lv_font_fmt_txt_glyph_dsc_t glyph_dsc[] = {
    {.bitmap_index = 0, .adv_w = 0, .box_w = 0, .box_h = 0, .ofs_x = 0, .ofs_y = 0} /* id = 0 reserved */,
    {.bitmap_index = 0, .adv_w = 269, .box_w = 0, .box_h = 0, .ofs_x = 0, .ofs_y = 0},
    {.bitmap_index = 0, .adv_w = 269, .box_w = 5, .box_h = 20, .ofs_x = 6, .ofs_y = 0},
    {.bitmap_index = 31, .adv_w = 269, .box_w = 9, .box_h = 7, .ofs_x = 4, .ofs_y = 14},
    {.bitmap_index = 55, .adv_w = 269, .box_w = 16, .box_h = 20, .ofs_x = 0, .ofs_y = 0},
    {.bitmap_index = 186, .adv_w = 269, .box_w = 15, .box_h = 26, .ofs_x = 1, .ofs_y = -3},
    {.bitmap_index = 332, .adv_w = 269, .box_w = 17, .box_h = 20, .ofs_x = 0, .ofs_y = 0},
    {.bitmap_index = 469, .adv_w = 269, .box_w = 16, .box_h = 20, .ofs_x = 1, .ofs_y = 0},
    {.bitmap_index = 612, .adv_w = 269, .box_w = 4, .box_h = 8, .ofs_x = 6, .ofs_y = 13},
    {.bitmap_index = 625, .adv_w = 269, .box_w = 9, .box_h = 30, .ofs_x = 4, .ofs_y = -7},
    {.bitmap_index = 729, .adv_w = 269, .box_w = 8, .box_h = 30, .ofs_x = 4, .ofs_y = -7},
    {.bitmap_index = 824, .adv_w = 269, .box_w = 14, .box_h = 14, .ofs_x = 2, .ofs_y = 6},
    {.bitmap_index = 910, .adv_w = 269, .box_w = 15, .box_h = 15, .ofs_x = 1, .ofs_y = 2},
    {.bitmap_index = 944, .adv_w = 269, .box_w = 6, .box_h = 9, .ofs_x = 4, .ofs_y = -6},
    {.bitmap_index = 966, .adv_w = 269, .box_w = 12, .box_h = 3, .ofs_x = 3, .ofs_y = 7},
    {.bitmap_index = 976, .adv_w = 269, .box_w = 5, .box_h = 5, .ofs_x = 6, .ofs_y = 0},
    {.bitmap_index = 989, .adv_w = 269, .box_w = 11, .box_h = 22, .ofs_x = 3, .ofs_y = -2},
    {.bitmap_index = 1077, .adv_w = 269, .box_w = 14, .box_h = 20, .ofs_x = 1, .ofs_y = 0},
    {.bitmap_index = 1196, .adv_w = 269, .box_w = 9, .box_h = 20, .ofs_x = 2, .ofs_y = 0},
    {.bitmap_index = 1226, .adv_w = 269, .box_w = 14, .box_h = 20, .ofs_x = 1, .ofs_y = 0},
    {.bitmap_index = 1335, .adv_w = 269, .box_w = 14, .box_h = 20, .ofs_x = 1, .ofs_y = 0},
    {.bitmap_index = 1458, .adv_w = 269, .box_w = 16, .box_h = 20, .ofs_x = 0, .ofs_y = 0},
    {.bitmap_index = 1544, .adv_w = 269, .box_w = 14, .box_h = 20, .ofs_x = 2, .ofs_y = 0},
    {.bitmap_index = 1658, .adv_w = 269, .box_w = 14, .box_h = 20, .ofs_x = 1, .ofs_y = 0},
    {.bitmap_index = 1779, .adv_w = 269, .box_w = 14, .box_h = 20, .ofs_x = 1, .ofs_y = 0},
    {.bitmap_index = 1868, .adv_w = 269, .box_w = 14, .box_h = 20, .ofs_x = 1, .ofs_y = 0},
    {.bitmap_index = 2002, .adv_w = 269, .box_w = 14, .box_h = 20, .ofs_x = 1, .ofs_y = 0},
    {.bitmap_index = 2125, .adv_w = 269, .box_w = 6, .box_h = 16, .ofs_x = 6, .ofs_y = 0},
    {.bitmap_index = 2160, .adv_w = 269, .box_w = 6, .box_h = 22, .ofs_x = 6, .ofs_y = -6},
    {.bitmap_index = 2202, .adv_w = 269, .box_w = 13, .box_h = 13, .ofs_x = 2, .ofs_y = 2},
    {.bitmap_index = 2271, .adv_w = 269, .box_w = 13, .box_h = 9, .ofs_x = 2, .ofs_y = 4},
    {.bitmap_index = 2297, .adv_w = 269, .box_w = 13, .box_h = 13, .ofs_x = 2, .ofs_y = 2},
    {.bitmap_index = 2365, .adv_w = 269, .box_w = 13, .box_h = 20, .ofs_x = 2, .ofs_y = 0},
    {.bitmap_index = 2463, .adv_w = 269, .box_w = 16, .box_h = 20, .ofs_x = 0, .ofs_y = 0},
    {.bitmap_index = 2615, .adv_w = 269, .box_w = 17, .box_h = 20, .ofs_x = 0, .ofs_y = 0},
    {.bitmap_index = 2744, .adv_w = 269, .box_w = 14, .box_h = 20, .ofs_x = 2, .ofs_y = 0},
    {.bitmap_index = 2845, .adv_w = 269, .box_w = 15, .box_h = 20, .ofs_x = 1, .ofs_y = 0},
    {.bitmap_index = 2959, .adv_w = 269, .box_w = 15, .box_h = 20, .ofs_x = 1, .ofs_y = 0},
    {.bitmap_index = 3055, .adv_w = 269, .box_w = 14, .box_h = 20, .ofs_x = 2, .ofs_y = 0},
    {.bitmap_index = 3098, .adv_w = 269, .box_w = 14, .box_h = 20, .ofs_x = 2, .ofs_y = 0},
    {.bitmap_index = 3134, .adv_w = 269, .box_w = 15, .box_h = 20, .ofs_x = 1, .ofs_y = 0},
    {.bitmap_index = 3253, .adv_w = 269, .box_w = 14, .box_h = 20, .ofs_x = 1, .ofs_y = 0},
    {.bitmap_index = 3283, .adv_w = 269, .box_w = 13, .box_h = 20, .ofs_x = 2, .ofs_y = 0},
    {.bitmap_index = 3324, .adv_w = 269, .box_w = 14, .box_h = 20, .ofs_x = 1, .ofs_y = 0},
    {.bitmap_index = 3378, .adv_w = 269, .box_w = 15, .box_h = 20, .ofs_x = 2, .ofs_y = 0},
    {.bitmap_index = 3481, .adv_w = 269, .box_w = 14, .box_h = 20, .ofs_x = 2, .ofs_y = 0},
    {.bitmap_index = 3506, .adv_w = 269, .box_w = 15, .box_h = 20, .ofs_x = 1, .ofs_y = 0},
    {.bitmap_index = 3588, .adv_w = 269, .box_w = 14, .box_h = 20, .ofs_x = 1, .ofs_y = 0},
    {.bitmap_index = 3672, .adv_w = 269, .box_w = 15, .box_h = 20, .ofs_x = 1, .ofs_y = 0},
    {.bitmap_index = 3793, .adv_w = 269, .box_w = 14, .box_h = 20, .ofs_x = 2, .ofs_y = 0},
    {.bitmap_index = 3867, .adv_w = 269, .box_w = 16, .box_h = 24, .ofs_x = 1, .ofs_y = -4},
    {.bitmap_index = 4017, .adv_w = 269, .box_w = 15, .box_h = 20, .ofs_x = 2, .ofs_y = 0},
    {.bitmap_index = 4116, .adv_w = 269, .box_w = 15, .box_h = 20, .ofs_x = 1, .ofs_y = 0},
    {.bitmap_index = 4249, .adv_w = 269, .box_w = 17, .box_h = 20, .ofs_x = 0, .ofs_y = 0},
    {.bitmap_index = 4281, .adv_w = 269, .box_w = 14, .box_h = 20, .ofs_x = 1, .ofs_y = 0},
    {.bitmap_index = 4337, .adv_w = 269, .box_w = 17, .box_h = 20, .ofs_x = 0, .ofs_y = 0},
    {.bitmap_index = 4470, .adv_w = 269, .box_w = 17, .box_h = 20, .ofs_x = 0, .ofs_y = 0},
    {.bitmap_index = 4633, .adv_w = 269, .box_w = 17, .box_h = 20, .ofs_x = 0, .ofs_y = 0},
    {.bitmap_index = 4774, .adv_w = 269, .box_w = 17, .box_h = 20, .ofs_x = 0, .ofs_y = 0},
    {.bitmap_index = 4874, .adv_w = 269, .box_w = 15, .box_h = 20, .ofs_x = 1, .ofs_y = 0},
    {.bitmap_index = 4968, .adv_w = 269, .box_w = 7, .box_h = 27, .ofs_x = 5, .ofs_y = -4},
    {.bitmap_index = 4992, .adv_w = 269, .box_w = 12, .box_h = 22, .ofs_x = 3, .ofs_y = -2},
    {.bitmap_index = 5082, .adv_w = 269, .box_w = 7, .box_h = 27, .ofs_x = 5, .ofs_y = -4},
    {.bitmap_index = 5105, .adv_w = 269, .box_w = 12, .box_h = 11, .ofs_x = 3, .ofs_y = 9},
    {.bitmap_index = 5161, .adv_w = 269, .box_w = 13, .box_h = 3, .ofs_x = 2, .ofs_y = -3},
    {.bitmap_index = 5171, .adv_w = 269, .box_w = 7, .box_h = 4, .ofs_x = 5, .ofs_y = 16},
    {.bitmap_index = 5186, .adv_w = 269, .box_w = 14, .box_h = 15, .ofs_x = 1, .ofs_y = 0},
    {.bitmap_index = 5281, .adv_w = 269, .box_w = 14, .box_h = 21, .ofs_x = 2, .ofs_y = 0},
    {.bitmap_index = 5366, .adv_w = 269, .box_w = 14, .box_h = 15, .ofs_x = 1, .ofs_y = 0},
    {.bitmap_index = 5461, .adv_w = 269, .box_w = 14, .box_h = 21, .ofs_x = 1, .ofs_y = 0},
    {.bitmap_index = 5544, .adv_w = 269, .box_w = 15, .box_h = 15, .ofs_x = 1, .ofs_y = 0},
    {.bitmap_index = 5640, .adv_w = 269, .box_w = 15, .box_h = 22, .ofs_x = 1, .ofs_y = 0},
    {.bitmap_index = 5708, .adv_w = 269, .box_w = 14, .box_h = 21, .ofs_x = 1, .ofs_y = -6},
    {.bitmap_index = 5828, .adv_w = 269, .box_w = 13, .box_h = 21, .ofs_x = 2, .ofs_y = 0},
    {.bitmap_index = 5877, .adv_w = 269, .box_w = 14, .box_h = 20, .ofs_x = 2, .ofs_y = 0},
    {.bitmap_index = 5932, .adv_w = 269, .box_w = 10, .box_h = 26, .ofs_x = 2, .ofs_y = -6},
    {.bitmap_index = 5991, .adv_w = 269, .box_w = 14, .box_h = 21, .ofs_x = 2, .ofs_y = 0},
    {.bitmap_index = 6073, .adv_w = 269, .box_w = 14, .box_h = 21, .ofs_x = 2, .ofs_y = 0},
    {.bitmap_index = 6110, .adv_w = 269, .box_w = 15, .box_h = 15, .ofs_x = 1, .ofs_y = 0},
    {.bitmap_index = 6154, .adv_w = 269, .box_w = 13, .box_h = 15, .ofs_x = 2, .ofs_y = 0},
    {.bitmap_index = 6196, .adv_w = 269, .box_w = 15, .box_h = 15, .ofs_x = 1, .ofs_y = 0},
    {.bitmap_index = 6299, .adv_w = 269, .box_w = 14, .box_h = 21, .ofs_x = 2, .ofs_y = -6},
    {.bitmap_index = 6391, .adv_w = 269, .box_w = 14, .box_h = 21, .ofs_x = 1, .ofs_y = -6},
    {.bitmap_index = 6476, .adv_w = 269, .box_w = 12, .box_h = 15, .ofs_x = 4, .ofs_y = 0},
    {.bitmap_index = 6514, .adv_w = 269, .box_w = 14, .box_h = 15, .ofs_x = 1, .ofs_y = 0},
    {.bitmap_index = 6615, .adv_w = 269, .box_w = 14, .box_h = 19, .ofs_x = 1, .ofs_y = 0},
    {.bitmap_index = 6679, .adv_w = 269, .box_w = 13, .box_h = 15, .ofs_x = 2, .ofs_y = 0},
    {.bitmap_index = 6724, .adv_w = 269, .box_w = 15, .box_h = 15, .ofs_x = 1, .ofs_y = 0},
    {.bitmap_index = 6818, .adv_w = 269, .box_w = 17, .box_h = 15, .ofs_x = 0, .ofs_y = 0},
    {.bitmap_index = 6942, .adv_w = 269, .box_w = 15, .box_h = 15, .ofs_x = 1, .ofs_y = 0},
    {.bitmap_index = 7039, .adv_w = 269, .box_w = 17, .box_h = 21, .ofs_x = 0, .ofs_y = -6},
    {.bitmap_index = 7173, .adv_w = 269, .box_w = 15, .box_h = 15, .ofs_x = 1, .ofs_y = 0},
    {.bitmap_index = 7247, .adv_w = 269, .box_w = 10, .box_h = 27, .ofs_x = 4, .ofs_y = -5},
    {.bitmap_index = 7337, .adv_w = 269, .box_w = 3, .box_h = 26, .ofs_x = 7, .ofs_y = -6},
    {.bitmap_index = 7342, .adv_w = 269, .box_w = 10, .box_h = 27, .ofs_x = 4, .ofs_y = -5},
    {.bitmap_index = 7431, .adv_w = 269, .box_w = 16, .box_h = 6, .ofs_x = 0, .ofs_y = 5},
    {.bitmap_index = 7475, .adv_w = 269, .box_w = 0, .box_h = 0, .ofs_x = 0, .ofs_y = 0},
    {.bitmap_index = 7475, .adv_w = 269, .box_w = 5, .box_h = 21, .ofs_x = 6, .ofs_y = -6},
    {.bitmap_index = 7503, .adv_w = 269, .box_w = 14, .box_h = 21, .ofs_x = 1, .ofs_y = -3},
    {.bitmap_index = 7608, .adv_w = 269, .box_w = 15, .box_h = 20, .ofs_x = 1, .ofs_y = 0},
    {.bitmap_index = 7709, .adv_w = 269, .box_w = 15, .box_h = 16, .ofs_x = 1, .ofs_y = -1},
    {.bitmap_index = 7819, .adv_w = 269, .box_w = 17, .box_h = 20, .ofs_x = 0, .ofs_y = 0},
    {.bitmap_index = 7930, .adv_w = 269, .box_w = 4, .box_h = 24, .ofs_x = 6, .ofs_y = -4},
    {.bitmap_index = 7948, .adv_w = 269, .box_w = 15, .box_h = 26, .ofs_x = 1, .ofs_y = -6},
    {.bitmap_index = 8122, .adv_w = 269, .box_w = 11, .box_h = 4, .ofs_x = 3, .ofs_y = 17},
    {.bitmap_index = 8144, .adv_w = 269, .box_w = 15, .box_h = 17, .ofs_x = 1, .ofs_y = -1},
    {.bitmap_index = 8260, .adv_w = 269, .box_w = 10, .box_h = 11, .ofs_x = 3, .ofs_y = 9},
    {.bitmap_index = 8314, .adv_w = 269, .box_w = 12, .box_h = 11, .ofs_x = 2, .ofs_y = 1},
    {.bitmap_index = 8379, .adv_w = 269, .box_w = 12, .box_h = 7, .ofs_x = 2, .ofs_y = 5},
    {.bitmap_index = 8396, .adv_w = 269, .box_w = 12, .box_h = 3, .ofs_x = 3, .ofs_y = 7},
    {.bitmap_index = 8406, .adv_w = 269, .box_w = 15, .box_h = 17, .ofs_x = 1, .ofs_y = -1},
    {.bitmap_index = 8520, .adv_w = 269, .box_w = 11, .box_h = 3, .ofs_x = 3, .ofs_y = 18},
    {.bitmap_index = 8529, .adv_w = 269, .box_w = 9, .box_h = 7, .ofs_x = 4, .ofs_y = 13},
    {.bitmap_index = 8562, .adv_w = 269, .box_w = 13, .box_h = 18, .ofs_x = 2, .ofs_y = 0},
    {.bitmap_index = 8606, .adv_w = 269, .box_w = 9, .box_h = 11, .ofs_x = 4, .ofs_y = 9},
    {.bitmap_index = 8653, .adv_w = 269, .box_w = 9, .box_h = 11, .ofs_x = 4, .ofs_y = 9},
    {.bitmap_index = 8703, .adv_w = 269, .box_w = 7, .box_h = 4, .ofs_x = 5, .ofs_y = 16},
    {.bitmap_index = 8718, .adv_w = 269, .box_w = 13, .box_h = 21, .ofs_x = 2, .ofs_y = -6},
    {.bitmap_index = 8765, .adv_w = 269, .box_w = 12, .box_h = 20, .ofs_x = 2, .ofs_y = 0},
    {.bitmap_index = 8816, .adv_w = 269, .box_w = 5, .box_h = 4, .ofs_x = 6, .ofs_y = 8},
    {.bitmap_index = 8826, .adv_w = 269, .box_w = 5, .box_h = 6, .ofs_x = 6, .ofs_y = -6},
    {.bitmap_index = 8840, .adv_w = 269, .box_w = 6, .box_h = 11, .ofs_x = 5, .ofs_y = 9},
    {.bitmap_index = 8857, .adv_w = 269, .box_w = 11, .box_h = 11, .ofs_x = 3, .ofs_y = 9},
    {.bitmap_index = 8911, .adv_w = 269, .box_w = 12, .box_h = 11, .ofs_x = 3, .ofs_y = 2},
    {.bitmap_index = 8976, .adv_w = 269, .box_w = 16, .box_h = 20, .ofs_x = 0, .ofs_y = 0},
    {.bitmap_index = 9087, .adv_w = 269, .box_w = 17, .box_h = 20, .ofs_x = 0, .ofs_y = 0},
    {.bitmap_index = 9210, .adv_w = 269, .box_w = 17, .box_h = 20, .ofs_x = 0, .ofs_y = 0},
    {.bitmap_index = 9342, .adv_w = 269, .box_w = 13, .box_h = 21, .ofs_x = 2, .ofs_y = -6},
    {.bitmap_index = 9442, .adv_w = 269, .box_w = 17, .box_h = 25, .ofs_x = 0, .ofs_y = 0},
    {.bitmap_index = 9597, .adv_w = 269, .box_w = 17, .box_h = 25, .ofs_x = 0, .ofs_y = 0},
    {.bitmap_index = 9752, .adv_w = 269, .box_w = 17, .box_h = 26, .ofs_x = 0, .ofs_y = 0},
    {.bitmap_index = 9916, .adv_w = 269, .box_w = 17, .box_h = 26, .ofs_x = 0, .ofs_y = 0},
    {.bitmap_index = 10079, .adv_w = 269, .box_w = 17, .box_h = 25, .ofs_x = 0, .ofs_y = 0},
    {.bitmap_index = 10241, .adv_w = 269, .box_w = 17, .box_h = 27, .ofs_x = 0, .ofs_y = 0},
    {.bitmap_index = 10405, .adv_w = 269, .box_w = 17, .box_h = 20, .ofs_x = 0, .ofs_y = 0},
    {.bitmap_index = 10517, .adv_w = 269, .box_w = 15, .box_h = 26, .ofs_x = 1, .ofs_y = -6},
    {.bitmap_index = 10659, .adv_w = 269, .box_w = 14, .box_h = 25, .ofs_x = 2, .ofs_y = 0},
    {.bitmap_index = 10725, .adv_w = 269, .box_w = 14, .box_h = 25, .ofs_x = 2, .ofs_y = 0},
    {.bitmap_index = 10792, .adv_w = 269, .box_w = 14, .box_h = 26, .ofs_x = 2, .ofs_y = 0},
    {.bitmap_index = 10868, .adv_w = 269, .box_w = 14, .box_h = 25, .ofs_x = 2, .ofs_y = 0},
    {.bitmap_index = 10943, .adv_w = 269, .box_w = 13, .box_h = 25, .ofs_x = 2, .ofs_y = 0},
    {.bitmap_index = 11006, .adv_w = 269, .box_w = 13, .box_h = 25, .ofs_x = 2, .ofs_y = 0},
    {.bitmap_index = 11069, .adv_w = 269, .box_w = 13, .box_h = 26, .ofs_x = 2, .ofs_y = 0},
    {.bitmap_index = 11144, .adv_w = 269, .box_w = 13, .box_h = 25, .ofs_x = 2, .ofs_y = 0},
    {.bitmap_index = 11216, .adv_w = 269, .box_w = 17, .box_h = 20, .ofs_x = -1, .ofs_y = 0},
    {.bitmap_index = 11336, .adv_w = 269, .box_w = 14, .box_h = 26, .ofs_x = 1, .ofs_y = 0},
    {.bitmap_index = 11453, .adv_w = 269, .box_w = 15, .box_h = 26, .ofs_x = 1, .ofs_y = 0},
    {.bitmap_index = 11598, .adv_w = 269, .box_w = 15, .box_h = 26, .ofs_x = 1, .ofs_y = 0},
    {.bitmap_index = 11746, .adv_w = 269, .box_w = 15, .box_h = 26, .ofs_x = 1, .ofs_y = 0},
    {.bitmap_index = 11898, .adv_w = 269, .box_w = 15, .box_h = 27, .ofs_x = 1, .ofs_y = 0},
    {.bitmap_index = 12053, .adv_w = 269, .box_w = 15, .box_h = 26, .ofs_x = 1, .ofs_y = 0},
    {.bitmap_index = 12207, .adv_w = 269, .box_w = 13, .box_h = 14, .ofs_x = 2, .ofs_y = 2},
    {.bitmap_index = 12290, .adv_w = 269, .box_w = 16, .box_h = 22, .ofs_x = 0, .ofs_y = -1},
    {.bitmap_index = 12445, .adv_w = 269, .box_w = 14, .box_h = 25, .ofs_x = 1, .ofs_y = 0},
    {.bitmap_index = 12523, .adv_w = 269, .box_w = 14, .box_h = 25, .ofs_x = 1, .ofs_y = 0},
    {.bitmap_index = 12602, .adv_w = 269, .box_w = 14, .box_h = 26, .ofs_x = 1, .ofs_y = 0},
    {.bitmap_index = 12688, .adv_w = 269, .box_w = 14, .box_h = 26, .ofs_x = 1, .ofs_y = 0},
    {.bitmap_index = 12778, .adv_w = 269, .box_w = 17, .box_h = 25, .ofs_x = 0, .ofs_y = 0},
    {.bitmap_index = 12904, .adv_w = 269, .box_w = 14, .box_h = 20, .ofs_x = 2, .ofs_y = 0},
    {.bitmap_index = 12973, .adv_w = 269, .box_w = 14, .box_h = 22, .ofs_x = 2, .ofs_y = 0},
    {.bitmap_index = 13093, .adv_w = 269, .box_w = 14, .box_h = 21, .ofs_x = 1, .ofs_y = 0},
    {.bitmap_index = 13212, .adv_w = 269, .box_w = 14, .box_h = 21, .ofs_x = 1, .ofs_y = 0},
    {.bitmap_index = 13332, .adv_w = 269, .box_w = 14, .box_h = 21, .ofs_x = 1, .ofs_y = 0},
    {.bitmap_index = 13457, .adv_w = 269, .box_w = 14, .box_h = 22, .ofs_x = 1, .ofs_y = 0},
    {.bitmap_index = 13588, .adv_w = 269, .box_w = 14, .box_h = 21, .ofs_x = 1, .ofs_y = 0},
    {.bitmap_index = 13715, .adv_w = 269, .box_w = 14, .box_h = 23, .ofs_x = 1, .ofs_y = 0},
    {.bitmap_index = 13844, .adv_w = 269, .box_w = 17, .box_h = 15, .ofs_x = 0, .ofs_y = 0},
    {.bitmap_index = 13960, .adv_w = 269, .box_w = 14, .box_h = 21, .ofs_x = 1, .ofs_y = -6},
    {.bitmap_index = 14081, .adv_w = 269, .box_w = 15, .box_h = 21, .ofs_x = 1, .ofs_y = 0},
    {.bitmap_index = 14202, .adv_w = 269, .box_w = 15, .box_h = 21, .ofs_x = 1, .ofs_y = 0},
    {.bitmap_index = 14324, .adv_w = 269, .box_w = 15, .box_h = 21, .ofs_x = 1, .ofs_y = 0},
    {.bitmap_index = 14451, .adv_w = 269, .box_w = 15, .box_h = 21, .ofs_x = 1, .ofs_y = 0},
    {.bitmap_index = 14580, .adv_w = 269, .box_w = 14, .box_h = 20, .ofs_x = 2, .ofs_y = 0},
    {.bitmap_index = 14638, .adv_w = 269, .box_w = 14, .box_h = 20, .ofs_x = 2, .ofs_y = 0},
    {.bitmap_index = 14694, .adv_w = 269, .box_w = 14, .box_h = 21, .ofs_x = 2, .ofs_y = 0},
    {.bitmap_index = 14759, .adv_w = 269, .box_w = 14, .box_h = 20, .ofs_x = 2, .ofs_y = 0},
    {.bitmap_index = 14825, .adv_w = 269, .box_w = 15, .box_h = 21, .ofs_x = 0, .ofs_y = 0},
    {.bitmap_index = 14965, .adv_w = 269, .box_w = 13, .box_h = 22, .ofs_x = 2, .ofs_y = 0},
    {.bitmap_index = 15044, .adv_w = 269, .box_w = 15, .box_h = 21, .ofs_x = 1, .ofs_y = 0},
    {.bitmap_index = 15171, .adv_w = 269, .box_w = 15, .box_h = 21, .ofs_x = 1, .ofs_y = 0},
    {.bitmap_index = 15300, .adv_w = 269, .box_w = 15, .box_h = 21, .ofs_x = 1, .ofs_y = 0},
    {.bitmap_index = 15434, .adv_w = 269, .box_w = 15, .box_h = 22, .ofs_x = 1, .ofs_y = 0},
    {.bitmap_index = 15571, .adv_w = 269, .box_w = 15, .box_h = 21, .ofs_x = 1, .ofs_y = 0},
    {.bitmap_index = 15706, .adv_w = 269, .box_w = 15, .box_h = 15, .ofs_x = 1, .ofs_y = 2},
    {.bitmap_index = 15766, .adv_w = 269, .box_w = 15, .box_h = 19, .ofs_x = 1, .ofs_y = -2},
    {.bitmap_index = 15896, .adv_w = 269, .box_w = 13, .box_h = 20, .ofs_x = 2, .ofs_y = 0},
    {.bitmap_index = 15964, .adv_w = 269, .box_w = 13, .box_h = 20, .ofs_x = 2, .ofs_y = 0},
    {.bitmap_index = 16031, .adv_w = 269, .box_w = 13, .box_h = 21, .ofs_x = 2, .ofs_y = 0},
    {.bitmap_index = 16108, .adv_w = 269, .box_w = 13, .box_h = 20, .ofs_x = 2, .ofs_y = 0},
    {.bitmap_index = 16184, .adv_w = 269, .box_w = 17, .box_h = 26, .ofs_x = 0, .ofs_y = -6},
    {.bitmap_index = 16344, .adv_w = 269, .box_w = 14, .box_h = 27, .ofs_x = 2, .ofs_y = -6},
    {.bitmap_index = 16441, .adv_w = 269, .box_w = 17, .box_h = 26, .ofs_x = 0, .ofs_y = -6}
};

/*---------------------
 *  CHARACTER MAPPING
 *--------------------*/



/*Collect the unicode lists and glyph_id offsets*/
static const lv_font_fmt_txt_cmap_t cmaps[] =
{
    {
        .range_start = 32, .range_length = 95, .glyph_id_start = 1,
        .unicode_list = NULL, .glyph_id_ofs_list = NULL, .list_length = 0, .type = LV_FONT_FMT_TXT_CMAP_FORMAT0_TINY
    },
    {
        .range_start = 160, .range_length = 96, .glyph_id_start = 96,
        .unicode_list = NULL, .glyph_id_ofs_list = NULL, .list_length = 0, .type = LV_FONT_FMT_TXT_CMAP_FORMAT0_TINY
    }
};



/*--------------------
 *  ALL CUSTOM DATA
 *--------------------*/

#if LVGL_VERSION_MAJOR == 8
/*Store all the custom data of the font*/
static  lv_font_fmt_txt_glyph_cache_t cache;
#endif

#if LVGL_VERSION_MAJOR >= 8
static const lv_font_fmt_txt_dsc_t font_dsc = {
#else
static lv_font_fmt_txt_dsc_t font_dsc = {
#endif
    .glyph_bitmap = glyph_bitmap,
    .glyph_dsc = glyph_dsc,
    .cmaps = cmaps,
    .kern_dsc = NULL,
    .kern_scale = 0,
    .cmap_num = 2,
    .bpp = 4,
    .kern_classes = 0,
    .bitmap_format = 1,
#if LVGL_VERSION_MAJOR == 8
    .cache = &cache
#endif
};



/*-----------------
 *  PUBLIC FONT
 *----------------*/

/*Initialize a public general font descriptor*/
#if LVGL_VERSION_MAJOR >= 8
const lv_font_t roboto_mono_medium_28 = {
#else
lv_font_t roboto_mono_medium_28 = {
#endif
    .get_glyph_dsc = lv_font_get_glyph_dsc_fmt_txt,    /*Function pointer to get glyph's data*/
    .get_glyph_bitmap = lv_font_get_bitmap_fmt_txt,    /*Function pointer to get glyph's bitmap*/
    .line_height = 34,          /*The maximum line height required by the font*/
    .base_line = 7,             /*Baseline measured from the bottom of the line*/
#if !(LVGL_VERSION_MAJOR == 6 && LVGL_VERSION_MINOR == 0)
    .subpx = LV_FONT_SUBPX_NONE,
#endif
#if LV_VERSION_CHECK(7, 4, 0) || LVGL_VERSION_MAJOR >= 8
    .underline_position = -2,
    .underline_thickness = 1,
#endif
    .dsc = &font_dsc,          /*The custom font data. Will be accessed by `get_glyph_bitmap/dsc` */
#if LV_VERSION_CHECK(8, 2, 0) || LVGL_VERSION_MAJOR >= 9
    .fallback = NULL,
#endif
    .user_data = NULL,
};



#endif /*#if ROBOTO_MONO_MEDIUM_28*/

