/*******************************************************************************
 * Size: 24 px
 * Bpp: 4
 * Opts: --bpp 4 --size 24 --font robmb.ttf --range 32-127,160-255 --format lvgl -o generated_fonts/roboto_mono_bold_24.c
 ******************************************************************************/

#ifdef LV_LVGL_H_INCLUDE_SIMPLE
#include "lvgl.h"
#else
#include "lvgl/lvgl.h"
#endif

#ifndef ROBOTO_MONO_BOLD_24
#define ROBOTO_MONO_BOLD_24 1
#endif

#if ROBOTO_MONO_BOLD_24

/*-----------------
 *    BITMAPS
 *----------------*/

/*Store the image of the glyphs*/
static LV_ATTRIBUTE_LARGE_CONST const uint8_t glyph_bitmap[] = {
    /* U+0020 " " */

    /* U+0021 "!" */
    0x7f, 0xf6, 0x80, 0x78, 0x40, 0x3f, 0xf8, 0x2,
    0x1, 0xe3, 0x0, 0xf9, 0xc0, 0x3c, 0x20, 0x1f,
    0xc9, 0xba, 0xa0, 0x1, 0x10, 0x40, 0xf, 0x4,
    0x11, 0x7, 0xc0, 0x20, 0x0, 0x84, 0x90, 0x40,
    0x0,

    /* U+0022 "\"" */
    0xbf, 0xb0, 0x7, 0x7c, 0x0, 0x7f, 0x88, 0x3,
    0x78, 0x0, 0x40, 0x30, 0x80, 0x3c, 0x3, 0x18,
    0x0, 0x40, 0x30, 0xce, 0x38, 0x3, 0x71, 0x0,

    /* U+0023 "#" */
    0x0, 0xeb, 0xf5, 0x4, 0xfc, 0x0, 0xf9, 0x41,
    0xc0, 0xc1, 0x80, 0x3c, 0x22, 0x2, 0xd, 0xd,
    0x0, 0xf2, 0x81, 0x0, 0x1c, 0xc, 0x3, 0xc6,
    0xe, 0x0, 0x20, 0x50, 0xa, 0xbf, 0xd0, 0xb,
    0xfe, 0x0, 0x77, 0xc8, 0x7, 0xff, 0xe, 0xbf,
    0xc0, 0xe, 0xf7, 0x6, 0xff, 0x48, 0x4, 0x60,
    0x22, 0x3, 0xc, 0x0, 0xf2, 0x82, 0x80, 0x10,
    0x1c, 0x2, 0x8f, 0xf4, 0x82, 0x7f, 0x80, 0x1b,
    0xf4, 0x1, 0xff, 0xc3, 0x8f, 0xf0, 0x86, 0xfc,
    0x3, 0x7f, 0xa8, 0x2, 0x11, 0x1, 0x6, 0x87,
    0x0, 0x79, 0x40, 0x80, 0xe, 0x6, 0x1, 0xe3,
    0x7, 0x0, 0x10, 0x28, 0x7, 0xb8, 0x34, 0x8,
    0x4, 0x40, 0x18,

    /* U+0024 "$" */
    0x0, 0xf1, 0x8, 0x7, 0xf8, 0x77, 0x40, 0x1f,
    0xfc, 0xa5, 0x80, 0x27, 0x10, 0xe, 0x4e, 0xa6,
    0x1, 0x8e, 0x70, 0x8, 0xac, 0x40, 0x3d, 0xc,
    0x0, 0xb0, 0x0, 0xdf, 0xe9, 0x80, 0x20, 0x0,
    0x80, 0x9, 0x40, 0x2e, 0x0, 0x9, 0x80, 0x7e,
    0x23, 0x22, 0x38, 0x38, 0x2, 0x84, 0x2, 0xcd,
    0xd2, 0x4, 0x80, 0xb, 0xa0, 0x80, 0x3c, 0x74,
    0x1, 0x3e, 0xe2, 0x0, 0x72, 0xeb, 0x0, 0x47,
    0x74, 0x1, 0xc5, 0x3d, 0x24, 0x0, 0x5a, 0x0,
    0xf0, 0xb6, 0xb8, 0x1, 0x49, 0xb3, 0x14, 0x1,
    0xa0, 0x2, 0x70, 0x33, 0x28, 0x7, 0xf3, 0x80,
    0x54, 0x20, 0x9, 0x0, 0x9c, 0x5c, 0x0, 0xbd,
    0xcf, 0x60, 0x2, 0x90, 0x43, 0x0, 0x42, 0x1,
    0x25, 0x0, 0x53, 0xb0, 0x60, 0x4f, 0x96, 0x1,
    0xc4, 0xf2, 0xb, 0x6, 0x1, 0xff, 0xc4,

    /* U+0025 "%" */
    0x4, 0xcf, 0xe9, 0x10, 0xf, 0x8e, 0xcc, 0x5,
    0xac, 0x3, 0xeb, 0x3, 0xfb, 0x5, 0x0, 0x2c,
    0x88, 0x0, 0x41, 0x41, 0x40, 0x2, 0x16, 0xc0,
    0x10, 0x82, 0xa, 0x0, 0x6, 0x6, 0x4, 0x1,
    0x40, 0x5d, 0x40, 0xc4, 0xe4, 0xe0, 0x11, 0x62,
    0x11, 0x1e, 0x60, 0x24, 0x3, 0x8e, 0xf7, 0x50,
    0x8a, 0x88, 0x0, 0xff, 0x48, 0x48, 0x7, 0xf9,
    0x89, 0x86, 0xfb, 0x58, 0x3, 0x86, 0x6, 0xb1,
    0x4, 0xa5, 0x80, 0x34, 0xc, 0xd8, 0x1f, 0xb8,
    0x58, 0x4, 0x4c, 0x4e, 0x60, 0x81, 0x60, 0x40,
    0x12, 0x4, 0x80, 0x7f, 0xcd, 0xc8, 0x4, 0x8,
    0xa, 0x4, 0x1, 0x84, 0x1, 0x40, 0x7f, 0x21,
    0x40, 0x1f, 0x1d, 0x90, 0xb, 0xb8,

    /* U+0026 "&" */
    0x0, 0xcd, 0x9f, 0xeb, 0x30, 0xf, 0xd3, 0x23,
    0x0, 0x26, 0x18, 0x7, 0x8d, 0x80, 0x6, 0x60,
    0x4, 0x0, 0x79, 0x0, 0xb, 0x98, 0x10, 0x50,
    0xf, 0x78, 0x3, 0x40, 0x6, 0x6, 0x1, 0xed,
    0x0, 0x60, 0x41, 0x5, 0x80, 0x79, 0x44, 0x13,
    0x5c, 0x15, 0x80, 0x3e, 0x80, 0x1, 0x4, 0xd0,
    0x7, 0xc3, 0x80, 0x11, 0x30, 0x1, 0x15, 0x40,
    0x16, 0xa8, 0x4, 0x54, 0x0, 0x8a, 0xa0, 0x2,
    0x4c, 0xf, 0x0, 0xa, 0xe0, 0x60, 0x20, 0x6,
    0x0, 0x41, 0xd0, 0x2, 0x28, 0x0, 0x80, 0x20,
    0x13, 0x82, 0xb8, 0x1, 0x40, 0x12, 0x2, 0x1,
    0x58, 0x2, 0x8, 0x2, 0x53, 0x0, 0x28, 0x1,
    0xf2, 0xb4, 0x80, 0x3e, 0xb2, 0x0, 0x1a, 0x90,
    0x6, 0x56, 0x0, 0xe, 0x39, 0x0, 0x9, 0xb1,
    0x80, 0x12, 0x40,

    /* U+0027 "'" */
    0xaf, 0xd0, 0xe, 0x10, 0x3, 0x80, 0x4, 0x0,
    0x7d, 0x34,

    /* U+0028 "(" */
    0x0, 0xff, 0x8f, 0x44, 0x2, 0x4c, 0x27, 0x0,
    0x15, 0x82, 0xb0, 0x2, 0x40, 0x68, 0x0, 0x88,
    0xb, 0x0, 0xbc, 0x5, 0x40, 0x2, 0x80, 0xe0,
    0x13, 0x80, 0x34, 0x2, 0xf0, 0x2, 0x80, 0x4a,
    0x0, 0x10, 0x8, 0x80, 0x40, 0x3c, 0x60, 0x18,
    0x40, 0x3c, 0x20, 0x60, 0x18, 0xc0, 0x40, 0x33,
    0x80, 0x4, 0x2, 0xd0, 0x1, 0x0, 0x48, 0x0,
    0x40, 0x8, 0xc8, 0x2c, 0x3, 0x50, 0x19, 0x80,
    0x27, 0x10, 0x80, 0xd, 0x40, 0x8c, 0x1, 0x23,
    0x84, 0xa0, 0x5, 0x10, 0x7, 0x0, 0xcf, 0xa6,

    /* U+0029 ")" */
    0x0, 0xfe, 0xd6, 0x0, 0xe2, 0x24, 0xb8, 0x6,
    0x28, 0x8, 0x50, 0xc, 0xe8, 0x16, 0x20, 0x1a,
    0x40, 0x60, 0x3, 0x12, 0x3, 0x8, 0x6, 0xe0,
    0x3, 0x80, 0x64, 0x0, 0x68, 0x6, 0x11, 0x2,
    0x0, 0x71, 0x0, 0x8, 0x3, 0x30, 0x1, 0x80,
    0x3e, 0x10, 0xf, 0xfe, 0x18, 0x80, 0x61, 0x0,
    0x38, 0x6, 0x60, 0x1, 0x80, 0x62, 0x3, 0x0,
    0xc8, 0x0, 0x40, 0xd, 0xa0, 0xa, 0x0, 0xce,
    0x8, 0x40, 0x14, 0x8, 0x40, 0x4, 0x6e, 0xe,
    0x60, 0x1, 0xd0, 0x48, 0x0, 0x84, 0x4b, 0x60,
    0x1d, 0xb4, 0x1, 0xc0,

    /* U+002A "*" */
    0x0, 0xe6, 0xff, 0x8, 0x7, 0xf1, 0x80, 0x4,
    0x3, 0xf9, 0x80, 0x40, 0x3c, 0xee, 0x10, 0x10,
    0x20, 0x0, 0xc0, 0x85, 0x47, 0x40, 0x83, 0x9d,
    0x73, 0xb8, 0x18, 0x0, 0xf8, 0x9, 0x8a, 0x0,
    0xf0, 0xbf, 0xc8, 0x10, 0x2, 0x46, 0x7c, 0x80,
    0x46, 0x61, 0x0, 0x9c, 0xc0, 0x38, 0xec, 0x2c,
    0x92, 0x0, 0x38, 0x74, 0x15, 0x24, 0x1d, 0x40,
    0x34, 0x8, 0x40, 0x22, 0x2, 0x84, 0x2, 0x98,
    0x81, 0x0, 0x24, 0xb4, 0x40, 0x33, 0xb8, 0x2,
    0x2d, 0x20, 0x0,

    /* U+002B "+" */
    0x0, 0xc9, 0x10, 0x40, 0xf, 0xd8, 0xee, 0xd0,
    0xf, 0xfe, 0xe6, 0xff, 0xce, 0x0, 0x6f, 0xfb,
    0x40, 0x3f, 0xf9, 0x9b, 0xff, 0x38, 0x1, 0xbf,
    0xed, 0x0, 0xff, 0xf2, 0x0,

    /* U+002C "," */
    0xb, 0xff, 0x28, 0x7, 0xfc, 0xe0, 0x6, 0x2,
    0x0, 0x19, 0x84, 0x18, 0x28, 0x6, 0x2, 0x65,
    0x82, 0x0,

    /* U+002D "-" */
    0x7a, 0xaf, 0xe0, 0xc5, 0x5f, 0xe1, 0x0, 0xff,
    0x80,

    /* U+002E "." */
    0x0, 0x1a, 0x0, 0x51, 0x97, 0xc2, 0xe, 0x0,
    0x17, 0x1, 0x0, 0x8c, 0x28, 0x41, 0x54,

    /* U+002F "/" */
    0x0, 0xf1, 0xff, 0xb4, 0x3, 0xd6, 0x0, 0xa0,
    0xf, 0x30, 0x1, 0x40, 0x38, 0xc4, 0xc, 0x80,
    0x3a, 0x80, 0x16, 0x1, 0xe7, 0x0, 0x30, 0x7,
    0x20, 0x81, 0x88, 0x7, 0x68, 0x2, 0x80, 0x3c,
    0xc0, 0x7, 0x0, 0xe5, 0x0, 0x20, 0x80, 0x77,
    0x80, 0x38, 0x3, 0xca, 0x0, 0x50, 0xe, 0x50,
    0x2, 0x80, 0x7b, 0x80, 0x1e, 0x1, 0xc2, 0x80,
    0x5, 0x0, 0xe7, 0x0, 0x28, 0x7, 0xb4, 0x1,
    0xc0, 0x1c, 0x28, 0x2, 0x80, 0x1c, 0x6e, 0xeb,
    0x0, 0xf0,

    /* U+0030 "0" */
    0x0, 0x9b, 0x3f, 0xdb, 0x22, 0x1, 0xaa, 0x4c,
    0x0, 0x4d, 0xe4, 0x0, 0x65, 0x0, 0x1a, 0x80,
    0x7, 0xc0, 0x10, 0x0, 0x7c, 0xad, 0x0, 0x12,
    0x10, 0x80, 0x24, 0x0, 0x48, 0x0, 0xd6, 0x0,
    0x84, 0x2, 0x30, 0x1, 0x8, 0x7, 0x99, 0xc0,
    0xe, 0x1, 0xc3, 0x72, 0x1, 0xf9, 0x3d, 0x15,
    0x80, 0x3e, 0xb1, 0x9a, 0x10, 0xf, 0x8f, 0x58,
    0x3, 0x84, 0x2, 0xc2, 0x0, 0xe7, 0x60, 0x8,
    0x40, 0x23, 0x0, 0x11, 0x40, 0x9, 0x0, 0x12,
    0x0, 0x34, 0x2c, 0x0, 0xf9, 0x5a, 0x0, 0x24,
    0x6, 0x50, 0x1, 0xa8, 0x0, 0x7c, 0x2, 0xaa,
    0x18, 0x0, 0x5b, 0xc8, 0x0,

    /* U+0031 "1" */
    0x0, 0xf8, 0x40, 0x30, 0xbe, 0xd8, 0x1, 0x6f,
    0xa0, 0x82, 0xbe, 0x90, 0x3, 0x28, 0x7, 0xe2,
    0x8d, 0x50, 0xb, 0x35, 0xc8, 0x3, 0x18, 0x7,
    0xff, 0xfc, 0x3, 0xff, 0x80,

    /* U+0032 "2" */
    0x0, 0x8a, 0x77, 0xfd, 0xb0, 0x1, 0xcd, 0xac,
    0x40, 0x2, 0x7d, 0x10, 0x2, 0x48, 0x4, 0x64,
    0x0, 0x2b, 0x0, 0x40, 0x1, 0x3f, 0x35, 0xc0,
    0xa, 0x2, 0x60, 0x8, 0x0, 0xa0, 0x2, 0x30,
    0x77, 0x8c, 0x3, 0xe1, 0x14, 0x44, 0x1, 0x98,
    0x0, 0x24, 0x1, 0xf0, 0xc0, 0x2, 0x40, 0x3f,
    0x68, 0x81, 0xb8, 0x7, 0xd8, 0x60, 0x3a, 0x1,
    0xf5, 0x98, 0xe, 0x8, 0x7, 0xad, 0x0, 0x70,
    0x80, 0x3d, 0x48, 0x0, 0xd2, 0x0, 0xf4, 0xa8,
    0x3, 0xc, 0x3, 0xd0, 0xc0, 0x2, 0x9a, 0xae,
    0x80, 0x50, 0x8, 0x95, 0x7e, 0x0, 0xff, 0xe0,
    0x80,

    /* U+0033 "3" */
    0x0, 0x14, 0xef, 0xfb, 0x64, 0x80, 0x25, 0xd6,
    0x20, 0x1, 0x36, 0xa8, 0x15, 0x0, 0x48, 0x80,
    0xa, 0x86, 0x80, 0x3, 0xd7, 0x6d, 0x0, 0x9b,
    0x5d, 0xd6, 0x20, 0x2, 0x40, 0x7, 0x2c, 0x41,
    0x40, 0x33, 0x80, 0x38, 0x3, 0xc3, 0x6, 0x0,
    0x60, 0x8, 0x7f, 0xdc, 0xe0, 0x36, 0x20, 0x1f,
    0xc8, 0xa0, 0x18, 0x5d, 0xcc, 0x20, 0xbe, 0x20,
    0x1a, 0x21, 0x3c, 0x40, 0x32, 0x1, 0xfa, 0x80,
    0x9, 0x59, 0x85, 0x0, 0xf8, 0x44, 0x66, 0x81,
    0x0, 0xd, 0x0, 0x1f, 0xc0, 0x5, 0xf5, 0x4f,
    0x20, 0x4, 0xa4, 0x0, 0x5, 0x54, 0x20, 0x9,
    0x30, 0x7c, 0x52, 0x0, 0x13, 0x6b, 0x0,

    /* U+0034 "4" */
    0x0, 0xf9, 0xff, 0xe2, 0x0, 0xfc, 0x50, 0x1,
    0xff, 0xc0, 0xe0, 0xf, 0xfe, 0x3, 0x18, 0x7,
    0xfc, 0x52, 0x4, 0x1, 0xfe, 0x90, 0x7, 0x0,
    0x7f, 0x32, 0x4, 0x10, 0x7, 0xe1, 0x90, 0x37,
    0x0, 0xfe, 0xa0, 0x7, 0x0, 0x7f, 0x2a, 0x4,
    0x10, 0x7, 0xe1, 0xb0, 0x6, 0xd5, 0x40, 0x14,
    0xd0, 0xa8, 0x80, 0x15, 0x64, 0x0, 0x91, 0x4d,
    0xc0, 0x3f, 0xf8, 0x27, 0xff, 0xee, 0x0, 0xb7,
    0xc8, 0x3, 0xff, 0xbc,

    /* U+0035 "5" */
    0x4, 0xff, 0xfe, 0x40, 0x20, 0xf, 0xfb, 0x80,
    0x2, 0x67, 0xe7, 0x1, 0x0, 0x46, 0x67, 0x8c,
    0x8, 0x0, 0x40, 0x1f, 0x98, 0x0, 0xea, 0xee,
    0x30, 0xc, 0x40, 0xc, 0xa8, 0x86, 0x60, 0x40,
    0x40, 0x3f, 0x1e, 0x80, 0xba, 0x1e, 0x7f, 0x30,
    0x0, 0xd4, 0x22, 0xf0, 0xc0, 0x64, 0xc0, 0x1e,
    0x1, 0xfa, 0xc0, 0xc, 0x1, 0xff, 0xc, 0xff,
    0xa8, 0x3, 0x70, 0x1, 0xb0, 0x0, 0xa6, 0x0,
    0x26, 0x0, 0x62, 0x90, 0x3, 0x2e, 0xb4, 0x0,
    0x2c, 0x1e, 0x40, 0x4, 0x50, 0xa, 0x84, 0xb,
    0x60, 0xc0, 0x2, 0xda, 0x80,

    /* U+0036 "6" */
    0x0, 0xe7, 0xbe, 0xf4, 0x0, 0xe5, 0xe8, 0x41,
    0x0, 0xf3, 0xd0, 0x80, 0x4, 0xdc, 0x2, 0x48,
    0x0, 0x2e, 0xf6, 0x18, 0x5, 0x0, 0x6, 0xa2,
    0x0, 0xe3, 0x30, 0xc, 0xac, 0xc9, 0x80, 0x24,
    0x0, 0x2e, 0xd3, 0x32, 0x78, 0x83, 0x40, 0x8,
    0x40, 0x18, 0x70, 0x4, 0x2, 0x7e, 0xe3, 0x80,
    0x5, 0x9c, 0x0, 0xb0, 0x22, 0x84, 0x0, 0x68,
    0x4, 0x40, 0x1b, 0x40, 0xc, 0xe0, 0x1, 0x0,
    0xfc, 0x60, 0x5, 0x0, 0xde, 0x0, 0x6a, 0x0,
    0x1a, 0x80, 0x9, 0x80, 0x18, 0x4c, 0x0, 0xab,
    0xb6, 0x80, 0x5, 0xc2, 0x50, 0x0, 0x88, 0x0,
    0xe, 0x80, 0x57, 0x26, 0x0, 0x27, 0xf3, 0x0,

    /* U+0037 "7" */
    0x3f, 0xff, 0xfb, 0x0, 0x3f, 0xf8, 0x22, 0x89,
    0xf8, 0x40, 0x8, 0x57, 0x7f, 0x84, 0x1, 0x20,
    0x1f, 0x9c, 0x0, 0xa2, 0x1, 0xfa, 0x40, 0x12,
    0x1, 0xf9, 0x84, 0xc, 0xc0, 0x1f, 0xac, 0x1,
    0x20, 0x1f, 0x94, 0x80, 0x94, 0x3, 0xf4, 0x80,
    0x28, 0x3, 0xf2, 0x18, 0x1, 0xc0, 0x3f, 0x78,
    0x1, 0x80, 0x3f, 0x1a, 0x0, 0x2c, 0x3, 0xf4,
    0x80, 0x10, 0x80, 0x3e, 0x25, 0x0, 0x40, 0x7,
    0xeb, 0x0, 0x19, 0x80, 0x3e, 0x16, 0x0, 0x48,
    0x7, 0x80,

    /* U+0038 "8" */
    0x0, 0x14, 0xef, 0xfb, 0x64, 0x80, 0x24, 0xd6,
    0x20, 0x1, 0x36, 0xa0, 0x2, 0x80, 0x24, 0x40,
    0x5, 0x40, 0x82, 0x0, 0xcb, 0xb6, 0x0, 0x5,
    0x4, 0x0, 0x26, 0x0, 0x31, 0x0, 0xa, 0x0,
    0x4, 0xc0, 0x6, 0x20, 0x4, 0x18, 0x0, 0x65,
    0xdb, 0x0, 0xe, 0x20, 0xf0, 0x0, 0x44, 0x0,
    0x22, 0x0, 0x4, 0x80, 0xf, 0x42, 0x0, 0xd8,
    0x1, 0xfb, 0x8e, 0x0, 0xb1, 0x60, 0x1, 0xc0,
    0x8a, 0xc, 0x1, 0x38, 0x0, 0x50, 0xc, 0xa0,
    0x3, 0x10, 0x1, 0x80, 0x63, 0x0, 0xb4, 0x0,
    0xa4, 0x0, 0x25, 0x0, 0x1b, 0x0, 0x5b, 0x76,
    0xd0, 0xa, 0x46, 0xc0, 0x24, 0x40, 0x5, 0x62,
    0x9, 0xac, 0x40, 0x2, 0x6d, 0x40,

    /* U+0039 "9" */
    0x0, 0xc, 0x6f, 0xfb, 0x14, 0x3, 0x17, 0xb9,
    0x0, 0xe, 0xa4, 0x2, 0xf1, 0x0, 0x21, 0x80,
    0x19, 0xc1, 0x88, 0x1, 0x97, 0x8e, 0x0, 0x90,
    0xd0, 0x3, 0x18, 0x2, 0x4, 0x5, 0x18, 0x1,
    0xe0, 0x19, 0x40, 0x6, 0x1, 0x8, 0x7, 0xde,
    0xc0, 0xc, 0x0, 0xce, 0x1, 0x68, 0x1, 0x1c,
    0x6, 0x4c, 0x2, 0x62, 0x0, 0x47, 0xf3, 0x0,
    0x5e, 0x1e, 0x40, 0x18, 0x84, 0x0, 0x60, 0x5b,
    0x70, 0xf5, 0x82, 0x0, 0x50, 0x9, 0x1e, 0x16,
    0x40, 0xa, 0x20, 0x1c, 0x52, 0xe0, 0x8, 0x0,
    0x8f, 0x3b, 0x58, 0x1, 0x24, 0x1, 0x31, 0x88,
    0x0, 0x69, 0x80, 0x3c, 0x29, 0x3c, 0xa0, 0x10,

    /* U+003A ":" */
    0x3d, 0xfb, 0x1f, 0x20, 0x49, 0x10, 0x8, 0x6c,
    0x2, 0xa6, 0xdb, 0xe3, 0x2, 0x41, 0x0, 0xff,
    0xe2, 0x92, 0x8, 0x36, 0xdf, 0x1d, 0x80, 0x54,
    0x20, 0x10, 0xf9, 0x2, 0x48,

    /* U+003B ";" */
    0x0, 0x21, 0x80, 0x7, 0x6f, 0x24, 0x1c, 0x80,
    0xc, 0x6, 0x1, 0xca, 0xc0, 0x34, 0x0, 0x9f,
    0xe5, 0x0, 0xff, 0xea, 0x34, 0x40, 0x40, 0x16,
    0xee, 0x20, 0xf, 0xfe, 0x11, 0x80, 0xc, 0x8,
    0x41, 0x0, 0x14, 0x0, 0x80, 0x7, 0xc, 0x18,
    0x1, 0xb9, 0xc0, 0x20,

    /* U+003C "<" */
    0x0, 0xfe, 0x4b, 0x30, 0xf, 0xb, 0xed, 0xa0,
    0x7, 0x1c, 0xf4, 0x10, 0x7, 0x2e, 0x61, 0x80,
    0x23, 0x93, 0x1e, 0xa3, 0x0, 0x1c, 0x76, 0x30,
    0x18, 0x80, 0x17, 0x71, 0xc4, 0x3, 0xe5, 0xe7,
    0x20, 0xc, 0x56, 0xa0, 0x3, 0x8d, 0xc7, 0x20,
    0x2, 0x57, 0x38, 0x80, 0xe, 0x34, 0xc0, 0x21,
    0x8e, 0xa3, 0x0, 0xff, 0x2e, 0x6b, 0x0, 0x7f,
    0x8a, 0x7c, 0xc0,

    /* U+003D "=" */
    0x1b, 0xbf, 0xf5, 0x1a, 0x27, 0xf9, 0x40, 0x3f,
    0xf8, 0x5, 0xff, 0xff, 0x0, 0x7f, 0xf0, 0x6,
    0xab, 0xfe, 0x35, 0x5f, 0xf8, 0x3, 0xff, 0x80,

    /* U+003E ">" */
    0x1c, 0x50, 0xf, 0xf1, 0xd7, 0x41, 0x0, 0x7f,
    0xb, 0xed, 0xa0, 0x6, 0x19, 0x40, 0x9, 0x2f,
    0x9c, 0x40, 0xd, 0x7f, 0x48, 0x0, 0x18, 0xe5,
    0x0, 0xcb, 0x7f, 0x0, 0x11, 0x0, 0x61, 0x6c,
    0x80, 0xe, 0x16, 0xce, 0x93, 0x0, 0x1d, 0x38,
    0xf4, 0x98, 0x4, 0xd9, 0x85, 0x0, 0xe2, 0x9f,
    0x93, 0x0, 0xe5, 0xcd, 0x60, 0xf, 0xf, 0x51,
    0x80, 0x7e,

    /* U+003F "?" */
    0x0, 0x9f, 0x3f, 0xdd, 0x8c, 0x1, 0xe, 0x41,
    0x80, 0x4, 0xe7, 0x0, 0x10, 0x60, 0x2, 0x42,
    0x0, 0x1c, 0x3, 0x0, 0x1b, 0x6f, 0x50, 0x0,
    0xa2, 0xab, 0x40, 0x5, 0xa0, 0x3, 0x1a, 0xa8,
    0x40, 0x2f, 0x0, 0x10, 0x7, 0xc6, 0xc0, 0x9,
    0x0, 0xf2, 0x60, 0x1, 0x94, 0x3, 0x96, 0xc0,
    0xd, 0x20, 0x1e, 0xb0, 0x3, 0xc8, 0x7, 0x84,
    0x40, 0x30, 0x1, 0xf9, 0x10, 0xe0, 0x1f, 0x86,
    0xed, 0x20, 0x1f, 0xcf, 0x26, 0x1, 0xf9, 0xe1,
    0xb0, 0x3, 0xf7, 0x0, 0x42, 0x1, 0xf5, 0x90,
    0x38, 0x80, 0x40,

    /* U+0040 "@" */
    0x0, 0xc3, 0x1b, 0xfe, 0xc6, 0x0, 0xf2, 0xf3,
    0x91, 0x47, 0x36, 0x1, 0x92, 0x82, 0x7f, 0x75,
    0xca, 0x92, 0x1, 0x50, 0x63, 0x0, 0x43, 0x46,
    0xc4, 0x10, 0x2e, 0x63, 0x5f, 0xeb, 0x29, 0x5,
    0x6, 0x9, 0x1c, 0x51, 0x12, 0x21, 0xc3, 0x48,
    0x4c, 0x64, 0x93, 0x98, 0xc, 0xc0, 0x2e, 0xa,
    0xc, 0x12, 0x2, 0xc, 0x0, 0x12, 0xe, 0x11,
    0x1, 0x1, 0x0, 0x98, 0x1f, 0x80, 0xc, 0x4,
    0x0, 0xe0, 0x4c, 0x1f, 0xe0, 0x1, 0x80, 0x88,
    0x8, 0x1, 0xc0, 0xe4, 0x1a, 0x24, 0x1f, 0xa2,
    0x18, 0xac, 0x2e, 0x8, 0x1e, 0x42, 0xf8, 0x46,
    0xb2, 0x4, 0x62, 0xe5, 0xbf, 0x47, 0xbf, 0x40,
    0x17, 0x84, 0x40, 0x40, 0x2, 0xa0, 0x1c, 0x72,
    0xf, 0xdb, 0xae, 0xa1, 0x0, 0xe6, 0xd6, 0x22,
    0xd0, 0x20, 0x10,

    /* U+0041 "A" */
    0x0, 0xe3, 0xff, 0x84, 0x3, 0xfd, 0x40, 0x13,
    0x80, 0x7f, 0x9c, 0x2, 0xd0, 0xf, 0xe3, 0x10,
    0x9, 0x0, 0x3f, 0xac, 0x3, 0x94, 0x3, 0xf3,
    0x0, 0x20, 0x1, 0xe0, 0x1f, 0x18, 0x81, 0x30,
    0x1, 0x40, 0x3e, 0xb0, 0x2, 0x9, 0x80, 0x14,
    0x3, 0xca, 0x0, 0xd0, 0x40, 0x7, 0x80, 0x71,
    0x90, 0x1, 0x3, 0x0, 0xa, 0x1, 0xd6, 0x0,
    0x30, 0x2, 0x0, 0x48, 0x1, 0x94, 0x0, 0x7f,
    0xf0, 0x5, 0xa0, 0x11, 0x90, 0x7, 0xf3, 0x80,
    0x56, 0x1, 0x11, 0x70, 0x0, 0x50, 0x0, 0xa0,
    0x6, 0xdd, 0xe2, 0x0, 0x68, 0x11, 0x0, 0x1a,
    0x1, 0xca, 0x0, 0x70, 0xa0, 0x9, 0x0, 0x3a,
    0xc0, 0x2, 0x60,

    /* U+0042 "B" */
    0x7f, 0xff, 0x76, 0x38, 0x80, 0x7f, 0x9, 0xc7,
    0x98, 0x7, 0x22, 0x44, 0x0, 0x1d, 0x0, 0xc5,
    0x77, 0x6d, 0x0, 0x5, 0x0, 0x3f, 0x28, 0x80,
    0x8, 0x3, 0xf8, 0x40, 0x4, 0x1, 0xf1, 0x50,
    0x0, 0x90, 0x2, 0x2f, 0xfb, 0x54, 0xf, 0xc0,
    0x3f, 0xe7, 0x0, 0xe1, 0x99, 0xa0, 0xc1, 0x34,
    0x40, 0x23, 0x66, 0x9f, 0x8, 0x1, 0x0, 0x1f,
    0xca, 0x0, 0x50, 0xf, 0xe1, 0x0, 0xff, 0x89,
    0xc0, 0xa, 0x1, 0x15, 0x55, 0x9a, 0x20, 0xa,
    0x0, 0xca, 0xb1, 0x80, 0x52, 0x60, 0x1f, 0x89,
    0xb5, 0x80,

    /* U+0043 "C" */
    0x0, 0xcd, 0x9f, 0xee, 0xa4, 0x0, 0xf5, 0xc9,
    0x80, 0x5, 0x6e, 0x40, 0x35, 0x20, 0x0, 0xd0,
    0x40, 0xc, 0xc0, 0x2, 0x28, 0x2, 0xb2, 0xf9,
    0x80, 0x10, 0x0, 0xe0, 0x2, 0x28, 0x5, 0x0,
    0x1, 0x30, 0x40, 0x6, 0x80, 0x61, 0x76, 0x60,
    0x0, 0x40, 0x4, 0x1, 0xd1, 0x32, 0x31, 0x0,
    0xff, 0xee, 0x88, 0x7, 0xff, 0x8, 0x40, 0x4,
    0x1, 0xce, 0xf1, 0x2, 0x0, 0x30, 0x3, 0xc,
    0x44, 0x21, 0xc0, 0x5, 0x40, 0xa, 0xc0, 0x2,
    0x60, 0x88, 0x0, 0x5e, 0x5f, 0x28, 0x2, 0x0,
    0x2a, 0x30, 0x1, 0xa0, 0x80, 0x1d, 0x80, 0x21,
    0xc9, 0x30, 0x0, 0xae, 0x40, 0x0,

    /* U+0044 "D" */
    0x8f, 0xfe, 0xd9, 0x20, 0xf, 0xf1, 0x36, 0xc0,
    0x7, 0x85, 0xc, 0x2, 0x79, 0x0, 0xe2, 0xbc,
    0xe5, 0x0, 0x32, 0x0, 0x7c, 0x34, 0x60, 0xf,
    0x0, 0xfe, 0x90, 0x2, 0x8, 0x7, 0xe4, 0x0,
    0x94, 0x3, 0xf0, 0x80, 0x42, 0x1, 0xff, 0xd6,
    0x10, 0x8, 0x40, 0x3f, 0x20, 0x4, 0xa0, 0x1f,
    0xa4, 0x0, 0x62, 0x1, 0xf4, 0x98, 0x2, 0x0,
    0x31, 0x55, 0xf3, 0x0, 0x19, 0x0, 0x30, 0xaa,
    0x8, 0x1, 0xe4, 0x3, 0xf1, 0x36, 0x40, 0x4,

    /* U+0045 "E" */
    0x4f, 0xff, 0xf8, 0xc0, 0x3f, 0xf8, 0xa8, 0x9f,
    0x84, 0x3, 0x5d, 0xfe, 0x20, 0xf, 0xfe, 0xff,
    0xff, 0xc0, 0x1f, 0xfc, 0x75, 0x5f, 0x80, 0x3d,
    0x55, 0xf0, 0x7, 0xff, 0x86, 0xab, 0xf1, 0x0,
    0x65, 0x5f, 0xc2, 0x1, 0xff, 0xc1,

    /* U+0046 "F" */
    0x4f, 0xff, 0xf9, 0x0, 0x3f, 0xf8, 0xa8, 0x9f,
    0x9c, 0x3, 0x5d, 0xfe, 0x30, 0xf, 0xfe, 0xfd,
    0xdf, 0xc6, 0x1, 0xc8, 0x9f, 0x30, 0x7, 0xff,
    0x1b, 0xff, 0xe5, 0x0, 0xff, 0xff, 0x80, 0x60,

    /* U+0047 "G" */
    0x0, 0x96, 0xff, 0xdd, 0x6a, 0x1, 0xd5, 0x44,
    0x0, 0xa, 0x55, 0x0, 0x29, 0x50, 0x1, 0x20,
    0x80, 0x15, 0xc0, 0xd8, 0x0, 0xfb, 0x7c, 0xc0,
    0x9, 0xa, 0x0, 0x14, 0x0, 0x50, 0x0, 0x12,
    0x50, 0x2, 0x80, 0x61, 0xff, 0x88, 0xc0, 0x1c,
    0x1, 0xff, 0xc0, 0x30, 0xf, 0xfe, 0x1e, 0xff,
    0xf2, 0x0, 0x7f, 0xf1, 0xc, 0x1, 0x71, 0x0,
    0xc, 0x40, 0xe, 0x0, 0x33, 0xb8, 0x3, 0x20,
    0x1, 0x40, 0x3f, 0xa8, 0x0, 0x4e, 0x1, 0x10,
    0x6, 0x35, 0x0, 0x46, 0xd6, 0x68, 0x4, 0xe1,
    0x48, 0x0, 0x25, 0x30, 0xa, 0xc, 0x1, 0x74,
    0x82, 0x2, 0x71, 0xce, 0x0,

    /* U+0048 "H" */
    0x9f, 0xf5, 0x80, 0x67, 0xff, 0x60, 0x7, 0xff,
    0xfd, 0x3f, 0xf4, 0x0, 0x7f, 0xf1, 0x85, 0x13,
    0x10, 0x7, 0x96, 0xef, 0x50, 0x7, 0xff, 0xfc,

    /* U+0049 "I" */
    0xbf, 0xff, 0xe2, 0x0, 0xff, 0x8d, 0x10, 0x40,
    0x12, 0x24, 0x71, 0x76, 0xa0, 0x1, 0xdd, 0xc2,
    0x1, 0xff, 0xff, 0x0, 0xff, 0xeb, 0xbd, 0x54,
    0x0, 0x2a, 0xa8, 0x71, 0x54, 0x40, 0x1, 0x55,
    0x8c, 0x3, 0xfe,

    /* U+004A "J" */
    0x0, 0xfc, 0xdf, 0xee, 0x0, 0xff, 0xff, 0x80,
    0x7f, 0xf8, 0x48, 0xcc, 0x40, 0x1f, 0xa3, 0x31,
    0x0, 0x1b, 0xc0, 0x5, 0xa0, 0x5, 0x20, 0x1,
    0x30, 0x1, 0x18, 0x2, 0xdb, 0xb6, 0x80, 0x6,
    0x46, 0xc0, 0x24, 0x40, 0x0, 0x74, 0x41, 0x35,
    0x88, 0x0, 0x4f, 0xe6, 0x0,

    /* U+004B "K" */
    0x7f, 0xf6, 0x80, 0x76, 0xff, 0xc6, 0x1, 0xfa,
    0x48, 0x1, 0x26, 0x1, 0xf2, 0x30, 0x1, 0x58,
    0x3, 0xe1, 0xa0, 0x1, 0x50, 0x7, 0xed, 0x10,
    0x7, 0x80, 0x7e, 0x73, 0x0, 0x51, 0x0, 0x7c,
    0x70, 0x0, 0x65, 0x0, 0xf8, 0xf4, 0x2, 0x90,
    0xf, 0xc2, 0x20, 0x9, 0x80, 0x3f, 0xf8, 0x32,
    0x20, 0x1f, 0xd4, 0x1, 0x58, 0x7, 0xeb, 0x58,
    0x0, 0x2a, 0x0, 0x78, 0x90, 0x1c, 0x80, 0x14,
    0x1, 0xfe, 0x90, 0x0, 0xc0, 0x7, 0xf2, 0x28,
    0x1, 0xcc, 0x3, 0xfa, 0xc0, 0x2f, 0x0, 0xfe,
    0x18, 0x0, 0x1b, 0x80,

    /* U+004C "L" */
    0x3f, 0xf8, 0x40, 0x3f, 0xff, 0xe0, 0x1f, 0xff,
    0xf0, 0xf, 0xfe, 0x9d, 0x57, 0xe0, 0xe, 0x45,
    0x5f, 0x84, 0x3, 0xff, 0x82,

    /* U+004D "M" */
    0x8f, 0xfa, 0xc0, 0x3, 0xff, 0x88, 0x3, 0x20,
    0x1, 0xc0, 0x3f, 0xc6, 0x1a, 0x1, 0xfe, 0x40,
    0x40, 0xf, 0xf6, 0x20, 0x0, 0x80, 0x3c, 0x80,
    0x9a, 0x6, 0x20, 0x1e, 0xc0, 0x3, 0x5, 0x80,
    0x7c, 0x28, 0x1, 0x20, 0x80, 0x78, 0x70, 0x0,
    0x26, 0x1, 0xf9, 0x40, 0xe, 0x1, 0xfc, 0x42,
    0x1a, 0x1, 0xfb, 0xc2, 0xa5, 0x0, 0xc0, 0x3f,
    0x23, 0x0, 0x7f, 0xfb, 0x80,

    /* U+004E "N" */
    0x9f, 0xf7, 0x0, 0x68, 0xff, 0x60, 0x4, 0x2c,
    0x1, 0xff, 0x58, 0x7, 0xfc, 0x48, 0x1, 0xff,
    0x78, 0x7, 0xfc, 0x84, 0x1, 0xf8, 0x80, 0x16,
    0x1, 0xf8, 0x58, 0x18, 0x3, 0xfa, 0xc0, 0xc,
    0x1, 0xf8, 0x90, 0x2c, 0x3, 0xfb, 0xc0, 0x94,
    0x3, 0xf2, 0x10, 0x10, 0x7, 0xf5, 0x0, 0x7f,
    0xce, 0x1, 0xff, 0xc0, 0x60, 0xf, 0xfa, 0xc0,
    0x3f, 0xe2, 0x40, 0x8,

    /* U+004F "O" */
    0x0, 0xcf, 0x9f, 0xed, 0x81, 0x0, 0xe1, 0xc8,
    0x30, 0x1, 0x3f, 0x98, 0x6, 0xa3, 0x0, 0x11,
    0x80, 0x7, 0x8, 0x0, 0x88, 0x0, 0x56, 0xe6,
    0x88, 0x2, 0x0, 0x1c, 0x0, 0x45, 0x0, 0x14,
    0x0, 0x14, 0x0, 0x80, 0xd, 0x0, 0xce, 0x1,
    0x20, 0x8, 0x0, 0xc0, 0x30, 0x88, 0x0, 0x40,
    0x18, 0x40, 0x3f, 0x84, 0x3, 0xff, 0x80, 0x20,
    0x1f, 0xfc, 0x11, 0x10, 0x4, 0x20, 0x1f, 0xe1,
    0x0, 0x18, 0x6, 0x11, 0x0, 0x8, 0x10, 0x1,
    0xa0, 0x19, 0xc0, 0x24, 0xf, 0x0, 0x22, 0x0,
    0x5, 0x0, 0x5, 0x0, 0x2a, 0x0, 0x2f, 0x31,
    0xa2, 0x0, 0x80, 0xa, 0x88, 0x0, 0x66, 0x0,
    0xe, 0x10, 0x4, 0x3b, 0x6, 0x0, 0x27, 0xf3,
    0x0, 0x0,

    /* U+0050 "P" */
    0x4f, 0xff, 0xb1, 0xc0, 0x3f, 0xe3, 0x8d, 0x20,
    0xe, 0x44, 0x88, 0x0, 0x5e, 0x1, 0xd7, 0x76,
    0xc8, 0x0, 0x94, 0x3, 0xf3, 0x18, 0x3, 0x0,
    0x3f, 0x98, 0x0, 0x60, 0x1f, 0xce, 0x0, 0x20,
    0xf, 0x8a, 0x88, 0x1, 0x60, 0x1b, 0xfe, 0xd5,
    0x0, 0x29, 0x80, 0x7f, 0x9a, 0x80, 0x39, 0x10,
    0xaa, 0x8d, 0x90, 0xf, 0x5d, 0xaa, 0x8e, 0x40,
    0x1f, 0xff, 0x80,

    /* U+0051 "Q" */
    0x0, 0x9b, 0x3f, 0xdb, 0x22, 0x1, 0xec, 0x93,
    0x0, 0x13, 0x72, 0x0, 0x6a, 0x30, 0x1, 0x18,
    0x5, 0x66, 0x0, 0x35, 0x0, 0x4e, 0xe7, 0x10,
    0x3, 0xc0, 0x14, 0x0, 0x36, 0x0, 0xc, 0x80,
    0xc, 0x81, 0x0, 0x16, 0x1, 0x90, 0x2, 0x40,
    0x20, 0x0, 0x80, 0x71, 0x0, 0x38, 0x3, 0x18,
    0x7, 0x8, 0x7, 0xff, 0x74, 0x40, 0x30, 0x80,
    0x8, 0x3, 0x8c, 0x1, 0xc0, 0x80, 0xc, 0x0,
    0xc8, 0x20, 0x4, 0xe, 0x0, 0x23, 0x0, 0x6,
    0x40, 0x6, 0x40, 0x88, 0x0, 0x4e, 0xe7, 0x10,
    0x3, 0xc0, 0x2a, 0x30, 0x1, 0x18, 0x4, 0x86,
    0x1, 0xe, 0x49, 0x80, 0x8, 0x0, 0x96, 0x1,
    0xcd, 0x9f, 0xed, 0xa0, 0x2, 0x60, 0x7, 0xf2,
    0xd8, 0x1, 0x40, 0x3f, 0xc9, 0x91, 0x20,

    /* U+0052 "R" */
    0x7f, 0xff, 0x75, 0xb0, 0x7, 0xfc, 0x29, 0x3a,
    0x40, 0x1e, 0x44, 0x84, 0x0, 0x5c, 0x1, 0xc5,
    0x77, 0x73, 0x80, 0xc, 0xc0, 0x1f, 0xd0, 0x1,
    0x20, 0x7, 0xf8, 0x80, 0x3f, 0xf8, 0x2, 0x40,
    0x2, 0x0, 0xfc, 0x7a, 0x0, 0x15, 0x0, 0xc5,
    0xff, 0x61, 0x80, 0x28, 0x3, 0xfe, 0x2c, 0x40,
    0xf, 0x22, 0x8, 0x0, 0xc6, 0x1, 0xe2, 0xbb,
    0x48, 0x1, 0x10, 0x1, 0xfc, 0x86, 0x0, 0x80,
    0xf, 0xf4, 0x0, 0xd, 0x0, 0x3f, 0x91, 0x0,
    0x9, 0x0, 0xff, 0x40, 0x0, 0x94, 0x3, 0xf8,
    0xd0, 0x1, 0x0,

    /* U+0053 "S" */
    0x0, 0x9b, 0x3b, 0xfd, 0x8c, 0x1, 0x8b, 0x64,
    0xc4, 0x0, 0x73, 0xa4, 0x0, 0xf2, 0x0, 0x1a,
    0x98, 0x0, 0xbc, 0x10, 0x80, 0x17, 0x95, 0x96,
    0x0, 0x25, 0x20, 0x1, 0x20, 0x4, 0x88, 0x0,
    0x61, 0x80, 0x8, 0x40, 0x35, 0x6e, 0xa1, 0x44,
    0x1, 0xec, 0x1, 0x9, 0x10, 0x42, 0x80, 0x3,
    0x3f, 0x6c, 0x1, 0xc9, 0xa8, 0x1, 0x24, 0xf2,
    0x80, 0x62, 0xbd, 0x72, 0x0, 0xd, 0x38, 0x7,
    0x14, 0x6e, 0x90, 0x1, 0x4, 0xcd, 0x10, 0x4,
    0x56, 0x40, 0xa, 0xb9, 0x92, 0x80, 0x73, 0x80,
    0x9, 0x0, 0x12, 0x40, 0x11, 0x20, 0x0, 0xa0,
    0x40, 0x77, 0x2a, 0xf4, 0x40, 0x14, 0x3a, 0x40,
    0x3, 0x54, 0x0, 0xa8, 0x80, 0xf6, 0x50, 0x40,
    0x4, 0xfa, 0xa0,

    /* U+0054 "T" */
    0xbf, 0xff, 0xfe, 0x8, 0x80, 0x7f, 0xf0, 0xf1,
    0x13, 0x10, 0x4, 0x89, 0xc2, 0xf7, 0x7a, 0x80,
    0x5, 0x77, 0xc0, 0x1f, 0xff, 0xf0, 0xf, 0xff,
    0xf8, 0x7, 0xff, 0x88,

    /* U+0055 "U" */
    0x8f, 0xf6, 0x0, 0x65, 0xff, 0x70, 0x7, 0xff,
    0xe0, 0xc0, 0x3f, 0xfd, 0x42, 0x1, 0xfb, 0x80,
    0x4, 0x1, 0xbc, 0x0, 0x48, 0x1, 0x30, 0x0,
    0x98, 0x0, 0x84, 0x80, 0x9, 0xcb, 0xd0, 0xa,
    0x82, 0x88, 0x0, 0x68, 0x1, 0x51, 0x0, 0xec,
    0x18, 0x0, 0x5b, 0x54, 0x0,

    /* U+0056 "V" */
    0x7f, 0xf8, 0x80, 0x3a, 0xff, 0xdc, 0xa, 0x1,
    0x20, 0x7, 0x20, 0x1, 0xc0, 0x84, 0x1, 0x80,
    0x19, 0x0, 0x2d, 0x0, 0x38, 0x1, 0x0, 0x36,
    0x0, 0x48, 0x0, 0xd0, 0x0, 0x90, 0x4, 0x80,
    0x5, 0x0, 0x90, 0x2, 0x40, 0x8, 0xc0, 0x1e,
    0x1, 0x94, 0x1, 0xa0, 0x4, 0x0, 0x90, 0x3,
    0x78, 0x1, 0x0, 0x18, 0x0, 0x31, 0x0, 0xc8,
    0x1, 0x18, 0x28, 0x2, 0xc0, 0x38, 0x4c, 0x0,
    0x82, 0x40, 0x5, 0x0, 0xf5, 0x80, 0x31, 0x0,
    0x4, 0x40, 0xf, 0x28, 0x1, 0x3c, 0x0, 0xa0,
    0x1f, 0x11, 0x0, 0xa, 0x0, 0xb0, 0xf, 0xca,
    0x1, 0x84, 0xc0, 0x3f, 0x58, 0x6, 0x40, 0xf,
    0xe3, 0x10, 0xb, 0xc0, 0x3f, 0xc8, 0x1, 0x28,
    0x7, 0x0,

    /* U+0057 "W" */
    0x9f, 0xf3, 0x0, 0xff, 0x98, 0x1, 0xff, 0xf,
    0x0, 0x4, 0x8, 0x1, 0xe0, 0x20, 0x1, 0x11,
    0x0, 0x38, 0x18, 0x0, 0x40, 0x60, 0x2, 0x6,
    0x0, 0x10, 0x68, 0x1, 0x81, 0x80, 0xc, 0x4,
    0x0, 0x60, 0x20, 0x1, 0x1, 0x0, 0x8, 0x4,
    0x40, 0x40, 0xc0, 0x11, 0x70, 0x3, 0x80, 0x4,
    0x0, 0x13, 0x0, 0x9c, 0x80, 0xa, 0x0, 0x60,
    0x2, 0x80, 0x8, 0x9, 0x80, 0x4, 0x0, 0x20,
    0x6, 0x0, 0x10, 0x34, 0x80, 0x2, 0x0, 0xe0,
    0x2, 0x81, 0xf8, 0x38, 0x81, 0x0, 0x4a, 0x0,
    0x20, 0x62, 0x2, 0x0, 0x38, 0x4, 0x40, 0x1b,
    0x54, 0x3, 0x10, 0x4, 0x20, 0x18, 0x84, 0x40,
    0x17, 0x0, 0x62, 0x0, 0x9c, 0x8, 0x2, 0x20,
    0xc, 0xc0, 0x11, 0x2, 0x80, 0x4c, 0x1, 0x8c,
    0x0, 0x40, 0xe, 0x0, 0x88, 0x3, 0x70, 0x1,
    0x80, 0x6, 0x0, 0x20, 0x8,

    /* U+0058 "X" */
    0x3f, 0xfa, 0x40, 0x3b, 0xbf, 0xdc, 0x6, 0xa0,
    0x6, 0x10, 0x9, 0x84, 0x1, 0x60, 0x8, 0x0,
    0xa4, 0x2, 0xb0, 0x1, 0xa8, 0x0, 0x9c, 0x0,
    0xe2, 0xc, 0x40, 0xf, 0x0, 0xd0, 0x20, 0x9,
    0xb, 0x0, 0x29, 0x80, 0x74, 0x0, 0x1d, 0x88,
    0x1, 0x60, 0x1e, 0x62, 0x0, 0x48, 0x1, 0xc4,
    0x3, 0xe9, 0x0, 0xc3, 0x0, 0x1f, 0x90, 0x80,
    0x26, 0x0, 0xfe, 0x52, 0x0, 0x98, 0x40, 0x3f,
    0x40, 0x6, 0x18, 0x0, 0xf9, 0xc8, 0x1, 0x40,
    0x6, 0x20, 0xe, 0x18, 0x0, 0x3a, 0x98, 0x2,
    0x40, 0x3a, 0xc0, 0x29, 0x8, 0x0, 0x22, 0x80,
    0x46, 0xa0, 0x7, 0x10, 0x43, 0x0, 0x40, 0x5,
    0xe0, 0x14, 0x80, 0x50, 0x0, 0x27, 0x5, 0x30,
    0x3, 0x88, 0x4, 0x86, 0x0, 0x81,

    /* U+0059 "Y" */
    0x5f, 0xf8, 0xc0, 0x39, 0xff, 0xe1, 0x52, 0x0,
    0x48, 0x7, 0x48, 0x1, 0x84, 0x2c, 0x0, 0xa2,
    0x1, 0x28, 0x80, 0x2c, 0x0, 0xc2, 0x0, 0x60,
    0xa, 0x40, 0xa, 0x40, 0x14, 0x80, 0x24, 0x0,
    0x66, 0x0, 0x40, 0x6, 0x71, 0x1, 0x50, 0xa0,
    0x2, 0x10, 0x7, 0x48, 0x2, 0x45, 0x80, 0x10,
    0x1, 0xe7, 0x0, 0x1d, 0x80, 0x10, 0xc0, 0x3e,
    0x70, 0x2, 0x80, 0x20, 0x3, 0xf4, 0x80, 0x63,
    0x30, 0x7, 0xe1, 0x70, 0xa, 0x0, 0x3f, 0xda,
    0x1, 0x20, 0x7, 0xff, 0xfc, 0x3, 0x80,

    /* U+005A "Z" */
    0xff, 0xff, 0xe0, 0x20, 0x7, 0xff, 0x0, 0x55,
    0x13, 0xe0, 0x8, 0x52, 0xae, 0xfd, 0x0, 0x15,
    0x8, 0x7, 0xdc, 0x0, 0x54, 0x0, 0xfa, 0x48,
    0x6, 0xc0, 0x3e, 0x46, 0x0, 0x50, 0x80, 0x7d,
    0x40, 0x6, 0x40, 0xf, 0xa4, 0x40, 0x64, 0x3,
    0xe4, 0x60, 0x5, 0x0, 0x7e, 0xa0, 0x3, 0x20,
    0x7, 0xd2, 0x20, 0x32, 0x1, 0xf2, 0x30, 0x2,
    0x80, 0x3e, 0x1a, 0x0, 0x32, 0x0, 0x7d, 0x62,
    0x0, 0x2a, 0xaf, 0x95, 0x40, 0x12, 0x2a, 0xfd,
    0xa0, 0x1f, 0xfc, 0x10,

    /* U+005B "[" */
    0x5f, 0xfd, 0xc0, 0x1f, 0xe7, 0x90, 0xd, 0xe,
    0x1, 0xff, 0xff, 0x0, 0xff, 0xe9, 0xc3, 0x80,
    0x67, 0x90, 0xf, 0x0,

    /* U+005C "\\" */
    0xf, 0xf8, 0x3, 0xf2, 0x80, 0x18, 0x3, 0xef,
    0x0, 0x68, 0x7, 0xca, 0x0, 0x41, 0x0, 0xf9,
    0x40, 0xe, 0x1, 0xf7, 0x0, 0x28, 0x3, 0xe4,
    0x10, 0x31, 0x0, 0xf9, 0xc0, 0xc, 0x1, 0xf6,
    0x80, 0x2c, 0x3, 0xe4, 0x10, 0x32, 0x0, 0xf9,
    0xc0, 0xa, 0x1, 0xf5, 0x0, 0x28, 0x3, 0xe3,
    0x20, 0x22, 0x0, 0x7c, 0xa0, 0xa, 0x0, 0xfa,
    0x80, 0xa, 0x1, 0xf1, 0x10, 0x8, 0xc0, 0x3e,
    0xa0, 0x5, 0x80, 0x7c, 0xa0, 0x6, 0x0, 0xf8,
    0xa1, 0xd8, 0x40,

    /* U+005D "]" */
    0x5f, 0xfe, 0x0, 0xf3, 0xb9, 0x40, 0x22, 0x8f,
    0x0, 0xff, 0xff, 0x80, 0x7f, 0xf4, 0x8a, 0x3c,
    0x2, 0x77, 0x28, 0x7, 0xf0,

    /* U+005E "^" */
    0x0, 0xdd, 0xf8, 0x1, 0xf3, 0x8, 0x19, 0x80,
    0x3d, 0x40, 0x14, 0x80, 0x71, 0x98, 0x18, 0x14,
    0x40, 0x34, 0x81, 0x40, 0x1, 0x80, 0x21, 0x50,
    0xa1, 0x50, 0xa0, 0x9, 0x80, 0xc, 0x1c, 0x4,
    0x80, 0xa, 0x4, 0x10, 0x42, 0xf, 0x4, 0x20,
    0xe0, 0xa, 0x81, 0x4,

    /* U+005F "_" */
    0x29, 0x9f, 0xf1, 0xb3, 0x7f, 0xca, 0x1, 0xff,
    0xc0,

    /* U+0060 "`" */
    0x4, 0x48, 0x80, 0x23, 0xbb, 0x78, 0x4, 0xee,
    0x2, 0x80, 0xa, 0x18, 0x1c, 0xc0,

    /* U+0061 "a" */
    0x0, 0x14, 0xef, 0xfb, 0x64, 0x80, 0x25, 0xd6,
    0x20, 0x1, 0x36, 0xa0, 0xd, 0x0, 0xe, 0x1c,
    0x40, 0x14, 0x8, 0x0, 0x1c, 0x78, 0xf0, 0x0,
    0xa2, 0xff, 0xb8, 0x2, 0x11, 0x0, 0x4, 0x0,
    0x73, 0xbf, 0xf0, 0x80, 0xc, 0x27, 0x18, 0x80,
    0x3e, 0x46, 0x0, 0x47, 0x7f, 0x84, 0x2, 0xd0,
    0x2, 0x38, 0x80, 0x78, 0xc0, 0x2, 0x1, 0x8,
    0x80, 0x2c, 0x0, 0x2c, 0x2b, 0xf8, 0x6, 0x63,
    0x0, 0x3d, 0x40, 0x80, 0x42, 0x18, 0xe4, 0x0,
    0x3a, 0x60, 0x5, 0x80,

    /* U+0062 "b" */
    0x4f, 0xf8, 0x3, 0xff, 0xea, 0x57, 0xfe, 0xc6,
    0x0, 0xfb, 0x10, 0x0, 0x73, 0x20, 0xf, 0x9,
    0xa8, 0x80, 0x19, 0x0, 0x3a, 0x72, 0xbc, 0x80,
    0x1c, 0x1, 0xcc, 0x0, 0x1b, 0x0, 0x20, 0x7,
    0xf2, 0x80, 0x4, 0x3, 0xf8, 0x40, 0x21, 0x0,
    0xfc, 0x20, 0x10, 0x80, 0x7e, 0x60, 0x0, 0x80,
    0x71, 0x80, 0x5c, 0x0, 0x40, 0xe, 0xc8, 0x7b,
    0x40, 0x7, 0x0, 0x79, 0xe1, 0x0, 0xc, 0x80,
    0x19, 0x31, 0x0, 0x5, 0x32, 0x0, 0x0,

    /* U+0063 "c" */
    0x0, 0x9b, 0x3f, 0xdd, 0x44, 0x1, 0xae, 0x4c,
    0x0, 0x2b, 0xaa, 0x0, 0x94, 0x0, 0x1a, 0x88,
    0x2, 0x88, 0x8c, 0x0, 0x9c, 0xaf, 0x20, 0x5,
    0x20, 0x0, 0x58, 0x0, 0x36, 0x23, 0x78, 0x1,
    0x0, 0x33, 0x77, 0x24, 0xc0, 0x3f, 0xe3, 0x0,
    0xff, 0xbc, 0x0, 0xe0, 0x18, 0xe2, 0xa, 0xe0,
    0x2, 0x60, 0xb, 0xdd, 0xda, 0x2c, 0x0, 0x9b,
    0xae, 0x30, 0x5, 0x4, 0xa0, 0x1, 0x14, 0x40,
    0x14, 0x40, 0xb, 0x93, 0x0, 0xb, 0x6a, 0x80,

    /* U+0064 "d" */
    0x0, 0xfd, 0x3f, 0xea, 0x0, 0xff, 0xf3, 0x15,
    0x77, 0xea, 0x80, 0x71, 0xea, 0x88, 0x15, 0x38,
    0x6, 0xe0, 0x8, 0xd0, 0x4, 0x2, 0x42, 0x0,
    0x4e, 0x5f, 0x10, 0x5, 0x80, 0x2, 0x60, 0x0,
    0xa0, 0x4, 0x40, 0x7, 0x0, 0xff, 0x8c, 0x3,
    0xfe, 0x30, 0xf, 0xc4, 0x0, 0x70, 0xf, 0xd6,
    0x0, 0x25, 0x0, 0xb, 0x80, 0x46, 0x60, 0x5,
    0x5d, 0xb8, 0x40, 0x37, 0x8, 0x1, 0x10, 0x4,
    0x1, 0x8b, 0x14, 0x40, 0xaa, 0x0, 0x20,

    /* U+0065 "e" */
    0x0, 0x92, 0xfb, 0xfa, 0xd0, 0x3, 0xa6, 0xd0,
    0x40, 0x52, 0xe0, 0x2, 0x86, 0x0, 0x1a, 0x90,
    0x1, 0xd4, 0x5, 0xc0, 0x11, 0x95, 0xae, 0x0,
    0x80, 0x70, 0x1, 0x38, 0x5, 0x0, 0x2, 0x1f,
    0x0, 0x17, 0xff, 0x0, 0x44, 0x60, 0x1f, 0xfc,
    0x33, 0xbb, 0xfc, 0x5a, 0x0, 0x35, 0x44, 0xf8,
    0x54, 0x2, 0xa0, 0xc, 0xda, 0x20, 0x4e, 0x0,
    0x4e, 0xaa, 0x74, 0x95, 0x0, 0x21, 0xc0, 0x2,
    0xaa, 0x10, 0x1f, 0x0, 0xa3, 0x14, 0x40, 0x4,
    0xfe, 0x80,

    /* U+0066 "f" */
    0x0, 0xf0, 0xbc, 0xd4, 0xb9, 0x80, 0x73, 0xf4,
    0x32, 0xb4, 0x20, 0x6, 0x68, 0x0, 0xf0, 0x80,
    0x68, 0x0, 0x16, 0x7f, 0xb9, 0xc0, 0x22, 0x10,
    0x7, 0x18, 0x0, 0x44, 0x1, 0xf1, 0x0, 0x74,
    0x7f, 0xb4, 0x2, 0xef, 0xfa, 0x80, 0x3f, 0xf8,
    0x57, 0x32, 0x70, 0xa, 0x26, 0x6e, 0x3, 0x66,
    0x58, 0x4, 0xcd, 0x90, 0x3, 0xff, 0xfe, 0x1,
    0xff, 0xdf,

    /* U+0067 "g" */
    0x0, 0xc, 0xf7, 0xf4, 0xa7, 0xfb, 0x40, 0xbd,
    0x84, 0x5, 0xac, 0x3, 0x70, 0x80, 0x1a, 0x10,
    0x3, 0x19, 0x80, 0x15, 0x2f, 0x6c, 0x1, 0x20,
    0x0, 0x94, 0x2, 0xe0, 0xb, 0x40, 0xe, 0x1,
    0xff, 0x18, 0x7, 0xfc, 0x60, 0x1f, 0xb4, 0x0,
    0x80, 0x1f, 0x90, 0x0, 0x2e, 0x1, 0x60, 0x4,
    0x68, 0x0, 0x8c, 0xae, 0x40, 0xd, 0x42, 0x0,
    0x35, 0x10, 0xe, 0x1f, 0x61, 0x2, 0x88, 0x0,
    0x70, 0xcf, 0x7e, 0xbf, 0x0, 0x18, 0x1, 0x88,
    0x1, 0x13, 0x0, 0xc, 0x24, 0xef, 0x26, 0xb4,
    0x2, 0x90, 0xf0, 0x1, 0xb2, 0x80, 0x56, 0x20,
    0xda, 0xc4, 0x0, 0x27, 0xe4, 0x0,

    /* U+0068 "h" */
    0x5f, 0xf7, 0x0, 0x7f, 0xfd, 0x9f, 0x7f, 0xa4,
    0x40, 0x3d, 0x70, 0x40, 0x2d, 0x82, 0x1, 0x85,
    0xd, 0x44, 0x0, 0x52, 0x1, 0xd9, 0x8a, 0xe4,
    0x0, 0x28, 0x6, 0x13, 0x0, 0xb8, 0x0, 0x40,
    0x1f, 0xc2, 0x1, 0xff, 0xff, 0x0, 0xff, 0xe4,
    0x0,

    /* U+0069 "i" */
    0x0, 0xd1, 0xfa, 0x40, 0x1e, 0x17, 0x2, 0xb0,
    0xf, 0x8, 0x80, 0x1c, 0x1, 0xf7, 0xc5, 0x38,
    0x7, 0xc2, 0xea, 0x1, 0x9f, 0xff, 0xcc, 0x1,
    0xff, 0xc2, 0x25, 0x58, 0x3, 0xe5, 0xaa, 0x84,
    0x3, 0xff, 0xf8, 0xb5, 0x50, 0x80, 0x2a, 0xa9,
    0x25, 0x58, 0x2, 0x35, 0x52, 0x0, 0x7f, 0xc0,

    /* U+006A "j" */
    0x0, 0xec, 0xfb, 0x0, 0xe6, 0x30, 0x44, 0x0,
    0x65, 0x0, 0x98, 0x3, 0x1e, 0x46, 0x10, 0x7,
    0x1b, 0x98, 0x1, 0xbf, 0xfc, 0x20, 0x1f, 0xe2,
    0x55, 0x20, 0x7, 0x25, 0x52, 0x0, 0x3f, 0xff,
    0xe0, 0x1f, 0xfc, 0xba, 0x0, 0x84, 0xee, 0xda,
    0xc0, 0x6, 0x7, 0x44, 0x10, 0x0, 0xa0, 0x3,
    0x89, 0xf0, 0x40,

    /* U+006B "k" */
    0x5f, 0xf8, 0x3, 0xff, 0xfa, 0x3d, 0xfe, 0xd1,
    0x0, 0xf8, 0x70, 0x40, 0x70, 0x40, 0x3e, 0xd2,
    0x0, 0x68, 0x80, 0x7d, 0x46, 0x0, 0xb3, 0x0,
    0xfa, 0x14, 0x1, 0x28, 0x1, 0xf9, 0xc0, 0x6,
    0xc0, 0x1f, 0xfc, 0x3, 0x50, 0xf, 0xf0, 0x80,
    0x28, 0x40, 0x3f, 0x3f, 0x88, 0x3, 0x40, 0x3f,
    0x40, 0xd8, 0x0, 0xe0, 0x3, 0xf9, 0x54, 0x0,
    0x73, 0x0, 0xfe, 0xb1, 0x0, 0x68, 0x7, 0xf0,
    0xd8, 0x0, 0x68, 0x0,

    /* U+006C "l" */
    0xaf, 0xff, 0x30, 0x7, 0xff, 0x13, 0x55, 0x60,
    0xf, 0xcf, 0x55, 0x8, 0x7, 0xff, 0xfc, 0x3,
    0xff, 0xe8, 0xf5, 0x50, 0x80, 0x2a, 0xb0, 0x6a,
    0xac, 0x1, 0x1a, 0xac, 0x20, 0x1f, 0xfc, 0x0,

    /* U+006D "m" */
    0x2f, 0xf5, 0xaf, 0x7d, 0x9e, 0x7e, 0xa0, 0x6,
    0x5a, 0x10, 0x4c, 0x30, 0x2b, 0x0, 0xc2, 0xc6,
    0x0, 0x17, 0x10, 0x2, 0x0, 0x45, 0x32, 0x0,
    0x3c, 0x38, 0x0, 0x80, 0x38, 0x40, 0x3f, 0xff,
    0xe0, 0x1f, 0xfe, 0x10,

    /* U+006E "n" */
    0x5f, 0xf5, 0x3, 0xef, 0xf5, 0x10, 0x6, 0x6b,
    0x82, 0x1, 0x5c, 0x10, 0x8, 0xd0, 0xd4, 0x80,
    0x3, 0x20, 0x1a, 0xf2, 0xb5, 0x0, 0xa, 0x1,
    0xa, 0x0, 0x5c, 0x0, 0x20, 0xf, 0xc2, 0x1,
    0xff, 0xff, 0x0, 0xff, 0xe0, 0x0,

    /* U+006F "o" */
    0x0, 0x9b, 0x3f, 0xdd, 0x24, 0x1, 0x87, 0x24,
    0xc0, 0x2, 0xda, 0x80, 0x15, 0x18, 0x1, 0x14,
    0x40, 0x16, 0x40, 0x88, 0x0, 0x55, 0xd7, 0x90,
    0x2, 0x3, 0x40, 0x6, 0xa0, 0x1, 0xb0, 0x2,
    0x81, 0x0, 0x10, 0x3, 0x20, 0x4, 0x2e, 0x0,
    0xf0, 0xc, 0x60, 0x11, 0xb8, 0x3, 0xc0, 0x31,
    0x80, 0x46, 0x40, 0x4, 0x0, 0xc8, 0x1, 0xe,
    0x80, 0xd, 0x40, 0x3, 0x60, 0x5, 0x4, 0x40,
    0x2, 0xae, 0xbc, 0x80, 0x10, 0x0, 0xa3, 0x0,
    0x22, 0x88, 0x2, 0xc8, 0x0, 0x39, 0x26, 0x0,
    0x16, 0xd4, 0x0, 0x0,

    /* U+0070 "p" */
    0x4f, 0xf6, 0x1d, 0xff, 0xb1, 0x40, 0x3c, 0x58,
    0x80, 0x3, 0xa8, 0x0, 0xe1, 0x3, 0x40, 0x9,
    0xcc, 0x3, 0xaf, 0x2f, 0x84, 0x1, 0x20, 0x1c,
    0x80, 0x1, 0x90, 0x2, 0x0, 0x7f, 0x18, 0x0,
    0x40, 0x3f, 0x9c, 0x3, 0xff, 0x80, 0xe0, 0x1f,
    0xfc, 0x3, 0x0, 0x10, 0x7, 0x20, 0x0, 0x64,
    0x0, 0x80, 0x1d, 0x76, 0xaf, 0x10, 0x5, 0x0,
    0x79, 0x14, 0x40, 0x10, 0x60, 0x1d, 0xa8, 0x0,
    0x3a, 0x70, 0xf, 0x15, 0xff, 0xb1, 0x40, 0x3f,
    0xfd, 0x60,

    /* U+0071 "q" */
    0x0, 0x15, 0x77, 0xec, 0x2f, 0xfa, 0x80, 0xf5,
    0x44, 0x9, 0xe8, 0x3, 0x70, 0x4, 0xf0, 0x80,
    0x19, 0x8, 0x1, 0x90, 0xf6, 0x80, 0x16, 0x0,
    0xc, 0xc0, 0x11, 0x0, 0x44, 0x0, 0x60, 0xf,
    0xf8, 0xc0, 0x3f, 0xe3, 0x0, 0xfd, 0xa0, 0x7,
    0x0, 0xfc, 0x80, 0x2, 0x60, 0x0, 0xa0, 0x4,
    0x66, 0x0, 0x4d, 0xd7, 0x90, 0x6, 0xe1, 0x0,
    0x22, 0x88, 0x7, 0x16, 0x28, 0x81, 0x4b, 0x0,
    0x71, 0x57, 0x7e, 0xb0, 0x7, 0xff, 0xa0,

    /* U+0072 "r" */
    0xaf, 0xf3, 0x3, 0x6f, 0xfb, 0x44, 0x2, 0xeb,
    0x92, 0x0, 0x10, 0x80, 0x4e, 0x80, 0x18, 0x80,
    0x3c, 0xf7, 0x6a, 0x80, 0xe, 0xd8, 0x44, 0x2a,
    0x80, 0x32, 0x90, 0x7, 0xff, 0xfc, 0x3, 0xf0,

    /* U+0073 "s" */
    0x0, 0xc, 0x67, 0xfb, 0xad, 0x80, 0x22, 0xf7,
    0x30, 0x0, 0xa4, 0xe0, 0x3, 0xc4, 0xa, 0x25,
    0x80, 0x7, 0x22, 0x40, 0xc, 0x76, 0x98, 0x0,
    0x38, 0x6, 0x70, 0x9, 0xfb, 0xa1, 0x60, 0x4,
    0xf5, 0xc2, 0x8, 0x80, 0x13, 0x0, 0x1, 0x47,
    0xbe, 0x60, 0x9, 0xfe, 0x98, 0x80, 0x3, 0x2e,
    0x48, 0x82, 0x59, 0xde, 0x60, 0x4, 0xad, 0xdb,
    0x80, 0x21, 0xa0, 0x0, 0xb0, 0x0, 0xf1, 0xd9,
    0xf4, 0x0, 0xa3, 0x62, 0x7, 0x13, 0x2, 0x5,
    0x60, 0x9e, 0xe4, 0x0, 0x13, 0x9d, 0x10,

    /* U+0074 "t" */
    0x0, 0xab, 0xfd, 0x40, 0x1f, 0xfd, 0x18, 0xff,
    0x28, 0x1, 0x7f, 0xf2, 0x80, 0x7f, 0xf0, 0x2e,
    0x64, 0x60, 0x3, 0x99, 0xce, 0x6c, 0xd0, 0x1,
    0x9b, 0x88, 0x3, 0xff, 0xce, 0x60, 0x1f, 0xf0,
    0x80, 0x14, 0x40, 0x3e, 0xb0, 0xb, 0xae, 0xdb,
    0x40, 0x11, 0xa8, 0x4, 0x88, 0x27, 0x0, 0xd5,
    0x4, 0x0, 0x14, 0xb0,

    /* U+0075 "u" */
    0x3f, 0xf8, 0x3, 0x37, 0xfb, 0x80, 0x3f, 0xff,
    0xe0, 0x1f, 0xfc, 0x11, 0x0, 0xf8, 0xc0, 0x27,
    0x0, 0xa8, 0x3, 0x20, 0x2, 0x6e, 0xdc, 0x60,
    0x1a, 0x0, 0x24, 0x40, 0xb8, 0x6, 0x3c, 0x40,
    0x1, 0xdd, 0x0, 0x40,

    /* U+0076 "v" */
    0xf, 0xf9, 0x80, 0x3b, 0xfe, 0x60, 0x60, 0x6,
    0x80, 0x64, 0x0, 0x98, 0x28, 0x0, 0x80, 0x1b,
    0x40, 0xa, 0x0, 0x32, 0x0, 0x28, 0x4, 0xe0,
    0xe, 0x0, 0xa8, 0x1, 0x80, 0x3, 0x10, 0x14,
    0x0, 0x98, 0x0, 0xe0, 0xb, 0x0, 0x30, 0x6,
    0x14, 0x1, 0x30, 0x40, 0x5, 0x0, 0x77, 0x0,
    0x2c, 0x4c, 0xc, 0x80, 0x39, 0x40, 0xa, 0xe0,
    0xa, 0x0, 0xf9, 0x80, 0xa8, 0x0, 0xe0, 0x1f,
    0x68, 0x0, 0xc1, 0x44, 0x3, 0xe4, 0x20, 0xb,
    0x80, 0x3f, 0x94, 0x0, 0x28, 0x1, 0x80,

    /* U+0077 "w" */
    0x9f, 0xf2, 0x80, 0xff, 0x90, 0xf, 0xfd, 0x9e,
    0x0, 0x20, 0x50, 0x1, 0x83, 0x0, 0x14, 0x80,
    0x1c, 0x6, 0x0, 0xe0, 0x20, 0x7, 0xa8, 0x0,
    0x83, 0x40, 0xa, 0x1c, 0x0, 0x51, 0x10, 0x30,
    0x30, 0x0, 0xc0, 0x80, 0x4, 0xa, 0x4, 0x6,
    0x26, 0x4, 0xc0, 0x22, 0x3, 0x0, 0x20, 0x2a,
    0x81, 0xc8, 0x14, 0x1, 0xa0, 0xc, 0x3, 0xf0,
    0xc0, 0x1, 0x80, 0x18, 0x0, 0xa1, 0xa8, 0xe,
    0x0, 0xd0, 0x1, 0x80, 0x8, 0x1c, 0x80, 0x40,
    0xc, 0x1, 0x10, 0x0, 0x48, 0xc, 0x2, 0x30,
    0x9, 0xc0, 0xa, 0x0, 0x50, 0x1, 0x0, 0x6d,
    0x0, 0x18, 0x3, 0xc0, 0xe, 0x0,

    /* U+0078 "x" */
    0x7f, 0xf8, 0x40, 0x22, 0xff, 0x99, 0xcc, 0x1,
    0x40, 0x17, 0x0, 0x11, 0x83, 0x80, 0x8, 0xc1,
    0x6, 0x0, 0x90, 0x1, 0x40, 0x2, 0x59, 0xc0,
    0x12, 0x40, 0x13, 0x98, 0x2, 0x40, 0x8, 0xc0,
    0x1d, 0xc0, 0x1d, 0x20, 0x1e, 0x24, 0x0, 0x94,
    0x80, 0x3c, 0x88, 0x0, 0x95, 0x0, 0x38, 0x68,
    0x3, 0xa4, 0x3, 0xac, 0x40, 0x74, 0x40, 0xa4,
    0x2, 0x45, 0x0, 0x51, 0x58, 0x1, 0x8c, 0x6,
    0x80, 0xc, 0x80, 0xaa, 0x0, 0x70, 0x58, 0x81,
    0x48, 0x5, 0x62, 0x5, 0x20,

    /* U+0079 "y" */
    0x2f, 0xf9, 0x40, 0x39, 0xbf, 0xe3, 0x24, 0x0,
    0x48, 0x7, 0x50, 0x0, 0xcc, 0x1e, 0x0, 0x32,
    0x0, 0x88, 0xc0, 0x12, 0x0, 0x42, 0x0, 0x50,
    0x5, 0x40, 0x2, 0x50, 0xa, 0xc0, 0xc, 0x1,
    0x30, 0x2, 0x80, 0x33, 0x8, 0xa, 0x2, 0x88,
    0x1, 0xc0, 0x39, 0x80, 0x1e, 0x1c, 0x0, 0x60,
    0xf, 0x48, 0x1, 0x9, 0x0, 0x16, 0x1, 0xe1,
    0x50, 0x7, 0x0, 0x10, 0x80, 0x3e, 0x90, 0x1,
    0x80, 0x3c, 0x3, 0xf1, 0x98, 0x2, 0x24, 0x0,
    0xfe, 0x90, 0xa, 0xc0, 0x3f, 0xce, 0x0, 0x16,
    0x0, 0xff, 0x40, 0x1, 0x80, 0x3f, 0xca, 0xa0,
    0x4, 0x80, 0x7e, 0x6b, 0xa0, 0x3, 0x8, 0x7,
    0xed, 0x40, 0x1, 0x48, 0x7, 0xf3, 0x80, 0xb6,
    0x0, 0x7e,

    /* U+007A "z" */
    0x7f, 0xff, 0xf8, 0x3, 0xff, 0x84, 0x6a, 0xbe,
    0x10, 0x9, 0x81, 0x2a, 0xbb, 0x84, 0x0, 0x92,
    0x1, 0xe2, 0xa0, 0x1, 0xd8, 0x7, 0x87, 0xc4,
    0x7, 0x40, 0x3e, 0xd2, 0x0, 0x68, 0x80, 0x7a,
    0x8c, 0x1, 0x66, 0x1, 0xe8, 0x50, 0x4, 0x20,
    0x7, 0x95, 0xc0, 0xc, 0xe0, 0x1e, 0x3a, 0x0,
    0x8e, 0xab, 0xc5, 0x40, 0x19, 0x57, 0xe6, 0x0,
    0xff, 0xe0, 0x80,

    /* U+007B "{" */
    0x0, 0xe3, 0xcf, 0x20, 0xc, 0x98, 0x60, 0xc0,
    0x1a, 0x40, 0x79, 0x0, 0x23, 0x20, 0x41, 0x0,
    0xca, 0x0, 0x20, 0xe, 0x10, 0xf, 0xfe, 0x47,
    0x80, 0x76, 0x80, 0x8, 0x2, 0x17, 0x50, 0x25,
    0x0, 0x37, 0x40, 0x1e, 0x0, 0x7d, 0x42, 0x1,
    0x24, 0x10, 0x4c, 0x0, 0x44, 0xfa, 0x40, 0xe4,
    0x1, 0xca, 0x0, 0x40, 0xe, 0xf0, 0x7, 0x0,
    0x7f, 0xf0, 0x84, 0x3, 0xf1, 0x80, 0x4, 0x3,
    0x9c, 0x0, 0xa0, 0x1c, 0x48, 0x6, 0x60, 0xe,
    0x91, 0xc, 0x40, 0xc, 0x58, 0x80, 0xc0,

    /* U+007C "|" */
    0xcf, 0x40, 0xf, 0xff, 0x98,

    /* U+007D "}" */
    0xc, 0xd6, 0x0, 0xf1, 0x12, 0x60, 0x3, 0xb9,
    0x1, 0xc8, 0x3, 0xb8, 0x1, 0x40, 0x1c, 0xc0,
    0x3, 0x0, 0xff, 0xe2, 0xb8, 0x7, 0x8, 0x7,
    0xe2, 0x0, 0x10, 0x7, 0x98, 0x6, 0x88, 0x3,
    0x4a, 0x82, 0xed, 0x80, 0x69, 0x10, 0xf, 0x26,
    0x8, 0x9f, 0xc0, 0x29, 0x0, 0x64, 0x20, 0x0,
    0x48, 0x8, 0x80, 0x18, 0x80, 0x2, 0x1, 0xff,
    0xc5, 0x70, 0xe, 0x70, 0x0, 0x80, 0x71, 0x80,
    0x30, 0x3, 0xd, 0x0, 0x1c, 0x3, 0x71, 0x4,
    0x88, 0x6, 0x32, 0xa6, 0x0, 0xc0,

    /* U+007E "~" */
    0x2, 0xbf, 0xf5, 0xa0, 0x6, 0x55, 0x8, 0x62,
    0x0, 0x12, 0xe4, 0x0, 0x55, 0x44, 0x61, 0x2,
    0x30, 0x3, 0x75, 0xe0, 0x1, 0x30, 0x13, 0x73,
    0x4c, 0x5, 0x4, 0x18, 0x62, 0xe4, 0x0, 0x59,
    0x24, 0x2, 0xf2, 0x0,

    /* U+00A0 " " */

    /* U+00A1 "¡" */
    0xb, 0xfb, 0x4, 0x40, 0x23, 0x38, 0x4, 0x47,
    0x4d, 0x48, 0xb, 0x2a, 0x1, 0xf1, 0x14, 0x0,
    0xdd, 0x80, 0x3f, 0xf9, 0x2, 0x20, 0xf, 0xfe,
    0x11, 0x80, 0x46, 0x1, 0xfe,

    /* U+00A2 "¢" */
    0x0, 0xe1, 0x32, 0x0, 0xfe, 0xbc, 0x90, 0xf,
    0xfe, 0x42, 0xb8, 0x32, 0x80, 0x71, 0xed, 0x10,
    0x15, 0x72, 0x0, 0xb, 0x48, 0x3, 0x86, 0xcc,
    0x20, 0x40, 0x73, 0xf0, 0x80, 0x10, 0xa, 0x0,
    0xb3, 0x3, 0xe0, 0x2, 0x98, 0x4, 0xa0, 0x11,
    0xe6, 0x35, 0x80, 0x2, 0x1, 0xc6, 0x70, 0x80,
    0x4, 0x3, 0xf3, 0x80, 0x42, 0x1, 0x8c, 0xc4,
    0x62, 0x0, 0x60, 0x9, 0x33, 0x20, 0x60, 0x4,
    0x3a, 0x3d, 0x0, 0x1c, 0x20, 0xc0, 0x11, 0x70,
    0x20, 0x50, 0x0, 0xc6, 0x0, 0xe5, 0xc1, 0x0,
    0xa7, 0xd0, 0xf, 0xa8, 0x40, 0x3c, 0x20, 0xe2,
    0x1, 0xff, 0xc3,

    /* U+00A3 "£" */
    0x0, 0xcb, 0x7f, 0xee, 0xb4, 0x0, 0xea, 0xa2,
    0x0, 0x5, 0x2d, 0xc0, 0x26, 0x50, 0x1, 0x20,
    0x80, 0x20, 0x80, 0x14, 0x0, 0x3d, 0xbe, 0x20,
    0x2, 0x80, 0x8, 0x1, 0x40, 0x14, 0x2a, 0x84,
    0x3, 0xf9, 0x6a, 0x8c, 0x0, 0x30, 0xf, 0xf3,
    0x49, 0x0, 0x2a, 0x66, 0x10, 0xb, 0x18, 0x2,
    0x36, 0x68, 0x3, 0xff, 0x8b, 0x5e, 0x80, 0x6,
    0xff, 0x84, 0x3, 0xf1, 0x80, 0x7f, 0xf0, 0xc,
    0x3, 0xf9, 0x40, 0x18, 0x1, 0xf3, 0x60, 0x80,
    0x3e, 0xab, 0xd1, 0xe6, 0x1, 0x2a, 0xfc, 0x80,
    0x1f, 0xfc, 0x10,

    /* U+00A4 "¤" */
    0x0, 0x28, 0x4, 0x46, 0x20, 0x4, 0x10, 0x3,
    0x55, 0x23, 0xb7, 0x3a, 0xda, 0xf4, 0x1, 0x80,
    0xae, 0x20, 0x12, 0x48, 0x11, 0x2, 0x88, 0x1,
    0x1d, 0xf6, 0x40, 0xa, 0x20, 0x22, 0x5, 0x38,
    0x82, 0x60, 0x86, 0x0, 0x14, 0xd, 0x40, 0x30,
    0xc0, 0x28, 0x3, 0x81, 0x40, 0x3c, 0xa0, 0x40,
    0x1f, 0xfc, 0x4f, 0x7, 0x0, 0xf5, 0x81, 0x80,
    0x1c, 0x6, 0x0, 0x31, 0x38, 0x50, 0x0, 0x80,
    0xf, 0x68, 0x6f, 0xa0, 0xf, 0x0, 0x78, 0x4,
    0x97, 0x90, 0x1, 0x31, 0x86, 0x9e, 0x5a, 0x0,
    0xa, 0x39, 0x24, 0xc0, 0x70, 0xd2, 0xff, 0xda,
    0xe3, 0x6c, 0x0,

    /* U+00A5 "¥" */
    0x7f, 0xf8, 0x80, 0x3a, 0x3f, 0xe1, 0x71, 0x0,
    0x58, 0x6, 0x17, 0x0, 0x38, 0x85, 0x80, 0x18,
    0x80, 0x29, 0x0, 0xc, 0x0, 0x14, 0xc0, 0x16,
    0x0, 0x17, 0x0, 0x40, 0x6, 0xf0, 0x3, 0x8,
    0x30, 0x0, 0x98, 0x3, 0x1a, 0x80, 0x20, 0x24,
    0x1, 0x20, 0x1e, 0x80, 0x3, 0x48, 0x82, 0x20,
    0x3, 0xc4, 0xe0, 0x6, 0x0, 0x48, 0x7, 0x37,
    0xf9, 0xc0, 0x3b, 0x7e, 0xc0, 0x3f, 0xf8, 0x4e,
    0x1, 0x37, 0xfd, 0x20, 0x1, 0xff, 0xb0, 0x3,
    0xff, 0x8c, 0xdf, 0xf4, 0x80, 0x7, 0xfe, 0xc0,
    0xf, 0xfe, 0x13, 0x80, 0x4d, 0xff, 0x48, 0x0,
    0x7f, 0xeb, 0x0, 0xff, 0xea, 0x0,

    /* U+00A6 "¦" */
    0x4f, 0xf5, 0x80, 0x7f, 0xf4, 0xc5, 0x3f, 0xd4,
    0x1, 0x93, 0xfd, 0x60, 0x1f, 0xfd, 0x45, 0x99,
    0x78,

    /* U+00A7 "§" */
    0x0, 0x14, 0x6f, 0xfb, 0xb1, 0xc4, 0x2, 0x5d,
    0x72, 0x0, 0x9, 0xc7, 0x98, 0x15, 0x0, 0x48,
    0xa6, 0x0, 0x1e, 0xa, 0x0, 0xf, 0x5d, 0x64,
    0x80, 0x9, 0x4, 0x0, 0x82, 0x1, 0x31, 0x0,
    0xb, 0x80, 0xa, 0x80, 0x1b, 0x7f, 0xcc, 0xa0,
    0x15, 0xec, 0x20, 0x7, 0x14, 0x80, 0x44, 0xf7,
    0xf2, 0x40, 0x2, 0x80, 0x1, 0x0, 0x66, 0xd7,
    0x9, 0x10, 0x7d, 0xd4, 0x18, 0x5, 0x8, 0xa0,
    0xd, 0x2, 0x7c, 0xc0, 0x80, 0x34, 0x2, 0xe0,
    0xc, 0x6c, 0x0, 0x36, 0x0, 0x27, 0x41, 0x80,
    0xc, 0x0, 0x50, 0x80, 0x1, 0x7c, 0xfc, 0x40,
    0x19, 0xb, 0xa3, 0x0, 0xc6, 0x0, 0xc1, 0x0,
    0x2e, 0x6c, 0xa0, 0x6, 0xe0, 0xe, 0x26, 0xbe,
    0x60, 0x1, 0x9b, 0x37, 0x48, 0x1, 0xc, 0x88,
    0x1, 0x84, 0x89, 0xe0, 0x18, 0xc4, 0x0, 0x36,
    0x0, 0x4f, 0xba, 0xcc, 0x0, 0x5, 0x19, 0x80,
    0x12, 0x29, 0x80, 0x7, 0x40, 0x13, 0x8a, 0x40,
    0x11, 0xbf, 0x98, 0x0,

    /* U+00A8 "¨" */
    0x6e, 0xb0, 0xa, 0xf9, 0xac, 0x51, 0x0, 0x68,
    0x31, 0x40, 0x68, 0x6, 0x60, 0x90,

    /* U+00A9 "©" */
    0x0, 0x92, 0xbb, 0xf6, 0x4, 0x3, 0xa6, 0xb7,
    0x69, 0x2e, 0x40, 0xa, 0x57, 0xdc, 0xc9, 0x2a,
    0x96, 0x60, 0x6f, 0xa3, 0x1d, 0xf8, 0x6b, 0x1e,
    0x12, 0xc2, 0xee, 0xbc, 0x7d, 0x7, 0x23, 0x7b,
    0xa, 0x75, 0x39, 0x70, 0x2, 0x20, 0x88, 0x7,
    0xe0, 0x2, 0x90, 0x1, 0x78, 0x90, 0x1f, 0x80,
    0x5, 0x80, 0x5, 0xe8, 0x80, 0x46, 0x20, 0x89,
    0x0, 0x21, 0xf5, 0x4, 0x2e, 0xfb, 0x50, 0x29,
    0xa2, 0x1a, 0x86, 0xfb, 0x7d, 0x4e, 0xe4, 0x1,
    0x6d, 0x88, 0x24, 0x2f, 0x90, 0x80, 0x16, 0x54,
    0xff, 0xbb, 0x30, 0xc0, 0x1c, 0xdb, 0xdc, 0xfb,
    0x30, 0x8,

    /* U+00AA "ª" */
    0x2, 0xae, 0xfd, 0x60, 0xb, 0x14, 0xc, 0xa5,
    0x0, 0xce, 0xec, 0x80, 0xe0, 0x3d, 0xc1, 0x18,
    0x4, 0x1, 0x3d, 0xd4, 0x80, 0x52, 0xc5, 0x56,
    0xe0, 0x12, 0x84, 0xaa, 0x0, 0x65, 0xb, 0xb6,
    0xb8, 0x38, 0x4a, 0x8a, 0x35, 0x81, 0x0,

    /* U+00AB "«" */
    0x0, 0x91, 0x8c, 0x5, 0x98, 0x1, 0x1d, 0xc9,
    0x5, 0x4f, 0x0, 0x5c, 0x10, 0x2e, 0x85, 0x0,
    0x9, 0x22, 0x39, 0xc0, 0x48, 0x1, 0x58, 0x24,
    0x38, 0x11, 0x0, 0xf, 0x1, 0x43, 0x20, 0xd0,
    0xa, 0xc4, 0x50, 0x6c, 0x10, 0x1, 0xd, 0x3,
    0x94, 0x90, 0xc0, 0x4, 0x8c, 0x12, 0x1e, 0xe,
    0x40, 0x14, 0x92, 0x29, 0x48, 0x70, 0x0,

    /* U+00AC "¬" */
    0x0, 0xff, 0x6f, 0xff, 0xf0, 0x7, 0xfb, 0x7f,
    0xfd, 0x20, 0x1f, 0xfc, 0xa0,

    /* U+00AD "­" */
    0x7a, 0xaf, 0xe0, 0xc5, 0x5f, 0xe1, 0x0, 0xff,
    0x80,

    /* U+00AE "®" */
    0x0, 0x92, 0xfb, 0xf6, 0x4, 0x3, 0xaa, 0x99,
    0xba, 0x92, 0xf4, 0x0, 0xa5, 0xbd, 0xcc, 0x92,
    0xae, 0xc4, 0x6, 0xfa, 0x9f, 0xf6, 0x22, 0xc7,
    0x4, 0xc8, 0x40, 0x19, 0x86, 0xa0, 0x72, 0x22,
    0x20, 0x2, 0x33, 0x10, 0x4, 0x88, 0x12, 0x0,
    0xbf, 0xcb, 0xa0, 0x3, 0x11, 0x18, 0x5, 0x8e,
    0x26, 0x0, 0x31, 0x54, 0x0, 0x8e, 0xd, 0x0,
    0x8, 0xbd, 0x60, 0x1c, 0xf0, 0xa, 0x66, 0x56,
    0xa4, 0xd0, 0x4, 0x71, 0xdc, 0x80, 0x29, 0xb5,
    0x80, 0x5, 0x59, 0x8, 0x0, 0x1c, 0xb9, 0xff,
    0x69, 0xe3, 0x0, 0x73, 0xef, 0x6f, 0xd9, 0x80,
    0x40,

    /* U+00AF "¯" */
    0xbf, 0xff, 0xad, 0xc0, 0x3e, 0x70,

    /* U+00B0 "°" */
    0x1, 0x9b, 0x70, 0x0, 0xfb, 0x24, 0x58, 0x40,
    0xcf, 0xaa, 0x1a, 0x8b, 0x7, 0x2, 0x38, 0x90,
    0x18, 0x17, 0x86, 0xe4, 0x12, 0xa5, 0x11, 0xa7,
    0x80,

    /* U+00B1 "±" */
    0x0, 0xc2, 0x66, 0x20, 0xf, 0xcb, 0x98, 0xb0,
    0xf, 0xfe, 0xe2, 0x7f, 0xd6, 0x0, 0x6f, 0xf9,
    0xc0, 0x3f, 0xf8, 0xe, 0x89, 0x10, 0x0, 0x51,
    0x22, 0x3b, 0xba, 0x40, 0xf, 0x77, 0x28, 0x7,
    0xff, 0x71, 0x3f, 0xd2, 0x1, 0xd5, 0x5f, 0xe0,
    0x2, 0xaf, 0xf8, 0x40, 0x3f, 0xf8, 0x0,

    /* U+00B2 "²" */
    0x2, 0xbf, 0xf6, 0xb0, 0xe, 0x20, 0x9, 0x4a,
    0xb8, 0x87, 0x70, 0xc3, 0xdb, 0xb8, 0x22, 0x20,
    0x20, 0x11, 0xb4, 0x4a, 0x40, 0x5, 0x86, 0x6c,
    0x10, 0x4d, 0x26, 0xc1, 0x3, 0xb0, 0x3, 0xf7,
    0x35, 0xc0, 0x21, 0x18, 0x80,

    /* U+00B3 "³" */
    0x4, 0xbf, 0xf6, 0xb8, 0x15, 0xa0, 0x9, 0x44,
    0x2, 0x21, 0xfc, 0x80, 0x64, 0xee, 0x8a, 0x40,
    0xf0, 0x9, 0xd4, 0xd, 0x80, 0x2f, 0xf2, 0x9f,
    0x3e, 0xe0, 0x81, 0x81, 0x21, 0x1f, 0x71, 0x81,
    0xcf, 0x10, 0x4, 0xa2, 0x40,

    /* U+00B4 "´" */
    0x0, 0xa, 0x24, 0x1, 0x65, 0xd8, 0xc0, 0x10,
    0x41, 0xe, 0x6, 0xe0, 0xee, 0x0, 0x0,

    /* U+00B5 "µ" */
    0xff, 0x90, 0x2, 0x1f, 0xf8, 0x80, 0x3f, 0xff,
    0xe0, 0x1f, 0xfc, 0x2, 0x0, 0xff, 0xb4, 0x2,
    0x60, 0xf, 0x93, 0x6f, 0x60, 0x3, 0xf1, 0x21,
    0x0, 0x7e, 0x20, 0x1, 0x40, 0x80, 0x7a, 0x7f,
    0xda, 0xfd, 0xfe, 0x20, 0xf, 0xff, 0x20,

    /* U+00B6 "¶" */
    0x0, 0x9b, 0x3f, 0xf6, 0x0, 0xe4, 0x98, 0x7,
    0xac, 0xc0, 0x3e, 0x25, 0x0, 0xfc, 0x80, 0x1f,
    0xc2, 0x1, 0xfc, 0x20, 0x1f, 0xc8, 0x1, 0xfc,
    0x48, 0x1, 0xfd, 0x44, 0x1, 0xf8, 0x76, 0x8,
    0x3, 0xf3, 0xef, 0xf9, 0x0, 0x3f, 0xfd, 0x0,

    /* U+00B7 "·" */
    0x2, 0x74, 0x1, 0xd8, 0xb4, 0x30, 0x8, 0xc9,
    0x80, 0xd8,

    /* U+00B8 "¸" */
    0x48, 0x60, 0x7, 0xbc, 0xc0, 0x4b, 0x83, 0xb1,
    0x68, 0x3, 0xa2, 0x80, 0x16, 0x2, 0x98, 0x60,

    /* U+00B9 "¹" */
    0x0, 0xc2, 0x0, 0x16, 0xbe, 0x35, 0xe9, 0x40,
    0x8, 0x94, 0x2, 0x5d, 0x80, 0xf, 0xfe, 0xa8,

    /* U+00BA "º" */
    0x3, 0xbf, 0xf6, 0xb0, 0x0, 0xb1, 0x8, 0xca,
    0x5c, 0x20, 0x1b, 0x73, 0x1, 0x0, 0xe1, 0x40,
    0x3, 0x20, 0x33, 0x0, 0x80, 0x78, 0xc0, 0x40,
    0x3c, 0xe1, 0x40, 0x3, 0x20, 0x38, 0x6, 0xdb,
    0xc0, 0x80, 0x2d, 0x42, 0x42, 0x97, 0x0,

    /* U+00BB "»" */
    0x16, 0x60, 0x1, 0x58, 0x80, 0x21, 0xa9, 0x70,
    0x4, 0xf8, 0x6, 0xf0, 0x83, 0x53, 0x29, 0x0,
    0x8d, 0x83, 0x83, 0x81, 0x90, 0x2, 0x81, 0x29,
    0x26, 0xa, 0x10, 0x0, 0xa8, 0x38, 0x68, 0xb,
    0x80, 0xd, 0x2, 0x82, 0x1, 0x18, 0x1, 0xc0,
    0xc8, 0xc6, 0x34, 0x0, 0x72, 0x24, 0x8c, 0x5,
    0x8, 0xc, 0x7, 0x84, 0xb, 0x20, 0x0,

    /* U+00BC "¼" */
    0x0, 0xc6, 0x1, 0xfe, 0x4a, 0xed, 0x0, 0xfe,
    0x3b, 0x51, 0x0, 0xff, 0xc, 0xc8, 0x3, 0xd0,
    0x60, 0x11, 0x32, 0x80, 0x72, 0x3c, 0x0, 0x7f,
    0xd0, 0x12, 0x1, 0xfe, 0x53, 0x62, 0x0, 0xff,
    0x58, 0x40, 0x7, 0xf9, 0xc5, 0xc4, 0x3, 0xc7,
    0xfc, 0x32, 0x30, 0x6, 0xc8, 0x1, 0xe9, 0x18,
    0x1, 0xd9, 0x80, 0xe, 0x27, 0x26, 0xd, 0x10,
    0xf, 0xa0, 0x20, 0x20, 0xd0, 0x3, 0xc6, 0xa6,
    0xa8, 0xee, 0xd0, 0xf, 0xa, 0x78, 0x50, 0x1d,
    0x81, 0x40, 0x4, 0x56, 0x62, 0x20, 0x42, 0x1,
    0x30, 0xf, 0xf, 0xfd, 0x20, 0x76, 0x1, 0xff,
    0xc2,

    /* U+00BD "½" */
    0x0, 0x84, 0x80, 0x3f, 0xc4, 0xf9, 0xc8, 0x1,
    0xfe, 0x98, 0x30, 0xf, 0xfe, 0x7, 0x59, 0x80,
    0x73, 0x20, 0x7, 0x2a, 0x38, 0x6, 0x19, 0xa0,
    0xf, 0xfe, 0x4, 0x5, 0x80, 0x7f, 0xc4, 0xc4,
    0xa0, 0x1f, 0xf4, 0x4, 0x80, 0x7f, 0xc6, 0xa6,
    0x80, 0x1f, 0xaf, 0xda, 0x3, 0xc6, 0x2a, 0x8a,
    0x1, 0xe4, 0x42, 0x97, 0xba, 0xaa, 0x9c, 0x3,
    0xa4, 0x21, 0x84, 0xfa, 0x42, 0x80, 0x32, 0x93,
    0x12, 0xe7, 0x8, 0x7, 0xd0, 0x10, 0x4, 0x64,
    0x72, 0x16, 0x1, 0x10, 0xb8, 0x80, 0x47, 0x80,
    0xec, 0x1, 0x16, 0x40, 0x4, 0x98, 0x13, 0x0,
    0x1f, 0xc7, 0x60, 0x5b, 0x76, 0x10, 0xf, 0x94,
    0x0, 0x48, 0x91, 0x80,

    /* U+00BE "¾" */
    0x6, 0xdf, 0xf5, 0x90, 0x7, 0xe5, 0x92, 0x32,
    0x4f, 0x0, 0xfc, 0x9b, 0xae, 0x80, 0xe, 0x74,
    0x0, 0x84, 0x9b, 0x68, 0x78, 0x0, 0x71, 0xa0,
    0x1c, 0xb4, 0xc3, 0xe0, 0xf, 0x8, 0x0, 0x88,
    0xcc, 0xb2, 0x6, 0x4a, 0x6e, 0x20, 0x15, 0x67,
    0xa, 0x0, 0xe, 0x6, 0x0, 0x34, 0x89, 0xf5,
    0x83, 0xb1, 0x48, 0x7, 0xf, 0xc3, 0x3d, 0xcc,
    0x89, 0xc1, 0x58, 0x40, 0x2, 0xf3, 0x9, 0x23,
    0x0, 0xf5, 0x28, 0x1, 0xe2, 0x72, 0x53, 0x80,
    0xf, 0xe8, 0x9, 0x1d, 0x22, 0x0, 0x7c, 0x6a,
    0x88, 0xa0, 0xf0, 0xf, 0xc2, 0x90, 0xc8, 0x12,
    0x41, 0x6, 0x1, 0x8a, 0xcf, 0x80, 0x50, 0x0,
    0x4e, 0x1, 0xf4, 0x7f, 0xc4, 0x14, 0x80, 0x1f,
    0xfc, 0x30,

    /* U+00BF "¿" */
    0x0, 0xcb, 0xfc, 0x40, 0x1f, 0x78, 0xa, 0x0,
    0x7d, 0x80, 0x4, 0x0, 0xf9, 0xbf, 0xc4, 0x1,
    0xff, 0xc6, 0x7b, 0xb1, 0x80, 0x7d, 0x88, 0x80,
    0xf, 0x8d, 0x0, 0x2, 0x1, 0xc7, 0x80, 0x4,
    0x20, 0xc, 0x5a, 0x0, 0x3b, 0x0, 0xee, 0x10,
    0x2d, 0x0, 0xe5, 0x30, 0x7, 0x8, 0x7, 0x60,
    0x0, 0xcc, 0x1, 0xfc, 0xc0, 0x12, 0xe6, 0x2b,
    0x80, 0x8, 0x20, 0x9, 0x33, 0xa, 0x80, 0x7,
    0xef, 0x8c, 0x1, 0xc5, 0x0, 0x1, 0x41, 0x0,
    0x32, 0x83, 0xda, 0x8, 0x1, 0x2a, 0x40,

    /* U+00C0 "À" */
    0x0, 0x8d, 0x10, 0x60, 0x1f, 0xfc, 0xb, 0xb6,
    0x18, 0x7, 0xf8, 0xec, 0x1, 0xe0, 0x1f, 0xf2,
    0x50, 0x1b, 0x80, 0x7f, 0xcb, 0xfe, 0x70, 0xf,
    0xf8, 0xff, 0xe1, 0x0, 0xff, 0x50, 0x4, 0xe0,
    0x1f, 0xe7, 0x0, 0xb4, 0x3, 0xf8, 0xc4, 0x2,
    0x40, 0xf, 0xeb, 0x0, 0xe5, 0x0, 0xfc, 0xc0,
    0x8, 0x0, 0x78, 0x7, 0xc6, 0x20, 0x4c, 0x0,
    0x50, 0xf, 0xac, 0x0, 0x82, 0x60, 0x5, 0x0,
    0xf2, 0x80, 0x34, 0x10, 0x1, 0xe0, 0x1c, 0x64,
    0x0, 0x40, 0xc0, 0x2, 0x80, 0x75, 0x80, 0xc,
    0x0, 0x80, 0x12, 0x0, 0x65, 0x0, 0x1f, 0xfc,
    0x1, 0x68, 0x4, 0x64, 0x1, 0xfc, 0xe0, 0x15,
    0x80, 0x44, 0x5c, 0x0, 0x14, 0x0, 0x28, 0x1,
    0xb7, 0x78, 0x80, 0x1a, 0x4, 0x40, 0x6, 0x80,
    0x72, 0x80, 0x1c, 0x28, 0x2, 0x40, 0xe, 0xb0,
    0x0, 0x98,

    /* U+00C1 "Á" */
    0x0, 0xfc, 0x89, 0x18, 0x7, 0xf9, 0x2e, 0xd4,
    0x20, 0x1f, 0xc3, 0x40, 0x38, 0x40, 0x1f, 0xd6,
    0x22, 0xc2, 0x0, 0xff, 0x57, 0xf1, 0x0, 0x7f,
    0x8f, 0xfe, 0x10, 0xf, 0xf5, 0x0, 0x4e, 0x1,
    0xfe, 0x70, 0xb, 0x40, 0x3f, 0x8c, 0x40, 0x24,
    0x0, 0xfe, 0xb0, 0xe, 0x50, 0xf, 0xcc, 0x0,
    0x80, 0x7, 0x80, 0x7c, 0x62, 0x4, 0xc0, 0x5,
    0x0, 0xfa, 0xc0, 0x8, 0x26, 0x0, 0x50, 0xf,
    0x28, 0x3, 0x41, 0x0, 0x1e, 0x1, 0xc6, 0x40,
    0x4, 0xc, 0x0, 0x28, 0x7, 0x58, 0x0, 0xc0,
    0x8, 0x1, 0x20, 0x6, 0x50, 0x1, 0xff, 0xc0,
    0x16, 0x80, 0x46, 0x40, 0x1f, 0xce, 0x1, 0x58,
    0x4, 0x45, 0xc0, 0x1, 0x40, 0x2, 0x80, 0x1b,
    0x77, 0x88, 0x1, 0xa0, 0x44, 0x0, 0x68, 0x7,
    0x28, 0x1, 0xc2, 0x80, 0x24, 0x0, 0xeb, 0x0,
    0x9, 0x80,

    /* U+00C2 "Â" */
    0x0, 0xe3, 0xef, 0xd2, 0x0, 0xfe, 0x7c, 0x13,
    0x2d, 0x50, 0xf, 0xaa, 0x2, 0xb2, 0x2, 0xa0,
    0x3, 0xd5, 0xfe, 0x50, 0x7f, 0xf4, 0x0, 0x7f,
    0xf2, 0xcf, 0xfe, 0x10, 0xf, 0xf5, 0x0, 0x4e,
    0x1, 0xfe, 0x70, 0xb, 0x40, 0x3f, 0x8c, 0x40,
    0x24, 0x0, 0xfe, 0xb0, 0xe, 0x50, 0xf, 0xcc,
    0x0, 0x80, 0x7, 0x80, 0x7c, 0x62, 0x4, 0xc0,
    0x5, 0x0, 0xfa, 0xc0, 0x8, 0x26, 0x0, 0x50,
    0xf, 0x28, 0x3, 0x41, 0x0, 0x1e, 0x1, 0xc6,
    0x40, 0x4, 0xc, 0x0, 0x28, 0x7, 0x58, 0x0,
    0xc0, 0x8, 0x1, 0x20, 0x6, 0x50, 0x1, 0xff,
    0xc0, 0x16, 0x80, 0x46, 0x40, 0x1f, 0xce, 0x1,
    0x58, 0x4, 0x45, 0xc0, 0x1, 0x40, 0x2, 0x80,
    0x1b, 0x77, 0x88, 0x1, 0xa0, 0x44, 0x0, 0x68,
    0x7, 0x28, 0x1, 0xc2, 0x80, 0x24, 0x0, 0xeb,
    0x0, 0x9, 0x80,

    /* U+00C3 "Ã" */
    0x0, 0xe1, 0x0, 0xc2, 0x1, 0xfa, 0xfb, 0x90,
    0x49, 0xd2, 0x1, 0xe8, 0x40, 0x17, 0xdb, 0xc,
    0x0, 0xf1, 0x8f, 0x6b, 0x88, 0x3a, 0x80, 0x7a,
    0xf8, 0x4a, 0x3b, 0xe0, 0x3, 0xff, 0x98, 0x7f,
    0xf0, 0x80, 0x7f, 0xa8, 0x2, 0x70, 0xf, 0xf3,
    0x80, 0x5a, 0x1, 0xfc, 0x62, 0x1, 0x20, 0x7,
    0xf5, 0x80, 0x72, 0x80, 0x7e, 0x60, 0x4, 0x0,
    0x3c, 0x3, 0xe3, 0x10, 0x26, 0x0, 0x28, 0x7,
    0xd6, 0x0, 0x41, 0x30, 0x2, 0x80, 0x79, 0x40,
    0x1a, 0x8, 0x0, 0xf0, 0xe, 0x32, 0x0, 0x20,
    0x60, 0x1, 0x40, 0x3a, 0xc0, 0x6, 0x0, 0x40,
    0x9, 0x0, 0x32, 0x80, 0xf, 0xfe, 0x0, 0xb4,
    0x2, 0x32, 0x0, 0xfe, 0x70, 0xa, 0xc0, 0x22,
    0x2e, 0x0, 0xa, 0x0, 0x14, 0x0, 0xdb, 0xbc,
    0x40, 0xd, 0x2, 0x20, 0x3, 0x40, 0x39, 0x40,
    0xe, 0x14, 0x1, 0x20, 0x7, 0x58, 0x0, 0x4c,

    /* U+00C4 "Ä" */
    0x0, 0xa3, 0xa4, 0x0, 0x39, 0xc8, 0x1, 0xe7,
    0x16, 0x10, 0x73, 0x1f, 0x0, 0xf3, 0x2, 0x88,
    0x39, 0x7, 0x0, 0x7a, 0x7e, 0x80, 0x3, 0xbe,
    0xa0, 0x1f, 0xfc, 0xb3, 0xff, 0x84, 0x3, 0xfd,
    0x40, 0x13, 0x80, 0x7f, 0x9c, 0x2, 0xd0, 0xf,
    0xe3, 0x10, 0x9, 0x0, 0x3f, 0xac, 0x3, 0x94,
    0x3, 0xf3, 0x0, 0x20, 0x1, 0xe0, 0x1f, 0x18,
    0x81, 0x30, 0x1, 0x40, 0x3e, 0xb0, 0x2, 0x9,
    0x80, 0x14, 0x3, 0xca, 0x0, 0xd0, 0x40, 0x7,
    0x80, 0x71, 0x90, 0x1, 0x3, 0x0, 0xa, 0x1,
    0xd6, 0x0, 0x30, 0x2, 0x0, 0x48, 0x1, 0x94,
    0x0, 0x7f, 0xf0, 0x5, 0xa0, 0x11, 0x90, 0x7,
    0xf3, 0x80, 0x56, 0x1, 0x11, 0x70, 0x0, 0x50,
    0x0, 0xa0, 0x6, 0xdd, 0xe2, 0x0, 0x68, 0x11,
    0x0, 0x1a, 0x1, 0xca, 0x0, 0x70, 0xa0, 0x9,
    0x0, 0x3a, 0xc0, 0x2, 0x60,

    /* U+00C5 "Å" */
    0x0, 0xe2, 0xcf, 0xb1, 0x0, 0xff, 0x73, 0xe3,
    0xc0, 0x7, 0xf8, 0xfc, 0xed, 0x0, 0x3f, 0xc3,
    0x81, 0x8c, 0x1, 0xfe, 0xa6, 0xf6, 0x90, 0xf,
    0xf2, 0x77, 0x34, 0x80, 0x3f, 0xc7, 0xfd, 0xe2,
    0x1, 0xfe, 0xa0, 0x9, 0xc0, 0x3f, 0xce, 0x1,
    0x68, 0x7, 0xf1, 0x88, 0x4, 0x80, 0x1f, 0xd6,
    0x1, 0xca, 0x1, 0xf9, 0x80, 0x10, 0x0, 0xf0,
    0xf, 0x8c, 0x40, 0x98, 0x0, 0xa0, 0x1f, 0x58,
    0x1, 0x4, 0xc0, 0xa, 0x1, 0xe5, 0x0, 0x68,
    0x20, 0x3, 0xc0, 0x38, 0xc8, 0x0, 0x81, 0x80,
    0x5, 0x0, 0xeb, 0x0, 0x18, 0x1, 0x0, 0x24,
    0x0, 0xca, 0x0, 0x3f, 0xf8, 0x2, 0xd0, 0x8,
    0xc8, 0x3, 0xf9, 0xc0, 0x2b, 0x0, 0x88, 0xb8,
    0x0, 0x28, 0x0, 0x50, 0x3, 0x6e, 0xf1, 0x0,
    0x34, 0x8, 0x80, 0xd, 0x0, 0xe5, 0x0, 0x38,
    0x50, 0x4, 0x80, 0x1d, 0x60, 0x1, 0x30,

    /* U+00C6 "Æ" */
    0x0, 0xf7, 0xff, 0xd0, 0x1, 0xca, 0x1, 0xff,
    0xc1, 0xf0, 0xc, 0x28, 0x8e, 0x0, 0xe5, 0x0,
    0xc9, 0x76, 0x60, 0xc, 0xa0, 0x1, 0x0, 0xff,
    0x78, 0x1, 0xc0, 0x3f, 0xca, 0x5, 0xc0, 0x1f,
    0xc8, 0x0, 0x50, 0x9, 0x7f, 0xc6, 0x1, 0x70,
    0x2, 0xc0, 0x3f, 0xca, 0x2, 0x60, 0x10, 0xaa,
    0x84, 0x0, 0x80, 0x1, 0xd9, 0x0, 0x25, 0x50,
    0x80, 0x1c, 0x1, 0x10, 0x80, 0x7e, 0x40, 0xf,
    0xfe, 0x2, 0x8, 0x17, 0xfa, 0x0, 0x3e, 0xd0,
    0x2, 0x80, 0x72, 0x55, 0x20, 0x1c, 0x1, 0x80,
    0x1c, 0x2a, 0xa4, 0x40, 0x80, 0x10, 0x3, 0xf8,

    /* U+00C7 "Ç" */
    0x0, 0xcd, 0x9f, 0xee, 0xa4, 0x0, 0xf5, 0xc9,
    0x80, 0x5, 0x6e, 0x40, 0x35, 0x20, 0x0, 0xd0,
    0x40, 0xc, 0xc0, 0x2, 0x28, 0x2, 0xb2, 0xf9,
    0x80, 0x10, 0x0, 0xe0, 0x2, 0x28, 0x5, 0x0,
    0x1, 0x30, 0x40, 0x6, 0x0, 0x61, 0x65, 0x50,
    0x0, 0x40, 0x6, 0x1, 0xd3, 0x54, 0x31, 0x0,
    0xff, 0xee, 0x88, 0x7, 0xff, 0x8, 0x40, 0x4,
    0x1, 0xca, 0xcc, 0x20, 0x40, 0x6, 0x0, 0x61,
    0xa9, 0x93, 0x7, 0x0, 0x14, 0xc0, 0x29, 0x0,
    0xa, 0x2, 0x20, 0x1, 0x95, 0x3a, 0xe0, 0x9,
    0x0, 0xa8, 0xc0, 0xa, 0xc4, 0x0, 0x67, 0x0,
    0x87, 0x24, 0xc0, 0x2, 0xb9, 0x20, 0x1e, 0x6d,
    0x0, 0x14, 0x98, 0x7, 0xf5, 0x11, 0xe0, 0x7,
    0xf0, 0xab, 0x0, 0x8, 0x3, 0xfb, 0x90, 0xc,
    0x80, 0x3f, 0xc4, 0xfa, 0x1, 0x80,

    /* U+00C8 "È" */
    0x0, 0x1a, 0x24, 0x1, 0xfc, 0x35, 0x76, 0x40,
    0xf, 0xc5, 0xa0, 0x9, 0x0, 0xfe, 0x3c, 0x2,
    0x80, 0xf, 0xe3, 0xff, 0x40, 0x7, 0x27, 0xff,
    0xfc, 0x60, 0x1f, 0xfc, 0x54, 0x4f, 0xc2, 0x1,
    0xae, 0xff, 0x10, 0x7, 0xff, 0x7f, 0xff, 0xe0,
    0xf, 0xfe, 0x3a, 0xaf, 0xc0, 0x1e, 0xaa, 0xf8,
    0x3, 0xff, 0xc3, 0x55, 0xf8, 0x80, 0x32, 0xaf,
    0xe1, 0x0, 0xff, 0xe0, 0x80,

    /* U+00C9 "É" */
    0x0, 0xf8, 0xd1, 0x6, 0x1, 0xf8, 0xf2, 0xec,
    0x1, 0xfd, 0xc0, 0xc, 0x30, 0xf, 0xa0, 0x83,
    0xc, 0x3, 0xf4, 0x7f, 0x8c, 0x3, 0x27, 0xff,
    0xfc, 0x60, 0x1f, 0xfc, 0x54, 0x4f, 0xc2, 0x1,
    0xae, 0xff, 0x10, 0x7, 0xff, 0x7f, 0xff, 0xe0,
    0xf, 0xfe, 0x3a, 0xaf, 0xc0, 0x1e, 0xaa, 0xf8,
    0x3, 0xff, 0xc3, 0x55, 0xf8, 0x80, 0x32, 0xaf,
    0xe1, 0x0, 0xff, 0xe0, 0x80,

    /* U+00CA "Ê" */
    0x0, 0xc3, 0xbf, 0xa4, 0x1, 0xf1, 0x79, 0x1,
    0x61, 0x80, 0x71, 0xe0, 0x9f, 0x20, 0xe2, 0x0,
    0x65, 0x68, 0xc1, 0xb8, 0x73, 0x0, 0xcd, 0xe,
    0x1, 0x3c, 0x38, 0x1, 0x3f, 0xff, 0xe3, 0x0,
    0xff, 0xe2, 0xa2, 0x7e, 0x10, 0xd, 0x77, 0xf8,
    0x80, 0x3f, 0xfb, 0xff, 0xff, 0x0, 0x7f, 0xf1,
    0xd5, 0x7e, 0x0, 0xf5, 0x57, 0xc0, 0x1f, 0xfe,
    0x1a, 0xaf, 0xc4, 0x1, 0x95, 0x7f, 0x8, 0x7,
    0xff, 0x4,

    /* U+00CB "Ë" */
    0x0, 0x37, 0x50, 0x5, 0x7c, 0xc0, 0x1a, 0x5,
    0x4c, 0x11, 0x3, 0x60, 0x19, 0x80, 0xcc, 0x8,
    0x61, 0x40, 0x1a, 0x3f, 0x0, 0x2c, 0xf7, 0x0,
    0xff, 0xe1, 0xa7, 0xff, 0xfc, 0x60, 0x1f, 0xfc,
    0x54, 0x4f, 0xc2, 0x1, 0xae, 0xff, 0x10, 0x7,
    0xff, 0x7f, 0xff, 0xe0, 0xf, 0xfe, 0x3a, 0xaf,
    0xc0, 0x1e, 0xaa, 0xf8, 0x3, 0xff, 0xc3, 0x55,
    0xf8, 0x80, 0x32, 0xaf, 0xe1, 0x0, 0xff, 0xe0,
    0x80,

    /* U+00CC "Ì" */
    0x4, 0x48, 0x40, 0x3e, 0xcb, 0xb6, 0x80, 0x7d,
    0xc, 0x6, 0xc0, 0x1f, 0x4a, 0x84, 0x88, 0x7,
    0xd5, 0xfe, 0x10, 0xd, 0x7f, 0xff, 0xc4, 0x1,
    0xff, 0x1a, 0x20, 0x80, 0x24, 0x48, 0xe2, 0xed,
    0x40, 0x3, 0xbb, 0x84, 0x3, 0xff, 0xfe, 0x1,
    0xff, 0xd7, 0x7a, 0xa8, 0x0, 0x55, 0x50, 0xe2,
    0xa8, 0x80, 0x2, 0xab, 0x18, 0x7, 0xfc,

    /* U+00CD "Í" */
    0x0, 0xe1, 0x44, 0x84, 0x3, 0xd7, 0x77, 0x8,
    0x7, 0x2a, 0x81, 0x68, 0x3, 0x86, 0xc1, 0x68,
    0x3, 0xc3, 0xdf, 0x40, 0x1a, 0xff, 0xff, 0x88,
    0x3, 0xfe, 0x34, 0x41, 0x0, 0x48, 0x91, 0xc5,
    0xda, 0x80, 0x7, 0x77, 0x8, 0x7, 0xff, 0xfc,
    0x3, 0xff, 0xae, 0xf5, 0x50, 0x0, 0xaa, 0xa1,
    0xc5, 0x51, 0x0, 0x5, 0x56, 0x30, 0xf, 0xf8,

    /* U+00CE "Î" */
    0x0, 0xa3, 0xfd, 0x20, 0x1c, 0x36, 0xe2, 0x26,
    0xc1, 0x0, 0x17, 0xa1, 0xff, 0x90, 0xfc, 0xc0,
    0xbb, 0xf0, 0x45, 0x7f, 0xc6, 0x1, 0xff, 0xc0,
    0xbf, 0xff, 0xe2, 0x0, 0xff, 0x8d, 0x10, 0x40,
    0x12, 0x24, 0x71, 0x76, 0xa0, 0x1, 0xdd, 0xc2,
    0x1, 0xff, 0xff, 0x0, 0xff, 0xeb, 0xbd, 0x54,
    0x0, 0x2a, 0xa8, 0x71, 0x54, 0x40, 0x1, 0x55,
    0x8c, 0x3, 0xfe,

    /* U+00CF "Ï" */
    0x1c, 0xe4, 0x0, 0x2f, 0x60, 0x83, 0x98, 0xf8,
    0x2, 0x44, 0xd0, 0x10, 0x83, 0x80, 0x14, 0x4,
    0x80, 0x5b, 0xea, 0x0, 0x6f, 0xd1, 0x0, 0xff,
    0xe0, 0x5f, 0xff, 0xf1, 0x0, 0x7f, 0xc6, 0x88,
    0x20, 0x9, 0x12, 0x38, 0xbb, 0x50, 0x0, 0xee,
    0xe1, 0x0, 0xff, 0xff, 0x80, 0x7f, 0xf5, 0xde,
    0xaa, 0x0, 0x15, 0x54, 0x38, 0xaa, 0x20, 0x0,
    0xaa, 0xc6, 0x1, 0xff, 0x0,

    /* U+00D0 "Ð" */
    0x0, 0x2f, 0xff, 0x75, 0x18, 0x7, 0xff, 0x0,
    0x57, 0x28, 0x3, 0xf9, 0x10, 0x20, 0x5, 0xb0,
    0xf, 0xd7, 0x6e, 0x70, 0x2, 0x38, 0x7, 0xfa,
    0x14, 0x1, 0x20, 0x1f, 0xf4, 0x0, 0x4, 0xc0,
    0x3f, 0xc4, 0x20, 0x4, 0x8f, 0xa0, 0xb, 0xfd,
    0x40, 0x3, 0x0, 0x78, 0x7, 0xff, 0xe, 0x76,
    0x0, 0x2d, 0xd5, 0x80, 0x78, 0x48, 0x80, 0x11,
    0x10, 0x40, 0x6, 0x0, 0xf0, 0xf, 0xf1, 0x8,
    0x0, 0xc0, 0x3f, 0xd6, 0x0, 0x14, 0x0, 0xfe,
    0x66, 0x0, 0x24, 0x3, 0xea, 0xbe, 0x90, 0x1,
    0xb8, 0x7, 0xca, 0x82, 0x0, 0x4c, 0x0, 0xff,
    0xa, 0xdd, 0x80, 0x20,

    /* U+00D1 "Ñ" */
    0x0, 0xc2, 0x1, 0x84, 0x3, 0x16, 0xf6, 0xb9,
    0x47, 0x30, 0x5, 0xc4, 0x5, 0x1a, 0xe0, 0x80,
    0x11, 0x1f, 0xe2, 0x80, 0xd1, 0x0, 0x5d, 0x80,
    0x75, 0xfc, 0xa0, 0x1f, 0xfc, 0x29, 0xff, 0x70,
    0x6, 0x8f, 0xf6, 0x0, 0x42, 0xc0, 0x1f, 0xf5,
    0x80, 0x7f, 0xc4, 0x80, 0x1f, 0xf7, 0x80, 0x7f,
    0xc8, 0x40, 0x1f, 0x88, 0x1, 0x60, 0x1f, 0x85,
    0x81, 0x80, 0x3f, 0xac, 0x0, 0xc0, 0x1f, 0x89,
    0x2, 0xc0, 0x3f, 0xbc, 0x9, 0x40, 0x3f, 0x21,
    0x1, 0x0, 0x7f, 0x50, 0x7, 0xfc, 0xe0, 0x1f,
    0xfc, 0x6, 0x0, 0xff, 0xac, 0x3, 0xfe, 0x24,
    0x0, 0x80,

    /* U+00D2 "Ò" */
    0x0, 0xab, 0xfd, 0x80, 0x1f, 0xea, 0x40, 0x36,
    0x0, 0xff, 0x5a, 0x4, 0x88, 0x7, 0xfa, 0xee,
    0x30, 0xf, 0xf9, 0x10, 0x40, 0x1f, 0xcf, 0x9f,
    0xed, 0x81, 0x0, 0xe1, 0xc8, 0x30, 0x1, 0x3f,
    0x98, 0x6, 0xa3, 0x0, 0x11, 0x80, 0x7, 0x8,
    0x0, 0x88, 0x0, 0x56, 0xe6, 0x88, 0x2, 0x0,
    0x1c, 0x0, 0x45, 0x0, 0x14, 0x0, 0x14, 0x0,
    0x80, 0xd, 0x0, 0xce, 0x1, 0x20, 0x8, 0x0,
    0xc0, 0x30, 0x88, 0x0, 0x40, 0x18, 0x40, 0x3f,
    0x84, 0x3, 0xff, 0x80, 0x20, 0x1f, 0xfc, 0x11,
    0x10, 0x4, 0x20, 0x1f, 0xe1, 0x0, 0x18, 0x6,
    0x11, 0x0, 0x8, 0x10, 0x1, 0xa0, 0x19, 0xc0,
    0x24, 0xf, 0x0, 0x22, 0x0, 0x5, 0x0, 0x5,
    0x0, 0x2a, 0x0, 0x2f, 0x31, 0xa2, 0x0, 0x80,
    0xa, 0x88, 0x0, 0x66, 0x0, 0xe, 0x10, 0x4,
    0x3b, 0x6, 0x0, 0x27, 0xf3, 0x0, 0x0,

    /* U+00D3 "Ó" */
    0x0, 0xf9, 0x3f, 0xdc, 0x60, 0x1f, 0x86, 0x80,
    0x74, 0xc0, 0x3f, 0x58, 0x86, 0x98, 0x7, 0xf7,
    0x5e, 0x98, 0x7, 0xf9, 0x10, 0x40, 0x1f, 0xcf,
    0x9f, 0xed, 0x81, 0x0, 0xe1, 0xc8, 0x30, 0x1,
    0x3f, 0x98, 0x6, 0xa3, 0x0, 0x11, 0x80, 0x7,
    0x8, 0x0, 0x88, 0x0, 0x56, 0xe6, 0x88, 0x2,
    0x0, 0x1c, 0x0, 0x45, 0x0, 0x14, 0x0, 0x14,
    0x0, 0x80, 0xd, 0x0, 0xce, 0x1, 0x20, 0x8,
    0x0, 0xc0, 0x30, 0x88, 0x0, 0x40, 0x18, 0x40,
    0x3f, 0x84, 0x3, 0xff, 0x80, 0x20, 0x1f, 0xfc,
    0x11, 0x10, 0x4, 0x20, 0x1f, 0xe1, 0x0, 0x18,
    0x6, 0x11, 0x0, 0x8, 0x10, 0x1, 0xa0, 0x19,
    0xc0, 0x24, 0xf, 0x0, 0x22, 0x0, 0x5, 0x0,
    0x5, 0x0, 0x2a, 0x0, 0x2f, 0x31, 0xa2, 0x0,
    0x80, 0xa, 0x88, 0x0, 0x66, 0x0, 0xe, 0x10,
    0x4, 0x3b, 0x6, 0x0, 0x27, 0xf3, 0x0, 0x0,

    /* U+00D4 "Ô" */
    0x0, 0xf3, 0xc1, 0x80, 0x7f, 0x16, 0xc3, 0xe3,
    0x80, 0x7c, 0xba, 0x4b, 0x41, 0x14, 0x1, 0xe2,
    0x7a, 0xa2, 0xeb, 0x92, 0x0, 0x73, 0xc2, 0x80,
    0xa, 0x20, 0x80, 0x1f, 0xfc, 0x87, 0xcf, 0xf6,
    0xc0, 0x80, 0x70, 0xe4, 0x18, 0x0, 0x9f, 0xcc,
    0x3, 0x51, 0x80, 0x8, 0xc0, 0x3, 0x84, 0x0,
    0x44, 0x0, 0x2b, 0x73, 0x44, 0x1, 0x0, 0xe,
    0x0, 0x22, 0x80, 0xa, 0x0, 0xa, 0x0, 0x40,
    0x6, 0x80, 0x67, 0x0, 0x90, 0x4, 0x0, 0x60,
    0x18, 0x44, 0x0, 0x20, 0xc, 0x20, 0x1f, 0xc2,
    0x1, 0xff, 0xc0, 0x10, 0xf, 0xfe, 0x8, 0x88,
    0x2, 0x10, 0xf, 0xf0, 0x80, 0xc, 0x3, 0x8,
    0x80, 0x4, 0x8, 0x0, 0xd0, 0xc, 0xe0, 0x12,
    0x7, 0x80, 0x11, 0x0, 0x2, 0x80, 0x2, 0x80,
    0x15, 0x0, 0x17, 0x98, 0xd1, 0x0, 0x40, 0x5,
    0x44, 0x0, 0x33, 0x0, 0x7, 0x8, 0x2, 0x1d,
    0x83, 0x0, 0x13, 0xf9, 0x80, 0x0,

    /* U+00D5 "Õ" */
    0x0, 0xff, 0xe2, 0x8d, 0xfe, 0x28, 0x37, 0xa8,
    0x7, 0x52, 0x1, 0xd7, 0xc8, 0x38, 0x7, 0x21,
    0x6d, 0xa0, 0x2, 0x48, 0x3, 0xbf, 0xc4, 0x97,
    0xfe, 0x60, 0xf, 0x88, 0x3, 0xff, 0x9e, 0xf9,
    0xfe, 0xd8, 0x10, 0xe, 0x1c, 0x83, 0x0, 0x13,
    0xf9, 0x80, 0x6a, 0x30, 0x1, 0x18, 0x0, 0x70,
    0x80, 0x8, 0x80, 0x5, 0x6e, 0x68, 0x80, 0x20,
    0x1, 0xc0, 0x4, 0x50, 0x1, 0x40, 0x1, 0x40,
    0x8, 0x0, 0xd0, 0xc, 0xe0, 0x12, 0x0, 0x80,
    0xc, 0x3, 0x8, 0x80, 0x4, 0x1, 0x84, 0x3,
    0xf8, 0x40, 0x3f, 0xf8, 0x2, 0x1, 0xff, 0xc1,
    0x11, 0x0, 0x42, 0x1, 0xfe, 0x10, 0x1, 0x80,
    0x61, 0x10, 0x0, 0x81, 0x0, 0x1a, 0x1, 0x9c,
    0x2, 0x40, 0xf0, 0x2, 0x20, 0x0, 0x50, 0x0,
    0x50, 0x2, 0xa0, 0x2, 0xf3, 0x1a, 0x20, 0x8,
    0x0, 0xa8, 0x80, 0x6, 0x60, 0x0, 0xe1, 0x0,
    0x43, 0xb0, 0x60, 0x2, 0x7f, 0x30, 0x0,

    /* U+00D6 "Ö" */
    0x0, 0xaf, 0xdc, 0x0, 0x7d, 0xc3, 0x0, 0xc6,
    0x81, 0x20, 0xa, 0x11, 0x58, 0x6, 0x35, 0x18,
    0x0, 0x51, 0x12, 0x80, 0x3a, 0xb9, 0x80, 0x7,
    0xba, 0x20, 0xf, 0xfe, 0x43, 0xe7, 0xfb, 0x60,
    0x40, 0x38, 0x72, 0xc, 0x0, 0x4f, 0xe6, 0x1,
    0xa8, 0xc0, 0x4, 0x60, 0x1, 0xc2, 0x0, 0x22,
    0x0, 0x15, 0xb9, 0xa2, 0x0, 0x80, 0x7, 0x0,
    0x11, 0x40, 0x5, 0x0, 0x5, 0x0, 0x20, 0x3,
    0x40, 0x33, 0x80, 0x48, 0x2, 0x0, 0x30, 0xc,
    0x22, 0x0, 0x10, 0x6, 0x10, 0xf, 0xe1, 0x0,
    0xff, 0xe0, 0x8, 0x7, 0xff, 0x4, 0x44, 0x1,
    0x8, 0x7, 0xf8, 0x40, 0x6, 0x1, 0x84, 0x40,
    0x2, 0x4, 0x0, 0x68, 0x6, 0x70, 0x9, 0x3,
    0xc0, 0x8, 0x80, 0x1, 0x40, 0x1, 0x40, 0xa,
    0x80, 0xb, 0xcc, 0x68, 0x80, 0x20, 0x2, 0xa2,
    0x0, 0x19, 0x80, 0x3, 0x84, 0x1, 0xe, 0xc1,
    0x80, 0x9, 0xfc, 0xc0, 0x0,

    /* U+00D7 "×" */
    0x0, 0x31, 0x0, 0x72, 0x18, 0x1, 0xe7, 0xc4,
    0x2, 0x4b, 0xc3, 0xb, 0x2, 0xc1, 0x4, 0xb0,
    0x5, 0x6, 0x90, 0x16, 0x2d, 0x80, 0x16, 0x40,
    0x70, 0x80, 0xa8, 0x0, 0xb4, 0x1, 0xe, 0x10,
    0x4, 0xb4, 0x1, 0xc6, 0x60, 0x9, 0x80, 0x38,
    0xb0, 0x40, 0x23, 0xc0, 0x8, 0xb0, 0x41, 0x34,
    0x40, 0xf0, 0x1, 0xe2, 0x7, 0x65, 0x82, 0x7,
    0x41, 0x20, 0x78, 0x0, 0x2c, 0x11, 0x40, 0x25,
    0xe0, 0x6, 0x2c, 0xc1, 0x0,

    /* U+00D8 "Ø" */
    0x0, 0xff, 0xbb, 0xc8, 0x3, 0x36, 0x7f, 0xb6,
    0x1c, 0x54, 0x80, 0x3, 0x92, 0x60, 0x2, 0x78,
    0x9, 0x0, 0xa8, 0xc0, 0x4, 0x60, 0x18, 0x40,
    0x8, 0x80, 0x4, 0xee, 0x60, 0x2, 0x80, 0x7,
    0x0, 0xd, 0x80, 0x14, 0x1, 0x28, 0x83, 0x80,
    0x2c, 0x0, 0x6c, 0x20, 0x12, 0x1, 0x0, 0x4,
    0x1, 0xe1, 0x62, 0x0, 0x20, 0xc, 0x60, 0xc6,
    0x65, 0x30, 0xf, 0xc3, 0x1, 0xc0, 0x1b, 0xc0,
    0x3a, 0x5, 0x88, 0x3, 0xfb, 0x58, 0x64, 0x0,
    0x60, 0xf, 0x2, 0x0, 0x38, 0x40, 0x4, 0x20,
    0x2, 0x4, 0x0, 0x8d, 0x80, 0xa, 0x1, 0x20,
    0x50, 0x5, 0x60, 0x2, 0xb0, 0x2, 0x8, 0x19,
    0x80, 0x11, 0xb9, 0xa2, 0x0, 0x90, 0x0, 0x98,
    0x4, 0x46, 0x1, 0x59, 0x0, 0x20, 0x1e, 0x4c,
    0x0, 0x4d, 0xa8, 0x0, 0x26, 0x18, 0x6c, 0xff,
    0x6c, 0x90, 0x4,

    /* U+00D9 "Ù" */
    0x0, 0x4f, 0xfb, 0x40, 0x3f, 0x4b, 0x1, 0x38,
    0x7, 0xe9, 0x50, 0x82, 0x0, 0xfd, 0x57, 0x60,
    0xf, 0xf2, 0x20, 0x80, 0x34, 0x7f, 0xb0, 0x3,
    0x2f, 0xfb, 0x80, 0x3f, 0xff, 0x6, 0x1, 0xff,
    0xea, 0x10, 0xf, 0xdc, 0x0, 0x20, 0xd, 0xe0,
    0x2, 0x40, 0x9, 0x80, 0x4, 0xc0, 0x4, 0x24,
    0x0, 0x4e, 0x5e, 0x80, 0x54, 0x14, 0x40, 0x3,
    0x40, 0xa, 0x88, 0x7, 0x60, 0xc0, 0x2, 0xda,
    0xa0,

    /* U+00DA "Ú" */
    0x0, 0xf1, 0xff, 0xc8, 0x1, 0xf7, 0x0, 0x2d,
    0x0, 0x3d, 0x4, 0x16, 0x80, 0x1f, 0x65, 0xea,
    0x0, 0x7e, 0x44, 0x10, 0x6, 0x8f, 0xf6, 0x0,
    0x65, 0xff, 0x70, 0x7, 0xff, 0xe0, 0xc0, 0x3f,
    0xfd, 0x42, 0x1, 0xfb, 0x80, 0x4, 0x1, 0xbc,
    0x0, 0x48, 0x1, 0x30, 0x0, 0x98, 0x0, 0x84,
    0x80, 0x9, 0xcb, 0xd0, 0xa, 0x82, 0x88, 0x0,
    0x68, 0x1, 0x51, 0x0, 0xec, 0x18, 0x0, 0x5b,
    0x54, 0x0,

    /* U+00DB "Û" */
    0x0, 0xcb, 0xfe, 0xc1, 0x0, 0xf4, 0x50, 0x19,
    0xbd, 0x0, 0x35, 0xb8, 0xe6, 0x1c, 0x6d, 0x80,
    0x2b, 0xfe, 0x30, 0x8f, 0xf3, 0x0, 0x7f, 0xf0,
    0x63, 0xfd, 0x80, 0x19, 0x7f, 0xdc, 0x1, 0xff,
    0xf8, 0x30, 0xf, 0xff, 0x50, 0x80, 0x7e, 0xe0,
    0x1, 0x0, 0x6f, 0x0, 0x12, 0x0, 0x4c, 0x0,
    0x26, 0x0, 0x21, 0x20, 0x2, 0x72, 0xf4, 0x2,
    0xa0, 0xa2, 0x0, 0x1a, 0x0, 0x54, 0x40, 0x3b,
    0x6, 0x0, 0x16, 0xd5, 0x0,

    /* U+00DC "Ü" */
    0x0, 0x4f, 0x40, 0x0, 0xb7, 0x46, 0x0, 0x16,
    0x17, 0x0, 0x29, 0x12, 0x80, 0x2, 0xa0, 0xc0,
    0x5, 0x11, 0x68, 0x5, 0x5f, 0x20, 0x2, 0xee,
    0x20, 0x7, 0xff, 0x6, 0x3f, 0xd8, 0x1, 0x97,
    0xfd, 0xc0, 0x1f, 0xff, 0x83, 0x0, 0xff, 0xf5,
    0x8, 0x7, 0xee, 0x0, 0x10, 0x6, 0xf0, 0x1,
    0x20, 0x4, 0xc0, 0x2, 0x60, 0x2, 0x12, 0x0,
    0x27, 0x2f, 0x40, 0x2a, 0xa, 0x20, 0x1, 0xa0,
    0x5, 0x44, 0x3, 0xb0, 0x60, 0x1, 0x6d, 0x50,

    /* U+00DD "Ý" */
    0x0, 0xfc, 0x89, 0x10, 0x7, 0xf9, 0x6e, 0xd2,
    0x60, 0x1f, 0xc3, 0x60, 0x58, 0x20, 0x1f, 0xd6,
    0x22, 0xf1, 0x0, 0xff, 0x57, 0xf1, 0x0, 0x72,
    0xff, 0xc6, 0x1, 0xcf, 0xff, 0xa, 0x90, 0x2,
    0x40, 0x3a, 0x40, 0xc, 0x21, 0x60, 0x5, 0x10,
    0x9, 0x44, 0x1, 0x60, 0x6, 0x10, 0x3, 0x0,
    0x52, 0x0, 0x52, 0x0, 0xa4, 0x1, 0x20, 0x3,
    0x30, 0x2, 0x0, 0x33, 0x88, 0xa, 0x85, 0x0,
    0x10, 0x80, 0x3a, 0x40, 0x12, 0x2c, 0x0, 0x80,
    0xf, 0x38, 0x0, 0xec, 0x0, 0x86, 0x1, 0xf3,
    0x80, 0x14, 0x1, 0x0, 0x1f, 0xa4, 0x3, 0x19,
    0x80, 0x3f, 0xb, 0x80, 0x50, 0x1, 0xfe, 0xd0,
    0x9, 0x0, 0x3f, 0xff, 0xe0, 0x1c,

    /* U+00DE "Þ" */
    0x6f, 0xf6, 0x80, 0x7f, 0xf6, 0x8b, 0xff, 0x63,
    0x88, 0x7, 0xf8, 0xe3, 0xcc, 0x3, 0x95, 0x63,
    0x0, 0xe, 0x88, 0x4, 0x55, 0x56, 0x58, 0x0,
    0x58, 0x3, 0xf2, 0x28, 0x3, 0x0, 0x3f, 0x88,
    0x0, 0xe0, 0x1f, 0xc8, 0x0, 0x60, 0xf, 0x86,
    0x4c, 0x1, 0xe0, 0x11, 0x7f, 0xdc, 0xc0, 0x4,
    0x50, 0xf, 0xf3, 0x58, 0x7, 0x2a, 0xcd, 0x3b,
    0x20, 0x1c, 0x55, 0x54, 0xb1, 0x0, 0x7f, 0xf4,
    0x40,

    /* U+00DF "ß" */
    0x0, 0x96, 0xff, 0xdd, 0x22, 0x1, 0xd3, 0x48,
    0x0, 0x16, 0xf2, 0x0, 0x95, 0x80, 0x6, 0x80,
    0x1, 0x80, 0xa, 0x40, 0xb, 0x97, 0x0, 0x5,
    0x0, 0x8c, 0x1, 0xc0, 0x4, 0x0, 0xe1, 0x0,
    0x98, 0x0, 0x80, 0x3, 0x0, 0xfe, 0x90, 0x4,
    0x80, 0x7e, 0x61, 0x2, 0x50, 0xf, 0xdc, 0x0,
    0x10, 0xf, 0xed, 0x0, 0x1a, 0x0, 0x7e, 0x52,
    0x0, 0x59, 0x80, 0x7e, 0xc2, 0x0, 0x68, 0x80,
    0x7c, 0x38, 0x20, 0x30, 0x1, 0xf8, 0x64, 0x0,
    0x80, 0x1c, 0x20, 0x17, 0x0, 0x4, 0x3, 0xaf,
    0x6a, 0xd8, 0x0, 0x80, 0x1c, 0x84, 0xa8, 0x0,
    0x19, 0x0, 0xc2, 0xa2, 0x0, 0x16, 0xf1,

    /* U+00E0 "à" */
    0x1, 0xdf, 0xf4, 0x0, 0x7c, 0x38, 0x40, 0xe6,
    0x1, 0xf0, 0xe0, 0x87, 0x80, 0x7e, 0x1f, 0xb8,
    0x10, 0xf, 0xc2, 0x88, 0x10, 0xf, 0x14, 0xef,
    0xfb, 0x64, 0x80, 0x25, 0xd6, 0x20, 0x1, 0x36,
    0xa0, 0xd, 0x0, 0xe, 0x1c, 0x40, 0x14, 0x8,
    0x0, 0x1c, 0x78, 0xf0, 0x0, 0xa2, 0xff, 0xb8,
    0x2, 0x11, 0x0, 0x4, 0x0, 0x73, 0xbf, 0xf0,
    0x80, 0xc, 0x27, 0x18, 0x80, 0x3e, 0x46, 0x0,
    0x47, 0x7f, 0x84, 0x2, 0xd0, 0x2, 0x38, 0x80,
    0x78, 0xc0, 0x2, 0x1, 0x8, 0x80, 0x2c, 0x0,
    0x2c, 0x2b, 0xf8, 0x6, 0x63, 0x0, 0x3d, 0x40,
    0x80, 0x42, 0x18, 0xe4, 0x0, 0x3a, 0x60, 0x5,
    0x80,

    /* U+00E1 "á" */
    0x0, 0xf4, 0x7f, 0xb4, 0x40, 0x3c, 0x6e, 0x5,
    0x82, 0x1, 0xee, 0x2, 0xc1, 0x0, 0xf0, 0xcd,
    0xe0, 0x80, 0x7c, 0x28, 0x81, 0x0, 0xf1, 0x4e,
    0xff, 0xb6, 0x48, 0x2, 0x5d, 0x62, 0x0, 0x13,
    0x6a, 0x0, 0xd0, 0x0, 0xe1, 0xc4, 0x1, 0x40,
    0x80, 0x1, 0xc7, 0x8f, 0x0, 0xa, 0x2f, 0xfb,
    0x80, 0x21, 0x10, 0x0, 0x40, 0x7, 0x3b, 0xff,
    0x8, 0x0, 0xc2, 0x71, 0x88, 0x3, 0xe4, 0x60,
    0x4, 0x77, 0xf8, 0x40, 0x2d, 0x0, 0x23, 0x88,
    0x7, 0x8c, 0x0, 0x20, 0x10, 0x88, 0x2, 0xc0,
    0x2, 0xc2, 0xbf, 0x80, 0x66, 0x30, 0x3, 0xd4,
    0x8, 0x4, 0x21, 0x8e, 0x40, 0x3, 0xa6, 0x0,
    0x58,

    /* U+00E2 "â" */
    0x0, 0xd3, 0xfe, 0x80, 0xf, 0xd, 0xb0, 0x89,
    0xec, 0x40, 0x22, 0xf4, 0x3f, 0xf1, 0xa7, 0x90,
    0x0, 0xbf, 0xb0, 0x45, 0x9d, 0xe4, 0x1, 0x8,
    0x80, 0x30, 0x88, 0x3, 0x14, 0xef, 0xfb, 0x64,
    0x80, 0x25, 0xd6, 0x20, 0x1, 0x36, 0xa0, 0xd,
    0x0, 0xe, 0x1c, 0x40, 0x14, 0x8, 0x0, 0x1c,
    0x78, 0xf0, 0x0, 0xa2, 0xff, 0xb8, 0x2, 0x11,
    0x0, 0x4, 0x0, 0x73, 0xbf, 0xf0, 0x80, 0xc,
    0x27, 0x18, 0x80, 0x3e, 0x46, 0x0, 0x47, 0x7f,
    0x84, 0x2, 0xd0, 0x2, 0x38, 0x80, 0x78, 0xc0,
    0x2, 0x1, 0x8, 0x80, 0x2c, 0x0, 0x2c, 0x2b,
    0xf8, 0x6, 0x63, 0x0, 0x3d, 0x40, 0x80, 0x42,
    0x18, 0xe4, 0x0, 0x3a, 0x60, 0x5, 0x80,

    /* U+00E3 "ã" */
    0x0, 0xff, 0xe1, 0x1e, 0xfd, 0xa0, 0x57, 0x10,
    0x5, 0xa4, 0x9, 0x7e, 0xa0, 0x40, 0x3, 0x15,
    0xe9, 0x20, 0x1a, 0x0, 0x8f, 0xec, 0x5b, 0x7b,
    0x88, 0x1, 0xc2, 0x1, 0x8, 0x7, 0x8a, 0x77,
    0xfd, 0xb2, 0x40, 0x12, 0xeb, 0x10, 0x0, 0x9b,
    0x50, 0x6, 0x80, 0x7, 0xe, 0x20, 0xa, 0x4,
    0x0, 0xe, 0x3c, 0x78, 0x0, 0x51, 0x7f, 0xdc,
    0x1, 0x8, 0x80, 0x2, 0x0, 0x39, 0xdf, 0xf8,
    0x40, 0x6, 0x13, 0x8c, 0x40, 0x1f, 0x23, 0x0,
    0x23, 0xbf, 0xc2, 0x1, 0x68, 0x1, 0x1c, 0x40,
    0x3c, 0x60, 0x1, 0x0, 0x84, 0x40, 0x16, 0x0,
    0x16, 0x15, 0xfc, 0x3, 0x31, 0x80, 0x1e, 0xa0,
    0x40, 0x21, 0xc, 0x72, 0x0, 0x1d, 0x30, 0x2,
    0xc0,

    /* U+00E4 "ä" */
    0x2, 0xde, 0x40, 0x3, 0x7e, 0x8, 0x1, 0x48,
    0x78, 0x1, 0x60, 0x6a, 0x0, 0x63, 0x1e, 0x0,
    0x58, 0xa2, 0x0, 0x3, 0x9c, 0x80, 0x6, 0xeb,
    0x0, 0xff, 0xe2, 0x14, 0xef, 0xfb, 0x64, 0x80,
    0x25, 0xd6, 0x20, 0x1, 0x36, 0xa0, 0xd, 0x0,
    0xe, 0x1c, 0x40, 0x14, 0x8, 0x0, 0x1c, 0x78,
    0xf0, 0x0, 0xa2, 0xff, 0xb8, 0x2, 0x11, 0x0,
    0x4, 0x0, 0x73, 0xbf, 0xf0, 0x80, 0xc, 0x27,
    0x18, 0x80, 0x3e, 0x46, 0x0, 0x47, 0x7f, 0x84,
    0x2, 0xd0, 0x2, 0x38, 0x80, 0x78, 0xc0, 0x2,
    0x1, 0x8, 0x80, 0x2c, 0x0, 0x2c, 0x2b, 0xf8,
    0x6, 0x63, 0x0, 0x3d, 0x40, 0x80, 0x42, 0x18,
    0xe4, 0x0, 0x3a, 0x60, 0x5, 0x80,

    /* U+00E5 "å" */
    0x0, 0xd1, 0xdc, 0x80, 0xf, 0x95, 0xea, 0x8e,
    0xa0, 0x1e, 0x31, 0x55, 0x1, 0x80, 0x79, 0x97,
    0xb8, 0x8c, 0x1, 0xf5, 0xf7, 0x2c, 0x3, 0xf8,
    0x44, 0x1, 0xf1, 0x4e, 0xff, 0xb6, 0x48, 0x2,
    0x5d, 0x62, 0x0, 0x13, 0x6a, 0x0, 0xd0, 0x0,
    0xe1, 0xc4, 0x1, 0x40, 0x80, 0x1, 0xc7, 0x8f,
    0x0, 0xa, 0x2f, 0xfb, 0x80, 0x21, 0x10, 0x0,
    0x40, 0x7, 0x3b, 0xff, 0x8, 0x0, 0xc2, 0x71,
    0x88, 0x3, 0xe4, 0x60, 0x4, 0x77, 0xf8, 0x40,
    0x2d, 0x0, 0x23, 0x88, 0x7, 0x8c, 0x0, 0x20,
    0x10, 0x88, 0x2, 0xc0, 0x2, 0xc2, 0xbf, 0x80,
    0x66, 0x30, 0x3, 0xd4, 0x8, 0x4, 0x21, 0x8e,
    0x40, 0x3, 0xa6, 0x0, 0x58,

    /* U+00E6 "æ" */
    0x0, 0x3e, 0xff, 0xad, 0x2f, 0xfd, 0x86, 0x0,
    0x88, 0x10, 0x1, 0x2d, 0x0, 0x7, 0x84, 0xe,
    0x0, 0x42, 0x0, 0x90, 0xc0, 0x10, 0x2a, 0xa6,
    0xbf, 0x0, 0x15, 0xe8, 0x1, 0x6, 0xa9, 0x20,
    0x19, 0x80, 0x40, 0x2, 0x0, 0x4b, 0xed, 0x0,
    0x27, 0xf8, 0x3, 0x45, 0xa0, 0x80, 0x7f, 0x13,
    0x80, 0x12, 0x40, 0x7, 0x77, 0xc8, 0x0, 0x1b,
    0x40, 0x3, 0xa2, 0x70, 0x4, 0x60, 0x19, 0x44,
    0x3, 0x10, 0x0, 0xb2, 0x40, 0x3, 0xf5, 0x7e,
    0x68, 0x60, 0x3, 0x41, 0x10, 0xa, 0xa0, 0x58,
    0x6a, 0x88, 0x1e, 0xe2, 0x0, 0x5, 0x68,

    /* U+00E7 "ç" */
    0x0, 0x9b, 0x3f, 0xdd, 0x24, 0x1, 0xae, 0x4c,
    0x0, 0x2d, 0xaa, 0x0, 0x94, 0x0, 0x1a, 0x88,
    0x2, 0x88, 0x8c, 0x0, 0x9c, 0xaf, 0x20, 0x5,
    0x20, 0x0, 0x58, 0x0, 0x36, 0x23, 0x78, 0x1,
    0x0, 0x33, 0x77, 0x24, 0xc0, 0x3f, 0xe3, 0x0,
    0xff, 0xbc, 0x0, 0xe0, 0x18, 0xe2, 0xa, 0xe0,
    0x2, 0x50, 0xa, 0x1d, 0xda, 0x2c, 0x0, 0xab,
    0x9d, 0x40, 0x5, 0x4, 0xa0, 0x1, 0x18, 0x80,
    0x14, 0x40, 0xb, 0x93, 0x0, 0xb, 0x6a, 0x80,
    0x66, 0xd0, 0x1, 0x51, 0x0, 0x7d, 0x44, 0x78,
    0x1, 0xf0, 0xab, 0x0, 0x8, 0x3, 0xee, 0x40,
    0x32, 0x0, 0xfc, 0x4f, 0xa0, 0x10,

    /* U+00E8 "è" */
    0x0, 0x67, 0xfa, 0x40, 0x3f, 0xb4, 0x81, 0x8c,
    0x3, 0xf0, 0xe1, 0x7, 0x0, 0x7f, 0xe, 0x5c,
    0x88, 0x7, 0xf0, 0xa2, 0x4, 0x3, 0xf2, 0x5f,
    0x7f, 0x5a, 0x0, 0x74, 0xda, 0x8, 0xa, 0x5c,
    0x0, 0x50, 0xc0, 0x3, 0x52, 0x0, 0x3a, 0x80,
    0xb8, 0x2, 0x32, 0xb5, 0xc0, 0x10, 0xe, 0x0,
    0x27, 0x0, 0xa0, 0x0, 0x43, 0xe0, 0x2, 0xff,
    0xe0, 0x8, 0x8c, 0x3, 0xff, 0x86, 0x77, 0x7f,
    0x8b, 0x40, 0x6, 0xa8, 0x9f, 0xa, 0x80, 0x54,
    0x1, 0x9b, 0x44, 0x9, 0xc0, 0x9, 0xd5, 0x4e,
    0x92, 0xa0, 0x4, 0x38, 0x0, 0x55, 0x42, 0x3,
    0xe0, 0x14, 0x62, 0x88, 0x0, 0x9f, 0xd0, 0x0,

    /* U+00E9 "é" */
    0x0, 0xf3, 0xff, 0xb4, 0x40, 0x3e, 0x28, 0x2,
    0xc1, 0x0, 0xfb, 0x80, 0xb0, 0x40, 0x3e, 0x18,
    0xbc, 0x10, 0xf, 0xc2, 0x88, 0x10, 0xf, 0xc9,
    0x7d, 0xfd, 0x68, 0x1, 0xd3, 0x68, 0x20, 0x29,
    0x70, 0x1, 0x43, 0x0, 0xd, 0x48, 0x0, 0xea,
    0x2, 0xe0, 0x8, 0xca, 0xd7, 0x0, 0x40, 0x38,
    0x0, 0x9c, 0x2, 0x80, 0x1, 0xf, 0x80, 0xb,
    0xff, 0x80, 0x22, 0x30, 0xf, 0xfe, 0x19, 0xdd,
    0xfe, 0x2d, 0x0, 0x1a, 0xa2, 0x7c, 0x2a, 0x1,
    0x50, 0x6, 0x6d, 0x10, 0x27, 0x0, 0x27, 0x55,
    0x3a, 0x4a, 0x80, 0x10, 0xe0, 0x1, 0x55, 0x8,
    0xf, 0x80, 0x51, 0x8a, 0x20, 0x2, 0x7f, 0x40,

    /* U+00EA "ê" */
    0x0, 0xd1, 0xfe, 0x90, 0xf, 0x86, 0xdc, 0x44,
    0xd8, 0x20, 0x18, 0xb1, 0xb, 0x3c, 0xcd, 0xe6,
    0x1, 0x16, 0xfe, 0x90, 0xe7, 0xf1, 0x80, 0x7f,
    0xf1, 0x92, 0xfb, 0xfa, 0xd0, 0x3, 0xa6, 0xd0,
    0x40, 0x52, 0xe0, 0x2, 0x86, 0x0, 0x1a, 0x90,
    0x1, 0xd4, 0x5, 0xc0, 0x11, 0x95, 0xae, 0x0,
    0x80, 0x70, 0x1, 0x38, 0x5, 0x0, 0x2, 0x1f,
    0x0, 0x17, 0xff, 0x0, 0x44, 0x60, 0x1f, 0xfc,
    0x33, 0xbb, 0xfc, 0x5a, 0x0, 0x35, 0x44, 0xf8,
    0x54, 0x2, 0xa0, 0xc, 0xda, 0x20, 0x4e, 0x0,
    0x4e, 0xaa, 0x74, 0x95, 0x0, 0x21, 0xc0, 0x2,
    0xaa, 0x10, 0x1f, 0x0, 0xa3, 0x14, 0x40, 0x4,
    0xfe, 0x80,

    /* U+00EB "ë" */
    0x1, 0xdf, 0x50, 0x3, 0x7e, 0x88, 0x4, 0xe4,
    0x1c, 0x0, 0xa0, 0x24, 0x0, 0x9c, 0xcb, 0xc0,
    0x12, 0x26, 0x80, 0x10, 0xe6, 0xa0, 0x1, 0x7b,
    0x4, 0x3, 0xff, 0x8c, 0x97, 0xdf, 0xd6, 0x80,
    0x1d, 0x36, 0x82, 0x2, 0x97, 0x0, 0x14, 0x30,
    0x0, 0xd4, 0x80, 0xe, 0xa0, 0x2e, 0x0, 0x8c,
    0xad, 0x70, 0x4, 0x3, 0x80, 0x9, 0xc0, 0x28,
    0x0, 0x10, 0xf8, 0x0, 0xbf, 0xf8, 0x2, 0x23,
    0x0, 0xff, 0xe1, 0x9d, 0xdf, 0xe2, 0xd0, 0x1,
    0xaa, 0x27, 0xc2, 0xa0, 0x15, 0x0, 0x66, 0xd1,
    0x2, 0x70, 0x2, 0x75, 0x53, 0xa4, 0xa8, 0x1,
    0xe, 0x0, 0x15, 0x50, 0x80, 0xf8, 0x5, 0x18,
    0xa2, 0x0, 0x27, 0xf4, 0x0,

    /* U+00EC "ì" */
    0x2, 0xef, 0xf3, 0x0, 0x7c, 0x58, 0x21, 0x2,
    0x1, 0xf1, 0x68, 0xd, 0x80, 0x7e, 0x3d, 0xbe,
    0x0, 0xea, 0xff, 0xb6, 0xec, 0xc0, 0x1f, 0xfc,
    0x4d, 0x55, 0x80, 0x3f, 0x3d, 0x54, 0x20, 0x1f,
    0xff, 0xf0, 0xc, 0xf5, 0x50, 0x80, 0x2a, 0xb0,
    0x6a, 0xac, 0x1, 0x1a, 0xac, 0x20, 0x1f, 0xfc,
    0x0,

    /* U+00ED "í" */
    0x0, 0xf5, 0xff, 0xac, 0x3, 0xe5, 0x40, 0x4b,
    0x0, 0xf0, 0xd8, 0x25, 0x80, 0x7c, 0x75, 0x76,
    0x0, 0xd5, 0xff, 0x6d, 0xd9, 0x80, 0x3f, 0xf8,
    0x9a, 0xab, 0x0, 0x7e, 0x7a, 0xa8, 0x40, 0x3f,
    0xff, 0xe0, 0x19, 0xea, 0xa1, 0x0, 0x55, 0x60,
    0xd5, 0x58, 0x2, 0x35, 0x58, 0x40, 0x3f, 0xf8,
    0x0,

    /* U+00EE "î" */
    0x0, 0xd7, 0xfe, 0x60, 0xf, 0x16, 0xa0, 0x84,
    0xc8, 0x3, 0x1e, 0x12, 0x7e, 0xb, 0x60, 0x80,
    0xf, 0xfa, 0xc4, 0xfb, 0x9a, 0x20, 0x10, 0x88,
    0x3, 0x8, 0x80, 0x15, 0xff, 0xe6, 0x0, 0xff,
    0xe2, 0x6a, 0xac, 0x1, 0xf9, 0xea, 0xa1, 0x0,
    0xff, 0xff, 0x80, 0x67, 0xaa, 0x84, 0x1, 0x55,
    0x83, 0x55, 0x60, 0x8, 0xd5, 0x61, 0x0, 0xff,
    0xe0, 0x0,

    /* U+00EF "ï" */
    0x4, 0xee, 0x10, 0x2, 0x7e, 0xc0, 0x2d, 0x11,
    0x28, 0x1, 0x81, 0x4, 0x1, 0x44, 0x45, 0x0,
    0x38, 0xb0, 0x80, 0xf, 0x74, 0x40, 0x8, 0xe9,
    0x0, 0x57, 0xff, 0x98, 0x3, 0xff, 0x89, 0xaa,
    0xb0, 0x7, 0xe7, 0xaa, 0x84, 0x3, 0xff, 0xfe,
    0x1, 0x9e, 0xaa, 0x10, 0x5, 0x56, 0xd, 0x55,
    0x80, 0x23, 0x55, 0x84, 0x3, 0xff, 0x80,

    /* U+00F0 "ð" */
    0x0, 0xe4, 0xc5, 0x0, 0x90, 0x3, 0xde, 0x75,
    0x8b, 0xb6, 0xa0, 0x1c, 0xc0, 0x3, 0xa3, 0x85,
    0x0, 0xec, 0x10, 0x8, 0xdc, 0x3, 0x9f, 0x85,
    0x0, 0x5, 0x0, 0x1d, 0xe7, 0x96, 0xc0, 0x7,
    0x10, 0xd, 0x96, 0x8b, 0x0, 0x13, 0x80, 0x17,
    0xae, 0x21, 0x5e, 0x20, 0xc, 0x5, 0xa1, 0x0,
    0xc2, 0x20, 0x3, 0x5, 0x80, 0xb, 0x3f, 0xa8,
    0x40, 0x4, 0xa2, 0x0, 0xf3, 0x1, 0x5b, 0x0,
    0x88, 0x0, 0x64, 0x1, 0xfb, 0xc0, 0xe, 0x1,
    0xc4, 0x0, 0x2e, 0x0, 0x28, 0x7, 0x58, 0x1,
    0x1c, 0x0, 0x30, 0x1, 0x39, 0x80, 0x28, 0x5c,
    0x0, 0xfb, 0x59, 0x0, 0x7, 0x20, 0x85, 0x0,
    0x12, 0x98, 0x1, 0xa0, 0x2, 0xab, 0x41, 0x1,
    0x5b, 0x90, 0x0,

    /* U+00F1 "ñ" */
    0x0, 0xff, 0xe1, 0x16, 0x7d, 0xa8, 0x47, 0xa0,
    0x5, 0xc6, 0x9, 0x5e, 0xe0, 0xa0, 0x1, 0x33,
    0x6d, 0x18, 0x2, 0x84, 0x0, 0x3f, 0xa4, 0xb9,
    0xde, 0xa0, 0x1c, 0x20, 0x10, 0x80, 0x65, 0xff,
    0x50, 0x3e, 0xff, 0x51, 0x0, 0x66, 0xb8, 0x20,
    0x15, 0xc1, 0x0, 0x8d, 0xd, 0x48, 0x0, 0x32,
    0x1, 0xaf, 0x2b, 0x50, 0x0, 0xa0, 0x10, 0xa0,
    0x5, 0xc0, 0x2, 0x0, 0xfc, 0x20, 0x1f, 0xff,
    0xf0, 0xf, 0xfe, 0x0,

    /* U+00F2 "ò" */
    0x0, 0x4f, 0xfb, 0x40, 0x3f, 0xa5, 0x40, 0x9c,
    0x3, 0xfa, 0x90, 0x20, 0x80, 0x3f, 0xae, 0xe0,
    0xf, 0xf9, 0x10, 0x40, 0x1f, 0x9b, 0x3f, 0xdd,
    0x24, 0x1, 0x87, 0x24, 0xc0, 0x2, 0xda, 0x80,
    0x15, 0x18, 0x1, 0x14, 0x40, 0x16, 0x40, 0x88,
    0x0, 0x55, 0xd7, 0x90, 0x2, 0x3, 0x40, 0x6,
    0xa0, 0x1, 0xb0, 0x2, 0x81, 0x0, 0x10, 0x3,
    0x20, 0x4, 0x2e, 0x0, 0xf0, 0xc, 0x60, 0x11,
    0xb8, 0x3, 0xc0, 0x31, 0x80, 0x46, 0x40, 0x4,
    0x0, 0xc8, 0x1, 0xe, 0x80, 0xd, 0x40, 0x3,
    0x60, 0x5, 0x4, 0x40, 0x2, 0xae, 0xbc, 0x80,
    0x10, 0x0, 0xa3, 0x0, 0x22, 0x88, 0x2, 0xc8,
    0x0, 0x39, 0x26, 0x0, 0x16, 0xd4, 0x0, 0x0,

    /* U+00F3 "ó" */
    0x0, 0xf1, 0xff, 0xc6, 0x1, 0xfb, 0x80, 0x18,
    0x60, 0x1f, 0x49, 0x5, 0x98, 0x7, 0xed, 0xbd,
    0x40, 0xf, 0xe4, 0x41, 0x0, 0x7e, 0x6c, 0xff,
    0x74, 0x90, 0x6, 0x1c, 0x93, 0x0, 0xb, 0x6a,
    0x0, 0x54, 0x60, 0x4, 0x51, 0x0, 0x59, 0x2,
    0x20, 0x1, 0x57, 0x5e, 0x40, 0x8, 0xd, 0x0,
    0x1a, 0x80, 0x6, 0xc0, 0xa, 0x4, 0x0, 0x40,
    0xc, 0x80, 0x10, 0xb8, 0x3, 0xc0, 0x31, 0x80,
    0x46, 0xe0, 0xf, 0x0, 0xc6, 0x1, 0x19, 0x0,
    0x10, 0x3, 0x20, 0x4, 0x3a, 0x0, 0x35, 0x0,
    0xd, 0x80, 0x14, 0x11, 0x0, 0xa, 0xba, 0xf2,
    0x0, 0x40, 0x2, 0x8c, 0x0, 0x8a, 0x20, 0xb,
    0x20, 0x0, 0xe4, 0x98, 0x0, 0x5b, 0x50, 0x0,

    /* U+00F4 "ô" */
    0x0, 0xcb, 0xfe, 0xc1, 0x0, 0xfa, 0x28, 0x8,
    0xfc, 0xc0, 0x3a, 0xdc, 0x6f, 0x58, 0x71, 0x40,
    0x35, 0x77, 0x10, 0x27, 0xf9, 0x40, 0x30, 0x88,
    0x3, 0x84, 0x3, 0xcd, 0x9f, 0xee, 0x92, 0x0,
    0xc3, 0x92, 0x60, 0x1, 0x6d, 0x40, 0xa, 0x8c,
    0x0, 0x8a, 0x20, 0xb, 0x20, 0x44, 0x0, 0x2a,
    0xeb, 0xc8, 0x1, 0x1, 0xa0, 0x3, 0x50, 0x0,
    0xd8, 0x1, 0x40, 0x80, 0x8, 0x1, 0x90, 0x2,
    0x17, 0x0, 0x78, 0x6, 0x30, 0x8, 0xdc, 0x1,
    0xe0, 0x18, 0xc0, 0x23, 0x20, 0x2, 0x0, 0x64,
    0x0, 0x87, 0x40, 0x6, 0xa0, 0x1, 0xb0, 0x2,
    0x82, 0x20, 0x1, 0x57, 0x5e, 0x40, 0x8, 0x0,
    0x51, 0x80, 0x11, 0x44, 0x1, 0x64, 0x0, 0x1c,
    0x93, 0x0, 0xb, 0x6a, 0x0, 0x0,

    /* U+00F5 "õ" */
    0x0, 0xff, 0xe1, 0x8d, 0xfe, 0x30, 0x2f, 0xb0,
    0x6, 0xb4, 0x3, 0x9f, 0xa0, 0x50, 0xc, 0x85,
    0xb6, 0x80, 0x8, 0x30, 0xd, 0xd8, 0x49, 0x7f,
    0xe7, 0x0, 0xf0, 0x80, 0x7f, 0xf0, 0x1b, 0x3f,
    0xdd, 0x24, 0x1, 0x87, 0x24, 0xc0, 0x2, 0xda,
    0x80, 0x15, 0x18, 0x1, 0x14, 0x40, 0x16, 0x40,
    0x88, 0x0, 0x55, 0xd7, 0x90, 0x2, 0x3, 0x40,
    0x6, 0xa0, 0x1, 0xb0, 0x2, 0x81, 0x0, 0x10,
    0x3, 0x20, 0x4, 0x2e, 0x0, 0xf0, 0xc, 0x60,
    0x11, 0xb8, 0x3, 0xc0, 0x31, 0x80, 0x46, 0x40,
    0x4, 0x0, 0xc8, 0x1, 0xe, 0x80, 0xd, 0x40,
    0x3, 0x60, 0x5, 0x4, 0x40, 0x2, 0xae, 0xbc,
    0x80, 0x10, 0x0, 0xa3, 0x0, 0x22, 0x88, 0x2,
    0xc8, 0x0, 0x39, 0x26, 0x0, 0x16, 0xd4, 0x0,
    0x0,

    /* U+00F6 "ö" */
    0x0, 0x5f, 0xc0, 0x0, 0xfb, 0x86, 0x1, 0x12,
    0x3, 0x80, 0x2c, 0x45, 0x40, 0x11, 0x28, 0xc0,
    0x2, 0x88, 0x94, 0x1, 0xab, 0x9c, 0x0, 0x5b,
    0xa3, 0x0, 0xff, 0xe3, 0x36, 0x7f, 0xba, 0x48,
    0x3, 0xe, 0x49, 0x80, 0x5, 0xb5, 0x0, 0x2a,
    0x30, 0x2, 0x28, 0x80, 0x2c, 0x81, 0x10, 0x0,
    0xab, 0xaf, 0x20, 0x4, 0x6, 0x80, 0xd, 0x40,
    0x3, 0x60, 0x5, 0x2, 0x0, 0x20, 0x6, 0x40,
    0x8, 0x5c, 0x1, 0xe0, 0x18, 0xc0, 0x23, 0x70,
    0x7, 0x80, 0x63, 0x0, 0x8c, 0x80, 0x8, 0x1,
    0x90, 0x2, 0x1d, 0x0, 0x1a, 0x80, 0x6, 0xc0,
    0xa, 0x8, 0x80, 0x5, 0x5d, 0x79, 0x0, 0x20,
    0x1, 0x46, 0x0, 0x45, 0x10, 0x5, 0x90, 0x0,
    0x72, 0x4c, 0x0, 0x2d, 0xa8, 0x0,

    /* U+00F7 "÷" */
    0x0, 0xc5, 0xbf, 0x0, 0x1f, 0xd4, 0x40, 0xe0,
    0x1f, 0xd8, 0x0, 0x30, 0xf, 0xe4, 0xdb, 0xc0,
    0xf, 0xf1, 0x20, 0x7, 0xa2, 0xef, 0xfe, 0x23,
    0x44, 0xff, 0x98, 0x3, 0xff, 0x83, 0x7f, 0xff,
    0xf2, 0x0, 0x71, 0xa0, 0x7, 0xf9, 0x72, 0xf0,
    0x3, 0xfb, 0x40, 0x6, 0x1, 0xfd, 0x44, 0x10,
    0x1, 0xc0,

    /* U+00F8 "ø" */
    0x0, 0xfe, 0x67, 0x0, 0xff, 0x1c, 0xe8, 0x7,
    0x36, 0x7f, 0xb7, 0x82, 0x40, 0x21, 0xc9, 0x30,
    0x1, 0x10, 0x1c, 0x2, 0xa3, 0x0, 0x22, 0x80,
    0x56, 0x40, 0x88, 0x0, 0x55, 0xc0, 0x6, 0x80,
    0xd0, 0x1, 0xa8, 0x58, 0x30, 0x1, 0x40, 0x80,
    0x8, 0x4, 0xc9, 0x60, 0x10, 0xb8, 0x3, 0xc2,
    0xc2, 0xc, 0x2, 0x37, 0x0, 0x79, 0x32, 0x19,
    0x80, 0x23, 0x20, 0x2, 0x58, 0x40, 0x20, 0x4,
    0x3a, 0x0, 0x36, 0x43, 0x1b, 0x0, 0x28, 0x22,
    0x0, 0x26, 0xaf, 0x20, 0x4, 0x0, 0x28, 0xc0,
    0x4, 0xa2, 0x0, 0xb2, 0x0, 0xa, 0x81, 0x80,
    0x5, 0xb5, 0x0, 0x21, 0x63, 0xcf, 0xf7, 0x49,
    0x0, 0x62, 0x7f, 0x0, 0xfe,

    /* U+00F9 "ù" */
    0x0, 0x4f, 0xfb, 0x40, 0x3f, 0x4a, 0x81, 0x38,
    0x7, 0xea, 0x40, 0x82, 0x0, 0xfd, 0x77, 0x0,
    0x71, 0xff, 0xc0, 0x88, 0x26, 0xff, 0x70, 0x7,
    0xff, 0xfc, 0x3, 0xff, 0x82, 0x20, 0x1f, 0x18,
    0x4, 0xe0, 0x15, 0x0, 0x64, 0x0, 0x4d, 0xdb,
    0x8c, 0x3, 0x40, 0x4, 0x88, 0x17, 0x0, 0xc7,
    0x88, 0x0, 0x3b, 0xa0, 0x8,

    /* U+00FA "ú" */
    0x0, 0xf1, 0xff, 0xc8, 0x1, 0xf7, 0x0, 0x2d,
    0x0, 0x3d, 0x4, 0x16, 0x80, 0x1f, 0x65, 0xea,
    0x0, 0x47, 0xff, 0x2, 0x20, 0x9b, 0xfd, 0xc0,
    0x1f, 0xff, 0xf0, 0xf, 0xfe, 0x8, 0x80, 0x7c,
    0x60, 0x13, 0x80, 0x54, 0x1, 0x90, 0x1, 0x37,
    0x6e, 0x30, 0xd, 0x0, 0x12, 0x20, 0x5c, 0x3,
    0x1e, 0x20, 0x0, 0xee, 0x80, 0x20,

    /* U+00FB "û" */
    0x0, 0xcb, 0xfe, 0xc1, 0x0, 0xf4, 0x50, 0x11,
    0xf9, 0x80, 0x6b, 0x70, 0xbd, 0x61, 0xc5, 0x0,
    0xab, 0xbd, 0x2, 0x7b, 0x8a, 0x1, 0x8, 0x80,
    0x30, 0x88, 0x0, 0x7f, 0xf0, 0x6, 0x6f, 0xf7,
    0x0, 0x7f, 0xff, 0xc0, 0x3f, 0xf8, 0x22, 0x1,
    0xf1, 0x80, 0x4e, 0x1, 0x50, 0x6, 0x40, 0x4,
    0xdd, 0xb8, 0xc0, 0x34, 0x0, 0x48, 0x81, 0x70,
    0xc, 0x78, 0x80, 0x3, 0xba, 0x0, 0x80,

    /* U+00FC "ü" */
    0x0, 0x5f, 0xc0, 0x0, 0xfb, 0x86, 0x0, 0x24,
    0x7, 0x0, 0x58, 0x8a, 0x80, 0x4, 0xa2, 0xe0,
    0xa, 0x22, 0x50, 0x5, 0x5d, 0x0, 0x2, 0xdd,
    0x18, 0x1f, 0xfc, 0x1, 0x9b, 0xfd, 0xc0, 0x1f,
    0xff, 0xf0, 0xf, 0xfe, 0x8, 0x80, 0x7c, 0x60,
    0x13, 0x80, 0x54, 0x1, 0x90, 0x1, 0x37, 0x6e,
    0x30, 0xd, 0x0, 0x12, 0x20, 0x5c, 0x3, 0x1e,
    0x20, 0x0, 0xee, 0x80, 0x20,

    /* U+00FD "ý" */
    0x0, 0xfd, 0xdf, 0xe7, 0x0, 0xff, 0x48, 0x83,
    0xb8, 0x3, 0xf9, 0x18, 0x1e, 0x0, 0x3f, 0xcf,
    0x76, 0x80, 0xe, 0x2f, 0xf9, 0x40, 0xd1, 0x0,
    0xdf, 0xf1, 0x92, 0x0, 0x24, 0x3, 0xa8, 0x0,
    0x66, 0xf, 0x0, 0x19, 0x0, 0x44, 0x60, 0x9,
    0x0, 0x21, 0x0, 0x28, 0x2, 0xa0, 0x1, 0x28,
    0x5, 0x60, 0x6, 0x0, 0x98, 0x1, 0x40, 0x19,
    0x84, 0x5, 0x1, 0x44, 0x0, 0xe0, 0x1c, 0xc0,
    0xf, 0xe, 0x0, 0x30, 0x7, 0xa4, 0x0, 0x84,
    0x80, 0xb, 0x0, 0xf0, 0xa8, 0x3, 0x80, 0x8,
    0x40, 0x1f, 0x48, 0x0, 0xc0, 0x1e, 0x1, 0xf8,
    0xcc, 0x1, 0x12, 0x0, 0x7f, 0x48, 0x5, 0x60,
    0x1f, 0xe7, 0x0, 0xb, 0x0, 0x7f, 0xa0, 0x0,
    0xc0, 0x1f, 0xe5, 0x50, 0x2, 0x40, 0x3f, 0x35,
    0xd0, 0x1, 0x84, 0x3, 0xf6, 0xa0, 0x0, 0xa4,
    0x3, 0xf9, 0xc0, 0x5b, 0x0, 0x3f, 0x0,

    /* U+00FE "þ" */
    0x4f, 0xf8, 0x3, 0xff, 0xea, 0x77, 0xfe, 0xc5,
    0x0, 0xfb, 0x10, 0x0, 0x75, 0x0, 0x1f, 0x1a,
    0x0, 0x4e, 0x60, 0x1d, 0x79, 0x7c, 0x20, 0x9,
    0x0, 0xe4, 0x0, 0xc, 0x80, 0x10, 0x3, 0xf8,
    0xc0, 0x2, 0x1, 0xfc, 0xe0, 0x1f, 0xfc, 0x7,
    0x0, 0xff, 0xe0, 0x18, 0x0, 0x80, 0x39, 0x0,
    0x3, 0x20, 0x4, 0x0, 0xeb, 0xb5, 0x78, 0x80,
    0x28, 0x3, 0xc8, 0xa2, 0x0, 0x83, 0x0, 0xec,
    0x40, 0x1, 0xd3, 0x80, 0x78, 0xef, 0xfd, 0x8a,
    0x1, 0xff, 0xeb,

    /* U+00FF "ÿ" */
    0x0, 0x9f, 0xf0, 0x2, 0xcf, 0x70, 0xf, 0x50,
    0x1a, 0x1, 0x98, 0x24, 0x3, 0xd6, 0x28, 0x80,
    0x34, 0x18, 0x0, 0xf3, 0x75, 0x80, 0x57, 0xcc,
    0x1, 0x17, 0xfc, 0xa0, 0x1c, 0xdf, 0xf1, 0x92,
    0x0, 0x24, 0x3, 0xa8, 0x0, 0x66, 0xf, 0x0,
    0x19, 0x0, 0x44, 0x60, 0x9, 0x0, 0x21, 0x0,
    0x28, 0x2, 0xa0, 0x1, 0x28, 0x5, 0x60, 0x6,
    0x0, 0x98, 0x1, 0x40, 0x19, 0x84, 0x5, 0x1,
    0x44, 0x0, 0xe0, 0x1c, 0xc0, 0xf, 0xe, 0x0,
    0x30, 0x7, 0xa4, 0x0, 0x84, 0x80, 0xb, 0x0,
    0xf0, 0xa8, 0x3, 0x80, 0x8, 0x40, 0x1f, 0x48,
    0x0, 0xc0, 0x1e, 0x1, 0xf8, 0xcc, 0x1, 0x12,
    0x0, 0x7f, 0x48, 0x5, 0x60, 0x1f, 0xe7, 0x0,
    0xb, 0x0, 0x7f, 0xa0, 0x0, 0xc0, 0x1f, 0xe5,
    0x50, 0x2, 0x40, 0x3f, 0x35, 0xd0, 0x1, 0x84,
    0x3, 0xf6, 0xa0, 0x0, 0xa4, 0x3, 0xf9, 0xc0,
    0x5b, 0x0, 0x3f, 0x0
};


/*---------------------
 *  GLYPH DESCRIPTION
 *--------------------*/

static const lv_font_fmt_txt_glyph_dsc_t glyph_dsc[] = {
    {.bitmap_index = 0, .adv_w = 0, .box_w = 0, .box_h = 0, .ofs_x = 0, .ofs_y = 0} /* id = 0 reserved */,
    {.bitmap_index = 0, .adv_w = 230, .box_w = 0, .box_h = 0, .ofs_x = 0, .ofs_y = 0},
    {.bitmap_index = 0, .adv_w = 230, .box_w = 5, .box_h = 17, .ofs_x = 5, .ofs_y = 0},
    {.bitmap_index = 33, .adv_w = 230, .box_w = 8, .box_h = 7, .ofs_x = 3, .ofs_y = 11},
    {.bitmap_index = 57, .adv_w = 230, .box_w = 14, .box_h = 17, .ofs_x = 0, .ofs_y = 0},
    {.bitmap_index = 156, .adv_w = 230, .box_w = 13, .box_h = 23, .ofs_x = 1, .ofs_y = -3},
    {.bitmap_index = 275, .adv_w = 230, .box_w = 14, .box_h = 17, .ofs_x = 0, .ofs_y = 0},
    {.bitmap_index = 377, .adv_w = 230, .box_w = 15, .box_h = 17, .ofs_x = 0, .ofs_y = 0},
    {.bitmap_index = 492, .adv_w = 230, .box_w = 3, .box_h = 7, .ofs_x = 5, .ofs_y = 11},
    {.bitmap_index = 502, .adv_w = 230, .box_w = 7, .box_h = 26, .ofs_x = 4, .ofs_y = -6},
    {.bitmap_index = 582, .adv_w = 230, .box_w = 8, .box_h = 26, .ofs_x = 3, .ofs_y = -6},
    {.bitmap_index = 666, .adv_w = 230, .box_w = 13, .box_h = 13, .ofs_x = 1, .ofs_y = 4},
    {.bitmap_index = 741, .adv_w = 230, .box_w = 12, .box_h = 13, .ofs_x = 1, .ofs_y = 2},
    {.bitmap_index = 770, .adv_w = 230, .box_w = 5, .box_h = 8, .ofs_x = 4, .ofs_y = -5},
    {.bitmap_index = 788, .adv_w = 230, .box_w = 11, .box_h = 3, .ofs_x = 3, .ofs_y = 6},
    {.bitmap_index = 797, .adv_w = 230, .box_w = 6, .box_h = 5, .ofs_x = 4, .ofs_y = 0},
    {.bitmap_index = 812, .adv_w = 230, .box_w = 10, .box_h = 19, .ofs_x = 2, .ofs_y = -2},
    {.bitmap_index = 886, .adv_w = 230, .box_w = 12, .box_h = 17, .ofs_x = 1, .ofs_y = 0},
    {.bitmap_index = 979, .adv_w = 230, .box_w = 8, .box_h = 18, .ofs_x = 2, .ofs_y = 0},
    {.bitmap_index = 1008, .adv_w = 230, .box_w = 13, .box_h = 17, .ofs_x = 0, .ofs_y = 0},
    {.bitmap_index = 1097, .adv_w = 230, .box_w = 12, .box_h = 17, .ofs_x = 1, .ofs_y = 0},
    {.bitmap_index = 1192, .adv_w = 230, .box_w = 14, .box_h = 17, .ofs_x = 0, .ofs_y = 0},
    {.bitmap_index = 1260, .adv_w = 230, .box_w = 12, .box_h = 17, .ofs_x = 1, .ofs_y = 0},
    {.bitmap_index = 1345, .adv_w = 230, .box_w = 12, .box_h = 17, .ofs_x = 1, .ofs_y = 0},
    {.bitmap_index = 1441, .adv_w = 230, .box_w = 13, .box_h = 17, .ofs_x = 0, .ofs_y = 0},
    {.bitmap_index = 1515, .adv_w = 230, .box_w = 12, .box_h = 17, .ofs_x = 1, .ofs_y = 0},
    {.bitmap_index = 1617, .adv_w = 230, .box_w = 12, .box_h = 17, .ofs_x = 1, .ofs_y = 0},
    {.bitmap_index = 1713, .adv_w = 230, .box_w = 5, .box_h = 14, .ofs_x = 5, .ofs_y = 0},
    {.bitmap_index = 1742, .adv_w = 230, .box_w = 6, .box_h = 20, .ofs_x = 5, .ofs_y = -5},
    {.bitmap_index = 1786, .adv_w = 230, .box_w = 12, .box_h = 12, .ofs_x = 1, .ofs_y = 1},
    {.bitmap_index = 1845, .adv_w = 230, .box_w = 12, .box_h = 8, .ofs_x = 1, .ofs_y = 3},
    {.bitmap_index = 1869, .adv_w = 230, .box_w = 12, .box_h = 12, .ofs_x = 1, .ofs_y = 1},
    {.bitmap_index = 1927, .adv_w = 230, .box_w = 12, .box_h = 17, .ofs_x = 1, .ofs_y = 0},
    {.bitmap_index = 2010, .adv_w = 230, .box_w = 14, .box_h = 17, .ofs_x = 0, .ofs_y = 0},
    {.bitmap_index = 2125, .adv_w = 230, .box_w = 15, .box_h = 17, .ofs_x = 0, .ofs_y = 0},
    {.bitmap_index = 2224, .adv_w = 230, .box_w = 13, .box_h = 17, .ofs_x = 1, .ofs_y = 0},
    {.bitmap_index = 2306, .adv_w = 230, .box_w = 14, .box_h = 17, .ofs_x = 0, .ofs_y = 0},
    {.bitmap_index = 2400, .adv_w = 230, .box_w = 13, .box_h = 17, .ofs_x = 1, .ofs_y = 0},
    {.bitmap_index = 2472, .adv_w = 230, .box_w = 13, .box_h = 17, .ofs_x = 1, .ofs_y = 0},
    {.bitmap_index = 2510, .adv_w = 230, .box_w = 13, .box_h = 17, .ofs_x = 1, .ofs_y = 0},
    {.bitmap_index = 2542, .adv_w = 230, .box_w = 13, .box_h = 17, .ofs_x = 1, .ofs_y = 0},
    {.bitmap_index = 2635, .adv_w = 230, .box_w = 12, .box_h = 17, .ofs_x = 1, .ofs_y = 0},
    {.bitmap_index = 2659, .adv_w = 230, .box_w = 11, .box_h = 17, .ofs_x = 2, .ofs_y = 0},
    {.bitmap_index = 2694, .adv_w = 230, .box_w = 12, .box_h = 17, .ofs_x = 1, .ofs_y = 0},
    {.bitmap_index = 2739, .adv_w = 230, .box_w = 14, .box_h = 17, .ofs_x = 1, .ofs_y = 0},
    {.bitmap_index = 2823, .adv_w = 230, .box_w = 13, .box_h = 17, .ofs_x = 1, .ofs_y = 0},
    {.bitmap_index = 2844, .adv_w = 230, .box_w = 13, .box_h = 17, .ofs_x = 1, .ofs_y = 0},
    {.bitmap_index = 2905, .adv_w = 230, .box_w = 12, .box_h = 17, .ofs_x = 1, .ofs_y = 0},
    {.bitmap_index = 2965, .adv_w = 230, .box_w = 14, .box_h = 17, .ofs_x = 0, .ofs_y = 0},
    {.bitmap_index = 3071, .adv_w = 230, .box_w = 13, .box_h = 17, .ofs_x = 1, .ofs_y = 0},
    {.bitmap_index = 3130, .adv_w = 230, .box_w = 14, .box_h = 20, .ofs_x = 1, .ofs_y = -3},
    {.bitmap_index = 3241, .adv_w = 230, .box_w = 14, .box_h = 17, .ofs_x = 1, .ofs_y = 0},
    {.bitmap_index = 3324, .adv_w = 230, .box_w = 13, .box_h = 17, .ofs_x = 1, .ofs_y = 0},
    {.bitmap_index = 3431, .adv_w = 230, .box_w = 15, .box_h = 17, .ofs_x = 0, .ofs_y = 0},
    {.bitmap_index = 3459, .adv_w = 230, .box_w = 12, .box_h = 17, .ofs_x = 1, .ofs_y = 0},
    {.bitmap_index = 3504, .adv_w = 230, .box_w = 15, .box_h = 17, .ofs_x = 0, .ofs_y = 0},
    {.bitmap_index = 3610, .adv_w = 230, .box_w = 15, .box_h = 17, .ofs_x = 0, .ofs_y = 0},
    {.bitmap_index = 3735, .adv_w = 230, .box_w = 15, .box_h = 17, .ofs_x = 0, .ofs_y = 0},
    {.bitmap_index = 3845, .adv_w = 230, .box_w = 15, .box_h = 17, .ofs_x = 0, .ofs_y = 0},
    {.bitmap_index = 3924, .adv_w = 230, .box_w = 13, .box_h = 17, .ofs_x = 1, .ofs_y = 0},
    {.bitmap_index = 4000, .adv_w = 230, .box_w = 6, .box_h = 24, .ofs_x = 4, .ofs_y = -4},
    {.bitmap_index = 4020, .adv_w = 230, .box_w = 11, .box_h = 19, .ofs_x = 2, .ofs_y = -2},
    {.bitmap_index = 4095, .adv_w = 230, .box_w = 6, .box_h = 24, .ofs_x = 4, .ofs_y = -4},
    {.bitmap_index = 4116, .adv_w = 230, .box_w = 11, .box_h = 9, .ofs_x = 2, .ofs_y = 8},
    {.bitmap_index = 4160, .adv_w = 230, .box_w = 12, .box_h = 3, .ofs_x = 1, .ofs_y = -3},
    {.bitmap_index = 4169, .adv_w = 230, .box_w = 7, .box_h = 4, .ofs_x = 4, .ofs_y = 14},
    {.bitmap_index = 4183, .adv_w = 230, .box_w = 12, .box_h = 13, .ofs_x = 1, .ofs_y = 0},
    {.bitmap_index = 4259, .adv_w = 230, .box_w = 13, .box_h = 18, .ofs_x = 1, .ofs_y = 0},
    {.bitmap_index = 4330, .adv_w = 230, .box_w = 12, .box_h = 13, .ofs_x = 1, .ofs_y = 0},
    {.bitmap_index = 4402, .adv_w = 230, .box_w = 12, .box_h = 18, .ofs_x = 1, .ofs_y = 0},
    {.bitmap_index = 4473, .adv_w = 230, .box_w = 13, .box_h = 13, .ofs_x = 1, .ofs_y = 0},
    {.bitmap_index = 4547, .adv_w = 230, .box_w = 13, .box_h = 19, .ofs_x = 1, .ofs_y = 0},
    {.bitmap_index = 4605, .adv_w = 230, .box_w = 12, .box_h = 18, .ofs_x = 1, .ofs_y = -5},
    {.bitmap_index = 4699, .adv_w = 230, .box_w = 13, .box_h = 18, .ofs_x = 1, .ofs_y = 0},
    {.bitmap_index = 4740, .adv_w = 230, .box_w = 11, .box_h = 18, .ofs_x = 2, .ofs_y = 0},
    {.bitmap_index = 4788, .adv_w = 230, .box_w = 9, .box_h = 23, .ofs_x = 2, .ofs_y = -5},
    {.bitmap_index = 4839, .adv_w = 230, .box_w = 14, .box_h = 18, .ofs_x = 1, .ofs_y = 0},
    {.bitmap_index = 4907, .adv_w = 230, .box_w = 12, .box_h = 18, .ofs_x = 2, .ofs_y = 0},
    {.bitmap_index = 4939, .adv_w = 230, .box_w = 14, .box_h = 13, .ofs_x = 0, .ofs_y = 0},
    {.bitmap_index = 4975, .adv_w = 230, .box_w = 12, .box_h = 13, .ofs_x = 1, .ofs_y = 0},
    {.bitmap_index = 5013, .adv_w = 230, .box_w = 13, .box_h = 13, .ofs_x = 1, .ofs_y = 0},
    {.bitmap_index = 5097, .adv_w = 230, .box_w = 13, .box_h = 18, .ofs_x = 1, .ofs_y = -5},
    {.bitmap_index = 5171, .adv_w = 230, .box_w = 12, .box_h = 18, .ofs_x = 1, .ofs_y = -5},
    {.bitmap_index = 5242, .adv_w = 230, .box_w = 11, .box_h = 13, .ofs_x = 3, .ofs_y = 0},
    {.bitmap_index = 5274, .adv_w = 230, .box_w = 12, .box_h = 13, .ofs_x = 1, .ofs_y = 0},
    {.bitmap_index = 5353, .adv_w = 230, .box_w = 12, .box_h = 16, .ofs_x = 1, .ofs_y = 0},
    {.bitmap_index = 5405, .adv_w = 230, .box_w = 12, .box_h = 13, .ofs_x = 1, .ofs_y = 0},
    {.bitmap_index = 5441, .adv_w = 230, .box_w = 14, .box_h = 13, .ofs_x = 0, .ofs_y = 0},
    {.bitmap_index = 5520, .adv_w = 230, .box_w = 14, .box_h = 13, .ofs_x = 0, .ofs_y = 0},
    {.bitmap_index = 5614, .adv_w = 230, .box_w = 13, .box_h = 13, .ofs_x = 1, .ofs_y = 0},
    {.bitmap_index = 5691, .adv_w = 230, .box_w = 15, .box_h = 18, .ofs_x = 0, .ofs_y = -5},
    {.bitmap_index = 5797, .adv_w = 230, .box_w = 13, .box_h = 13, .ofs_x = 1, .ofs_y = 0},
    {.bitmap_index = 5856, .adv_w = 230, .box_w = 9, .box_h = 23, .ofs_x = 3, .ofs_y = -4},
    {.bitmap_index = 5935, .adv_w = 230, .box_w = 3, .box_h = 22, .ofs_x = 6, .ofs_y = -5},
    {.bitmap_index = 5940, .adv_w = 230, .box_w = 9, .box_h = 23, .ofs_x = 3, .ofs_y = -4},
    {.bitmap_index = 6018, .adv_w = 230, .box_w = 14, .box_h = 5, .ofs_x = 0, .ofs_y = 4},
    {.bitmap_index = 6054, .adv_w = 230, .box_w = 0, .box_h = 0, .ofs_x = 0, .ofs_y = 0},
    {.bitmap_index = 6054, .adv_w = 230, .box_w = 5, .box_h = 18, .ofs_x = 5, .ofs_y = -5},
    {.bitmap_index = 6083, .adv_w = 230, .box_w = 12, .box_h = 19, .ofs_x = 1, .ofs_y = -3},
    {.bitmap_index = 6174, .adv_w = 230, .box_w = 13, .box_h = 17, .ofs_x = 1, .ofs_y = 0},
    {.bitmap_index = 6257, .adv_w = 230, .box_w = 14, .box_h = 14, .ofs_x = 0, .ofs_y = -1},
    {.bitmap_index = 6348, .adv_w = 230, .box_w = 15, .box_h = 17, .ofs_x = 0, .ofs_y = 0},
    {.bitmap_index = 6442, .adv_w = 230, .box_w = 4, .box_h = 21, .ofs_x = 5, .ofs_y = -4},
    {.bitmap_index = 6459, .adv_w = 230, .box_w = 13, .box_h = 22, .ofs_x = 1, .ofs_y = -5},
    {.bitmap_index = 6599, .adv_w = 230, .box_w = 9, .box_h = 3, .ofs_x = 3, .ofs_y = 15},
    {.bitmap_index = 6613, .adv_w = 230, .box_w = 13, .box_h = 14, .ofs_x = 1, .ofs_y = -1},
    {.bitmap_index = 6703, .adv_w = 230, .box_w = 9, .box_h = 9, .ofs_x = 3, .ofs_y = 8},
    {.bitmap_index = 6742, .adv_w = 230, .box_w = 11, .box_h = 10, .ofs_x = 2, .ofs_y = 1},
    {.bitmap_index = 6797, .adv_w = 230, .box_w = 10, .box_h = 6, .ofs_x = 2, .ofs_y = 4},
    {.bitmap_index = 6810, .adv_w = 230, .box_w = 11, .box_h = 3, .ofs_x = 3, .ofs_y = 6},
    {.bitmap_index = 6819, .adv_w = 230, .box_w = 13, .box_h = 14, .ofs_x = 1, .ofs_y = -1},
    {.bitmap_index = 6908, .adv_w = 230, .box_w = 9, .box_h = 2, .ofs_x = 3, .ofs_y = 15},
    {.bitmap_index = 6914, .adv_w = 230, .box_w = 7, .box_h = 7, .ofs_x = 4, .ofs_y = 11},
    {.bitmap_index = 6939, .adv_w = 230, .box_w = 12, .box_h = 16, .ofs_x = 1, .ofs_y = 0},
    {.bitmap_index = 6986, .adv_w = 230, .box_w = 8, .box_h = 9, .ofs_x = 3, .ofs_y = 8},
    {.bitmap_index = 7023, .adv_w = 230, .box_w = 8, .box_h = 9, .ofs_x = 3, .ofs_y = 8},
    {.bitmap_index = 7060, .adv_w = 230, .box_w = 7, .box_h = 4, .ofs_x = 4, .ofs_y = 14},
    {.bitmap_index = 7075, .adv_w = 230, .box_w = 12, .box_h = 18, .ofs_x = 2, .ofs_y = -5},
    {.bitmap_index = 7114, .adv_w = 230, .box_w = 10, .box_h = 17, .ofs_x = 2, .ofs_y = 0},
    {.bitmap_index = 7154, .adv_w = 230, .box_w = 5, .box_h = 4, .ofs_x = 5, .ofs_y = 7},
    {.bitmap_index = 7164, .adv_w = 230, .box_w = 5, .box_h = 6, .ofs_x = 5, .ofs_y = -5},
    {.bitmap_index = 7180, .adv_w = 230, .box_w = 6, .box_h = 10, .ofs_x = 4, .ofs_y = 8},
    {.bitmap_index = 7196, .adv_w = 230, .box_w = 9, .box_h = 9, .ofs_x = 3, .ofs_y = 8},
    {.bitmap_index = 7235, .adv_w = 230, .box_w = 11, .box_h = 10, .ofs_x = 2, .ofs_y = 2},
    {.bitmap_index = 7290, .adv_w = 230, .box_w = 14, .box_h = 18, .ofs_x = 0, .ofs_y = 0},
    {.bitmap_index = 7379, .adv_w = 230, .box_w = 15, .box_h = 18, .ofs_x = 0, .ofs_y = 0},
    {.bitmap_index = 7479, .adv_w = 230, .box_w = 15, .box_h = 17, .ofs_x = 0, .ofs_y = 0},
    {.bitmap_index = 7585, .adv_w = 230, .box_w = 11, .box_h = 18, .ofs_x = 2, .ofs_y = -5},
    {.bitmap_index = 7664, .adv_w = 230, .box_w = 15, .box_h = 22, .ofs_x = 0, .ofs_y = 0},
    {.bitmap_index = 7786, .adv_w = 230, .box_w = 15, .box_h = 22, .ofs_x = 0, .ofs_y = 0},
    {.bitmap_index = 7908, .adv_w = 230, .box_w = 15, .box_h = 22, .ofs_x = 0, .ofs_y = 0},
    {.bitmap_index = 8031, .adv_w = 230, .box_w = 15, .box_h = 23, .ofs_x = 0, .ofs_y = 0},
    {.bitmap_index = 8159, .adv_w = 230, .box_w = 15, .box_h = 22, .ofs_x = 0, .ofs_y = 0},
    {.bitmap_index = 8284, .adv_w = 230, .box_w = 15, .box_h = 23, .ofs_x = 0, .ofs_y = 0},
    {.bitmap_index = 8411, .adv_w = 230, .box_w = 14, .box_h = 17, .ofs_x = 0, .ofs_y = 0},
    {.bitmap_index = 8499, .adv_w = 230, .box_w = 14, .box_h = 22, .ofs_x = 0, .ofs_y = -5},
    {.bitmap_index = 8617, .adv_w = 230, .box_w = 13, .box_h = 22, .ofs_x = 1, .ofs_y = 0},
    {.bitmap_index = 8678, .adv_w = 230, .box_w = 13, .box_h = 22, .ofs_x = 1, .ofs_y = 0},
    {.bitmap_index = 8739, .adv_w = 230, .box_w = 13, .box_h = 22, .ofs_x = 1, .ofs_y = 0},
    {.bitmap_index = 8805, .adv_w = 230, .box_w = 13, .box_h = 22, .ofs_x = 1, .ofs_y = 0},
    {.bitmap_index = 8870, .adv_w = 230, .box_w = 11, .box_h = 22, .ofs_x = 2, .ofs_y = 0},
    {.bitmap_index = 8925, .adv_w = 230, .box_w = 11, .box_h = 22, .ofs_x = 2, .ofs_y = 0},
    {.bitmap_index = 8981, .adv_w = 230, .box_w = 11, .box_h = 22, .ofs_x = 2, .ofs_y = 0},
    {.bitmap_index = 9040, .adv_w = 230, .box_w = 11, .box_h = 22, .ofs_x = 2, .ofs_y = 0},
    {.bitmap_index = 9101, .adv_w = 230, .box_w = 15, .box_h = 17, .ofs_x = -1, .ofs_y = 0},
    {.bitmap_index = 9193, .adv_w = 230, .box_w = 12, .box_h = 23, .ofs_x = 1, .ofs_y = 0},
    {.bitmap_index = 9283, .adv_w = 230, .box_w = 14, .box_h = 22, .ofs_x = 0, .ofs_y = 0},
    {.bitmap_index = 9410, .adv_w = 230, .box_w = 14, .box_h = 22, .ofs_x = 0, .ofs_y = 0},
    {.bitmap_index = 9538, .adv_w = 230, .box_w = 14, .box_h = 23, .ofs_x = 0, .ofs_y = 0},
    {.bitmap_index = 9672, .adv_w = 230, .box_w = 14, .box_h = 24, .ofs_x = 0, .ofs_y = 0},
    {.bitmap_index = 9807, .adv_w = 230, .box_w = 14, .box_h = 22, .ofs_x = 0, .ofs_y = 0},
    {.bitmap_index = 9940, .adv_w = 230, .box_w = 12, .box_h = 12, .ofs_x = 1, .ofs_y = 2},
    {.bitmap_index = 10009, .adv_w = 230, .box_w = 14, .box_h = 19, .ofs_x = 0, .ofs_y = -1},
    {.bitmap_index = 10132, .adv_w = 230, .box_w = 12, .box_h = 22, .ofs_x = 1, .ofs_y = 0},
    {.bitmap_index = 10197, .adv_w = 230, .box_w = 12, .box_h = 22, .ofs_x = 1, .ofs_y = 0},
    {.bitmap_index = 10263, .adv_w = 230, .box_w = 12, .box_h = 22, .ofs_x = 1, .ofs_y = 0},
    {.bitmap_index = 10332, .adv_w = 230, .box_w = 12, .box_h = 22, .ofs_x = 1, .ofs_y = 0},
    {.bitmap_index = 10404, .adv_w = 230, .box_w = 15, .box_h = 22, .ofs_x = 0, .ofs_y = 0},
    {.bitmap_index = 10506, .adv_w = 230, .box_w = 13, .box_h = 17, .ofs_x = 1, .ofs_y = 0},
    {.bitmap_index = 10571, .adv_w = 230, .box_w = 13, .box_h = 18, .ofs_x = 1, .ofs_y = 0},
    {.bitmap_index = 10666, .adv_w = 230, .box_w = 12, .box_h = 18, .ofs_x = 1, .ofs_y = 0},
    {.bitmap_index = 10763, .adv_w = 230, .box_w = 12, .box_h = 18, .ofs_x = 1, .ofs_y = 0},
    {.bitmap_index = 10860, .adv_w = 230, .box_w = 12, .box_h = 18, .ofs_x = 1, .ofs_y = 0},
    {.bitmap_index = 10963, .adv_w = 230, .box_w = 12, .box_h = 19, .ofs_x = 1, .ofs_y = 0},
    {.bitmap_index = 11068, .adv_w = 230, .box_w = 12, .box_h = 18, .ofs_x = 1, .ofs_y = 0},
    {.bitmap_index = 11170, .adv_w = 230, .box_w = 12, .box_h = 19, .ofs_x = 1, .ofs_y = 0},
    {.bitmap_index = 11271, .adv_w = 230, .box_w = 14, .box_h = 13, .ofs_x = 0, .ofs_y = 0},
    {.bitmap_index = 11358, .adv_w = 230, .box_w = 12, .box_h = 18, .ofs_x = 1, .ofs_y = -5},
    {.bitmap_index = 11452, .adv_w = 230, .box_w = 13, .box_h = 18, .ofs_x = 1, .ofs_y = 0},
    {.bitmap_index = 11548, .adv_w = 230, .box_w = 13, .box_h = 18, .ofs_x = 1, .ofs_y = 0},
    {.bitmap_index = 11644, .adv_w = 230, .box_w = 13, .box_h = 18, .ofs_x = 1, .ofs_y = 0},
    {.bitmap_index = 11742, .adv_w = 230, .box_w = 13, .box_h = 18, .ofs_x = 1, .ofs_y = 0},
    {.bitmap_index = 11843, .adv_w = 230, .box_w = 12, .box_h = 17, .ofs_x = 2, .ofs_y = 0},
    {.bitmap_index = 11892, .adv_w = 230, .box_w = 12, .box_h = 17, .ofs_x = 2, .ofs_y = 0},
    {.bitmap_index = 11941, .adv_w = 230, .box_w = 12, .box_h = 18, .ofs_x = 2, .ofs_y = 0},
    {.bitmap_index = 11999, .adv_w = 230, .box_w = 12, .box_h = 17, .ofs_x = 2, .ofs_y = 0},
    {.bitmap_index = 12054, .adv_w = 230, .box_w = 13, .box_h = 18, .ofs_x = 0, .ofs_y = 0},
    {.bitmap_index = 12161, .adv_w = 230, .box_w = 12, .box_h = 19, .ofs_x = 1, .ofs_y = 0},
    {.bitmap_index = 12229, .adv_w = 230, .box_w = 13, .box_h = 18, .ofs_x = 1, .ofs_y = 0},
    {.bitmap_index = 12333, .adv_w = 230, .box_w = 13, .box_h = 18, .ofs_x = 1, .ofs_y = 0},
    {.bitmap_index = 12437, .adv_w = 230, .box_w = 13, .box_h = 18, .ofs_x = 1, .ofs_y = 0},
    {.bitmap_index = 12547, .adv_w = 230, .box_w = 13, .box_h = 19, .ofs_x = 1, .ofs_y = 0},
    {.bitmap_index = 12660, .adv_w = 230, .box_w = 13, .box_h = 18, .ofs_x = 1, .ofs_y = 0},
    {.bitmap_index = 12770, .adv_w = 230, .box_w = 13, .box_h = 13, .ofs_x = 1, .ofs_y = 2},
    {.bitmap_index = 12820, .adv_w = 230, .box_w = 13, .box_h = 17, .ofs_x = 1, .ofs_y = -2},
    {.bitmap_index = 12921, .adv_w = 230, .box_w = 12, .box_h = 17, .ofs_x = 1, .ofs_y = 0},
    {.bitmap_index = 12974, .adv_w = 230, .box_w = 12, .box_h = 17, .ofs_x = 1, .ofs_y = 0},
    {.bitmap_index = 13028, .adv_w = 230, .box_w = 12, .box_h = 18, .ofs_x = 1, .ofs_y = 0},
    {.bitmap_index = 13091, .adv_w = 230, .box_w = 12, .box_h = 17, .ofs_x = 1, .ofs_y = 0},
    {.bitmap_index = 13152, .adv_w = 230, .box_w = 15, .box_h = 22, .ofs_x = 0, .ofs_y = -5},
    {.bitmap_index = 13279, .adv_w = 230, .box_w = 13, .box_h = 23, .ofs_x = 1, .ofs_y = -5},
    {.bitmap_index = 13354, .adv_w = 230, .box_w = 15, .box_h = 22, .ofs_x = 0, .ofs_y = -5}
};

/*---------------------
 *  CHARACTER MAPPING
 *--------------------*/



/*Collect the unicode lists and glyph_id offsets*/
static const lv_font_fmt_txt_cmap_t cmaps[] =
{
    {
        .range_start = 32, .range_length = 95, .glyph_id_start = 1,
        .unicode_list = NULL, .glyph_id_ofs_list = NULL, .list_length = 0, .type = LV_FONT_FMT_TXT_CMAP_FORMAT0_TINY
    },
    {
        .range_start = 160, .range_length = 96, .glyph_id_start = 96,
        .unicode_list = NULL, .glyph_id_ofs_list = NULL, .list_length = 0, .type = LV_FONT_FMT_TXT_CMAP_FORMAT0_TINY
    }
};



/*--------------------
 *  ALL CUSTOM DATA
 *--------------------*/

#if LVGL_VERSION_MAJOR == 8
/*Store all the custom data of the font*/
static  lv_font_fmt_txt_glyph_cache_t cache;
#endif

#if LVGL_VERSION_MAJOR >= 8
static const lv_font_fmt_txt_dsc_t font_dsc = {
#else
static lv_font_fmt_txt_dsc_t font_dsc = {
#endif
    .glyph_bitmap = glyph_bitmap,
    .glyph_dsc = glyph_dsc,
    .cmaps = cmaps,
    .kern_dsc = NULL,
    .kern_scale = 0,
    .cmap_num = 2,
    .bpp = 4,
    .kern_classes = 0,
    .bitmap_format = 1,
#if LVGL_VERSION_MAJOR == 8
    .cache = &cache
#endif
};



/*-----------------
 *  PUBLIC FONT
 *----------------*/

/*Initialize a public general font descriptor*/
#if LVGL_VERSION_MAJOR >= 8
const lv_font_t roboto_mono_bold_24 = {
#else
lv_font_t roboto_mono_bold_24 = {
#endif
    .get_glyph_dsc = lv_font_get_glyph_dsc_fmt_txt,    /*Function pointer to get glyph's data*/
    .get_glyph_bitmap = lv_font_get_bitmap_fmt_txt,    /*Function pointer to get glyph's bitmap*/
    .line_height = 30,          /*The maximum line height required by the font*/
    .base_line = 6,             /*Baseline measured from the bottom of the line*/
#if !(LVGL_VERSION_MAJOR == 6 && LVGL_VERSION_MINOR == 0)
    .subpx = LV_FONT_SUBPX_NONE,
#endif
#if LV_VERSION_CHECK(7, 4, 0) || LVGL_VERSION_MAJOR >= 8
    .underline_position = -2,
    .underline_thickness = 1,
#endif
    .dsc = &font_dsc,          /*The custom font data. Will be accessed by `get_glyph_bitmap/dsc` */
#if LV_VERSION_CHECK(8, 2, 0) || LVGL_VERSION_MAJOR >= 9
    .fallback = NULL,
#endif
    .user_data = NULL,
};



#endif /*#if ROBOTO_MONO_BOLD_24*/

