/*******************************************************************************
 * Size: 32 px
 * Bpp: 4
 * Opts: --bpp 4 --size 32 --font robmb.ttf --range 32-127,160-255 --format lvgl -o generated_fonts/roboto_mono_bold_32.c
 ******************************************************************************/

#include "lvgl.h"

#ifndef ROBOTO_MONO_BOLD_32
#define ROBOTO_MONO_BOLD_32 1
#endif

#if ROBOTO_MONO_BOLD_32

/*-----------------
 *    BITMAPS
 *----------------*/

/*Store the image of the glyphs*/
static LV_ATTRIBUTE_LARGE_CONST const uint8_t glyph_bitmap[] = {
    /* U+0020 " " */

    /* U+0021 "!" */
    0x9f, 0xfb, 0x40, 0x38, 0x40, 0x3f, 0xf8, 0x22,
    0x1, 0xfc, 0xe0, 0x1f, 0x78, 0x7, 0xf0, 0x80,
    0x7f, 0xf0, 0x44, 0x3, 0xf8, 0xc0, 0x3e, 0x56,
    0x6b, 0x0, 0xe6, 0x65, 0x0, 0xfc, 0xf7, 0x2,
    0x13, 0x8, 0xfa, 0xe, 0x1, 0x18, 0x90, 0x4,
    0x22, 0xe3, 0x2, 0xa0,

    /* U+0022 "\"" */
    0x9f, 0xf4, 0x80, 0xb, 0xfe, 0x0, 0xff, 0xe1,
    0x88, 0x7, 0xfb, 0xc0, 0x38, 0x40, 0x30, 0x80,
    0x71, 0x80, 0x63, 0x0, 0xe1, 0x0, 0xc2, 0x1,
    0xce, 0x1, 0x9c, 0x3, 0x84, 0x23, 0x74, 0x60,
    0x2, 0xdd, 0x58, 0x0,

    /* U+0023 "#" */
    0x0, 0xfb, 0xfd, 0x80, 0x17, 0xfb, 0x0, 0x3f,
    0x88, 0x0, 0xa0, 0x3, 0x0, 0x28, 0x7, 0xf3,
    0x80, 0x3c, 0x0, 0xa0, 0xc, 0x0, 0xfe, 0xd0,
    0x2, 0x80, 0x30, 0x0, 0xe0, 0x1f, 0xc8, 0x0,
    0x30, 0x3, 0x80, 0x8, 0x3, 0xf8, 0xc0, 0x80,
    0x22, 0x3, 0x0, 0xe3, 0xff, 0xc0, 0x2, 0xff,
    0x80, 0x7, 0xff, 0x8, 0x7, 0xff, 0x20, 0x95,
    0x62, 0x0, 0x22, 0xa8, 0x80, 0x8, 0xab, 0x8,
    0xd, 0x54, 0xe0, 0xa, 0xa8, 0x40, 0x17, 0x55,
    0x0, 0x79, 0xc0, 0x44, 0x0, 0x20, 0x20, 0xf,
    0xf1, 0x2, 0x80, 0x4, 0x40, 0xe0, 0x1f, 0xc6,
    0x0, 0x30, 0x2, 0x80, 0x34, 0x3, 0x97, 0xfe,
    0xc0, 0x3, 0xff, 0xac, 0x1, 0x1f, 0xee, 0x0,
    0xff, 0xe4, 0xb3, 0x61, 0x0, 0x33, 0x40, 0x13,
    0x36, 0x0, 0x1c, 0xcc, 0x20, 0x53, 0x30, 0x0,
    0xe6, 0x68, 0x0, 0xe2, 0x0, 0x38, 0x0, 0xc0,
    0xa, 0x1, 0xfc, 0xc0, 0xd, 0x0, 0x28, 0x3,
    0xc0, 0x3f, 0x8c, 0x0, 0x60, 0xe, 0x0, 0x28,
    0x7, 0xf6, 0x80, 0x18, 0x0, 0x60, 0x2, 0x0,
    0xfe, 0x70, 0x1, 0x0, 0x14, 0x4, 0x40, 0x1e,

    /* U+0024 "$" */
    0x0, 0xfd, 0x9f, 0x60, 0x1f, 0xfe, 0x25, 0x92,
    0x5, 0x73, 0x0, 0xfc, 0xff, 0x4c, 0x20, 0x31,
    0x96, 0x40, 0x1d, 0x50, 0x1, 0xf9, 0x30, 0x80,
    0x26, 0x50, 0xc, 0x46, 0x1, 0x87, 0x80, 0x2b,
    0x0, 0x8b, 0x75, 0x9e, 0xc0, 0x11, 0xa0, 0x9,
    0x0, 0x50, 0x40, 0x14, 0x88, 0x5, 0xa0, 0x60,
    0x19, 0x80, 0x39, 0x0, 0x22, 0x2, 0x0, 0xca,
    0x1, 0xdd, 0x11, 0x70, 0x0, 0x80, 0x28, 0x30,
    0xc, 0x8e, 0xf2, 0x80, 0x20, 0x2, 0x1c, 0xa4,
    0x0, 0xfe, 0x56, 0x0, 0xcb, 0x7a, 0xe2, 0x1,
    0xf4, 0xc8, 0x3, 0x8a, 0x3a, 0x0, 0x3e, 0x6e,
    0x81, 0x0, 0xe7, 0xd1, 0x0, 0xf0, 0xbf, 0x5a,
    0x80, 0x62, 0xd0, 0xf, 0xe4, 0xae, 0x40, 0x8,
    0xd4, 0xc, 0xf0, 0x80, 0x61, 0xb2, 0x0, 0xbc,
    0x33, 0x33, 0x80, 0x79, 0x40, 0x26, 0x2, 0x0,
    0xb0, 0x3, 0xc2, 0x1, 0xc8, 0x1, 0x2a, 0x0,
    0x62, 0x60, 0x9, 0x42, 0xc0, 0x35, 0xd3, 0xb4,
    0xe8, 0x6, 0xd0, 0x28, 0x0, 0xcb, 0x12, 0xc0,
    0x19, 0x50, 0x0, 0xf2, 0x1, 0xfe, 0x6a, 0x0,
    0xcd, 0xd0, 0x82, 0x1, 0x13, 0x6c, 0x80, 0x78,
    0x5e, 0xfc, 0x1, 0x3b, 0x24, 0x1, 0xff, 0xd9,

    /* U+0025 "%" */
    0x0, 0x3e, 0xff, 0xb5, 0xc0, 0x3f, 0xf8, 0x17,
    0x4, 0x0, 0x28, 0xa0, 0xf, 0xf1, 0xa0, 0x1,
    0x98, 0x0, 0x53, 0x0, 0x84, 0x3, 0x90, 0x0,
    0xf3, 0x27, 0x0, 0x28, 0x1, 0x7b, 0x4, 0x3,
    0xde, 0x0, 0xf0, 0x0, 0x80, 0x20, 0x18, 0x40,
    0x22, 0x0, 0x58, 0x8a, 0xc0, 0x4, 0xe, 0x41,
    0x0, 0x19, 0x4, 0xf, 0xb8, 0x60, 0x28, 0x50,
    0xe, 0x40, 0x18, 0x74, 0x40, 0x30, 0xe8, 0xc0,
    0xc, 0x0, 0x78, 0xfa, 0xe2, 0x15, 0xc6, 0x8a,
    0x16, 0x1, 0xfc, 0x8e, 0xe5, 0x0, 0x48, 0x1a,
    0x80, 0x7f, 0xf0, 0x9c, 0x83, 0xc0, 0x3f, 0xf8,
    0x43, 0x0, 0xc6, 0x1, 0xff, 0xc2, 0xb0, 0x18,
    0x4b, 0xff, 0x6b, 0x80, 0x7e, 0x35, 0x8, 0x4b,
    0x40, 0x1, 0x45, 0x80, 0x7d, 0xc0, 0x4d, 0x60,
    0x4, 0x60, 0x2, 0x20, 0x3, 0x98, 0x82, 0x48,
    0x40, 0xae, 0x60, 0x1, 0x80, 0x18, 0x60, 0x11,
    0xc, 0x0, 0x70, 0x1, 0x80, 0x8, 0x3, 0x20,
    0x84, 0x80, 0x7f, 0xf0, 0xd7, 0x68, 0x81, 0x80,
    0xe, 0x0, 0x20, 0x1, 0x0, 0x71, 0x28, 0x0,
    0x84, 0xa, 0xe2, 0x0, 0xc, 0x0, 0xff, 0x58,
    0x1, 0x1c, 0x41, 0x10, 0x1, 0xfe, 0x5c, 0x40,
    0x1, 0x45, 0x80,

    /* U+0026 "&" */
    0x0, 0xe7, 0xcf, 0xf7, 0x48, 0x80, 0x7f, 0x8b,
    0xa0, 0xc0, 0x2, 0xdc, 0x60, 0x1f, 0xd8, 0x20,
    0x1f, 0x68, 0x7, 0xe6, 0x10, 0x9, 0x5c, 0x40,
    0x2, 0xa0, 0x1f, 0x60, 0x4, 0xf5, 0x1a, 0x1,
    0x68, 0x7, 0xc2, 0x1, 0x58, 0x0, 0x80, 0x3f,
    0xe2, 0x0, 0x94, 0x0, 0xc0, 0x15, 0x80, 0x7d,
    0x80, 0x15, 0x8c, 0xc0, 0x1, 0x8c, 0x3, 0xe5,
    0x20, 0x1, 0x73, 0x0, 0x16, 0x40, 0x3f, 0xa4,
    0x3, 0xd3, 0x40, 0x1f, 0xfc, 0x4a, 0x60, 0xf,
    0xf3, 0xd8, 0x7, 0x58, 0x80, 0x5d, 0xd5, 0x0,
    0x1e, 0x0, 0x21, 0x0, 0xe, 0x80, 0x4, 0x70,
    0x0, 0xa0, 0x2, 0x9d, 0x0, 0x8e, 0x81, 0x0,
    0x22, 0xb, 0x0, 0x8d, 0x8e, 0x40, 0x25, 0x7e,
    0x0, 0xb0, 0x14, 0x2, 0x40, 0x3, 0x30, 0x2,
    0x84, 0x0, 0xa, 0x0, 0x71, 0x0, 0x52, 0x80,
    0x1e, 0x80, 0x3, 0x0, 0x4a, 0x40, 0x15, 0x0,
    0x71, 0xb0, 0x3, 0xc0, 0x36, 0x43, 0xcf, 0x80,
    0x73, 0x80, 0x4a, 0x60, 0x10, 0xbc, 0x30, 0x80,
    0x72, 0x38, 0x5, 0xa8, 0x1, 0xfc, 0x40, 0x14,
    0x18, 0x0, 0x6e, 0xca, 0x20, 0x1, 0x49, 0xec,
    0x10, 0xb, 0x44,

    /* U+0027 "'" */
    0xdf, 0xf3, 0x80, 0x7f, 0xc2, 0x1, 0x18, 0x4,
    0x20, 0x13, 0x0, 0x47, 0x13, 0x21,

    /* U+0028 "(" */
    0x0, 0xf0, 0xca, 0x80, 0x78, 0xbd, 0xb8, 0x3,
    0x8b, 0x4, 0x1c, 0x3, 0xbc, 0x40, 0xf0, 0x3,
    0x41, 0x0, 0xe8, 0x6, 0x27, 0x0, 0x40, 0x80,
    0x68, 0x0, 0xb, 0x0, 0x61, 0x50, 0x4, 0x80,
    0x73, 0x0, 0x4a, 0x1, 0xd6, 0x0, 0x22, 0x0,
    0x71, 0x80, 0x10, 0x3, 0x8c, 0x2, 0xe0, 0xe,
    0x50, 0x8, 0x80, 0x38, 0x40, 0x26, 0x0, 0xee,
    0x0, 0x84, 0x3, 0xff, 0xae, 0x20, 0x10, 0x80,
    0x77, 0x0, 0x4e, 0x1, 0xca, 0x1, 0x10, 0x7,
    0x18, 0x5, 0xe0, 0x1e, 0x30, 0x2, 0x0, 0x7a,
    0xc0, 0x4, 0x20, 0x1c, 0xc0, 0x13, 0x0, 0x70,
    0xa8, 0x2, 0x80, 0x3d, 0x20, 0x2, 0x50, 0xe,
    0x36, 0x0, 0x58, 0x80, 0x74, 0x90, 0xd, 0x0,
    0x7b, 0xc4, 0x12, 0xc0, 0x38, 0xb4, 0x40, 0x3f,
    0x1f, 0xa7, 0x0, 0x7c, 0x36, 0xa0,

    /* U+0029 ")" */
    0x6, 0x90, 0xf, 0xd4, 0xda, 0x40, 0x1f, 0x8b,
    0x8, 0x3, 0xb0, 0xc0, 0x7c, 0x3, 0xda, 0x0,
    0x29, 0x0, 0xe1, 0x80, 0x3, 0x18, 0x7, 0x38,
    0x80, 0x20, 0x3, 0xcc, 0x0, 0x42, 0x0, 0xeb,
    0x0, 0xa8, 0x3, 0x8c, 0x40, 0xa, 0x1, 0xe5,
    0x0, 0x11, 0x0, 0x38, 0xc0, 0x27, 0x0, 0xed,
    0x0, 0xb4, 0x3, 0x84, 0x2, 0x20, 0xe, 0x70,
    0x8, 0x40, 0x38, 0x40, 0x27, 0x0, 0xff, 0xe1,
    0x88, 0x4, 0xe0, 0x1c, 0xe0, 0x10, 0x80, 0x70,
    0x80, 0x44, 0x1, 0xc4, 0x1, 0x68, 0x7, 0x68,
    0x4, 0xe0, 0x1c, 0xe0, 0x2, 0x20, 0x6, 0x22,
    0x0, 0x14, 0x3, 0x94, 0x2, 0xa0, 0xe, 0x90,
    0x2, 0x10, 0x6, 0x61, 0x0, 0x40, 0x6, 0x18,
    0x0, 0x31, 0x80, 0x6d, 0x10, 0x29, 0x0, 0xd6,
    0x60, 0x3e, 0x1, 0xce, 0x3, 0xa4, 0x1, 0xd4,
    0xbe, 0x60, 0x1e, 0x6a, 0x10, 0xf, 0x0,

    /* U+002A "*" */
    0x0, 0xf1, 0xff, 0xc2, 0x1, 0xff, 0xc0, 0x10,
    0x8, 0x40, 0x3f, 0xf8, 0x4, 0x0, 0x10, 0xf,
    0xfe, 0x21, 0x80, 0x7e, 0x97, 0x10, 0x8, 0x40,
    0x40, 0x33, 0x28, 0x1, 0xa3, 0xa4, 0x80, 0x81,
    0x80, 0x63, 0xa6, 0x40, 0xa0, 0x13, 0x6d, 0x88,
    0xd, 0x73, 0x88, 0x18, 0xbb, 0x8c, 0x2, 0x42,
    0x4, 0x50, 0x8, 0x54, 0xca, 0x33, 0xf2, 0x8,
    0x2, 0x27, 0xae, 0xe5, 0x10, 0x6, 0x34, 0x20,
    0x9, 0xa1, 0x44, 0x3, 0xe1, 0xd0, 0x3, 0x2,
    0x40, 0x7, 0xf6, 0x88, 0x44, 0x88, 0x3b, 0x0,
    0x7d, 0x66, 0x4, 0xe1, 0x60, 0x9, 0x40, 0xe,
    0x84, 0x0, 0x48, 0x1, 0x4c, 0x1, 0x42, 0x1,
    0xa5, 0x41, 0x50, 0x2, 0xf0, 0x4, 0x88, 0x6,
    0x1a, 0xa4, 0x0, 0x63, 0x8c, 0x70, 0x8,

    /* U+002B "+" */
    0x0, 0xf2, 0x2a, 0xc4, 0x1, 0xff, 0xc0, 0xfa,
    0xa9, 0x0, 0x3f, 0xff, 0xe0, 0x1f, 0xfc, 0x47,
    0xff, 0xe4, 0x0, 0xa7, 0xff, 0x88, 0x3, 0xff,
    0xac, 0x23, 0xe0, 0xe, 0x11, 0xe0, 0x6e, 0xee,
    0x40, 0xa, 0x7b, 0xb8, 0x80, 0x3f, 0xff, 0xe0,
    0x1f, 0xe0,

    /* U+002C "," */
    0x0, 0x7f, 0xe1, 0x0, 0xff, 0xe7, 0x88, 0x10,
    0x4, 0x60, 0x4, 0x0, 0xa8, 0x1, 0x40, 0x1,
    0x60, 0x23, 0x0, 0x50, 0x0, 0xac, 0xe1, 0x0,
    0x24, 0xc7, 0x0, 0x80,

    /* U+002D "-" */
    0x47, 0x7f, 0xfe, 0x1, 0xec, 0x47, 0xff, 0x1,
    0x40, 0x3f, 0xfa, 0x0,

    /* U+002E "." */
    0x0, 0x3d, 0x41, 0x0, 0x36, 0x15, 0xf0, 0x90,
    0x80, 0x21, 0xa2, 0x0, 0xe1, 0x70, 0xe, 0xd1,
    0xb2, 0x1, 0x94,

    /* U+002F "/" */
    0x0, 0xfc, 0x7f, 0xf6, 0x80, 0x7e, 0xa0, 0xa,
    0x80, 0x3f, 0x38, 0x4, 0xa0, 0x1f, 0x20, 0x80,
    0xc, 0x80, 0x3e, 0xd0, 0xa, 0x80, 0x3f, 0x38,
    0x4, 0xe0, 0x1f, 0x20, 0x80, 0x10, 0x40, 0x3e,
    0xe0, 0xb, 0x40, 0x3f, 0x28, 0x4, 0xe0, 0x1f,
    0x28, 0x4, 0x82, 0x1, 0xf7, 0x0, 0x5c, 0x1,
    0xf0, 0xa0, 0x4, 0xa0, 0x1f, 0x38, 0x4, 0xa0,
    0x1f, 0xb4, 0x2, 0xe0, 0xf, 0x85, 0x0, 0x2,
    0x80, 0x1f, 0x38, 0x4, 0xe0, 0x1f, 0xa8, 0x2,
    0xd0, 0xf, 0x88, 0xc0, 0x2, 0x80, 0x1f, 0x28,
    0x4, 0xe0, 0x1f, 0xa8, 0x2, 0xa0, 0xf, 0x88,
    0x80, 0x2, 0x30, 0xf, 0xa8, 0x2, 0x50, 0xf,
    0xca, 0x1, 0x50, 0x7, 0xc6, 0x40, 0x2, 0x20,
    0x7, 0xe7, 0x7a, 0x40, 0x3f, 0x0,

    /* U+0030 "0" */
    0x0, 0xcf, 0x9d, 0xfe, 0xc8, 0x10, 0xf, 0x1f,
    0x41, 0x88, 0x0, 0xdf, 0x94, 0x3, 0x16, 0x8,
    0x7, 0xea, 0x40, 0xa, 0x40, 0x32, 0xc3, 0x0,
    0x6a, 0x0, 0x12, 0x0, 0x53, 0x4f, 0x38, 0x1,
    0xb, 0x2, 0x80, 0x42, 0xc0, 0x11, 0xa8, 0x5,
    0xa1, 0xa0, 0x12, 0x0, 0x76, 0x80, 0x4a, 0xc,
    0x1, 0x18, 0x7, 0xf0, 0x80, 0x7f, 0xa6, 0x0,
    0x3f, 0xf8, 0x7, 0xac, 0x1, 0xff, 0xc0, 0x8c,
    0x20, 0x40, 0xf, 0xe2, 0xd7, 0x3, 0xde, 0x0,
    0xfe, 0x42, 0x8, 0xc2, 0x0, 0xff, 0x8b, 0x1c,
    0x3, 0xff, 0x80, 0x9a, 0x60, 0x1f, 0xcc, 0x1,
    0x8, 0x7, 0x10, 0x4, 0x21, 0xa0, 0x12, 0x0,
    0x76, 0x80, 0x4a, 0xa, 0x1, 0xb, 0x0, 0x46,
    0xa0, 0x16, 0x81, 0x20, 0x5, 0x34, 0xf3, 0x80,
    0x10, 0xb0, 0x2, 0x44, 0x2, 0x58, 0x60, 0xd,
    0x60, 0x11, 0x68, 0x80, 0x7e, 0xa5, 0x0, 0xc7,
    0xd2, 0x62, 0x0, 0x37, 0xe5, 0x0, 0x80,

    /* U+0031 "1" */
    0x0, 0xfe, 0x15, 0x0, 0xf9, 0x6f, 0xa0, 0x3,
    0x25, 0x7d, 0x20, 0x4, 0x73, 0xd6, 0xa0, 0x1c,
    0x98, 0xc2, 0x1, 0xff, 0xc1, 0x10, 0xf, 0x8a,
    0x39, 0x80, 0x33, 0xbb, 0x74, 0xe2, 0x1, 0xc7,
    0x4, 0x1, 0xff, 0xff, 0x0, 0xff, 0xff, 0x80,
    0x7f, 0xf0, 0x0,

    /* U+0032 "2" */
    0x0, 0xc9, 0x5b, 0xfe, 0xeb, 0x60, 0xf, 0x8b,
    0x2d, 0x48, 0x0, 0x29, 0x3c, 0x60, 0x18, 0xb0,
    0xc0, 0x3f, 0xe, 0x10, 0x5, 0xe2, 0x1, 0x13,
    0x28, 0x80, 0x69, 0x0, 0x29, 0x0, 0x53, 0xb3,
    0x5c, 0x80, 0x12, 0x8, 0x70, 0x4, 0x6c, 0x1,
    0xa4, 0x3, 0x10, 0x30, 0x4, 0x80, 0x1c, 0x40,
    0x19, 0xc3, 0xf7, 0x69, 0x0, 0xe1, 0x0, 0xcc,
    0x4, 0x58, 0x40, 0x3a, 0x40, 0x22, 0x20, 0x7,
    0xf8, 0xdc, 0x2, 0xb0, 0xf, 0xf0, 0xe8, 0x4,
    0x6c, 0x1, 0xfc, 0x38, 0x20, 0x1, 0xd0, 0xf,
    0xe1, 0xc2, 0x0, 0xe, 0x8, 0x7, 0xe1, 0xc2,
    0x0, 0xe, 0x90, 0x7, 0xe1, 0xc2, 0x0, 0xb4,
    0xc0, 0x3f, 0xe, 0x10, 0x5, 0x86, 0x1, 0xf8,
    0x74, 0x80, 0x2c, 0x30, 0xf, 0xc3, 0xa6, 0x1,
    0x61, 0x80, 0x7e, 0x1d, 0x30, 0x9, 0x51, 0xdf,
    0xf0, 0x39, 0x80, 0x65, 0x88, 0xfe, 0x11, 0x0,
    0x7f, 0xf5, 0x40,

    /* U+0033 "3" */
    0x0, 0xc9, 0x5b, 0xfe, 0xec, 0x83, 0x0, 0xf1,
    0x65, 0xa9, 0x0, 0x4, 0xdf, 0x28, 0x3, 0x16,
    0x18, 0x7, 0xf2, 0xd0, 0x5, 0x22, 0x1, 0x13,
    0xc2, 0x80, 0x65, 0x40, 0x14, 0x0, 0x9b, 0x61,
    0xeb, 0x44, 0x2, 0xe0, 0x34, 0x4d, 0x0, 0x18,
    0x90, 0x2, 0x60, 0x2b, 0xbc, 0x20, 0x1f, 0xce,
    0x1, 0xff, 0x12, 0x80, 0x5a, 0x1, 0xe2, 0x55,
    0xa3, 0x0, 0x23, 0x60, 0xf, 0x25, 0x54, 0xe2,
    0x0, 0x5d, 0x0, 0xff, 0xe1, 0x14, 0x88, 0x7,
    0xff, 0x8, 0xb2, 0x0, 0x3e, 0x6f, 0xfb, 0x14,
    0x2, 0x75, 0x0, 0xff, 0x1d, 0x28, 0x5, 0x20,
    0x1f, 0xfc, 0xe, 0x0, 0x8c, 0x9, 0x9a, 0x50,
    0xf, 0x38, 0x6, 0x14, 0x99, 0xa8, 0x3, 0xca,
    0x1, 0x85, 0x40, 0x34, 0x80, 0x61, 0x80, 0x8,
    0xc0, 0xcc, 0x1, 0x36, 0xc3, 0xcf, 0x8, 0x5,
    0x20, 0xe, 0x10, 0x8, 0x9e, 0x18, 0x3, 0x2a,
    0x80, 0x5, 0x86, 0x1, 0xfc, 0xf4, 0x1, 0x8b,
    0x2d, 0x48, 0x0, 0x27, 0x1d, 0x0, 0x10,

    /* U+0034 "4" */
    0x0, 0xff, 0x6f, 0xfd, 0xc0, 0x1f, 0xfc, 0x8,
    0x20, 0xf, 0xfe, 0x19, 0xb8, 0x7, 0xff, 0x13,
    0x80, 0x3f, 0xf8, 0x90, 0x40, 0x1f, 0xfc, 0x33,
    0x70, 0x0, 0x80, 0x7f, 0xf0, 0x78, 0x0, 0x2c,
    0x1, 0xff, 0xc0, 0x82, 0x0, 0x57, 0x80, 0x7f,
    0xc6, 0xe0, 0x6, 0x40, 0xf, 0xfe, 0x7, 0x0,
    0xa, 0x40, 0x3f, 0xf8, 0x10, 0x40, 0xe, 0x0,
    0xff, 0xe0, 0x1b, 0x80, 0x18, 0xc0, 0x3f, 0xf8,
    0x1c, 0x0, 0x29, 0x0, 0xff, 0xe0, 0x41, 0x0,
    0x1d, 0xfb, 0x0, 0x21, 0x77, 0x20, 0x38, 0x4,
    0xb1, 0x19, 0x0, 0x34, 0x43, 0x0, 0x3f, 0xfb,
    0x3f, 0xff, 0xd0, 0x1, 0xf, 0xfa, 0x0, 0x3f,
    0xff, 0x80,

    /* U+0035 "5" */
    0x0, 0x2f, 0xff, 0xff, 0x1, 0x40, 0x22, 0x0,
    0xff, 0xe2, 0x70, 0x7, 0xff, 0x10, 0x80, 0x24,
    0x55, 0xfc, 0xc0, 0x13, 0x0, 0x51, 0x55, 0xf8,
    0xc0, 0x22, 0x0, 0x8c, 0x3, 0xfe, 0x10, 0x8,
    0x40, 0x3f, 0xf8, 0x4, 0x1, 0x1b, 0xe7, 0xfb,
    0xa9, 0x0, 0x39, 0x80, 0x22, 0x83, 0x0, 0xa,
    0xdd, 0x80, 0x31, 0x80, 0x7f, 0xc9, 0x40, 0x1f,
    0xb, 0xd5, 0x1c, 0x3, 0x2a, 0x0, 0x1b, 0xf2,
    0x7e, 0x15, 0x51, 0xa0, 0x1b, 0x80, 0x31, 0xb0,
    0x80, 0x62, 0x60, 0x9, 0x0, 0x3f, 0xf8, 0x18,
    0x1, 0x8, 0x7, 0xff, 0x0, 0x40, 0x30, 0x8a,
    0x23, 0x8, 0x7, 0x8, 0x6, 0x10, 0x77, 0xc8,
    0x1, 0xd8, 0x1, 0x8, 0x9, 0x80, 0x50, 0x20,
    0x11, 0x30, 0x4, 0xe0, 0x8, 0x0, 0x8b, 0xe5,
    0xe7, 0x40, 0x35, 0x80, 0x11, 0x80, 0x21, 0x68,
    0x60, 0xd, 0x4, 0x1, 0x4c, 0x0, 0x7f, 0x43,
    0x80, 0x73, 0xf4, 0x18, 0x80, 0xd, 0xf5, 0xc0,
    0x20,

    /* U+0036 "6" */
    0x0, 0xf8, 0xe3, 0x3b, 0xec, 0x3, 0xf8, 0xf3,
    0xe, 0x62, 0x1, 0xfe, 0x7c, 0x30, 0xf, 0xfe,
    0xc, 0x40, 0x3, 0xa, 0x36, 0x80, 0x79, 0x5c,
    0x2, 0x3b, 0xeb, 0x96, 0x0, 0xf5, 0x80, 0x4d,
    0x88, 0x1, 0xfc, 0xc2, 0x0, 0x39, 0x5, 0x76,
    0x30, 0xf, 0x68, 0x5, 0x31, 0xf5, 0x13, 0x9a,
    0x60, 0x19, 0x0, 0x29, 0x70, 0xe, 0x2c, 0x40,
    0x1, 0x0, 0x63, 0x0, 0xfd, 0x42, 0xc, 0x1,
    0xcf, 0xbf, 0x86, 0x1, 0xb, 0x0, 0x80, 0x68,
    0x81, 0x1, 0xe1, 0x0, 0x56, 0x1, 0xe7, 0x0,
    0xeb, 0x0, 0x8c, 0x3, 0xff, 0x80, 0xa0, 0x18,
    0x84, 0x3, 0xfc, 0x20, 0x1c, 0xc0, 0x18, 0xc0,
    0x39, 0x80, 0x31, 0x90, 0x80, 0x56, 0x1, 0xda,
    0x1, 0x10, 0x83, 0x0, 0x4e, 0x60, 0x12, 0x30,
    0x4, 0xa0, 0x9, 0x10, 0xb, 0x29, 0xea, 0xc0,
    0x34, 0x80, 0x6, 0x80, 0x32, 0xc2, 0x80, 0x6a,
    0x10, 0x9, 0x2c, 0x40, 0x3e, 0x1a, 0x50, 0xe,
    0x4e, 0x83, 0x10, 0x1, 0xc7, 0xa8, 0x4,

    /* U+0037 "7" */
    0xef, 0xff, 0xfe, 0x18, 0x80, 0x7f, 0xf5, 0x46,
    0x5d, 0xff, 0xc4, 0x1, 0x38, 0x3c, 0x47, 0xf8,
    0xc0, 0x2a, 0x0, 0xff, 0x9c, 0x40, 0xa, 0x40,
    0x1f, 0xf4, 0x80, 0x52, 0x1, 0xff, 0x30, 0x80,
    0xc, 0xc0, 0x1f, 0xf4, 0x0, 0x50, 0x1, 0xff,
    0x30, 0x80, 0x9, 0x0, 0x3f, 0xeb, 0x0, 0xac,
    0x3, 0xfe, 0x52, 0x0, 0xb, 0x0, 0x7f, 0xd0,
    0x1, 0x48, 0x7, 0xfc, 0x84, 0x1, 0x30, 0x7,
    0xfd, 0x0, 0x13, 0x8, 0x7, 0xf9, 0xc, 0x2,
    0xb0, 0xf, 0xfb, 0xc0, 0x24, 0x20, 0xf, 0xf1,
    0xa0, 0x5, 0x0, 0x1f, 0xf4, 0x0, 0x46, 0x60,
    0xf, 0xf1, 0x20, 0x5, 0x20, 0x1f, 0xf4, 0x0,
    0x44, 0xa0, 0x1f, 0xe2, 0x50, 0xa, 0xc0, 0x3f,
    0x80,

    /* U+0038 "8" */
    0x0, 0xc9, 0x5b, 0xfe, 0xec, 0x82, 0x0, 0xe1,
    0xbb, 0x29, 0x0, 0x4, 0xdf, 0x5c, 0x3, 0x6a,
    0x0, 0x7f, 0x43, 0x80, 0x14, 0xc0, 0x21, 0x68,
    0x50, 0xd, 0x2, 0x1e, 0x1, 0xf, 0xcb, 0xd5,
    0x0, 0x32, 0x3, 0x0, 0x4e, 0x20, 0x12, 0x88,
    0x4, 0x40, 0xe0, 0x1f, 0xfc, 0x11, 0xd, 0x0,
    0x9c, 0x40, 0x25, 0x10, 0x9, 0x1, 0x88, 0x0,
    0x3f, 0x2f, 0x54, 0x0, 0x9c, 0x80, 0x18, 0x60,
    0x1, 0x68, 0x50, 0x9, 0xe0, 0x2, 0x19, 0x0,
    0xfc, 0x74, 0x1, 0xa2, 0x80, 0x3f, 0x1e, 0xa0,
    0x1, 0x9c, 0x2, 0x8e, 0xfc, 0x40, 0xa, 0xc4,
    0x20, 0x2, 0x77, 0x8, 0x1d, 0x90, 0x5, 0x6,
    0x20, 0x15, 0x0, 0x75, 0x0, 0x48, 0xe0, 0x18,
    0xc0, 0x38, 0x40, 0x22, 0x70, 0xc, 0xa0, 0x1d,
    0xe0, 0x10, 0x98, 0x6, 0x80, 0xc, 0x6c, 0x1,
    0x28, 0x28, 0x4, 0x7d, 0xf, 0x58, 0x1, 0xbc,
    0x2c, 0x40, 0x21, 0x78, 0x50, 0xc, 0xa8, 0x3,
    0xe6, 0x1, 0xfc, 0xf4, 0x1, 0xe, 0x5b, 0x10,
    0x0, 0x4d, 0xf6, 0x0, 0x0,

    /* U+0039 "9" */
    0x0, 0xc7, 0x3b, 0xfe, 0xea, 0x30, 0xf, 0xab,
    0x18, 0x80, 0x2, 0xb9, 0x40, 0x1d, 0x6a, 0x1,
    0xf9, 0x6c, 0x2, 0x74, 0x0, 0x85, 0xdc, 0x60,
    0x12, 0x30, 0x2, 0x40, 0x23, 0xe8, 0x86, 0x30,
    0x5, 0x0, 0x82, 0x1, 0x78, 0x6, 0x90, 0x8,
    0x50, 0x80, 0x21, 0x30, 0xe, 0x40, 0xb, 0x4,
    0x2, 0x30, 0xf, 0x10, 0x4, 0x42, 0x1, 0x10,
    0x7, 0xf8, 0x54, 0x3, 0x30, 0x7, 0x20, 0x6,
    0x31, 0x0, 0xa5, 0xc4, 0xf, 0x8, 0x3, 0xac,
    0x3, 0x47, 0x7e, 0x18, 0x6, 0x10, 0x56, 0x0,
    0xff, 0xe0, 0x18, 0x2, 0x68, 0x80, 0x30, 0xc9,
    0x80, 0x5e, 0x1, 0x2e, 0xea, 0xed, 0xbc, 0xe6,
    0x1, 0x20, 0x7, 0x12, 0x20, 0x81, 0x80, 0x22,
    0x20, 0x7, 0xf2, 0x40, 0x5, 0x60, 0x1f, 0x86,
    0x2c, 0x2, 0x26, 0x0, 0xc3, 0x35, 0x9c, 0xe0,
    0x10, 0xf8, 0x7, 0x99, 0x4c, 0x3, 0xe, 0x90,
    0x7, 0xff, 0x1, 0xbc, 0xc0, 0x3f, 0x89, 0x67,
    0xa4, 0x40, 0x30,

    /* U+003A ":" */
    0x0, 0x2c, 0xc1, 0x80, 0x26, 0x99, 0xf1, 0x5,
    0x80, 0x37, 0x98, 0x7, 0x39, 0x10, 0x3, 0x20,
    0x7a, 0x0, 0xb4, 0x1, 0x5f, 0xf4, 0x80, 0x7f,
    0xf8, 0x5a, 0x60, 0xc0, 0x13, 0x26, 0x7c, 0x41,
    0x60, 0xd, 0xe6, 0x1, 0xce, 0x44, 0x0, 0xc8,
    0x1e, 0x80, 0x2d, 0x0,

    /* U+003B ";" */
    0x0, 0xb, 0xcb, 0x88, 0x0, 0x7e, 0x1a, 0x30,
    0x0, 0xc2, 0x1, 0x12, 0x87, 0x80, 0x71, 0x86,
    0x0, 0x72, 0x2, 0x49, 0x1, 0x59, 0x0, 0x1b,
    0x7f, 0x50, 0x3, 0xff, 0xde, 0xd1, 0x11, 0x0,
    0x54, 0xef, 0x30, 0x7, 0xff, 0x2d, 0xc0, 0x21,
    0x0, 0x88, 0x2, 0x20, 0x1, 0x88, 0x1, 0x40,
    0x29, 0x0, 0xa4, 0x0, 0x6a, 0x1, 0x38, 0xf,
    0x0, 0x6b, 0xcd, 0x20, 0x8,

    /* U+003C "<" */
    0x0, 0xff, 0xe7, 0xa5, 0xa0, 0x7, 0xf0, 0xbe,
    0xda, 0x0, 0x7e, 0x4a, 0xe8, 0x20, 0xf, 0x85,
    0xb6, 0xd4, 0x3, 0xf1, 0xcf, 0x49, 0x0, 0x72,
    0x4a, 0x23, 0x30, 0xc0, 0x1c, 0x73, 0xd6, 0xc1,
    0xa6, 0x1, 0x8e, 0x7b, 0x18, 0x40, 0x3f, 0x4e,
    0x30, 0x80, 0x7f, 0xd3, 0xd4, 0x80, 0x1e, 0xb7,
    0x10, 0x8, 0x56, 0xfe, 0x94, 0x2, 0x28, 0xea,
    0x30, 0xe, 0x5a, 0xfa, 0x10, 0x9, 0x73, 0xc,
    0x1, 0xe5, 0x50, 0x7, 0x1c, 0xfc, 0x90, 0x7,
    0xff, 0x5, 0xb7, 0x14, 0x3, 0xff, 0x82, 0x75,
    0xd0, 0xe0,

    /* U+003D "=" */
    0x8f, 0xff, 0xfe, 0x12, 0x0, 0x7f, 0xf5, 0x31,
    0xdf, 0xff, 0x84, 0xc9, 0x11, 0xff, 0xc2, 0x20,
    0xf, 0xfe, 0x22, 0x44, 0x7f, 0xf0, 0x8b, 0x1d,
    0xff, 0xf8, 0x4c, 0x1, 0xff, 0xd4,

    /* U+003E ">" */
    0x0, 0xff, 0xe1, 0xbc, 0x98, 0x7, 0xff, 0x5,
    0xb3, 0x58, 0x3, 0xff, 0x82, 0x53, 0xf2, 0x60,
    0x1f, 0xfc, 0x16, 0xcd, 0x60, 0xe, 0x68, 0x30,
    0xe, 0x29, 0xf9, 0x30, 0x0, 0xbe, 0x74, 0x98,
    0x7, 0x36, 0x61, 0x0, 0x21, 0x6c, 0xe9, 0x40,
    0xc, 0x7a, 0x1, 0xe1, 0x6b, 0x90, 0xf, 0xf9,
    0x6b, 0xe4, 0x3, 0xf2, 0xdf, 0xd2, 0x80, 0x61,
    0x7b, 0x3b, 0xfa, 0x40, 0xe, 0x3a, 0xe8, 0x24,
    0x40, 0x7, 0x9b, 0x71, 0x40, 0x3f, 0x1c, 0xfc,
    0x90, 0x7, 0xe6, 0xcc, 0x30, 0x7, 0xe2, 0x9f,
    0x93, 0x0, 0xff, 0x0,

    /* U+003F "?" */
    0x0, 0x85, 0xf3, 0xbf, 0xdd, 0x6e, 0x20, 0x1c,
    0xdd, 0x6, 0x20, 0x1, 0x48, 0xe5, 0x0, 0x96,
    0x40, 0x3f, 0xd4, 0x80, 0xb, 0x0, 0xc6, 0xec,
    0x40, 0x1a, 0x1, 0x4, 0x2, 0x8c, 0x89, 0xd6,
    0x0, 0x8c, 0x4c, 0x2, 0x17, 0x0, 0xd4, 0x1,
    0x89, 0xff, 0xee, 0x0, 0xff, 0x8, 0x7, 0xfa,
    0x40, 0x22, 0x20, 0x7, 0xf2, 0xa8, 0x2, 0x80,
    0xf, 0xe6, 0xa0, 0x9, 0x94, 0x3, 0xf4, 0x48,
    0x4, 0xb2, 0x1, 0xf9, 0xdc, 0x1, 0x45, 0x0,
    0x7f, 0x40, 0x5, 0xe, 0x1, 0xfc, 0x40, 0x11,
    0x38, 0x7, 0xf8, 0x40, 0x26, 0x0, 0xff, 0x8f,
    0x76, 0xa0, 0xf, 0xfe, 0x1, 0x14, 0x20, 0x1f,
    0xfc, 0x7, 0xb9, 0x20, 0xf, 0xfa, 0x20, 0x8d,
    0x80, 0x1f, 0xf2, 0x80, 0x42, 0x60, 0x1f, 0xe7,
    0x0, 0xc4, 0x1, 0xfe, 0xb4, 0x1, 0xa1, 0x0,
    0xe0,

    /* U+0040 "@" */
    0x0, 0xf0, 0xbe, 0x7f, 0xbb, 0x18, 0x3, 0xfc,
    0xfd, 0x6, 0x0, 0x13, 0x9e, 0x30, 0xf, 0xaa,
    0x0, 0xd, 0x35, 0x8, 0x3, 0x86, 0x1, 0xd2,
    0xa0, 0xbd, 0x2c, 0xaf, 0x7a, 0x21, 0xa0, 0x19,
    0x18, 0x16, 0x85, 0xf7, 0xfd, 0x63, 0x80, 0x2e,
    0x1, 0x48, 0x15, 0x5, 0x41, 0x0, 0x13, 0x49,
    0x42, 0xc0, 0x8, 0x41, 0x0, 0xea, 0x5, 0x26,
    0x6, 0x1e, 0x6, 0x0, 0xe0, 0x2, 0x84, 0x81,
    0x6b, 0x30, 0x4, 0x1c, 0x0, 0x60, 0x80, 0xa0,
    0xa2, 0x16, 0x0, 0x60, 0x70, 0x30, 0x3, 0x90,
    0x86, 0x86, 0x0, 0x1c, 0x0, 0x20, 0x40, 0x1c,
    0xc0, 0x2, 0x5, 0x1, 0x10, 0x0, 0xc0, 0x40,
    0xc0, 0xe, 0x20, 0x1, 0x2, 0x3, 0x0, 0x84,
    0x3c, 0x4, 0x0, 0x40, 0x1f, 0xe1, 0x0, 0x8,
    0x30, 0x8, 0xc0, 0x18, 0xc0, 0x80, 0x6, 0x0,
    0x20, 0xf0, 0x70, 0x70, 0x1, 0x83, 0x80, 0x1c,
    0x20, 0x0, 0x46, 0xa1, 0x40, 0x60, 0xd, 0x9,
    0x0, 0x47, 0xa8, 0x2, 0x70, 0x14, 0xc0, 0x6,
    0xa, 0x27, 0x0, 0x14, 0x58, 0x4, 0xb4, 0x1,
    0x48, 0x2, 0xc1, 0xfb, 0x39, 0xd3, 0xf3, 0x68,
    0x3, 0x29, 0x2, 0xc8, 0x9, 0x88, 0x4, 0x64,
    0x1, 0xef, 0x10, 0x6e, 0x97, 0x67, 0xae, 0x40,
    0xf, 0x8b, 0xc, 0x5, 0xa2, 0x61, 0x47, 0x0,
    0x3f, 0x16, 0x5a, 0x90, 0x0, 0x52, 0x60, 0x3,
    0x80,

    /* U+0041 "A" */
    0x0, 0xf9, 0x3f, 0xf0, 0x80, 0x7f, 0xf0, 0xb4,
    0x3, 0x38, 0x7, 0xff, 0x9, 0xc0, 0x36, 0x80,
    0x7f, 0xf0, 0x50, 0x40, 0x32, 0x8, 0x7, 0xff,
    0x3, 0x80, 0x3c, 0x80, 0x1f, 0xfc, 0x5, 0x0,
    0x8, 0x5, 0xc0, 0x1f, 0xf2, 0x80, 0x4e, 0x40,
    0x4, 0x0, 0xff, 0xbc, 0x2, 0xd5, 0x0, 0x94,
    0x3, 0xfc, 0xa0, 0x12, 0x58, 0x5, 0xc0, 0x1f,
    0xca, 0x1, 0x28, 0x18, 0x80, 0x10, 0x3, 0xfb,
    0xc0, 0x2f, 0x0, 0x20, 0x4, 0xa0, 0x1f, 0x94,
    0x2, 0x40, 0x7, 0x80, 0x5c, 0x1, 0xf2, 0x80,
    0x48, 0x20, 0x4, 0x0, 0x90, 0x3, 0xef, 0x0,
    0x9a, 0xee, 0xa0, 0xc, 0xa0, 0x1e, 0x50, 0x8,
    0x91, 0x30, 0x6, 0xe0, 0xe, 0x50, 0xf, 0xfe,
    0xa, 0x0, 0x77, 0x0, 0x7f, 0xf0, 0x94, 0x2,
    0x14, 0x0, 0xaf, 0xff, 0xca, 0x1, 0x70, 0x4,
    0xe0, 0x19, 0x0, 0x3d, 0xe0, 0x12, 0x0, 0x5a,
    0x1, 0x20, 0x7, 0xc8, 0x1, 0x94, 0x5, 0x0,
    0x2c, 0x0, 0xf8, 0x48, 0x2, 0xe0, 0x70, 0xc,
    0x80, 0x1f, 0x90, 0x2, 0x40,

    /* U+0042 "B" */
    0xff, 0xfe, 0xec, 0x82, 0x0, 0xff, 0xe0, 0x89,
    0xbe, 0xd0, 0x7, 0xff, 0x11, 0x70, 0x3, 0xc8,
    0xef, 0x31, 0x80, 0x63, 0x60, 0xe, 0xd8, 0x8a,
    0x73, 0x0, 0x1b, 0x40, 0x3f, 0xe3, 0x60, 0x9,
    0x80, 0x3f, 0xf8, 0x2, 0x1, 0xff, 0xc4, 0x40,
    0x9, 0x0, 0x3f, 0xc7, 0x66, 0x1, 0x58, 0x7,
    0x4f, 0xfe, 0xc4, 0x0, 0xd, 0x90, 0x7, 0xff,
    0x4, 0x69, 0x0, 0x3f, 0xf8, 0x43, 0x74, 0x1,
    0xe7, 0xdd, 0xd8, 0xc0, 0x12, 0xc8, 0x7, 0x71,
    0x16, 0x39, 0x80, 0x9, 0x84, 0x3, 0xfe, 0x60,
    0xc, 0x80, 0x1f, 0xf0, 0x80, 0x63, 0x0, 0xff,
    0x8c, 0x3, 0x18, 0x7, 0xf8, 0x7c, 0x3, 0x20,
    0x6, 0xd8, 0x8d, 0x5c, 0x60, 0x12, 0x8, 0x6,
    0x47, 0x7c, 0xa0, 0x18, 0x64, 0x3, 0xff, 0x84,
    0x78, 0x40, 0x1f, 0xf1, 0x2d, 0xe1, 0x0, 0x0,

    /* U+0043 "C" */
    0x0, 0xe7, 0xbe, 0xff, 0x6d, 0x20, 0x7, 0xc9,
    0xd0, 0x82, 0x0, 0x25, 0xbc, 0x20, 0xc, 0xb6,
    0x20, 0x1f, 0x8f, 0x4, 0x0, 0x54, 0x1, 0x91,
    0xd8, 0x80, 0x21, 0xa0, 0x4, 0x0, 0x6c, 0xb8,
    0x9d, 0x70, 0x9, 0xc, 0x54, 0x2, 0x83, 0x0,
    0xd0, 0x20, 0x15, 0xb8, 0x6, 0x60, 0xf, 0x38,
    0x4, 0x9e, 0x1, 0x10, 0x80, 0x7a, 0xef, 0x79,
    0x0, 0x4c, 0x1, 0xf1, 0x22, 0x46, 0xe0, 0x1f,
    0xff, 0x77, 0x0, 0xff, 0xe2, 0x10, 0x4, 0xc0,
    0x1f, 0x84, 0x77, 0x80, 0x44, 0x1, 0xf4, 0xf7,
    0x5a, 0x80, 0x19, 0x80, 0x3c, 0xe0, 0x12, 0x92,
    0x0, 0x50, 0x40, 0x1a, 0x44, 0x2, 0xa0, 0x80,
    0x8, 0x76, 0xa2, 0x75, 0x80, 0x24, 0x30, 0x39,
    0x0, 0xca, 0xec, 0x40, 0x10, 0xd0, 0x4, 0xd4,
    0x1, 0xfc, 0x9e, 0x20, 0x19, 0x7a, 0xc, 0x40,
    0x4, 0xd7, 0x61, 0x0, 0x0,

    /* U+0044 "D" */
    0xf, 0xff, 0xba, 0xd8, 0x40, 0x3f, 0xf8, 0x22,
    0x93, 0xce, 0x1, 0xff, 0xc4, 0x8b, 0x0, 0xfc,
    0x8e, 0xc8, 0x1, 0x92, 0x80, 0x3e, 0xd8, 0x9b,
    0xd2, 0x0, 0x95, 0x40, 0x1f, 0xe2, 0xc1, 0x0,
    0xa0, 0x3, 0xfe, 0x18, 0x0, 0x89, 0x0, 0x3f,
    0xe6, 0x0, 0xd8, 0x1, 0xff, 0xc0, 0x30, 0x8,
    0xc0, 0x3f, 0xf8, 0xe, 0x1, 0x38, 0x7, 0xff,
    0x0, 0x40, 0x21, 0x0, 0xff, 0xe8, 0x88, 0x4,
    0x20, 0x1f, 0xfc, 0x7, 0x0, 0x9c, 0x3, 0xff,
    0x80, 0x60, 0x11, 0x80, 0x7f, 0xca, 0x1, 0xb0,
    0x3, 0xfe, 0x80, 0x8, 0x90, 0x3, 0xf8, 0x70,
    0x80, 0x28, 0x0, 0xf6, 0x3c, 0x57, 0x18, 0x4,
    0xaa, 0x0, 0xf2, 0xc3, 0xa8, 0x6, 0x4a, 0x0,
    0xff, 0xe1, 0x3d, 0x80, 0x7f, 0xc2, 0x91, 0xd0,
    0x1, 0x80,

    /* U+0045 "E" */
    0xbf, 0xff, 0xfe, 0x14, 0x80, 0x7f, 0xf6, 0x9,
    0xdf, 0xfd, 0xa0, 0x19, 0xa2, 0x3f, 0xc8, 0x1,
    0xff, 0xe8, 0x66, 0xff, 0x0, 0x78, 0xa6, 0x7f,
    0x80, 0x3f, 0xfb, 0x49, 0xff, 0xfc, 0x1, 0xff,
    0xff, 0x0, 0xff, 0x9a, 0x23, 0xfc, 0xa0, 0x18,
    0x9d, 0xff, 0xde, 0x1, 0xff, 0xd4,

    /* U+0046 "F" */
    0xaf, 0xff, 0xfe, 0x15, 0x80, 0x7f, 0xf6, 0x5,
    0xdf, 0xfd, 0xa0, 0x19, 0x62, 0x3f, 0xcc, 0x1,
    0xff, 0xf8, 0x4f, 0xff, 0xe7, 0x0, 0xff, 0xec,
    0x93, 0xbf, 0xf1, 0x80, 0x73, 0x44, 0x7f, 0x20,
    0x7, 0xff, 0xfc, 0x3, 0xff, 0xd4,

    /* U+0047 "G" */
    0x0, 0xe6, 0xbe, 0xff, 0x6d, 0xb0, 0x7, 0xc7,
    0xb2, 0x82, 0x0, 0x24, 0x9e, 0x30, 0xc, 0x78,
    0x40, 0x1f, 0x87, 0xc, 0x0, 0x3a, 0x1, 0x8d,
    0xdc, 0x60, 0x1b, 0x80, 0x10, 0x20, 0x14, 0xe4,
    0x43, 0x24, 0x2, 0x24, 0x6, 0x0, 0x95, 0x80,
    0x33, 0x10, 0x5, 0x88, 0x1, 0xa4, 0x3, 0xd3,
    0x3b, 0xc, 0x3, 0x18, 0x7, 0x91, 0x9a, 0x4e,
    0x0, 0x88, 0x3, 0xff, 0x80, 0x60, 0x10, 0x80,
    0x7f, 0xf2, 0x1f, 0xff, 0xea, 0x0, 0xff, 0xeb,
    0x18, 0x4, 0x20, 0x13, 0x5d, 0xc6, 0x1, 0xb8,
    0x2, 0x20, 0x8, 0x51, 0x27, 0x0, 0xc6, 0x1,
    0x88, 0x3, 0xfc, 0x28, 0x1, 0xac, 0x3, 0xff,
    0x80, 0xc0, 0x13, 0x28, 0x7, 0x30, 0x7, 0x40,
    0x6, 0xac, 0x88, 0x57, 0x90, 0x7, 0xd, 0x80,
    0x63, 0x77, 0x28, 0x7, 0x78, 0x1, 0x2c, 0x40,
    0x3f, 0x93, 0x50, 0x2, 0x4e, 0x94, 0x10, 0x0,
    0xa4, 0x6d, 0x90, 0x0,

    /* U+0048 "H" */
    0x1f, 0xfc, 0x80, 0x1c, 0x9f, 0xf8, 0x40, 0x3f,
    0xff, 0xe0, 0x1f, 0xff, 0x6b, 0xff, 0xeb, 0x0,
    0xff, 0xf0, 0x2b, 0xbf, 0x28, 0x7, 0xfb, 0xa2,
    0x3b, 0x80, 0x3f, 0xff, 0xe0, 0x1f, 0xff, 0x60,

    /* U+0049 "I" */
    0xff, 0xff, 0xe0, 0x90, 0x7, 0xff, 0x42, 0x1d,
    0xe2, 0x0, 0x89, 0xdf, 0x1b, 0xc4, 0x4e, 0x1,
    0x34, 0x46, 0x10, 0xf, 0xff, 0xf8, 0x7, 0xff,
    0xfc, 0x3, 0xff, 0xa8, 0xef, 0xc0, 0x13, 0x3b,
    0xe1, 0x88, 0xc4, 0x1, 0x14, 0x46, 0x30, 0xf,
    0xfe, 0x80,

    /* U+004A "J" */
    0x0, 0xff, 0x8f, 0xff, 0x10, 0x7, 0xff, 0xfc,
    0x3, 0xff, 0xfe, 0x0, 0x10, 0xf, 0xff, 0xf8,
    0x7, 0xf8, 0xf3, 0x30, 0x80, 0x73, 0x80, 0x61,
    0x11, 0x9e, 0x50, 0xe, 0xc0, 0xc, 0x44, 0x10,
    0xa, 0x0, 0x31, 0xb8, 0x4, 0x80, 0x6, 0x0,
    0x8f, 0xa6, 0x2b, 0x0, 0x34, 0x0, 0x20, 0x80,
    0x21, 0x67, 0x50, 0xd, 0x6, 0x1, 0x62, 0x0,
    0x7f, 0x4b, 0x80, 0x61, 0xbb, 0x31, 0x0, 0x4,
    0xe3, 0x98, 0x2,

    /* U+004B "K" */
    0xff, 0xcc, 0x1, 0xe5, 0xff, 0xdc, 0x20, 0x1f,
    0xe2, 0xa0, 0xd, 0xa2, 0x1, 0xfe, 0xf0, 0xd,
    0x26, 0x1, 0xfe, 0x92, 0x0, 0x95, 0x80, 0x3f,
    0xca, 0xc0, 0x11, 0x50, 0x7, 0xf8, 0xa8, 0x2,
    0x1f, 0x0, 0xff, 0xbc, 0x3, 0x51, 0x0, 0x7f,
    0xa4, 0x80, 0x28, 0x40, 0xf, 0xf3, 0x30, 0x2,
    0x47, 0x0, 0xff, 0x7c, 0x80, 0x43, 0x40, 0x1f,
    0xf3, 0x0, 0x61, 0x20, 0xf, 0xfe, 0x2f, 0x0,
    0x7f, 0xf1, 0x4a, 0x0, 0x3f, 0xf8, 0x14, 0x60,
    0x13, 0x98, 0x7, 0xfa, 0x97, 0xc0, 0x37, 0x80,
    0x7f, 0x3a, 0x81, 0xb0, 0x4, 0x6e, 0x1, 0xfb,
    0x80, 0x29, 0x10, 0xa, 0x8, 0x3, 0xff, 0x81,
    0x60, 0x1b, 0x80, 0x3f, 0xf8, 0xa, 0x80, 0x11,
    0xb0, 0x7, 0xff, 0x2, 0x40, 0x34, 0x88, 0x7,
    0xfc, 0x50, 0x1, 0xa8, 0x3, 0xff, 0x80, 0xe4,
    0x1, 0x22, 0x80,

    /* U+004C "L" */
    0xaf, 0xfb, 0x0, 0x3f, 0xff, 0xe0, 0x1f, 0xff,
    0xf0, 0xf, 0xff, 0xf8, 0x7, 0xff, 0xc8, 0xa2,
    0x3f, 0xc6, 0x1, 0x85, 0xdf, 0xfc, 0xa0, 0x1f,
    0xfd, 0x40,

    /* U+004D "M" */
    0xf, 0xfe, 0x90, 0x8, 0x7f, 0xfa, 0x0, 0x3c,
    0x80, 0x13, 0x80, 0x7f, 0xf0, 0x8, 0x40, 0x1a,
    0x1, 0xff, 0xc1, 0x40, 0x2, 0x0, 0x7f, 0xf0,
    0x70, 0x10, 0x3, 0xff, 0x84, 0xe1, 0xa0, 0x1,
    0x0, 0xfc, 0x42, 0x2, 0x4e, 0x0, 0x70, 0xf,
    0xe7, 0x0, 0x58, 0x80, 0xf8, 0x7, 0xe3, 0xc0,
    0x3, 0x0, 0x1c, 0x3, 0xfc, 0xa0, 0x1d, 0xa0,
    0x1f, 0xf2, 0x0, 0x64, 0x10, 0xf, 0xc2, 0x18,
    0x1, 0x28, 0x7, 0xff, 0x1, 0x40, 0x2f, 0x0,
    0xff, 0xe0, 0x11, 0x0, 0x8, 0x1, 0xff, 0xc1,
    0xa3, 0x61, 0xf, 0x0, 0xff, 0x9f, 0x24, 0x3,
    0xff, 0xfe, 0x1, 0xff, 0xd6,

    /* U+004E "N" */
    0x1f, 0xfd, 0x0, 0x1c, 0xbf, 0xf8, 0x3, 0xce,
    0x1, 0xff, 0xc5, 0x70, 0xf, 0xfe, 0x24, 0x80,
    0x7f, 0xf1, 0x5, 0x40, 0x3f, 0xf8, 0x92, 0x1,
    0xff, 0xc4, 0x33, 0x0, 0x7f, 0xf1, 0x24, 0x0,
    0x60, 0x1f, 0xe4, 0x0, 0x29, 0x0, 0x7f, 0xf0,
    0x38, 0x40, 0x16, 0x1, 0xff, 0xc1, 0x90, 0x3,
    0x0, 0x7f, 0xf0, 0x5c, 0x2, 0x70, 0xf, 0xfe,
    0xb, 0x80, 0x24, 0x3, 0xff, 0x83, 0x40, 0x1,
    0xd0, 0xf, 0xfe, 0x1, 0x28, 0x1, 0x0, 0x3f,
    0xf8, 0x32, 0x1, 0xff, 0xc4, 0x33, 0x0, 0x7f,
    0xf1, 0x24, 0x3, 0xff, 0x88, 0xa4, 0x1, 0xff,
    0xc4, 0xa0, 0xf, 0xfe, 0x23, 0x80, 0x7f, 0xf1,
    0x5c, 0x3, 0x80,

    /* U+004F "O" */
    0x0, 0xc3, 0x19, 0xff, 0x63, 0x88, 0x7, 0xcd,
    0xce, 0x60, 0x11, 0xc7, 0x30, 0x7, 0x3c, 0x80,
    0x7f, 0x4c, 0x0, 0x47, 0x0, 0x19, 0x19, 0x0,
    0x33, 0xa0, 0x2, 0x0, 0x21, 0xcb, 0x9b, 0xc1,
    0x0, 0xa4, 0x9, 0x0, 0x28, 0x30, 0x8, 0xec,
    0x2, 0x24, 0x40, 0x6, 0x60, 0xe, 0x51, 0x0,
    0xb7, 0xc0, 0x22, 0x0, 0xf9, 0x40, 0x25, 0x20,
    0x9, 0x80, 0x3e, 0x20, 0x8, 0x9c, 0x3, 0xfe,
    0x10, 0xf, 0xfe, 0xd3, 0x80, 0x7f, 0xf4, 0x4,
    0x3, 0x10, 0x4, 0xc0, 0x1f, 0x10, 0x4, 0x5e,
    0x1, 0x10, 0x7, 0xca, 0x1, 0x2a, 0x0, 0x66,
    0x0, 0xe5, 0x10, 0xb, 0x49, 0x0, 0x28, 0x30,
    0x8, 0xec, 0x2, 0x24, 0x8, 0x0, 0x87, 0x2e,
    0x6f, 0x4, 0x2, 0x90, 0x1, 0xc8, 0x6, 0x46,
    0x40, 0xc, 0xe8, 0x1, 0x34, 0x80, 0x7f, 0x4c,
    0x0, 0x73, 0x74, 0x18, 0x4, 0x71, 0xcc, 0x1,
    0x0,

    /* U+0050 "P" */
    0xaf, 0xff, 0xdd, 0x6e, 0x20, 0x1f, 0xfc, 0x11,
    0x48, 0xe6, 0x0, 0xff, 0xe2, 0x4c, 0x0, 0x78,
    0x9d, 0xf2, 0x0, 0x67, 0x40, 0xe, 0x68, 0x8d,
    0x76, 0x0, 0xd0, 0x1, 0xff, 0x23, 0x80, 0x46,
    0x1, 0xff, 0xc0, 0xc0, 0xc, 0x40, 0x1f, 0xf3,
    0x80, 0x61, 0x0, 0xff, 0x90, 0x3, 0x10, 0x7,
    0xf8, 0xe0, 0x2, 0x31, 0x0, 0xcd, 0x11, 0xaf,
    0x0, 0x34, 0x0, 0x71, 0x3b, 0xe4, 0x0, 0xce,
    0x80, 0x1f, 0xfc, 0x28, 0x80, 0x7, 0xfc, 0x29,
    0x1c, 0xe0, 0x1f, 0x27, 0xfe, 0xeb, 0x71, 0x0,
    0xff, 0xff, 0x80, 0x7f, 0xf9, 0x0,

    /* U+0051 "Q" */
    0x0, 0xc2, 0xf9, 0xdf, 0xec, 0x82, 0x0, 0xfe,
    0x5f, 0x83, 0x10, 0x1, 0xbe, 0xb8, 0x7, 0xcb,
    0x42, 0x1, 0xfa, 0x24, 0x3, 0x8a, 0x80, 0x32,
    0x32, 0x0, 0x66, 0x60, 0x6, 0x80, 0xd, 0x76,
    0x9b, 0xd2, 0x0, 0xa4, 0x2, 0x15, 0x0, 0xa1,
    0x0, 0x22, 0xe0, 0xc, 0xc0, 0x4, 0x0, 0xcc,
    0x1, 0xc6, 0x60, 0xb, 0x40, 0x1a, 0x1, 0x8,
    0x80, 0x3c, 0x80, 0x12, 0x80, 0x8, 0x2, 0x30,
    0xf, 0xb8, 0x2, 0x10, 0xf, 0x8, 0x7, 0xff,
    0x4c, 0x40, 0x3f, 0xfd, 0x82, 0x6, 0x1, 0x8,
    0x7, 0xdc, 0x1, 0xef, 0x0, 0x88, 0x40, 0x3c,
    0x60, 0x11, 0x80, 0x10, 0x3, 0x30, 0x7, 0x1a,
    0x0, 0x56, 0x0, 0x24, 0x0, 0xa1, 0x0, 0x22,
    0xe0, 0xc, 0xc0, 0x14, 0x80, 0x6b, 0xb4, 0xd6,
    0x90, 0x5, 0x22, 0x1, 0x15, 0x0, 0x64, 0x65,
    0x0, 0xcc, 0xc0, 0xe, 0x5a, 0x10, 0xf, 0xe4,
    0x20, 0xf, 0x2f, 0xc1, 0x88, 0x0, 0xc0, 0x22,
    0xc3, 0x0, 0xf0, 0xbe, 0x77, 0xfb, 0x2c, 0x2,
    0x1c, 0x40, 0xf, 0xfe, 0x2, 0x60, 0x6, 0xd0,
    0xf, 0xfe, 0x9, 0xe8, 0x83, 0xc8, 0x7, 0xff,
    0x8, 0xb2, 0xa0, 0x0,

    /* U+0052 "R" */
    0xff, 0xfe, 0xeb, 0x71, 0x0, 0xff, 0xe0, 0x8a,
    0x47, 0x38, 0x7, 0xff, 0x12, 0x24, 0x3, 0xc8,
    0xef, 0x31, 0x80, 0x66, 0x40, 0xe, 0xc8, 0x8a,
    0x72, 0x80, 0x37, 0x0, 0x7f, 0xca, 0xa0, 0x9,
    0x0, 0x3f, 0xf8, 0x1a, 0x1, 0x8, 0x7, 0xff,
    0x3, 0xc0, 0x21, 0x0, 0xff, 0xe0, 0x30, 0x4,
    0x80, 0x1f, 0xe4, 0xc1, 0x0, 0xb8, 0x3, 0xa3,
    0xff, 0x59, 0x80, 0x4c, 0x80, 0x1f, 0xfc, 0x27,
    0x90, 0xf, 0xfe, 0x16, 0xc0, 0x7, 0xc8, 0xee,
    0x60, 0xc, 0x80, 0x1f, 0xb2, 0x21, 0x28, 0x1,
    0x40, 0x7, 0xff, 0x2, 0x0, 0x21, 0x70, 0xf,
    0xf8, 0xd0, 0x2, 0x90, 0xf, 0xfe, 0x4, 0x0,
    0x43, 0x0, 0x1f, 0xf1, 0xa0, 0x4, 0xe2, 0x1,
    0xff, 0x40, 0x6, 0x90, 0xf, 0xf8, 0xd0, 0x2,
    0x71, 0x0, 0xff, 0xa0, 0x3, 0x40,

    /* U+0053 "S" */
    0x0, 0xc2, 0xf7, 0xdf, 0xee, 0xb7, 0x10, 0xf,
    0x9f, 0xa1, 0x4, 0x0, 0x29, 0x1c, 0xc0, 0x1d,
    0x30, 0x1, 0xfe, 0x98, 0x0, 0x91, 0x80, 0x32,
    0xc4, 0x14, 0x3, 0x3a, 0x0, 0x3c, 0x2, 0x1d,
    0xa7, 0x75, 0x68, 0x80, 0x50, 0x0, 0x50, 0xa,
    0x48, 0x3, 0x14, 0x0, 0x46, 0x1, 0xff, 0xc1,
    0x75, 0x5c, 0x20, 0x80, 0x14, 0x88, 0x7, 0xd,
    0x56, 0x10, 0x90, 0x8, 0x79, 0xc4, 0x3, 0xfc,
    0x70, 0x1, 0xa3, 0xb2, 0xc, 0x3, 0xf3, 0xd0,
    0x80, 0x63, 0x7c, 0xc2, 0x80, 0x7c, 0xbf, 0x2,
    0x1, 0xc7, 0x56, 0x1, 0xf0, 0xbf, 0x63, 0x90,
    0x6, 0x4c, 0x0, 0xfe, 0x38, 0xdd, 0x20, 0x4,
    0x6e, 0x1, 0xff, 0x15, 0xa8, 0x5, 0x21, 0x3f,
    0xf6, 0x0, 0x7d, 0x20, 0x10, 0x97, 0x0, 0x46,
    0x20, 0x1f, 0xfc, 0x5, 0x0, 0xd4, 0x20, 0x1d,
    0x0, 0x18, 0x88, 0xe0, 0x12, 0x7d, 0x3b, 0xa7,
    0x90, 0x2, 0x50, 0x4, 0x20, 0x4, 0x2b, 0x10,
    0x61, 0x0, 0x86, 0xc0, 0x2b, 0x80, 0xf, 0xf2,
    0x78, 0x80, 0x67, 0xe9, 0x52, 0x0, 0x9, 0xb6,
    0x58, 0x80, 0x0,

    /* U+0054 "T" */
    0x9f, 0xff, 0xfe, 0x2e, 0x0, 0x7f, 0xf6, 0xb5,
    0xdf, 0xc4, 0x1, 0xb, 0xbf, 0xa9, 0x22, 0x3c,
    0xe0, 0x11, 0x44, 0x79, 0x80, 0x3f, 0xff, 0xe0,
    0x1f, 0xff, 0xf0, 0xf, 0xff, 0xf8, 0x7, 0xff,
    0xfc, 0x3, 0xff, 0x96,

    /* U+0055 "U" */
    0xf, 0xfc, 0xc0, 0x1c, 0x5f, 0xf8, 0xc0, 0x3f,
    0xff, 0xe0, 0x1f, 0xff, 0xf0, 0xf, 0xff, 0xf8,
    0x7, 0xc2, 0x1, 0xfe, 0x10, 0xe, 0x70, 0xc,
    0x20, 0x40, 0x16, 0x0, 0x76, 0x0, 0x62, 0x5,
    0x0, 0x91, 0x0, 0x11, 0x38, 0x4, 0x80, 0x9,
    0x0, 0xd7, 0x51, 0x5a, 0x1, 0xbc, 0x0, 0x32,
    0x1, 0x95, 0xd4, 0x3, 0x32, 0x0, 0x4d, 0x20,
    0x1f, 0xcf, 0x20, 0x1c, 0xdc, 0xe6, 0x1, 0x13,
    0x6c, 0x0, 0x40,

    /* U+0056 "V" */
    0x5f, 0xfc, 0xe0, 0x1f, 0x27, 0xfe, 0x84, 0x0,
    0xd8, 0x1, 0xf6, 0x0, 0x6b, 0x14, 0x0, 0x90,
    0x3, 0xe4, 0x0, 0x84, 0xc3, 0x40, 0x32, 0x0,
    0x70, 0x98, 0x4, 0xe0, 0x7, 0x0, 0xd8, 0x1,
    0xc8, 0x1, 0xb4, 0x0, 0x26, 0x1, 0x20, 0x7,
    0x60, 0x6, 0x40, 0xa, 0xc0, 0x23, 0x10, 0xc,
    0xe0, 0x12, 0x80, 0x65, 0x0, 0xc8, 0x1, 0x10,
    0x80, 0x5e, 0x1, 0x88, 0x80, 0x16, 0x0, 0x48,
    0x1, 0x90, 0x3, 0x94, 0x2, 0x70, 0xb, 0x40,
    0x24, 0x10, 0xe, 0xb0, 0x8, 0x48, 0x0, 0x80,
    0x16, 0x80, 0x78, 0xc4, 0x2, 0x40, 0x30, 0xc,
    0xe0, 0x1f, 0x38, 0x5, 0xa1, 0x60, 0x11, 0x88,
    0x7, 0xda, 0x1, 0x20, 0x20, 0x5, 0x60, 0x1f,
    0x90, 0x3, 0x21, 0x80, 0x4a, 0x1, 0xfc, 0xa0,
    0x14, 0x0, 0x44, 0x40, 0xf, 0xef, 0x0, 0x8c,
    0x2, 0x50, 0xf, 0xf2, 0x0, 0x7d, 0x60, 0x1f,
    0xe1, 0x40, 0xe, 0x13, 0x0, 0xff, 0xb4, 0x3,
    0x9c, 0x3, 0xff, 0x80, 0xe0, 0x1d, 0xa0, 0x1f,
    0xfc, 0x1, 0x30, 0xc, 0x80, 0x1e,

    /* U+0057 "W" */
    0x8f, 0xf9, 0xc0, 0x3, 0xff, 0x18, 0x0, 0xff,
    0xec, 0xe0, 0xb, 0x80, 0x4, 0x1, 0x30, 0x1,
    0x80, 0x26, 0x50, 0x8, 0x80, 0xa, 0x1, 0x68,
    0x0, 0x80, 0x22, 0x20, 0x4, 0xc0, 0xe, 0x0,
    0x88, 0x1, 0xc0, 0x16, 0x88, 0x4, 0x40, 0x2,
    0x0, 0x9c, 0x0, 0x40, 0x13, 0x1, 0x0, 0x42,
    0xe, 0x1, 0x10, 0x1, 0x80, 0x22, 0x7, 0x0,
    0x88, 0x8, 0x3, 0x10, 0x10, 0x0, 0x44, 0x4,
    0x1, 0x30, 0x80, 0x73, 0x8, 0x4, 0x40, 0xe,
    0x0, 0x89, 0x40, 0x38, 0xc8, 0x2, 0x60, 0x2,
    0x80, 0x5c, 0x40, 0x2, 0x0, 0x73, 0x0, 0x5a,
    0x0, 0x20, 0x8, 0xb8, 0x0, 0xa0, 0x2, 0x20,
    0x4, 0x40, 0x1, 0x0, 0x98, 0xc0, 0x16, 0x0,
    0x5e, 0x0, 0x98, 0x2, 0x20, 0x1, 0x30, 0x0,
    0xc8, 0x5, 0x40, 0x22, 0x0, 0x9c, 0x2, 0x20,
    0x20, 0x60, 0x1, 0x80, 0x4, 0x40, 0x11, 0x0,
    0x73, 0x1, 0x80, 0x71, 0x0, 0x6e, 0x0, 0xe3,
    0xd, 0x0, 0xe6, 0x0, 0xc4, 0x1, 0xdc, 0xc,
    0x1, 0xda, 0x1, 0x94, 0x3, 0x94, 0xc, 0x3,
    0x88, 0x3, 0x8, 0x7, 0x10, 0x0, 0x80, 0x33,
    0x0, 0x71, 0x0, 0x42, 0x20, 0x3, 0x80, 0x62,
    0x0, 0xe7, 0x0, 0x94, 0x2, 0x20, 0x8, 0x44,
    0x1, 0xc4, 0x1, 0x10, 0x5, 0xa0, 0x11, 0x0,
    0x40,

    /* U+0058 "X" */
    0x1f, 0xfe, 0x10, 0xf, 0x3f, 0xfe, 0xa0, 0x18,
    0x0, 0xd2, 0x1, 0xe9, 0x0, 0xd6, 0x0, 0x72,
    0x0, 0x9c, 0x40, 0x33, 0x88, 0x5, 0x2, 0x1,
    0x48, 0x6, 0x90, 0xd, 0x20, 0x11, 0x38, 0x6,
    0x44, 0x0, 0x4e, 0x1, 0x38, 0x80, 0x52, 0x1,
    0xe9, 0x0, 0xce, 0x0, 0x90, 0x9, 0x10, 0x1,
    0xe2, 0x70, 0xa, 0x41, 0xc4, 0x2, 0x90, 0xf,
    0xd0, 0x20, 0x1, 0x89, 0x0, 0x9c, 0x80, 0x3f,
    0xa0, 0x2, 0x71, 0x0, 0xc, 0x0, 0x7f, 0x98,
    0xc0, 0x3d, 0x60, 0x1f, 0xfc, 0xf, 0x0, 0xe3,
    0x50, 0xf, 0xfe, 0x3, 0x0, 0x70, 0x80, 0x7f,
    0xf0, 0x6c, 0x3, 0x89, 0xc0, 0x3f, 0xe8, 0x10,
    0xf, 0x40, 0x80, 0x7f, 0x13, 0x80, 0x4c, 0x20,
    0x15, 0x80, 0x7f, 0x40, 0x6, 0x88, 0x0, 0x4a,
    0x80, 0x1f, 0x22, 0x80, 0x4e, 0x2c, 0x40, 0x14,
    0x80, 0x7d, 0x20, 0x10, 0xc8, 0x2, 0x0, 0x22,
    0x70, 0xe, 0x72, 0x0, 0xa4, 0x40, 0xa, 0x40,
    0x14, 0x8, 0x4, 0x30, 0x1, 0xb, 0x80, 0x68,
    0x0, 0xd6, 0x1, 0x58, 0x6, 0x90, 0xe, 0x53,
    0x0, 0x94, 0xc0, 0xd4, 0x2, 0x17, 0x0, 0xf4,
    0x0, 0x6f, 0x0,

    /* U+0059 "Y" */
    0x3f, 0xfd, 0x0, 0x1f, 0xbb, 0xfe, 0xd0, 0x34,
    0x0, 0x98, 0x3, 0xe5, 0x10, 0xa, 0xc0, 0x1e,
    0x1, 0xb, 0x0, 0x7a, 0x40, 0x22, 0x60, 0x2,
    0x18, 0x5, 0x60, 0x1c, 0x66, 0x0, 0xac, 0x3,
    0x40, 0x4, 0x48, 0x1, 0xa4, 0x2, 0x26, 0x0,
    0xc8, 0x60, 0x17, 0x80, 0x42, 0xa0, 0x15, 0x80,
    0x7a, 0x0, 0x24, 0x20, 0x4, 0x80, 0x44, 0xc0,
    0x1e, 0x43, 0x0, 0xac, 0x0, 0xc0, 0x15, 0x80,
    0x7e, 0x80, 0x9, 0x81, 0x84, 0x0, 0x4c, 0x1,
    0xf9, 0xc, 0x2, 0x7b, 0x0, 0xac, 0x3, 0xfd,
    0x0, 0x14, 0x10, 0x0, 0x58, 0x3, 0xfc, 0x86,
    0x1, 0xe8, 0x0, 0xff, 0xe0, 0x40, 0x7, 0xb,
    0x0, 0x7f, 0xf0, 0x10, 0xc0, 0x34, 0x0, 0x7f,
    0xf0, 0xac, 0x3, 0x30, 0x7, 0xff, 0xf8, 0x40,
    0x3f, 0xff, 0x80,

    /* U+005A "Z" */
    0x9f, 0xff, 0xfe, 0x1d, 0x80, 0x7f, 0xf6, 0x75,
    0xdf, 0xfc, 0x20, 0x1a, 0x41, 0x22, 0x3f, 0xb0,
    0x40, 0x29, 0x20, 0xf, 0xf0, 0xd0, 0x4, 0x8c,
    0x1, 0xff, 0x58, 0x80, 0x6, 0x80, 0x3f, 0xe5,
    0x50, 0x5, 0x62, 0x1, 0xfe, 0x1b, 0x0, 0x95,
    0x40, 0x1f, 0xf5, 0x8, 0x0, 0x6c, 0x3, 0xfe,
    0x74, 0x0, 0xa8, 0x40, 0x3f, 0xc5, 0x0, 0x13,
    0x20, 0x7, 0xfd, 0xe0, 0x11, 0x48, 0x7, 0xfd,
    0x4, 0x1, 0x70, 0x7, 0xfc, 0x6e, 0x1, 0x39,
    0x80, 0x7f, 0xda, 0x1, 0x1c, 0x0, 0x7f, 0xd4,
    0x20, 0x17, 0x0, 0x7f, 0xca, 0xa0, 0xa, 0x48,
    0x3, 0xfc, 0x36, 0x1, 0xba, 0x23, 0xfc, 0x10,
    0x20, 0x19, 0xdf, 0xfe, 0x0, 0xff, 0xec, 0x80,

    /* U+005B "[" */
    0x35, 0x5f, 0xf, 0xd5, 0x78, 0x80, 0x3f, 0xf9,
    0xd, 0xfe, 0x30, 0xf, 0xff, 0xf8, 0x7, 0xff,
    0xfc, 0x3, 0xff, 0xb4, 0x4a, 0xa1, 0x0, 0xc9,
    0x54, 0x20, 0xf, 0xfe, 0x20,

    /* U+005C "\\" */
    0x1f, 0xfc, 0x1, 0xfc, 0x28, 0x1, 0x28, 0x7,
    0xf6, 0x80, 0x5e, 0x1, 0xfc, 0xe0, 0x12, 0x80,
    0x7f, 0xa, 0x0, 0x4c, 0x1, 0xfd, 0xc0, 0x16,
    0x80, 0x7f, 0x28, 0x4, 0x82, 0x1, 0xfc, 0xa0,
    0x13, 0x80, 0x7f, 0x70, 0x5, 0x40, 0x1f, 0xc8,
    0x20, 0x3, 0x10, 0xf, 0xe7, 0x0, 0x98, 0x3,
    0xfb, 0x40, 0x2b, 0x0, 0xfe, 0x41, 0x0, 0x19,
    0x0, 0x7f, 0x30, 0x5, 0x40, 0x1f, 0xd6, 0x1,
    0x28, 0x7, 0xf1, 0x90, 0x0, 0x8c, 0x3, 0xf9,
    0x40, 0x2b, 0x0, 0xfe, 0xa0, 0x9, 0x80, 0x3f,
    0x88, 0x80, 0x1, 0x30, 0xf, 0xea, 0x0, 0xa8,
    0x3, 0xf9, 0x40, 0x27, 0x0, 0xfe, 0x23, 0x0,
    0xa, 0x0, 0x7f, 0x50, 0x5, 0xc0, 0x1f, 0xce,
    0x1, 0x28, 0x7, 0xf0, 0xcb, 0xbc, 0x20,

    /* U+005D "]" */
    0x35, 0x5f, 0xf, 0xd5, 0x79, 0x40, 0x3f, 0xf8,
    0x99, 0xfc, 0x1, 0xff, 0xff, 0x0, 0xff, 0xff,
    0x80, 0x7f, 0xf6, 0xcd, 0x5c, 0x3, 0xbe, 0xa4,
    0x3, 0xff, 0x92,

    /* U+005E "^" */
    0x0, 0xee, 0xff, 0x50, 0x7, 0xf2, 0x8, 0x1,
    0x44, 0x3, 0xf7, 0x80, 0x66, 0x0, 0xf8, 0x90,
    0x3, 0x48, 0x7, 0xd4, 0x0, 0x51, 0x1, 0x50,
    0xf, 0x30, 0x3, 0xdc, 0x1, 0xc0, 0x1c, 0xc2,
    0x2, 0xb4, 0x0, 0x42, 0x0, 0xd4, 0x0, 0x60,
    0x32, 0x0, 0x50, 0x4, 0x66, 0x0, 0x50, 0x2,
    0xc0, 0xc, 0x1, 0x48, 0x0, 0xc8, 0x0, 0xe0,
    0x1, 0x60, 0x15, 0x0, 0x50, 0x4, 0x2a, 0x0,
    0xa0, 0x60, 0x9, 0x80, 0x37, 0x0, 0xc, 0xc0,

    /* U+005F "_" */
    0x35, 0x5f, 0xfe, 0x9, 0xc5, 0x57, 0xff, 0x8,
    0x3, 0xff, 0xa4,

    /* U+0060 "`" */
    0x24, 0x4c, 0x20, 0x2, 0x8b, 0xba, 0x80, 0x2c,
    0x30, 0x2, 0x28, 0x5, 0xa4, 0x0, 0xb1, 0x0,
    0xe, 0x10, 0xd, 0x80,

    /* U+0061 "a" */
    0x0, 0xc9, 0x5b, 0xfe, 0xec, 0x82, 0x0, 0xf0,
    0xe5, 0xa9, 0x0, 0x4, 0xdf, 0x5c, 0x3, 0xe,
    0x18, 0x7, 0xf4, 0x38, 0x5, 0x24, 0x1, 0x3d,
    0xe4, 0x88, 0x5, 0x2, 0x0, 0x40, 0x9, 0x61,
    0xd, 0xb0, 0x3, 0x20, 0x3, 0x7b, 0xaa, 0x0,
    0xc4, 0x40, 0x8, 0x80, 0x2, 0x38, 0xda, 0x21,
    0x32, 0x30, 0xb, 0xc0, 0x34, 0x7e, 0x4b, 0xb9,
    0x98, 0x20, 0x1e, 0x1d, 0x70, 0xf, 0xfe, 0x15,
    0x90, 0x5, 0x1b, 0xff, 0x10, 0x7, 0x94, 0x2,
    0x87, 0x20, 0xf, 0xe2, 0x0, 0xca, 0x1, 0xff,
    0xc4, 0x70, 0xc, 0xa4, 0x1, 0xc4, 0x20, 0x15,
    0x42, 0xb5, 0xd0, 0x7, 0xd2, 0x1, 0x9e, 0xa5,
    0x0, 0x38, 0x40, 0xe, 0xc0, 0x1f, 0x11, 0x80,
    0x44, 0x1, 0x4d, 0xa8, 0x80, 0xe, 0x36, 0x80,
    0x24, 0x10,

    /* U+0062 "b" */
    0xbf, 0xfa, 0x80, 0x3f, 0xff, 0xe0, 0x1f, 0xfc,
    0x91, 0x8d, 0xff, 0x63, 0x80, 0x7e, 0x6f, 0x72,
    0x0, 0x1c, 0x69, 0x0, 0x78, 0xc4, 0x3, 0xc5,
    0xe0, 0x1f, 0x95, 0xd8, 0x40, 0x22, 0x70, 0xf,
    0x65, 0x44, 0xf9, 0x0, 0x52, 0x1, 0xca, 0x60,
    0x10, 0xc0, 0x4, 0x24, 0x1, 0xfe, 0x40, 0xc,
    0xe0, 0x1f, 0xe1, 0x0, 0xc6, 0x1, 0xff, 0x8,
    0x7, 0xff, 0xc, 0x40, 0x3f, 0xf8, 0xe6, 0x1,
    0xfe, 0x50, 0xc, 0xe0, 0x19, 0x4c, 0x2, 0x18,
    0x0, 0x88, 0x80, 0x1d, 0x94, 0xf1, 0xe4, 0x1,
    0x50, 0x7, 0xcb, 0xe, 0x20, 0x11, 0x38, 0x7,
    0x30, 0x80, 0x78, 0xbc, 0x3, 0xdb, 0xec, 0x40,
    0x3, 0x8d, 0x20, 0x0,

    /* U+0063 "c" */
    0x0, 0xe6, 0xbe, 0xff, 0x6c, 0x90, 0x7, 0x8f,
    0xa5, 0x4, 0x0, 0x4d, 0xb2, 0x1, 0x8f, 0x4,
    0x3, 0xf3, 0x50, 0x5, 0xa0, 0x19, 0x61, 0x84,
    0x2, 0x54, 0x7, 0x10, 0xa, 0xe9, 0xe7, 0xc8,
    0x2, 0xe0, 0xb0, 0x9, 0x50, 0x2, 0x18, 0x0,
    0x9c, 0xc, 0x2, 0xf0, 0xe, 0x49, 0x9a, 0x8,
    0x3, 0x30, 0x7, 0xb, 0x34, 0xa0, 0x1c, 0x20,
    0x1f, 0xfc, 0x31, 0x0, 0xff, 0x10, 0x6, 0x60,
    0xf, 0xf8, 0xc0, 0x2f, 0x0, 0xe3, 0xff, 0xb4,
    0x2c, 0x2, 0x53, 0x0, 0xd0, 0x1, 0x30, 0x38,
    0x80, 0x59, 0x4f, 0x1a, 0x80, 0x17, 0x80, 0x34,
    0x3, 0x2c, 0x39, 0x0, 0x4c, 0x80, 0x3, 0xc1,
    0x0, 0xfc, 0xf2, 0x1, 0x8f, 0xa5, 0x4, 0x0,
    0x4f, 0xb0, 0x0,

    /* U+0064 "d" */
    0x0, 0xff, 0x9f, 0xfe, 0xe0, 0xf, 0xff, 0xf8,
    0x7, 0xf2, 0xdf, 0x7f, 0x49, 0x0, 0x7e, 0xaa,
    0x20, 0x80, 0xb6, 0xe0, 0x7, 0xa9, 0x40, 0x3e,
    0x40, 0xe, 0x35, 0x0, 0xcb, 0xc, 0x1, 0xf4,
    0x80, 0x6c, 0xa7, 0x9d, 0x10, 0xe, 0x40, 0x9,
    0x8c, 0x2, 0x26, 0x0, 0xc2, 0x20, 0xb, 0x40,
    0x3b, 0xc0, 0x31, 0x0, 0x66, 0x0, 0xff, 0x38,
    0x6, 0x30, 0xf, 0xf3, 0x80, 0x63, 0x0, 0xff,
    0x10, 0x6, 0x60, 0xf, 0xf0, 0x88, 0x2, 0xd0,
    0xe, 0xf0, 0xe, 0x40, 0x9, 0x8c, 0x2, 0x26,
    0x0, 0xe9, 0x0, 0xd9, 0x4f, 0x3a, 0x20, 0x1c,
    0x6c, 0x1, 0x96, 0x18, 0x3, 0xf4, 0xa8, 0x7,
    0xce, 0x1, 0xf5, 0x5a, 0x8, 0xa, 0xec, 0x80,
    0x60,

    /* U+0065 "e" */
    0x0, 0xe4, 0xae, 0xff, 0x6d, 0x20, 0x7, 0xc5,
    0x96, 0xa2, 0x0, 0x25, 0xba, 0x0, 0xe2, 0xc3,
    0x0, 0xfc, 0xb8, 0x1, 0xbc, 0x40, 0x23, 0x77,
    0x18, 0x4, 0x6e, 0x0, 0x62, 0x0, 0xa3, 0x22,
    0x18, 0xe0, 0x14, 0x0, 0x28, 0x2, 0x37, 0x0,
    0xd0, 0x20, 0x12, 0x9, 0x80, 0x52, 0x1, 0xe4,
    0x0, 0x8c, 0x80, 0x35, 0x7f, 0xf9, 0x40, 0x2e,
    0x0, 0xff, 0xe2, 0x18, 0x7, 0xff, 0x14, 0x80,
    0x35, 0xff, 0xff, 0xa8, 0x48, 0x2, 0xf0, 0xf,
    0xfe, 0x5, 0x0, 0x49, 0x20, 0x1c, 0x35, 0x80,
    0x13, 0x90, 0x4, 0xdd, 0x2e, 0xeb, 0xe5, 0x3c,
    0x0, 0xbc, 0x40, 0x21, 0x68, 0x82, 0x0, 0x7c,
    0x5e, 0x80, 0x1f, 0xcd, 0x80, 0x18, 0x6f, 0x18,
    0x80, 0x23, 0x7d, 0x90, 0x0,

    /* U+0066 "f" */
    0x0, 0xff, 0x1b, 0x3b, 0x99, 0x8, 0x3, 0xfa,
    0x3b, 0x26, 0x21, 0x37, 0xa0, 0x1f, 0xb1, 0xc4,
    0x3, 0xc2, 0x1, 0xf5, 0x18, 0x7, 0xe3, 0x0,
    0xf1, 0x28, 0x4, 0x35, 0xdf, 0xee, 0xf0, 0xf,
    0x20, 0x6, 0xc5, 0x10, 0x0, 0x90, 0x7, 0xbc,
    0x2, 0x22, 0x0, 0x7f, 0xf1, 0x4, 0x3, 0xfb,
    0xff, 0x30, 0x4, 0x7f, 0xfd, 0xa0, 0x1f, 0xfd,
    0xbd, 0xdc, 0xa0, 0x11, 0xee, 0xf7, 0x80, 0x44,
    0x58, 0xc0, 0x31, 0x17, 0x80, 0x3f, 0xff, 0xe0,
    0x1f, 0xff, 0xf0, 0xf, 0xff, 0xc0,

    /* U+0067 "g" */
    0x0, 0xc7, 0x5d, 0xfe, 0xc6, 0xe, 0xff, 0x84,
    0x2, 0x9c, 0x51, 0x0, 0x1c, 0xd8, 0x80, 0x7a,
    0x18, 0x3, 0xe4, 0x0, 0xf1, 0x38, 0x6, 0x47,
    0x62, 0x0, 0xfa, 0xc0, 0x35, 0x5c, 0x4e, 0xa8,
    0x7, 0x9c, 0x2, 0x45, 0x0, 0xdc, 0x1, 0xc2,
    0x20, 0xb, 0x80, 0x3f, 0xe2, 0x0, 0xce, 0x1,
    0xff, 0xe1, 0x20, 0xc, 0xe0, 0x1f, 0xf0, 0x88,
    0x2, 0xf0, 0xf, 0xfe, 0x3, 0x80, 0x4a, 0xa0,
    0xd, 0xe0, 0x1e, 0xb0, 0xd, 0x57, 0x13, 0xa8,
    0x1, 0xe2, 0x80, 0xc, 0x8e, 0xc4, 0x1, 0xf9,
    0xdc, 0x1, 0xf2, 0x0, 0x7e, 0x8c, 0x51, 0x1,
    0x4c, 0xf0, 0xf, 0xe3, 0xae, 0xfe, 0xb3, 0x30,
    0x6, 0x10, 0xa, 0xdc, 0x3, 0x8a, 0x40, 0x25,
    0x0, 0xa1, 0x23, 0x61, 0x99, 0x3a, 0x20, 0x14,
    0x80, 0x4c, 0x0, 0x27, 0x99, 0x30, 0x6, 0x73,
    0x0, 0xb0, 0xc0, 0x3f, 0xa2, 0x0, 0x18, 0xb2,
    0xd8, 0x80, 0x2, 0x91, 0xce, 0x1, 0x0,

    /* U+0068 "h" */
    0xcf, 0xfa, 0x0, 0x3f, 0xff, 0xe0, 0x1f, 0xfc,
    0xa3, 0xae, 0xfe, 0xa4, 0x0, 0xfc, 0xf8, 0xa2,
    0x2, 0xb7, 0x0, 0x1e, 0x58, 0x0, 0xf9, 0xd0,
    0x3, 0x88, 0x15, 0xdc, 0x40, 0x1a, 0x0, 0x38,
    0xb6, 0xa2, 0x1a, 0x80, 0x11, 0x88, 0x6, 0x52,
    0x0, 0xd0, 0x1, 0x94, 0x3, 0xfc, 0x60, 0x18,
    0x40, 0x3f, 0xff, 0xe0, 0x1f, 0xff, 0xf0, 0xf,
    0xf0,

    /* U+0069 "i" */
    0x0, 0xe4, 0xdf, 0xc2, 0x0, 0xff, 0x59, 0x1,
    0xc8, 0x7, 0xf0, 0x80, 0x66, 0x0, 0xfe, 0x13,
    0x0, 0xa8, 0x3, 0xfd, 0x92, 0xf4, 0xe0, 0x1f,
    0xf3, 0x42, 0x80, 0x7a, 0xbf, 0xff, 0x48, 0x7,
    0xff, 0x5f, 0xdd, 0xf0, 0x80, 0x7f, 0x2c, 0x46,
    0x30, 0xf, 0xff, 0xf8, 0x7, 0xff, 0xa9, 0x1d,
    0xf1, 0x80, 0x4a, 0xef, 0x87, 0xa2, 0x30, 0x80,
    0x47, 0x11, 0x8c, 0x3, 0xff, 0xa4,

    /* U+006A "j" */
    0x0, 0xf2, 0xf7, 0xd8, 0x80, 0x70, 0xd0, 0x82,
    0x40, 0x7, 0x10, 0x6, 0x20, 0xe, 0x32, 0x0,
    0xb4, 0x3, 0xd9, 0xf, 0x6c, 0x1, 0xe1, 0x78,
    0x40, 0x1, 0xff, 0xfe, 0x70, 0xf, 0xfe, 0x59,
    0x3b, 0xe0, 0xf, 0xc, 0x46, 0x0, 0xff, 0xff,
    0x80, 0x7f, 0xff, 0x4, 0x3, 0x9c, 0x3, 0x11,
    0xcc, 0x4e, 0x40, 0x6, 0x46, 0x63, 0xb1, 0x80,
    0x68, 0x3, 0x0, 0xf9, 0xdc, 0x1, 0xe2, 0x6c,
    0x80, 0x0,

    /* U+006B "k" */
    0xcf, 0xfa, 0x40, 0x3f, 0xff, 0xe0, 0x1f, 0xfd,
    0x4d, 0xff, 0xca, 0x1, 0xfe, 0xc2, 0x0, 0xa1,
    0x40, 0x3f, 0xa8, 0xc0, 0x27, 0x70, 0x7, 0xf4,
    0xa8, 0x4, 0xb0, 0x1, 0xfd, 0xc, 0x1, 0x25,
    0x0, 0x7f, 0x33, 0x80, 0x47, 0x60, 0x1f, 0xc9,
    0x20, 0x11, 0x68, 0x7, 0xf8, 0x80, 0x33, 0x8,
    0x7, 0xff, 0xd, 0x1c, 0x3, 0xff, 0x89, 0x6,
    0x1, 0xfe, 0x1b, 0x0, 0xdc, 0x1, 0xfc, 0x5e,
    0x92, 0x1, 0x15, 0x0, 0x7e, 0x41, 0x6, 0x40,
    0x9, 0x58, 0x3, 0xfe, 0xa0, 0xd, 0x24, 0x1,
    0xfe, 0x1a, 0x0, 0xde, 0x1, 0xff, 0x2a, 0x80,
    0x22, 0x90, 0xf, 0xfa, 0xc4, 0x2, 0x65,

    /* U+006C "l" */
    0xef, 0xff, 0xd2, 0x1, 0xff, 0xd7, 0x97, 0x7c,
    0x20, 0x1f, 0xcf, 0x11, 0x8c, 0x3, 0xff, 0xfe,
    0x1, 0xff, 0xff, 0x0, 0xff, 0xfc, 0xb3, 0xbe,
    0x30, 0x9, 0x5d, 0xf1, 0xc4, 0x70, 0x80, 0x47,
    0x11, 0x94, 0x3, 0xff, 0xa4,

    /* U+006D "m" */
    0xdf, 0xf7, 0x3, 0xf7, 0xea, 0x8d, 0x77, 0xe1,
    0x80, 0x61, 0x98, 0x10, 0x2a, 0xc5, 0x10, 0x3c,
    0x10, 0xc, 0xc0, 0x1c, 0x40, 0x1d, 0x20, 0x19,
    0x6c, 0xc0, 0x23, 0xb6, 0x0, 0x90, 0x3, 0x42,
    0x50, 0x5, 0x69, 0x0, 0x10, 0x80, 0x7f, 0xf1,
    0xc, 0x3, 0xff, 0xfe, 0x1, 0xff, 0xff, 0x0,
    0xff, 0xec, 0x80,

    /* U+006E "n" */
    0xcf, 0xf8, 0xc1, 0x6f, 0xbf, 0xad, 0x40, 0x3e,
    0x6a, 0xa2, 0x8, 0xa, 0x54, 0x80, 0x7a, 0x94,
    0x3, 0xe6, 0x50, 0xf, 0x14, 0xdd, 0x98, 0x3,
    0x48, 0x7, 0x16, 0x32, 0x22, 0x60, 0x2, 0x31,
    0x0, 0xc8, 0x20, 0x19, 0x40, 0x31, 0x0, 0x7f,
    0x88, 0x3, 0x38, 0x7, 0xff, 0xfc, 0x3, 0xff,
    0xfe, 0x1, 0xfe,

    /* U+006F "o" */
    0x0, 0xc2, 0xf9, 0xdf, 0xec, 0x82, 0x0, 0xf9,
    0x7a, 0xc, 0x40, 0x6, 0xfa, 0xe0, 0x1c, 0xd4,
    0x1, 0xfd, 0x10, 0x0, 0x8a, 0x40, 0x32, 0xc3,
    0x8, 0x4, 0xe8, 0x0, 0x80, 0xd, 0x94, 0xf3,
    0xe2, 0x1, 0x40, 0x1, 0x40, 0x27, 0x30, 0x8,
    0x6c, 0x2, 0x32, 0x30, 0xd, 0x40, 0x1c, 0xa0,
    0x19, 0x18, 0x3, 0x10, 0x7, 0x88, 0x2, 0xe3,
    0x0, 0xff, 0x84, 0x3, 0x18, 0x7, 0xfc, 0x20,
    0x19, 0x80, 0x31, 0x0, 0x78, 0x80, 0x2e, 0x30,
    0xc, 0xa0, 0x1c, 0xa0, 0x19, 0x1, 0x40, 0x28,
    0x20, 0x8, 0x60, 0x2, 0x22, 0x4, 0x0, 0x6d,
    0x97, 0x8f, 0x20, 0xa, 0x40, 0x5, 0x20, 0x19,
    0xa1, 0xc4, 0x2, 0x64, 0x0, 0x9a, 0x80, 0x3f,
    0x9e, 0x40, 0x39, 0x7a, 0xc, 0x40, 0x4, 0xfb,
    0x0, 0x10,

    /* U+0070 "p" */
    0xbf, 0xf9, 0x4a, 0x7b, 0xfd, 0x8c, 0x1, 0xfb,
    0xf5, 0x84, 0x0, 0x73, 0xa2, 0x1, 0xe5, 0x0,
    0xf8, 0xb4, 0x3, 0xf2, 0xbb, 0x0, 0x63, 0x60,
    0xe, 0x1d, 0xa8, 0x9d, 0x10, 0xa, 0xc0, 0x39,
    0xc8, 0x2, 0x29, 0x0, 0x88, 0x40, 0x3f, 0xca,
    0x1, 0x94, 0x3, 0xfc, 0x40, 0x18, 0x40, 0x3f,
    0xf8, 0x66, 0x1, 0xff, 0xc3, 0x30, 0xf, 0xf1,
    0x0, 0x61, 0x0, 0xff, 0x28, 0x6, 0x50, 0xc,
    0xe4, 0x1, 0x14, 0x80, 0x46, 0x20, 0x18, 0x76,
    0x5e, 0x30, 0x40, 0x29, 0x0, 0xf9, 0xa1, 0xc4,
    0x2, 0x35, 0x0, 0xe3, 0x10, 0xf, 0x1e, 0x80,
    0x79, 0x7d, 0xc8, 0x0, 0x73, 0x82, 0x1, 0xf0,
    0xc6, 0xff, 0xb1, 0x80, 0x3f, 0xff, 0xe0, 0x1f,
    0xc0,

    /* U+0071 "q" */
    0x0, 0xcb, 0x7d, 0xfd, 0x46, 0x1f, 0xf7, 0x0,
    0x55, 0x44, 0x10, 0x15, 0xc9, 0x0, 0xf5, 0x28,
    0x7, 0xcc, 0x1, 0xc6, 0xa0, 0x19, 0x61, 0x84,
    0x3, 0xd2, 0x1, 0xae, 0x9e, 0x7c, 0x80, 0x39,
    0x0, 0x25, 0x40, 0x8, 0x68, 0x3, 0x8, 0x80,
    0x2f, 0x0, 0xff, 0x10, 0x6, 0x70, 0xf, 0xfe,
    0x19, 0x80, 0x7f, 0xf0, 0xcc, 0x3, 0xfc, 0x40,
    0x19, 0x80, 0x3f, 0xc2, 0x20, 0xb, 0x40, 0x3f,
    0xe7, 0x0, 0x98, 0xc0, 0x21, 0xa0, 0xe, 0xa0,
    0xd, 0x92, 0xf1, 0xe4, 0x1, 0xc6, 0xc0, 0x19,
    0xa1, 0xc4, 0x3, 0xe9, 0x50, 0xf, 0x8c, 0x3,
    0xea, 0xa2, 0x8, 0xa, 0xed, 0x80, 0x7e, 0x5b,
    0xef, 0xea, 0x20, 0xf, 0xff, 0xf8, 0x7, 0xf8,

    /* U+0072 "r" */
    0x8f, 0xfa, 0x40, 0xb, 0x7d, 0xff, 0x30, 0x6,
    0x31, 0xca, 0x41, 0x0, 0x8c, 0x3, 0x36, 0x18,
    0x7, 0x9c, 0x3, 0x19, 0x0, 0x7c, 0x40, 0x1e,
    0x17, 0xab, 0xa8, 0x70, 0xf, 0x1f, 0xc2, 0xa2,
    0xbc, 0x0, 0x7b, 0x44, 0x3, 0xfe, 0x21, 0x0,
    0xff, 0xff, 0x80, 0x7f, 0xfb, 0xc0,

    /* U+0073 "s" */
    0x0, 0xc5, 0x19, 0xff, 0x75, 0xb0, 0x7, 0xd1,
    0xae, 0x60, 0x10, 0xa4, 0xf2, 0x0, 0x69, 0x70,
    0xf, 0xe1, 0xb4, 0x0, 0x1b, 0x0, 0x4d, 0x9d,
    0xb2, 0x20, 0x14, 0x80, 0x10, 0x2, 0x39, 0x31,
    0x26, 0xa0, 0x8, 0x88, 0x1e, 0x1, 0xfc, 0x95,
    0x58, 0xc2, 0xc0, 0x23, 0xc6, 0x20, 0x9, 0x57,
    0x8, 0x1b, 0x0, 0x47, 0x3b, 0xf9, 0x8, 0x1,
    0xe9, 0x90, 0x80, 0x71, 0xbd, 0xea, 0x0, 0x73,
    0x75, 0x28, 0x80, 0x71, 0x5b, 0x0, 0x79, 0x6b,
    0xb6, 0x98, 0x3, 0x48, 0x84, 0x46, 0x0, 0x89,
    0x67, 0x40, 0x32, 0x83, 0xbe, 0x60, 0xe, 0x20,
    0xf, 0x38, 0x5, 0x30, 0x62, 0x49, 0x80, 0x19,
    0x42, 0xc, 0x2, 0x7c, 0xed, 0xb3, 0x0, 0xa4,
    0x40, 0x18, 0xa0, 0x1f, 0xe9, 0x60, 0xd, 0x5a,
    0xe6, 0x1, 0xa, 0x4f, 0x30, 0x0,

    /* U+0074 "t" */
    0x0, 0xc5, 0xff, 0x88, 0x3, 0xff, 0xdf, 0xff,
    0x68, 0x6, 0xdf, 0xfe, 0x70, 0xf, 0xfe, 0xc6,
    0xed, 0x60, 0x1a, 0xf7, 0x79, 0x80, 0x4, 0x53,
    0x0, 0x66, 0x22, 0xe1, 0x0, 0xff, 0xff, 0x80,
    0x7f, 0xf6, 0x58, 0x3, 0xfe, 0x20, 0xd, 0x0,
    0x1f, 0xfc, 0x4, 0x0, 0x8f, 0x66, 0x26, 0xf0,
    0x3, 0xde, 0x1, 0x89, 0x9d, 0x90, 0xc0, 0x3c,
    0x90, 0x1, 0xfc, 0x40, 0x1e, 0x7c, 0x51, 0x0,
    0x9, 0xb5, 0x90,

    /* U+0075 "u" */
    0xaf, 0xfa, 0xc0, 0x38, 0xff, 0xf1, 0x0, 0x7f,
    0xff, 0xc0, 0x3f, 0xff, 0xe0, 0x1f, 0xe2, 0x0,
    0x98, 0x3, 0xfe, 0xe0, 0x8, 0x8c, 0x3, 0x40,
    0x7, 0x38, 0x6, 0xc9, 0x79, 0xe4, 0x0, 0xe1,
    0x60, 0xc, 0xd0, 0xc2, 0x40, 0x1e, 0x93, 0x0,
    0xf1, 0x78, 0x80, 0x7b, 0x24, 0xc0, 0x4, 0xfa,
    0x46, 0x1, 0x80,

    /* U+0076 "v" */
    0xbf, 0xfb, 0x0, 0x3e, 0x9f, 0xfb, 0x83, 0xc0,
    0x23, 0x10, 0xf, 0x38, 0x4, 0xc0, 0x82, 0x1,
    0x38, 0x7, 0x18, 0x80, 0x54, 0x0, 0x60, 0xb,
    0x40, 0x3a, 0xc0, 0x23, 0x20, 0x5, 0x0, 0x48,
    0x20, 0x19, 0x40, 0x2a, 0x0, 0x88, 0xc0, 0x24,
    0x0, 0x88, 0x80, 0x13, 0x0, 0x6a, 0x0, 0xbc,
    0x2, 0x50, 0x9, 0x40, 0x39, 0xc0, 0x25, 0x0,
    0xac, 0x2, 0xe0, 0xe, 0x15, 0x0, 0x90, 0x4,
    0xc0, 0x4, 0x80, 0x1e, 0xe0, 0xb, 0x41, 0xc0,
    0x2a, 0x0, 0xf9, 0x4, 0x0, 0xe1, 0xa0, 0x13,
    0x0, 0x7e, 0x60, 0x0, 0xa2, 0x0, 0x8, 0x20,
    0x1f, 0xa8, 0x2, 0xf0, 0xb, 0x80, 0x3f, 0x88,
    0xc0, 0x8, 0x1, 0x28, 0x7, 0xfa, 0x40, 0x39,
    0x80, 0x3f, 0xe5, 0x0, 0xea, 0x0, 0xff, 0xe0,
    0x30, 0x4, 0x46, 0x1, 0xe0,

    /* U+0077 "w" */
    0x7f, 0xf9, 0xc0, 0x3, 0xff, 0x0, 0x53, 0xff,
    0x31, 0x80, 0x5c, 0x0, 0x50, 0x8, 0x80, 0x4,
    0x1, 0x2b, 0x0, 0x44, 0x0, 0x30, 0x9, 0xc0,
    0xc, 0x1, 0x19, 0x0, 0x4c, 0x0, 0xd0, 0xb,
    0x40, 0x4, 0x0, 0x20, 0x1, 0x80, 0x8, 0x0,
    0xe0, 0x11, 0x80, 0x80, 0x4e, 0x0, 0x50, 0x8,
    0x40, 0x80, 0x25, 0x2, 0x0, 0xb4, 0x1, 0xe0,
    0x11, 0x18, 0x0, 0x80, 0x44, 0xc0, 0x11, 0x80,
    0x14, 0x2, 0x66, 0x0, 0x28, 0x0, 0xa4, 0x1,
    0x30, 0x0, 0x80, 0x22, 0xd0, 0x3, 0x0, 0xb,
    0x80, 0x22, 0x0, 0x8, 0x80, 0x1c, 0x60, 0x82,
    0x20, 0xf2, 0x0, 0x18, 0x6, 0x50, 0x1, 0x28,
    0x18, 0x28, 0x2b, 0x0, 0x14, 0x3, 0x18, 0x1,
    0x44, 0x34, 0xc, 0xc, 0x80, 0x1e, 0x1, 0xb4,
    0x0, 0x20, 0x7, 0xc, 0x0, 0xe5, 0x0, 0xce,
    0x1, 0xc4, 0xa, 0x1, 0xc6, 0x1, 0x88, 0x3,
    0x18, 0x0, 0x44, 0x1, 0x8, 0x7, 0x88, 0x2,
    0x50, 0x9, 0x0, 0x25, 0x0, 0xf3, 0x80, 0x58,
    0x1, 0x68, 0x4, 0x60, 0x10,

    /* U+0078 "x" */
    0x1f, 0xfd, 0x40, 0x1e, 0xbf, 0xfb, 0x84, 0x52,
    0x1, 0x2a, 0x80, 0x33, 0x20, 0x5, 0x62, 0xc,
    0x80, 0x15, 0x88, 0x0, 0xa4, 0x2, 0x55, 0x0,
    0x54, 0x20, 0x1, 0xa0, 0x7, 0x80, 0x43, 0x60,
    0x18, 0x6c, 0x2, 0x47, 0x92, 0x0, 0xa8, 0x40,
    0x39, 0x54, 0x1, 0x43, 0x0, 0x4c, 0x80, 0x1f,
    0x58, 0x80, 0x78, 0xa4, 0x3, 0xf0, 0xd8, 0x7,
    0xb8, 0x3, 0xfc, 0xa2, 0x1, 0x88, 0xc0, 0x3f,
    0xd0, 0x20, 0x18, 0x9c, 0x3, 0xf8, 0xdc, 0x3,
    0xd0, 0x40, 0x1f, 0xb8, 0x2, 0x21, 0x0, 0xb8,
    0x3, 0xe8, 0x20, 0xb, 0xa8, 0x2, 0x37, 0x0,
    0xe3, 0x70, 0x9, 0xcd, 0x18, 0x2, 0x82, 0x0,
    0xdc, 0x1, 0x1c, 0x0, 0x24, 0x80, 0x2f, 0x0,
    0xa4, 0x80, 0x2e, 0x0, 0xdc, 0x1, 0x14, 0x2,
    0x30, 0x5, 0x4, 0x1, 0x8d, 0xc0, 0x27, 0x30,

    /* U+0079 "y" */
    0xe, 0xff, 0xb0, 0x3, 0xf6, 0x7f, 0xdc, 0x0,
    0x60, 0x8, 0xc8, 0x3, 0xc6, 0x60, 0x9, 0x80,
    0x12, 0x1, 0xac, 0x3, 0xd4, 0x1, 0xa4, 0x0,
    0x2c, 0x1, 0x30, 0x7, 0x98, 0x2, 0x61, 0x0,
    0xac, 0x3, 0x30, 0x6, 0x60, 0xd, 0x60, 0x18,
    0x94, 0x2, 0xa0, 0xd, 0x40, 0x12, 0x10, 0x7,
    0x48, 0x4, 0x66, 0x0, 0x19, 0x80, 0x28, 0x0,
    0xf1, 0x98, 0x2, 0xa0, 0x5, 0x0, 0x46, 0x60,
    0xf, 0xa0, 0x2, 0x60, 0x3, 0x0, 0x52, 0x1,
    0xf9, 0x8, 0x2, 0x66, 0x0, 0x44, 0xa0, 0x1f,
    0xd6, 0x1, 0x6d, 0x0, 0x56, 0x1, 0xfe, 0x61,
    0x0, 0x21, 0x80, 0x5, 0x80, 0x3f, 0xe9, 0x0,
    0xf3, 0x0, 0x7f, 0xf0, 0x18, 0x3, 0xd2, 0x1,
    0xff, 0xc0, 0x17, 0x0, 0xcc, 0x20, 0x1f, 0xfc,
    0x1a, 0x0, 0xd6, 0x1, 0xff, 0xc2, 0xa0, 0x9,
    0x8, 0x3, 0xff, 0x82, 0x2e, 0x1, 0x40, 0x7,
    0xff, 0xb, 0x40, 0x23, 0x30, 0x7, 0xfc, 0xd1,
    0xa6, 0x1, 0x40, 0x7, 0xff, 0x2, 0x1c, 0x80,
    0x25, 0x40, 0xf, 0xfe, 0x0, 0x80, 0x63, 0xa0,
    0xf, 0xfe, 0x1, 0x10, 0x0, 0x73, 0x80, 0x1f,
    0xf0,

    /* U+007A "z" */
    0xf, 0xff, 0xfe, 0x1a, 0x80, 0x7f, 0xf5, 0x44,
    0x22, 0x3f, 0x80, 0x39, 0xd0, 0x1d, 0xff, 0x70,
    0x6, 0x58, 0x0, 0xfe, 0x76, 0x0, 0x8e, 0x80,
    0x3f, 0x96, 0x0, 0x22, 0xd0, 0xf, 0xe3, 0xa0,
    0x8, 0x7c, 0x40, 0x3f, 0x16, 0x80, 0x6d, 0x20,
    0xf, 0xc3, 0xe2, 0x1, 0x51, 0x80, 0x7f, 0x69,
    0x0, 0x50, 0xa0, 0x1f, 0xd4, 0x60, 0x13, 0x38,
    0x7, 0xf4, 0x28, 0x4, 0x92, 0x1, 0xfc, 0xce,
    0x1, 0xb1, 0xdf, 0xf2, 0x8c, 0x80, 0x74, 0x47,
    0xf7, 0x18, 0x7, 0xff, 0x54,

    /* U+007B "{" */
    0x0, 0xf8, 0xa7, 0xb0, 0x3, 0xe4, 0xd6, 0x13,
    0x0, 0xf0, 0xd8, 0x0, 0x5c, 0x40, 0x3a, 0x0,
    0x2d, 0x81, 0x0, 0xe7, 0x0, 0x11, 0x80, 0x78,
    0x84, 0x0, 0xc0, 0x1f, 0x8, 0x7, 0xfc, 0xe0,
    0x1f, 0xfc, 0xf1, 0x0, 0xf8, 0x40, 0x23, 0x0,
    0xfb, 0x80, 0x2d, 0x0, 0xe3, 0xa4, 0x0, 0x22,
    0x0, 0x22, 0xfc, 0x50, 0x2, 0x58, 0x7, 0xf3,
    0xd8, 0x7, 0xf9, 0xe4, 0x3, 0x8b, 0x68, 0xc0,
    0xd, 0x20, 0x1c, 0x4b, 0x84, 0x0, 0x62, 0x0,
    0xfa, 0xc0, 0x25, 0x0, 0xf8, 0x80, 0x2d, 0x0,
    0xff, 0x84, 0x3, 0xff, 0x8e, 0xe0, 0x1f, 0xfc,
    0xb3, 0x0, 0x98, 0x3, 0xf1, 0x0, 0x8, 0x3,
    0xf5, 0x80, 0x4e, 0x1, 0xf3, 0x10, 0x2, 0x24,
    0x40, 0x3d, 0xe2, 0x0, 0x61, 0x0, 0xf1, 0x7b,
    0x89, 0x80,

    /* U+007C "|" */
    0xaf, 0xf0, 0x7, 0xff, 0xfc, 0x3, 0xff, 0xac,

    /* U+007D "}" */
    0x6f, 0xc5, 0x0, 0xfb, 0xc0, 0xea, 0x80, 0x1e,
    0xc3, 0x0, 0x2b, 0x80, 0x72, 0xe1, 0x80, 0x20,
    0x3, 0xeb, 0x0, 0x94, 0x3, 0xc4, 0x1, 0x68,
    0x7, 0x84, 0x2, 0x20, 0xf, 0xfe, 0xdb, 0x0,
    0x4c, 0x1, 0xe2, 0x10, 0x1, 0x90, 0x7, 0xa0,
    0x2, 0xf5, 0x10, 0xc, 0xd0, 0x0, 0x2a, 0xe9,
    0x0, 0xcf, 0x60, 0x1f, 0xc9, 0x60, 0x1f, 0x8e,
    0xc0, 0x28, 0xd8, 0x0, 0xbc, 0x2, 0xc7, 0x21,
    0x0, 0x9, 0x80, 0x8, 0xc0, 0x38, 0x80, 0x27,
    0x0, 0xf3, 0x80, 0x7f, 0xf5, 0x4, 0x2, 0x30,
    0xf, 0x18, 0x5, 0xc0, 0x1e, 0xf0, 0x9, 0x0,
    0x38, 0x58, 0x0, 0x66, 0x0, 0xcb, 0x80, 0x14,
    0x0, 0x76, 0x10, 0x2, 0x10, 0x3, 0xbc, 0x12,
    0xdc, 0x3, 0xc0,

    /* U+007E "~" */
    0x0, 0x15, 0x7f, 0xb6, 0x4, 0x3, 0xc2, 0x1,
    0x1e, 0xa8, 0x0, 0x9f, 0xd0, 0x3, 0x17, 0x7e,
    0x7, 0x0, 0x78, 0x6d, 0xc0, 0x2b, 0x0, 0x90,
    0x80, 0x6, 0xe8, 0x1, 0x46, 0xcd, 0xb0, 0x1,
    0xc, 0x0, 0x79, 0x17, 0x61, 0x0, 0x13, 0x20,
    0x5, 0x20, 0x21, 0x0, 0x12, 0x61, 0x0, 0x7a,
    0x45, 0xfb, 0xd0, 0x3, 0x16, 0xc9, 0x80, 0xe,
    0xd8, 0x0,

    /* U+00A0 " " */

    /* U+00A1 "¡" */
    0x8, 0xef, 0x90, 0x47, 0x10, 0x66, 0x18, 0x6,
    0xf4, 0x0, 0xda, 0x76, 0xa9, 0x48, 0x9, 0x56,
    0xa0, 0x1f, 0xfc, 0x29, 0x9c, 0x0, 0x66, 0xc0,
    0x1f, 0xfc, 0x71, 0x0, 0xc2, 0x1, 0xff, 0xc6,
    0x30, 0xc, 0x60, 0x1f, 0xfc, 0x1, 0x0, 0xc2,
    0x1, 0xff, 0xc0,

    /* U+00A2 "¢" */
    0x0, 0xf4, 0x7f, 0xa4, 0x3, 0xff, 0xbe, 0x88,
    0x0, 0x2a, 0x80, 0x3f, 0x2f, 0x59, 0x80, 0xe,
    0xbd, 0xc0, 0x39, 0xe8, 0x40, 0x3e, 0x8b, 0x0,
    0x96, 0x0, 0x31, 0x10, 0x3, 0x23, 0x80, 0x20,
    0x2, 0x2d, 0xdc, 0x60, 0x14, 0x82, 0x10, 0x5,
    0xc4, 0x0, 0x2d, 0x0, 0x84, 0xf0, 0x2, 0x23,
    0x0, 0xc2, 0xa6, 0x70, 0x18, 0x4, 0xe0, 0x1e,
    0xac, 0xc8, 0xdc, 0x2, 0x30, 0xf, 0xfe, 0x7b,
    0x80, 0x46, 0x1, 0xff, 0x18, 0x4, 0xe0, 0x1e,
    0x57, 0x78, 0xb0, 0x2, 0x24, 0x0, 0xea, 0x88,
    0x85, 0x8, 0x2, 0xa4, 0x0, 0x16, 0x0, 0x42,
    0x61, 0xc0, 0x10, 0xdf, 0xf6, 0x98, 0x5, 0x0,
    0x3, 0x90, 0xe, 0x10, 0xc, 0xcc, 0x0, 0x9b,
    0xc, 0x3, 0xc5, 0x52, 0x1, 0xc7, 0x9a, 0x80,
    0x4, 0xcd, 0x50, 0xf, 0xc4, 0x60, 0x2, 0x30,
    0xf, 0xfe, 0xc8,

    /* U+00A3 "£" */
    0x0, 0xf1, 0xce, 0xff, 0xba, 0xd8, 0x3, 0xfa,
    0xb1, 0x88, 0x0, 0x29, 0x3c, 0x60, 0x1e, 0xb5,
    0x0, 0xfc, 0x38, 0x40, 0x19, 0x10, 0x1, 0xb,
    0x39, 0x80, 0x68, 0x0, 0xdc, 0x1, 0xb2, 0x63,
    0x1c, 0x2, 0x50, 0xc, 0xe0, 0x13, 0x10, 0x5,
    0x40, 0x18, 0x40, 0x23, 0x0, 0xb8, 0x3, 0x17,
    0xfe, 0x10, 0x8, 0xc0, 0x2f, 0x0, 0xff, 0xe2,
    0x88, 0x7, 0xf8, 0x59, 0x86, 0x1, 0x2b, 0x36,
    0x30, 0xe, 0x29, 0x90, 0x80, 0x47, 0x33, 0x90,
    0x3, 0xff, 0xba, 0x7f, 0xe5, 0x0, 0x8f, 0xff,
    0x38, 0x7, 0xff, 0x38, 0xc0, 0x21, 0x0, 0xff,
    0xe0, 0x98, 0x4, 0xc0, 0x1f, 0xfc, 0x17, 0x0,
    0xb0, 0x3, 0xfc, 0x2f, 0x44, 0x1, 0x7b, 0xbf,
    0xf1, 0x1c, 0x28, 0x6, 0x78, 0x8f, 0xe7, 0x0,
    0xff, 0xec, 0x0,

    /* U+00A4 "¤" */
    0x0, 0x18, 0x7, 0xfc, 0x60, 0x13, 0xe3, 0x82,
    0xdf, 0x7f, 0xad, 0x81, 0x32, 0x81, 0xa0, 0x23,
    0x69, 0x4, 0x0, 0x93, 0xb6, 0xb, 0x4e, 0x40,
    0x2, 0x0, 0xf8, 0x80, 0x2e, 0x1f, 0x0, 0x86,
    0x7b, 0xfd, 0x44, 0x1, 0x52, 0x2, 0x0, 0x7,
    0x18, 0x40, 0xb, 0x84, 0x0, 0xd0, 0x5, 0x0,
    0x2c, 0x80, 0x38, 0x78, 0x0, 0xc0, 0x3, 0x0,
    0x28, 0x7, 0xc6, 0x60, 0x12, 0x20, 0x0, 0xc0,
    0x3f, 0x94, 0x0, 0xc0, 0x1f, 0xfc, 0x52, 0x0,
    0x18, 0x7, 0xf2, 0x80, 0x18, 0xc, 0x0, 0xa0,
    0x1f, 0x19, 0x80, 0x48, 0x24, 0x1, 0x64, 0x1,
    0xc3, 0xc0, 0x6, 0x0, 0xe1, 0xc6, 0x0, 0x97,
    0xc8, 0x0, 0x20, 0xb4, 0x1, 0xc, 0xff, 0x7d,
    0x8, 0x4, 0xd2, 0xe2, 0x2, 0x60, 0x10, 0x80,
    0x44, 0x40, 0x6, 0x16, 0x16, 0x62, 0x90, 0x40,
    0x7, 0x3b, 0x87, 0x4a, 0x5, 0xa4, 0xb, 0x7d,
    0xfe, 0xc6, 0x1, 0xc5, 0x0,

    /* U+00A5 "¥" */
    0x6f, 0xfc, 0xc0, 0x1f, 0xbb, 0xfe, 0xd0, 0x63,
    0x0, 0xa0, 0x3, 0xe7, 0x10, 0xa, 0x40, 0x1e,
    0x1, 0xb, 0x80, 0x7a, 0x40, 0x24, 0x40, 0x0,
    0xd4, 0x2, 0x90, 0xe, 0x71, 0x0, 0xa4, 0x3,
    0x58, 0x4, 0x2e, 0x1, 0xa4, 0x2, 0x72, 0x0,
    0xc2, 0xe0, 0x14, 0x80, 0x4e, 0x20, 0x1, 0x80,
    0xf, 0x40, 0x80, 0x5, 0xc0, 0x60, 0x2, 0x80,
    0xf, 0xd6, 0x1, 0x48, 0x48, 0x4, 0x4c, 0x1,
    0xf9, 0x4c, 0x0, 0x30, 0xe0, 0x14, 0x80, 0x7f,
    0xbc, 0x2, 0x70, 0x9, 0x50, 0x3, 0xe7, 0x99,
    0x50, 0x80, 0x7d, 0x33, 0x0, 0x74, 0xb3, 0x42,
    0x1, 0xe5, 0x66, 0x80, 0x3f, 0xf9, 0xbd, 0xff,
    0x9c, 0x2, 0x1f, 0xfe, 0x0, 0xff, 0xe6, 0xf7,
    0xfe, 0x70, 0x8, 0x7f, 0xf8, 0x3, 0xff, 0x9b,
    0x2e, 0xf8, 0xc0, 0x33, 0xbf, 0x0, 0x73, 0xc4,
    0x64, 0x0, 0x86, 0x23, 0x80, 0x3f, 0xfe, 0x60,

    /* U+00A6 "¦" */
    0x6f, 0xfa, 0x40, 0x3f, 0xfc, 0xc4, 0x89, 0x7a,
    0x5d, 0xcc, 0x1, 0xcd, 0xff, 0x48, 0x7, 0xff,
    0xad, 0xee, 0xf0,

    /* U+00A7 "§" */
    0x0, 0xc9, 0x39, 0xdf, 0xee, 0xc8, 0x20, 0xf,
    0x16, 0x5b, 0x18, 0x80, 0x4, 0xdf, 0x64, 0x3,
    0x16, 0x18, 0x7, 0xf9, 0xa8, 0x2, 0x91, 0x0,
    0x85, 0xa2, 0x8, 0x1, 0x95, 0x40, 0x4, 0x0,
    0x97, 0xa5, 0xdd, 0x78, 0x1, 0xb8, 0x8, 0x3,
    0x48, 0x7, 0x1b, 0x80, 0x4a, 0x6, 0x1, 0x94,
    0x3, 0xd5, 0x5a, 0xc0, 0x48, 0x2, 0x98, 0x20,
    0xc, 0x4a, 0xb8, 0x1, 0x0, 0x19, 0xf7, 0x52,
    0xa2, 0x1, 0xf2, 0xc0, 0x7, 0x13, 0x57, 0x5a,
    0x80, 0x71, 0xc8, 0x7, 0xf2, 0x56, 0x98, 0x0,
    0x74, 0x40, 0xf, 0x4c, 0x20, 0x1c, 0x58, 0x80,
    0xc2, 0x0, 0x28, 0x59, 0xed, 0x81, 0x0, 0xd2,
    0x1c, 0x1, 0x8, 0x6, 0x27, 0xe6, 0x0, 0x88,
    0x82, 0x1, 0x19, 0x0, 0x7a, 0x0, 0x33, 0x60,
    0x6, 0xd9, 0x30, 0xf, 0xe6, 0x45, 0x0, 0xcd,
    0x9d, 0x4a, 0x54, 0x1, 0x19, 0x5, 0x30, 0x7,
    0xa, 0xd6, 0xa0, 0x0, 0xb4, 0x2, 0x9d, 0x60,
    0xf, 0xf7, 0x88, 0x6, 0x29, 0xfb, 0x73, 0x0,
    0xf7, 0x80, 0x7e, 0x48, 0xce, 0x81, 0x0, 0x89,
    0xc0, 0x8c, 0xe2, 0x0, 0xc2, 0xfc, 0x60, 0x16,
    0x5, 0xe6, 0x5c, 0x1, 0xf2, 0x0, 0x4c, 0x1c,
    0x1, 0x1b, 0x0, 0x70, 0xa8, 0x4, 0xc0, 0xc0,
    0x1a, 0x76, 0x5d, 0xd5, 0xc4, 0x1, 0x68, 0xd,
    0x0, 0x62, 0x68, 0x82, 0x80, 0x63, 0x60, 0x2,
    0xd0, 0x80, 0x7f, 0x97, 0x40, 0x32, 0xf5, 0x29,
    0x0, 0x42, 0x6f, 0x94, 0x20, 0x0,

    /* U+00A8 "¨" */
    0x2b, 0xc7, 0x0, 0xcf, 0x96, 0x52, 0x87, 0x8,
    0x0, 0x38, 0x34, 0xe7, 0x0, 0x84, 0x0, 0xe0,
    0x10, 0xf9, 0x2, 0xa8, 0x0, 0x8c, 0x3, 0x20,

    /* U+00A9 "©" */
    0x0, 0xfc, 0x22, 0x0, 0xff, 0xe0, 0xbe, 0x7f,
    0x75, 0x44, 0x1, 0xf8, 0xfa, 0x1e, 0x2a, 0x8e,
    0x9b, 0x0, 0x1e, 0x4c, 0x2d, 0xb7, 0x55, 0x4f,
    0x3b, 0xa8, 0x3, 0xd, 0xa6, 0x10, 0xbc, 0xb9,
    0x84, 0x52, 0xb8, 0x5, 0x63, 0x40, 0x9d, 0xd,
    0x19, 0x0, 0xad, 0x2, 0x2, 0xb2, 0x21, 0x41,
    0x7f, 0xa4, 0xe4, 0x10, 0x12, 0x8, 0xc, 0xa,
    0x2e, 0x80, 0x56, 0x8, 0x2, 0x88, 0xd, 0x11,
    0x6, 0x86, 0x80, 0x4d, 0xae, 0x0, 0xc3, 0x1,
    0x30, 0xc, 0x20, 0x18, 0x84, 0x0, 0x20, 0x1,
    0x30, 0xf, 0xfe, 0x8, 0x80, 0x38, 0x44, 0x1c,
    0x4, 0x1, 0x25, 0xa0, 0x3, 0x48, 0x10, 0x1c,
    0x10, 0x28, 0x2, 0xd4, 0x0, 0x95, 0x40, 0x49,
    0x60, 0x4c, 0x7b, 0x36, 0xc4, 0x80, 0xe1, 0x40,
    0x9, 0x29, 0x9, 0x80, 0x65, 0x56, 0x1, 0xc3,
    0x10, 0x0, 0xa5, 0xa8, 0x1f, 0x7f, 0xa8, 0x57,
    0xe, 0x40, 0x33, 0x4a, 0xf4, 0x19, 0x11, 0xb2,
    0x93, 0x40, 0x3c, 0xda, 0xee, 0xcd, 0xd4, 0x85,
    0x58, 0x80, 0x7c, 0x53, 0xf9, 0x76, 0xec, 0x50,
    0xe,

    /* U+00AA "ª" */
    0x0, 0xc, 0xf7, 0xfa, 0xd0, 0x2, 0x2f, 0x61,
    0x0, 0x25, 0xa8, 0x3, 0x84, 0x16, 0x9c, 0x1,
    0x60, 0x3, 0x3, 0xa5, 0x85, 0x1, 0x30, 0xdc,
    0xf0, 0xb, 0x40, 0xe, 0x4, 0x66, 0x0, 0x84,
    0x0, 0x20, 0x31, 0xbf, 0xf4, 0x80, 0x45, 0xee,
    0x40, 0x44, 0x10, 0xa, 0xc4, 0x23, 0xf7, 0x50,
    0x1, 0x10, 0x1, 0xc0, 0x2f, 0x0, 0x88, 0x1,
    0x28, 0xb6, 0xc0, 0x15, 0x80, 0x1a, 0xe9, 0xc,
    0x0, 0x44, 0xc4, 0x0, 0x1d, 0x69, 0x98, 0x0,

    /* U+00AB "«" */
    0x0, 0xe4, 0x55, 0x0, 0x48, 0xaa, 0x0, 0xe4,
    0xba, 0xf0, 0x2, 0xdd, 0x60, 0x6, 0x1a, 0x0,
    0x58, 0x15, 0x0, 0xc8, 0x6, 0xa1, 0x9, 0x10,
    0xe0, 0x5, 0x80, 0x67, 0x40, 0x36, 0x8, 0x30,
    0x45, 0x0, 0x8e, 0x0, 0x1e, 0x8, 0xe0, 0x9,
    0x0, 0xda, 0x0, 0x63, 0x1a, 0x0, 0x39, 0x0,
    0x65, 0x0, 0x28, 0x9, 0x0, 0xc, 0x3, 0xa8,
    0x40, 0xd8, 0x34, 0x41, 0x14, 0x3, 0xe, 0x80,
    0x20, 0x45, 0x60, 0xb, 0x0, 0xe3, 0x70, 0x18,
    0x5, 0x60, 0x18, 0x0, 0xe8, 0x30, 0x63, 0x9,
    0x20, 0x72, 0x0, 0xed, 0x10, 0xe0, 0x7, 0x80,
    0x38, 0x0,

    /* U+00AC "¬" */
    0x1a, 0xaf, 0xfe, 0x4, 0x82, 0xaf, 0xff, 0x1,
    0x80, 0x3f, 0xf8, 0x43, 0xff, 0xfd, 0x80, 0x1f,
    0xfe, 0x10,

    /* U+00AD "­" */
    0x47, 0x7f, 0xfe, 0x1, 0xec, 0x47, 0xff, 0x1,
    0x40, 0x3f, 0xfa, 0x0,

    /* U+00AE "®" */
    0x0, 0xfc, 0x22, 0x0, 0xff, 0xe0, 0x3e, 0xff,
    0x75, 0x24, 0x1, 0xf2, 0x74, 0x34, 0xd5, 0x1d,
    0xdb, 0x0, 0x1c, 0x96, 0x5b, 0x6c, 0xaa, 0x9e,
    0x77, 0x50, 0x4, 0x56, 0x98, 0x91, 0x13, 0x98,
    0x45, 0x2b, 0x80, 0x20, 0x68, 0x29, 0xde, 0x8c,
    0x90, 0x56, 0x81, 0x12, 0xc8, 0x80, 0x5f, 0xee,
    0x36, 0x20, 0x80, 0x67, 0x6, 0x0, 0xf0, 0xd8,
    0x38, 0xa, 0x5f, 0x8, 0x80, 0x3c, 0x56, 0xe,
    0x0, 0x32, 0x12, 0x0, 0xef, 0xf6, 0x95, 0x90,
    0x3, 0x84, 0x4, 0x3, 0x99, 0x81, 0x28, 0x1,
    0x8, 0x79, 0x0, 0x74, 0xc9, 0x24, 0x3, 0x69,
    0xa0, 0x28, 0x7, 0xa0, 0x60, 0x2, 0x54, 0x24,
    0x80, 0xf, 0x19, 0x9c, 0x42, 0x2, 0x82, 0xa,
    0x42, 0x64, 0x1, 0x74, 0x99, 0x9d, 0x88, 0xe,
    0x1a, 0x95, 0x80, 0x22, 0x67, 0xc3, 0x90, 0x9,
    0xe5, 0x7a, 0x10, 0x8d, 0xb2, 0x93, 0x0, 0x39,
    0xb5, 0x1e, 0xf7, 0x24, 0x2a, 0xc0, 0x3e, 0x2a,
    0xfc, 0xbb, 0x76, 0x28, 0x6,

    /* U+00AF "¯" */
    0x68, 0x8f, 0xf2, 0xeb, 0xbf, 0xfb, 0xc0, 0x3f,
    0xf8, 0x0,

    /* U+00B0 "°" */
    0x0, 0xc6, 0x40, 0x1d, 0x1f, 0x9b, 0xa3, 0x0,
    0x4b, 0x80, 0x45, 0x84, 0x46, 0x7, 0xfd, 0x20,
    0x94, 0x1, 0x80, 0x28, 0x5, 0x30, 0x10, 0x8,
    0xc0, 0x8, 0x0, 0xc5, 0x69, 0x7, 0x19, 0x3,
    0xa9, 0x1, 0x80, 0x6b, 0x30, 0x16, 0xf1,

    /* U+00B1 "±" */
    0x0, 0xe4, 0xbb, 0x90, 0x3, 0xfc, 0x48, 0x91,
    0x80, 0x7f, 0xf9, 0x9a, 0x67, 0x68, 0x5, 0x73,
    0x39, 0x75, 0x9b, 0x20, 0x4, 0x6c, 0xdb, 0x0,
    0x3f, 0xfa, 0x57, 0xff, 0xa4, 0x2, 0x8f, 0xfd,
    0x20, 0x1f, 0xff, 0xf0, 0xe, 0x6f, 0xf9, 0xc0,
    0x38, 0xa2, 0x3f, 0xf8, 0x20, 0xef, 0xff, 0xc2,
    0x10, 0xf, 0xfe, 0x90,

    /* U+00B2 "²" */
    0x0, 0x15, 0x77, 0xf5, 0xa0, 0x4, 0x9a, 0xa2,
    0x2, 0x96, 0xc0, 0xa, 0x0, 0x13, 0x98, 0x2,
    0x1, 0x4, 0x1, 0xb1, 0x80, 0x1, 0x36, 0x99,
    0x58, 0x0, 0x40, 0x31, 0x33, 0x10, 0x1, 0x0,
    0x1, 0x30, 0xe, 0x76, 0x0, 0x40, 0x7, 0x44,
    0x0, 0xe, 0xc0, 0x1a, 0x1c, 0x1, 0x10, 0x0,
    0xd2, 0xe0, 0xb, 0x70, 0xd, 0x4c, 0x0, 0x53,
    0x77, 0x90, 0x54, 0x2, 0x58, 0x8d, 0xa0, 0x1f,
    0xf0,

    /* U+00B3 "³" */
    0x0, 0x1d, 0x77, 0xf5, 0xa0, 0x4, 0xb8, 0xa2,
    0x2, 0x96, 0xe0, 0xa, 0x0, 0x1b, 0x98, 0x2,
    0x4, 0x8c, 0xec, 0x8c, 0x10, 0x2, 0x16, 0x64,
    0x1, 0x18, 0x0, 0x40, 0x30, 0x89, 0x88, 0x5,
    0x0, 0x37, 0x72, 0x40, 0xf0, 0x3, 0xf8, 0xe8,
    0x3, 0xbf, 0xda, 0x40, 0xec, 0x95, 0x48, 0x0,
    0x13, 0x80, 0x3d, 0xd5, 0x4f, 0x71, 0x4a, 0x0,
    0xf3, 0x60, 0x2, 0x3a, 0x80, 0xd, 0x82, 0x69,
    0x4, 0x4, 0xe7, 0x0,

    /* U+00B4 "´" */
    0x0, 0x85, 0x13, 0x10, 0x5, 0x77, 0xa0, 0xc0,
    0xa, 0xa0, 0x1, 0xe8, 0x80, 0xd8, 0x0, 0xf0,
    0x40, 0x14, 0x20, 0x78, 0x1, 0x0,

    /* U+00B5 "µ" */
    0x5f, 0xfc, 0x1, 0xed, 0xff, 0xa0, 0x3, 0xff,
    0xfe, 0x1, 0xff, 0xfe, 0x10, 0xf, 0xfe, 0x19,
    0x0, 0x7f, 0xf0, 0xe4, 0x3, 0x29, 0x0, 0x7f,
    0x2e, 0x44, 0x2e, 0x80, 0x3f, 0xe3, 0x77, 0x20,
    0x7, 0xff, 0x3d, 0x4, 0x0, 0x72, 0xe0, 0x1f,
    0xd7, 0xdf, 0xec, 0x68, 0xff, 0xa0, 0x3, 0xff,
    0xfe, 0x1, 0xc0,

    /* U+00B6 "¶" */
    0x0, 0xcb, 0x5d, 0xff, 0xd6, 0x0, 0x2d, 0xa5,
    0x10, 0xf, 0x8b, 0x8, 0x3, 0xfd, 0x22, 0x1,
    0xfe, 0x24, 0x0, 0xff, 0x94, 0x3, 0xff, 0x81,
    0xc0, 0x1f, 0xfc, 0xd1, 0x0, 0xff, 0xe0, 0x68,
    0x7, 0xff, 0x1, 0x44, 0x3, 0xff, 0x81, 0x60,
    0x1f, 0xfc, 0x5, 0x80, 0xf, 0xfe, 0x3, 0xd9,
    0x80, 0x7f, 0xc9, 0x9d, 0x53, 0x6, 0x1, 0xf8,
    0x55, 0x9d, 0x80, 0x3f, 0xff, 0xe0, 0x1e,

    /* U+00B7 "·" */
    0x1, 0x89, 0x40, 0x7, 0xbb, 0x5a, 0x20, 0x40,
    0x2d, 0x60, 0xd, 0xc5, 0x22, 0xa, 0xe0,

    /* U+00B8 "¸" */
    0xc, 0xff, 0x40, 0x4, 0x60, 0x7, 0xc1, 0xd,
    0x90, 0x1, 0xc8, 0x13, 0x0, 0x46, 0xb, 0x60,
    0x11, 0x87, 0x20, 0x0, 0xa4, 0x4, 0xe, 0x34,
    0x40,

    /* U+00B9 "¹" */
    0x0, 0xe2, 0x10, 0x1, 0x3e, 0x6a, 0xbe, 0xea,
    0xc, 0x1, 0x44, 0x1, 0xc2, 0x8e, 0x20, 0x16,
    0x5c, 0x18, 0x7, 0xff, 0xa0,

    /* U+00BA "º" */
    0x0, 0x15, 0x77, 0xf5, 0x98, 0x4, 0xba, 0xa2,
    0x2, 0x98, 0xe0, 0x34, 0x0, 0x7a, 0x80, 0x4,
    0x1c, 0x80, 0x26, 0x15, 0xec, 0x1, 0x28, 0x0,
    0x60, 0x9, 0x8, 0x10, 0x40, 0x40, 0x38, 0x40,
    0x40, 0x3f, 0xf9, 0x42, 0x2, 0x1, 0xc2, 0x2,
    0x80, 0x6, 0x0, 0x8c, 0x81, 0x24, 0x1, 0x30,
    0x8f, 0xa0, 0x9, 0x1b, 0x0, 0x3d, 0xc0, 0x84,
    0x18, 0x26, 0xa8, 0x80, 0xa6, 0x38, 0x0,

    /* U+00BB "»" */
    0x15, 0x51, 0x0, 0x9, 0x54, 0x40, 0x18, 0x6e,
    0xb0, 0x40, 0xea, 0x9e, 0x1, 0xd6, 0x3, 0x40,
    0x30, 0x5, 0x20, 0x19, 0x50, 0x11, 0xc1, 0xc8,
    0x19, 0x40, 0x34, 0x80, 0x20, 0xc3, 0x80, 0x14,
    0x40, 0x11, 0x38, 0x3, 0x80, 0xd8, 0x1, 0xc0,
    0x1a, 0x4, 0xa, 0x42, 0x0, 0x7, 0x0, 0x11,
    0x8, 0x3, 0xc0, 0x80, 0x2d, 0x0, 0xa4, 0x0,
    0xac, 0x1e, 0x0, 0x65, 0x0, 0x2a, 0x0, 0xd8,
    0x31, 0x81, 0xc8, 0x5, 0x60, 0xd, 0x11, 0x48,
    0x3, 0x80, 0x28, 0x10, 0x83, 0xb, 0x0, 0x51,
    0x0, 0x9, 0xc1, 0x1c, 0x11, 0x41, 0x54, 0x1,
    0x0,

    /* U+00BC "¼" */
    0x0, 0xc4, 0x60, 0x1f, 0xfc, 0x13, 0x8d, 0xd5,
    0x80, 0x7f, 0xf0, 0x3b, 0x1c, 0x80, 0x3f, 0xf8,
    0x42, 0x2, 0x1, 0xff, 0xc3, 0xbe, 0xa0, 0xf,
    0xd7, 0x22, 0x1, 0x90, 0x40, 0x3f, 0x22, 0x19,
    0x0, 0x3f, 0xf8, 0x50, 0x6, 0xa0, 0x1f, 0xfc,
    0x15, 0x30, 0x80, 0xf, 0xfe, 0x15, 0x82, 0x20,
    0x3, 0xff, 0x82, 0xe2, 0x12, 0x1, 0xff, 0xc1,
    0x19, 0x6, 0x20, 0xf, 0xcc, 0xee, 0xc0, 0x91,
    0x8, 0x0, 0xfe, 0x28, 0x82, 0xb, 0x83, 0x88,
    0x17, 0x7f, 0x80, 0x3f, 0x58, 0xc, 0x0, 0x3c,
    0x40, 0x3f, 0x8d, 0x42, 0x0, 0x12, 0x40, 0x1f,
    0xe8, 0x2, 0x60, 0x46, 0x0, 0xff, 0x22, 0x2,
    0x0, 0x68, 0x1c, 0x80, 0x3f, 0x48, 0x1a, 0x85,
    0x9, 0xc0, 0x7, 0xe3, 0x20, 0xf0, 0x64, 0xa,
    0x43, 0x0, 0x20, 0x80, 0x47, 0xd4, 0x61, 0x60,
    0x9, 0xb1, 0x0, 0x5a, 0x80, 0x61, 0x50, 0x3,
    0x0, 0x7f, 0xf1, 0x6f, 0xff, 0x10, 0x3, 0xd0,
    0x3, 0xff, 0x8c,

    /* U+00BD "½" */
    0x0, 0xc2, 0x80, 0x1f, 0xfc, 0x21, 0x6b, 0xe9,
    0x0, 0xff, 0xe0, 0xc7, 0x4a, 0x0, 0x7f, 0xf0,
    0xc8, 0x4, 0x3, 0xff, 0x89, 0x3b, 0xc0, 0x1f,
    0xae, 0x4, 0x3, 0x8c, 0x80, 0x3f, 0x2a, 0x3a,
    0x80, 0x7f, 0xf0, 0xe0, 0x11, 0x0, 0x1f, 0xfc,
    0x27, 0x20, 0x90, 0xf, 0xfe, 0x10, 0xc8, 0x31,
    0x0, 0x7f, 0xf0, 0xa0, 0x42, 0x0, 0x3f, 0xf8,
    0x44, 0xc1, 0x2, 0x1, 0xfe, 0x87, 0xb0, 0x80,
    0x17, 0x0, 0xff, 0x9e, 0x18, 0xd4, 0x20, 0xe,
    0xff, 0xdd, 0x22, 0x1, 0xf7, 0x81, 0x32, 0x62,
    0x0, 0x5, 0xbc, 0x40, 0x39, 0x4c, 0x24, 0x24,
    0x1, 0x16, 0x80, 0x2e, 0x1, 0xd0, 0x8, 0x80,
    0x13, 0x67, 0x4e, 0x0, 0x70, 0x6, 0x72, 0x9,
    0x0, 0x66, 0x24, 0x1, 0x20, 0xd, 0x0, 0x86,
    0x41, 0x88, 0x3, 0xd4, 0x60, 0x8a, 0x1, 0x11,
    0x84, 0x0, 0x70, 0xe2, 0x82, 0x58, 0x6, 0x3d,
    0xc1, 0x0, 0xc5, 0x86, 0xf, 0x60, 0x1f, 0x18,
    0x6, 0x3c, 0x20, 0x7b, 0x33, 0x10, 0x7, 0xfb,
    0x84, 0x0, 0xf9, 0x97, 0x80, 0x7f, 0xf1, 0xc0,

    /* U+00BE "¾" */
    0x0, 0x84, 0xcc, 0x20, 0x1f, 0xfc, 0x22, 0xbe,
    0xcc, 0x76, 0x18, 0x7, 0xff, 0x3, 0x10, 0x3,
    0x1e, 0x88, 0x7, 0xf8, 0xd5, 0x1f, 0xbd, 0x0,
    0x54, 0x3, 0xfc, 0x77, 0x68, 0x11, 0x0, 0x4c,
    0x1, 0x2d, 0xa0, 0x7, 0xcb, 0xfc, 0x83, 0x44,
    0x1, 0x5a, 0x68, 0x7, 0xc2, 0x42, 0x3, 0x80,
    0x13, 0x88, 0x40, 0x7, 0xc9, 0xbc, 0xc0, 0xca,
    0x3, 0x0, 0xe2, 0x1, 0x92, 0x64, 0x60, 0xc,
    0x0, 0x68, 0x40, 0xc, 0x0, 0x70, 0xb3, 0x39,
    0x52, 0x40, 0x1c, 0x4c, 0x12, 0x1, 0xe5, 0x30,
    0x2a, 0xb3, 0x3, 0x68, 0x2, 0x70, 0xf, 0xb2,
    0x8, 0x0, 0x51, 0x86, 0xa1, 0x0, 0x1f, 0xcf,
    0xbf, 0xed, 0x70, 0xf0, 0x35, 0x6, 0xff, 0x58,
    0x7, 0xf9, 0x4c, 0x20, 0xa, 0x40, 0xe, 0x1,
    0xfe, 0x80, 0x44, 0x7, 0x0, 0x7f, 0xf0, 0x58,
    0x82, 0x42, 0xc, 0x3, 0xff, 0x83, 0x0, 0xa4,
    0x8e, 0x12, 0x1, 0xff, 0x40, 0x85, 0x8d, 0x3,
    0xb8, 0x3, 0xfe, 0x40, 0x71, 0xb1, 0x16, 0x20,
    0x0, 0x50, 0x3, 0xec, 0xa9, 0x15, 0x1, 0xba,
    0x0, 0x15, 0x80, 0x7e, 0x51, 0x10, 0x7, 0xff,
    0x23, 0xff, 0x70, 0x0, 0xfc, 0x3, 0xff, 0x92,

    /* U+00BF "¿" */
    0x0, 0xe1, 0xdf, 0xc1, 0x0, 0xff, 0x49, 0x1,
    0xc8, 0x7, 0xff, 0x36, 0x88, 0xe, 0x40, 0x3f,
    0xc5, 0xbf, 0x82, 0x1, 0xff, 0xcd, 0x13, 0x38,
    0x40, 0x3f, 0xd3, 0x99, 0x20, 0x7, 0xf8, 0x80,
    0x3f, 0xf8, 0x26, 0xa0, 0x13, 0x0, 0x7e, 0x3d,
    0x0, 0x88, 0xc0, 0x3e, 0x3d, 0x10, 0x0, 0xf0,
    0x7, 0xc5, 0xa2, 0x0, 0x1c, 0x30, 0xf, 0xb8,
    0x40, 0x2c, 0x20, 0xf, 0x94, 0xc0, 0x29, 0x20,
    0xf, 0xde, 0x1, 0x13, 0x0, 0x7f, 0x38, 0x4,
    0xa0, 0x1c, 0x45, 0x80, 0x38, 0x40, 0x32, 0xee,
    0xe1, 0x70, 0x9, 0xc4, 0x2, 0x90, 0x8, 0x45,
    0xe0, 0x10, 0xfc, 0xc6, 0x98, 0x4, 0xe0, 0xa6,
    0x1, 0xb, 0x39, 0x0, 0x43, 0x0, 0xd, 0x30,
    0xf, 0xc5, 0x82, 0x0, 0x1c, 0xa5, 0x10, 0x0,
    0xa4, 0xe9, 0x0, 0x0,

    /* U+00C0 "À" */
    0x0, 0xc6, 0xab, 0x20, 0x7, 0xff, 0xc, 0x6e,
    0xa9, 0x6c, 0x1, 0xff, 0xc2, 0x2d, 0x0, 0xa4,
    0x40, 0x3f, 0xf8, 0x47, 0x80, 0x15, 0x0, 0x7f,
    0xf0, 0xce, 0xc0, 0x8, 0xa0, 0x1f, 0xfc, 0x34,
    0xff, 0x94, 0x3, 0xff, 0xae, 0x9f, 0xf8, 0x40,
    0x3f, 0xf8, 0x5a, 0x1, 0x9c, 0x3, 0xff, 0x84,
    0xe0, 0x1b, 0x40, 0x3f, 0xf8, 0x28, 0x20, 0x19,
    0x4, 0x3, 0xff, 0x81, 0xc0, 0x1e, 0x40, 0xf,
    0xfe, 0x2, 0x80, 0x4, 0x2, 0xe0, 0xf, 0xf9,
    0x40, 0x27, 0x20, 0x2, 0x0, 0x7f, 0xde, 0x1,
    0x6a, 0x80, 0x4a, 0x1, 0xfe, 0x50, 0x9, 0x2c,
    0x2, 0xe0, 0xf, 0xe5, 0x0, 0x94, 0xc, 0x40,
    0x8, 0x1, 0xfd, 0xe0, 0x17, 0x80, 0x10, 0x2,
    0x50, 0xf, 0xca, 0x1, 0x20, 0x3, 0xc0, 0x2e,
    0x0, 0xf9, 0x40, 0x24, 0x10, 0x2, 0x0, 0x48,
    0x1, 0xf7, 0x80, 0x4d, 0x77, 0x50, 0x6, 0x50,
    0xf, 0x28, 0x4, 0x48, 0x98, 0x3, 0x70, 0x7,
    0x28, 0x7, 0xff, 0x5, 0x0, 0x3b, 0x80, 0x3f,
    0xf8, 0x4a, 0x1, 0xa, 0x0, 0x57, 0xff, 0xe5,
    0x0, 0xb8, 0x2, 0x70, 0xc, 0x80, 0x1e, 0xf0,
    0x9, 0x0, 0x2d, 0x0, 0x90, 0x3, 0xe4, 0x0,
    0xca, 0x2, 0x80, 0x16, 0x0, 0x7c, 0x24, 0x1,
    0x70, 0x38, 0x6, 0x40, 0xf, 0xc8, 0x1, 0x20,
    0x0,

    /* U+00C1 "Á" */
    0x0, 0xff, 0x2f, 0xfe, 0x40, 0xf, 0xfe, 0x8,
    0xd8, 0x5, 0x68, 0x1, 0xff, 0xc1, 0xa1, 0x0,
    0x5a, 0x0, 0x7f, 0xf0, 0x59, 0x0, 0x16, 0x80,
    0x1f, 0xfc, 0x22, 0xaa, 0x62, 0x0, 0x7f, 0xf0,
    0xd1, 0x54, 0x60, 0x1f, 0xfc, 0x34, 0xff, 0xc2,
    0x1, 0xff, 0xc2, 0xd0, 0xc, 0xe0, 0x1f, 0xfc,
    0x27, 0x0, 0xda, 0x1, 0xff, 0xc1, 0x41, 0x0,
    0xc8, 0x20, 0x1f, 0xfc, 0xe, 0x0, 0xf2, 0x0,
    0x7f, 0xf0, 0x14, 0x0, 0x20, 0x17, 0x0, 0x7f,
    0xca, 0x1, 0x39, 0x0, 0x10, 0x3, 0xfe, 0xf0,
    0xb, 0x54, 0x2, 0x50, 0xf, 0xf2, 0x80, 0x49,
    0x60, 0x17, 0x0, 0x7f, 0x28, 0x4, 0xa0, 0x62,
    0x0, 0x40, 0xf, 0xef, 0x0, 0xbc, 0x0, 0x80,
    0x12, 0x80, 0x7e, 0x50, 0x9, 0x0, 0x1e, 0x1,
    0x70, 0x7, 0xca, 0x1, 0x20, 0x80, 0x10, 0x2,
    0x40, 0xf, 0xbc, 0x2, 0x6b, 0xba, 0x80, 0x32,
    0x80, 0x79, 0x40, 0x22, 0x44, 0xc0, 0x1b, 0x80,
    0x39, 0x40, 0x3f, 0xf8, 0x28, 0x1, 0xdc, 0x1,
    0xff, 0xc2, 0x50, 0x8, 0x50, 0x2, 0xbf, 0xff,
    0x28, 0x5, 0xc0, 0x13, 0x80, 0x64, 0x0, 0xf7,
    0x80, 0x48, 0x1, 0x68, 0x4, 0x80, 0x1f, 0x20,
    0x6, 0x50, 0x14, 0x0, 0xb0, 0x3, 0xe1, 0x20,
    0xb, 0x81, 0xc0, 0x32, 0x0, 0x7e, 0x40, 0x9,
    0x0,

    /* U+00C2 "Â" */
    0x0, 0xf8, 0x77, 0xfd, 0x60, 0x1f, 0xfc, 0x22,
    0xf2, 0x0, 0x26, 0x8, 0x7, 0xfc, 0x9a, 0x20,
    0x84, 0x7, 0x84, 0x1, 0xfc, 0xb6, 0x0, 0x6b,
    0xc3, 0x2, 0xc3, 0x0, 0xfc, 0x4e, 0xe9, 0x90,
    0xe, 0x43, 0xb2, 0x80, 0x7e, 0x78, 0x83, 0x0,
    0x67, 0x88, 0x30, 0x7, 0xff, 0x4d, 0x3f, 0xf0,
    0x80, 0x7f, 0xf0, 0xb4, 0x3, 0x38, 0x7, 0xff,
    0x9, 0xc0, 0x36, 0x80, 0x7f, 0xf0, 0x50, 0x40,
    0x32, 0x8, 0x7, 0xff, 0x3, 0x80, 0x3c, 0x80,
    0x1f, 0xfc, 0x5, 0x0, 0x8, 0x5, 0xc0, 0x1f,
    0xf2, 0x80, 0x4e, 0x40, 0x4, 0x0, 0xff, 0xbc,
    0x2, 0xd5, 0x0, 0x94, 0x3, 0xfc, 0xa0, 0x12,
    0x58, 0x5, 0xc0, 0x1f, 0xca, 0x1, 0x28, 0x18,
    0x80, 0x10, 0x3, 0xfb, 0xc0, 0x2f, 0x0, 0x20,
    0x4, 0xa0, 0x1f, 0x94, 0x2, 0x40, 0x7, 0x80,
    0x5c, 0x1, 0xf2, 0x80, 0x48, 0x20, 0x4, 0x0,
    0x90, 0x3, 0xef, 0x0, 0x9a, 0xee, 0xa0, 0xc,
    0xa0, 0x1e, 0x50, 0x8, 0x91, 0x30, 0x6, 0xe0,
    0xe, 0x50, 0xf, 0xfe, 0xa, 0x0, 0x77, 0x0,
    0x7f, 0xf0, 0x94, 0x2, 0x14, 0x0, 0xaf, 0xff,
    0xca, 0x1, 0x70, 0x4, 0xe0, 0x19, 0x0, 0x3d,
    0xe0, 0x12, 0x0, 0x5a, 0x1, 0x20, 0x7, 0xc8,
    0x1, 0x94, 0x5, 0x0, 0x2c, 0x0, 0xf8, 0x48,
    0x2, 0xe0, 0x70, 0xc, 0x80, 0x1f, 0x90, 0x2,
    0x40,

    /* U+00C3 "Ã" */
    0x0, 0xff, 0xe6, 0x9e, 0x7e, 0xc0, 0x80, 0x33,
    0x98, 0x3, 0xf1, 0x61, 0x81, 0x3f, 0x66, 0x98,
    0x98, 0x7, 0xeb, 0x0, 0x11, 0x0, 0x6, 0x40,
    0x4a, 0x1, 0xf8, 0xc1, 0xb7, 0x58, 0xa2, 0x9,
    0x80, 0x1f, 0xd5, 0xf0, 0x0, 0x3a, 0xef, 0xb1,
    0x0, 0xff, 0x84, 0x3, 0xff, 0xb8, 0x9f, 0xf8,
    0x40, 0x3f, 0xf8, 0x5a, 0x1, 0x9c, 0x3, 0xff,
    0x84, 0xe0, 0x1b, 0x40, 0x3f, 0xf8, 0x28, 0x20,
    0x19, 0x4, 0x3, 0xff, 0x81, 0xc0, 0x1e, 0x40,
    0xf, 0xfe, 0x2, 0x80, 0x4, 0x2, 0xe0, 0xf,
    0xf9, 0x40, 0x27, 0x20, 0x2, 0x0, 0x7f, 0xde,
    0x1, 0x6a, 0x80, 0x4a, 0x1, 0xfe, 0x50, 0x9,
    0x2c, 0x2, 0xe0, 0xf, 0xe5, 0x0, 0x94, 0xc,
    0x40, 0x8, 0x1, 0xfd, 0xe0, 0x17, 0x80, 0x10,
    0x2, 0x50, 0xf, 0xca, 0x1, 0x20, 0x3, 0xc0,
    0x2e, 0x0, 0xf9, 0x40, 0x24, 0x10, 0x2, 0x0,
    0x48, 0x1, 0xf7, 0x80, 0x4d, 0x77, 0x50, 0x6,
    0x50, 0xf, 0x28, 0x4, 0x48, 0x98, 0x3, 0x70,
    0x7, 0x28, 0x7, 0xff, 0x5, 0x0, 0x3b, 0x80,
    0x3f, 0xf8, 0x4a, 0x1, 0xa, 0x0, 0x57, 0xff,
    0xe5, 0x0, 0xb8, 0x2, 0x70, 0xc, 0x80, 0x1e,
    0xf0, 0x9, 0x0, 0x2d, 0x0, 0x90, 0x3, 0xe4,
    0x0, 0xca, 0x2, 0x80, 0x16, 0x0, 0x7c, 0x24,
    0x1, 0x70, 0x38, 0x6, 0x40, 0xf, 0xc8, 0x1,
    0x20, 0x0,

    /* U+00C4 "Ä" */
    0x0, 0xcb, 0xde, 0xe0, 0x10, 0xdf, 0xe1, 0x0,
    0x7e, 0xa1, 0x8, 0x10, 0x3, 0x20, 0x1d, 0x80,
    0x7e, 0x10, 0xf, 0xfe, 0x3d, 0x19, 0xa8, 0x40,
    0xe, 0xc4, 0xb0, 0x1, 0xf9, 0x33, 0xa, 0x1,
    0xa7, 0x68, 0x40, 0x3f, 0xfa, 0x69, 0xff, 0x84,
    0x3, 0xff, 0x85, 0xa0, 0x19, 0xc0, 0x3f, 0xf8,
    0x4e, 0x1, 0xb4, 0x3, 0xff, 0x82, 0x82, 0x1,
    0x90, 0x40, 0x3f, 0xf8, 0x1c, 0x1, 0xe4, 0x0,
    0xff, 0xe0, 0x28, 0x0, 0x40, 0x2e, 0x0, 0xff,
    0x94, 0x2, 0x72, 0x0, 0x20, 0x7, 0xfd, 0xe0,
    0x16, 0xa8, 0x4, 0xa0, 0x1f, 0xe5, 0x0, 0x92,
    0xc0, 0x2e, 0x0, 0xfe, 0x50, 0x9, 0x40, 0xc4,
    0x0, 0x80, 0x1f, 0xde, 0x1, 0x78, 0x1, 0x0,
    0x25, 0x0, 0xfc, 0xa0, 0x12, 0x0, 0x3c, 0x2,
    0xe0, 0xf, 0x94, 0x2, 0x41, 0x0, 0x20, 0x4,
    0x80, 0x1f, 0x78, 0x4, 0xd7, 0x75, 0x0, 0x65,
    0x0, 0xf2, 0x80, 0x44, 0x89, 0x80, 0x37, 0x0,
    0x72, 0x80, 0x7f, 0xf0, 0x50, 0x3, 0xb8, 0x3,
    0xff, 0x84, 0xa0, 0x10, 0xa0, 0x5, 0x7f, 0xfe,
    0x50, 0xb, 0x80, 0x27, 0x0, 0xc8, 0x1, 0xef,
    0x0, 0x90, 0x2, 0xd0, 0x9, 0x0, 0x3e, 0x40,
    0xc, 0xa0, 0x28, 0x1, 0x60, 0x7, 0xc2, 0x40,
    0x17, 0x3, 0x80, 0x64, 0x0, 0xfc, 0x80, 0x12,
    0x0,

    /* U+00C5 "Å" */
    0x0, 0xfe, 0x11, 0x0, 0x7f, 0xf1, 0xf, 0x7b,
    0x96, 0x20, 0x1f, 0xfc, 0x11, 0xd2, 0x98, 0x4a,
    0x0, 0xff, 0xe0, 0xa0, 0xc3, 0x3a, 0x20, 0x40,
    0x3f, 0xf8, 0x6, 0x2, 0x0, 0x10, 0xf, 0xfe,
    0x13, 0x85, 0x9a, 0x29, 0x8, 0x7, 0xff, 0x0,
    0x68, 0xb2, 0xc7, 0xc0, 0x3f, 0xf8, 0x4b, 0xf7,
    0x9c, 0x40, 0x1f, 0xfc, 0x44, 0x30, 0xf, 0xfe,
    0x22, 0x7f, 0xe1, 0x0, 0xff, 0xe1, 0x68, 0x6,
    0x70, 0xf, 0xfe, 0x13, 0x80, 0x6d, 0x0, 0xff,
    0xe0, 0xa0, 0x80, 0x64, 0x10, 0xf, 0xfe, 0x7,
    0x0, 0x79, 0x0, 0x3f, 0xf8, 0xa, 0x0, 0x10,
    0xb, 0x80, 0x3f, 0xe5, 0x0, 0x9c, 0x80, 0x8,
    0x1, 0xff, 0x78, 0x5, 0xaa, 0x1, 0x28, 0x7,
    0xf9, 0x40, 0x24, 0xb0, 0xb, 0x80, 0x3f, 0x94,
    0x2, 0x50, 0x31, 0x0, 0x20, 0x7, 0xf7, 0x80,
    0x5e, 0x0, 0x40, 0x9, 0x40, 0x3f, 0x28, 0x4,
    0x80, 0xf, 0x0, 0xb8, 0x3, 0xe5, 0x0, 0x90,
    0x40, 0x8, 0x1, 0x20, 0x7, 0xde, 0x1, 0x35,
    0xdd, 0x40, 0x19, 0x40, 0x3c, 0xa0, 0x11, 0x22,
    0x60, 0xd, 0xc0, 0x1c, 0xa0, 0x1f, 0xfc, 0x14,
    0x0, 0xee, 0x0, 0xff, 0xe1, 0x28, 0x4, 0x28,
    0x1, 0x5f, 0xff, 0x94, 0x2, 0xe0, 0x9, 0xc0,
    0x32, 0x0, 0x7b, 0xc0, 0x24, 0x0, 0xb4, 0x2,
    0x40, 0xf, 0x90, 0x3, 0x28, 0xa, 0x0, 0x58,
    0x1, 0xf0, 0x90, 0x5, 0xc0, 0xe0, 0x19, 0x0,
    0x3f, 0x20, 0x4, 0x80,

    /* U+00C6 "Æ" */
    0x0, 0xfd, 0xdf, 0xff, 0xc2, 0x1, 0xf2, 0x8,
    0x7, 0xff, 0x17, 0x40, 0x3f, 0xf8, 0xce, 0x1,
    0xe6, 0x77, 0x84, 0x3, 0xc8, 0x20, 0x1e, 0xa8,
    0x88, 0x3, 0xee, 0x0, 0x8, 0x7, 0xff, 0xd,
    0x40, 0xe, 0x1, 0xff, 0xc2, 0x50, 0xb, 0x0,
    0x3f, 0xf8, 0x5e, 0x1, 0x28, 0x6, 0xa8, 0x82,
    0x0, 0x79, 0x40, 0x8, 0x1, 0xcc, 0xee, 0xd0,
    0xe, 0x50, 0xb, 0x40, 0x3f, 0xf8, 0x5e, 0x1,
    0x38, 0x7, 0xff, 0x9, 0x40, 0x4, 0x20, 0x1d,
    0x9f, 0xe9, 0x0, 0xca, 0x1, 0x17, 0xf8, 0x3,
    0xff, 0x81, 0xc0, 0x1f, 0xfc, 0x51, 0x40, 0xf,
    0xfe, 0x2b, 0x80, 0x42, 0x89, 0x0, 0x7f, 0xda,
    0x1, 0x45, 0xdc, 0x1, 0xfe, 0x14, 0x0, 0x90,
    0x3, 0xea, 0x77, 0x8c, 0x1c, 0x2, 0x22, 0x0,
    0x7c, 0xd1, 0x12, 0x86, 0x80, 0x48, 0x1, 0xff,
    0xc1, 0x14, 0x0, 0xb4, 0x3, 0xff, 0x82,

    /* U+00C7 "Ç" */
    0x0, 0xe7, 0xbe, 0xff, 0x6d, 0x20, 0x7, 0xc9,
    0xd0, 0x82, 0x0, 0x25, 0xbc, 0x10, 0xc, 0xb6,
    0x20, 0x1f, 0x8f, 0xc4, 0x0, 0x54, 0x1, 0x91,
    0xd8, 0x80, 0x21, 0xa0, 0x4, 0x0, 0x6c, 0xb8,
    0x9d, 0x70, 0x9, 0xc, 0x54, 0x2, 0x83, 0x0,
    0xd0, 0x20, 0x15, 0xb8, 0x6, 0x60, 0xf, 0x20,
    0x4, 0x7e, 0x1, 0x10, 0x80, 0x7a, 0x2a, 0xaf,
    0x20, 0x9, 0x80, 0x3e, 0x25, 0x59, 0x1c, 0x3,
    0xff, 0xee, 0xe0, 0x1f, 0xfc, 0x42, 0x0, 0x9c,
    0x3, 0xff, 0x81, 0xe0, 0x11, 0x80, 0x7d, 0x3f,
    0xf6, 0x20, 0x6, 0x50, 0xf, 0x20, 0x4, 0xa4,
    0x80, 0x14, 0x8, 0x6, 0x62, 0x0, 0xb4, 0x20,
    0x2, 0x2f, 0x86, 0x7b, 0x90, 0x8, 0xd0, 0xe,
    0x40, 0x21, 0x79, 0x84, 0x0, 0x87, 0x40, 0x26,
    0xa0, 0xf, 0xe3, 0xf1, 0x0, 0xcb, 0xd0, 0x60,
    0x10, 0xb5, 0xe0, 0x80, 0x78, 0x5f, 0x80, 0x24,
    0xa4, 0x0, 0xff, 0x9c, 0xc1, 0x70, 0xc0, 0x3f,
    0xc5, 0x1c, 0x1, 0x20, 0x7, 0xfc, 0xfc, 0x1,
    0x8, 0x7, 0xfd, 0x26, 0x0, 0x36, 0x0, 0xff,
    0x8c, 0x4e, 0x70, 0x3, 0x80,

    /* U+00C8 "È" */
    0x0, 0x27, 0xfe, 0x50, 0xf, 0xf2, 0x50, 0x5,
    0x62, 0x1, 0xfe, 0x5a, 0x0, 0xd, 0x80, 0x7f,
    0xcb, 0x20, 0x5, 0x40, 0xf, 0xf9, 0xb2, 0xa8,
    0xe0, 0x1f, 0xfc, 0x3, 0x55, 0x18, 0x7, 0xaf,
    0xff, 0xff, 0x85, 0x20, 0x1f, 0xfd, 0x82, 0x77,
    0xff, 0x68, 0x6, 0x68, 0x8f, 0xf2, 0x0, 0x7f,
    0xfa, 0x19, 0xbf, 0xc0, 0x1e, 0x29, 0x9f, 0xe0,
    0xf, 0xfe, 0xd2, 0x7f, 0xff, 0x0, 0x7f, 0xff,
    0xc0, 0x3f, 0xe6, 0x88, 0xff, 0x28, 0x6, 0x27,
    0x7f, 0xf7, 0x80, 0x7f, 0xf5, 0x0,

    /* U+00C9 "É" */
    0x0, 0xfc, 0x7f, 0xf9, 0x80, 0x3f, 0xdc, 0x1,
    0x4b, 0x0, 0x7f, 0x49, 0x0, 0x25, 0x80, 0x3f,
    0x91, 0x80, 0x12, 0xc0, 0x1f, 0xe7, 0xaa, 0x63,
    0x0, 0x7f, 0xc6, 0xaa, 0x30, 0xf, 0x5f, 0xff,
    0xff, 0xa, 0x40, 0x3f, 0xfb, 0x4, 0xef, 0xfe,
    0xd0, 0xc, 0xd1, 0x1f, 0xe4, 0x0, 0xff, 0xf4,
    0x33, 0x7f, 0x80, 0x3c, 0x53, 0x3f, 0xc0, 0x1f,
    0xfd, 0xa4, 0xff, 0xfe, 0x0, 0xff, 0xff, 0x80,
    0x7f, 0xcd, 0x11, 0xfe, 0x50, 0xc, 0x4e, 0xff,
    0xef, 0x0, 0xff, 0xea, 0x0,

    /* U+00CA "Ê" */
    0x0, 0xf2, 0x44, 0x10, 0x3, 0xfe, 0x7b, 0x77,
    0x5c, 0x0, 0x7e, 0x1b, 0x80, 0x11, 0x3, 0xe0,
    0x80, 0x71, 0x62, 0x1, 0xff, 0x8c, 0xf, 0xcc,
    0x3, 0x3a, 0xbc, 0x60, 0x8b, 0x25, 0xd9, 0x0,
    0x32, 0xc4, 0x1c, 0x3, 0x34, 0x41, 0xc0, 0x3f,
    0xf8, 0xd7, 0xff, 0xff, 0xc2, 0x90, 0xf, 0xfe,
    0xc1, 0x3b, 0xff, 0xb4, 0x3, 0x34, 0x47, 0xf9,
    0x0, 0x3f, 0xfd, 0xc, 0xdf, 0xe0, 0xf, 0x14,
    0xcf, 0xf0, 0x7, 0xff, 0x69, 0x3f, 0xff, 0x80,
    0x3f, 0xff, 0xe0, 0x1f, 0xf3, 0x44, 0x7f, 0x94,
    0x3, 0x13, 0xbf, 0xfb, 0xc0, 0x3f, 0xfa, 0x80,

    /* U+00CB "Ë" */
    0x0, 0x27, 0x7c, 0x80, 0x6a, 0xfd, 0x30, 0xd,
    0x22, 0xc, 0x60, 0x5, 0x50, 0x17, 0x80, 0x61,
    0x0, 0xf0, 0x80, 0x4e, 0x1, 0xb9, 0xa, 0x4c,
    0x0, 0x90, 0x49, 0x20, 0x18, 0xaf, 0x58, 0x3,
    0x3e, 0xd9, 0x0, 0x7f, 0xf1, 0xaf, 0xff, 0xff,
    0x85, 0x20, 0x1f, 0xfd, 0x82, 0x77, 0xff, 0x68,
    0x6, 0x68, 0x8f, 0xf2, 0x0, 0x7f, 0xfa, 0x19,
    0xbf, 0xc0, 0x1e, 0x29, 0x9f, 0xe0, 0xf, 0xfe,
    0xd2, 0x7f, 0xff, 0x0, 0x7f, 0xff, 0xc0, 0x3f,
    0xe6, 0x88, 0xff, 0x28, 0x6, 0x27, 0x7f, 0xf7,
    0x80, 0x7f, 0xf5, 0x0,

    /* U+00CC "Ì" */
    0x15, 0x5c, 0x40, 0x1f, 0x87, 0xea, 0xaf, 0x0,
    0xfe, 0xa5, 0x0, 0x14, 0x0, 0x7f, 0x52, 0x0,
    0x1c, 0xc0, 0x3f, 0xad, 0x0, 0x1e, 0x1, 0xfe,
    0xbf, 0xf6, 0x0, 0x7f, 0xf2, 0x3f, 0xff, 0xf8,
    0x24, 0x1, 0xff, 0xd0, 0x87, 0x78, 0x80, 0x22,
    0x77, 0xc6, 0xf1, 0x13, 0x80, 0x4d, 0x11, 0x84,
    0x3, 0xff, 0xfe, 0x1, 0xff, 0xff, 0x0, 0xff,
    0xea, 0x3b, 0xf0, 0x4, 0xce, 0xf8, 0x62, 0x31,
    0x0, 0x45, 0x11, 0x8c, 0x3, 0xff, 0xa0,

    /* U+00CD "Í" */
    0x0, 0xfb, 0x7f, 0xeb, 0x0, 0xfd, 0x4, 0x0,
    0x4b, 0x0, 0xf8, 0xdc, 0x0, 0x96, 0x1, 0xfb,
    0x80, 0x9, 0x60, 0x1f, 0x86, 0x2a, 0xec, 0x1,
    0xfc, 0x2a, 0xa4, 0x0, 0xf7, 0xff, 0xff, 0x4,
    0x80, 0x3f, 0xfa, 0x10, 0xef, 0x10, 0x4, 0x4e,
    0xf8, 0xde, 0x22, 0x70, 0x9, 0xa2, 0x30, 0x80,
    0x7f, 0xff, 0xc0, 0x3f, 0xff, 0xe0, 0x1f, 0xfd,
    0x47, 0x7e, 0x0, 0x99, 0xdf, 0xc, 0x46, 0x20,
    0x8, 0xa2, 0x31, 0x80, 0x7f, 0xf4, 0x0,

    /* U+00CE "Î" */
    0x0, 0xcf, 0xff, 0x20, 0x7, 0xe9, 0x80, 0xa,
    0xd4, 0x3, 0xd4, 0xc0, 0x5, 0x0, 0x53, 0x80,
    0x43, 0x8a, 0x3, 0x95, 0x20, 0x8, 0x90, 0x1,
    0x23, 0xbb, 0xc, 0x1a, 0xdd, 0xc2, 0x20, 0x38,
    0x88, 0x80, 0x24, 0x88, 0x84, 0x3, 0xff, 0x87,
    0xff, 0xff, 0xc1, 0x20, 0xf, 0xfe, 0x84, 0x3b,
    0xc4, 0x1, 0x13, 0xbe, 0x37, 0x88, 0x9c, 0x2,
    0x68, 0x8c, 0x20, 0x1f, 0xff, 0xf0, 0xf, 0xff,
    0xf8, 0x7, 0xff, 0x51, 0xdf, 0x80, 0x26, 0x77,
    0xc3, 0x11, 0x88, 0x2, 0x28, 0x8c, 0x60, 0x1f,
    0xfd, 0x0,

    /* U+00CF "Ï" */
    0x1b, 0xfc, 0x10, 0x9, 0xbb, 0xdc, 0x1, 0x28,
    0x7, 0x0, 0x14, 0x88, 0x40, 0x87, 0x80, 0x42,
    0x1, 0xfc, 0xec, 0x4b, 0x20, 0x15, 0x99, 0xa8,
    0x40, 0x13, 0xb4, 0x20, 0x12, 0x66, 0x14, 0x3,
    0xff, 0x89, 0xff, 0xff, 0xc1, 0x20, 0xf, 0xfe,
    0x84, 0x3b, 0xc4, 0x1, 0x13, 0xbe, 0x37, 0x88,
    0x9c, 0x2, 0x68, 0x8c, 0x20, 0x1f, 0xff, 0xf0,
    0xf, 0xff, 0xf8, 0x7, 0xff, 0x51, 0xdf, 0x80,
    0x26, 0x77, 0xc3, 0x11, 0x88, 0x2, 0x28, 0x8c,
    0x60, 0x1f, 0xfd, 0x0,

    /* U+00D0 "Ð" */
    0x0, 0xb7, 0xff, 0xdd, 0x8e, 0x40, 0x1f, 0xfc,
    0x41, 0x38, 0xd9, 0x0, 0xff, 0xe3, 0xb6, 0x90,
    0x7, 0xf8, 0x9d, 0xca, 0x1, 0x8b, 0xc0, 0x3f,
    0xc9, 0x10, 0xae, 0x50, 0x8, 0xa4, 0x3, 0xff,
    0x82, 0x34, 0x80, 0x13, 0x8, 0x7, 0xff, 0xa,
    0x40, 0x33, 0x0, 0x7f, 0xf0, 0x88, 0xc0, 0x2b,
    0x0, 0xff, 0xe1, 0xa0, 0x4, 0x61, 0x19, 0x82,
    0x0, 0x9f, 0x32, 0x10, 0x7, 0x80, 0x71, 0x19,
    0x80, 0x30, 0x99, 0xe0, 0xf, 0xfe, 0x85, 0x7f,
    0x88, 0x2, 0x6f, 0xf8, 0x80, 0x3f, 0xf9, 0x5e,
    0x1, 0xff, 0xc7, 0x40, 0x8, 0xc0, 0x3f, 0xf8,
    0x42, 0x60, 0x15, 0x80, 0x7f, 0xf0, 0xac, 0x3,
    0x30, 0x7, 0xff, 0x6, 0x54, 0x2, 0x61, 0x0,
    0xfc, 0xae, 0xe9, 0xe6, 0x0, 0x8a, 0x40, 0x3f,
    0x8e, 0x20, 0xc2, 0x1, 0x17, 0x80, 0x7f, 0xf1,
    0x57, 0x8, 0x3, 0xff, 0x82, 0x26, 0xfb, 0x42,
    0x1, 0x80,

    /* U+00D1 "Ñ" */
    0x0, 0xff, 0xe4, 0xb7, 0x7e, 0x30, 0x0, 0xbf,
    0x48, 0x3, 0x9a, 0x44, 0xe, 0x7f, 0x34, 0x8,
    0xc0, 0x3a, 0x0, 0x6, 0x20, 0x3, 0x0, 0x38,
    0x80, 0x71, 0x85, 0xe7, 0x51, 0x80, 0xbc, 0x0,
    0x7b, 0x79, 0x0, 0xb, 0x9f, 0xd0, 0x1, 0xf8,
    0x40, 0x3f, 0xfa, 0x23, 0xff, 0xa0, 0x3, 0x97,
    0xff, 0x0, 0x79, 0xc0, 0x3f, 0xf8, 0xae, 0x1,
    0xff, 0xc4, 0x90, 0xf, 0xfe, 0x20, 0xa8, 0x7,
    0xff, 0x12, 0x40, 0x3f, 0xf8, 0x86, 0x60, 0xf,
    0xfe, 0x24, 0x80, 0xc, 0x3, 0xfc, 0x80, 0x5,
    0x20, 0xf, 0xfe, 0x7, 0x8, 0x2, 0xc0, 0x3f,
    0xf8, 0x32, 0x0, 0x60, 0xf, 0xfe, 0xb, 0x80,
    0x4e, 0x1, 0xff, 0xc1, 0x70, 0x4, 0x80, 0x7f,
    0xf0, 0x68, 0x0, 0x3a, 0x1, 0xff, 0xc0, 0x25,
    0x0, 0x20, 0x7, 0xff, 0x6, 0x40, 0x3f, 0xf8,
    0x86, 0x60, 0xf, 0xfe, 0x24, 0x80, 0x7f, 0xf1,
    0x14, 0x80, 0x3f, 0xf8, 0x94, 0x1, 0xff, 0xc4,
    0x70, 0xf, 0xfe, 0x2b, 0x80, 0x70,

    /* U+00D2 "Ò" */
    0x0, 0xab, 0xfe, 0xe0, 0xf, 0xfe, 0x5, 0x20,
    0x0, 0x64, 0x3, 0xff, 0x81, 0x68, 0x0, 0x63,
    0x0, 0xff, 0xe0, 0x59, 0x80, 0x38, 0x3, 0xff,
    0x83, 0x95, 0x48, 0x10, 0xf, 0xfe, 0xa, 0xac,
    0x20, 0x1f, 0xfc, 0xf1, 0x8c, 0xff, 0xb1, 0xc4,
    0x3, 0xe6, 0xe7, 0x30, 0x8, 0xe3, 0x98, 0x3,
    0x9e, 0x40, 0x3f, 0xa6, 0x0, 0x23, 0x80, 0xc,
    0x8c, 0x80, 0x19, 0xd0, 0x1, 0x0, 0x10, 0xe5,
    0xcd, 0xe0, 0x80, 0x52, 0x4, 0x80, 0x14, 0x18,
    0x4, 0x76, 0x1, 0x12, 0x20, 0x3, 0x30, 0x7,
    0x28, 0x80, 0x5b, 0xe0, 0x11, 0x0, 0x7c, 0xa0,
    0x12, 0x90, 0x4, 0xc0, 0x1f, 0x10, 0x4, 0x4e,
    0x1, 0xff, 0x8, 0x7, 0xff, 0x69, 0xc0, 0x3f,
    0xfa, 0x2, 0x1, 0x88, 0x2, 0x60, 0xf, 0x88,
    0x2, 0x2f, 0x0, 0x88, 0x3, 0xe5, 0x0, 0x95,
    0x0, 0x33, 0x0, 0x72, 0x88, 0x5, 0xa4, 0x80,
    0x14, 0x18, 0x4, 0x76, 0x1, 0x12, 0x4, 0x0,
    0x43, 0x97, 0x37, 0x82, 0x1, 0x48, 0x0, 0xe4,
    0x3, 0x23, 0x20, 0x6, 0x74, 0x0, 0x9a, 0x40,
    0x3f, 0xa6, 0x0, 0x39, 0xba, 0xc, 0x2, 0x38,
    0xe6, 0x0, 0x80,

    /* U+00D3 "Ó" */
    0x0, 0xfe, 0xaf, 0xfb, 0x44, 0x3, 0xfc, 0xaa,
    0x0, 0x16, 0x8, 0x7, 0xf0, 0xd8, 0x0, 0xb0,
    0x40, 0x3f, 0xd6, 0x20, 0x58, 0x20, 0x1f, 0xf7,
    0xd5, 0x30, 0x40, 0x3f, 0xf8, 0xa, 0xb0, 0x80,
    0x7f, 0xf3, 0xc6, 0x33, 0xfe, 0xc7, 0x10, 0xf,
    0x9b, 0x9c, 0xc0, 0x23, 0x8e, 0x60, 0xe, 0x79,
    0x0, 0xfe, 0x98, 0x0, 0x8e, 0x0, 0x32, 0x32,
    0x0, 0x67, 0x40, 0x4, 0x0, 0x43, 0x97, 0x37,
    0x82, 0x1, 0x48, 0x12, 0x0, 0x50, 0x60, 0x11,
    0xd8, 0x4, 0x48, 0x80, 0xc, 0xc0, 0x1c, 0xa2,
    0x1, 0x6f, 0x80, 0x44, 0x1, 0xf2, 0x80, 0x4a,
    0x40, 0x13, 0x0, 0x7c, 0x40, 0x11, 0x38, 0x7,
    0xfc, 0x20, 0x1f, 0xfd, 0xa7, 0x0, 0xff, 0xe8,
    0x8, 0x6, 0x20, 0x9, 0x80, 0x3e, 0x20, 0x8,
    0xbc, 0x2, 0x20, 0xf, 0x94, 0x2, 0x54, 0x0,
    0xcc, 0x1, 0xca, 0x20, 0x16, 0x92, 0x0, 0x50,
    0x60, 0x11, 0xd8, 0x4, 0x48, 0x10, 0x1, 0xe,
    0x5c, 0xde, 0x8, 0x5, 0x20, 0x3, 0x90, 0xc,
    0x8c, 0x80, 0x19, 0xd0, 0x2, 0x69, 0x0, 0xfe,
    0x98, 0x0, 0xe6, 0xe8, 0x30, 0x8, 0xe3, 0x98,
    0x2,

    /* U+00D4 "Ô" */
    0x0, 0xf9, 0xe1, 0xc4, 0x3, 0xff, 0x81, 0x70,
    0xf1, 0x84, 0x1, 0xfc, 0x38, 0x80, 0x11, 0x61,
    0x80, 0x7c, 0x5e, 0x60, 0x5a, 0xa0, 0x38, 0xa0,
    0x1c, 0x38, 0x20, 0x9a, 0x54, 0xe0, 0xa, 0x50,
    0xc, 0x3d, 0xfe, 0xb0, 0xa, 0x3f, 0xe5, 0x0,
    0xff, 0xee, 0xc, 0x67, 0xfd, 0x8e, 0x20, 0x1f,
    0x37, 0x39, 0x80, 0x47, 0x1c, 0xc0, 0x1c, 0xf2,
    0x1, 0xfd, 0x30, 0x1, 0x1c, 0x0, 0x64, 0x64,
    0x0, 0xce, 0x80, 0x8, 0x0, 0x87, 0x2e, 0x6f,
    0x4, 0x2, 0x90, 0x24, 0x0, 0xa0, 0xc0, 0x23,
    0xb0, 0x8, 0x91, 0x0, 0x19, 0x80, 0x39, 0x44,
    0x2, 0xdf, 0x0, 0x88, 0x3, 0xe5, 0x0, 0x94,
    0x80, 0x26, 0x0, 0xf8, 0x80, 0x22, 0x70, 0xf,
    0xf8, 0x40, 0x3f, 0xfb, 0x4e, 0x1, 0xff, 0xd0,
    0x10, 0xc, 0x40, 0x13, 0x0, 0x7c, 0x40, 0x11,
    0x78, 0x4, 0x40, 0x1f, 0x28, 0x4, 0xa8, 0x1,
    0x98, 0x3, 0x94, 0x40, 0x2d, 0x24, 0x0, 0xa0,
    0xc0, 0x23, 0xb0, 0x8, 0x90, 0x20, 0x2, 0x1c,
    0xb9, 0xbc, 0x10, 0xa, 0x40, 0x7, 0x20, 0x19,
    0x19, 0x0, 0x33, 0xa0, 0x4, 0xd2, 0x1, 0xfd,
    0x30, 0x1, 0xcd, 0xd0, 0x60, 0x11, 0xc7, 0x30,
    0x4,

    /* U+00D5 "Õ" */
    0x0, 0xc5, 0x36, 0xc0, 0x1a, 0xe0, 0x40, 0x38,
    0xb1, 0x92, 0x75, 0x41, 0x91, 0xc8, 0x3, 0xa0,
    0x40, 0x22, 0xaf, 0x90, 0x13, 0x0, 0xe5, 0x6,
    0xfc, 0x30, 0xd, 0x60, 0x1e, 0x73, 0xb0, 0x3c,
    0x94, 0x5b, 0x50, 0xf, 0x46, 0x10, 0x4, 0xd7,
    0x48, 0x1, 0xff, 0xde, 0x18, 0xcf, 0xfb, 0x1c,
    0x40, 0x3e, 0x6e, 0x73, 0x0, 0x8e, 0x39, 0x80,
    0x39, 0xe4, 0x3, 0xfa, 0x60, 0x2, 0x38, 0x0,
    0xc8, 0xc8, 0x1, 0x9d, 0x0, 0x10, 0x1, 0xe,
    0x5c, 0xde, 0x8, 0x5, 0x20, 0x48, 0x1, 0x41,
    0x80, 0x47, 0x60, 0x11, 0x22, 0x0, 0x33, 0x0,
    0x72, 0x88, 0x5, 0xbe, 0x1, 0x10, 0x7, 0xca,
    0x1, 0x29, 0x0, 0x4c, 0x1, 0xf1, 0x0, 0x44,
    0xe0, 0x1f, 0xf0, 0x80, 0x7f, 0xf6, 0x9c, 0x3,
    0xff, 0xa0, 0x20, 0x18, 0x80, 0x26, 0x0, 0xf8,
    0x80, 0x22, 0xf0, 0x8, 0x80, 0x3e, 0x50, 0x9,
    0x50, 0x3, 0x30, 0x7, 0x28, 0x80, 0x5a, 0x48,
    0x1, 0x41, 0x80, 0x47, 0x60, 0x11, 0x20, 0x40,
    0x4, 0x39, 0x73, 0x78, 0x20, 0x14, 0x80, 0xe,
    0x40, 0x32, 0x32, 0x0, 0x67, 0x40, 0x9, 0xa4,
    0x3, 0xfa, 0x60, 0x3, 0x9b, 0xa0, 0xc0, 0x23,
    0x8e, 0x60, 0x8,

    /* U+00D6 "Ö" */
    0x0, 0xa7, 0xf9, 0x0, 0x23, 0xdf, 0xa0, 0xe,
    0x46, 0x1, 0x90, 0xb, 0xc8, 0x15, 0x40, 0x19,
    0xc0, 0x21, 0x0, 0x9c, 0x2, 0x10, 0xc, 0x72,
    0x69, 0xc0, 0x14, 0xa9, 0xc2, 0x0, 0x73, 0x65,
    0x90, 0x4, 0x55, 0x8e, 0x1, 0xff, 0xdd, 0x18,
    0xcf, 0xfb, 0x1c, 0x40, 0x3e, 0x6e, 0x73, 0x0,
    0x8e, 0x39, 0x80, 0x39, 0xe4, 0x3, 0xfa, 0x60,
    0x2, 0x38, 0x0, 0xc8, 0xc8, 0x1, 0x9d, 0x0,
    0x10, 0x1, 0xe, 0x5c, 0xde, 0x8, 0x5, 0x20,
    0x48, 0x1, 0x41, 0x80, 0x47, 0x60, 0x11, 0x22,
    0x0, 0x33, 0x0, 0x72, 0x88, 0x5, 0xbe, 0x1,
    0x10, 0x7, 0xca, 0x1, 0x29, 0x0, 0x4c, 0x1,
    0xf1, 0x0, 0x44, 0xe0, 0x1f, 0xf0, 0x80, 0x7f,
    0xf6, 0x9c, 0x3, 0xff, 0xa0, 0x20, 0x18, 0x80,
    0x26, 0x0, 0xf8, 0x80, 0x22, 0xf0, 0x8, 0x80,
    0x3e, 0x50, 0x9, 0x50, 0x3, 0x30, 0x7, 0x28,
    0x80, 0x5a, 0x48, 0x1, 0x41, 0x80, 0x47, 0x60,
    0x11, 0x20, 0x40, 0x4, 0x39, 0x73, 0x78, 0x20,
    0x14, 0x80, 0xe, 0x40, 0x32, 0x32, 0x0, 0x67,
    0x40, 0x9, 0xa4, 0x3, 0xfa, 0x60, 0x3, 0x9b,
    0xa0, 0xc0, 0x23, 0x8e, 0x60, 0x8,

    /* U+00D7 "×" */
    0x0, 0x3c, 0x0, 0x7e, 0xb2, 0x0, 0x9e, 0x1d,
    0xc0, 0x1e, 0xc4, 0xc3, 0x4, 0x80, 0x4, 0x38,
    0x6, 0xc3, 0x1, 0xd0, 0x46, 0x0, 0xa1, 0xc0,
    0x18, 0x60, 0x15, 0x0, 0x25, 0x80, 0x28, 0x86,
    0x18, 0x5, 0x68, 0x1, 0x4b, 0x0, 0x4e, 0x60,
    0x15, 0xa0, 0x7, 0x4b, 0x0, 0x7a, 0xd0, 0x3,
    0xe9, 0x10, 0xc, 0xa8, 0x1, 0xfa, 0xc4, 0x3,
    0x2b, 0x80, 0x7d, 0x68, 0x1, 0xe8, 0x70, 0xe,
    0xb4, 0x0, 0xa9, 0x40, 0x28, 0x60, 0xa, 0xd0,
    0x2, 0xa5, 0xa5, 0x0, 0xa5, 0x81, 0x10, 0x1,
    0x52, 0x80, 0x29, 0x40, 0x2b, 0x4, 0xa0, 0x5,
    0x28, 0x6, 0xa5, 0x2, 0xc0, 0x2, 0xdd, 0x28,
    0x7, 0xa9, 0xf0, 0x40,

    /* U+00D8 "Ø" */
    0x0, 0xff, 0xe1, 0x27, 0xfa, 0x40, 0x38, 0x5f,
    0x3b, 0xfd, 0x8e, 0x3e, 0x0, 0x80, 0xc, 0xbd,
    0x6, 0x20, 0x3, 0x8e, 0x40, 0x71, 0x0, 0x9a,
    0x80, 0x3f, 0xe9, 0x0, 0x8a, 0x40, 0x32, 0x32,
    0x0, 0x72, 0x80, 0x50, 0x1, 0xb2, 0xe6, 0xf0,
    0x3, 0x48, 0x0, 0x54, 0x2, 0x83, 0x0, 0xa8,
    0x3, 0x12, 0x82, 0x0, 0x66, 0x0, 0x8d, 0x80,
    0x3b, 0xc3, 0x40, 0x21, 0x10, 0x5, 0xc0, 0x4,
    0x0, 0x9c, 0x8, 0x2, 0x30, 0x9, 0xc8, 0x24,
    0xc0, 0x22, 0x0, 0xe1, 0x0, 0xc, 0x1, 0xb7,
    0x80, 0x7f, 0xf0, 0x2c, 0x1, 0xe0, 0x1f, 0xfc,
    0x14, 0x50, 0x63, 0x0, 0xff, 0xe0, 0xc8, 0xc,
    0x80, 0x7f, 0xf0, 0x6, 0x8, 0x2c, 0x2, 0xf0,
    0xe, 0x20, 0x8, 0x9c, 0x11, 0x40, 0x22, 0x0,
    0x88, 0x34, 0x3, 0xd2, 0x1, 0x9c, 0x2, 0x70,
    0x40, 0xe, 0x72, 0x0, 0x90, 0x80, 0x2c, 0x1,
    0x50, 0xd, 0x80, 0x11, 0x50, 0x4, 0x2c, 0x0,
    0xb0, 0xd, 0x76, 0x9a, 0xd1, 0x0, 0xa0, 0x2,
    0x30, 0xe, 0x46, 0x50, 0xc, 0xcc, 0x0, 0xb8,
    0x0, 0x20, 0x1f, 0xa2, 0x40, 0x25, 0x30, 0x7e,
    0x83, 0x0, 0x8d, 0xf9, 0xc0, 0x35, 0x80, 0xc0,
    0x3e, 0x7f, 0xd9, 0x2, 0x1, 0x80,

    /* U+00D9 "Ù" */
    0x0, 0x91, 0x56, 0x40, 0xf, 0xfe, 0xd, 0x55,
    0x68, 0x1, 0xff, 0x25, 0x0, 0x52, 0x1, 0xff,
    0xc0, 0x5a, 0x0, 0x14, 0x0, 0x7f, 0xf0, 0x16,
    0x40, 0xe, 0x60, 0x1f, 0xfc, 0x6, 0xff, 0x8c,
    0x3, 0xff, 0x99, 0xff, 0x98, 0x3, 0x8b, 0xff,
    0x18, 0x7, 0xff, 0xfc, 0x3, 0xff, 0xfe, 0x1,
    0xff, 0xff, 0x0, 0xf8, 0x40, 0x3f, 0xc2, 0x1,
    0xce, 0x1, 0x84, 0x8, 0x2, 0xc0, 0xe, 0xc0,
    0xc, 0x40, 0xa0, 0x12, 0x20, 0x2, 0x27, 0x0,
    0x90, 0x1, 0x20, 0x1a, 0xea, 0x2b, 0x40, 0x37,
    0x80, 0x6, 0x40, 0x32, 0xba, 0x80, 0x66, 0x40,
    0x9, 0xa4, 0x3, 0xf9, 0xe4, 0x3, 0x9b, 0x9c,
    0xc0, 0x22, 0x6d, 0x80, 0x8,

    /* U+00DA "Ú" */
    0x0, 0xfe, 0x15, 0x5c, 0x40, 0x1f, 0xf5, 0x56,
    0x92, 0x0, 0xff, 0x32, 0x0, 0x13, 0x0, 0x3f,
    0xc5, 0x20, 0x4, 0xb0, 0xf, 0xfb, 0x80, 0x9,
    0x60, 0x1f, 0xfc, 0xc, 0xff, 0x58, 0x7, 0xff,
    0x33, 0xff, 0x30, 0x7, 0x17, 0xfe, 0x30, 0xf,
    0xff, 0xf8, 0x7, 0xff, 0xfc, 0x3, 0xff, 0xfe,
    0x1, 0xf0, 0x80, 0x7f, 0x84, 0x3, 0x9c, 0x3,
    0x8, 0x10, 0x5, 0x80, 0x1d, 0x80, 0x18, 0x81,
    0x40, 0x24, 0x40, 0x4, 0x4e, 0x1, 0x20, 0x2,
    0x40, 0x35, 0xd4, 0x56, 0x80, 0x6f, 0x0, 0xc,
    0x80, 0x65, 0x75, 0x0, 0xcc, 0x80, 0x13, 0x48,
    0x7, 0xf3, 0xc8, 0x7, 0x37, 0x39, 0x80, 0x44,
    0xdb, 0x0, 0x10,

    /* U+00DB "Û" */
    0x0, 0xf1, 0xf7, 0xfa, 0x40, 0x3f, 0xe7, 0xc1,
    0x0, 0x36, 0x8, 0x7, 0xea, 0x80, 0x5, 0x20,
    0x1f, 0xa0, 0x7, 0xb5, 0x40, 0xb5, 0x6d, 0xc0,
    0x6d, 0x80, 0x3b, 0x7f, 0xda, 0x40, 0x8, 0xff,
    0x98, 0x3, 0xff, 0xb3, 0xff, 0x98, 0x3, 0x8b,
    0xff, 0x18, 0x7, 0xff, 0xfc, 0x3, 0xff, 0xfe,
    0x1, 0xff, 0xff, 0x0, 0xf8, 0x40, 0x3f, 0xc2,
    0x1, 0xce, 0x1, 0x84, 0x8, 0x2, 0xc0, 0xe,
    0xc0, 0xc, 0x40, 0xa0, 0x12, 0x20, 0x2, 0x27,
    0x0, 0x90, 0x1, 0x20, 0x1a, 0xea, 0x2b, 0x40,
    0x37, 0x80, 0x6, 0x40, 0x32, 0xba, 0x80, 0x66,
    0x40, 0x9, 0xa4, 0x3, 0xf9, 0xe4, 0x3, 0x9b,
    0x9c, 0xc0, 0x22, 0x6d, 0x80, 0x8,

    /* U+00DC "Ü" */
    0x0, 0x97, 0x30, 0x60, 0x10, 0xd6, 0xc0, 0x7,
    0xd, 0x19, 0xb4, 0x2, 0x85, 0x27, 0x60, 0xc,
    0x60, 0x10, 0x80, 0x46, 0x1, 0x8, 0x6, 0x27,
    0x1, 0xa0, 0xa, 0xc, 0x11, 0xc0, 0x3a, 0x3f,
    0x94, 0x2, 0x2c, 0xfb, 0x0, 0xff, 0xed, 0x7f,
    0xe6, 0x0, 0xe2, 0xff, 0xc6, 0x1, 0xff, 0xff,
    0x0, 0xff, 0xff, 0x80, 0x7f, 0xff, 0xc0, 0x3e,
    0x10, 0xf, 0xf0, 0x80, 0x73, 0x80, 0x61, 0x2,
    0x0, 0xb0, 0x3, 0xb0, 0x3, 0x10, 0x28, 0x4,
    0x88, 0x0, 0x89, 0xc0, 0x24, 0x0, 0x48, 0x6,
    0xba, 0x8a, 0xd0, 0xd, 0xe0, 0x1, 0x90, 0xc,
    0xae, 0xa0, 0x19, 0x90, 0x2, 0x69, 0x0, 0xfe,
    0x79, 0x0, 0xe6, 0xe7, 0x30, 0x8, 0x9b, 0x60,
    0x2,

    /* U+00DD "Ý" */
    0x0, 0xff, 0x3f, 0xfe, 0x30, 0xf, 0xfe, 0x9,
    0x40, 0x5, 0x86, 0x1, 0xff, 0xc1, 0xe0, 0xb,
    0xc, 0x3, 0xff, 0x82, 0xe6, 0x0, 0xc3, 0x0,
    0xff, 0xe1, 0x1d, 0x53, 0x4c, 0x3, 0xff, 0x86,
    0x8a, 0xa2, 0x0, 0xfc, 0x7f, 0xfa, 0x0, 0x3f,
    0x77, 0xfd, 0xa0, 0x68, 0x1, 0x30, 0x7, 0xca,
    0x20, 0x15, 0x80, 0x3c, 0x2, 0x16, 0x0, 0xf4,
    0x80, 0x44, 0xc0, 0x4, 0x30, 0xa, 0xc0, 0x38,
    0xcc, 0x1, 0x58, 0x6, 0x80, 0x8, 0x90, 0x3,
    0x48, 0x4, 0x4c, 0x1, 0x90, 0xc0, 0x2f, 0x0,
    0x85, 0x40, 0x2b, 0x0, 0xf4, 0x0, 0x48, 0x40,
    0x9, 0x0, 0x89, 0x80, 0x3c, 0x86, 0x1, 0x58,
    0x1, 0x80, 0x2b, 0x0, 0xfd, 0x0, 0x13, 0x3,
    0x8, 0x0, 0x98, 0x3, 0xf2, 0x18, 0x4, 0xf6,
    0x1, 0x58, 0x7, 0xfa, 0x0, 0x28, 0x20, 0x0,
    0xb0, 0x7, 0xf9, 0xc, 0x3, 0xd0, 0x1, 0xff,
    0xc0, 0x80, 0xe, 0x16, 0x0, 0xff, 0xe0, 0x21,
    0x80, 0x68, 0x0, 0xff, 0xe1, 0x58, 0x6, 0x60,
    0xf, 0xff, 0xf0, 0x80, 0x7f, 0xff, 0x0,

    /* U+00DE "Þ" */
    0xef, 0xf9, 0xc0, 0x3f, 0xfc, 0xd8, 0xef, 0x94,
    0xc0, 0x3f, 0xc9, 0x11, 0xab, 0x3a, 0x44, 0x3,
    0xff, 0x84, 0x2d, 0xe6, 0x1, 0xff, 0xc3, 0x1c,
    0x20, 0xe, 0x8f, 0xfd, 0x8a, 0x1, 0xa4, 0x3,
    0xfc, 0x74, 0xc0, 0x12, 0x8, 0x7, 0xfd, 0x60,
    0x19, 0x40, 0x3f, 0xe2, 0x0, 0xc2, 0x1, 0xff,
    0x10, 0x6, 0x10, 0xf, 0xfa, 0xc0, 0x32, 0x80,
    0x7f, 0x1d, 0x30, 0x4, 0xa2, 0x1, 0xa3, 0xff,
    0x62, 0x80, 0x68, 0x0, 0xff, 0xe1, 0xe, 0x10,
    0x7, 0xff, 0x0, 0x5b, 0xcc, 0x3, 0xc9, 0x11,
    0xab, 0x3a, 0x44, 0x3, 0xec, 0x77, 0xca, 0x60,
    0x1f, 0xfe, 0xd0,

    /* U+00DF "ß" */
    0x0, 0xe2, 0x56, 0x62, 0x0, 0x7f, 0x8f, 0x36,
    0xa6, 0x57, 0xce, 0x1, 0xf3, 0x61, 0x80, 0x70,
    0xc5, 0x0, 0x71, 0xc8, 0x7, 0xf2, 0xa8, 0x3,
    0x78, 0x4, 0x37, 0xf6, 0x1, 0xa4, 0x2, 0x13,
    0x0, 0xad, 0x1, 0x20, 0x2, 0x30, 0x9, 0x0,
    0x32, 0x80, 0x46, 0x1, 0xf1, 0x0, 0x42, 0x1,
    0x88, 0x2, 0x20, 0xf, 0x8c, 0x3, 0x58, 0x4,
    0xa0, 0x1f, 0xf3, 0x10, 0x0, 0x64, 0x3, 0xfe,
    0xb0, 0x9, 0x84, 0x3, 0xfe, 0x20, 0xb, 0x0,
    0x3f, 0xf8, 0x86, 0x1, 0xff, 0xc0, 0x20, 0xa,
    0x48, 0x3, 0xfe, 0x80, 0x8, 0x7c, 0x40, 0x3f,
    0xca, 0xa0, 0x8, 0xb0, 0x3, 0xfe, 0xa5, 0x0,
    0x8a, 0x40, 0x3f, 0xea, 0x40, 0x9, 0x88, 0x3,
    0xfe, 0xa0, 0xc, 0x80, 0x1f, 0xf0, 0x88, 0x2,
    0x10, 0xf, 0x8, 0x6, 0x21, 0x0, 0x88, 0x3,
    0xd3, 0xd4, 0xee, 0xc0, 0xc, 0x80, 0x1e, 0x41,
    0x58, 0x80, 0x80, 0x4a, 0x20, 0x1e, 0x30, 0xf,
    0x8e, 0x80, 0x3e, 0x63, 0x10, 0x0, 0xa5, 0x60,
    0x0,

    /* U+00E0 "à" */
    0x0, 0xf, 0x7f, 0xd4, 0x1, 0xff, 0xe, 0x8,
    0x1, 0x50, 0x3, 0xfe, 0x2c, 0x10, 0x4, 0x80,
    0x7f, 0xf0, 0xb, 0x44, 0xa, 0x0, 0x3f, 0xf8,
    0x7, 0x95, 0x4c, 0x0, 0xff, 0xe0, 0x92, 0xa9,
    0x0, 0x3f, 0xe4, 0xad, 0xff, 0x76, 0x41, 0x0,
    0x78, 0x72, 0xd4, 0x80, 0x2, 0x6f, 0xae, 0x1,
    0x87, 0xc, 0x3, 0xfa, 0x1c, 0x2, 0x92, 0x0,
    0x9e, 0xf2, 0x44, 0x2, 0x81, 0x0, 0x20, 0x4,
    0xb0, 0x86, 0xd8, 0x1, 0x90, 0x1, 0xbd, 0xd5,
    0x0, 0x62, 0x20, 0x4, 0x40, 0x1, 0x1c, 0x6d,
    0x10, 0x99, 0x18, 0x5, 0xe0, 0x1a, 0x3f, 0x25,
    0xdc, 0xcc, 0x10, 0xf, 0xe, 0xb8, 0x7, 0xff,
    0xa, 0xc8, 0x2, 0x8d, 0xff, 0x88, 0x3, 0xca,
    0x1, 0x43, 0x90, 0x7, 0xf1, 0x0, 0x65, 0x0,
    0xff, 0xe2, 0x38, 0x6, 0x52, 0x0, 0xe2, 0x10,
    0xa, 0xa1, 0x5a, 0xe8, 0x3, 0xe9, 0x0, 0xcf,
    0x52, 0x80, 0x1c, 0x20, 0x7, 0x60, 0xf, 0x88,
    0xc0, 0x22, 0x0, 0xa6, 0xd4, 0x40, 0x7, 0x1b,
    0x40, 0x12, 0x8,

    /* U+00E1 "á" */
    0x0, 0xfe, 0xef, 0xfa, 0x80, 0x3f, 0xe9, 0x10,
    0x2, 0xd0, 0x7, 0xf9, 0x18, 0x0, 0xb4, 0x1,
    0xfe, 0x1a, 0x0, 0x2d, 0x0, 0x7f, 0xc7, 0x75,
    0x74, 0x1, 0xff, 0xc0, 0x25, 0x52, 0x0, 0x7f,
    0xc9, 0x5b, 0xfe, 0xec, 0x82, 0x0, 0xf0, 0xe5,
    0xa9, 0x0, 0x4, 0xdf, 0x5c, 0x3, 0xe, 0x18,
    0x7, 0xf4, 0x38, 0x5, 0x24, 0x1, 0x3d, 0xe4,
    0x88, 0x5, 0x2, 0x0, 0x40, 0x9, 0x61, 0xd,
    0xb0, 0x3, 0x20, 0x3, 0x7b, 0xaa, 0x0, 0xc4,
    0x40, 0x8, 0x80, 0x2, 0x38, 0xda, 0x21, 0x32,
    0x30, 0xb, 0xc0, 0x34, 0x7e, 0x4b, 0xb9, 0x98,
    0x20, 0x1e, 0x1d, 0x70, 0xf, 0xfe, 0x15, 0x90,
    0x5, 0x1b, 0xff, 0x10, 0x7, 0x94, 0x2, 0x87,
    0x20, 0xf, 0xe2, 0x0, 0xca, 0x1, 0xff, 0xc4,
    0x70, 0xc, 0xa4, 0x1, 0xc4, 0x20, 0x15, 0x42,
    0xb5, 0xd0, 0x7, 0xd2, 0x1, 0x9e, 0xa5, 0x0,
    0x38, 0x40, 0xe, 0xc0, 0x1f, 0x11, 0x80, 0x44,
    0x1, 0x4d, 0xa8, 0x80, 0xe, 0x36, 0x80, 0x24,
    0x10,

    /* U+00E2 "â" */
    0x0, 0xf4, 0xff, 0xb9, 0x40, 0x3f, 0xc5, 0xac,
    0x0, 0x1a, 0x90, 0xf, 0xcd, 0xa4, 0xf, 0xa6,
    0xd, 0xa6, 0x1, 0xc9, 0xa8, 0xb7, 0x5, 0x8e,
    0x8d, 0x22, 0x1, 0x92, 0xed, 0x48, 0x1, 0x45,
    0xda, 0x84, 0x3, 0xff, 0x96, 0x95, 0xbf, 0xee,
    0xc8, 0x20, 0xf, 0xe, 0x5a, 0x90, 0x0, 0x4d,
    0xf5, 0xc0, 0x30, 0xe1, 0x80, 0x7f, 0x43, 0x80,
    0x52, 0x40, 0x13, 0xde, 0x48, 0x80, 0x50, 0x20,
    0x4, 0x0, 0x96, 0x10, 0xdb, 0x0, 0x32, 0x0,
    0x37, 0xba, 0xa0, 0xc, 0x44, 0x0, 0x88, 0x0,
    0x23, 0x8d, 0xa2, 0x13, 0x23, 0x0, 0xbc, 0x3,
    0x47, 0xe4, 0xbb, 0x99, 0x82, 0x1, 0xe1, 0xd7,
    0x0, 0xff, 0xe1, 0x59, 0x0, 0x51, 0xbf, 0xf1,
    0x0, 0x79, 0x40, 0x28, 0x72, 0x0, 0xfe, 0x20,
    0xc, 0xa0, 0x1f, 0xfc, 0x47, 0x0, 0xca, 0x40,
    0x1c, 0x42, 0x1, 0x54, 0x2b, 0x5d, 0x0, 0x7d,
    0x20, 0x19, 0xea, 0x50, 0x3, 0x84, 0x0, 0xec,
    0x1, 0xf1, 0x18, 0x4, 0x40, 0x14, 0xda, 0x88,
    0x0, 0xe3, 0x68, 0x2, 0x41,

    /* U+00E3 "ã" */
    0x0, 0xff, 0xe4, 0xc7, 0xf3, 0x80, 0x49, 0xf4,
    0x1, 0xe8, 0x70, 0x18, 0xc3, 0xf, 0x4, 0x0,
    0xf3, 0x80, 0x98, 0x1e, 0x7a, 0x3, 0x80, 0x72,
    0x0, 0x33, 0x22, 0x0, 0x86, 0x0, 0x39, 0x9d,
    0x48, 0xf, 0x61, 0x1b, 0xc4, 0x3, 0x8a, 0x28,
    0x3, 0x3d, 0xc8, 0x80, 0x7f, 0xf3, 0x52, 0xb7,
    0xfd, 0xd9, 0x4, 0x1, 0xe1, 0xcb, 0x52, 0x0,
    0x9, 0xbe, 0xb8, 0x6, 0x1c, 0x30, 0xf, 0xe8,
    0x70, 0xa, 0x48, 0x2, 0x7b, 0xc9, 0x10, 0xa,
    0x4, 0x0, 0x80, 0x12, 0xc2, 0x1b, 0x60, 0x6,
    0x40, 0x6, 0xf7, 0x54, 0x1, 0x88, 0x80, 0x11,
    0x0, 0x4, 0x71, 0xb4, 0x42, 0x64, 0x60, 0x17,
    0x80, 0x68, 0xfc, 0x97, 0x73, 0x30, 0x40, 0x3c,
    0x3a, 0xe0, 0x1f, 0xfc, 0x2b, 0x20, 0xa, 0x37,
    0xfe, 0x20, 0xf, 0x28, 0x5, 0xe, 0x40, 0x1f,
    0xc4, 0x1, 0x94, 0x3, 0xff, 0x88, 0xe0, 0x19,
    0x48, 0x3, 0x88, 0x40, 0x2a, 0x85, 0x6b, 0xa0,
    0xf, 0xa4, 0x3, 0x3d, 0x4a, 0x0, 0x70, 0x80,
    0x1d, 0x80, 0x3e, 0x23, 0x0, 0x88, 0x2, 0x9b,
    0x51, 0x0, 0x1c, 0x6d, 0x0, 0x48, 0x20,

    /* U+00E4 "ä" */
    0x0, 0xe, 0x7e, 0x8, 0x4, 0xfd, 0xc6, 0x0,
    0xe8, 0x30, 0x39, 0x0, 0xc, 0x8, 0xa4, 0x3,
    0x84, 0x2, 0xf0, 0x0, 0x80, 0x7f, 0x43, 0x13,
    0x38, 0x5, 0x66, 0x6b, 0x0, 0xf4, 0xec, 0x80,
    0x64, 0xcc, 0x20, 0x7, 0xff, 0x31, 0x2b, 0x7f,
    0xdd, 0x90, 0x40, 0x1e, 0x1c, 0xb5, 0x20, 0x0,
    0x9b, 0xeb, 0x80, 0x61, 0xc3, 0x0, 0xfe, 0x87,
    0x0, 0xa4, 0x80, 0x27, 0xbc, 0x91, 0x0, 0xa0,
    0x40, 0x8, 0x1, 0x2c, 0x21, 0xb6, 0x0, 0x64,
    0x0, 0x6f, 0x75, 0x40, 0x18, 0x88, 0x1, 0x10,
    0x0, 0x47, 0x1b, 0x44, 0x26, 0x46, 0x1, 0x78,
    0x6, 0x8f, 0xc9, 0x77, 0x33, 0x4, 0x3, 0xc3,
    0xae, 0x1, 0xff, 0xc2, 0xb2, 0x0, 0xa3, 0x7f,
    0xe2, 0x0, 0xf2, 0x80, 0x50, 0xe4, 0x1, 0xfc,
    0x40, 0x19, 0x40, 0x3f, 0xf8, 0x8e, 0x1, 0x94,
    0x80, 0x38, 0x84, 0x2, 0xa8, 0x56, 0xba, 0x0,
    0xfa, 0x40, 0x33, 0xd4, 0xa0, 0x7, 0x8, 0x1,
    0xd8, 0x3, 0xe2, 0x30, 0x8, 0x80, 0x29, 0xb5,
    0x10, 0x1, 0xc6, 0xd0, 0x4, 0x82,

    /* U+00E5 "å" */
    0x0, 0xfc, 0x20, 0x1f, 0xfc, 0x29, 0xfe, 0xe2,
    0x80, 0x7f, 0xd0, 0xcb, 0x47, 0x44, 0x1, 0xfe,
    0x61, 0xa5, 0x90, 0xa0, 0xf, 0xf0, 0x98, 0x1,
    0xc0, 0x3f, 0xf8, 0xa, 0x4e, 0x50, 0x18, 0x1,
    0xfe, 0xb3, 0x8d, 0x47, 0x40, 0xf, 0xf0, 0xe6,
    0x2f, 0xa0, 0x3, 0xff, 0x82, 0x68, 0x20, 0x1f,
    0xf2, 0x56, 0xff, 0xbb, 0x20, 0x80, 0x3c, 0x39,
    0x6a, 0x40, 0x1, 0x37, 0xd7, 0x0, 0xc3, 0x86,
    0x1, 0xfd, 0xe, 0x1, 0x49, 0x0, 0x4f, 0x79,
    0x22, 0x1, 0x40, 0x80, 0x10, 0x2, 0x58, 0x43,
    0x6c, 0x0, 0xc8, 0x0, 0xde, 0xea, 0x80, 0x31,
    0x10, 0x2, 0x20, 0x0, 0x8e, 0x36, 0x88, 0x4c,
    0x8c, 0x2, 0xf0, 0xd, 0x1f, 0x92, 0xee, 0x66,
    0x8, 0x7, 0x87, 0x5c, 0x3, 0xff, 0x85, 0x64,
    0x1, 0x46, 0xff, 0xc4, 0x1, 0xe5, 0x0, 0xa1,
    0xc8, 0x3, 0xf8, 0x80, 0x32, 0x80, 0x7f, 0xf1,
    0x1c, 0x3, 0x29, 0x0, 0x71, 0x8, 0x5, 0x50,
    0xad, 0x74, 0x1, 0xf4, 0x80, 0x67, 0xa9, 0x40,
    0xe, 0x10, 0x3, 0xb0, 0x7, 0xc4, 0x60, 0x11,
    0x0, 0x53, 0x6a, 0x20, 0x3, 0x8d, 0xa0, 0x9,
    0x4,

    /* U+00E6 "æ" */
    0x0, 0x96, 0xff, 0xdd, 0x46, 0x6a, 0xef, 0xe9,
    0x10, 0xd, 0x34, 0x80, 0x1, 0x5c, 0xc2, 0x88,
    0xb, 0x79, 0x0, 0x15, 0x80, 0x3f, 0xf8, 0x23,
    0xc0, 0xe, 0x0, 0x8a, 0x8, 0x3, 0x2b, 0x88,
    0x0, 0xcc, 0xc, 0x1, 0x73, 0xc8, 0x4, 0x55,
    0x12, 0x1, 0x20, 0x6f, 0xfc, 0x60, 0xe0, 0x13,
    0x80, 0x8, 0x2, 0xd0, 0xf, 0xf8, 0xc0, 0x3f,
    0xc7, 0x3b, 0xf8, 0x1, 0x37, 0xfa, 0x80, 0x3d,
    0x38, 0xc4, 0x1, 0xff, 0xc2, 0x86, 0x0, 0xff,
    0xe2, 0xb8, 0x4, 0x57, 0x80, 0x13, 0x7f, 0xfa,
    0x8c, 0x3, 0x72, 0x0, 0x63, 0x0, 0xf9, 0xc0,
    0x31, 0x0, 0x72, 0x0, 0x7c, 0xc0, 0x1a, 0xd,
    0x0, 0x21, 0xd8, 0x78, 0xd8, 0x2, 0x20, 0x4,
    0xd9, 0x0, 0x18, 0x9e, 0x1c, 0x94, 0x1, 0xc0,
    0x1e, 0x18, 0x0, 0xf8, 0x84, 0xf, 0x58, 0x40,
    0x5b, 0xdf, 0x14, 0x40, 0x4, 0xd8, 0x20,

    /* U+00E7 "ç" */
    0x0, 0xe6, 0xbe, 0xff, 0x6c, 0x90, 0x7, 0x8f,
    0xa5, 0x4, 0x0, 0x4d, 0xb2, 0x1, 0x8f, 0x4,
    0x3, 0xf3, 0x48, 0x5, 0xa0, 0x19, 0x61, 0x84,
    0x2, 0x64, 0x7, 0x10, 0xa, 0xe9, 0xe7, 0xc8,
    0x2, 0xe0, 0xb0, 0x9, 0x50, 0x2, 0x18, 0x0,
    0x9c, 0xc, 0x2, 0xf0, 0xe, 0x49, 0x9a, 0x8,
    0x3, 0x30, 0x7, 0xb, 0x34, 0xa0, 0x1c, 0x20,
    0x1f, 0xfc, 0x31, 0x0, 0xff, 0x10, 0x6, 0x60,
    0xf, 0xf8, 0xc0, 0x2c, 0x0, 0xe3, 0xee, 0xb0,
    0x2c, 0x2, 0x63, 0x0, 0xd2, 0x23, 0x38, 0x38,
    0x80, 0x59, 0xc, 0xf8, 0xa0, 0x17, 0x0, 0x34,
    0x3, 0x3c, 0xc1, 0x80, 0x4a, 0xa0, 0x1, 0xe0,
    0x80, 0x7e, 0x7a, 0x0, 0xc7, 0xd2, 0x80, 0x11,
    0x3e, 0xc0, 0x7, 0xcd, 0x20, 0x13, 0xd9, 0x0,
    0x7f, 0x9c, 0xc1, 0x70, 0xc0, 0x3f, 0x8a, 0x38,
    0x2, 0x40, 0xf, 0xf3, 0xf0, 0x4, 0x20, 0x1f,
    0xe9, 0x30, 0x1, 0xb0, 0x7, 0xf8, 0xc4, 0xe7,
    0x0, 0x30,

    /* U+00E8 "è" */
    0x0, 0xe, 0xff, 0xd6, 0x1, 0xff, 0xe, 0x10,
    0x1, 0x14, 0x3, 0xfe, 0x1c, 0x10, 0x5, 0x88,
    0x7, 0xfc, 0x38, 0x20, 0x36, 0x1, 0xff, 0xc0,
    0x2c, 0xaa, 0x78, 0x7, 0xff, 0x4, 0x95, 0x60,
    0xf, 0xfe, 0x2, 0x57, 0x7f, 0xb6, 0x90, 0x3,
    0xe2, 0xcb, 0x51, 0x0, 0x12, 0xdd, 0x0, 0x71,
    0x61, 0x80, 0x7e, 0x5c, 0x0, 0xde, 0x20, 0x11,
    0xbb, 0x8c, 0x2, 0x37, 0x0, 0x31, 0x0, 0x51,
    0x91, 0xc, 0x70, 0xa, 0x0, 0x14, 0x1, 0x1b,
    0x80, 0x68, 0x10, 0x9, 0x4, 0xc0, 0x29, 0x0,
    0xf2, 0x0, 0x46, 0x40, 0x1a, 0xbf, 0xfc, 0xa0,
    0x17, 0x0, 0x7f, 0xf1, 0xc, 0x3, 0xff, 0x8a,
    0x40, 0x1a, 0xff, 0xff, 0xd4, 0x24, 0x1, 0x78,
    0x7, 0xff, 0x2, 0x80, 0x24, 0x90, 0xe, 0x1a,
    0xc0, 0x9, 0xc8, 0x2, 0x6e, 0x97, 0x75, 0xf2,
    0x9e, 0x0, 0x5e, 0x20, 0x10, 0xb4, 0x41, 0x0,
    0x3e, 0x2f, 0x40, 0xf, 0xe6, 0xc0, 0xc, 0x37,
    0x8c, 0x40, 0x11, 0xbe, 0xc8, 0x0,

    /* U+00E9 "é" */
    0x0, 0xfe, 0xdf, 0xfa, 0xc0, 0x3f, 0xe8, 0x20,
    0x2, 0x58, 0x7, 0xf8, 0xdc, 0x0, 0x96, 0x1,
    0xff, 0x70, 0x1, 0x2c, 0x3, 0xfe, 0x18, 0xaa,
    0x58, 0x7, 0xff, 0x0, 0x55, 0x60, 0xf, 0xfe,
    0x2, 0x57, 0x7f, 0xb6, 0x90, 0x3, 0xe2, 0xcb,
    0x51, 0x0, 0x12, 0xdd, 0x0, 0x71, 0x61, 0x80,
    0x7e, 0x5c, 0x0, 0xde, 0x20, 0x11, 0xbb, 0x8c,
    0x2, 0x37, 0x0, 0x31, 0x0, 0x51, 0x91, 0xc,
    0x70, 0xa, 0x0, 0x14, 0x1, 0x1b, 0x80, 0x68,
    0x10, 0x9, 0x4, 0xc0, 0x29, 0x0, 0xf2, 0x0,
    0x46, 0x40, 0x1a, 0xbf, 0xfc, 0xa0, 0x17, 0x0,
    0x7f, 0xf1, 0xc, 0x3, 0xff, 0x8a, 0x40, 0x1a,
    0xff, 0xff, 0xd4, 0x24, 0x1, 0x78, 0x7, 0xff,
    0x2, 0x80, 0x24, 0x90, 0xe, 0x1a, 0xc0, 0x9,
    0xc8, 0x2, 0x6e, 0x97, 0x75, 0xf2, 0x9e, 0x0,
    0x5e, 0x20, 0x10, 0xb4, 0x41, 0x0, 0x3e, 0x2f,
    0x40, 0xf, 0xe6, 0xc0, 0xc, 0x37, 0x8c, 0x40,
    0x11, 0xbe, 0xc8, 0x0,

    /* U+00EA "ê" */
    0x0, 0xf4, 0x7f, 0xcc, 0x1, 0xfe, 0x2c, 0x70,
    0xa, 0x68, 0x40, 0x3e, 0x6d, 0x30, 0x6d, 0x40,
    0x5f, 0x40, 0xe, 0x3c, 0x55, 0x54, 0x95, 0xc2,
    0xa7, 0x8, 0x6, 0x3a, 0xa9, 0x40, 0x27, 0xaa,
    0x84, 0x3, 0xff, 0x98, 0x95, 0xdf, 0xed, 0xa4,
    0x0, 0xf8, 0xb2, 0xd4, 0x40, 0x4, 0xb7, 0x40,
    0x1c, 0x58, 0x60, 0x1f, 0x97, 0x0, 0x37, 0x88,
    0x4, 0x6e, 0xe3, 0x0, 0x8d, 0xc0, 0xc, 0x40,
    0x14, 0x64, 0x43, 0x1c, 0x2, 0x80, 0x5, 0x0,
    0x46, 0xe0, 0x1a, 0x4, 0x2, 0x41, 0x30, 0xa,
    0x40, 0x3c, 0x80, 0x11, 0x90, 0x6, 0xaf, 0xff,
    0x28, 0x5, 0xc0, 0x1f, 0xfc, 0x43, 0x0, 0xff,
    0xe2, 0x90, 0x6, 0xbf, 0xff, 0xf5, 0x9, 0x0,
    0x5e, 0x1, 0xff, 0xc0, 0xa0, 0x9, 0x24, 0x3,
    0x86, 0xb0, 0x2, 0x72, 0x0, 0x9b, 0xa5, 0xdd,
    0x7c, 0xa7, 0x80, 0x17, 0x88, 0x4, 0x2d, 0x10,
    0x40, 0xf, 0x8b, 0xd0, 0x3, 0xf9, 0xb0, 0x3,
    0xd, 0xe3, 0x10, 0x4, 0x6f, 0xb2, 0x0,

    /* U+00EB "ë" */
    0x0, 0xd, 0xfe, 0x10, 0x4, 0xdd, 0xee, 0x1,
    0xcc, 0x80, 0x76, 0x1, 0x48, 0x84, 0x8, 0x7,
    0xff, 0x0, 0x40, 0x3f, 0x3b, 0x12, 0xc0, 0x5,
    0x46, 0x6a, 0x10, 0xe, 0x9d, 0xa1, 0x0, 0x93,
    0x30, 0xa0, 0x1f, 0xfc, 0xd4, 0xae, 0xff, 0x6d,
    0x20, 0x7, 0xc5, 0x96, 0xa2, 0x0, 0x25, 0xba,
    0x0, 0xe2, 0xc3, 0x0, 0xfc, 0xb8, 0x1, 0xbc,
    0x40, 0x23, 0x77, 0x18, 0x4, 0x6e, 0x0, 0x62,
    0x0, 0xa3, 0x22, 0x18, 0xe0, 0x14, 0x0, 0x28,
    0x2, 0x37, 0x0, 0xd0, 0x20, 0x12, 0x9, 0x80,
    0x52, 0x1, 0xe4, 0x0, 0x8c, 0x80, 0x35, 0x7f,
    0xf9, 0x40, 0x2e, 0x0, 0xff, 0xe2, 0x18, 0x7,
    0xff, 0x14, 0x80, 0x35, 0xff, 0xff, 0xa8, 0x48,
    0x2, 0xf0, 0xf, 0xfe, 0x5, 0x0, 0x49, 0x20,
    0x1c, 0x35, 0x80, 0x13, 0x90, 0x4, 0xdd, 0x2e,
    0xeb, 0xe5, 0x3c, 0x0, 0xbc, 0x40, 0x21, 0x68,
    0x82, 0x0, 0x7c, 0x5e, 0x80, 0x1f, 0xcd, 0x80,
    0x18, 0x6f, 0x18, 0x80, 0x23, 0x7d, 0x90, 0x0,

    /* U+00EC "ì" */
    0x1, 0xdf, 0xfa, 0xc0, 0x3f, 0x87, 0x8, 0x0,
    0x8c, 0x1, 0xfc, 0x38, 0x40, 0x9, 0x10, 0xf,
    0xe1, 0xc1, 0x0, 0x58, 0x7, 0xf8, 0x7e, 0xed,
    0xc0, 0x1e, 0xef, 0xfd, 0xd7, 0x74, 0x80, 0x7f,
    0xf5, 0xe5, 0xdf, 0x8, 0x7, 0xf3, 0xc4, 0x63,
    0x0, 0xff, 0xff, 0x80, 0x7f, 0xfa, 0x99, 0xdf,
    0x18, 0x4, 0xae, 0xf8, 0xe2, 0x38, 0x40, 0x23,
    0x88, 0xca, 0x1, 0xff, 0xd2,

    /* U+00ED "í" */
    0x0, 0xfd, 0x9f, 0xf5, 0x80, 0x7f, 0x41, 0x80,
    0x12, 0xc0, 0x3f, 0x1b, 0x80, 0x12, 0xc0, 0x3f,
    0xb8, 0x0, 0x96, 0x1, 0xfc, 0x33, 0x77, 0x0,
    0x77, 0x7f, 0xee, 0xbb, 0xa4, 0x3, 0xff, 0xaf,
    0x2e, 0xf8, 0x40, 0x3f, 0x9e, 0x23, 0x18, 0x7,
    0xff, 0xfc, 0x3, 0xff, 0xd4, 0xce, 0xf8, 0xc0,
    0x25, 0x77, 0xc7, 0x11, 0xc2, 0x1, 0x1c, 0x46,
    0x50, 0xf, 0xfe, 0x90,

    /* U+00EE "î" */
    0x0, 0xe8, 0xff, 0x98, 0x3, 0xf0, 0xe3, 0x80,
    0x53, 0x42, 0x1, 0xc9, 0xe6, 0xb, 0xa6, 0xb,
    0xe6, 0x1, 0x1f, 0xaa, 0x4d, 0x16, 0x42, 0x2c,
    0x10, 0x0, 0xee, 0xe6, 0x0, 0x9e, 0xee, 0x20,
    0xf, 0xfe, 0x27, 0x7f, 0xfe, 0x90, 0xf, 0xfe,
    0xbc, 0xbb, 0xe1, 0x0, 0xfe, 0x78, 0x8c, 0x60,
    0x1f, 0xff, 0xf0, 0xf, 0xff, 0x53, 0x3b, 0xe3,
    0x0, 0x95, 0xdf, 0x1c, 0x47, 0x8, 0x4, 0x71,
    0x19, 0x40, 0x3f, 0xfa, 0x40,

    /* U+00EF "ï" */
    0x0, 0x5f, 0xe1, 0x0, 0x4b, 0xde, 0xe0, 0x13,
    0xa0, 0x1c, 0x0, 0x54, 0x21, 0x4, 0x0, 0x10,
    0x8, 0xc0, 0x21, 0x0, 0x8c, 0x0, 0xcc, 0x25,
    0x80, 0xb, 0x4c, 0xd4, 0x20, 0x14, 0xed, 0x8,
    0x4, 0x79, 0x85, 0x0, 0x77, 0xff, 0xe9, 0x0,
    0xff, 0xeb, 0xcb, 0xbe, 0x10, 0xf, 0xe7, 0x88,
    0xc6, 0x1, 0xff, 0xff, 0x0, 0xff, 0xf5, 0x33,
    0xbe, 0x30, 0x9, 0x5d, 0xf1, 0xc4, 0x70, 0x80,
    0x47, 0x11, 0x94, 0x3, 0xff, 0xa4,

    /* U+00F0 "ð" */
    0x0, 0xf8, 0xe0, 0x80, 0x3f, 0xf8, 0x72, 0xfb,
    0x64, 0x0, 0x8e, 0x10, 0xf, 0x85, 0x40, 0x9,
    0xb3, 0xce, 0x32, 0x1, 0xf2, 0x80, 0x73, 0x9,
    0x54, 0x0, 0x7c, 0x9c, 0x60, 0x1d, 0xa, 0x1,
    0xf8, 0xa8, 0xc0, 0x3a, 0xc4, 0x3, 0xe6, 0xd4,
    0x6, 0x80, 0x8, 0x60, 0x3, 0xe7, 0x14, 0xd9,
    0x74, 0x0, 0x98, 0x40, 0x3c, 0x39, 0xc, 0x41,
    0x20, 0x19, 0xc0, 0x39, 0xf7, 0x59, 0x7b, 0xca,
    0x60, 0x16, 0x80, 0x43, 0xb0, 0x40, 0x18, 0x60,
    0xc0, 0x25, 0x0, 0xb0, 0x80, 0x3f, 0xf8, 0x2,
    0x20, 0x82, 0x0, 0x93, 0x7f, 0xd8, 0xe0, 0x1c,
    0x60, 0xc0, 0x11, 0xd9, 0x0, 0xe, 0x2c, 0x3,
    0x9, 0x88, 0x5, 0x0, 0x1e, 0x60, 0xe, 0x60,
    0xc, 0x80, 0x1f, 0xf0, 0x98, 0x7, 0xfc, 0xc0,
    0x18, 0x8c, 0x3, 0x8, 0x7, 0xb0, 0x2, 0x20,
    0x40, 0xc, 0xe0, 0x1e, 0x60, 0x9, 0x40, 0x4c,
    0x2, 0x93, 0x0, 0xd4, 0x20, 0x15, 0x0, 0x3c,
    0x3, 0x65, 0x3c, 0x6a, 0x80, 0x4e, 0x40, 0x3,
    0x90, 0xc, 0xb0, 0xe4, 0x1, 0x24, 0x0, 0x66,
    0xa1, 0x0, 0xfc, 0xf6, 0x1, 0xe5, 0xe8, 0x41,
    0x0, 0x13, 0xec, 0x0, 0x60,

    /* U+00F1 "ñ" */
    0x0, 0xff, 0xe3, 0xb7, 0x7c, 0x88, 0x0, 0x7e,
    0xc4, 0x3, 0x2c, 0x88, 0x37, 0xa0, 0x40, 0x20,
    0x80, 0x68, 0x0, 0x18, 0xd, 0xfb, 0x2, 0x0,
    0x61, 0x20, 0xac, 0xd3, 0x0, 0xd2, 0x1, 0xd0,
    0x8a, 0x5, 0x92, 0x8b, 0xa4, 0x1, 0x85, 0xec,
    0x3, 0x35, 0xd1, 0x0, 0x7f, 0xf2, 0x33, 0xfe,
    0x30, 0x5b, 0xef, 0xeb, 0x50, 0xf, 0x9a, 0xa8,
    0x82, 0x2, 0x95, 0x20, 0x1e, 0xa5, 0x0, 0xf9,
    0x94, 0x3, 0xc5, 0x37, 0x66, 0x0, 0xd2, 0x1,
    0xc5, 0x8c, 0x88, 0x98, 0x0, 0x8c, 0x40, 0x32,
    0x8, 0x6, 0x50, 0xc, 0x40, 0x1f, 0xe2, 0x0,
    0xce, 0x1, 0xff, 0xff, 0x0, 0xff, 0xff, 0x80,
    0x7f, 0x80,

    /* U+00F2 "ò" */
    0x0, 0xa7, 0xfe, 0xe1, 0x0, 0xff, 0xa5, 0x40,
    0x3, 0x60, 0x1f, 0xfc, 0xa, 0x40, 0x2, 0xa0,
    0x7, 0xff, 0x2, 0xd0, 0x1, 0x40, 0x1f, 0xfc,
    0x1b, 0xaa, 0x58, 0x80, 0x7f, 0xf0, 0x55, 0x61,
    0x0, 0xff, 0xb, 0xe7, 0x7f, 0xb2, 0x8, 0x3,
    0xe5, 0xe8, 0x31, 0x0, 0x1b, 0xeb, 0x80, 0x73,
    0x50, 0x7, 0xf4, 0x40, 0x2, 0x29, 0x0, 0xcb,
    0xc, 0x20, 0x13, 0xa0, 0x2, 0x0, 0x36, 0x53,
    0xcf, 0x88, 0x5, 0x0, 0x5, 0x0, 0x9c, 0xc0,
    0x21, 0xb0, 0x8, 0xc8, 0xc0, 0x35, 0x0, 0x72,
    0x80, 0x64, 0x60, 0xc, 0x40, 0x1e, 0x20, 0xb,
    0x8c, 0x3, 0xfe, 0x10, 0xc, 0x60, 0x1f, 0xf0,
    0x80, 0x66, 0x0, 0xc4, 0x1, 0xe2, 0x0, 0xb8,
    0xc0, 0x32, 0x80, 0x72, 0x80, 0x64, 0x5, 0x0,
    0xa0, 0x80, 0x21, 0x80, 0x8, 0x88, 0x10, 0x1,
    0xb6, 0x5e, 0x3c, 0x80, 0x29, 0x0, 0x14, 0x80,
    0x66, 0x87, 0x10, 0x9, 0x90, 0x2, 0x6a, 0x0,
    0xfe, 0x79, 0x0, 0xe5, 0xe8, 0x31, 0x0, 0x13,
    0xec, 0x0, 0x40,

    /* U+00F3 "ó" */
    0x0, 0xfe, 0x9f, 0xfb, 0x88, 0x3, 0xfc, 0x6c,
    0x0, 0x1c, 0x20, 0xf, 0xf7, 0x0, 0x7, 0x8,
    0x3, 0xfd, 0x24, 0x3, 0x84, 0x1, 0xff, 0x6d,
    0x53, 0xc8, 0x3, 0xff, 0x80, 0x8a, 0xa1, 0x0,
    0xff, 0xb, 0xe7, 0x7f, 0xb2, 0x8, 0x3, 0xe5,
    0xe8, 0x31, 0x0, 0x1b, 0xeb, 0x80, 0x73, 0x50,
    0x7, 0xf4, 0x40, 0x2, 0x29, 0x0, 0xcb, 0xc,
    0x20, 0x13, 0xa0, 0x2, 0x0, 0x36, 0x53, 0xcf,
    0x88, 0x5, 0x0, 0x5, 0x0, 0x9c, 0xc0, 0x21,
    0xb0, 0x8, 0xc8, 0xc0, 0x35, 0x0, 0x72, 0x80,
    0x64, 0x60, 0xc, 0x40, 0x1e, 0x20, 0xb, 0x8c,
    0x3, 0xfe, 0x10, 0xc, 0x60, 0x1f, 0xf0, 0x80,
    0x66, 0x0, 0xc4, 0x1, 0xe2, 0x0, 0xb8, 0xc0,
    0x32, 0x80, 0x72, 0x80, 0x64, 0x5, 0x0, 0xa0,
    0x80, 0x21, 0x80, 0x8, 0x88, 0x10, 0x1, 0xb6,
    0x5e, 0x3c, 0x80, 0x29, 0x0, 0x14, 0x80, 0x66,
    0x87, 0x10, 0x9, 0x90, 0x2, 0x6a, 0x0, 0xfe,
    0x79, 0x0, 0xe5, 0xe8, 0x31, 0x0, 0x13, 0xec,
    0x0, 0x40,

    /* U+00F4 "ô" */
    0x0, 0xf2, 0xf7, 0xfa, 0x40, 0x3f, 0xe9, 0xa1,
    0x0, 0x36, 0x98, 0x7, 0xc5, 0xac, 0x7, 0xae,
    0x5, 0x8e, 0x1, 0xe8, 0x64, 0x7c, 0x28, 0xb5,
    0x4c, 0x40, 0xe, 0xab, 0xb4, 0x0, 0x49, 0x57,
    0x64, 0x0, 0xff, 0xe5, 0x8b, 0xe7, 0x7f, 0xb2,
    0x8, 0x3, 0xe5, 0xe8, 0x31, 0x0, 0x1b, 0xeb,
    0x80, 0x73, 0x50, 0x7, 0xf4, 0x40, 0x2, 0x29,
    0x0, 0xcb, 0xc, 0x20, 0x13, 0xa0, 0x2, 0x0,
    0x36, 0x53, 0xcf, 0x88, 0x5, 0x0, 0x5, 0x0,
    0x9c, 0xc0, 0x21, 0xb0, 0x8, 0xc8, 0xc0, 0x35,
    0x0, 0x72, 0x80, 0x64, 0x60, 0xc, 0x40, 0x1e,
    0x20, 0xb, 0x8c, 0x3, 0xfe, 0x10, 0xc, 0x60,
    0x1f, 0xf0, 0x80, 0x66, 0x0, 0xc4, 0x1, 0xe2,
    0x0, 0xb8, 0xc0, 0x32, 0x80, 0x72, 0x80, 0x64,
    0x5, 0x0, 0xa0, 0x80, 0x21, 0x80, 0x8, 0x88,
    0x10, 0x1, 0xb6, 0x5e, 0x3c, 0x80, 0x29, 0x0,
    0x14, 0x80, 0x66, 0x87, 0x10, 0x9, 0x90, 0x2,
    0x6a, 0x0, 0xfe, 0x79, 0x0, 0xe5, 0xe8, 0x31,
    0x0, 0x13, 0xec, 0x0, 0x40,

    /* U+00F5 "õ" */
    0x0, 0xc3, 0x36, 0xa0, 0x1a, 0x98, 0x40, 0x3d,
    0x8c, 0x95, 0x0, 0x12, 0xca, 0x0, 0x73, 0x10,
    0x4, 0xf2, 0xe, 0x0, 0x70, 0xe, 0xa0, 0x3f,
    0xa0, 0x6f, 0x80, 0x22, 0x0, 0x71, 0x84, 0x82,
    0xe0, 0x6, 0xe0, 0xf, 0x5a, 0xb8, 0x0, 0xf5,
    0x55, 0x86, 0x1, 0xe4, 0xa2, 0x0, 0x8a, 0xa8,
    0x60, 0x1f, 0xfc, 0xd1, 0x7c, 0xef, 0xf6, 0x41,
    0x0, 0x7c, 0xbd, 0x6, 0x20, 0x3, 0x7d, 0x70,
    0xe, 0x6a, 0x0, 0xfe, 0x88, 0x0, 0x45, 0x20,
    0x19, 0x61, 0x84, 0x2, 0x74, 0x0, 0x40, 0x6,
    0xca, 0x79, 0xf1, 0x0, 0xa0, 0x0, 0xa0, 0x13,
    0x98, 0x4, 0x36, 0x1, 0x19, 0x18, 0x6, 0xa0,
    0xe, 0x50, 0xc, 0x8c, 0x1, 0x88, 0x3, 0xc4,
    0x1, 0x71, 0x80, 0x7f, 0xc2, 0x1, 0x8c, 0x3,
    0xfe, 0x10, 0xc, 0xc0, 0x18, 0x80, 0x3c, 0x40,
    0x17, 0x18, 0x6, 0x50, 0xe, 0x50, 0xc, 0x80,
    0xa0, 0x14, 0x10, 0x4, 0x30, 0x1, 0x11, 0x2,
    0x0, 0x36, 0xcb, 0xc7, 0x90, 0x5, 0x20, 0x2,
    0x90, 0xc, 0xd0, 0xe2, 0x1, 0x32, 0x0, 0x4d,
    0x40, 0x1f, 0xcf, 0x20, 0x1c, 0xbd, 0x6, 0x20,
    0x2, 0x7d, 0x80, 0x8,

    /* U+00F6 "ö" */
    0x0, 0xa3, 0xf9, 0x0, 0x22, 0xdf, 0xb0, 0xe,
    0x37, 0x1, 0xa0, 0xa, 0x48, 0x11, 0x80, 0x30,
    0x80, 0x46, 0x1, 0x8, 0x4, 0x60, 0x18, 0xa4,
    0xd3, 0x80, 0x2b, 0x52, 0x75, 0x0, 0xe6, 0xcb,
    0x30, 0x8, 0x6b, 0x60, 0x3, 0xff, 0x98, 0x2f,
    0x9d, 0xfe, 0xc8, 0x20, 0xf, 0x97, 0xa0, 0xc4,
    0x0, 0x6f, 0xae, 0x1, 0xcd, 0x40, 0x1f, 0xd1,
    0x0, 0x8, 0xa4, 0x3, 0x2c, 0x30, 0x80, 0x4e,
    0x80, 0x8, 0x0, 0xd9, 0x4f, 0x3e, 0x20, 0x14,
    0x0, 0x14, 0x2, 0x73, 0x0, 0x86, 0xc0, 0x23,
    0x23, 0x0, 0xd4, 0x1, 0xca, 0x1, 0x91, 0x80,
    0x31, 0x0, 0x78, 0x80, 0x2e, 0x30, 0xf, 0xf8,
    0x40, 0x31, 0x80, 0x7f, 0xc2, 0x1, 0x98, 0x3,
    0x10, 0x7, 0x88, 0x2, 0xe3, 0x0, 0xca, 0x1,
    0xca, 0x1, 0x90, 0x14, 0x2, 0x82, 0x0, 0x86,
    0x0, 0x22, 0x20, 0x40, 0x6, 0xd9, 0x78, 0xf2,
    0x0, 0xa4, 0x0, 0x52, 0x1, 0x9a, 0x1c, 0x40,
    0x26, 0x40, 0x9, 0xa8, 0x3, 0xf9, 0xe4, 0x3,
    0x97, 0xa0, 0xc4, 0x0, 0x4f, 0xb0, 0x1, 0x0,

    /* U+00F7 "÷" */
    0x0, 0xf0, 0xdf, 0xea, 0x0, 0x7f, 0xf0, 0x21,
    0x0, 0xa8, 0x3, 0xff, 0x80, 0x40, 0x10, 0x80,
    0x7f, 0xf0, 0x3c, 0x2, 0x70, 0xf, 0xfe, 0x2,
    0x75, 0x64, 0x0, 0x7f, 0xf0, 0x45, 0x4c, 0x3,
    0xff, 0x98, 0xbf, 0xff, 0xfc, 0x3b, 0x0, 0xff,
    0xeb, 0x3b, 0xff, 0xf1, 0x38, 0xa2, 0x3f, 0xf8,
    0x6a, 0x1, 0xf1, 0x29, 0x80, 0x7f, 0xf0, 0x53,
    0x6b, 0x20, 0x3, 0xff, 0x81, 0xe0, 0x13, 0x80,
    0x7f, 0xf0, 0x4, 0x2, 0x10, 0xf, 0xfe, 0x5,
    0x98, 0x15, 0x0, 0x78,

    /* U+00F8 "ø" */
    0x0, 0xff, 0xe0, 0x47, 0xf0, 0x7, 0xff, 0x9,
    0xc2, 0x40, 0x3c, 0x2f, 0x9d, 0xfe, 0xcb, 0x1,
    0x70, 0xe, 0x5e, 0x83, 0x10, 0x1, 0xa0, 0x28,
    0x7, 0x35, 0x0, 0x7f, 0x24, 0x0, 0x45, 0x20,
    0x19, 0x61, 0x40, 0x33, 0xa0, 0x2, 0x0, 0x36,
    0x53, 0xe8, 0x7, 0x40, 0x1, 0x40, 0x27, 0x30,
    0x4, 0x81, 0x80, 0x46, 0x46, 0x1, 0xa8, 0x0,
    0xe2, 0x2d, 0x0, 0xc8, 0xc0, 0x18, 0x80, 0x12,
    0x12, 0x24, 0x1, 0x71, 0x80, 0x79, 0xc4, 0x4e,
    0x2, 0x1, 0x8c, 0x3, 0x86, 0x2, 0x40, 0x2,
    0x1, 0x98, 0x3, 0x14, 0x80, 0xb8, 0x0, 0x80,
    0x2e, 0x30, 0xd, 0x4e, 0x12, 0x0, 0x50, 0xc,
    0x80, 0xa0, 0x13, 0x80, 0xb8, 0xc, 0x0, 0x44,
    0x40, 0x80, 0xe, 0x27, 0x8f, 0x20, 0xa, 0x40,
    0x5, 0x40, 0x18, 0xe1, 0xc4, 0x2, 0x64, 0x0,
    0x96, 0x40, 0x3f, 0x9e, 0x40, 0x3b, 0x80, 0x4c,
    0x40, 0x4, 0xfb, 0x0, 0x1e, 0x60, 0x9c, 0xef,
    0xf6, 0xc1, 0x0, 0x79, 0xc4, 0x1c, 0x3, 0xfe,

    /* U+00F9 "ù" */
    0x0, 0x4f, 0xfe, 0x10, 0xf, 0xf4, 0xb0, 0x5,
    0x60, 0x1f, 0xf4, 0xa8, 0x1, 0x54, 0x1, 0xff,
    0x52, 0x0, 0x2c, 0x40, 0x3f, 0xeb, 0xba, 0x80,
    0x3e, 0xaf, 0xfa, 0xc1, 0x12, 0x13, 0xff, 0xc4,
    0x1, 0xff, 0xff, 0x0, 0xff, 0xff, 0x80, 0x7f,
    0x88, 0x2, 0x60, 0xf, 0xfb, 0x80, 0x22, 0x30,
    0xd, 0x0, 0x1c, 0xe0, 0x1b, 0x25, 0xe7, 0x90,
    0x3, 0x85, 0x80, 0x33, 0x43, 0x9, 0x0, 0x7a,
    0x4c, 0x3, 0xc5, 0xe2, 0x1, 0xec, 0x93, 0x0,
    0x13, 0xe9, 0x18, 0x6,

    /* U+00FA "ú" */
    0x0, 0xfd, 0x1f, 0xf7, 0x10, 0x7, 0xf1, 0xb8,
    0x0, 0x70, 0x80, 0x3f, 0xb8, 0x0, 0x38, 0x40,
    0x1f, 0xd2, 0x40, 0x38, 0x40, 0x1f, 0xed, 0xbb,
    0x61, 0x0, 0x75, 0x7f, 0xd6, 0x8, 0x91, 0x1f,
    0xfe, 0x20, 0xf, 0xff, 0xf8, 0x7, 0xff, 0xfc,
    0x3, 0xfc, 0x40, 0x13, 0x0, 0x7f, 0xdc, 0x1,
    0x11, 0x80, 0x68, 0x0, 0xe7, 0x0, 0xd9, 0x2f,
    0x3c, 0x80, 0x1c, 0x2c, 0x1, 0x9a, 0x18, 0x48,
    0x3, 0xd2, 0x60, 0x1e, 0x2f, 0x10, 0xf, 0x64,
    0x98, 0x0, 0x9f, 0x48, 0xc0, 0x30,

    /* U+00FB "û" */
    0x0, 0xe4, 0xef, 0xf5, 0x0, 0x7f, 0xa6, 0xc4,
    0x0, 0xba, 0x60, 0x1e, 0x2c, 0x60, 0x2c, 0x70,
    0x2c, 0x70, 0xe, 0x87, 0x47, 0xd3, 0x8b, 0x44,
    0x62, 0x80, 0x6a, 0xbb, 0x40, 0x4, 0x97, 0x72,
    0x80, 0x7f, 0xf1, 0xab, 0xfe, 0xb0, 0xe, 0x3f,
    0xfc, 0x40, 0x1f, 0xff, 0xf0, 0xf, 0xff, 0xf8,
    0x7, 0xf8, 0x80, 0x26, 0x0, 0xff, 0xb8, 0x2,
    0x23, 0x0, 0xd0, 0x1, 0xce, 0x1, 0xb2, 0x5e,
    0x79, 0x0, 0x38, 0x58, 0x3, 0x34, 0x30, 0x90,
    0x7, 0xa4, 0xc0, 0x3c, 0x5e, 0x20, 0x1e, 0xc9,
    0x30, 0x1, 0x3e, 0x91, 0x80, 0x60,

    /* U+00FC "ü" */
    0x0, 0x47, 0xf2, 0x80, 0x45, 0xbf, 0x60, 0x18,
    0x9c, 0x6, 0xc0, 0x28, 0x20, 0x47, 0x0, 0x8c,
    0x3, 0xe3, 0x0, 0x84, 0x2, 0x1a, 0x33, 0x68,
    0x5, 0xa, 0x4e, 0xc0, 0x19, 0x73, 0x6, 0x1,
    0xd, 0x6c, 0x0, 0x55, 0xff, 0x58, 0x7, 0x1f,
    0xfe, 0x20, 0xf, 0xff, 0xf8, 0x7, 0xff, 0xfc,
    0x3, 0xfc, 0x40, 0x13, 0x0, 0x7f, 0xdc, 0x1,
    0x11, 0x80, 0x68, 0x0, 0xe7, 0x0, 0xd9, 0x2f,
    0x3c, 0x80, 0x1c, 0x2c, 0x1, 0x9a, 0x18, 0x48,
    0x3, 0xd2, 0x60, 0x1e, 0x2f, 0x10, 0xf, 0x64,
    0x98, 0x0, 0x9f, 0x48, 0xc0, 0x30,

    /* U+00FD "ý" */
    0x0, 0xff, 0x17, 0xfe, 0x70, 0xf, 0xfe, 0x17,
    0x80, 0x50, 0xe0, 0x1f, 0xfc, 0x18, 0x20, 0x4,
    0x38, 0x7, 0xff, 0x4, 0xdc, 0x1, 0xe, 0x1,
    0xff, 0xc3, 0xbb, 0x63, 0x80, 0x7e, 0xef, 0xfb,
    0x0, 0x6, 0x88, 0x30, 0x6, 0x7f, 0xdc, 0x0,
    0x60, 0x8, 0xc8, 0x3, 0xc6, 0x60, 0x9, 0x80,
    0x12, 0x1, 0xac, 0x3, 0xd4, 0x1, 0xa4, 0x0,
    0x2c, 0x1, 0x30, 0x7, 0x98, 0x2, 0x61, 0x0,
    0xac, 0x3, 0x30, 0x6, 0x60, 0xd, 0x60, 0x18,
    0x94, 0x2, 0xa0, 0xd, 0x40, 0x12, 0x10, 0x7,
    0x48, 0x4, 0x66, 0x0, 0x19, 0x80, 0x28, 0x0,
    0xf1, 0x98, 0x2, 0xa0, 0x5, 0x0, 0x46, 0x60,
    0xf, 0xa0, 0x2, 0x60, 0x3, 0x0, 0x52, 0x1,
    0xf9, 0x8, 0x2, 0x66, 0x0, 0x44, 0xa0, 0x1f,
    0xd6, 0x1, 0x6d, 0x0, 0x56, 0x1, 0xfe, 0x61,
    0x0, 0x21, 0x80, 0x5, 0x80, 0x3f, 0xe9, 0x0,
    0xf3, 0x0, 0x7f, 0xf0, 0x18, 0x3, 0xd2, 0x1,
    0xff, 0xc0, 0x17, 0x0, 0xcc, 0x20, 0x1f, 0xfc,
    0x1a, 0x0, 0xd6, 0x1, 0xff, 0xc2, 0xa0, 0x9,
    0x8, 0x3, 0xff, 0x82, 0x2e, 0x1, 0x40, 0x7,
    0xff, 0xb, 0x40, 0x23, 0x30, 0x7, 0xfc, 0xd1,
    0xa6, 0x1, 0x40, 0x7, 0xff, 0x2, 0x1c, 0x80,
    0x25, 0x40, 0xf, 0xfe, 0x0, 0x80, 0x63, 0xa0,
    0xf, 0xfe, 0x1, 0x10, 0x0, 0x73, 0x80, 0x1f,
    0xf0,

    /* U+00FE "þ" */
    0xbf, 0xfa, 0x40, 0x3f, 0xff, 0xe0, 0x1f, 0xfc,
    0x91, 0x8d, 0xff, 0x63, 0x80, 0x7e, 0x5f, 0x72,
    0x0, 0x1c, 0x68, 0x80, 0x78, 0xc4, 0x3, 0xc5,
    0x80, 0x1f, 0x95, 0xd8, 0x3, 0x13, 0x0, 0x70,
    0xed, 0x44, 0xe8, 0x80, 0x56, 0x1, 0xce, 0x40,
    0x11, 0x48, 0x4, 0x42, 0x1, 0xfe, 0x50, 0xc,
    0xa0, 0x1f, 0xe2, 0x0, 0xc2, 0x1, 0xff, 0xc3,
    0x30, 0xf, 0xfe, 0x19, 0x80, 0x7f, 0x88, 0x3,
    0x8, 0x7, 0xf9, 0x40, 0x32, 0x80, 0x67, 0x20,
    0x8, 0x64, 0x2, 0x31, 0x0, 0xc3, 0xb2, 0xf1,
    0xe2, 0x1, 0x48, 0x7, 0xcd, 0xe, 0x20, 0x11,
    0xa8, 0x7, 0x18, 0x80, 0x78, 0xf4, 0x3, 0xcb,
    0xee, 0x40, 0x3, 0x9c, 0x10, 0xf, 0x86, 0x37,
    0xfd, 0x8c, 0x1, 0xff, 0xff, 0x0, 0xfe,

    /* U+00FF "ÿ" */
    0x0, 0xc7, 0xbf, 0x40, 0x1a, 0x7f, 0x90, 0x3,
    0xf7, 0x90, 0x2a, 0x80, 0x8, 0xc0, 0x32, 0x1,
    0xf9, 0xc0, 0x21, 0x0, 0x38, 0x4, 0x20, 0x1f,
    0xa5, 0xe, 0x10, 0x0, 0x70, 0x69, 0xc0, 0x1f,
    0x8a, 0xf1, 0xc0, 0x33, 0xe5, 0x90, 0x7, 0x77,
    0xfd, 0x80, 0x1f, 0xb3, 0xfe, 0xe0, 0x3, 0x0,
    0x46, 0x40, 0x1e, 0x33, 0x0, 0x4c, 0x0, 0x90,
    0xd, 0x60, 0x1e, 0xa0, 0xd, 0x20, 0x1, 0x60,
    0x9, 0x80, 0x3c, 0xc0, 0x13, 0x8, 0x5, 0x60,
    0x19, 0x80, 0x33, 0x0, 0x6b, 0x0, 0xc4, 0xa0,
    0x15, 0x0, 0x6a, 0x0, 0x90, 0x80, 0x3a, 0x40,
    0x23, 0x30, 0x0, 0xcc, 0x1, 0x40, 0x7, 0x8c,
    0xc0, 0x15, 0x0, 0x28, 0x2, 0x33, 0x0, 0x7d,
    0x0, 0x13, 0x0, 0x18, 0x2, 0x90, 0xf, 0xc8,
    0x40, 0x13, 0x30, 0x2, 0x25, 0x0, 0xfe, 0xb0,
    0xb, 0x68, 0x2, 0xb0, 0xf, 0xf3, 0x8, 0x1,
    0xc, 0x0, 0x2c, 0x1, 0xff, 0x48, 0x7, 0x98,
    0x3, 0xff, 0x80, 0xc0, 0x1e, 0x90, 0xf, 0xfe,
    0x0, 0xb8, 0x6, 0x61, 0x0, 0xff, 0xe0, 0xd0,
    0x6, 0xb0, 0xf, 0xfe, 0x15, 0x0, 0x48, 0x40,
    0x1f, 0xfc, 0x11, 0x70, 0xa, 0x0, 0x3f, 0xf8,
    0x5a, 0x1, 0x19, 0x80, 0x3f, 0xe6, 0x8d, 0x30,
    0xa, 0x0, 0x3f, 0xf8, 0x10, 0xe4, 0x1, 0x2a,
    0x0, 0x7f, 0xf0, 0x4, 0x3, 0x1d, 0x0, 0x7f,
    0xf0, 0x8, 0x80, 0x3, 0x9c, 0x0, 0xff, 0x80
};


/*---------------------
 *  GLYPH DESCRIPTION
 *--------------------*/

static const lv_font_fmt_txt_glyph_dsc_t glyph_dsc[] = {
    {.bitmap_index = 0, .adv_w = 0, .box_w = 0, .box_h = 0, .ofs_x = 0, .ofs_y = 0} /* id = 0 reserved */,
    {.bitmap_index = 0, .adv_w = 307, .box_w = 0, .box_h = 0, .ofs_x = 0, .ofs_y = 0},
    {.bitmap_index = 0, .adv_w = 307, .box_w = 6, .box_h = 22, .ofs_x = 7, .ofs_y = 0},
    {.bitmap_index = 44, .adv_w = 307, .box_w = 11, .box_h = 9, .ofs_x = 4, .ofs_y = 14},
    {.bitmap_index = 80, .adv_w = 307, .box_w = 19, .box_h = 22, .ofs_x = 0, .ofs_y = 0},
    {.bitmap_index = 240, .adv_w = 307, .box_w = 17, .box_h = 29, .ofs_x = 1, .ofs_y = -3},
    {.bitmap_index = 408, .adv_w = 307, .box_w = 19, .box_h = 22, .ofs_x = 0, .ofs_y = 0},
    {.bitmap_index = 579, .adv_w = 307, .box_w = 19, .box_h = 22, .ofs_x = 1, .ofs_y = 0},
    {.bitmap_index = 742, .adv_w = 307, .box_w = 4, .box_h = 9, .ofs_x = 7, .ofs_y = 14},
    {.bitmap_index = 756, .adv_w = 307, .box_w = 10, .box_h = 33, .ofs_x = 5, .ofs_y = -8},
    {.bitmap_index = 874, .adv_w = 307, .box_w = 10, .box_h = 33, .ofs_x = 4, .ofs_y = -8},
    {.bitmap_index = 1001, .adv_w = 307, .box_w = 17, .box_h = 16, .ofs_x = 2, .ofs_y = 6},
    {.bitmap_index = 1112, .adv_w = 307, .box_w = 17, .box_h = 17, .ofs_x = 1, .ofs_y = 2},
    {.bitmap_index = 1154, .adv_w = 307, .box_w = 7, .box_h = 11, .ofs_x = 5, .ofs_y = -7},
    {.bitmap_index = 1182, .adv_w = 307, .box_w = 14, .box_h = 4, .ofs_x = 4, .ofs_y = 8},
    {.bitmap_index = 1194, .adv_w = 307, .box_w = 7, .box_h = 6, .ofs_x = 6, .ofs_y = 0},
    {.bitmap_index = 1213, .adv_w = 307, .box_w = 13, .box_h = 25, .ofs_x = 3, .ofs_y = -3},
    {.bitmap_index = 1323, .adv_w = 307, .box_w = 16, .box_h = 22, .ofs_x = 2, .ofs_y = 0},
    {.bitmap_index = 1458, .adv_w = 307, .box_w = 11, .box_h = 23, .ofs_x = 2, .ofs_y = 0},
    {.bitmap_index = 1501, .adv_w = 307, .box_w = 17, .box_h = 22, .ofs_x = 1, .ofs_y = 0},
    {.bitmap_index = 1632, .adv_w = 307, .box_w = 17, .box_h = 22, .ofs_x = 1, .ofs_y = 0},
    {.bitmap_index = 1775, .adv_w = 307, .box_w = 18, .box_h = 22, .ofs_x = 0, .ofs_y = 0},
    {.bitmap_index = 1873, .adv_w = 307, .box_w = 17, .box_h = 22, .ofs_x = 1, .ofs_y = 0},
    {.bitmap_index = 2010, .adv_w = 307, .box_w = 17, .box_h = 22, .ofs_x = 1, .ofs_y = 0},
    {.bitmap_index = 2153, .adv_w = 307, .box_w = 17, .box_h = 22, .ofs_x = 1, .ofs_y = 0},
    {.bitmap_index = 2258, .adv_w = 307, .box_w = 16, .box_h = 22, .ofs_x = 1, .ofs_y = 0},
    {.bitmap_index = 2407, .adv_w = 307, .box_w = 16, .box_h = 22, .ofs_x = 1, .ofs_y = 0},
    {.bitmap_index = 2546, .adv_w = 307, .box_w = 7, .box_h = 19, .ofs_x = 6, .ofs_y = 0},
    {.bitmap_index = 2590, .adv_w = 307, .box_w = 8, .box_h = 25, .ofs_x = 6, .ofs_y = -7},
    {.bitmap_index = 2651, .adv_w = 307, .box_w = 15, .box_h = 16, .ofs_x = 2, .ofs_y = 2},
    {.bitmap_index = 2733, .adv_w = 307, .box_w = 16, .box_h = 10, .ofs_x = 2, .ofs_y = 4},
    {.bitmap_index = 2763, .adv_w = 307, .box_w = 15, .box_h = 16, .ofs_x = 2, .ofs_y = 2},
    {.bitmap_index = 2847, .adv_w = 307, .box_w = 16, .box_h = 22, .ofs_x = 2, .ofs_y = 0},
    {.bitmap_index = 2968, .adv_w = 307, .box_w = 19, .box_h = 22, .ofs_x = 0, .ofs_y = 0},
    {.bitmap_index = 3161, .adv_w = 307, .box_w = 20, .box_h = 22, .ofs_x = 0, .ofs_y = 0},
    {.bitmap_index = 3310, .adv_w = 307, .box_w = 17, .box_h = 22, .ofs_x = 2, .ofs_y = 0},
    {.bitmap_index = 3430, .adv_w = 307, .box_w = 17, .box_h = 22, .ofs_x = 1, .ofs_y = 0},
    {.bitmap_index = 3555, .adv_w = 307, .box_w = 17, .box_h = 22, .ofs_x = 1, .ofs_y = 0},
    {.bitmap_index = 3669, .adv_w = 307, .box_w = 16, .box_h = 22, .ofs_x = 2, .ofs_y = 0},
    {.bitmap_index = 3715, .adv_w = 307, .box_w = 16, .box_h = 22, .ofs_x = 2, .ofs_y = 0},
    {.bitmap_index = 3753, .adv_w = 307, .box_w = 17, .box_h = 22, .ofs_x = 1, .ofs_y = 0},
    {.bitmap_index = 3885, .adv_w = 307, .box_w = 17, .box_h = 22, .ofs_x = 1, .ofs_y = 0},
    {.bitmap_index = 3917, .adv_w = 307, .box_w = 14, .box_h = 22, .ofs_x = 3, .ofs_y = 0},
    {.bitmap_index = 3959, .adv_w = 307, .box_w = 17, .box_h = 22, .ofs_x = 1, .ofs_y = 0},
    {.bitmap_index = 4026, .adv_w = 307, .box_w = 18, .box_h = 22, .ofs_x = 2, .ofs_y = 0},
    {.bitmap_index = 4149, .adv_w = 307, .box_w = 16, .box_h = 22, .ofs_x = 2, .ofs_y = 0},
    {.bitmap_index = 4175, .adv_w = 307, .box_w = 17, .box_h = 22, .ofs_x = 1, .ofs_y = 0},
    {.bitmap_index = 4268, .adv_w = 307, .box_w = 17, .box_h = 22, .ofs_x = 1, .ofs_y = 0},
    {.bitmap_index = 4367, .adv_w = 307, .box_w = 17, .box_h = 22, .ofs_x = 1, .ofs_y = 0},
    {.bitmap_index = 4496, .adv_w = 307, .box_w = 17, .box_h = 22, .ofs_x = 2, .ofs_y = 0},
    {.bitmap_index = 4582, .adv_w = 307, .box_w = 19, .box_h = 26, .ofs_x = 1, .ofs_y = -4},
    {.bitmap_index = 4746, .adv_w = 307, .box_w = 17, .box_h = 22, .ofs_x = 2, .ofs_y = 0},
    {.bitmap_index = 4864, .adv_w = 307, .box_w = 18, .box_h = 22, .ofs_x = 1, .ofs_y = 0},
    {.bitmap_index = 5019, .adv_w = 307, .box_w = 19, .box_h = 22, .ofs_x = 0, .ofs_y = 0},
    {.bitmap_index = 5055, .adv_w = 307, .box_w = 17, .box_h = 22, .ofs_x = 1, .ofs_y = 0},
    {.bitmap_index = 5122, .adv_w = 307, .box_w = 19, .box_h = 22, .ofs_x = 0, .ofs_y = 0},
    {.bitmap_index = 5272, .adv_w = 307, .box_w = 19, .box_h = 22, .ofs_x = 0, .ofs_y = 0},
    {.bitmap_index = 5457, .adv_w = 307, .box_w = 20, .box_h = 22, .ofs_x = 0, .ofs_y = 0},
    {.bitmap_index = 5620, .adv_w = 307, .box_w = 20, .box_h = 22, .ofs_x = 0, .ofs_y = 0},
    {.bitmap_index = 5735, .adv_w = 307, .box_w = 18, .box_h = 22, .ofs_x = 1, .ofs_y = 0},
    {.bitmap_index = 5839, .adv_w = 307, .box_w = 8, .box_h = 32, .ofs_x = 6, .ofs_y = -5},
    {.bitmap_index = 5868, .adv_w = 307, .box_w = 14, .box_h = 25, .ofs_x = 3, .ofs_y = -3},
    {.bitmap_index = 5979, .adv_w = 307, .box_w = 8, .box_h = 32, .ofs_x = 6, .ofs_y = -5},
    {.bitmap_index = 6006, .adv_w = 307, .box_w = 14, .box_h = 12, .ofs_x = 3, .ofs_y = 11},
    {.bitmap_index = 6078, .adv_w = 307, .box_w = 15, .box_h = 4, .ofs_x = 2, .ofs_y = -3},
    {.bitmap_index = 6089, .adv_w = 307, .box_w = 8, .box_h = 5, .ofs_x = 6, .ofs_y = 19},
    {.bitmap_index = 6109, .adv_w = 307, .box_w = 17, .box_h = 17, .ofs_x = 1, .ofs_y = 0},
    {.bitmap_index = 6223, .adv_w = 307, .box_w = 16, .box_h = 23, .ofs_x = 2, .ofs_y = 0},
    {.bitmap_index = 6323, .adv_w = 307, .box_w = 16, .box_h = 17, .ofs_x = 1, .ofs_y = 0},
    {.bitmap_index = 6430, .adv_w = 307, .box_w = 16, .box_h = 23, .ofs_x = 1, .ofs_y = 0},
    {.bitmap_index = 6535, .adv_w = 307, .box_w = 17, .box_h = 17, .ofs_x = 1, .ofs_y = 0},
    {.bitmap_index = 6644, .adv_w = 307, .box_w = 18, .box_h = 25, .ofs_x = 1, .ofs_y = 0},
    {.bitmap_index = 6722, .adv_w = 307, .box_w = 17, .box_h = 23, .ofs_x = 1, .ofs_y = -6},
    {.bitmap_index = 6857, .adv_w = 307, .box_w = 16, .box_h = 23, .ofs_x = 2, .ofs_y = 0},
    {.bitmap_index = 6914, .adv_w = 307, .box_w = 15, .box_h = 23, .ofs_x = 3, .ofs_y = 0},
    {.bitmap_index = 6976, .adv_w = 307, .box_w = 11, .box_h = 29, .ofs_x = 3, .ofs_y = -6},
    {.bitmap_index = 7042, .adv_w = 307, .box_w = 17, .box_h = 23, .ofs_x = 2, .ofs_y = 0},
    {.bitmap_index = 7137, .adv_w = 307, .box_w = 15, .box_h = 23, .ofs_x = 3, .ofs_y = 0},
    {.bitmap_index = 7174, .adv_w = 307, .box_w = 17, .box_h = 17, .ofs_x = 1, .ofs_y = 0},
    {.bitmap_index = 7225, .adv_w = 307, .box_w = 16, .box_h = 17, .ofs_x = 2, .ofs_y = 0},
    {.bitmap_index = 7276, .adv_w = 307, .box_w = 17, .box_h = 17, .ofs_x = 1, .ofs_y = 0},
    {.bitmap_index = 7390, .adv_w = 307, .box_w = 16, .box_h = 23, .ofs_x = 2, .ofs_y = -6},
    {.bitmap_index = 7495, .adv_w = 307, .box_w = 16, .box_h = 23, .ofs_x = 1, .ofs_y = -6},
    {.bitmap_index = 7599, .adv_w = 307, .box_w = 14, .box_h = 17, .ofs_x = 4, .ofs_y = 0},
    {.bitmap_index = 7645, .adv_w = 307, .box_w = 17, .box_h = 17, .ofs_x = 1, .ofs_y = 0},
    {.bitmap_index = 7763, .adv_w = 307, .box_w = 17, .box_h = 21, .ofs_x = 1, .ofs_y = 0},
    {.bitmap_index = 7830, .adv_w = 307, .box_w = 16, .box_h = 17, .ofs_x = 2, .ofs_y = 0},
    {.bitmap_index = 7881, .adv_w = 307, .box_w = 18, .box_h = 17, .ofs_x = 1, .ofs_y = 0},
    {.bitmap_index = 7998, .adv_w = 307, .box_w = 19, .box_h = 17, .ofs_x = 0, .ofs_y = 0},
    {.bitmap_index = 8147, .adv_w = 307, .box_w = 18, .box_h = 17, .ofs_x = 1, .ofs_y = 0},
    {.bitmap_index = 8267, .adv_w = 307, .box_w = 20, .box_h = 23, .ofs_x = 0, .ofs_y = -6},
    {.bitmap_index = 8428, .adv_w = 307, .box_w = 17, .box_h = 17, .ofs_x = 1, .ofs_y = 0},
    {.bitmap_index = 8505, .adv_w = 307, .box_w = 12, .box_h = 30, .ofs_x = 4, .ofs_y = -6},
    {.bitmap_index = 8619, .adv_w = 307, .box_w = 4, .box_h = 28, .ofs_x = 8, .ofs_y = -6},
    {.bitmap_index = 8627, .adv_w = 307, .box_w = 11, .box_h = 30, .ofs_x = 5, .ofs_y = -6},
    {.bitmap_index = 8734, .adv_w = 307, .box_w = 18, .box_h = 7, .ofs_x = 0, .ofs_y = 6},
    {.bitmap_index = 8792, .adv_w = 307, .box_w = 0, .box_h = 0, .ofs_x = 0, .ofs_y = 0},
    {.bitmap_index = 8792, .adv_w = 307, .box_w = 6, .box_h = 23, .ofs_x = 7, .ofs_y = -6},
    {.bitmap_index = 8835, .adv_w = 307, .box_w = 16, .box_h = 24, .ofs_x = 2, .ofs_y = -4},
    {.bitmap_index = 8958, .adv_w = 307, .box_w = 18, .box_h = 22, .ofs_x = 1, .ofs_y = 0},
    {.bitmap_index = 9073, .adv_w = 307, .box_w = 17, .box_h = 18, .ofs_x = 1, .ofs_y = -1},
    {.bitmap_index = 9206, .adv_w = 307, .box_w = 20, .box_h = 22, .ofs_x = 0, .ofs_y = 0},
    {.bitmap_index = 9334, .adv_w = 307, .box_w = 5, .box_h = 27, .ofs_x = 7, .ofs_y = -5},
    {.bitmap_index = 9353, .adv_w = 307, .box_w = 18, .box_h = 28, .ofs_x = 1, .ofs_y = -6},
    {.bitmap_index = 9559, .adv_w = 307, .box_w = 12, .box_h = 4, .ofs_x = 4, .ofs_y = 19},
    {.bitmap_index = 9583, .adv_w = 307, .box_w = 18, .box_h = 19, .ofs_x = 1, .ofs_y = -1},
    {.bitmap_index = 9736, .adv_w = 307, .box_w = 11, .box_h = 13, .ofs_x = 4, .ofs_y = 10},
    {.bitmap_index = 9808, .adv_w = 307, .box_w = 15, .box_h = 13, .ofs_x = 2, .ofs_y = 1},
    {.bitmap_index = 9898, .adv_w = 307, .box_w = 14, .box_h = 7, .ofs_x = 2, .ofs_y = 6},
    {.bitmap_index = 9916, .adv_w = 307, .box_w = 14, .box_h = 4, .ofs_x = 4, .ofs_y = 8},
    {.bitmap_index = 9928, .adv_w = 307, .box_w = 17, .box_h = 19, .ofs_x = 1, .ofs_y = -1},
    {.bitmap_index = 10069, .adv_w = 307, .box_w = 12, .box_h = 3, .ofs_x = 4, .ofs_y = 20},
    {.bitmap_index = 10079, .adv_w = 307, .box_w = 9, .box_h = 9, .ofs_x = 5, .ofs_y = 14},
    {.bitmap_index = 10118, .adv_w = 307, .box_w = 15, .box_h = 20, .ofs_x = 2, .ofs_y = 0},
    {.bitmap_index = 10170, .adv_w = 307, .box_w = 11, .box_h = 13, .ofs_x = 4, .ofs_y = 10},
    {.bitmap_index = 10235, .adv_w = 307, .box_w = 11, .box_h = 13, .ofs_x = 4, .ofs_y = 10},
    {.bitmap_index = 10303, .adv_w = 307, .box_w = 9, .box_h = 5, .ofs_x = 5, .ofs_y = 19},
    {.bitmap_index = 10325, .adv_w = 307, .box_w = 16, .box_h = 23, .ofs_x = 2, .ofs_y = -6},
    {.bitmap_index = 10376, .adv_w = 307, .box_w = 13, .box_h = 22, .ofs_x = 3, .ofs_y = 0},
    {.bitmap_index = 10439, .adv_w = 307, .box_w = 6, .box_h = 5, .ofs_x = 7, .ofs_y = 9},
    {.bitmap_index = 10454, .adv_w = 307, .box_w = 7, .box_h = 7, .ofs_x = 6, .ofs_y = -7},
    {.bitmap_index = 10479, .adv_w = 307, .box_w = 7, .box_h = 13, .ofs_x = 6, .ofs_y = 10},
    {.bitmap_index = 10500, .adv_w = 307, .box_w = 11, .box_h = 13, .ofs_x = 4, .ofs_y = 10},
    {.bitmap_index = 10563, .adv_w = 307, .box_w = 14, .box_h = 13, .ofs_x = 3, .ofs_y = 2},
    {.bitmap_index = 10652, .adv_w = 307, .box_w = 18, .box_h = 23, .ofs_x = 1, .ofs_y = 0},
    {.bitmap_index = 10791, .adv_w = 307, .box_w = 19, .box_h = 23, .ofs_x = 0, .ofs_y = 0},
    {.bitmap_index = 10943, .adv_w = 307, .box_w = 20, .box_h = 23, .ofs_x = 0, .ofs_y = 0},
    {.bitmap_index = 11111, .adv_w = 307, .box_w = 15, .box_h = 23, .ofs_x = 3, .ofs_y = -6},
    {.bitmap_index = 11227, .adv_w = 307, .box_w = 20, .box_h = 29, .ofs_x = 0, .ofs_y = 0},
    {.bitmap_index = 11412, .adv_w = 307, .box_w = 20, .box_h = 28, .ofs_x = 0, .ofs_y = 0},
    {.bitmap_index = 11597, .adv_w = 307, .box_w = 20, .box_h = 29, .ofs_x = 0, .ofs_y = 0},
    {.bitmap_index = 11790, .adv_w = 307, .box_w = 20, .box_h = 30, .ofs_x = 0, .ofs_y = 0},
    {.bitmap_index = 11984, .adv_w = 307, .box_w = 20, .box_h = 28, .ofs_x = 0, .ofs_y = 0},
    {.bitmap_index = 12169, .adv_w = 307, .box_w = 20, .box_h = 31, .ofs_x = 0, .ofs_y = 0},
    {.bitmap_index = 12373, .adv_w = 307, .box_w = 19, .box_h = 22, .ofs_x = 0, .ofs_y = 0},
    {.bitmap_index = 12500, .adv_w = 307, .box_w = 17, .box_h = 28, .ofs_x = 1, .ofs_y = -6},
    {.bitmap_index = 12657, .adv_w = 307, .box_w = 16, .box_h = 28, .ofs_x = 2, .ofs_y = 0},
    {.bitmap_index = 12735, .adv_w = 307, .box_w = 16, .box_h = 28, .ofs_x = 2, .ofs_y = 0},
    {.bitmap_index = 12812, .adv_w = 307, .box_w = 16, .box_h = 29, .ofs_x = 2, .ofs_y = 0},
    {.bitmap_index = 12900, .adv_w = 307, .box_w = 16, .box_h = 28, .ofs_x = 2, .ofs_y = 0},
    {.bitmap_index = 12984, .adv_w = 307, .box_w = 14, .box_h = 29, .ofs_x = 3, .ofs_y = 0},
    {.bitmap_index = 13055, .adv_w = 307, .box_w = 14, .box_h = 28, .ofs_x = 3, .ofs_y = 0},
    {.bitmap_index = 13126, .adv_w = 307, .box_w = 14, .box_h = 29, .ofs_x = 3, .ofs_y = 0},
    {.bitmap_index = 13208, .adv_w = 307, .box_w = 14, .box_h = 28, .ofs_x = 3, .ofs_y = 0},
    {.bitmap_index = 13284, .adv_w = 307, .box_w = 20, .box_h = 22, .ofs_x = -1, .ofs_y = 0},
    {.bitmap_index = 13414, .adv_w = 307, .box_w = 17, .box_h = 30, .ofs_x = 1, .ofs_y = 0},
    {.bitmap_index = 13556, .adv_w = 307, .box_w = 17, .box_h = 29, .ofs_x = 1, .ofs_y = 0},
    {.bitmap_index = 13719, .adv_w = 307, .box_w = 17, .box_h = 29, .ofs_x = 1, .ofs_y = 0},
    {.bitmap_index = 13880, .adv_w = 307, .box_w = 17, .box_h = 30, .ofs_x = 1, .ofs_y = 0},
    {.bitmap_index = 14049, .adv_w = 307, .box_w = 17, .box_h = 30, .ofs_x = 1, .ofs_y = 0},
    {.bitmap_index = 14220, .adv_w = 307, .box_w = 17, .box_h = 29, .ofs_x = 1, .ofs_y = 0},
    {.bitmap_index = 14386, .adv_w = 307, .box_w = 16, .box_h = 15, .ofs_x = 2, .ofs_y = 3},
    {.bitmap_index = 14486, .adv_w = 307, .box_w = 18, .box_h = 24, .ofs_x = 0, .ofs_y = -1},
    {.bitmap_index = 14660, .adv_w = 307, .box_w = 17, .box_h = 29, .ofs_x = 1, .ofs_y = 0},
    {.bitmap_index = 14761, .adv_w = 307, .box_w = 17, .box_h = 29, .ofs_x = 1, .ofs_y = 0},
    {.bitmap_index = 14860, .adv_w = 307, .box_w = 17, .box_h = 29, .ofs_x = 1, .ofs_y = 0},
    {.bitmap_index = 14962, .adv_w = 307, .box_w = 17, .box_h = 29, .ofs_x = 1, .ofs_y = 0},
    {.bitmap_index = 15067, .adv_w = 307, .box_w = 20, .box_h = 28, .ofs_x = 0, .ofs_y = 0},
    {.bitmap_index = 15218, .adv_w = 307, .box_w = 17, .box_h = 22, .ofs_x = 2, .ofs_y = 0},
    {.bitmap_index = 15309, .adv_w = 307, .box_w = 17, .box_h = 25, .ofs_x = 2, .ofs_y = 0},
    {.bitmap_index = 15454, .adv_w = 307, .box_w = 17, .box_h = 23, .ofs_x = 1, .ofs_y = 0},
    {.bitmap_index = 15601, .adv_w = 307, .box_w = 17, .box_h = 23, .ofs_x = 1, .ofs_y = 0},
    {.bitmap_index = 15746, .adv_w = 307, .box_w = 17, .box_h = 23, .ofs_x = 1, .ofs_y = 0},
    {.bitmap_index = 15895, .adv_w = 307, .box_w = 17, .box_h = 25, .ofs_x = 1, .ofs_y = 0},
    {.bitmap_index = 16054, .adv_w = 307, .box_w = 17, .box_h = 23, .ofs_x = 1, .ofs_y = 0},
    {.bitmap_index = 16204, .adv_w = 307, .box_w = 17, .box_h = 26, .ofs_x = 1, .ofs_y = 0},
    {.bitmap_index = 16365, .adv_w = 307, .box_w = 19, .box_h = 17, .ofs_x = 0, .ofs_y = 0},
    {.bitmap_index = 16492, .adv_w = 307, .box_w = 16, .box_h = 23, .ofs_x = 1, .ofs_y = -6},
    {.bitmap_index = 16630, .adv_w = 307, .box_w = 17, .box_h = 23, .ofs_x = 1, .ofs_y = 0},
    {.bitmap_index = 16772, .adv_w = 307, .box_w = 17, .box_h = 23, .ofs_x = 1, .ofs_y = 0},
    {.bitmap_index = 16912, .adv_w = 307, .box_w = 17, .box_h = 23, .ofs_x = 1, .ofs_y = 0},
    {.bitmap_index = 17055, .adv_w = 307, .box_w = 17, .box_h = 23, .ofs_x = 1, .ofs_y = 0},
    {.bitmap_index = 17199, .adv_w = 307, .box_w = 15, .box_h = 22, .ofs_x = 3, .ofs_y = 0},
    {.bitmap_index = 17260, .adv_w = 307, .box_w = 15, .box_h = 22, .ofs_x = 3, .ofs_y = 0},
    {.bitmap_index = 17320, .adv_w = 307, .box_w = 15, .box_h = 23, .ofs_x = 3, .ofs_y = 0},
    {.bitmap_index = 17389, .adv_w = 307, .box_w = 15, .box_h = 22, .ofs_x = 3, .ofs_y = 0},
    {.bitmap_index = 17459, .adv_w = 307, .box_w = 18, .box_h = 24, .ofs_x = 0, .ofs_y = 0},
    {.bitmap_index = 17624, .adv_w = 307, .box_w = 16, .box_h = 25, .ofs_x = 2, .ofs_y = 0},
    {.bitmap_index = 17722, .adv_w = 307, .box_w = 17, .box_h = 23, .ofs_x = 1, .ofs_y = 0},
    {.bitmap_index = 17869, .adv_w = 307, .box_w = 17, .box_h = 23, .ofs_x = 1, .ofs_y = 0},
    {.bitmap_index = 18015, .adv_w = 307, .box_w = 17, .box_h = 23, .ofs_x = 1, .ofs_y = 0},
    {.bitmap_index = 18164, .adv_w = 307, .box_w = 17, .box_h = 25, .ofs_x = 1, .ofs_y = 0},
    {.bitmap_index = 18328, .adv_w = 307, .box_w = 17, .box_h = 23, .ofs_x = 1, .ofs_y = 0},
    {.bitmap_index = 18480, .adv_w = 307, .box_w = 17, .box_h = 17, .ofs_x = 1, .ofs_y = 2},
    {.bitmap_index = 18556, .adv_w = 307, .box_w = 17, .box_h = 21, .ofs_x = 1, .ofs_y = -2},
    {.bitmap_index = 18700, .adv_w = 307, .box_w = 16, .box_h = 22, .ofs_x = 2, .ofs_y = 0},
    {.bitmap_index = 18776, .adv_w = 307, .box_w = 16, .box_h = 22, .ofs_x = 2, .ofs_y = 0},
    {.bitmap_index = 18854, .adv_w = 307, .box_w = 16, .box_h = 23, .ofs_x = 2, .ofs_y = 0},
    {.bitmap_index = 18940, .adv_w = 307, .box_w = 16, .box_h = 22, .ofs_x = 2, .ofs_y = 0},
    {.bitmap_index = 19026, .adv_w = 307, .box_w = 20, .box_h = 28, .ofs_x = 0, .ofs_y = -6},
    {.bitmap_index = 19219, .adv_w = 307, .box_w = 16, .box_h = 29, .ofs_x = 2, .ofs_y = -6},
    {.bitmap_index = 19330, .adv_w = 307, .box_w = 20, .box_h = 28, .ofs_x = 0, .ofs_y = -6}
};

/*---------------------
 *  CHARACTER MAPPING
 *--------------------*/



/*Collect the unicode lists and glyph_id offsets*/
static const lv_font_fmt_txt_cmap_t cmaps[] =
{
    {
        .range_start = 32, .range_length = 95, .glyph_id_start = 1,
        .unicode_list = NULL, .glyph_id_ofs_list = NULL, .list_length = 0, .type = LV_FONT_FMT_TXT_CMAP_FORMAT0_TINY
    },
    {
        .range_start = 160, .range_length = 96, .glyph_id_start = 96,
        .unicode_list = NULL, .glyph_id_ofs_list = NULL, .list_length = 0, .type = LV_FONT_FMT_TXT_CMAP_FORMAT0_TINY
    }
};



/*--------------------
 *  ALL CUSTOM DATA
 *--------------------*/

#if LVGL_VERSION_MAJOR == 8
/*Store all the custom data of the font*/
static  lv_font_fmt_txt_glyph_cache_t cache;
#endif

#if LVGL_VERSION_MAJOR >= 8
static const lv_font_fmt_txt_dsc_t font_dsc = {
#else
static lv_font_fmt_txt_dsc_t font_dsc = {
#endif
    .glyph_bitmap = glyph_bitmap,
    .glyph_dsc = glyph_dsc,
    .cmaps = cmaps,
    .kern_dsc = NULL,
    .kern_scale = 0,
    .cmap_num = 2,
    .bpp = 4,
    .kern_classes = 0,
    .bitmap_format = 1,
#if LVGL_VERSION_MAJOR == 8
    .cache = &cache
#endif
};



/*-----------------
 *  PUBLIC FONT
 *----------------*/

/*Initialize a public general font descriptor*/
#if LVGL_VERSION_MAJOR >= 8
const lv_font_t roboto_mono_bold_32 = {
#else
lv_font_t roboto_mono_bold_32 = {
#endif
    .get_glyph_dsc = lv_font_get_glyph_dsc_fmt_txt,    /*Function pointer to get glyph's data*/
    .get_glyph_bitmap = lv_font_get_bitmap_fmt_txt,    /*Function pointer to get glyph's bitmap*/
    .line_height = 39,          /*The maximum line height required by the font*/
    .base_line = 8,             /*Baseline measured from the bottom of the line*/
#if !(LVGL_VERSION_MAJOR == 6 && LVGL_VERSION_MINOR == 0)
    .subpx = LV_FONT_SUBPX_NONE,
#endif
#if LV_VERSION_CHECK(7, 4, 0) || LVGL_VERSION_MAJOR >= 8
    .underline_position = -2,
    .underline_thickness = 2,
#endif
    .dsc = &font_dsc,          /*The custom font data. Will be accessed by `get_glyph_bitmap/dsc` */
#if LV_VERSION_CHECK(8, 2, 0) || LVGL_VERSION_MAJOR >= 9
    .fallback = NULL,
#endif
    .user_data = NULL,
};



#endif /*#if ROBOTO_MONO_BOLD_32*/

