/*******************************************************************************
 * Size: 46 px
 * Bpp: 4
 * Opts: --bpp 4 --size 46 --font roboto_mono_medium.ttf --range 32-127,160-255 --format lvgl -o generated_fonts/roboto_mono_medium_46.c
 ******************************************************************************/

#ifdef LV_LVGL_H_INCLUDE_SIMPLE
#include "lvgl.h"
#else
#include "lvgl/lvgl.h"
#endif

#ifndef ROBOTO_MONO_MEDIUM_46
#define ROBOTO_MONO_MEDIUM_46 1
#endif

#if ROBOTO_MONO_MEDIUM_46

/*-----------------
 *    BITMAPS
 *----------------*/

/*Store the image of the glyphs*/
static LV_ATTRIBUTE_LARGE_CONST const uint8_t glyph_bitmap[] = {
    /* U+0020 " " */

    /* U+0021 "!" */
    0x1f, 0xfe, 0x50, 0xf, 0xfe, 0x80, 0x80, 0x7f,
    0xf1, 0xc4, 0x3, 0xff, 0xc8, 0xe0, 0x1f, 0x84,
    0x3, 0xff, 0xac, 0xa4, 0x58, 0x42, 0xf7, 0x71,
    0x0, 0x7f, 0xf3, 0x4, 0x3, 0x2f, 0x73, 0xe4,
    0xa, 0x84, 0x0, 0xd0, 0xa0, 0x1c, 0xa0, 0x1f,
    0x28, 0x7, 0x51, 0x59, 0x0, 0xbb, 0x80,

    /* U+0022 "\"" */
    0xff, 0xc4, 0x1, 0x27, 0xfd, 0xa0, 0x1f, 0xfc,
    0x53, 0x0, 0xff, 0xe0, 0x8, 0x7, 0xc2, 0x1,
    0xff, 0xc0, 0x70, 0x8, 0x40, 0x3f, 0x8, 0x4,
    0x60, 0x1f, 0x8c, 0x2, 0x10, 0xf, 0xc2, 0x1,
    0x38, 0x7, 0xef, 0x0, 0x84, 0x3, 0xf0, 0x80,
    0x46, 0x1, 0xf8, 0xe1, 0xdd, 0xa0, 0x19, 0x9d,
    0xf0,

    /* U+0023 "#" */
    0x0, 0xfe, 0x6f, 0xf9, 0x0, 0x34, 0xff, 0xc2,
    0x1, 0xff, 0xc0, 0xf0, 0x9, 0x40, 0x32, 0x80,
    0x4, 0x40, 0x1f, 0xfc, 0x5, 0x0, 0x8, 0x80,
    0x31, 0x80, 0x14, 0x3, 0xff, 0x82, 0x60, 0x5,
    0x0, 0xc4, 0x1, 0x18, 0x7, 0xff, 0x0, 0x80,
    0x23, 0x0, 0xce, 0x1, 0x68, 0x7, 0xff, 0x1,
    0xc0, 0x2d, 0x0, 0xda, 0x1, 0x38, 0x7, 0xff,
    0x3, 0x40, 0x27, 0x0, 0xc6, 0x1, 0x10, 0x7,
    0xff, 0x0, 0xc0, 0x22, 0x0, 0xca, 0x0, 0x30,
    0xf, 0xfe, 0xa, 0x80, 0xc, 0x3, 0x8, 0x80,
    0xa, 0x1, 0xe1, 0x99, 0xf0, 0x80, 0x6, 0x67,
    0x58, 0x4, 0xb3, 0x38, 0x40, 0x99, 0xbc, 0x1,
    0x13, 0x36, 0x50, 0x8, 0xd9, 0xb1, 0x80, 0x7f,
    0xfa, 0x4f, 0xff, 0x88, 0x0, 0x5f, 0xfc, 0x1,
    0x2f, 0xff, 0x10, 0x7, 0xc4, 0x0, 0x70, 0xc,
    0x60, 0x16, 0x80, 0x7f, 0xf0, 0xc, 0x2, 0xd0,
    0xc, 0xa0, 0x11, 0x80, 0x7f, 0xf0, 0x14, 0x2,
    0x30, 0xd, 0xe0, 0x12, 0x80, 0x7f, 0xf0, 0x3c,
    0x2, 0x50, 0xc, 0xa0, 0x1, 0x10, 0x7, 0xff,
    0x1, 0x40, 0x2, 0x20, 0xc, 0x60, 0x5, 0x0,
    0xff, 0xe0, 0x98, 0x1, 0x40, 0x31, 0x0, 0x46,
    0x1, 0xf7, 0x7f, 0xf0, 0x4, 0x9f, 0xfb, 0x40,
    0x27, 0xff, 0xce, 0x1, 0xff, 0xea, 0x97, 0x7c,
    0x40, 0x13, 0xbf, 0x0, 0x42, 0xef, 0xc6, 0x0,
    0x78, 0x8c, 0x1, 0x14, 0x46, 0x90, 0x9, 0x22,
    0x39, 0x0, 0x3e, 0x20, 0x3, 0x80, 0x62, 0x0,
    0xb4, 0x3, 0xff, 0x80, 0x60, 0x16, 0x80, 0x65,
    0x0, 0x8c, 0x3, 0xff, 0x80, 0xa0, 0x11, 0x80,
    0x6f, 0x0, 0x94, 0x3, 0xff, 0x81, 0xe0, 0x12,
    0x80, 0x65, 0x0, 0x8, 0x80, 0x3f, 0xf8, 0x4,
    0x1, 0x8, 0x6, 0x30, 0x2, 0x80, 0x7f, 0xf0,
    0x54, 0x0, 0x60, 0x18, 0x80, 0x23, 0x0, 0xff,
    0xe0, 0x8, 0x80, 0xa, 0x1, 0x9c, 0x2, 0xd0,
    0xf, 0xfe, 0x2, 0x80, 0x5e, 0x1, 0xb4, 0x2,
    0x70, 0xf, 0xe0,

    /* U+0024 "$" */
    0x0, 0xff, 0x77, 0xfa, 0x40, 0x3f, 0xff, 0xe0,
    0x1f, 0xfd, 0x42, 0x7c, 0xf1, 0x0, 0x36, 0xc9,
    0x80, 0x7f, 0xd3, 0xb0, 0x60, 0x1c, 0x4d, 0x96,
    0x20, 0x1f, 0xe, 0xb0, 0x7, 0xfc, 0x9e, 0x60,
    0x1e, 0xd2, 0x0, 0xff, 0xe0, 0x8e, 0x88, 0x6,
    0x73, 0x0, 0xe4, 0x8a, 0x95, 0x0, 0xe1, 0xb0,
    0xd, 0x20, 0x1d, 0x96, 0xea, 0xd5, 0x82, 0x1,
    0x94, 0x40, 0x6, 0x20, 0x1a, 0x4c, 0x3, 0x8e,
    0x80, 0x39, 0x80, 0x8, 0x1, 0xcc, 0x1, 0xf2,
    0x10, 0x6, 0xc0, 0x7, 0x80, 0x62, 0x0, 0xfe,
    0x50, 0xc, 0xa0, 0x1f, 0xfc, 0x5e, 0x0, 0xc2,
    0x0, 0xf0, 0xc, 0x42, 0x1, 0xf9, 0x22, 0x38,
    0x0, 0x80, 0x1d, 0x0, 0x1f, 0x89, 0xdf, 0x80,
    0x6, 0x20, 0x19, 0xa4, 0x3, 0xff, 0x89, 0x0,
    0x1c, 0xda, 0xc0, 0x1f, 0xfc, 0x26, 0x40, 0xe,
    0x29, 0xe9, 0x30, 0xf, 0xfe, 0x5, 0xa0, 0x7,
    0x85, 0xb3, 0xa, 0x1, 0xff, 0x5c, 0x0, 0x7e,
    0x3a, 0xd5, 0x0, 0xff, 0x3e, 0xa8, 0x7, 0xe2,
    0xaa, 0x0, 0x7f, 0x8a, 0xb9, 0xc4, 0x3, 0xe5,
    0xc1, 0x0, 0xff, 0xc, 0x76, 0x28, 0x7, 0x8e,
    0xc0, 0x3f, 0xf8, 0x27, 0x5c, 0xa0, 0x1c, 0xa8,
    0x1, 0xff, 0xc2, 0x1a, 0x90, 0xe, 0xf0, 0xf,
    0xfe, 0x23, 0x20, 0x6, 0x40, 0xac, 0xcc, 0xe0,
    0x1f, 0xee, 0x0, 0xe1, 0x63, 0x3d, 0xa0, 0x1f,
    0xe6, 0x0, 0xe3, 0x60, 0xc, 0xe0, 0x1f, 0xe7,
    0x0, 0xe3, 0xc0, 0xc, 0x48, 0x1, 0xfd, 0xa0,
    0x1c, 0x2e, 0x1, 0xd4, 0x20, 0x1f, 0x1b, 0x0,
    0x64, 0x1, 0x50, 0xc, 0x3e, 0xa0, 0x18, 0x5f,
    0x0, 0x3b, 0x80, 0x16, 0x20, 0x18, 0x6b, 0xf7,
    0x3b, 0x90, 0x1, 0xc6, 0xa0, 0x1, 0xa0, 0xf,
    0x88, 0xc4, 0x3, 0xc3, 0xc0, 0x19, 0x30, 0x40,
    0x3f, 0xf8, 0x27, 0x84, 0x1, 0xc7, 0xd0, 0x20,
    0x1f, 0xc5, 0x38, 0x40, 0x1f, 0x9f, 0xb6, 0x50,
    0x2, 0x69, 0xdd, 0x30, 0x7, 0xff, 0x0, 0x9b,
    0x80, 0x2b, 0x62, 0x0, 0xff, 0xff, 0x80,

    /* U+0025 "%" */
    0x0, 0x86, 0x77, 0xfd, 0xd4, 0x60, 0x1f, 0xfc,
    0x65, 0xe6, 0x20, 0x0, 0xae, 0x40, 0x7, 0xff,
    0x10, 0xa8, 0x3, 0xf3, 0xb0, 0x7, 0xff, 0xe,
    0x0, 0x23, 0xaa, 0x28, 0x5, 0x0, 0x1f, 0xfc,
    0x35, 0x0, 0xe, 0x2a, 0xa9, 0x0, 0x2, 0x60,
    0x18, 0xe8, 0xc0, 0x3c, 0x20, 0x12, 0x0, 0x6c,
    0x0, 0x98, 0x3, 0x7a, 0xe4, 0x0, 0x71, 0x80,
    0x7e, 0x10, 0xf, 0x94, 0xc0, 0x14, 0x1, 0xc6,
    0x1, 0xff, 0xc4, 0x80, 0x3, 0x10, 0x7, 0x8,
    0x4, 0xe0, 0x1b, 0xc0, 0x21, 0x0, 0x39, 0x0,
    0x20, 0x3, 0xe3, 0x0, 0x14, 0x8, 0x2b, 0x0,
    0x48, 0x3, 0x20, 0x7, 0x10, 0xf, 0xa4, 0x2,
    0x7e, 0xfa, 0x0, 0x98, 0x1, 0x2, 0x3, 0x0,
    0x1f, 0x95, 0xc0, 0x3f, 0x1c, 0x81, 0x30, 0x2,
    0x0, 0x3f, 0xd1, 0x44, 0x1, 0x86, 0x30, 0x1,
    0x20, 0x2, 0x60, 0xf, 0xf9, 0x77, 0xae, 0xdb,
    0xce, 0x0, 0x34, 0x0, 0x48, 0x7, 0xff, 0x8,
    0x51, 0x4, 0x1, 0xbc, 0x0, 0x88, 0x0, 0xff,
    0xe4, 0xa9, 0x80, 0x20, 0x3, 0xff, 0x95, 0x60,
    0x5, 0x30, 0xf, 0xfe, 0x4b, 0x88, 0x2, 0xc0,
    0x3f, 0xf9, 0x23, 0x0, 0x7, 0x10, 0x8, 0xd0,
    0xc0, 0x3f, 0xf8, 0x70, 0x0, 0x19, 0x2, 0xaf,
    0xcb, 0xcf, 0xa1, 0x0, 0xff, 0x89, 0x80, 0x10,
    0x27, 0x8a, 0x1, 0xcb, 0xe4, 0x1, 0xfe, 0x90,
    0x1, 0x30, 0x70, 0x80, 0x7c, 0x3c, 0x1, 0xfc,
    0x88, 0x0, 0x40, 0x29, 0x0, 0xb, 0x7f, 0x4,
    0x0, 0x66, 0x0, 0xfd, 0x20, 0x3, 0x50, 0xf0,
    0xb, 0x88, 0xe, 0xc0, 0x2b, 0x0, 0xf9, 0x88,
    0x1, 0xe0, 0x6, 0x0, 0x8c, 0x2, 0x40, 0x8,
    0x80, 0x3e, 0x80, 0x2, 0x98, 0x7, 0xff, 0x8,
    0x40, 0x3c, 0xe2, 0x0, 0x80, 0xf, 0xfe, 0x53,
    0xd1, 0x31, 0x0, 0x7f, 0xf0, 0xc4, 0x3, 0xe5,
    0xd9, 0x0, 0xca, 0x1, 0x30, 0x4, 0xe0, 0x16,
    0x80, 0x7f, 0xf0, 0xb4, 0x2, 0x97, 0x47, 0x90,
    0x9, 0x40, 0x3f, 0xf8, 0x48, 0x80, 0xa, 0x2e,
    0x0, 0x25, 0x20, 0xf, 0xfe, 0x1d, 0x18, 0x7,
    0xc9, 0x40, 0x1f, 0xfc, 0x41, 0xc9, 0x41, 0x1,
    0x4a, 0xb0, 0x0,

    /* U+0026 "&" */
    0x0, 0xfc, 0x93, 0xbf, 0xee, 0xb5, 0x0, 0xff,
    0xe2, 0x96, 0x5b, 0x10, 0x0, 0x52, 0xb0, 0x80,
    0x3f, 0xf8, 0x45, 0x86, 0x1, 0xf8, 0xf0, 0x40,
    0x3f, 0xf8, 0x3e, 0x20, 0x1f, 0xe1, 0xa0, 0xf,
    0xfe, 0x3, 0x10, 0x6, 0x17, 0x94, 0x0, 0xc8,
    0x40, 0x1f, 0xf6, 0x80, 0x62, 0xf8, 0x6b, 0x60,
    0xc, 0xa0, 0x1f, 0xf2, 0x80, 0x69, 0x10, 0xa,
    0xc0, 0x36, 0x80, 0x7f, 0xc2, 0x1, 0x90, 0x3,
    0x10, 0x7, 0xff, 0x38, 0x40, 0x31, 0x0, 0x7f,
    0xc2, 0x1, 0x88, 0x3, 0x30, 0x6, 0xc0, 0xf,
    0xf9, 0x40, 0x35, 0x0, 0x4b, 0x0, 0x11, 0xa0,
    0x7, 0xfd, 0xc0, 0x19, 0xc4, 0x26, 0x80, 0x21,
    0xe0, 0xf, 0xfe, 0x2, 0x88, 0x6, 0xad, 0x60,
    0x8, 0x74, 0x80, 0x3f, 0xf8, 0x30, 0x1, 0x90,
    0x80, 0x22, 0xc3, 0x0, 0xff, 0xe1, 0x32, 0x0,
    0x7c, 0xba, 0x40, 0x1f, 0xfc, 0x4e, 0x0, 0xf3,
    0xd0, 0x7, 0xff, 0x15, 0xe8, 0x3, 0xc4, 0x1,
    0xff, 0xc5, 0x98, 0x0, 0xf9, 0x5c, 0x3, 0x8a,
    0xef, 0x30, 0x6, 0xa6, 0x0, 0xfe, 0x84, 0x0,
    0xc2, 0x89, 0x84, 0x2, 0x75, 0x0, 0xcd, 0xc2,
    0x1, 0xac, 0x80, 0x26, 0x0, 0xc2, 0x0, 0x18,
    0x0, 0xc9, 0x23, 0xa0, 0x1d, 0xe0, 0x16, 0x0,
    0x65, 0x0, 0x48, 0x7, 0x50, 0x0, 0xe4, 0x3,
    0x15, 0x0, 0x10, 0x3, 0x18, 0x1, 0x0, 0x32,
    0x88, 0x4, 0xcc, 0x0, 0xca, 0xe8, 0x40, 0x11,
    0x80, 0x46, 0x1, 0xb0, 0x3, 0xa4, 0xc0, 0x34,
    0x48, 0x6, 0xa0, 0xf, 0xfe, 0x1e, 0x88, 0x6,
    0x20, 0x8, 0x58, 0x3, 0xf7, 0x80, 0x78, 0x68,
    0x3, 0xf4, 0x0, 0x63, 0x0, 0xce, 0x20, 0x1e,
    0x48, 0x0, 0xf2, 0x30, 0x6, 0xb0, 0xc, 0x34,
    0x1, 0xe2, 0xc0, 0xf, 0x60, 0x7, 0x30, 0x7,
    0x27, 0x43, 0x32, 0x33, 0x50, 0x3, 0xd0, 0x40,
    0x18, 0x68, 0x3, 0x85, 0xe6, 0x4e, 0x60, 0x1f,
    0xde, 0x1, 0xcb, 0x0, 0x1f, 0xfc, 0x22, 0x0,
    0xc5, 0x20, 0x1c, 0xf6, 0x40, 0x1f, 0xe3, 0xcd,
    0x20, 0xc, 0xc8, 0x1, 0xc9, 0xb6, 0xc4, 0x1,
    0xa, 0x46, 0xe1, 0x87, 0x0, 0x75, 0x8,

    /* U+0027 "'" */
    0x6f, 0xfb, 0x80, 0x3f, 0xf8, 0x46, 0x1, 0x84,
    0x3, 0x38, 0x6, 0x10, 0xc, 0x60, 0x18, 0x40,
    0x37, 0x80, 0x61, 0x24, 0x49, 0x40,

    /* U+0028 "(" */
    0x0, 0xff, 0x15, 0x88, 0x7, 0xf9, 0x35, 0x18,
    0x3, 0xf9, 0xac, 0x1, 0x60, 0x1f, 0x96, 0x40,
    0x26, 0x0, 0xf8, 0xa8, 0x2, 0x6a, 0x0, 0xfb,
    0xc0, 0x23, 0x90, 0xf, 0xa0, 0x80, 0x2d, 0x0,
    0xf8, 0x9c, 0x2, 0x91, 0x0, 0xfa, 0x40, 0x22,
    0x60, 0xf, 0x8d, 0x0, 0x2b, 0x0, 0xfd, 0x20,
    0x10, 0xb0, 0x7, 0xc2, 0xa0, 0x13, 0x80, 0x7e,
    0x70, 0xd, 0x40, 0x1f, 0xb4, 0x2, 0x13, 0x0,
    0xfc, 0x80, 0x12, 0x80, 0x7e, 0x30, 0xd, 0x80,
    0x1f, 0x90, 0x3, 0x18, 0x7, 0xed, 0x0, 0xcc,
    0x1, 0xf9, 0x80, 0x31, 0x0, 0x7e, 0x20, 0x8,
    0x40, 0x3f, 0x84, 0x2, 0x30, 0xf, 0xc2, 0x1,
    0x84, 0x3, 0xff, 0x82, 0xe0, 0x1f, 0x8c, 0x3,
    0xff, 0x9e, 0x60, 0x1f, 0xfc, 0x11, 0x0, 0xce,
    0x1, 0xff, 0xc1, 0x10, 0xf, 0xe2, 0x0, 0x88,
    0x3, 0xf9, 0x80, 0x30, 0x80, 0x7e, 0x30, 0xc,
    0x40, 0x1f, 0xb4, 0x3, 0x30, 0x7, 0xe7, 0x0,
    0xda, 0x1, 0xf8, 0x88, 0x1, 0x20, 0x7, 0xf2,
    0x80, 0x46, 0x20, 0x1f, 0xac, 0x3, 0x38, 0x7,
    0xe3, 0x20, 0xa, 0x80, 0x3f, 0xa8, 0x2, 0x32,
    0x0, 0xfc, 0xe2, 0x1, 0x58, 0x7, 0xf4, 0x80,
    0x4c, 0x20, 0x1f, 0x9c, 0x80, 0x2b, 0x0, 0xfe,
    0x90, 0x9, 0x54, 0x1, 0xf9, 0x1c, 0x2, 0xb2,
    0x0, 0xfd, 0x6, 0x0, 0x1c, 0x10, 0xf, 0xda,
    0x40, 0x1, 0xc0, 0xf, 0xc3, 0x86, 0x0, 0x70,
    0xf, 0xe1, 0xc6, 0xe, 0x0, 0xff, 0xa7, 0x10,
    0x0,

    /* U+0029 ")" */
    0xb, 0x30, 0xf, 0xf2, 0x23, 0x1c, 0x3, 0xfb,
    0x80, 0x11, 0x20, 0x1f, 0xb0, 0x2, 0x68, 0x0,
    0xf9, 0xa4, 0x2, 0x76, 0x0, 0xf9, 0x98, 0x1,
    0x49, 0x0, 0x7d, 0x24, 0x1, 0x70, 0x7, 0xe9,
    0x0, 0x8d, 0x80, 0x3e, 0x44, 0x0, 0x50, 0x1,
    0xfa, 0x0, 0x21, 0x70, 0xf, 0x8c, 0xc0, 0x14,
    0x80, 0x7e, 0xa0, 0x8, 0x54, 0x3, 0xe7, 0x0,
    0xde, 0x1, 0xf0, 0x98, 0x4, 0xa0, 0x1f, 0x90,
    0x3, 0x20, 0x7, 0xda, 0x1, 0xb0, 0x3, 0xe7,
    0x0, 0xc8, 0x1, 0xf1, 0x0, 0x63, 0x0, 0xfc,
    0x40, 0x18, 0x80, 0x3e, 0x60, 0xc, 0xc0, 0x1f,
    0x8, 0x6, 0x10, 0xf, 0x8c, 0x3, 0x18, 0x7,
    0xff, 0x0, 0x40, 0x3f, 0xfc, 0x46, 0x1, 0x84,
    0x3, 0xe1, 0x0, 0xc6, 0x1, 0xf3, 0x80, 0x66,
    0x0, 0xf8, 0x80, 0x31, 0x0, 0x7c, 0x20, 0x10,
    0x88, 0x3, 0xc6, 0x1, 0x90, 0x3, 0xe5, 0x0,
    0xd8, 0x1, 0xf6, 0x0, 0x64, 0x0, 0xf9, 0x0,
    0x22, 0x20, 0x7, 0x88, 0x40, 0x25, 0x0, 0xfa,
    0x80, 0x35, 0x0, 0x7c, 0xc0, 0x12, 0x10, 0x7,
    0x98, 0x40, 0x28, 0x0, 0xfa, 0xc0, 0x24, 0x30,
    0xf, 0x39, 0x0, 0x52, 0x1, 0xe2, 0x80, 0xa,
    0x8, 0x3, 0xde, 0x1, 0x1b, 0x80, 0x7a, 0xc8,
    0x0, 0x3a, 0x1, 0xea, 0x40, 0x0, 0xe0, 0x80,
    0x7b, 0x40, 0x3, 0x84, 0x1, 0xf2, 0x82, 0x79,
    0x0, 0x7e, 0x2b, 0xb0, 0x80, 0x7f, 0x0,

    /* U+002A "*" */
    0x0, 0xfe, 0x7f, 0xfc, 0x1, 0xff, 0xc6, 0x10,
    0x8, 0x40, 0x3f, 0xf8, 0xc4, 0x1, 0x18, 0x7,
    0xff, 0x19, 0xc0, 0x21, 0x0, 0xff, 0xe3, 0x8,
    0x4, 0xe0, 0x1f, 0xfc, 0x63, 0x0, 0x88, 0x3,
    0xfc, 0x94, 0x60, 0x1c, 0x20, 0x10, 0x80, 0x79,
    0x18, 0x1, 0xab, 0x98, 0x50, 0xf, 0xbc, 0x3,
    0x36, 0xdc, 0x0, 0x10, 0x0, 0x75, 0xce, 0x20,
    0x20, 0x2, 0x2, 0x9f, 0x92, 0x1, 0x32, 0x20,
    0x6, 0x18, 0xe9, 0x0, 0xb6, 0xf5, 0x80, 0x3a,
    0xc5, 0x4, 0x3, 0xcc, 0x20, 0x7, 0x40, 0xf,
    0x88, 0xef, 0xb2, 0x10, 0x40, 0x3f, 0xe3, 0x7b,
    0xfa, 0x0, 0x8d, 0xef, 0xb2, 0x0, 0x39, 0x23,
    0x3f, 0x21, 0x0, 0x3f, 0x8f, 0xc0, 0x38, 0x5c,
    0xc0, 0x3f, 0xf8, 0x2c, 0xe0, 0x2, 0x0, 0x2b,
    0x80, 0x7f, 0xf0, 0x4e, 0x40, 0x3, 0x84, 0x0,
    0x84, 0x0, 0xff, 0x87, 0x40, 0x28, 0x18, 0x0,
    0xac, 0x80, 0x3f, 0xda, 0x20, 0x3, 0x60, 0x54,
    0x0, 0xbc, 0x3, 0xfa, 0x8c, 0x2, 0xf0, 0xa,
    0x0, 0x22, 0xb0, 0xf, 0x9d, 0x40, 0x25, 0x30,
    0x8, 0xd8, 0x2, 0x48, 0x0, 0xf1, 0x8, 0x5,
    0x60, 0x1d, 0x0, 0x1f, 0xf2, 0xfa, 0x4, 0x8,
    0x7, 0xc, 0x0, 0xdc, 0x0, 0x7c, 0x37, 0x2e,
    0x1, 0xf3, 0xaf, 0xa0, 0x6,

    /* U+002B "+" */
    0x0, 0xff, 0xea, 0x7f, 0xf1, 0x80, 0x7f, 0xff,
    0xc0, 0x3f, 0xff, 0xe0, 0x1f, 0xfd, 0xe9, 0xff,
    0xfc, 0x1, 0xd9, 0xff, 0xf6, 0x80, 0x7f, 0xff,
    0xc0, 0x3f, 0xf8, 0xb1, 0xdd, 0xf8, 0x3, 0xaf,
    0xbb, 0xec, 0x11, 0xfe, 0x0, 0xe7, 0x11, 0xfc,
    0x1, 0xff, 0xff, 0x0, 0xff, 0xff, 0x80, 0x7f,
    0xf5, 0x80,

    /* U+002C "," */
    0x0, 0x7f, 0xf2, 0x80, 0x7f, 0xf4, 0xc4, 0x3,
    0xff, 0x86, 0xc0, 0x40, 0x18, 0x48, 0x10, 0x3,
    0x38, 0x3, 0x40, 0x35, 0x80, 0xa0, 0x4, 0xa4,
    0x10, 0x1, 0xd, 0x80, 0x38, 0x2, 0xa1, 0x0,
    0x3f, 0x3d, 0x20, 0x4,

    /* U+002D "-" */
    0x16, 0x6f, 0xfe, 0x2a, 0xaa, 0x67, 0xff, 0x8b,
    0x0, 0x1f, 0xfe, 0xd0,

    /* U+002E "." */
    0x0, 0x23, 0xb9, 0x0, 0x2a, 0xb8, 0x85, 0xe0,
    0x32, 0x80, 0x63, 0x8d, 0x0, 0xf3, 0x38, 0x7,
    0x85, 0x80, 0x3c, 0x70, 0x1, 0xe8, 0x2c, 0x40,
    0x1, 0xda, 0x0,

    /* U+002F "/" */
    0x0, 0xff, 0xe0, 0xf, 0xfe, 0xd0, 0xf, 0xfe,
    0x3, 0x0, 0x6a, 0x0, 0xff, 0xe0, 0x50, 0x6,
    0x60, 0xf, 0xf8, 0x88, 0x1, 0x18, 0x80, 0x7f,
    0xd4, 0x1, 0xa8, 0x3, 0xff, 0x80, 0xc0, 0x19,
    0xc0, 0x3f, 0xe3, 0x10, 0x9, 0x44, 0x3, 0xfe,
    0xa0, 0xd, 0xe0, 0x1f, 0xfc, 0x7, 0x0, 0xca,
    0x1, 0xff, 0x28, 0x80, 0x4c, 0x1, 0xff, 0xc0,
    0xf0, 0xd, 0xa0, 0x1f, 0xfc, 0x5, 0x0, 0x85,
    0x0, 0x3f, 0xe6, 0x0, 0xcc, 0x1, 0xff, 0xc0,
    0xd0, 0xd, 0x60, 0x1f, 0xf0, 0xa0, 0x4, 0x46,
    0x1, 0xff, 0x30, 0x6, 0xa0, 0xf, 0xfe, 0x5,
    0x80, 0x65, 0x0, 0xff, 0x88, 0xc0, 0x23, 0x20,
    0xf, 0xfa, 0x80, 0x35, 0x0, 0x7f, 0xf0, 0x18,
    0x3, 0x38, 0x7, 0xfc, 0x62, 0x1, 0x20, 0x80,
    0x7f, 0xd4, 0x1, 0xb8, 0x3, 0xff, 0x80, 0xe0,
    0x19, 0x40, 0x3f, 0xe4, 0x10, 0x9, 0x40, 0x3f,
    0xf8, 0x1c, 0x1, 0xb8, 0x3, 0xff, 0x80, 0xa0,
    0x10, 0xa0, 0x7, 0xfc, 0xc0, 0x19, 0x80, 0x3f,
    0xf8, 0x1a, 0x1, 0xac, 0x3, 0xfe, 0x14, 0x0,
    0x88, 0xc0, 0x3f, 0xe6, 0x0, 0xd4, 0x1, 0xff,
    0xc0, 0xb0, 0xc, 0xa0, 0x1f, 0xf1, 0x18, 0x4,
    0x64, 0x1, 0xff, 0x50, 0x6, 0xa0, 0xf, 0xfe,
    0x2, 0x80, 0x67, 0x0, 0xff, 0x8c, 0x80, 0x24,
    0x10, 0xf, 0xfa, 0x80, 0x37, 0x0, 0x7f, 0xf0,
    0x0,

    /* U+0030 "0" */
    0x0, 0xf1, 0xc6, 0x77, 0xfb, 0xad, 0xc4, 0x3,
    0xfc, 0x57, 0x8e, 0x62, 0x0, 0x14, 0x8e, 0x80,
    0xf, 0xc9, 0xa8, 0x1, 0xfe, 0x7c, 0x10, 0xe,
    0x2b, 0x0, 0xff, 0xe0, 0x9e, 0x80, 0x77, 0x0,
    0x70, 0xbc, 0xc2, 0x80, 0x71, 0xb8, 0x4, 0xa6,
    0x1, 0x9b, 0xa1, 0x9e, 0xb8, 0x80, 0x34, 0x8,
    0x2, 0x40, 0x31, 0xc8, 0x7, 0xf, 0x80, 0x73,
    0x0, 0x98, 0x6, 0x80, 0xf, 0x89, 0x80, 0x35,
    0x82, 0x0, 0x72, 0x0, 0x7e, 0xc0, 0xc, 0x61,
    0xa0, 0x18, 0xc0, 0x3f, 0x9c, 0x3, 0x8c, 0x80,
    0x33, 0x0, 0x7f, 0x10, 0x7, 0x30, 0x80, 0x63,
    0x0, 0xfc, 0x5a, 0x1, 0xc6, 0xe0, 0x1f, 0xfc,
    0x6, 0xd2, 0x0, 0xe1, 0x0, 0xff, 0xe0, 0x54,
    0x80, 0x7f, 0xf1, 0x8f, 0x54, 0x3, 0xff, 0x8c,
    0xf8, 0x40, 0x2, 0xc0, 0xf, 0xfe, 0x8, 0xdc,
    0x0, 0x4b, 0xa6, 0x1, 0xff, 0xc0, 0x3f, 0x40,
    0xa, 0x68, 0x3, 0xff, 0x82, 0xf8, 0x20, 0x3,
    0xd6, 0x0, 0xff, 0xe1, 0x8, 0x4, 0xd8, 0x40,
    0x1f, 0xfc, 0x51, 0xb9, 0x0, 0xff, 0xe0, 0x38,
    0x7, 0x1f, 0xa0, 0x7, 0xff, 0x0, 0x44, 0x1,
    0x8f, 0x4, 0x3, 0xff, 0x82, 0x64, 0x1, 0xff,
    0xc2, 0x10, 0xe, 0x6d, 0x0, 0xc6, 0x1, 0xfc,
    0xa0, 0x1c, 0x68, 0x1, 0xc8, 0x1, 0xfb, 0x40,
    0x31, 0x80, 0x98, 0x6, 0x80, 0xf, 0x85, 0x80,
    0x35, 0x80, 0x24, 0x3, 0x1d, 0x0, 0x70, 0xe0,
    0x7, 0x30, 0x1, 0x48, 0x3, 0x2f, 0x43, 0x32,
    0x78, 0x80, 0x33, 0x88, 0x5, 0xe0, 0x1c, 0x2f,
    0x32, 0x60, 0xe, 0x38, 0x0, 0xc5, 0x82, 0x1,
    0xff, 0xc0, 0x3d, 0x0, 0xf1, 0xe2, 0x0, 0x7f,
    0x9f, 0x4, 0x3, 0xe2, 0xbc, 0x73, 0x10, 0x0,
    0xa4, 0x74, 0x0, 0x70,

    /* U+0031 "1" */
    0x0, 0xff, 0xe7, 0x1c, 0xf8, 0x7, 0xf0, 0xbe,
    0xe3, 0x0, 0x7e, 0x5b, 0xe8, 0x20, 0xf, 0x8e,
    0x7e, 0x90, 0x3, 0xe1, 0x7d, 0xc6, 0x0, 0xff,
    0x6c, 0x10, 0x7, 0xff, 0x20, 0x40, 0x3f, 0xe2,
    0x8e, 0x80, 0xf, 0xc2, 0xd9, 0xae, 0x20, 0x1f,
    0x25, 0x74, 0x98, 0x7, 0xfa, 0x14, 0x3, 0xff,
    0xfe, 0x1, 0xff, 0xff, 0x0, 0xff, 0xff, 0x80,
    0x7f, 0xff, 0xc0, 0x3f, 0xfb, 0xe0,

    /* U+0032 "2" */
    0x0, 0xf9, 0x27, 0x3b, 0xfd, 0xd9, 0x4, 0x1,
    0xff, 0xc0, 0x4d, 0xb6, 0x31, 0x0, 0x9, 0xbe,
    0xd9, 0x0, 0x7f, 0x4d, 0x90, 0x7, 0xf9, 0x35,
    0x0, 0x3e, 0xa6, 0x0, 0xff, 0xe1, 0x59, 0x80,
    0x73, 0xa8, 0x7, 0x13, 0x43, 0x98, 0x7, 0xb8,
    0x3, 0xc, 0x0, 0x61, 0xbd, 0x97, 0x8c, 0xc0,
    0x80, 0x62, 0x50, 0xa, 0x40, 0x3b, 0x50, 0x3,
    0x8f, 0x0, 0x3b, 0xc0, 0x26, 0x0, 0xcc, 0x60,
    0x1f, 0x12, 0x80, 0x67, 0x0, 0x8, 0x80, 0x36,
    0x80, 0x7f, 0x60, 0x6, 0x20, 0x2, 0x80, 0x73,
    0x0, 0x7f, 0x10, 0x7, 0xcb, 0x33, 0xc4, 0x1,
    0xfc, 0x40, 0x18, 0x40, 0x2, 0xcd, 0xc0, 0x1f,
    0xef, 0x0, 0xca, 0x1, 0xff, 0xc5, 0x16, 0x0,
    0xda, 0x1, 0xff, 0xc5, 0x80, 0xe, 0x70, 0xf,
    0xfe, 0x22, 0x30, 0x6, 0x71, 0x0, 0xff, 0xe1,
    0x95, 0x0, 0x62, 0x80, 0xf, 0xfe, 0x18, 0xf8,
    0x80, 0x6e, 0x0, 0xff, 0xe2, 0x51, 0x0, 0x69,
    0x30, 0xf, 0xfe, 0x1d, 0x20, 0x6, 0x76, 0x0,
    0xff, 0xe1, 0xca, 0x80, 0x65, 0x80, 0xf, 0xfe,
    0x1c, 0x30, 0x6, 0x4a, 0x0, 0xff, 0xe1, 0xbb,
    0x80, 0x31, 0xd8, 0x7, 0xff, 0xd, 0xa0, 0x3,
    0x1e, 0x0, 0x7f, 0xf0, 0xd6, 0x40, 0x31, 0x68,
    0x7, 0xff, 0xd, 0x28, 0x3, 0x16, 0x8, 0x7,
    0xff, 0x8, 0xec, 0x3, 0xf, 0x88, 0x7, 0xff,
    0x8, 0xb4, 0x3, 0xe, 0x10, 0x7, 0xff, 0x8,
    0xb0, 0x40, 0x36, 0x90, 0x7, 0xff, 0x8, 0x7c,
    0x40, 0x33, 0x2b, 0x37, 0xff, 0x4, 0x42, 0x8,
    0x3, 0x9a, 0x67, 0xff, 0x84, 0xa0, 0x60, 0x1f,
    0xff, 0xa0,

    /* U+0033 "3" */
    0x0, 0xf2, 0x4e, 0x77, 0xfb, 0xb2, 0x50, 0x3,
    0xfc, 0x9b, 0x6c, 0x62, 0x0, 0x13, 0x6b, 0xe6,
    0x0, 0xfa, 0x6c, 0x80, 0x3f, 0xc3, 0x34, 0x1,
    0xd2, 0xc0, 0x1f, 0xfc, 0x25, 0xa0, 0x9, 0x58,
    0x3, 0x85, 0xa6, 0x4e, 0x40, 0x1c, 0xa8, 0x0,
    0x80, 0xe, 0x8e, 0x96, 0x64, 0x6c, 0x80, 0x74,
    0x1, 0x90, 0x6, 0x77, 0x0, 0x79, 0x98, 0x1,
    0x8c, 0x54, 0x3, 0xa0, 0x3, 0xf5, 0x80, 0x72,
    0x9a, 0x26, 0x50, 0xf, 0xe2, 0x0, 0xe1, 0x5b,
    0xbd, 0x40, 0x1f, 0xfd, 0x33, 0x0, 0xe7, 0x0,
    0xff, 0xe1, 0xc8, 0x6, 0x22, 0x0, 0x7f, 0xf0,
    0xa1, 0x40, 0x34, 0x0, 0x7e, 0x34, 0x49, 0x63,
    0x9c, 0x3, 0x32, 0x80, 0x7e, 0xeb, 0xba, 0x9c,
    0x40, 0x33, 0xc8, 0x7, 0xff, 0x18, 0x72, 0x0,
    0x3f, 0xf8, 0xe3, 0xc8, 0x1, 0xff, 0xc8, 0x2b,
    0x70, 0xf, 0xed, 0xff, 0xbb, 0x1c, 0x3, 0xa1,
    0x80, 0x3f, 0xf8, 0x2, 0x71, 0xc4, 0x1, 0xa4,
    0x40, 0x3f, 0xf8, 0x43, 0xe0, 0x1c, 0xe0, 0x1f,
    0xfc, 0x32, 0x40, 0xd, 0xa0, 0x1f, 0xfc, 0x43,
    0x0, 0xcc, 0x68, 0x98, 0x80, 0x3f, 0xde, 0x1,
    0xdd, 0x77, 0xc0, 0x1f, 0xee, 0x0, 0xe6, 0x0,
    0xc8, 0x1, 0xfe, 0x40, 0xc, 0xf8, 0x1, 0x89,
    0x40, 0x3f, 0x29, 0x0, 0x6c, 0x60, 0xe, 0xa6,
    0x0, 0xf2, 0xd0, 0x7, 0x38, 0xb8, 0x7, 0x4e,
    0xc3, 0x32, 0x32, 0x80, 0x3a, 0x4, 0x20, 0xc0,
    0x38, 0x9e, 0x64, 0xe6, 0x1, 0xc8, 0xe0, 0x16,
    0x20, 0x7, 0xff, 0x9, 0x6c, 0x3, 0xae, 0x44,
    0x3, 0xfc, 0x55, 0x40, 0xf, 0x9b, 0xad, 0x8c,
    0x40, 0x2, 0x6f, 0x7a, 0xa0, 0x18,

    /* U+0034 "4" */
    0x0, 0xff, 0xe1, 0x5f, 0xff, 0x10, 0x7, 0xff,
    0x15, 0x50, 0x3, 0xff, 0x94, 0x36, 0x1, 0xff,
    0xcb, 0xb1, 0x0, 0xff, 0xe5, 0x22, 0x80, 0x7f,
    0xf2, 0xe4, 0x3, 0xff, 0x97, 0x4, 0x1, 0xff,
    0xca, 0x37, 0x0, 0x88, 0x3, 0xff, 0x8f, 0xc0,
    0x1a, 0x0, 0x3f, 0xf8, 0xce, 0x40, 0x14, 0xb0,
    0x7, 0xff, 0x14, 0xa0, 0x2, 0x46, 0x0, 0xff,
    0xe3, 0x70, 0x6, 0x90, 0xf, 0xfe, 0x33, 0x18,
    0x5, 0x4, 0x1, 0xff, 0xc5, 0x19, 0x0, 0x8d,
    0xc0, 0x3f, 0xf8, 0xd6, 0x1, 0xb8, 0x3, 0xff,
    0x8c, 0xaa, 0x0, 0x9c, 0x80, 0x3f, 0xf8, 0xd6,
    0x1, 0x14, 0x0, 0x7f, 0xf1, 0xa4, 0x40, 0x2e,
    0x0, 0xff, 0xe3, 0x1b, 0x0, 0x4c, 0x60, 0x1f,
    0xfc, 0x6e, 0x0, 0x86, 0x40, 0x3f, 0xf8, 0xd0,
    0x40, 0x15, 0x0, 0x7f, 0xf1, 0x89, 0xc0, 0x35,
    0xff, 0xfd, 0x80, 0x1d, 0xbf, 0xf2, 0x50, 0x7,
    0xff, 0x33, 0xc0, 0x3f, 0xf9, 0x82, 0x1, 0xff,
    0xcc, 0x49, 0x9f, 0xfe, 0xb, 0x80, 0x74, 0x4c,
    0xca, 0x4c, 0xdf, 0xfc, 0x1b, 0x0, 0xe5, 0x66,
    0x84, 0x3, 0xff, 0xfe, 0x1, 0xff, 0xff,

    /* U+0035 "5" */
    0x0, 0xbf, 0xff, 0xf8, 0xb4, 0x1, 0x8, 0x7,
    0xff, 0x24, 0x80, 0x3f, 0xf9, 0x2c, 0x1, 0xff,
    0xc9, 0x20, 0xc, 0x24, 0x5f, 0xfc, 0x10, 0xb,
    0xc0, 0x34, 0xee, 0xff, 0xf0, 0x20, 0x2, 0x20,
    0xc, 0x40, 0x1f, 0xfc, 0x46, 0x0, 0xcc, 0x1,
    0xff, 0xc4, 0x10, 0xc, 0x40, 0x1f, 0xfc, 0x42,
    0x0, 0xc2, 0x1, 0xff, 0xc3, 0x10, 0xc, 0x40,
    0x1f, 0xfc, 0x42, 0x0, 0xc2, 0x27, 0xce, 0xff,
    0x75, 0xb0, 0x7, 0xce, 0x1, 0x8b, 0xa0, 0xc4,
    0x0, 0x29, 0x3c, 0xa0, 0x1c, 0x40, 0x18, 0x40,
    0x3f, 0x86, 0xa4, 0x3, 0x70, 0x7, 0xff, 0x11,
    0x9c, 0x2, 0x10, 0xe, 0x16, 0x99, 0x42, 0x0,
    0x7a, 0x8, 0x1, 0xac, 0x40, 0x7, 0xe9, 0x66,
    0x3d, 0xe9, 0x0, 0x75, 0x80, 0x12, 0x77, 0xb2,
    0x0, 0x3c, 0x58, 0x20, 0x19, 0x80, 0x38, 0x4c,
    0x3, 0xf0, 0xc0, 0x7, 0x20, 0x7, 0xff, 0xd,
    0x80, 0x38, 0xc0, 0x3f, 0xf8, 0x84, 0x1, 0xb8,
    0x3, 0xff, 0x88, 0xc0, 0x18, 0xc0, 0x3f, 0xf9,
    0x48, 0xab, 0x8c, 0x3, 0xfc, 0xc0, 0x18, 0xfa,
    0xab, 0x48, 0x7, 0xf8, 0x80, 0x37, 0x68, 0x6,
    0x50, 0xf, 0xe5, 0x0, 0xe4, 0x50, 0xe, 0x80,
    0xf, 0xd2, 0x1, 0x84, 0xc9, 0x0, 0x33, 0xc0,
    0x7, 0xa8, 0xc0, 0x33, 0x0, 0x24, 0x3, 0x9f,
    0x61, 0x99, 0x3c, 0xa0, 0x18, 0x64, 0x0, 0x52,
    0x1, 0xc4, 0xf3, 0x26, 0x10, 0xe, 0xa1, 0x0,
    0x9a, 0x40, 0x3f, 0xf8, 0x54, 0x80, 0x1c, 0xda,
    0x80, 0x1f, 0xe3, 0xd5, 0x0, 0xf8, 0xaf, 0x5c,
    0xc4, 0x0, 0x26, 0xf9, 0x82, 0x0, 0xc0,

    /* U+0036 "6" */
    0x0, 0xff, 0x92, 0x2f, 0x7f, 0xd0, 0x1, 0xff,
    0xc1, 0x18, 0xfb, 0x74, 0x20, 0xf, 0xfe, 0x1b,
    0xf3, 0x80, 0x7f, 0xf1, 0xee, 0x0, 0x3f, 0xf9,
    0x18, 0x80, 0x1f, 0x1a, 0xb6, 0x0, 0x7f, 0x51,
    0x80, 0x72, 0x5f, 0xe5, 0x4a, 0x0, 0x7e, 0x65,
    0x0, 0xc3, 0x96, 0x80, 0x1f, 0xfc, 0x1, 0x80,
    0xc, 0x5e, 0x60, 0x1f, 0xfc, 0x26, 0x10, 0x8,
    0x70, 0x40, 0x3f, 0xf8, 0x72, 0x1, 0xa0, 0x40,
    0x3f, 0xf8, 0x66, 0x20, 0x10, 0xb0, 0x4, 0x8c,
    0xc4, 0x10, 0xf, 0xd6, 0x1, 0x9c, 0xa, 0xbe,
    0xe6, 0x57, 0xd8, 0x80, 0x1e, 0x30, 0xd, 0x8f,
    0xaa, 0x1, 0xe3, 0xb9, 0x0, 0xe5, 0x0, 0xd3,
    0x0, 0x1f, 0xe6, 0xa0, 0x8, 0x44, 0x1, 0x8c,
    0x3, 0xff, 0x80, 0xac, 0x0, 0x30, 0xf, 0x86,
    0x77, 0xfa, 0x88, 0x3, 0xa0, 0x0, 0xc0, 0x1e,
    0x4e, 0x62, 0x1, 0x5d, 0x30, 0xc, 0x2c, 0x1,
    0xf1, 0x58, 0x7, 0xda, 0x1, 0xda, 0x1, 0xf4,
    0x80, 0x7e, 0x16, 0x0, 0xc8, 0x1, 0xf2, 0x80,
    0x7f, 0x68, 0x7, 0x10, 0x7, 0xff, 0x11, 0x40,
    0x38, 0x40, 0x3c, 0x60, 0x1f, 0xc2, 0x1, 0xce,
    0xc0, 0x1c, 0x20, 0x1f, 0xfc, 0x42, 0x0, 0xe5,
    0x0, 0xfe, 0x20, 0xe, 0x60, 0x30, 0xd, 0x80,
    0x1f, 0xce, 0x1, 0xc4, 0x16, 0x1, 0x94, 0x40,
    0x3f, 0x70, 0x6, 0x30, 0x3, 0x0, 0x75, 0x0,
    0x7c, 0x88, 0x0, 0xd6, 0x0, 0x16, 0x0, 0xc9,
    0x40, 0x1c, 0x96, 0x1, 0xcc, 0x1, 0x40, 0x80,
    0x65, 0xe8, 0x67, 0xcb, 0x0, 0xe9, 0x10, 0x8,
    0x74, 0x3, 0x85, 0xe6, 0xc, 0x3, 0x95, 0x80,
    0x38, 0xf0, 0x40, 0x3f, 0xf8, 0xb, 0x40, 0x1f,
    0x1f, 0xa8, 0x7, 0xf0, 0xcd, 0x0, 0x7f, 0xd,
    0x6b, 0x98, 0x80, 0x9, 0x67, 0x98, 0x3, 0x80,

    /* U+0037 "7" */
    0xf, 0xff, 0xfe, 0x54, 0x80, 0x7f, 0xfe, 0xf0,
    0x1d, 0xff, 0xf8, 0x8a, 0x1, 0x85, 0x42, 0x23,
    0xff, 0x88, 0x40, 0x19, 0x80, 0x3f, 0xf8, 0xce,
    0x1, 0xa4, 0x3, 0xff, 0x8a, 0xe0, 0x19, 0x44,
    0x3, 0xff, 0x8b, 0x20, 0x1a, 0x40, 0x3f, 0xf8,
    0xac, 0x20, 0x11, 0x98, 0x3, 0xff, 0x8b, 0x60,
    0x1a, 0x40, 0x3f, 0xf8, 0xa8, 0x40, 0x11, 0x28,
    0x7, 0xff, 0x16, 0x0, 0x35, 0x0, 0x7f, 0xf1,
    0x4c, 0xc0, 0x19, 0xc0, 0x3f, 0xf8, 0xb2, 0x1,
    0x98, 0x3, 0xff, 0x8a, 0x4a, 0x1, 0xac, 0x3,
    0xff, 0x8b, 0x60, 0x19, 0x8, 0x3, 0xff, 0x88,
    0x2c, 0x1, 0xbc, 0x3, 0xff, 0x8b, 0x20, 0x18,
    0x90, 0x3, 0xff, 0x8a, 0xc0, 0x1a, 0xc0, 0x3f,
    0xf8, 0xac, 0x20, 0x10, 0xb0, 0x7, 0xff, 0x16,
    0xc0, 0x33, 0x0, 0x7f, 0xf1, 0x54, 0x80, 0x34,
    0x80, 0x7f, 0xf1, 0x64, 0x3, 0x28, 0x80, 0x7f,
    0xf1, 0x10, 0xc0, 0x34, 0x80, 0x7f, 0xf1, 0x7c,
    0x3, 0x19, 0x80, 0x3f, 0xf8, 0x84, 0x80, 0x1a,
    0x40, 0x3f, 0xf8, 0xb0, 0x1, 0x85, 0x40, 0x3f,
    0xf8, 0x82, 0xa0, 0x1a, 0x40, 0x3f, 0xf8, 0xb2,
    0x1, 0xcc, 0x1, 0xff, 0xc4, 0x17, 0x0, 0xcc,
    0x20, 0x1f, 0xfc, 0x46, 0x0, 0xeb, 0x0, 0xff,
    0xe2, 0xc8, 0x6, 0x42, 0x0, 0xff, 0xe0, 0x0,

    /* U+0038 "8" */
    0x0, 0xf2, 0xce, 0xff, 0xdd, 0x6e, 0x40, 0x1f,
    0xe5, 0xea, 0x62, 0x0, 0x85, 0x23, 0x6c, 0x80,
    0x3e, 0x9a, 0x10, 0xf, 0xf2, 0x6a, 0x0, 0x73,
    0xb0, 0x7, 0xff, 0xa, 0xc8, 0x2, 0x28, 0x0,
    0xe1, 0x79, 0x84, 0x0, 0xf7, 0x0, 0x56, 0x1,
    0xcd, 0xd0, 0xcf, 0x7a, 0x20, 0x18, 0xd0, 0x0,
    0xe0, 0x18, 0xe4, 0x3, 0x8b, 0x40, 0x3b, 0x40,
    0x44, 0x1, 0xa8, 0x3, 0xe3, 0x40, 0xc, 0x40,
    0x60, 0x1c, 0xa0, 0x1f, 0x8c, 0x3, 0x30, 0x7,
    0xff, 0x24, 0x40, 0x80, 0x39, 0x40, 0x3f, 0x18,
    0x6, 0x50, 0x2, 0x80, 0x6b, 0x0, 0xf8, 0x90,
    0x3, 0x68, 0x2, 0x0, 0x31, 0x50, 0x7, 0x17,
    0x80, 0x63, 0x40, 0x1, 0x40, 0x6, 0x5e, 0x96,
    0x7a, 0xd2, 0x0, 0x87, 0x80, 0x33, 0xc0, 0x6,
    0x16, 0x98, 0x50, 0xc, 0x3a, 0x40, 0x1c, 0xf8,
    0x20, 0x1f, 0xe4, 0xf3, 0x0, 0xf1, 0x78, 0x80,
    0x7f, 0x92, 0x40, 0x3c, 0x9a, 0x60, 0x1f, 0xfc,
    0x7, 0xc1, 0x0, 0x8e, 0xc0, 0x30, 0xc6, 0xff,
    0xb1, 0x40, 0x31, 0xe8, 0x5, 0xc0, 0x18, 0xbd,
    0xc8, 0x0, 0x75, 0x60, 0x18, 0xdc, 0x10, 0x80,
    0x37, 0x8, 0x7, 0x91, 0xc0, 0x34, 0x87, 0x0,
    0x63, 0x30, 0x7, 0xe9, 0x0, 0xc2, 0x8e, 0x1,
    0x90, 0x3, 0xf8, 0x44, 0x1, 0x8c, 0xc0, 0x1b,
    0xc0, 0x3f, 0xc6, 0x1, 0xbc, 0xc0, 0x37, 0x0,
    0x7f, 0x8c, 0x3, 0x98, 0x3, 0x20, 0x7, 0xf1,
    0x88, 0x6, 0xe3, 0x0, 0xc4, 0xa0, 0x1f, 0xa0,
    0x3, 0x92, 0x80, 0x3a, 0x90, 0x3, 0xd2, 0x80,
    0x18, 0xc8, 0x8a, 0x1, 0xd7, 0x90, 0xcc, 0x9e,
    0x60, 0xe, 0x80, 0x5, 0x90, 0x7, 0x1b, 0xcc,
    0x98, 0x40, 0x39, 0xd0, 0x0, 0x38, 0x60, 0x1f,
    0xfc, 0x27, 0x80, 0xc, 0x39, 0x0, 0x1f, 0xf1,
    0x5c, 0x0, 0x7c, 0xff, 0x4a, 0x40, 0x10, 0x9b,
    0xe6, 0xa0, 0x6,

    /* U+0039 "9" */
    0x0, 0xf9, 0xaf, 0x7f, 0xdd, 0x90, 0x40, 0x1f,
    0xf3, 0x74, 0xa1, 0x0, 0x4, 0xdf, 0x64, 0x40,
    0x3f, 0x5c, 0x88, 0x7, 0xf3, 0x61, 0x0, 0x7a,
    0xd0, 0x3, 0xff, 0x80, 0x58, 0x20, 0x19, 0xd0,
    0x3, 0x92, 0x20, 0xc0, 0x1c, 0x34, 0x1, 0xc,
    0x0, 0x75, 0xd9, 0xdd, 0x3c, 0x60, 0x19, 0x10,
    0x0, 0x60, 0xe, 0xb4, 0x0, 0xc3, 0x84, 0x1,
    0xa0, 0x1, 0x60, 0x19, 0x10, 0x1, 0xf4, 0x80,
    0x63, 0x10, 0x30, 0xd, 0xc0, 0x1f, 0x90, 0x40,
    0x33, 0x98, 0x7, 0x38, 0x7, 0xf3, 0x80, 0x6c,
    0x70, 0xe, 0x20, 0xf, 0xef, 0x0, 0xcc, 0x20,
    0x1f, 0xfc, 0x33, 0x0, 0xc4, 0x20, 0x1c, 0x20,
    0x1f, 0xfc, 0x21, 0x60, 0xe, 0x50, 0xf, 0xfe,
    0x19, 0x0, 0x77, 0x0, 0x7f, 0x60, 0x7, 0x94,
    0x3, 0x29, 0x80, 0x7c, 0x8c, 0x1, 0xee, 0x0,
    0xed, 0x20, 0xe, 0x5b, 0x0, 0xf9, 0xc, 0x3,
    0xe, 0xca, 0xa3, 0xe5, 0x0, 0x78, 0x40, 0x1c,
    0x1, 0xe6, 0xab, 0x83, 0x0, 0xf8, 0x80, 0x5,
    0x60, 0x1f, 0xfc, 0x3, 0x0, 0xcc, 0x1, 0x26,
    0x10, 0x7, 0xe1, 0xb5, 0x0, 0xda, 0x1, 0x8f,
    0x69, 0x44, 0x0, 0x29, 0x3c, 0x8a, 0x1, 0x8c,
    0x3, 0xcb, 0x5d, 0xfe, 0xeb, 0x60, 0x13, 0x0,
    0xc8, 0x1, 0xff, 0xc3, 0x60, 0xc, 0x80, 0x1f,
    0xfc, 0x31, 0x90, 0xd, 0xc0, 0x1f, 0xfc, 0x3d,
    0x10, 0x8, 0x94, 0x3, 0xff, 0x82, 0x58, 0x60,
    0x1a, 0x0, 0x3f, 0xf8, 0x9, 0x5a, 0x60, 0x19,
    0x54, 0x1, 0xf2, 0xd5, 0xe7, 0xda, 0x80, 0x71,
    0xd0, 0x7, 0xec, 0x54, 0x30, 0xf, 0x8f, 0x40,
    0x3f, 0xf8, 0xef, 0x82, 0x1, 0xff, 0xc5, 0x6d,
    0x80, 0xf, 0xfe, 0x11, 0x23, 0xdf, 0xc9, 0x0,
    0x7c,

    /* U+003A ":" */
    0x0, 0x95, 0xd8, 0x80, 0x22, 0xea, 0x89, 0xd7,
    0x0, 0x70, 0x80, 0x68, 0x31, 0x30, 0xf, 0x59,
    0x80, 0x7c, 0x24, 0x1, 0xf7, 0x84, 0x0, 0x71,
    0x30, 0x3c, 0x90, 0xa, 0xe0, 0x4, 0xdb, 0xfd,
    0x42, 0x1, 0xff, 0xff, 0x0, 0xff, 0xe3, 0xac,
    0x39, 0x0, 0x45, 0xd4, 0xf1, 0xae, 0x0, 0xe1,
    0x0, 0xd0, 0x62, 0x60, 0x1e, 0xb3, 0x0, 0xf8,
    0x48, 0x3, 0xef, 0x8, 0x0, 0xe2, 0x60, 0x79,
    0x20, 0x15, 0xc0,

    /* U+003B ";" */
    0x0, 0x8d, 0xdc, 0x80, 0x1d, 0x39, 0x10, 0xbc,
    0x10, 0x2, 0xb0, 0x6, 0x3b, 0x0, 0x78, 0x7,
    0x94, 0x0, 0x20, 0x1f, 0xc6, 0x1, 0xe2, 0x0,
    0x48, 0x80, 0x74, 0x0, 0x7, 0x10, 0x0, 0x74,
    0xa0, 0x11, 0x5f, 0xfb, 0x14, 0x3, 0xff, 0xfe,
    0x1, 0xff, 0xe5, 0x58, 0x8c, 0x80, 0x1b, 0x9d,
    0xf6, 0x80, 0x7f, 0xf6, 0xc4, 0x3, 0x38, 0x6,
    0xf0, 0xc, 0x20, 0x18, 0xc0, 0x31, 0x0, 0x64,
    0x0, 0x90, 0x3, 0x28, 0x6, 0xe0, 0xd, 0x0,
    0x10, 0xa8, 0x4, 0xc4, 0x1, 0x48, 0x4, 0x52,
    0x1, 0xa2, 0x44, 0x5e, 0x1, 0xe6, 0xec, 0x20,
    0xe,

    /* U+003C "<" */
    0x0, 0xff, 0xe3, 0x25, 0x90, 0x7, 0xff, 0x11,
    0xb6, 0xd0, 0x3, 0xff, 0x84, 0x51, 0xd2, 0x40,
    0x1f, 0xfc, 0x23, 0xad, 0x71, 0x0, 0xff, 0xe1,
    0x36, 0xe2, 0x80, 0x7f, 0xf0, 0x86, 0x3a, 0x48,
    0x3, 0xf2, 0x98, 0x6, 0x3a, 0xe7, 0x10, 0xf,
    0x8e, 0x7a, 0x84, 0x0, 0xb9, 0x85, 0x0, 0xf8,
    0x9f, 0x71, 0x84, 0x0, 0x7d, 0x46, 0x1, 0xf3,
    0x66, 0xc1, 0x0, 0x73, 0x8, 0x7, 0x92, 0xbe,
    0x4c, 0x3, 0xff, 0x84, 0xfd, 0x6a, 0x1, 0xff,
    0xc5, 0x7d, 0x61, 0x0, 0xff, 0xe3, 0x1c, 0xf5,
    0x28, 0x7, 0xf2, 0xeb, 0x0, 0x7c, 0xb5, 0xd2,
    0x60, 0x1f, 0x14, 0xf4, 0x8, 0x7, 0x85, 0xb3,
    0x60, 0x80, 0x3c, 0x2f, 0xd4, 0x60, 0x1f, 0x13,
    0xee, 0x30, 0x7, 0xcb, 0x98, 0x50, 0xf, 0xc7,
    0x24, 0x1, 0xf8, 0xeb, 0xa0, 0x40, 0x3f, 0xf8,
    0xc2, 0xfd, 0x46, 0x1, 0xff, 0xc7, 0x5c, 0xc2,
    0x80, 0x7f, 0xf1, 0xce, 0xb9, 0xc4, 0x3, 0xff,
    0x8c, 0x31, 0xc4,

    /* U+003D "=" */
    0x5f, 0xff, 0xfe, 0x43, 0x80, 0x7f, 0xfd, 0x9d,
    0xff, 0xf9, 0x28, 0x51, 0x1f, 0xfc, 0x83, 0x0,
    0xff, 0xfb, 0x14, 0x47, 0xff, 0x20, 0xdd, 0xff,
    0xf9, 0x28, 0x1, 0xff, 0xf6,

    /* U+003E ">" */
    0x3b, 0x40, 0xf, 0xfe, 0x3a, 0x5e, 0xb8, 0x7,
    0xff, 0x1c, 0xa3, 0xe4, 0x80, 0x3f, 0xf8, 0xed,
    0xb8, 0xa0, 0x1f, 0xfc, 0x73, 0xae, 0x71, 0x0,
    0xfc, 0x4a, 0x1, 0xf8, 0x63, 0xa8, 0xc0, 0x3c,
    0x35, 0xf4, 0xa0, 0x1f, 0x97, 0x35, 0x80, 0x3e,
    0x5a, 0xf9, 0x40, 0xf, 0x8a, 0x7a, 0x8, 0x3,
    0xe6, 0xbe, 0x93, 0x0, 0xf0, 0xbe, 0xd0, 0x7,
    0xe1, 0x6c, 0xd8, 0x20, 0xf, 0x38, 0x7, 0xfc,
    0x4f, 0xb6, 0x40, 0x1f, 0xfc, 0x55, 0xbb, 0x10,
    0x7, 0xff, 0x9, 0x27, 0xe9, 0x0, 0x3c, 0x20,
    0x1e, 0x38, 0xeb, 0x60, 0xf, 0x8e, 0xb0, 0x2,
    0x17, 0xdc, 0x71, 0x0, 0xf9, 0xb3, 0xa, 0x0,
    0x6c, 0xe8, 0x20, 0xf, 0x8a, 0x3a, 0x4c, 0x2,
    0x39, 0x30, 0xf, 0xc9, 0x7a, 0xe2, 0x1, 0xff,
    0xc2, 0x6d, 0xb4, 0x0, 0xff, 0xe1, 0x14, 0xfc,
    0x90, 0x7, 0xff, 0x9, 0x6f, 0x58, 0x3, 0xff,
    0x84, 0x2f, 0xd4, 0x80, 0x1f, 0xfc, 0x33, 0xe8,
    0x10, 0xf, 0xfe, 0x28,

    /* U+003F "?" */
    0x0, 0xf1, 0xc6, 0x77, 0xfd, 0xb4, 0xc2, 0x1,
    0xfc, 0x79, 0x87, 0x31, 0x0, 0x89, 0x67, 0xa0,
    0x3, 0xe7, 0xc3, 0x0, 0xff, 0x9f, 0x4, 0x3,
    0x34, 0x0, 0x7f, 0xf0, 0x8f, 0x40, 0x21, 0x90,
    0xf, 0x1b, 0x31, 0x0, 0x3c, 0x6c, 0x0, 0x90,
    0xe, 0x4d, 0xc9, 0x95, 0xfb, 0x80, 0x75, 0x0,
    0x14, 0x3, 0x15, 0x90, 0x7, 0x42, 0x80, 0x63,
    0x10, 0x20, 0xd, 0x60, 0x1f, 0xb8, 0x3, 0x88,
    0x19, 0xb9, 0x0, 0x3f, 0x30, 0x7, 0x38, 0x4c,
    0xf1, 0x0, 0x7e, 0x10, 0xe, 0x70, 0xf, 0xfe,
    0x1a, 0x0, 0x71, 0x80, 0x7f, 0xf0, 0xe4, 0x3,
    0x20, 0x7, 0xff, 0xe, 0x84, 0x3, 0x40, 0x7,
    0xff, 0x9, 0xd4, 0x3, 0x31, 0x80, 0x7f, 0xf0,
    0x5e, 0x0, 0x31, 0x48, 0x7, 0xff, 0x6, 0x20,
    0x1, 0x87, 0x0, 0x3f, 0xf8, 0x32, 0xe0, 0x18,
    0xb0, 0x40, 0x3f, 0xf8, 0xe, 0xc0, 0x18, 0xf0,
    0x80, 0x3f, 0xf8, 0x3, 0x0, 0x18, 0xf0, 0x40,
    0x3f, 0xf8, 0x2e, 0x1, 0xda, 0x1, 0xff, 0xc3,
    0xf0, 0xc, 0xc2, 0x1, 0xff, 0xc3, 0x30, 0xd,
    0xe0, 0x1f, 0xfc, 0x93, 0x0, 0xff, 0xe2, 0x5e,
    0xee, 0x50, 0xf, 0xfe, 0x20, 0x91, 0x60, 0xf,
    0xfe, 0xe8, 0x80, 0x7f, 0xf1, 0xd3, 0xb9, 0xf6,
    0x20, 0x1f, 0xfc, 0x31, 0xb1, 0x0, 0x25, 0x80,
    0x7f, 0xf0, 0xd0, 0x3, 0x94, 0x3, 0xff, 0xb2,
    0x80, 0x1c, 0xc0, 0x1f, 0xfc, 0x31, 0xc3, 0x1,
    0x69, 0x0, 0xfc,

    /* U+0040 "@" */
    0x0, 0xfe, 0x27, 0xce, 0xff, 0x75, 0xb8, 0x80,
    0x7f, 0xf0, 0x86, 0xb6, 0xc, 0x40, 0x2, 0x91,
    0xd0, 0x1, 0xff, 0xc0, 0x4f, 0x50, 0xf, 0xf3,
    0xe0, 0x80, 0x7f, 0x35, 0x88, 0x0, 0x9e, 0xb2,
    0xe5, 0x80, 0x23, 0xc1, 0x0, 0xf9, 0x64, 0x0,
    0x35, 0xb0, 0xa6, 0x8d, 0x3e, 0xc0, 0x2, 0xb0,
    0xf, 0x15, 0x0, 0xb, 0xd4, 0x3, 0xf4, 0xc8,
    0x0, 0xa8, 0x1, 0xdc, 0x0, 0x1c, 0x10, 0xc,
    0x46, 0x40, 0x13, 0x28, 0x2, 0x0, 0x32, 0x98,
    0x2, 0x84, 0x2, 0x7e, 0xdc, 0xde, 0x70, 0x5,
    0x80, 0xc, 0x80, 0x28, 0x0, 0x2a, 0x0, 0x7,
    0x20, 0x40, 0x21, 0x8a, 0x1, 0x50, 0x2, 0x80,
    0xc, 0x80, 0x10, 0x1, 0x69, 0x80, 0x7c, 0xc0,
    0xf, 0x0, 0x60, 0x2, 0x80, 0x6, 0x40, 0x7,
    0x30, 0x2, 0x67, 0xc0, 0x1, 0xc0, 0x8, 0x0,
    0x50, 0x3, 0x80, 0x28, 0x2, 0x80, 0x2, 0x59,
    0x80, 0x61, 0x0, 0x8, 0x0, 0x40, 0x84, 0x0,
    0x80, 0x6, 0x0, 0xa4, 0x2, 0xe0, 0x1, 0x0,
    0x42, 0x0, 0x14, 0x0, 0x9, 0x0, 0x34, 0x0,
    0x84, 0x1, 0x18, 0x3, 0xc0, 0x23, 0x0, 0x1f,
    0x0, 0x8, 0x2, 0x40, 0x6, 0x0, 0x61, 0x0,
    0x8, 0x7, 0xc4, 0x0, 0x60, 0x1, 0x0, 0x48,
    0x1, 0x98, 0x0, 0x40, 0x1e, 0x36, 0x0, 0x10,
    0x1, 0xc0, 0x22, 0x0, 0xc6, 0x0, 0x70, 0x8,
    0xc0, 0x2, 0x1, 0xe2, 0x0, 0x84, 0x3, 0x8,
    0x0, 0x40, 0x21, 0x1, 0x1, 0x0, 0xff, 0xe0,
    0x88, 0x4, 0x40, 0x2, 0x0, 0x28, 0x8, 0x7,
    0x78, 0x7, 0xc6, 0x1, 0xe7, 0x0, 0x18, 0x38,
    0x0, 0x40, 0x1c, 0x1, 0x10, 0x4, 0xc0, 0x1,
    0x0, 0xb0, 0x1, 0x80, 0x20, 0x2, 0x0, 0x10,
    0x4, 0xa0, 0x14, 0x0, 0x70, 0xb0, 0xa, 0x6,
    0x80, 0x14, 0x0, 0x80, 0x14, 0x3b, 0x61, 0x80,
    0x4, 0xc6, 0x80, 0x12, 0x0, 0x30, 0x0, 0x90,
    0x1, 0x40, 0x28, 0x93, 0x1, 0x0, 0x67, 0x20,
    0x13, 0x80, 0x10, 0x2, 0xa0, 0x5, 0x88, 0x7,
    0x55, 0x0, 0x38, 0x7c, 0x3, 0x20, 0x1, 0x80,
    0x3, 0x8a, 0x0, 0x4c, 0x54, 0xa2, 0x1, 0x5c,
    0x20, 0xd, 0xe0, 0x1, 0x90, 0x1, 0x57, 0xfa,
    0xcc, 0x0, 0xbb, 0xfd, 0x44, 0x1, 0xc8, 0x60,
    0x6, 0x70, 0xf, 0xfe, 0x4f, 0x0, 0x51, 0x42,
    0x1, 0xf9, 0x0, 0x3f, 0xc5, 0x40, 0x12, 0xf5,
    0xba, 0xa2, 0x1a, 0xba, 0xc8, 0x3, 0xfc, 0xb6,
    0x1, 0x92, 0x2a, 0xed, 0x2a, 0x20, 0x80, 0x1f,
    0xf2, 0x72, 0x80, 0x7f, 0x84, 0x80, 0x3f, 0xf8,
    0x3, 0x5b, 0x8, 0x20, 0x11, 0x2d, 0x72, 0x0,
    0x7c,

    /* U+0041 "A" */
    0x0, 0xff, 0x37, 0xfe, 0xb0, 0xf, 0xfe, 0x4e,
    0x80, 0x64, 0x0, 0xff, 0xe4, 0xa, 0x0, 0x72,
    0x80, 0x7f, 0xf1, 0xd0, 0x3, 0xde, 0x1, 0xff,
    0xc7, 0xf0, 0xf, 0x28, 0x7, 0xff, 0x1d, 0x40,
    0x3e, 0x40, 0xf, 0xfe, 0x2a, 0x80, 0x7e, 0xd0,
    0xf, 0xfe, 0x2f, 0x80, 0x7e, 0x70, 0xf, 0xfe,
    0x2a, 0x80, 0x42, 0xa0, 0x10, 0x98, 0x7, 0xff,
    0xd, 0x0, 0x32, 0x78, 0x6, 0xb0, 0xf, 0xfe,
    0x1e, 0x80, 0x6f, 0x40, 0xc, 0xc0, 0x1f, 0xfc,
    0x37, 0x0, 0xc8, 0x26, 0x1, 0x9, 0x80, 0x7f,
    0xf0, 0x50, 0x40, 0x23, 0x10, 0x40, 0xd, 0x60,
    0x1f, 0xfc, 0x1d, 0x0, 0xc8, 0x0, 0xb0, 0xc,
    0xa0, 0x1f, 0xfc, 0x17, 0x0, 0xd6, 0x0, 0x31,
    0x0, 0x88, 0x80, 0x1f, 0xf1, 0x88, 0x4, 0x26,
    0x1, 0x20, 0x6, 0x50, 0xf, 0xfa, 0xc0, 0x32,
    0x0, 0x6f, 0x0, 0xd6, 0x1, 0xff, 0x30, 0x6,
    0xf0, 0xc, 0x80, 0x18, 0xc4, 0x3, 0xf8, 0xc4,
    0x3, 0x20, 0x6, 0x13, 0x0, 0xce, 0x1, 0xfd,
    0x60, 0x18, 0xc4, 0x3, 0x90, 0x3, 0x68, 0x7,
    0xf2, 0x80, 0x6b, 0x0, 0xf5, 0x80, 0x64, 0x10,
    0xf, 0x88, 0x80, 0x1a, 0x3f, 0xfd, 0x80, 0x1c,
    0x80, 0x1f, 0x28, 0x7, 0xff, 0x1b, 0xc0, 0x3e,
    0xa0, 0xf, 0xfe, 0x32, 0x80, 0x78, 0x88, 0x1,
    0xff, 0xc7, 0x50, 0xe, 0x50, 0xe, 0x44, 0xff,
    0x8, 0x6, 0xf0, 0xe, 0xb0, 0xc, 0x97, 0x7f,
    0xe6, 0x0, 0xc8, 0x1, 0x84, 0xc0, 0x36, 0x80,
    0x7f, 0xac, 0x3, 0xa, 0x0, 0x4e, 0x1, 0xce,
    0x1, 0xfe, 0x31, 0x0, 0xda, 0x1, 0x68, 0x6,
    0x31, 0x0, 0xff, 0x90, 0x3, 0x38, 0x0, 0x50,
    0x3, 0x58, 0x7, 0xff, 0x3, 0xc0, 0x30, 0x98,
    0x38, 0x7, 0x20, 0x7, 0xff, 0x1, 0x40, 0x3a,
    0xc3, 0x40, 0x30, 0x98, 0x7, 0xff, 0x5, 0x0,
    0x32, 0x80,

    /* U+0042 "B" */
    0xbf, 0xff, 0xfb, 0xb2, 0x98, 0x40, 0x3f, 0xf8,
    0xc2, 0x6b, 0x3d, 0x42, 0x1, 0xff, 0xc9, 0x5e,
    0x50, 0xf, 0xfe, 0x55, 0x20, 0x7, 0xc2, 0xef,
    0xe5, 0x10, 0xf, 0x50, 0x80, 0x79, 0x62, 0x3d,
    0x5d, 0x62, 0x1, 0x85, 0x80, 0x3f, 0xf8, 0x69,
    0x80, 0x1d, 0x60, 0x1f, 0xfc, 0x42, 0x60, 0xc,
    0x60, 0x1f, 0xfc, 0x5c, 0x0, 0xe1, 0x0, 0xff,
    0xe2, 0x8, 0x7, 0xff, 0x28, 0xc0, 0x30, 0x88,
    0x3, 0xff, 0x89, 0x40, 0x19, 0x0, 0x3f, 0xf8,
    0x94, 0x40, 0x1a, 0x40, 0x3f, 0xf8, 0x24, 0xda,
    0xa0, 0x19, 0xcc, 0x3, 0xc9, 0xff, 0xed, 0x92,
    0x0, 0xcf, 0x0, 0x1f, 0xfc, 0x73, 0xc8, 0x0,
    0xff, 0xe4, 0x1c, 0x90, 0x7, 0xff, 0x25, 0x75,
    0x40, 0x3e, 0x3d, 0xdf, 0x65, 0x28, 0x7, 0x52,
    0x0, 0x79, 0xc8, 0xbc, 0x6b, 0x58, 0x20, 0x1a,
    0x80, 0x3f, 0xf8, 0x87, 0xa0, 0x18, 0x58, 0x3,
    0xff, 0x88, 0x66, 0x0, 0xd8, 0x1, 0xff, 0xc5,
    0x50, 0xc, 0xe0, 0x1f, 0xfc, 0x51, 0x0, 0xc6,
    0x1, 0xff, 0xc5, 0x20, 0xc, 0x60, 0x1f, 0xfc,
    0x54, 0x0, 0xcc, 0x1, 0xff, 0xc4, 0x91, 0x0,
    0xd8, 0x1, 0xff, 0xc2, 0x1a, 0x60, 0xe, 0x60,
    0xe, 0x68, 0x8f, 0xaf, 0x94, 0x3, 0x9c, 0x40,
    0x38, 0x9d, 0xfe, 0x40, 0xf, 0x1c, 0x0, 0x7f,
    0xf2, 0x17, 0x0, 0x3f, 0xf8, 0xe5, 0x54, 0x0,
    0xff, 0xe2, 0xa, 0x3e, 0x6a, 0x80, 0x60,

    /* U+0043 "C" */
    0x0, 0xf8, 0xa3, 0x3b, 0xfd, 0xd9, 0x28, 0x1,
    0xff, 0xc0, 0x1a, 0xd7, 0x31, 0x0, 0x9, 0xb5,
    0xea, 0x0, 0x7f, 0x27, 0x28, 0x7, 0xf8, 0xae,
    0x40, 0x3e, 0x4b, 0x0, 0xff, 0xe1, 0x34, 0x80,
    0x71, 0x58, 0x7, 0x96, 0x20, 0xc2, 0x1, 0xcc,
    0xa0, 0x1b, 0x80, 0x39, 0xbe, 0x9d, 0xd3, 0xd2,
    0x1, 0xd6, 0x1, 0x21, 0x80, 0x66, 0x90, 0xf,
    0x34, 0x80, 0x61, 0x60, 0x7, 0x80, 0x61, 0x90,
    0xf, 0xcc, 0x60, 0x1a, 0x80, 0x50, 0x3, 0x48,
    0x7, 0xfa, 0x80, 0x31, 0x8b, 0x80, 0x73, 0x0,
    0x7f, 0x90, 0x3, 0x97, 0xc0, 0x31, 0x8, 0x7,
    0xf8, 0x95, 0x79, 0xd4, 0x3, 0x30, 0x7, 0xff,
    0x2, 0xab, 0x8c, 0x40, 0x31, 0x0, 0x7f, 0xf1,
    0x8c, 0x3, 0x8, 0x7, 0xff, 0x18, 0x40, 0x3f,
    0xff, 0xe0, 0x1f, 0xfe, 0x1, 0x0, 0xff, 0xe8,
    0x8, 0x7, 0xff, 0x18, 0x80, 0x31, 0x80, 0x7f,
    0xf1, 0x94, 0x3, 0x38, 0x7, 0xff, 0x1, 0x9b,
    0x8b, 0xc0, 0x31, 0x8, 0x7, 0xf8, 0x66, 0x79,
    0x90, 0x3, 0x9c, 0x3, 0xfc, 0x80, 0x1c, 0xa4,
    0x60, 0x1a, 0xc0, 0x3f, 0xdc, 0x1, 0x88, 0x42,
    0x40, 0x31, 0x38, 0x7, 0xe5, 0x40, 0xd, 0x40,
    0x5, 0x30, 0xd, 0xe, 0x1, 0xe6, 0xa0, 0xc,
    0x2e, 0x1, 0x78, 0x7, 0x47, 0x4b, 0xba, 0x7a,
    0x40, 0x3a, 0xc0, 0x31, 0xc8, 0x7, 0xb, 0x44,
    0x18, 0x40, 0x39, 0xd4, 0x3, 0x9a, 0x40, 0x3f,
    0xf8, 0x4f, 0x0, 0x1f, 0x36, 0xa0, 0x7, 0xf8,
    0xf2, 0x0, 0x3f, 0x8a, 0xf1, 0xcc, 0x40, 0x2,
    0x6f, 0x98, 0x30, 0xe,

    /* U+0044 "D" */
    0xef, 0xff, 0xed, 0xa6, 0x10, 0xf, 0xfe, 0x39,
    0x2c, 0xf5, 0x98, 0x7, 0xff, 0x25, 0x32, 0x40,
    0x3f, 0xf9, 0x4d, 0xa2, 0x1, 0xfc, 0x71, 0x13,
    0xa0, 0x7, 0x8b, 0x4, 0x3, 0xf2, 0xbb, 0xd1,
    0x7c, 0xe0, 0x1c, 0x54, 0x1, 0xff, 0xc2, 0x18,
    0xd1, 0x0, 0xc8, 0xa0, 0x1f, 0xfc, 0x32, 0xd0,
    0xe, 0x80, 0xf, 0xfe, 0x21, 0xc0, 0x6, 0x25,
    0x0, 0xff, 0xe2, 0x38, 0x80, 0x6e, 0x0, 0xff,
    0xe2, 0xb8, 0x6, 0x40, 0xf, 0xfe, 0x2e, 0x0,
    0x71, 0x80, 0x7f, 0xf1, 0x1c, 0x3, 0x98, 0x3,
    0xff, 0x88, 0x40, 0x1c, 0x40, 0x1f, 0xfc, 0xaf,
    0x0, 0xff, 0xe2, 0x88, 0x6, 0x10, 0xf, 0xff,
    0x98, 0x80, 0x61, 0x0, 0xff, 0xe5, 0x78, 0x7,
    0xff, 0x10, 0x80, 0x38, 0x40, 0x3f, 0xf8, 0x8e,
    0x1, 0xca, 0x1, 0xff, 0xc4, 0xc0, 0xe, 0x30,
    0xf, 0xfe, 0x23, 0x80, 0x64, 0x0, 0xff, 0xe2,
    0x38, 0x80, 0x6e, 0x0, 0xff, 0xe1, 0x94, 0x0,
    0x62, 0x50, 0xf, 0xfe, 0x10, 0xf8, 0x7, 0x40,
    0x7, 0xff, 0x9, 0xbc, 0x80, 0x32, 0xa8, 0x3,
    0xe2, 0x66, 0x9e, 0xba, 0x44, 0x3, 0x15, 0x80,
    0x7e, 0x49, 0x9a, 0x14, 0x40, 0x38, 0xb0, 0x40,
    0x3f, 0xf8, 0xeb, 0xa2, 0x1, 0xff, 0xc6, 0x3b,
    0xa0, 0xf, 0xfe, 0x21, 0x24, 0x6e, 0x20, 0x7,
    0xc0,

    /* U+0045 "E" */
    0x5f, 0xff, 0xfe, 0x45, 0x80, 0x7f, 0xff, 0x1d,
    0xff, 0xf8, 0x7a, 0x1, 0xe8, 0x8f, 0xfe, 0x1b,
    0x0, 0x7f, 0xff, 0xc0, 0x3f, 0xff, 0xe0, 0x1f,
    0xe6, 0x6f, 0xfe, 0x9, 0x80, 0x7e, 0x99, 0xff,
    0xe0, 0xd0, 0x7, 0xff, 0xfb, 0xff, 0xff, 0x83,
    0x20, 0x1f, 0xff, 0xf0, 0xf, 0xff, 0xf8, 0x7,
    0xff, 0xb2, 0x23, 0xff, 0x86, 0xc0, 0x1e, 0x77,
    0xff, 0xe1, 0xd8, 0x7, 0xff, 0xd8,

    /* U+0046 "F" */
    0x4f, 0xff, 0xfe, 0x48, 0x7, 0xff, 0xf1, 0x9d,
    0xff, 0xf8, 0x60, 0x1e, 0xa8, 0x8f, 0xfe, 0x18,
    0x7, 0xff, 0xfc, 0x3, 0xff, 0xfe, 0x1, 0xff,
    0xd4, 0xa8, 0x8f, 0xfe, 0x8, 0x7, 0xe6, 0x77,
    0xff, 0xe0, 0x80, 0x7f, 0xff, 0xb3, 0xff, 0xff,
    0x82, 0x1, 0xff, 0xff, 0x0, 0xff, 0xff, 0x80,
    0x7f, 0xff, 0xc0, 0x3f, 0xfe, 0x60,

    /* U+0047 "G" */
    0x0, 0xf8, 0x9f, 0x3b, 0xfd, 0xd9, 0x2a, 0x1,
    0xff, 0xc0, 0x1a, 0xd8, 0x31, 0x0, 0x9, 0xb5,
    0x73, 0x0, 0x7f, 0x1f, 0xa8, 0x7, 0xf8, 0x66,
    0xc0, 0x3e, 0x3c, 0x10, 0xf, 0xfe, 0xa, 0x60,
    0x7, 0xe, 0x80, 0x79, 0x1d, 0xcc, 0x20, 0x1c,
    0x70, 0x1, 0xac, 0x40, 0x31, 0xed, 0xc4, 0x27,
    0xa8, 0x3, 0x9c, 0x40, 0x6, 0xa0, 0x18, 0xf0,
    0x80, 0x39, 0x6c, 0x3, 0xa4, 0x1, 0x20, 0x1d,
    0xc0, 0x1f, 0x91, 0x0, 0x19, 0x40, 0xa, 0x1,
    0x94, 0x80, 0x3f, 0xb8, 0x3, 0x10, 0xa8, 0x7,
    0x48, 0x7, 0xf9, 0x13, 0xc7, 0xa0, 0x1c, 0x60,
    0x1f, 0xe1, 0xbb, 0xe2, 0x30, 0xc, 0x60, 0x1f,
    0xfc, 0x66, 0x0, 0xcc, 0x1, 0xff, 0xc6, 0x30,
    0xc, 0x60, 0x1f, 0xfc, 0xb1, 0x0, 0xff, 0xe3,
    0x8, 0x7, 0xfc, 0x89, 0xff, 0x0, 0x7f, 0xf0,
    0x6e, 0xff, 0xe3, 0x0, 0xff, 0xe6, 0x8, 0x7,
    0xff, 0x40, 0x40, 0x3f, 0xf8, 0xc6, 0x1, 0x8c,
    0x3, 0xdf, 0xfd, 0xc0, 0x1e, 0x60, 0xc, 0xc0,
    0x1f, 0xfc, 0x63, 0x0, 0xc6, 0x1, 0xff, 0xc6,
    0xc0, 0xe, 0x30, 0xf, 0xfe, 0x23, 0xa0, 0x7,
    0x50, 0x7, 0xff, 0x19, 0x40, 0x33, 0x10, 0x7,
    0xff, 0x16, 0x0, 0x3b, 0xc0, 0x3f, 0x8c, 0x3,
    0xe2, 0x50, 0xc, 0x5a, 0x60, 0x1e, 0x4f, 0x0,
    0xfd, 0x62, 0x1, 0x8b, 0x31, 0xf, 0x15, 0xd6,
    0x40, 0x1c, 0xc0, 0x1, 0xd0, 0xf, 0x1b, 0xc3,
    0xa8, 0x80, 0x7a, 0xc8, 0x2, 0x3d, 0x20, 0xf,
    0xfe, 0x11, 0x6a, 0x0, 0x71, 0x6b, 0x80, 0x7f,
    0xc5, 0x5a, 0x40, 0x1f, 0xa3, 0xa5, 0x8, 0x2,
    0x24, 0x8d, 0xd2, 0x80, 0x60,

    /* U+0048 "H" */
    0x1f, 0xfe, 0x30, 0xf, 0xf6, 0x7f, 0xe7, 0x0,
    0xff, 0xff, 0x80, 0x7f, 0xff, 0xc0, 0x3f, 0xff,
    0xe0, 0x1f, 0xff, 0xf0, 0xe, 0xcf, 0xff, 0xf1,
    0x80, 0x7f, 0xff, 0xc0, 0x39, 0x9d, 0xff, 0xc2,
    0x1, 0xff, 0x54, 0x47, 0xf8, 0x80, 0x3f, 0xff,
    0xe0, 0x1f, 0xff, 0xf0, 0xf, 0xff, 0xf8, 0x7,
    0xff, 0xfc, 0x3, 0x0,

    /* U+0049 "I" */
    0xdf, 0xff, 0xfe, 0x33, 0x0, 0x7f, 0xfc, 0x2d,
    0xdf, 0xc0, 0x1c, 0x8e, 0xfe, 0x56, 0x88, 0xf0,
    0x7, 0x64, 0x47, 0x8c, 0x3, 0xff, 0xfe, 0x1,
    0xff, 0xff, 0x0, 0xff, 0xff, 0x80, 0x7f, 0xff,
    0xc0, 0x3f, 0xff, 0xe0, 0x1f, 0xff, 0x56, 0x88,
    0xf0, 0x7, 0x64, 0x47, 0x8e, 0xdd, 0xfc, 0x1,
    0xc8, 0xef, 0xe5, 0x0, 0xff, 0xf8, 0x0,

    /* U+004A "J" */
    0x0, 0xff, 0xe2, 0x27, 0xff, 0x18, 0x7, 0xff,
    0xfc, 0x3, 0xff, 0xfe, 0x1, 0xff, 0xff, 0x0,
    0xff, 0xff, 0x80, 0x7f, 0xff, 0xc0, 0x3f, 0xff,
    0xe0, 0x1f, 0xfe, 0xb1, 0x9f, 0xfd, 0xa0, 0x1f,
    0xe1, 0x0, 0xf7, 0x0, 0x62, 0x0, 0xff, 0x68,
    0x7, 0x11, 0x80, 0x72, 0x0, 0x7f, 0x30, 0x6,
    0x30, 0x40, 0xe, 0x80, 0xf, 0xd0, 0x20, 0x1a,
    0xc0, 0xc, 0x1, 0x8e, 0xc4, 0x3, 0xa1, 0xc0,
    0x30, 0xb8, 0x2, 0x0, 0x39, 0x3a, 0xa1, 0xe7,
    0x9c, 0x3, 0xac, 0x2, 0x1a, 0x0, 0xf2, 0xbc,
    0x30, 0x80, 0x73, 0x28, 0x6, 0x59, 0x0, 0xff,
    0xe1, 0x3c, 0x80, 0x79, 0xb5, 0x0, 0x3f, 0xc7,
    0x90, 0x1, 0xf8, 0xaf, 0x5d, 0x4, 0x0, 0x26,
    0xd9, 0x83, 0x0, 0xe0,

    /* U+004B "K" */
    0xbf, 0xfd, 0x80, 0x1f, 0xe1, 0xdf, 0xfe, 0xa0,
    0xf, 0xfe, 0x2d, 0x90, 0x6, 0x2a, 0x0, 0xff,
    0xe2, 0x3a, 0x80, 0x77, 0x80, 0x7f, 0xf1, 0xe,
    0x0, 0x3a, 0x88, 0x3, 0xff, 0x86, 0x3c, 0x1,
    0xcc, 0xa0, 0x1f, 0xfc, 0x4b, 0x20, 0xc, 0x72,
    0x1, 0xff, 0xc4, 0x65, 0x0, 0xc3, 0xa0, 0x1f,
    0xfc, 0x43, 0x90, 0xe, 0xa1, 0x0, 0xff, 0xe2,
    0x70, 0x7, 0x3a, 0x0, 0x7f, 0xf1, 0x28, 0x80,
    0x32, 0x40, 0x7, 0xff, 0x11, 0x94, 0x3, 0xd,
    0x0, 0x7f, 0xf1, 0xe, 0x40, 0x3b, 0x44, 0x3,
    0xff, 0x86, 0x3c, 0x1, 0xd2, 0x60, 0x1f, 0xfc,
    0x4a, 0x20, 0xc, 0xac, 0x1, 0xff, 0xc4, 0x74,
    0x0, 0xeb, 0x0, 0xff, 0xe2, 0x14, 0x0, 0x79,
    0x80, 0x3f, 0xf8, 0x82, 0x1, 0xf4, 0x10, 0x7,
    0xff, 0x32, 0x40, 0x3f, 0xf8, 0xe2, 0x1, 0x91,
    0x80, 0x3f, 0xf8, 0xad, 0xa0, 0x1d, 0x2, 0x1,
    0xff, 0xc3, 0x49, 0x36, 0x0, 0xc3, 0x60, 0x1f,
    0xfc, 0x23, 0xb0, 0x4, 0x8, 0x6, 0x54, 0x0,
    0xff, 0xe0, 0xe, 0x80, 0x43, 0x60, 0x1d, 0x40,
    0x1f, 0xfc, 0x2, 0x10, 0xc, 0xa8, 0x1, 0x86,
    0x40, 0x3f, 0xf8, 0xd2, 0x1, 0xcc, 0x60, 0x1f,
    0xfc, 0x52, 0x70, 0xe, 0xe0, 0xf, 0xfe, 0x34,
    0x10, 0x6, 0x27, 0x0, 0xff, 0xe3, 0x48, 0x7,
    0x41, 0x0, 0x7f, 0xf1, 0x51, 0x40, 0x3a, 0x40,
    0x3f, 0xf8, 0xd6, 0x1, 0xc8, 0xc0, 0x1f, 0xfc,
    0x51, 0x90, 0xe, 0x81, 0x0, 0xff, 0xe2, 0xb1,
    0x80, 0x61, 0xb0, 0xf, 0xfe, 0x37, 0x80, 0x72,
    0xa0,

    /* U+004C "L" */
    0x3f, 0xfe, 0x30, 0xf, 0xff, 0xf8, 0x7, 0xff,
    0xfc, 0x3, 0xff, 0xfe, 0x1, 0xff, 0xff, 0x0,
    0xff, 0xff, 0x80, 0x7f, 0xff, 0xc0, 0x3f, 0xff,
    0xe0, 0x1f, 0xff, 0xf0, 0xf, 0xfe, 0x1d, 0x44,
    0x7f, 0xf0, 0x98, 0x3, 0xcc, 0xef, 0xff, 0xc2,
    0xb0, 0xf, 0xff, 0xb0,

    /* U+004D "M" */
    0xff, 0xf7, 0x0, 0x7e, 0xef, 0xff, 0x0, 0x78,
    0x48, 0x3, 0xc6, 0x20, 0x1f, 0xfc, 0x15, 0x0,
    0xf5, 0x80, 0x7f, 0xf0, 0xac, 0x3, 0xca, 0x1,
    0xff, 0xc2, 0x30, 0xe, 0x22, 0x0, 0x7f, 0xf0,
    0xd4, 0x3, 0x28, 0x7, 0xff, 0x13, 0x0, 0x35,
    0x80, 0x7f, 0xf1, 0x1c, 0x2, 0x13, 0x0, 0x84,
    0x3, 0xf1, 0x8, 0x0, 0x4c, 0x0, 0xe0, 0x11,
    0x90, 0x7, 0xf3, 0x80, 0x48, 0x0, 0xd0, 0xa,
    0xc4, 0x3, 0xfb, 0x0, 0x2b, 0x1, 0x40, 0x9,
    0x40, 0x3f, 0x8d, 0x40, 0x23, 0x14, 0x0, 0x8c,
    0x8c, 0x3, 0xfc, 0x80, 0x12, 0x70, 0x5, 0x60,
    0x1f, 0xfc, 0xd, 0x0, 0xbd, 0x0, 0x25, 0x0,
    0xff, 0x8, 0x38, 0x4, 0xa0, 0x11, 0x10, 0x4,
    0x3, 0xfc, 0x24, 0x1, 0xe5, 0x0, 0xff, 0xe1,
    0x28, 0x7, 0xac, 0x3, 0xff, 0x85, 0x60, 0x1c,
    0x26, 0x1, 0xff, 0xc2, 0x31, 0x0, 0xce, 0x1,
    0xff, 0xc4, 0x70, 0xd, 0xa0, 0x1f, 0xfc, 0x11,
    0x0, 0x60, 0x4, 0x28, 0x0, 0x10, 0xf, 0xfe,
    0xa, 0x80, 0x4e, 0x1, 0xff, 0xc6, 0x52, 0x26,
    0x80, 0x7f, 0xf1, 0xab, 0x74, 0x80, 0x1f, 0xff,
    0xf0, 0xf, 0xff, 0xf8, 0x7, 0xff, 0xb4,

    /* U+004E "N" */
    0x1f, 0xfe, 0xa0, 0xf, 0xf7, 0xff, 0x38, 0x7,
    0x94, 0x80, 0x3f, 0xf9, 0x56, 0x1, 0xff, 0xca,
    0x61, 0x0, 0xff, 0xe5, 0x48, 0x7, 0xff, 0x29,
    0xc0, 0x3f, 0xf9, 0x6e, 0x1, 0xff, 0xca, 0x90,
    0xf, 0xfe, 0x50, 0xb0, 0x7, 0xff, 0x2a, 0xc0,
    0x3f, 0xf8, 0xc2, 0x1, 0x12, 0x80, 0x7f, 0xf1,
    0x64, 0x3, 0x48, 0x7, 0xff, 0x14, 0x5c, 0x2,
    0x34, 0x0, 0xff, 0xe2, 0xc8, 0x6, 0xf0, 0xf,
    0xfe, 0x28, 0xb0, 0x4, 0x86, 0x1, 0xff, 0xc5,
    0xb0, 0xd, 0x20, 0x1f, 0xfc, 0x52, 0x50, 0x9,
    0x48, 0x3, 0xff, 0x8b, 0x20, 0x1a, 0xc0, 0x3f,
    0xf8, 0xa6, 0x80, 0x13, 0x8, 0x7, 0xff, 0x17,
    0xc0, 0x34, 0x80, 0x7f, 0xf1, 0x50, 0xc0, 0x27,
    0x10, 0xf, 0xfe, 0x2c, 0x80, 0x66, 0x0, 0xff,
    0xe2, 0xa9, 0x0, 0x52, 0x1, 0xff, 0xc6, 0xb0,
    0x8, 0x40, 0x3f, 0xf8, 0xcc, 0x20, 0x1f, 0xfc,
    0xa9, 0x0, 0xff, 0xe5, 0x38, 0x7, 0xff, 0x2d,
    0xc0, 0x3f, 0xf9, 0x52, 0x1, 0xff, 0xca, 0x16,
    0x0, 0xff, 0xe5, 0x58, 0x7, 0xff, 0x28, 0x94,
    0x3, 0xff, 0x95, 0x20, 0x1e,

    /* U+004F "O" */
    0x0, 0xf9, 0x27, 0x7f, 0xed, 0xa6, 0x0, 0xff,
    0xe0, 0x9e, 0x5b, 0x10, 0x4, 0x4b, 0x3c, 0xe0,
    0x1f, 0xe6, 0xc3, 0x0, 0xfe, 0x18, 0xb1, 0x0,
    0xf9, 0xa4, 0x3, 0xff, 0x82, 0x9a, 0x1, 0xe2,
    0x90, 0xf, 0x22, 0xa0, 0x80, 0x71, 0xd0, 0x7,
    0x70, 0x7, 0x2f, 0x5d, 0x5f, 0x48, 0x7, 0x2a,
    0x0, 0x4a, 0x60, 0x19, 0xa8, 0x40, 0x33, 0x60,
    0x7, 0x48, 0x5, 0xc0, 0x18, 0xa4, 0x3, 0xe3,
    0x80, 0xc, 0x48, 0x2, 0x80, 0x1a, 0xc0, 0x3f,
    0x9c, 0x40, 0x37, 0x3, 0x80, 0x73, 0x80, 0x7f,
    0x9c, 0x3, 0x20, 0x78, 0x6, 0x21, 0x0, 0xff,
    0x60, 0x6, 0x12, 0x50, 0xc, 0xe0, 0x1f, 0xf3,
    0x80, 0x73, 0x88, 0x6, 0x30, 0xf, 0xf8, 0x80,
    0x38, 0xcc, 0x1, 0x84, 0x3, 0xff, 0x8a, 0x22,
    0x0, 0xde, 0x1, 0xff, 0xc0, 0x10, 0xd, 0xe0,
    0x1f, 0xff, 0xf0, 0xf, 0xfe, 0x48, 0x80, 0x6f,
    0x0, 0xff, 0xe0, 0x8, 0x6, 0xf3, 0x0, 0xc2,
    0x1, 0xff, 0xc5, 0x11, 0x0, 0x63, 0x0, 0xff,
    0x88, 0x3, 0x89, 0x40, 0x33, 0x80, 0x7f, 0xce,
    0x1, 0xcd, 0xe0, 0x18, 0x84, 0x3, 0xfd, 0x80,
    0x18, 0x49, 0xc0, 0x39, 0x80, 0x3f, 0xce, 0x1,
    0x90, 0x5, 0x0, 0x35, 0x0, 0x7f, 0x30, 0x80,
    0x6e, 0x0, 0x78, 0x6, 0x29, 0x0, 0xf8, 0xa4,
    0x3, 0x12, 0x0, 0x10, 0xc0, 0x33, 0x48, 0x80,
    0x65, 0xc0, 0xe, 0x90, 0xd, 0xc0, 0x1c, 0xdd,
    0x73, 0x5b, 0x42, 0x1, 0x95, 0x0, 0x31, 0x50,
    0x7, 0x91, 0x94, 0x80, 0x38, 0xe8, 0x3, 0xcb,
    0x20, 0x1f, 0xfc, 0x14, 0xc0, 0xf, 0xcd, 0x86,
    0x1, 0xfc, 0x31, 0x60, 0x1f, 0xe3, 0xcc, 0x31,
    0x88, 0x0, 0x96, 0x79, 0xc0, 0x3c,

    /* U+0050 "P" */
    0x4f, 0xff, 0xfe, 0x7, 0x5b, 0x90, 0x7, 0xff,
    0x1c, 0x52, 0x36, 0xcc, 0x3, 0xff, 0x92, 0x98,
    0xe0, 0x1f, 0xfc, 0xa8, 0x80, 0x7, 0xe7, 0x88,
    0xe7, 0x50, 0xf, 0x3a, 0x0, 0x7d, 0x4e, 0xfd,
    0x15, 0xca, 0x1, 0xd2, 0x1, 0xff, 0xc3, 0x1a,
    0x50, 0xc, 0x4a, 0x1, 0xff, 0xc4, 0xb0, 0xe,
    0xf0, 0xf, 0xfe, 0x20, 0xa0, 0x6, 0x70, 0xf,
    0xfe, 0x29, 0x80, 0x62, 0x0, 0xff, 0xe2, 0xf8,
    0x7, 0xff, 0x2b, 0xc0, 0x30, 0x80, 0x7f, 0xf1,
    0x54, 0x3, 0x10, 0x7, 0xff, 0x11, 0x8, 0x3,
    0x20, 0x7, 0xff, 0xc, 0xe8, 0x3, 0xa8, 0x3,
    0xff, 0x82, 0x73, 0x82, 0x1, 0x98, 0x80, 0x3d,
    0xbf, 0xfe, 0xc6, 0x0, 0xe2, 0x90, 0xf, 0xfe,
    0x41, 0x60, 0x7, 0xff, 0x21, 0x70, 0x40, 0x3f,
    0xf8, 0xa2, 0xdb, 0x42, 0x1, 0xfc, 0xf1, 0x1d,
    0x35, 0xbd, 0x24, 0x1, 0xff, 0x53, 0xbf, 0x32,
    0x90, 0x7, 0xff, 0xfc, 0x3, 0xff, 0xfe, 0x1,
    0xff, 0xff, 0x0, 0xff, 0xec, 0x0,

    /* U+0051 "Q" */
    0x0, 0xf8, 0xe3, 0x3b, 0xfd, 0xd6, 0xc2, 0x1,
    0xff, 0xc1, 0x2b, 0xc7, 0x31, 0x0, 0xa, 0x4f,
    0x40, 0x7, 0xfc, 0xba, 0x80, 0x1f, 0xe7, 0xd1,
    0x0, 0xfc, 0xd4, 0x1, 0xff, 0xc1, 0x2f, 0x10,
    0xf, 0x1c, 0x80, 0x78, 0xd5, 0x44, 0x1, 0xc3,
    0xa0, 0x1e, 0xf0, 0xe, 0x5e, 0xca, 0xa6, 0xd9,
    0x0, 0x63, 0x70, 0xc, 0xa6, 0x1, 0x9a, 0x84,
    0x3, 0x26, 0x10, 0x6, 0x81, 0x0, 0xb8, 0x3,
    0x14, 0x80, 0x7c, 0x3c, 0x1, 0xcc, 0x0, 0x14,
    0x0, 0xd6, 0x1, 0xfc, 0x68, 0x1, 0xa8, 0x0,
    0xe0, 0x1c, 0xe0, 0x1f, 0xed, 0x0, 0xc4, 0x40,
    0xf0, 0xc, 0x42, 0x1, 0xfe, 0x70, 0xe, 0x70,
    0x50, 0xc, 0xe0, 0x1f, 0xf0, 0x88, 0x3, 0x68,
    0x10, 0x6, 0x20, 0xf, 0xfe, 0x1, 0x0, 0x62,
    0x1, 0x0, 0xde, 0x1, 0xff, 0xc0, 0x70, 0xc,
    0x20, 0x1f, 0xfc, 0xc7, 0x0, 0xff, 0xff, 0x80,
    0x7f, 0xf9, 0x5c, 0x3, 0xde, 0x1, 0xff, 0xc0,
    0x70, 0xc, 0x20, 0x40, 0x18, 0x40, 0x3f, 0xf8,
    0x4, 0x1, 0x88, 0x1c, 0x3, 0x28, 0x7, 0xfc,
    0x22, 0x0, 0xdc, 0x1a, 0x1, 0x8c, 0x40, 0x3f,
    0xc8, 0x1, 0xc8, 0xa, 0x1, 0xce, 0x1, 0xfe,
    0xe0, 0xc, 0x44, 0x2, 0x30, 0xd, 0x60, 0x1f,
    0xc6, 0x80, 0x1a, 0x80, 0x29, 0x0, 0xc5, 0x20,
    0x1f, 0xf, 0x0, 0x73, 0x0, 0x4a, 0x60, 0x19,
    0xa4, 0x40, 0x32, 0x61, 0x0, 0x67, 0x10, 0xd,
    0xe0, 0x1c, 0xdd, 0x73, 0x5b, 0x64, 0x1, 0x8a,
    0x0, 0x38, 0xe8, 0x3, 0xc8, 0xca, 0x40, 0x1c,
    0x38, 0x1, 0xf2, 0xd0, 0x7, 0xff, 0x9, 0x44,
    0x3, 0xf2, 0xea, 0x0, 0x7f, 0xf0, 0x13, 0x4,
    0x3, 0xf1, 0x5e, 0x39, 0x88, 0x0, 0x94, 0x40,
    0x31, 0xe1, 0x0, 0x7f, 0x1c, 0x67, 0x7f, 0xb6,
    0xb0, 0x80, 0x31, 0x61, 0x80, 0x7f, 0xf1, 0xb,
    0xc, 0x3, 0xe, 0x28, 0x7, 0xff, 0x10, 0x71,
    0x0, 0x3f, 0xf9, 0x96, 0xa0, 0x15, 0xa8, 0x7,
    0xff, 0x1e, 0x98, 0x71, 0x0, 0x3f, 0xf9, 0x33,
    0xe6, 0x0,

    /* U+0052 "R" */
    0x9f, 0xff, 0xfb, 0xb2, 0x54, 0x3, 0xff, 0x90,
    0x26, 0xd5, 0xf0, 0x20, 0x1f, 0xfc, 0xa7, 0xf3,
    0x0, 0xff, 0xe5, 0xe, 0x18, 0x7, 0xe1, 0x88,
    0xf3, 0x10, 0x7, 0xb4, 0x3, 0xf1, 0xbb, 0xfa,
    0x76, 0x84, 0x3, 0xb, 0x80, 0x7f, 0xf1, 0x17,
    0x0, 0x3a, 0x40, 0x3f, 0xf8, 0xa4, 0xe0, 0x18,
    0x48, 0x3, 0xff, 0x8b, 0x60, 0x1c, 0xc0, 0x1f,
    0xfc, 0x52, 0x0, 0xe1, 0x0, 0xff, 0xee, 0x90,
    0x7, 0x30, 0x7, 0xff, 0x16, 0x80, 0x38, 0xc0,
    0x3f, 0xf8, 0x86, 0xc0, 0x19, 0x0, 0x3f, 0xf8,
    0x8d, 0x80, 0x1d, 0x0, 0x1f, 0x1b, 0xbf, 0xa7,
    0xa4, 0x3, 0x98, 0xc0, 0x3e, 0x18, 0x8f, 0x30,
    0x80, 0x72, 0x48, 0x7, 0xff, 0x26, 0x2c, 0x3,
    0xff, 0x90, 0x9a, 0xe0, 0x1f, 0xfc, 0x97, 0x20,
    0xf, 0xf8, 0xbf, 0xfa, 0x40, 0x31, 0xa0, 0x7,
    0xff, 0x15, 0x84, 0x3, 0x40, 0x7, 0xff, 0x1a,
    0x40, 0x31, 0xa0, 0x7, 0xff, 0x15, 0xc4, 0x3,
    0x40, 0x7, 0xff, 0x19, 0x80, 0x31, 0xa0, 0x7,
    0xff, 0x16, 0x40, 0x3a, 0x0, 0x3f, 0xf8, 0xa2,
    0xe0, 0x18, 0xd0, 0x3, 0xff, 0x8b, 0x20, 0x1d,
    0x0, 0x1f, 0xfc, 0x51, 0x60, 0xc, 0x68, 0x1,
    0xff, 0xc5, 0x80, 0xe, 0x80, 0xf, 0xfe, 0x28,
    0xb0, 0x6, 0x34, 0x0, 0xff, 0xe2, 0xd8, 0x7,
    0x40, 0x7, 0xff, 0x14, 0x94, 0x3, 0x19, 0x80,

    /* U+0053 "S" */
    0x0, 0xf8, 0x9e, 0xfb, 0xfe, 0xda, 0x61, 0x0,
    0xff, 0x93, 0x36, 0x10, 0x40, 0x22, 0x59, 0xe8,
    0x10, 0xf, 0xd3, 0x66, 0x1, 0xff, 0x3f, 0x98,
    0x7, 0xa9, 0x80, 0x3f, 0xf8, 0x43, 0x88, 0x1,
    0x9d, 0x40, 0x3c, 0xb1, 0x7, 0x40, 0xf, 0x50,
    0x80, 0x6, 0x0, 0x39, 0xfe, 0x9d, 0xd1, 0x7a,
    0x60, 0x18, 0x6c, 0x0, 0xe0, 0x1d, 0x10, 0x0,
    0xf1, 0x61, 0x80, 0x65, 0x20, 0xc0, 0xc, 0x2e,
    0x1, 0xfd, 0xe0, 0x1c, 0x80, 0x20, 0x19, 0x0,
    0x3f, 0xc6, 0x40, 0x1b, 0x0, 0x3c, 0x20, 0x1f,
    0xf2, 0x8, 0xe3, 0x2, 0x0, 0xc8, 0x20, 0x1f,
    0xe9, 0xee, 0xd2, 0x1a, 0x1, 0xd4, 0x1, 0xff,
    0xc5, 0x43, 0x0, 0xc9, 0xa8, 0x1, 0xff, 0xc4,
    0xe0, 0xe, 0x2b, 0xc6, 0x10, 0xf, 0xfe, 0x9,
    0x58, 0x7, 0x8e, 0x7b, 0x1c, 0x80, 0x3f, 0xe4,
    0xc2, 0x0, 0xf8, 0xe3, 0x6d, 0x0, 0x3f, 0xc7,
    0xae, 0x1, 0xfc, 0x97, 0x84, 0x1, 0xfe, 0x8e,
    0x82, 0x0, 0xfc, 0x7a, 0xc0, 0x1f, 0xe1, 0x7d,
    0xc7, 0x20, 0xf, 0xa5, 0xc0, 0x3f, 0xf8, 0x7,
    0x1b, 0xa7, 0x0, 0xf4, 0x20, 0x7, 0xff, 0x8,
    0xa3, 0x94, 0x3, 0xa8, 0x3, 0xff, 0x88, 0x34,
    0xc0, 0x18, 0x54, 0x8b, 0x84, 0x3, 0xfe, 0x91,
    0x0, 0xdf, 0x3b, 0xba, 0x80, 0x3f, 0xf8, 0x8,
    0x1, 0x98, 0x80, 0x32, 0x0, 0x7f, 0xf1, 0xb0,
    0x3, 0x98, 0x3, 0xfe, 0x70, 0xc, 0xea, 0x20,
    0x1a, 0x8, 0x3, 0xf9, 0x88, 0x3, 0x18, 0x48,
    0x6, 0x1c, 0x50, 0xf, 0x9e, 0x40, 0x3a, 0x81,
    0xcc, 0x3, 0xd, 0x75, 0x3b, 0xd5, 0xd0, 0x1,
    0xcc, 0x40, 0xd, 0x30, 0xe, 0x15, 0x88, 0x94,
    0x40, 0x38, 0xe4, 0x2, 0x1c, 0x50, 0xf, 0xfe,
    0x1a, 0x68, 0x7, 0xab, 0x10, 0x3, 0xfe, 0x2a,
    0xb1, 0x0, 0xf8, 0xef, 0x61, 0x48, 0x2, 0x14,
    0x7c, 0xd5, 0x0, 0xc0,

    /* U+0054 "T" */
    0xef, 0xff, 0xfe, 0x64, 0x0, 0x7f, 0xff, 0xc0,
    0x29, 0x77, 0xfe, 0x0, 0xe4, 0x77, 0xfe, 0xc7,
    0x88, 0xfe, 0x10, 0xd, 0x91, 0x1f, 0xc8, 0x1,
    0xff, 0xff, 0x0, 0xff, 0xff, 0x80, 0x7f, 0xff,
    0xc0, 0x3f, 0xff, 0xe0, 0x1f, 0xff, 0xf0, 0xf,
    0xff, 0xf8, 0x7, 0xff, 0xfc, 0x3, 0xff, 0xfe,
    0x1, 0xff, 0xff, 0x0, 0xff, 0xe7, 0x80,

    /* U+0055 "U" */
    0xf, 0xfe, 0x50, 0xf, 0xf5, 0xff, 0xea, 0x0,
    0xff, 0xff, 0x80, 0x7f, 0xff, 0xc0, 0x3f, 0xff,
    0xe0, 0x1f, 0xff, 0xf0, 0xf, 0xff, 0xf8, 0x7,
    0xff, 0x10, 0x40, 0x3f, 0xf8, 0x8e, 0x1, 0xff,
    0xfe, 0x10, 0xe, 0x30, 0xf, 0xfe, 0x19, 0x80,
    0x7b, 0x80, 0x3f, 0xc4, 0x1, 0x84, 0xc, 0x3,
    0x18, 0x7, 0xf1, 0x8, 0x6, 0xe0, 0x40, 0xc,
    0x82, 0x1, 0xfa, 0x80, 0x39, 0x2, 0xc0, 0x3a,
    0xc0, 0x3e, 0x27, 0x0, 0xc6, 0x40, 0x66, 0x0,
    0xcb, 0x20, 0x1c, 0x7e, 0x1, 0xd2, 0x1, 0x78,
    0x7, 0x37, 0x4b, 0xc5, 0xe1, 0x0, 0x63, 0x50,
    0x8, 0xe0, 0x3, 0x85, 0xa1, 0xd0, 0x3, 0x87,
    0x40, 0x39, 0xe0, 0x3, 0xff, 0x82, 0x58, 0x20,
    0x1e, 0x7c, 0x20, 0xf, 0xf3, 0x69, 0x0, 0x7e,
    0x3d, 0xb6, 0x30, 0x8, 0x52, 0x3a, 0x40, 0x38,

    /* U+0056 "V" */
    0xcf, 0xfe, 0x10, 0xf, 0xfe, 0x4, 0x7f, 0xf2,
    0x58, 0x7, 0x38, 0x7, 0xff, 0x1, 0x40, 0x39,
    0x14, 0x3, 0xb0, 0x3, 0xfe, 0x12, 0x0, 0xc8,
    0x4, 0x40, 0xc, 0x80, 0x1f, 0xf3, 0x80, 0x76,
    0x80, 0x14, 0x3, 0x9, 0x80, 0x7f, 0xb0, 0x3,
    0x9c, 0x1, 0x60, 0x1c, 0x80, 0x1f, 0xe4, 0x0,
    0xc6, 0x20, 0x3, 0x10, 0xd, 0x60, 0x1f, 0xc6,
    0x20, 0x1a, 0xc0, 0x32, 0x0, 0x63, 0x0, 0xfe,
    0x40, 0xe, 0x50, 0xd, 0xe0, 0x1c, 0x80, 0x1f,
    0xac, 0x3, 0x11, 0x0, 0x32, 0x80, 0x76, 0x80,
    0x7e, 0x30, 0xc, 0xa0, 0x1e, 0x40, 0xc, 0x80,
    0x1f, 0x20, 0x7, 0x60, 0x7, 0xb4, 0x3, 0x10,
    0x80, 0x7b, 0x40, 0x30, 0xa0, 0x7, 0x9c, 0x3,
    0x9c, 0x3, 0xc8, 0x1, 0x90, 0x3, 0xe1, 0x30,
    0xd, 0x80, 0x1c, 0x44, 0x0, 0xde, 0x1, 0xf9,
    0x0, 0x32, 0x0, 0x72, 0x0, 0x72, 0x80, 0x7e,
    0xb0, 0xc, 0x26, 0x1, 0xb0, 0x3, 0x20, 0x7,
    0xf1, 0x88, 0x6, 0x40, 0xc, 0xa0, 0x1b, 0x40,
    0x3f, 0xce, 0x1, 0xac, 0x2, 0x30, 0xe, 0x70,
    0xf, 0xf6, 0x80, 0x63, 0x0, 0xac, 0x3, 0x10,
    0x80, 0x7f, 0x90, 0x3, 0x90, 0x0, 0x80, 0x19,
    0x40, 0x3f, 0xf8, 0xa, 0x1, 0xb4, 0x4, 0xc0,
    0x35, 0x80, 0x7f, 0xf0, 0x3c, 0x3, 0x20, 0x20,
    0x6, 0x13, 0x0, 0xff, 0xe0, 0x20, 0x6, 0x21,
    0xc0, 0xc, 0xe0, 0x1f, 0xfc, 0x11, 0x30, 0xc,
    0xee, 0x0, 0xda, 0x1, 0xff, 0xc2, 0xb0, 0xd,
    0x62, 0x1, 0x90, 0x3, 0xff, 0x84, 0xa0, 0x18,
    0x80, 0x32, 0x80, 0x7f, 0xf0, 0xc8, 0x80, 0x1f,
    0xbc, 0x3, 0xff, 0x88, 0xa0, 0x1f, 0x90, 0x3,
    0xff, 0x89, 0x60, 0x1f, 0x18, 0x80, 0x7f, 0xf1,
    0xc, 0x40, 0x3d, 0x60, 0x1f, 0xfc, 0x67, 0x0,
    0xf2, 0x80, 0x7f, 0xf1, 0xb0, 0x3, 0x88, 0x80,
    0x1f, 0xfc, 0x65, 0x0, 0xe5, 0x0, 0xff, 0x0,

    /* U+0057 "W" */
    0xef, 0xfc, 0x20, 0x19, 0x3f, 0xf0, 0x7, 0x1f,
    0xfe, 0xd2, 0x0, 0xc4, 0x1, 0x88, 0x3, 0x18,
    0x6, 0x70, 0xc, 0xcc, 0x0, 0xcc, 0x1, 0xbc,
    0x3, 0x30, 0x6, 0x20, 0xc, 0x44, 0x0, 0xc6,
    0x1, 0x88, 0x3, 0x68, 0x6, 0xe0, 0xd, 0xdc,
    0x0, 0xdc, 0x1, 0x94, 0x3, 0x10, 0x6, 0x20,
    0xc, 0x64, 0x1, 0x88, 0x3, 0x8, 0x6, 0x70,
    0xc, 0xc0, 0x19, 0x98, 0x1, 0x98, 0x2, 0x30,
    0xe, 0x20, 0xc, 0x20, 0x18, 0x88, 0x1, 0x88,
    0x2, 0x60, 0xf, 0x10, 0x4, 0x40, 0x10, 0x80,
    0x4, 0x2, 0x10, 0xb, 0x40, 0x3c, 0xe0, 0x1,
    0x0, 0xc4, 0x0, 0x50, 0xc, 0x20, 0x2, 0x0,
    0xf1, 0x0, 0x8, 0x3, 0x30, 0x0, 0x80, 0x31,
    0x0, 0x1c, 0x3, 0xda, 0x0, 0x60, 0xc, 0x40,
    0xe, 0x0, 0xcc, 0x0, 0x20, 0x0, 0x80, 0x4c,
    0x0, 0x30, 0xd, 0xc0, 0x2, 0x0, 0xc6, 0x4,
    0x1, 0x28, 0x80, 0xc, 0x1, 0xc0, 0x18, 0x80,
    0xc, 0x1, 0xb8, 0x18, 0x2, 0x35, 0x0, 0x84,
    0x8, 0x3, 0x30, 0x0, 0x80, 0x31, 0x1, 0x80,
    0x5c, 0x40, 0x12, 0x83, 0x0, 0x62, 0x0, 0x8,
    0x6, 0x60, 0xe0, 0x9, 0x7c, 0x2, 0x30, 0x20,
    0x8, 0x80, 0x31, 0x0, 0x42, 0xa, 0x1, 0x12,
    0x80, 0x5c, 0x2, 0x1, 0x30, 0x6, 0x60, 0x8,
    0x80, 0x80, 0x2, 0x22, 0x0, 0x94, 0x40, 0x31,
    0x0, 0x62, 0x0, 0xc4, 0x20, 0x2, 0x1, 0x10,
    0x0, 0x88, 0x1, 0xb8, 0x3, 0x70, 0x6, 0x40,
    0x9, 0x40, 0xa, 0x0, 0x15, 0x0, 0xc4, 0x1,
    0x88, 0x3, 0x68, 0x5, 0xe0, 0x2, 0x0, 0xb0,
    0x3, 0x30, 0x6, 0x60, 0xc, 0x80, 0x11, 0x0,
    0x3c, 0x2, 0x50, 0xc, 0x40, 0x18, 0x80, 0x3f,
    0x28, 0x0, 0x80, 0x3f, 0x8, 0x6, 0x10, 0xf,
    0xc2, 0x0, 0x50, 0xf, 0x88, 0x3, 0xc6, 0x1,
    0xe3, 0x0, 0x84, 0x40, 0x1e, 0x60, 0xf, 0x30,
    0x7, 0x94, 0x3, 0x10, 0x7, 0x88, 0x3, 0xc4,
    0x1, 0xee, 0x0, 0xca, 0x1, 0xef, 0x0, 0xf7,
    0x0, 0x78, 0xc0, 0x37, 0x80, 0x78, 0x80, 0x3c,
    0x40, 0x1e, 0x60, 0xc, 0x40, 0x1e, 0x60, 0xf,
    0x30, 0x7, 0x88, 0x3, 0x28, 0x7, 0x88, 0x3,
    0xc4, 0x1, 0xc4, 0x1, 0xc2, 0x1, 0xc2, 0x1,
    0xf8, 0x40, 0x33, 0x80, 0x78, 0xc0, 0x31, 0x0,
    0x7e, 0x20, 0xd, 0xa0, 0x1e, 0x50, 0xc, 0xc0,
    0x18,

    /* U+0058 "X" */
    0x4f, 0xff, 0x8, 0x7, 0xfd, 0xbf, 0xfc, 0xc8,
    0x80, 0xe, 0x90, 0xf, 0xf3, 0x10, 0x6, 0x26,
    0x9, 0x0, 0xe7, 0x10, 0xf, 0xe8, 0x0, 0xe9,
    0x0, 0x13, 0x80, 0x74, 0x80, 0x7e, 0x71, 0x0,
    0xc8, 0x80, 0xa, 0x4, 0x3, 0x38, 0x80, 0x7d,
    0x20, 0x1d, 0x20, 0x1d, 0x0, 0x1d, 0x20, 0x1e,
    0x71, 0x0, 0xcc, 0x40, 0x1c, 0xc4, 0x1, 0x9c,
    0x40, 0x3a, 0x40, 0x30, 0xc0, 0x7, 0xd2, 0x1,
    0xd0, 0x1, 0xa0, 0x40, 0x34, 0x8, 0x7, 0xc8,
    0x80, 0xc, 0xc2, 0x0, 0x17, 0x0, 0xc4, 0xc0,
    0x1f, 0xd2, 0x1, 0xd0, 0x0, 0x90, 0xe, 0x90,
    0xf, 0xf1, 0x38, 0x6, 0x61, 0x13, 0x80, 0x64,
    0x40, 0x7, 0xfd, 0x22, 0x1, 0xa2, 0x0, 0x1d,
    0x20, 0x1f, 0xfc, 0x1, 0x80, 0xc, 0xcc, 0x0,
    0xcc, 0x40, 0x1f, 0xfc, 0x16, 0x20, 0xf, 0xe8,
    0x0, 0xff, 0xe1, 0xc8, 0x7, 0xe8, 0x10, 0xf,
    0xfe, 0x1a, 0x20, 0x3, 0xc4, 0xe0, 0x1f, 0xfc,
    0x5d, 0x0, 0xf2, 0x80, 0x7f, 0xf1, 0xac, 0x3,
    0xce, 0x20, 0x1f, 0xfc, 0x47, 0x20, 0xf, 0xa0,
    0x3, 0xff, 0x86, 0x30, 0x1, 0xf9, 0x8c, 0x3,
    0xff, 0x85, 0x0, 0x1c, 0x20, 0x1b, 0xc0, 0x3f,
    0xf8, 0x24, 0xc0, 0x19, 0xac, 0x3, 0x1a, 0x80,
    0x7f, 0xf0, 0x24, 0x3, 0xa1, 0x48, 0x3, 0x58,
    0x7, 0xfc, 0xa8, 0x1, 0x9c, 0x42, 0x0, 0x30,
    0xb8, 0x7, 0xfa, 0x0, 0x3a, 0x40, 0xa, 0x60,
    0x1a, 0x4, 0x3, 0xf3, 0x90, 0x6, 0x81, 0x0,
    0xa0, 0x3, 0xac, 0x3, 0xe1, 0x80, 0xc, 0x2e,
    0x1, 0x90, 0xc0, 0x32, 0x98, 0x7, 0xa0, 0x3,
    0xa4, 0x3, 0xde, 0x1, 0xde, 0x1, 0xc6, 0xc0,
    0x18, 0x5c, 0x3, 0xc6, 0x80, 0x18, 0xd4, 0x3,
    0x78, 0x7, 0x40, 0x7, 0xe8, 0x0, 0xeb, 0x0,
    0x94, 0xc0, 0x31, 0x30, 0x7, 0xe3, 0x50, 0xc,
    0x30, 0x0, 0xb0, 0xe, 0x80, 0xf, 0xf4, 0x0,
    0x73, 0x8b, 0x88, 0x6, 0x25, 0x0, 0xff, 0x13,
    0x0, 0x75, 0x80,

    /* U+0059 "Y" */
    0xbf, 0xfe, 0x30, 0xf, 0xfe, 0x3, 0xff, 0xf4,
    0x78, 0x7, 0x48, 0x7, 0xff, 0x2, 0x40, 0x3a,
    0x50, 0xc0, 0x32, 0x88, 0x7, 0xf9, 0x44, 0x3,
    0x38, 0x84, 0x0, 0x74, 0x80, 0x7f, 0xa4, 0x3,
    0xa4, 0x0, 0x84, 0x1, 0x98, 0x3, 0xf8, 0xcc,
    0x1, 0x98, 0x40, 0x28, 0x0, 0xc2, 0xc0, 0x1f,
    0xa4, 0x3, 0xa0, 0x3, 0x29, 0x0, 0x6b, 0x0,
    0xf8, 0x54, 0x3, 0x30, 0x80, 0x74, 0x0, 0x62,
    0x40, 0xf, 0x48, 0x7, 0x58, 0x7, 0x94, 0x80,
    0x37, 0x80, 0x79, 0x80, 0x32, 0x90, 0x7, 0xd6,
    0x1, 0x90, 0x80, 0x33, 0x8, 0x6, 0x80, 0xf,
    0xcc, 0x20, 0x1a, 0xc0, 0x35, 0x80, 0x65, 0x20,
    0xf, 0xe9, 0x0, 0xcc, 0x1, 0x21, 0x0, 0x69,
    0x0, 0xff, 0x38, 0x80, 0x67, 0x0, 0x78, 0x6,
    0x43, 0x0, 0xff, 0xa4, 0x3, 0x50, 0x12, 0x0,
    0x68, 0x0, 0xff, 0xe0, 0x30, 0x6, 0x25, 0xb0,
    0xc, 0x66, 0x0, 0xff, 0xe0, 0xb, 0x80, 0x69,
    0x60, 0xd, 0x0, 0x1f, 0xfc, 0x29, 0x0, 0xc6,
    0x1, 0x8d, 0x0, 0x3f, 0xf8, 0x42, 0xc0, 0x1f,
    0xa4, 0x3, 0xff, 0x89, 0x0, 0x1f, 0x12, 0x80,
    0x7f, 0xf1, 0x5, 0x80, 0x3d, 0x0, 0x1f, 0xfc,
    0x6b, 0x0, 0xe2, 0x50, 0xf, 0xfe, 0x31, 0x10,
    0x3, 0x28, 0x7, 0xff, 0xfc, 0x3, 0xff, 0xfe,
    0x1, 0xde, 0x1, 0xff, 0xff, 0x0, 0xff, 0xfa,
    0x80,

    /* U+005A "Z" */
    0xaf, 0xff, 0xfe, 0x4d, 0x80, 0x7f, 0xfe, 0xc4,
    0x3d, 0xdf, 0xff, 0x86, 0x1, 0xe8, 0x5, 0x88,
    0xff, 0xe1, 0x68, 0x7, 0x41, 0x0, 0x7f, 0xf0,
    0xc6, 0xc0, 0x31, 0x38, 0x7, 0xff, 0x12, 0xc4,
    0x3, 0x70, 0x7, 0xff, 0x11, 0x14, 0x3, 0x39,
    0x80, 0x7f, 0xf1, 0x28, 0x3, 0x14, 0x0, 0x7f,
    0xf1, 0x24, 0x40, 0x34, 0x80, 0x7f, 0xf1, 0x11,
    0x80, 0x33, 0x20, 0x7, 0xff, 0x12, 0x40, 0x30,
    0xc0, 0x7, 0xff, 0x12, 0x8, 0x3, 0x58, 0x80,
    0x7f, 0xf0, 0xcd, 0xc0, 0x32, 0xa8, 0x3, 0xff,
    0x89, 0xc0, 0x1d, 0x60, 0x1f, 0xfc, 0x47, 0x20,
    0xd, 0x22, 0x1, 0xff, 0xc3, 0x28, 0x0, 0xc6,
    0xc0, 0x1f, 0xfc, 0x4e, 0x0, 0xee, 0x0, 0xff,
    0xe2, 0x31, 0x80, 0x68, 0x20, 0xf, 0xfe, 0x18,
    0xc8, 0x6, 0x37, 0x0, 0xff, 0xe2, 0x50, 0x7,
    0x78, 0x7, 0xff, 0x11, 0x50, 0x3, 0x39, 0x80,
    0x7f, 0xf0, 0xc6, 0xc0, 0x31, 0x40, 0x7, 0xff,
    0x12, 0xc4, 0x3, 0x48, 0x7, 0xff, 0x11, 0x14,
    0x3, 0x32, 0x0, 0x7f, 0xf1, 0x28, 0x3, 0xc,
    0x0, 0x7f, 0xf1, 0x24, 0x40, 0x35, 0x88, 0x7,
    0xff, 0xc, 0xd8, 0x3, 0xe, 0xc4, 0x7f, 0xf0,
    0xc6, 0x0, 0x38, 0x5d, 0xff, 0xf8, 0x84, 0xe0,
    0x1f, 0xff, 0xb0,

    /* U+005B "[" */
    0x34, 0x4f, 0xc7, 0xf7, 0x7f, 0xbc, 0x3, 0xff,
    0xaf, 0x1f, 0xf6, 0x0, 0x7f, 0xff, 0xc0, 0x3f,
    0xff, 0xe0, 0x1f, 0xff, 0xf0, 0xf, 0xff, 0xf8,
    0x7, 0xff, 0xaf, 0x91, 0x23, 0x0, 0xe6, 0xbb,
    0xbc, 0x3, 0xff, 0xa4,

    /* U+005C "\\" */
    0x8f, 0xfc, 0xe0, 0x1f, 0xfc, 0x1a, 0x0, 0xd6,
    0x1, 0xff, 0xc1, 0x23, 0x0, 0x8c, 0x80, 0x3f,
    0xf8, 0x36, 0x1, 0xa8, 0x3, 0xff, 0x82, 0xc0,
    0x19, 0x40, 0x3f, 0xf8, 0x22, 0x80, 0x11, 0x18,
    0x7, 0xff, 0x7, 0x40, 0x35, 0x0, 0x7f, 0xf0,
    0x58, 0x3, 0x38, 0x7, 0xff, 0x9, 0x40, 0x21,
    0x40, 0xf, 0xfe, 0xf, 0x0, 0x6e, 0x0, 0xff,
    0xe0, 0xa0, 0x80, 0x4a, 0x1, 0xff, 0xc2, 0x70,
    0xc, 0xa0, 0x1f, 0xfc, 0x1a, 0x0, 0xdc, 0x1,
    0xff, 0xc1, 0x31, 0x0, 0x90, 0x40, 0x3f, 0xf8,
    0x2c, 0x1, 0x98, 0x3, 0xff, 0x83, 0x40, 0x1a,
    0xc0, 0x3f, 0xf8, 0x24, 0x60, 0x11, 0x90, 0x7,
    0xff, 0x6, 0xc0, 0x35, 0x0, 0x7f, 0xf0, 0x58,
    0x3, 0x28, 0x7, 0xff, 0x4, 0x50, 0x2, 0x23,
    0x0, 0xff, 0xe0, 0xe8, 0x6, 0xa0, 0xf, 0xfe,
    0xb, 0x0, 0x67, 0x0, 0xff, 0xe1, 0x28, 0x4,
    0x28, 0x1, 0xff, 0xc1, 0xe0, 0xd, 0xc0, 0x1f,
    0xfc, 0x14, 0x10, 0x9, 0x40, 0x3f, 0xf8, 0x4e,
    0x1, 0x94, 0x3, 0xff, 0x83, 0x40, 0x1b, 0x80,
    0x3f, 0xf8, 0x26, 0x20, 0x12, 0x8, 0x7, 0xff,
    0x5, 0x80, 0x33, 0x80, 0x7f, 0xf0, 0x68, 0x3,
    0x50, 0x7, 0xff, 0x4, 0x8c, 0x2, 0x32, 0x0,
    0xff, 0xe0, 0xd8, 0x6, 0xa0, 0xf, 0xfe, 0xb,
    0x0, 0x65, 0x0, 0xff, 0xe0, 0x8a, 0x0, 0x44,
    0x60, 0x1f, 0xfc, 0x1d, 0x0, 0xd4, 0x1, 0xff,
    0xc1, 0x60, 0xc, 0xe0,

    /* U+005D "]" */
    0x44, 0xfe, 0x2b, 0xbf, 0xe8, 0x0, 0xff, 0xe9,
    0x7f, 0xe5, 0x0, 0xff, 0xff, 0x80, 0x7f, 0xff,
    0xc0, 0x3f, 0xff, 0xe0, 0x1f, 0xff, 0xf0, 0xf,
    0xff, 0x5a, 0x26, 0x10, 0xe, 0xbb, 0xc8, 0x1,
    0xff, 0xd7,

    /* U+005E "^" */
    0x0, 0xfc, 0xf1, 0x7, 0x0, 0xff, 0xe1, 0xa4,
    0x3b, 0xa1, 0x40, 0x3f, 0xf8, 0x5e, 0x1, 0xa4,
    0x3, 0xff, 0x82, 0x28, 0x1, 0x8c, 0x80, 0x3f,
    0xf8, 0x12, 0x1, 0xeb, 0x0, 0xff, 0xe0, 0x30,
    0x7, 0x98, 0x3, 0xfe, 0x51, 0x0, 0x19, 0x80,
    0x26, 0x0, 0xff, 0x70, 0x4, 0x88, 0x0, 0xa8,
    0x3, 0xf8, 0x90, 0x2, 0xaa, 0x0, 0x46, 0x60,
    0xf, 0xd4, 0x1, 0x19, 0x10, 0xc0, 0x29, 0x0,
    0xfc, 0xc0, 0x15, 0x0, 0x24, 0x2, 0x51, 0x0,
    0xf3, 0x8, 0x4, 0xc0, 0x5, 0x0, 0xcc, 0x1,
    0xea, 0x0, 0x94, 0x3, 0x30, 0x5, 0x40, 0x1c,
    0x66, 0x0, 0xa4, 0x3, 0x50, 0x4, 0x48, 0x1,
    0xa8, 0x2, 0x23, 0x0, 0xc6, 0x60, 0xb, 0x80,
    0x33, 0x0, 0x54, 0x1, 0xea, 0x0, 0x94, 0x40,
    0xc, 0x1, 0x98, 0x3, 0xcc, 0x1, 0x98, 0x1,
    0x60, 0x12, 0x8, 0x7, 0xcc, 0x1, 0x48, 0x0,

    /* U+005F "_" */
    0x24, 0x4f, 0xfe, 0x45, 0xdf, 0xff, 0x22, 0x80,
    0x3f, 0xfe, 0x60,

    /* U+0060 "`" */
    0x23, 0x3e, 0x10, 0xe, 0xdc, 0xcd, 0xa0, 0x18,
    0xb4, 0x3, 0x1b, 0x80, 0x63, 0xc0, 0xd, 0x4,
    0x1, 0x8e, 0xc0, 0x34, 0x80, 0x72, 0x50, 0x4,
    0x8a, 0x1, 0xcb, 0x20, 0x15, 0x88,

    /* U+0061 "a" */
    0x0, 0xf0, 0xbd, 0xef, 0xfd, 0xb6, 0xe4, 0x1,
    0xfe, 0x1a, 0xe8, 0x42, 0x0, 0x89, 0x23, 0x68,
    0x40, 0x3e, 0x3f, 0x50, 0xf, 0xf9, 0x7c, 0xc0,
    0x38, 0xb0, 0x40, 0x3f, 0xf8, 0x23, 0xa2, 0x1,
    0xb8, 0x3, 0x92, 0xb3, 0x6e, 0x4, 0x3, 0xd,
    0x80, 0x46, 0x60, 0xc, 0xf6, 0xa6, 0x48, 0xfc,
    0x60, 0x19, 0x44, 0x0, 0x80, 0x1d, 0x0, 0x1f,
    0x70, 0x7, 0x20, 0x1, 0x6e, 0xf6, 0x0, 0x7e,
    0x22, 0x0, 0x6d, 0x0, 0x12, 0x26, 0x30, 0xf,
    0xfe, 0x60, 0xa2, 0xb3, 0x71, 0x80, 0x61, 0x0,
    0xf1, 0xcf, 0x72, 0xea, 0x67, 0x84, 0x3, 0xf8,
    0x6f, 0x18, 0x40, 0x3f, 0xf8, 0xa5, 0xe8, 0x1,
    0xff, 0xc8, 0xf1, 0x0, 0xc7, 0x3b, 0xff, 0xc4,
    0x1, 0xf3, 0x10, 0x6, 0x8c, 0x62, 0x0, 0xff,
    0xe0, 0xe8, 0x6, 0x47, 0x0, 0xff, 0xe2, 0x20,
    0x6, 0xd0, 0xf, 0xfe, 0x51, 0x80, 0x7f, 0xf2,
    0xb0, 0x3, 0xf3, 0x90, 0x7, 0xc6, 0x1, 0x99,
    0x0, 0x38, 0x66, 0x0, 0x3f, 0x58, 0x7, 0x5d,
    0x99, 0x5e, 0xb9, 0x80, 0x3f, 0x9c, 0x80, 0x39,
    0x26, 0xa1, 0x40, 0x3f, 0x18, 0x5, 0xe2, 0x1,
    0xff, 0x9, 0x80, 0x67, 0x0, 0x8b, 0xd0, 0x3,
    0xf9, 0x7e, 0xc0, 0x31, 0x8, 0x4, 0x37, 0x66,
    0x20, 0x8, 0xdf, 0x68, 0x54, 0x3, 0x9c,

    /* U+0062 "b" */
    0x6f, 0xfe, 0x0, 0xff, 0xff, 0x80, 0x7f, 0xff,
    0xc0, 0x3f, 0xfc, 0xc7, 0x3b, 0xfe, 0xec, 0x71,
    0x0, 0xff, 0xe0, 0x4e, 0x31, 0x0, 0x4, 0xe3,
    0x98, 0x3, 0xfd, 0x6c, 0x1, 0xfd, 0x32, 0x0,
    0xfe, 0x40, 0xf, 0xf9, 0x98, 0x1, 0xfe, 0x15,
    0x87, 0x50, 0xf, 0x48, 0x80, 0x7e, 0x6e, 0xa7,
    0x8a, 0xe3, 0x0, 0xe9, 0x0, 0xf9, 0xa4, 0x3,
    0x87, 0x44, 0x3, 0x30, 0x7, 0xd2, 0x1, 0xf0,
    0xc0, 0x6, 0x13, 0x0, 0xff, 0xe1, 0xb0, 0x7,
    0x20, 0x7, 0xff, 0x10, 0xc0, 0x36, 0x80, 0x7f,
    0xf1, 0x18, 0x3, 0x30, 0x7, 0xff, 0x10, 0x80,
    0x30, 0x80, 0x7f, 0xfc, 0x8, 0x3, 0x8, 0x7,
    0xff, 0x11, 0x80, 0x33, 0x0, 0x7f, 0xf1, 0xc,
    0x3, 0x68, 0x7, 0xff, 0xd, 0x40, 0x38, 0xc0,
    0x3d, 0x20, 0x1f, 0xa0, 0x3, 0xa, 0x0, 0x79,
    0xa4, 0x3, 0x86, 0xc8, 0x3, 0x38, 0x7, 0xe6,
    0xea, 0x77, 0x57, 0x20, 0x7, 0x40, 0x7, 0xf0,
    0xac, 0x41, 0x40, 0x3d, 0x2, 0x1, 0xe4, 0x30,
    0xf, 0xf9, 0x9c, 0x3, 0xe3, 0xc5, 0x0, 0xfe,
    0x89, 0x0, 0xfd, 0xe1, 0x58, 0xc4, 0x0, 0x13,
    0x8e, 0x70, 0xc,

    /* U+0063 "c" */
    0x0, 0xf8, 0x9e, 0xfb, 0xfd, 0xd9, 0x6, 0x1,
    0xff, 0xd, 0x6c, 0x20, 0x80, 0x4, 0xdf, 0x30,
    0x40, 0x1f, 0x8f, 0xd4, 0x3, 0xfc, 0x7a, 0xa0,
    0x1e, 0x3c, 0x10, 0xf, 0xfe, 0xd, 0x28, 0x6,
    0x1d, 0x0, 0xe1, 0x68, 0x96, 0x10, 0xe, 0xb1,
    0x0, 0xa0, 0x40, 0x32, 0xf4, 0xbb, 0x4f, 0x30,
    0x6, 0x19, 0x0, 0xb, 0x0, 0x64, 0xa0, 0xf,
    0x4a, 0x80, 0x66, 0x0, 0x38, 0x7, 0x48, 0x7,
    0xeb, 0x0, 0xc2, 0x20, 0xd0, 0xc, 0x84, 0x1,
    0xf8, 0x48, 0x3, 0x10, 0x28, 0x6, 0xc0, 0xf,
    0xf6, 0x77, 0x63, 0x1, 0x0, 0xc4, 0x1, 0xfe,
    0x11, 0xe0, 0x10, 0xe, 0x10, 0xf, 0xfe, 0x21,
    0x80, 0x7f, 0xf2, 0x8c, 0x3, 0xff, 0x94, 0x20,
    0x1c, 0x20, 0x1f, 0xfc, 0x51, 0x0, 0xc4, 0x1,
    0xff, 0xc5, 0x50, 0xd, 0x80, 0x1f, 0xe6, 0x77,
    0xc2, 0x1a, 0x1, 0x90, 0x80, 0x3f, 0xa6, 0x23,
    0x18, 0x38, 0x7, 0x48, 0x7, 0xe7, 0x0, 0xe2,
    0x1, 0x60, 0xc, 0x92, 0x1, 0xe7, 0x80, 0xc,
    0xc0, 0x14, 0x8, 0x6, 0x6e, 0x86, 0x64, 0x6c,
    0x0, 0x74, 0x0, 0x43, 0xa0, 0x1c, 0x2f, 0x32,
    0x72, 0x0, 0xeb, 0x10, 0xc, 0x78, 0x20, 0x1f,
    0xfc, 0x1, 0xb4, 0x0, 0xf1, 0xfa, 0x80, 0x7f,
    0x97, 0xd0, 0x3, 0xf0, 0xd6, 0xc2, 0x8, 0x0,
    0x4e, 0x36, 0x84, 0x3, 0x0,

    /* U+0064 "d" */
    0x0, 0xff, 0xe2, 0x37, 0xff, 0x0, 0x7f, 0xff,
    0xc0, 0x3f, 0xff, 0xe0, 0x1f, 0xfd, 0x42, 0x8c,
    0xff, 0x76, 0x38, 0x80, 0x7f, 0xf0, 0x27, 0x5c,
    0xc0, 0x2, 0x71, 0xea, 0x1, 0xfe, 0xc6, 0x0,
    0xfc, 0x35, 0xa0, 0x1f, 0xac, 0xc0, 0x3f, 0xe4,
    0x0, 0xf9, 0x50, 0x3, 0x85, 0xa1, 0xd0, 0x3,
    0xfd, 0x0, 0x1c, 0xdd, 0x2f, 0x17, 0xa4, 0x1,
    0xf2, 0x10, 0x6, 0x59, 0x0, 0xe2, 0xc1, 0x0,
    0xf6, 0x80, 0x75, 0x80, 0x7c, 0x30, 0x1, 0xe4,
    0x0, 0xca, 0x20, 0x1f, 0xfc, 0x32, 0x0, 0xd8,
    0x1, 0xff, 0xc3, 0x20, 0xe, 0x50, 0xf, 0xfe,
    0x18, 0x80, 0x70, 0x80, 0x7f, 0xfb, 0xc4, 0x3,
    0x84, 0x3, 0xff, 0x86, 0x40, 0x1c, 0xa0, 0x1f,
    0xfc, 0x42, 0x0, 0xd8, 0x1, 0xff, 0xc4, 0x40,
    0xc, 0xa2, 0x1, 0xff, 0xc3, 0xd0, 0xe, 0xb0,
    0xf, 0x86, 0x0, 0x3c, 0x84, 0x1, 0x96, 0x40,
    0x38, 0xb0, 0x40, 0x3e, 0x80, 0xe, 0x6e, 0x97,
    0x8b, 0xd2, 0x0, 0xfc, 0xaa, 0x0, 0xe1, 0x68,
    0x74, 0x0, 0xff, 0xa9, 0x0, 0x3f, 0xe6, 0x0,
    0xfe, 0xb7, 0x0, 0xfe, 0x99, 0x0, 0x7f, 0xa3,
    0x5c, 0xc0, 0x2, 0x71, 0xcc, 0x2, 0x1, 0x80,

    /* U+0065 "e" */
    0x0, 0xfc, 0xd5, 0xbf, 0xee, 0xc9, 0x40, 0xf,
    0xfe, 0x3, 0xf4, 0xa9, 0x0, 0x4, 0xda, 0xf0,
    0xc0, 0x3f, 0xe, 0x40, 0x80, 0x7f, 0x1e, 0x30,
    0x7, 0x87, 0xc, 0x3, 0xff, 0x83, 0x2c, 0x1,
    0xda, 0x40, 0x1c, 0xb1, 0x2e, 0x40, 0x1d, 0x24,
    0x1, 0x39, 0x80, 0x64, 0xea, 0x76, 0x8d, 0x90,
    0xe, 0x90, 0xa, 0x0, 0x32, 0x58, 0x80, 0x73,
    0x48, 0x6, 0x41, 0x6, 0x0, 0xea, 0x0, 0xfc,
    0xc6, 0x1, 0x98, 0x28, 0x3, 0x28, 0x80, 0x7f,
    0x58, 0x6, 0xd0, 0x30, 0xd, 0xa6, 0x7f, 0xe0,
    0xe, 0x72, 0x0, 0xe8, 0xcc, 0xff, 0x40, 0x6,
    0x21, 0x0, 0xff, 0xe5, 0x38, 0x7, 0xff, 0x85,
    0xc0, 0x3b, 0x3f, 0xff, 0xf8, 0x84, 0x1, 0xc8,
    0x1, 0xff, 0xc4, 0x12, 0x0, 0xd4, 0x1, 0xff,
    0xc5, 0x50, 0xc, 0x4a, 0x1, 0xff, 0x10, 0x6,
    0xa0, 0xe, 0xa3, 0x0, 0xfe, 0x3c, 0xa0, 0x8,
    0x98, 0x3, 0xb1, 0x80, 0x3e, 0x8c, 0x15, 0xa0,
    0xa, 0x48, 0x3, 0xa7, 0x65, 0x98, 0xf7, 0xee,
    0x1, 0x2b, 0x0, 0x5e, 0x20, 0x1c, 0x4d, 0x32,
    0x84, 0x0, 0xe5, 0x60, 0x8, 0xb0, 0xc0, 0x3f,
    0xf8, 0x4f, 0x40, 0x1c, 0x59, 0x2, 0x1, 0xfe,
    0x3c, 0x80, 0xf, 0xcf, 0xd4, 0xc6, 0x20, 0x1,
    0x37, 0xcc, 0x18, 0x4,

    /* U+0066 "f" */
    0x0, 0xff, 0xe0, 0x2c, 0xef, 0x7f, 0xbb, 0x29,
    0xcc, 0x3, 0xfc, 0xbd, 0x4c, 0x42, 0x0, 0x13,
    0x58, 0x90, 0xf, 0xe9, 0xa1, 0x0, 0xff, 0x10,
    0x7, 0xe9, 0x60, 0xf, 0xfe, 0x7, 0x0, 0x7c,
    0x6c, 0x1, 0xe4, 0x78, 0x83, 0xa0, 0x98, 0x7,
    0xd0, 0x1, 0xcb, 0xd7, 0xe, 0xe8, 0xbe, 0x50,
    0xf, 0x90, 0x3, 0x1d, 0x8, 0x7, 0xff, 0x8,
    0xc0, 0x3a, 0x0, 0x3f, 0xf8, 0x8c, 0x1, 0xca,
    0x1, 0xff, 0xc4, 0x30, 0xe, 0x10, 0xf, 0xfe,
    0xaf, 0x7f, 0xf4, 0x80, 0x77, 0xff, 0xf0, 0x7,
    0xff, 0xef, 0xbb, 0xd0, 0x1, 0xdd, 0xdf, 0xc0,
    0x10, 0x8f, 0x80, 0x38, 0x47, 0xf8, 0x3, 0xff,
    0xfe, 0x1, 0xff, 0xff, 0x0, 0xff, 0xff, 0x80,
    0x7f, 0xff, 0xc0, 0x3f, 0xff, 0xe0, 0x1f, 0xff,
    0x40,

    /* U+0067 "g" */
    0x0, 0xf0, 0xc6, 0x77, 0xfb, 0x64, 0xc0, 0x17,
    0xff, 0x8c, 0x3, 0xa3, 0x9c, 0xc4, 0x0, 0x4d,
    0x94, 0xe, 0x1, 0xfd, 0x6e, 0x1, 0xfc, 0xb8,
    0x40, 0x1f, 0xa9, 0x0, 0x3f, 0xe3, 0x10, 0xf,
    0x95, 0x40, 0x1e, 0x58, 0x75, 0x0, 0xff, 0xa0,
    0x3, 0x93, 0xa9, 0xe2, 0xb9, 0x40, 0x3f, 0x21,
    0x0, 0x63, 0xb1, 0x0, 0xc3, 0x4a, 0x1, 0xf6,
    0x80, 0x77, 0x0, 0x7e, 0x90, 0xf, 0x90, 0x3,
    0x21, 0x0, 0x7e, 0x10, 0xf, 0x88, 0x3, 0x60,
    0x7, 0xff, 0x10, 0x80, 0x38, 0xc0, 0x3f, 0xf8,
    0x82, 0x1, 0xce, 0x1, 0xff, 0xca, 0x10, 0xf,
    0xfe, 0x50, 0x80, 0x7f, 0xf1, 0x4, 0x3, 0x9c,
    0x3, 0xff, 0x88, 0x40, 0x1c, 0x60, 0x1f, 0xfc,
    0x52, 0x0, 0xd8, 0x1, 0xff, 0xc5, 0x40, 0xc,
    0x84, 0x1, 0xf8, 0x40, 0x3e, 0xa0, 0xe, 0x90,
    0xf, 0xd0, 0x1, 0xf1, 0x98, 0x3, 0x25, 0x8,
    0x6, 0x1a, 0x40, 0xf, 0xd0, 0x1, 0xcb, 0xd4,
    0xf1, 0x5c, 0xa0, 0x1f, 0xc8, 0xc0, 0x1e, 0x58,
    0x75, 0x0, 0xff, 0xe0, 0x4a, 0x80, 0x7f, 0xc6,
    0x1, 0xfe, 0xa8, 0x0, 0xfe, 0x8e, 0x0, 0xff,
    0x9f, 0x9c, 0xc0, 0x23, 0x7e, 0x71, 0x0, 0xe1,
    0x0, 0xf0, 0xc6, 0x7f, 0xd9, 0x2, 0xc, 0x1,
    0xc6, 0x1, 0xff, 0xc4, 0xf0, 0xc, 0x22, 0x0,
    0xda, 0xc0, 0x1f, 0xc6, 0xa0, 0x19, 0xc0, 0x35,
    0x14, 0xd0, 0x80, 0x78, 0xf4, 0x3, 0xa8, 0x2,
    0x75, 0x0, 0x2f, 0x53, 0xaa, 0x9f, 0x30, 0x20,
    0x19, 0x4c, 0x2, 0x10, 0xe, 0x58, 0xaa, 0x41,
    0x80, 0x71, 0x58, 0x6, 0x6a, 0x0, 0xff, 0xe1,
    0x1e, 0x8, 0x7, 0x2e, 0xa8, 0x7, 0xfd, 0x18,
    0x20, 0x1f, 0x15, 0x74, 0xa9, 0x0, 0x44, 0xb5,
    0xee, 0x1, 0xc0,

    /* U+0068 "h" */
    0x8f, 0xfd, 0xa0, 0x1f, 0xff, 0xf0, 0xf, 0xff,
    0xf8, 0x7, 0xff, 0x9c, 0xeb, 0x7f, 0xdd, 0x6c,
    0x1, 0xff, 0xc0, 0x1a, 0xc5, 0x20, 0x0, 0xa4,
    0xf2, 0x0, 0x7f, 0xe, 0x28, 0x7, 0xe1, 0xb5,
    0x0, 0xfd, 0xa4, 0x1, 0xff, 0x50, 0x80, 0x78,
    0x8c, 0x0, 0xaf, 0xc, 0x20, 0x1e, 0x90, 0xf,
    0xcd, 0xd5, 0xf, 0x3d, 0x0, 0x1c, 0xc0, 0x1f,
    0x44, 0x88, 0x7, 0x3b, 0x0, 0x61, 0x30, 0xe,
    0x27, 0x0, 0xfd, 0x60, 0x1c, 0xc0, 0x1f, 0xfc,
    0x32, 0x0, 0xe2, 0x0, 0xff, 0xe2, 0x10, 0x6,
    0xf0, 0xf, 0xff, 0xf8, 0x7, 0xff, 0xfc, 0x3,
    0xff, 0xfe, 0x1, 0xff, 0xff, 0x0, 0xff, 0xe9,
    0x0,

    /* U+0069 "i" */
    0x0, 0xfc, 0x57, 0xfd, 0x0, 0x1f, 0xfc, 0x4c,
    0x40, 0x17, 0x70, 0x7, 0xff, 0x8, 0xc4, 0x3,
    0x68, 0x7, 0xff, 0x20, 0x80, 0x3f, 0xf8, 0x46,
    0x40, 0x12, 0xc0, 0x7, 0xff, 0xf, 0x65, 0xf2,
    0x80, 0x3f, 0xf8, 0xad, 0x6, 0x1, 0xff, 0xd2,
    0x4f, 0xff, 0xfe, 0x4, 0x80, 0x7f, 0xfe, 0x99,
    0xdf, 0xe1, 0x0, 0xff, 0xe0, 0x14, 0x47, 0xc4,
    0x1, 0xff, 0xff, 0x0, 0xff, 0xff, 0x80, 0x7f,
    0xff, 0xc0, 0x3f, 0xff, 0xe0, 0x1e, 0x28, 0x8f,
    0x88, 0x3, 0x2c, 0x47, 0x99, 0x8e, 0xff, 0x8,
    0x6, 0x37, 0x7f, 0x50, 0x7, 0xff, 0xcc,

    /* U+006A "j" */
    0x0, 0xff, 0x37, 0x7e, 0xa8, 0x7, 0xf9, 0x64,
    0x40, 0xa8, 0xc0, 0x3f, 0xbc, 0x3, 0xac, 0x3,
    0xff, 0x9b, 0xc0, 0x1d, 0x40, 0x1f, 0xc9, 0x24,
    0x27, 0x64, 0x1, 0xfe, 0x6d, 0xec, 0x40, 0xf,
    0xfe, 0x39, 0x7f, 0xff, 0xf0, 0xc, 0x3, 0xff,
    0xcc, 0x6e, 0xfe, 0x60, 0xf, 0xc3, 0x11, 0xea,
    0x0, 0xff, 0xff, 0x80, 0x7f, 0xff, 0xc0, 0x3f,
    0xff, 0xe0, 0x1f, 0xff, 0xf0, 0xf, 0xe1, 0x0,
    0xfe, 0x70, 0xf, 0xfe, 0x19, 0x80, 0x71, 0x0,
    0x7f, 0x50, 0x6, 0x20, 0xf, 0xc3, 0x64, 0x1,
    0x90, 0x1, 0x11, 0xd7, 0xc8, 0x1, 0xd6, 0x0,
    0x57, 0x7c, 0x80, 0x1e, 0x72, 0x0, 0x10, 0x7,
    0xf9, 0x60, 0x3, 0xff, 0x83, 0x14, 0x1, 0x90,
    0x40, 0x31, 0x2c, 0xfb, 0x80, 0x60,

    /* U+006B "k" */
    0x7f, 0xfd, 0xc0, 0x1f, 0xff, 0xf0, 0xf, 0xff,
    0xf8, 0x7, 0xff, 0xf8, 0xbb, 0xff, 0x98, 0x3,
    0xff, 0x86, 0x38, 0x20, 0x19, 0xd8, 0x3, 0xff,
    0x84, 0x38, 0x20, 0x19, 0xa0, 0x3, 0xff, 0x87,
    0xa4, 0x1, 0x96, 0x40, 0x3f, 0xf8, 0x76, 0x60,
    0x19, 0x28, 0x3, 0xff, 0x87, 0x48, 0x1, 0x8a,
    0xc0, 0x3f, 0xf8, 0x72, 0xa0, 0x18, 0xb0, 0x3,
    0xff, 0x87, 0xc, 0x1, 0x87, 0xc4, 0x3, 0xff,
    0x84, 0xce, 0x1, 0xda, 0x40, 0x1f, 0xfc, 0x24,
    0x90, 0xe, 0xb3, 0x0, 0xff, 0xe1, 0xd, 0x80,
    0x73, 0x20, 0x7, 0xff, 0x29, 0x8c, 0x3, 0xff,
    0x97, 0xa2, 0x1, 0xff, 0xca, 0x1b, 0x0, 0xff,
    0xe2, 0xb9, 0x0, 0x65, 0x60, 0xf, 0xfe, 0x1c,
    0x43, 0x80, 0x3a, 0x4c, 0x3, 0xff, 0x83, 0x2e,
    0x7, 0x0, 0x1d, 0xc0, 0x1f, 0xfc, 0x1, 0x60,
    0x9, 0xcc, 0x3, 0x15, 0x0, 0x7f, 0xf1, 0x74,
    0x40, 0x32, 0xb0, 0x7, 0xff, 0x10, 0x6c, 0x3,
    0xa4, 0x80, 0x3f, 0xf8, 0x8a, 0xc0, 0x1d, 0xe0,
    0x1f, 0xfc, 0x59, 0x20, 0xc, 0x54, 0x1, 0xff,
    0xc5, 0xe0, 0xe, 0x56, 0x0, 0xff, 0xe2, 0x1c,
    0x0, 0x74, 0x90, 0x7, 0xff, 0x11, 0xcc, 0x3,
    0xbc, 0x0,

    /* U+006C "l" */
    0x7f, 0xff, 0xfe, 0x4, 0x80, 0x7f, 0xfe, 0x8d,
    0xdf, 0xe1, 0x0, 0xff, 0xe0, 0x24, 0x47, 0xc4,
    0x1, 0xff, 0xff, 0x0, 0xff, 0xff, 0x80, 0x7f,
    0xff, 0xc0, 0x3f, 0xff, 0xe0, 0x1f, 0xff, 0xf0,
    0xf, 0xff, 0xf8, 0x7, 0xff, 0x84, 0xe2, 0x3e,
    0x20, 0xc, 0xb1, 0x1e, 0x74, 0x77, 0xf8, 0x40,
    0x31, 0xbb, 0xfa, 0x0, 0x3f, 0xfe, 0x60,

    /* U+006D "m" */
    0x2f, 0xfd, 0x0, 0x75, 0xdf, 0xd6, 0x60, 0x6,
    0xcf, 0xf6, 0xc0, 0x80, 0x7c, 0x2b, 0x8a, 0x20,
    0x29, 0x89, 0x72, 0x60, 0x2, 0x7f, 0x10, 0xf,
    0x25, 0x0, 0x7d, 0x68, 0x1, 0xe1, 0xa0, 0xf,
    0x10, 0x7, 0xff, 0x15, 0x4, 0x3, 0xc9, 0xba,
    0x70, 0xe, 0x1b, 0xea, 0x10, 0xc, 0xe0, 0x1c,
    0x36, 0x44, 0x82, 0x0, 0xd6, 0x82, 0xac, 0x1,
    0xb8, 0x3, 0x8c, 0x3, 0x38, 0x6, 0x70, 0xb,
    0x40, 0x30, 0x80, 0x7f, 0xf3, 0xc, 0x3, 0xff,
    0xfe, 0x1, 0xff, 0xff, 0x0, 0xff, 0xff, 0x80,
    0x7f, 0xff, 0xc0, 0x3f, 0xff, 0xe0, 0x1f, 0xfe,
    0x60,

    /* U+006E "n" */
    0x8f, 0xfc, 0xa0, 0x12, 0x56, 0xff, 0xba, 0xdc,
    0x40, 0x3f, 0x88, 0xb, 0x2d, 0x48, 0x0, 0x29,
    0x1e, 0xa0, 0x1f, 0xbc, 0xf0, 0xc0, 0x3f, 0xd,
    0x28, 0x7, 0xc7, 0xa2, 0x1, 0xff, 0x50, 0x80,
    0x79, 0x4, 0x0, 0xaf, 0xc, 0x40, 0x1e, 0x90,
    0xf, 0xcb, 0xd5, 0xf, 0x3b, 0x20, 0x1c, 0xc0,
    0x1f, 0x35, 0x8, 0x7, 0x33, 0x0, 0x30, 0x90,
    0x7, 0xc, 0x80, 0x7e, 0xb0, 0xe, 0x70, 0xe,
    0x30, 0xf, 0xe2, 0x0, 0xe3, 0x0, 0xff, 0xe2,
    0x8, 0x6, 0x10, 0xf, 0xff, 0xf8, 0x7, 0xff,
    0xfc, 0x3, 0xff, 0xfe, 0x1, 0xff, 0xff, 0x0,
    0xff, 0xe9, 0x0,

    /* U+006F "o" */
    0x0, 0xf9, 0x27, 0x3b, 0xfd, 0xd6, 0xe2, 0x1,
    0xff, 0xc0, 0x3c, 0xb6, 0x31, 0x0, 0xa, 0x47,
    0x48, 0x7, 0xf9, 0xf0, 0xc0, 0x3f, 0xcd, 0xa4,
    0x1, 0xf3, 0xc0, 0x7, 0xff, 0x4, 0xb0, 0x80,
    0x39, 0x20, 0x3, 0x89, 0xe6, 0x14, 0x3, 0x87,
    0xc0, 0x3a, 0x40, 0x3a, 0x36, 0x19, 0xeb, 0x4c,
    0x3, 0x13, 0x80, 0x4c, 0x40, 0x19, 0xdc, 0x1,
    0xc5, 0xa4, 0x1, 0xa4, 0x2, 0xa0, 0xc, 0x50,
    0x1, 0xf0, 0xc0, 0x6, 0x15, 0x1, 0x30, 0xd,
    0x40, 0x1f, 0xca, 0x20, 0x1b, 0x1, 0x40, 0x39,
    0x40, 0x3f, 0xce, 0x1, 0x90, 0x8, 0x3, 0x88,
    0x3, 0xfd, 0xe0, 0x18, 0x80, 0x40, 0x30, 0x80,
    0x7f, 0xc6, 0x1, 0xef, 0x0, 0xc6, 0x1, 0xff,
    0x8, 0x7, 0xf, 0x80, 0x63, 0x0, 0xff, 0x84,
    0x3, 0x84, 0x40, 0x18, 0x40, 0x3f, 0xe3, 0x0,
    0xf1, 0x0, 0x71, 0x0, 0x7f, 0xbc, 0x3, 0x10,
    0x28, 0x7, 0x20, 0x7, 0xf9, 0x0, 0x32, 0x0,
    0x98, 0x6, 0xb0, 0xf, 0xe4, 0x20, 0xd, 0x80,
    0xa, 0x0, 0xc4, 0xe0, 0x1f, 0xa4, 0x3, 0xa,
    0x80, 0x18, 0x40, 0x34, 0x38, 0x7, 0xe, 0x10,
    0x6, 0x90, 0xd, 0x40, 0x1d, 0x1b, 0xc, 0xca,
    0xe3, 0x0, 0xc4, 0xe0, 0x19, 0x20, 0x3, 0x89,
    0xe6, 0x4a, 0x1, 0xc3, 0xe0, 0x1e, 0x78, 0x0,
    0xff, 0xe0, 0x8e, 0x10, 0x7, 0xcf, 0x86, 0x1,
    0xfe, 0x6f, 0x20, 0xf, 0xe3, 0xcb, 0x63, 0x10,
    0x0, 0xa4, 0x74, 0x88, 0x7, 0x0,

    /* U+0070 "p" */
    0x7f, 0xfd, 0x0, 0x4, 0xad, 0xff, 0x75, 0xb8,
    0x80, 0x7f, 0x84, 0x59, 0x6a, 0x40, 0x1, 0x48,
    0xf5, 0x0, 0xfe, 0x5f, 0x30, 0xf, 0xc3, 0x4e,
    0x1, 0xf8, 0xc4, 0x3, 0xfe, 0x85, 0x0, 0xff,
    0x13, 0x43, 0x98, 0x7, 0xac, 0x40, 0x3f, 0x4e,
    0xcb, 0xc6, 0x60, 0x40, 0x30, 0xb0, 0x7, 0xd2,
    0xc0, 0x1c, 0x78, 0x1, 0xd4, 0x1, 0xe1, 0x60,
    0xf, 0x89, 0xc0, 0x31, 0x10, 0x3, 0xff, 0x87,
    0x40, 0x1c, 0x80, 0x1f, 0xfc, 0x32, 0x10, 0xd,
    0xe0, 0x1f, 0xfc, 0x45, 0x0, 0xc6, 0x1, 0xff,
    0xc4, 0x10, 0xc, 0x20, 0x1f, 0xfc, 0x43, 0x0,
    0xce, 0x1, 0xff, 0xc4, 0x30, 0xc, 0xe0, 0x1f,
    0xfc, 0x41, 0x0, 0xc2, 0x1, 0xff, 0xc4, 0x50,
    0xc, 0x40, 0x1f, 0xfc, 0x32, 0x10, 0xd, 0xc0,
    0x1f, 0xfc, 0x3a, 0x0, 0xe4, 0x0, 0xe1, 0x40,
    0xf, 0x89, 0xc0, 0x31, 0x10, 0x3, 0xd6, 0x80,
    0x1c, 0x5e, 0x1, 0xd4, 0x1, 0xfa, 0xf2, 0x19,
    0x95, 0xa4, 0x1, 0x85, 0xc0, 0x3f, 0x8d, 0xe6,
    0x4a, 0x1, 0xea, 0x0, 0xf8, 0x48, 0x3, 0xfe,
    0x94, 0x0, 0xfd, 0x88, 0x1, 0xf8, 0x6d, 0x80,
    0x3f, 0x86, 0xf1, 0x88, 0x0, 0x29, 0x3c, 0x80,
    0x1f, 0xfc, 0x3, 0x9d, 0xff, 0x75, 0xb0, 0x7,
    0xff, 0xfc, 0x3, 0xff, 0xfe, 0x1, 0xff, 0xd4,

    /* U+0071 "q" */
    0x0, 0xf1, 0x46, 0x7f, 0xd9, 0x4, 0x0, 0xdf,
    0xfc, 0x1, 0xe9, 0xd7, 0x30, 0x8, 0xdf, 0x60,
    0x8, 0x3, 0xf0, 0xe3, 0x0, 0x7f, 0x3d, 0x80,
    0x7f, 0x51, 0x80, 0x7f, 0xc8, 0x1, 0xf9, 0x90,
    0x3, 0x85, 0xa6, 0x14, 0x3, 0xfe, 0x80, 0xe,
    0x5e, 0x96, 0x7a, 0xe4, 0x0, 0xfc, 0xa2, 0x1,
    0x92, 0x80, 0x38, 0x6d, 0x0, 0x3e, 0xc0, 0xe,
    0x90, 0xf, 0xda, 0x1, 0xf2, 0x0, 0x64, 0x20,
    0xf, 0xfe, 0x21, 0x0, 0x6d, 0x0, 0xff, 0xe2,
    0x10, 0x7, 0x10, 0x7, 0xff, 0x10, 0x40, 0x39,
    0x80, 0x3f, 0xfe, 0x42, 0x1, 0xcc, 0x1, 0xff,
    0xc4, 0x20, 0xe, 0x20, 0xf, 0xfe, 0x29, 0x0,
    0x6d, 0x0, 0xff, 0xe2, 0xa0, 0x6, 0x41, 0x0,
    0xff, 0xe2, 0x68, 0x7, 0x58, 0x7, 0xea, 0x0,
    0xf9, 0x8, 0x3, 0x2c, 0x0, 0x70, 0xd1, 0x80,
    0x7e, 0x80, 0xe, 0x7d, 0x86, 0x64, 0xfa, 0x80,
    0x7f, 0x2a, 0x80, 0x38, 0x9e, 0x64, 0xc2, 0x1,
    0xff, 0x52, 0x0, 0x7f, 0xc4, 0x1, 0xfe, 0xb7,
    0x0, 0xfe, 0x9b, 0x0, 0xff, 0xa3, 0x5c, 0xc0,
    0x2, 0x71, 0xcc, 0x1, 0xff, 0xc1, 0x28, 0xcf,
    0xf7, 0x63, 0x88, 0x7, 0xff, 0xfc, 0x3, 0xff,
    0xfe, 0x1, 0xff, 0xde,

    /* U+0072 "r" */
    0x2f, 0xfd, 0xc0, 0x18, 0xe7, 0x7f, 0xf7, 0x48,
    0x7, 0x8, 0x0, 0xaf, 0x18, 0x80, 0x30, 0x80,
    0x7e, 0x4c, 0x40, 0xf, 0xde, 0x1, 0xe5, 0xb1,
    0x0, 0xfe, 0x20, 0xf, 0x50, 0x7, 0xfc, 0xc0,
    0x1f, 0xe3, 0x78, 0x98, 0x74, 0x22, 0x0, 0x7e,
    0x4d, 0xc8, 0x76, 0x78, 0xbd, 0x0, 0xfc, 0xb6,
    0x40, 0x1f, 0xfc, 0x32, 0xa0, 0xf, 0xfe, 0x2d,
    0x80, 0x7f, 0xf1, 0x94, 0x3, 0xff, 0xfe, 0x1,
    0xff, 0xff, 0x0, 0xff, 0xff, 0x80, 0x7f, 0xfa,
    0x40,

    /* U+0073 "s" */
    0x0, 0xf2, 0x4e, 0x77, 0xfd, 0xb4, 0xa0, 0x1f,
    0xe5, 0xdb, 0x63, 0x10, 0x8, 0x96, 0xbe, 0x0,
    0x3e, 0x9a, 0x20, 0xf, 0xf9, 0xf4, 0x80, 0x34,
    0xb0, 0x7, 0xff, 0x8, 0xb0, 0x40, 0x8, 0xc0,
    0x18, 0x63, 0x3b, 0x99, 0x2, 0x1, 0x86, 0xc0,
    0x1c, 0x1, 0x8b, 0xdc, 0xc4, 0x46, 0xfe, 0x60,
    0x19, 0x44, 0x10, 0x3, 0x58, 0x80, 0x78, 0x78,
    0x3, 0x90, 0x4, 0x3, 0x18, 0x7, 0xe2, 0x54,
    0x4c, 0x20, 0x40, 0x1b, 0x80, 0x3f, 0xaa, 0xef,
    0x20, 0x50, 0x6, 0x4d, 0x50, 0xf, 0xfe, 0x13,
    0x90, 0x6, 0x2a, 0xfc, 0x96, 0x20, 0xf, 0xf6,
    0x18, 0x7, 0x8d, 0xa7, 0x7a, 0x90, 0x3, 0xe1,
    0xc8, 0x10, 0xf, 0xc2, 0xb7, 0xac, 0x1, 0xf3,
    0xf4, 0xa0, 0x7, 0xf1, 0x4d, 0x0, 0x7e, 0x6b,
    0xfb, 0x84, 0x10, 0xf, 0x2c, 0x80, 0x7f, 0x91,
    0xef, 0xb1, 0x80, 0x39, 0x88, 0x3, 0xff, 0x82,
    0x73, 0x80, 0x1c, 0xb7, 0xff, 0xa0, 0x3, 0xf8,
    0xd0, 0x3, 0x71, 0x80, 0x65, 0x0, 0xff, 0xe2,
    0x58, 0x6, 0x2a, 0x0, 0xfc, 0x88, 0x0, 0xd8,
    0x68, 0x1, 0x97, 0x5c, 0xc4, 0x9, 0x2a, 0xc0,
    0x30, 0xa8, 0x51, 0x0, 0x62, 0x8c, 0xef, 0xdb,
    0x50, 0xe, 0xb0, 0x0, 0xe1, 0x80, 0x7f, 0xf0,
    0xe9, 0x40, 0x21, 0xc9, 0x10, 0xf, 0xf9, 0x35,
    0x40, 0x3c, 0xdd, 0x6c, 0x62, 0x1, 0x12, 0xc6,
    0xd9, 0x0, 0x40,

    /* U+0074 "t" */
    0x0, 0xf1, 0x7f, 0xf2, 0x0, 0x7f, 0xff, 0xc0,
    0x3f, 0xfc, 0xff, 0xfd, 0xa0, 0x1d, 0x7f, 0xff,
    0x98, 0x3, 0xff, 0xf7, 0xdd, 0xda, 0x1, 0xd5,
    0xdd, 0xf9, 0x80, 0x2, 0x3c, 0x1, 0xe1, 0x1f,
    0xe0, 0xf, 0xff, 0xf8, 0x7, 0xff, 0xfc, 0x3,
    0xff, 0xfe, 0x1, 0xff, 0xc1, 0x30, 0xf, 0xfe,
    0x50, 0x80, 0x71, 0x80, 0x7f, 0xf1, 0x44, 0x3,
    0x58, 0x7, 0xff, 0x15, 0x40, 0x31, 0xc0, 0x7,
    0xc2, 0x1, 0xfb, 0x80, 0x39, 0xf6, 0x62, 0x15,
    0x9d, 0xe0, 0x1f, 0x94, 0x80, 0x38, 0x99, 0xdc,
    0xa6, 0x23, 0x0, 0x7e, 0xe0, 0xf, 0xfe, 0x9,
    0x0, 0x7e, 0x3c, 0x20, 0xf, 0xfe, 0x49, 0xed,
    0x29, 0x0, 0x44, 0x8d, 0x5e, 0x60,

    /* U+0075 "u" */
    0x5f, 0xfe, 0x0, 0xfe, 0x1f, 0xfe, 0x40, 0xf,
    0xff, 0xf8, 0x7, 0xff, 0xfc, 0x3, 0xff, 0xfe,
    0x1, 0xff, 0xff, 0x0, 0xff, 0xe9, 0x8, 0x7,
    0x10, 0x7, 0xff, 0xd, 0x80, 0x39, 0xc0, 0x3f,
    0x10, 0x7, 0x88, 0x40, 0x37, 0x80, 0x7e, 0xf0,
    0xf, 0x90, 0x3, 0x2a, 0x80, 0x38, 0xb0, 0xc0,
    0x3e, 0xe0, 0xe, 0xac, 0x87, 0x8c, 0xd3, 0x0,
    0xfc, 0x86, 0x1, 0xc6, 0xf0, 0xe6, 0x0, 0x31,
    0x0, 0xfb, 0x84, 0x3, 0xfc, 0x5a, 0x40, 0x1f,
    0x16, 0x18, 0x7, 0xe4, 0xc1, 0x70, 0xf, 0xc5,
    0x94, 0xa4, 0x0, 0x15, 0xbb, 0x8, 0x8, 0x7,
    0x0,

    /* U+0076 "v" */
    0xe, 0xff, 0xd2, 0x1, 0xff, 0xf, 0xff, 0x40,
    0x38, 0x6, 0x70, 0xf, 0xf9, 0x0, 0x3a, 0x82,
    0x80, 0x30, 0xa0, 0x7, 0xfb, 0x80, 0x31, 0x90,
    0x19, 0x80, 0x36, 0x80, 0x7f, 0x90, 0x3, 0x48,
    0x5, 0x40, 0x19, 0xc0, 0x3f, 0x94, 0x3, 0x94,
    0x2, 0x70, 0xc, 0x28, 0x1, 0xfb, 0xc0, 0x33,
    0x0, 0x61, 0x50, 0xd, 0xa0, 0x1f, 0x94, 0x3,
    0x50, 0x7, 0x70, 0x6, 0x70, 0xf, 0x94, 0x3,
    0x11, 0x80, 0x72, 0x8, 0x4, 0x28, 0x1, 0xef,
    0x0, 0xd4, 0x1, 0xf3, 0x0, 0x6d, 0x0, 0xf2,
    0x80, 0x66, 0x0, 0xfa, 0x80, 0x33, 0x80, 0x72,
    0x80, 0x64, 0x10, 0xf, 0x89, 0x0, 0x21, 0x40,
    0xd, 0xe0, 0x1b, 0x80, 0x3f, 0xb8, 0x3, 0x68,
    0x6, 0x50, 0x8, 0x54, 0x3, 0xf9, 0x40, 0x33,
    0x80, 0x48, 0x1, 0x98, 0x3, 0xfe, 0x60, 0x8,
    0x4c, 0x1, 0xc0, 0x1a, 0x80, 0x3f, 0xea, 0x0,
    0xd4, 0x0, 0x50, 0x8, 0xc8, 0x3, 0xfe, 0x32,
    0x0, 0x9c, 0x10, 0x3, 0x50, 0x7, 0xff, 0x6,
    0x80, 0x21, 0x3d, 0x0, 0xce, 0x1, 0xff, 0xc1,
    0x60, 0xd, 0x6e, 0x1, 0x28, 0x80, 0x7f, 0xf0,
    0x45, 0x40, 0x25, 0x10, 0xb, 0x80, 0x3f, 0xf8,
    0x7c, 0x1, 0x10, 0x4, 0x28, 0x1, 0xff, 0xc3,
    0x41, 0x0, 0xf3, 0x0, 0x7f, 0xf1, 0x58, 0x3,
    0xd4, 0x1, 0xff, 0xc5, 0xa0, 0xe, 0x42, 0x0,
    0xff, 0xe2, 0x91, 0x80, 0x6e, 0x0, 0xfe,

    /* U+0077 "w" */
    0x1f, 0xfd, 0x60, 0x1c, 0x5f, 0xf4, 0x80, 0x72,
    0x7f, 0xe8, 0x11, 0x0, 0x4a, 0x1, 0xce, 0x1,
    0x28, 0x7, 0x18, 0x6, 0xd0, 0x50, 0x8, 0x40,
    0x3b, 0x0, 0x23, 0x0, 0xee, 0x0, 0xce, 0x6,
    0x1, 0x88, 0x3, 0x28, 0x6, 0x30, 0xc, 0x40,
    0x18, 0x83, 0x40, 0x33, 0x80, 0x63, 0x0, 0xca,
    0x1, 0x94, 0x2, 0x30, 0x3, 0x80, 0x62, 0x0,
    0x8c, 0x3, 0xbc, 0x3, 0x8, 0x4, 0xa0, 0x2,
    0x0, 0xdc, 0x1, 0x28, 0x7, 0x20, 0x4, 0x40,
    0x1b, 0xc0, 0x23, 0x0, 0x94, 0x2, 0xf0, 0xe,
    0x20, 0x9, 0x80, 0x32, 0x80, 0x4a, 0x1, 0x10,
    0x4, 0xa0, 0x4, 0x0, 0x8c, 0x0, 0x60, 0x18,
    0xc0, 0x2f, 0x0, 0x84, 0x2, 0x30, 0x6, 0x80,
    0x48, 0x0, 0xe0, 0x8, 0x80, 0x32, 0x80, 0x63,
    0x3, 0x0, 0x94, 0x80, 0x1a, 0x0, 0x20, 0x9,
    0xc0, 0x31, 0x80, 0x66, 0x5, 0x0, 0x8d, 0x0,
    0xe, 0x0, 0x50, 0xb, 0x40, 0x38, 0x80, 0x22,
    0xc, 0x0, 0x18, 0x78, 0x0, 0x84, 0x4, 0x2,
    0x30, 0xe, 0x70, 0xb, 0x41, 0xc0, 0x8, 0x8,
    0x1, 0x29, 0x0, 0x65, 0x0, 0xed, 0x0, 0x98,
    0x8, 0x1, 0xa0, 0x40, 0x11, 0xb0, 0x4, 0x22,
    0x0, 0xe3, 0x0, 0x88, 0xc0, 0x27, 0x0, 0x20,
    0x3, 0x4c, 0x2, 0x50, 0xf, 0x28, 0x4, 0x28,
    0x0, 0x12, 0x0, 0x18, 0x1, 0xf8, 0x2, 0x30,
    0xf, 0x8, 0x80, 0x2b, 0x0, 0x28, 0x5, 0x80,
    0x2, 0x50, 0xb, 0x40, 0x3e, 0x50, 0x8, 0xc0,
    0x18, 0x1, 0x28, 0x4, 0x60, 0x13, 0x80, 0x7c,
    0x60, 0x1e, 0x30, 0x8, 0x48, 0x3, 0xc4, 0x1,
    0xf6, 0x80, 0x79, 0x0, 0x32, 0x0, 0x71, 0x80,
    0x7e, 0x70, 0xe, 0x20, 0xe, 0xf0, 0xe, 0x50,
    0xf, 0xc4, 0x1, 0xc8, 0x1, 0xc8, 0x1, 0xde,
    0x1, 0xfc, 0x60, 0x1b, 0xc0, 0x38, 0x80, 0x39,
    0x40, 0x3f, 0x94, 0x3, 0x20, 0x7, 0x90, 0x3,
    0x18, 0x6,

    /* U+0078 "x" */
    0x2f, 0xfe, 0xb0, 0xf, 0xf3, 0x7f, 0xf4, 0x81,
    0x40, 0x6, 0x47, 0x0, 0xfc, 0x52, 0x1, 0x8a,
    0x40, 0xe, 0x60, 0x1a, 0x8, 0x3, 0xee, 0x0,
    0xee, 0x0, 0xdc, 0x1, 0xde, 0x1, 0xe7, 0x30,
    0xd, 0x6, 0x1, 0x8a, 0x40, 0x31, 0x40, 0x6,
    0x38, 0x0, 0xc6, 0xe0, 0x1e, 0x64, 0x0, 0xce,
    0x80, 0x17, 0x0, 0x77, 0x0, 0x7e, 0xa1, 0x0,
    0xd4, 0x0, 0x92, 0x0, 0xd2, 0x40, 0x1f, 0x86,
    0xc0, 0x30, 0xd2, 0xb0, 0x6, 0x46, 0x0, 0xff,
    0x2a, 0x80, 0x32, 0xd0, 0x6, 0x1a, 0x0, 0xff,
    0xe0, 0x50, 0x80, 0x7f, 0x58, 0x80, 0x7f, 0xf0,
    0x68, 0x3, 0xf2, 0xa8, 0x3, 0xff, 0x84, 0x8c,
    0x1, 0xe1, 0xb0, 0xf, 0xfe, 0x25, 0x0, 0x79,
    0xc4, 0x3, 0xff, 0x89, 0xe0, 0x1e, 0x63, 0x0,
    0xff, 0xe1, 0xc1, 0x80, 0x7d, 0xc0, 0x1f, 0xfc,
    0x23, 0x70, 0xf, 0xc5, 0x20, 0x1f, 0xfc, 0x1e,
    0x0, 0xc2, 0x80, 0x19, 0x90, 0x3, 0xfe, 0x92,
    0x0, 0xd7, 0x61, 0x0, 0xd4, 0x20, 0x1f, 0xc8,
    0xc0, 0x19, 0x54, 0x14, 0x1, 0x86, 0xc0, 0x3f,
    0xd, 0x0, 0x61, 0xb0, 0x2, 0x38, 0x6, 0x56,
    0x0, 0xfa, 0xc4, 0x3, 0x50, 0x80, 0x50, 0x40,
    0x1a, 0x48, 0x3, 0x95, 0x40, 0x19, 0x90, 0x3,
    0xb8, 0x3, 0xb8, 0x3, 0x15, 0x0, 0x62, 0x90,
    0xf, 0x1c, 0x0, 0x63, 0x70, 0xb, 0x80, 0x3b,
    0x80, 0x3f, 0x39, 0x80, 0x68, 0x20, 0x73, 0x0,
    0xce, 0x60, 0x1f, 0xdc, 0x1, 0xde, 0x0,

    /* U+0079 "y" */
    0x7f, 0xfe, 0x70, 0xf, 0xfe, 0x1, 0xff, 0xf5,
    0xb8, 0x7, 0x50, 0x7, 0xff, 0x2, 0x80, 0x3b,
    0xc1, 0xc0, 0x31, 0x20, 0x7, 0xfc, 0xc0, 0x18,
    0x90, 0x24, 0x3, 0xb8, 0x3, 0xfc, 0xc0, 0x1d,
    0x60, 0x1, 0x50, 0xc, 0xa2, 0x1, 0xfd, 0x40,
    0x18, 0x58, 0x2, 0x90, 0xe, 0x60, 0xf, 0xc6,
    0x60, 0xc, 0xc0, 0x18, 0xcc, 0x1, 0xa4, 0x3,
    0xf5, 0x0, 0x74, 0x80, 0x74, 0x0, 0x61, 0x40,
    0xf, 0x98, 0x3, 0x30, 0x80, 0x72, 0x10, 0x6,
    0xf0, 0xf, 0x30, 0x7, 0x58, 0x7, 0xd6, 0x1,
    0x90, 0x80, 0x3a, 0x80, 0x32, 0x10, 0x7, 0xcc,
    0x20, 0x1a, 0x80, 0x31, 0x18, 0x6, 0xf0, 0xf,
    0xe6, 0x0, 0xcc, 0x1, 0xac, 0x3, 0x12, 0x0,
    0x7f, 0x48, 0x6, 0x15, 0x0, 0x9c, 0x3, 0x58,
    0x7, 0xf8, 0x58, 0x3, 0x48, 0x1, 0x44, 0x2,
    0x16, 0x0, 0xff, 0xac, 0x3, 0x19, 0x4, 0x80,
    0x66, 0x0, 0xff, 0xe0, 0x12, 0x0, 0x6a, 0x23,
    0x0, 0xd2, 0x1, 0xff, 0xc1, 0xf0, 0xc, 0xb4,
    0x1, 0x94, 0x40, 0x3f, 0xf8, 0x28, 0x40, 0x11,
    0x38, 0x6, 0x90, 0xf, 0xfe, 0x1c, 0x0, 0x7e,
    0x43, 0x0, 0xff, 0xe1, 0xa8, 0x80, 0x7d, 0xe0,
    0x1f, 0xfc, 0x59, 0x0, 0xf1, 0x20, 0x7, 0xff,
    0x15, 0x80, 0x3d, 0x60, 0x1f, 0xfc, 0x61, 0x60,
    0xc, 0x2c, 0x1, 0xff, 0xc7, 0x10, 0xc, 0xc0,
    0x1f, 0xfc, 0x71, 0x70, 0xd, 0x20, 0x1f, 0xfc,
    0x78, 0x0, 0xca, 0x20, 0x1f, 0xfc, 0x62, 0x60,
    0xd, 0x20, 0x1f, 0xfc, 0x7e, 0x0, 0xc6, 0x60,
    0xf, 0xfe, 0x35, 0x18, 0x6, 0x80, 0xf, 0xfe,
    0x1b, 0x4d, 0x72, 0x80, 0x63, 0x40, 0xf, 0xfe,
    0x1d, 0x32, 0x88, 0x7, 0x70, 0x7, 0xff, 0x10,
    0xc0, 0x3e, 0xb2, 0x0, 0xff, 0xe1, 0x88, 0x7,
    0x87, 0x10, 0x3, 0xff, 0x88, 0x66, 0x10, 0x13,
    0x9e, 0x30, 0xf, 0xfe, 0x18,

    /* U+007A "z" */
    0xaf, 0xff, 0xfe, 0x42, 0x80, 0x7f, 0xfe, 0x18,
    0x3a, 0x67, 0xff, 0x80, 0xe0, 0x1e, 0x83, 0x4,
    0x66, 0xff, 0xe0, 0x20, 0x7, 0x2b, 0x80, 0x7f,
    0xf0, 0xa8, 0xc0, 0x31, 0xd0, 0x7, 0xff, 0x9,
    0xd4, 0x3, 0xe, 0x80, 0x7f, 0xf0, 0x96, 0x0,
    0x3b, 0x44, 0x3, 0xff, 0x82, 0x54, 0x1, 0xd4,
    0x60, 0x1f, 0xfc, 0x11, 0xc0, 0xe, 0x75, 0x0,
    0xff, 0xe1, 0x68, 0x80, 0x64, 0x80, 0xf, 0xfe,
    0x14, 0x98, 0x6, 0x2a, 0x0, 0xff, 0xe1, 0x33,
    0x0, 0x30, 0xf8, 0x80, 0x7f, 0xf0, 0x52, 0x40,
    0x3a, 0x88, 0x3, 0xff, 0x82, 0x54, 0x1, 0xd2,
    0x80, 0x1f, 0xfc, 0x2f, 0x10, 0xc, 0xcc, 0x0,
    0xff, 0xe1, 0x59, 0x0, 0x63, 0x90, 0xf, 0xfe,
    0x14, 0x20, 0x6, 0x1d, 0x0, 0xff, 0xe1, 0x2b,
    0x80, 0x76, 0x8, 0x7, 0xff, 0x4, 0xe8, 0x3,
    0x95, 0x19, 0xbf, 0xf8, 0x21, 0xc0, 0x1e, 0x59,
    0x9f, 0xfe, 0x10, 0x10, 0x7, 0xff, 0xe0,

    /* U+007B "{" */
    0x0, 0xff, 0xe0, 0x88, 0x7, 0xff, 0x0, 0xab,
    0xb9, 0x20, 0x1f, 0xe7, 0xd5, 0x10, 0x50, 0xf,
    0xe8, 0x80, 0x6, 0x30, 0xf, 0xc6, 0xe0, 0x11,
    0x5f, 0x80, 0x7e, 0xf0, 0xd, 0xe8, 0x1, 0xf8,
    0xcc, 0x1, 0x39, 0x0, 0x7f, 0x58, 0x6, 0xc0,
    0xf, 0xf2, 0x0, 0x65, 0x0, 0xff, 0x10, 0x6,
    0x10, 0xf, 0xf0, 0x80, 0x7f, 0xff, 0xc0, 0x21,
    0x0, 0xff, 0xe1, 0x98, 0x6, 0x10, 0xf, 0xf3,
    0x80, 0x65, 0x0, 0xff, 0x70, 0x6, 0xd0, 0xf,
    0xe6, 0x40, 0x8, 0x58, 0x3, 0xc2, 0xb7, 0x20,
    0x1a, 0x80, 0x3d, 0xdc, 0xa4, 0x0, 0xd6, 0x80,
    0x1f, 0xfc, 0x5, 0xe4, 0x0, 0xff, 0xe1, 0x18,
    0x7, 0xff, 0x9, 0x75, 0x40, 0x3e, 0xee, 0x5a,
    0x0, 0x6a, 0x40, 0xf, 0x85, 0x2e, 0x40, 0x35,
    0x0, 0x7f, 0x99, 0x0, 0x21, 0x60, 0xf, 0xf7,
    0x0, 0x6d, 0x0, 0xff, 0x38, 0x6, 0x50, 0xf,
    0xf1, 0x0, 0x61, 0x0, 0xff, 0xff, 0x80, 0x7f,
    0xf1, 0x4, 0x3, 0x10, 0x7, 0xf9, 0x40, 0x30,
    0x80, 0x7f, 0xb0, 0x3, 0x20, 0x7, 0xf9, 0x80,
    0x35, 0x0, 0x7f, 0x85, 0x40, 0x22, 0x70, 0xf,
    0xf5, 0x88, 0x5, 0x10, 0x30, 0xf, 0xc3, 0x40,
    0x19, 0xf0, 0x3, 0xf9, 0x30, 0x40, 0x23, 0x0,
    0xff, 0x1f, 0x41, 0x82, 0x80,

    /* U+007C "|" */
    0xff, 0xac, 0x3, 0xff, 0xfe, 0x1, 0xff, 0xff,
    0x0, 0xff, 0xe1, 0x0,

    /* U+007D "}" */
    0x1, 0x0, 0xff, 0xe1, 0xf, 0x7e, 0x30, 0x7,
    0xfc, 0xa0, 0x3, 0x9c, 0x10, 0xf, 0xec, 0x0,
    0xc7, 0x82, 0x1, 0xfa, 0x35, 0x80, 0x22, 0xa0,
    0xf, 0xe2, 0x96, 0x0, 0x91, 0x0, 0x1f, 0xe8,
    0x0, 0xde, 0x1, 0xfe, 0x13, 0x0, 0x90, 0x3,
    0xfe, 0x60, 0xc, 0x60, 0x1f, 0xe2, 0x0, 0xca,
    0x1, 0xff, 0xc3, 0x10, 0xf, 0xfe, 0x1f, 0x80,
    0x7f, 0xfb, 0xbc, 0x3, 0xff, 0x86, 0x20, 0x18,
    0x40, 0x3f, 0xca, 0x1, 0x94, 0x3, 0xfc, 0x62,
    0x1, 0x19, 0x0, 0x7f, 0xa4, 0x3, 0x70, 0x80,
    0x7f, 0x39, 0x80, 0x47, 0xee, 0x60, 0x1f, 0xb0,
    0xc0, 0x21, 0x8c, 0xf6, 0x0, 0xfb, 0x20, 0x40,
    0x3f, 0xfa, 0x3, 0x90, 0x20, 0x1f, 0xfc, 0xd,
    0x30, 0x8, 0x63, 0x7d, 0x80, 0x39, 0xcc, 0x2,
    0x2f, 0x72, 0x0, 0xfa, 0x40, 0x37, 0x8, 0x7,
    0xe3, 0x10, 0x8, 0x8c, 0x3, 0xf9, 0x40, 0x32,
    0x0, 0x7f, 0x84, 0x3, 0x8, 0x7, 0xfb, 0xc0,
    0x3f, 0xff, 0x1e, 0x1, 0xfe, 0x20, 0xc, 0x40,
    0x1f, 0xe6, 0x0, 0xce, 0x1, 0xfe, 0x30, 0x8,
    0x48, 0x3, 0xf9, 0x80, 0x33, 0x0, 0x7f, 0xc,
    0x0, 0x69, 0x0, 0xf8, 0x57, 0xc4, 0x2, 0x81,
    0x0, 0xf9, 0xa8, 0x40, 0x24, 0x70, 0xf, 0xc6,
    0x1, 0x9a, 0xc0, 0x3f, 0x94, 0x9, 0xb2, 0x40,
    0x3f, 0xc0,

    /* U+007E "~" */
    0x0, 0xe3, 0x78, 0x75, 0x10, 0xf, 0xfe, 0x39,
    0x66, 0x21, 0xe2, 0xba, 0x88, 0x3, 0xf9, 0x10,
    0x62, 0x1, 0x16, 0x18, 0x7, 0x97, 0x5c, 0x3,
    0xf4, 0x5e, 0x70, 0x5, 0xe2, 0x1, 0xfd, 0x14,
    0x1, 0xe3, 0x30, 0x0, 0x40, 0xc, 0x40, 0x1f,
    0xf2, 0xea, 0x0, 0x43, 0xc0, 0x12, 0x80, 0x28,
    0x2, 0x1a, 0xfe, 0xa3, 0x0, 0xc5, 0x7b, 0x35,
    0xc4, 0x1, 0x68, 0x0, 0xc0, 0x2c, 0x50, 0x15,
    0xc8, 0x0, 0xe2, 0x65, 0x0, 0xc2, 0xc0, 0x40,
    0x12, 0x90, 0x7, 0x3e, 0x8, 0x7, 0xfa, 0x80,
    0x7, 0x2e, 0xbc, 0x1, 0xf1, 0xfa, 0x80, 0x7e,
    0xb4, 0x0, 0xb, 0x45, 0x20, 0x7, 0xe1, 0xac,
    0x62, 0x0, 0x13, 0xf2, 0x0, 0x40,

    /* U+00A0 " " */

    /* U+00A1 "¡" */
    0x0, 0x4f, 0x7d, 0x90, 0x2, 0x58, 0x41, 0x30,
    0x0, 0xc0, 0x18, 0x54, 0x3, 0xf9, 0x0, 0x39,
    0x2, 0x8c, 0x0, 0x36, 0x20, 0x39, 0xdb, 0xc8,
    0x1, 0x84, 0x80, 0x3f, 0xfb, 0xd, 0xff, 0xa8,
    0x3, 0xe1, 0x0, 0xff, 0xe3, 0x8, 0x7, 0xff,
    0x61, 0xc0, 0x3f, 0xde, 0x1, 0xff, 0xe0, 0x10,
    0xf, 0xf0, 0x80, 0x7f, 0xf4, 0xf8, 0xcf, 0x30,
    0x0,

    /* U+00A2 "¢" */
    0x0, 0xfe, 0x45, 0x58, 0x80, 0x3f, 0xf8, 0xb5,
    0x59, 0x40, 0x3f, 0xff, 0xe0, 0x1f, 0x8, 0x80,
    0x2f, 0x0, 0xff, 0xe1, 0x36, 0x70, 0x6, 0x7f,
    0xb5, 0x0, 0xfe, 0x3d, 0x93, 0x0, 0xf9, 0x2b,
    0x4, 0x3, 0xc9, 0x84, 0x1, 0xff, 0x1f, 0x90,
    0x6, 0x3b, 0x0, 0xff, 0xe1, 0xf, 0x80, 0x6e,
    0x0, 0xe3, 0xbe, 0xfe, 0x91, 0x0, 0xc5, 0x0,
    0x6, 0x20, 0xc, 0xd8, 0x82, 0x2, 0xdc, 0x60,
    0x19, 0xc0, 0x16, 0x1, 0x8a, 0x40, 0x3e, 0xd0,
    0xe, 0x52, 0x20, 0x6, 0x80, 0xf, 0xc2, 0xa0,
    0x1b, 0x50, 0x3, 0x94, 0x3, 0xfb, 0xc, 0xf7,
    0xf8, 0x3, 0x18, 0x7, 0xf9, 0xb3, 0x33, 0x90,
    0x6, 0x60, 0xf, 0xfe, 0x23, 0x80, 0x63, 0x0,
    0xff, 0xed, 0x38, 0x6, 0x30, 0xf, 0xfe, 0x20,
    0x80, 0x61, 0x0, 0xff, 0xe2, 0x10, 0x6, 0x50,
    0xf, 0xfe, 0x26, 0x0, 0x61, 0x20, 0xf, 0xe4,
    0xaa, 0xca, 0x80, 0x1d, 0x40, 0x1f, 0xdc, 0xab,
    0xb4, 0x14, 0x3, 0x39, 0x0, 0x7c, 0x6a, 0x1,
    0xb0, 0x20, 0x3, 0xb0, 0xc0, 0x39, 0x74, 0x3,
    0x12, 0x1, 0x38, 0x6, 0x1c, 0xc4, 0x3c, 0xed,
    0x8, 0x6, 0x90, 0xa, 0x10, 0x3, 0x8d, 0xe1,
    0x88, 0x3, 0x9d, 0x0, 0x35, 0xa8, 0x7, 0xff,
    0x6, 0x20, 0x1, 0xea, 0xa1, 0x0, 0x7f, 0x1e,
    0x38, 0x7, 0xe5, 0xdb, 0x70, 0xc, 0x51, 0xb8,
    0x60, 0x1f, 0xf2, 0x40, 0x80, 0x54, 0xe4, 0x1,
    0xff, 0xff, 0x0, 0xff, 0xe3, 0x80,

    /* U+00A3 "£" */
    0x0, 0xfe, 0x28, 0xce, 0xff, 0x76, 0x41, 0x80,
    0x7f, 0xf0, 0x4a, 0xf5, 0xcc, 0x40, 0x2, 0x6f,
    0x96, 0x40, 0x1f, 0xe4, 0xd4, 0x0, 0xff, 0x26,
    0x98, 0x7, 0xe2, 0xb0, 0xf, 0xfe, 0x16, 0x88,
    0x7, 0xdc, 0x1, 0xe6, 0x88, 0x28, 0x7, 0xd,
    0x80, 0x79, 0xc, 0x3, 0x1f, 0x4b, 0xba, 0xb4,
    0x80, 0x32, 0x88, 0x7, 0x70, 0x7, 0x70, 0x80,
    0x62, 0xf0, 0xe, 0x70, 0xe, 0x40, 0xc, 0xa4,
    0x1, 0xe2, 0x40, 0xd, 0xe0, 0x1c, 0x20, 0x1b,
    0x0, 0x3f, 0x18, 0x8e, 0x0, 0xe1, 0x0, 0xe3,
    0x0, 0xfd, 0x1d, 0xda, 0x40, 0x3f, 0xfa, 0x22,
    0x1, 0xc6, 0x1, 0xff, 0xe5, 0x10, 0xf, 0xfe,
    0x38, 0x80, 0x6f, 0x0, 0xff, 0xe1, 0xbf, 0xfc,
    0x20, 0x19, 0xff, 0xfd, 0x20, 0x1f, 0xff, 0xf0,
    0xf, 0xcb, 0x55, 0x10, 0x6, 0x3a, 0xaf, 0x80,
    0x3f, 0x12, 0xac, 0xc0, 0x19, 0xd5, 0x7c, 0x60,
    0x1f, 0xfd, 0x91, 0x0, 0xce, 0x1, 0xff, 0xf9,
    0x60, 0xc, 0xc0, 0x1f, 0xfc, 0x72, 0x0, 0xd8,
    0x1, 0xff, 0xc6, 0x51, 0x0, 0xce, 0x1, 0xff,
    0xc3, 0x26, 0x7b, 0x0, 0xc6, 0xec, 0xdf, 0xfc,
    0x20, 0x79, 0x81, 0x0, 0xc7, 0x33, 0xff, 0xc3,
    0x10, 0xf, 0xff, 0xf8,

    /* U+00A4 "¤" */
    0x0, 0x12, 0x0, 0x7f, 0xf1, 0x10, 0x80, 0x31,
    0x65, 0xa0, 0x0, 0x5a, 0xfb, 0xfd, 0xd6, 0xc0,
    0x12, 0x5e, 0x10, 0x0, 0x7c, 0x42, 0xd1, 0xfa,
    0x50, 0x40, 0x2, 0x93, 0xce, 0x96, 0x3, 0x84,
    0x14, 0x40, 0x15, 0xc0, 0x7, 0xf0, 0xc5, 0x80,
    0x43, 0xc1, 0x42, 0x1, 0xff, 0xc8, 0x1e, 0x1,
    0xc1, 0x0, 0xf3, 0x5e, 0xea, 0xd4, 0x3, 0xc3,
    0x84, 0x0, 0x26, 0x0, 0xc7, 0xb2, 0x84, 0x44,
    0xad, 0x20, 0xd, 0x24, 0x1, 0x98, 0x2, 0x3c,
    0x20, 0xf, 0x16, 0x10, 0x5, 0x40, 0x19, 0x84,
    0x2, 0xe0, 0xf, 0xe1, 0xe0, 0x8, 0x90, 0x2,
    0xd0, 0x9, 0x88, 0x3, 0xfc, 0x6a, 0x1, 0x70,
    0x4, 0x80, 0x15, 0x0, 0x7f, 0xf0, 0x38, 0x2,
    0x70, 0x0, 0x80, 0x63, 0x0, 0xff, 0xe0, 0x28,
    0x4, 0x40, 0x3, 0x0, 0x84, 0x3, 0xff, 0x82,
    0x20, 0x18, 0x40, 0x3f, 0xf9, 0xc6, 0x1, 0x8,
    0x7, 0xff, 0x4, 0x40, 0x30, 0x80, 0x88, 0x2,
    0x30, 0xf, 0xfe, 0x2, 0x0, 0x44, 0x1, 0x28,
    0x5, 0x40, 0x1f, 0xfc, 0xf, 0x0, 0x90, 0x2,
    0xd0, 0x9, 0x88, 0x3, 0xfc, 0x6a, 0x1, 0x68,
    0x4, 0xc2, 0x1, 0x78, 0x80, 0x7e, 0x1e, 0x0,
    0x89, 0x0, 0x32, 0x80, 0x45, 0x84, 0x1, 0xe2,
    0xc2, 0x0, 0x98, 0x3, 0x42, 0x0, 0x62, 0xd9,
    0x42, 0x22, 0x56, 0x90, 0x6, 0x49, 0x0, 0x43,
    0x80, 0x7c, 0xd7, 0xba, 0xb5, 0x0, 0xf9, 0xa4,
    0x38, 0x3, 0x8, 0x7, 0xff, 0x0, 0x40, 0x37,
    0x3, 0x40, 0x1, 0x7a, 0x0, 0x3f, 0xd1, 0xca,
    0x0, 0x77, 0x0, 0x1e, 0x12, 0x81, 0xfa, 0x50,
    0x40, 0x2, 0x93, 0xee, 0x14, 0x8f, 0x0, 0x19,
    0xec, 0x2, 0x16, 0xbe, 0xff, 0x75, 0xb0, 0x6,
    0xb8, 0x0, 0x80,

    /* U+00A5 "¥" */
    0x2f, 0xfe, 0xd0, 0xf, 0xfe, 0x8, 0xff, 0xf7,
    0x1, 0x30, 0x6, 0x26, 0x0, 0xff, 0xe0, 0x40,
    0x7, 0x40, 0x2, 0x0, 0x3a, 0xc0, 0x3f, 0xe1,
    0x60, 0xc, 0x4c, 0x0, 0x18, 0x0, 0xc4, 0xc0,
    0x1f, 0xe8, 0x0, 0xe9, 0x0, 0xce, 0x40, 0x1a,
    0x0, 0x3f, 0x85, 0x80, 0x32, 0x20, 0x3, 0xa0,
    0x3, 0xb, 0x0, 0x7e, 0x80, 0xe, 0x90, 0xf,
    0x29, 0x80, 0x68, 0x0, 0xf8, 0x98, 0x3, 0x31,
    0x0, 0x7d, 0xe0, 0x18, 0x5c, 0x3, 0xd6, 0x1,
    0xd0, 0x1, 0xf8, 0xd4, 0x3, 0x48, 0x7, 0x13,
    0x0, 0x68, 0x10, 0xf, 0xeb, 0x0, 0xc2, 0xe0,
    0x1a, 0x0, 0x31, 0x38, 0x7, 0xf8, 0x5c, 0x3,
    0x48, 0x4, 0x4a, 0x1, 0xa0, 0x3, 0xff, 0x81,
    0x2, 0x1, 0xb, 0x80, 0x20, 0x3, 0x1a, 0x80,
    0x7f, 0xf0, 0x60, 0x3, 0x48, 0x12, 0x80, 0x6f,
    0x0, 0xff, 0xe1, 0x31, 0x0, 0x42, 0xf0, 0x1,
    0x94, 0xc0, 0x3f, 0xf8, 0x72, 0x1, 0xa1, 0x40,
    0x34, 0x0, 0x7f, 0xf1, 0x11, 0x0, 0x1f, 0x9c,
    0x80, 0x3f, 0xee, 0xff, 0xe4, 0x0, 0xfc, 0xff,
    0xfd, 0x0, 0x1f, 0xff, 0x2a, 0xaf, 0xc2, 0x1,
    0x96, 0xab, 0xf0, 0x7, 0x91, 0x57, 0xe0, 0xe,
    0x25, 0x5f, 0x88, 0x3, 0xff, 0xac, 0x8a, 0xbf,
    0x0, 0x71, 0x2a, 0xfc, 0x40, 0x1e, 0xaa, 0xfc,
    0x20, 0x19, 0x6a, 0xbf, 0x0, 0x7f, 0xfc, 0xbb,
    0xff, 0xe1, 0x0, 0xcf, 0xff, 0xf4, 0x0, 0x7f,
    0xff, 0xc0, 0x3f, 0xff, 0xe0, 0x1f, 0xfc, 0x90,

    /* U+00A6 "¦" */
    0xdf, 0xfc, 0x60, 0x1f, 0xff, 0xf0, 0xf, 0xfe,
    0x4f, 0xe6, 0x63, 0x23, 0x3c, 0x1, 0xff, 0xc1,
    0xcf, 0xfc, 0x62, 0x1, 0xff, 0xff, 0x0, 0xff,
    0xe7, 0x0,

    /* U+00A7 "§" */
    0x0, 0xf8, 0x5a, 0xb3, 0xbf, 0xed, 0xb7, 0x20,
    0xf, 0xf8, 0x6b, 0xa5, 0x4c, 0x40, 0x22, 0x48,
    0xdb, 0x30, 0xf, 0xcb, 0xca, 0x1, 0xff, 0xc0,
    0x4c, 0x70, 0xf, 0x2d, 0x0, 0x7f, 0xf1, 0x21,
    0xc0, 0x30, 0xd0, 0x7, 0x91, 0xe6, 0x50, 0x80,
    0x1e, 0x82, 0x0, 0xa0, 0x3, 0x93, 0xae, 0x19,
    0x8f, 0x7a, 0x60, 0x1d, 0x0, 0x13, 0x80, 0x63,
    0xb1, 0x0, 0xf1, 0x69, 0x0, 0x65, 0x10, 0x11,
    0x0, 0x69, 0x0, 0xfe, 0x18, 0x0, 0xe5, 0x3,
    0x0, 0xe6, 0x0, 0xff, 0x28, 0x7, 0x18, 0x7,
    0xcc, 0x1, 0xff, 0x29, 0x9e, 0x10, 0x20, 0xe,
    0xe0, 0xf, 0xfa, 0xb3, 0x33, 0x0, 0x10, 0x3,
    0x25, 0x88, 0x7, 0xff, 0x17, 0xc0, 0x39, 0x3a,
    0x90, 0x3, 0xff, 0x86, 0x8a, 0x1, 0xe5, 0xbe,
    0xa5, 0x10, 0xf, 0xfe, 0x5, 0x20, 0x7, 0xc2,
    0xb5, 0xd8, 0xc2, 0x1, 0xfc, 0x20, 0x1f, 0xfc,
    0x3, 0x9e, 0x92, 0x0, 0xf1, 0x7a, 0x0, 0x7f,
    0xf0, 0x9b, 0x5c, 0x3, 0xbc, 0x40, 0x21, 0xaa,
    0x20, 0x7, 0xfa, 0x2c, 0x2, 0x62, 0x0, 0xd8,
    0xaa, 0xbf, 0xb6, 0x10, 0xf, 0x92, 0x40, 0x1a,
    0x1, 0x98, 0x80, 0x32, 0x4f, 0x5a, 0x0, 0x79,
    0x8c, 0x14, 0x3, 0x78, 0x7, 0xe4, 0xbb, 0x8,
    0x7, 0x50, 0x8, 0x6, 0x10, 0xf, 0xf2, 0x78,
    0x80, 0x64, 0x1, 0x0, 0xda, 0x1, 0xff, 0xc,
    0x80, 0x62, 0x5, 0x0, 0xca, 0xa0, 0xf, 0xf8,
    0x80, 0x3d, 0xa0, 0x1d, 0x54, 0x10, 0xf, 0xe3,
    0x0, 0xc2, 0xc, 0x40, 0x1c, 0xbd, 0x6a, 0x20,
    0x1e, 0xa0, 0xc, 0x80, 0xe, 0x0, 0xf9, 0x2b,
    0xad, 0x88, 0x1, 0x26, 0x1, 0xa4, 0x0, 0x78,
    0x20, 0x1f, 0x92, 0x77, 0x35, 0x80, 0x33, 0x18,
    0x4, 0x7e, 0xa0, 0x1f, 0xe3, 0x20, 0xc, 0xd2,
    0x1, 0xc3, 0x5a, 0xc0, 0x1f, 0xfc, 0x18, 0x90,
    0xf, 0xc5, 0x3f, 0x4c, 0x20, 0x1f, 0xd0, 0x80,
    0x1f, 0xf2, 0xcf, 0x63, 0x90, 0x7, 0xd6, 0x20,
    0x1f, 0xfc, 0x13, 0x8d, 0xb4, 0x0, 0xf4, 0x0,
    0x7f, 0xf1, 0x12, 0xe8, 0x3, 0x9c, 0x0, 0x89,
    0xc2, 0x1, 0xfe, 0x58, 0x0, 0xc2, 0x20, 0xbb,
    0xe4, 0x0, 0xff, 0x94, 0x3, 0x88, 0x4, 0x3,
    0x68, 0x7, 0xfc, 0x20, 0x1c, 0x20, 0xa0, 0x19,
    0xc4, 0x3, 0xfc, 0x80, 0x1c, 0x61, 0xa0, 0x1d,
    0x82, 0x1, 0xf9, 0x20, 0x3, 0x10, 0x83, 0x8,
    0x6, 0x2e, 0x94, 0x10, 0x0, 0xad, 0x58, 0x7,
    0x58, 0x5, 0x40, 0x1e, 0x6b, 0xef, 0xf7, 0x52,
    0x80, 0x71, 0xb0, 0x4, 0x94, 0x1, 0xff, 0xc5,
    0x2d, 0x0, 0xe5, 0xd3, 0x0, 0xff, 0xe1, 0x36,
    0x88, 0x7, 0x8b, 0x2d, 0x44, 0x3, 0xf1, 0x3e,
    0xc8, 0x7, 0xf9, 0x2b, 0xb9, 0x75, 0x32, 0xac,
    0xed, 0x82, 0x0, 0xe0,

    /* U+00A8 "¨" */
    0x0, 0x22, 0x0, 0x3f, 0x1a, 0x8, 0x0, 0xba,
    0xed, 0xc2, 0x1, 0xd7, 0x97, 0xca, 0x12, 0x20,
    0x1, 0x80, 0xc, 0xc8, 0x1, 0x58, 0x30, 0x6,
    0x20, 0xd, 0xc0, 0x18, 0x41, 0x0, 0x36, 0x0,
    0x6c, 0x0, 0xc6, 0x12, 0xa0, 0x6, 0x70, 0xc,
    0x92, 0x20, 0x9c, 0x0,

    /* U+00A9 "©" */
    0x0, 0xff, 0x84, 0x40, 0x1f, 0xfc, 0x63, 0x9d,
    0xfe, 0xe7, 0xec, 0x98, 0x7, 0xff, 0x0, 0xaf,
    0x18, 0x80, 0x31, 0x36, 0x59, 0x0, 0x7f, 0x36,
    0xa0, 0x2d, 0x77, 0xfb, 0x69, 0x41, 0x35, 0x40,
    0x3e, 0x79, 0x5, 0xea, 0x51, 0x0, 0x12, 0xd6,
    0xa0, 0x53, 0x0, 0x72, 0xc0, 0x45, 0x8, 0x0,
    0x90, 0xc4, 0x0, 0x56, 0xe1, 0x28, 0x1, 0xd,
    0x84, 0x38, 0x1, 0x77, 0x57, 0x9d, 0x86, 0x0,
    0x87, 0xa, 0x0, 0xa0, 0x51, 0xc0, 0xf, 0x44,
    0x1, 0x8f, 0x10, 0x1, 0x6, 0x30, 0x2, 0xc1,
    0x20, 0x2, 0x80, 0x2b, 0xfe, 0xa0, 0x4, 0x80,
    0x5e, 0xe, 0xe, 0x8, 0x40, 0x8, 0x0, 0x7a,
    0x0, 0xac, 0x1, 0x18, 0x0, 0xcc, 0xb, 0x81,
    0xa0, 0x12, 0x2, 0x90, 0x6, 0x40, 0x3, 0x0,
    0x56, 0x18, 0xe0, 0x80, 0x1, 0x10, 0x68, 0x7,
    0x1e, 0xe9, 0x40, 0x23, 0x5, 0x20, 0x30, 0xe,
    0x10, 0xf, 0x11, 0x0, 0x33, 0x1, 0x0, 0x4,
    0x3, 0xff, 0x8c, 0x60, 0x18, 0x40, 0x3f, 0xf8,
    0xc6, 0x6, 0x40, 0x40, 0x1, 0x0, 0x70, 0x7,
    0xa, 0xa8, 0x80, 0x26, 0x1, 0x70, 0x40, 0x8,
    0x81, 0x0, 0x39, 0x6a, 0x8c, 0x1, 0x60, 0x2f,
    0x85, 0x80, 0x4a, 0x6, 0x80, 0x1b, 0x40, 0xa,
    0x1, 0x28, 0x6a, 0x81, 0x98, 0x1, 0x22, 0x17,
    0x8, 0xb4, 0xc0, 0x82, 0x0, 0x42, 0x14, 0x7,
    0xf, 0x0, 0xe, 0x80, 0x1e, 0xe9, 0x40, 0x68,
    0x2, 0x90, 0x90, 0x4, 0x9, 0xc8, 0x0, 0xf9,
    0x84, 0x0, 0x4f, 0xe2, 0x0, 0xa2, 0x23, 0x80,
    0x5a, 0xd, 0x0, 0x1, 0x9e, 0xff, 0x6c, 0x8,
    0x2, 0x54, 0x38, 0x3, 0x1d, 0x3, 0xd9, 0x0,
    0x7e, 0x3c, 0x60, 0xa3, 0x0, 0xe5, 0xb1, 0x4d,
    0xb5, 0x21, 0x11, 0x35, 0xe1, 0x8d, 0xa8, 0x7,
    0xc9, 0xea, 0x9, 0x5b, 0xdc, 0xd9, 0x40, 0x6f,
    0x40, 0xf, 0xe1, 0xae, 0x84, 0x10, 0x0, 0xa4,
    0x74, 0x88, 0x7, 0x0,

    /* U+00AA "ª" */
    0x0, 0xcb, 0x5d, 0xfe, 0xea, 0x40, 0xf, 0x16,
    0x52, 0x88, 0x0, 0x56, 0xe8, 0x3, 0xe, 0x18,
    0x7, 0xe5, 0x80, 0xa, 0x44, 0x0, 0x2f, 0x76,
    0x60, 0x9, 0xc4, 0x0, 0x80, 0x16, 0xc2, 0x22,
    0x58, 0x2, 0x70, 0x4, 0x4c, 0x40, 0xc0, 0x36,
    0x80, 0x5c, 0x0, 0x46, 0x77, 0x0, 0x73, 0x80,
    0x42, 0x1, 0xc6, 0xd1, 0x33, 0x80, 0x3e, 0x6e,
    0xc9, 0x76, 0x69, 0x40, 0x3d, 0x32, 0x10, 0xf,
    0xfe, 0x2, 0x30, 0x4, 0xfb, 0xff, 0x60, 0x7,
    0x68, 0x5, 0x30, 0x40, 0x1f, 0xc4, 0x1, 0x38,
    0x7, 0x38, 0x7, 0xf1, 0x0, 0x62, 0xa0, 0xe,
    0x30, 0xb, 0x94, 0xd2, 0x74, 0x40, 0x23, 0xa,
    0x0, 0x8a, 0xb2, 0xd8, 0x4, 0x2, 0x10, 0x2a,
    0x0, 0xf8, 0xb0, 0x2, 0x50, 0x2, 0xe2, 0x88,
    0x0, 0xe7, 0x49, 0xd1, 0xa, 0x20,

    /* U+00AB "«" */
    0x0, 0xf8, 0x46, 0x0, 0xe1, 0x18, 0x3, 0xe8,
    0xee, 0x8c, 0x2, 0x7e, 0xe9, 0x0, 0x39, 0x1c,
    0x0, 0xc6, 0x0, 0x38, 0x0, 0x2a, 0x0, 0x61,
    0xa0, 0x0, 0xc0, 0x5, 0xc0, 0x15, 0x80, 0x75,
    0x8, 0x2, 0xc4, 0x1, 0x44, 0x0, 0x81, 0x0,
    0xce, 0x80, 0x4, 0x50, 0x3, 0x28, 0x0, 0x9c,
    0x3, 0x1c, 0x0, 0x52, 0x0, 0x29, 0x0, 0xb8,
    0x3, 0xb8, 0x2, 0x72, 0x0, 0x78, 0x4, 0xc6,
    0x1, 0xa8, 0x80, 0x5, 0x0, 0x9, 0x20, 0x0,
    0xc0, 0x6, 0x55, 0x0, 0x52, 0x0, 0x46, 0x0,
    0xa0, 0x40, 0x30, 0x80, 0x61, 0x0, 0x38, 0x7,
    0xf9, 0x1c, 0x2, 0xb0, 0x1, 0xc0, 0x5, 0x22,
    0x1, 0xd0, 0x60, 0x1, 0x90, 0x3, 0xa0, 0x5,
    0x60, 0x1e, 0xe0, 0x9, 0x8c, 0x1, 0x42, 0x0,
    0x54, 0x0, 0xe2, 0x90, 0xb, 0xc0, 0x3, 0x40,
    0x14, 0x80, 0x79, 0x94, 0x0, 0x6c, 0x0, 0x46,
    0x0, 0x14, 0x0, 0x7a, 0x88, 0x1, 0x22, 0x0,
    0x93, 0x0, 0x39, 0x0, 0x7b, 0x80, 0x2b, 0x0,
    0xb8, 0x2, 0x90, 0xf, 0x1c, 0x0, 0x15, 0x0,
    0x5, 0x20, 0x4, 0x50,

    /* U+00AC "¬" */
    0xac, 0xcf, 0xfe, 0x2d, 0xb1, 0x9f, 0xff, 0x15,
    0x40, 0x3f, 0xfb, 0x59, 0xff, 0xff, 0xc1, 0x80,
    0xf, 0xff, 0xf8, 0x7, 0xff, 0x30,

    /* U+00AD "­" */
    0x16, 0x6f, 0xfe, 0x2a, 0xaa, 0x67, 0xff, 0x8b,
    0x0, 0x1f, 0xfe, 0xd0,

    /* U+00AE "®" */
    0x0, 0xff, 0xe0, 0x8, 0x80, 0x3f, 0xf8, 0xe7,
    0x3b, 0xfd, 0xcf, 0xd8, 0x20, 0xf, 0xfe, 0x9,
    0xe6, 0x18, 0x80, 0x31, 0x3e, 0xd0, 0x80, 0x7f,
    0x9f, 0xc, 0x1a, 0xfb, 0xfd, 0xb4, 0xa0, 0xbc,
    0xa0, 0x1f, 0xa2, 0x0, 0xbd, 0x28, 0x20, 0x2,
    0x5a, 0xd3, 0xa, 0x50, 0xf, 0x2b, 0x84, 0xd1,
    0x19, 0xf0, 0x80, 0xb, 0x18, 0x28, 0xc0, 0x30,
    0xd0, 0x4b, 0x6, 0x67, 0xbb, 0x10, 0x1, 0x2c,
    0x1a, 0x1, 0xa0, 0x11, 0x80, 0x3f, 0x8e, 0xd4,
    0x1, 0x24, 0x2e, 0x0, 0x16, 0x9, 0x0, 0xe8,
    0xff, 0xb0, 0x82, 0xc0, 0x29, 0x9, 0x0, 0x38,
    0x29, 0x0, 0x7f, 0x1d, 0x80, 0x88, 0x0, 0x84,
    0x28, 0x1a, 0x1e, 0x1, 0xff, 0xc6, 0x50, 0xc0,
    0x60, 0x70, 0xf, 0xf2, 0x40, 0x18, 0x80, 0x58,
    0x6, 0x4, 0x4, 0x1, 0xe8, 0xff, 0xac, 0x4f,
    0x40, 0x33, 0x3, 0x0, 0x7f, 0xf0, 0xe3, 0x4,
    0x3, 0xff, 0x8a, 0xd7, 0x64, 0xe, 0x0, 0xff,
    0x10, 0x10, 0x7, 0xb9, 0x11, 0x0, 0xc4, 0x1,
    0xce, 0xc, 0xe, 0x8, 0x1, 0xfc, 0x66, 0xb,
    0x0, 0xed, 0x3, 0xc, 0xd, 0x0, 0xff, 0x48,
    0x30, 0x80, 0x66, 0xc, 0x7, 0x4, 0x20, 0xf,
    0xe5, 0x10, 0x80, 0x9, 0x44, 0x48, 0x2, 0xc1,
    0xc0, 0x1f, 0xe9, 0x6, 0x10, 0x5, 0x84, 0x0,
    0x50, 0x27, 0x0, 0xd, 0xd3, 0x0, 0x67, 0xdd,
    0x8, 0x58, 0x93, 0x0, 0x43, 0x40, 0xf0, 0x4,
    0x41, 0x0, 0xe2, 0x20, 0x52, 0x7, 0x80, 0x72,
    0x48, 0x3d, 0x90, 0x7, 0xe3, 0xd5, 0xb, 0x20,
    0xf, 0x35, 0x2, 0x6d, 0xb1, 0x88, 0x8d, 0xb3,
    0x4, 0x38, 0x80, 0x1f, 0x97, 0x94, 0x12, 0x73,
    0xb9, 0x92, 0x60, 0xde, 0x60, 0x1f, 0xe1, 0xad,
    0x84, 0x10, 0x0, 0xa4, 0x74, 0x88, 0x7, 0x0,

    /* U+00AF "¯" */
    0x8, 0x8f, 0xfe, 0x20, 0x83, 0xbf, 0xff, 0x10,
    0x80, 0x3f, 0xfb, 0x0,

    /* U+00B0 "°" */
    0x0, 0xe1, 0x10, 0x7, 0xe8, 0xee, 0xd0, 0x1,
    0x8b, 0x5c, 0x40, 0x2, 0xf8, 0x20, 0xf, 0x20,
    0xf, 0x1d, 0x3, 0x10, 0x2, 0x3b, 0x90, 0x0,
    0x44, 0x68, 0x1, 0xdc, 0x22, 0x76, 0x0, 0x6a,
    0x80, 0x28, 0x3, 0x68, 0x1, 0x40, 0x21, 0x0,
    0xc2, 0x1, 0x28, 0x2, 0x80, 0x37, 0x80, 0x17,
    0x40, 0xd, 0x26, 0x6a, 0x50, 0x6, 0xb1, 0x80,
    0x1b, 0x30, 0xa0, 0x4, 0x40, 0x69, 0x80, 0x79,
    0x2c, 0x0, 0x39, 0x26, 0x0, 0x39, 0xb0, 0x0,

    /* U+00B1 "±" */
    0x0, 0xfd, 0x1f, 0xf8, 0xc0, 0x3f, 0xff, 0xe0,
    0x1f, 0xff, 0xf0, 0xc, 0x91, 0x1f, 0x20, 0x6,
    0xa8, 0x8f, 0x3e, 0xbb, 0xfc, 0x60, 0x19, 0x9d,
    0xfd, 0x0, 0x1f, 0xff, 0x39, 0xff, 0xf9, 0xc0,
    0x36, 0x7f, 0xfc, 0x1, 0xff, 0xff, 0x0, 0xff,
    0xff, 0x80, 0x77, 0x88, 0xe0, 0xf, 0xfe, 0x23,
    0xf7, 0x63, 0x0, 0xff, 0xe8, 0xb3, 0xbf, 0xff,
    0x18, 0x42, 0x62, 0x3f, 0xf8, 0xc6, 0x1, 0xff,
    0xf3,

    /* U+00B2 "²" */
    0x0, 0xcd, 0x7d, 0xfe, 0xd9, 0x30, 0xe, 0x2d,
    0x94, 0x10, 0x1, 0x36, 0x48, 0x4, 0x38, 0x40,
    0x1f, 0x9a, 0x0, 0x12, 0x20, 0x13, 0x54, 0x90,
    0x4, 0xe2, 0xc, 0x1, 0x4c, 0x95, 0xb4, 0x40,
    0x25, 0x11, 0x0, 0x4c, 0x1, 0x88, 0x2, 0x11,
    0x7f, 0xe0, 0xc, 0x26, 0x1, 0x8, 0x7, 0xf5,
    0x80, 0x42, 0x80, 0x1f, 0x9d, 0x40, 0x28, 0x0,
    0xfd, 0x10, 0x0, 0x99, 0x80, 0x1f, 0x4b, 0x80,
    0x4d, 0x20, 0x1f, 0x53, 0x0, 0x4f, 0x20, 0x1f,
    0x5a, 0x80, 0x55, 0x0, 0x1e, 0x1c, 0x40, 0x0,
    0xe2, 0x80, 0x78, 0x70, 0xc0, 0x3, 0x6e, 0x89,
    0xe0, 0xa2, 0x0, 0x86, 0xae, 0xfe, 0x0, 0xff,
    0xe9, 0x0,

    /* U+00B3 "³" */
    0x0, 0x85, 0xef, 0xbf, 0xdd, 0x6a, 0x1, 0xc9,
    0xf0, 0x82, 0x0, 0x14, 0xad, 0x20, 0x1, 0x58,
    0x80, 0x7e, 0x2f, 0x0, 0x40, 0x6, 0x7a, 0xa2,
    0x80, 0x44, 0xc0, 0x24, 0x55, 0x42, 0xaa, 0x94,
    0x2, 0xe0, 0xbd, 0xd9, 0x40, 0x31, 0x0, 0x7f,
    0xf0, 0x51, 0x80, 0x2a, 0x0, 0xe4, 0xdd, 0x7d,
    0x88, 0x2, 0x88, 0x3, 0x84, 0x88, 0x1, 0xd,
    0xa8, 0x7, 0xff, 0x0, 0x6e, 0x0, 0x3c, 0xbf,
    0xee, 0xa1, 0x0, 0x3a, 0x80, 0x7e, 0x15, 0x80,
    0xa, 0x41, 0xdf, 0x0, 0x72, 0x80, 0x44, 0x11,
    0x19, 0x0, 0x35, 0x80, 0x46, 0x6, 0x1, 0x5c,
    0x2a, 0xa5, 0xc0, 0x24, 0xf, 0x0, 0xcf, 0x54,
    0x60, 0x8, 0x60, 0xe, 0xc4, 0x3, 0xf1, 0x60,
    0x80, 0x13, 0xe0, 0xc4, 0x0, 0x4b, 0x5a, 0x40,

    /* U+00B4 "´" */
    0x0, 0xcb, 0xff, 0xd2, 0x1, 0x86, 0xc0, 0x33,
    0x48, 0x6, 0xa1, 0x0, 0x9e, 0x40, 0x33, 0x20,
    0x4, 0xf0, 0x1, 0x8a, 0x40, 0x27, 0x80, 0xe,
    0xe0, 0xa, 0x20, 0x1, 0xc0,

    /* U+00B5 "µ" */
    0xff, 0xe6, 0x0, 0xfe, 0xff, 0xe7, 0x0, 0xff,
    0xff, 0x80, 0x7f, 0xff, 0xc0, 0x3f, 0xff, 0xe0,
    0x1f, 0xff, 0xe1, 0x0, 0xff, 0xe4, 0x78, 0x7,
    0xff, 0x21, 0x0, 0x3f, 0xf9, 0x6, 0x40, 0x1f,
    0x30, 0x7, 0xff, 0x3, 0x80, 0x3c, 0xd2, 0x1,
    0xff, 0xc0, 0x3e, 0x97, 0x74, 0xec, 0x80, 0x7f,
    0xf0, 0x85, 0xa2, 0xc, 0x40, 0x1f, 0xfd, 0xf8,
    0x60, 0xf, 0xf3, 0xb8, 0xc4, 0x0, 0x4d, 0xae,
    0x20, 0x1f, 0xee, 0x8c, 0xef, 0xf6, 0xc9, 0x4,
    0x7f, 0xe7, 0x0, 0xff, 0xff, 0x80, 0x7f, 0xff,
    0xc0, 0x3f, 0xf8, 0xc0,

    /* U+00B6 "¶" */
    0x0, 0xf9, 0x67, 0x3b, 0xff, 0xe5, 0x0, 0xe6,
    0xea, 0x63, 0x10, 0xf, 0xfe, 0x5, 0xc8, 0x80,
    0x7f, 0xf0, 0xed, 0x0, 0x3f, 0xf8, 0x90, 0x80,
    0x1f, 0xfc, 0x41, 0x70, 0xf, 0xfe, 0x2b, 0x0,
    0x7f, 0xf1, 0xac, 0x3, 0xff, 0x8c, 0x60, 0x1f,
    0xfc, 0x52, 0x0, 0xff, 0xf6, 0x10, 0x7, 0xff,
    0x1c, 0x80, 0x3f, 0xf8, 0xc8, 0x1, 0xff, 0xc6,
    0xa0, 0xf, 0xfe, 0x31, 0xa8, 0x7, 0xff, 0x1a,
    0xc4, 0x3, 0xff, 0x8a, 0x38, 0x20, 0x1f, 0xfc,
    0x52, 0xf5, 0x0, 0xff, 0xe2, 0x8d, 0x6b, 0x90,
    0x7, 0xff, 0x10, 0xa3, 0x7f, 0x73, 0x12, 0x1,
    0xff, 0xc3, 0x23, 0x32, 0x80, 0x7f, 0xff, 0xc0,
    0x3f, 0xff, 0xe0, 0x1f, 0xfe, 0x10,

    /* U+00B7 "·" */
    0x0, 0xfd, 0x1f, 0xed, 0x40, 0x77, 0x0, 0xa,
    0xca, 0xc0, 0x39, 0x0, 0x3e, 0xa0, 0xe, 0x76,
    0x81, 0x3, 0xb1,

    /* U+00B8 "¸" */
    0x5f, 0xfa, 0x80, 0x2d, 0x0, 0x92, 0x4, 0x10,
    0x2, 0x17, 0xf1, 0xdc, 0x80, 0x8, 0x6c, 0x4d,
    0xd8, 0x2, 0x70, 0x8, 0xc0, 0x30, 0x9c, 0x28,
    0x4, 0xf1, 0x8e, 0x1, 0xa0, 0x40, 0x30, 0xd9,
    0x78, 0x12, 0xd7, 0x20, 0x0,

    /* U+00B9 "¹" */
    0x0, 0xf8, 0xe0, 0xc0, 0x31, 0xc6, 0xe3, 0xb0,
    0x1c, 0xf6, 0x39, 0x0, 0x47, 0x8c, 0x20, 0x1f,
    0xfc, 0x62, 0x6a, 0x30, 0xc, 0x7d, 0xb2, 0xae,
    0x1, 0xc2, 0x1, 0xff, 0xff, 0x0, 0xff, 0xea,
    0x80,

    /* U+00BA "º" */
    0x0, 0xcd, 0x7d, 0xfe, 0xd9, 0x30, 0xf, 0x1e,
    0xca, 0x8, 0x0, 0x9b, 0x24, 0x3, 0x1e, 0x10,
    0x7, 0xe6, 0xb0, 0xb, 0x80, 0x21, 0x8b, 0xa5,
    0x0, 0x91, 0xc1, 0x48, 0x0, 0x7e, 0xe8, 0xb5,
    0x40, 0xa, 0x43, 0x80, 0x28, 0x10, 0xc, 0xa8,
    0x0, 0x14, 0x50, 0x9, 0x0, 0x3d, 0xa0, 0x11,
    0x88, 0x0, 0x80, 0x3e, 0x20, 0xb, 0xc0, 0x3f,
    0xfc, 0x82, 0x0, 0x20, 0xf, 0x88, 0x2, 0xf5,
    0x0, 0x8c, 0x3, 0xda, 0x1, 0x1f, 0x0, 0x5e,
    0x1, 0xc8, 0x80, 0x0, 0xa2, 0x90, 0x0, 0xf5,
    0x8d, 0x22, 0xc0, 0x29, 0x0, 0x70, 0x4, 0x53,
    0x96, 0xe0, 0x12, 0x38, 0x0, 0xf0, 0x80, 0x3f,
    0x2d, 0x80, 0x63, 0xd9, 0x41, 0x0, 0x13, 0x65,
    0x0, 0x40,

    /* U+00BB "»" */
    0x12, 0x20, 0x80, 0x61, 0x22, 0x80, 0x3e, 0x7d,
    0xd7, 0x30, 0x4, 0x5b, 0xb4, 0x0, 0x79, 0x8c,
    0x1, 0x24, 0x0, 0x36, 0x0, 0x3a, 0x0, 0x7b,
    0x80, 0x2f, 0x0, 0xa0, 0x40, 0x14, 0x20, 0x1c,
    0x4e, 0x0, 0x29, 0x0, 0xd, 0x80, 0x6, 0x80,
    0x3d, 0x2, 0x0, 0x64, 0x0, 0x2a, 0x0, 0x11,
    0xc0, 0x3d, 0x60, 0x15, 0x8, 0x2, 0x40, 0x28,
    0x30, 0xe, 0x54, 0x0, 0xe, 0x80, 0x9, 0xc0,
    0x2d, 0x10, 0xe, 0x90, 0x8, 0xe0, 0x1, 0x4,
    0x0, 0x1b, 0x0, 0xe2, 0x80, 0x9, 0xcc, 0x1,
    0x20, 0x12, 0xa8, 0x3, 0xbc, 0x3, 0x8, 0x0,
    0x40, 0x30, 0x80, 0x62, 0x70, 0xa, 0x48, 0x6,
    0xc0, 0x26, 0x40, 0xd, 0xc0, 0x12, 0xb0, 0x2,
    0x4, 0x0, 0x52, 0x1, 0x98, 0xc0, 0x3, 0x60,
    0x3, 0x60, 0xb, 0xc0, 0x30, 0xc0, 0x5, 0xa2,
    0x0, 0xf0, 0xa, 0x48, 0x3, 0x40, 0x80, 0x20,
    0xc0, 0xe, 0x60, 0x5, 0x60, 0xc, 0x6c, 0x0,
    0x47, 0x0, 0xc, 0x0, 0xa, 0x80, 0x3b, 0x80,
    0x3, 0x40, 0x15, 0x80, 0x5c, 0x1, 0xce, 0x40,
    0xa, 0x10, 0x2, 0x28, 0x2, 0xc, 0x3, 0x80,

    /* U+00BC "¼" */
    0x0, 0xff, 0xe9, 0xa, 0xdf, 0x80, 0x7f, 0xf1,
    0xc5, 0xaf, 0xa9, 0x0, 0x3f, 0xf8, 0xf1, 0xd2,
    0x80, 0x1f, 0xfc, 0xa3, 0x0, 0xff, 0xe7, 0xa3,
    0xa0, 0x7, 0xff, 0x26, 0x7e, 0xe0, 0x40, 0x3f,
    0xe4, 0xd5, 0x0, 0xf8, 0x80, 0x3f, 0xf8, 0x70,
    0x55, 0x20, 0x1f, 0xfc, 0x95, 0x30, 0x6, 0x80,
    0x7f, 0xf2, 0x60, 0x0, 0x88, 0x0, 0xff, 0xe4,
    0x31, 0x0, 0x20, 0x3, 0xff, 0x93, 0x0, 0x5,
    0x30, 0xf, 0xfe, 0x43, 0x88, 0x2, 0x0, 0x3f,
    0xf9, 0x32, 0x0, 0x62, 0x0, 0xff, 0xe4, 0x38,
    0x80, 0x20, 0x3, 0xff, 0x90, 0x30, 0x0, 0x71,
    0x0, 0xff, 0xe4, 0x48, 0x5, 0x20, 0x1f, 0xfc,
    0x2a, 0xff, 0x80, 0x2, 0xe0, 0x8, 0x10, 0xc,
    0x23, 0x0, 0x7f, 0xf0, 0x60, 0x0, 0x2e, 0x1,
    0xb7, 0xba, 0x40, 0xf, 0xf8, 0x98, 0x1, 0x0,
    0x1a, 0x48, 0x3, 0xff, 0x87, 0x0, 0x2, 0x60,
    0x9, 0x18, 0x3, 0xff, 0x86, 0x6a, 0x0, 0x80,
    0x8, 0x68, 0x3, 0xff, 0x89, 0x0, 0x2, 0x50,
    0xa, 0xc4, 0x3, 0xff, 0x86, 0x88, 0x0, 0x48,
    0x4, 0xaa, 0x1, 0x60, 0xf, 0xfe, 0xc, 0x0,
    0xd, 0x0, 0x3, 0x60, 0xb, 0xe0, 0xf, 0xfe,
    0x2, 0x98, 0x2, 0x0, 0x2a, 0x10, 0x65, 0x0,
    0xff, 0xe0, 0xc0, 0x1, 0x10, 0x0, 0x64, 0x3,
    0x90, 0xf, 0xfe, 0x9, 0x90, 0x2, 0x0, 0x5,
    0x20, 0xf, 0x11, 0x0, 0x61, 0x10, 0x7, 0x8f,
    0x55, 0x46, 0x0, 0x90, 0xb, 0x3b, 0x90, 0x1,
    0x57, 0x18, 0x7, 0x8a, 0xa8, 0x1, 0x38, 0x7,
    0xff, 0x35, 0xc0, 0x3f, 0xf9, 0xb7, 0xff, 0xe8,
    0x0, 0xaf, 0xcc, 0x3, 0xff, 0xd0,

    /* U+00BD "½" */
    0x0, 0xff, 0xea, 0x1c, 0xf3, 0x0, 0x7f, 0xf2,
    0xe, 0x7b, 0x18, 0x40, 0x3f, 0xf8, 0xe7, 0xd8,
    0xc2, 0x1, 0xff, 0xca, 0x61, 0x0, 0xff, 0xe7,
    0x93, 0x38, 0x7, 0xff, 0x29, 0x3b, 0x67, 0x0,
    0x3f, 0xeb, 0xa1, 0x0, 0xfc, 0x22, 0x0, 0xff,
    0xe0, 0xa2, 0x17, 0x88, 0x3, 0xff, 0x95, 0x0,
    0x3, 0x20, 0xf, 0xfe, 0x4a, 0x98, 0x3, 0xc0,
    0x3f, 0xf9, 0x50, 0x0, 0x43, 0x0, 0xff, 0xe4,
    0xb1, 0x0, 0x24, 0x3, 0xff, 0x95, 0x0, 0x5,
    0x20, 0xf, 0xfe, 0x4b, 0x88, 0x2, 0xc0, 0x3f,
    0xf9, 0x23, 0x0, 0x7, 0x10, 0xf, 0xfe, 0x4c,
    0x80, 0x52, 0x1, 0xff, 0xc9, 0x17, 0x0, 0x40,
    0x80, 0x7f, 0xf0, 0xd3, 0xfe, 0x60, 0x80, 0x0,
    0xb8, 0x7, 0xff, 0x24, 0x98, 0x1, 0x0, 0x1,
    0x8d, 0xff, 0x76, 0x30, 0x7, 0xff, 0x2, 0x40,
    0x4, 0xc0, 0x7e, 0xe4, 0x0, 0x13, 0x9d, 0x10,
    0xf, 0xe3, 0x40, 0x4, 0x0, 0xe8, 0x80, 0x7c,
    0x54, 0x1, 0xfd, 0xe0, 0x3, 0x50, 0x81, 0x0,
    0x2f, 0x7e, 0x8, 0x1, 0x4, 0x3, 0xe4, 0x30,
    0x4, 0x0, 0x10, 0x0, 0x34, 0x20, 0x6c, 0x1,
    0x10, 0x7, 0xd2, 0x0, 0x44, 0x0, 0x22, 0x65,
    0x60, 0x18, 0x40, 0x3f, 0xca, 0x40, 0x8, 0x0,
    0x95, 0x98, 0xa0, 0x11, 0x30, 0x0, 0x4c, 0x3,
    0xd0, 0x0, 0x53, 0x0, 0xfe, 0x1f, 0x0, 0xac,
    0x3, 0xcc, 0x40, 0x8, 0x0, 0xfe, 0x2c, 0x20,
    0x3, 0xa8, 0x7, 0xb8, 0x0, 0xc4, 0x1, 0xf8,
    0xf0, 0x80, 0xf, 0x0, 0x1f, 0x46, 0xac, 0x0,
    0x7e, 0x4c, 0x10, 0x4, 0xc0, 0x7, 0xf1, 0x50,
    0x80, 0x7c, 0xb6, 0x0, 0x1c, 0x60, 0xf, 0xfe,
    0x3b, 0xd0, 0x0, 0xfc, 0xc0, 0x3f, 0xf8, 0xed,
    0x0, 0x11, 0xf7, 0xff, 0x60, 0x7, 0xff, 0xb,
    0x80, 0x3f, 0xfb, 0x60,

    /* U+00BE "¾" */
    0x0, 0xff, 0xe9, 0xa5, 0x77, 0xfb, 0xad, 0x80,
    0x3f, 0xf8, 0xf3, 0x6a, 0x20, 0x1, 0x49, 0xd1,
    0x0, 0xff, 0xe2, 0x3b, 0x0, 0x7e, 0x2b, 0x0,
    0xff, 0xe2, 0x50, 0x5, 0x5f, 0xeb, 0x10, 0x2,
    0x80, 0x7f, 0xf1, 0x22, 0x65, 0x6a, 0x0, 0x46,
    0x0, 0x84, 0x3, 0xff, 0x86, 0xac, 0xc4, 0x0,
    0xc8, 0x0, 0x11, 0x0, 0x74, 0xe2, 0x80, 0x7f,
    0xd1, 0x35, 0xc6, 0x0, 0xa0, 0xe, 0x16, 0x3a,
    0x50, 0xf, 0xf3, 0x31, 0x44, 0x7, 0x50, 0x3,
    0xa0, 0x0, 0x4a, 0x1, 0xff, 0xc3, 0x1c, 0x30,
    0xc, 0x4c, 0x0, 0x80, 0xf, 0xfb, 0xbf, 0xd6,
    0x40, 0x3a, 0x20, 0x14, 0x0, 0xd, 0x40, 0x3f,
    0xf8, 0x49, 0x0, 0x1, 0x40, 0x1, 0xa8, 0x2,
    0x0, 0x3e, 0x2d, 0xd9, 0xc0, 0x3f, 0x18, 0x2,
    0x0, 0x6, 0x80, 0x1f, 0x11, 0x68, 0x60, 0x1,
    0xc0, 0x4, 0x40, 0x88, 0x0, 0x78, 0x7, 0xf3,
    0x80, 0x53, 0xfe, 0xc2, 0x0, 0x1a, 0x4, 0x0,
    0x10, 0xc0, 0x3f, 0xa1, 0x40, 0x3f, 0x1e, 0x82,
    0x98, 0x2, 0x0, 0x3f, 0xea, 0xb5, 0x10, 0x0,
    0xa5, 0x60, 0x84, 0x0, 0x14, 0xc0, 0x3f, 0xf8,
    0x9, 0x5d, 0xfe, 0xeb, 0x50, 0x3, 0x10, 0x2,
    0x0, 0x21, 0x1c, 0x1, 0xff, 0xc4, 0x80, 0x3,
    0x10, 0x0, 0x7f, 0xba, 0x20, 0xf, 0xfe, 0x13,
    0x8, 0x2, 0x0, 0x2b, 0x10, 0xf, 0xfe, 0x34,
    0x0, 0x18, 0x40, 0xa, 0xa0, 0xf, 0xfe, 0x33,
    0x88, 0x2, 0x0, 0x5, 0x40, 0x1f, 0xfc, 0x61,
    0x80, 0x3, 0x88, 0x2, 0x40, 0x3f, 0xf8, 0xf2,
    0x0, 0x19, 0x0, 0x3a, 0x0, 0xb0, 0x7, 0xff,
    0xc, 0x5c, 0x1, 0x22, 0x5, 0x0, 0xd, 0x10,
    0xf, 0xfe, 0x1c, 0x0, 0x5, 0xc0, 0x1e, 0x0,
    0x83, 0x0, 0xff, 0xe1, 0x93, 0x0, 0x20, 0x1,
    0x4, 0x8, 0xe0, 0x1f, 0xfc, 0x45, 0x0, 0x13,
    0x2, 0x38, 0xc, 0x88, 0x80, 0x30, 0x88, 0x3,
    0xf9, 0xec, 0xe0, 0x1, 0x20, 0x1, 0xde, 0xe3,
    0x80, 0x59, 0xc4, 0x1, 0xfc, 0x98, 0xa0, 0x1f,
    0xfd, 0x21, 0x0, 0xff, 0xe7, 0xe7, 0xff, 0x9c,
    0x2, 0xdf, 0x20, 0xf, 0xff, 0x60,

    /* U+00BF "¿" */
    0x0, 0xfc, 0x7b, 0xfc, 0xc0, 0x1f, 0xfc, 0x3d,
    0x20, 0x19, 0x30, 0xf, 0xfe, 0x9, 0x8, 0x6,
    0x50, 0xf, 0xfe, 0x9, 0x80, 0x71, 0x80, 0x7f,
    0xf0, 0x45, 0x40, 0x21, 0x50, 0xf, 0xfe, 0x15,
    0x51, 0xe7, 0xc0, 0x3f, 0xf8, 0x8b, 0xc, 0x20,
    0x1f, 0xfe, 0xb2, 0x2e, 0x0, 0xff, 0xe1, 0xfe,
    0xee, 0x10, 0xf, 0xfe, 0x11, 0x80, 0x7f, 0xf1,
    0x84, 0x40, 0x18, 0x40, 0x3f, 0xf8, 0x32, 0x1,
    0x84, 0x3, 0xff, 0x82, 0xae, 0x1, 0x9c, 0x3,
    0xff, 0x80, 0xb4, 0x1, 0xd6, 0x1, 0xff, 0x2d,
    0x0, 0x75, 0x90, 0x7, 0xf9, 0x28, 0x3, 0xad,
    0x0, 0x3f, 0xc3, 0x40, 0x1d, 0x68, 0x1, 0xff,
    0x68, 0x80, 0x6a, 0x40, 0xf, 0xf9, 0x4c, 0x3,
    0x32, 0x80, 0x7f, 0xf0, 0x24, 0x3, 0xc, 0x80,
    0x7f, 0xf0, 0x8, 0xc0, 0x34, 0x0, 0x7f, 0xf0,
    0x5c, 0x3, 0x9c, 0x3, 0xff, 0x82, 0x60, 0x18,
    0x44, 0x1, 0xf8, 0x47, 0x80, 0x38, 0x40, 0x3f,
    0x3f, 0x76, 0xf3, 0x0, 0xe3, 0x0, 0xfb, 0x0,
    0x31, 0x20, 0x7, 0x40, 0x7, 0x91, 0x0, 0x19,
    0x44, 0xc0, 0x32, 0x59, 0x80, 0xa, 0x2c, 0x3,
    0xa8, 0x20, 0x3, 0x93, 0x3f, 0xda, 0xe0, 0x1c,
    0xa6, 0x8, 0xc0, 0x1f, 0xfc, 0x22, 0xb0, 0xa,
    0x5c, 0x3, 0xff, 0x80, 0x78, 0x20, 0x1a, 0x31,
    0x0, 0x3f, 0x14, 0xe0, 0x80, 0x78, 0xef, 0xae,
    0x1d, 0xd1, 0x5b, 0xa6, 0x0, 0xc0,

    /* U+00C0 "À" */
    0x0, 0xe1, 0x33, 0xe1, 0x0, 0xff, 0xe4, 0xf6,
    0x67, 0x0, 0x7f, 0xf2, 0x7, 0xc4, 0x2, 0x28,
    0x0, 0xff, 0xe4, 0x16, 0x8, 0x4, 0xe6, 0x1,
    0xff, 0xc8, 0x2d, 0x0, 0xde, 0x1, 0xff, 0xc9,
    0x3b, 0x0, 0x8d, 0xc0, 0x3f, 0xf9, 0x29, 0x40,
    0x14, 0x10, 0x7, 0xff, 0x25, 0x7f, 0xf1, 0x0,
    0x7f, 0xf9, 0x1b, 0xff, 0x58, 0x7, 0xff, 0x27,
    0x40, 0x32, 0x0, 0x7f, 0xf2, 0x5, 0x0, 0x39,
    0x40, 0x3f, 0xf8, 0xe8, 0x1, 0xef, 0x0, 0xff,
    0xe3, 0xf8, 0x7, 0x94, 0x3, 0xff, 0x8e, 0xa0,
    0x1f, 0x20, 0x7, 0xff, 0x15, 0x40, 0x3f, 0x68,
    0x7, 0xff, 0x17, 0xc0, 0x3f, 0x38, 0x7, 0xff,
    0x15, 0x40, 0x21, 0x50, 0x8, 0x4c, 0x3, 0xff,
    0x86, 0x80, 0x19, 0x3c, 0x3, 0x58, 0x7, 0xff,
    0xf, 0x40, 0x37, 0xa0, 0x6, 0x60, 0xf, 0xfe,
    0x1b, 0x80, 0x64, 0x13, 0x0, 0x84, 0xc0, 0x3f,
    0xf8, 0x28, 0x20, 0x11, 0x88, 0x20, 0x6, 0xb0,
    0xf, 0xfe, 0xe, 0x80, 0x64, 0x0, 0x58, 0x6,
    0x50, 0xf, 0xfe, 0xb, 0x80, 0x6b, 0x0, 0x18,
    0x80, 0x44, 0x40, 0xf, 0xf8, 0xc4, 0x2, 0x13,
    0x0, 0x90, 0x3, 0x28, 0x7, 0xfd, 0x60, 0x19,
    0x0, 0x37, 0x80, 0x6b, 0x0, 0xff, 0x98, 0x3,
    0x78, 0x6, 0x40, 0xc, 0x62, 0x1, 0xfc, 0x62,
    0x1, 0x90, 0x3, 0x9, 0x80, 0x67, 0x0, 0xfe,
    0xb0, 0xc, 0x62, 0x1, 0xc8, 0x1, 0xb4, 0x3,
    0xf9, 0x40, 0x35, 0x80, 0x7a, 0xc0, 0x32, 0x8,
    0x7, 0xc4, 0x40, 0xd, 0x1f, 0xfe, 0xc0, 0xe,
    0x40, 0xf, 0x94, 0x3, 0xff, 0x8d, 0xe0, 0x1f,
    0x50, 0x7, 0xff, 0x19, 0x40, 0x3c, 0x44, 0x0,
    0xff, 0xe3, 0xa8, 0x7, 0x28, 0x7, 0x22, 0x7f,
    0x84, 0x3, 0x78, 0x7, 0x58, 0x6, 0x4b, 0xbf,
    0xf3, 0x0, 0x64, 0x0, 0xc2, 0x60, 0x1b, 0x40,
    0x3f, 0xd6, 0x1, 0x85, 0x0, 0x27, 0x0, 0xe7,
    0x0, 0xff, 0x18, 0x80, 0x6d, 0x0, 0xb4, 0x3,
    0x18, 0x80, 0x7f, 0xc8, 0x1, 0x9c, 0x0, 0x28,
    0x1, 0xac, 0x3, 0xff, 0x81, 0xe0, 0x18, 0x4c,
    0x1c, 0x3, 0x90, 0x3, 0xff, 0x80, 0xa0, 0x1d,
    0x61, 0xa0, 0x18, 0x4c, 0x3, 0xff, 0x82, 0x80,
    0x19, 0x40,

    /* U+00C1 "Á" */
    0x0, 0xff, 0xe1, 0xc, 0x47, 0x38, 0x7, 0xff,
    0x22, 0xdd, 0xf9, 0x0, 0x3f, 0xf8, 0xe8, 0xa0,
    0x1a, 0xcc, 0x3, 0xff, 0x8f, 0x20, 0x1a, 0x90,
    0x3, 0xff, 0x8f, 0x4, 0x1, 0x52, 0x80, 0x7f,
    0xf1, 0xcd, 0xc0, 0x29, 0x50, 0xf, 0xfe, 0x47,
    0x80, 0x50, 0xc0, 0x1f, 0xfc, 0x9c, 0xff, 0x9c,
    0x3, 0xff, 0xc8, 0xdf, 0xfa, 0xc0, 0x3f, 0xf9,
    0x3a, 0x1, 0x90, 0x3, 0xff, 0x90, 0x28, 0x1,
    0xca, 0x1, 0xff, 0xc7, 0x40, 0xf, 0x78, 0x7,
    0xff, 0x1f, 0xc0, 0x3c, 0xa0, 0x1f, 0xfc, 0x75,
    0x0, 0xf9, 0x0, 0x3f, 0xf8, 0xaa, 0x1, 0xfb,
    0x40, 0x3f, 0xf8, 0xbe, 0x1, 0xf9, 0xc0, 0x3f,
    0xf8, 0xaa, 0x1, 0xa, 0x80, 0x42, 0x60, 0x1f,
    0xfc, 0x34, 0x0, 0xc9, 0xe0, 0x1a, 0xc0, 0x3f,
    0xf8, 0x7a, 0x1, 0xbd, 0x0, 0x33, 0x0, 0x7f,
    0xf0, 0xdc, 0x3, 0x20, 0x98, 0x4, 0x26, 0x1,
    0xff, 0xc1, 0x41, 0x0, 0x8c, 0x41, 0x0, 0x35,
    0x80, 0x7f, 0xf0, 0x74, 0x3, 0x20, 0x2, 0xc0,
    0x32, 0x80, 0x7f, 0xf0, 0x5c, 0x3, 0x58, 0x0,
    0xc4, 0x2, 0x22, 0x0, 0x7f, 0xc6, 0x20, 0x10,
    0x98, 0x4, 0x80, 0x19, 0x40, 0x3f, 0xeb, 0x0,
    0xc8, 0x1, 0xbc, 0x3, 0x58, 0x7, 0xfc, 0xc0,
    0x1b, 0xc0, 0x32, 0x0, 0x63, 0x10, 0xf, 0xe3,
    0x10, 0xc, 0x80, 0x18, 0x4c, 0x3, 0x38, 0x7,
    0xf5, 0x80, 0x63, 0x10, 0xe, 0x40, 0xd, 0xa0,
    0x1f, 0xca, 0x1, 0xac, 0x3, 0xd6, 0x1, 0x90,
    0x40, 0x3e, 0x22, 0x0, 0x68, 0xff, 0xf6, 0x0,
    0x72, 0x0, 0x7c, 0xa0, 0x1f, 0xfc, 0x6f, 0x0,
    0xfa, 0x80, 0x3f, 0xf8, 0xca, 0x1, 0xe2, 0x20,
    0x7, 0xff, 0x1d, 0x40, 0x39, 0x40, 0x39, 0x13,
    0xfc, 0x20, 0x1b, 0xc0, 0x3a, 0xc0, 0x32, 0x5d,
    0xff, 0x98, 0x3, 0x20, 0x6, 0x13, 0x0, 0xda,
    0x1, 0xfe, 0xb0, 0xc, 0x28, 0x1, 0x38, 0x7,
    0x38, 0x7, 0xf8, 0xc4, 0x3, 0x68, 0x5, 0xa0,
    0x18, 0xc4, 0x3, 0xfe, 0x40, 0xc, 0xe0, 0x1,
    0x40, 0xd, 0x60, 0x1f, 0xfc, 0xf, 0x0, 0xc2,
    0x60, 0xe0, 0x1c, 0x80, 0x1f, 0xfc, 0x5, 0x0,
    0xeb, 0xd, 0x0, 0xc2, 0x60, 0x1f, 0xfc, 0x14,
    0x0, 0xca, 0x0,

    /* U+00C2 "Â" */
    0x0, 0xff, 0x96, 0x20, 0xe0, 0x1f, 0xfc, 0xa7,
    0xa7, 0x74, 0x60, 0x7, 0xff, 0x21, 0xe0, 0x3,
    0x1e, 0x8, 0x7, 0xff, 0x16, 0x20, 0x1, 0x8,
    0x0, 0xf0, 0x40, 0x3f, 0xf8, 0x72, 0xe0, 0x15,
    0x79, 0x0, 0xb, 0x4, 0x3, 0xff, 0x83, 0x2c,
    0x1, 0x52, 0x8e, 0x10, 0x0, 0xbc, 0x80, 0x3f,
    0xe6, 0x60, 0x5, 0x6a, 0x0, 0x1c, 0x20, 0x0,
    0xf8, 0x7, 0xfc, 0xdf, 0xf9, 0x0, 0x30, 0xef,
    0xfd, 0xa0, 0x1f, 0xff, 0xa6, 0xff, 0xd6, 0x1,
    0xff, 0xc9, 0xd0, 0xc, 0x80, 0x1f, 0xfc, 0x81,
    0x40, 0xe, 0x50, 0xf, 0xfe, 0x3a, 0x0, 0x7b,
    0xc0, 0x3f, 0xf8, 0xfe, 0x1, 0xe5, 0x0, 0xff,
    0xe3, 0xa8, 0x7, 0xc8, 0x1, 0xff, 0xc5, 0x50,
    0xf, 0xda, 0x1, 0xff, 0xc5, 0xf0, 0xf, 0xce,
    0x1, 0xff, 0xc5, 0x50, 0x8, 0x54, 0x2, 0x13,
    0x0, 0xff, 0xe1, 0xa0, 0x6, 0x4f, 0x0, 0xd6,
    0x1, 0xff, 0xc3, 0xd0, 0xd, 0xe8, 0x1, 0x98,
    0x3, 0xff, 0x86, 0xe0, 0x19, 0x4, 0xc0, 0x21,
    0x30, 0xf, 0xfe, 0xa, 0x8, 0x4, 0x62, 0x8,
    0x1, 0xac, 0x3, 0xff, 0x83, 0xa0, 0x19, 0x0,
    0x16, 0x1, 0x94, 0x3, 0xff, 0x82, 0xe0, 0x1a,
    0xc0, 0x6, 0x20, 0x11, 0x10, 0x3, 0xfe, 0x31,
    0x0, 0x84, 0xc0, 0x24, 0x0, 0xca, 0x1, 0xff,
    0x58, 0x6, 0x40, 0xd, 0xe0, 0x1a, 0xc0, 0x3f,
    0xe6, 0x0, 0xde, 0x1, 0x90, 0x3, 0x18, 0x80,
    0x7f, 0x18, 0x80, 0x64, 0x0, 0xc2, 0x60, 0x19,
    0xc0, 0x3f, 0xac, 0x3, 0x18, 0x80, 0x72, 0x0,
    0x6d, 0x0, 0xfe, 0x50, 0xd, 0x60, 0x1e, 0xb0,
    0xc, 0x82, 0x1, 0xf1, 0x10, 0x3, 0x47, 0xff,
    0xb0, 0x3, 0x90, 0x3, 0xe5, 0x0, 0xff, 0xe3,
    0x78, 0x7, 0xd4, 0x1, 0xff, 0xc6, 0x50, 0xf,
    0x11, 0x0, 0x3f, 0xf8, 0xea, 0x1, 0xca, 0x1,
    0xc8, 0x9f, 0xe1, 0x0, 0xde, 0x1, 0xd6, 0x1,
    0x92, 0xef, 0xfc, 0xc0, 0x19, 0x0, 0x30, 0x98,
    0x6, 0xd0, 0xf, 0xf5, 0x80, 0x61, 0x40, 0x9,
    0xc0, 0x39, 0xc0, 0x3f, 0xc6, 0x20, 0x1b, 0x40,
    0x2d, 0x0, 0xc6, 0x20, 0x1f, 0xf2, 0x0, 0x67,
    0x0, 0xa, 0x0, 0x6b, 0x0, 0xff, 0xe0, 0x78,
    0x6, 0x13, 0x7, 0x0, 0xe4, 0x0, 0xff, 0xe0,
    0x28, 0x7, 0x58, 0x68, 0x6, 0x13, 0x0, 0xff,
    0xe0, 0xa0, 0x6, 0x50,

    /* U+00C3 "Ã" */
    0x0, 0xff, 0xeb, 0xc, 0xee, 0x49, 0x0, 0x75,
    0xf5, 0x8, 0x7, 0xfc, 0x7e, 0xc4, 0x6d, 0xb2,
    0x20, 0x3, 0x41, 0x50, 0xf, 0xfe, 0x7, 0x8,
    0x7, 0x37, 0x65, 0xe0, 0x0, 0x84, 0x3, 0xfc,
    0xc4, 0x1, 0xf8, 0xd0, 0x2, 0xb0, 0xf, 0xfb,
    0x0, 0x7, 0xbf, 0x8c, 0x1, 0xe5, 0x60, 0xf,
    0xf8, 0xc0, 0x1c, 0x40, 0x73, 0xac, 0x20, 0x51,
    0x40, 0x1f, 0xfc, 0x9, 0xfc, 0x20, 0xc, 0x53,
    0xdf, 0xae, 0x1, 0xff, 0xc3, 0x30, 0xf, 0xff,
    0xf8, 0x7, 0xe6, 0xff, 0xd6, 0x1, 0xff, 0xc9,
    0xd0, 0xc, 0x80, 0x1f, 0xfc, 0x81, 0x40, 0xe,
    0x50, 0xf, 0xfe, 0x3a, 0x0, 0x7b, 0xc0, 0x3f,
    0xf8, 0xfe, 0x1, 0xe5, 0x0, 0xff, 0xe3, 0xa8,
    0x7, 0xc8, 0x1, 0xff, 0xc5, 0x50, 0xf, 0xda,
    0x1, 0xff, 0xc5, 0xf0, 0xf, 0xce, 0x1, 0xff,
    0xc5, 0x50, 0x8, 0x54, 0x2, 0x13, 0x0, 0xff,
    0xe1, 0xa0, 0x6, 0x4f, 0x0, 0xd6, 0x1, 0xff,
    0xc3, 0xd0, 0xd, 0xe8, 0x1, 0x98, 0x3, 0xff,
    0x86, 0xe0, 0x19, 0x4, 0xc0, 0x21, 0x30, 0xf,
    0xfe, 0xa, 0x8, 0x4, 0x62, 0x8, 0x1, 0xac,
    0x3, 0xff, 0x83, 0xa0, 0x19, 0x0, 0x16, 0x1,
    0x94, 0x3, 0xff, 0x82, 0xe0, 0x1a, 0xc0, 0x6,
    0x20, 0x11, 0x10, 0x3, 0xfe, 0x31, 0x0, 0x84,
    0xc0, 0x24, 0x0, 0xca, 0x1, 0xff, 0x58, 0x6,
    0x40, 0xd, 0xe0, 0x1a, 0xc0, 0x3f, 0xe6, 0x0,
    0xde, 0x1, 0x90, 0x3, 0x18, 0x80, 0x7f, 0x18,
    0x80, 0x64, 0x0, 0xc2, 0x60, 0x19, 0xc0, 0x3f,
    0xac, 0x3, 0x18, 0x80, 0x72, 0x0, 0x6d, 0x0,
    0xfe, 0x50, 0xd, 0x60, 0x1e, 0xb0, 0xc, 0x82,
    0x1, 0xf1, 0x10, 0x3, 0x47, 0xff, 0xb0, 0x3,
    0x90, 0x3, 0xe5, 0x0, 0xff, 0xe3, 0x78, 0x7,
    0xd4, 0x1, 0xff, 0xc6, 0x50, 0xf, 0x11, 0x0,
    0x3f, 0xf8, 0xea, 0x1, 0xca, 0x1, 0xc8, 0x9f,
    0xe1, 0x0, 0xde, 0x1, 0xd6, 0x1, 0x92, 0xef,
    0xfc, 0xc0, 0x19, 0x0, 0x30, 0x98, 0x6, 0xd0,
    0xf, 0xf5, 0x80, 0x61, 0x40, 0x9, 0xc0, 0x39,
    0xc0, 0x3f, 0xc6, 0x20, 0x1b, 0x40, 0x2d, 0x0,
    0xc6, 0x20, 0x1f, 0xf2, 0x0, 0x67, 0x0, 0xa,
    0x0, 0x6b, 0x0, 0xff, 0xe0, 0x78, 0x6, 0x13,
    0x7, 0x0, 0xe4, 0x0, 0xff, 0xe0, 0x28, 0x7,
    0x58, 0x68, 0x6, 0x13, 0x0, 0xff, 0xe0, 0xa0,
    0x6, 0x50,

    /* U+00C4 "Ä" */
    0x0, 0xf9, 0xc, 0x3, 0xf1, 0xa0, 0x80, 0x7f,
    0xf0, 0xb, 0xaf, 0x34, 0x40, 0x3a, 0xf2, 0xf9,
    0x0, 0x3f, 0xe9, 0x10, 0x1, 0x40, 0x6, 0x64,
    0x0, 0xa8, 0x3, 0xfe, 0x60, 0xc, 0x40, 0x1b,
    0x80, 0x30, 0x80, 0x7f, 0xc8, 0x1, 0xb0, 0x3,
    0x60, 0x6, 0x30, 0xf, 0xfa, 0x54, 0x0, 0xce,
    0x1, 0x92, 0x4, 0x13, 0x80, 0x3f, 0xf8, 0x15,
    0xfe, 0x90, 0xf, 0x3f, 0x7d, 0x90, 0x7, 0xff,
    0xe9, 0xbf, 0xf5, 0x80, 0x7f, 0xf2, 0x74, 0x3,
    0x20, 0x7, 0xff, 0x20, 0x50, 0x3, 0x94, 0x3,
    0xff, 0x8e, 0x80, 0x1e, 0xf0, 0xf, 0xfe, 0x3f,
    0x80, 0x79, 0x40, 0x3f, 0xf8, 0xea, 0x1, 0xf2,
    0x0, 0x7f, 0xf1, 0x54, 0x3, 0xf6, 0x80, 0x7f,
    0xf1, 0x7c, 0x3, 0xf3, 0x80, 0x7f, 0xf1, 0x54,
    0x2, 0x15, 0x0, 0x84, 0xc0, 0x3f, 0xf8, 0x68,
    0x1, 0x93, 0xc0, 0x35, 0x80, 0x7f, 0xf0, 0xf4,
    0x3, 0x7a, 0x0, 0x66, 0x0, 0xff, 0xe1, 0xb8,
    0x6, 0x41, 0x30, 0x8, 0x4c, 0x3, 0xff, 0x82,
    0x82, 0x1, 0x18, 0x82, 0x0, 0x6b, 0x0, 0xff,
    0xe0, 0xe8, 0x6, 0x40, 0x5, 0x80, 0x65, 0x0,
    0xff, 0xe0, 0xb8, 0x6, 0xb0, 0x1, 0x88, 0x4,
    0x44, 0x0, 0xff, 0x8c, 0x40, 0x21, 0x30, 0x9,
    0x0, 0x32, 0x80, 0x7f, 0xd6, 0x1, 0x90, 0x3,
    0x78, 0x6, 0xb0, 0xf, 0xf9, 0x80, 0x37, 0x80,
    0x64, 0x0, 0xc6, 0x20, 0x1f, 0xc6, 0x20, 0x19,
    0x0, 0x30, 0x98, 0x6, 0x70, 0xf, 0xeb, 0x0,
    0xc6, 0x20, 0x1c, 0x80, 0x1b, 0x40, 0x3f, 0x94,
    0x3, 0x58, 0x7, 0xac, 0x3, 0x20, 0x80, 0x7c,
    0x44, 0x0, 0xd1, 0xff, 0xec, 0x0, 0xe4, 0x0,
    0xf9, 0x40, 0x3f, 0xf8, 0xde, 0x1, 0xf5, 0x0,
    0x7f, 0xf1, 0x94, 0x3, 0xc4, 0x40, 0xf, 0xfe,
    0x3a, 0x80, 0x72, 0x80, 0x72, 0x27, 0xf8, 0x40,
    0x37, 0x80, 0x75, 0x80, 0x64, 0xbb, 0xff, 0x30,
    0x6, 0x40, 0xc, 0x26, 0x1, 0xb4, 0x3, 0xfd,
    0x60, 0x18, 0x50, 0x2, 0x70, 0xe, 0x70, 0xf,
    0xf1, 0x88, 0x6, 0xd0, 0xb, 0x40, 0x31, 0x88,
    0x7, 0xfc, 0x80, 0x19, 0xc0, 0x2, 0x80, 0x1a,
    0xc0, 0x3f, 0xf8, 0x1e, 0x1, 0x84, 0xc1, 0xc0,
    0x39, 0x0, 0x3f, 0xf8, 0xa, 0x1, 0xd6, 0x1a,
    0x1, 0x84, 0xc0, 0x3f, 0xf8, 0x28, 0x1, 0x94,
    0x0,

    /* U+00C5 "Å" */
    0x0, 0xff, 0x1d, 0x7f, 0xb1, 0x80, 0x3f, 0xf9,
    0xb, 0x8a, 0x0, 0x39, 0x90, 0x7, 0xff, 0x18,
    0x68, 0xb, 0x35, 0x81, 0x90, 0x3, 0xff, 0x8a,
    0xe0, 0xf, 0x32, 0x92, 0xe, 0x0, 0xff, 0xe2,
    0xf0, 0x9, 0x0, 0x4e, 0xc, 0x1, 0xff, 0xc5,
    0xe0, 0x11, 0x0, 0x4c, 0xe, 0x1, 0xff, 0xc5,
    0x70, 0x5, 0x10, 0x39, 0x86, 0x80, 0x7f, 0xf1,
    0x46, 0x41, 0x37, 0xe0, 0x11, 0x80, 0x3f, 0xf8,
    0xcd, 0x46, 0x0, 0x17, 0xb0, 0xf, 0xfe, 0x42,
    0xe7, 0xf7, 0x20, 0x3, 0xff, 0x98, 0x20, 0x1f,
    0xfc, 0xb6, 0xff, 0xd6, 0x1, 0xff, 0xc9, 0xd0,
    0xc, 0x80, 0x1f, 0xfc, 0x81, 0x40, 0xe, 0x50,
    0xf, 0xfe, 0x3a, 0x0, 0x7b, 0xc0, 0x3f, 0xf8,
    0xfe, 0x1, 0xe5, 0x0, 0xff, 0xe3, 0xa8, 0x7,
    0xc8, 0x1, 0xff, 0xc5, 0x50, 0xf, 0xda, 0x1,
    0xff, 0xc5, 0xf0, 0xf, 0xce, 0x1, 0xff, 0xc5,
    0x50, 0x8, 0x54, 0x2, 0x13, 0x0, 0xff, 0xe1,
    0xa0, 0x6, 0x4f, 0x0, 0xd6, 0x1, 0xff, 0xc3,
    0xd0, 0xd, 0xe8, 0x1, 0x98, 0x3, 0xff, 0x86,
    0xe0, 0x19, 0x4, 0xc0, 0x21, 0x30, 0xf, 0xfe,
    0xa, 0x8, 0x4, 0x62, 0x8, 0x1, 0xac, 0x3,
    0xff, 0x83, 0xa0, 0x19, 0x0, 0x16, 0x1, 0x94,
    0x3, 0xff, 0x82, 0xe0, 0x1a, 0xc0, 0x6, 0x20,
    0x11, 0x10, 0x3, 0xfe, 0x31, 0x0, 0x84, 0xc0,
    0x24, 0x0, 0xca, 0x1, 0xff, 0x58, 0x6, 0x40,
    0xd, 0xe0, 0x1a, 0xc0, 0x3f, 0xe6, 0x0, 0xde,
    0x1, 0x90, 0x3, 0x18, 0x80, 0x7f, 0x18, 0x80,
    0x64, 0x0, 0xc2, 0x60, 0x19, 0xc0, 0x3f, 0xac,
    0x3, 0x18, 0x80, 0x72, 0x0, 0x6d, 0x0, 0xfe,
    0x50, 0xd, 0x60, 0x1e, 0xb0, 0xc, 0x82, 0x1,
    0xf1, 0x10, 0x3, 0x47, 0xff, 0xb0, 0x3, 0x90,
    0x3, 0xe5, 0x0, 0xff, 0xe3, 0x78, 0x7, 0xd4,
    0x1, 0xff, 0xc6, 0x50, 0xf, 0x11, 0x0, 0x3f,
    0xf8, 0xea, 0x1, 0xca, 0x1, 0xc8, 0x9f, 0xe1,
    0x0, 0xde, 0x1, 0xd6, 0x1, 0x92, 0xef, 0xfc,
    0xc0, 0x19, 0x0, 0x30, 0x98, 0x6, 0xd0, 0xf,
    0xf5, 0x80, 0x61, 0x40, 0x9, 0xc0, 0x39, 0xc0,
    0x3f, 0xc6, 0x20, 0x1b, 0x40, 0x2d, 0x0, 0xc6,
    0x20, 0x1f, 0xf2, 0x0, 0x67, 0x0, 0xa, 0x0,
    0x6b, 0x0, 0xff, 0xe0, 0x78, 0x6, 0x13, 0x7,
    0x0, 0xe4, 0x0, 0xff, 0xe0, 0x28, 0x7, 0x58,
    0x68, 0x6, 0x13, 0x0, 0xff, 0xe0, 0xa0, 0x6,
    0x50,

    /* U+00C6 "Æ" */
    0x0, 0xff, 0xe0, 0x5f, 0xff, 0xff, 0x4, 0x80,
    0x3f, 0xe1, 0x40, 0xf, 0xfe, 0x6b, 0x80, 0x7f,
    0xf3, 0xa8, 0x3, 0xff, 0x9a, 0x46, 0x1, 0xf1,
    0x44, 0x78, 0x80, 0x3f, 0xca, 0x1, 0xf9, 0x9d,
    0xfc, 0x1, 0xff, 0x50, 0x7, 0xff, 0x34, 0x88,
    0x1, 0x20, 0x7, 0xff, 0x26, 0x80, 0x36, 0x0,
    0x7f, 0xf2, 0x58, 0x2, 0x41, 0x0, 0xff, 0xe4,
    0x18, 0x80, 0x5c, 0x1, 0xff, 0xc9, 0xa0, 0xc,
    0x80, 0x1f, 0xfc, 0x97, 0x0, 0x90, 0x40, 0x3f,
    0xf9, 0x8, 0x20, 0x16, 0x80, 0x79, 0x9b, 0xc4,
    0x1, 0xfb, 0x40, 0x33, 0x80, 0x78, 0xa6, 0x79,
    0x0, 0x3f, 0x30, 0x4, 0x62, 0x1, 0xff, 0xc8,
    0x50, 0xd, 0x60, 0x1f, 0xfc, 0x9f, 0x0, 0xca,
    0x1, 0xff, 0xc9, 0x50, 0x8, 0x88, 0x1, 0xf2,
    0x7f, 0xf3, 0x0, 0x79, 0x40, 0x32, 0x80, 0x7f,
    0xf2, 0x78, 0x3, 0x2e, 0x65, 0x0, 0x1f, 0xfc,
    0x41, 0x40, 0xc, 0x46, 0x70, 0x80, 0x7f, 0xf1,
    0x1c, 0x3, 0xff, 0x9d, 0x40, 0x1f, 0xfc, 0xd1,
    0x30, 0xf, 0xfe, 0x6b, 0x0, 0x64, 0xff, 0xe9,
    0x0, 0xff, 0xe1, 0xd8, 0x6, 0xd0, 0xf, 0xfe,
    0x41, 0x18, 0x6, 0x70, 0xf, 0xf3, 0x80, 0x7f,
    0x50, 0x6, 0x31, 0x0, 0xff, 0xb, 0x37, 0x90,
    0x0, 0xa0, 0x19, 0x0, 0x3f, 0xe2, 0x99, 0xf6,
    0x81, 0x90, 0x6, 0xb0, 0xf, 0xfe, 0x45, 0x80,
    0x61, 0x30, 0xf, 0xfe, 0x43, 0x0, 0x67, 0x0,
    0xff, 0xe4, 0x0,

    /* U+00C7 "Ç" */
    0x0, 0xf8, 0xa3, 0x3b, 0xfd, 0xd9, 0x28, 0x1,
    0xff, 0xc0, 0x1a, 0xd7, 0x31, 0x0, 0x9, 0xb5,
    0xea, 0x0, 0x7f, 0x27, 0x28, 0x7, 0xf8, 0xae,
    0x40, 0x3e, 0x4b, 0x0, 0xff, 0xe1, 0x34, 0x80,
    0x71, 0x58, 0x7, 0x96, 0x20, 0xc2, 0x1, 0xcc,
    0xa0, 0x1b, 0x80, 0x39, 0x7e, 0x9d, 0xd3, 0xd2,
    0x1, 0xd6, 0x1, 0x21, 0x80, 0x66, 0xa0, 0xf,
    0x34, 0x80, 0x61, 0x60, 0x7, 0x80, 0x61, 0x90,
    0xf, 0xcc, 0x60, 0x1a, 0x80, 0x50, 0x3, 0x48,
    0x7, 0xfa, 0x80, 0x31, 0x83, 0x80, 0x73, 0x0,
    0x7f, 0x90, 0x3, 0x93, 0xc0, 0x31, 0x8, 0x7,
    0xf8, 0x95, 0x78, 0x14, 0x3, 0x30, 0x7, 0xff,
    0x2, 0xab, 0x90, 0x40, 0x31, 0x0, 0x7f, 0xf1,
    0x8c, 0x3, 0x8, 0x7, 0xff, 0x18, 0x40, 0x3f,
    0xff, 0xe0, 0x1f, 0xfe, 0x1, 0x0, 0xff, 0xe8,
    0x8, 0x7, 0xff, 0x18, 0x80, 0x31, 0x80, 0x7f,
    0xf1, 0x94, 0x3, 0x38, 0x7, 0xff, 0x1, 0x13,
    0x87, 0xc0, 0x31, 0x8, 0x7, 0xf8, 0x6e, 0xf9,
    0x10, 0x1, 0xc8, 0x1, 0xfe, 0x40, 0xe, 0x72,
    0x30, 0xd, 0x20, 0x1f, 0xee, 0x0, 0xc4, 0x40,
    0x90, 0xc, 0x6c, 0x1, 0xf9, 0x10, 0x1, 0xa8,
    0x0, 0xa6, 0x1, 0xa5, 0x80, 0x3c, 0x94, 0x1,
    0xcc, 0x1, 0x78, 0x7, 0x4e, 0x3a, 0xa9, 0xf2,
    0xc4, 0x3, 0x48, 0x80, 0x47, 0x20, 0x1c, 0x71,
    0x54, 0x83, 0x0, 0xe6, 0x60, 0x7, 0x34, 0x80,
    0x7f, 0xf0, 0x9e, 0x40, 0x3e, 0x6d, 0x40, 0xf,
    0xf1, 0xdc, 0x0, 0x7f, 0x15, 0xe3, 0x98, 0x6,
    0x37, 0xcc, 0x20, 0x7, 0xff, 0x0, 0xe2, 0x0,
    0x11, 0x7c, 0x18, 0x7, 0xff, 0x13, 0x0, 0x22,
    0xcc, 0x8, 0x7, 0xff, 0x12, 0xe5, 0x40, 0x23,
    0xb0, 0xf, 0xfe, 0x21, 0xb5, 0x40, 0x4, 0xa0,
    0x1f, 0xfc, 0x71, 0x0, 0xff, 0xe4, 0x93, 0xc8,
    0x4, 0x40, 0x1f, 0xfc, 0x46, 0xd8, 0x0, 0xd6,
    0x1, 0xff, 0xc4, 0x30, 0xe, 0x96, 0x0, 0xff,
    0xe2, 0x8, 0xa, 0x47, 0x30, 0x7, 0xe0,

    /* U+00C8 "È" */
    0x0, 0x84, 0xcf, 0x84, 0x3, 0xff, 0x89, 0xd9,
    0x9b, 0xc0, 0x3f, 0xf8, 0x63, 0xe2, 0x1, 0xc,
    0x80, 0x7f, 0xf0, 0xcb, 0x4, 0x2, 0x63, 0x0,
    0xff, 0xe1, 0x96, 0x80, 0x6e, 0x0, 0xff, 0xe2,
    0x1d, 0x80, 0x44, 0xe0, 0x1f, 0xfc, 0x44, 0xb0,
    0xa, 0x8, 0x3, 0xff, 0x88, 0x9f, 0xf8, 0x80,
    0x3f, 0xfa, 0x4b, 0xff, 0xff, 0xc8, 0xb0, 0xf,
    0xff, 0xe3, 0xbf, 0xff, 0xf, 0x40, 0x3d, 0x11,
    0xff, 0xc3, 0x60, 0xf, 0xff, 0xf8, 0x7, 0xff,
    0xfc, 0x3, 0xfc, 0xcd, 0xff, 0xc1, 0x30, 0xf,
    0xd3, 0x3f, 0xfc, 0x1a, 0x0, 0xff, 0xff, 0x7f,
    0xff, 0xf0, 0x64, 0x3, 0xff, 0xfe, 0x1, 0xff,
    0xff, 0x0, 0xff, 0xf6, 0x44, 0x7f, 0xf0, 0xd8,
    0x3, 0xce, 0xff, 0xfc, 0x3b, 0x0, 0xff, 0xfb,
    0x0,

    /* U+00C9 "É" */
    0x0, 0xff, 0xe0, 0xc, 0x47, 0x38, 0x7, 0xff,
    0xe, 0x1d, 0xf9, 0x0, 0x3f, 0xf8, 0x48, 0xc0,
    0x1a, 0xcc, 0x3, 0xff, 0x85, 0x20, 0x1a, 0x90,
    0x3, 0xff, 0x85, 0x4, 0x1, 0x4a, 0x80, 0x7f,
    0xf0, 0x8d, 0xc0, 0x29, 0x60, 0xf, 0xfe, 0x1f,
    0x80, 0x50, 0xc0, 0x1f, 0xfc, 0x4c, 0xff, 0x9c,
    0x3, 0xff, 0xa4, 0xbf, 0xff, 0xfc, 0x8b, 0x0,
    0xff, 0xfe, 0x3b, 0xff, 0xf0, 0xf4, 0x3, 0xd1,
    0x1f, 0xfc, 0x36, 0x0, 0xff, 0xff, 0x80, 0x7f,
    0xff, 0xc0, 0x3f, 0xcc, 0xdf, 0xfc, 0x13, 0x0,
    0xfd, 0x33, 0xff, 0xc1, 0xa0, 0xf, 0xff, 0xf7,
    0xff, 0xff, 0x6, 0x40, 0x3f, 0xff, 0xe0, 0x1f,
    0xff, 0xf0, 0xf, 0xff, 0x64, 0x47, 0xff, 0xd,
    0x80, 0x3c, 0xef, 0xff, 0xc3, 0xb0, 0xf, 0xff,
    0xb0,

    /* U+00CA "Ê" */
    0x0, 0xfc, 0x3b, 0xff, 0x28, 0x7, 0xff, 0xc,
    0xbc, 0x80, 0x2a, 0x70, 0xf, 0xfe, 0xa, 0x68,
    0x80, 0x74, 0x48, 0x7, 0xfc, 0xb6, 0x1, 0x36,
    0x8, 0x1, 0xac, 0x3, 0xf9, 0xe8, 0x2, 0x89,
    0x3c, 0x10, 0x2, 0x60, 0x80, 0x79, 0xa0, 0x2,
    0xa7, 0x0, 0x17, 0x90, 0x0, 0xf0, 0x3, 0xcd,
    0xff, 0x94, 0x3, 0xe, 0xff, 0xda, 0x1, 0xff,
    0xe3, 0x5f, 0xff, 0xfe, 0x45, 0x80, 0x7f, 0xff,
    0x1d, 0xff, 0xf8, 0x7a, 0x1, 0xe8, 0x8f, 0xfe,
    0x1b, 0x0, 0x7f, 0xff, 0xc0, 0x3f, 0xff, 0xe0,
    0x1f, 0xe6, 0x6f, 0xfe, 0x9, 0x80, 0x7e, 0x99,
    0xff, 0xe0, 0xd0, 0x7, 0xff, 0xfb, 0xff, 0xff,
    0x83, 0x20, 0x1f, 0xff, 0xf0, 0xf, 0xff, 0xf8,
    0x7, 0xff, 0xb2, 0x23, 0xff, 0x86, 0xc0, 0x1e,
    0x77, 0xff, 0xe1, 0xd8, 0x7, 0xff, 0xd8,

    /* U+00CB "Ë" */
    0x0, 0xe3, 0x30, 0x7, 0xe3, 0x41, 0x0, 0xf8,
    0xbb, 0x31, 0xa2, 0x1, 0xd7, 0x97, 0xca, 0x1,
    0xe9, 0x10, 0x1, 0x40, 0x6, 0x64, 0x0, 0xac,
    0x3, 0xcc, 0x1, 0x88, 0x3, 0x70, 0x6, 0x10,
    0xf, 0x20, 0x6, 0x30, 0xd, 0x80, 0x18, 0xc0,
    0x3d, 0x2a, 0x0, 0x68, 0x0, 0xc9, 0x2, 0x9,
    0xc0, 0x1f, 0x57, 0xfa, 0x40, 0x3c, 0xfd, 0xf6,
    0x40, 0x1f, 0xfe, 0x35, 0xff, 0xff, 0xe4, 0x58,
    0x7, 0xff, 0xf1, 0xdf, 0xff, 0x87, 0xa0, 0x1e,
    0x88, 0xff, 0xe1, 0xb0, 0x7, 0xff, 0xfc, 0x3,
    0xff, 0xfe, 0x1, 0xfe, 0x66, 0xff, 0xe0, 0x98,
    0x7, 0xe9, 0x9f, 0xfe, 0xd, 0x0, 0x7f, 0xff,
    0xbf, 0xff, 0xf8, 0x32, 0x1, 0xff, 0xff, 0x0,
    0xff, 0xff, 0x80, 0x7f, 0xfb, 0x22, 0x3f, 0xf8,
    0x6c, 0x1, 0xe7, 0x7f, 0xfe, 0x1d, 0x80, 0x7f,
    0xfd, 0x80,

    /* U+00CC "Ì" */
    0x1, 0x33, 0xe1, 0x0, 0xff, 0xe1, 0x6e, 0x67,
    0x0, 0x7f, 0xf0, 0x47, 0x4, 0x2, 0x28, 0x0,
    0xff, 0xe0, 0x96, 0x0, 0x67, 0x30, 0xf, 0xfe,
    0x9, 0x60, 0x6, 0xf0, 0xf, 0xfe, 0x11, 0xd8,
    0x4, 0x6e, 0x1, 0xff, 0xc2, 0x4a, 0x0, 0xa0,
    0x80, 0x3f, 0xf8, 0x4b, 0xff, 0x88, 0x3, 0xff,
    0xa1, 0xbf, 0xff, 0xfc, 0x66, 0x0, 0xff, 0xf8,
    0x5b, 0xbf, 0x80, 0x39, 0x1d, 0xfc, 0xad, 0x11,
    0xe0, 0xe, 0xc8, 0x8f, 0x18, 0x7, 0xff, 0xfc,
    0x3, 0xff, 0xfe, 0x1, 0xff, 0xff, 0x0, 0xff,
    0xff, 0x80, 0x7f, 0xff, 0xc0, 0x3f, 0xfe, 0xad,
    0x11, 0xe0, 0xe, 0xc8, 0x8f, 0x1d, 0xbb, 0xf8,
    0x3, 0x91, 0xdf, 0xca, 0x1, 0xff, 0xf0,

    /* U+00CD "Í" */
    0x0, 0xff, 0xc, 0x47, 0x30, 0x7, 0xff, 0x6,
    0xdd, 0xf9, 0x40, 0x3f, 0xf8, 0x8, 0xa0, 0x1b,
    0xc, 0x3, 0xff, 0x81, 0x40, 0x1a, 0xcc, 0x3,
    0xff, 0x81, 0x22, 0x1, 0x52, 0x0, 0x7f, 0xf0,
    0xd, 0x80, 0x29, 0x50, 0xf, 0xfe, 0xf, 0x0,
    0x52, 0xc0, 0x1f, 0xfc, 0x2d, 0xff, 0x98, 0x3,
    0xff, 0xa1, 0xbf, 0xff, 0xfc, 0x66, 0x0, 0xff,
    0xf8, 0x5b, 0xbf, 0x80, 0x39, 0x1d, 0xfc, 0xad,
    0x11, 0xe0, 0xe, 0xc8, 0x8f, 0x18, 0x7, 0xff,
    0xfc, 0x3, 0xff, 0xfe, 0x1, 0xff, 0xff, 0x0,
    0xff, 0xff, 0x80, 0x7f, 0xff, 0xc0, 0x3f, 0xfe,
    0xad, 0x11, 0xe0, 0xe, 0xc8, 0x8f, 0x1d, 0xbb,
    0xf8, 0x3, 0x91, 0xdf, 0xca, 0x1, 0xff, 0xf0,

    /* U+00CE "Î" */
    0x0, 0xf9, 0x62, 0xe, 0x1, 0xff, 0xc3, 0x7a,
    0x77, 0x45, 0x80, 0x7f, 0xf0, 0x62, 0x0, 0x19,
    0x30, 0x40, 0x3f, 0xd0, 0xe0, 0x10, 0x80, 0xf,
    0x4, 0x3, 0xf4, 0xb8, 0x5, 0x58, 0x40, 0x2,
    0xc1, 0x0, 0xf5, 0x30, 0x5, 0x4a, 0x58, 0x40,
    0x2, 0xf2, 0x0, 0xce, 0xa0, 0x15, 0xa8, 0x0,
    0x70, 0x80, 0x3, 0xe0, 0x19, 0xff, 0xf2, 0x0,
    0x61, 0xdf, 0xfb, 0x40, 0x3f, 0xfb, 0xfb, 0xff,
    0xff, 0xc6, 0x60, 0xf, 0xff, 0x85, 0xbb, 0xf8,
    0x3, 0x91, 0xdf, 0xca, 0xd1, 0x1e, 0x0, 0xec,
    0x88, 0xf1, 0x80, 0x7f, 0xff, 0xc0, 0x3f, 0xff,
    0xe0, 0x1f, 0xff, 0xf0, 0xf, 0xff, 0xf8, 0x7,
    0xff, 0xfc, 0x3, 0xff, 0xea, 0xd1, 0x1e, 0x0,
    0xec, 0x88, 0xf1, 0xdb, 0xbf, 0x80, 0x39, 0x1d,
    0xfc, 0xa0, 0x1f, 0xff, 0x0,

    /* U+00CF "Ï" */
    0x0, 0x90, 0xc0, 0x3f, 0x1a, 0x8, 0x7, 0x1f,
    0x5e, 0x68, 0x80, 0x76, 0x62, 0xf9, 0x0, 0x34,
    0x8, 0x0, 0xa0, 0x3, 0x31, 0x80, 0x54, 0x1,
    0x98, 0x3, 0x10, 0x6, 0xe0, 0xc, 0x20, 0x19,
    0x0, 0x36, 0x0, 0x6c, 0x0, 0xc6, 0x1, 0xa5,
    0x40, 0x59, 0xc0, 0x32, 0x40, 0x82, 0x68, 0x7,
    0x57, 0xf4, 0x80, 0x79, 0xfb, 0xec, 0x40, 0x3f,
    0xfb, 0xfb, 0xff, 0xff, 0xc6, 0x60, 0xf, 0xff,
    0x85, 0xbb, 0xf8, 0x3, 0x91, 0xdf, 0xca, 0xd1,
    0x1e, 0x0, 0xec, 0x88, 0xf1, 0x80, 0x7f, 0xff,
    0xc0, 0x3f, 0xff, 0xe0, 0x1f, 0xff, 0xf0, 0xf,
    0xff, 0xf8, 0x7, 0xff, 0xfc, 0x3, 0xff, 0xea,
    0xd1, 0x1e, 0x0, 0xec, 0x88, 0xf1, 0xdb, 0xbf,
    0x80, 0x39, 0x1d, 0xfc, 0xa0, 0x1f, 0xff, 0x0,

    /* U+00D0 "Ð" */
    0x0, 0xe9, 0xff, 0xfe, 0xeb, 0x83, 0x0, 0xff,
    0xe6, 0xa, 0x3e, 0x6b, 0x0, 0x7f, 0xf3, 0x8a,
    0x70, 0x80, 0x3f, 0xf9, 0xc7, 0xa8, 0x1, 0xff,
    0xc3, 0x88, 0x9d, 0x44, 0x3, 0xd6, 0x80, 0x1f,
    0xfc, 0x11, 0x77, 0xa2, 0xba, 0x88, 0x3, 0xa8,
    0x40, 0x3f, 0xf8, 0xeb, 0xa8, 0x1, 0x86, 0x80,
    0x3f, 0xf9, 0x36, 0x60, 0x19, 0xc, 0x3, 0xff,
    0x93, 0xc0, 0x1d, 0x20, 0x1f, 0xfc, 0x92, 0x50,
    0xc, 0xa0, 0x1f, 0xfc, 0xae, 0x0, 0xe5, 0x0,
    0xff, 0xe4, 0xa0, 0x7, 0x68, 0x7, 0xff, 0x28,
    0xc0, 0x31, 0x80, 0x7f, 0xf2, 0x98, 0x3, 0x30,
    0xe6, 0x67, 0x0, 0xc3, 0x99, 0xac, 0x3, 0xc6,
    0x1, 0xe3, 0x3c, 0x20, 0x1c, 0x67, 0x94, 0x3,
    0xfe, 0x30, 0xf, 0xff, 0x60, 0xff, 0xe6, 0x0,
    0xc3, 0xff, 0xb8, 0x3, 0xfe, 0x30, 0xf, 0xfe,
    0x51, 0x80, 0x7f, 0xf3, 0xd8, 0x3, 0x30, 0x7,
    0xff, 0x28, 0xc0, 0x31, 0x80, 0x7f, 0xf2, 0x4c,
    0x3, 0xb4, 0x3, 0xff, 0x93, 0x40, 0x1c, 0xa0,
    0x1f, 0xfc, 0x82, 0x60, 0xc, 0xa0, 0x1f, 0xfc,
    0x99, 0x0, 0xe9, 0x0, 0xff, 0xe4, 0x52, 0x0,
    0x64, 0x30, 0xf, 0xfe, 0x31, 0xe2, 0x80, 0x61,
    0xa0, 0xf, 0xfe, 0x0, 0xb3, 0x4f, 0x3b, 0x86,
    0x1, 0xd4, 0x20, 0x1f, 0xfc, 0x19, 0x9a, 0x18,
    0x80, 0x3d, 0x68, 0x1, 0xff, 0xcc, 0x2d, 0x40,
    0xf, 0xfe, 0x58, 0xce, 0x90, 0x7, 0xff, 0x20,
    0x4d, 0xef, 0x98, 0x3, 0xe0,

    /* U+00D1 "Ñ" */
    0x0, 0xff, 0xe8, 0xb6, 0x6d, 0xa0, 0x7, 0x2f,
    0xda, 0x0, 0x7e, 0xb9, 0x32, 0x4b, 0xc4, 0x0,
    0xa4, 0x10, 0xc0, 0x3e, 0x84, 0x0, 0xe3, 0xbd,
    0xbe, 0x30, 0x2, 0x0, 0x7c, 0xe0, 0x1f, 0x89,
    0x4, 0x0, 0x66, 0x0, 0xf2, 0x0, 0x55, 0xfd,
    0x2, 0x1, 0xc3, 0xc0, 0x1f, 0x84, 0x1d, 0x40,
    0x5f, 0xa0, 0x80, 0x57, 0xc8, 0x3, 0xe4, 0xee,
    0x48, 0x7, 0x3e, 0xff, 0x50, 0x80, 0x7f, 0x84,
    0x40, 0x1f, 0xff, 0x21, 0xff, 0xea, 0x0, 0xff,
    0x7f, 0xf3, 0x80, 0x79, 0x48, 0x3, 0xff, 0x95,
    0x60, 0x1f, 0xfc, 0xa6, 0x10, 0xf, 0xfe, 0x54,
    0x80, 0x7f, 0xf2, 0x9c, 0x3, 0xff, 0x96, 0xe0,
    0x1f, 0xfc, 0xa9, 0x0, 0xff, 0xe5, 0xb, 0x0,
    0x7f, 0xf2, 0xac, 0x3, 0xff, 0x8c, 0x20, 0x11,
    0x28, 0x7, 0xff, 0x16, 0x40, 0x34, 0x80, 0x7f,
    0xf1, 0x45, 0xc0, 0x23, 0x40, 0xf, 0xfe, 0x2c,
    0x80, 0x6f, 0x0, 0xff, 0xe2, 0x8b, 0x0, 0x48,
    0x60, 0x1f, 0xfc, 0x5b, 0x0, 0xd2, 0x1, 0xff,
    0xc5, 0x25, 0x0, 0x94, 0x80, 0x3f, 0xf8, 0xb2,
    0x1, 0xac, 0x3, 0xff, 0x8a, 0x68, 0x1, 0x30,
    0x80, 0x7f, 0xf1, 0x7c, 0x3, 0x48, 0x7, 0xff,
    0x15, 0xc, 0x2, 0x71, 0x0, 0xff, 0xe2, 0xc8,
    0x6, 0x60, 0xf, 0xfe, 0x2a, 0x90, 0x5, 0x20,
    0x1f, 0xfc, 0x6b, 0x0, 0x84, 0x3, 0xff, 0x8c,
    0xc2, 0x1, 0xff, 0xca, 0x90, 0xf, 0xfe, 0x53,
    0x80, 0x7f, 0xf2, 0xdc, 0x3, 0xff, 0x95, 0x20,
    0x1f, 0xfc, 0xa1, 0x60, 0xf, 0xfe, 0x55, 0x80,
    0x7f, 0xf2, 0x89, 0x40, 0x3f, 0xf9, 0x52, 0x1,
    0xe0,

    /* U+00D2 "Ò" */
    0x0, 0xc4, 0x67, 0xc2, 0x1, 0xff, 0xc5, 0x1c,
    0xce, 0xa0, 0xf, 0xfe, 0x29, 0xd8, 0x6, 0x45,
    0x0, 0xff, 0xe2, 0xa5, 0x0, 0x6b, 0x10, 0xf,
    0xfe, 0x2a, 0xc8, 0x4, 0x36, 0x1, 0xff, 0xc6,
    0x68, 0x0, 0x95, 0x0, 0x3f, 0xf8, 0xce, 0xe0,
    0xa, 0x40, 0x3f, 0xf8, 0xf1, 0xff, 0x68, 0x7,
    0xff, 0xd5, 0x27, 0x7f, 0xed, 0xa6, 0x0, 0xff,
    0xe0, 0x9e, 0x5b, 0x10, 0x4, 0x4b, 0x3c, 0xe0,
    0x1f, 0xe6, 0xc3, 0x0, 0xfe, 0x18, 0xb1, 0x0,
    0xf9, 0xa4, 0x3, 0xff, 0x82, 0x9a, 0x1, 0xe2,
    0x90, 0xf, 0x22, 0xa0, 0x80, 0x71, 0xd0, 0x7,
    0x70, 0x7, 0x2f, 0x5d, 0x5f, 0x48, 0x7, 0x2a,
    0x0, 0x4a, 0x60, 0x19, 0xa8, 0x40, 0x33, 0x60,
    0x7, 0x48, 0x5, 0xc0, 0x18, 0xa4, 0x3, 0xe3,
    0x80, 0xc, 0x48, 0x2, 0x80, 0x1a, 0xc0, 0x3f,
    0x9c, 0x40, 0x37, 0x3, 0x80, 0x73, 0x80, 0x7f,
    0x9c, 0x3, 0x20, 0x78, 0x6, 0x21, 0x0, 0xff,
    0x60, 0x6, 0x12, 0x50, 0xc, 0xe0, 0x1f, 0xf3,
    0x80, 0x73, 0x88, 0x6, 0x30, 0xf, 0xf8, 0x80,
    0x38, 0xcc, 0x1, 0x84, 0x3, 0xff, 0x8a, 0x22,
    0x0, 0xde, 0x1, 0xff, 0xc0, 0x10, 0xd, 0xe0,
    0x1f, 0xff, 0xf0, 0xf, 0xfe, 0x48, 0x80, 0x6f,
    0x0, 0xff, 0xe0, 0x8, 0x6, 0xf3, 0x0, 0xc2,
    0x1, 0xff, 0xc5, 0x11, 0x0, 0x63, 0x0, 0xff,
    0x88, 0x3, 0x89, 0x40, 0x33, 0x80, 0x7f, 0xce,
    0x1, 0xcd, 0xe0, 0x18, 0x84, 0x3, 0xfd, 0x80,
    0x18, 0x49, 0xc0, 0x39, 0x80, 0x3f, 0xce, 0x1,
    0x90, 0x5, 0x0, 0x35, 0x0, 0x7f, 0x30, 0x80,
    0x6e, 0x0, 0x78, 0x6, 0x29, 0x0, 0xf8, 0xa4,
    0x3, 0x12, 0x0, 0x10, 0xc0, 0x33, 0x48, 0x80,
    0x65, 0xc0, 0xe, 0x90, 0xd, 0xc0, 0x1c, 0xdd,
    0x73, 0x5b, 0x42, 0x1, 0x95, 0x0, 0x31, 0x50,
    0x7, 0x91, 0x94, 0x80, 0x38, 0xe8, 0x3, 0xcb,
    0x20, 0x1f, 0xfc, 0x14, 0xc0, 0xf, 0xcd, 0x86,
    0x1, 0xfc, 0x31, 0x60, 0x1f, 0xe3, 0xcc, 0x31,
    0x88, 0x0, 0x96, 0x79, 0xc0, 0x3c,

    /* U+00D3 "Ó" */
    0x0, 0xff, 0xe0, 0x94, 0x47, 0x28, 0x7, 0xff,
    0x17, 0xdd, 0xf2, 0xa0, 0x7, 0xff, 0x11, 0xc8,
    0x2, 0x1f, 0x10, 0xf, 0xfe, 0x19, 0x40, 0x4,
    0x38, 0x40, 0x1f, 0xfc, 0x49, 0x0, 0xda, 0x40,
    0x1f, 0xfc, 0x46, 0x40, 0xb, 0xc, 0x3, 0xff,
    0x88, 0x30, 0x1, 0x59, 0x80, 0x7f, 0xf1, 0x47,
    0xbf, 0xe4, 0x0, 0xff, 0xfa, 0x24, 0xef, 0xfd,
    0xb4, 0xc0, 0x1f, 0xfc, 0x13, 0xcb, 0x62, 0x0,
    0x89, 0x67, 0x9c, 0x3, 0xfc, 0xd8, 0x60, 0x1f,
    0xc3, 0x16, 0x20, 0x1f, 0x34, 0x80, 0x7f, 0xf0,
    0x53, 0x40, 0x3c, 0x52, 0x1, 0xe4, 0x54, 0x10,
    0xe, 0x3a, 0x0, 0xee, 0x0, 0xe5, 0xeb, 0xab,
    0xe9, 0x0, 0xe5, 0x40, 0x9, 0x4c, 0x3, 0x35,
    0x8, 0x6, 0x6c, 0x0, 0xe9, 0x0, 0xb8, 0x3,
    0x14, 0x80, 0x7c, 0x70, 0x1, 0x89, 0x0, 0x50,
    0x3, 0x58, 0x7, 0xf3, 0x88, 0x6, 0xe0, 0x70,
    0xe, 0x70, 0xf, 0xf3, 0x80, 0x64, 0xf, 0x0,
    0xc4, 0x20, 0x1f, 0xec, 0x0, 0xc2, 0x4a, 0x1,
    0x9c, 0x3, 0xfe, 0x70, 0xe, 0x71, 0x0, 0xc6,
    0x1, 0xff, 0x10, 0x7, 0x19, 0x80, 0x30, 0x80,
    0x7f, 0xf1, 0x44, 0x40, 0x1b, 0xc0, 0x3f, 0xf8,
    0x2, 0x1, 0xbc, 0x3, 0xff, 0xfe, 0x1, 0xff,
    0xc9, 0x10, 0xd, 0xe0, 0x1f, 0xfc, 0x1, 0x0,
    0xde, 0x60, 0x18, 0x40, 0x3f, 0xf8, 0xa2, 0x20,
    0xc, 0x60, 0x1f, 0xf1, 0x0, 0x71, 0x28, 0x6,
    0x70, 0xf, 0xf9, 0xc0, 0x39, 0xbc, 0x3, 0x10,
    0x80, 0x7f, 0xb0, 0x3, 0x9, 0x38, 0x7, 0x30,
    0x7, 0xf9, 0xc0, 0x32, 0x0, 0xa0, 0x6, 0xa0,
    0xf, 0xe6, 0x10, 0xd, 0xc0, 0xf, 0x0, 0xc5,
    0x20, 0x1f, 0x14, 0x80, 0x62, 0x40, 0x2, 0x18,
    0x6, 0x69, 0x10, 0xc, 0xb8, 0x1, 0xd2, 0x1,
    0xb8, 0x3, 0x9b, 0xae, 0x6b, 0x68, 0x40, 0x32,
    0xa0, 0x6, 0x2a, 0x0, 0xf2, 0x32, 0x90, 0x7,
    0x1d, 0x0, 0x79, 0x64, 0x3, 0xff, 0x82, 0x98,
    0x1, 0xf9, 0xb0, 0xc0, 0x3f, 0x86, 0x2c, 0x3,
    0xfc, 0x79, 0x86, 0x31, 0x0, 0x12, 0xcf, 0x38,
    0x7, 0x80,

    /* U+00D4 "Ô" */
    0x0, 0xfe, 0x3e, 0xff, 0x71, 0x80, 0x7f, 0xf1,
    0x57, 0x4, 0x0, 0x38, 0xa0, 0x1f, 0xfc, 0x36,
    0xa0, 0xf, 0x53, 0x80, 0x7f, 0xf0, 0x62, 0x40,
    0x29, 0x90, 0x5, 0x12, 0x1, 0xff, 0x53, 0x80,
    0x56, 0xcc, 0xb0, 0x9, 0xac, 0x3, 0xfa, 0x54,
    0x0, 0x38, 0x80, 0x4, 0xc1, 0x0, 0x25, 0x0,
    0x7e, 0x9f, 0xfb, 0x8c, 0x3, 0x1f, 0x7f, 0xd4,
    0x1, 0xff, 0xff, 0x0, 0xfc, 0x93, 0xbf, 0xf6,
    0xd3, 0x0, 0x7f, 0xf0, 0x4f, 0x2d, 0x88, 0x2,
    0x25, 0x9e, 0x70, 0xf, 0xf3, 0x61, 0x80, 0x7f,
    0xc, 0x58, 0x80, 0x7c, 0xd2, 0x1, 0xff, 0xc1,
    0x4d, 0x0, 0xf1, 0x48, 0x7, 0x91, 0x50, 0x40,
    0x38, 0xe8, 0x3, 0xb8, 0x3, 0x97, 0xae, 0xaf,
    0xa4, 0x3, 0x95, 0x0, 0x25, 0x30, 0xc, 0xd4,
    0x20, 0x19, 0xb0, 0x3, 0xa4, 0x2, 0xe0, 0xc,
    0x52, 0x1, 0xf1, 0xc0, 0x6, 0x24, 0x1, 0x40,
    0xd, 0x60, 0x1f, 0xce, 0x20, 0x1b, 0x81, 0xc0,
    0x39, 0xc0, 0x3f, 0xce, 0x1, 0x90, 0x3c, 0x3,
    0x10, 0x80, 0x7f, 0xb0, 0x3, 0x9, 0x28, 0x6,
    0x70, 0xf, 0xf9, 0xc0, 0x39, 0xc4, 0x3, 0x18,
    0x7, 0xfc, 0x40, 0x1c, 0x66, 0x0, 0xc2, 0x1,
    0xff, 0xc5, 0x11, 0x0, 0x6f, 0x0, 0xff, 0xe0,
    0x8, 0x6, 0xf0, 0xf, 0xff, 0xf8, 0x7, 0xff,
    0x24, 0x40, 0x37, 0x80, 0x7f, 0xf0, 0x4, 0x3,
    0x79, 0x80, 0x61, 0x0, 0xff, 0xe2, 0x88, 0x80,
    0x31, 0x80, 0x7f, 0xc4, 0x1, 0xc4, 0xa0, 0x19,
    0xc0, 0x3f, 0xe7, 0x0, 0xe6, 0xf0, 0xc, 0x42,
    0x1, 0xfe, 0xc0, 0xc, 0x24, 0xe0, 0x1c, 0xc0,
    0x1f, 0xe7, 0x0, 0xc8, 0x2, 0x80, 0x1a, 0x80,
    0x3f, 0x98, 0x40, 0x37, 0x0, 0x3c, 0x3, 0x14,
    0x80, 0x7c, 0x52, 0x1, 0x89, 0x0, 0x8, 0x60,
    0x19, 0xa4, 0x40, 0x32, 0xe0, 0x7, 0x48, 0x6,
    0xe0, 0xe, 0x6e, 0xb9, 0xad, 0xa1, 0x0, 0xca,
    0x80, 0x18, 0xa8, 0x3, 0xc8, 0xca, 0x40, 0x1c,
    0x74, 0x1, 0xe5, 0x90, 0xf, 0xfe, 0xa, 0x60,
    0x7, 0xe6, 0xc3, 0x0, 0xfe, 0x18, 0xb0, 0xf,
    0xf1, 0xe6, 0x18, 0xc4, 0x0, 0x4b, 0x3c, 0xe0,
    0x1e,

    /* U+00D5 "Õ" */
    0x0, 0xff, 0xe2, 0x90, 0x7, 0xff, 0x1, 0x73,
    0xfa, 0x8c, 0x3, 0xb7, 0xec, 0x3, 0xf9, 0xe8,
    0xc0, 0x57, 0x2d, 0x0, 0x68, 0x0, 0xc0, 0x1f,
    0x8e, 0x0, 0x3c, 0x97, 0xfc, 0xa0, 0x5, 0x0,
    0xfd, 0x20, 0x10, 0x88, 0x3, 0xfa, 0x40, 0x3f,
    0x20, 0x2, 0x3b, 0x9a, 0xe0, 0x1e, 0xb1, 0x0,
    0xfc, 0xc8, 0x4e, 0x0, 0x28, 0xe9, 0x54, 0x7e,
    0x40, 0xf, 0xe8, 0xbd, 0x0, 0xe1, 0x6a, 0xb8,
    0x10, 0xf, 0xff, 0xf8, 0x7, 0xf9, 0x27, 0x7f,
    0xed, 0xa6, 0x0, 0xff, 0xe0, 0x9e, 0x5b, 0x10,
    0x4, 0x4b, 0x3c, 0xe0, 0x1f, 0xe6, 0xc3, 0x0,
    0xfe, 0x18, 0xb1, 0x0, 0xf9, 0xa4, 0x3, 0xff,
    0x82, 0x9a, 0x1, 0xe2, 0x90, 0xf, 0x22, 0xa0,
    0x80, 0x71, 0xd0, 0x7, 0x70, 0x7, 0x2f, 0x5d,
    0x5f, 0x48, 0x7, 0x2a, 0x0, 0x4a, 0x60, 0x19,
    0xa8, 0x40, 0x33, 0x60, 0x7, 0x48, 0x5, 0xc0,
    0x18, 0xa4, 0x3, 0xe3, 0x80, 0xc, 0x48, 0x2,
    0x80, 0x1a, 0xc0, 0x3f, 0x9c, 0x40, 0x37, 0x3,
    0x80, 0x73, 0x80, 0x7f, 0x9c, 0x3, 0x20, 0x78,
    0x6, 0x21, 0x0, 0xff, 0x60, 0x6, 0x12, 0x50,
    0xc, 0xe0, 0x1f, 0xf3, 0x80, 0x73, 0x88, 0x6,
    0x30, 0xf, 0xf8, 0x80, 0x38, 0xcc, 0x1, 0x84,
    0x3, 0xff, 0x8a, 0x22, 0x0, 0xde, 0x1, 0xff,
    0xc0, 0x10, 0xd, 0xe0, 0x1f, 0xff, 0xf0, 0xf,
    0xfe, 0x48, 0x80, 0x6f, 0x0, 0xff, 0xe0, 0x8,
    0x6, 0xf3, 0x0, 0xc2, 0x1, 0xff, 0xc5, 0x11,
    0x0, 0x63, 0x0, 0xff, 0x88, 0x3, 0x89, 0x40,
    0x33, 0x80, 0x7f, 0xce, 0x1, 0xcd, 0xe0, 0x18,
    0x84, 0x3, 0xfd, 0x80, 0x18, 0x49, 0xc0, 0x39,
    0x80, 0x3f, 0xce, 0x1, 0x90, 0x5, 0x0, 0x35,
    0x0, 0x7f, 0x30, 0x80, 0x6e, 0x0, 0x78, 0x6,
    0x29, 0x0, 0xf8, 0xa4, 0x3, 0x12, 0x0, 0x10,
    0xc0, 0x33, 0x48, 0x80, 0x65, 0xc0, 0xe, 0x90,
    0xd, 0xc0, 0x1c, 0xdd, 0x73, 0x5b, 0x42, 0x1,
    0x95, 0x0, 0x31, 0x50, 0x7, 0x91, 0x94, 0x80,
    0x38, 0xe8, 0x3, 0xcb, 0x20, 0x1f, 0xfc, 0x14,
    0xc0, 0xf, 0xcd, 0x86, 0x1, 0xfc, 0x31, 0x60,
    0x1f, 0xe3, 0xcc, 0x31, 0x88, 0x0, 0x96, 0x79,
    0xc0, 0x3c,

    /* U+00D6 "Ö" */
    0x0, 0xe1, 0x43, 0x0, 0xfc, 0x88, 0x0, 0xff,
    0x2f, 0x5e, 0x58, 0x7, 0xe, 0xdd, 0xb8, 0x80,
    0x3f, 0x58, 0x4, 0x8c, 0x1, 0xa0, 0x80, 0x3,
    0x20, 0x1f, 0x84, 0x3, 0x70, 0x6, 0x20, 0xc,
    0xc0, 0x1f, 0x8c, 0x3, 0x60, 0x6, 0xc0, 0xc,
    0x80, 0x1f, 0xb9, 0x0, 0x65, 0x0, 0x33, 0xb0,
    0x1, 0x64, 0x3, 0xf1, 0x5f, 0xf3, 0x0, 0x7a,
    0x7f, 0xd4, 0x1, 0xff, 0xff, 0x0, 0xfe, 0x49,
    0xdf, 0xfb, 0x69, 0x80, 0x3f, 0xf8, 0x27, 0x96,
    0xc4, 0x1, 0x12, 0xcf, 0x38, 0x7, 0xf9, 0xb0,
    0xc0, 0x3f, 0x86, 0x2c, 0x40, 0x3e, 0x69, 0x0,
    0xff, 0xe0, 0xa6, 0x80, 0x78, 0xa4, 0x3, 0xc8,
    0xa8, 0x20, 0x1c, 0x74, 0x1, 0xdc, 0x1, 0xcb,
    0xd7, 0x57, 0xd2, 0x1, 0xca, 0x80, 0x12, 0x98,
    0x6, 0x6a, 0x10, 0xc, 0xd8, 0x1, 0xd2, 0x1,
    0x70, 0x6, 0x29, 0x0, 0xf8, 0xe0, 0x3, 0x12,
    0x0, 0xa0, 0x6, 0xb0, 0xf, 0xe7, 0x10, 0xd,
    0xc0, 0xe0, 0x1c, 0xe0, 0x1f, 0xe7, 0x0, 0xc8,
    0x1e, 0x1, 0x88, 0x40, 0x3f, 0xd8, 0x1, 0x84,
    0x94, 0x3, 0x38, 0x7, 0xfc, 0xe0, 0x1c, 0xe2,
    0x1, 0x8c, 0x3, 0xfe, 0x20, 0xe, 0x33, 0x0,
    0x61, 0x0, 0xff, 0xe2, 0x88, 0x80, 0x37, 0x80,
    0x7f, 0xf0, 0x4, 0x3, 0x78, 0x7, 0xff, 0xfc,
    0x3, 0xff, 0x92, 0x20, 0x1b, 0xc0, 0x3f, 0xf8,
    0x2, 0x1, 0xbc, 0xc0, 0x30, 0x80, 0x7f, 0xf1,
    0x44, 0x40, 0x18, 0xc0, 0x3f, 0xe2, 0x0, 0xe2,
    0x50, 0xc, 0xe0, 0x1f, 0xf3, 0x80, 0x73, 0x78,
    0x6, 0x21, 0x0, 0xff, 0x60, 0x6, 0x12, 0x70,
    0xe, 0x60, 0xf, 0xf3, 0x80, 0x64, 0x1, 0x40,
    0xd, 0x40, 0x1f, 0xcc, 0x20, 0x1b, 0x80, 0x1e,
    0x1, 0x8a, 0x40, 0x3e, 0x29, 0x0, 0xc4, 0x80,
    0x4, 0x30, 0xc, 0xd2, 0x20, 0x19, 0x70, 0x3,
    0xa4, 0x3, 0x70, 0x7, 0x37, 0x5c, 0xd6, 0xd0,
    0x80, 0x65, 0x40, 0xc, 0x54, 0x1, 0xe4, 0x65,
    0x20, 0xe, 0x3a, 0x0, 0xf2, 0xc8, 0x7, 0xff,
    0x5, 0x30, 0x3, 0xf3, 0x61, 0x80, 0x7f, 0xc,
    0x58, 0x7, 0xf8, 0xf3, 0xc, 0x62, 0x0, 0x25,
    0x9e, 0x70, 0xf, 0x0,

    /* U+00D7 "×" */
    0x0, 0xff, 0xe6, 0xbc, 0x0, 0x7f, 0xf0, 0x12,
    0xc0, 0x39, 0xe1, 0xe0, 0x3, 0xfc, 0x96, 0x96,
    0x1, 0x34, 0x0, 0x1d, 0xc0, 0x1f, 0x8e, 0xc0,
    0x9, 0x60, 0x8, 0x0, 0xd0, 0xe0, 0x1e, 0x3c,
    0x0, 0xc8, 0x80, 0xc1, 0x0, 0xd0, 0xe0, 0x18,
    0xf0, 0x3, 0xa9, 0x0, 0xb0, 0x40, 0x34, 0x30,
    0x0, 0xb4, 0x3, 0xa5, 0x40, 0x22, 0xc1, 0x0,
    0xd2, 0xc5, 0x82, 0x1, 0xa5, 0x80, 0x38, 0xb4,
    0x3, 0xa7, 0x4, 0x3, 0x43, 0x0, 0x7c, 0x78,
    0x1, 0xc2, 0x1, 0xa1, 0xc0, 0x3f, 0x8f, 0x0,
    0x3f, 0x3b, 0x80, 0x3f, 0xe3, 0xa0, 0xf, 0x2c,
    0x0, 0x7f, 0xf0, 0x6, 0x0, 0x3c, 0xa8, 0x1,
    0xff, 0xe, 0x10, 0x7, 0xd6, 0x80, 0x1f, 0xc3,
    0x84, 0x1, 0xfd, 0x66, 0x1, 0xf0, 0xe9, 0x0,
    0x65, 0xa0, 0xe, 0xc3, 0x0, 0xf6, 0x98, 0x6,
    0x5a, 0x5a, 0x0, 0xec, 0x30, 0xd, 0x86, 0x1,
    0x96, 0x80, 0xb, 0x20, 0x1d, 0xa4, 0x0, 0xb3,
    0x0, 0xc9, 0x40, 0x19, 0xa4, 0x3, 0xe, 0x10,
    0x7, 0x92, 0xc0, 0x3c, 0xd0, 0x1, 0xf5, 0xa0,
    0x1, 0x2c, 0x3, 0xf3, 0xc0, 0x0, 0x70, 0x80,
    0x16, 0x87, 0x60, 0x1f, 0xe7, 0x70, 0xe1, 0x0,
    0x6b, 0xc0, 0xf, 0xfe, 0x4, 0x79, 0x0, 0x0,

    /* U+00D8 "Ø" */
    0x0, 0xff, 0xe4, 0x17, 0xfd, 0x20, 0x1f, 0x92,
    0x77, 0xfe, 0xda, 0x50, 0xa, 0x40, 0x28, 0x0,
    0xf1, 0xe5, 0xb1, 0x0, 0x44, 0xb5, 0xca, 0x88,
    0x0, 0x40, 0x80, 0x73, 0x61, 0x80, 0x7f, 0xd,
    0x58, 0x0, 0x9c, 0x3, 0x9a, 0x40, 0x3f, 0xf8,
    0x90, 0x1, 0xc7, 0x20, 0x1e, 0x45, 0x41, 0x0,
    0xf1, 0x28, 0x7, 0x70, 0x7, 0x37, 0x5d, 0x5f,
    0x48, 0x7, 0x11, 0x80, 0x65, 0x20, 0xc, 0xd2,
    0x20, 0x19, 0xa8, 0x3, 0xa0, 0x3, 0x48, 0x6,
    0x29, 0x0, 0xfb, 0x80, 0x39, 0xc, 0x0, 0x26,
    0x1, 0xac, 0x3, 0xe5, 0x40, 0xf, 0x50, 0x1,
    0xc0, 0x39, 0xc0, 0x3e, 0xb0, 0xf, 0x9c, 0x1,
    0xe0, 0x18, 0x84, 0x3, 0xd0, 0x20, 0x6, 0x0,
    0xc2, 0x20, 0x50, 0xc, 0xe0, 0x1e, 0x27, 0x0,
    0x35, 0x80, 0x72, 0x81, 0x0, 0x62, 0x0, 0xf4,
    0x80, 0x6, 0x8, 0x3, 0x88, 0x4, 0x3, 0x78,
    0x7, 0x22, 0x0, 0x10, 0x20, 0x1e, 0x10, 0xf,
    0xfe, 0x4, 0x80, 0x9, 0x80, 0x3e, 0xf0, 0xf,
    0xf9, 0xc8, 0x1, 0xc0, 0x1f, 0xfc, 0x72, 0x80,
    0x2, 0x98, 0x7, 0xff, 0x1e, 0x0, 0x2b, 0x0,
    0xff, 0xe3, 0xa2, 0x80, 0x20, 0x40, 0x3f, 0xf8,
    0xf2, 0x0, 0x27, 0x0, 0xff, 0x78, 0x8, 0x6,
    0xe0, 0x72, 0x0, 0x48, 0x7, 0xfc, 0x20, 0x40,
    0x18, 0x86, 0x0, 0x8, 0x80, 0xe, 0x20, 0xe,
    0x20, 0x50, 0xc, 0xb6, 0x1, 0x48, 0x7, 0x9c,
    0x3, 0x98, 0x3c, 0x3, 0xa, 0x80, 0x1c, 0x80,
    0x3d, 0x80, 0x18, 0x48, 0x1c, 0x3, 0xe1, 0x80,
    0xf, 0x9c, 0x3, 0x20, 0x0, 0x50, 0x3, 0xd6,
    0x1, 0xf3, 0x88, 0x6, 0xe0, 0xb, 0xc0, 0x38,
    0x94, 0x3, 0xc7, 0x0, 0x18, 0x90, 0x2, 0x43,
    0x0, 0xc5, 0x20, 0x1c, 0xba, 0x1, 0xd0, 0x1,
    0xd0, 0x1, 0xcd, 0xf7, 0x35, 0xb4, 0x20, 0x19,
    0x54, 0x1, 0xd0, 0x1, 0xf2, 0x32, 0x90, 0x7,
    0x1d, 0x0, 0x72, 0x98, 0x7, 0xff, 0xd, 0x30,
    0x3, 0xd6, 0x0, 0x3d, 0x40, 0xf, 0xe1, 0x9b,
    0x0, 0xf4, 0x8, 0x3, 0xca, 0xf1, 0x8c, 0x2,
    0x25, 0x9e, 0x60, 0xf, 0x13, 0x80, 0x18, 0xc0,
    0x7, 0x39, 0xff, 0x6d, 0x30, 0x7, 0xe6, 0x77,
    0xa0, 0x3, 0xff, 0x90,

    /* U+00D9 "Ù" */
    0x0, 0xc3, 0xdf, 0xfb, 0x80, 0x3f, 0xf8, 0x83,
    0x82, 0x1, 0xc, 0x80, 0x7f, 0xf1, 0xb, 0x40,
    0x33, 0x18, 0x7, 0xff, 0x10, 0xf0, 0x3, 0x70,
    0x7, 0xff, 0x14, 0xec, 0x2, 0x28, 0x0, 0xff,
    0xe2, 0xa5, 0x0, 0x4e, 0x40, 0x1f, 0xfc, 0x55,
    0xdc, 0xc8, 0xc0, 0x3f, 0xf8, 0xc4, 0x67, 0x8,
    0x7, 0xff, 0x53, 0xff, 0x94, 0x3, 0xfd, 0x7f,
    0xfa, 0x80, 0x3f, 0xff, 0xe0, 0x1f, 0xff, 0xf0,
    0xf, 0xff, 0xf8, 0x7, 0xff, 0xfc, 0x3, 0xff,
    0xfe, 0x1, 0xff, 0xc4, 0x10, 0xf, 0xfe, 0x23,
    0x80, 0x7f, 0xff, 0x84, 0x3, 0x8c, 0x3, 0xff,
    0x86, 0x60, 0x1e, 0xe0, 0xf, 0xf1, 0x0, 0x61,
    0x3, 0x0, 0xc6, 0x1, 0xfc, 0x42, 0x1, 0xb8,
    0x10, 0x3, 0x20, 0x80, 0x7e, 0xa0, 0xe, 0x40,
    0xb0, 0xe, 0xb0, 0xf, 0x89, 0xc0, 0x31, 0x90,
    0x19, 0x80, 0x32, 0xc8, 0x7, 0x1f, 0x80, 0x74,
    0x80, 0x5e, 0x1, 0xcd, 0xd2, 0xf1, 0x78, 0x40,
    0x18, 0xd4, 0x2, 0x38, 0x0, 0xe1, 0x68, 0x74,
    0x0, 0xe1, 0xd0, 0xe, 0x78, 0x0, 0xff, 0xe0,
    0x96, 0x8, 0x7, 0x9f, 0x8, 0x3, 0xfc, 0xda,
    0x40, 0x1f, 0x8f, 0x6d, 0x8c, 0x2, 0x14, 0x8e,
    0x90, 0xe,

    /* U+00DA "Ú" */
    0x0, 0xff, 0xe1, 0x3c, 0x46, 0x70, 0xf, 0xfe,
    0x24, 0x41, 0xdf, 0x18, 0x7, 0xff, 0xc, 0xdc,
    0x3, 0x5a, 0x0, 0x7f, 0xf0, 0xf8, 0x3, 0x62,
    0x0, 0x7f, 0xf0, 0xe4, 0x80, 0x2c, 0x30, 0xf,
    0xfe, 0x1a, 0x30, 0x5, 0x86, 0x1, 0xff, 0xc4,
    0x27, 0x7b, 0xc, 0x3, 0xff, 0x8a, 0xd1, 0x11,
    0x80, 0x7f, 0xf5, 0x3f, 0xf9, 0x40, 0x3f, 0xd7,
    0xff, 0xa8, 0x3, 0xff, 0xfe, 0x1, 0xff, 0xff,
    0x0, 0xff, 0xff, 0x80, 0x7f, 0xff, 0xc0, 0x3f,
    0xff, 0xe0, 0x1f, 0xfc, 0x41, 0x0, 0xff, 0xe2,
    0x38, 0x7, 0xff, 0xf8, 0x40, 0x38, 0xc0, 0x3f,
    0xf8, 0x66, 0x1, 0xee, 0x0, 0xff, 0x10, 0x6,
    0x10, 0x30, 0xc, 0x60, 0x1f, 0xc4, 0x20, 0x1b,
    0x81, 0x0, 0x32, 0x8, 0x7, 0xea, 0x0, 0xe4,
    0xb, 0x0, 0xeb, 0x0, 0xf8, 0x9c, 0x3, 0x19,
    0x1, 0x98, 0x3, 0x2c, 0x80, 0x71, 0xf8, 0x7,
    0x48, 0x5, 0xe0, 0x1c, 0xdd, 0x2f, 0x17, 0x84,
    0x1, 0x8d, 0x40, 0x23, 0x80, 0xe, 0x16, 0x87,
    0x40, 0xe, 0x1d, 0x0, 0xe7, 0x80, 0xf, 0xfe,
    0x9, 0x60, 0x80, 0x79, 0xf0, 0x80, 0x3f, 0xcd,
    0xa4, 0x1, 0xf8, 0xf6, 0xd8, 0xc0, 0x21, 0x48,
    0xe9, 0x0, 0xe0,

    /* U+00DB "Û" */
    0x0, 0xff, 0x24, 0x41, 0xc4, 0x3, 0xff, 0x8a,
    0xd6, 0xee, 0x8f, 0x20, 0xf, 0xfe, 0x1c, 0x48,
    0x6, 0x1d, 0x40, 0xf, 0xfe, 0xc, 0xb8, 0x4,
    0x80, 0x15, 0xa8, 0x7, 0xfd, 0x6c, 0x0, 0x1c,
    0xb8, 0x0, 0xa9, 0xc0, 0x3f, 0xe, 0x20, 0x0,
    0x70, 0xc1, 0xe4, 0x2, 0x89, 0x0, 0xf8, 0xd1,
    0xde, 0xf2, 0x0, 0x9a, 0xdd, 0xe1, 0x0, 0xf8,
    0xa2, 0x30, 0x80, 0x72, 0x44, 0x60, 0xf, 0xff,
    0x37, 0xff, 0x28, 0x7, 0xfa, 0xff, 0xf5, 0x0,
    0x7f, 0xff, 0xc0, 0x3f, 0xff, 0xe0, 0x1f, 0xff,
    0xf0, 0xf, 0xff, 0xf8, 0x7, 0xff, 0xfc, 0x3,
    0xff, 0x88, 0x20, 0x1f, 0xfc, 0x47, 0x0, 0xff,
    0xff, 0x8, 0x7, 0x18, 0x7, 0xff, 0xc, 0xc0,
    0x3d, 0xc0, 0x1f, 0xe2, 0x0, 0xc2, 0x6, 0x1,
    0x8c, 0x3, 0xf8, 0x84, 0x3, 0x70, 0x20, 0x6,
    0x41, 0x0, 0xfd, 0x40, 0x1c, 0x81, 0x60, 0x1d,
    0x60, 0x1f, 0x13, 0x80, 0x63, 0x20, 0x33, 0x0,
    0x65, 0x90, 0xe, 0x3f, 0x0, 0xe9, 0x0, 0xbc,
    0x3, 0x9b, 0xa5, 0xe2, 0xf0, 0x80, 0x31, 0xa8,
    0x4, 0x70, 0x1, 0xc2, 0xd0, 0xe8, 0x1, 0xc3,
    0xa0, 0x1c, 0xf0, 0x1, 0xff, 0xc1, 0x2c, 0x10,
    0xf, 0x3e, 0x10, 0x7, 0xf9, 0xb4, 0x80, 0x3f,
    0x1e, 0xdb, 0x18, 0x4, 0x29, 0x1d, 0x20, 0x1c,

    /* U+00DC "Ü" */
    0x0, 0xe8, 0xef, 0xa1, 0x0, 0xe5, 0xdf, 0xc3,
    0x0, 0xf9, 0x9c, 0x41, 0x6c, 0x3, 0x15, 0x10,
    0x1e, 0x80, 0x7d, 0x80, 0x19, 0x0, 0x32, 0x0,
    0x61, 0x30, 0xf, 0x10, 0x6, 0x20, 0xc, 0x40,
    0x1c, 0x40, 0x1e, 0x92, 0x0, 0xf, 0x80, 0x64,
    0x50, 0xa, 0x4, 0x3, 0xc3, 0xb9, 0x7c, 0x60,
    0x1d, 0x5b, 0x7c, 0xe0, 0x1f, 0xc6, 0x80, 0x1f,
    0x89, 0x4, 0x3, 0xff, 0xcf, 0xff, 0xca, 0x1,
    0xfe, 0xbf, 0xfd, 0x40, 0x1f, 0xff, 0xf0, 0xf,
    0xff, 0xf8, 0x7, 0xff, 0xfc, 0x3, 0xff, 0xfe,
    0x1, 0xff, 0xff, 0x0, 0xff, 0xe2, 0x8, 0x7,
    0xff, 0x11, 0xc0, 0x3f, 0xff, 0xc2, 0x1, 0xc6,
    0x1, 0xff, 0xc3, 0x30, 0xf, 0x70, 0x7, 0xf8,
    0x80, 0x30, 0x81, 0x80, 0x63, 0x0, 0xfe, 0x21,
    0x0, 0xdc, 0x8, 0x1, 0x90, 0x40, 0x3f, 0x50,
    0x7, 0x20, 0x58, 0x7, 0x58, 0x7, 0xc4, 0xe0,
    0x18, 0xc8, 0xc, 0xc0, 0x19, 0x64, 0x3, 0x8f,
    0xc0, 0x3a, 0x40, 0x2f, 0x0, 0xe6, 0xe9, 0x78,
    0xbc, 0x20, 0xc, 0x6a, 0x1, 0x1c, 0x0, 0x70,
    0xb4, 0x3a, 0x0, 0x70, 0xe8, 0x7, 0x3c, 0x0,
    0x7f, 0xf0, 0x4b, 0x4, 0x3, 0xcf, 0x84, 0x1,
    0xfe, 0x6d, 0x20, 0xf, 0xc7, 0xb6, 0xc6, 0x1,
    0xa, 0x47, 0x48, 0x7, 0x0,

    /* U+00DD "Ý" */
    0x0, 0xff, 0xe1, 0x12, 0xaf, 0x18, 0x7, 0xff,
    0x1f, 0xaa, 0xb5, 0x88, 0x7, 0xff, 0x19, 0xcc,
    0x2, 0x1c, 0x20, 0xf, 0xfe, 0x29, 0xc0, 0x4,
    0x38, 0x40, 0x1f, 0xfc, 0x6e, 0x0, 0x87, 0x8,
    0x3, 0xff, 0x8d, 0x4, 0x0, 0x1c, 0x20, 0xf,
    0xfe, 0x31, 0x29, 0x10, 0xf0, 0x80, 0x3f, 0xf8,
    0xe5, 0xbb, 0x61, 0x0, 0x7f, 0xf6, 0x2f, 0xff,
    0x8c, 0x3, 0xff, 0x80, 0xff, 0xfd, 0x1e, 0x1,
    0xd2, 0x1, 0xff, 0xc0, 0x90, 0xe, 0x94, 0x30,
    0xc, 0xa2, 0x1, 0xfe, 0x51, 0x0, 0xce, 0x21,
    0x0, 0x1d, 0x20, 0x1f, 0xe9, 0x0, 0xe9, 0x0,
    0x21, 0x0, 0x66, 0x0, 0xfe, 0x33, 0x0, 0x66,
    0x10, 0xa, 0x0, 0x30, 0xb0, 0x7, 0xe9, 0x0,
    0xe8, 0x0, 0xca, 0x40, 0x1a, 0xc0, 0x3e, 0x15,
    0x0, 0xcc, 0x20, 0x1d, 0x0, 0x18, 0x90, 0x3,
    0xd2, 0x1, 0xd6, 0x1, 0xe5, 0x20, 0xd, 0xe0,
    0x1e, 0x60, 0xc, 0xa4, 0x1, 0xf5, 0x80, 0x64,
    0x20, 0xc, 0xc2, 0x1, 0xa0, 0x3, 0xf3, 0x8,
    0x6, 0xb0, 0xd, 0x60, 0x19, 0x48, 0x3, 0xfa,
    0x40, 0x33, 0x0, 0x48, 0x40, 0x1a, 0x40, 0x3f,
    0xce, 0x20, 0x19, 0xc0, 0x1e, 0x1, 0x90, 0xc0,
    0x3f, 0xe9, 0x0, 0xd4, 0x4, 0x80, 0x1a, 0x0,
    0x3f, 0xf8, 0xc, 0x1, 0x89, 0x6c, 0x3, 0x19,
    0x80, 0x3f, 0xf8, 0x2, 0xe0, 0x1a, 0x58, 0x3,
    0x40, 0x7, 0xff, 0xa, 0x40, 0x31, 0x80, 0x63,
    0x40, 0xf, 0xfe, 0x10, 0xb0, 0x7, 0xe9, 0x0,
    0xff, 0xe2, 0x40, 0x7, 0xc4, 0xa0, 0x1f, 0xfc,
    0x41, 0x60, 0xf, 0x40, 0x7, 0xff, 0x1a, 0xc0,
    0x38, 0x94, 0x3, 0xff, 0x8c, 0x44, 0x0, 0xca,
    0x1, 0xff, 0xff, 0x0, 0xff, 0xff, 0x80, 0x77,
    0x80, 0x7f, 0xff, 0xc0, 0x3f, 0xfe, 0xa0,

    /* U+00DE "Þ" */
    0xaf, 0xfd, 0x60, 0x1f, 0xff, 0xf0, 0xf, 0xff,
    0x93, 0x37, 0xca, 0x82, 0x1, 0xff, 0xc1, 0x29,
    0x9f, 0x55, 0xf7, 0x20, 0x80, 0x3f, 0xf9, 0x2,
    0xfb, 0x20, 0x1f, 0xfc, 0xa6, 0xd1, 0x0, 0xff,
    0xe4, 0x96, 0x0, 0x7c, 0x9f, 0xfe, 0xeb, 0x50,
    0xe, 0x29, 0x0, 0xff, 0xe0, 0x8a, 0x55, 0x80,
    0x73, 0x8, 0x7, 0xff, 0xd, 0x28, 0x3, 0x9c,
    0x3, 0xff, 0x88, 0xa2, 0x1, 0xb0, 0x3, 0xff,
    0x8a, 0x80, 0x19, 0x80, 0x3f, 0xf8, 0xa4, 0x1,
    0x84, 0x3, 0xff, 0x8a, 0x20, 0x18, 0x40, 0x3f,
    0xf8, 0xa8, 0x1, 0x98, 0x3, 0xff, 0x88, 0xa4,
    0x1, 0xb0, 0x3, 0xff, 0x86, 0x74, 0x1, 0xce,
    0x1, 0xff, 0xc0, 0x14, 0xac, 0x0, 0xe7, 0x10,
    0xe, 0x4f, 0xff, 0x75, 0xa8, 0x7, 0x14, 0x0,
    0x7f, 0xf2, 0xb, 0x0, 0x3f, 0xf9, 0xd, 0xa2,
    0x1, 0xff, 0xc5, 0x16, 0xd9, 0x0, 0xfe, 0x29,
    0x9f, 0x55, 0xf7, 0x24, 0x80, 0x3f, 0xcc, 0xdf,
    0x2a, 0x8, 0x7, 0xff, 0xfc, 0x3, 0xff, 0xc8,

    /* U+00DF "ß" */
    0x0, 0xf1, 0xce, 0xff, 0xdb, 0x26, 0x1, 0xff,
    0xc0, 0x2c, 0xc3, 0x10, 0x4, 0x4d, 0x96, 0x20,
    0x1f, 0xc7, 0xa6, 0x1, 0xfc, 0x9e, 0x20, 0x1f,
    0x16, 0x80, 0x7f, 0xf0, 0x7, 0x40, 0x3e, 0x91,
    0x0, 0xf1, 0x0, 0x78, 0xd4, 0x3, 0x8d, 0x0,
    0x3a, 0x3f, 0x79, 0x0, 0x3b, 0x80, 0x3a, 0x80,
    0x3a, 0xdc, 0x0, 0x34, 0x1, 0xca, 0x1, 0xce,
    0x1, 0x95, 0x0, 0x30, 0xa8, 0x6, 0x10, 0xc,
    0x22, 0x0, 0xde, 0x1, 0xed, 0x0, 0xfe, 0x20,
    0xe, 0x70, 0xf, 0xf8, 0x40, 0x33, 0x80, 0x71,
    0x80, 0x7b, 0x0, 0x32, 0x80, 0x7f, 0x84, 0x3,
    0x85, 0x0, 0x37, 0x0, 0x7f, 0xf1, 0x24, 0x3,
    0x12, 0x80, 0x7f, 0xf0, 0xc5, 0xc0, 0x34, 0x0,
    0x7f, 0xf1, 0x24, 0x3, 0x12, 0x80, 0x7f, 0xf1,
    0x14, 0x3, 0x28, 0x7, 0xff, 0x14, 0x80, 0x37,
    0x0, 0x7f, 0xf2, 0xb8, 0x3, 0xff, 0x8a, 0x60,
    0x19, 0x84, 0x3, 0xff, 0x89, 0x60, 0x18, 0x68,
    0x3, 0xff, 0x88, 0xc2, 0x1, 0x92, 0x80, 0x3f,
    0xf8, 0x63, 0x60, 0x1c, 0xb2, 0x1, 0xff, 0xc3,
    0x57, 0x0, 0xe6, 0x80, 0xf, 0xfe, 0x1c, 0x38,
    0x7, 0x3a, 0x80, 0x7f, 0xf0, 0xe2, 0x0, 0x1d,
    0x60, 0x1f, 0xfc, 0x47, 0x50, 0xc, 0x2a, 0x1,
    0xff, 0xc4, 0xa1, 0x0, 0xde, 0x1, 0xff, 0xc5,
    0x40, 0xc, 0xc0, 0x1f, 0xfc, 0xa7, 0x0, 0xff,
    0xe2, 0xb8, 0x6, 0x10, 0xf, 0xc5, 0x2, 0x1,
    0xca, 0x40, 0x1b, 0x40, 0x3f, 0x23, 0xf5, 0xc3,
    0x32, 0xa8, 0x1, 0xca, 0x1, 0xfb, 0xc0, 0x8,
    0xf3, 0x25, 0x0, 0xe5, 0x20, 0xf, 0xc8, 0x1,
    0xff, 0x15, 0x0, 0x7e, 0x12, 0x0, 0xff, 0x2e,
    0x0, 0x7f, 0xe, 0x42, 0x90, 0x80, 0x46, 0xd9,
    0x42, 0x0,

    /* U+00E0 "à" */
    0x0, 0xd5, 0xff, 0xc8, 0x1, 0xff, 0xc4, 0xa4,
    0x0, 0xd2, 0x1, 0xff, 0xc5, 0xb3, 0x0, 0x8a,
    0x0, 0x3f, 0xf8, 0xba, 0x40, 0x13, 0x98, 0x7,
    0xff, 0x10, 0x70, 0x80, 0x2f, 0x0, 0xff, 0xe2,
    0x8e, 0x8, 0x0, 0xdc, 0x3, 0xff, 0x8a, 0x3f,
    0x99, 0x28, 0x7, 0xff, 0x18, 0x4c, 0xe2, 0x0,
    0xff, 0xed, 0xb, 0xde, 0xff, 0xdb, 0x6e, 0x40,
    0x1f, 0xe1, 0xae, 0x84, 0x20, 0x8, 0x92, 0x36,
    0x84, 0x3, 0xe3, 0xf5, 0x0, 0xff, 0x97, 0xcc,
    0x3, 0x8b, 0x4, 0x3, 0xff, 0x82, 0x3a, 0x20,
    0x1b, 0x80, 0x39, 0x2b, 0x36, 0xe0, 0x40, 0x30,
    0xd8, 0x4, 0x66, 0x0, 0xcf, 0x6a, 0x64, 0x8f,
    0xc6, 0x1, 0x94, 0x40, 0x8, 0x1, 0xd0, 0x1,
    0xf7, 0x0, 0x72, 0x0, 0x16, 0xef, 0x60, 0x7,
    0xe2, 0x20, 0x6, 0xd0, 0x1, 0x22, 0x63, 0x0,
    0xff, 0xe6, 0xa, 0x2b, 0x37, 0x18, 0x6, 0x10,
    0xf, 0x1c, 0xf7, 0x2e, 0xa6, 0x78, 0x40, 0x3f,
    0x86, 0xf1, 0x84, 0x3, 0xff, 0x8a, 0x5e, 0x80,
    0x1f, 0xfc, 0x8f, 0x10, 0xc, 0x73, 0xbf, 0xfc,
    0x40, 0x1f, 0x31, 0x0, 0x68, 0xc6, 0x20, 0xf,
    0xfe, 0xe, 0x80, 0x64, 0x70, 0xf, 0xfe, 0x22,
    0x0, 0x6d, 0x0, 0xff, 0xe5, 0x18, 0x7, 0xff,
    0x2b, 0x0, 0x3f, 0x39, 0x0, 0x7c, 0x60, 0x19,
    0x90, 0x3, 0x86, 0x60, 0x3, 0xf5, 0x80, 0x75,
    0xd9, 0x95, 0xeb, 0x98, 0x3, 0xf9, 0xc8, 0x3,
    0x92, 0x6a, 0x14, 0x3, 0xf1, 0x80, 0x5e, 0x20,
    0x1f, 0xf0, 0x98, 0x6, 0x70, 0x8, 0xbd, 0x0,
    0x3f, 0x97, 0xec, 0x3, 0x10, 0x80, 0x43, 0x76,
    0x62, 0x0, 0x8d, 0xf6, 0x85, 0x40, 0x39, 0xc0,

    /* U+00E1 "á" */
    0x0, 0xff, 0xe0, 0xef, 0xfe, 0xe2, 0x0, 0xff,
    0xe1, 0xc1, 0x0, 0x43, 0x84, 0x1, 0xff, 0xc2,
    0x37, 0x0, 0x87, 0x8, 0x3, 0xff, 0x87, 0xc0,
    0x10, 0xe1, 0x0, 0x7f, 0xf0, 0xe4, 0x80, 0x3,
    0x84, 0x1, 0xff, 0xc3, 0x36, 0x0, 0xe, 0x10,
    0x7, 0xff, 0x10, 0xb7, 0x6f, 0x20, 0xf, 0xfe,
    0x28, 0x91, 0x42, 0x1, 0xff, 0xda, 0x17, 0xbd,
    0xff, 0xb6, 0xdc, 0x80, 0x3f, 0xc3, 0x5d, 0x8,
    0x40, 0x11, 0x24, 0x6d, 0x8, 0x7, 0xc7, 0xea,
    0x1, 0xff, 0x2f, 0x98, 0x7, 0x16, 0x8, 0x7,
    0xff, 0x4, 0x74, 0x40, 0x37, 0x0, 0x72, 0x56,
    0x6d, 0xc0, 0x80, 0x61, 0xb0, 0x8, 0xcc, 0x1,
    0x9e, 0xd4, 0xc9, 0x1f, 0x8c, 0x3, 0x28, 0x80,
    0x10, 0x3, 0xa0, 0x3, 0xee, 0x0, 0xe4, 0x0,
    0x2d, 0xde, 0xc0, 0xf, 0xc4, 0x40, 0xd, 0xa0,
    0x2, 0x44, 0xc6, 0x1, 0xff, 0xcc, 0x14, 0x56,
    0x6e, 0x30, 0xc, 0x20, 0x1e, 0x39, 0xee, 0x5d,
    0x4c, 0xf0, 0x80, 0x7f, 0xd, 0xe3, 0x8, 0x7,
    0xff, 0x14, 0xbd, 0x0, 0x3f, 0xf9, 0x1e, 0x20,
    0x18, 0xe7, 0x7f, 0xf8, 0x80, 0x3e, 0x62, 0x0,
    0xd1, 0x8c, 0x40, 0x1f, 0xfc, 0x1d, 0x0, 0xc8,
    0xe0, 0x1f, 0xfc, 0x44, 0x0, 0xda, 0x1, 0xff,
    0xca, 0x30, 0xf, 0xfe, 0x56, 0x0, 0x7e, 0x72,
    0x0, 0xf8, 0xc0, 0x33, 0x20, 0x7, 0xc, 0xc0,
    0x7, 0xeb, 0x0, 0xeb, 0xb3, 0x2b, 0xd7, 0x30,
    0x7, 0xf3, 0x90, 0x7, 0x24, 0xd4, 0x28, 0x7,
    0xe3, 0x0, 0xbc, 0x40, 0x3f, 0xe1, 0x30, 0xc,
    0xe0, 0x11, 0x7a, 0x0, 0x7f, 0x2f, 0xd8, 0x6,
    0x21, 0x0, 0x86, 0xec, 0xc4, 0x1, 0x1b, 0xed,
    0xa, 0x80, 0x73, 0x80,

    /* U+00E2 "â" */
    0x0, 0xfe, 0x17, 0x88, 0x20, 0x7, 0xff, 0x14,
    0xbe, 0x1d, 0xd6, 0xc0, 0x1f, 0xfc, 0x33, 0xd1,
    0x0, 0xd3, 0x0, 0x1f, 0xfc, 0x15, 0xc0, 0x9,
    0x0, 0x27, 0xa0, 0xf, 0xf9, 0xe8, 0x2, 0x8b,
    0xc1, 0x0, 0x2d, 0x88, 0x7, 0xe9, 0x80, 0xa,
    0x5c, 0xf, 0x4, 0x0, 0x98, 0x20, 0x1f, 0xb,
    0xbd, 0x6c, 0x1, 0x17, 0xc3, 0xb9, 0x48, 0x3,
    0xe8, 0x8c, 0x80, 0x1c, 0x2f, 0x11, 0x18, 0x7,
    0xff, 0xfc, 0x2, 0x17, 0xbd, 0xff, 0xb6, 0xdc,
    0x80, 0x3f, 0xc3, 0x5d, 0x8, 0x40, 0x11, 0x24,
    0x6d, 0x8, 0x7, 0xc7, 0xea, 0x1, 0xff, 0x2f,
    0x98, 0x7, 0x16, 0x8, 0x7, 0xff, 0x4, 0x74,
    0x40, 0x37, 0x0, 0x72, 0x56, 0x6d, 0xc0, 0x80,
    0x61, 0xb0, 0x8, 0xcc, 0x1, 0x9e, 0xd4, 0xc9,
    0x1f, 0x8c, 0x3, 0x28, 0x80, 0x10, 0x3, 0xa0,
    0x3, 0xee, 0x0, 0xe4, 0x0, 0x2d, 0xde, 0xc0,
    0xf, 0xc4, 0x40, 0xd, 0xa0, 0x2, 0x44, 0xc6,
    0x1, 0xff, 0xcc, 0x14, 0x56, 0x6e, 0x30, 0xc,
    0x20, 0x1e, 0x39, 0xee, 0x5d, 0x4c, 0xf0, 0x80,
    0x7f, 0xd, 0xe3, 0x8, 0x7, 0xff, 0x14, 0xbd,
    0x0, 0x3f, 0xf9, 0x1e, 0x20, 0x18, 0xe7, 0x7f,
    0xf8, 0x80, 0x3e, 0x62, 0x0, 0xd1, 0x8c, 0x40,
    0x1f, 0xfc, 0x1d, 0x0, 0xc8, 0xe0, 0x1f, 0xfc,
    0x44, 0x0, 0xda, 0x1, 0xff, 0xca, 0x30, 0xf,
    0xfe, 0x56, 0x0, 0x7e, 0x72, 0x0, 0xf8, 0xc0,
    0x33, 0x20, 0x7, 0xc, 0xc0, 0x7, 0xeb, 0x0,
    0xeb, 0xb3, 0x2b, 0xd7, 0x30, 0x7, 0xf3, 0x90,
    0x7, 0x24, 0xd4, 0x28, 0x7, 0xe3, 0x0, 0xbc,
    0x40, 0x3f, 0xe1, 0x30, 0xc, 0xe0, 0x11, 0x7a,
    0x0, 0x7f, 0x2f, 0xd8, 0x6, 0x21, 0x0, 0x86,
    0xec, 0xc4, 0x1, 0x1b, 0xed, 0xa, 0x80, 0x73,
    0x80,

    /* U+00E3 "ã" */
    0x0, 0xff, 0xe8, 0xad, 0xed, 0x18, 0x7, 0x1f,
    0xd2, 0x0, 0x7e, 0x8a, 0x42, 0x5c, 0x80, 0xc,
    0x80, 0xba, 0x1, 0xf2, 0x38, 0x7, 0x3e, 0x20,
    0x24, 0x0, 0x3c, 0x3, 0xe8, 0x0, 0xf8, 0xef,
    0xec, 0x2, 0x70, 0xf, 0x9, 0x80, 0x23, 0xf5,
    0x80, 0x3e, 0x71, 0x0, 0xf2, 0x80, 0x11, 0xc0,
    0xa6, 0xc4, 0x3, 0x24, 0x0, 0x7c, 0xb0, 0x98,
    0x1, 0x93, 0xa1, 0x55, 0x56, 0x1, 0xf8, 0x5e,
    0xdc, 0x3, 0xcf, 0x54, 0x50, 0xf, 0xff, 0xf8,
    0x7, 0x85, 0xef, 0x7f, 0xed, 0xb7, 0x20, 0xf,
    0xf0, 0xd7, 0x42, 0x10, 0x4, 0x49, 0x1b, 0x42,
    0x1, 0xf1, 0xfa, 0x80, 0x7f, 0xcb, 0xe6, 0x1,
    0xc5, 0x82, 0x1, 0xff, 0xc1, 0x1d, 0x10, 0xd,
    0xc0, 0x1c, 0x95, 0x9b, 0x70, 0x20, 0x18, 0x6c,
    0x2, 0x33, 0x0, 0x67, 0xb5, 0x32, 0x47, 0xe3,
    0x0, 0xca, 0x20, 0x4, 0x0, 0xe8, 0x0, 0xfb,
    0x80, 0x39, 0x0, 0xb, 0x77, 0xb0, 0x3, 0xf1,
    0x10, 0x3, 0x68, 0x0, 0x91, 0x31, 0x80, 0x7f,
    0xf3, 0x5, 0x15, 0x9b, 0x8c, 0x3, 0x8, 0x7,
    0x8e, 0x7b, 0x97, 0x53, 0x3c, 0x20, 0x1f, 0xc3,
    0x78, 0xc2, 0x1, 0xff, 0xc5, 0x2f, 0x40, 0xf,
    0xfe, 0x47, 0x88, 0x6, 0x39, 0xdf, 0xfe, 0x20,
    0xf, 0x98, 0x80, 0x34, 0x63, 0x10, 0x7, 0xff,
    0x7, 0x40, 0x32, 0x38, 0x7, 0xff, 0x11, 0x0,
    0x36, 0x80, 0x7f, 0xf2, 0x8c, 0x3, 0xff, 0x95,
    0x80, 0x1f, 0x9c, 0x80, 0x3e, 0x30, 0xc, 0xc8,
    0x1, 0xc3, 0x30, 0x1, 0xfa, 0xc0, 0x3a, 0xec,
    0xca, 0xf5, 0xcc, 0x1, 0xfc, 0xe4, 0x1, 0xc9,
    0x35, 0xa, 0x1, 0xf8, 0xc0, 0x2f, 0x10, 0xf,
    0xf8, 0x4c, 0x3, 0x38, 0x4, 0x5e, 0x80, 0x1f,
    0xcb, 0xf6, 0x1, 0x88, 0x40, 0x21, 0xbb, 0x31,
    0x0, 0x46, 0xfb, 0x42, 0xa0, 0x1c, 0xe0,

    /* U+00E4 "ä" */
    0x0, 0xcb, 0xbf, 0x86, 0x1, 0xc5, 0x7f, 0xcc,
    0x1, 0xf1, 0x51, 0x1, 0xe8, 0x7, 0x72, 0x0,
    0xca, 0x0, 0x79, 0xc0, 0x30, 0x98, 0x6, 0x30,
    0xd, 0x80, 0x1e, 0x60, 0xe, 0x20, 0xc, 0x20,
    0x1b, 0x80, 0x3c, 0x6c, 0x1, 0x40, 0x80, 0x6b,
    0x0, 0x91, 0x80, 0x3e, 0x9d, 0xbd, 0x70, 0xe,
    0x5e, 0xbc, 0xb0, 0xf, 0xe2, 0x42, 0x0, 0xf8,
    0x50, 0xc0, 0x3f, 0xfd, 0xa2, 0xf7, 0xbf, 0xf6,
    0xdb, 0x90, 0x7, 0xf8, 0x6b, 0xa1, 0x8, 0x2,
    0x24, 0x8d, 0xa1, 0x0, 0xf8, 0xfd, 0x40, 0x3f,
    0xe5, 0xf3, 0x0, 0xe2, 0xc1, 0x0, 0xff, 0xe0,
    0x8e, 0x88, 0x6, 0xe0, 0xe, 0x4a, 0xcd, 0xb8,
    0x10, 0xc, 0x36, 0x1, 0x19, 0x80, 0x33, 0xda,
    0x99, 0x23, 0xf1, 0x80, 0x65, 0x10, 0x2, 0x0,
    0x74, 0x0, 0x7d, 0xc0, 0x1c, 0x80, 0x5, 0xbb,
    0xd8, 0x1, 0xf8, 0x88, 0x1, 0xb4, 0x0, 0x48,
    0x98, 0xc0, 0x3f, 0xf9, 0x82, 0x8a, 0xcd, 0xc6,
    0x1, 0x84, 0x3, 0xc7, 0x3d, 0xcb, 0xa9, 0x9e,
    0x10, 0xf, 0xe1, 0xbc, 0x61, 0x0, 0xff, 0xe2,
    0x97, 0xa0, 0x7, 0xff, 0x23, 0xc4, 0x3, 0x1c,
    0xef, 0xff, 0x10, 0x7, 0xcc, 0x40, 0x1a, 0x31,
    0x88, 0x3, 0xff, 0x83, 0xa0, 0x19, 0x1c, 0x3,
    0xff, 0x88, 0x80, 0x1b, 0x40, 0x3f, 0xf9, 0x46,
    0x1, 0xff, 0xca, 0xc0, 0xf, 0xce, 0x40, 0x1f,
    0x18, 0x6, 0x64, 0x0, 0xe1, 0x98, 0x0, 0xfd,
    0x60, 0x1d, 0x76, 0x65, 0x7a, 0xe6, 0x0, 0xfe,
    0x72, 0x0, 0xe4, 0x9a, 0x85, 0x0, 0xfc, 0x60,
    0x17, 0x88, 0x7, 0xfc, 0x26, 0x1, 0x9c, 0x2,
    0x2f, 0x40, 0xf, 0xe5, 0xfb, 0x0, 0xc4, 0x20,
    0x10, 0xdd, 0x98, 0x80, 0x23, 0x7d, 0xa1, 0x50,
    0xe, 0x70,

    /* U+00E5 "å" */
    0x0, 0xfe, 0x7d, 0xfe, 0xa2, 0x0, 0xff, 0xe2,
    0x64, 0x10, 0xa, 0xe9, 0x80, 0x7f, 0xf0, 0xa0,
    0xc2, 0x36, 0xc4, 0x38, 0x3, 0xff, 0x84, 0xc0,
    0xae, 0x49, 0x40, 0x44, 0x0, 0xff, 0xe0, 0x88,
    0x60, 0x4, 0xa0, 0x6, 0x0, 0xff, 0xe0, 0x88,
    0x78, 0x4, 0xa0, 0x7, 0x0, 0xff, 0xe0, 0xb0,
    0x33, 0x92, 0x48, 0x11, 0x80, 0x7f, 0xf0, 0x60,
    0xc2, 0x36, 0xc8, 0x38, 0x3, 0xff, 0x87, 0x8e,
    0x40, 0x2b, 0xa6, 0x1, 0xff, 0xc4, 0x8d, 0xfe,
    0xa2, 0x0, 0xff, 0xf8, 0xb, 0xde, 0xff, 0xdb,
    0x6e, 0x40, 0x1f, 0xe1, 0xae, 0x84, 0x20, 0x8,
    0x92, 0x36, 0x84, 0x3, 0xe3, 0xf5, 0x0, 0xff,
    0x97, 0xcc, 0x3, 0x8b, 0x4, 0x3, 0xff, 0x82,
    0x3a, 0x20, 0x1b, 0x80, 0x39, 0x2b, 0x36, 0xe0,
    0x40, 0x30, 0xd8, 0x4, 0x66, 0x0, 0xcf, 0x6a,
    0x64, 0x8f, 0xc6, 0x1, 0x94, 0x40, 0x8, 0x1,
    0xd0, 0x1, 0xf7, 0x0, 0x72, 0x0, 0x16, 0xef,
    0x60, 0x7, 0xe2, 0x20, 0x6, 0xd0, 0x1, 0x22,
    0x63, 0x0, 0xff, 0xe6, 0xa, 0x2b, 0x37, 0x18,
    0x6, 0x10, 0xf, 0x1c, 0xf7, 0x2e, 0xa6, 0x78,
    0x40, 0x3f, 0x86, 0xf1, 0x84, 0x3, 0xff, 0x8a,
    0x5e, 0x80, 0x1f, 0xfc, 0x8f, 0x10, 0xc, 0x73,
    0xbf, 0xfc, 0x40, 0x1f, 0x31, 0x0, 0x68, 0xc6,
    0x20, 0xf, 0xfe, 0xe, 0x80, 0x64, 0x70, 0xf,
    0xfe, 0x22, 0x0, 0x6d, 0x0, 0xff, 0xe5, 0x18,
    0x7, 0xff, 0x2b, 0x0, 0x3f, 0x39, 0x0, 0x7c,
    0x60, 0x19, 0x90, 0x3, 0x86, 0x60, 0x3, 0xf5,
    0x80, 0x75, 0xd9, 0x95, 0xeb, 0x98, 0x3, 0xf9,
    0xc8, 0x3, 0x92, 0x6a, 0x14, 0x3, 0xf1, 0x80,
    0x5e, 0x20, 0x1f, 0xf0, 0x98, 0x6, 0x70, 0x8,
    0xbd, 0x0, 0x3f, 0x97, 0xec, 0x3, 0x10, 0x80,
    0x43, 0x76, 0x62, 0x0, 0x8d, 0xf6, 0x85, 0x40,
    0x39, 0xc0,

    /* U+00E6 "æ" */
    0x0, 0xcd, 0x7d, 0xfe, 0xda, 0x40, 0x9, 0xf3,
    0xfd, 0xd6, 0xc0, 0x1e, 0x2d, 0x94, 0x10, 0x1,
    0x2d, 0xd2, 0x74, 0x18, 0x0, 0x52, 0x74, 0x80,
    0x22, 0xc2, 0x0, 0xfc, 0xb6, 0x20, 0x1f, 0x16,
    0x8, 0x2, 0x44, 0x3, 0xff, 0x90, 0x36, 0x4,
    0x80, 0x18, 0xa2, 0x4, 0x1, 0xe2, 0x88, 0x18,
    0x6, 0x51, 0x40, 0xc, 0x3a, 0xee, 0xc0, 0xe,
    0x1d, 0x77, 0x62, 0x0, 0x67, 0x10, 0xc, 0xe0,
    0x10, 0xa0, 0x6, 0x90, 0xd, 0xc0, 0x1b, 0x1f,
    0xff, 0x48, 0x6, 0x10, 0xc, 0x60, 0x19, 0x80,
    0x33, 0x0, 0x7f, 0xf0, 0xd8, 0x3, 0xff, 0xae,
    0x20, 0x18, 0x5e, 0xf7, 0xfc, 0xa0, 0x1b, 0x7f,
    0xf6, 0x0, 0x7c, 0x33, 0xd0, 0x84, 0x1, 0xff,
    0xc7, 0x1c, 0x60, 0xf, 0xfe, 0x5e, 0x90, 0x7,
    0x84, 0x3, 0x84, 0x7f, 0xcc, 0xa6, 0x1, 0x86,
    0x7f, 0x94, 0x3, 0x67, 0x77, 0xf5, 0xf8, 0x7,
    0x6b, 0x0, 0x7f, 0xf1, 0x9c, 0x3, 0x31, 0x80,
    0x7e, 0x10, 0xf, 0xf1, 0x0, 0x6c, 0x0, 0xfe,
    0x60, 0xf, 0xfe, 0x19, 0x80, 0x7f, 0x78, 0x7,
    0xf8, 0x80, 0x35, 0x0, 0x7f, 0x2b, 0x0, 0x79,
    0x48, 0x1c, 0x3, 0x1e, 0x33, 0x2d, 0x40, 0x3a,
    0x71, 0xd5, 0xa7, 0xa9, 0x43, 0x80, 0x38, 0xe6,
    0x48, 0x1, 0xf1, 0xc5, 0x4b, 0x8, 0x58, 0x22,
    0x80, 0x7f, 0xd, 0x0, 0x7f, 0xc6, 0x21, 0x4a,
    0x1, 0xf0, 0xea, 0xe0, 0x80, 0x7f, 0x28, 0x5,
    0x56, 0xa2, 0x0, 0x38, 0xe3, 0x3, 0xe9, 0x41,
    0x0, 0xa, 0x46, 0xd0, 0x80,

    /* U+00E7 "ç" */
    0x0, 0xf8, 0x9e, 0xfb, 0xfd, 0xd9, 0x6, 0x1,
    0xff, 0xd, 0x6c, 0x20, 0x80, 0x4, 0xdf, 0x2c,
    0x80, 0x3f, 0x1f, 0xa8, 0x7, 0xf9, 0x35, 0x40,
    0x3c, 0x78, 0x20, 0x1f, 0xfc, 0x1a, 0x40, 0xc,
    0x3a, 0x1, 0xc2, 0xd1, 0x2c, 0x20, 0x1d, 0x42,
    0x1, 0x40, 0x80, 0x65, 0xe9, 0x76, 0x9e, 0x60,
    0xc, 0x32, 0x0, 0x16, 0x0, 0xc9, 0x40, 0x1e,
    0x95, 0x0, 0xcc, 0x0, 0x70, 0xe, 0x90, 0xf,
    0xd0, 0x1, 0x84, 0x41, 0xa0, 0x18, 0xc8, 0x3,
    0xf1, 0x10, 0x3, 0x10, 0x28, 0x6, 0x40, 0xf,
    0xf6, 0x6e, 0xe3, 0x1, 0x0, 0xda, 0x1, 0xfe,
    0x12, 0x2c, 0x2, 0x1, 0xc2, 0x1, 0xff, 0xc4,
    0x30, 0xf, 0xfe, 0x51, 0x80, 0x7f, 0xf2, 0x84,
    0x3, 0x84, 0x3, 0xff, 0x8a, 0x20, 0x18, 0x80,
    0x3f, 0xf8, 0xaa, 0x1, 0xb0, 0x3, 0xfc, 0xac,
    0xd8, 0x43, 0x40, 0x32, 0x8, 0x7, 0xf5, 0xcc,
    0xe3, 0x7, 0x0, 0xeb, 0x0, 0xfc, 0xc2, 0x1,
    0x88, 0x5, 0x80, 0x32, 0xc0, 0x7, 0x96, 0x40,
    0x33, 0x0, 0x50, 0x20, 0x19, 0xf5, 0xd5, 0x1f,
    0x28, 0x3, 0xa0, 0x2, 0x1d, 0x0, 0xe2, 0x8a,
    0xb8, 0x30, 0xe, 0xa1, 0x0, 0xc7, 0x82, 0x1,
    0xff, 0xc1, 0xb5, 0x0, 0xf1, 0xfa, 0x80, 0x7f,
    0x97, 0x50, 0x3, 0xf0, 0xd6, 0xc2, 0x0, 0x63,
    0x7d, 0xa2, 0x0, 0xff, 0x89, 0xe8, 0x3, 0x44,
    0x8, 0x3, 0xff, 0x86, 0x80, 0x1a, 0xf4, 0x80,
    0x3f, 0xf8, 0x6f, 0x2c, 0x20, 0x2, 0xf0, 0xf,
    0xfe, 0x19, 0x34, 0xd0, 0x4, 0x46, 0x1, 0xff,
    0xc5, 0x70, 0xf, 0xfe, 0x41, 0x2f, 0x0, 0x62,
    0x0, 0xff, 0xe1, 0x1e, 0xd1, 0x0, 0x4c, 0x20,
    0x1f, 0xfc, 0x21, 0x0, 0xe6, 0x90, 0xf, 0xfe,
    0x19, 0x80, 0x9b, 0xec, 0x80, 0x7c,

    /* U+00E8 "è" */
    0x0, 0xd5, 0xff, 0xc8, 0x1, 0xff, 0xc4, 0xa4,
    0x0, 0xd4, 0x1, 0xff, 0xc5, 0xb4, 0x0, 0x86,
    0x40, 0x3f, 0xf8, 0xb6, 0x60, 0x13, 0x18, 0x7,
    0xff, 0x17, 0x48, 0x2, 0xe0, 0xf, 0xfe, 0x28,
    0xe0, 0x80, 0x9, 0xc0, 0x3f, 0xf8, 0xa3, 0xf9,
    0x92, 0x80, 0x7f, 0xf1, 0x84, 0xce, 0x20, 0xf,
    0xfe, 0xe3, 0x56, 0xff, 0xbb, 0x25, 0x0, 0x3f,
    0xf8, 0xf, 0xd2, 0xa4, 0x0, 0x13, 0x6b, 0xc3,
    0x0, 0xfc, 0x39, 0x2, 0x1, 0xfc, 0x78, 0xc0,
    0x1e, 0x1c, 0x30, 0xf, 0xfe, 0xc, 0xb0, 0x7,
    0x69, 0x0, 0x72, 0xc4, 0xb9, 0x0, 0x74, 0x90,
    0x4, 0xe6, 0x1, 0x93, 0xa9, 0xda, 0x36, 0x40,
    0x3a, 0x40, 0x28, 0x0, 0xc9, 0x62, 0x1, 0xcd,
    0x20, 0x19, 0x4, 0x18, 0x3, 0xa8, 0x3, 0xf3,
    0x18, 0x6, 0x60, 0xa0, 0xc, 0xa2, 0x1, 0xfd,
    0x60, 0x1b, 0x40, 0xc0, 0x36, 0x99, 0xff, 0x80,
    0x39, 0xc8, 0x3, 0xa3, 0x33, 0xfd, 0x0, 0x18,
    0x84, 0x3, 0xff, 0x94, 0xe0, 0x1f, 0xfe, 0x17,
    0x0, 0xec, 0xff, 0xff, 0xe2, 0x10, 0x7, 0x20,
    0x7, 0xff, 0x10, 0x48, 0x3, 0x50, 0x7, 0xff,
    0x15, 0x40, 0x31, 0x28, 0x7, 0xfc, 0x40, 0x1a,
    0x80, 0x3a, 0x8c, 0x3, 0xf8, 0xf2, 0x80, 0x22,
    0x60, 0xe, 0xc6, 0x0, 0xfa, 0x30, 0x56, 0x80,
    0x29, 0x20, 0xe, 0x9d, 0x96, 0x63, 0xdf, 0xb8,
    0x4, 0xac, 0x1, 0x78, 0x80, 0x71, 0x34, 0xca,
    0x10, 0x3, 0x95, 0x80, 0x22, 0xc3, 0x0, 0xff,
    0xe1, 0x3d, 0x0, 0x71, 0x64, 0x8, 0x7, 0xf8,
    0xf2, 0x0, 0x3f, 0x3f, 0x53, 0x18, 0x80, 0x4,
    0xdf, 0x30, 0x60, 0x10,

    /* U+00E9 "é" */
    0x0, 0xff, 0xe0, 0xef, 0xfe, 0xe3, 0x0, 0xff,
    0xe1, 0xc1, 0x0, 0x43, 0xa6, 0x1, 0xff, 0xc2,
    0x37, 0x0, 0x87, 0x4c, 0x3, 0xff, 0x87, 0xc0,
    0x10, 0xe9, 0x80, 0x7f, 0xf0, 0xe0, 0x80, 0x3,
    0xa6, 0x1, 0xff, 0xc3, 0x37, 0x0, 0xe, 0x98,
    0x7, 0xff, 0x10, 0xb7, 0x6f, 0x30, 0xf, 0xfe,
    0x28, 0x91, 0x42, 0x1, 0xff, 0xdc, 0x6a, 0xdf,
    0xf7, 0x64, 0xa0, 0x7, 0xff, 0x1, 0xfa, 0x54,
    0x80, 0x2, 0x6d, 0x78, 0x60, 0x1f, 0x87, 0x20,
    0x40, 0x3f, 0x8f, 0x18, 0x3, 0xc3, 0x86, 0x1,
    0xff, 0xc1, 0x96, 0x0, 0xed, 0x20, 0xe, 0x58,
    0x97, 0x20, 0xe, 0x92, 0x0, 0x9c, 0xc0, 0x32,
    0x75, 0x3b, 0x46, 0xc8, 0x7, 0x48, 0x5, 0x0,
    0x19, 0x2c, 0x40, 0x39, 0xa4, 0x3, 0x20, 0x83,
    0x0, 0x75, 0x0, 0x7e, 0x63, 0x0, 0xcc, 0x14,
    0x1, 0x94, 0x40, 0x3f, 0xac, 0x3, 0x68, 0x18,
    0x6, 0xd3, 0x3f, 0xf0, 0x7, 0x39, 0x0, 0x74,
    0x66, 0x7f, 0xa0, 0x3, 0x10, 0x80, 0x7f, 0xf2,
    0x9c, 0x3, 0xff, 0xc2, 0xe0, 0x1d, 0x9f, 0xff,
    0xfc, 0x42, 0x0, 0xe4, 0x0, 0xff, 0xe2, 0x9,
    0x0, 0x6a, 0x0, 0xff, 0xe2, 0xa8, 0x6, 0x25,
    0x0, 0xff, 0x88, 0x3, 0x50, 0x7, 0x51, 0x80,
    0x7f, 0x1e, 0x50, 0x4, 0x4c, 0x1, 0xd8, 0xc0,
    0x1f, 0x46, 0xa, 0xd0, 0x5, 0x24, 0x1, 0xd3,
    0xb2, 0xcc, 0x7b, 0xf7, 0x0, 0x95, 0x80, 0x2f,
    0x10, 0xe, 0x26, 0x99, 0x42, 0x0, 0x72, 0xb0,
    0x4, 0x58, 0x60, 0x1f, 0xfc, 0x27, 0xa0, 0xe,
    0x2c, 0x81, 0x0, 0xff, 0x1e, 0x40, 0x7, 0xe7,
    0xea, 0x63, 0x10, 0x0, 0x9b, 0xe6, 0xc, 0x2,

    /* U+00EA "ê" */
    0x0, 0xfe, 0x17, 0x88, 0x20, 0x7, 0xff, 0x14,
    0xb2, 0x1d, 0xd6, 0xc0, 0x1f, 0xfc, 0x33, 0xc2,
    0x0, 0xd3, 0x0, 0x1f, 0xfc, 0x15, 0xc1, 0x0,
    0x20, 0x4, 0xf4, 0x1, 0xff, 0x35, 0x0, 0x4f,
    0x78, 0x20, 0x5, 0xc1, 0x0, 0xfd, 0x12, 0x1,
    0x4c, 0x1, 0xe0, 0x80, 0xf, 0x8, 0x3, 0xef,
    0x77, 0xad, 0x80, 0x22, 0xf8, 0x77, 0x28, 0x80,
    0x7c, 0xf1, 0x12, 0x0, 0x70, 0xbc, 0x44, 0x60,
    0x1f, 0xff, 0xf0, 0xe, 0x6a, 0xdf, 0xf7, 0x64,
    0xa0, 0x7, 0xff, 0x1, 0xfa, 0x54, 0x80, 0x2,
    0x6d, 0x78, 0x60, 0x1f, 0x87, 0x20, 0x40, 0x3f,
    0x8f, 0x18, 0x3, 0xc3, 0x86, 0x1, 0xff, 0xc1,
    0x96, 0x0, 0xed, 0x20, 0xe, 0x58, 0x97, 0x20,
    0xe, 0x92, 0x0, 0x9c, 0xc0, 0x32, 0x75, 0x3b,
    0x46, 0xc8, 0x7, 0x48, 0x5, 0x0, 0x19, 0x2c,
    0x40, 0x39, 0xa4, 0x3, 0x20, 0x83, 0x0, 0x75,
    0x0, 0x7e, 0x63, 0x0, 0xcc, 0x14, 0x1, 0x94,
    0x40, 0x3f, 0xac, 0x3, 0x68, 0x18, 0x6, 0xd3,
    0x3f, 0xf0, 0x7, 0x39, 0x0, 0x74, 0x66, 0x7f,
    0xa0, 0x3, 0x10, 0x80, 0x7f, 0xf2, 0x9c, 0x3,
    0xff, 0xc2, 0xe0, 0x1d, 0x9f, 0xff, 0xfc, 0x42,
    0x0, 0xe4, 0x0, 0xff, 0xe2, 0x9, 0x0, 0x6a,
    0x0, 0xff, 0xe2, 0xa8, 0x6, 0x25, 0x0, 0xff,
    0x88, 0x3, 0x50, 0x7, 0x51, 0x80, 0x7f, 0x1e,
    0x50, 0x4, 0x4c, 0x1, 0xd8, 0xc0, 0x1f, 0x46,
    0xa, 0xd0, 0x5, 0x24, 0x1, 0xd3, 0xb2, 0xcc,
    0x7b, 0xf7, 0x0, 0x95, 0x80, 0x2f, 0x10, 0xe,
    0x26, 0x99, 0x42, 0x0, 0x72, 0xb0, 0x4, 0x58,
    0x60, 0x1f, 0xfc, 0x27, 0xa0, 0xe, 0x2c, 0x81,
    0x0, 0xff, 0x1e, 0x40, 0x7, 0xe7, 0xea, 0x63,
    0x10, 0x0, 0x9b, 0xe6, 0xc, 0x2,

    /* U+00EB "ë" */
    0x0, 0xcb, 0xbf, 0x86, 0x1, 0xc5, 0x7f, 0xcc,
    0x1, 0xf1, 0x51, 0x1, 0xe8, 0x7, 0x72, 0x0,
    0xca, 0x0, 0x79, 0xc0, 0x30, 0x98, 0x6, 0x30,
    0xd, 0x80, 0x1e, 0x60, 0xe, 0x20, 0xc, 0x20,
    0x1b, 0x80, 0x3c, 0x6c, 0x1, 0x40, 0x80, 0x6b,
    0x0, 0x91, 0x80, 0x3e, 0x9d, 0xbe, 0x70, 0xe,
    0x5e, 0xbc, 0xb0, 0xf, 0xe2, 0x41, 0x0, 0xf8,
    0x50, 0xc0, 0x3f, 0xfd, 0xed, 0x5b, 0xfe, 0xec,
    0x94, 0x0, 0xff, 0xe0, 0x3f, 0x4a, 0x90, 0x0,
    0x4d, 0xaf, 0xc, 0x3, 0xf0, 0xe4, 0x8, 0x7,
    0xf1, 0xe3, 0x0, 0x78, 0x70, 0xc0, 0x3f, 0xf8,
    0x32, 0xc0, 0x1d, 0xa4, 0x1, 0xcb, 0x12, 0xe4,
    0x1, 0xd2, 0x40, 0x13, 0x98, 0x6, 0x4e, 0xa7,
    0x68, 0xd9, 0x0, 0xe9, 0x0, 0xa0, 0x3, 0x25,
    0x88, 0x7, 0x34, 0x80, 0x64, 0x10, 0x60, 0xe,
    0xa0, 0xf, 0xcc, 0x60, 0x19, 0x82, 0x80, 0x32,
    0x88, 0x7, 0xf5, 0x80, 0x6d, 0x3, 0x0, 0xda,
    0x67, 0xfe, 0x0, 0xe7, 0x20, 0xe, 0x8c, 0xcf,
    0xf4, 0x0, 0x62, 0x10, 0xf, 0xfe, 0x53, 0x80,
    0x7f, 0xf8, 0x5c, 0x3, 0xb3, 0xff, 0xff, 0x88,
    0x40, 0x1c, 0x80, 0x1f, 0xfc, 0x41, 0x20, 0xd,
    0x40, 0x1f, 0xfc, 0x55, 0x0, 0xc4, 0xa0, 0x1f,
    0xf1, 0x0, 0x6a, 0x0, 0xea, 0x30, 0xf, 0xe3,
    0xca, 0x0, 0x89, 0x80, 0x3b, 0x18, 0x3, 0xe8,
    0xc1, 0x5a, 0x0, 0xa4, 0x80, 0x3a, 0x76, 0x59,
    0x8f, 0x7e, 0xe0, 0x12, 0xb0, 0x5, 0xe2, 0x1,
    0xc4, 0xd3, 0x28, 0x40, 0xe, 0x56, 0x0, 0x8b,
    0xc, 0x3, 0xff, 0x84, 0xf4, 0x1, 0xc5, 0x90,
    0x20, 0x1f, 0xe3, 0xc8, 0x0, 0xfc, 0xfd, 0x4c,
    0x62, 0x0, 0x13, 0x7c, 0xc1, 0x80, 0x40,

    /* U+00EC "ì" */
    0x0, 0x88, 0xcf, 0x80, 0x3f, 0xf8, 0x63, 0x99,
    0xd6, 0x1, 0xff, 0xc2, 0x3b, 0x0, 0xc8, 0xa0,
    0x1f, 0xfc, 0x24, 0xa0, 0xd, 0x62, 0x1, 0xff,
    0xc2, 0x59, 0x0, 0x86, 0x0, 0x3f, 0xf8, 0x6d,
    0x0, 0x13, 0x20, 0x7, 0xff, 0xd, 0xdc, 0x1,
    0x48, 0x7, 0xff, 0x12, 0x3f, 0xed, 0x0, 0xff,
    0xe8, 0xbf, 0xff, 0xff, 0x2, 0x40, 0x3f, 0xff,
    0x46, 0xef, 0xf0, 0x80, 0x7f, 0xf0, 0x12, 0x23,
    0xe2, 0x0, 0xff, 0xff, 0x80, 0x7f, 0xff, 0xc0,
    0x3f, 0xff, 0xe0, 0x1f, 0xff, 0xf0, 0xf, 0x1c,
    0x47, 0xc4, 0x1, 0x96, 0x23, 0xce, 0x8e, 0xff,
    0x8, 0x6, 0x37, 0x7f, 0x40, 0x7, 0xff, 0xcc,

    /* U+00ED "í" */
    0x0, 0xff, 0xe0, 0x1c, 0x47, 0x28, 0x7, 0xff,
    0xb, 0x9d, 0xf2, 0x20, 0x3, 0xff, 0x83, 0x24,
    0x1, 0x1e, 0x88, 0x7, 0xff, 0x1, 0x18, 0x2,
    0x3c, 0x10, 0xf, 0xfe, 0x0, 0xd0, 0x4, 0x78,
    0x1, 0xff, 0xc2, 0xb1, 0x0, 0x1e, 0x0, 0x7f,
    0xf0, 0x84, 0x9d, 0xd1, 0x80, 0x1f, 0xfc, 0x31,
    0x88, 0x9c, 0x3, 0xff, 0xa2, 0xff, 0xff, 0xfc,
    0x9, 0x0, 0xff, 0xfd, 0x1b, 0xbf, 0xc2, 0x1,
    0xff, 0xc0, 0x48, 0x8f, 0x88, 0x3, 0xff, 0xfe,
    0x1, 0xff, 0xff, 0x0, 0xff, 0xff, 0x80, 0x7f,
    0xff, 0xc0, 0x3c, 0x71, 0x1f, 0x10, 0x6, 0x58,
    0x8f, 0x3a, 0x3b, 0xfc, 0x20, 0x18, 0xdd, 0xfd,
    0x0, 0x1f, 0xff, 0x30,

    /* U+00EE "î" */
    0x0, 0xfc, 0x9d, 0xfe, 0xe4, 0x0, 0xff, 0xe1,
    0x3d, 0x88, 0x0, 0x6d, 0x80, 0x3f, 0xf8, 0x15,
    0x0, 0x1e, 0x9a, 0x0, 0xfe, 0x1c, 0x50, 0x1,
    0x6e, 0x84, 0x0, 0xb8, 0x20, 0x1e, 0x3f, 0x30,
    0x1, 0xe1, 0x13, 0xcc, 0x0, 0x7e, 0x60, 0x1c,
    0xcc, 0x77, 0x46, 0x8, 0x0, 0x72, 0x1d, 0xcc,
    0xa0, 0x1c, 0xb1, 0x13, 0x80, 0x79, 0xe2, 0x26,
    0x0, 0xff, 0xf0, 0x3f, 0xff, 0xff, 0x2, 0x40,
    0x3f, 0xff, 0x46, 0xef, 0xf0, 0x80, 0x7f, 0xf0,
    0x12, 0x23, 0xe2, 0x0, 0xff, 0xff, 0x80, 0x7f,
    0xff, 0xc0, 0x3f, 0xff, 0xe0, 0x1f, 0xff, 0xf0,
    0xf, 0x1c, 0x47, 0xc4, 0x1, 0x96, 0x23, 0xce,
    0x8e, 0xff, 0x8, 0x6, 0x37, 0x7f, 0x40, 0x7,
    0xff, 0xcc,

    /* U+00EF "ï" */
    0x0, 0x8b, 0x3f, 0x98, 0x3, 0xd3, 0xfe, 0x90,
    0xf, 0x79, 0x80, 0xc9, 0x80, 0x68, 0x60, 0x3,
    0x40, 0x6, 0x12, 0x0, 0xc8, 0x1, 0x90, 0x3,
    0x20, 0x6, 0x10, 0xe, 0x20, 0xc, 0xc0, 0x19,
    0x80, 0x3a, 0x80, 0x24, 0x50, 0xd, 0x2, 0x0,
    0x18, 0x0, 0xe5, 0xeb, 0xcb, 0x0, 0xe2, 0xeb,
    0xb7, 0x10, 0x7, 0x85, 0xc, 0x3, 0xf2, 0x20,
    0x3, 0xff, 0x9a, 0xff, 0xff, 0xfc, 0x9, 0x0,
    0xff, 0xfd, 0x1b, 0xbf, 0xc2, 0x1, 0xff, 0xc0,
    0x48, 0x8f, 0x88, 0x3, 0xff, 0xfe, 0x1, 0xff,
    0xff, 0x0, 0xff, 0xff, 0x80, 0x7f, 0xff, 0xc0,
    0x3c, 0x71, 0x1f, 0x10, 0x6, 0x58, 0x8f, 0x3a,
    0x3b, 0xfc, 0x20, 0x18, 0xdd, 0xfd, 0x0, 0x1f,
    0xff, 0x30,

    /* U+00F0 "ð" */
    0x0, 0xfe, 0x27, 0x20, 0xf, 0xfe, 0x4d, 0x46,
    0xe2, 0x0, 0x7a, 0x24, 0x3, 0xfe, 0x60, 0x1,
    0xdd, 0x84, 0x0, 0xdc, 0xec, 0xa0, 0x1f, 0xc8,
    0x20, 0x19, 0x39, 0xf6, 0x44, 0x1, 0xe0, 0x1f,
    0xd8, 0x1, 0xf4, 0x10, 0x0, 0xae, 0x80, 0x3f,
    0xa3, 0x10, 0x3, 0xf4, 0xea, 0x0, 0x7f, 0xc7,
    0x68, 0x1, 0xf2, 0x0, 0x7f, 0xf0, 0x57, 0x50,
    0x3, 0xef, 0x0, 0xff, 0x8f, 0x28, 0x80, 0x6,
    0x40, 0x18, 0xa0, 0x3, 0xf8, 0x70, 0xc0, 0x3,
    0x39, 0xe0, 0x1c, 0xe2, 0x1, 0xf8, 0x64, 0x0,
    0xfc, 0xc0, 0x52, 0x1, 0xd2, 0x1, 0xfc, 0xd1,
    0xd0, 0x1, 0x98, 0x80, 0x33, 0x0, 0x7f, 0x9c,
    0xce, 0x20, 0xa, 0xc0, 0x30, 0xa0, 0x7, 0xcb,
    0x7f, 0xb9, 0x8d, 0xfa, 0x36, 0x0, 0xed, 0x0,
    0xe3, 0xda, 0x40, 0xf, 0x2e, 0x49, 0x80, 0x64,
    0x0, 0xcd, 0x84, 0x1, 0xfe, 0x63, 0x0, 0xc4,
    0x1, 0x2c, 0x80, 0x7f, 0xf1, 0xc8, 0x6, 0x80,
    0x38, 0xab, 0xbf, 0xdb, 0x48, 0x1, 0xf3, 0x4,
    0x0, 0x72, 0xea, 0x88, 0x0, 0x96, 0xf0, 0x80,
    0x38, 0x44, 0xc0, 0x18, 0xa8, 0x3, 0xf1, 0xe0,
    0x7, 0x1a, 0x0, 0x74, 0x80, 0x7f, 0x84, 0x3,
    0xd8, 0x1, 0x85, 0x0, 0x3f, 0xf8, 0xa4, 0x1,
    0x94, 0x3, 0xff, 0x8a, 0x6e, 0x1, 0x88, 0x3,
    0xff, 0x8a, 0x20, 0x1f, 0xfc, 0x53, 0x0, 0xe6,
    0x70, 0xc, 0x40, 0x1f, 0xf2, 0x0, 0x71, 0x18,
    0x6, 0x40, 0xf, 0xfa, 0xc0, 0x32, 0x6, 0x0,
    0x73, 0x0, 0x7f, 0x19, 0x80, 0x37, 0x2, 0x8,
    0x6, 0x92, 0x0, 0xf8, 0x78, 0x3, 0xa, 0x80,
    0x20, 0x3, 0xb1, 0x0, 0x38, 0xb4, 0x80, 0x34,
    0x0, 0x4c, 0x60, 0x18, 0x6f, 0x1d, 0x9e, 0xb4,
    0xc0, 0x32, 0x30, 0x6, 0xd2, 0x0, 0xe3, 0x89,
    0x85, 0x0, 0xe3, 0xb0, 0xe, 0x1c, 0x30, 0xf,
    0xfe, 0xa, 0x68, 0x7, 0xc3, 0x92, 0x20, 0x1f,
    0xc3, 0x36, 0x20, 0x1f, 0xcd, 0xd4, 0xa4, 0x1,
    0x12, 0xd7, 0x30, 0x7, 0x80,

    /* U+00F1 "ñ" */
    0x0, 0xff, 0xe2, 0x10, 0x7, 0xfa, 0x3b, 0xf6,
    0x4, 0x3, 0x2e, 0xf3, 0x0, 0x7d, 0xae, 0x20,
    0x4f, 0xd0, 0x40, 0x76, 0x2, 0x20, 0xf, 0x49,
    0x0, 0x79, 0xf7, 0xf0, 0x40, 0xa, 0x1, 0xc2,
    0xc0, 0x10, 0x80, 0x7f, 0x29, 0x0, 0x72, 0x80,
    0x7, 0x7b, 0xed, 0x0, 0x38, 0xec, 0x3, 0xcc,
    0xc3, 0x92, 0x0, 0x25, 0xe3, 0xaa, 0xab, 0x4,
    0x3, 0xc5, 0x38, 0xe0, 0x1c, 0x71, 0x54, 0x50,
    0xf, 0xff, 0xe4, 0x7f, 0xe5, 0x0, 0x92, 0xb7,
    0xfd, 0xd6, 0xe2, 0x1, 0xfc, 0x40, 0x59, 0x6a,
    0x40, 0x1, 0x48, 0xf5, 0x0, 0xfd, 0xe7, 0x86,
    0x1, 0xf8, 0x69, 0x40, 0x3e, 0x3d, 0x10, 0xf,
    0xfa, 0x84, 0x3, 0xc8, 0x20, 0x5, 0x78, 0x62,
    0x0, 0xf4, 0x80, 0x7e, 0x5e, 0xa8, 0x79, 0xd9,
    0x0, 0xe6, 0x0, 0xf9, 0xa8, 0x40, 0x39, 0x98,
    0x1, 0x84, 0x80, 0x38, 0x64, 0x3, 0xf5, 0x80,
    0x73, 0x80, 0x71, 0x80, 0x7f, 0x10, 0x7, 0x18,
    0x7, 0xff, 0x10, 0x40, 0x30, 0x80, 0x7f, 0xff,
    0xc0, 0x3f, 0xff, 0xe0, 0x1f, 0xff, 0xf0, 0xf,
    0xff, 0xf8, 0x7, 0xff, 0x48,

    /* U+00F2 "ò" */
    0x0, 0xcf, 0xff, 0xce, 0x1, 0xff, 0xc5, 0x77,
    0x0, 0x68, 0x20, 0xf, 0xfe, 0x2c, 0x30, 0x6,
    0x90, 0xf, 0xfe, 0x34, 0xa8, 0x4, 0x8c, 0x1,
    0xff, 0xc6, 0xa4, 0x0, 0xa0, 0x40, 0x3f, 0xf8,
    0xd6, 0x60, 0x1, 0xb0, 0xf, 0xfe, 0x3e, 0x66,
    0x90, 0xf, 0xfe, 0x41, 0x9e, 0x0, 0xff, 0xee,
    0xa4, 0xe7, 0x7f, 0xba, 0xdc, 0x40, 0x3f, 0xf8,
    0x7, 0x96, 0xc6, 0x20, 0x1, 0x48, 0xe9, 0x0,
    0xff, 0x3e, 0x18, 0x7, 0xf9, 0xb4, 0x80, 0x3e,
    0x78, 0x0, 0xff, 0xe0, 0x96, 0x10, 0x7, 0x24,
    0x0, 0x71, 0x3c, 0xc2, 0x80, 0x70, 0xf8, 0x7,
    0x48, 0x7, 0x46, 0xc3, 0x3d, 0x69, 0x80, 0x62,
    0x70, 0x9, 0x88, 0x3, 0x3b, 0x80, 0x38, 0xb4,
    0x80, 0x34, 0x80, 0x54, 0x1, 0x8a, 0x0, 0x3e,
    0x18, 0x0, 0xc2, 0xa0, 0x26, 0x1, 0xa8, 0x3,
    0xf9, 0x44, 0x3, 0x60, 0x28, 0x7, 0x28, 0x7,
    0xf9, 0xc0, 0x32, 0x1, 0x0, 0x71, 0x0, 0x7f,
    0xbc, 0x3, 0x10, 0x8, 0x6, 0x10, 0xf, 0xf8,
    0xc0, 0x3d, 0xe0, 0x18, 0xc0, 0x3f, 0xe1, 0x0,
    0xe1, 0xf0, 0xc, 0x60, 0x1f, 0xf0, 0x80, 0x70,
    0x88, 0x3, 0x8, 0x7, 0xfc, 0x60, 0x1e, 0x20,
    0xe, 0x20, 0xf, 0xf7, 0x80, 0x62, 0x5, 0x0,
    0xe4, 0x0, 0xff, 0x20, 0x6, 0x40, 0x13, 0x0,
    0xd6, 0x1, 0xfc, 0x84, 0x1, 0xb0, 0x1, 0x40,
    0x18, 0x9c, 0x3, 0xf4, 0x80, 0x61, 0x50, 0x3,
    0x8, 0x6, 0x87, 0x0, 0xe1, 0xc2, 0x0, 0xd2,
    0x1, 0xa8, 0x3, 0xa3, 0x61, 0x99, 0x5c, 0x60,
    0x18, 0x9c, 0x3, 0x24, 0x0, 0x71, 0x3c, 0xc9,
    0x40, 0x38, 0x7c, 0x3, 0xcf, 0x0, 0x1f, 0xfc,
    0x11, 0xc2, 0x0, 0xf9, 0xf0, 0xc0, 0x3f, 0xcd,
    0xe4, 0x1, 0xfc, 0x79, 0x6c, 0x62, 0x0, 0x14,
    0x8e, 0x91, 0x0, 0xe0,

    /* U+00F3 "ó" */
    0x0, 0xff, 0xe0, 0xd7, 0xff, 0x28, 0x7, 0xff,
    0x11, 0x54, 0x1, 0xa9, 0x40, 0x3f, 0xf8, 0x63,
    0x60, 0x1a, 0x94, 0x3, 0xff, 0x89, 0x62, 0x1,
    0x52, 0x80, 0x7f, 0xf1, 0x15, 0x40, 0x15, 0x28,
    0x7, 0xff, 0x10, 0x6c, 0x2, 0xa5, 0x0, 0xff,
    0xe3, 0x66, 0xeb, 0x94, 0x3, 0xff, 0x8c, 0x24,
    0x50, 0x80, 0x7f, 0xf7, 0x52, 0x73, 0xbf, 0xdd,
    0x6e, 0x20, 0x1f, 0xfc, 0x3, 0xcb, 0x63, 0x10,
    0x0, 0xa4, 0x74, 0x80, 0x7f, 0x9f, 0xc, 0x3,
    0xfc, 0xda, 0x40, 0x1f, 0x3c, 0x0, 0x7f, 0xf0,
    0x4b, 0x8, 0x3, 0x92, 0x0, 0x38, 0x9e, 0x61,
    0x40, 0x38, 0x7c, 0x3, 0xa4, 0x3, 0xa3, 0x61,
    0x9e, 0xb4, 0xc0, 0x31, 0x38, 0x4, 0xc4, 0x1,
    0x9d, 0xc0, 0x1c, 0x5a, 0x40, 0x1a, 0x40, 0x2a,
    0x0, 0xc5, 0x0, 0x1f, 0xc, 0x0, 0x61, 0x50,
    0x13, 0x0, 0xd4, 0x1, 0xfc, 0xa2, 0x1, 0xb0,
    0x14, 0x3, 0x94, 0x3, 0xfc, 0xe0, 0x19, 0x0,
    0x80, 0x38, 0x80, 0x3f, 0xde, 0x1, 0x88, 0x4,
    0x3, 0x8, 0x7, 0xfc, 0x60, 0x1e, 0xf0, 0xc,
    0x60, 0x1f, 0xf0, 0x80, 0x70, 0xf8, 0x6, 0x30,
    0xf, 0xf8, 0x40, 0x38, 0x44, 0x1, 0x84, 0x3,
    0xfe, 0x30, 0xf, 0x10, 0x7, 0x10, 0x7, 0xfb,
    0xc0, 0x31, 0x2, 0x80, 0x72, 0x0, 0x7f, 0x90,
    0x3, 0x20, 0x9, 0x80, 0x6b, 0x0, 0xfe, 0x42,
    0x0, 0xd8, 0x0, 0xa0, 0xc, 0x4e, 0x1, 0xfa,
    0x40, 0x30, 0xa8, 0x1, 0x84, 0x3, 0x43, 0x80,
    0x70, 0xe1, 0x0, 0x69, 0x0, 0xd4, 0x1, 0xd1,
    0xb0, 0xcc, 0xae, 0x30, 0xc, 0x4e, 0x1, 0x92,
    0x0, 0x38, 0x9e, 0x64, 0xa0, 0x1c, 0x3e, 0x1,
    0xe7, 0x80, 0xf, 0xfe, 0x8, 0xe1, 0x0, 0x7c,
    0xf8, 0x60, 0x1f, 0xe6, 0xf2, 0x0, 0xfe, 0x3c,
    0xb6, 0x31, 0x0, 0xa, 0x47, 0x48, 0x80, 0x70,

    /* U+00F4 "ô" */
    0x0, 0xff, 0x3c, 0x41, 0x40, 0x3f, 0xf8, 0xc3,
    0x90, 0xee, 0xa9, 0x0, 0xff, 0xe2, 0xe, 0x18,
    0x6, 0x6b, 0x0, 0xff, 0xe1, 0x1f, 0x90, 0x0,
    0xc4, 0x0, 0x98, 0x20, 0x1f, 0xf2, 0x60, 0x80,
    0x17, 0x3c, 0x80, 0x7, 0xe4, 0x1, 0xfc, 0xb6,
    0x1, 0x35, 0x0, 0xe1, 0x80, 0x7, 0xc, 0x3,
    0xf1, 0xbb, 0xd3, 0x20, 0x8, 0x72, 0x1d, 0xcc,
    0xc0, 0xf, 0xcd, 0x11, 0x30, 0x7, 0x9e, 0x22,
    0x50, 0xf, 0xff, 0xf8, 0x7, 0xe4, 0x9c, 0xef,
    0xf7, 0x5b, 0x88, 0x7, 0xff, 0x0, 0xf2, 0xd8,
    0xc4, 0x0, 0x29, 0x1d, 0x20, 0x1f, 0xe7, 0xc3,
    0x0, 0xff, 0x36, 0x90, 0x7, 0xcf, 0x0, 0x1f,
    0xfc, 0x12, 0xc2, 0x0, 0xe4, 0x80, 0xe, 0x27,
    0x98, 0x50, 0xe, 0x1f, 0x0, 0xe9, 0x0, 0xe8,
    0xd8, 0x67, 0xad, 0x30, 0xc, 0x4e, 0x1, 0x31,
    0x0, 0x67, 0x70, 0x7, 0x16, 0x90, 0x6, 0x90,
    0xa, 0x80, 0x31, 0x40, 0x7, 0xc3, 0x0, 0x18,
    0x54, 0x4, 0xc0, 0x35, 0x0, 0x7f, 0x28, 0x80,
    0x6c, 0x5, 0x0, 0xe5, 0x0, 0xff, 0x38, 0x6,
    0x40, 0x20, 0xe, 0x20, 0xf, 0xf7, 0x80, 0x62,
    0x1, 0x0, 0xc2, 0x1, 0xff, 0x18, 0x7, 0xbc,
    0x3, 0x18, 0x7, 0xfc, 0x20, 0x1c, 0x3e, 0x1,
    0x8c, 0x3, 0xfe, 0x10, 0xe, 0x11, 0x0, 0x61,
    0x0, 0xff, 0x8c, 0x3, 0xc4, 0x1, 0xc4, 0x1,
    0xfe, 0xf0, 0xc, 0x40, 0xa0, 0x1c, 0x80, 0x1f,
    0xe4, 0x0, 0xc8, 0x2, 0x60, 0x1a, 0xc0, 0x3f,
    0x90, 0x80, 0x36, 0x0, 0x28, 0x3, 0x13, 0x80,
    0x7e, 0x90, 0xc, 0x2a, 0x0, 0x61, 0x0, 0xd0,
    0xe0, 0x1c, 0x38, 0x40, 0x1a, 0x40, 0x35, 0x0,
    0x74, 0x6c, 0x33, 0x2b, 0x8c, 0x3, 0x13, 0x80,
    0x64, 0x80, 0xe, 0x27, 0x99, 0x28, 0x7, 0xf,
    0x80, 0x79, 0xe0, 0x3, 0xff, 0x82, 0x38, 0x40,
    0x1f, 0x3e, 0x18, 0x7, 0xf9, 0xbc, 0x80, 0x3f,
    0x8f, 0x2d, 0x8c, 0x40, 0x2, 0x91, 0xd2, 0x20,
    0x1c,

    /* U+00F5 "õ" */
    0x0, 0xff, 0xe9, 0x1d, 0x6d, 0xa0, 0x7, 0xbe,
    0xd4, 0x3, 0xf9, 0x71, 0x49, 0x2e, 0x84, 0x2,
    0x40, 0x49, 0x0, 0xfc, 0x34, 0x1, 0xcb, 0xea,
    0x5, 0x20, 0x6, 0x0, 0xfd, 0x0, 0x1f, 0xd,
    0x7e, 0x90, 0x3, 0x80, 0x3f, 0x38, 0x1, 0x7b,
    0x90, 0x1, 0xf1, 0xa0, 0x7, 0xe1, 0x1, 0xa1,
    0x13, 0xe9, 0x80, 0x62, 0xd0, 0xf, 0xe9, 0x54,
    0x0, 0xc5, 0x94, 0xaa, 0x8d, 0x10, 0xf, 0xe6,
    0xaa, 0x0, 0x79, 0x6a, 0x8e, 0x1, 0xff, 0xff,
    0x0, 0xff, 0x92, 0x73, 0xbf, 0xdd, 0x6e, 0x20,
    0x1f, 0xfc, 0x3, 0xcb, 0x63, 0x10, 0x0, 0xa4,
    0x74, 0x80, 0x7f, 0x9f, 0xc, 0x3, 0xfc, 0xda,
    0x40, 0x1f, 0x3c, 0x0, 0x7f, 0xf0, 0x4b, 0x8,
    0x3, 0x92, 0x0, 0x38, 0x9e, 0x61, 0x40, 0x38,
    0x7c, 0x3, 0xa4, 0x3, 0xa3, 0x61, 0x9e, 0xb4,
    0xc0, 0x31, 0x38, 0x4, 0xc4, 0x1, 0x9d, 0xc0,
    0x1c, 0x5a, 0x40, 0x1a, 0x40, 0x2a, 0x0, 0xc5,
    0x0, 0x1f, 0xc, 0x0, 0x61, 0x50, 0x13, 0x0,
    0xd4, 0x1, 0xfc, 0xa2, 0x1, 0xb0, 0x14, 0x3,
    0x94, 0x3, 0xfc, 0xe0, 0x19, 0x0, 0x80, 0x38,
    0x80, 0x3f, 0xde, 0x1, 0x88, 0x4, 0x3, 0x8,
    0x7, 0xfc, 0x60, 0x1e, 0xf0, 0xc, 0x60, 0x1f,
    0xf0, 0x80, 0x70, 0xf8, 0x6, 0x30, 0xf, 0xf8,
    0x40, 0x38, 0x44, 0x1, 0x84, 0x3, 0xfe, 0x30,
    0xf, 0x10, 0x7, 0x10, 0x7, 0xfb, 0xc0, 0x31,
    0x2, 0x80, 0x72, 0x0, 0x7f, 0x90, 0x3, 0x20,
    0x9, 0x80, 0x6b, 0x0, 0xfe, 0x42, 0x0, 0xd8,
    0x0, 0xa0, 0xc, 0x4e, 0x1, 0xfa, 0x40, 0x30,
    0xa8, 0x1, 0x84, 0x3, 0x43, 0x80, 0x70, 0xe1,
    0x0, 0x69, 0x0, 0xd4, 0x1, 0xd1, 0xb0, 0xcc,
    0xae, 0x30, 0xc, 0x4e, 0x1, 0x92, 0x0, 0x38,
    0x9e, 0x64, 0xa0, 0x1c, 0x3e, 0x1, 0xe7, 0x80,
    0xf, 0xfe, 0x8, 0xe1, 0x0, 0x7c, 0xf8, 0x60,
    0x1f, 0xe6, 0xf2, 0x0, 0xfe, 0x3c, 0xb6, 0x31,
    0x0, 0xa, 0x47, 0x48, 0x80, 0x70,

    /* U+00F6 "ö" */
    0x0, 0xc7, 0x9f, 0xaa, 0x1, 0xea, 0xff, 0x48,
    0x7, 0xf6, 0x98, 0x15, 0x10, 0x6, 0x95, 0x0,
    0x33, 0x80, 0x7c, 0x42, 0x1, 0x90, 0x3, 0x20,
    0x6, 0xc0, 0xf, 0x8c, 0x3, 0x88, 0x3, 0x30,
    0x6, 0x20, 0xf, 0x86, 0x40, 0x25, 0x40, 0xd,
    0x2, 0x0, 0x28, 0x0, 0xfc, 0xdd, 0x7b, 0x40,
    0x1c, 0x7d, 0x79, 0xa2, 0x1, 0xfc, 0x28, 0x40,
    0x1f, 0x90, 0xc0, 0x3f, 0xfe, 0x29, 0x39, 0xdf,
    0xee, 0xb7, 0x10, 0xf, 0xfe, 0x1, 0xe5, 0xb1,
    0x88, 0x0, 0x52, 0x3a, 0x40, 0x3f, 0xcf, 0x86,
    0x1, 0xfe, 0x6d, 0x20, 0xf, 0x9e, 0x0, 0x3f,
    0xf8, 0x25, 0x84, 0x1, 0xc9, 0x0, 0x1c, 0x4f,
    0x30, 0xa0, 0x1c, 0x3e, 0x1, 0xd2, 0x1, 0xd1,
    0xb0, 0xcf, 0x5a, 0x60, 0x18, 0x9c, 0x2, 0x62,
    0x0, 0xce, 0xe0, 0xe, 0x2d, 0x20, 0xd, 0x20,
    0x15, 0x0, 0x62, 0x80, 0xf, 0x86, 0x0, 0x30,
    0xa8, 0x9, 0x80, 0x6a, 0x0, 0xfe, 0x51, 0x0,
    0xd8, 0xa, 0x1, 0xca, 0x1, 0xfe, 0x70, 0xc,
    0x80, 0x40, 0x1c, 0x40, 0x1f, 0xef, 0x0, 0xc4,
    0x2, 0x1, 0x84, 0x3, 0xfe, 0x30, 0xf, 0x78,
    0x6, 0x30, 0xf, 0xf8, 0x40, 0x38, 0x7c, 0x3,
    0x18, 0x7, 0xfc, 0x20, 0x1c, 0x22, 0x0, 0xc2,
    0x1, 0xff, 0x18, 0x7, 0x88, 0x3, 0x88, 0x3,
    0xfd, 0xe0, 0x18, 0x81, 0x40, 0x39, 0x0, 0x3f,
    0xc8, 0x1, 0x90, 0x4, 0xc0, 0x35, 0x80, 0x7f,
    0x21, 0x0, 0x6c, 0x0, 0x50, 0x6, 0x27, 0x0,
    0xfd, 0x20, 0x18, 0x54, 0x0, 0xc2, 0x1, 0xa1,
    0xc0, 0x38, 0x70, 0x80, 0x34, 0x80, 0x6a, 0x0,
    0xe8, 0xd8, 0x66, 0x57, 0x18, 0x6, 0x27, 0x0,
    0xc9, 0x0, 0x1c, 0x4f, 0x32, 0x50, 0xe, 0x1f,
    0x0, 0xf3, 0xc0, 0x7, 0xff, 0x4, 0x70, 0x80,
    0x3e, 0x7c, 0x30, 0xf, 0xf3, 0x79, 0x0, 0x7f,
    0x1e, 0x5b, 0x18, 0x80, 0x5, 0x23, 0xa4, 0x40,
    0x38,

    /* U+00F7 "÷" */
    0x0, 0xfe, 0x2b, 0xfe, 0x90, 0xf, 0xfe, 0x3f,
    0xa0, 0xb, 0x40, 0x7, 0xff, 0x14, 0x48, 0x3,
    0x28, 0x7, 0xff, 0x2c, 0x40, 0x3f, 0xf8, 0xa2,
    0xa0, 0x1a, 0x80, 0x3f, 0xf8, 0xd5, 0x8, 0xb4,
    0xc0, 0x1f, 0xfc, 0x77, 0xba, 0x50, 0xf, 0xff,
    0x72, 0xdd, 0xff, 0xf2, 0x8b, 0x51, 0x3f, 0xf9,
    0x4c, 0x1, 0xff, 0xfc, 0x8f, 0xff, 0xfe, 0x52,
    0x0, 0x7f, 0xff, 0xc0, 0x3e, 0x7b, 0xa4, 0x0,
    0xff, 0xe3, 0xdc, 0x22, 0xda, 0x80, 0x7f, 0xf1,
    0x45, 0x0, 0x34, 0x80, 0x7f, 0xf1, 0x4c, 0x3,
    0xff, 0x96, 0x44, 0x0, 0xc8, 0x1, 0xff, 0xc6,
    0xf3, 0x1, 0x68, 0x0, 0xfe,

    /* U+00F8 "ø" */
    0x0, 0xff, 0xe2, 0xb7, 0xfb, 0x0, 0x3f, 0xf9,
    0x16, 0x0, 0x90, 0xf, 0xfe, 0x3a, 0x10, 0xa,
    0x80, 0x7f, 0x92, 0x73, 0xbf, 0xdd, 0x6d, 0xe0,
    0x9, 0x0, 0xfe, 0x3c, 0xb6, 0x31, 0x0, 0xa,
    0x4a, 0x0, 0x18, 0x3, 0xf3, 0xe1, 0x80, 0x7f,
    0xc2, 0x60, 0x1f, 0x3c, 0x0, 0x7f, 0xf0, 0x47,
    0x8, 0x3, 0x92, 0x0, 0x38, 0x9e, 0x61, 0x40,
    0x38, 0x78, 0x3, 0xa8, 0x3, 0xa3, 0x61, 0x9e,
    0x0, 0x3c, 0x6e, 0x1, 0x30, 0x80, 0x68, 0x70,
    0xd, 0x0, 0x1f, 0x48, 0x5, 0x40, 0x18, 0x9c,
    0x3, 0x12, 0x80, 0x20, 0x3, 0xa, 0x80, 0x98,
    0x6, 0xa0, 0xe, 0x80, 0x3, 0x38, 0x80, 0x6f,
    0x5, 0x0, 0xe5, 0x0, 0xc4, 0xa0, 0x8, 0x4,
    0x0, 0xce, 0x4, 0x1, 0xc4, 0x1, 0xa0, 0x0,
    0xc2, 0x1a, 0x1, 0x88, 0x4, 0x3, 0x8, 0x6,
    0x25, 0x0, 0x40, 0x0, 0x80, 0x3d, 0xe0, 0x18,
    0xc0, 0x34, 0x0, 0x18, 0x40, 0x2, 0x1, 0xc3,
    0xe0, 0x18, 0xc0, 0x22, 0x50, 0x4, 0x0, 0x42,
    0x1, 0xc2, 0x20, 0xc, 0x20, 0x14, 0x0, 0x18,
    0x40, 0x23, 0x0, 0xf1, 0x0, 0x71, 0x1, 0x28,
    0x2, 0x0, 0x37, 0x80, 0x62, 0x5, 0x0, 0xe4,
    0x8, 0x0, 0x30, 0x80, 0x64, 0x0, 0xc8, 0x2,
    0x60, 0x1a, 0xc9, 0x40, 0x10, 0x1, 0x90, 0x80,
    0x36, 0x0, 0x28, 0x3, 0x16, 0x0, 0x18, 0x40,
    0x34, 0x80, 0x61, 0x50, 0x3, 0x10, 0x6, 0x10,
    0x4, 0x0, 0x43, 0x84, 0x1, 0xa4, 0x3, 0x48,
    0x7, 0x86, 0x59, 0x95, 0xc6, 0x1, 0x89, 0xc0,
    0x32, 0x40, 0x7, 0xb, 0xcc, 0x94, 0x3, 0x87,
    0xc0, 0x3c, 0xf0, 0x1, 0xff, 0xc1, 0x1d, 0x20,
    0xf, 0x98, 0x3, 0xff, 0x80, 0xde, 0x60, 0x1f,
    0xa0, 0x0, 0x8e, 0x62, 0x0, 0x14, 0x8e, 0x91,
    0x0, 0xfc, 0x2c, 0x0, 0x98, 0xce, 0xff, 0x75,
    0xb8, 0x80, 0x7f, 0xa0, 0x0, 0xc4, 0x1, 0xff,
    0xc7, 0xe7, 0x74, 0x0, 0x7f, 0xf1, 0x40,

    /* U+00F9 "ù" */
    0x0, 0x88, 0xcf, 0x80, 0x3f, 0xf8, 0x8d, 0x99,
    0xd2, 0x1, 0xff, 0xc3, 0x4a, 0x0, 0xcc, 0x80,
    0x1f, 0xfc, 0x35, 0x90, 0xd, 0x20, 0x1f, 0xfc,
    0x46, 0x80, 0x8, 0xa0, 0x3, 0xff, 0x88, 0xee,
    0x0, 0x9c, 0xc0, 0x3f, 0xf8, 0x90, 0xc0, 0x17,
    0x80, 0x7f, 0xf1, 0x67, 0xfe, 0xc0, 0xf, 0xff,
    0x4a, 0xff, 0xf0, 0x7, 0xf0, 0xff, 0xf2, 0x0,
    0x7f, 0xff, 0xc0, 0x3f, 0xff, 0xe0, 0x1f, 0xff,
    0xf0, 0xf, 0xff, 0xf8, 0x7, 0xff, 0x48, 0x40,
    0x38, 0x80, 0x3f, 0xf8, 0x6c, 0x1, 0xce, 0x1,
    0xf8, 0x80, 0x3c, 0x42, 0x1, 0xbc, 0x3, 0xf7,
    0x80, 0x7c, 0x80, 0x19, 0x54, 0x1, 0xc5, 0x86,
    0x1, 0xf7, 0x0, 0x75, 0x64, 0x3c, 0x66, 0x98,
    0x7, 0xe4, 0x30, 0xe, 0x37, 0x87, 0x30, 0x1,
    0x88, 0x7, 0xdc, 0x20, 0x1f, 0xe2, 0xd2, 0x0,
    0xf8, 0xb0, 0xc0, 0x3f, 0x26, 0xb, 0x80, 0x7e,
    0x2c, 0xa5, 0x20, 0x0, 0xad, 0xd8, 0x40, 0x40,
    0x38,

    /* U+00FA "ú" */
    0x0, 0xff, 0xe0, 0x57, 0xff, 0x28, 0x7, 0xff,
    0x9, 0x54, 0x1, 0xad, 0x40, 0x3f, 0xf8, 0x23,
    0x60, 0x1a, 0xd0, 0x3, 0xff, 0x85, 0x42, 0x1,
    0x5a, 0x0, 0x7f, 0xf0, 0x99, 0x0, 0x2b, 0x40,
    0xf, 0xfe, 0x11, 0x48, 0x5, 0x88, 0x1, 0xff,
    0xc3, 0x2f, 0xfc, 0x60, 0x1f, 0xfe, 0x85, 0xff,
    0xe0, 0xf, 0xe1, 0xff, 0xe4, 0x0, 0xff, 0xff,
    0x80, 0x7f, 0xff, 0xc0, 0x3f, 0xff, 0xe0, 0x1f,
    0xff, 0xf0, 0xf, 0xfe, 0x90, 0x80, 0x71, 0x0,
    0x7f, 0xf0, 0xd8, 0x3, 0x9c, 0x3, 0xf1, 0x0,
    0x78, 0x84, 0x3, 0x78, 0x7, 0xef, 0x0, 0xf9,
    0x0, 0x32, 0xa8, 0x3, 0x8b, 0xc, 0x3, 0xee,
    0x0, 0xea, 0xc8, 0x78, 0xcd, 0x30, 0xf, 0xc8,
    0x60, 0x1c, 0x6f, 0xe, 0x60, 0x3, 0x10, 0xf,
    0xb8, 0x40, 0x3f, 0xc5, 0xa4, 0x1, 0xf1, 0x61,
    0x80, 0x7e, 0x4c, 0x17, 0x0, 0xfc, 0x59, 0x4a,
    0x40, 0x1, 0x5b, 0xb0, 0x80, 0x80, 0x70,

    /* U+00FB "û" */
    0x0, 0xfc, 0xbf, 0xf7, 0x18, 0x7, 0xff, 0xe,
    0x28, 0x2, 0x1c, 0x50, 0xf, 0xfe, 0x0, 0xdb,
    0x80, 0x4, 0x2, 0xa9, 0x0, 0xff, 0x16, 0x20,
    0x0, 0xff, 0x4, 0x0, 0xd6, 0x20, 0x1f, 0x2e,
    0x90, 0x1, 0x70, 0x4f, 0xcc, 0x0, 0x9e, 0x60,
    0x1e, 0x38, 0x8a, 0x68, 0x2, 0x1c, 0x88, 0xa5,
    0xc0, 0x3c, 0xce, 0xf3, 0x0, 0x79, 0xdf, 0x20,
    0x7, 0xff, 0x8d, 0x7f, 0xf8, 0x3, 0xf8, 0x7f,
    0xf9, 0x0, 0x3f, 0xff, 0xe0, 0x1f, 0xff, 0xf0,
    0xf, 0xff, 0xf8, 0x7, 0xff, 0xfc, 0x3, 0xff,
    0xa4, 0x20, 0x1c, 0x40, 0x1f, 0xfc, 0x36, 0x0,
    0xe7, 0x0, 0xfc, 0x40, 0x1e, 0x21, 0x0, 0xde,
    0x1, 0xfb, 0xc0, 0x3e, 0x40, 0xc, 0xaa, 0x0,
    0xe2, 0xc3, 0x0, 0xfb, 0x80, 0x3a, 0xb2, 0x1e,
    0x33, 0x4c, 0x3, 0xf2, 0x18, 0x7, 0x1b, 0xc3,
    0x98, 0x0, 0xc4, 0x3, 0xee, 0x10, 0xf, 0xf1,
    0x69, 0x0, 0x7c, 0x58, 0x60, 0x1f, 0x93, 0x5,
    0xc0, 0x3f, 0x16, 0x52, 0x90, 0x0, 0x56, 0xec,
    0x20, 0x20, 0x1c,

    /* U+00FC "ü" */
    0x0, 0x8b, 0x3f, 0x54, 0x3, 0xd5, 0xfe, 0x90,
    0xf, 0xbc, 0xc0, 0xa8, 0x80, 0x34, 0xa8, 0x1,
    0x9c, 0x3, 0x88, 0x80, 0x19, 0x0, 0x32, 0x0,
    0x6c, 0x0, 0xe2, 0x0, 0xe2, 0x0, 0xcc, 0x1,
    0x88, 0x3, 0xd2, 0x1, 0x2a, 0x0, 0x69, 0x10,
    0x1, 0x40, 0x7, 0x9b, 0xaf, 0x28, 0x3, 0x8b,
    0xae, 0xda, 0x20, 0x1f, 0xa, 0x18, 0x7, 0xe4,
    0x40, 0x7, 0xff, 0x3d, 0x7f, 0xf8, 0x3, 0xf8,
    0x7f, 0xf9, 0x0, 0x3f, 0xff, 0xe0, 0x1f, 0xff,
    0xf0, 0xf, 0xff, 0xf8, 0x7, 0xff, 0xfc, 0x3,
    0xff, 0xa4, 0x20, 0x1c, 0x40, 0x1f, 0xfc, 0x36,
    0x0, 0xe7, 0x0, 0xfc, 0x40, 0x1e, 0x21, 0x0,
    0xde, 0x1, 0xfb, 0xc0, 0x3e, 0x40, 0xc, 0xaa,
    0x0, 0xe2, 0xc3, 0x0, 0xfb, 0x80, 0x3a, 0xb2,
    0x1e, 0x33, 0x4c, 0x3, 0xf2, 0x18, 0x7, 0x1b,
    0xc3, 0x98, 0x0, 0xc4, 0x3, 0xee, 0x10, 0xf,
    0xf1, 0x69, 0x0, 0x7c, 0x58, 0x60, 0x1f, 0x93,
    0x5, 0xc0, 0x3f, 0x16, 0x52, 0x90, 0x0, 0x56,
    0xec, 0x20, 0x20, 0x1c,

    /* U+00FD "ý" */
    0x0, 0xff, 0xe1, 0xbc, 0x46, 0x70, 0xf, 0xfe,
    0x3b, 0xc3, 0xbe, 0x20, 0xf, 0xfe, 0x31, 0xc0,
    0x6, 0xb5, 0x0, 0xff, 0xe3, 0x70, 0x6, 0xb4,
    0x0, 0xff, 0xe3, 0x41, 0x0, 0x56, 0x80, 0x1f,
    0xfc, 0x64, 0x70, 0xa, 0xd0, 0x3, 0xff, 0x8e,
    0x4e, 0xf6, 0x20, 0x7, 0xff, 0x21, 0xa2, 0x23,
    0x0, 0xff, 0xf9, 0x3f, 0xff, 0x38, 0x7, 0xff,
    0x0, 0xff, 0xfa, 0xdc, 0x3, 0xa8, 0x3, 0xff,
    0x81, 0x40, 0x1d, 0xe0, 0xe0, 0x18, 0x90, 0x3,
    0xfe, 0x60, 0xc, 0x48, 0x12, 0x1, 0xdc, 0x1,
    0xfe, 0x60, 0xe, 0xb0, 0x0, 0xa8, 0x6, 0x51,
    0x0, 0xfe, 0xa0, 0xc, 0x2c, 0x1, 0x48, 0x7,
    0x30, 0x7, 0xe3, 0x30, 0x6, 0x60, 0xc, 0x66,
    0x0, 0xd2, 0x1, 0xfa, 0x80, 0x3a, 0x40, 0x3a,
    0x0, 0x30, 0xa0, 0x7, 0xcc, 0x1, 0x98, 0x40,
    0x39, 0x8, 0x3, 0x78, 0x7, 0x98, 0x3, 0xac,
    0x3, 0xeb, 0x0, 0xc8, 0x40, 0x1d, 0x40, 0x19,
    0x8, 0x3, 0xe6, 0x10, 0xd, 0x40, 0x18, 0x8c,
    0x3, 0x78, 0x7, 0xf3, 0x0, 0x66, 0x0, 0xd6,
    0x1, 0x89, 0x0, 0x3f, 0xa4, 0x3, 0xa, 0x80,
    0x4e, 0x1, 0xac, 0x3, 0xfc, 0x2c, 0x1, 0xa4,
    0x0, 0xa2, 0x1, 0xb, 0x0, 0x7f, 0xd6, 0x1,
    0x8c, 0x82, 0x40, 0x33, 0x0, 0x7f, 0xf0, 0x9,
    0x0, 0x35, 0x11, 0x80, 0x69, 0x0, 0xff, 0xe0,
    0xf8, 0x6, 0x5a, 0x0, 0xca, 0x20, 0x1f, 0xfc,
    0x14, 0x20, 0x8, 0x9c, 0x3, 0x48, 0x7, 0xff,
    0xe, 0x0, 0x3f, 0x21, 0x80, 0x7f, 0xf0, 0xd4,
    0x40, 0x3e, 0xf0, 0xf, 0xfe, 0x2c, 0x80, 0x78,
    0x90, 0x3, 0xff, 0x8a, 0xc0, 0x1e, 0xb0, 0xf,
    0xfe, 0x30, 0xb0, 0x6, 0x16, 0x0, 0xff, 0xe3,
    0x88, 0x6, 0x60, 0xf, 0xfe, 0x38, 0xb8, 0x6,
    0x90, 0xf, 0xfe, 0x3c, 0x0, 0x65, 0x10, 0xf,
    0xfe, 0x31, 0x30, 0x6, 0x90, 0xf, 0xfe, 0x3f,
    0x0, 0x63, 0x30, 0x7, 0xff, 0x1a, 0x8c, 0x3,
    0x40, 0x7, 0xff, 0xd, 0xa6, 0xb9, 0x40, 0x31,
    0xa0, 0x7, 0xff, 0xe, 0x99, 0x44, 0x3, 0xb8,
    0x3, 0xff, 0x88, 0x60, 0x1f, 0x59, 0x0, 0x7f,
    0xf0, 0xc4, 0x3, 0xc3, 0x88, 0x1, 0xff, 0xc4,
    0x33, 0x8, 0x9, 0xcf, 0x18, 0x7, 0xff, 0xc,

    /* U+00FE "þ" */
    0x49, 0x9d, 0x0, 0x1f, 0xfc, 0x43, 0x66, 0xe0,
    0xf, 0xff, 0xf8, 0x7, 0xff, 0xfc, 0x3, 0xff,
    0xf8, 0x73, 0xbf, 0xee, 0xc7, 0x10, 0xf, 0xfe,
    0x5, 0x63, 0x10, 0x0, 0x4e, 0x39, 0x80, 0x3f,
    0xd8, 0xa0, 0x1f, 0xd3, 0x0, 0x1f, 0x84, 0xc0,
    0x3f, 0xe7, 0x60, 0xf, 0xf0, 0xb4, 0x3a, 0x0,
    0x7a, 0x44, 0x3, 0xf4, 0x74, 0xbc, 0x5e, 0x8,
    0x7, 0x48, 0x7, 0xd2, 0xe0, 0x1c, 0x78, 0x1,
    0xcc, 0x1, 0xe1, 0x60, 0xf, 0x89, 0xc0, 0x30,
    0x98, 0x7, 0xff, 0xe, 0x80, 0x39, 0x40, 0x3f,
    0xf8, 0x64, 0x20, 0x1b, 0xc0, 0x3f, 0xf8, 0x8a,
    0x1, 0x8c, 0x3, 0xff, 0x88, 0x20, 0x18, 0x40,
    0x3f, 0xf8, 0x86, 0x1, 0x9c, 0x3, 0xff, 0x88,
    0x60, 0x19, 0xc0, 0x3f, 0xf8, 0x82, 0x1, 0x84,
    0x3, 0xff, 0x88, 0xc0, 0x18, 0x80, 0x3f, 0xf8,
    0x62, 0x40, 0x1b, 0x80, 0x3f, 0xf8, 0x6c, 0x1,
    0xc8, 0x1, 0xc2, 0xa0, 0x1f, 0xc, 0x0, 0x62,
    0x20, 0x7, 0xa9, 0x40, 0x38, 0xb0, 0x3, 0xa8,
    0x3, 0xf5, 0x64, 0x33, 0x2b, 0x48, 0x3, 0xb,
    0x80, 0x7f, 0x1b, 0xcc, 0x94, 0x3, 0xd6, 0x1,
    0xf0, 0x90, 0x7, 0xfd, 0xa, 0x1, 0xfb, 0x14,
    0x3, 0xf0, 0xd3, 0x80, 0x7f, 0xd, 0x63, 0x10,
    0x0, 0x52, 0x39, 0x40, 0x3f, 0xf8, 0x7, 0x3b,
    0xfe, 0xeb, 0x70, 0xf, 0xff, 0xf8, 0x7, 0xff,
    0xfc, 0x3, 0xff, 0xa8,

    /* U+00FF "ÿ" */
    0x0, 0xf4, 0x77, 0xd0, 0x80, 0x72, 0x6f, 0xe9,
    0x80, 0x7f, 0x99, 0xc4, 0x16, 0xc0, 0x30, 0xd9,
    0x1, 0x68, 0x7, 0xfb, 0x0, 0x32, 0x0, 0x64,
    0x0, 0xc2, 0x60, 0x1f, 0xc4, 0x1, 0x88, 0x3,
    0x30, 0x7, 0x10, 0x7, 0xf4, 0x90, 0x5, 0xe0,
    0x18, 0xd8, 0x2, 0x81, 0x0, 0xfe, 0x1d, 0xcb,
    0xe3, 0x0, 0xe9, 0xdb, 0xd7, 0x0, 0xff, 0xe0,
    0x1a, 0x8, 0x7, 0xc4, 0x84, 0x1, 0xff, 0xd4,
    0x7f, 0xfe, 0x70, 0xf, 0xfe, 0x1, 0xff, 0xf5,
    0xb8, 0x7, 0x50, 0x7, 0xff, 0x2, 0x80, 0x3b,
    0xc1, 0xc0, 0x31, 0x20, 0x7, 0xfc, 0xc0, 0x18,
    0x90, 0x24, 0x3, 0xb8, 0x3, 0xfc, 0xc0, 0x1d,
    0x60, 0x1, 0x50, 0xc, 0xa2, 0x1, 0xfd, 0x40,
    0x18, 0x58, 0x2, 0x90, 0xe, 0x60, 0xf, 0xc6,
    0x60, 0xc, 0xc0, 0x18, 0xcc, 0x1, 0xa4, 0x3,
    0xf5, 0x0, 0x74, 0x80, 0x74, 0x0, 0x61, 0x40,
    0xf, 0x98, 0x3, 0x30, 0x80, 0x72, 0x10, 0x6,
    0xf0, 0xf, 0x30, 0x7, 0x58, 0x7, 0xd6, 0x1,
    0x90, 0x80, 0x3a, 0x80, 0x32, 0x10, 0x7, 0xcc,
    0x20, 0x1a, 0x80, 0x31, 0x18, 0x6, 0xf0, 0xf,
    0xe6, 0x0, 0xcc, 0x1, 0xac, 0x3, 0x12, 0x0,
    0x7f, 0x48, 0x6, 0x15, 0x0, 0x9c, 0x3, 0x58,
    0x7, 0xf8, 0x58, 0x3, 0x48, 0x1, 0x44, 0x2,
    0x16, 0x0, 0xff, 0xac, 0x3, 0x19, 0x4, 0x80,
    0x66, 0x0, 0xff, 0xe0, 0x12, 0x0, 0x6a, 0x23,
    0x0, 0xd2, 0x1, 0xff, 0xc1, 0xf0, 0xc, 0xb4,
    0x1, 0x94, 0x40, 0x3f, 0xf8, 0x28, 0x40, 0x11,
    0x38, 0x6, 0x90, 0xf, 0xfe, 0x1c, 0x0, 0x7e,
    0x43, 0x0, 0xff, 0xe1, 0xa8, 0x80, 0x7d, 0xe0,
    0x1f, 0xfc, 0x59, 0x0, 0xf1, 0x20, 0x7, 0xff,
    0x15, 0x80, 0x3d, 0x60, 0x1f, 0xfc, 0x61, 0x60,
    0xc, 0x2c, 0x1, 0xff, 0xc7, 0x10, 0xc, 0xc0,
    0x1f, 0xfc, 0x71, 0x70, 0xd, 0x20, 0x1f, 0xfc,
    0x78, 0x0, 0xca, 0x20, 0x1f, 0xfc, 0x62, 0x60,
    0xd, 0x20, 0x1f, 0xfc, 0x7e, 0x0, 0xc6, 0x60,
    0xf, 0xfe, 0x35, 0x18, 0x6, 0x80, 0xf, 0xfe,
    0x1b, 0x4d, 0x72, 0x80, 0x63, 0x40, 0xf, 0xfe,
    0x1d, 0x32, 0x88, 0x7, 0x70, 0x7, 0xff, 0x10,
    0xc0, 0x3e, 0xb2, 0x0, 0xff, 0xe1, 0x88, 0x7,
    0x87, 0x10, 0x3, 0xff, 0x88, 0x66, 0x10, 0x13,
    0x9e, 0x30, 0xf, 0xfe, 0x18
};


/*---------------------
 *  GLYPH DESCRIPTION
 *--------------------*/

static const lv_font_fmt_txt_glyph_dsc_t glyph_dsc[] = {
    {.bitmap_index = 0, .adv_w = 0, .box_w = 0, .box_h = 0, .ofs_x = 0, .ofs_y = 0} /* id = 0 reserved */,
    {.bitmap_index = 0, .adv_w = 442, .box_w = 0, .box_h = 0, .ofs_x = 0, .ofs_y = 0},
    {.bitmap_index = 0, .adv_w = 442, .box_w = 7, .box_h = 33, .ofs_x = 10, .ofs_y = 0},
    {.bitmap_index = 47, .adv_w = 442, .box_w = 13, .box_h = 12, .ofs_x = 7, .ofs_y = 22},
    {.bitmap_index = 96, .adv_w = 442, .box_w = 26, .box_h = 33, .ofs_x = 1, .ofs_y = 0},
    {.bitmap_index = 371, .adv_w = 442, .box_w = 23, .box_h = 43, .ofs_x = 3, .ofs_y = -5},
    {.bitmap_index = 650, .adv_w = 442, .box_w = 27, .box_h = 33, .ofs_x = 0, .ofs_y = 0},
    {.bitmap_index = 949, .adv_w = 442, .box_w = 27, .box_h = 33, .ofs_x = 1, .ofs_y = 0},
    {.bitmap_index = 1244, .adv_w = 442, .box_w = 5, .box_h = 12, .ofs_x = 10, .ofs_y = 22},
    {.bitmap_index = 1266, .adv_w = 442, .box_w = 14, .box_h = 48, .ofs_x = 7, .ofs_y = -11},
    {.bitmap_index = 1475, .adv_w = 442, .box_w = 13, .box_h = 48, .ofs_x = 7, .ofs_y = -11},
    {.bitmap_index = 1674, .adv_w = 442, .box_w = 23, .box_h = 23, .ofs_x = 3, .ofs_y = 10},
    {.bitmap_index = 1855, .adv_w = 442, .box_w = 23, .box_h = 25, .ofs_x = 2, .ofs_y = 3},
    {.bitmap_index = 1905, .adv_w = 442, .box_w = 8, .box_h = 14, .ofs_x = 8, .ofs_y = -9},
    {.bitmap_index = 1941, .adv_w = 442, .box_w = 19, .box_h = 5, .ofs_x = 5, .ofs_y = 12},
    {.bitmap_index = 1953, .adv_w = 442, .box_w = 8, .box_h = 8, .ofs_x = 10, .ofs_y = 0},
    {.bitmap_index = 1980, .adv_w = 442, .box_w = 18, .box_h = 36, .ofs_x = 5, .ofs_y = -3},
    {.bitmap_index = 2173, .adv_w = 442, .box_w = 22, .box_h = 33, .ofs_x = 3, .ofs_y = 0},
    {.bitmap_index = 2417, .adv_w = 442, .box_w = 15, .box_h = 34, .ofs_x = 4, .ofs_y = 0},
    {.bitmap_index = 2479, .adv_w = 442, .box_w = 24, .box_h = 33, .ofs_x = 1, .ofs_y = 0},
    {.bitmap_index = 2705, .adv_w = 442, .box_w = 22, .box_h = 33, .ofs_x = 2, .ofs_y = 0},
    {.bitmap_index = 2935, .adv_w = 442, .box_w = 25, .box_h = 33, .ofs_x = 1, .ofs_y = 0},
    {.bitmap_index = 3094, .adv_w = 442, .box_w = 22, .box_h = 33, .ofs_x = 3, .ofs_y = 0},
    {.bitmap_index = 3317, .adv_w = 442, .box_w = 23, .box_h = 33, .ofs_x = 2, .ofs_y = 0},
    {.bitmap_index = 3565, .adv_w = 442, .box_w = 24, .box_h = 33, .ofs_x = 1, .ofs_y = 0},
    {.bitmap_index = 3749, .adv_w = 442, .box_w = 22, .box_h = 33, .ofs_x = 3, .ofs_y = 0},
    {.bitmap_index = 4008, .adv_w = 442, .box_w = 22, .box_h = 33, .ofs_x = 2, .ofs_y = 0},
    {.bitmap_index = 4249, .adv_w = 442, .box_w = 9, .box_h = 27, .ofs_x = 10, .ofs_y = 0},
    {.bitmap_index = 4316, .adv_w = 442, .box_w = 10, .box_h = 36, .ofs_x = 10, .ofs_y = -9},
    {.bitmap_index = 4405, .adv_w = 442, .box_w = 21, .box_h = 22, .ofs_x = 3, .ofs_y = 3},
    {.bitmap_index = 4544, .adv_w = 442, .box_w = 22, .box_h = 14, .ofs_x = 3, .ofs_y = 7},
    {.bitmap_index = 4573, .adv_w = 442, .box_w = 21, .box_h = 22, .ofs_x = 3, .ofs_y = 3},
    {.bitmap_index = 4713, .adv_w = 442, .box_w = 22, .box_h = 33, .ofs_x = 3, .ofs_y = 0},
    {.bitmap_index = 4916, .adv_w = 442, .box_w = 26, .box_h = 33, .ofs_x = 1, .ofs_y = 0},
    {.bitmap_index = 5277, .adv_w = 442, .box_w = 27, .box_h = 33, .ofs_x = 1, .ofs_y = 0},
    {.bitmap_index = 5535, .adv_w = 442, .box_w = 23, .box_h = 33, .ofs_x = 3, .ofs_y = 0},
    {.bitmap_index = 5734, .adv_w = 442, .box_w = 24, .box_h = 33, .ofs_x = 2, .ofs_y = 0},
    {.bitmap_index = 5954, .adv_w = 442, .box_w = 23, .box_h = 33, .ofs_x = 3, .ofs_y = 0},
    {.bitmap_index = 6139, .adv_w = 442, .box_w = 22, .box_h = 33, .ofs_x = 3, .ofs_y = 0},
    {.bitmap_index = 6201, .adv_w = 442, .box_w = 22, .box_h = 33, .ofs_x = 3, .ofs_y = 0},
    {.bitmap_index = 6255, .adv_w = 442, .box_w = 24, .box_h = 33, .ofs_x = 2, .ofs_y = 0},
    {.bitmap_index = 6484, .adv_w = 442, .box_w = 23, .box_h = 33, .ofs_x = 2, .ofs_y = 0},
    {.bitmap_index = 6536, .adv_w = 442, .box_w = 20, .box_h = 33, .ofs_x = 4, .ofs_y = 0},
    {.bitmap_index = 6591, .adv_w = 442, .box_w = 23, .box_h = 33, .ofs_x = 2, .ofs_y = 0},
    {.bitmap_index = 6699, .adv_w = 442, .box_w = 25, .box_h = 33, .ofs_x = 3, .ofs_y = 0},
    {.bitmap_index = 6916, .adv_w = 442, .box_w = 22, .box_h = 33, .ofs_x = 3, .ofs_y = 0},
    {.bitmap_index = 6960, .adv_w = 442, .box_w = 22, .box_h = 33, .ofs_x = 3, .ofs_y = 0},
    {.bitmap_index = 7127, .adv_w = 442, .box_w = 23, .box_h = 33, .ofs_x = 2, .ofs_y = 0},
    {.bitmap_index = 7284, .adv_w = 442, .box_w = 24, .box_h = 33, .ofs_x = 2, .ofs_y = 0},
    {.bitmap_index = 7522, .adv_w = 442, .box_w = 23, .box_h = 33, .ofs_x = 3, .ofs_y = 0},
    {.bitmap_index = 7664, .adv_w = 442, .box_w = 25, .box_h = 39, .ofs_x = 2, .ofs_y = -6},
    {.bitmap_index = 7946, .adv_w = 442, .box_w = 24, .box_h = 33, .ofs_x = 3, .ofs_y = 0},
    {.bitmap_index = 8138, .adv_w = 442, .box_w = 24, .box_h = 33, .ofs_x = 2, .ofs_y = 0},
    {.bitmap_index = 8398, .adv_w = 442, .box_w = 26, .box_h = 33, .ofs_x = 1, .ofs_y = 0},
    {.bitmap_index = 8453, .adv_w = 442, .box_w = 23, .box_h = 33, .ofs_x = 2, .ofs_y = 0},
    {.bitmap_index = 8573, .adv_w = 442, .box_w = 26, .box_h = 33, .ofs_x = 1, .ofs_y = 0},
    {.bitmap_index = 8837, .adv_w = 442, .box_w = 26, .box_h = 33, .ofs_x = 1, .ofs_y = 0},
    {.bitmap_index = 9166, .adv_w = 442, .box_w = 26, .box_h = 33, .ofs_x = 1, .ofs_y = 0},
    {.bitmap_index = 9441, .adv_w = 442, .box_w = 26, .box_h = 33, .ofs_x = 1, .ofs_y = 0},
    {.bitmap_index = 9634, .adv_w = 442, .box_w = 24, .box_h = 33, .ofs_x = 2, .ofs_y = 0},
    {.bitmap_index = 9813, .adv_w = 442, .box_w = 10, .box_h = 46, .ofs_x = 9, .ofs_y = -7},
    {.bitmap_index = 9849, .adv_w = 442, .box_w = 19, .box_h = 36, .ofs_x = 5, .ofs_y = -3},
    {.bitmap_index = 10053, .adv_w = 442, .box_w = 10, .box_h = 46, .ofs_x = 9, .ofs_y = -7},
    {.bitmap_index = 10087, .adv_w = 442, .box_w = 20, .box_h = 18, .ofs_x = 4, .ofs_y = 16},
    {.bitmap_index = 10215, .adv_w = 442, .box_w = 21, .box_h = 5, .ofs_x = 3, .ofs_y = -4},
    {.bitmap_index = 10226, .adv_w = 442, .box_w = 11, .box_h = 7, .ofs_x = 9, .ofs_y = 27},
    {.bitmap_index = 10256, .adv_w = 442, .box_w = 23, .box_h = 25, .ofs_x = 2, .ofs_y = 0},
    {.bitmap_index = 10439, .adv_w = 442, .box_w = 22, .box_h = 34, .ofs_x = 3, .ofs_y = 0},
    {.bitmap_index = 10602, .adv_w = 442, .box_w = 23, .box_h = 25, .ofs_x = 2, .ofs_y = 0},
    {.bitmap_index = 10791, .adv_w = 442, .box_w = 22, .box_h = 34, .ofs_x = 2, .ofs_y = 0},
    {.bitmap_index = 10959, .adv_w = 442, .box_w = 23, .box_h = 25, .ofs_x = 2, .ofs_y = 0},
    {.bitmap_index = 11139, .adv_w = 442, .box_w = 23, .box_h = 36, .ofs_x = 3, .ofs_y = 0},
    {.bitmap_index = 11252, .adv_w = 442, .box_w = 23, .box_h = 34, .ofs_x = 2, .ofs_y = -9},
    {.bitmap_index = 11495, .adv_w = 442, .box_w = 22, .box_h = 34, .ofs_x = 3, .ofs_y = 0},
    {.bitmap_index = 11592, .adv_w = 442, .box_w = 21, .box_h = 33, .ofs_x = 4, .ofs_y = 0},
    {.bitmap_index = 11679, .adv_w = 442, .box_w = 16, .box_h = 42, .ofs_x = 4, .ofs_y = -9},
    {.bitmap_index = 11789, .adv_w = 442, .box_w = 24, .box_h = 34, .ofs_x = 3, .ofs_y = 0},
    {.bitmap_index = 11959, .adv_w = 442, .box_w = 21, .box_h = 34, .ofs_x = 4, .ofs_y = 0},
    {.bitmap_index = 12014, .adv_w = 442, .box_w = 25, .box_h = 25, .ofs_x = 1, .ofs_y = 0},
    {.bitmap_index = 12103, .adv_w = 442, .box_w = 22, .box_h = 25, .ofs_x = 3, .ofs_y = 0},
    {.bitmap_index = 12194, .adv_w = 442, .box_w = 24, .box_h = 25, .ofs_x = 2, .ofs_y = 0},
    {.bitmap_index = 12400, .adv_w = 442, .box_w = 22, .box_h = 34, .ofs_x = 3, .ofs_y = -9},
    {.bitmap_index = 12584, .adv_w = 442, .box_w = 23, .box_h = 34, .ofs_x = 2, .ofs_y = -9},
    {.bitmap_index = 12756, .adv_w = 442, .box_w = 19, .box_h = 25, .ofs_x = 6, .ofs_y = 0},
    {.bitmap_index = 12829, .adv_w = 442, .box_w = 22, .box_h = 25, .ofs_x = 3, .ofs_y = 0},
    {.bitmap_index = 13024, .adv_w = 442, .box_w = 23, .box_h = 31, .ofs_x = 2, .ofs_y = 0},
    {.bitmap_index = 13126, .adv_w = 442, .box_w = 22, .box_h = 25, .ofs_x = 3, .ofs_y = 0},
    {.bitmap_index = 13215, .adv_w = 442, .box_w = 25, .box_h = 25, .ofs_x = 1, .ofs_y = 0},
    {.bitmap_index = 13414, .adv_w = 442, .box_w = 27, .box_h = 25, .ofs_x = 0, .ofs_y = 0},
    {.bitmap_index = 13680, .adv_w = 442, .box_w = 25, .box_h = 25, .ofs_x = 2, .ofs_y = 0},
    {.bitmap_index = 13887, .adv_w = 442, .box_w = 26, .box_h = 34, .ofs_x = 1, .ofs_y = -9},
    {.bitmap_index = 14148, .adv_w = 442, .box_w = 23, .box_h = 25, .ofs_x = 3, .ofs_y = 0},
    {.bitmap_index = 14283, .adv_w = 442, .box_w = 16, .box_h = 45, .ofs_x = 7, .ofs_y = -8},
    {.bitmap_index = 14464, .adv_w = 442, .box_w = 4, .box_h = 42, .ofs_x = 12, .ofs_y = -9},
    {.bitmap_index = 14476, .adv_w = 442, .box_w = 16, .box_h = 45, .ofs_x = 7, .ofs_y = -8},
    {.bitmap_index = 14662, .adv_w = 442, .box_w = 27, .box_h = 10, .ofs_x = 0, .ofs_y = 9},
    {.bitmap_index = 14764, .adv_w = 442, .box_w = 0, .box_h = 0, .ofs_x = 0, .ofs_y = 0},
    {.bitmap_index = 14764, .adv_w = 442, .box_w = 8, .box_h = 34, .ofs_x = 10, .ofs_y = -9},
    {.bitmap_index = 14821, .adv_w = 442, .box_w = 22, .box_h = 36, .ofs_x = 3, .ofs_y = -6},
    {.bitmap_index = 15027, .adv_w = 442, .box_w = 25, .box_h = 33, .ofs_x = 2, .ofs_y = 0},
    {.bitmap_index = 15199, .adv_w = 442, .box_w = 25, .box_h = 26, .ofs_x = 2, .ofs_y = -1},
    {.bitmap_index = 15442, .adv_w = 442, .box_w = 28, .box_h = 33, .ofs_x = 0, .ofs_y = 0},
    {.bitmap_index = 15650, .adv_w = 442, .box_w = 6, .box_h = 39, .ofs_x = 11, .ofs_y = -6},
    {.bitmap_index = 15676, .adv_w = 442, .box_w = 25, .box_h = 45, .ofs_x = 1, .ofs_y = -12},
    {.bitmap_index = 16056, .adv_w = 442, .box_w = 17, .box_h = 6, .ofs_x = 6, .ofs_y = 28},
    {.bitmap_index = 16100, .adv_w = 442, .box_w = 24, .box_h = 26, .ofs_x = 2, .ofs_y = 0},
    {.bitmap_index = 16368, .adv_w = 442, .box_w = 16, .box_h = 18, .ofs_x = 6, .ofs_y = 15},
    {.bitmap_index = 16486, .adv_w = 442, .box_w = 19, .box_h = 19, .ofs_x = 4, .ofs_y = 2},
    {.bitmap_index = 16642, .adv_w = 442, .box_w = 19, .box_h = 10, .ofs_x = 4, .ofs_y = 8},
    {.bitmap_index = 16664, .adv_w = 442, .box_w = 19, .box_h = 5, .ofs_x = 5, .ofs_y = 12},
    {.bitmap_index = 16676, .adv_w = 442, .box_w = 25, .box_h = 26, .ofs_x = 1, .ofs_y = 0},
    {.bitmap_index = 16924, .adv_w = 442, .box_w = 18, .box_h = 4, .ofs_x = 5, .ofs_y = 30},
    {.bitmap_index = 16936, .adv_w = 442, .box_w = 12, .box_h = 13, .ofs_x = 8, .ofs_y = 21},
    {.bitmap_index = 17008, .adv_w = 442, .box_w = 21, .box_h = 29, .ofs_x = 3, .ofs_y = 0},
    {.bitmap_index = 17073, .adv_w = 442, .box_w = 15, .box_h = 18, .ofs_x = 6, .ofs_y = 15},
    {.bitmap_index = 17171, .adv_w = 442, .box_w = 15, .box_h = 18, .ofs_x = 6, .ofs_y = 15},
    {.bitmap_index = 17283, .adv_w = 442, .box_w = 12, .box_h = 6, .ofs_x = 8, .ofs_y = 27},
    {.bitmap_index = 17312, .adv_w = 442, .box_w = 21, .box_h = 34, .ofs_x = 4, .ofs_y = -9},
    {.bitmap_index = 17396, .adv_w = 442, .box_w = 19, .box_h = 33, .ofs_x = 4, .ofs_y = 0},
    {.bitmap_index = 17498, .adv_w = 442, .box_w = 7, .box_h = 7, .ofs_x = 11, .ofs_y = 13},
    {.bitmap_index = 17517, .adv_w = 442, .box_w = 8, .box_h = 10, .ofs_x = 10, .ofs_y = -10},
    {.bitmap_index = 17554, .adv_w = 442, .box_w = 10, .box_h = 18, .ofs_x = 8, .ofs_y = 15},
    {.bitmap_index = 17587, .adv_w = 442, .box_w = 16, .box_h = 18, .ofs_x = 6, .ofs_y = 15},
    {.bitmap_index = 17693, .adv_w = 442, .box_w = 19, .box_h = 19, .ofs_x = 5, .ofs_y = 3},
    {.bitmap_index = 17853, .adv_w = 442, .box_w = 26, .box_h = 34, .ofs_x = 1, .ofs_y = 0},
    {.bitmap_index = 18083, .adv_w = 442, .box_w = 27, .box_h = 34, .ofs_x = 0, .ofs_y = 0},
    {.bitmap_index = 18335, .adv_w = 442, .box_w = 28, .box_h = 34, .ofs_x = 0, .ofs_y = 0},
    {.bitmap_index = 18629, .adv_w = 442, .box_w = 20, .box_h = 34, .ofs_x = 4, .ofs_y = -9},
    {.bitmap_index = 18827, .adv_w = 442, .box_w = 27, .box_h = 42, .ofs_x = 1, .ofs_y = 0},
    {.bitmap_index = 19133, .adv_w = 442, .box_w = 27, .box_h = 42, .ofs_x = 1, .ofs_y = 0},
    {.bitmap_index = 19440, .adv_w = 442, .box_w = 27, .box_h = 43, .ofs_x = 1, .ofs_y = 0},
    {.bitmap_index = 19764, .adv_w = 442, .box_w = 27, .box_h = 44, .ofs_x = 1, .ofs_y = 0},
    {.bitmap_index = 20094, .adv_w = 442, .box_w = 27, .box_h = 42, .ofs_x = 1, .ofs_y = 0},
    {.bitmap_index = 20415, .adv_w = 442, .box_w = 27, .box_h = 44, .ofs_x = 1, .ofs_y = 0},
    {.bitmap_index = 20752, .adv_w = 442, .box_w = 27, .box_h = 33, .ofs_x = 0, .ofs_y = 0},
    {.bitmap_index = 20955, .adv_w = 442, .box_w = 24, .box_h = 42, .ofs_x = 2, .ofs_y = -9},
    {.bitmap_index = 21234, .adv_w = 442, .box_w = 22, .box_h = 42, .ofs_x = 3, .ofs_y = 0},
    {.bitmap_index = 21347, .adv_w = 442, .box_w = 22, .box_h = 42, .ofs_x = 3, .ofs_y = 0},
    {.bitmap_index = 21460, .adv_w = 442, .box_w = 22, .box_h = 42, .ofs_x = 3, .ofs_y = 0},
    {.bitmap_index = 21579, .adv_w = 442, .box_w = 22, .box_h = 42, .ofs_x = 3, .ofs_y = 0},
    {.bitmap_index = 21701, .adv_w = 442, .box_w = 20, .box_h = 42, .ofs_x = 4, .ofs_y = 0},
    {.bitmap_index = 21804, .adv_w = 442, .box_w = 20, .box_h = 42, .ofs_x = 4, .ofs_y = 0},
    {.bitmap_index = 21908, .adv_w = 442, .box_w = 20, .box_h = 43, .ofs_x = 4, .ofs_y = 0},
    {.bitmap_index = 22025, .adv_w = 442, .box_w = 20, .box_h = 42, .ofs_x = 4, .ofs_y = 0},
    {.bitmap_index = 22137, .adv_w = 442, .box_w = 28, .box_h = 33, .ofs_x = -2, .ofs_y = 0},
    {.bitmap_index = 22342, .adv_w = 442, .box_w = 23, .box_h = 44, .ofs_x = 2, .ofs_y = 0},
    {.bitmap_index = 22567, .adv_w = 442, .box_w = 24, .box_h = 43, .ofs_x = 2, .ofs_y = 0},
    {.bitmap_index = 22853, .adv_w = 442, .box_w = 24, .box_h = 43, .ofs_x = 2, .ofs_y = 0},
    {.bitmap_index = 23143, .adv_w = 442, .box_w = 24, .box_h = 43, .ofs_x = 2, .ofs_y = 0},
    {.bitmap_index = 23440, .adv_w = 442, .box_w = 24, .box_h = 44, .ofs_x = 2, .ofs_y = 0},
    {.bitmap_index = 23746, .adv_w = 442, .box_w = 24, .box_h = 43, .ofs_x = 2, .ofs_y = 0},
    {.bitmap_index = 24046, .adv_w = 442, .box_w = 22, .box_h = 23, .ofs_x = 3, .ofs_y = 4},
    {.bitmap_index = 24222, .adv_w = 442, .box_w = 25, .box_h = 36, .ofs_x = 1, .ofs_y = -2},
    {.bitmap_index = 24530, .adv_w = 442, .box_w = 23, .box_h = 42, .ofs_x = 2, .ofs_y = 0},
    {.bitmap_index = 24700, .adv_w = 442, .box_w = 23, .box_h = 42, .ofs_x = 2, .ofs_y = 0},
    {.bitmap_index = 24871, .adv_w = 442, .box_w = 23, .box_h = 43, .ofs_x = 2, .ofs_y = 0},
    {.bitmap_index = 25055, .adv_w = 442, .box_w = 23, .box_h = 42, .ofs_x = 2, .ofs_y = 0},
    {.bitmap_index = 25236, .adv_w = 442, .box_w = 26, .box_h = 42, .ofs_x = 1, .ofs_y = 0},
    {.bitmap_index = 25483, .adv_w = 442, .box_w = 23, .box_h = 33, .ofs_x = 3, .ofs_y = 0},
    {.bitmap_index = 25627, .adv_w = 442, .box_w = 23, .box_h = 36, .ofs_x = 3, .ofs_y = 0},
    {.bitmap_index = 25869, .adv_w = 442, .box_w = 23, .box_h = 34, .ofs_x = 2, .ofs_y = 0},
    {.bitmap_index = 26101, .adv_w = 442, .box_w = 23, .box_h = 34, .ofs_x = 2, .ofs_y = 0},
    {.bitmap_index = 26337, .adv_w = 442, .box_w = 23, .box_h = 36, .ofs_x = 2, .ofs_y = 0},
    {.bitmap_index = 26586, .adv_w = 442, .box_w = 23, .box_h = 37, .ofs_x = 2, .ofs_y = 0},
    {.bitmap_index = 26841, .adv_w = 442, .box_w = 23, .box_h = 34, .ofs_x = 2, .ofs_y = 0},
    {.bitmap_index = 27083, .adv_w = 442, .box_w = 23, .box_h = 37, .ofs_x = 2, .ofs_y = 0},
    {.bitmap_index = 27341, .adv_w = 442, .box_w = 26, .box_h = 25, .ofs_x = 1, .ofs_y = 0},
    {.bitmap_index = 27554, .adv_w = 442, .box_w = 23, .box_h = 34, .ofs_x = 2, .ofs_y = -9},
    {.bitmap_index = 27800, .adv_w = 442, .box_w = 23, .box_h = 34, .ofs_x = 2, .ofs_y = 0},
    {.bitmap_index = 28028, .adv_w = 442, .box_w = 23, .box_h = 34, .ofs_x = 2, .ofs_y = 0},
    {.bitmap_index = 28260, .adv_w = 442, .box_w = 23, .box_h = 36, .ofs_x = 2, .ofs_y = 0},
    {.bitmap_index = 28506, .adv_w = 442, .box_w = 23, .box_h = 34, .ofs_x = 2, .ofs_y = 0},
    {.bitmap_index = 28745, .adv_w = 442, .box_w = 21, .box_h = 34, .ofs_x = 4, .ofs_y = 0},
    {.bitmap_index = 28841, .adv_w = 442, .box_w = 21, .box_h = 34, .ofs_x = 4, .ofs_y = 0},
    {.bitmap_index = 28941, .adv_w = 442, .box_w = 21, .box_h = 34, .ofs_x = 4, .ofs_y = 0},
    {.bitmap_index = 29047, .adv_w = 442, .box_w = 21, .box_h = 33, .ofs_x = 4, .ofs_y = 0},
    {.bitmap_index = 29153, .adv_w = 442, .box_w = 24, .box_h = 35, .ofs_x = 1, .ofs_y = 0},
    {.bitmap_index = 29430, .adv_w = 442, .box_w = 22, .box_h = 36, .ofs_x = 3, .ofs_y = 0},
    {.bitmap_index = 29587, .adv_w = 442, .box_w = 24, .box_h = 34, .ofs_x = 2, .ofs_y = 0},
    {.bitmap_index = 29839, .adv_w = 442, .box_w = 24, .box_h = 34, .ofs_x = 2, .ofs_y = 0},
    {.bitmap_index = 30095, .adv_w = 442, .box_w = 24, .box_h = 36, .ofs_x = 2, .ofs_y = 0},
    {.bitmap_index = 30368, .adv_w = 442, .box_w = 24, .box_h = 37, .ofs_x = 2, .ofs_y = 0},
    {.bitmap_index = 30646, .adv_w = 442, .box_w = 24, .box_h = 34, .ofs_x = 2, .ofs_y = 0},
    {.bitmap_index = 30911, .adv_w = 442, .box_w = 24, .box_h = 24, .ofs_x = 2, .ofs_y = 4},
    {.bitmap_index = 31004, .adv_w = 442, .box_w = 24, .box_h = 31, .ofs_x = 2, .ofs_y = -3},
    {.bitmap_index = 31275, .adv_w = 442, .box_w = 22, .box_h = 35, .ofs_x = 3, .ofs_y = 0},
    {.bitmap_index = 31412, .adv_w = 442, .box_w = 22, .box_h = 34, .ofs_x = 3, .ofs_y = 0},
    {.bitmap_index = 31547, .adv_w = 442, .box_w = 22, .box_h = 34, .ofs_x = 3, .ofs_y = 0},
    {.bitmap_index = 31694, .adv_w = 442, .box_w = 22, .box_h = 33, .ofs_x = 3, .ofs_y = 0},
    {.bitmap_index = 31842, .adv_w = 442, .box_w = 26, .box_h = 44, .ofs_x = 1, .ofs_y = -9},
    {.bitmap_index = 32154, .adv_w = 442, .box_w = 22, .box_h = 45, .ofs_x = 3, .ofs_y = -9},
    {.bitmap_index = 32350, .adv_w = 442, .box_w = 26, .box_h = 42, .ofs_x = 1, .ofs_y = -9}
};

/*---------------------
 *  CHARACTER MAPPING
 *--------------------*/



/*Collect the unicode lists and glyph_id offsets*/
static const lv_font_fmt_txt_cmap_t cmaps[] =
{
    {
        .range_start = 32, .range_length = 95, .glyph_id_start = 1,
        .unicode_list = NULL, .glyph_id_ofs_list = NULL, .list_length = 0, .type = LV_FONT_FMT_TXT_CMAP_FORMAT0_TINY
    },
    {
        .range_start = 160, .range_length = 96, .glyph_id_start = 96,
        .unicode_list = NULL, .glyph_id_ofs_list = NULL, .list_length = 0, .type = LV_FONT_FMT_TXT_CMAP_FORMAT0_TINY
    }
};



/*--------------------
 *  ALL CUSTOM DATA
 *--------------------*/

#if LVGL_VERSION_MAJOR == 8
/*Store all the custom data of the font*/
static  lv_font_fmt_txt_glyph_cache_t cache;
#endif

#if LVGL_VERSION_MAJOR >= 8
static const lv_font_fmt_txt_dsc_t font_dsc = {
#else
static lv_font_fmt_txt_dsc_t font_dsc = {
#endif
    .glyph_bitmap = glyph_bitmap,
    .glyph_dsc = glyph_dsc,
    .cmaps = cmaps,
    .kern_dsc = NULL,
    .kern_scale = 0,
    .cmap_num = 2,
    .bpp = 4,
    .kern_classes = 0,
    .bitmap_format = 1,
#if LVGL_VERSION_MAJOR == 8
    .cache = &cache
#endif
};



/*-----------------
 *  PUBLIC FONT
 *----------------*/

/*Initialize a public general font descriptor*/
#if LVGL_VERSION_MAJOR >= 8
const lv_font_t roboto_mono_medium_46 = {
#else
lv_font_t roboto_mono_medium_46 = {
#endif
    .get_glyph_dsc = lv_font_get_glyph_dsc_fmt_txt,    /*Function pointer to get glyph's data*/
    .get_glyph_bitmap = lv_font_get_bitmap_fmt_txt,    /*Function pointer to get glyph's bitmap*/
    .line_height = 56,          /*The maximum line height required by the font*/
    .base_line = 12,             /*Baseline measured from the bottom of the line*/
#if !(LVGL_VERSION_MAJOR == 6 && LVGL_VERSION_MINOR == 0)
    .subpx = LV_FONT_SUBPX_NONE,
#endif
#if LV_VERSION_CHECK(7, 4, 0) || LVGL_VERSION_MAJOR >= 8
    .underline_position = -3,
    .underline_thickness = 2,
#endif
    .dsc = &font_dsc,          /*The custom font data. Will be accessed by `get_glyph_bitmap/dsc` */
#if LV_VERSION_CHECK(8, 2, 0) || LVGL_VERSION_MAJOR >= 9
    .fallback = NULL,
#endif
    .user_data = NULL,
};



#endif /*#if ROBOTO_MONO_MEDIUM_46*/

