/*******************************************************************************
 * Size: 30 px
 * Bpp: 4
 * Opts: --bpp 4 --size 30 --font robmb.ttf --range 32-127,160-255 --format lvgl -o generated_fonts/roboto_mono_bold_30.c
 ******************************************************************************/

#include "lvgl.h"

#ifndef ROBOTO_MONO_BOLD_30
#define ROBOTO_MONO_BOLD_30 1
#endif

#if ROBOTO_MONO_BOLD_30

/*-----------------
 *    BITMAPS
 *----------------*/

/*Store the image of the glyphs*/
static LV_ATTRIBUTE_LARGE_CONST const uint8_t glyph_bitmap[] = {
    /* U+0020 " " */

    /* U+0021 "!" */
    0x1f, 0xfc, 0x22, 0x0, 0xff, 0x8, 0x7, 0xff,
    0x4c, 0x40, 0x3f, 0x8, 0x7, 0xff, 0x8, 0xc0,
    0x39, 0xcc, 0xc8, 0x0, 0xac, 0xc5, 0x0, 0x7e,
    0x16, 0x60, 0x80, 0xfc, 0xcb, 0xc1, 0x4, 0x0,
    0x2a, 0xc0, 0x19, 0x8d, 0xc0, 0xe, 0x60,

    /* U+0022 "\"" */
    0xef, 0xf1, 0x0, 0x37, 0xfc, 0x40, 0x1f, 0xfc,
    0x13, 0x0, 0xe3, 0x0, 0x84, 0x3, 0x84, 0x0,
    0x20, 0x1f, 0xc6, 0x1, 0xc2, 0x1, 0x8, 0x7,
    0x18, 0x3a, 0xd8, 0x4, 0xab, 0x0,

    /* U+0023 "#" */
    0x0, 0xf3, 0x7f, 0x8c, 0x1, 0xbf, 0x80, 0x1f,
    0xbc, 0x0, 0x60, 0x2, 0x5, 0x0, 0xfc, 0xa0,
    0x40, 0x3, 0x0, 0x78, 0x7, 0xe3, 0x7, 0x0,
    0x28, 0x1, 0x40, 0x3e, 0x20, 0x6, 0x80, 0x3c,
    0x0, 0x60, 0x1f, 0x38, 0x0, 0xc0, 0xa, 0x4,
    0x1, 0x93, 0xfe, 0xa0, 0x5, 0xff, 0x8c, 0xb,
    0xfe, 0x0, 0xff, 0xe3, 0x34, 0x44, 0x0, 0x28,
    0x82, 0x80, 0x16, 0x22, 0x2, 0x77, 0x80, 0xa,
    0xee, 0xd0, 0x4, 0x3b, 0xc0, 0x18, 0xc0, 0x1c,
    0x0, 0xd0, 0x1, 0x0, 0x7c, 0xa0, 0x5, 0x0,
    0x38, 0x18, 0x6, 0x27, 0x7a, 0x80, 0x8, 0xee,
    0x20, 0x3, 0xb9, 0x81, 0x22, 0x23, 0x0, 0x44,
    0x40, 0x3, 0x88, 0x58, 0x7, 0xff, 0x19, 0xbf,
    0xda, 0x0, 0x8f, 0xf3, 0x0, 0x3f, 0xed, 0x0,
    0xce, 0x0, 0x30, 0x2, 0x81, 0x0, 0x7e, 0xd0,
    0x2, 0x80, 0xc, 0x1c, 0x3, 0xf1, 0x0, 0x4,
    0x4, 0x0, 0x40, 0x1f, 0x9c, 0xc, 0x0, 0xa0,
    0xd, 0x0, 0xfc, 0x40, 0xa0, 0x3, 0x0, 0x38,
    0x7, 0x0,

    /* U+0024 "$" */
    0x0, 0xf8, 0x95, 0x40, 0x1f, 0xfc, 0x14, 0xaa,
    0x0, 0x7f, 0xf4, 0x44, 0x0, 0x20, 0x1f, 0xc9,
    0x7f, 0x0, 0xe, 0xd6, 0x0, 0xf4, 0xda, 0x0,
    0x71, 0x4d, 0x80, 0x66, 0x60, 0x7, 0xf2, 0x48,
    0x5, 0x0, 0x12, 0x6f, 0xea, 0x80, 0x4c, 0x40,
    0x62, 0x0, 0x1b, 0x20, 0x2a, 0x20, 0x9, 0x41,
    0xc0, 0x22, 0x0, 0xe5, 0x0, 0xb8, 0x1c, 0x2,
    0x20, 0xe, 0xb7, 0x7b, 0x0, 0xc0, 0x21, 0x90,
    0xc, 0x71, 0x12, 0x80, 0x1c, 0x2, 0x6e, 0x71,
    0x0, 0xfd, 0x8, 0x1, 0xc, 0x75, 0xa0, 0x7,
    0xd7, 0x0, 0x1c, 0x97, 0x84, 0x1, 0xe7, 0xe8,
    0x20, 0xc, 0x7a, 0x60, 0x1e, 0x17, 0xdc, 0x50,
    0xd, 0xa0, 0x1f, 0xc7, 0x58, 0x1, 0xb, 0xc,
    0xce, 0x0, 0xe3, 0x70, 0xb, 0x1, 0x9b, 0x8,
    0x7, 0x70, 0x4, 0x23, 0x0, 0x4c, 0x1, 0xd8,
    0x1, 0x10, 0x30, 0x5, 0x10, 0x21, 0x28, 0x50,
    0xb, 0x2, 0x8, 0x2, 0x7d, 0xed, 0x70, 0x8,
    0xd4, 0x1, 0xe4, 0x1, 0xfc, 0x5a, 0x1, 0x16,
    0xc1, 0x80, 0x71, 0xce, 0x88, 0x7, 0x3e, 0x7a,
    0x2, 0x7e, 0x30, 0x7, 0xf8, 0x40, 0x40, 0x3f,
    0xf9, 0x40,

    /* U+0025 "%" */
    0x0, 0x47, 0x7f, 0xac, 0xc0, 0x3f, 0xec, 0x71,
    0x0, 0x26, 0x10, 0x7, 0xf2, 0x18, 0x14, 0xb0,
    0x2, 0x0, 0x23, 0x0, 0xe3, 0x0, 0x4b, 0x48,
    0x83, 0x80, 0xf, 0x38, 0x40, 0x3f, 0xf8, 0x5e,
    0x8, 0x20, 0x10, 0x80, 0x34, 0xc, 0x41, 0x81,
    0x4c, 0x20, 0x3, 0x38, 0x83, 0x7e, 0x0, 0x38,
    0x2c, 0x1c, 0x80, 0x30, 0xe9, 0x0, 0x68, 0x58,
    0x11, 0x40, 0x7, 0x8f, 0x72, 0xaf, 0x9c, 0x5c,
    0x20, 0x3, 0xf8, 0xd5, 0x4, 0x2c, 0xd, 0x80,
    0x3f, 0xf8, 0x26, 0xa1, 0xe0, 0x1f, 0xfc, 0x2f,
    0x5, 0x31, 0x45, 0x30, 0xf, 0xe6, 0x30, 0x86,
    0xeb, 0xac, 0xd2, 0x0, 0xfa, 0x1, 0xda, 0x40,
    0x31, 0x60, 0x7, 0xa0, 0x45, 0x1e, 0x0, 0xbf,
    0x50, 0x14, 0x0, 0xc4, 0xe1, 0x0, 0xc0, 0x28,
    0x1c, 0x0, 0x30, 0xd, 0x0, 0x6c, 0x6, 0x1,
    0xff, 0xc0, 0xb7, 0xf0, 0x1, 0x80, 0x80, 0x4,
    0x0, 0x20, 0x18, 0x60, 0xc0, 0x8, 0x0, 0xa6,
    0x80, 0x2, 0x80, 0x7f, 0x40, 0x82, 0xc9, 0x2,
    0x98, 0x7, 0xf0, 0xe2, 0x88, 0x13, 0xd0, 0x0,

    /* U+0026 "&" */
    0x0, 0xc7, 0x5d, 0xfe, 0xb3, 0x0, 0xff, 0x3e,
    0x28, 0x80, 0x13, 0x18, 0x3, 0xf1, 0xc0, 0x7,
    0xd2, 0x40, 0x1f, 0x48, 0x4, 0x94, 0xe0, 0x15,
    0x0, 0x7c, 0xe0, 0x1, 0xb5, 0x82, 0x0, 0x10,
    0x7, 0xc6, 0x0, 0x20, 0x8, 0x40, 0x6, 0x1,
    0xf1, 0x0, 0xc, 0x41, 0x4c, 0x1, 0x40, 0x1f,
    0x58, 0x5, 0x13, 0x40, 0x7, 0x30, 0xf, 0x98,
    0x40, 0xc, 0xc0, 0x3, 0xc0, 0x7, 0xe1, 0x80,
    0xe, 0xa8, 0x0, 0xfe, 0x2a, 0x0, 0xc6, 0xa0,
    0x12, 0x24, 0x40, 0x3, 0xc3, 0x0, 0xc7, 0x40,
    0x15, 0xdd, 0x40, 0x3a, 0x20, 0x7, 0x0, 0x95,
    0xc0, 0x80, 0x2e, 0x9, 0x10, 0x2, 0xc5, 0x80,
    0x50, 0x8a, 0x1, 0x28, 0x28, 0x5, 0xc0, 0x90,
    0x1, 0x5c, 0x80, 0x4, 0xc0, 0xc0, 0x27, 0x0,
    0x3a, 0x80, 0x42, 0x0, 0x60, 0x1, 0x0, 0x56,
    0x1, 0x51, 0x80, 0x62, 0x80, 0x2, 0x0, 0x4f,
    0x8, 0xb0, 0x40, 0x19, 0x0, 0x29, 0x10, 0x9,
    0xee, 0x9c, 0x40, 0x33, 0x20, 0x0, 0x74, 0x40,
    0x3f, 0x10, 0x5, 0x42, 0x0, 0x3e, 0x83, 0x0,
    0x8d, 0xf7, 0x44, 0x0, 0x1a, 0x0,

    /* U+0027 "'" */
    0x5f, 0xf6, 0x80, 0x7c, 0x20, 0x13, 0x80, 0x42,
    0x1, 0x18, 0x4, 0x23, 0xb8,

    /* U+0028 "(" */
    0x0, 0xf0, 0x98, 0x7, 0x97, 0xa0, 0x3, 0x9a,
    0x81, 0x0, 0x31, 0xc8, 0x2, 0xc0, 0x36, 0x80,
    0x25, 0x0, 0x28, 0x10, 0x36, 0x0, 0x85, 0xc0,
    0x10, 0x1, 0xa4, 0x0, 0x48, 0x1, 0x98, 0x1,
    0x40, 0x18, 0x84, 0x0, 0x80, 0x19, 0x0, 0x23,
    0x0, 0xde, 0x0, 0x20, 0xe, 0x50, 0x3, 0x0,
    0x71, 0x0, 0x8, 0x3, 0xff, 0x84, 0x20, 0x1f,
    0xfc, 0x51, 0x0, 0xfc, 0x40, 0x2, 0x0, 0xe6,
    0x0, 0x30, 0x7, 0x68, 0x0, 0x80, 0x39, 0x0,
    0x22, 0x0, 0xc6, 0x20, 0x5, 0x0, 0xe6, 0x0,
    0x58, 0x7, 0x50, 0x0, 0xcc, 0x1, 0x89, 0x40,
    0x10, 0x1, 0xd6, 0x20, 0x8a, 0x1, 0x86, 0xc0,
    0x14, 0x40, 0x19, 0x60, 0x1, 0x80, 0x1c, 0xf2,
    0x4, 0x1, 0xe6, 0xd8, 0x0,

    /* U+0029 ")" */
    0x4, 0x0, 0xfd, 0x5a, 0x40, 0x1c, 0x62, 0x5a,
    0x60, 0x18, 0xe0, 0x1, 0xa2, 0x1, 0x9d, 0x40,
    0x74, 0x3, 0xac, 0x0, 0x6c, 0x1, 0x85, 0xc0,
    0x10, 0x1, 0xd2, 0x0, 0x16, 0x0, 0xc2, 0x80,
    0xa, 0x0, 0xec, 0x0, 0x18, 0x80, 0x64, 0x0,
    0x90, 0x3, 0x10, 0x5, 0xa0, 0x18, 0x40, 0x23,
    0x0, 0xe2, 0x0, 0x30, 0x7, 0x8, 0x0, 0xc0,
    0x3f, 0xf9, 0x62, 0x0, 0x30, 0xe, 0x30, 0x3,
    0x0, 0x70, 0x80, 0x8, 0x3, 0x18, 0x5, 0x80,
    0x19, 0x40, 0x24, 0x0, 0xd8, 0x0, 0x31, 0x0,
    0xca, 0x0, 0xa0, 0xc, 0xc0, 0x1, 0x60, 0xd,
    0x0, 0x9, 0x0, 0xd0, 0x20, 0x4e, 0x1, 0x2b,
    0x80, 0x3c, 0x2, 0x3a, 0x0, 0x59, 0x0, 0x46,
    0x3, 0x68, 0x1, 0xd5, 0xe8, 0x1, 0xc0,

    /* U+002A "*" */
    0x0, 0xf6, 0x7f, 0x94, 0x3, 0xff, 0x80, 0xe0,
    0x1, 0x0, 0xff, 0xe0, 0x10, 0x1, 0x80, 0x3f,
    0xf8, 0x2, 0x0, 0x30, 0xf, 0xba, 0x48, 0x1,
    0xc0, 0x1, 0x0, 0x1d, 0x30, 0x28, 0xb6, 0xda,
    0x18, 0x8, 0x2e, 0x61, 0x68, 0x30, 0x2, 0x4b,
    0xb0, 0xf, 0x51, 0x80, 0xc, 0x67, 0x65, 0x88,
    0x4, 0x0, 0x20, 0x4b, 0x38, 0x20, 0x4d, 0x3b,
    0x40, 0x11, 0xf6, 0xd3, 0x18, 0x7, 0x15, 0x1,
    0x1, 0xb8, 0x7, 0xe1, 0xf0, 0x6, 0x18, 0x49,
    0x80, 0x7d, 0xa4, 0x10, 0x3e, 0x0, 0xd2, 0x0,
    0xea, 0x30, 0x27, 0x3, 0x50, 0x1f, 0x10, 0xd,
    0xe0, 0x9, 0x0, 0xac, 0x0, 0xe2, 0x1, 0x97,
    0xa1, 0x0, 0x21, 0x8a, 0xa0, 0x4,

    /* U+002B "+" */
    0x0, 0xe1, 0x66, 0x90, 0x3, 0xfe, 0x39, 0x9b,
    0xc0, 0x3f, 0xff, 0x4d, 0x77, 0xa4, 0x2, 0x5b,
    0xbe, 0xe, 0x44, 0xe0, 0x8, 0x51, 0x38, 0x40,
    0x3f, 0xfa, 0x91, 0xff, 0xb4, 0x2, 0x4f, 0xfe,
    0x10, 0xf, 0xff, 0xf8, 0x7, 0x0,

    /* U+002C "," */
    0x6, 0xff, 0x98, 0x3, 0xff, 0x8e, 0x20, 0x11,
    0x6, 0x80, 0x48, 0x8, 0x0, 0x60, 0x51, 0x0,
    0x40, 0x0, 0x42, 0x84, 0x17, 0xb1, 0x40, 0x0,

    /* U+002D "-" */
    0x34, 0x4f, 0xf8, 0x76, 0xef, 0xfe, 0x40, 0xf,
    0xfe, 0x70,

    /* U+002E "." */
    0x0, 0x22, 0x0, 0x5, 0xd7, 0x6e, 0x28, 0x10,
    0x0, 0xcb, 0x0, 0x66, 0x40, 0xc, 0x90, 0xc0,
    0x5, 0x90,

    /* U+002F "/" */
    0x0, 0xfd, 0xff, 0x68, 0x7, 0xca, 0x1, 0x50,
    0x7, 0xde, 0x1, 0x28, 0x7, 0xca, 0x0, 0x32,
    0x0, 0xf2, 0x80, 0x56, 0x1, 0xf7, 0x0, 0x4c,
    0x1, 0xe1, 0x40, 0x2, 0x8, 0x7, 0x9c, 0x2,
    0xd0, 0xf, 0xa8, 0x2, 0x70, 0xf, 0x9, 0x80,
    0x10, 0x40, 0x3c, 0xc0, 0x17, 0x0, 0x7d, 0x60,
    0x12, 0x80, 0x78, 0x8c, 0x0, 0xa0, 0x1f, 0x28,
    0x5, 0xe0, 0x1f, 0x50, 0x4, 0xa0, 0x1e, 0x22,
    0x0, 0x18, 0x3, 0xea, 0x0, 0xb4, 0x3, 0xe5,
    0x0, 0xa, 0x0, 0x78, 0xc8, 0x0, 0xe0, 0x1f,
    0x50, 0x5, 0x40, 0x1f, 0x38, 0x0, 0x4c, 0x3,
    0xc8, 0x20, 0x6, 0x0, 0xfb, 0x40, 0x2b, 0x0,
    0xf8,

    /* U+0030 "0" */
    0x0, 0x8a, 0x77, 0xfd, 0xb2, 0x60, 0x1c, 0xfa,
    0xc4, 0x0, 0x26, 0xc8, 0x0, 0x9a, 0x0, 0x3f,
    0x3b, 0x0, 0xc8, 0x4, 0x95, 0x44, 0x0, 0xa4,
    0x5c, 0x2, 0x3b, 0x55, 0x59, 0x80, 0x4f, 0x80,
    0x15, 0x0, 0x69, 0x0, 0xb5, 0xc0, 0x25, 0x0,
    0xcc, 0x1, 0x31, 0x80, 0x42, 0x1, 0xac, 0x2,
    0x21, 0x0, 0xf1, 0x63, 0x80, 0x7f, 0x9b, 0x4c,
    0x3, 0xf9, 0xae, 0x40, 0xec, 0x3, 0xf5, 0xa0,
    0x3e, 0x30, 0x7, 0xf1, 0x64, 0x0, 0x78, 0x40,
    0x26, 0xd3, 0x0, 0xf8, 0xc0, 0x2a, 0x0, 0xc2,
    0x1, 0x13, 0x80, 0x4a, 0x1, 0x98, 0x2, 0x6c,
    0x0, 0xa8, 0x3, 0x70, 0x5, 0x8c, 0x20, 0x3,
    0xb5, 0x55, 0x20, 0x4, 0xc1, 0x0, 0x12, 0x55,
    0x14, 0x2, 0x81, 0x6, 0x80, 0xf, 0xce, 0xe0,
    0x9, 0xf5, 0x88, 0x0, 0x4d, 0x90, 0x0,

    /* U+0031 "1" */
    0x0, 0xff, 0xe3, 0x25, 0x78, 0x7, 0x1c, 0xf5,
    0xa8, 0x4, 0x51, 0xb8, 0xc2, 0x1, 0x9b, 0x5c,
    0x80, 0x3e, 0x10, 0xc, 0x20, 0x1f, 0x96, 0xfc,
    0x3, 0x8e, 0xbe, 0x90, 0x3, 0xc8, 0xa0, 0x1f,
    0xff, 0xf0, 0xf, 0xff, 0xf8, 0x0,

    /* U+0032 "2" */
    0x0, 0x85, 0xf3, 0xbf, 0xd9, 0x2, 0x1, 0xe5,
    0xf8, 0x31, 0x0, 0x1b, 0xf2, 0x80, 0x65, 0xa1,
    0x0, 0xfd, 0x48, 0x0, 0x1a, 0x0, 0x8a, 0x25,
    0x80, 0x34, 0x0, 0x24, 0x2, 0x3d, 0x76, 0x9b,
    0x0, 0x8c, 0x41, 0x40, 0x28, 0x0, 0xc8, 0x40,
    0x12, 0x80, 0x99, 0xca, 0x1, 0xc2, 0x1, 0xd9,
    0x98, 0x40, 0x38, 0xc0, 0x25, 0x0, 0xff, 0x40,
    0x4, 0x82, 0x1, 0xfc, 0x6e, 0x1, 0x40, 0x7,
    0xf1, 0x68, 0x4, 0xe6, 0x1, 0xf8, 0xb0, 0x40,
    0x9, 0x0, 0x1f, 0x87, 0xc4, 0x0, 0x96, 0x1,
    0xf8, 0x70, 0x80, 0x7, 0x60, 0x1f, 0x87, 0x8,
    0x0, 0x78, 0x1, 0xf8, 0x74, 0x80, 0x7, 0x80,
    0x1f, 0xda, 0x60, 0x2, 0xd0, 0xf, 0xec, 0x30,
    0xa, 0x8, 0xcf, 0xe0, 0x83, 0x0, 0xd5, 0x99,
    0xf8, 0x3, 0xff, 0xaa,

    /* U+0033 "3" */
    0x0, 0x85, 0xf3, 0xbf, 0xdb, 0x48, 0x1, 0xe5,
    0xe8, 0x31, 0x0, 0x12, 0xde, 0x8, 0x4, 0xb4,
    0x1, 0xfc, 0x78, 0x1, 0x58, 0x4, 0x51, 0x74,
    0xa0, 0x11, 0x30, 0x20, 0x80, 0x7, 0x1d, 0x16,
    0x94, 0x2, 0xc0, 0x5a, 0xab, 0x44, 0x3, 0x78,
    0x4, 0x20, 0x2a, 0xb1, 0x80, 0x76, 0x80, 0x46,
    0x1, 0xfc, 0x2e, 0xe0, 0xa, 0x40, 0x3d, 0xbf,
    0xee, 0x80, 0x0, 0xd8, 0x80, 0x7f, 0xf0, 0x7,
    0x10, 0x3, 0xff, 0x82, 0x3a, 0xa0, 0x1f, 0x66,
    0xea, 0xd8, 0x2, 0xa3, 0x0, 0xf0, 0x91, 0x12,
    0x5c, 0x2, 0x80, 0xf, 0xfa, 0x40, 0x24, 0x1,
    0x33, 0x84, 0x3, 0x84, 0x3, 0xa7, 0x32, 0x80,
    0xe, 0x20, 0xe, 0xd0, 0x9, 0xc8, 0x3, 0x58,
    0x4, 0x60, 0xa2, 0x0, 0x1c, 0x74, 0x5b, 0x60,
    0xa, 0x40, 0x16, 0x1, 0xc, 0x5d, 0x20, 0x4,
    0x8a, 0x0, 0x5a, 0x0, 0xfe, 0x5b, 0x0, 0xcb,
    0xd0, 0x62, 0x0, 0x26, 0xca, 0x0, 0x80,

    /* U+0034 "4" */
    0x0, 0xfe, 0x7f, 0xfc, 0x1, 0xff, 0x14, 0x0,
    0x7f, 0xf0, 0xf8, 0x3, 0xff, 0x86, 0xe6, 0x1,
    0xff, 0xc2, 0x28, 0x0, 0xff, 0xe1, 0xf0, 0x0,
    0x80, 0x3f, 0xf8, 0xc, 0x60, 0x9, 0x0, 0xff,
    0x86, 0x40, 0xe, 0xa0, 0x1f, 0xf5, 0x0, 0xa,
    0x0, 0x3f, 0xe6, 0x40, 0x7, 0x0, 0x7f, 0xc3,
    0x0, 0x7, 0x30, 0xf, 0xfa, 0xc4, 0xa, 0x0,
    0x3f, 0xe5, 0x50, 0x3, 0x80, 0x3f, 0xf8, 0x16,
    0x1, 0x67, 0xfd, 0xc0, 0x1b, 0xfc, 0xe2, 0x20,
    0xf, 0xfe, 0x18, 0x80, 0x7f, 0xf1, 0x6e, 0xff,
    0x50, 0x6, 0xbb, 0x30, 0x22, 0x7f, 0x0, 0x64,
    0x40, 0x80, 0x7f, 0xf9, 0xc0,

    /* U+0035 "5" */
    0x0, 0x4f, 0xff, 0xfc, 0xa0, 0x11, 0x0, 0x7f,
    0xf0, 0xd8, 0x3, 0xff, 0x86, 0x60, 0x1, 0x99,
    0xfc, 0xe0, 0x10, 0x80, 0x15, 0x9b, 0xf1, 0x0,
    0x8, 0x2, 0x20, 0xf, 0xf9, 0x80, 0x2e, 0x0,
    0x8, 0x7, 0xe2, 0x0, 0xb7, 0x3f, 0xbf, 0x60,
    0x3, 0xb8, 0x2, 0x53, 0x0, 0x89, 0xf4, 0x80,
    0x22, 0x0, 0xff, 0x17, 0x80, 0x5e, 0xa2, 0x11,
    0xdf, 0xac, 0x1, 0x13, 0x0, 0x16, 0xbb, 0x8e,
    0x20, 0x52, 0xc0, 0x16, 0x80, 0x70, 0x80, 0x75,
    0x0, 0x4a, 0x1, 0xff, 0x10, 0x4, 0x20, 0x1,
    0x1c, 0x1, 0xff, 0x1f, 0x75, 0x80, 0x1c, 0xa0,
    0x10, 0x81, 0x80, 0x44, 0xa0, 0x1b, 0xc0, 0x24,
    0x0, 0x30, 0x5, 0x50, 0x88, 0xb4, 0x0, 0xa4,
    0x1, 0x4, 0x1, 0x3d, 0xd9, 0x0, 0x26, 0x30,
    0x0, 0xe2, 0x0, 0x7e, 0x69, 0x0, 0xc3, 0x76,
    0x51, 0x0, 0x12, 0xe4, 0x80, 0x40,

    /* U+0036 "6" */
    0x0, 0xf0, 0xbd, 0xf7, 0xe8, 0x7, 0xf4, 0x74,
    0x20, 0x81, 0x80, 0x7c, 0x5a, 0xe0, 0x1f, 0xfc,
    0x1, 0xf2, 0x0, 0x89, 0xe6, 0x80, 0x3d, 0x64,
    0x0, 0x1b, 0xd8, 0x64, 0x0, 0xe3, 0x50, 0x0,
    0xe2, 0x0, 0x7f, 0x48, 0x5, 0x64, 0x6, 0x61,
    0x0, 0xf2, 0x80, 0x5, 0x27, 0xf3, 0x1d, 0x66,
    0x1, 0x18, 0x4, 0x7e, 0xc0, 0x19, 0x31, 0x0,
    0xc, 0x1, 0x10, 0x80, 0x7d, 0x42, 0x4, 0x1,
    0x8a, 0xff, 0x9c, 0x2, 0x16, 0x0, 0xe1, 0xc4,
    0x1, 0x86, 0x0, 0xac, 0x3, 0x90, 0x40, 0x35,
    0x80, 0x46, 0x1, 0xff, 0x10, 0x6, 0x12, 0x0,
    0x84, 0x3, 0xfc, 0x2e, 0x1, 0x20, 0x7, 0x18,
    0x4, 0x20, 0x46, 0x1, 0x40, 0x6, 0x80, 0x9,
    0x0, 0x10, 0x1, 0x3c, 0xa2, 0xe2, 0x0, 0x52,
    0x0, 0x46, 0x0, 0x9a, 0xe8, 0xc0, 0x27, 0x30,
    0xa, 0x5c, 0x3, 0xf3, 0xc0, 0x7, 0x46, 0x31,
    0x0, 0x9, 0xb6, 0x0, 0x20,

    /* U+0037 "7" */
    0xff, 0xff, 0xe1, 0x80, 0x7f, 0xf4, 0x4a, 0xef,
    0xfc, 0xc0, 0x15, 0x22, 0x7f, 0xc0, 0x13, 0x80,
    0x7f, 0x29, 0x0, 0x1c, 0x3, 0xfd, 0x20, 0x15,
    0x0, 0x7f, 0x21, 0x80, 0x14, 0x80, 0x3f, 0xbc,
    0x2, 0x90, 0xf, 0xe3, 0x40, 0x1, 0x98, 0x3,
    0xfa, 0x40, 0x29, 0x0, 0xfe, 0x25, 0x0, 0xa,
    0x80, 0x7f, 0x58, 0x5, 0x20, 0x1f, 0xc2, 0xc0,
    0x13, 0x80, 0x7f, 0x48, 0x4, 0xc0, 0x1f, 0xc2,
    0xe0, 0x15, 0x80, 0x7f, 0x30, 0x4, 0xa4, 0x1,
    0xfd, 0x20, 0x14, 0x80, 0x7f, 0x30, 0x80, 0xc,
    0xc0, 0x1f, 0xd0, 0x1, 0x48, 0x7, 0xf2, 0x88,
    0x0, 0x54, 0x3, 0xe0,

    /* U+0038 "8" */
    0x0, 0xcf, 0x9d, 0xfe, 0xd9, 0x30, 0xe, 0x3e,
    0x83, 0x10, 0x1, 0x36, 0x48, 0x4, 0x58, 0x20,
    0x1f, 0x9a, 0x40, 0x16, 0x1, 0x9e, 0xe8, 0xc0,
    0x26, 0x20, 0x40, 0xa, 0x61, 0x17, 0x4, 0x2,
    0x40, 0x30, 0x9, 0x0, 0x32, 0x0, 0x42, 0x4,
    0x1, 0x38, 0x6, 0x60, 0x8, 0xc2, 0x40, 0x2b,
    0x40, 0x18, 0x30, 0x1, 0x20, 0x2b, 0x0, 0x6,
    0xff, 0x9c, 0x0, 0x3e, 0x1, 0x4c, 0x0, 0x7c,
    0x3e, 0x40, 0x13, 0xc0, 0x7, 0xc3, 0x82, 0x0,
    0x58, 0x0, 0x9e, 0xe8, 0xc0, 0x5, 0x80, 0xb,
    0x0, 0xae, 0x11, 0x70, 0xc0, 0x4, 0xe8, 0x20,
    0x2, 0x40, 0xd, 0x20, 0x15, 0x90, 0x4, 0xc0,
    0x1c, 0xc0, 0x11, 0x18, 0x4, 0xc0, 0x1c, 0xe0,
    0x11, 0xb0, 0x4, 0x48, 0x1, 0xbc, 0x2, 0x63,
    0x20, 0xa, 0xdd, 0x17, 0x10, 0x2, 0xe0, 0xe0,
    0xd, 0x17, 0x46, 0x1, 0x22, 0x81, 0xd8, 0x80,
    0x7e, 0x5b, 0x0, 0x93, 0xa5, 0x4, 0x0, 0x4d,
    0x94, 0x0,

    /* U+0039 "9" */
    0x0, 0xcd, 0x7d, 0xfd, 0x6a, 0x1, 0xe2, 0xd9,
    0x41, 0x1, 0x4a, 0xc1, 0x0, 0x87, 0x8, 0x3,
    0xe3, 0xc0, 0xa, 0xc4, 0x2, 0x8b, 0x80, 0x8,
    0xa0, 0x5, 0x40, 0x2b, 0x74, 0x7c, 0x0, 0x9c,
    0x1c, 0x2, 0x34, 0x0, 0x8d, 0x0, 0x25, 0xe0,
    0x9, 0x0, 0x3b, 0x0, 0x2d, 0x10, 0xf, 0xe1,
    0x0, 0x8b, 0x80, 0x22, 0x0, 0xff, 0x18, 0x4,
    0xa4, 0x1, 0xb4, 0x2, 0x14, 0x10, 0xb, 0x14,
    0x8e, 0xd0, 0x2, 0x10, 0xb0, 0x8, 0x6b, 0x71,
    0x0, 0x31, 0x82, 0xc0, 0x7, 0xc2, 0x1, 0x70,
    0x1, 0xf1, 0x44, 0x0, 0x96, 0xe0, 0x11, 0x80,
    0x47, 0x5d, 0xfe, 0xb4, 0x70, 0x9, 0x0, 0x3f,
    0xa0, 0x40, 0xc, 0x1, 0xf8, 0x65, 0xc0, 0x28,
    0x0, 0xc4, 0xcf, 0x5c, 0xc0, 0x15, 0x8, 0x6,
    0x49, 0x85, 0x0, 0xd2, 0xa0, 0x1f, 0xf1, 0xe3,
    0x0, 0x7e, 0x13, 0x6c, 0xc1, 0x80, 0x60,

    /* U+003A ":" */
    0x0, 0x1a, 0x8, 0x5, 0x98, 0xbe, 0x40, 0x73,
    0x0, 0xa8, 0x38, 0x3, 0x8, 0x60, 0x6, 0x30,
    0x58, 0x10, 0x4d, 0x0, 0x3f, 0x7d, 0x88, 0x7,
    0xff, 0x68, 0xd0, 0x40, 0x2c, 0xc5, 0xf2, 0x3,
    0x98, 0x5, 0x41, 0xc0, 0x18, 0x43, 0x0, 0x31,
    0x82, 0xc0, 0x82, 0x68, 0x0,

    /* U+003B ";" */
    0x0, 0xa, 0x18, 0x4, 0x9d, 0x79, 0x80, 0x5,
    0x0, 0x46, 0xe0, 0x20, 0x1b, 0x80, 0xc0, 0x36,
    0x6, 0xa0, 0xc, 0x28, 0xd, 0xff, 0x38, 0x7,
    0xff, 0x9d, 0x3f, 0xe8, 0x0, 0xff, 0xe4, 0x78,
    0x0, 0x40, 0x21, 0x0, 0x68, 0x4, 0xe0, 0x5,
    0x0, 0x20, 0x81, 0x90, 0x2, 0x40, 0xe, 0x41,
    0x24, 0x0, 0x4d, 0xc6, 0x0, 0x80,

    /* U+003C "<" */
    0x0, 0xff, 0xe6, 0xa5, 0x98, 0x7, 0xe1, 0x7d,
    0xb4, 0x70, 0xf, 0x1d, 0x74, 0x10, 0x7, 0xcd,
    0xb8, 0xa0, 0x1c, 0xe0, 0x73, 0xf2, 0x40, 0x18,
    0xa3, 0x4e, 0x71, 0x80, 0x31, 0x3e, 0xe9, 0xc8,
    0x8, 0x2, 0x27, 0xdd, 0x41, 0x0, 0x7e, 0x31,
    0x60, 0xf, 0x8c, 0x2, 0x16, 0xbe, 0x94, 0x0,
    0xd1, 0xd0, 0x20, 0x10, 0xb5, 0xf4, 0xa0, 0x0,
    0x5f, 0xad, 0x0, 0x30, 0xb5, 0xa0, 0x6, 0x4b,
    0xd7, 0x10, 0xf, 0xf8, 0xa3, 0xa8, 0xc0, 0x3f,
    0xf8, 0xb, 0x98, 0x67,

    /* U+003D "=" */
    0x35, 0x5f, 0xfe, 0x8, 0x45, 0x57, 0xff, 0x4,
    0x80, 0x3f, 0xfa, 0x57, 0xff, 0xff, 0xc1, 0x20,
    0xf, 0xfe, 0x19, 0xa2, 0x7f, 0xf0, 0x42, 0x2e,
    0xff, 0xf8, 0x24, 0x1, 0xff, 0xd2,

    /* U+003E ">" */
    0x0, 0xff, 0xe1, 0x4c, 0x10, 0x7, 0xfc, 0x6f,
    0xb8, 0xa0, 0x1f, 0xfc, 0x3, 0xae, 0x82, 0x0,
    0xf1, 0x80, 0x61, 0x7d, 0xb5, 0x0, 0xd3, 0x6c,
    0x20, 0x19, 0x2b, 0xa0, 0x80, 0x9, 0x3d, 0x8c,
    0x20, 0x10, 0xbe, 0xb8, 0x6, 0x39, 0xec, 0x71,
    0x0, 0xbc, 0x3, 0xe6, 0x31, 0x0, 0xf8, 0x56,
    0xfe, 0x90, 0x3, 0x70, 0xb5, 0xf5, 0x20, 0x6,
    0x29, 0xf6, 0xb9, 0x40, 0xe, 0x5c, 0xd6, 0x0,
    0xf8, 0xa3, 0xa8, 0xc0, 0x3e, 0x5b, 0xd7, 0x10,
    0xf, 0x14, 0x75, 0x20, 0x7, 0xf0,

    /* U+003F "?" */
    0x0, 0x92, 0xb7, 0xfd, 0xd9, 0x4, 0x1, 0xd5,
    0x6a, 0x40, 0x1, 0x37, 0xd7, 0x0, 0xa9, 0x40,
    0x3f, 0xa1, 0x40, 0xd4, 0x2, 0x39, 0xa7, 0x10,
    0xa, 0x2, 0xc0, 0x23, 0xc6, 0x58, 0xa0, 0x8,
    0x83, 0xd1, 0x29, 0x0, 0xc8, 0x1, 0x89, 0xee,
    0xe5, 0x0, 0xc2, 0x1, 0x88, 0x3, 0xfa, 0xc0,
    0x25, 0x0, 0xfe, 0x75, 0x0, 0xa0, 0x3, 0xf4,
    0x40, 0x2, 0xb2, 0x0, 0xfa, 0x5c, 0x2, 0xb4,
    0x0, 0xf9, 0x18, 0x0, 0x38, 0x80, 0x1f, 0xb4,
    0x2, 0xa3, 0x0, 0xfe, 0x30, 0x9, 0x0, 0x3f,
    0xde, 0xee, 0x80, 0xf, 0xf9, 0x62, 0xe, 0x1,
    0xff, 0xc0, 0x56, 0x10, 0xf, 0xfb, 0x6a, 0x7c,
    0x40, 0x3f, 0x90, 0x80, 0x2, 0xe0, 0x1f, 0xcc,
    0x1, 0x8c, 0x3, 0xf8, 0xa0, 0x41, 0x94, 0x3,
    0x80,

    /* U+0040 "@" */
    0x0, 0xf2, 0x57, 0x7f, 0xb6, 0x4, 0x3, 0xf0,
    0xdd, 0x94, 0x40, 0x4, 0xfc, 0xa0, 0x1e, 0x2f,
    0x40, 0x5a, 0xcb, 0x82, 0xa, 0x50, 0xe, 0xf1,
    0x16, 0x52, 0x9a, 0x3e, 0xa8, 0x58, 0x80, 0x52,
    0x41, 0x86, 0x6b, 0xff, 0x62, 0xd1, 0xb, 0x0,
    0x9, 0x82, 0x9, 0x31, 0x0, 0x7, 0x41, 0x41,
    0x60, 0xa, 0x1, 0x71, 0xa0, 0x1a, 0x70, 0x9,
    0x0, 0xc0, 0xa, 0xe, 0xc, 0x21, 0xab, 0xc0,
    0x20, 0x40, 0x1, 0x11, 0x6, 0x5, 0x81, 0x98,
    0x4, 0x8, 0x3, 0x1a, 0x80, 0x18, 0xc, 0x10,
    0x1, 0xc0, 0xe0, 0x18, 0xc4, 0x0, 0x44, 0x0,
    0x68, 0x0, 0xc0, 0x40, 0xc0, 0x2, 0x60, 0x1,
    0x10, 0x7, 0x8, 0x10, 0x38, 0x18, 0x18, 0x0,
    0x44, 0x0, 0x20, 0x3, 0x7, 0x86, 0x2, 0x0,
    0x80, 0xc, 0x80, 0x14, 0x28, 0x41, 0xe4, 0xc1,
    0x40, 0xc0, 0x7, 0x6, 0x2, 0xeb, 0x0, 0x3e,
    0x83, 0x10, 0x10, 0x87, 0x84, 0xa0, 0x1, 0x78,
    0xc0, 0xd, 0x20, 0x13, 0x2, 0x98, 0x5f, 0x72,
    0x87, 0x3b, 0xe4, 0x3, 0x48, 0x3, 0x48, 0x4,
    0x40, 0x10, 0x80, 0x78, 0x68, 0x7, 0x69, 0x51,
    0xf, 0x8e, 0x1, 0xf2, 0xd0, 0x1, 0x6a, 0xed,
    0x7, 0xa0, 0x1f, 0x97, 0xa0, 0xc4, 0x0, 0x4f,
    0x60, 0x1c,

    /* U+0041 "A" */
    0x0, 0xfb, 0x3f, 0xe4, 0x0, 0xff, 0xe0, 0x9,
    0x80, 0x5c, 0x1, 0xff, 0xc0, 0x60, 0xc, 0x80,
    0x1f, 0xfc, 0xb, 0x0, 0xc2, 0x80, 0x1f, 0xe1,
    0x30, 0xe, 0xd0, 0xf, 0xf3, 0x0, 0x42, 0x0,
    0x70, 0xf, 0xf5, 0x80, 0x6, 0x0, 0x2, 0x80,
    0x1f, 0x84, 0xc0, 0x8, 0x80, 0xb, 0x40, 0x3f,
    0x38, 0x5, 0xe4, 0x40, 0x3, 0x80, 0x7e, 0xa0,
    0x9, 0x1, 0x0, 0x2, 0x60, 0x1e, 0x13, 0x0,
    0x18, 0x86, 0x80, 0x54, 0x1, 0xe7, 0x0, 0xac,
    0x0, 0x80, 0x13, 0x80, 0x7a, 0x80, 0x25, 0x0,
    0x90, 0x0, 0x26, 0x1, 0x84, 0xc0, 0x2d, 0xff,
    0x90, 0x2, 0xb0, 0xc, 0xe0, 0x1f, 0xfc, 0x5,
    0x0, 0xd4, 0x1, 0xff, 0xc0, 0x23, 0x0, 0x9,
    0x80, 0x51, 0x1e, 0x40, 0xa, 0xc0, 0xe, 0x1,
    0x23, 0xbf, 0xbc, 0x2, 0x50, 0x5, 0x0, 0x58,
    0x1, 0xe4, 0x0, 0x88, 0x82, 0x60, 0x12, 0x80,
    0x7c, 0x60, 0x12, 0xb8, 0x4, 0x24, 0x1, 0xf5,
    0x80, 0x54,

    /* U+0042 "B" */
    0x1f, 0xff, 0xdd, 0x92, 0x60, 0x1f, 0xfc, 0x11,
    0x36, 0xca, 0x0, 0xff, 0xe2, 0x2d, 0x80, 0x7d,
    0x55, 0xa0, 0x80, 0x24, 0x50, 0xf, 0x2a, 0xe7,
    0xd3, 0x0, 0xbc, 0x3, 0xff, 0x81, 0x40, 0x10,
    0x80, 0x7f, 0xf4, 0x70, 0x2, 0xc0, 0xf, 0xf1,
    0x4a, 0x80, 0x5, 0x80, 0x3d, 0xff, 0xb5, 0x80,
    0x3, 0xa2, 0x1, 0xff, 0xc2, 0x83, 0x0, 0xff,
    0xe1, 0xce, 0x8, 0x7, 0xbf, 0xfb, 0x8, 0x0,
    0x76, 0x1, 0xff, 0x1f, 0x80, 0x4a, 0x1, 0xff,
    0xc0, 0x21, 0x0, 0x8c, 0x3, 0xff, 0xa0, 0xc2,
    0x1, 0x10, 0x7, 0x22, 0x66, 0xa9, 0x0, 0x90,
    0x40, 0x3a, 0xef, 0x4a, 0x80, 0x68, 0x0, 0xff,
    0xe1, 0xe, 0x18, 0x7, 0xfc, 0x29, 0x3c, 0x60,
    0x0,

    /* U+0043 "C" */
    0x0, 0xc7, 0x3b, 0xfe, 0xeb, 0x60, 0xf, 0xa7,
    0x18, 0x80, 0x2, 0x93, 0xa6, 0x1, 0xa9, 0x80,
    0x3f, 0x16, 0x10, 0x1, 0x94, 0x2, 0x49, 0xa7,
    0x0, 0xdc, 0x0, 0x80, 0x9, 0xed, 0x96, 0x34,
    0x2, 0x33, 0x20, 0x80, 0x6, 0x0, 0x31, 0x28,
    0x5, 0x7a, 0x1, 0x38, 0x7, 0xb0, 0x2, 0x22,
    0x0, 0x5e, 0x1, 0xe6, 0xff, 0xa9, 0x80, 0x23,
    0x0, 0xff, 0xff, 0xb0, 0x4, 0x60, 0x1f, 0xf1,
    0x0, 0x5e, 0x1, 0xe5, 0xcc, 0xa3, 0x0, 0x24,
    0x0, 0xf6, 0x19, 0xc0, 0xa2, 0x0, 0x26, 0x0,
    0xc4, 0xc0, 0x15, 0x84, 0x80, 0x53, 0x4a, 0xa8,
    0xd0, 0x8, 0xcc, 0xe, 0x80, 0x12, 0xd5, 0x1c,
    0x2, 0x1e, 0x0, 0xad, 0x40, 0x3f, 0x16, 0x10,
    0x6, 0xac, 0x51, 0x0, 0xa, 0xd6, 0x90, 0x0,

    /* U+0044 "D" */
    0x2f, 0xff, 0x76, 0x41, 0x0, 0x7f, 0xf0, 0x4,
    0xdf, 0x64, 0x3, 0xff, 0x86, 0xda, 0x20, 0x1f,
    0x55, 0x20, 0xc0, 0x22, 0xd0, 0xf, 0x95, 0x4f,
    0x92, 0x1, 0x1b, 0x80, 0x7f, 0x99, 0xc0, 0x29,
    0x0, 0xff, 0xa4, 0x2, 0x14, 0x0, 0xff, 0xa,
    0x0, 0x58, 0x1, 0xff, 0x10, 0x4, 0x40, 0x1f,
    0xf0, 0x80, 0x42, 0x1, 0xff, 0xdf, 0x10, 0x8,
    0x40, 0x3f, 0xe2, 0x0, 0x88, 0x3, 0xfe, 0x40,
    0xb, 0x0, 0x3f, 0xce, 0x1, 0xa, 0x0, 0x7f,
    0x24, 0x0, 0x52, 0x1, 0xe4, 0x43, 0x55, 0x80,
    0x46, 0xe0, 0x1e, 0xbb, 0x4a, 0x80, 0x45, 0xa0,
    0x1f, 0xfc, 0x15, 0xc1, 0x0, 0xff, 0x13, 0x65,
    0x8, 0x4,

    /* U+0045 "E" */
    0xdf, 0xff, 0xfe, 0xb, 0x80, 0x7f, 0xf5, 0x9e,
    0xab, 0xf9, 0x40, 0x36, 0x2a, 0xff, 0x10, 0x7,
    0xff, 0x94, 0xcf, 0xf8, 0x3, 0xd1, 0x99, 0xf8,
    0x3, 0xff, 0xb1, 0x7f, 0xff, 0x80, 0x3f, 0xfe,
    0xc6, 0x89, 0xfc, 0x40, 0x1a, 0x2e, 0xff, 0xa8,
    0x3, 0xff, 0xa4,

    /* U+0046 "F" */
    0xdf, 0xff, 0xfe, 0xc, 0x80, 0x7f, 0xf5, 0x9e,
    0xab, 0xfc, 0x1, 0xb5, 0x57, 0xf8, 0xc0, 0x3f,
    0xfe, 0x95, 0xff, 0xf9, 0xc0, 0x3f, 0xfa, 0xef,
    0x55, 0xf9, 0x40, 0x3b, 0x55, 0x7f, 0x10, 0x7,
    0xff, 0xfc, 0x3, 0xff, 0xa6,

    /* U+0047 "G" */
    0x0, 0xc5, 0x3b, 0xfe, 0xeb, 0x71, 0x0, 0xf3,
    0xeb, 0x10, 0x0, 0x52, 0x3d, 0x0, 0x34, 0x40,
    0x3, 0xf0, 0xd9, 0x80, 0x11, 0xc0, 0x23, 0x9a,
    0x81, 0x0, 0xbc, 0x1, 0x20, 0x12, 0x63, 0x2b,
    0xf8, 0x4, 0x67, 0x10, 0x5, 0x20, 0x18, 0x58,
    0x2, 0x44, 0x0, 0x46, 0x40, 0x1d, 0x17, 0x72,
    0xf0, 0x4, 0x80, 0x1e, 0x14, 0x48, 0x88, 0x1,
    0x78, 0x7, 0xff, 0xc, 0x40, 0x3f, 0xf8, 0xc3,
    0xff, 0xf4, 0x80, 0x7f, 0xf2, 0x4, 0x3, 0xfe,
    0x10, 0xb, 0xc0, 0x3, 0xff, 0x38, 0x6, 0xd0,
    0x8, 0xc0, 0x3f, 0xe4, 0x0, 0x90, 0x40, 0x3f,
    0xc6, 0x40, 0x15, 0x80, 0x70, 0x80, 0x74, 0x0,
    0x4b, 0x8c, 0x8d, 0x4c, 0x1, 0xca, 0xc0, 0x11,
    0xcd, 0xca, 0x80, 0x6c, 0x0, 0x4b, 0x80, 0x7f,
    0x1e, 0x28, 0x5, 0x1a, 0xc4, 0x0, 0x13, 0x7c,
    0xc1, 0x80,

    /* U+0048 "H" */
    0x3f, 0xfb, 0x80, 0x38, 0x7f, 0xf0, 0x7, 0xff,
    0xfc, 0x3, 0xff, 0xae, 0xab, 0xc8, 0x1, 0xf8,
    0x6a, 0xbc, 0x1, 0xff, 0xda, 0x1f, 0xfe, 0xe0,
    0xf, 0xff, 0xf8, 0x7, 0xff, 0x94,

    /* U+0049 "I" */
    0x2f, 0xff, 0xfe, 0x1, 0x0, 0x7f, 0xf4, 0xa,
    0xee, 0x90, 0xd, 0x77, 0x88, 0x11, 0x27, 0x0,
    0xc8, 0x98, 0x3, 0xff, 0xfe, 0x1, 0xff, 0xff,
    0x0, 0xff, 0xe4, 0x22, 0x60, 0xc, 0x89, 0x80,
    0xae, 0xea, 0x0, 0xd7, 0x78, 0x80, 0x3f, 0xfa,
    0x0,

    /* U+004A "J" */
    0x0, 0xff, 0xbf, 0xf0, 0x80, 0x7f, 0xff, 0xc0,
    0x3f, 0xff, 0xe0, 0x1f, 0xfe, 0xe2, 0x77, 0x94,
    0x3, 0xfe, 0x68, 0x8c, 0x1, 0xc6, 0x1, 0x85,
    0x80, 0x22, 0x30, 0xd, 0x0, 0x12, 0x1, 0x18,
    0x5, 0xae, 0x8b, 0x88, 0x1, 0x78, 0x3, 0xc0,
    0x21, 0x8b, 0xa3, 0x0, 0x99, 0x0, 0x7, 0x62,
    0x1, 0xf9, 0xe4, 0x3, 0x27, 0xc2, 0x8, 0x0,
    0x9b, 0x60, 0x2,

    /* U+004B "K" */
    0x1f, 0xfc, 0x1, 0xe3, 0xff, 0xd8, 0x1, 0xff,
    0xe, 0x80, 0x43, 0xa0, 0x1f, 0xf5, 0x8, 0x5,
    0x42, 0x1, 0xfe, 0x64, 0x0, 0xa1, 0x0, 0x3f,
    0xc7, 0x20, 0x12, 0x38, 0x7, 0xfd, 0xc0, 0x11,
    0x50, 0x7, 0xfd, 0x44, 0x1, 0x78, 0x80, 0x7f,
    0x99, 0x40, 0x29, 0x20, 0xf, 0xf1, 0xc8, 0x4,
    0xcc, 0x0, 0xff, 0xb8, 0x3, 0x50, 0x7, 0xff,
    0x0, 0x80, 0x37, 0x80, 0x7f, 0xf1, 0x4d, 0x80,
    0x3f, 0xf8, 0x28, 0x1, 0x48, 0x80, 0x7f, 0xd7,
    0x40, 0x1a, 0xc0, 0x3f, 0xd4, 0x83, 0x20, 0x12,
    0xa8, 0x3, 0xf9, 0x40, 0xc, 0x60, 0x15, 0x80,
    0x7f, 0xf0, 0x7c, 0x2, 0x19, 0x0, 0xff, 0xe0,
    0x1b, 0x0, 0x4c, 0x60, 0x1f, 0xfc, 0x8, 0x10,
    0xb, 0x80, 0x3f, 0xf8, 0x3, 0x60, 0x11, 0x38,
    0x7, 0xff, 0x1, 0x4c, 0x2, 0x82,

    /* U+004C "L" */
    0xcf, 0xf9, 0x40, 0x3f, 0xff, 0xe0, 0x1f, 0xff,
    0xf0, 0xf, 0xff, 0xf8, 0x7, 0xff, 0x47, 0x51,
    0x3f, 0x84, 0x3, 0x3d, 0xdf, 0xf2, 0x0, 0x7f,
    0xf4, 0x80,

    /* U+004D "M" */
    0x2f, 0xfe, 0x10, 0xb, 0x7f, 0xf3, 0x0, 0x79,
    0x0, 0x4, 0x40, 0xf, 0xfb, 0x0, 0x8, 0x1,
    0xff, 0xc0, 0x70, 0x6, 0x80, 0x7f, 0xf0, 0x4,
    0x81, 0x0, 0x3f, 0xf8, 0x28, 0x80, 0x1, 0x0,
    0x7e, 0x40, 0x6, 0x68, 0x1, 0x40, 0x3f, 0x18,
    0x82, 0x38, 0x3, 0x0, 0x3f, 0x90, 0x4, 0x40,
    0x80, 0x1f, 0xef, 0x0, 0xda, 0x1, 0xfc, 0x28,
    0x1, 0x9c, 0x3, 0xfc, 0x26, 0x0, 0x31, 0x10,
    0x7, 0xfa, 0xc0, 0x16, 0x1, 0xff, 0xc0, 0x40,
    0x2, 0x80, 0x7f, 0x8c, 0xf, 0xb8, 0x40, 0x1f,
    0xfc, 0x11, 0x10, 0x0, 0xc0, 0x3f, 0xff, 0xe0,
    0x1f, 0xc0,

    /* U+004E "N" */
    0x3f, 0xfc, 0x40, 0x18, 0xbf, 0xf0, 0x7, 0x58,
    0x7, 0xff, 0x9, 0x84, 0x3, 0xff, 0x84, 0xc0,
    0x1f, 0xfc, 0x29, 0x0, 0xff, 0xe1, 0xa, 0x80,
    0x7f, 0xf0, 0xa4, 0x3, 0xff, 0x84, 0x66, 0x0,
    0xff, 0x98, 0x1, 0x20, 0x1f, 0xf5, 0x80, 0x14,
    0x40, 0x3f, 0xc4, 0x80, 0x9, 0x0, 0xff, 0xbc,
    0x0, 0xc2, 0x1, 0xfe, 0x42, 0x1, 0xa0, 0xf,
    0xfa, 0xc0, 0xc, 0x1, 0xff, 0x30, 0x80, 0x7f,
    0xf0, 0x98, 0x3, 0xff, 0x85, 0x20, 0x1f, 0xfc,
    0x21, 0x50, 0xf, 0xfe, 0x14, 0x80, 0x7f, 0xf0,
    0x8c, 0xc0, 0x1f, 0xfc, 0x29, 0x0, 0xc0,

    /* U+004F "O" */
    0x0, 0xc9, 0x5d, 0xfe, 0xd9, 0x20, 0xf, 0xaa,
    0xd4, 0x40, 0x4, 0xdb, 0x0, 0x1d, 0x6a, 0x1,
    0xf9, 0xe8, 0x2, 0x74, 0x0, 0x96, 0x60, 0xc0,
    0x25, 0x50, 0x2, 0x40, 0x28, 0xa6, 0x7c, 0x50,
    0xa, 0xc1, 0x44, 0x0, 0x4e, 0x1, 0xac, 0x2,
    0x14, 0xc0, 0x9, 0x0, 0x38, 0x54, 0x2, 0xc2,
    0x0, 0xbc, 0x3, 0xda, 0x1, 0x1b, 0x80, 0x46,
    0x1, 0xe1, 0x0, 0x9c, 0x40, 0x3f, 0xfc, 0x62,
    0x1, 0xff, 0xc3, 0x70, 0x8, 0xc0, 0x3c, 0x20,
    0x13, 0x90, 0x5, 0xe0, 0x1e, 0xd0, 0x8, 0xf0,
    0x2, 0x70, 0xe, 0x15, 0x0, 0xb1, 0x40, 0x21,
    0x70, 0xd, 0x60, 0x10, 0xa0, 0x40, 0x5, 0x14,
    0xcc, 0xc5, 0x0, 0xac, 0x0, 0xe8, 0x1, 0x2c,
    0xc8, 0xc0, 0x25, 0x50, 0x5, 0x6a, 0x1, 0xf9,
    0xa8, 0x3, 0xaa, 0xd4, 0x40, 0x4, 0xdb, 0x20,
    0x10,

    /* U+0050 "P" */
    0xdf, 0xff, 0xd9, 0x4, 0x1, 0xff, 0xc1, 0x37,
    0xd8, 0x0, 0xff, 0xe1, 0xbc, 0x80, 0x79, 0xea,
    0xa8, 0x20, 0x9, 0x90, 0x3, 0xb1, 0x56, 0x7d,
    0x30, 0xb, 0xc0, 0x3f, 0xe8, 0x0, 0x90, 0x3,
    0xfe, 0x50, 0xc, 0x20, 0x1f, 0xe3, 0x0, 0xc2,
    0x1, 0xfe, 0xa0, 0x8, 0x80, 0x3f, 0x86, 0x1c,
    0x2, 0xa0, 0xe, 0xbf, 0xfb, 0x9c, 0x2, 0x27,
    0x0, 0xff, 0xe0, 0x96, 0x0, 0x7f, 0xf0, 0xa,
    0x34, 0x40, 0x3c, 0xf5, 0x4b, 0xb7, 0x6b, 0x80,
    0x7e, 0xc5, 0x52, 0x20, 0x40, 0x3f, 0xff, 0xe0,
    0x1f, 0xfc, 0xf0,

    /* U+0051 "Q" */
    0x0, 0xc7, 0x3b, 0xfe, 0xd9, 0x30, 0xf, 0xd3,
    0x8c, 0x40, 0x2, 0x6c, 0x90, 0xf, 0x53, 0x0,
    0x7e, 0x6b, 0x0, 0xcc, 0xa0, 0x12, 0x4c, 0x20,
    0x4, 0x8e, 0x1, 0x40, 0x4, 0xf6, 0xcf, 0x6e,
    0x1, 0x40, 0x81, 0x88, 0x5, 0x0, 0x1a, 0x8,
    0x2, 0x70, 0xb0, 0x9, 0x40, 0x3c, 0xa0, 0x16,
    0x1, 0x0, 0x44, 0x1, 0xed, 0x0, 0x9c, 0x4,
    0x2, 0xf0, 0xf, 0x8, 0x4, 0x60, 0xe0, 0x10,
    0x80, 0x79, 0xc0, 0x21, 0x0, 0xff, 0xeb, 0xb8,
    0x7, 0xff, 0x8, 0x40, 0x38, 0x40, 0x3c, 0xe0,
    0x11, 0x81, 0x0, 0x5c, 0x1, 0xe3, 0x0, 0x98,
    0x30, 0x2, 0x70, 0xf, 0x50, 0x5, 0x80, 0xa2,
    0x0, 0x18, 0x0, 0xce, 0x40, 0x13, 0x0, 0x20,
    0x2, 0x7b, 0x66, 0x5c, 0x0, 0x4e, 0x20, 0x6,
    0x50, 0x9, 0x26, 0x48, 0x1, 0x24, 0x0, 0x6a,
    0x60, 0xf, 0xe6, 0x10, 0xe, 0x9c, 0x52, 0x0,
    0x10, 0x80, 0xb, 0xc8, 0x3, 0x8e, 0xb7, 0xfd,
    0xb8, 0x20, 0x1, 0xc3, 0x0, 0xff, 0x17, 0x90,
    0x0, 0x54, 0x3, 0xfe, 0x1c, 0x30, 0xb6, 0x0,
    0xff, 0xe0, 0xe, 0x6a, 0x0,

    /* U+0052 "R" */
    0x1f, 0xff, 0xdd, 0x90, 0x40, 0x1f, 0xfc, 0x11,
    0x37, 0xd8, 0x0, 0xff, 0xe2, 0x3d, 0x0, 0x7d,
    0x55, 0x9c, 0x40, 0x25, 0x40, 0xf, 0x2a, 0xe8,
    0xf2, 0x0, 0xb8, 0x3, 0xfe, 0x1b, 0x0, 0x98,
    0x3, 0xff, 0x80, 0x40, 0x10, 0x80, 0x7f, 0xf0,
    0x8, 0x2, 0x60, 0xf, 0xf8, 0x6c, 0x2, 0xc0,
    0xf, 0x2a, 0x21, 0x5f, 0xc8, 0x0, 0x2c, 0x1,
    0xea, 0xbb, 0x54, 0x8, 0x5, 0x42, 0x1, 0xff,
    0xc1, 0x4d, 0x40, 0xf, 0xfe, 0x17, 0x90, 0x7,
    0xef, 0xf9, 0x80, 0x28, 0x0, 0xff, 0xe0, 0x40,
    0x4, 0x68, 0x1, 0xff, 0xb, 0x0, 0x52, 0x1,
    0xff, 0xc0, 0x80, 0x8, 0x94, 0x3, 0xfe, 0x16,
    0x0, 0xa0, 0x3, 0xff, 0x81, 0x0, 0x11, 0x30,
    0x7, 0xfc, 0x2c, 0x1, 0x58, 0x7, 0xff, 0x2,
    0x0, 0x22, 0x60,

    /* U+0053 "S" */
    0x0, 0xc7, 0x3b, 0xff, 0x64, 0x10, 0x7, 0x86,
    0xf1, 0x88, 0x2, 0x37, 0xd8, 0x0, 0xec, 0x40,
    0xf, 0xe7, 0x90, 0xa, 0x8, 0x2, 0x5a, 0xb9,
    0x40, 0x9, 0x90, 0x0, 0xc0, 0x14, 0xd2, 0xa3,
    0x5b, 0x0, 0x5e, 0x0, 0x10, 0x9, 0x80, 0x3a,
    0xc0, 0x24, 0x0, 0xf1, 0x0, 0x71, 0x55, 0x60,
    0x2, 0x0, 0x5e, 0x40, 0x1c, 0xab, 0x80, 0x12,
    0x1, 0x16, 0xd2, 0x88, 0x7, 0xe2, 0xb0, 0xc,
    0xb5, 0xd6, 0xa0, 0x1f, 0x26, 0xa0, 0x7, 0x25,
    0x6a, 0x0, 0x78, 0xaf, 0x58, 0x40, 0x31, 0x5a,
    0x80, 0x7c, 0x53, 0xdb, 0x2, 0x1, 0x51, 0x80,
    0x7f, 0x13, 0xfa, 0x0, 0x50, 0xf, 0x55, 0x18,
    0x7, 0xc, 0x80, 0x48, 0x1c, 0xab, 0x58, 0x7,
    0x88, 0x3, 0xb0, 0x2, 0x72, 0x0, 0xe6, 0x0,
    0x84, 0x14, 0xc0, 0x2d, 0x95, 0x45, 0xa9, 0x0,
    0x9c, 0x1, 0xc2, 0x1, 0x35, 0x5d, 0x28, 0x4,
    0x30, 0x0, 0x2f, 0x40, 0xf, 0xe3, 0xc1, 0x0,
    0x86, 0xf1, 0x8c, 0x2, 0x25, 0xbc, 0x20, 0x0,

    /* U+0054 "T" */
    0x9f, 0xff, 0xfe, 0x24, 0x80, 0x7f, 0xf6, 0x2a,
    0xbd, 0x20, 0x1a, 0xab, 0xe3, 0x55, 0xe7, 0x0,
    0xca, 0xbe, 0x30, 0xf, 0xff, 0xf8, 0x7, 0xff,
    0xfc, 0x3, 0xff, 0xfe, 0x1, 0xff, 0xf3,

    /* U+0055 "U" */
    0x2f, 0xfc, 0x1, 0xef, 0xfc, 0x40, 0x1f, 0xff,
    0xf0, 0xf, 0xff, 0xf8, 0x7, 0xff, 0xb8, 0xc0,
    0x3f, 0xf8, 0x46, 0x20, 0x18, 0xc0, 0x31, 0x80,
    0x61, 0x4, 0x0, 0xa4, 0x3, 0x48, 0x4, 0x80,
    0xe, 0x0, 0x96, 0x95, 0x56, 0xa0, 0x17, 0x0,
    0x15, 0x0, 0x25, 0xaa, 0x20, 0x4, 0x8a, 0x1,
    0x5a, 0x0, 0x7e, 0x4b, 0x0, 0xeb, 0xb2, 0x88,
    0x0, 0x96, 0xec, 0x1, 0x0,

    /* U+0056 "V" */
    0x6f, 0xfc, 0x40, 0x1e, 0x1f, 0xfc, 0xce, 0x1,
    0x90, 0x3, 0xce, 0x1, 0x9c, 0x4c, 0x2, 0xc0,
    0xf, 0x60, 0x4, 0x62, 0x16, 0x1, 0x20, 0x7,
    0x90, 0x2, 0xb0, 0x2, 0x80, 0x42, 0x40, 0x18,
    0x84, 0x2, 0x50, 0x1, 0x10, 0x2, 0x50, 0xc,
    0xa0, 0x11, 0x10, 0x2, 0x50, 0xb, 0x0, 0x36,
    0x0, 0x4a, 0x1, 0xac, 0x2, 0x40, 0xc, 0x80,
    0x15, 0x80, 0x63, 0x10, 0x8, 0xc0, 0x6, 0x1,
    0x9, 0x80, 0x72, 0x0, 0x56, 0x0, 0xb0, 0x9,
    0x0, 0x3d, 0xe0, 0x12, 0x0, 0x10, 0x2, 0xf0,
    0xf, 0x28, 0x4, 0x60, 0x3, 0x0, 0x94, 0x3,
    0xe4, 0x0, 0x91, 0x0, 0x12, 0x0, 0x7e, 0xd0,
    0xb, 0x34, 0x2, 0xd0, 0xf, 0xce, 0x1, 0x2a,
    0x0, 0x4e, 0x1, 0xf8, 0x4c, 0x0, 0x44, 0x0,
    0x18, 0x80, 0x7f, 0x58, 0x7, 0xac, 0x3, 0xfc,
    0xa0, 0x1e, 0x50, 0xf, 0xf1, 0x10, 0x3, 0x11,
    0x0, 0x3f, 0xe5, 0x0, 0xca, 0x1, 0xff, 0xc0,
    0xb0, 0xd, 0x60, 0x1e,

    /* U+0057 "W" */
    0x8f, 0xf8, 0xc0, 0x13, 0xfe, 0x80, 0x1, 0x7f,
    0xd3, 0xc0, 0x13, 0x0, 0x8, 0x0, 0x40, 0x6,
    0x0, 0xb8, 0x80, 0x22, 0x0, 0x28, 0x1, 0xc0,
    0x4, 0x1, 0x13, 0x0, 0x5c, 0x0, 0x10, 0x1,
    0x0, 0x38, 0x2, 0x62, 0x0, 0x88, 0x8, 0x3,
    0x8, 0x10, 0x4, 0x60, 0x40, 0x6, 0x6, 0x0,
    0xca, 0xc, 0x0, 0x10, 0x3, 0x0, 0xc, 0xc,
    0x3, 0x10, 0x10, 0x0, 0x80, 0x4, 0x0, 0x10,
    0xe0, 0xd, 0xe0, 0x20, 0x6, 0x0, 0x70, 0x4,
    0x44, 0x0, 0xc4, 0x40, 0xb, 0x40, 0x6, 0x1,
    0x32, 0x81, 0x8, 0x2b, 0x0, 0x44, 0x0, 0x60,
    0x8, 0xc4, 0x1d, 0x40, 0x48, 0x2, 0x60, 0x1,
    0x0, 0x58, 0x0, 0x23, 0x0, 0x68, 0x4, 0x40,
    0x10, 0x80, 0x10, 0x1, 0xbc, 0x0, 0x40, 0x0,
    0x88, 0x2, 0x50, 0xe, 0x65, 0x0, 0xe2, 0x0,
    0xc4, 0x1, 0xc6, 0x40, 0x1c, 0xc0, 0x1b, 0x80,
    0x30, 0x80, 0x88, 0x3, 0x68, 0x6, 0x20, 0xc,
    0xa0, 0x5, 0x0, 0xc4, 0x1, 0x9c, 0x3, 0x10,
    0x0, 0x80, 0x33, 0x0, 0x62, 0x0, 0xde, 0x0,
    0xf0, 0xc, 0x40, 0x1c, 0x20, 0x11, 0x0, 0x14,
    0x2, 0x11, 0x0, 0x71, 0x0, 0x4a, 0x0, 0x20,
    0x8, 0x80, 0x20,

    /* U+0058 "X" */
    0x2f, 0xfd, 0x40, 0x1e, 0x5f, 0xfc, 0xe4, 0xe0,
    0x12, 0x90, 0x7, 0x48, 0x4, 0x4e, 0x10, 0x20,
    0x14, 0x0, 0x65, 0x30, 0xa, 0x0, 0x28, 0x0,
    0x94, 0x80, 0x29, 0x0, 0x91, 0x40, 0x26, 0x30,
    0xa, 0x0, 0xa, 0x60, 0x14, 0x80, 0x77, 0x80,
    0x4a, 0x41, 0x20, 0x13, 0x10, 0x7, 0x1a, 0x80,
    0x56, 0xa6, 0x0, 0x18, 0x0, 0xfa, 0xc0, 0x26,
    0x80, 0xa, 0x44, 0x3, 0xe1, 0x70, 0x8, 0x80,
    0x4, 0xe0, 0x1f, 0xd0, 0x20, 0x1d, 0x20, 0x1f,
    0xf3, 0x0, 0x61, 0x40, 0xf, 0xf0, 0xb8, 0x6,
    0x16, 0x0, 0xff, 0x40, 0x7, 0xa0, 0x40, 0x3f,
    0x1b, 0x0, 0x46, 0x0, 0x18, 0x0, 0xfd, 0xe0,
    0x13, 0x78, 0x4, 0xc4, 0x1, 0xe5, 0x30, 0xa,
    0xcd, 0x0, 0x29, 0x0, 0xf5, 0x80, 0x4c, 0x41,
    0x0, 0x12, 0x20, 0x3, 0x40, 0x80, 0x50, 0x0,
    0x35, 0x0, 0xa4, 0x2, 0x27, 0x0, 0x98, 0x40,
    0x28, 0x0, 0x89, 0xc0, 0x12, 0x1, 0xa0, 0x3,
    0x12, 0x80, 0x50, 0x28, 0x80, 0x9, 0xc4, 0x3,
    0xa0, 0x3, 0x58,

    /* U+0059 "Y" */
    0x4f, 0xfc, 0x60, 0x1f, 0x67, 0xfd, 0x68, 0x60,
    0x14, 0x80, 0x78, 0xcc, 0x1, 0x40, 0x40, 0x4,
    0xa2, 0x1, 0xd2, 0x1, 0x21, 0x82, 0x18, 0x5,
    0x20, 0x18, 0x54, 0x2, 0x80, 0xa, 0x40, 0x26,
    0x0, 0xd2, 0x1, 0x21, 0x80, 0x4a, 0x40, 0x1,
    0x50, 0x9, 0x80, 0x2f, 0x0, 0xe8, 0x0, 0xa4,
    0x0, 0xc2, 0x0, 0x34, 0x0, 0xe5, 0x20, 0x1,
    0x98, 0x2c, 0x2, 0x80, 0xf, 0xac, 0x2, 0x94,
    0x20, 0x1, 0xa0, 0x7, 0xcc, 0x40, 0x5, 0x80,
    0xa, 0x0, 0x3f, 0xac, 0x2, 0x30, 0x1, 0xa0,
    0x7, 0xf3, 0x8, 0x7, 0x48, 0x7, 0xfd, 0x0,
    0x18, 0x94, 0x3, 0xfe, 0x60, 0xd, 0x0, 0x1f,
    0xfc, 0x11, 0x0, 0x98, 0x3, 0xff, 0xfe, 0x1,
    0xff, 0xdb,

    /* U+005A "Z" */
    0xaf, 0xff, 0xfe, 0x15, 0x0, 0x7f, 0xf4, 0xca,
    0x6a, 0xbf, 0x90, 0x2, 0x28, 0x35, 0x5f, 0xce,
    0x80, 0x17, 0x0, 0x7f, 0xbc, 0x2, 0x63, 0x0,
    0xfe, 0x82, 0x0, 0x14, 0x80, 0x7f, 0x1b, 0x80,
    0x5c, 0x1, 0xfe, 0xe0, 0x9, 0xcc, 0x3, 0xfa,
    0x48, 0x0, 0x50, 0x1, 0xfc, 0x8c, 0x1, 0x70,
    0x7, 0xfa, 0x80, 0x27, 0x30, 0xf, 0xe9, 0x10,
    0x1, 0xc0, 0x7, 0xf2, 0x30, 0x5, 0xc0, 0x1f,
    0xc3, 0x40, 0x14, 0x10, 0x7, 0xf5, 0x88, 0x0,
    0xdc, 0x3, 0xf9, 0x54, 0x1, 0x70, 0x7, 0xf0,
    0xd8, 0x4, 0x8c, 0x89, 0xfd, 0x2, 0x1, 0x25,
    0xdf, 0xf5, 0x10, 0x7, 0xff, 0x4c,

    /* U+005B "[" */
    0x2, 0x2f, 0x1, 0x6e, 0xf9, 0x80, 0x3f, 0xf9,
    0x3, 0xfe, 0x60, 0xf, 0xff, 0xf8, 0x7, 0xff,
    0xfc, 0x3, 0xff, 0x96, 0x22, 0x0, 0xe1, 0xee,
    0x30, 0x7, 0xff, 0x10,

    /* U+005C "\\" */
    0x5f, 0xfa, 0x0, 0x3f, 0x28, 0x4, 0xa0, 0x1f,
    0xcc, 0x0, 0x23, 0x0, 0xfd, 0xa0, 0x15, 0x80,
    0x7e, 0x41, 0x0, 0x30, 0x7, 0xf3, 0x80, 0x4,
    0xc0, 0x3f, 0x50, 0x5, 0x40, 0x1f, 0x8c, 0x40,
    0xe, 0x1, 0xfc, 0xc0, 0x1, 0x40, 0xf, 0xd6,
    0x1, 0x70, 0x7, 0xe3, 0x20, 0x2, 0x80, 0x7f,
    0x50, 0x4, 0xa0, 0x1f, 0x94, 0x2, 0xf0, 0xf,
    0xc4, 0x60, 0x5, 0x0, 0xfe, 0xb0, 0x9, 0x40,
    0x3f, 0x30, 0x5, 0xc0, 0x1f, 0x84, 0xc0, 0x8,
    0x20, 0x1f, 0xa8, 0x2, 0x70, 0xf, 0xce, 0x1,
    0x50, 0x7, 0xe1, 0x40, 0x1, 0x88, 0x7, 0xee,
    0x0, 0x98, 0x3, 0xf2, 0x80, 0x56, 0x1, 0xfc,
    0xa0, 0x3, 0x20,

    /* U+005D "]" */
    0x2, 0x2f, 0x1, 0x6e, 0xf9, 0x80, 0x3f, 0xf8,
    0x85, 0xfe, 0x50, 0xf, 0xff, 0xf8, 0x7, 0xff,
    0xfc, 0x3, 0xff, 0x96, 0x22, 0x0, 0xe2, 0xee,
    0x28, 0x7, 0xff, 0x20,

    /* U+005E "^" */
    0x0, 0xcd, 0xfe, 0xe0, 0xf, 0xeb, 0x0, 0xa,
    0x80, 0x7c, 0x84, 0x1, 0x48, 0x7, 0xde, 0x0,
    0x10, 0x33, 0x0, 0x71, 0x20, 0xc, 0x80, 0x24,
    0x3, 0xa8, 0x0, 0xcc, 0x0, 0x28, 0x80, 0x66,
    0x0, 0x50, 0xa8, 0x1, 0x80, 0x26, 0x10, 0x32,
    0xe, 0x0, 0x48, 0x5, 0x40, 0xa, 0x0, 0x21,
    0x0, 0xa8, 0x19, 0x80, 0xc, 0x1, 0x50, 0x2,
    0x42, 0x40, 0xc, 0x1, 0x98, 0x0, 0x64,

    /* U+005F "_" */
    0x22, 0xff, 0xe0, 0x8f, 0xee, 0xff, 0xf0, 0x24,
    0x3, 0xff, 0xa0,

    /* U+0060 "`" */
    0x1, 0x18, 0x3, 0x3f, 0x75, 0xa0, 0x13, 0xc0,
    0x0, 0xa0, 0x2, 0x77, 0x0, 0x1c, 0x80, 0x28,
    0x60, 0x7, 0x0,

    /* U+0061 "a" */
    0x0, 0x85, 0xf3, 0xbf, 0xdb, 0x26, 0x1, 0xe5,
    0xe8, 0x31, 0x0, 0x13, 0x65, 0x0, 0x64, 0xa0,
    0xf, 0xe5, 0x90, 0xa, 0x0, 0x24, 0xdf, 0xe7,
    0x0, 0x98, 0x40, 0xe, 0x89, 0x51, 0x0, 0xc2,
    0x0, 0x4e, 0x0, 0xbb, 0xc2, 0x1, 0x88, 0x2,
    0x10, 0xc, 0x51, 0x9d, 0xff, 0x30, 0x7, 0xd3,
    0xae, 0x62, 0x1, 0xfe, 0x86, 0x0, 0x96, 0x26,
    0x46, 0x1, 0xe7, 0x0, 0xae, 0x9d, 0x98, 0xa0,
    0x1c, 0x80, 0x11, 0xa0, 0x7, 0xff, 0x8, 0x40,
    0x39, 0x0, 0x39, 0x80, 0x22, 0x93, 0x26, 0xd2,
    0x0, 0xe2, 0x40, 0x9, 0xb3, 0x64, 0x80, 0x37,
    0x80, 0x28, 0x80, 0x3e, 0x30, 0x8, 0x80, 0x3,
    0xb0, 0x60, 0x1, 0x6d, 0xf0, 0x9, 0x40,

    /* U+0062 "b" */
    0xdf, 0xf8, 0xc0, 0x3f, 0xff, 0xe0, 0x1f, 0xfc,
    0x35, 0xcf, 0xf6, 0xc0, 0x80, 0x7d, 0x14, 0x60,
    0x2, 0x7f, 0x30, 0xf, 0x20, 0x7, 0x87, 0x44,
    0x3, 0xcb, 0x54, 0x60, 0x8, 0x64, 0x3, 0x9e,
    0x95, 0x53, 0x0, 0x13, 0x0, 0x75, 0x80, 0x67,
    0x0, 0x84, 0x80, 0x3f, 0xc4, 0x1, 0x30, 0x7,
    0xf9, 0x80, 0x21, 0x0, 0xff, 0xe6, 0xb8, 0x4,
    0x20, 0x1f, 0xe3, 0x0, 0x98, 0x3, 0x58, 0x6,
    0x70, 0x8, 0x48, 0x3, 0x3d, 0x2a, 0xa6, 0x0,
    0x26, 0x0, 0xf2, 0xd5, 0x18, 0x2, 0x19, 0x0,
    0xe5, 0x0, 0xf0, 0xe8, 0x80, 0x62, 0xaa, 0x18,
    0x0, 0x9f, 0xcc, 0x0,

    /* U+0063 "c" */
    0x0, 0xc7, 0x3b, 0xfe, 0xea, 0x40, 0xf, 0x46,
    0x31, 0x0, 0x5, 0x6e, 0xc2, 0x1, 0x4b, 0x80,
    0x7e, 0x4d, 0x0, 0x23, 0x0, 0x4b, 0x54, 0x60,
    0x8, 0xd4, 0x3c, 0x2, 0x6a, 0x55, 0x4c, 0x0,
    0x5c, 0x8, 0x1, 0x40, 0x6, 0x70, 0x9, 0x8c,
    0x2, 0x11, 0x0, 0x77, 0xfd, 0xae, 0x1, 0x10,
    0x7, 0xff, 0x35, 0xc0, 0x22, 0x0, 0xff, 0x18,
    0x4, 0x22, 0x0, 0xe9, 0x9a, 0x1, 0x0, 0x28,
    0x0, 0xc8, 0xcd, 0x18, 0x40, 0x4, 0xd4, 0x88,
    0x8b, 0x0, 0xb4, 0xd, 0x80, 0x25, 0xbb, 0x38,
    0x4, 0x8c, 0x0, 0x97, 0x0, 0xfc, 0xb6, 0x1,
    0xa3, 0x18, 0x80, 0x2, 0xb7, 0x40, 0x0,

    /* U+0064 "d" */
    0x0, 0xff, 0x27, 0xfd, 0xa0, 0x1f, 0xff, 0xf0,
    0x8, 0x63, 0x7f, 0xd8, 0x80, 0x1f, 0x17, 0xb9,
    0x0, 0xe, 0xfc, 0x3, 0xd8, 0x20, 0x1e, 0x40,
    0xe, 0x81, 0x0, 0x96, 0xa8, 0xa0, 0x1e, 0x60,
    0x9, 0xa9, 0x55, 0x4e, 0x1, 0x88, 0x40, 0x28,
    0x0, 0xd8, 0x1, 0x98, 0x2, 0x21, 0x0, 0xfe,
    0x10, 0x9, 0x80, 0x3f, 0xf9, 0xa2, 0x1, 0x30,
    0x7, 0xf9, 0x80, 0x22, 0x10, 0xf, 0xe2, 0x20,
    0x5, 0x20, 0x1b, 0x40, 0x3a, 0x80, 0x27, 0xa5,
    0x55, 0x30, 0x7, 0x39, 0x0, 0x4b, 0x54, 0x50,
    0xf, 0xbc, 0x80, 0x3c, 0xa0, 0x1e, 0x2d, 0x72,
    0x0, 0x1d, 0x50, 0x40, 0x20,

    /* U+0065 "e" */
    0x0, 0xc3, 0x19, 0xfe, 0xeb, 0x60, 0xf, 0x9b,
    0x9c, 0xc0, 0x2, 0x93, 0xa4, 0x1, 0x9a, 0x40,
    0x3f, 0x16, 0x8, 0x0, 0xa4, 0x2, 0x4a, 0xb8,
    0x10, 0x0, 0xd8, 0x2, 0x0, 0x25, 0xb5, 0x47,
    0xf1, 0x0, 0x28, 0x82, 0x80, 0x56, 0x1, 0x85,
    0x80, 0x24, 0x30, 0xd, 0x9b, 0xbc, 0xc0, 0x11,
    0x30, 0x6, 0x22, 0xf0, 0x80, 0x5e, 0x1, 0xff,
    0xc4, 0x10, 0x8, 0x7f, 0xff, 0xd0, 0xa0, 0x10,
    0xa0, 0x7, 0xf8, 0x4c, 0x2, 0xa2, 0x0, 0xe7,
    0xb0, 0xb, 0xc0, 0x21, 0xd8, 0x44, 0x3e, 0x42,
    0x50, 0x0, 0xe4, 0x3, 0x3d, 0xda, 0xc, 0x0,
    0xe0, 0x13, 0x50, 0x80, 0x7e, 0x5d, 0x0, 0xcb,
    0xd2, 0x82, 0x0, 0x26, 0xca, 0x0, 0x0,

    /* U+0066 "f" */
    0x0, 0xfc, 0xb7, 0xdf, 0xee, 0xc9, 0x0, 0xf0,
    0xe5, 0x20, 0x80, 0x4, 0xd0, 0x3, 0xd8, 0x60,
    0x1f, 0x30, 0x7, 0x39, 0x0, 0x49, 0x37, 0x53,
    0xc0, 0x1d, 0x60, 0x13, 0x5b, 0x22, 0xb2, 0x80,
    0x71, 0x80, 0x56, 0x1, 0xff, 0xc3, 0x30, 0xf,
    0x17, 0xfe, 0x0, 0xdd, 0xff, 0xb4, 0x3, 0xff,
    0xa6, 0x20, 0x5f, 0xf8, 0x3, 0x77, 0xfe, 0xc0,
    0xf, 0xff, 0xf8, 0x7, 0xff, 0xfc, 0x3, 0xff,
    0xbe,

    /* U+0067 "g" */
    0x0, 0xcf, 0x9f, 0xed, 0x81, 0xbf, 0xf8, 0x2,
    0x1d, 0x83, 0x0, 0x13, 0xfa, 0x80, 0x7b, 0x8,
    0x3, 0xc2, 0x20, 0xe, 0x62, 0x0, 0x92, 0xad,
    0xc0, 0x3e, 0xb0, 0x9, 0x2d, 0x52, 0x2c, 0x3,
    0x84, 0x80, 0x29, 0x0, 0xc8, 0x1, 0xca, 0x1,
    0x9, 0x0, 0x7f, 0x84, 0x2, 0x20, 0xf, 0xfe,
    0x78, 0x80, 0x42, 0x1, 0xff, 0x28, 0x4, 0x44,
    0x0, 0xff, 0x9, 0x0, 0x50, 0x1, 0x90, 0x3,
    0xd6, 0x1, 0x2d, 0xaa, 0xa2, 0xc0, 0x3c, 0xc6,
    0x1, 0x25, 0x51, 0xc0, 0x3f, 0x69, 0x80, 0x78,
    0xc0, 0x3e, 0x1c, 0x93, 0x0, 0x1c, 0x68, 0x7,
    0xf3, 0x67, 0xfb, 0x1c, 0x80, 0x3f, 0x58, 0x80,
    0x74, 0x0, 0x48, 0x1, 0x52, 0x74, 0x19, 0x96,
    0xd0, 0x2, 0xf0, 0x1, 0xa8, 0x1, 0xf3, 0x14,
    0x80, 0x12, 0xa0, 0x0, 0xe8, 0x40, 0x3f, 0x35,
    0x0, 0x65, 0xf8, 0x41, 0x0, 0x13, 0x64, 0x80,
    0x40,

    /* U+0068 "h" */
    0xff, 0xc4, 0x1, 0xff, 0xff, 0x0, 0xff, 0xe1,
    0x8c, 0x6f, 0xfa, 0xd4, 0x3, 0xe6, 0xf7, 0x20,
    0x2, 0x54, 0x80, 0x7a, 0x84, 0x3, 0xcc, 0xa0,
    0x1c, 0x2d, 0x56, 0xe0, 0x1a, 0x0, 0x3a, 0xa5,
    0x52, 0x2c, 0x2, 0x21, 0x0, 0xce, 0x1, 0x90,
    0x40, 0x22, 0x0, 0xff, 0x18, 0x4, 0xe0, 0x1f,
    0xff, 0xf0, 0xf, 0xff, 0x80,

    /* U+0069 "i" */
    0x0, 0xc3, 0x7f, 0xc8, 0x1, 0xfd, 0x28, 0x3,
    0x60, 0x1f, 0xc2, 0x1, 0xff, 0xc1, 0xb1, 0x0,
    0x30, 0x7, 0xf1, 0x7d, 0xe4, 0x80, 0x7f, 0x85,
    0xc, 0x3, 0xdb, 0xff, 0xf6, 0x0, 0x7f, 0xf5,
    0x66, 0xee, 0x70, 0xf, 0xe4, 0x4d, 0xa0, 0x1f,
    0xff, 0xf0, 0xf, 0xfe, 0xa1, 0xa2, 0x5a, 0x1,
    0xa, 0x26, 0xe, 0xbb, 0x9c, 0x2, 0x2b, 0xbc,
    0x20, 0x1f, 0xfd, 0x0,

    /* U+006A "j" */
    0x0, 0xe2, 0xcf, 0xd3, 0x0, 0xe8, 0x30, 0x2f,
    0x0, 0xe1, 0x0, 0x84, 0x3, 0xbc, 0x2, 0xb0,
    0xe, 0x4e, 0xbd, 0x60, 0xf, 0xa, 0x10, 0x2,
    0x3f, 0xfe, 0x90, 0xf, 0xfe, 0x4d, 0x5d, 0xca,
    0x1, 0xc4, 0x89, 0x10, 0x7, 0xff, 0xfc, 0x3,
    0xff, 0xd4, 0xa0, 0x17, 0x1a, 0xa9, 0xb0, 0x80,
    0x24, 0xaa, 0xa4, 0xc0, 0x24, 0x33, 0x0, 0x78,
    0xe8, 0xc, 0x2, 0x14, 0x9c, 0x10,

    /* U+006B "k" */
    0xef, 0xf8, 0xc0, 0x3f, 0xff, 0xe0, 0x1f, 0xfc,
    0xda, 0xff, 0xc8, 0x1, 0xfd, 0x2a, 0x1, 0x52,
    0x0, 0x7e, 0x76, 0x0, 0xa1, 0x40, 0x3f, 0x34,
    0x0, 0x4e, 0xe0, 0xf, 0xc9, 0x20, 0x12, 0xc0,
    0x7, 0xe5, 0xb0, 0x9, 0x28, 0x3, 0xfa, 0x40,
    0x21, 0xb0, 0xf, 0xfe, 0x10, 0xa8, 0x7, 0xff,
    0xe, 0xc4, 0x3, 0xfc, 0x42, 0x0, 0x1d, 0x0,
    0xfe, 0x3c, 0xa0, 0x8, 0xe0, 0x3, 0xf7, 0x8a,
    0x38, 0x4, 0xe6, 0x1, 0xfe, 0x82, 0x0, 0xb4,
    0x40, 0x3f, 0xdc, 0x1, 0xd, 0x0, 0x7f, 0x8e,
    0x0, 0x24, 0x60, 0xf, 0xf3, 0x98, 0x5, 0x24,

    /* U+006C "l" */
    0x1f, 0xff, 0xd8, 0x1, 0xff, 0xd7, 0x1b, 0xbc,
    0xe0, 0x1f, 0xe4, 0x4d, 0xa0, 0x1f, 0xff, 0xf0,
    0xf, 0xff, 0xf8, 0x7, 0xff, 0xad, 0x13, 0x68,
    0x4, 0x28, 0x98, 0x45, 0x77, 0x9c, 0x2, 0x2b,
    0xbc, 0x80, 0x1f, 0xfd, 0x20,

    /* U+006D "m" */
    0xef, 0xf5, 0x15, 0xff, 0xa4, 0x23, 0xbf, 0xc,
    0x3, 0x36, 0x20, 0x1, 0xb9, 0xc4, 0xf, 0x4,
    0x2, 0x31, 0x0, 0xc2, 0x1, 0xcc, 0x1, 0xb3,
    0x0, 0x10, 0xed, 0x80, 0x5a, 0x1, 0x11, 0x98,
    0x80, 0xa, 0x48, 0x1, 0x30, 0x7, 0xff, 0xfc,
    0x3, 0xff, 0xfe, 0x1, 0xff, 0xce,

    /* U+006E "n" */
    0xff, 0xb0, 0xa, 0x77, 0xfd, 0x8c, 0x1, 0xe2,
    0x5d, 0x62, 0x0, 0x1c, 0xd8, 0x7, 0xd, 0x0,
    0x7c, 0x8c, 0x1, 0xe9, 0xee, 0x59, 0x0, 0x56,
    0x1, 0xd6, 0xc2, 0x24, 0xf0, 0x8, 0x84, 0x3,
    0x30, 0x6, 0x21, 0x0, 0x88, 0x3, 0xfc, 0x60,
    0x1f, 0xff, 0xf0, 0xf, 0xff, 0xa0,

    /* U+006F "o" */
    0x0, 0xc9, 0x5d, 0xfe, 0xda, 0x30, 0xf, 0xaa,
    0xd4, 0x40, 0x4, 0xb9, 0x40, 0x1d, 0x6a, 0x1,
    0xf9, 0x6c, 0x2, 0x64, 0x0, 0x9a, 0xe9, 0x40,
    0x24, 0x60, 0x4, 0x0, 0x51, 0x28, 0xb4, 0xe0,
    0x15, 0x81, 0x88, 0x4, 0xe0, 0x1a, 0x0, 0x22,
    0x22, 0x80, 0x48, 0x1, 0xe4, 0x0, 0x90, 0x40,
    0x22, 0x0, 0xf0, 0x80, 0x42, 0x1, 0xff, 0xc4,
    0x10, 0x8, 0x80, 0x3c, 0x20, 0x10, 0xa8, 0x4,
    0xa0, 0x1e, 0x40, 0x9, 0xc, 0x40, 0x2, 0xe0,
    0x19, 0xc0, 0x22, 0x20, 0x40, 0x5, 0x12, 0x88,
    0x98, 0x0, 0xac, 0x0, 0xc8, 0x1, 0x35, 0xd9,
    0x80, 0x24, 0x60, 0xa, 0xd4, 0x3, 0xf2, 0xd8,
    0x7, 0x56, 0x29, 0x0, 0x9, 0x72, 0x80, 0x20,

    /* U+0070 "p" */
    0xef, 0xf7, 0x3, 0x67, 0xfb, 0x60, 0x40, 0x3c,
    0x37, 0x26, 0x0, 0x27, 0xf3, 0x0, 0xf2, 0x0,
    0x78, 0x74, 0x3, 0xe6, 0xaa, 0x28, 0x4, 0x2e,
    0x1, 0xd3, 0x25, 0x55, 0x30, 0x5, 0x40, 0x1c,
    0xa0, 0x1a, 0xc0, 0x22, 0x10, 0xf, 0xe2, 0x10,
    0x8, 0x80, 0x3f, 0xc4, 0x1, 0x38, 0x7, 0xff,
    0x34, 0x80, 0x27, 0x0, 0xfe, 0x21, 0x0, 0x88,
    0x3, 0x28, 0x6, 0xb0, 0x8, 0x84, 0x3, 0x4c,
    0x91, 0x14, 0xc0, 0x15, 0x0, 0x79, 0xae, 0xca,
    0x1, 0x13, 0x80, 0x71, 0x80, 0x78, 0xbc, 0x3,
    0xdf, 0x46, 0x0, 0x27, 0xd2, 0x0, 0xf9, 0x73,
    0xfd, 0xb0, 0x1, 0xff, 0xff, 0x0, 0xc0,

    /* U+0071 "q" */
    0x0, 0x86, 0x37, 0xfd, 0x8c, 0x1b, 0xfe, 0xd0,
    0x1, 0x7b, 0x90, 0x0, 0xe6, 0xc8, 0x3, 0xb0,
    0x40, 0x3c, 0x80, 0x1d, 0x2, 0x1, 0x2d, 0xd3,
    0x0, 0x79, 0x80, 0x26, 0xa4, 0x59, 0x80, 0xc,
    0x42, 0x1, 0x40, 0x6, 0x30, 0xc, 0xc0, 0x11,
    0x8, 0x7, 0xf0, 0x80, 0x42, 0x1, 0xff, 0xcd,
    0x10, 0x8, 0x40, 0x3f, 0xca, 0x1, 0x10, 0x80,
    0x7f, 0x9, 0x0, 0x52, 0x1, 0x8c, 0x3, 0xa8,
    0x2, 0x79, 0x44, 0x4c, 0x0, 0x73, 0x90, 0x4,
    0xd7, 0x66, 0x0, 0xfb, 0xc8, 0x3, 0xc6, 0x1,
    0xe2, 0xd7, 0x20, 0x1, 0xd4, 0x0, 0x7e, 0x8d,
    0xff, 0x62, 0x80, 0x7f, 0xff, 0xc0, 0x38,

    /* U+0072 "r" */
    0xcf, 0xf8, 0x0, 0x95, 0xdf, 0xf2, 0x80, 0x61,
    0x9b, 0x51, 0x0, 0x98, 0x3, 0x53, 0x0, 0x78,
    0x80, 0x32, 0x0, 0x7c, 0x20, 0x1c, 0x33, 0xdf,
    0xdb, 0x60, 0x1c, 0x5e, 0xc2, 0x2, 0x48, 0x1,
    0xd0, 0x20, 0x1f, 0xf0, 0x80, 0x7f, 0xff, 0xc0,
    0x3f, 0xfb, 0x20,

    /* U+0073 "s" */
    0x0, 0xcb, 0x5d, 0xfe, 0xec, 0x71, 0x0, 0xe2,
    0xca, 0x51, 0x0, 0x9, 0xc7, 0x30, 0x6, 0xc3,
    0x0, 0xfe, 0x95, 0x0, 0x38, 0x80, 0xf, 0x7f,
    0xda, 0xa0, 0x15, 0x80, 0x34, 0x2, 0x82, 0x0,
    0x15, 0x0, 0x42, 0x40, 0x60, 0x16, 0x80, 0x77,
    0xfe, 0x20, 0xa0, 0x9, 0xba, 0x9d, 0x4, 0x3,
    0xc7, 0x40, 0x10, 0xac, 0x5f, 0x63, 0x0, 0x72,
    0xf3, 0x8, 0x7, 0x1c, 0xe8, 0x80, 0x61, 0x9e,
    0xc8, 0x51, 0x0, 0x8b, 0x40, 0x6, 0x71, 0x1,
    0xbd, 0x75, 0x80, 0x46, 0x44, 0xcc, 0xbc, 0x3,
    0x90, 0xc0, 0x21, 0x23, 0x0, 0x15, 0x90, 0x4,
    0xc6, 0x1, 0x10, 0x78, 0x4, 0x9b, 0xfd, 0xf2,
    0x1, 0x38, 0x81, 0xe1, 0x0, 0x61, 0x0, 0xcf,
    0x0, 0x11, 0xed, 0x20, 0x80, 0x4, 0xdf, 0x60,
    0x0,

    /* U+0074 "t" */
    0x0, 0xd1, 0xff, 0x40, 0x7, 0xff, 0xac, 0xbf,
    0xe7, 0x0, 0x9f, 0xff, 0x9c, 0x3, 0xff, 0xaa,
    0x5f, 0xf3, 0x80, 0x4f, 0xff, 0xce, 0x1, 0xff,
    0xff, 0x0, 0xff, 0xe9, 0x8, 0x7, 0xfd, 0xc0,
    0x13, 0x80, 0x7f, 0xca, 0x1, 0xe, 0x32, 0xb4,
    0x40, 0x3, 0x8c, 0xc0, 0x11, 0xcd, 0x4b, 0xb0,
    0x7, 0xb8, 0x40, 0x3e, 0x11, 0x0, 0x71, 0x7b,
    0x90, 0x0, 0x49, 0xa8, 0x40,

    /* U+0075 "u" */
    0xcf, 0xf9, 0x0, 0x3b, 0xff, 0x8, 0x7, 0xff,
    0xfc, 0x3, 0xff, 0xe0, 0xe0, 0x10, 0x80, 0x7f,
    0x88, 0x2, 0xc0, 0xc, 0xa0, 0x1d, 0x80, 0x13,
    0x4a, 0xaa, 0x68, 0x3, 0x94, 0x80, 0x26, 0xaa,
    0x30, 0x8, 0x7, 0x70, 0x7, 0xd4, 0xa0, 0x1c,
    0x7a, 0xc2, 0x2, 0xb8, 0xa2, 0x1, 0x80,

    /* U+0076 "v" */
    0xcf, 0xf9, 0xc0, 0x3c, 0xff, 0xf6, 0x48, 0x5,
    0x60, 0x1e, 0xb0, 0xa, 0x94, 0x2, 0x31, 0x0,
    0xc2, 0x60, 0x13, 0x3, 0x0, 0x4e, 0x1, 0x90,
    0x2, 0x50, 0x5, 0x0, 0x5a, 0x1, 0xbc, 0x2,
    0xe0, 0x1, 0x90, 0x1, 0x0, 0x32, 0x80, 0x9,
    0x0, 0x2a, 0x0, 0x90, 0x0, 0x80, 0x12, 0x80,
    0x66, 0x0, 0xb4, 0x1, 0xa0, 0x15, 0x0, 0x61,
    0x40, 0x3, 0x80, 0x1c, 0x0, 0x64, 0x1, 0xdc,
    0x0, 0x13, 0x30, 0x80, 0x24, 0x3, 0xca, 0x1,
    0x5d, 0x80, 0x25, 0x0, 0xf9, 0x80, 0xa, 0x80,
    0x6, 0x0, 0xfd, 0x40, 0x2, 0x30, 0x5, 0x0,
    0x7e, 0x32, 0x0, 0xc4, 0x60, 0x1f, 0xd4, 0x1,
    0xa8, 0x3, 0xfc, 0xc0, 0x19, 0x80, 0x38,

    /* U+0077 "w" */
    0x8f, 0xf8, 0x80, 0x13, 0xfe, 0x40, 0x3, 0xff,
    0xc7, 0xa0, 0x13, 0x0, 0x14, 0x0, 0x60, 0xe,
    0x0, 0x8d, 0xc0, 0x22, 0x0, 0x18, 0x3, 0x40,
    0x4, 0x0, 0x20, 0x20, 0xb, 0x80, 0x80, 0x27,
    0x0, 0x30, 0x1, 0x80, 0x6, 0x0, 0x20, 0x70,
    0x8, 0x80, 0x4, 0x0, 0x30, 0x3, 0x0, 0x18,
    0x34, 0x3, 0x18, 0x80, 0x5a, 0x0, 0xd0, 0x1,
    0x1, 0x82, 0x0, 0x14, 0x80, 0x27, 0x0, 0x18,
    0x0, 0x41, 0x83, 0x8, 0x3d, 0x80, 0x22, 0x0,
    0x28, 0x4, 0x64, 0x6, 0xe0, 0x44, 0x0, 0x18,
    0x4, 0x22, 0x0, 0x58, 0x1, 0x70, 0x17, 0x80,
    0xa, 0x1, 0x94, 0x0, 0xa0, 0x22, 0x50, 0x14,
    0x0, 0x70, 0x6, 0x20, 0x1, 0x2, 0x81, 0x80,
    0x8, 0x0, 0x60, 0x1b, 0xc0, 0x31, 0x80, 0x8,
    0x3, 0x28, 0x6, 0x50, 0xd, 0x80, 0x4, 0x0,
    0x84, 0x40, 0x18, 0xc0, 0x32, 0x80, 0x3c, 0x2,
    0x50, 0xf, 0x10, 0x0, 0x44, 0x0, 0x50, 0x8,
    0xc0, 0x20,

    /* U+0078 "x" */
    0x2f, 0xfc, 0x80, 0x1d, 0x1f, 0xf6, 0x81, 0x40,
    0x5, 0x40, 0x19, 0x1c, 0x2, 0xe0, 0x3, 0x98,
    0x0, 0x68, 0x0, 0x34, 0x1, 0x41, 0x80, 0x5c,
    0x1, 0x2a, 0x82, 0xc4, 0x0, 0x6e, 0x1, 0x8a,
    0x0, 0x2b, 0x75, 0x0, 0xb8, 0x3, 0xce, 0x60,
    0x1, 0x80, 0xa, 0x8, 0x3, 0xee, 0x0, 0xf1,
    0xb8, 0x7, 0xe2, 0x80, 0xe, 0xe0, 0xf, 0xf6,
    0x80, 0x73, 0x0, 0x7f, 0x22, 0x80, 0x75, 0x8,
    0x7, 0xc3, 0x40, 0x1e, 0x1b, 0x0, 0xfa, 0xc4,
    0x0, 0x78, 0x1, 0x2a, 0x80, 0x39, 0x54, 0x1,
    0x71, 0xc0, 0x5, 0x62, 0x1, 0xd, 0x80, 0x50,
    0x40, 0xe6, 0x0, 0x1b, 0x0, 0xa8, 0x40, 0x8,
    0xe0, 0x17, 0x0, 0x4a, 0xa0, 0x54, 0x0, 0xa4,
    0x3, 0x15, 0x0, 0x56, 0x20,

    /* U+0079 "y" */
    0xf, 0xfc, 0xc0, 0x1f, 0x5f, 0xfd, 0x80, 0xe0,
    0x15, 0x0, 0x78, 0x50, 0x2, 0x90, 0xa0, 0x8,
    0xcc, 0x1, 0xcc, 0x1, 0x12, 0x81, 0x28, 0x5,
    0x40, 0x1d, 0x40, 0x15, 0x0, 0x52, 0x1, 0x30,
    0x6, 0x42, 0x0, 0x9c, 0x2, 0x33, 0x0, 0x4c,
    0x1, 0x70, 0x4, 0xe0, 0x1d, 0x20, 0x15, 0x0,
    0x5, 0x40, 0x29, 0x0, 0xe5, 0x20, 0x1, 0x90,
    0x30, 0x4, 0xa2, 0x1, 0xea, 0x0, 0xac, 0x28,
    0x2, 0x90, 0xf, 0x9c, 0x2, 0x73, 0x20, 0x1,
    0x98, 0x3, 0xf3, 0x80, 0x7, 0xc0, 0x29, 0x0,
    0xfe, 0x90, 0x8, 0xc0, 0x4, 0xa0, 0x1f, 0xc2,
    0xa0, 0x1d, 0x60, 0x1f, 0xf4, 0x80, 0x73, 0x0,
    0x7f, 0xc6, 0x60, 0x9, 0xc0, 0x3f, 0xf8, 0xb2,
    0x1, 0xff, 0xc0, 0x53, 0x0, 0x28, 0x80, 0x7f,
    0xc3, 0x60, 0x14, 0x80, 0x7f, 0x95, 0xb0, 0x40,
    0x8, 0x60, 0x1f, 0xea, 0x92, 0x0, 0xa4, 0x3,
    0xfc, 0x60, 0x1d, 0x44, 0x1, 0xfe, 0x71, 0x1,
    0x5d, 0x50, 0xf, 0xe0,

    /* U+007A "z" */
    0x1f, 0xff, 0xfe, 0x12, 0x0, 0x7f, 0xf4, 0xd8,
    0x6e, 0xff, 0x18, 0x6, 0xa2, 0x4, 0x4f, 0x8c,
    0xc0, 0x14, 0x28, 0x7, 0xe5, 0x80, 0x9, 0x9c,
    0x3, 0xf1, 0xd0, 0x4, 0x92, 0x1, 0xf8, 0xb4,
    0x2, 0x3b, 0x0, 0xfc, 0x3e, 0x20, 0x1, 0xd0,
    0xf, 0xed, 0x20, 0xb, 0x4, 0x3, 0xf5, 0x18,
    0x5, 0x64, 0x1, 0xfa, 0x14, 0x2, 0x94, 0x0,
    0xfc, 0xce, 0x1, 0x22, 0x99, 0xfc, 0x44, 0x90,
    0xc, 0x99, 0x9f, 0xa1, 0x80, 0x3f, 0xfa, 0x60,

    /* U+007B "{" */
    0x0, 0xfc, 0x46, 0x1, 0xf1, 0xe6, 0xe8, 0x3,
    0xc9, 0x86, 0x2, 0x40, 0x1d, 0x40, 0x3, 0xe2,
    0x0, 0xca, 0x20, 0xe, 0x10, 0xe, 0xc0, 0x8,
    0x80, 0x3c, 0xa0, 0x1, 0x0, 0xff, 0xee, 0x10,
    0x0, 0x80, 0x3c, 0x42, 0x0, 0x50, 0xe, 0x4f,
    0x0, 0xa0, 0x2, 0x6f, 0xb2, 0x1, 0xb1, 0x0,
    0x84, 0x2, 0x2f, 0x40, 0xf, 0xc5, 0x84, 0x1,
    0x9f, 0xa8, 0x40, 0xb0, 0x40, 0x30, 0xad, 0x0,
    0x5, 0x80, 0x3c, 0x82, 0x0, 0xb0, 0xf, 0x88,
    0x0, 0x40, 0x1f, 0xfd, 0xc6, 0x0, 0x8, 0x7,
    0xda, 0x1, 0x10, 0x7, 0x94, 0x2, 0x50, 0xf,
    0x13, 0x0, 0x21, 0xc4, 0x3, 0xa4, 0xc0, 0x10,
    0x1, 0xf6, 0x41, 0x10, 0x40,

    /* U+007C "|" */
    0x3f, 0xf2, 0x80, 0x7f, 0xff, 0xc0, 0x3f, 0xfa,
    0x20,

    /* U+007D "}" */
    0x2, 0x20, 0x7, 0xf7, 0xee, 0x90, 0x3, 0xe2,
    0x2, 0xb5, 0x0, 0xf7, 0x28, 0x2, 0x84, 0x3,
    0x86, 0xc0, 0x26, 0x0, 0xf0, 0x90, 0x3, 0x0,
    0x3e, 0x10, 0x2, 0x80, 0x7f, 0xf7, 0x1c, 0x0,
    0x20, 0x1f, 0x60, 0x4, 0x80, 0x1e, 0x61, 0x0,
    0x52, 0x0, 0x70, 0xe8, 0x80, 0xdf, 0xc0, 0x6,
    0x3f, 0x20, 0x8, 0x40, 0x30, 0xe1, 0x0, 0x7e,
    0xd2, 0x0, 0x4f, 0x48, 0x4, 0xa6, 0x0, 0x96,
    0x10, 0xd, 0xe0, 0x13, 0x0, 0x79, 0x80, 0x2,
    0x1, 0xff, 0xdc, 0x10, 0x1, 0x0, 0x7c, 0x40,
    0x5, 0x0, 0xf3, 0x0, 0x54, 0x1, 0xcd, 0x20,
    0x4, 0x30, 0xe, 0x90, 0x1, 0x50, 0x7, 0x90,
    0x5f, 0x44, 0x3, 0x80,

    /* U+007E "~" */
    0x0, 0x85, 0x10, 0x20, 0x1f, 0xfc, 0x9, 0xeb,
    0xb7, 0x59, 0x0, 0x74, 0x3a, 0x5, 0x30, 0x6,
    0x4d, 0x60, 0x9, 0x1e, 0x3c, 0x94, 0x3, 0xe9,
    0xc6, 0x65, 0x0, 0xd, 0x40, 0x7, 0xbf, 0x42,
    0x0, 0x39, 0x90, 0x80, 0x2b, 0x80, 0x1c, 0x40,
    0xbe, 0x80, 0x1e, 0x82, 0x9f, 0xd2, 0x0, 0x86,
    0xe9, 0x0, 0x7, 0x4e, 0x0,

    /* U+00A0 " " */

    /* U+00A1 "¡" */
    0x3d, 0xfc, 0x1f, 0x20, 0x3b, 0x20, 0x9, 0x98,
    0x1, 0x54, 0x5c, 0x63, 0x2, 0x39, 0x80, 0x7f,
    0xcf, 0xff, 0x18, 0x6, 0x7f, 0x0, 0xff, 0xe1,
    0x8, 0x4, 0x20, 0x1f, 0xfc, 0x23, 0x30, 0x7,
    0xff, 0x8, 0x40, 0x21, 0x34, 0x48, 0x80,

    /* U+00A2 "¢" */
    0x0, 0xe1, 0xff, 0x70, 0x7, 0xff, 0x71, 0x6c,
    0x0, 0x34, 0x80, 0x1e, 0x2c, 0xa5, 0x0, 0x96,
    0xf0, 0x80, 0x21, 0xc3, 0x0, 0xf8, 0xf0, 0x40,
    0x14, 0x20, 0x13, 0xcb, 0x0, 0x43, 0x0, 0x68,
    0x1, 0x6c, 0x34, 0xe0, 0x4, 0xc1, 0x40, 0x13,
    0x10, 0x4, 0x68, 0x1, 0x12, 0x80, 0x5a, 0x1,
    0xd1, 0x55, 0x19, 0x0, 0x4e, 0x1, 0xc6, 0xab,
    0x8, 0x6, 0x10, 0xf, 0xfe, 0x10, 0x80, 0x7f,
    0x88, 0x2, 0x60, 0xf, 0xf2, 0x0, 0x58, 0x1,
    0xd5, 0xff, 0x1d, 0x80, 0x4c, 0x60, 0x11, 0xa8,
    0x4, 0x66, 0x50, 0xb, 0x2a, 0x2b, 0x0, 0x26,
    0x0, 0x59, 0x0, 0x4a, 0xea, 0x1, 0x1c, 0x80,
    0x7, 0x14, 0x3, 0xe5, 0xd0, 0xc, 0x35, 0x8e,
    0x1, 0x46, 0xd0, 0x80, 0x78, 0xe4, 0x0, 0x2e,
    0x40, 0x1f, 0xfd, 0x60,

    /* U+00A3 "£" */
    0x0, 0xe1, 0x7c, 0xff, 0xb2, 0x4, 0x3, 0xe4,
    0xf8, 0x30, 0x8, 0xdf, 0x90, 0x3, 0x8a, 0xc4,
    0x3, 0xf5, 0x90, 0x6, 0x90, 0xd, 0x15, 0x2,
    0x1, 0x58, 0x6, 0x40, 0xa, 0x9d, 0x5f, 0x40,
    0x27, 0x0, 0x88, 0x3, 0x28, 0x4, 0x6a, 0xb2,
    0x0, 0x46, 0x1, 0xfd, 0x55, 0x80, 0x3f, 0xf9,
    0xa2, 0x1, 0xfc, 0xbf, 0xc0, 0x1b, 0xbf, 0xea,
    0x0, 0xff, 0xed, 0xa6, 0x60, 0x3, 0x4e, 0x65,
    0x0, 0x1c, 0x26, 0x61, 0x0, 0x88, 0xce, 0x20,
    0xf, 0xfe, 0x8b, 0x80, 0x7f, 0xc2, 0x20, 0x8,
    0xc0, 0x3f, 0x85, 0x2c, 0x2, 0x44, 0xff, 0x2,
    0xda, 0x80, 0x49, 0x77, 0xfc, 0x60, 0x1f, 0xfd,
    0x60,

    /* U+00A4 "¤" */
    0x0, 0x10, 0x7, 0xf8, 0x80, 0x2a, 0xd3, 0x18,
    0xdf, 0xf6, 0xc0, 0x9e, 0xd0, 0x42, 0x86, 0x73,
    0x90, 0x0, 0x9f, 0xb0, 0x16, 0x24, 0x80, 0x38,
    0xcc, 0x1, 0xc3, 0x23, 0x20, 0x13, 0xfe, 0x63,
    0xdc, 0x2, 0xa1, 0xe, 0x0, 0x44, 0x0, 0x34,
    0x40, 0x1, 0xa0, 0x5, 0x2, 0x70, 0xf, 0x38,
    0x83, 0x1, 0x80, 0x14, 0x3, 0xf3, 0x80, 0x9,
    0xc0, 0x1e, 0x1, 0xfb, 0x80, 0x2, 0xe0, 0xf,
    0x0, 0xfd, 0xc0, 0x1, 0x30, 0x2, 0x80, 0x7e,
    0x70, 0x1, 0x2, 0x81, 0x38, 0x7, 0xa0, 0x41,
    0x80, 0x18, 0x0, 0x88, 0x0, 0x68, 0x70, 0x7,
    0x82, 0x48, 0x4, 0xff, 0x98, 0xf7, 0x0, 0xa5,
    0x40, 0x22, 0x0, 0x8c, 0xc0, 0x11, 0x0, 0x49,
    0x67, 0x9c, 0xe4, 0x0, 0x27, 0xed, 0x3a, 0x50,
    0x4c, 0x11, 0x46, 0xff, 0xb6, 0x4, 0x31, 0x40,

    /* U+00A5 "¥" */
    0x6f, 0xfc, 0x20, 0x1f, 0x6f, 0xfd, 0x4c, 0x40,
    0x14, 0x0, 0x79, 0x48, 0x2, 0x80, 0x90, 0x9,
    0x84, 0x3, 0xa0, 0x2, 0x72, 0x4, 0x40, 0x5,
    0x0, 0x19, 0x48, 0x0, 0x30, 0x1, 0x48, 0x4,
    0xc2, 0x1, 0x40, 0x5, 0x0, 0x18, 0x98, 0x2,
    0x80, 0x2, 0x90, 0x0, 0x98, 0x3, 0xa0, 0x2,
    0x61, 0x9, 0x0, 0xa4, 0x3, 0xc3, 0x0, 0x14,
    0x29, 0x80, 0x11, 0x0, 0x1f, 0x38, 0x80, 0x1a,
    0x0, 0x29, 0x0, 0xfe, 0xb0, 0x8, 0x80, 0xc,
    0x40, 0x1e, 0xff, 0xa8, 0x3, 0xcd, 0xff, 0x0,
    0x7f, 0xf2, 0xa6, 0x78, 0x3, 0x3c, 0xce, 0x0,
    0xcc, 0xdc, 0x1, 0xa9, 0x9b, 0x0, 0x66, 0x6e,
    0x0, 0xca, 0xcd, 0x80, 0x34, 0xcf, 0x0, 0x68,
    0x99, 0xc0, 0x1f, 0xfc, 0xaf, 0xfe, 0x0, 0xdb,
    0xff, 0x80, 0x3f, 0xfd, 0x80,

    /* U+00A6 "¦" */
    0xdf, 0xf6, 0x80, 0x7f, 0xf7, 0x37, 0xfd, 0xa0,
    0x19, 0xe2, 0xf, 0x4e, 0xea, 0x0, 0xff, 0xee,
    0x0,

    /* U+00A7 "§" */
    0x0, 0xcd, 0x7d, 0xff, 0x64, 0x98, 0x7, 0x97,
    0xa5, 0x4, 0x2, 0x36, 0xca, 0x0, 0xcb, 0x42,
    0x1, 0xfc, 0xb6, 0x1, 0x58, 0x4, 0x2f, 0x76,
    0x93, 0x0, 0x91, 0x40, 0xc4, 0x2, 0xc8, 0x44,
    0x36, 0x18, 0x5, 0xe0, 0xe0, 0x11, 0x10, 0x3,
    0xa4, 0x2, 0x70, 0x60, 0x8, 0x8c, 0x3, 0x97,
    0xba, 0xd0, 0x22, 0x0, 0x59, 0x48, 0x1, 0x84,
    0x60, 0xa, 0x40, 0x32, 0xdf, 0xe3, 0x90, 0x7,
    0x91, 0x40, 0x3c, 0x71, 0xb8, 0x80, 0x1a, 0xd4,
    0x0, 0x40, 0x1e, 0x3b, 0x90, 0x2, 0xa0, 0x1,
    0x37, 0xe9, 0x84, 0x3, 0x33, 0x87, 0x80, 0x5a,
    0x0, 0x59, 0xea, 0x10, 0xa, 0x40, 0x38, 0x40,
    0x39, 0x7c, 0x2, 0x11, 0x10, 0x5, 0xc, 0x1,
    0xc2, 0x20, 0xd, 0x40, 0x1a, 0x7a, 0x50, 0x0,
    0x62, 0x0, 0x21, 0x2a, 0x0, 0xc2, 0xd7, 0xf9,
    0x80, 0xa, 0x40, 0xb, 0xaa, 0x1, 0xe3, 0x0,
    0xad, 0x0, 0x22, 0xae, 0x83, 0x0, 0xfb, 0x40,
    0x3c, 0x2f, 0x9f, 0x4a, 0x1, 0x99, 0x0, 0x3f,
    0x96, 0xb4, 0x80, 0x2d, 0xa, 0xff, 0x94, 0x3,
    0x8a, 0xc0, 0x22, 0x3, 0x0, 0xa4, 0x3, 0xde,
    0x1, 0x8, 0x50, 0x4, 0x7a, 0xe8, 0x86, 0xb6,
    0x0, 0xb0, 0xd, 0x80, 0x22, 0x8b, 0xb4, 0xa0,
    0x4, 0x6c, 0x0, 0x97, 0x0, 0xff, 0x26, 0x80,
    0x68, 0xd7, 0x41, 0x0, 0x8d, 0xb2, 0xc4, 0x0,

    /* U+00A8 "¨" */
    0x2, 0x98, 0x10, 0x8, 0xa6, 0x4, 0x31, 0x9e,
    0xc0, 0x2c, 0x67, 0xa1, 0x10, 0x1, 0x80, 0x21,
    0x0, 0x30, 0xc0, 0xc, 0x0, 0x50, 0x3, 0x20,

    /* U+00A9 "©" */
    0x0, 0xff, 0xe4, 0x14, 0xf7, 0xfd, 0x48, 0x1,
    0xf4, 0x6a, 0x4d, 0xda, 0x5a, 0xe8, 0x3, 0xa5,
    0xe7, 0x5d, 0x54, 0xd9, 0x69, 0x80, 0x12, 0xb5,
    0x31, 0xef, 0x74, 0xa9, 0x87, 0x20, 0xb, 0x65,
    0x2c, 0x39, 0x91, 0xd1, 0x94, 0xb1, 0x20, 0xc0,
    0x58, 0x6b, 0x33, 0x82, 0xc1, 0x86, 0xb0, 0x84,
    0x14, 0x4c, 0x0, 0x6f, 0x80, 0x7, 0x42, 0x70,
    0x0, 0x98, 0x6, 0x84, 0x0, 0x71, 0x0, 0x63,
    0x0, 0xff, 0x8d, 0x80, 0x6, 0x60, 0xc, 0xa6,
    0x0, 0xe2, 0xc3, 0x10, 0x71, 0x20, 0x1, 0xd5,
    0x80, 0x11, 0xa, 0x12, 0x12, 0x1c, 0x66, 0x80,
    0xc0, 0x42, 0xb0, 0x87, 0x33, 0x49, 0xe6, 0x11,
    0xd0, 0x69, 0x4c, 0x1d, 0x34, 0xdb, 0xae, 0xdd,
    0x5, 0x81, 0x60, 0x15, 0xae, 0x52, 0xac, 0x53,
    0xa1, 0x82, 0x1, 0xae, 0x9a, 0xfb, 0x98, 0xf1,
    0xa4, 0x1, 0xe5, 0xce, 0xcc, 0x6f, 0x38, 0x6,

    /* U+00AA "ª" */
    0x0, 0x3e, 0x7f, 0xb5, 0xc0, 0x2c, 0x83, 0x0,
    0x14, 0x50, 0x21, 0x82, 0xe6, 0x14, 0x14, 0xd7,
    0x2e, 0x8c, 0xd0, 0x0, 0x51, 0x22, 0x55, 0xdb,
    0x80, 0x23, 0xf9, 0x54, 0x41, 0x80, 0x5e, 0x21,
    0x7f, 0xed, 0x0, 0x8c, 0x19, 0x0, 0x2, 0x1,
    0x8, 0x21, 0x93, 0x68, 0x5, 0x20, 0x59, 0xb2,
    0x60, 0xe, 0x78, 0x20, 0x16, 0xc4, 0x30,

    /* U+00AB "«" */
    0x0, 0xc7, 0x32, 0x30, 0x3, 0xcc, 0x0, 0x77,
    0x32, 0x18, 0x34, 0x37, 0x0, 0x6a, 0x20, 0xe0,
    0x29, 0x3, 0x60, 0x9, 0x94, 0x14, 0xc3, 0x80,
    0x1e, 0x1, 0x14, 0x80, 0xd8, 0x49, 0x83, 0x18,
    0x5, 0xe0, 0x8, 0x14, 0x60, 0x19, 0x0, 0x88,
    0x80, 0x5, 0xc, 0x0, 0x28, 0x6, 0x29, 0x0,
    0x78, 0x41, 0x2, 0x28, 0x6, 0x65, 0x3, 0x60,
    0xf0, 0x5, 0x80, 0x75, 0x88, 0x40, 0x94, 0x80,
    0xc0, 0x6, 0x1d, 0x1, 0x80, 0x65, 0x7, 0x20,
    0xc, 0x70, 0xc, 0x61, 0x62, 0x1c, 0x0,

    /* U+00AC "¬" */
    0x27, 0x7f, 0xfe, 0x3, 0x44, 0x7f, 0xf0, 0x0,
    0x3f, 0xf8, 0x29, 0xff, 0xfc, 0x1, 0xff, 0xde,

    /* U+00AD "­" */
    0x34, 0x4f, 0xf8, 0x76, 0xef, 0xfe, 0x40, 0xf,
    0xfe, 0x70,

    /* U+00AE "®" */
    0x0, 0xff, 0xe4, 0x15, 0x77, 0xfd, 0x48, 0x1,
    0xf4, 0x6b, 0xcd, 0xda, 0x5a, 0xe8, 0x3, 0xa9,
    0xe7, 0xd5, 0x95, 0xb2, 0xd3, 0x0, 0x26, 0x5b,
    0x4d, 0xdb, 0xb5, 0x11, 0x87, 0x0, 0x8, 0x64,
    0x0, 0x2d, 0x50, 0x6c, 0x89, 0x2e, 0x2a, 0x30,
    0x1, 0x12, 0xab, 0xc1, 0x41, 0x85, 0xb4, 0xc4,
    0x3, 0xfe, 0x4c, 0x26, 0x0, 0xc2, 0x47, 0x0,
    0xa0, 0xd, 0x60, 0xf, 0x36, 0xe3, 0x61, 0x0,
    0x63, 0x60, 0xc, 0xb4, 0x80, 0x60, 0x17, 0xe,
    0x18, 0x80, 0x44, 0xb2, 0x4c, 0x1, 0x22, 0x14,
    0x18, 0x3, 0x89, 0x60, 0x0, 0xa5, 0x41, 0x10,
    0x33, 0xb8, 0x1, 0x4, 0xa3, 0x6a, 0x40, 0xe7,
    0xa5, 0x8c, 0x0, 0x2c, 0x7c, 0x3b, 0x0, 0xb1,
    0x72, 0x90, 0x85, 0x27, 0x43, 0x4, 0x3, 0x5c,
    0xbd, 0xef, 0x5b, 0xc6, 0x88, 0x7, 0x9b, 0x7a,
    0xed, 0xbc, 0xe0, 0x18,

    /* U+00AF "¯" */
    0x66, 0xff, 0x24, 0xcf, 0xfb, 0xc0, 0x3f, 0xe0,

    /* U+00B0 "°" */
    0x0, 0x4f, 0x7d, 0x98, 0x5, 0x8c, 0x20, 0x98,
    0x60, 0xe6, 0x37, 0xa8, 0x1e, 0x18, 0x12, 0x85,
    0x20, 0x60, 0x1e, 0x30, 0xb, 0x2, 0x50, 0xe8,
    0xc, 0x1c, 0x86, 0xf1, 0x3, 0xc0, 0x18, 0xc2,
    0x7, 0x86, 0x0,

    /* U+00B1 "±" */
    0x0, 0xeb, 0xdd, 0x48, 0x7, 0xf9, 0x88, 0xa0,
    0xf, 0xff, 0x1a, 0xb3, 0x63, 0x0, 0x33, 0x71,
    0xc4, 0xce, 0x10, 0x1, 0x4c, 0xea, 0x0, 0xff,
    0xe8, 0x6f, 0xfe, 0x20, 0x2, 0x7f, 0xe9, 0x0,
    0xff, 0xf8, 0xef, 0xfa, 0xc0, 0x38, 0x91, 0x3f,
    0xf8, 0x1, 0x57, 0x7f, 0xfc, 0x1, 0x0, 0xff,
    0xe8, 0x0,

    /* U+00B2 "²" */
    0x0, 0x3e, 0xff, 0xb5, 0xc0, 0x2c, 0x82, 0x0,
    0x14, 0x60, 0x31, 0x80, 0xcc, 0x0, 0xc, 0xdc,
    0x44, 0xb6, 0x75, 0x0, 0x34, 0x6e, 0x94, 0x9,
    0x40, 0x8, 0x1, 0x8b, 0xc0, 0x12, 0x20, 0x12,
    0xe9, 0x4, 0xb0, 0x4, 0xf4, 0x5, 0x8c, 0x1,
    0x54, 0x0, 0xdb, 0x2a, 0x8d, 0x94, 0x0, 0x33,
    0x55, 0x40, 0x7, 0xf8,

    /* U+00B3 "³" */
    0x1, 0x9d, 0xff, 0x6c, 0x90, 0xf, 0xb1, 0x0,
    0x9, 0xb0, 0x58, 0x40, 0xe6, 0x44, 0x2, 0xee,
    0xff, 0x63, 0x3b, 0x80, 0x4, 0x1, 0x3f, 0xf2,
    0x8c, 0x20, 0x7, 0xc3, 0xc0, 0x19, 0xff, 0xcc,
    0xc, 0xed, 0x32, 0x20, 0x6, 0x0, 0x37, 0x99,
    0x9e, 0xcc, 0x80, 0x1, 0x49, 0x1, 0x4c, 0x88,
    0x6, 0x47, 0x18, 0x80, 0x4, 0xfe, 0x20,

    /* U+00B4 "´" */
    0x0, 0xc2, 0x30, 0x4, 0x3f, 0xdd, 0x20, 0x2,
    0x80, 0x2b, 0x40, 0x64, 0x0, 0x5a, 0x1, 0x48,
    0x2, 0xd0, 0x0,

    /* U+00B5 "µ" */
    0x7f, 0xfa, 0x40, 0x3a, 0xbf, 0xe7, 0x0, 0xff,
    0xff, 0x80, 0x7f, 0xfd, 0x8, 0x3, 0xff, 0x84,
    0x82, 0x1, 0x9c, 0x3, 0xfb, 0x19, 0x5f, 0x48,
    0x3, 0xf8, 0xa6, 0xa0, 0x80, 0x3f, 0xf9, 0x84,
    0x40, 0x1, 0x3c, 0x0, 0x7e, 0x4d, 0xff, 0x6c,
    0x3f, 0xfc, 0xe0, 0x1f, 0xff, 0xf0,

    /* U+00B6 "¶" */
    0x0, 0x8a, 0x37, 0xff, 0xb0, 0x0, 0xfa, 0xe4,
    0x1, 0xf3, 0xc0, 0x7, 0xf0, 0xc0, 0x7, 0xf9,
    0x80, 0x3f, 0xec, 0x0, 0xff, 0x98, 0x3, 0xfe,
    0x10, 0xf, 0xf9, 0x80, 0x3f, 0xef, 0x0, 0xff,
    0x94, 0x80, 0x3f, 0xef, 0x10, 0xf, 0xf1, 0x62,
    0x0, 0x7f, 0x8a, 0xf6, 0x5d, 0x8c, 0x3, 0xe2,
    0x68, 0x9a, 0x0, 0xff, 0xff, 0x80,

    /* U+00B7 "·" */
    0x2, 0x52, 0x4, 0xda, 0xd6, 0xf0, 0xa, 0xc4,
    0x2, 0x6b, 0x30, 0x29,

    /* U+00B8 "¸" */
    0x18, 0x83, 0x0, 0x11, 0xdd, 0xe, 0x2, 0xc0,
    0x31, 0x49, 0x2e, 0x0, 0x41, 0x66, 0x0, 0xc,
    0xd2, 0x20, 0x9, 0x30, 0x25, 0xd4,

    /* U+00B9 "¹" */
    0x0, 0xe4, 0x30, 0x2, 0xd7, 0xda, 0x17, 0xd2,
    0x80, 0x42, 0x1, 0xe2, 0xad, 0x80, 0x8, 0x54,
    0x80, 0x3f, 0xfc, 0x40,

    /* U+00BA "º" */
    0x0, 0x9f, 0x7f, 0xda, 0xe0, 0x18, 0x76, 0x8,
    0x0, 0x51, 0x80, 0x14, 0x10, 0x36, 0x61, 0x40,
    0xe0, 0x0, 0xc0, 0x92, 0x66, 0xa3, 0x6, 0x1,
    0x0, 0x60, 0x6, 0x40, 0x10, 0xf, 0xfe, 0x68,
    0x80, 0x30, 0x3, 0x20, 0x8, 0x1, 0x81, 0x20,
    0xcd, 0x26, 0xc, 0x0, 0x82, 0x7, 0xcc, 0x30,
    0x1c, 0x0, 0x7, 0x60, 0x80, 0x5, 0x18, 0x0,

    /* U+00BB "»" */
    0x49, 0x91, 0x0, 0x26, 0x4e, 0x1, 0x95, 0xdb,
    0x80, 0x1c, 0xd0, 0xa0, 0x10, 0xc0, 0x1c, 0x3,
    0x90, 0x58, 0x80, 0x4c, 0x60, 0xe8, 0x12, 0x3,
    0xa0, 0x1b, 0xc0, 0x14, 0x28, 0xa0, 0x70, 0x1,
    0x1b, 0x0, 0xd0, 0x58, 0x1, 0xd0, 0x2, 0xc0,
    0x2, 0x80, 0x90, 0x0, 0xc0, 0x2b, 0x0, 0x50,
    0x31, 0x1, 0xb8, 0x2, 0x4, 0x1d, 0x6, 0x40,
    0x74, 0x0, 0x4e, 0x7, 0x1, 0x60, 0xb, 0x10,
    0x7, 0x0, 0x38, 0xd, 0x41, 0x94, 0x0, 0xa6,
    0x14, 0x41, 0xc0, 0x52, 0x1, 0x0,

    /* U+00BC "¼" */
    0x0, 0xe2, 0x0, 0xff, 0xe1, 0x1c, 0x6e, 0x84,
    0x3, 0xff, 0x81, 0xd8, 0xe4, 0x1, 0xff, 0xc2,
    0x10, 0x10, 0xf, 0xfe, 0x1e, 0x7b, 0x0, 0x7d,
    0x16, 0x60, 0x1c, 0x60, 0x1f, 0x85, 0xd1, 0x40,
    0x3f, 0xf8, 0x50, 0x4, 0xc0, 0x1f, 0xfc, 0x12,
    0x60, 0x90, 0xf, 0xfe, 0x14, 0x81, 0xa0, 0x7,
    0xff, 0x4, 0xd0, 0x3c, 0x3, 0xff, 0x85, 0xe0,
    0xa6, 0x1, 0xfd, 0x1f, 0xe1, 0x53, 0x8, 0x0,
    0x22, 0xa0, 0x7, 0xf4, 0x3, 0x10, 0x25, 0xd5,
    0x80, 0x7e, 0x62, 0x8, 0x1, 0xa0, 0xf, 0xfa,
    0x1, 0xc4, 0x28, 0x40, 0x3f, 0xce, 0x22, 0x80,
    0x74, 0x23, 0x0, 0xfc, 0x30, 0x10, 0x7, 0x1,
    0xce, 0x1, 0xf9, 0x80, 0x98, 0x38, 0x1c, 0x5c,
    0x0, 0x40, 0x1c, 0xf5, 0x20, 0xc4, 0xf, 0xa6,
    0x0, 0xd2, 0x0, 0xe5, 0x40, 0x30, 0xf, 0xfe,
    0x2a, 0xff, 0xe4, 0x0, 0x79, 0x0, 0x7f, 0xf1,
    0x80,

    /* U+00BD "½" */
    0x0, 0xe1, 0x0, 0xff, 0xe0, 0x8b, 0x5f, 0xc8,
    0x7, 0xff, 0x2, 0x3a, 0x50, 0x3, 0xff, 0x84,
    0x40, 0x20, 0x1f, 0xfc, 0x38, 0xec, 0x0, 0xfa,
    0x2c, 0xc0, 0x38, 0x84, 0x3, 0xe1, 0x74, 0x50,
    0xf, 0xfe, 0x14, 0x1, 0x30, 0x7, 0xff, 0x4,
    0x98, 0x24, 0x3, 0xff, 0x85, 0x20, 0x68, 0x1,
    0xff, 0xc1, 0x34, 0xf, 0x0, 0xff, 0xe1, 0x78,
    0x29, 0x80, 0x7f, 0x17, 0xfa, 0x14, 0xc2, 0x0,
    0x21, 0x0, 0xff, 0x40, 0x31, 0x1e, 0x7f, 0x7d,
    0x90, 0x7, 0x98, 0x82, 0xb, 0xc, 0x2, 0x4c,
    0x10, 0xe, 0x80, 0x71, 0xb0, 0x5, 0x7b, 0x80,
    0xa0, 0x6, 0x71, 0x14, 0x6, 0xcd, 0x28, 0x70,
    0x0, 0x40, 0x21, 0x80, 0x80, 0x2, 0x32, 0x81,
    0xc8, 0x12, 0x0, 0x4c, 0x4, 0xc0, 0x1c, 0x98,
    0x3, 0xe0, 0x19, 0xea, 0x40, 0x39, 0xac, 0xf,
    0xc8, 0x3, 0x95, 0x0, 0x34, 0xc8, 0x1b, 0x40,
    0x40, 0x3f, 0xce, 0xc0, 0x6, 0xee, 0xac, 0x3,
    0xff, 0x8c,

    /* U+00BE "¾" */
    0x0, 0xc2, 0x1, 0xff, 0xc2, 0x2b, 0xfe, 0xfd,
    0x60, 0xf, 0xf0, 0xe2, 0x0, 0x45, 0x2c, 0x1,
    0xfc, 0x44, 0x39, 0xfd, 0x0, 0x68, 0x7, 0xf1,
    0xe6, 0x18, 0x4, 0x0, 0x60, 0x11, 0xda, 0x0,
    0x7a, 0x7f, 0x1, 0xa0, 0x2, 0xf4, 0xd0, 0xf,
    0x71, 0x88, 0x3a, 0x0, 0x14, 0xc2, 0x0, 0x3c,
    0xf9, 0xc4, 0x32, 0x0, 0x80, 0x71, 0x0, 0x9f,
    0xfc, 0xe0, 0x46, 0x6, 0xc, 0x43, 0x20, 0x19,
    0x84, 0x23, 0xf4, 0x41, 0x82, 0x2, 0x44, 0x3,
    0xe, 0x20, 0x4, 0x53, 0x10, 0x11, 0x38, 0x7,
    0x8a, 0xff, 0xbf, 0x58, 0x5c, 0x2c, 0x0, 0xaa,
    0x30, 0xe, 0x10, 0xa, 0x0, 0xd4, 0x26, 0xa9,
    0x20, 0x1f, 0x89, 0x82, 0x1, 0x58, 0x3, 0xfe,
    0x90, 0x44, 0xd, 0x80, 0x7f, 0xc8, 0x80, 0x80,
    0xa1, 0x50, 0xf, 0xf4, 0x2, 0x9b, 0xa1, 0x58,
    0x7, 0xf2, 0x18, 0x41, 0xc0, 0x49, 0x80, 0x42,
    0x1, 0xc9, 0x92, 0x52, 0x0, 0xbd, 0x0, 0x2e,
    0x0, 0x78, 0xd8, 0x3, 0xff, 0x8f, 0x5f, 0xf8,
    0x0, 0xba, 0x1, 0xff, 0xc6,

    /* U+00BF "¿" */
    0x0, 0xf4, 0x7f, 0x20, 0x7, 0xf8, 0x5c, 0x7,
    0xc0, 0x3f, 0xc2, 0x1, 0xff, 0xc3, 0xa4, 0x59,
    0x0, 0xff, 0x96, 0xe8, 0x80, 0x3f, 0xf9, 0xd1,
    0x12, 0x80, 0x7f, 0x85, 0xde, 0xc0, 0xf, 0xf2,
    0x80, 0x42, 0x1, 0xfc, 0x54, 0x1, 0x68, 0x7,
    0xe2, 0xc1, 0x0, 0x12, 0x80, 0x7c, 0x38, 0x20,
    0x3, 0xc0, 0xf, 0xda, 0x20, 0x2, 0xd1, 0x0,
    0xf9, 0x8c, 0x2, 0xf1, 0x0, 0xfd, 0x40, 0x13,
    0x90, 0x7, 0xf1, 0x80, 0x54, 0x1, 0xff, 0xc2,
    0x30, 0xd, 0xbb, 0x80, 0x2, 0x1, 0x20, 0x4,
    0xc4, 0x51, 0x80, 0x10, 0x2, 0xb7, 0x58, 0x90,
    0x9, 0xc0, 0x10, 0x1, 0xc, 0x53, 0x80, 0x6b,
    0x0, 0x15, 0x80, 0x7e, 0x1b, 0x20, 0x9, 0x39,
    0xcc, 0x2, 0x38, 0xf4, 0x0, 0x0,

    /* U+00C0 "À" */
    0x0, 0xff, 0xe5, 0x4f, 0xfd, 0x40, 0x1f, 0xfc,
    0x19, 0x50, 0x2, 0xa8, 0x3, 0xff, 0x83, 0x48,
    0x0, 0xb1, 0x0, 0xff, 0xe0, 0xda, 0x0, 0xc0,
    0x7, 0xff, 0xa, 0xff, 0xd2, 0x1, 0xff, 0xc2,
    0xcf, 0xf9, 0x0, 0x3f, 0xf8, 0x2, 0x60, 0x17,
    0x0, 0x7f, 0xf0, 0x18, 0x3, 0x20, 0x7, 0xff,
    0x2, 0xc0, 0x30, 0xa0, 0x7, 0xf8, 0x4c, 0x3,
    0xb4, 0x3, 0xfc, 0xc0, 0x10, 0x80, 0x1c, 0x3,
    0xfd, 0x60, 0x1, 0x80, 0x0, 0xa0, 0x7, 0xe1,
    0x30, 0x2, 0x20, 0x2, 0xd0, 0xf, 0xce, 0x1,
    0x79, 0x10, 0x0, 0xe0, 0x1f, 0xa8, 0x2, 0x40,
    0x40, 0x0, 0x98, 0x7, 0x84, 0xc0, 0x6, 0x21,
    0xa0, 0x15, 0x0, 0x79, 0xc0, 0x2b, 0x0, 0x20,
    0x4, 0xe0, 0x1e, 0xa0, 0x9, 0x40, 0x24, 0x0,
    0x9, 0x80, 0x61, 0x30, 0xb, 0x7f, 0xe4, 0x0,
    0xac, 0x3, 0x38, 0x7, 0xff, 0x1, 0x40, 0x35,
    0x0, 0x7f, 0xf0, 0x8, 0xc0, 0x2, 0x60, 0x14,
    0x47, 0x90, 0x2, 0xb0, 0x3, 0x80, 0x48, 0xef,
    0xef, 0x0, 0x94, 0x1, 0x40, 0x16, 0x0, 0x79,
    0x0, 0x22, 0x20, 0x98, 0x4, 0xa0, 0x1f, 0x18,
    0x4, 0xae, 0x1, 0x9, 0x0, 0x7d, 0x60, 0x15,
    0x0,

    /* U+00C1 "Á" */
    0x0, 0xff, 0xe7, 0x97, 0xfe, 0x40, 0xf, 0xfe,
    0x4, 0x80, 0x56, 0x80, 0x1f, 0xf3, 0x20, 0x2,
    0xd0, 0x3, 0xfe, 0x29, 0x0, 0x5a, 0x0, 0x7f,
    0xf0, 0xb, 0xfe, 0x40, 0xf, 0xfe, 0xe, 0x7f,
    0xc8, 0x1, 0xff, 0xc0, 0x13, 0x0, 0xb8, 0x3,
    0xff, 0x80, 0xc0, 0x19, 0x0, 0x3f, 0xf8, 0x16,
    0x1, 0x85, 0x0, 0x3f, 0xc2, 0x60, 0x1d, 0xa0,
    0x1f, 0xe6, 0x0, 0x84, 0x0, 0xe0, 0x1f, 0xeb,
    0x0, 0xc, 0x0, 0x5, 0x0, 0x3f, 0x9, 0x80,
    0x11, 0x0, 0x16, 0x80, 0x7e, 0x70, 0xb, 0xc8,
    0x80, 0x7, 0x0, 0xfd, 0x40, 0x12, 0x2, 0x0,
    0x4, 0xc0, 0x3c, 0x26, 0x0, 0x31, 0xd, 0x0,
    0xa8, 0x3, 0xce, 0x1, 0x58, 0x1, 0x0, 0x27,
    0x0, 0xf5, 0x0, 0x4a, 0x1, 0x20, 0x0, 0x4c,
    0x3, 0x9, 0x80, 0x5b, 0xff, 0x20, 0x5, 0x60,
    0x19, 0xc0, 0x3f, 0xf8, 0xa, 0x1, 0xa8, 0x3,
    0xff, 0x80, 0x46, 0x0, 0x13, 0x0, 0xa2, 0x3c,
    0x80, 0x15, 0x80, 0x1c, 0x2, 0x47, 0x7f, 0x78,
    0x4, 0xa0, 0xa, 0x0, 0xb0, 0x3, 0xc8, 0x1,
    0x11, 0x4, 0xc0, 0x25, 0x0, 0xf8, 0xc0, 0x25,
    0x70, 0x8, 0x48, 0x3, 0xeb, 0x0, 0xa8,

    /* U+00C2 "Â" */
    0x0, 0xfa, 0x3f, 0xdc, 0x40, 0x1f, 0xfc, 0xa,
    0x70, 0x0, 0xea, 0x0, 0x7f, 0xe, 0x28, 0x24,
    0x80, 0x2d, 0xc0, 0x3e, 0x1f, 0x30, 0x6b, 0x6c,
    0x10, 0x88, 0x0, 0x78, 0x7b, 0xfd, 0x20, 0x3,
    0xef, 0xf4, 0x0, 0x7f, 0xf4, 0x33, 0xfe, 0x40,
    0xf, 0xfe, 0x0, 0x98, 0x5, 0xc0, 0x1f, 0xfc,
    0x6, 0x0, 0xc8, 0x1, 0xff, 0xc0, 0xb0, 0xc,
    0x28, 0x1, 0xfe, 0x13, 0x0, 0xed, 0x0, 0xff,
    0x30, 0x4, 0x20, 0x7, 0x0, 0xff, 0x58, 0x0,
    0x60, 0x0, 0x28, 0x1, 0xf8, 0x4c, 0x0, 0x88,
    0x0, 0xb4, 0x3, 0xf3, 0x80, 0x5e, 0x44, 0x0,
    0x38, 0x7, 0xea, 0x0, 0x90, 0x10, 0x0, 0x26,
    0x1, 0xe1, 0x30, 0x1, 0x88, 0x68, 0x5, 0x40,
    0x1e, 0x70, 0xa, 0xc0, 0x8, 0x1, 0x38, 0x7,
    0xa8, 0x2, 0x50, 0x9, 0x0, 0x2, 0x60, 0x18,
    0x4c, 0x2, 0xdf, 0xf9, 0x0, 0x2b, 0x0, 0xce,
    0x1, 0xff, 0xc0, 0x50, 0xd, 0x40, 0x1f, 0xfc,
    0x2, 0x30, 0x0, 0x98, 0x5, 0x11, 0xe4, 0x0,
    0xac, 0x0, 0xe0, 0x12, 0x3b, 0xfb, 0xc0, 0x25,
    0x0, 0x50, 0x5, 0x80, 0x1e, 0x40, 0x8, 0x88,
    0x26, 0x1, 0x28, 0x7, 0xc6, 0x1, 0x2b, 0x80,
    0x42, 0x40, 0x1f, 0x58, 0x5, 0x40,

    /* U+00C3 "Ã" */
    0x0, 0xe1, 0x78, 0x20, 0x9, 0x5c, 0x80, 0x3e,
    0x2f, 0x87, 0xd9, 0x21, 0x88, 0x50, 0x7, 0xd0,
    0x20, 0x13, 0x6f, 0x10, 0x58, 0x7, 0xca, 0x11,
    0xf4, 0x20, 0x13, 0x18, 0x7, 0xd2, 0xae, 0xb,
    0xd2, 0xf5, 0x20, 0x1f, 0x9a, 0x80, 0x33, 0x42,
    0x80, 0x7f, 0xf4, 0xb3, 0xfe, 0x40, 0xf, 0xfe,
    0x0, 0x98, 0x5, 0xc0, 0x1f, 0xfc, 0x6, 0x0,
    0xc8, 0x1, 0xff, 0xc0, 0xb0, 0xc, 0x28, 0x1,
    0xfe, 0x13, 0x0, 0xed, 0x0, 0xff, 0x30, 0x4,
    0x20, 0x7, 0x0, 0xff, 0x58, 0x0, 0x60, 0x0,
    0x28, 0x1, 0xf8, 0x4c, 0x0, 0x88, 0x0, 0xb4,
    0x3, 0xf3, 0x80, 0x5e, 0x44, 0x0, 0x38, 0x7,
    0xea, 0x0, 0x90, 0x10, 0x0, 0x26, 0x1, 0xe1,
    0x30, 0x1, 0x88, 0x68, 0x5, 0x40, 0x1e, 0x70,
    0xa, 0xc0, 0x8, 0x1, 0x38, 0x7, 0xa8, 0x2,
    0x50, 0x9, 0x0, 0x2, 0x60, 0x18, 0x4c, 0x2,
    0xdf, 0xf9, 0x0, 0x2b, 0x0, 0xce, 0x1, 0xff,
    0xc0, 0x50, 0xd, 0x40, 0x1f, 0xfc, 0x2, 0x30,
    0x0, 0x98, 0x5, 0x11, 0xe4, 0x0, 0xac, 0x0,
    0xe0, 0x12, 0x3b, 0xfb, 0xc0, 0x25, 0x0, 0x50,
    0x5, 0x80, 0x1e, 0x40, 0x8, 0x88, 0x26, 0x1,
    0x28, 0x7, 0xc6, 0x1, 0x2b, 0x80, 0x42, 0x40,
    0x1f, 0x58, 0x5, 0x40,

    /* U+00C4 "Ä" */
    0x0, 0xc9, 0x2e, 0x1, 0x8e, 0x5c, 0x3, 0xe2,
    0xb6, 0x87, 0x0, 0x16, 0x34, 0x40, 0x3, 0xcc,
    0x1, 0x70, 0x0, 0x40, 0x22, 0x0, 0xf2, 0x28,
    0x15, 0x80, 0xd, 0x80, 0xa0, 0x3, 0xea, 0xfd,
    0x20, 0xa, 0x7f, 0x48, 0x3, 0xff, 0xa1, 0x9f,
    0xf2, 0x0, 0x7f, 0xf0, 0x4, 0xc0, 0x2e, 0x0,
    0xff, 0xe0, 0x30, 0x6, 0x40, 0xf, 0xfe, 0x5,
    0x80, 0x61, 0x40, 0xf, 0xf0, 0x98, 0x7, 0x68,
    0x7, 0xf9, 0x80, 0x21, 0x0, 0x38, 0x7, 0xfa,
    0xc0, 0x3, 0x0, 0x1, 0x40, 0xf, 0xc2, 0x60,
    0x4, 0x40, 0x5, 0xa0, 0x1f, 0x9c, 0x2, 0xf2,
    0x20, 0x1, 0xc0, 0x3f, 0x50, 0x4, 0x80, 0x80,
    0x1, 0x30, 0xf, 0x9, 0x80, 0xc, 0x43, 0x40,
    0x2a, 0x0, 0xf3, 0x80, 0x56, 0x0, 0x40, 0x9,
    0xc0, 0x3d, 0x40, 0x12, 0x80, 0x48, 0x0, 0x13,
    0x0, 0xc2, 0x60, 0x16, 0xff, 0xc8, 0x1, 0x58,
    0x6, 0x70, 0xf, 0xfe, 0x2, 0x80, 0x6a, 0x0,
    0xff, 0xe0, 0x11, 0x80, 0x4, 0xc0, 0x28, 0x8f,
    0x20, 0x5, 0x60, 0x7, 0x0, 0x91, 0xdf, 0xde,
    0x1, 0x28, 0x2, 0x80, 0x2c, 0x0, 0xf2, 0x0,
    0x44, 0x41, 0x30, 0x9, 0x40, 0x3e, 0x30, 0x9,
    0x5c, 0x2, 0x12, 0x0, 0xfa, 0xc0, 0x2a,

    /* U+00C5 "Å" */
    0x0, 0xfe, 0x10, 0xf, 0xfe, 0x1c, 0xff, 0x6a,
    0x0, 0x7f, 0xf0, 0x21, 0x9e, 0x82, 0xc4, 0x3,
    0xfe, 0x41, 0x85, 0x80, 0x50, 0xf, 0xf9, 0x85,
    0x4b, 0x81, 0x80, 0x3f, 0xeb, 0x3a, 0xd4, 0x82,
    0x0, 0xff, 0x87, 0x36, 0xf9, 0xc0, 0x3f, 0xf8,
    0x44, 0x82, 0x1, 0xff, 0xc2, 0xcf, 0xf9, 0x0,
    0x3f, 0xf8, 0x2, 0x60, 0x17, 0x0, 0x7f, 0xf0,
    0x18, 0x3, 0x20, 0x7, 0xff, 0x2, 0xc0, 0x30,
    0xa0, 0x7, 0xf8, 0x4c, 0x3, 0xb4, 0x3, 0xfc,
    0xc0, 0x10, 0x80, 0x1c, 0x3, 0xfd, 0x60, 0x1,
    0x80, 0x0, 0xa0, 0x7, 0xe1, 0x30, 0x2, 0x20,
    0x2, 0xd0, 0xf, 0xce, 0x1, 0x79, 0x10, 0x0,
    0xe0, 0x1f, 0xa8, 0x2, 0x40, 0x40, 0x0, 0x98,
    0x7, 0x84, 0xc0, 0x6, 0x21, 0xa0, 0x15, 0x0,
    0x79, 0xc0, 0x2b, 0x0, 0x20, 0x4, 0xe0, 0x1e,
    0xa0, 0x9, 0x40, 0x24, 0x0, 0x9, 0x80, 0x61,
    0x30, 0xb, 0x7f, 0xe4, 0x0, 0xac, 0x3, 0x38,
    0x7, 0xff, 0x1, 0x40, 0x35, 0x0, 0x7f, 0xf0,
    0x8, 0xc0, 0x2, 0x60, 0x14, 0x47, 0x90, 0x2,
    0xb0, 0x3, 0x80, 0x48, 0xef, 0xef, 0x0, 0x94,
    0x1, 0x40, 0x16, 0x0, 0x79, 0x0, 0x22, 0x20,
    0x98, 0x4, 0xa0, 0x1f, 0x18, 0x4, 0xae, 0x1,
    0x9, 0x0, 0x7d, 0x60, 0x15, 0x0,

    /* U+00C6 "Æ" */
    0x0, 0xf9, 0xff, 0xff, 0x80, 0x3f, 0x58, 0x7,
    0xff, 0x10, 0x4c, 0x3, 0xff, 0x88, 0xc0, 0x1e,
    0x7a, 0xa5, 0x80, 0x7d, 0x60, 0x1e, 0xc5, 0x52,
    0x0, 0x78, 0x4c, 0x0, 0x20, 0x1f, 0xfc, 0x16,
    0x0, 0x90, 0x3, 0xff, 0x83, 0x60, 0x5, 0x30,
    0xf, 0xfe, 0x1, 0x18, 0x3, 0x0, 0x36, 0x22,
    0x8, 0x3, 0x94, 0x2, 0x70, 0xc, 0xf7, 0x65,
    0x0, 0xeb, 0x0, 0x18, 0x80, 0x7f, 0xf0, 0x8,
    0xc0, 0x16, 0x1, 0xff, 0xc1, 0x50, 0xb, 0x9d,
    0x40, 0x2b, 0xff, 0x38, 0x6, 0xb0, 0x9, 0xa0,
    0xc0, 0x3f, 0xc4, 0x60, 0x1f, 0xfc, 0x45, 0x0,
    0xff, 0xe2, 0xd8, 0x5, 0xdf, 0xe6, 0x0, 0xfe,
    0x23, 0x0, 0x18, 0x80, 0x78, 0xd1, 0x21, 0x5,
    0x0, 0x90, 0x3, 0xe8, 0xbb, 0x88, 0x2c, 0x2,
    0xb0, 0xf, 0xfe, 0x1, 0x18, 0x4, 0x60, 0x1f,
    0xfc, 0x0,

    /* U+00C7 "Ç" */
    0x0, 0xc7, 0x3b, 0xfe, 0xeb, 0x60, 0xf, 0xa7,
    0x18, 0x80, 0x2, 0x93, 0xa6, 0x1, 0xa9, 0x80,
    0x3f, 0x16, 0x10, 0x1, 0x94, 0x2, 0x49, 0xa7,
    0x0, 0xdc, 0x0, 0x80, 0x9, 0xed, 0x96, 0x34,
    0x2, 0x33, 0x20, 0x80, 0x6, 0x0, 0x31, 0x28,
    0x5, 0x7a, 0x1, 0x38, 0x7, 0xb0, 0x2, 0x22,
    0x0, 0x5e, 0x1, 0xe6, 0xff, 0xa9, 0x80, 0x23,
    0x0, 0xff, 0xff, 0xb0, 0x4, 0x60, 0x1f, 0xf1,
    0x0, 0x5c, 0x1, 0xe4, 0xaa, 0x9f, 0x0, 0x25,
    0x0, 0xf6, 0xaa, 0xdc, 0xa2, 0x0, 0x25, 0x0,
    0xc2, 0xc0, 0x16, 0x84, 0x80, 0x55, 0x6, 0x66,
    0xf0, 0x8, 0xd0, 0x1d, 0x0, 0x27, 0xcc, 0x48,
    0x80, 0x5c, 0x1, 0x5a, 0x80, 0x7e, 0x2d, 0x20,
    0xd, 0x58, 0xa2, 0x1, 0x25, 0x69, 0x0, 0x78,
    0xe9, 0xc0, 0x7, 0xea, 0x1, 0xfe, 0xf4, 0x3,
    0xb5, 0x0, 0xff, 0x35, 0x98, 0x3, 0xc0, 0x3f,
    0xc4, 0xe6, 0x0, 0x30, 0xf, 0xf2, 0x40, 0x0,
    0x6c, 0x3, 0xff, 0x80, 0x4f, 0xe4, 0x1, 0x80,

    /* U+00C8 "È" */
    0x0, 0x8, 0xe0, 0xf, 0xf9, 0xbb, 0xad, 0x0,
    0xff, 0x3b, 0x80, 0x4, 0xe0, 0x1f, 0xe8, 0x60,
    0x4, 0x10, 0x7, 0xfa, 0x58, 0x1, 0x20, 0x1f,
    0xf4, 0xff, 0xac, 0x3, 0xdb, 0xff, 0xff, 0xc1,
    0x70, 0xf, 0xfe, 0xb3, 0xd5, 0x7f, 0x28, 0x6,
    0xc5, 0x5f, 0xe2, 0x0, 0xff, 0xf2, 0x99, 0xff,
    0x0, 0x7a, 0x33, 0x3f, 0x0, 0x7f, 0xf6, 0x2f,
    0xff, 0xf0, 0x7, 0xff, 0xd8, 0xd1, 0x3f, 0x88,
    0x3, 0x45, 0xdf, 0xf5, 0x0, 0x7f, 0xf4, 0x80,

    /* U+00C9 "É" */
    0x0, 0xff, 0xe5, 0xf7, 0xfc, 0xa0, 0x1f, 0xd2,
    0x20, 0xa, 0x50, 0xf, 0xc8, 0xc0, 0xa, 0x50,
    0xf, 0xc3, 0x40, 0xa, 0x50, 0xf, 0xe1, 0xef,
    0xf2, 0x80, 0x76, 0xff, 0xff, 0xf0, 0x5c, 0x3,
    0xff, 0xac, 0xf5, 0x5f, 0xca, 0x1, 0xb1, 0x57,
    0xf8, 0x80, 0x3f, 0xfc, 0xa6, 0x7f, 0xc0, 0x1e,
    0x8c, 0xcf, 0xc0, 0x1f, 0xfd, 0x8b, 0xff, 0xfc,
    0x1, 0xff, 0xf6, 0x34, 0x4f, 0xe2, 0x0, 0xd1,
    0x77, 0xfd, 0x40, 0x1f, 0xfd, 0x20,

    /* U+00CA "Ê" */
    0x0, 0xe6, 0xff, 0x72, 0x0, 0x7f, 0x44, 0x80,
    0x6, 0xd8, 0x3, 0xeb, 0x70, 0x2a, 0x10, 0x99,
    0x0, 0x76, 0xa0, 0x26, 0xaf, 0x90, 0x35, 0x0,
    0x6d, 0xff, 0x58, 0x0, 0x77, 0xfd, 0x40, 0x1f,
    0xfc, 0x5d, 0xff, 0xff, 0xe0, 0xb8, 0x7, 0xff,
    0x59, 0xea, 0xbf, 0x94, 0x3, 0x62, 0xaf, 0xf1,
    0x0, 0x7f, 0xf9, 0x4c, 0xff, 0x80, 0x3d, 0x19,
    0x9f, 0x80, 0x3f, 0xfb, 0x17, 0xff, 0xf8, 0x3,
    0xff, 0xec, 0x68, 0x9f, 0xc4, 0x1, 0xa2, 0xef,
    0xfa, 0x80, 0x3f, 0xfa, 0x40,

    /* U+00CB "Ë" */
    0x0, 0x1c, 0xb8, 0x6, 0x29, 0x81, 0x0, 0xd8,
    0xd1, 0x40, 0x16, 0x33, 0xd8, 0x4, 0x20, 0x13,
    0x0, 0x4, 0x40, 0x6, 0x0, 0x85, 0xc0, 0x7c,
    0x0, 0x30, 0x3, 0x0, 0x1a, 0x3f, 0x8c, 0x2,
    0x7f, 0xe4, 0x0, 0xff, 0xe2, 0xef, 0xff, 0xff,
    0x5, 0xc0, 0x3f, 0xfa, 0xcf, 0x55, 0xfc, 0xa0,
    0x1b, 0x15, 0x7f, 0x88, 0x3, 0xff, 0xca, 0x67,
    0xfc, 0x1, 0xe8, 0xcc, 0xfc, 0x1, 0xff, 0xd8,
    0xbf, 0xff, 0xc0, 0x1f, 0xff, 0x63, 0x44, 0xfe,
    0x20, 0xd, 0x17, 0x7f, 0xd4, 0x1, 0xff, 0xd2,

    /* U+00CC "Ì" */
    0x0, 0xff, 0xe1, 0x97, 0x7f, 0xc6, 0x1, 0xf8,
    0xb4, 0x2, 0xe0, 0xf, 0xe3, 0xc0, 0x1, 0x38,
    0x7, 0xf1, 0xd8, 0x2, 0x8, 0x3, 0xf9, 0x3f,
    0xe2, 0x0, 0xe2, 0xff, 0xff, 0xe0, 0x10, 0x7,
    0xff, 0x40, 0xae, 0xe9, 0x0, 0xd7, 0x78, 0x81,
    0x12, 0x70, 0xc, 0x89, 0x80, 0x3f, 0xff, 0xe0,
    0x1f, 0xff, 0xf0, 0xf, 0xfe, 0x42, 0x26, 0x0,
    0xc8, 0x98, 0xa, 0xee, 0xa0, 0xd, 0x77, 0x88,
    0x3, 0xff, 0xa0,

    /* U+00CD "Í" */
    0x0, 0xff, 0xe4, 0xcf, 0xfd, 0x60, 0x1f, 0x8d,
    0x80, 0x9, 0x60, 0x1f, 0xb8, 0x0, 0x96, 0x1,
    0xfa, 0x48, 0x12, 0xc0, 0x3f, 0xa7, 0xfd, 0x60,
    0x1c, 0x5f, 0xff, 0xfc, 0x2, 0x0, 0xff, 0xe8,
    0x15, 0xdd, 0x20, 0x1a, 0xef, 0x10, 0x22, 0x4e,
    0x1, 0x91, 0x30, 0x7, 0xff, 0xfc, 0x3, 0xff,
    0xfe, 0x1, 0xff, 0xc8, 0x44, 0xc0, 0x19, 0x13,
    0x1, 0x5d, 0xd4, 0x1, 0xae, 0xf1, 0x0, 0x7f,
    0xf4, 0x0,

    /* U+00CE "Î" */
    0x0, 0xc5, 0xbf, 0xe8, 0x0, 0xfc, 0x78, 0x40,
    0x7, 0xb0, 0xf, 0x36, 0x8, 0x4a, 0x2, 0x69,
    0x0, 0x4d, 0x20, 0x38, 0xd6, 0xe0, 0x58, 0x40,
    0x6, 0xff, 0x71, 0x80, 0x23, 0xfd, 0xc4, 0x1,
    0xff, 0xc3, 0x2f, 0xff, 0xfe, 0x1, 0x0, 0x7f,
    0xf4, 0xa, 0xee, 0x90, 0xd, 0x77, 0x88, 0x11,
    0x27, 0x0, 0xc8, 0x98, 0x3, 0xff, 0xfe, 0x1,
    0xff, 0xff, 0x0, 0xff, 0xe4, 0x22, 0x60, 0xc,
    0x89, 0x80, 0xae, 0xea, 0x0, 0xd7, 0x78, 0x80,
    0x3f, 0xfa, 0x0,

    /* U+00CF "Ï" */
    0x0, 0x3c, 0x98, 0x6, 0x79, 0x30, 0xa, 0x61,
    0xb0, 0x2, 0x98, 0x6c, 0x10, 0x1, 0x0, 0x44,
    0x0, 0x20, 0x8, 0xc0, 0x10, 0x40, 0xe4, 0x0,
    0x82, 0x6, 0x20, 0x1, 0xef, 0xc0, 0x4, 0x7b,
    0xf2, 0x1, 0xff, 0xc4, 0x2f, 0xff, 0xfe, 0x1,
    0x0, 0x7f, 0xf4, 0xa, 0xee, 0x90, 0xd, 0x77,
    0x88, 0x11, 0x27, 0x0, 0xc8, 0x98, 0x3, 0xff,
    0xfe, 0x1, 0xff, 0xff, 0x0, 0xff, 0xe4, 0x22,
    0x60, 0xc, 0x89, 0x80, 0xae, 0xea, 0x0, 0xd7,
    0x78, 0x80, 0x3f, 0xfa, 0x0,

    /* U+00D0 "Ð" */
    0x0, 0xbf, 0xfe, 0xd9, 0x30, 0xf, 0xfe, 0x19,
    0x36, 0x59, 0x0, 0x7f, 0xf1, 0x13, 0xc, 0x3,
    0xfa, 0x2a, 0x54, 0x2, 0x1d, 0x10, 0xf, 0xc8,
    0xad, 0x58, 0x20, 0x1, 0xb0, 0xf, 0xfe, 0x1,
    0xd0, 0x4, 0xa4, 0x1, 0xff, 0xc0, 0x43, 0x0,
    0x94, 0x3, 0xff, 0x82, 0x80, 0x16, 0x0, 0x7f,
    0xf0, 0x74, 0x2, 0x69, 0xff, 0x0, 0x6c, 0xff,
    0x40, 0x0, 0x40, 0x23, 0x0, 0xff, 0xe3, 0x63,
    0x30, 0x3, 0x23, 0x33, 0x40, 0x3e, 0x59, 0x90,
    0x6, 0x89, 0x92, 0x80, 0x4, 0x2, 0x30, 0xf,
    0xfe, 0x9, 0x0, 0x4c, 0x1, 0xff, 0xc1, 0xb0,
    0xb, 0x0, 0x3f, 0xf8, 0x8, 0x60, 0x12, 0x80,
    0x7f, 0xc5, 0x40, 0x12, 0x90, 0x7, 0xca, 0x8b,
    0x3a, 0x20, 0x1, 0xb0, 0xf, 0xd3, 0x74, 0xc0,
    0x1b, 0x44, 0x3, 0xff, 0x84, 0x7a, 0x60, 0x1f,
    0xfc, 0x2, 0x5b, 0xc2, 0x0, 0x80,

    /* U+00D1 "Ñ" */
    0x0, 0xc7, 0xe, 0x20, 0x13, 0xb0, 0x80, 0x65,
    0xc7, 0x8e, 0x71, 0x38, 0x92, 0x0, 0xd6, 0x1,
    0xa3, 0xb0, 0x4, 0xc0, 0x24, 0x10, 0xce, 0x70,
    0xd, 0x60, 0x19, 0x62, 0x6, 0x31, 0xb0, 0xf8,
    0xa0, 0x18, 0x5d, 0xc0, 0x11, 0x3c, 0x18, 0x7,
    0xff, 0x18, 0xff, 0xf1, 0x0, 0x62, 0xff, 0xc0,
    0x1d, 0x60, 0x1f, 0xfc, 0x26, 0x10, 0xf, 0xfe,
    0x13, 0x0, 0x7f, 0xf0, 0xa4, 0x3, 0xff, 0x84,
    0x2a, 0x1, 0xff, 0xc2, 0x90, 0xf, 0xfe, 0x11,
    0x98, 0x3, 0xfe, 0x60, 0x4, 0x80, 0x7f, 0xd6,
    0x0, 0x51, 0x0, 0xff, 0x12, 0x0, 0x24, 0x3,
    0xfe, 0xf0, 0x3, 0x8, 0x7, 0xf9, 0x8, 0x6,
    0x80, 0x3f, 0xeb, 0x0, 0x30, 0x7, 0xfc, 0xc2,
    0x1, 0xff, 0xc2, 0x60, 0xf, 0xfe, 0x14, 0x80,
    0x7f, 0xf0, 0x85, 0x40, 0x3f, 0xf8, 0x52, 0x1,
    0xff, 0xc2, 0x33, 0x0, 0x7f, 0xf0, 0xa4, 0x3,
    0x0,

    /* U+00D2 "Ò" */
    0x0, 0xff, 0xe3, 0xe, 0xff, 0xcc, 0x1, 0xfe,
    0x1c, 0x20, 0x4, 0x88, 0x7, 0xf8, 0x70, 0x80,
    0x14, 0x1, 0xff, 0xf, 0x88, 0x22, 0x80, 0x7f,
    0xc5, 0xdf, 0xe5, 0x0, 0xff, 0xe7, 0x25, 0x77,
    0xfb, 0x64, 0x80, 0x3e, 0xab, 0x51, 0x0, 0x13,
    0x6c, 0x0, 0x75, 0xa8, 0x7, 0xe7, 0xa0, 0x9,
    0xd0, 0x2, 0x59, 0x83, 0x0, 0x95, 0x40, 0x9,
    0x0, 0xa2, 0x99, 0xf1, 0x40, 0x2b, 0x5, 0x10,
    0x1, 0x38, 0x6, 0xb0, 0x8, 0x53, 0x0, 0x24,
    0x0, 0xe1, 0x50, 0xb, 0x8, 0x2, 0xf0, 0xf,
    0x68, 0x4, 0x6e, 0x1, 0x18, 0x7, 0x84, 0x2,
    0x71, 0x0, 0xff, 0xf1, 0x88, 0x7, 0xff, 0xd,
    0xc0, 0x23, 0x0, 0xf0, 0x80, 0x4e, 0x40, 0x17,
    0x80, 0x7b, 0x40, 0x23, 0xc0, 0x9, 0xc0, 0x38,
    0x54, 0x2, 0xc5, 0x0, 0x85, 0xc0, 0x35, 0x80,
    0x42, 0x81, 0x0, 0x14, 0x53, 0x33, 0x14, 0x2,
    0xb0, 0x3, 0xa0, 0x4, 0xb3, 0x23, 0x0, 0x95,
    0x40, 0x15, 0xa8, 0x7, 0xe6, 0xa0, 0xe, 0xab,
    0x51, 0x0, 0x13, 0x6c, 0x80, 0x40,

    /* U+00D3 "Ó" */
    0x0, 0xfe, 0x11, 0xc0, 0x1f, 0xf2, 0xf7, 0x58,
    0x20, 0x1f, 0xc3, 0x60, 0x2, 0xc1, 0x0, 0xfe,
    0xa1, 0x2, 0xc1, 0x0, 0xfe, 0x54, 0x2, 0xc1,
    0x0, 0xff, 0x2f, 0xfb, 0x44, 0x3, 0xff, 0x9a,
    0x95, 0xdf, 0xed, 0x92, 0x0, 0xfa, 0xad, 0x44,
    0x0, 0x4d, 0xb0, 0x1, 0xd6, 0xa0, 0x1f, 0x9e,
    0x80, 0x27, 0x40, 0x9, 0x66, 0xc, 0x2, 0x55,
    0x0, 0x24, 0x2, 0x8a, 0x67, 0xc5, 0x0, 0xac,
    0x14, 0x40, 0x4, 0xe0, 0x1a, 0xc0, 0x21, 0x4c,
    0x0, 0x90, 0x3, 0x85, 0x40, 0x2c, 0x20, 0xb,
    0xc0, 0x3d, 0xa0, 0x11, 0xb8, 0x4, 0x60, 0x1e,
    0x10, 0x9, 0xc4, 0x3, 0xff, 0xc6, 0x20, 0x1f,
    0xfc, 0x37, 0x0, 0x8c, 0x3, 0xc2, 0x1, 0x39,
    0x0, 0x5e, 0x1, 0xed, 0x0, 0x8f, 0x0, 0x27,
    0x0, 0xe1, 0x50, 0xb, 0x14, 0x2, 0x17, 0x0,
    0xd6, 0x1, 0xa, 0x4, 0x0, 0x51, 0x4c, 0xcc,
    0x50, 0xa, 0xc0, 0xe, 0x80, 0x12, 0xcc, 0x8c,
    0x2, 0x55, 0x0, 0x56, 0xa0, 0x1f, 0x9a, 0x80,
    0x3a, 0xad, 0x44, 0x0, 0x4d, 0xb2, 0x1, 0x0,

    /* U+00D4 "Ô" */
    0x0, 0xf2, 0x44, 0x10, 0x3, 0xfe, 0x8b, 0x77,
    0x5c, 0x0, 0x7e, 0x1c, 0x70, 0x44, 0x3, 0xe1,
    0x0, 0x71, 0xf9, 0x84, 0x5d, 0xa0, 0xf, 0x50,
    0x3, 0x1f, 0x7f, 0x9c, 0x0, 0xff, 0xf2, 0x0,
    0x7f, 0xf6, 0x92, 0xbb, 0xfd, 0xb2, 0x40, 0x1f,
    0x55, 0xa8, 0x80, 0x9, 0xb6, 0x0, 0x3a, 0xd4,
    0x3, 0xf3, 0xd0, 0x4, 0xe8, 0x1, 0x2c, 0xc1,
    0x80, 0x4a, 0xa0, 0x4, 0x80, 0x51, 0x4c, 0xf8,
    0xa0, 0x15, 0x82, 0x88, 0x0, 0x9c, 0x3, 0x58,
    0x4, 0x29, 0x80, 0x12, 0x0, 0x70, 0xa8, 0x5,
    0x84, 0x1, 0x78, 0x7, 0xb4, 0x2, 0x37, 0x0,
    0x8c, 0x3, 0xc2, 0x1, 0x38, 0x80, 0x7f, 0xf8,
    0xc4, 0x3, 0xff, 0x86, 0xe0, 0x11, 0x80, 0x78,
    0x40, 0x27, 0x20, 0xb, 0xc0, 0x3d, 0xa0, 0x11,
    0xe0, 0x4, 0xe0, 0x1c, 0x2a, 0x1, 0x62, 0x80,
    0x42, 0xe0, 0x1a, 0xc0, 0x21, 0x40, 0x80, 0xa,
    0x29, 0x99, 0x8a, 0x1, 0x58, 0x1, 0xd0, 0x2,
    0x59, 0x91, 0x80, 0x4a, 0xa0, 0xa, 0xd4, 0x3,
    0xf3, 0x50, 0x7, 0x55, 0xa8, 0x80, 0x9, 0xb6,
    0x40, 0x20,

    /* U+00D5 "Õ" */
    0x0, 0xff, 0xe4, 0x57, 0xf4, 0x8, 0x3, 0x74,
    0x60, 0x1d, 0x4a, 0x2, 0xfd, 0x58, 0x44, 0x10,
    0xc, 0x4a, 0x6, 0xa0, 0x5, 0x30, 0x42, 0x0,
    0xc2, 0x22, 0xca, 0xe7, 0x10, 0x5b, 0x0, 0xe3,
    0xec, 0x0, 0xc, 0x77, 0xd0, 0x7, 0xe1, 0x0,
    0xff, 0xe9, 0xa5, 0x77, 0xfb, 0x64, 0x80, 0x3e,
    0xab, 0x51, 0x0, 0x13, 0x6c, 0x0, 0x75, 0xa8,
    0x7, 0xe7, 0xa0, 0x9, 0xd0, 0x2, 0x59, 0x83,
    0x0, 0x95, 0x40, 0x9, 0x0, 0xa2, 0x99, 0xf1,
    0x40, 0x2b, 0x5, 0x10, 0x1, 0x38, 0x6, 0xb0,
    0x8, 0x53, 0x0, 0x24, 0x0, 0xe1, 0x50, 0xb,
    0x8, 0x2, 0xf0, 0xf, 0x68, 0x4, 0x6e, 0x1,
    0x18, 0x7, 0x84, 0x2, 0x71, 0x0, 0xff, 0xf1,
    0x88, 0x7, 0xff, 0xd, 0xc0, 0x23, 0x0, 0xf0,
    0x80, 0x4e, 0x40, 0x17, 0x80, 0x7b, 0x40, 0x23,
    0xc0, 0x9, 0xc0, 0x38, 0x54, 0x2, 0xc5, 0x0,
    0x85, 0xc0, 0x35, 0x80, 0x42, 0x81, 0x0, 0x14,
    0x53, 0x33, 0x14, 0x2, 0xb0, 0x3, 0xa0, 0x4,
    0xb3, 0x23, 0x0, 0x95, 0x40, 0x15, 0xa8, 0x7,
    0xe6, 0xa0, 0xe, 0xab, 0x51, 0x0, 0x13, 0x6c,
    0x80, 0x40,

    /* U+00D6 "Ö" */
    0x0, 0xe, 0x7d, 0x80, 0x43, 0x9f, 0x60, 0x1d,
    0x26, 0x8, 0xa0, 0x6, 0x30, 0x46, 0x0, 0xdc,
    0x1, 0x30, 0x0, 0x40, 0x22, 0x0, 0xcd, 0x2d,
    0x46, 0x0, 0x69, 0x6a, 0x40, 0xe, 0x69, 0x50,
    0xc, 0xd2, 0xa0, 0x1f, 0xfc, 0xb4, 0xae, 0xff,
    0x6c, 0x90, 0x7, 0xd5, 0x6a, 0x20, 0x2, 0x6d,
    0x80, 0xe, 0xb5, 0x0, 0xfc, 0xf4, 0x1, 0x3a,
    0x0, 0x4b, 0x30, 0x60, 0x12, 0xa8, 0x1, 0x20,
    0x14, 0x53, 0x3e, 0x28, 0x5, 0x60, 0xa2, 0x0,
    0x27, 0x0, 0xd6, 0x1, 0xa, 0x60, 0x4, 0x80,
    0x1c, 0x2a, 0x1, 0x61, 0x0, 0x5e, 0x1, 0xed,
    0x0, 0x8d, 0xc0, 0x23, 0x0, 0xf0, 0x80, 0x4e,
    0x20, 0x1f, 0xfe, 0x31, 0x0, 0xff, 0xe1, 0xb8,
    0x4, 0x60, 0x1e, 0x10, 0x9, 0xc8, 0x2, 0xf0,
    0xf, 0x68, 0x4, 0x78, 0x1, 0x38, 0x7, 0xa,
    0x80, 0x58, 0xa0, 0x10, 0xb8, 0x6, 0xb0, 0x8,
    0x50, 0x20, 0x2, 0x8a, 0x66, 0x62, 0x80, 0x56,
    0x0, 0x74, 0x0, 0x96, 0x64, 0x60, 0x12, 0xa8,
    0x2, 0xb5, 0x0, 0xfc, 0xd4, 0x1, 0xd5, 0x6a,
    0x20, 0x2, 0x6d, 0x90, 0x8,

    /* U+00D7 "×" */
    0x0, 0x51, 0x80, 0x7d, 0x46, 0x1, 0x5a, 0xe9,
    0x80, 0x75, 0x2e, 0x18, 0x3a, 0x0, 0xe9, 0x80,
    0x54, 0xa0, 0xe, 0x7, 0x50, 0x0, 0xe9, 0x5,
    0x28, 0x0, 0x7c, 0x1, 0x4a, 0x0, 0x1c, 0xb5,
    0x0, 0xe, 0x90, 0x5, 0x4a, 0x0, 0x14, 0x0,
    0xe, 0x98, 0x7, 0x52, 0x80, 0x61, 0xd3, 0x0,
    0xf8, 0xc0, 0x38, 0x40, 0x3e, 0x96, 0x0, 0xc3,
    0x84, 0x1, 0xd2, 0xc0, 0x11, 0x80, 0x7, 0x8,
    0x2, 0x96, 0x0, 0xb3, 0x8, 0x0, 0x1c, 0x20,
    0x76, 0x0, 0xb0, 0xc2, 0xd0, 0x0, 0x3e, 0xe,
    0x60, 0xc, 0x30, 0xa, 0xd0, 0x1, 0x20, 0xc,
    0x4b, 0x30, 0xe, 0xb4, 0xb4, 0x0,

    /* U+00D8 "Ø" */
    0x0, 0xff, 0xe0, 0x9f, 0xf9, 0xc0, 0x38, 0xeb,
    0xbf, 0xdb, 0x25, 0x20, 0x2e, 0x1, 0xab, 0x14,
    0x40, 0x4, 0xda, 0xa1, 0x20, 0x1a, 0xd4, 0x3,
    0xfc, 0xe0, 0x13, 0x20, 0x4, 0x93, 0x6, 0x1,
    0x98, 0x2, 0x80, 0x9, 0xed, 0x9f, 0x4, 0x2,
    0x80, 0x2, 0x8, 0x0, 0x60, 0x2, 0x71, 0x0,
    0x85, 0x43, 0x0, 0x24, 0x0, 0x8a, 0x0, 0x3b,
    0x0, 0x80, 0x22, 0x0, 0xa4, 0x6, 0x0, 0x25,
    0x1, 0x0, 0xbc, 0x0, 0x88, 0x8, 0x20, 0x8,
    0x41, 0xc0, 0x21, 0x0, 0x48, 0x1b, 0x8, 0x4,
    0x60, 0x1f, 0x39, 0x7, 0x80, 0x7f, 0xf0, 0xa,
    0x1, 0x8c, 0x3, 0xe7, 0x0, 0xd2, 0x3, 0x0,
    0x1, 0x0, 0x8c, 0x4, 0x2, 0xa4, 0x8, 0x10,
    0x1, 0x80, 0x42, 0x4, 0x1, 0x18, 0x1b, 0x0,
    0x5e, 0x1, 0x30, 0x60, 0x7, 0x78, 0x6, 0x70,
    0xb, 0xc1, 0x8, 0x2, 0x43, 0x0, 0xa0, 0x40,
    0x25, 0x0, 0x40, 0x4, 0x96, 0xcc, 0xb7, 0x0,
    0xa0, 0x2, 0x10, 0xc, 0x93, 0x24, 0x0, 0x91,
    0xc0, 0x29, 0x0, 0xff, 0x35, 0x80, 0x4c, 0x41,
    0x78, 0xa2, 0x0, 0x26, 0xc9, 0x0, 0x86, 0x1,
    0x50, 0xeb, 0xbf, 0xdb, 0x26, 0x1, 0x80,

    /* U+00D9 "Ù" */
    0x0, 0xb3, 0xfe, 0x80, 0xf, 0xfb, 0xc, 0x0,
    0xe4, 0x1, 0xff, 0x69, 0x0, 0x38, 0x3, 0xfe,
    0x1c, 0x20, 0x36, 0x0, 0xff, 0x87, 0x7f, 0xcc,
    0x1, 0xff, 0xca, 0x2f, 0xfc, 0x1, 0xef, 0xfc,
    0x40, 0x1f, 0xff, 0xf0, 0xf, 0xff, 0xf8, 0x7,
    0xff, 0xb8, 0xc0, 0x3f, 0xf8, 0x46, 0x20, 0x18,
    0xc0, 0x31, 0x80, 0x61, 0x4, 0x0, 0xa4, 0x3,
    0x48, 0x4, 0x80, 0xe, 0x0, 0x96, 0x95, 0x56,
    0xa0, 0x17, 0x0, 0x15, 0x0, 0x25, 0xaa, 0x20,
    0x4, 0x8a, 0x1, 0x5a, 0x0, 0x7e, 0x4b, 0x0,
    0xeb, 0xb2, 0x88, 0x0, 0x96, 0xec, 0x1, 0x0,

    /* U+00DA "Ú" */
    0x0, 0xfc, 0x7f, 0xf7, 0x18, 0x7, 0xfb, 0x80,
    0x3, 0xa6, 0x1, 0xfd, 0x4, 0x3, 0xa6, 0x1,
    0xfc, 0x6e, 0x3, 0xa6, 0x1, 0xfe, 0x3f, 0xf7,
    0x18, 0x7, 0xff, 0x24, 0xbf, 0xf0, 0x7, 0xbf,
    0xf1, 0x0, 0x7f, 0xff, 0xc0, 0x3f, 0xff, 0xe0,
    0x1f, 0xfe, 0xe3, 0x0, 0xff, 0xe1, 0x18, 0x80,
    0x63, 0x0, 0xc6, 0x1, 0x84, 0x10, 0x2, 0x90,
    0xd, 0x20, 0x12, 0x0, 0x38, 0x2, 0x5a, 0x55,
    0x5a, 0x80, 0x5c, 0x0, 0x54, 0x0, 0x96, 0xa8,
    0x80, 0x12, 0x28, 0x5, 0x68, 0x1, 0xf9, 0x2c,
    0x3, 0xae, 0xca, 0x20, 0x2, 0x5b, 0xb0, 0x4,

    /* U+00DB "Û" */
    0x0, 0xf1, 0x44, 0x10, 0x3, 0xfe, 0x4d, 0x77,
    0x5c, 0x0, 0x7f, 0x3d, 0x80, 0x8, 0x1e, 0x80,
    0x3e, 0x98, 0x1, 0xcc, 0x18, 0x2e, 0x8, 0x6,
    0x21, 0x78, 0xf3, 0x1c, 0x87, 0x45, 0x0, 0xc5,
    0x10, 0x71, 0x0, 0x9e, 0x20, 0x80, 0x1f, 0xfc,
    0x62, 0xff, 0xc0, 0x1e, 0xff, 0xc4, 0x1, 0xff,
    0xff, 0x0, 0xff, 0xff, 0x80, 0x7f, 0xfb, 0x8c,
    0x3, 0xff, 0x84, 0x62, 0x1, 0x8c, 0x3, 0x18,
    0x6, 0x10, 0x40, 0xa, 0x40, 0x34, 0x80, 0x48,
    0x0, 0xe0, 0x9, 0x69, 0x55, 0x6a, 0x1, 0x70,
    0x1, 0x50, 0x2, 0x5a, 0xa2, 0x0, 0x48, 0xa0,
    0x15, 0xa0, 0x7, 0xe4, 0xb0, 0xe, 0xbb, 0x28,
    0x80, 0x9, 0x6e, 0xc0, 0x10,

    /* U+00DC "Ü" */
    0x0, 0xaf, 0xf0, 0x40, 0x2b, 0xfc, 0x10, 0xc,
    0xc8, 0x6, 0xc0, 0x5, 0x40, 0x39, 0x0, 0xc4,
    0x1, 0x10, 0x1, 0x80, 0x2e, 0x0, 0xc9, 0x4d,
    0x4a, 0x0, 0x3a, 0x69, 0x60, 0xe, 0x59, 0x50,
    0xc, 0xb2, 0xc0, 0x1f, 0xfc, 0x72, 0xff, 0xc0,
    0x1e, 0xff, 0xc4, 0x1, 0xff, 0xff, 0x0, 0xff,
    0xff, 0x80, 0x7f, 0xfb, 0x8c, 0x3, 0xff, 0x84,
    0x62, 0x1, 0x8c, 0x3, 0x18, 0x6, 0x10, 0x40,
    0xa, 0x40, 0x34, 0x80, 0x48, 0x0, 0xe0, 0x9,
    0x69, 0x55, 0x6a, 0x1, 0x70, 0x1, 0x50, 0x2,
    0x5a, 0xa2, 0x0, 0x48, 0xa0, 0x15, 0xa0, 0x7,
    0xe4, 0xb0, 0xe, 0xbb, 0x28, 0x80, 0x9, 0x6e,
    0xc0, 0x10,

    /* U+00DD "Ý" */
    0x0, 0xff, 0xe7, 0x9f, 0xfd, 0xc6, 0x1, 0xff,
    0xc0, 0xe0, 0x0, 0xe9, 0x80, 0x7f, 0xd0, 0x40,
    0x3a, 0x60, 0x1f, 0xf1, 0xb8, 0xe, 0x98, 0x7,
    0xff, 0x0, 0xff, 0xdc, 0x60, 0x1e, 0x4f, 0xfc,
    0x60, 0x1f, 0x67, 0xfd, 0x68, 0x60, 0x14, 0x80,
    0x78, 0xcc, 0x1, 0x40, 0x40, 0x4, 0xa2, 0x1,
    0xd2, 0x1, 0x21, 0x82, 0x18, 0x5, 0x20, 0x18,
    0x54, 0x2, 0x80, 0xa, 0x40, 0x26, 0x0, 0xd2,
    0x1, 0x21, 0x80, 0x4a, 0x40, 0x1, 0x50, 0x9,
    0x80, 0x2f, 0x0, 0xe8, 0x0, 0xa4, 0x0, 0xc2,
    0x0, 0x34, 0x0, 0xe5, 0x20, 0x1, 0x98, 0x2c,
    0x2, 0x80, 0xf, 0xac, 0x2, 0x94, 0x20, 0x1,
    0xa0, 0x7, 0xcc, 0x40, 0x5, 0x80, 0xa, 0x0,
    0x3f, 0xac, 0x2, 0x30, 0x1, 0xa0, 0x7, 0xf3,
    0x8, 0x7, 0x48, 0x7, 0xfd, 0x0, 0x18, 0x94,
    0x3, 0xfe, 0x60, 0xd, 0x0, 0x1f, 0xfc, 0x11,
    0x0, 0x98, 0x3, 0xff, 0xfe, 0x1, 0xff, 0xdb,

    /* U+00DE "Þ" */
    0xff, 0xc2, 0x1, 0xff, 0xe3, 0x54, 0x41, 0x98,
    0x40, 0x3f, 0xd7, 0x76, 0x63, 0xb5, 0xc0, 0x3f,
    0xf8, 0x45, 0x1a, 0x40, 0x1f, 0xfc, 0x22, 0xc1,
    0x0, 0xee, 0xff, 0xba, 0x0, 0x21, 0x80, 0xf,
    0xe1, 0x79, 0x0, 0x98, 0x3, 0xfe, 0x60, 0xc,
    0x40, 0x1f, 0xf0, 0x80, 0x42, 0x1, 0xfe, 0x11,
    0x0, 0x44, 0x1, 0xfe, 0x80, 0x8, 0x84, 0x3,
    0x2a, 0x24, 0xb6, 0xc0, 0x15, 0x0, 0x75, 0xde,
    0xa4, 0x0, 0x8d, 0xc0, 0x3f, 0xf8, 0x2b, 0x80,
    0x1f, 0xf1, 0x36, 0x50, 0x7, 0xdd, 0xff, 0xb6,
    0x4c, 0x3, 0xff, 0xd0,

    /* U+00DF "ß" */
    0x0, 0x86, 0x37, 0xfd, 0xd4, 0x40, 0x1f, 0x2f,
    0x39, 0x0, 0x5, 0x75, 0x80, 0x39, 0x28, 0x3,
    0xf4, 0x98, 0x6, 0x90, 0x8, 0xea, 0x44, 0x2,
    0x80, 0x9, 0x8, 0x0, 0x38, 0xad, 0x40, 0x12,
    0x0, 0x46, 0x1, 0x38, 0x4, 0x80, 0x1f, 0x70,
    0x5, 0xc0, 0x11, 0x0, 0x42, 0x1, 0x18, 0x7,
    0xd4, 0x1, 0x30, 0x7, 0xf8, 0x5c, 0x2, 0x90,
    0xf, 0xf4, 0x80, 0x4e, 0x20, 0x1f, 0xe2, 0x0,
    0xb8, 0x3, 0xff, 0x87, 0x80, 0x1f, 0xf7, 0x80,
    0x4a, 0xc0, 0x1f, 0xe5, 0x30, 0xa, 0x54, 0x3,
    0xfd, 0xa4, 0x1, 0x51, 0x80, 0x7f, 0xe, 0x10,
    0x5, 0xe0, 0x1f, 0xe1, 0xf0, 0x8, 0xc8, 0x3,
    0xfc, 0x46, 0x1, 0x30, 0x7, 0xfc, 0x40, 0x13,
    0x80, 0x7b, 0x61, 0x52, 0x84, 0x2, 0x30, 0xe,
    0x32, 0x7a, 0xb5, 0x0, 0x98, 0x3, 0xc8, 0x1,
    0xf1, 0xc0, 0x7, 0x89, 0x8, 0x0, 0x27, 0x38,
    0x20,

    /* U+00E0 "à" */
    0x0, 0x27, 0xfe, 0x20, 0xf, 0xf2, 0x58, 0x5,
    0xc0, 0x1f, 0xf2, 0x50, 0x0, 0xd8, 0x3, 0xfe,
    0x5a, 0x0, 0x48, 0x80, 0x7f, 0xcb, 0xfd, 0xc1,
    0x0, 0xff, 0xe0, 0x88, 0x80, 0x3f, 0xc2, 0xf9,
    0xdf, 0xed, 0x93, 0x0, 0xf2, 0xf4, 0x18, 0x80,
    0x9, 0xb2, 0x80, 0x32, 0x50, 0x7, 0xf2, 0xc8,
    0x5, 0x0, 0x12, 0x6f, 0xf3, 0x80, 0x4c, 0x20,
    0x7, 0x44, 0xa8, 0x80, 0x61, 0x0, 0x27, 0x0,
    0x5d, 0xe1, 0x0, 0xc4, 0x1, 0x8, 0x6, 0x28,
    0xce, 0xff, 0x98, 0x3, 0xe9, 0xd7, 0x31, 0x0,
    0xff, 0x43, 0x0, 0x4b, 0x13, 0x23, 0x0, 0xf3,
    0x80, 0x57, 0x4e, 0xcc, 0x50, 0xe, 0x40, 0x8,
    0xd0, 0x3, 0xff, 0x84, 0x20, 0x1c, 0x80, 0x1c,
    0xc0, 0x11, 0x49, 0x93, 0x69, 0x0, 0x71, 0x20,
    0x4, 0xd9, 0xb2, 0x40, 0x1b, 0xc0, 0x14, 0x40,
    0x1f, 0x18, 0x4, 0x40, 0x1, 0xd8, 0x30, 0x0,
    0xb6, 0xf8, 0x4, 0xa0,

    /* U+00E1 "á" */
    0x0, 0xfd, 0x3f, 0xf5, 0x80, 0x7f, 0x91, 0x80,
    0x9, 0x60, 0x1f, 0xea, 0x0, 0x25, 0x80, 0x7f,
    0xa4, 0x41, 0x2c, 0x3, 0xfe, 0x9f, 0xf5, 0x80,
    0x7f, 0xf3, 0x45, 0xf3, 0xbf, 0xdb, 0x26, 0x1,
    0xe5, 0xe8, 0x31, 0x0, 0x13, 0x65, 0x0, 0x64,
    0xa0, 0xf, 0xe5, 0x90, 0xa, 0x0, 0x24, 0xdf,
    0xe7, 0x0, 0x98, 0x40, 0xe, 0x89, 0x51, 0x0,
    0xc2, 0x0, 0x4e, 0x0, 0xbb, 0xc2, 0x1, 0x88,
    0x2, 0x10, 0xc, 0x51, 0x9d, 0xff, 0x30, 0x7,
    0xd3, 0xae, 0x62, 0x1, 0xfe, 0x86, 0x0, 0x96,
    0x26, 0x46, 0x1, 0xe7, 0x0, 0xae, 0x9d, 0x98,
    0xa0, 0x1c, 0x80, 0x11, 0xa0, 0x7, 0xff, 0x8,
    0x40, 0x39, 0x0, 0x39, 0x80, 0x22, 0x93, 0x26,
    0xd2, 0x0, 0xe2, 0x40, 0x9, 0xb3, 0x64, 0x80,
    0x37, 0x80, 0x28, 0x80, 0x3e, 0x30, 0x8, 0x80,
    0x3, 0xb0, 0x60, 0x1, 0x6d, 0xf0, 0x9, 0x40,

    /* U+00E2 "â" */
    0x0, 0xe3, 0xef, 0xf4, 0x0, 0x7f, 0x9b, 0x4,
    0x0, 0xf8, 0x20, 0x1f, 0x54, 0x81, 0x63, 0x81,
    0xfa, 0x0, 0x73, 0xa, 0x36, 0x9c, 0x52, 0x2f,
    0x8, 0x6, 0x6b, 0xb4, 0x80, 0x4b, 0x76, 0xa1,
    0x0, 0xff, 0xe4, 0x8b, 0xe7, 0x7f, 0xb6, 0x4c,
    0x3, 0xcb, 0xd0, 0x62, 0x0, 0x26, 0xca, 0x0,
    0xc9, 0x40, 0x1f, 0xcb, 0x20, 0x14, 0x0, 0x49,
    0xbf, 0xce, 0x1, 0x30, 0x80, 0x1d, 0x12, 0xa2,
    0x1, 0x84, 0x0, 0x9c, 0x1, 0x77, 0x84, 0x3,
    0x10, 0x4, 0x20, 0x18, 0xa3, 0x3b, 0xfe, 0x60,
    0xf, 0xa7, 0x5c, 0xc4, 0x3, 0xfd, 0xc, 0x1,
    0x2c, 0x4c, 0x8c, 0x3, 0xce, 0x1, 0x5d, 0x3b,
    0x31, 0x40, 0x39, 0x0, 0x23, 0x40, 0xf, 0xfe,
    0x10, 0x80, 0x72, 0x0, 0x73, 0x0, 0x45, 0x26,
    0x4d, 0xa4, 0x1, 0xc4, 0x80, 0x13, 0x66, 0xc9,
    0x0, 0x6f, 0x0, 0x51, 0x0, 0x7c, 0x60, 0x11,
    0x0, 0x7, 0x60, 0xc0, 0x2, 0xdb, 0xe0, 0x12,
    0x80,

    /* U+00E3 "ã" */
    0x0, 0xff, 0xe3, 0x8d, 0xfe, 0x10, 0x5, 0xf4,
    0x1, 0xed, 0x40, 0x3d, 0x60, 0x70, 0x50, 0xe,
    0x43, 0x4, 0x30, 0x9f, 0x80, 0x50, 0xe, 0xc0,
    0x4b, 0xc9, 0x0, 0x86, 0xc0, 0x3a, 0xa3, 0x80,
    0xd, 0xae, 0xef, 0x10, 0xe, 0x27, 0x50, 0x8,
    0xa2, 0x2, 0x1, 0xff, 0xcb, 0x17, 0xce, 0xff,
    0x6c, 0x98, 0x7, 0x97, 0xa0, 0xc4, 0x0, 0x4d,
    0x94, 0x1, 0x92, 0x80, 0x3f, 0x96, 0x40, 0x28,
    0x0, 0x93, 0x7f, 0x9c, 0x2, 0x61, 0x0, 0x3a,
    0x25, 0x44, 0x3, 0x8, 0x1, 0x38, 0x2, 0xef,
    0x8, 0x6, 0x20, 0x8, 0x40, 0x31, 0x46, 0x77,
    0xfc, 0xc0, 0x1f, 0x4e, 0xb9, 0x88, 0x7, 0xfa,
    0x18, 0x2, 0x58, 0x99, 0x18, 0x7, 0x9c, 0x2,
    0xba, 0x76, 0x62, 0x80, 0x72, 0x0, 0x46, 0x80,
    0x1f, 0xfc, 0x21, 0x0, 0xe4, 0x0, 0xe6, 0x0,
    0x8a, 0x4c, 0x9b, 0x48, 0x3, 0x89, 0x0, 0x26,
    0xcd, 0x92, 0x0, 0xde, 0x0, 0xa2, 0x0, 0xf8,
    0xc0, 0x22, 0x0, 0xe, 0xc1, 0x80, 0x5, 0xb7,
    0xc0, 0x25, 0x0,

    /* U+00E4 "ä" */
    0x0, 0x27, 0x7b, 0x80, 0x47, 0xdf, 0x0, 0x1d,
    0x2, 0x10, 0x20, 0xf, 0x10, 0x71, 0x0, 0xcc,
    0x0, 0x11, 0x0, 0x18, 0x2, 0x10, 0xd, 0x6e,
    0xd8, 0x1, 0x5b, 0xb6, 0x0, 0x70, 0xc4, 0x90,
    0x4, 0x31, 0x26, 0x1, 0xff, 0xca, 0x17, 0xce,
    0xff, 0x6c, 0x98, 0x7, 0x97, 0xa0, 0xc4, 0x0,
    0x4d, 0x94, 0x1, 0x92, 0x80, 0x3f, 0x96, 0x40,
    0x28, 0x0, 0x93, 0x7f, 0x9c, 0x2, 0x61, 0x0,
    0x3a, 0x25, 0x44, 0x3, 0x8, 0x1, 0x38, 0x2,
    0xef, 0x8, 0x6, 0x20, 0x8, 0x40, 0x31, 0x46,
    0x77, 0xfc, 0xc0, 0x1f, 0x4e, 0xb9, 0x88, 0x7,
    0xfa, 0x18, 0x2, 0x58, 0x99, 0x18, 0x7, 0x9c,
    0x2, 0xba, 0x76, 0x62, 0x80, 0x72, 0x0, 0x46,
    0x80, 0x1f, 0xfc, 0x21, 0x0, 0xe4, 0x0, 0xe6,
    0x0, 0x8a, 0x4c, 0x9b, 0x48, 0x3, 0x89, 0x0,
    0x26, 0xcd, 0x92, 0x0, 0xde, 0x0, 0xa2, 0x0,
    0xf8, 0xc0, 0x22, 0x0, 0xe, 0xc1, 0x80, 0x5,
    0xb7, 0xc0, 0x25, 0x0,

    /* U+00E5 "å" */
    0x0, 0xf8, 0x40, 0x3f, 0xf8, 0x25, 0xbd, 0xf0,
    0x1, 0xff, 0x61, 0xd3, 0x3b, 0x0, 0x7f, 0x20,
    0xc2, 0xc8, 0xe8, 0x7, 0xf0, 0x81, 0x80, 0x4e,
    0x1, 0xfc, 0x81, 0x24, 0xc2, 0x80, 0x1f, 0xc3,
    0x47, 0xb2, 0x90, 0x1, 0xfe, 0x5f, 0xcd, 0xb0,
    0xf, 0xfe, 0x9, 0x90, 0x7, 0xf8, 0x5f, 0x3b,
    0xfd, 0xb2, 0x60, 0x1e, 0x5e, 0x83, 0x10, 0x1,
    0x36, 0x50, 0x6, 0x4a, 0x0, 0xfe, 0x59, 0x0,
    0xa0, 0x2, 0x4d, 0xfe, 0x70, 0x9, 0x84, 0x0,
    0xe8, 0x95, 0x10, 0xc, 0x20, 0x4, 0xe0, 0xb,
    0xbc, 0x20, 0x18, 0x80, 0x21, 0x0, 0xc5, 0x19,
    0xdf, 0xf3, 0x0, 0x7d, 0x3a, 0xe6, 0x20, 0x1f,
    0xe8, 0x60, 0x9, 0x62, 0x64, 0x60, 0x1e, 0x70,
    0xa, 0xe9, 0xd9, 0x8a, 0x1, 0xc8, 0x1, 0x1a,
    0x0, 0x7f, 0xf0, 0x84, 0x3, 0x90, 0x3, 0x98,
    0x2, 0x29, 0x32, 0x6d, 0x20, 0xe, 0x24, 0x0,
    0x9b, 0x36, 0x48, 0x3, 0x78, 0x2, 0x88, 0x3,
    0xe3, 0x0, 0x88, 0x0, 0x3b, 0x6, 0x0, 0x16,
    0xdf, 0x0, 0x94, 0x0,

    /* U+00E6 "æ" */
    0x0, 0xa3, 0x7f, 0xda, 0xe3, 0x3d, 0xfd, 0x44,
    0x1, 0xe, 0xb9, 0x0, 0xa, 0x39, 0x84, 0x5,
    0x74, 0xc0, 0x12, 0x40, 0x1f, 0xfc, 0x1f, 0x0,
    0x30, 0x5, 0x34, 0x1, 0x9a, 0xcc, 0x0, 0x66,
    0x9, 0x77, 0x4b, 0x2a, 0x0, 0x52, 0x90, 0x1,
    0x28, 0x3c, 0x41, 0x80, 0x2, 0x0, 0x10, 0xf,
    0x8, 0x4, 0x4f, 0x58, 0xa0, 0x1, 0xdd, 0x48,
    0x7, 0xa7, 0x61, 0x4c, 0x3, 0x11, 0x40, 0x1d,
    0xc, 0x1, 0xff, 0xc3, 0x17, 0x0, 0x97, 0x54,
    0x0, 0x3f, 0xfe, 0x75, 0x0, 0x86, 0x88, 0x3,
    0xfe, 0x10, 0x8, 0x80, 0x38, 0x44, 0x1, 0xe6,
    0x0, 0x8c, 0xc0, 0xc0, 0x16, 0x2a, 0x2d, 0x30,
    0x18, 0x80, 0x59, 0xe6, 0x1, 0x15, 0x5d, 0x2e,
    0x80, 0x2c, 0x3, 0xcc, 0x20, 0x1e, 0x40, 0x2,
    0xe2, 0x0, 0xa, 0x65, 0xec, 0x20, 0x2, 0x6c,
    0x0,

    /* U+00E7 "ç" */
    0x0, 0xc7, 0x3b, 0xfe, 0xea, 0x40, 0xf, 0x46,
    0x31, 0x0, 0x5, 0x6e, 0xc0, 0x1a, 0x5c, 0x3,
    0xf2, 0x58, 0x1, 0x18, 0x2, 0x5a, 0xa3, 0x0,
    0x48, 0xa1, 0xe0, 0x13, 0x52, 0xaa, 0x60, 0x2,
    0xf0, 0x40, 0xa, 0x0, 0x33, 0x80, 0x4e, 0x60,
    0x10, 0x88, 0x3, 0xbf, 0xed, 0x70, 0x8, 0x80,
    0x3f, 0xf9, 0xae, 0x1, 0x8, 0x7, 0xf8, 0xc0,
    0x22, 0x10, 0xe, 0x89, 0x93, 0x82, 0x0, 0x52,
    0x1, 0x91, 0xd9, 0x98, 0x10, 0x1, 0x3c, 0x99,
    0x9e, 0xc0, 0x2d, 0x3, 0x60, 0x9, 0xb3, 0x10,
    0x1, 0x1b, 0x0, 0x25, 0xc0, 0x3f, 0x2e, 0x0,
    0x68, 0xc6, 0x10, 0x9, 0x6e, 0x80, 0x3c, 0x72,
    0xe0, 0x3, 0xe4, 0x0, 0xfe, 0xf4, 0x3, 0xb5,
    0x0, 0xfe, 0x6b, 0x30, 0x7, 0x80, 0x7f, 0x13,
    0x98, 0x0, 0xc0, 0x3f, 0x92, 0x0, 0x3, 0x60,
    0x1f, 0xf1, 0x3f, 0x90, 0x4,

    /* U+00E8 "è" */
    0x0, 0x1f, 0xfe, 0x30, 0xf, 0xf1, 0xe0, 0x5,
    0xe0, 0x1f, 0xf1, 0xd8, 0x0, 0xdc, 0x3, 0xfe,
    0x4b, 0x0, 0x41, 0x0, 0x7f, 0xc9, 0xfd, 0xc2,
    0x0, 0xff, 0xe0, 0x88, 0x80, 0x3f, 0xe1, 0x8c,
    0xff, 0x75, 0xb0, 0x7, 0xcd, 0xce, 0x60, 0x1,
    0x49, 0xd2, 0x0, 0xcd, 0x20, 0x1f, 0x8b, 0x4,
    0x0, 0x52, 0x1, 0x25, 0x5c, 0x8, 0x0, 0x6c,
    0x1, 0x0, 0x12, 0xda, 0xa3, 0xf8, 0x80, 0x14,
    0x41, 0x40, 0x2b, 0x0, 0xc2, 0xc0, 0x12, 0x18,
    0x6, 0xcd, 0xde, 0x60, 0x8, 0x98, 0x3, 0x11,
    0x78, 0x40, 0x2f, 0x0, 0xff, 0xe2, 0x8, 0x4,
    0x3f, 0xff, 0xe8, 0x50, 0x8, 0x50, 0x3, 0xfc,
    0x26, 0x1, 0x51, 0x0, 0x73, 0xd8, 0x5, 0xe0,
    0x10, 0xec, 0x22, 0x1f, 0x21, 0x28, 0x0, 0x72,
    0x1, 0x9e, 0xed, 0x6, 0x0, 0x70, 0x9, 0xa8,
    0x40, 0x3f, 0x2e, 0x80, 0x65, 0xe9, 0x41, 0x0,
    0x13, 0x65, 0x0, 0x0,

    /* U+00E9 "é" */
    0x0, 0xfd, 0x1f, 0xf6, 0x0, 0x7f, 0x8d, 0xc0,
    0x7, 0x80, 0x1f, 0xee, 0x0, 0x1e, 0x0, 0x7f,
    0xa0, 0x80, 0xf0, 0x3, 0xfe, 0x8f, 0xf6, 0x0,
    0x7f, 0xf3, 0x86, 0x33, 0xfd, 0xd6, 0xc0, 0x1f,
    0x37, 0x39, 0x80, 0x5, 0x27, 0x48, 0x3, 0x34,
    0x80, 0x7e, 0x2c, 0x10, 0x1, 0x48, 0x4, 0x95,
    0x70, 0x20, 0x1, 0xb0, 0x4, 0x0, 0x4b, 0x6a,
    0x8f, 0xe2, 0x0, 0x51, 0x5, 0x0, 0xac, 0x3,
    0xb, 0x0, 0x48, 0x60, 0x1b, 0x37, 0x79, 0x80,
    0x22, 0x60, 0xc, 0x45, 0xe1, 0x0, 0xbc, 0x3,
    0xff, 0x88, 0x20, 0x10, 0xff, 0xff, 0xa1, 0x40,
    0x21, 0x40, 0xf, 0xf0, 0x98, 0x5, 0x44, 0x1,
    0xcf, 0x60, 0x17, 0x80, 0x43, 0xb0, 0x88, 0x7c,
    0x84, 0xa0, 0x1, 0xc8, 0x6, 0x7b, 0xb4, 0x18,
    0x1, 0xc0, 0x26, 0xa1, 0x0, 0xfc, 0xba, 0x1,
    0x97, 0xa5, 0x4, 0x0, 0x4d, 0x94, 0x0,

    /* U+00EA "ê" */
    0x0, 0xe2, 0xdf, 0xf4, 0x80, 0x7f, 0x97, 0x48,
    0x0, 0xd8, 0x40, 0x1f, 0x4d, 0x0, 0xe4, 0x1,
    0xea, 0x80, 0x72, 0x9a, 0xb7, 0x9b, 0xda, 0xab,
    0xc8, 0x3, 0x2d, 0x52, 0x44, 0x0, 0x95, 0x51,
    0x0, 0x7f, 0xf2, 0x86, 0x33, 0xfd, 0xd6, 0xc0,
    0x1f, 0x37, 0x39, 0x80, 0x5, 0x27, 0x48, 0x3,
    0x34, 0x80, 0x7e, 0x2c, 0x10, 0x1, 0x48, 0x4,
    0x95, 0x70, 0x20, 0x1, 0xb0, 0x4, 0x0, 0x4b,
    0x6a, 0x8f, 0xe2, 0x0, 0x51, 0x5, 0x0, 0xac,
    0x3, 0xb, 0x0, 0x48, 0x60, 0x1b, 0x37, 0x79,
    0x80, 0x22, 0x60, 0xc, 0x45, 0xe1, 0x0, 0xbc,
    0x3, 0xff, 0x88, 0x20, 0x10, 0xff, 0xff, 0xa1,
    0x40, 0x21, 0x40, 0xf, 0xf0, 0x98, 0x5, 0x44,
    0x1, 0xcf, 0x60, 0x17, 0x80, 0x43, 0xb0, 0x88,
    0x7c, 0x84, 0xa0, 0x1, 0xc8, 0x6, 0x7b, 0xb4,
    0x18, 0x1, 0xc0, 0x26, 0xa1, 0x0, 0xfc, 0xba,
    0x1, 0x97, 0xa5, 0x4, 0x0, 0x4d, 0x94, 0x0,

    /* U+00EB "ë" */
    0x0, 0x1e, 0xfc, 0x0, 0x47, 0xbf, 0x20, 0x1d,
    0x4, 0xe, 0x40, 0x8, 0x20, 0x62, 0x0, 0xc4,
    0x1, 0x18, 0x0, 0x80, 0x23, 0x0, 0xd3, 0xd,
    0x82, 0x0, 0x98, 0x6c, 0x10, 0xe, 0x79, 0x30,
    0xc, 0xf2, 0x60, 0x1f, 0xfc, 0xb1, 0x8c, 0xff,
    0x75, 0xb0, 0x7, 0xcd, 0xce, 0x60, 0x1, 0x49,
    0xd2, 0x0, 0xcd, 0x20, 0x1f, 0x8b, 0x4, 0x0,
    0x52, 0x1, 0x25, 0x5c, 0x8, 0x0, 0x6c, 0x1,
    0x0, 0x12, 0xda, 0xa3, 0xf8, 0x80, 0x14, 0x41,
    0x40, 0x2b, 0x0, 0xc2, 0xc0, 0x12, 0x18, 0x6,
    0xcd, 0xde, 0x60, 0x8, 0x98, 0x3, 0x11, 0x78,
    0x40, 0x2f, 0x0, 0xff, 0xe2, 0x8, 0x4, 0x3f,
    0xff, 0xe8, 0x50, 0x8, 0x50, 0x3, 0xfc, 0x26,
    0x1, 0x51, 0x0, 0x73, 0xd8, 0x5, 0xe0, 0x10,
    0xec, 0x22, 0x1f, 0x21, 0x28, 0x0, 0x72, 0x1,
    0x9e, 0xed, 0x6, 0x0, 0x70, 0x9, 0xa8, 0x40,
    0x3f, 0x2e, 0x80, 0x65, 0xe9, 0x41, 0x0, 0x13,
    0x65, 0x0, 0x0,

    /* U+00EC "ì" */
    0x0, 0x1f, 0xfe, 0x20, 0xf, 0xe3, 0xb0, 0xb,
    0x80, 0x3f, 0xc9, 0x60, 0x3, 0x60, 0xf, 0xf2,
    0x50, 0x2, 0x44, 0x3, 0xfc, 0xbf, 0xdc, 0x10,
    0xe, 0x1f, 0xff, 0x77, 0x30, 0x3, 0xff, 0xae,
    0x37, 0x79, 0xc0, 0x3f, 0xc8, 0x9b, 0x40, 0x3f,
    0xff, 0xe0, 0x1f, 0xfd, 0xc4, 0x4d, 0xa0, 0x10,
    0xa2, 0x61, 0x15, 0xde, 0x70, 0x8, 0xae, 0xf2,
    0x0, 0x7f, 0xf4, 0x80,

    /* U+00ED "í" */
    0x0, 0xfd, 0x1f, 0xf5, 0x80, 0x7f, 0x1b, 0x80,
    0x12, 0xc0, 0x3f, 0xb8, 0x0, 0x96, 0x1, 0xfd,
    0x24, 0x9, 0x60, 0x1f, 0xe9, 0xee, 0x58, 0x7,
    0xf, 0xff, 0xbb, 0x98, 0x1, 0xff, 0xd7, 0x1b,
    0xbc, 0xe0, 0x1f, 0xe4, 0x4d, 0xa0, 0x1f, 0xff,
    0xf0, 0xf, 0xfe, 0xe2, 0x26, 0xd0, 0x8, 0x51,
    0x30, 0x8a, 0xef, 0x38, 0x4, 0x57, 0x79, 0x0,
    0x3f, 0xfa, 0x40,

    /* U+00EE "î" */
    0x0, 0xe2, 0xdf, 0xf4, 0x80, 0x7f, 0x2e, 0x90,
    0x1, 0xb0, 0x40, 0x3d, 0x34, 0x3, 0x6c, 0x7,
    0xe8, 0x1, 0x99, 0x4d, 0x7d, 0x26, 0x8c, 0xbc,
    0x80, 0x26, 0xcc, 0x50, 0x80, 0x17, 0x31, 0x64,
    0x1, 0xff, 0xc4, 0x1f, 0xff, 0xd8, 0x1, 0xff,
    0xd7, 0x1b, 0xbc, 0xe0, 0x1f, 0xe4, 0x4d, 0xa0,
    0x1f, 0xff, 0xf0, 0xf, 0xfe, 0xe2, 0x26, 0xd0,
    0x8, 0x51, 0x30, 0x8a, 0xef, 0x38, 0x4, 0x57,
    0x79, 0x0, 0x3f, 0xfa, 0x40,

    /* U+00EF "ï" */
    0x0, 0x1f, 0x7b, 0x80, 0x47, 0xbf, 0x0, 0x1b,
    0xc4, 0x20, 0x40, 0x10, 0x40, 0xe4, 0x1, 0x30,
    0x4, 0x20, 0x1, 0x0, 0x8c, 0x2, 0xb7, 0x6c,
    0x0, 0xaa, 0x1b, 0x4, 0x2, 0x18, 0x93, 0x0,
    0xcf, 0x26, 0x0, 0x1f, 0xff, 0xd8, 0x1, 0xff,
    0xd7, 0x1b, 0xbc, 0xe0, 0x1f, 0xe4, 0x4d, 0xa0,
    0x1f, 0xff, 0xf0, 0xf, 0xfe, 0xe2, 0x26, 0xd0,
    0x8, 0x51, 0x30, 0x8a, 0xef, 0x38, 0x4, 0x57,
    0x79, 0x0, 0x3f, 0xfa, 0x40,

    /* U+00F0 "ð" */
    0x0, 0xff, 0xe6, 0x6d, 0x18, 0x6, 0x30, 0xf,
    0xc8, 0x4b, 0x96, 0x29, 0xb8, 0x80, 0x1f, 0x70,
    0x4, 0x9d, 0x64, 0x40, 0xf, 0xdc, 0x60, 0x1c,
    0xfa, 0x80, 0x1f, 0x2a, 0x0, 0x72, 0x80, 0x7e,
    0x7f, 0x70, 0x40, 0x8, 0x9c, 0x3, 0xef, 0x14,
    0xdb, 0x60, 0xa, 0x40, 0x3e, 0x8c, 0xa2, 0x8,
    0x0, 0x85, 0x40, 0x39, 0xf3, 0x1d, 0xfa, 0xca,
    0x1, 0x78, 0x4, 0x5b, 0x6, 0x1, 0x14, 0x28,
    0x4, 0xe0, 0x1, 0xc2, 0x0, 0xff, 0x88, 0x1,
    0x62, 0x1, 0x4f, 0xfb, 0xa4, 0x80, 0x30, 0x89,
    0x40, 0x2a, 0x60, 0x0, 0xb6, 0x80, 0x72, 0x80,
    0x44, 0xa0, 0x1f, 0xf1, 0x0, 0x4e, 0x1, 0xff,
    0x8, 0x7, 0xfc, 0x40, 0x10, 0x81, 0x0, 0x48,
    0x1, 0xe5, 0x0, 0x90, 0x10, 0x2, 0x17, 0x0,
    0xc5, 0x0, 0x17, 0x0, 0x20, 0x2, 0x8a, 0x54,
    0x7d, 0x0, 0x91, 0x0, 0x7, 0x40, 0x9, 0x6a,
    0xe0, 0x2, 0x2a, 0x0, 0xd6, 0xc0, 0x1f, 0x93,
    0x4, 0x3, 0xa7, 0x18, 0x80, 0x2, 0xb7, 0x61,
    0x0, 0x80,

    /* U+00F1 "ñ" */
    0x0, 0x92, 0x5c, 0x3, 0x43, 0x0, 0x73, 0x5b,
    0x47, 0x30, 0x23, 0xc9, 0x0, 0x43, 0x20, 0x10,
    0xcf, 0xd8, 0x11, 0x0, 0x24, 0x1, 0xde, 0x60,
    0xd, 0x20, 0x19, 0xe2, 0x4, 0x33, 0xae, 0xed,
    0x40, 0xc, 0x4e, 0xc0, 0x11, 0x44, 0x8, 0x3,
    0xff, 0x8f, 0xff, 0x60, 0x14, 0xef, 0xfb, 0x18,
    0x3, 0xc4, 0xba, 0xc4, 0x0, 0x39, 0xb0, 0xe,
    0x1a, 0x0, 0xf9, 0x18, 0x3, 0xd3, 0xdc, 0xb2,
    0x0, 0xac, 0x3, 0xad, 0x84, 0x49, 0xe0, 0x11,
    0x8, 0x6, 0x60, 0xc, 0x42, 0x1, 0x10, 0x7,
    0xf8, 0xc0, 0x3f, 0xff, 0xe0, 0x1f, 0xff, 0x40,

    /* U+00F2 "ò" */
    0x0, 0xe, 0x7f, 0xce, 0x1, 0xfe, 0x1d, 0x20,
    0x4, 0x10, 0x7, 0xf8, 0x70, 0x80, 0x12, 0x1,
    0xff, 0xe, 0x8, 0x23, 0x0, 0x7f, 0xc3, 0xdd,
    0x30, 0x7, 0xff, 0x4, 0x44, 0x1, 0xff, 0x25,
    0x77, 0xfb, 0x68, 0xc0, 0x3e, 0xab, 0x51, 0x0,
    0x12, 0xe5, 0x0, 0x75, 0xa8, 0x7, 0xe5, 0xb0,
    0x9, 0x90, 0x2, 0x6b, 0xa5, 0x0, 0x91, 0x80,
    0x10, 0x1, 0x44, 0xa2, 0xd3, 0x80, 0x56, 0x6,
    0x20, 0x13, 0x80, 0x68, 0x0, 0x88, 0x8a, 0x1,
    0x20, 0x7, 0x90, 0x2, 0x41, 0x0, 0x88, 0x3,
    0xc2, 0x1, 0x8, 0x7, 0xff, 0x10, 0x40, 0x22,
    0x0, 0xf0, 0x80, 0x42, 0xa0, 0x12, 0x80, 0x79,
    0x0, 0x24, 0x31, 0x0, 0xb, 0x80, 0x67, 0x0,
    0x88, 0x81, 0x0, 0x14, 0x4a, 0x22, 0x60, 0x2,
    0xb0, 0x3, 0x20, 0x4, 0xd7, 0x66, 0x0, 0x91,
    0x80, 0x2b, 0x50, 0xf, 0xcb, 0x60, 0x1d, 0x58,
    0xa4, 0x0, 0x25, 0xca, 0x0, 0x80,

    /* U+00F3 "ó" */
    0x0, 0xfc, 0x7f, 0xf7, 0x10, 0x7, 0xfb, 0x80,
    0x3, 0x84, 0x1, 0xfd, 0x24, 0x3, 0x84, 0x1,
    0xfc, 0x8c, 0x3, 0x84, 0x1, 0xfe, 0x4f, 0xf7,
    0x10, 0x7, 0xff, 0x35, 0x2b, 0xbf, 0xdb, 0x46,
    0x1, 0xf5, 0x5a, 0x88, 0x0, 0x97, 0x28, 0x3,
    0xad, 0x40, 0x3f, 0x2d, 0x80, 0x4c, 0x80, 0x13,
    0x5d, 0x28, 0x4, 0x8c, 0x0, 0x80, 0xa, 0x25,
    0x16, 0x9c, 0x2, 0xb0, 0x31, 0x0, 0x9c, 0x3,
    0x40, 0x4, 0x44, 0x50, 0x9, 0x0, 0x3c, 0x80,
    0x12, 0x8, 0x4, 0x40, 0x1e, 0x10, 0x8, 0x40,
    0x3f, 0xf8, 0x82, 0x1, 0x10, 0x7, 0x84, 0x2,
    0x15, 0x0, 0x94, 0x3, 0xc8, 0x1, 0x21, 0x88,
    0x0, 0x5c, 0x3, 0x38, 0x4, 0x44, 0x8, 0x0,
    0xa2, 0x51, 0x13, 0x0, 0x15, 0x80, 0x19, 0x0,
    0x26, 0xbb, 0x30, 0x4, 0x8c, 0x1, 0x5a, 0x80,
    0x7e, 0x5b, 0x0, 0xea, 0xc5, 0x20, 0x1, 0x2e,
    0x50, 0x4,

    /* U+00F4 "ô" */
    0x0, 0xf5, 0x7f, 0xb0, 0x40, 0x3f, 0x8b, 0x54,
    0x0, 0x7e, 0x80, 0x1f, 0x2e, 0x90, 0x4d, 0x88,
    0xae, 0x0, 0x38, 0xb9, 0x17, 0x19, 0x3d, 0x50,
    0xd4, 0x3, 0x15, 0xda, 0x8c, 0x0, 0x35, 0x76,
    0x50, 0xf, 0xfe, 0x52, 0x57, 0x7f, 0xb6, 0x8c,
    0x3, 0xea, 0xb5, 0x10, 0x1, 0x2e, 0x50, 0x7,
    0x5a, 0x80, 0x7e, 0x5b, 0x0, 0x99, 0x0, 0x26,
    0xba, 0x50, 0x9, 0x18, 0x1, 0x0, 0x14, 0x4a,
    0x2d, 0x38, 0x5, 0x60, 0x62, 0x1, 0x38, 0x6,
    0x80, 0x8, 0x88, 0xa0, 0x12, 0x0, 0x79, 0x0,
    0x24, 0x10, 0x8, 0x80, 0x3c, 0x20, 0x10, 0x80,
    0x7f, 0xf1, 0x4, 0x2, 0x20, 0xf, 0x8, 0x4,
    0x2a, 0x1, 0x28, 0x7, 0x90, 0x2, 0x43, 0x10,
    0x0, 0xb8, 0x6, 0x70, 0x8, 0x88, 0x10, 0x1,
    0x44, 0xa2, 0x26, 0x0, 0x2b, 0x0, 0x32, 0x0,
    0x4d, 0x76, 0x60, 0x9, 0x18, 0x2, 0xb5, 0x0,
    0xfc, 0xb6, 0x1, 0xd5, 0x8a, 0x40, 0x2, 0x5c,
    0xa0, 0x8,

    /* U+00F5 "õ" */
    0x0, 0xff, 0xe4, 0x47, 0xf2, 0x80, 0x57, 0x86,
    0x1, 0xce, 0xe0, 0x1a, 0xa0, 0x92, 0x1b, 0x80,
    0x74, 0x81, 0x28, 0x2f, 0x68, 0xa, 0x0, 0x63,
    0x10, 0xca, 0xc2, 0x0, 0xac, 0x3, 0x8e, 0x9c,
    0x40, 0xf6, 0x1b, 0x14, 0x3, 0xcb, 0x0, 0x19,
    0xe4, 0xc0, 0x3f, 0xf9, 0x89, 0x5d, 0xfe, 0xda,
    0x30, 0xf, 0xaa, 0xd4, 0x40, 0x4, 0xb9, 0x40,
    0x1d, 0x6a, 0x1, 0xf9, 0x6c, 0x2, 0x64, 0x0,
    0x9a, 0xe9, 0x40, 0x24, 0x60, 0x4, 0x0, 0x51,
    0x28, 0xb4, 0xe0, 0x15, 0x81, 0x88, 0x4, 0xe0,
    0x1a, 0x0, 0x22, 0x22, 0x80, 0x48, 0x1, 0xe4,
    0x0, 0x90, 0x40, 0x22, 0x0, 0xf0, 0x80, 0x42,
    0x1, 0xff, 0xc4, 0x10, 0x8, 0x80, 0x3c, 0x20,
    0x10, 0xa8, 0x4, 0xa0, 0x1e, 0x40, 0x9, 0xc,
    0x40, 0x2, 0xe0, 0x19, 0xc0, 0x22, 0x20, 0x40,
    0x5, 0x12, 0x88, 0x98, 0x0, 0xac, 0x0, 0xc8,
    0x1, 0x35, 0xd9, 0x80, 0x24, 0x60, 0xa, 0xd4,
    0x3, 0xf2, 0xd8, 0x7, 0x56, 0x29, 0x0, 0x9,
    0x72, 0x80, 0x20,

    /* U+00F6 "ö" */
    0x0, 0xd, 0xfd, 0x80, 0x6b, 0xfc, 0x10, 0xc,
    0xc8, 0x8, 0xc0, 0x6, 0x40, 0x36, 0x0, 0xc4,
    0x1, 0x18, 0x0, 0x80, 0x22, 0x0, 0xcb, 0x4d,
    0x4a, 0x0, 0x4a, 0x69, 0x50, 0xe, 0x59, 0x50,
    0xc, 0xb2, 0xc0, 0x1f, 0xfc, 0xb4, 0xae, 0xff,
    0x6d, 0x18, 0x7, 0xd5, 0x6a, 0x20, 0x2, 0x5c,
    0xa0, 0xe, 0xb5, 0x0, 0xfc, 0xb6, 0x1, 0x32,
    0x0, 0x4d, 0x74, 0xa0, 0x12, 0x30, 0x2, 0x0,
    0x28, 0x94, 0x5a, 0x70, 0xa, 0xc0, 0xc4, 0x2,
    0x70, 0xd, 0x0, 0x11, 0x11, 0x40, 0x24, 0x0,
    0xf2, 0x0, 0x48, 0x20, 0x11, 0x0, 0x78, 0x40,
    0x21, 0x0, 0xff, 0xe2, 0x8, 0x4, 0x40, 0x1e,
    0x10, 0x8, 0x54, 0x2, 0x50, 0xf, 0x20, 0x4,
    0x86, 0x20, 0x1, 0x70, 0xc, 0xe0, 0x11, 0x10,
    0x20, 0x2, 0x89, 0x44, 0x4c, 0x0, 0x56, 0x0,
    0x64, 0x0, 0x9a, 0xec, 0xc0, 0x12, 0x30, 0x5,
    0x6a, 0x1, 0xf9, 0x6c, 0x3, 0xab, 0x14, 0x80,
    0x4, 0xb9, 0x40, 0x10,

    /* U+00F7 "÷" */
    0x0, 0xf3, 0xf7, 0xc0, 0x7, 0xfc, 0x30, 0x20,
    0xe6, 0x1, 0xff, 0xce, 0x17, 0x0, 0x31, 0x80,
    0x7f, 0xd1, 0xfe, 0x90, 0xf, 0xfe, 0x50, 0xa2,
    0x7f, 0xf0, 0x89, 0xee, 0xff, 0xf8, 0x60, 0x1f,
    0xfd, 0x46, 0xff, 0xff, 0xe1, 0x48, 0x7, 0xff,
    0x2a, 0x7f, 0xd2, 0x1, 0xff, 0x13, 0x0, 0x18,
    0x80, 0x3f, 0xf9, 0xc5, 0x2, 0x10, 0x40, 0x1c,

    /* U+00F8 "ø" */
    0x0, 0xff, 0x9b, 0xf8, 0x3, 0xff, 0x83, 0x61,
    0x20, 0x1e, 0x4a, 0xef, 0xf6, 0xd1, 0x3, 0x0,
    0x75, 0x5a, 0x88, 0x0, 0x94, 0xc, 0x40, 0x35,
    0xa8, 0x7, 0xe3, 0xa0, 0x9, 0x90, 0x2, 0x6b,
    0xa1, 0x0, 0x95, 0x80, 0x10, 0x1, 0x44, 0xa3,
    0x8, 0x6, 0xb0, 0x31, 0x0, 0x9c, 0x1, 0xe0,
    0xc0, 0x11, 0x11, 0x40, 0x24, 0x0, 0x21, 0x84,
    0x20, 0x4, 0xe2, 0x1, 0x10, 0x2, 0x1, 0xc4,
    0x40, 0x11, 0x0, 0x79, 0xc, 0x24, 0x3, 0xc2,
    0x1, 0x10, 0x40, 0x38, 0x80, 0x80, 0x42, 0xa0,
    0x12, 0xa8, 0xc2, 0x40, 0x8, 0x1, 0x29, 0x88,
    0x0, 0x68, 0x1c, 0x41, 0xc0, 0x22, 0x30, 0x80,
    0xe, 0xd4, 0x98, 0x0, 0xac, 0x0, 0xc8, 0x1,
    0xaa, 0xd8, 0x2, 0x46, 0x0, 0xad, 0x0, 0x3f,
    0x2d, 0x80, 0x73, 0x1, 0x90, 0x0, 0x97, 0x28,
    0x3, 0x94, 0x87, 0x37, 0xfd, 0xb4, 0x60, 0x1e,
    0x37, 0xa0, 0xf, 0xf8,

    /* U+00F9 "ù" */
    0x0, 0x67, 0xfc, 0xe0, 0x1f, 0xed, 0x20, 0x4,
    0x10, 0x7, 0xf0, 0xe1, 0x0, 0x38, 0x3, 0xfc,
    0x38, 0x40, 0x6c, 0x1, 0xfe, 0x1d, 0xff, 0x30,
    0x7, 0xb3, 0xfe, 0x40, 0xe, 0xff, 0xc2, 0x1,
    0xff, 0xff, 0x0, 0xff, 0xf8, 0x38, 0x4, 0x20,
    0x1f, 0xe2, 0x0, 0xb0, 0x3, 0x28, 0x7, 0x60,
    0x4, 0xd2, 0xaa, 0x9a, 0x0, 0xe5, 0x20, 0x9,
    0xaa, 0x8c, 0x2, 0x1, 0xdc, 0x1, 0xf5, 0x28,
    0x7, 0x1e, 0xb0, 0x80, 0xae, 0x28, 0x80, 0x60,

    /* U+00FA "ú" */
    0x0, 0xf8, 0xff, 0xee, 0x30, 0xf, 0xee, 0x0,
    0xe, 0x98, 0x7, 0xe9, 0x20, 0x1d, 0x30, 0xf,
    0xc6, 0xc0, 0x3a, 0x60, 0x1f, 0xc7, 0xfe, 0xe3,
    0x0, 0xec, 0xff, 0x90, 0x3, 0xbf, 0xf0, 0x80,
    0x7f, 0xff, 0xc0, 0x3f, 0xfe, 0xe, 0x1, 0x8,
    0x7, 0xf8, 0x80, 0x2c, 0x0, 0xca, 0x1, 0xd8,
    0x1, 0x34, 0xaa, 0xa6, 0x80, 0x39, 0x48, 0x2,
    0x6a, 0xa3, 0x0, 0x80, 0x77, 0x0, 0x7d, 0x4a,
    0x1, 0xc7, 0xac, 0x20, 0x2b, 0x8a, 0x20, 0x18,

    /* U+00FB "û" */
    0x0, 0xea, 0xff, 0x61, 0x0, 0x7e, 0x2d, 0x50,
    0x1, 0xea, 0x80, 0x79, 0x74, 0x82, 0x6c, 0x42,
    0xa0, 0x3, 0x17, 0x22, 0xe3, 0x27, 0xaa, 0x1a,
    0x80, 0x45, 0x76, 0xa3, 0x0, 0xd, 0x5d, 0x94,
    0x3, 0xff, 0x8b, 0x9f, 0xf2, 0x0, 0x77, 0xfe,
    0x10, 0xf, 0xff, 0xf8, 0x7, 0xff, 0xc1, 0xc0,
    0x21, 0x0, 0xff, 0x10, 0x5, 0x80, 0x19, 0x40,
    0x3b, 0x0, 0x26, 0x95, 0x54, 0xd0, 0x7, 0x29,
    0x0, 0x4d, 0x54, 0x60, 0x10, 0xe, 0xe0, 0xf,
    0xa9, 0x40, 0x38, 0xf5, 0x84, 0x5, 0x71, 0x44,
    0x3, 0x0,

    /* U+00FC "ü" */
    0x0, 0x5f, 0xe0, 0x80, 0x57, 0xf8, 0x20, 0x13,
    0x20, 0x1b, 0x0, 0x19, 0x0, 0xd8, 0x2, 0x20,
    0x8, 0x80, 0x4, 0x1, 0x10, 0x4, 0x94, 0xd4,
    0xa0, 0x4, 0xa6, 0x95, 0x0, 0xcb, 0x2a, 0x1,
    0x96, 0x58, 0x2, 0xcf, 0xf9, 0x0, 0x3b, 0xff,
    0x8, 0x7, 0xff, 0xfc, 0x3, 0xff, 0xe0, 0xe0,
    0x10, 0x80, 0x7f, 0x88, 0x2, 0xc0, 0xc, 0xa0,
    0x1d, 0x80, 0x13, 0x4a, 0xaa, 0x68, 0x3, 0x94,
    0x80, 0x26, 0xaa, 0x30, 0x8, 0x7, 0x70, 0x7,
    0xd4, 0xa0, 0x1c, 0x7a, 0xc2, 0x2, 0xb8, 0xa2,
    0x1, 0x80,

    /* U+00FD "ý" */
    0x0, 0xff, 0x6f, 0xfc, 0xe0, 0x1f, 0xfc, 0x8,
    0x20, 0x4, 0x38, 0x7, 0xfc, 0x6e, 0x0, 0x87,
    0x0, 0xff, 0xe0, 0x70, 0x2, 0x1c, 0x3, 0xff,
    0x83, 0xbf, 0xe7, 0x0, 0xfb, 0xff, 0x30, 0x7,
    0xd7, 0xff, 0x60, 0x38, 0x5, 0x40, 0x1e, 0x14,
    0x0, 0xa4, 0x28, 0x2, 0x33, 0x0, 0x73, 0x0,
    0x44, 0xa0, 0x4a, 0x1, 0x50, 0x7, 0x50, 0x5,
    0x40, 0x14, 0x80, 0x4c, 0x1, 0x90, 0x80, 0x27,
    0x0, 0x8c, 0xc0, 0x13, 0x0, 0x5c, 0x1, 0x38,
    0x7, 0x48, 0x5, 0x40, 0x1, 0x50, 0xa, 0x40,
    0x39, 0x48, 0x0, 0x64, 0xc, 0x1, 0x28, 0x80,
    0x7a, 0x80, 0x2b, 0xa, 0x0, 0xa4, 0x3, 0xe7,
    0x0, 0x9c, 0xc8, 0x0, 0x66, 0x0, 0xfc, 0xe0,
    0x1, 0xf0, 0xa, 0x40, 0x3f, 0xa4, 0x2, 0x30,
    0x1, 0x28, 0x7, 0xf0, 0xa8, 0x7, 0x58, 0x7,
    0xfd, 0x20, 0x1c, 0xc0, 0x1f, 0xf1, 0x98, 0x2,
    0x70, 0xf, 0xfe, 0x2c, 0x80, 0x7f, 0xf0, 0x14,
    0xc0, 0xa, 0x20, 0x1f, 0xf0, 0xd8, 0x5, 0x20,
    0x1f, 0xe5, 0x6c, 0x10, 0x2, 0x18, 0x7, 0xfa,
    0xa4, 0x80, 0x29, 0x0, 0xff, 0x18, 0x7, 0x51,
    0x0, 0x7f, 0x9c, 0x40, 0x57, 0x54, 0x3, 0xf8,

    /* U+00FE "þ" */
    0xef, 0xf8, 0xc0, 0x3f, 0xff, 0xe0, 0x1f, 0xfc,
    0x35, 0xcf, 0xf6, 0xc0, 0x80, 0x7d, 0xf4, 0x60,
    0x2, 0x7f, 0x30, 0xf, 0x18, 0x7, 0x87, 0x40,
    0x3e, 0x6a, 0xa2, 0x80, 0x42, 0xe0, 0x1d, 0x32,
    0x55, 0x53, 0x0, 0x54, 0x1, 0xca, 0x1, 0xac,
    0x2, 0x21, 0x0, 0xfe, 0x21, 0x0, 0x88, 0x3,
    0xfc, 0x40, 0x13, 0x80, 0x7f, 0xf3, 0x48, 0x2,
    0x70, 0xf, 0xe1, 0x10, 0x4, 0x40, 0x19, 0x0,
    0x34, 0x0, 0x44, 0x20, 0x1a, 0x25, 0x11, 0x4c,
    0x1, 0x50, 0x7, 0x9a, 0xec, 0xa0, 0x11, 0x38,
    0x7, 0x18, 0x7, 0x87, 0xc0, 0x3d, 0xf4, 0x60,
    0x2, 0x7e, 0x20, 0xf, 0x97, 0x3f, 0xdb, 0x0,
    0x1f, 0xff, 0xf0, 0xc,

    /* U+00FF "ÿ" */
    0x0, 0xcf, 0xfc, 0x80, 0x13, 0xff, 0x20, 0x7,
    0x86, 0x0, 0x60, 0x2, 0x80, 0x19, 0x0, 0xf0,
    0x88, 0x0, 0xc0, 0x10, 0x80, 0x18, 0x3, 0xec,
    0x77, 0x58, 0x5, 0x8e, 0xea, 0x0, 0xf8, 0xa2,
    0x2, 0x1, 0x14, 0x40, 0x40, 0x37, 0xfe, 0x60,
    0xf, 0xaf, 0xfe, 0xc0, 0x70, 0xa, 0x80, 0x3c,
    0x28, 0x1, 0x48, 0x50, 0x4, 0x66, 0x0, 0xe6,
    0x0, 0x89, 0x40, 0x94, 0x2, 0xa0, 0xe, 0xa0,
    0xa, 0x80, 0x29, 0x0, 0x98, 0x3, 0x21, 0x0,
    0x4e, 0x1, 0x19, 0x80, 0x26, 0x0, 0xb8, 0x2,
    0x70, 0xe, 0x90, 0xa, 0x80, 0x2, 0xa0, 0x14,
    0x80, 0x72, 0x90, 0x0, 0xc8, 0x18, 0x2, 0x51,
    0x0, 0xf5, 0x0, 0x56, 0x14, 0x1, 0x48, 0x7,
    0xce, 0x1, 0x39, 0x90, 0x0, 0xcc, 0x1, 0xf9,
    0xc0, 0x3, 0xe0, 0x14, 0x80, 0x7f, 0x48, 0x4,
    0x60, 0x2, 0x50, 0xf, 0xe1, 0x50, 0xe, 0xb0,
    0xf, 0xfa, 0x40, 0x39, 0x80, 0x3f, 0xe3, 0x30,
    0x4, 0xe0, 0x1f, 0xfc, 0x59, 0x0, 0xff, 0xe0,
    0x29, 0x80, 0x14, 0x40, 0x3f, 0xe1, 0xb0, 0xa,
    0x40, 0x3f, 0xca, 0xd8, 0x20, 0x4, 0x30, 0xf,
    0xf5, 0x49, 0x0, 0x52, 0x1, 0xfe, 0x30, 0xe,
    0xa2, 0x0, 0xff, 0x38, 0x80, 0xae, 0xa8, 0x7,
    0xf0
};


/*---------------------
 *  GLYPH DESCRIPTION
 *--------------------*/

static const lv_font_fmt_txt_glyph_dsc_t glyph_dsc[] = {
    {.bitmap_index = 0, .adv_w = 0, .box_w = 0, .box_h = 0, .ofs_x = 0, .ofs_y = 0} /* id = 0 reserved */,
    {.bitmap_index = 0, .adv_w = 288, .box_w = 0, .box_h = 0, .ofs_x = 0, .ofs_y = 0},
    {.bitmap_index = 0, .adv_w = 288, .box_w = 6, .box_h = 21, .ofs_x = 6, .ofs_y = 0},
    {.bitmap_index = 39, .adv_w = 288, .box_w = 10, .box_h = 8, .ofs_x = 4, .ofs_y = 14},
    {.bitmap_index = 69, .adv_w = 288, .box_w = 17, .box_h = 21, .ofs_x = 0, .ofs_y = 0},
    {.bitmap_index = 215, .adv_w = 288, .box_w = 16, .box_h = 28, .ofs_x = 1, .ofs_y = -3},
    {.bitmap_index = 377, .adv_w = 288, .box_w = 18, .box_h = 21, .ofs_x = 0, .ofs_y = 0},
    {.bitmap_index = 529, .adv_w = 288, .box_w = 18, .box_h = 21, .ofs_x = 1, .ofs_y = 0},
    {.bitmap_index = 687, .adv_w = 288, .box_w = 4, .box_h = 8, .ofs_x = 6, .ofs_y = 14},
    {.bitmap_index = 700, .adv_w = 288, .box_w = 9, .box_h = 31, .ofs_x = 5, .ofs_y = -7},
    {.bitmap_index = 809, .adv_w = 288, .box_w = 9, .box_h = 31, .ofs_x = 4, .ofs_y = -7},
    {.bitmap_index = 920, .adv_w = 288, .box_w = 16, .box_h = 15, .ofs_x = 2, .ofs_y = 6},
    {.bitmap_index = 1022, .adv_w = 288, .box_w = 16, .box_h = 16, .ofs_x = 1, .ofs_y = 2},
    {.bitmap_index = 1060, .adv_w = 288, .box_w = 6, .box_h = 10, .ofs_x = 5, .ofs_y = -6},
    {.bitmap_index = 1084, .adv_w = 288, .box_w = 13, .box_h = 4, .ofs_x = 4, .ofs_y = 8},
    {.bitmap_index = 1094, .adv_w = 288, .box_w = 6, .box_h = 6, .ofs_x = 6, .ofs_y = 0},
    {.bitmap_index = 1112, .adv_w = 288, .box_w = 12, .box_h = 23, .ofs_x = 3, .ofs_y = -2},
    {.bitmap_index = 1209, .adv_w = 288, .box_w = 14, .box_h = 21, .ofs_x = 2, .ofs_y = 0},
    {.bitmap_index = 1328, .adv_w = 288, .box_w = 11, .box_h = 22, .ofs_x = 2, .ofs_y = 0},
    {.bitmap_index = 1366, .adv_w = 288, .box_w = 16, .box_h = 21, .ofs_x = 1, .ofs_y = 0},
    {.bitmap_index = 1482, .adv_w = 288, .box_w = 16, .box_h = 21, .ofs_x = 1, .ofs_y = 0},
    {.bitmap_index = 1617, .adv_w = 288, .box_w = 17, .box_h = 21, .ofs_x = 0, .ofs_y = 0},
    {.bitmap_index = 1710, .adv_w = 288, .box_w = 16, .box_h = 21, .ofs_x = 1, .ofs_y = 0},
    {.bitmap_index = 1836, .adv_w = 288, .box_w = 16, .box_h = 21, .ofs_x = 1, .ofs_y = 0},
    {.bitmap_index = 1969, .adv_w = 288, .box_w = 15, .box_h = 21, .ofs_x = 1, .ofs_y = 0},
    {.bitmap_index = 2061, .adv_w = 288, .box_w = 15, .box_h = 21, .ofs_x = 1, .ofs_y = 0},
    {.bitmap_index = 2199, .adv_w = 288, .box_w = 15, .box_h = 21, .ofs_x = 1, .ofs_y = 0},
    {.bitmap_index = 2326, .adv_w = 288, .box_w = 7, .box_h = 18, .ofs_x = 6, .ofs_y = 0},
    {.bitmap_index = 2371, .adv_w = 288, .box_w = 7, .box_h = 24, .ofs_x = 6, .ofs_y = -6},
    {.bitmap_index = 2425, .adv_w = 288, .box_w = 14, .box_h = 15, .ofs_x = 2, .ofs_y = 2},
    {.bitmap_index = 2501, .adv_w = 288, .box_w = 15, .box_h = 10, .ofs_x = 2, .ofs_y = 4},
    {.bitmap_index = 2531, .adv_w = 288, .box_w = 14, .box_h = 15, .ofs_x = 2, .ofs_y = 2},
    {.bitmap_index = 2609, .adv_w = 288, .box_w = 15, .box_h = 21, .ofs_x = 2, .ofs_y = 0},
    {.bitmap_index = 2722, .adv_w = 288, .box_w = 18, .box_h = 21, .ofs_x = 0, .ofs_y = 0},
    {.bitmap_index = 2900, .adv_w = 288, .box_w = 18, .box_h = 21, .ofs_x = 0, .ofs_y = 0},
    {.bitmap_index = 3038, .adv_w = 288, .box_w = 17, .box_h = 21, .ofs_x = 1, .ofs_y = 0},
    {.bitmap_index = 3143, .adv_w = 288, .box_w = 16, .box_h = 21, .ofs_x = 1, .ofs_y = 0},
    {.bitmap_index = 3255, .adv_w = 288, .box_w = 16, .box_h = 21, .ofs_x = 1, .ofs_y = 0},
    {.bitmap_index = 3353, .adv_w = 288, .box_w = 15, .box_h = 21, .ofs_x = 2, .ofs_y = 0},
    {.bitmap_index = 3396, .adv_w = 288, .box_w = 15, .box_h = 21, .ofs_x = 2, .ofs_y = 0},
    {.bitmap_index = 3433, .adv_w = 288, .box_w = 16, .box_h = 21, .ofs_x = 1, .ofs_y = 0},
    {.bitmap_index = 3555, .adv_w = 288, .box_w = 15, .box_h = 21, .ofs_x = 1, .ofs_y = 0},
    {.bitmap_index = 3585, .adv_w = 288, .box_w = 14, .box_h = 21, .ofs_x = 2, .ofs_y = 0},
    {.bitmap_index = 3626, .adv_w = 288, .box_w = 16, .box_h = 21, .ofs_x = 1, .ofs_y = 0},
    {.bitmap_index = 3685, .adv_w = 288, .box_w = 18, .box_h = 21, .ofs_x = 1, .ofs_y = 0},
    {.bitmap_index = 3803, .adv_w = 288, .box_w = 15, .box_h = 21, .ofs_x = 2, .ofs_y = 0},
    {.bitmap_index = 3829, .adv_w = 288, .box_w = 16, .box_h = 21, .ofs_x = 1, .ofs_y = 0},
    {.bitmap_index = 3919, .adv_w = 288, .box_w = 15, .box_h = 21, .ofs_x = 1, .ofs_y = 0},
    {.bitmap_index = 4006, .adv_w = 288, .box_w = 16, .box_h = 21, .ofs_x = 1, .ofs_y = 0},
    {.bitmap_index = 4127, .adv_w = 288, .box_w = 16, .box_h = 21, .ofs_x = 2, .ofs_y = 0},
    {.bitmap_index = 4210, .adv_w = 288, .box_w = 17, .box_h = 25, .ofs_x = 1, .ofs_y = -4},
    {.bitmap_index = 4367, .adv_w = 288, .box_w = 17, .box_h = 21, .ofs_x = 1, .ofs_y = 0},
    {.bitmap_index = 4482, .adv_w = 288, .box_w = 17, .box_h = 21, .ofs_x = 1, .ofs_y = 0},
    {.bitmap_index = 4626, .adv_w = 288, .box_w = 18, .box_h = 21, .ofs_x = 0, .ofs_y = 0},
    {.bitmap_index = 4657, .adv_w = 288, .box_w = 16, .box_h = 21, .ofs_x = 1, .ofs_y = 0},
    {.bitmap_index = 4718, .adv_w = 288, .box_w = 18, .box_h = 21, .ofs_x = 0, .ofs_y = 0},
    {.bitmap_index = 4858, .adv_w = 288, .box_w = 18, .box_h = 21, .ofs_x = 0, .ofs_y = 0},
    {.bitmap_index = 5029, .adv_w = 288, .box_w = 18, .box_h = 21, .ofs_x = 0, .ofs_y = 0},
    {.bitmap_index = 5176, .adv_w = 288, .box_w = 18, .box_h = 21, .ofs_x = 0, .ofs_y = 0},
    {.bitmap_index = 5282, .adv_w = 288, .box_w = 16, .box_h = 21, .ofs_x = 1, .ofs_y = 0},
    {.bitmap_index = 5376, .adv_w = 288, .box_w = 8, .box_h = 30, .ofs_x = 5, .ofs_y = -5},
    {.bitmap_index = 5404, .adv_w = 288, .box_w = 13, .box_h = 23, .ofs_x = 3, .ofs_y = -2},
    {.bitmap_index = 5503, .adv_w = 288, .box_w = 8, .box_h = 30, .ofs_x = 5, .ofs_y = -5},
    {.bitmap_index = 5531, .adv_w = 288, .box_w = 13, .box_h = 11, .ofs_x = 3, .ofs_y = 10},
    {.bitmap_index = 5594, .adv_w = 288, .box_w = 14, .box_h = 4, .ofs_x = 2, .ofs_y = -3},
    {.bitmap_index = 5605, .adv_w = 288, .box_w = 8, .box_h = 5, .ofs_x = 6, .ofs_y = 17},
    {.bitmap_index = 5624, .adv_w = 288, .box_w = 16, .box_h = 16, .ofs_x = 1, .ofs_y = 0},
    {.bitmap_index = 5727, .adv_w = 288, .box_w = 15, .box_h = 22, .ofs_x = 2, .ofs_y = 0},
    {.bitmap_index = 5819, .adv_w = 288, .box_w = 15, .box_h = 16, .ofs_x = 1, .ofs_y = 0},
    {.bitmap_index = 5914, .adv_w = 288, .box_w = 15, .box_h = 22, .ofs_x = 1, .ofs_y = 0},
    {.bitmap_index = 6007, .adv_w = 288, .box_w = 16, .box_h = 16, .ofs_x = 1, .ofs_y = 0},
    {.bitmap_index = 6110, .adv_w = 288, .box_w = 16, .box_h = 23, .ofs_x = 1, .ofs_y = 0},
    {.bitmap_index = 6175, .adv_w = 288, .box_w = 16, .box_h = 22, .ofs_x = 1, .ofs_y = -6},
    {.bitmap_index = 6304, .adv_w = 288, .box_w = 15, .box_h = 22, .ofs_x = 2, .ofs_y = 0},
    {.bitmap_index = 6357, .adv_w = 288, .box_w = 14, .box_h = 22, .ofs_x = 3, .ofs_y = 0},
    {.bitmap_index = 6417, .adv_w = 288, .box_w = 10, .box_h = 28, .ofs_x = 3, .ofs_y = -6},
    {.bitmap_index = 6479, .adv_w = 288, .box_w = 16, .box_h = 22, .ofs_x = 2, .ofs_y = 0},
    {.bitmap_index = 6567, .adv_w = 288, .box_w = 15, .box_h = 22, .ofs_x = 2, .ofs_y = 0},
    {.bitmap_index = 6604, .adv_w = 288, .box_w = 16, .box_h = 16, .ofs_x = 1, .ofs_y = 0},
    {.bitmap_index = 6650, .adv_w = 288, .box_w = 15, .box_h = 16, .ofs_x = 2, .ofs_y = 0},
    {.bitmap_index = 6696, .adv_w = 288, .box_w = 16, .box_h = 16, .ofs_x = 1, .ofs_y = 0},
    {.bitmap_index = 6800, .adv_w = 288, .box_w = 15, .box_h = 22, .ofs_x = 2, .ofs_y = -6},
    {.bitmap_index = 6895, .adv_w = 288, .box_w = 15, .box_h = 22, .ofs_x = 1, .ofs_y = -6},
    {.bitmap_index = 6990, .adv_w = 288, .box_w = 13, .box_h = 16, .ofs_x = 4, .ofs_y = 0},
    {.bitmap_index = 7033, .adv_w = 288, .box_w = 16, .box_h = 16, .ofs_x = 1, .ofs_y = 0},
    {.bitmap_index = 7146, .adv_w = 288, .box_w = 16, .box_h = 20, .ofs_x = 1, .ofs_y = 0},
    {.bitmap_index = 7207, .adv_w = 288, .box_w = 15, .box_h = 16, .ofs_x = 2, .ofs_y = 0},
    {.bitmap_index = 7254, .adv_w = 288, .box_w = 16, .box_h = 16, .ofs_x = 1, .ofs_y = 0},
    {.bitmap_index = 7357, .adv_w = 288, .box_w = 18, .box_h = 16, .ofs_x = 0, .ofs_y = 0},
    {.bitmap_index = 7495, .adv_w = 288, .box_w = 17, .box_h = 16, .ofs_x = 1, .ofs_y = 0},
    {.bitmap_index = 7604, .adv_w = 288, .box_w = 18, .box_h = 22, .ofs_x = 0, .ofs_y = -6},
    {.bitmap_index = 7744, .adv_w = 288, .box_w = 16, .box_h = 16, .ofs_x = 1, .ofs_y = 0},
    {.bitmap_index = 7816, .adv_w = 288, .box_w = 11, .box_h = 29, .ofs_x = 4, .ofs_y = -5},
    {.bitmap_index = 7917, .adv_w = 288, .box_w = 4, .box_h = 27, .ofs_x = 7, .ofs_y = -6},
    {.bitmap_index = 7926, .adv_w = 288, .box_w = 11, .box_h = 29, .ofs_x = 4, .ofs_y = -5},
    {.bitmap_index = 8026, .adv_w = 288, .box_w = 17, .box_h = 7, .ofs_x = 0, .ofs_y = 5},
    {.bitmap_index = 8079, .adv_w = 288, .box_w = 0, .box_h = 0, .ofs_x = 0, .ofs_y = 0},
    {.bitmap_index = 8079, .adv_w = 288, .box_w = 5, .box_h = 22, .ofs_x = 7, .ofs_y = -6},
    {.bitmap_index = 8118, .adv_w = 288, .box_w = 15, .box_h = 23, .ofs_x = 2, .ofs_y = -4},
    {.bitmap_index = 8234, .adv_w = 288, .box_w = 17, .box_h = 21, .ofs_x = 1, .ofs_y = 0},
    {.bitmap_index = 8331, .adv_w = 288, .box_w = 16, .box_h = 17, .ofs_x = 1, .ofs_y = -1},
    {.bitmap_index = 8451, .adv_w = 288, .box_w = 18, .box_h = 21, .ofs_x = 0, .ofs_y = 0},
    {.bitmap_index = 8568, .adv_w = 288, .box_w = 4, .box_h = 25, .ofs_x = 7, .ofs_y = -4},
    {.bitmap_index = 8585, .adv_w = 288, .box_w = 17, .box_h = 27, .ofs_x = 1, .ofs_y = -6},
    {.bitmap_index = 8777, .adv_w = 288, .box_w = 12, .box_h = 4, .ofs_x = 3, .ofs_y = 18},
    {.bitmap_index = 8801, .adv_w = 288, .box_w = 16, .box_h = 18, .ofs_x = 1, .ofs_y = -1},
    {.bitmap_index = 8929, .adv_w = 288, .box_w = 10, .box_h = 11, .ofs_x = 4, .ofs_y = 10},
    {.bitmap_index = 8984, .adv_w = 288, .box_w = 14, .box_h = 12, .ofs_x = 2, .ofs_y = 1},
    {.bitmap_index = 9063, .adv_w = 288, .box_w = 13, .box_h = 7, .ofs_x = 2, .ofs_y = 5},
    {.bitmap_index = 9079, .adv_w = 288, .box_w = 13, .box_h = 4, .ofs_x = 4, .ofs_y = 8},
    {.bitmap_index = 9089, .adv_w = 288, .box_w = 16, .box_h = 18, .ofs_x = 1, .ofs_y = -1},
    {.bitmap_index = 9213, .adv_w = 288, .box_w = 11, .box_h = 3, .ofs_x = 4, .ofs_y = 19},
    {.bitmap_index = 9221, .adv_w = 288, .box_w = 9, .box_h = 8, .ofs_x = 5, .ofs_y = 14},
    {.bitmap_index = 9256, .adv_w = 288, .box_w = 14, .box_h = 19, .ofs_x = 2, .ofs_y = 0},
    {.bitmap_index = 9306, .adv_w = 288, .box_w = 10, .box_h = 11, .ofs_x = 4, .ofs_y = 10},
    {.bitmap_index = 9358, .adv_w = 288, .box_w = 10, .box_h = 11, .ofs_x = 4, .ofs_y = 10},
    {.bitmap_index = 9413, .adv_w = 288, .box_w = 8, .box_h = 5, .ofs_x = 5, .ofs_y = 17},
    {.bitmap_index = 9432, .adv_w = 288, .box_w = 15, .box_h = 22, .ofs_x = 2, .ofs_y = -6},
    {.bitmap_index = 9478, .adv_w = 288, .box_w = 12, .box_h = 21, .ofs_x = 3, .ofs_y = 0},
    {.bitmap_index = 9532, .adv_w = 288, .box_w = 5, .box_h = 5, .ofs_x = 7, .ofs_y = 8},
    {.bitmap_index = 9544, .adv_w = 288, .box_w = 6, .box_h = 7, .ofs_x = 6, .ofs_y = -7},
    {.bitmap_index = 9566, .adv_w = 288, .box_w = 7, .box_h = 12, .ofs_x = 5, .ofs_y = 10},
    {.bitmap_index = 9586, .adv_w = 288, .box_w = 12, .box_h = 11, .ofs_x = 3, .ofs_y = 10},
    {.bitmap_index = 9642, .adv_w = 288, .box_w = 13, .box_h = 12, .ofs_x = 3, .ofs_y = 2},
    {.bitmap_index = 9720, .adv_w = 288, .box_w = 18, .box_h = 22, .ofs_x = 0, .ofs_y = 0},
    {.bitmap_index = 9849, .adv_w = 288, .box_w = 18, .box_h = 22, .ofs_x = 0, .ofs_y = 0},
    {.bitmap_index = 9987, .adv_w = 288, .box_w = 18, .box_h = 22, .ofs_x = 0, .ofs_y = 0},
    {.bitmap_index = 10136, .adv_w = 288, .box_w = 15, .box_h = 22, .ofs_x = 2, .ofs_y = -6},
    {.bitmap_index = 10246, .adv_w = 288, .box_w = 18, .box_h = 27, .ofs_x = 0, .ofs_y = 0},
    {.bitmap_index = 10415, .adv_w = 288, .box_w = 18, .box_h = 27, .ofs_x = 0, .ofs_y = 0},
    {.bitmap_index = 10582, .adv_w = 288, .box_w = 18, .box_h = 27, .ofs_x = 0, .ofs_y = 0},
    {.bitmap_index = 10756, .adv_w = 288, .box_w = 18, .box_h = 28, .ofs_x = 0, .ofs_y = 0},
    {.bitmap_index = 10936, .adv_w = 288, .box_w = 18, .box_h = 27, .ofs_x = 0, .ofs_y = 0},
    {.bitmap_index = 11111, .adv_w = 288, .box_w = 18, .box_h = 29, .ofs_x = 0, .ofs_y = 0},
    {.bitmap_index = 11293, .adv_w = 288, .box_w = 18, .box_h = 21, .ofs_x = 0, .ofs_y = 0},
    {.bitmap_index = 11415, .adv_w = 288, .box_w = 16, .box_h = 27, .ofs_x = 1, .ofs_y = -6},
    {.bitmap_index = 11559, .adv_w = 288, .box_w = 15, .box_h = 27, .ofs_x = 2, .ofs_y = 0},
    {.bitmap_index = 11631, .adv_w = 288, .box_w = 15, .box_h = 27, .ofs_x = 2, .ofs_y = 0},
    {.bitmap_index = 11701, .adv_w = 288, .box_w = 15, .box_h = 27, .ofs_x = 2, .ofs_y = 0},
    {.bitmap_index = 11778, .adv_w = 288, .box_w = 15, .box_h = 27, .ofs_x = 2, .ofs_y = 0},
    {.bitmap_index = 11858, .adv_w = 288, .box_w = 14, .box_h = 27, .ofs_x = 2, .ofs_y = 0},
    {.bitmap_index = 11925, .adv_w = 288, .box_w = 14, .box_h = 27, .ofs_x = 2, .ofs_y = 0},
    {.bitmap_index = 11991, .adv_w = 288, .box_w = 14, .box_h = 27, .ofs_x = 2, .ofs_y = 0},
    {.bitmap_index = 12066, .adv_w = 288, .box_w = 14, .box_h = 27, .ofs_x = 2, .ofs_y = 0},
    {.bitmap_index = 12143, .adv_w = 288, .box_w = 18, .box_h = 21, .ofs_x = -1, .ofs_y = 0},
    {.bitmap_index = 12269, .adv_w = 288, .box_w = 15, .box_h = 28, .ofs_x = 1, .ofs_y = 0},
    {.bitmap_index = 12398, .adv_w = 288, .box_w = 16, .box_h = 28, .ofs_x = 1, .ofs_y = 0},
    {.bitmap_index = 12548, .adv_w = 288, .box_w = 16, .box_h = 28, .ofs_x = 1, .ofs_y = 0},
    {.bitmap_index = 12700, .adv_w = 288, .box_w = 16, .box_h = 28, .ofs_x = 1, .ofs_y = 0},
    {.bitmap_index = 12854, .adv_w = 288, .box_w = 16, .box_h = 29, .ofs_x = 1, .ofs_y = 0},
    {.bitmap_index = 13016, .adv_w = 288, .box_w = 16, .box_h = 27, .ofs_x = 1, .ofs_y = 0},
    {.bitmap_index = 13173, .adv_w = 288, .box_w = 15, .box_h = 14, .ofs_x = 2, .ofs_y = 3},
    {.bitmap_index = 13267, .adv_w = 288, .box_w = 17, .box_h = 23, .ofs_x = 0, .ofs_y = -1},
    {.bitmap_index = 13434, .adv_w = 288, .box_w = 16, .box_h = 27, .ofs_x = 1, .ofs_y = 0},
    {.bitmap_index = 13522, .adv_w = 288, .box_w = 16, .box_h = 27, .ofs_x = 1, .ofs_y = 0},
    {.bitmap_index = 13610, .adv_w = 288, .box_w = 16, .box_h = 28, .ofs_x = 1, .ofs_y = 0},
    {.bitmap_index = 13711, .adv_w = 288, .box_w = 16, .box_h = 27, .ofs_x = 1, .ofs_y = 0},
    {.bitmap_index = 13809, .adv_w = 288, .box_w = 18, .box_h = 27, .ofs_x = 0, .ofs_y = 0},
    {.bitmap_index = 13945, .adv_w = 288, .box_w = 16, .box_h = 21, .ofs_x = 2, .ofs_y = 0},
    {.bitmap_index = 14029, .adv_w = 288, .box_w = 16, .box_h = 23, .ofs_x = 2, .ofs_y = 0},
    {.bitmap_index = 14158, .adv_w = 288, .box_w = 16, .box_h = 22, .ofs_x = 1, .ofs_y = 0},
    {.bitmap_index = 14290, .adv_w = 288, .box_w = 16, .box_h = 22, .ofs_x = 1, .ofs_y = 0},
    {.bitmap_index = 14418, .adv_w = 288, .box_w = 16, .box_h = 22, .ofs_x = 1, .ofs_y = 0},
    {.bitmap_index = 14555, .adv_w = 288, .box_w = 16, .box_h = 24, .ofs_x = 1, .ofs_y = 0},
    {.bitmap_index = 14702, .adv_w = 288, .box_w = 16, .box_h = 22, .ofs_x = 1, .ofs_y = 0},
    {.bitmap_index = 14842, .adv_w = 288, .box_w = 16, .box_h = 25, .ofs_x = 1, .ofs_y = 0},
    {.bitmap_index = 14990, .adv_w = 288, .box_w = 18, .box_h = 16, .ofs_x = 0, .ofs_y = 0},
    {.bitmap_index = 15111, .adv_w = 288, .box_w = 15, .box_h = 22, .ofs_x = 1, .ofs_y = -6},
    {.bitmap_index = 15236, .adv_w = 288, .box_w = 16, .box_h = 22, .ofs_x = 1, .ofs_y = 0},
    {.bitmap_index = 15368, .adv_w = 288, .box_w = 16, .box_h = 22, .ofs_x = 1, .ofs_y = 0},
    {.bitmap_index = 15495, .adv_w = 288, .box_w = 16, .box_h = 22, .ofs_x = 1, .ofs_y = 0},
    {.bitmap_index = 15631, .adv_w = 288, .box_w = 16, .box_h = 22, .ofs_x = 1, .ofs_y = 0},
    {.bitmap_index = 15770, .adv_w = 288, .box_w = 15, .box_h = 21, .ofs_x = 2, .ofs_y = 0},
    {.bitmap_index = 15830, .adv_w = 288, .box_w = 15, .box_h = 21, .ofs_x = 2, .ofs_y = 0},
    {.bitmap_index = 15889, .adv_w = 288, .box_w = 15, .box_h = 22, .ofs_x = 2, .ofs_y = 0},
    {.bitmap_index = 15958, .adv_w = 288, .box_w = 15, .box_h = 21, .ofs_x = 2, .ofs_y = 0},
    {.bitmap_index = 16027, .adv_w = 288, .box_w = 17, .box_h = 23, .ofs_x = 0, .ofs_y = 0},
    {.bitmap_index = 16173, .adv_w = 288, .box_w = 15, .box_h = 23, .ofs_x = 2, .ofs_y = 0},
    {.bitmap_index = 16261, .adv_w = 288, .box_w = 16, .box_h = 22, .ofs_x = 1, .ofs_y = 0},
    {.bitmap_index = 16395, .adv_w = 288, .box_w = 16, .box_h = 22, .ofs_x = 1, .ofs_y = 0},
    {.bitmap_index = 16525, .adv_w = 288, .box_w = 16, .box_h = 22, .ofs_x = 1, .ofs_y = 0},
    {.bitmap_index = 16663, .adv_w = 288, .box_w = 16, .box_h = 24, .ofs_x = 1, .ofs_y = 0},
    {.bitmap_index = 16810, .adv_w = 288, .box_w = 16, .box_h = 22, .ofs_x = 1, .ofs_y = 0},
    {.bitmap_index = 16950, .adv_w = 288, .box_w = 16, .box_h = 16, .ofs_x = 1, .ofs_y = 2},
    {.bitmap_index = 17006, .adv_w = 288, .box_w = 16, .box_h = 20, .ofs_x = 1, .ofs_y = -2},
    {.bitmap_index = 17138, .adv_w = 288, .box_w = 15, .box_h = 21, .ofs_x = 2, .ofs_y = 0},
    {.bitmap_index = 17210, .adv_w = 288, .box_w = 15, .box_h = 21, .ofs_x = 2, .ofs_y = 0},
    {.bitmap_index = 17282, .adv_w = 288, .box_w = 15, .box_h = 22, .ofs_x = 2, .ofs_y = 0},
    {.bitmap_index = 17364, .adv_w = 288, .box_w = 15, .box_h = 21, .ofs_x = 2, .ofs_y = 0},
    {.bitmap_index = 17446, .adv_w = 288, .box_w = 18, .box_h = 27, .ofs_x = 0, .ofs_y = -6},
    {.bitmap_index = 17614, .adv_w = 288, .box_w = 15, .box_h = 28, .ofs_x = 2, .ofs_y = -6},
    {.bitmap_index = 17714, .adv_w = 288, .box_w = 18, .box_h = 27, .ofs_x = 0, .ofs_y = -6}
};

/*---------------------
 *  CHARACTER MAPPING
 *--------------------*/



/*Collect the unicode lists and glyph_id offsets*/
static const lv_font_fmt_txt_cmap_t cmaps[] =
{
    {
        .range_start = 32, .range_length = 95, .glyph_id_start = 1,
        .unicode_list = NULL, .glyph_id_ofs_list = NULL, .list_length = 0, .type = LV_FONT_FMT_TXT_CMAP_FORMAT0_TINY
    },
    {
        .range_start = 160, .range_length = 96, .glyph_id_start = 96,
        .unicode_list = NULL, .glyph_id_ofs_list = NULL, .list_length = 0, .type = LV_FONT_FMT_TXT_CMAP_FORMAT0_TINY
    }
};



/*--------------------
 *  ALL CUSTOM DATA
 *--------------------*/

#if LVGL_VERSION_MAJOR == 8
/*Store all the custom data of the font*/
static  lv_font_fmt_txt_glyph_cache_t cache;
#endif

#if LVGL_VERSION_MAJOR >= 8
static const lv_font_fmt_txt_dsc_t font_dsc = {
#else
static lv_font_fmt_txt_dsc_t font_dsc = {
#endif
    .glyph_bitmap = glyph_bitmap,
    .glyph_dsc = glyph_dsc,
    .cmaps = cmaps,
    .kern_dsc = NULL,
    .kern_scale = 0,
    .cmap_num = 2,
    .bpp = 4,
    .kern_classes = 0,
    .bitmap_format = 1,
#if LVGL_VERSION_MAJOR == 8
    .cache = &cache
#endif
};



/*-----------------
 *  PUBLIC FONT
 *----------------*/

/*Initialize a public general font descriptor*/
#if LVGL_VERSION_MAJOR >= 8
const lv_font_t roboto_mono_bold_30 = {
#else
lv_font_t roboto_mono_bold_30 = {
#endif
    .get_glyph_dsc = lv_font_get_glyph_dsc_fmt_txt,    /*Function pointer to get glyph's data*/
    .get_glyph_bitmap = lv_font_get_bitmap_fmt_txt,    /*Function pointer to get glyph's bitmap*/
    .line_height = 36,          /*The maximum line height required by the font*/
    .base_line = 7,             /*Baseline measured from the bottom of the line*/
#if !(LVGL_VERSION_MAJOR == 6 && LVGL_VERSION_MINOR == 0)
    .subpx = LV_FONT_SUBPX_NONE,
#endif
#if LV_VERSION_CHECK(7, 4, 0) || LVGL_VERSION_MAJOR >= 8
    .underline_position = -2,
    .underline_thickness = 1,
#endif
    .dsc = &font_dsc,          /*The custom font data. Will be accessed by `get_glyph_bitmap/dsc` */
#if LV_VERSION_CHECK(8, 2, 0) || LVGL_VERSION_MAJOR >= 9
    .fallback = NULL,
#endif
    .user_data = NULL,
};



#endif /*#if ROBOTO_MONO_BOLD_30*/

