/*******************************************************************************
 * Size: 24 px
 * Bpp: 4
 * Opts: --bpp 4 --size 24 --font roboto_mono_medium.ttf --range 32-127,160-255 --format lvgl -o generated_fonts/roboto_mono_medium_24.c
 ******************************************************************************/

#ifdef LV_LVGL_H_INCLUDE_SIMPLE
#include "lvgl.h"
#else
#include "lvgl/lvgl.h"
#endif

#ifndef ROBOTO_MONO_MEDIUM_24
#define ROBOTO_MONO_MEDIUM_24 1
#endif

#if ROBOTO_MONO_MEDIUM_24

/*-----------------
 *    BITMAPS
 *----------------*/

/*Store the image of the glyphs*/
static LV_ATTRIBUTE_LARGE_CONST const uint8_t glyph_bitmap[] = {
    /* U+0020 " " */

    /* U+0021 "!" */
    0x4f, 0xf4, 0x0, 0x7f, 0xf1, 0xfc, 0x3, 0x38,
    0x7, 0xff, 0xc, 0xaa, 0x8a, 0x2a, 0xa2, 0x1,
    0x10, 0x1f, 0x71, 0xec, 0x1, 0x74, 0x21, 0x20,

    /* U+0022 "\"" */
    0x5f, 0xc0, 0x6, 0x7a, 0x80, 0x7f, 0x9c, 0x3,
    0x8, 0x0, 0x40, 0x33, 0x80, 0xc, 0x3, 0x8,
    0x0, 0x40, 0x31, 0x80,

    /* U+0023 "#" */
    0x0, 0xe8, 0xf6, 0x0, 0x77, 0x80, 0x7c, 0x60,
    0xa0, 0x22, 0x30, 0xf, 0x94, 0xc, 0x14, 0x14,
    0x3, 0xe1, 0x20, 0x1, 0x87, 0x0, 0x78, 0xc1,
    0xc0, 0x1a, 0x6, 0x1, 0x47, 0xfb, 0x1, 0x7f,
    0xca, 0x17, 0xf4, 0x1e, 0x22, 0x0, 0x8, 0xc0,
    0x1, 0x11, 0x83, 0xf7, 0xc, 0x3f, 0xb4, 0x13,
    0xb9, 0x20, 0x18, 0xc4, 0x40, 0xa0, 0x60, 0x1e,
    0x30, 0x50, 0x6, 0x6, 0x0, 0x4b, 0xbb, 0x2,
    0xee, 0x94, 0x27, 0x68, 0xc, 0x88, 0x20, 0x24,
    0x40, 0x1, 0x11, 0x81, 0xbf, 0xc6, 0x1b, 0xf8,
    0x9, 0xfe, 0xc0, 0xc, 0x60, 0x40, 0xa0, 0x60,
    0x1e, 0x20, 0x30, 0x7, 0x6, 0x80, 0x79, 0x81,
    0x40, 0x6, 0xc, 0x1, 0xe3, 0xf, 0x0, 0x28,
    0x18, 0x6,

    /* U+0024 "$" */
    0x0, 0xe2, 0xfa, 0x0, 0xff, 0xe5, 0x12, 0x83,
    0x18, 0x7, 0x86, 0xf6, 0x0, 0xf3, 0x4c, 0x3,
    0x62, 0x0, 0x4, 0x0, 0x58, 0x40, 0x6, 0x20,
    0x4e, 0xe7, 0xa8, 0x2, 0xc0, 0x1e, 0x0, 0x81,
    0x0, 0x50, 0x1, 0xc0, 0x6, 0x0, 0x10, 0xc,
    0x80, 0x20, 0xd, 0x0, 0x58, 0x6, 0xbf, 0xf0,
    0x1, 0x80, 0xd, 0x68, 0x1, 0xf0, 0xe0, 0x82,
    0x5e, 0xb8, 0x80, 0x71, 0xfb, 0x80, 0xa, 0x3d,
    0x40, 0x38, 0x63, 0xe8, 0xc0, 0x69, 0x40, 0x3e,
    0x5c, 0x90, 0x4, 0x1, 0xcc, 0x90, 0x3, 0x31,
    0x81, 0x8, 0x33, 0x38, 0x3, 0x9c, 0x2, 0x30,
    0x2, 0x98, 0x4, 0x68, 0x2, 0x20, 0x80, 0x6,
    0x5c, 0xde, 0x0, 0x18, 0x0, 0xee, 0x0, 0x23,
    0x20, 0x1, 0xa0, 0x2, 0x8d, 0x83, 0x3, 0x7d,
    0x90, 0xe, 0x27, 0xa0, 0xb8, 0x20, 0xf, 0xfe,
    0x20,

    /* U+0025 "%" */
    0x4, 0xcf, 0xe8, 0x0, 0xfc, 0x56, 0x68, 0xf,
    0x0, 0x1f, 0x28, 0x3d, 0xe0, 0x30, 0x1, 0x24,
    0x40, 0x1e, 0x1c, 0x4, 0x2, 0x0, 0x97, 0x10,
    0x7, 0x87, 0x1, 0x0, 0x83, 0x14, 0x0, 0x4a,
    0xf, 0x98, 0x6, 0x18, 0x26, 0x0, 0x8a, 0xcc,
    0xc0, 0xf1, 0x1, 0x90, 0xe, 0x4c, 0xfe, 0x82,
    0x64, 0x40, 0x7, 0xfa, 0x42, 0x40, 0x3f, 0xc8,
    0x86, 0x38, 0xa9, 0x30, 0xf, 0x48, 0xc6, 0x3a,
    0xb6, 0x20, 0x6, 0x72, 0x87, 0x24, 0xf9, 0xf,
    0x0, 0x86, 0x9, 0xbc, 0x34, 0x18, 0x14, 0x2,
    0x60, 0x90, 0x8, 0xc0, 0x3e, 0x7c, 0x40, 0xe0,
    0xc0, 0x30, 0x30, 0xc, 0x60, 0x5, 0x6, 0xbd,
    0xa, 0x0, 0xf8, 0xb0, 0xd0, 0x21, 0xc0,

    /* U+0026 "&" */
    0x0, 0x9b, 0x3f, 0xd6, 0x40, 0x1f, 0x4c, 0x8c,
    0x0, 0x9a, 0x40, 0x1c, 0x4c, 0x3, 0x52, 0x0,
    0xb0, 0xe, 0x70, 0x5, 0xab, 0x28, 0x28, 0x7,
    0x18, 0x1, 0x80, 0x2, 0xc, 0x1, 0xca, 0x0,
    0xa0, 0x74, 0x9, 0x0, 0xe3, 0x30, 0x36, 0x40,
    0x51, 0x80, 0x7b, 0x80, 0x6, 0x38, 0xa0, 0x1f,
    0x58, 0x4, 0xa6, 0x0, 0x12, 0x20, 0x2, 0xd8,
    0x8, 0x12, 0x0, 0x17, 0xbe, 0xc, 0x80, 0xda,
    0x60, 0xea, 0xe, 0xc, 0x16, 0x0, 0x90, 0xd1,
    0xa, 0x52, 0xc, 0x2, 0x2, 0x0, 0xd, 0x0,
    0x28, 0x0, 0xc0, 0x40, 0x44, 0x0, 0x24, 0x0,
    0x50, 0x20, 0xa0, 0xf, 0x64, 0x79, 0x0, 0xf4,
    0x18, 0x14, 0xdc, 0x8, 0x5, 0x6, 0x0, 0xc8,
    0x30, 0x1, 0x36, 0xd0, 0x3, 0x80,

    /* U+0027 "'" */
    0x7f, 0xc0, 0xe, 0x70, 0x0, 0x80, 0xc, 0x0,
    0x2f, 0xd0,

    /* U+0028 "(" */
    0x0, 0xff, 0x93, 0x88, 0x2, 0x4b, 0x16, 0x0,
    0xd, 0x4, 0xa0, 0x2, 0x85, 0x58, 0x0, 0x68,
    0x10, 0x1, 0x40, 0x21, 0x0, 0x5, 0x3, 0x80,
    0x24, 0x0, 0x20, 0x5, 0xa0, 0x22, 0x0, 0x8c,
    0x8, 0x3, 0x30, 0x38, 0x6, 0x30, 0x10, 0xf,
    0xf8, 0xc0, 0x3c, 0x20, 0xc0, 0x19, 0x40, 0x80,
    0x37, 0x80, 0x80, 0x64, 0x0, 0x20, 0x4, 0x46,
    0x1a, 0x1, 0xa4, 0x18, 0x3, 0x29, 0x4, 0x0,
    0x6e, 0x7, 0x30, 0x8, 0xe0, 0x34, 0x80, 0x27,
    0x81, 0x10, 0x6, 0x7c, 0x30,

    /* U+0029 ")" */
    0x0, 0xfe, 0xe6, 0x0, 0xe1, 0x9, 0x60, 0xc,
    0x3a, 0x12, 0x80, 0x18, 0xdc, 0x28, 0x3, 0xa0,
    0x44, 0xe0, 0x1c, 0xc1, 0x20, 0x1d, 0x60, 0x28,
    0x1, 0x8c, 0x1, 0xa0, 0x1c, 0x60, 0x80, 0x1c,
    0xa0, 0x40, 0x1c, 0x20, 0x1, 0x0, 0xde, 0x0,
    0x30, 0xf, 0xfe, 0x7, 0x80, 0x7c, 0x20, 0x2,
    0x0, 0xc4, 0x4, 0x1, 0xca, 0xe, 0x1, 0x84,
    0x41, 0xe0, 0x19, 0xc0, 0x8, 0x1, 0xa8, 0x18,
    0x40, 0x25, 0x30, 0x80, 0x8, 0x6c, 0x24, 0x40,
    0x3, 0xa2, 0xac, 0x1, 0x8d, 0x68, 0x3, 0xe,
    0x50, 0x7, 0x0,

    /* U+002A "*" */
    0x0, 0xe6, 0xfd, 0x0, 0xff, 0x18, 0x8, 0x7,
    0xf8, 0x41, 0xc0, 0x3c, 0xec, 0x0, 0x70, 0x20,
    0x1, 0x40, 0x2, 0xa7, 0xe1, 0xc0, 0x57, 0x35,
    0xc8, 0x10, 0x81, 0xec, 0x1e, 0x8c, 0x9, 0x82,
    0x77, 0xa8, 0x40, 0xf, 0x7d, 0xa8, 0x1, 0x9,
    0x88, 0x80, 0x50, 0x40, 0x39, 0x24, 0x3c, 0x99,
    0x80, 0x1c, 0x54, 0x10, 0x32, 0x12, 0x60, 0x1a,
    0x84, 0x9c, 0x11, 0x1, 0x0, 0x1a, 0x2a, 0x40,
    0x29, 0x6b, 0x0, 0x0,

    /* U+002B "+" */
    0x0, 0xc5, 0x10, 0x30, 0xf, 0xcc, 0xee, 0x40,
    0xf, 0xfe, 0xe3, 0xd5, 0x5e, 0x0, 0xaa, 0xeb,
    0x55, 0x90, 0x0, 0x4a, 0xb8, 0x3, 0xff, 0x81,
    0x9f, 0xf5, 0x80, 0x23, 0xff, 0x0, 0x7f, 0xf9,
    0x0,

    /* U+002C "," */
    0xc, 0xff, 0x0, 0x7f, 0x8, 0x10, 0x10, 0x23,
    0x0, 0x2c, 0x1, 0x24, 0xde, 0xc0,

    /* U+002D "-" */
    0x4, 0x4f, 0xe1, 0xb, 0xbf, 0xe7, 0x0, 0xff,
    0x80,

    /* U+002E "." */
    0x1b, 0xe8, 0x8, 0x41, 0x74, 0x0, 0xeb, 0x20,
    0x54,

    /* U+002F "/" */
    0x0, 0xfa, 0xff, 0x40, 0x3c, 0x28, 0x14, 0x1,
    0xe6, 0x0, 0x30, 0x7, 0xa8, 0x10, 0x40, 0x38,
    0xc8, 0x34, 0x3, 0xd6, 0x0, 0x60, 0xf, 0x30,
    0x28, 0x7, 0x90, 0x43, 0x80, 0x3d, 0xc0, 0x28,
    0x1, 0xe5, 0x7, 0x0, 0xf2, 0x80, 0x28, 0x3,
    0xdc, 0x4, 0x60, 0x1c, 0x28, 0x14, 0x1, 0xe6,
    0x0, 0x28, 0x7, 0xa8, 0xc, 0x80, 0x38, 0x88,
    0x14, 0x1, 0xea, 0x0, 0x38, 0x7, 0x98, 0x14,
    0x40, 0x38, 0x59, 0xe4, 0x3, 0xc0,

    /* U+0030 "0" */
    0x0, 0x97, 0x3f, 0xdb, 0x22, 0x1, 0xaa, 0x86,
    0x0, 0x26, 0xf2, 0x0, 0x32, 0x81, 0x4d, 0x30,
    0xf, 0x80, 0x2c, 0x1, 0x8c, 0xb2, 0xc0, 0x48,
    0x44, 0x5, 0x10, 0xa, 0x80, 0x1a, 0xc0, 0x2,
    0x0, 0xf8, 0x84, 0x1, 0xe0, 0x13, 0x60, 0x1,
    0xc0, 0x38, 0x6e, 0x44, 0x3, 0xe4, 0xf4, 0x5f,
    0x0, 0xf5, 0x58, 0xd5, 0x0, 0x3e, 0x23, 0xd5,
    0x0, 0xe1, 0x0, 0x26, 0x10, 0x7, 0x3b, 0x0,
    0x4, 0x3, 0x10, 0x0, 0x8a, 0x5, 0x10, 0xa,
    0x80, 0x1a, 0x16, 0x0, 0xc6, 0x59, 0x60, 0x24,
    0x6, 0x60, 0x14, 0xd3, 0x0, 0xf8, 0x5, 0x34,
    0x60, 0x1, 0x6f, 0x20,

    /* U+0031 "1" */
    0x0, 0xf8, 0x40, 0x31, 0x47, 0x38, 0xb, 0x66,
    0xb8, 0x84, 0x74, 0x98, 0x6, 0x40, 0x2, 0x28,
    0x4, 0xd1, 0xd7, 0x80, 0x15, 0x38, 0x80, 0x7f,
    0xff, 0xc0, 0x3f, 0xf8, 0xc0,

    /* U+0032 "2" */
    0x0, 0x8a, 0xbb, 0xfd, 0x8c, 0x1, 0xcd, 0xaa,
    0x20, 0x3, 0x9b, 0x0, 0x92, 0x40, 0xf, 0x50,
    0x20, 0x8e, 0x0, 0x80, 0x6, 0x42, 0xbe, 0x0,
    0x28, 0x0, 0x60, 0x66, 0x0, 0x88, 0x80, 0x40,
    0x9, 0x94, 0x0, 0x7f, 0x99, 0x88, 0x1, 0x8c,
    0x81, 0x40, 0x3f, 0xbc, 0x1, 0x20, 0x1f, 0xa8,
    0xc1, 0xcc, 0x3, 0xe8, 0x50, 0x58, 0x0, 0xf9,
    0xdc, 0x9, 0x40, 0x1f, 0x3c, 0x1, 0xd8, 0x7,
    0xcd, 0x0, 0x78, 0x1, 0xf2, 0xc8, 0x16, 0x80,
    0x7c, 0x94, 0x0, 0x85, 0x44, 0xe3, 0x8, 0x0,
    0xaa, 0xef, 0xd0, 0x1, 0xff, 0xc1,

    /* U+0033 "3" */
    0x0, 0x14, 0xf7, 0xfb, 0x60, 0x40, 0x26, 0xd6,
    0x10, 0x1, 0x3f, 0x90, 0x1c, 0x80, 0x1e, 0xa4,
    0xc0, 0x64, 0x28, 0x1, 0x30, 0xad, 0x84, 0x8,
    0x39, 0x10, 0x60, 0xc, 0x80, 0x2, 0x57, 0x70,
    0x7, 0x28, 0x0, 0x80, 0x3c, 0x52, 0x60, 0xe2,
    0x1, 0x1f, 0xfb, 0x58, 0x1e, 0x0, 0x3f, 0xf8,
    0x87, 0x98, 0xa4, 0x7, 0xa0, 0xe, 0x33, 0x2d,
    0xa0, 0x29, 0x80, 0x7e, 0xd0, 0x2, 0xde, 0x60,
    0x3, 0xfc, 0x66, 0x50, 0xd, 0xa0, 0x5, 0xf0,
    0x5, 0x42, 0x2d, 0xa0, 0x19, 0x92, 0x0, 0xf,
    0x74, 0x80, 0x5c, 0x0, 0x7c, 0x51, 0x0, 0x1c,
    0x69, 0x0,

    /* U+0034 "4" */
    0x0, 0xf8, 0xff, 0xe0, 0xf, 0xf7, 0x80, 0x7f,
    0xf0, 0x1c, 0xc0, 0x3f, 0xe2, 0x80, 0xf, 0xfe,
    0x4, 0x81, 0x98, 0x3, 0xf9, 0x50, 0x3c, 0x3,
    0xf8, 0x6c, 0x1c, 0xc0, 0x3f, 0xac, 0x4a, 0x0,
    0x3f, 0x91, 0x42, 0x40, 0x3f, 0xd2, 0xc, 0x80,
    0x1f, 0xd0, 0x43, 0x0, 0x1f, 0xc4, 0xe0, 0x3d,
    0xff, 0x18, 0x3, 0xfc, 0x42, 0x1, 0xff, 0xc1,
    0x3b, 0xbf, 0x88, 0x1, 0x56, 0x40, 0x89, 0xf0,
    0x80, 0x15, 0x0, 0x3f, 0xfa, 0x20,

    /* U+0035 "5" */
    0x0, 0x77, 0xff, 0xe5, 0x0, 0x8, 0x7, 0xf8,
    0x40, 0x8, 0xef, 0xf0, 0x10, 0x3, 0xa2, 0x3c,
    0x40, 0xc0, 0x1, 0x0, 0xfc, 0x40, 0x6, 0x24,
    0x30, 0xe, 0xf0, 0x7, 0xed, 0xe7, 0xc8, 0x4,
    0x40, 0x2, 0x0, 0xcd, 0x60, 0xc, 0x32, 0xbf,
    0xf5, 0x0, 0x11, 0x0, 0xd9, 0xa8, 0x0, 0x5a,
    0x0, 0x70, 0x7, 0xe5, 0x0, 0x38, 0x7, 0xff,
    0x0, 0xf3, 0xc, 0x1, 0x84, 0x0, 0x24, 0x66,
    0xb0, 0xc, 0xc0, 0x4, 0x16, 0x2, 0xd6, 0x48,
    0x80, 0x2, 0x82, 0x50, 0xa, 0x6d, 0xc0, 0x14,
    0x40, 0xb, 0x93, 0x0, 0xa, 0xe2, 0x80,

    /* U+0036 "6" */
    0x0, 0xc2, 0xf7, 0xde, 0x60, 0x1c, 0xbf, 0x8,
    0x20, 0x1e, 0x6a, 0x10, 0x37, 0x92, 0x0, 0x8a,
    0x40, 0x17, 0x90, 0xc2, 0x1, 0x40, 0x2, 0xd0,
    0x3, 0xc2, 0xa0, 0x88, 0x14, 0x30, 0xc, 0xa0,
    0xc, 0xae, 0xbc, 0xf8, 0x0, 0x18, 0x2, 0x14,
    0x3, 0x3c, 0x7, 0x80, 0x51, 0xdf, 0x20, 0x7,
    0x21, 0x0, 0x43, 0x88, 0x33, 0x80, 0x14, 0x2,
    0x40, 0xd, 0x40, 0xd, 0x10, 0x3, 0x80, 0x63,
    0x0, 0xb4, 0x0, 0x60, 0x18, 0x80, 0x6, 0xa0,
    0x9, 0x10, 0xa, 0x40, 0x18, 0x10, 0x3, 0x8c,
    0xb4, 0xa0, 0x4a, 0xe, 0xa0, 0x53, 0x4a, 0x3,
    0xe0, 0x15, 0x50, 0xc0, 0x4, 0xfe, 0x40,

    /* U+0037 "7" */
    0xff, 0xff, 0xb4, 0x3, 0xfe, 0x1a, 0xaf, 0xce,
    0x0, 0xa5, 0x5f, 0xc4, 0x2, 0xc0, 0x1f, 0x12,
    0x83, 0x0, 0x7e, 0xb0, 0x4, 0x80, 0x7c, 0x2c,
    0xa, 0x20, 0x1f, 0x48, 0x2, 0x40, 0x3f, 0x38,
    0x19, 0x80, 0x3e, 0x70, 0x4, 0x80, 0x7e, 0x90,
    0x25, 0x0, 0xf9, 0x84, 0x28, 0x3, 0xf5, 0x80,
    0x1c, 0x3, 0xe5, 0x20, 0x70, 0xf, 0xd2, 0x0,
    0x90, 0xf, 0x90, 0xc1, 0x44, 0x3, 0xef, 0x0,
    0x48, 0x7, 0x80,

    /* U+0038 "8" */
    0x0, 0x9f, 0x3f, 0xdd, 0x44, 0x1, 0xe, 0xc1,
    0x80, 0x5, 0x75, 0x40, 0x10, 0x40, 0x53, 0x4c,
    0x0, 0xa1, 0x7, 0x0, 0x63, 0x2c, 0xa8, 0x1,
    0x0, 0x40, 0x84, 0x2, 0xc0, 0x1, 0x81, 0x81,
    0x8, 0x5, 0xe0, 0x5, 0x8, 0x0, 0x63, 0x2c,
    0xb0, 0x29, 0x82, 0x58, 0x94, 0xd3, 0x3, 0x50,
    0x5, 0xc2, 0x1, 0xc8, 0x60, 0x9, 0x50, 0x7e,
    0xfb, 0x12, 0xd1, 0x13, 0x2, 0x40, 0x82, 0x58,
    0xc, 0xa0, 0x3, 0x0, 0x32, 0x80, 0x10, 0x2,
    0xf0, 0xf, 0xce, 0x0, 0x50, 0xc, 0xc0, 0x5,
    0x23, 0x2, 0xc5, 0x48, 0x90, 0x5, 0x7, 0x10,
    0x1d, 0x5b, 0x80, 0x24, 0xc0, 0xb6, 0xc, 0x0,
    0x2b, 0x8c, 0x0,

    /* U+0039 "9" */
    0x0, 0xa3, 0x7f, 0xd8, 0xa0, 0x18, 0x75, 0xc8,
    0x0, 0x75, 0x40, 0xa, 0x88, 0x12, 0xa4, 0x81,
    0x5c, 0xd, 0x0, 0xed, 0x5b, 0x4, 0x24, 0x10,
    0x1, 0x20, 0x10, 0xb0, 0x9, 0xf0, 0x1, 0x80,
    0x36, 0x80, 0x14, 0x40, 0xe, 0x1, 0x84, 0x1,
    0xdc, 0x0, 0x68, 0x6, 0x30, 0x9, 0xc0, 0xc,
    0xe0, 0x2f, 0x0, 0xf, 0x19, 0x0, 0x47, 0xf4,
    0x0, 0x42, 0xd, 0x42, 0x1, 0x23, 0x80, 0x8,
    0x0, 0xbd, 0xb9, 0xd6, 0x40, 0x4, 0x0, 0xc4,
    0x62, 0x4a, 0x8, 0x1, 0xf1, 0x78, 0x2, 0x0,
    0x33, 0x45, 0xe9, 0x4, 0x18, 0x4, 0x52, 0xe8,
    0x0, 0x87, 0x0, 0xf0, 0x9c, 0x73, 0x80, 0x40,

    /* U+003A ":" */
    0x8, 0xeb, 0x13, 0x71, 0x48, 0x70, 0x8, 0xd1,
    0x40, 0xa0, 0x2b, 0xf4, 0x80, 0x3f, 0xf9, 0xd1,
    0xd6, 0x26, 0xe2, 0x90, 0xe0, 0x11, 0xa2, 0x81,
    0x40,

    /* U+003B ";" */
    0x6, 0xdd, 0x18, 0x49, 0x13, 0x84, 0x3, 0xc,
    0x0, 0xc0, 0x3f, 0xf2, 0x80, 0x7f, 0xf4, 0xe7,
    0xfc, 0x40, 0x1f, 0xf1, 0x80, 0x8, 0x1c, 0x10,
    0xc, 0x83, 0xc1, 0x85, 0x90, 0x17, 0xa4, 0x0,

    /* U+003C "<" */
    0x0, 0xfe, 0x4b, 0x10, 0xf, 0x9f, 0x6d, 0x0,
    0x38, 0xa7, 0xe0, 0x80, 0x39, 0x2f, 0x58, 0x0,
    0x73, 0xc2, 0x1b, 0x68, 0x4, 0xfb, 0x8c, 0x20,
    0x24, 0x0, 0x9d, 0x82, 0x0, 0xe1, 0x0, 0x4e,
    0x30, 0x80, 0x61, 0xea, 0x30, 0x39, 0xeb, 0x50,
    0xc, 0xb9, 0x85, 0x0, 0x25, 0x78, 0x80, 0x63,
    0xae, 0x71, 0x0, 0xfe, 0x18, 0xea, 0x30, 0xf,
    0xf2, 0xe0, 0x80,

    /* U+003D "=" */
    0x5, 0x5f, 0xf2, 0xd, 0x57, 0xfa, 0x0, 0x3f,
    0xf8, 0x3, 0xff, 0xfe, 0xc0, 0xf, 0xfe, 0xa,
    0xaf, 0xf9, 0x6, 0xab, 0xfd, 0x0, 0x1f, 0xfc,
    0x0,

    /* U+003E ">" */
    0xc, 0x50, 0xf, 0xf1, 0xd7, 0x40, 0x80, 0x7f,
    0xb, 0xf5, 0x20, 0x7, 0x7d, 0x28, 0x1, 0x6f,
    0x58, 0x3, 0x2d, 0x74, 0xa0, 0x14, 0xfa, 0x80,
    0x61, 0x6b, 0xc2, 0x0, 0x10, 0x7, 0x2d, 0xe1,
    0x0, 0x8, 0x0, 0x95, 0xf4, 0x80, 0x31, 0xca,
    0x1d, 0x6a, 0x0, 0x4b, 0xe7, 0x10, 0x0, 0x80,
    0x1b, 0x6d, 0x0, 0x38, 0xa7, 0xe4, 0x80, 0x3e,
    0xd6, 0x0, 0xfe,

    /* U+003F "?" */
    0x0, 0x36, 0x7f, 0xba, 0xd4, 0x2, 0xc9, 0x30,
    0x0, 0xa5, 0x48, 0x41, 0x80, 0xc4, 0xb8, 0x1,
    0x91, 0x40, 0x18, 0xed, 0x12, 0x0, 0xdb, 0x89,
    0x20, 0x9, 0x0, 0x6, 0xce, 0xc0, 0x19, 0x0,
    0x4, 0x1, 0xe1, 0x80, 0x4, 0x80, 0x70, 0xe0,
    0x85, 0x8, 0x6, 0x2f, 0x20, 0x95, 0x0, 0xee,
    0x10, 0xa6, 0x0, 0xf1, 0x82, 0xa8, 0x3, 0xc2,
    0x36, 0x80, 0x7c, 0x3d, 0xc7, 0x0, 0xfc, 0x24,
    0x1, 0xf8, 0xfb, 0x60, 0x3, 0xe4, 0x0, 0x28,
    0x7, 0xca, 0x41, 0x60, 0x18,

    /* U+0040 "@" */
    0x0, 0xc3, 0x1b, 0xfe, 0xc5, 0x0, 0xf2, 0x7b,
    0x82, 0xa1, 0xd5, 0x0, 0x31, 0xd8, 0x5e, 0xd5,
    0xfb, 0x2c, 0x0, 0x5c, 0x18, 0x88, 0x9a, 0x59,
    0x47, 0x10, 0x62, 0x92, 0x7b, 0x65, 0xa4, 0xf0,
    0x40, 0xa0, 0x63, 0x82, 0xd9, 0x0, 0x20, 0x68,
    0x9a, 0x85, 0x7, 0x10, 0x83, 0x0, 0x91, 0x3,
    0x41, 0x4, 0xc3, 0xc0, 0xc0, 0x26, 0x1, 0x2,
    0x20, 0x0, 0x80, 0x40, 0x48, 0xc0, 0xc4, 0x1c,
    0x0, 0x22, 0x2, 0xd, 0x30, 0x31, 0x5, 0x0,
    0x29, 0x82, 0x82, 0x30, 0x70, 0x20, 0xde, 0x9,
    0x4c, 0x30, 0x98, 0x28, 0x49, 0x22, 0xe9, 0x32,
    0xc8, 0x1, 0x49, 0x4b, 0x7e, 0x4b, 0x7e, 0x80,
    0x28, 0xa, 0x50, 0xc, 0x60, 0x1c, 0x56, 0x15,
    0xd7, 0x6e, 0xc1, 0x0, 0xe4, 0xe6, 0x34, 0x41,
    0xb8, 0x80, 0x40,

    /* U+0041 "A" */
    0x0, 0xf7, 0xfb, 0x0, 0x3f, 0xe5, 0x0, 0x18,
    0x80, 0x7f, 0xbc, 0x2, 0x60, 0xf, 0xf2, 0x80,
    0x56, 0x1, 0xfc, 0xa0, 0x5, 0x3, 0x10, 0xf,
    0xde, 0x3, 0x0, 0x7, 0x0, 0xfc, 0xa0, 0xe4,
    0x40, 0xd0, 0xf, 0x90, 0x1, 0x80, 0x80, 0x82,
    0x1, 0xee, 0x0, 0x28, 0x68, 0x1, 0x0, 0x3c,
    0xa0, 0x80, 0x4, 0x0, 0x78, 0x7, 0x20, 0x4,
    0xcd, 0x10, 0x28, 0x7, 0x68, 0x1, 0x26, 0x62,
    0x0, 0x28, 0x6, 0x70, 0xf, 0xef, 0x0, 0x90,
    0x41, 0xff, 0xf8, 0x81, 0x40, 0x2d, 0x0, 0x58,
    0x7, 0x28, 0x1, 0x0, 0xe, 0x2, 0x60, 0x1d,
    0x60, 0xd, 0x3, 0x10, 0x40, 0xf, 0x18, 0x1,
    0xc0,

    /* U+0042 "B" */
    0x4f, 0xff, 0x75, 0xb0, 0x7, 0xf8, 0x52, 0x70,
    0x40, 0x32, 0x55, 0x25, 0xc4, 0xe, 0xc0, 0x31,
    0x2a, 0x9a, 0x3c, 0x0, 0xa0, 0x1f, 0xc2, 0x80,
    0x1, 0x0, 0xfe, 0x50, 0x11, 0x0, 0x7c, 0x76,
    0x21, 0x20, 0x19, 0xbf, 0xec, 0x41, 0x87, 0x0,
    0xff, 0xf, 0x0, 0x72, 0xee, 0xd6, 0xa0, 0xd6,
    0x1, 0x8c, 0x8a, 0x4a, 0x50, 0x44, 0x0, 0x7f,
    0x78, 0x0, 0xc0, 0x3f, 0x8c, 0x3, 0xff, 0x81,
    0x40, 0x3, 0x0, 0x89, 0x56, 0x6d, 0x30, 0x24,
    0x0, 0x92, 0xaa, 0x92, 0x1, 0xf0, 0xf, 0xe3,
    0x8e, 0x20,

    /* U+0043 "C" */
    0x0, 0x96, 0xff, 0xdd, 0x46, 0x1, 0xd5, 0x44,
    0x0, 0xa, 0xe3, 0x80, 0x50, 0xa0, 0x53, 0x4e,
    0x0, 0x85, 0x2, 0x70, 0x2c, 0x65, 0x8c, 0x0,
    0x48, 0x50, 0x2, 0x4, 0x2, 0x34, 0x3, 0x14,
    0x0, 0x20, 0x7, 0x7c, 0x40, 0x8, 0x0, 0x20,
    0x1c, 0x8e, 0xe1, 0x0, 0x8, 0x7, 0xf8, 0x40,
    0x3f, 0xf8, 0x2, 0x1, 0xff, 0xc2, 0x10, 0xf,
    0xf1, 0x0, 0x4, 0x3, 0x8d, 0x98, 0x28, 0x0,
    0x40, 0xe, 0x89, 0x90, 0x50, 0x2, 0x0, 0x31,
    0xa0, 0x10, 0x93, 0x1, 0x6b, 0x2c, 0x60, 0x2,
    0x40, 0x12, 0x80, 0x53, 0x4e, 0x0, 0x84, 0x0,
    0xae, 0x8c, 0x0, 0x2b, 0x8e, 0x0,

    /* U+0044 "D" */
    0x6f, 0xfe, 0xd8, 0x20, 0xf, 0xf1, 0x3e, 0xc0,
    0x7, 0x96, 0xa5, 0x80, 0xf, 0x20, 0x1d, 0xaa,
    0xd3, 0xa2, 0xc, 0x80, 0x1f, 0x8a, 0x80, 0x1e,
    0x1, 0xfc, 0x84, 0x8, 0x20, 0x1f, 0xce, 0x0,
    0x50, 0xf, 0xe2, 0x0, 0x8, 0x7, 0xff, 0x5c,
    0x40, 0xc, 0x1, 0xfc, 0x80, 0x2, 0x0, 0xfc,
    0x84, 0x8, 0x20, 0x1f, 0xd, 0x0, 0x3c, 0x3,
    0x6a, 0x2c, 0x70, 0x83, 0x20, 0x6, 0x5b, 0xa7,
    0x0, 0x3c, 0x80, 0x7e, 0x26, 0xc8, 0x0, 0x80,

    /* U+0045 "E" */
    0x1f, 0xff, 0xf7, 0x0, 0x7f, 0xf0, 0xca, 0xab,
    0xeb, 0x0, 0x99, 0x57, 0xf0, 0x7, 0xff, 0x6d,
    0x3f, 0xfd, 0x80, 0x1f, 0xfc, 0x43, 0xbb, 0xf7,
    0x80, 0x67, 0x44, 0xf1, 0x80, 0x7f, 0xf7, 0x19,
    0x57, 0xf0, 0x4, 0x55, 0x5f, 0x80, 0x3f, 0xf8,
    0x0,

    /* U+0046 "F" */
    0xf, 0xff, 0xf8, 0x3, 0xff, 0x8a, 0x55, 0x5f,
    0x80, 0x30, 0xaa, 0xfe, 0x0, 0xff, 0xef, 0x8a,
    0xaf, 0xc0, 0x1c, 0x55, 0x5f, 0x0, 0x7f, 0xf1,
    0x8f, 0xff, 0xe0, 0xf, 0xff, 0xf8, 0x7, 0x0,

    /* U+0047 "G" */
    0x0, 0x92, 0xff, 0xdd, 0x68, 0x1, 0xd5, 0x68,
    0x0, 0x14, 0xb9, 0x0, 0xa1, 0x40, 0x62, 0x9c,
    0x41, 0x98, 0x2, 0xe0, 0x38, 0xeb, 0x18, 0x0,
    0xb0, 0x60, 0x4, 0x90, 0x4, 0x48, 0x4, 0x38,
    0x0, 0x50, 0xe, 0xbf, 0xf0, 0xb0, 0x0, 0x80,
    0x3f, 0x8c, 0x4, 0x3, 0xff, 0x89, 0x7f, 0xfc,
    0x40, 0x1f, 0xfc, 0x13, 0x1, 0x0, 0xa7, 0x30,
    0x80, 0x13, 0x0, 0x8, 0x0, 0x46, 0x62, 0x0,
    0xb0, 0x0, 0xa0, 0x1f, 0xcc, 0x0, 0x92, 0x0,
    0xc6, 0x0, 0x11, 0x40, 0xe, 0x42, 0xb5, 0x28,
    0x0, 0x41, 0xd8, 0x5, 0xea, 0x54, 0x6, 0x88,
    0x1, 0x36, 0x82, 0x2, 0x71, 0xea, 0x0,

    /* U+0048 "H" */
    0x7f, 0xf2, 0x0, 0x77, 0xfb, 0x0, 0x3f, 0xff,
    0xf7, 0xff, 0xc0, 0x1f, 0xfc, 0x67, 0xaa, 0xe0,
    0xf, 0x62, 0xaf, 0x0, 0x7f, 0xff, 0xc0,

    /* U+0049 "I" */
    0xdf, 0xff, 0xe3, 0x0, 0xff, 0xa6, 0xa8, 0xe0,
    0x4, 0xaa, 0x89, 0x15, 0x58, 0x0, 0x25, 0x58,
    0x40, 0x3f, 0xff, 0xe0, 0x1f, 0xfd, 0x74, 0x55,
    0x60, 0x0, 0x95, 0x61, 0x9a, 0xa3, 0x80, 0x12,
    0xaa, 0x20, 0xf, 0xf8,

    /* U+004A "J" */
    0x0, 0xfc, 0x7f, 0xea, 0x0, 0xff, 0xff, 0x80,
    0x7f, 0xf8, 0x48, 0xa0, 0xf, 0xc7, 0x1b, 0xa2,
    0x0, 0xcc, 0x0, 0x1d, 0x0, 0x50, 0x6, 0x90,
    0x6, 0x30, 0x1, 0xe9, 0x5b, 0xc, 0xd, 0x6,
    0xc0, 0xb, 0x52, 0x60, 0x5a, 0x0, 0x4d, 0x62,
    0x0, 0x1c, 0x68, 0x80,

    /* U+004B "K" */
    0x4f, 0xf4, 0x80, 0x75, 0xff, 0xac, 0x3, 0xf9,
    0xd0, 0xa, 0x80, 0x3f, 0x1c, 0x0, 0x38, 0x40,
    0x3e, 0x1d, 0x0, 0x49, 0x80, 0x7e, 0xa1, 0x6,
    0x60, 0x7, 0xe8, 0x40, 0x39, 0x0, 0xfc, 0x8e,
    0x3, 0xa0, 0x1f, 0x8a, 0x80, 0x12, 0x20, 0x1f,
    0x90, 0x40, 0x12, 0x1, 0xff, 0x8, 0xc, 0x80,
    0x7f, 0x37, 0x80, 0x18, 0xc0, 0x3e, 0x39, 0x19,
    0x0, 0x70, 0x7, 0xca, 0x0, 0x63, 0x2, 0x80,
    0xf, 0xf7, 0x0, 0x1c, 0x80, 0x3f, 0x89, 0xc0,
    0x1c, 0x1, 0xfe, 0x82, 0x3, 0x70, 0xf, 0xf4,
    0x80, 0x20, 0x80,

    /* U+004C "L" */
    0xff, 0x68, 0x7, 0xff, 0xfc, 0x3, 0xff, 0xfe,
    0x1, 0x1a, 0xaf, 0xe0, 0x0, 0xd5, 0x7e, 0x0,
    0xff, 0x80,

    /* U+004D "M" */
    0x6f, 0xf8, 0xc0, 0x2a, 0xff, 0x80, 0x3a, 0xc0,
    0x24, 0x0, 0xfc, 0xa0, 0x4, 0x10, 0xf, 0xc4,
    0x21, 0xa0, 0x1f, 0x88, 0x1c, 0x1c, 0x10, 0x3,
    0xca, 0x1a, 0x62, 0x23, 0x0, 0xf6, 0x2, 0x50,
    0x38, 0x7, 0xcc, 0x40, 0xc1, 0xa0, 0x1f, 0x94,
    0x2, 0x40, 0xf, 0x86, 0xc0, 0xa, 0x2, 0x1,
    0xf1, 0x88, 0x78, 0x7, 0xfa, 0x51, 0x40, 0x3f,
    0xcf, 0x60, 0x1f, 0xfe, 0xe0,

    /* U+004E "N" */
    0x7f, 0xf5, 0x0, 0x61, 0xff, 0x60, 0x4, 0xa2,
    0x1, 0xff, 0x40, 0x7, 0xfc, 0xc2, 0x1, 0xff,
    0x48, 0x7, 0xf0, 0x83, 0x80, 0x7f, 0x48, 0x1,
    0xc0, 0x3f, 0xb, 0x4, 0x80, 0x7f, 0x40, 0xb,
    0x0, 0x7e, 0x16, 0xb, 0x0, 0xfe, 0xb0, 0x26,
    0x0, 0xfc, 0x4a, 0x12, 0x1, 0xfd, 0x20, 0x20,
    0x1f, 0xc6, 0x80, 0x1f, 0xf4, 0x0, 0x7f, 0xc6,
    0x60, 0xf, 0xfa, 0x0, 0x20,

    /* U+004F "O" */
    0x0, 0x9b, 0x3f, 0xdb, 0x2, 0x1, 0xd7, 0x26,
    0x0, 0x27, 0xf2, 0x0, 0xa5, 0x0, 0x62, 0x6,
    0x3, 0x80, 0x2, 0x60, 0x2f, 0x77, 0x63, 0x0,
    0xb8, 0x50, 0x2, 0x4, 0x2, 0x80, 0x4, 0x82,
    0x0, 0x10, 0x3, 0xa, 0x0, 0x91, 0x0, 0x2,
    0x1, 0xc4, 0x0, 0x60, 0x0, 0x80, 0x78, 0x40,
    0x21, 0x0, 0xff, 0x84, 0x40, 0x1f, 0xf0, 0x80,
    0x4, 0x3, 0xc2, 0x1, 0x10, 0x0, 0x40, 0x38,
    0x80, 0xc, 0x80, 0x4, 0x0, 0xe4, 0x1, 0x2a,
    0x0, 0x40, 0x6, 0x90, 0x4, 0x81, 0x30, 0x16,
    0xbb, 0x5b, 0x0, 0xb8, 0x2, 0x50, 0xa, 0x25,
    0x0, 0x70, 0x3, 0x5c, 0x98, 0x0, 0x9f, 0xc8,
    0x0,

    /* U+0050 "P" */
    0xf, 0xff, 0xb1, 0xc0, 0x3f, 0xe3, 0x8d, 0x20,
    0xc, 0x55, 0x54, 0x90, 0x17, 0x0, 0x61, 0x55,
    0x9b, 0x4c, 0xd, 0x0, 0x3f, 0xa8, 0x1, 0x80,
    0x1f, 0xc6, 0x1, 0xff, 0xc0, 0xc0, 0x7, 0x0,
    0x7c, 0x30, 0xc0, 0x7, 0x0, 0x8f, 0xfe, 0xe7,
    0x0, 0x50, 0x80, 0x7f, 0x1e, 0x28, 0x6, 0x2a,
    0xaa, 0xfb, 0xc, 0x3, 0x85, 0x56, 0x41, 0x0,
    0xff, 0xfc, 0x80,

    /* U+0051 "Q" */
    0x0, 0x97, 0x3f, 0xdb, 0x2, 0x1, 0xd7, 0x46,
    0x0, 0x27, 0xf3, 0x0, 0xa5, 0x0, 0x5e, 0x10,
    0x7, 0x44, 0x9, 0x80, 0xbe, 0x1e, 0xe0, 0x6,
    0x2, 0x80, 0x10, 0x20, 0x13, 0x88, 0x30, 0x20,
    0x1, 0x0, 0x39, 0xc0, 0x6, 0x40, 0x22, 0x0,
    0xee, 0x0, 0x28, 0x80, 0x7e, 0x10, 0xf, 0xfe,
    0x18, 0x80, 0x7f, 0xf0, 0x44, 0x3, 0xf0, 0x80,
    0x4, 0x80, 0x44, 0x1, 0xdc, 0x0, 0x24, 0x0,
    0x20, 0x7, 0x38, 0x1, 0x28, 0x1, 0x2, 0x1,
    0x38, 0x83, 0x1, 0x30, 0x16, 0x3b, 0x5c, 0x0,
    0xc0, 0x2, 0x50, 0xa, 0x25, 0x0, 0x10, 0x20,
    0x15, 0xd1, 0x80, 0x8, 0x1, 0x28, 0x1, 0x97,
    0x3f, 0xdb, 0x20, 0xb, 0x60, 0xf, 0xcd, 0x60,
    0x1, 0x0, 0xfe, 0x4c, 0x97,

    /* U+0052 "R" */
    0x3f, 0xff, 0x75, 0xa8, 0x7, 0xf8, 0x52, 0xac,
    0x3, 0x92, 0xaa, 0x71, 0x4, 0x90, 0xc, 0x4a,
    0xb4, 0x60, 0x1, 0x80, 0x3f, 0x89, 0x40, 0x6,
    0x1, 0xff, 0xca, 0x40, 0x1, 0x80, 0x7c, 0x76,
    0x20, 0xc0, 0x19, 0xbf, 0xec, 0x40, 0x39, 0x0,
    0xff, 0x3e, 0x0, 0x72, 0x55, 0x1c, 0x3, 0xf8,
    0x95, 0x50, 0x20, 0xe2, 0x1, 0xfd, 0x20, 0x8,
    0x0, 0xfe, 0x71, 0x6, 0x10, 0xf, 0xe9, 0x0,
    0x40, 0x7, 0xf3, 0x88, 0x30, 0x80, 0x7f, 0x48,
    0x2, 0x0,

    /* U+0053 "S" */
    0x0, 0x9a, 0xfb, 0xfa, 0xd4, 0x3, 0xe, 0x4a,
    0x8, 0xa, 0x55, 0x80, 0x54, 0x60, 0x51, 0x50,
    0x40, 0x94, 0x4, 0x80, 0x5a, 0xea, 0xfa, 0x40,
    0xa4, 0xc0, 0x5, 0x0, 0xea, 0x0, 0x23, 0x0,
    0x10, 0x3, 0x9f, 0xb8, 0xc4, 0x60, 0x76, 0x60,
    0x18, 0x44, 0x0, 0xd2, 0x4, 0xcd, 0x82, 0x0,
    0xe1, 0xd7, 0x0, 0x13, 0xed, 0x90, 0x7, 0x47,
    0xd2, 0x80, 0x13, 0x4c, 0x3, 0xcb, 0x5e, 0xe0,
    0xd, 0x3, 0x38, 0x3, 0xa1, 0x80, 0x56, 0x33,
    0x4, 0x1, 0xde, 0x0, 0x2c, 0x0, 0x40, 0x7,
    0x68, 0x0, 0x9c, 0x81, 0x71, 0x95, 0xad, 0x0,
    0x54, 0x3c, 0x80, 0xe6, 0xa5, 0x0, 0x74, 0x0,
    0x5b, 0x28, 0x20, 0x3, 0x8f, 0x30,

    /* U+0054 "T" */
    0x7f, 0xff, 0xfe, 0x6, 0x80, 0x7f, 0xf0, 0x96,
    0xab, 0x40, 0x1, 0x2a, 0xb4, 0x92, 0xae, 0x40,
    0x1, 0x2a, 0xe4, 0x0, 0xff, 0xff, 0x80, 0x7f,
    0xff, 0xc0, 0x3f, 0xfa, 0x80,

    /* U+0055 "U" */
    0x7f, 0xf2, 0x80, 0x77, 0xfb, 0x40, 0x3f, 0xff,
    0xe0, 0x1f, 0xfe, 0x43, 0x0, 0xfc, 0x40, 0xe,
    0x0, 0xc4, 0x0, 0x64, 0x0, 0x30, 0x80, 0x56,
    0x0, 0xc1, 0x60, 0x1c, 0x65, 0xa6, 0x1, 0x60,
    0x93, 0x2, 0x9a, 0x50, 0x6, 0x88, 0x3, 0x24,
    0xc0, 0x4, 0xdc, 0x60,

    /* U+0056 "V" */
    0x4f, 0xf6, 0x0, 0x79, 0xbf, 0xd4, 0x80, 0x3,
    0x10, 0xe, 0xc0, 0x7, 0x82, 0x80, 0x10, 0x3,
    0x94, 0x0, 0x81, 0xe0, 0xc, 0x0, 0xc6, 0x0,
    0x41, 0x4, 0x0, 0x38, 0x6, 0xb0, 0x6, 0x80,
    0x5, 0x0, 0x48, 0x2, 0x40, 0x3, 0x80, 0x5a,
    0x0, 0x50, 0x0, 0x98, 0x18, 0x80, 0x4e, 0x0,
    0xc0, 0x2, 0x0, 0x2c, 0x3, 0x9, 0x2, 0x0,
    0x3c, 0x0, 0xa0, 0x1c, 0xa0, 0x4, 0x4, 0x1,
    0x20, 0xe, 0xb0, 0x6, 0x10, 0x83, 0x80, 0x78,
    0xc4, 0x15, 0x40, 0xd, 0x0, 0xf9, 0xc0, 0xa8,
    0x5, 0x0, 0x3e, 0xd0, 0x1, 0x2, 0x0, 0x7e,
    0x40, 0xd, 0xe0, 0x1f, 0xca, 0x1, 0x28, 0x7,
    0xf7, 0x80, 0x10, 0x3, 0x80,

    /* U+0057 "W" */
    0x6f, 0xf1, 0x80, 0x3b, 0xd8, 0x1, 0x5f, 0xe0,
    0x20, 0x3, 0x0, 0x88, 0x3c, 0x0, 0xc0, 0x40,
    0xc0, 0x2, 0x2, 0x0, 0x10, 0x0, 0x81, 0x80,
    0x80, 0x1e, 0xa, 0x0, 0x50, 0x0, 0x81, 0x0,
    0x8, 0x8, 0x38, 0x0, 0x20, 0x20, 0xe, 0x0,
    0x30, 0x30, 0x18, 0x4, 0x64, 0x0, 0x30, 0x1,
    0x1, 0x3, 0x1, 0x82, 0xb0, 0x1, 0x80, 0x1c,
    0x2, 0x4, 0x16, 0x1c, 0x40, 0x2, 0x0, 0x10,
    0x1, 0x0, 0x8c, 0xf, 0x80, 0x40, 0x26, 0x0,
    0x60, 0x3b, 0x3, 0x18, 0x10, 0x4, 0x40, 0x5,
    0xd, 0x20, 0x27, 0x6, 0x0, 0x84, 0x0, 0x40,
    0x40, 0x60, 0x40, 0x40, 0x18, 0x80, 0x27, 0x6,
    0x0, 0xb8, 0x3, 0x30, 0x4, 0x41, 0xa0, 0x12,
    0x80, 0x62, 0x0, 0x10, 0x0, 0xc0, 0x22, 0x0,
    0xde, 0x0, 0x70, 0x3, 0x0, 0x42, 0x1, 0x88,
    0x0, 0x40, 0x2, 0x0, 0x10, 0x4,

    /* U+0058 "X" */
    0xe, 0xff, 0x28, 0x7, 0x57, 0xfa, 0x80, 0x16,
    0x0, 0x80, 0xc, 0x4a, 0x0, 0xb0, 0x2, 0x98,
    0x12, 0x80, 0x50, 0x0, 0x81, 0x0, 0xbc, 0x1,
    0x0, 0x3, 0x50, 0x17, 0x0, 0xc6, 0xa0, 0x4a,
    0x10, 0x0, 0xb0, 0xf, 0x58, 0x2, 0xd, 0x0,
    0xd4, 0x3, 0xc3, 0x0, 0x5a, 0x0, 0xf0, 0xf,
    0xce, 0x20, 0x20, 0xc6, 0x1, 0xfc, 0xc0, 0x15,
    0x0, 0x7f, 0xb, 0x0, 0x50, 0x1, 0xfd, 0x2,
    0x2, 0x8, 0x80, 0xf, 0x89, 0x80, 0xb0, 0x1,
    0x20, 0x1f, 0x48, 0x2, 0x9, 0x80, 0x98, 0x3,
    0x95, 0x0, 0xd4, 0x20, 0x1, 0x2, 0x1, 0xa0,
    0x1, 0x0, 0x1, 0x70, 0x18, 0x0, 0x9c, 0x80,
    0xd0, 0x2, 0x90, 0x3, 0x18, 0xc, 0x0, 0x3c,
    0x3, 0xb, 0x80, 0x3c, 0x0,

    /* U+0059 "Y" */
    0x3f, 0xf6, 0x80, 0x79, 0xbf, 0xd6, 0x68, 0x4,
    0x80, 0x1d, 0x60, 0x8, 0xf, 0x0, 0x78, 0x6,
    0x42, 0x4, 0x30, 0x43, 0x4, 0x30, 0xb, 0xc0,
    0x10, 0x1, 0x40, 0x2, 0x80, 0x4, 0x80, 0x66,
    0x0, 0x90, 0xc1, 0x84, 0x2c, 0x1, 0x0, 0x1d,
    0x0, 0x6, 0x6, 0x3, 0x40, 0xe, 0x43, 0x9,
    0x70, 0x4, 0x0, 0x7d, 0x20, 0x30, 0x6, 0x80,
    0x1f, 0x29, 0x0, 0x50, 0x1, 0xfd, 0x0, 0x2,
    0x40, 0xf, 0xe7, 0x0, 0x20, 0x7, 0xff, 0xfc,

    /* U+005A "Z" */
    0xcf, 0xff, 0xf7, 0x0, 0x7f, 0xf0, 0xa2, 0xab,
    0xe3, 0x0, 0x48, 0x22, 0xaf, 0x98, 0xc0, 0xdc,
    0x3, 0xf7, 0x0, 0x3c, 0x3, 0xf4, 0x10, 0x39,
    0x80, 0x7c, 0x6e, 0x5, 0x0, 0x1f, 0xb8, 0x1,
    0xc0, 0x1f, 0x9c, 0x81, 0x8c, 0x3, 0xe2, 0x80,
    0x29, 0x0, 0xfd, 0xc0, 0x9, 0x0, 0xfc, 0xe6,
    0xc, 0x80, 0x1f, 0x14, 0x0, 0xc8, 0x7, 0xee,
    0x0, 0x50, 0x7, 0xe6, 0x30, 0x21, 0x55, 0xf8,
    0x2c, 0x0, 0x55, 0x5f, 0x88, 0x3, 0xff, 0x82,

    /* U+005B "[" */
    0x3f, 0xfd, 0xa0, 0x1f, 0xcb, 0x9e, 0x1, 0x19,
    0x88, 0x3, 0xff, 0xfe, 0x1, 0xff, 0xd2, 0x33,
    0x10, 0x4, 0xb9, 0xe0, 0x1e,

    /* U+005C "\\" */
    0x1f, 0xf4, 0x0, 0x7c, 0x28, 0xc, 0x1, 0xfb,
    0x80, 0x50, 0x3, 0xe5, 0x0, 0x70, 0x7, 0xe6,
    0x5, 0x0, 0xfd, 0x40, 0x5, 0x0, 0xf8, 0xc4,
    0x38, 0x3, 0xf3, 0x2, 0x8, 0x7, 0xd4, 0x0,
    0x60, 0xf, 0x88, 0xc2, 0xc0, 0x3f, 0x50, 0x19,
    0x0, 0x7c, 0xe0, 0xa, 0x0, 0xf8, 0x50, 0x18,
    0x3, 0xf7, 0x0, 0xa0, 0x7, 0xca, 0x0, 0xd0,
    0xf, 0xcc, 0xc, 0x1, 0xfb, 0x40, 0xa, 0x1,
    0xf2, 0x8, 0x70, 0x7, 0xeb, 0x7c, 0x0,

    /* U+005D "]" */
    0x4f, 0xfd, 0x60, 0x1e, 0x5c, 0xc0, 0x4, 0x26,
    0x60, 0xf, 0xff, 0xf8, 0x7, 0xff, 0x48, 0x4c,
    0xc0, 0x12, 0xe6, 0x0, 0x3f, 0x80,

    /* U+005E "^" */
    0x0, 0xdb, 0xf0, 0x1, 0xf2, 0x10, 0x30, 0x7,
    0xde, 0x0, 0x15, 0x0, 0xe2, 0x40, 0x60, 0x90,
    0xe, 0xa0, 0x48, 0x3, 0x30, 0x6, 0x60, 0xe1,
    0x40, 0xa0, 0x9, 0x44, 0x4a, 0x1e, 0xc, 0x1,
    0x48, 0x30, 0x1, 0x4, 0x18, 0xc, 0xc1, 0x40,
    0x13, 0x5, 0x80,

    /* U+005F "_" */
    0x3, 0x3f, 0xf0, 0x9e, 0x67, 0xf9, 0x80, 0x3f,
    0xf8, 0x0,

    /* U+0060 "`" */
    0x3, 0x38, 0x3, 0x26, 0x61, 0xc0, 0x27, 0x70,
    0x41, 0x0, 0x50, 0xc1, 0xc0,

    /* U+0061 "a" */
    0x0, 0xc, 0x6f, 0xfb, 0x64, 0x80, 0x22, 0xf7,
    0x20, 0x1, 0x36, 0xa0, 0x3, 0xc4, 0x1f, 0x30,
    0xc0, 0xa, 0x2, 0x31, 0x58, 0x33, 0x4a, 0x0,
    0x99, 0x77, 0x28, 0x3, 0x18, 0x1, 0xc0, 0x26,
    0xab, 0xcc, 0x30, 0x6, 0x4e, 0x95, 0x43, 0x30,
    0x80, 0x43, 0x62, 0x13, 0xdf, 0xe7, 0x0, 0x90,
    0x1, 0xc, 0x20, 0x1e, 0x30, 0x0, 0x80, 0x62,
    0x0, 0x94, 0x1, 0x66, 0x5, 0x4a, 0x0, 0x13,
    0x50, 0x2c, 0xfd, 0x50, 0x8, 0xc2, 0xa4, 0xc0,
    0x7, 0x36, 0x0, 0xc0,

    /* U+0062 "b" */
    0x2f, 0xf5, 0x0, 0x7f, 0xfc, 0x13, 0x3f, 0xd8,
    0x80, 0x1c, 0x96, 0x60, 0x3, 0xb6, 0x0, 0xc2,
    0x53, 0x4c, 0x0, 0x92, 0x0, 0x87, 0x19, 0x65,
    0xc0, 0x14, 0x1, 0x20, 0x80, 0x52, 0x0, 0x40,
    0xf, 0xc2, 0x20, 0x20, 0xf, 0xe3, 0x1, 0x0,
    0xfe, 0x30, 0x10, 0xf, 0xe1, 0x2, 0x0, 0x9c,
    0x3, 0x30, 0x1, 0x0, 0x22, 0xa3, 0x15, 0x90,
    0x5, 0x0, 0x42, 0xb9, 0xd4, 0x0, 0x92, 0x0,
    0xa6, 0x8c, 0x0, 0x76, 0xc0,

    /* U+0063 "c" */
    0x0, 0x96, 0xff, 0xdd, 0x44, 0x1, 0xaa, 0x88,
    0x0, 0x15, 0xd5, 0x0, 0x3a, 0x81, 0x4d, 0xb8,
    0x2, 0x88, 0x20, 0x7, 0x19, 0x22, 0x80, 0xa,
    0x80, 0x6, 0x10, 0x9, 0x51, 0x0, 0x60, 0xd,
    0x0, 0xeb, 0xb3, 0xf8, 0x0, 0x40, 0x3f, 0x78,
    0x0, 0x40, 0x3f, 0x18, 0x3, 0x40, 0x39, 0x98,
    0x88, 0x0, 0x30, 0x80, 0x49, 0x32, 0xc0, 0x80,
    0x1c, 0x64, 0x8b, 0x0, 0x50, 0x3b, 0x1, 0x4d,
    0xb8, 0x2, 0x88, 0x1, 0x34, 0x80, 0x1, 0x6d,
    0x50,

    /* U+0064 "d" */
    0x0, 0xfc, 0x9f, 0xe8, 0x0, 0xff, 0xf3, 0xc,
    0xf7, 0xf4, 0x8, 0x6, 0x1c, 0x61, 0x1, 0x7b,
    0x0, 0xd6, 0x40, 0x53, 0x4c, 0x20, 0x10, 0xa8,
    0xe, 0x32, 0xcb, 0x80, 0x4e, 0x0, 0x61, 0x0,
    0xb0, 0x2, 0xe0, 0x6, 0x80, 0x7f, 0xc2, 0x1,
    0xff, 0xc8, 0xd0, 0x6, 0x0, 0x7e, 0x40, 0x3,
    0x8, 0x5, 0x80, 0x10, 0xa8, 0xe, 0x32, 0xd3,
    0x80, 0x6b, 0x20, 0x29, 0xa5, 0x20, 0xc, 0x38,
    0xc2, 0x2, 0xf8, 0x1, 0x0,

    /* U+0065 "e" */
    0x0, 0x8e, 0xbb, 0xfa, 0x8c, 0x3, 0xa3, 0x14,
    0x40, 0x57, 0x18, 0x2, 0x67, 0x2, 0x9b, 0x81,
    0x9, 0x30, 0x4, 0x0, 0xe3, 0x23, 0xe8, 0x2,
    0x41, 0x4, 0x24, 0x40, 0x23, 0x30, 0x20, 0x18,
    0x2, 0x3f, 0xf8, 0xc0, 0x43, 0xc0, 0x3f, 0xf8,
    0x71, 0x99, 0xf8, 0x34, 0x1, 0xc6, 0x7f, 0x81,
    0x0, 0xc, 0x80, 0x18, 0xa4, 0x0, 0x30, 0x0,
    0xb9, 0x55, 0x4e, 0xb4, 0x80, 0x1d, 0xc0, 0x6,
    0xaa, 0x30, 0x15, 0x80, 0x51, 0x8a, 0x20, 0x3,
    0x8d, 0x20,

    /* U+0066 "f" */
    0x0, 0xf8, 0x51, 0x6, 0x20, 0x1e, 0x3c, 0xeb,
    0xb6, 0x72, 0x80, 0x62, 0xc3, 0x0, 0xe1, 0x0,
    0xd0, 0x0, 0x5d, 0xff, 0x6a, 0x0, 0x64, 0x0,
    0x51, 0x0, 0x8, 0x3, 0x84, 0x8, 0x3, 0xcd,
    0xff, 0x0, 0xb, 0xff, 0x40, 0x7, 0xff, 0x9,
    0xbb, 0xa0, 0x1, 0x77, 0x68, 0x0, 0x8, 0xc0,
    0x10, 0x8e, 0x0, 0xff, 0xff, 0x80, 0x7f, 0xf8,
    0x0,

    /* U+0067 "g" */
    0x0, 0xa3, 0xbf, 0xa8, 0xbf, 0xd4, 0x3, 0xae,
    0x20, 0x2b, 0xa0, 0x1a, 0xc8, 0x13, 0x3a, 0x84,
    0x2, 0x15, 0x1, 0xb3, 0x15, 0xa0, 0x9, 0x0,
    0xc, 0x1, 0x98, 0x2, 0xd0, 0x6, 0x80, 0x7f,
    0xc2, 0x1, 0xff, 0x8, 0x7, 0xed, 0x0, 0x68,
    0x7, 0xe4, 0x0, 0x38, 0x80, 0x48, 0x1, 0xb,
    0x0, 0x3d, 0x96, 0x64, 0x1, 0xa0, 0x80, 0x66,
    0x98, 0x40, 0x30, 0xeb, 0x88, 0xb, 0x50, 0x0,
    0xc0, 0x28, 0xef, 0xe9, 0x0, 0x84, 0x1, 0x22,
    0x1, 0xbc, 0x1, 0xa1, 0xd, 0xee, 0x8b, 0x68,
    0x4, 0xa1, 0x80, 0x31, 0x74, 0x80, 0x3c, 0x0,
    0x4e, 0x72, 0x0, 0x13, 0xf9, 0x80,

    /* U+0068 "h" */
    0x3f, 0xf5, 0x0, 0x7f, 0xfc, 0x6, 0x7b, 0xfa,
    0x0, 0x38, 0x71, 0x84, 0x5, 0xf0, 0x3, 0x20,
    0x4d, 0x38, 0x0, 0xd4, 0x2, 0x2d, 0x65, 0x8a,
    0x0, 0x78, 0x4, 0xe0, 0x19, 0x40, 0xc, 0x1,
    0xff, 0xff, 0x0, 0xff, 0xe4, 0x80,

    /* U+0069 "i" */
    0x0, 0xcf, 0xf8, 0x1, 0xfa, 0x80, 0xcc, 0x1,
    0xf5, 0x14, 0x18, 0x7, 0xcf, 0xae, 0x1, 0xa3,
    0xff, 0xc6, 0x1, 0xff, 0xc2, 0xaa, 0xc6, 0x1,
    0xe2, 0x55, 0x98, 0x3, 0xff, 0xf8, 0x4a, 0xb3,
    0x0, 0x11, 0x54, 0x95, 0x58, 0xc0, 0x11, 0x55,
    0x0, 0x7f, 0xc0,

    /* U+006A "j" */
    0x0, 0xe9, 0xfb, 0x0, 0xf3, 0x2, 0x10, 0x7,
    0x20, 0x19, 0x0, 0x75, 0xfe, 0x0, 0x1f, 0xff,
    0xc0, 0x1f, 0xf2, 0xd5, 0x44, 0x1, 0x89, 0x56,
    0x10, 0xf, 0xff, 0xf8, 0x7, 0xff, 0x8, 0x40,
    0x3e, 0x22, 0x1, 0x0, 0xaa, 0x9f, 0x0, 0xa,
    0x9, 0x54, 0x81, 0x2, 0x80, 0xe, 0x28, 0xd0,
    0x0,

    /* U+006B "k" */
    0x2f, 0xf5, 0x0, 0x7f, 0xfe, 0x77, 0xfd, 0x0,
    0x1f, 0xb0, 0x81, 0xa0, 0x3, 0xeb, 0x30, 0x49,
    0x0, 0xfa, 0x90, 0xe, 0xc0, 0x3e, 0x85, 0x2,
    0xd0, 0xf, 0x91, 0xc0, 0x12, 0x20, 0x1f, 0x8,
    0x5, 0x20, 0x1f, 0xc2, 0x60, 0x52, 0x1, 0xf0,
    0xe6, 0x88, 0x32, 0x80, 0x79, 0x8, 0x68, 0x1,
    0x44, 0x1, 0xf9, 0x18, 0x1, 0xc0, 0x1f, 0xd2,
    0x40, 0x72, 0x1, 0xfd, 0xe0, 0x6, 0x50,

    /* U+006C "l" */
    0xaf, 0xff, 0x18, 0x7, 0xff, 0x12, 0x6a, 0xa3,
    0x0, 0xf8, 0xd5, 0x66, 0x0, 0xff, 0xff, 0x80,
    0x7f, 0xfd, 0xd, 0x56, 0x60, 0x2, 0x2a, 0xc1,
    0x35, 0x51, 0x80, 0x22, 0xaa, 0x0, 0xff, 0xe0,
    0x80,

    /* U+006D "m" */
    0xf, 0xf3, 0xcf, 0xfa, 0x4f, 0x7f, 0x50, 0x3,
    0x43, 0x0, 0x1b, 0x8, 0xa, 0x80, 0x31, 0x6c,
    0x0, 0x13, 0x5c, 0x5, 0x0, 0x25, 0x26, 0x0,
    0x61, 0x58, 0x0, 0x40, 0x3f, 0xf8, 0x26, 0x1,
    0xff, 0xff, 0x0, 0xff, 0xec, 0x80,

    /* U+006E "n" */
    0x3f, 0xf3, 0xc, 0xf7, 0xf4, 0x80, 0x77, 0xf9,
    0x84, 0x5, 0xb0, 0x3, 0x31, 0xcd, 0x38, 0x0,
    0xd4, 0x2, 0x2d, 0x65, 0x8a, 0x0, 0x78, 0x4,
    0xe0, 0x19, 0x0, 0x2, 0x1, 0xf8, 0x40, 0xe,
    0x1, 0xff, 0xff, 0x0, 0xfe,

    /* U+006F "o" */
    0x0, 0x9b, 0x3f, 0xdb, 0x22, 0x1, 0xd9, 0x26,
    0x0, 0x26, 0xe3, 0x0, 0xa8, 0xc0, 0xaa, 0x8c,
    0x0, 0xd1, 0x2, 0x50, 0x2d, 0x55, 0x4b, 0x80,
    0xc8, 0x28, 0x2, 0xc0, 0x34, 0x0, 0x14, 0x34,
    0x0, 0x80, 0x1c, 0x60, 0x40, 0x20, 0x3, 0x0,
    0xe7, 0x0, 0x8, 0x80, 0x6, 0x1, 0xce, 0x0,
    0x1d, 0x0, 0x20, 0x7, 0x18, 0x10, 0x28, 0x2,
    0xc0, 0x33, 0x80, 0x14, 0x9, 0x40, 0xb5, 0x52,
    0x60, 0x6, 0x40, 0x14, 0x60, 0x55, 0x6c, 0x0,
    0xd1, 0x0, 0xb2, 0x4c, 0x0, 0x4d, 0xc6, 0x0,

    /* U+0070 "p" */
    0x2f, 0xf3, 0xae, 0x7f, 0xb1, 0x0, 0x3a, 0xa8,
    0x60, 0x3, 0xb6, 0x0, 0xc4, 0x73, 0x4a, 0x0,
    0x91, 0x0, 0x8b, 0x19, 0x69, 0x40, 0xc, 0x1,
    0x38, 0x6, 0x80, 0x5, 0x80, 0x7e, 0x20, 0x1,
    0x0, 0x7f, 0x8, 0x7, 0xfc, 0x20, 0x1f, 0xe2,
    0x0, 0x28, 0x4, 0xc0, 0x1a, 0xc0, 0x18, 0x1,
    0x1e, 0x2a, 0xa9, 0x80, 0xc, 0x1, 0x9, 0xd5,
    0x14, 0x1, 0x42, 0x1, 0x25, 0x18, 0x1, 0x2d,
    0x40, 0x39, 0x73, 0xfd, 0x68, 0x1, 0xff, 0xe6,

    /* U+0071 "q" */
    0x0, 0xc, 0xf7, 0xf5, 0x17, 0xfa, 0x0, 0x7d,
    0x84, 0x5, 0x74, 0x3, 0x58, 0x82, 0x6f, 0x50,
    0x80, 0x42, 0xa0, 0x56, 0x42, 0xb6, 0x1, 0x20,
    0x2, 0x80, 0x30, 0x80, 0x5a, 0x0, 0x30, 0xf,
    0xfe, 0x58, 0x80, 0x7e, 0xd0, 0x6, 0x80, 0x7e,
    0x40, 0x3, 0x8, 0x4, 0x60, 0x10, 0xa8, 0xe,
    0x2a, 0x4c, 0x0, 0x6b, 0x20, 0x2a, 0xb6, 0x10,
    0xc, 0x38, 0xc2, 0x2, 0xf6, 0x1, 0xc3, 0x3d,
    0xfd, 0x2, 0x1, 0xff, 0xe7,

    /* U+0072 "r" */
    0x6f, 0xf1, 0x84, 0x77, 0xfa, 0xc0, 0x25, 0xd7,
    0x10, 0xf, 0x49, 0x1, 0x10, 0x48, 0x3, 0x37,
    0xee, 0xba, 0x40, 0x25, 0x90, 0xf, 0xd8, 0x1,
    0xff, 0xff, 0x0,

    /* U+0073 "s" */
    0x0, 0x9b, 0x3f, 0xdd, 0x6a, 0x1, 0xe, 0x49,
    0x80, 0x5, 0x2a, 0x80, 0x8, 0x30, 0x6c, 0xdb,
    0x20, 0x56, 0x4, 0x1, 0x93, 0x24, 0xf0, 0x6,
    0x80, 0x80, 0xa0, 0x4, 0x5f, 0xeb, 0x8, 0x0,
    0x5e, 0xcb, 0x10, 0x6, 0x4c, 0x30, 0x26, 0x9d,
    0xc4, 0x0, 0x8f, 0x36, 0x58, 0x80, 0xed, 0x0,
    0xcc, 0x24, 0xd3, 0xb4, 0x0, 0xf3, 0xcc, 0x40,
    0x6, 0x50, 0x3, 0x19, 0x3, 0x49, 0x91, 0xd0,
    0x1, 0x3, 0xc8, 0x1b, 0x37, 0x14, 0xe, 0x40,
    0xb6, 0xc, 0x0, 0x29, 0x38, 0x0,

    /* U+0074 "t" */
    0x0, 0x9b, 0xfc, 0xe0, 0x1f, 0xfd, 0x17, 0xff,
    0x48, 0x2, 0x3f, 0xf1, 0x80, 0x7f, 0xf0, 0x1f,
    0xb9, 0x0, 0x7, 0xee, 0xc6, 0x2, 0x30, 0x3,
    0xc4, 0x70, 0x7, 0xff, 0xa0, 0xc0, 0x3f, 0xe1,
    0x0, 0x60, 0x7, 0xe4, 0x0, 0x25, 0x2b, 0x42,
    0x80, 0x68, 0x0, 0x2d, 0x4b, 0xe0, 0x6, 0x79,
    0x30, 0x0, 0xa6, 0x80,

    /* U+0075 "u" */
    0x1f, 0xf5, 0x80, 0x62, 0xff, 0x50, 0x7, 0xff,
    0xfc, 0x3, 0xf8, 0x40, 0xe, 0x1, 0xfc, 0x20,
    0x60, 0x19, 0x40, 0x33, 0x80, 0x31, 0x96, 0xa0,
    0x3, 0x40, 0x81, 0xcd, 0x2b, 0x80, 0x61, 0xc5,
    0x10, 0x29, 0x81, 0x0, 0x0,

    /* U+0076 "v" */
    0xd, 0xff, 0x8, 0x7, 0x57, 0xf8, 0xc2, 0x80,
    0xe, 0x1, 0xca, 0x4, 0x60, 0xc0, 0xd, 0x0,
    0xca, 0x0, 0xa0, 0x0, 0xa0, 0x20, 0x80, 0x5e,
    0x0, 0x60, 0xb, 0xc0, 0x8, 0x1, 0x28, 0x20,
    0x80, 0x48, 0x21, 0xc0, 0x5, 0x0, 0x78, 0x7,
    0x30, 0x20, 0x87, 0x80, 0xa0, 0x7, 0x50, 0x1,
    0x1, 0x41, 0x80, 0x3c, 0x46, 0x1c, 0x80, 0xa,
    0x0, 0xfa, 0x81, 0x38, 0xc, 0x80, 0x3e, 0x60,
    0x2, 0x85, 0x0, 0x7f, 0x30, 0x4, 0xc0, 0x1f,
    0xd4, 0x0, 0x50, 0xe,

    /* U+0077 "w" */
    0x7f, 0xf0, 0x5, 0xbe, 0x40, 0xb, 0xfc, 0x30,
    0x1, 0x0, 0x90, 0x20, 0x1, 0x81, 0x54, 0x0,
    0x70, 0x50, 0x7, 0x80, 0x8, 0x3c, 0x44, 0x4,
    0x6, 0x0, 0x50, 0x20, 0x2, 0x82, 0x87, 0x6,
    0x1, 0x18, 0x30, 0x0, 0xc0, 0xc1, 0x41, 0x45,
    0x0, 0xc8, 0x8, 0x1, 0xa0, 0x42, 0x24, 0xc0,
    0x5f, 0x7, 0x0, 0x38, 0xb, 0x86, 0xb8, 0x61,
    0x6, 0x80, 0x8, 0x1, 0xa0, 0x84, 0x2e, 0xc0,
    0x60, 0x11, 0x82, 0x1, 0x82, 0x91, 0x1, 0x40,
    0x25, 0x0, 0x18, 0x3, 0x0, 0x2, 0x20, 0xb,
    0xc0, 0xa, 0x0, 0x30, 0x2, 0x80, 0x65, 0x0,
    0x60, 0x1, 0x0, 0x6, 0x0,

    /* U+0078 "x" */
    0x5f, 0xf5, 0x80, 0x77, 0x7f, 0x8d, 0x54, 0x8,
    0xe0, 0x15, 0x8, 0x41, 0x85, 0x88, 0x41, 0x2,
    0xa8, 0xd, 0xc0, 0x3, 0x40, 0xf, 0x2a, 0x0,
    0x70, 0x6, 0x46, 0x2, 0xd0, 0x4, 0x90, 0x7,
    0x49, 0x0, 0x48, 0xc0, 0x1f, 0x58, 0x5, 0xe0,
    0x1f, 0xc, 0x0, 0x52, 0x1, 0xf5, 0x8, 0x18,
    0x14, 0x0, 0x73, 0x20, 0x2e, 0x10, 0x39, 0x80,
    0x45, 0x20, 0x36, 0x1c, 0x0, 0xd0, 0xb, 0x80,
    0x14, 0x20, 0x70, 0x3, 0x40, 0xe6, 0xc, 0x80,
    0x13, 0x98, 0x2a, 0x80,

    /* U+0079 "y" */
    0x1f, 0xf8, 0x3, 0xc7, 0xfe, 0xd0, 0x15, 0x0,
    0x30, 0x7, 0x48, 0x2, 0xc0, 0x12, 0x0, 0xa0,
    0xe, 0x50, 0x16, 0x0, 0x19, 0x80, 0xc8, 0x2,
    0x60, 0x3, 0x0, 0x69, 0x0, 0x58, 0x5, 0x40,
    0x9, 0x0, 0xca, 0x40, 0xc0, 0x3, 0x30, 0x28,
    0x80, 0x75, 0x0, 0x18, 0x28, 0x1, 0x20, 0x1e,
    0x70, 0x5, 0x3, 0x81, 0x98, 0x3, 0xe6, 0x3,
    0x71, 0x9, 0x0, 0xfd, 0x60, 0x8, 0x1, 0x50,
    0xf, 0xc4, 0x80, 0x14, 0x80, 0x7f, 0xa0, 0x2,
    0x60, 0xf, 0xf1, 0x0, 0x18, 0x40, 0x3f, 0xd2,
    0x0, 0xb0, 0xf, 0xf1, 0x38, 0x21, 0x0, 0x7e,
    0x47, 0xc0, 0x4, 0x0, 0x7f, 0x4c, 0x8, 0x39,
    0x80, 0x7f, 0x18, 0x14, 0xc0, 0x7, 0xe0,

    /* U+007A "z" */
    0x4f, 0xff, 0xf5, 0x80, 0x7f, 0xf0, 0x96, 0xef,
    0xcc, 0x1, 0x48, 0xa, 0x27, 0x33, 0x0, 0x16,
    0x40, 0x1e, 0x1f, 0x0, 0x42, 0x0, 0x7d, 0x44,
    0xa, 0xe0, 0x1f, 0x4a, 0x1, 0xd0, 0x7, 0xcc,
    0xc0, 0x1d, 0x0, 0xf8, 0xe4, 0x1, 0xa2, 0x1,
    0xe2, 0xd0, 0x5, 0x18, 0x7, 0xde, 0x20, 0x82,
    0x89, 0xe0, 0x62, 0x0, 0x25, 0xdf, 0xc2, 0x1,
    0xff, 0xc1,

    /* U+007B "{" */
    0x0, 0xe2, 0xaf, 0x40, 0xc, 0x58, 0xa4, 0x1,
    0xd0, 0x25, 0xa8, 0x1, 0x94, 0x14, 0x3, 0x8c,
    0x1, 0xc0, 0x1f, 0xfc, 0xb7, 0x0, 0xfc, 0x60,
    0x4, 0x0, 0x85, 0xa0, 0x10, 0x80, 0xb, 0xd2,
    0xd, 0x60, 0x1f, 0x70, 0x6, 0x5d, 0x70, 0x88,
    0x0, 0x62, 0x86, 0x7, 0x10, 0xe, 0xd0, 0x2,
    0x0, 0x73, 0x80, 0xc, 0x3, 0xff, 0x96, 0x20,
    0x1, 0x0, 0xe2, 0x10, 0xd0, 0xf, 0x30, 0x29,
    0x0, 0x74, 0x10, 0x62, 0x80, 0x76, 0x30, 0x8,

    /* U+007C "|" */
    0xbf, 0x30, 0xf, 0xff, 0x98,

    /* U+007D "}" */
    0xe, 0xd5, 0x0, 0xf2, 0x95, 0x30, 0x7, 0x5b,
    0x84, 0x88, 0x7, 0x50, 0x1, 0xc0, 0x38, 0x80,
    0x1e, 0x1, 0xf8, 0xc0, 0x3f, 0xf9, 0x86, 0xe,
    0x1, 0xe9, 0x2, 0x92, 0x0, 0xcb, 0x22, 0xdb,
    0x60, 0x19, 0x4c, 0x3, 0xc5, 0x84, 0x99, 0x40,
    0x14, 0x0, 0xd9, 0x88, 0x4, 0x80, 0x80, 0x1e,
    0x10, 0xf, 0xfe, 0x39, 0x80, 0x70, 0x80, 0x4,
    0x3, 0x94, 0x1, 0x80, 0x1d, 0xe0, 0x28, 0x1,
    0xb5, 0x2, 0x80, 0x38, 0xcd, 0x88, 0x1, 0x80,

    /* U+007E "~" */
    0x1, 0xaf, 0xf5, 0x98, 0x6, 0x25, 0x20, 0xd5,
    0x0, 0x26, 0x40, 0x5, 0x75, 0x45, 0x30, 0x78,
    0x20, 0x7c, 0x68, 0x60, 0xcd, 0x7, 0x87, 0xd7,
    0x3, 0x97, 0x3, 0x49, 0xb9, 0x0, 0xa2, 0xd0,
    0x0, 0xba, 0x0,

    /* U+00A0 " " */

    /* U+00A1 "¡" */
    0xb, 0xf9, 0x3, 0x40, 0x60, 0x21, 0x3, 0x1,
    0xed, 0xc0, 0x8, 0x80, 0x3f, 0x22, 0x98, 0x2,
    0xea, 0x0, 0x3f, 0xf9, 0x8e, 0x1, 0xff, 0xce,

    /* U+00A2 "¢" */
    0x0, 0xe9, 0xd7, 0x0, 0xfe, 0x22, 0x70, 0x7,
    0xfc, 0x60, 0x1f, 0x3f, 0x20, 0x2f, 0xc0, 0x6,
    0xa8, 0x10, 0xc, 0xf6, 0x0, 0x65, 0x2, 0xcf,
    0xc3, 0x4, 0x50, 0xb0, 0x6, 0x18, 0x1e, 0x80,
    0x38, 0x48, 0x10, 0x40, 0x21, 0x75, 0x35, 0x0,
    0x18, 0x7, 0x45, 0x40, 0x80, 0x3c, 0x3, 0xf0,
    0x80, 0x3c, 0x3, 0xf3, 0x0, 0x8, 0x3, 0x88,
    0xc8, 0xa0, 0x51, 0x0, 0xd9, 0x8e, 0xb, 0x0,
    0x50, 0x80, 0xd0, 0x85, 0x3, 0x20, 0x27, 0x7f,
    0x28, 0x23, 0x0, 0x2d, 0xc0, 0x39, 0xec, 0x3,
    0x47, 0x98, 0x2f, 0xc0, 0x7, 0xce, 0x6, 0x1,
    0xff, 0xc4,

    /* U+00A3 "£" */
    0x0, 0xcb, 0x7f, 0xee, 0xa2, 0x0, 0xe9, 0xa4,
    0x0, 0xa, 0xea, 0x0, 0x4a, 0xc0, 0x31, 0x4c,
    0x0, 0xa0, 0xb, 0x80, 0x14, 0xeb, 0x2c, 0x2,
    0x80, 0x5, 0x0, 0x20, 0x5, 0x4c, 0xc7, 0x0,
    0xc2, 0x1, 0x8e, 0x64, 0x60, 0x3, 0x1, 0x0,
    0xfc, 0x48, 0x60, 0x4, 0x48, 0x80, 0x34, 0x58,
    0x80, 0x2e, 0xe9, 0x0, 0xff, 0xe2, 0xd7, 0xa0,
    0x3, 0xbf, 0xd6, 0x1, 0xfc, 0x60, 0x1f, 0xc2,
    0x1, 0xff, 0xc0, 0x60, 0x1, 0x0, 0x7c, 0x4e,
    0x60, 0x68, 0x9f, 0x15, 0xc0, 0x0, 0xee, 0xfe,
    0x80, 0xf, 0xfe, 0x8,

    /* U+00A4 "¤" */
    0x3, 0x0, 0x84, 0x80, 0x22, 0x10, 0x4c, 0x96,
    0xde, 0xdf, 0xa4, 0xcc, 0xe, 0x83, 0x49, 0x0,
    0x4b, 0x62, 0x44, 0x94, 0x0, 0x3f, 0x7e, 0x18,
    0x2, 0x8c, 0x50, 0x26, 0x4, 0xf, 0xc, 0x30,
    0x10, 0x9, 0x80, 0x3a, 0x1, 0xc0, 0x81, 0xc0,
    0x3c, 0x80, 0x22, 0x0, 0xfe, 0x10, 0x0, 0x98,
    0x20, 0x7, 0x90, 0x4, 0x10, 0x45, 0x0, 0x18,
    0x60, 0x18, 0x8, 0x0, 0xf4, 0x64, 0xb8, 0x40,
    0x41, 0x22, 0x0, 0x5c, 0xda, 0x20, 0x2, 0xaa,
    0x8e, 0xec, 0x82, 0x4, 0xfc, 0xce, 0xa3, 0x88,
    0x8b, 0xef, 0xd8, 0x19, 0x80,

    /* U+00A5 "¥" */
    0x6f, 0xf5, 0x80, 0x78, 0xff, 0xdc, 0xc, 0x40,
    0x86, 0x1, 0xd0, 0x0, 0xb0, 0x4, 0x80, 0x20,
    0x3, 0x1a, 0x1, 0xa8, 0x1, 0x10, 0x8, 0x80,
    0xa, 0x0, 0x1e, 0x1, 0xa4, 0x1, 0x0, 0x3,
    0x40, 0x53, 0x0, 0xc4, 0xc0, 0x68, 0x1e, 0x0,
    0x80, 0xf, 0x40, 0x84, 0x21, 0x83, 0x90, 0x7,
    0x86, 0x0, 0xe8, 0x6, 0x0, 0x39, 0x2e, 0xd4,
    0x0, 0x10, 0x5, 0xda, 0x40, 0x22, 0x44, 0x18,
    0x6, 0x14, 0x42, 0x80, 0x4d, 0xff, 0x60, 0x1,
    0x7f, 0xec, 0x0, 0xff, 0xe3, 0x37, 0xfd, 0x80,
    0x5, 0xff, 0xb0, 0x2, 0x24, 0x48, 0xc0, 0x2,
    0x89, 0x28, 0x4, 0x97, 0x77, 0x80, 0x12, 0xee,
    0x90, 0xf, 0xfe, 0xa0,

    /* U+00A6 "¦" */
    0x2f, 0xf3, 0x80, 0x7f, 0xf5, 0xb, 0xfc, 0xe0,
    0x18, 0xbf, 0xce, 0x1, 0xff, 0xd4, 0x2a, 0xa2,
    0x80,

    /* U+00A7 "§" */
    0x0, 0x14, 0x6f, 0xfb, 0xb1, 0xc0, 0x32, 0xeb,
    0x90, 0x0, 0x4e, 0x34, 0x40, 0x68, 0x0, 0xb5,
    0x70, 0x40, 0x54, 0xe, 0x0, 0x7a, 0x54, 0x7c,
    0x10, 0x42, 0xe0, 0x6, 0x80, 0x61, 0x91, 0x13,
    0x68, 0x2, 0x44, 0x3, 0x3f, 0x71, 0x14, 0x80,
    0xfa, 0x94, 0x40, 0x3d, 0x20, 0x12, 0xd7, 0x63,
    0x0, 0x47, 0x60, 0x4a, 0x20, 0x3, 0x9e, 0x30,
    0xf0, 0x6, 0x57, 0x63, 0x88, 0xe, 0x9, 0x0,
    0x88, 0x0, 0x71, 0xc8, 0x0, 0x63, 0x1, 0x40,
    0xe, 0x80, 0x7, 0xd8, 0x2, 0xec, 0xa2, 0x0,
    0x40, 0x7, 0x33, 0x80, 0x12, 0xbb, 0x26, 0x0,
    0x98, 0x23, 0x14, 0x2, 0x36, 0x2, 0xc0, 0x8,
    0xeb, 0xed, 0xc4, 0x0, 0x4c, 0x1, 0xe4, 0x8e,
    0x90, 0x4, 0x6, 0xf6, 0x0, 0x73, 0x20, 0x0,
    0x84, 0x46, 0x80, 0x1c, 0xc0, 0x3, 0xa0, 0x5,
    0xca, 0xa3, 0x69, 0x1, 0x8b, 0x30, 0x0, 0xd5,
    0x72, 0x40, 0x5c, 0x0, 0x9c, 0x62, 0x0, 0x9,
    0xc6, 0x90, 0x0,

    /* U+00A8 "¨" */
    0x3b, 0x70, 0xa, 0xa8, 0x3e, 0x90, 0x20, 0xab,
    0x35, 0x2, 0x8, 0x38, 0x89, 0x0,

    /* U+00A9 "©" */
    0x0, 0x92, 0xbb, 0xf6, 0x4, 0x3, 0xa6, 0xb7,
    0x69, 0x2f, 0x40, 0xa, 0x57, 0xdc, 0xc9, 0x2a,
    0x96, 0x60, 0x6f, 0xa3, 0x1d, 0xf8, 0x69, 0x3e,
    0x13, 0x21, 0x77, 0x5e, 0x3e, 0x83, 0x11, 0xba,
    0x5, 0x3a, 0x9c, 0xb8, 0x1, 0x10, 0x44, 0x3,
    0xf0, 0x1, 0x48, 0x0, 0xbc, 0x4c, 0xc, 0x2,
    0x16, 0x0, 0xf, 0xa2, 0x1, 0x28, 0x82, 0x64,
    0x0, 0x43, 0xeb, 0x8, 0x6d, 0xf7, 0xa0, 0x50,
    0x44, 0x35, 0xd, 0xf6, 0xfa, 0x95, 0xc8, 0x2,
    0xdb, 0x10, 0x48, 0x5f, 0x61, 0x0, 0x2c, 0xb9,
    0xff, 0x76, 0x61, 0x80, 0x39, 0xf7, 0xb9, 0xf6,
    0x60, 0x10,

    /* U+00AA "ª" */
    0x1, 0xae, 0xfd, 0x60, 0xb, 0x14, 0xd0, 0xa5,
    0x40, 0xc1, 0x36, 0xe4, 0x3c, 0xf, 0x6c, 0x4,
    0xc0, 0x40, 0x11, 0xdf, 0xd4, 0xe, 0x10, 0xe5,
    0x57, 0x0, 0x11, 0x84, 0x2a, 0x0, 0x63, 0xa,
    0xa6, 0xc0, 0x5, 0xc, 0x2a, 0xd8, 0x4, 0x0,

    /* U+00AB "«" */
    0x0, 0x8d, 0x8c, 0x5, 0x90, 0x0, 0x3b, 0x24,
    0x15, 0x20, 0x15, 0xc, 0x8b, 0xa2, 0xa0, 0x3a,
    0x1b, 0x1c, 0x5, 0x81, 0xc0, 0x78, 0xe8, 0x48,
    0x85, 0x81, 0x1a, 0x88, 0x38, 0x2, 0x8, 0x8e,
    0x8a, 0x16, 0x1, 0x78, 0x40, 0xd1, 0x2a, 0x0,
    0xa, 0x42, 0xc3, 0x82, 0x40, 0x26, 0x55, 0x21,
    0xc1, 0x40,

    /* U+00AC "¬" */
    0xcf, 0xff, 0xdc, 0x20, 0x1f, 0x87, 0x7f, 0xfd,
    0x40, 0x1f, 0xfc, 0xa0,

    /* U+00AD "­" */
    0x4, 0x4f, 0xe1, 0xb, 0xbf, 0xe7, 0x0, 0xff,
    0x80,

    /* U+00AE "®" */
    0x0, 0x92, 0xfb, 0xf6, 0x4, 0x3, 0xaa, 0x99,
    0xba, 0x92, 0xf4, 0x0, 0xa5, 0xbd, 0xcc, 0x92,
    0xae, 0xc4, 0x6, 0xfa, 0xbf, 0xf6, 0x1a, 0xc7,
    0x4, 0xc8, 0x44, 0x1b, 0x8b, 0xa0, 0xe4, 0x44,
    0x40, 0x4, 0x46, 0x20, 0x12, 0x20, 0x48, 0x2,
    0xff, 0x26, 0x80, 0x8, 0x44, 0x60, 0x16, 0x38,
    0x18, 0x0, 0x85, 0x50, 0x2, 0x38, 0x24, 0x0,
    0x3a, 0xf5, 0x80, 0x73, 0x40, 0x28, 0x1a, 0xb5,
    0x26, 0x80, 0x23, 0x8e, 0xe4, 0x1, 0x4d, 0xac,
    0x0, 0x15, 0xc8, 0x40, 0x0, 0xe5, 0xcf, 0xfb,
    0xb3, 0xc, 0x1, 0xcf, 0xbd, 0xbf, 0x66, 0x1,
    0x0,

    /* U+00AF "¯" */
    0xbd, 0xdf, 0xa1, 0x48, 0xbe, 0x10,

    /* U+00B0 "°" */
    0x6, 0xdf, 0xb2, 0x5, 0x90, 0x54, 0xf0, 0xe1,
    0xda, 0x92, 0x40, 0xf, 0xb8, 0x76, 0xa4, 0x51,
    0x64, 0xd5, 0x30, 0x0,

    /* U+00B1 "±" */
    0x0, 0xef, 0xf3, 0x80, 0x7f, 0xf7, 0x5, 0x57,
    0x0, 0x35, 0x56, 0x22, 0x55, 0x60, 0x2, 0xd5,
    0x60, 0xf, 0xfe, 0x1, 0xff, 0xe0, 0x4, 0x7f,
    0xd0, 0x1, 0xff, 0xdd, 0x99, 0x28, 0x7, 0x22,
    0xac, 0x66, 0x75, 0x58, 0x1, 0x55, 0xfe, 0x10,
    0xf, 0xfe, 0x0,

    /* U+00B2 "²" */
    0x2, 0xaf, 0xf6, 0xb0, 0x3, 0x14, 0x4c, 0xa5,
    0x54, 0x25, 0xd8, 0xc1, 0x8b, 0xfa, 0x0, 0x50,
    0xe0, 0xd, 0x46, 0x4e, 0x0, 0x1c, 0x53, 0xc0,
    0x1, 0x61, 0xb6, 0x8, 0xe, 0x10, 0x95, 0xda,
    0x88, 0x40, 0x51, 0x25,

    /* U+00B3 "³" */
    0x2, 0xbf, 0xf6, 0xb8, 0x3, 0x10, 0x8c, 0xa1,
    0xc9, 0xdd, 0xb9, 0x1, 0x85, 0x30, 0x47, 0x81,
    0x80, 0x16, 0x61, 0x10, 0xe0, 0x15, 0x51, 0x11,
    0x27, 0x50, 0x8b, 0xc0, 0xe2, 0xaf, 0xb9, 0x40,
    0x85, 0x88, 0x46, 0x4f, 0x40,

    /* U+00B4 "´" */
    0x0, 0x4f, 0xf9, 0xc1, 0x18, 0x25, 0xc6, 0x82,
    0x98, 0x0,

    /* U+00B5 "µ" */
    0xef, 0xe0, 0xc, 0x3f, 0xec, 0x0, 0xff, 0xff,
    0x80, 0x61, 0x0, 0xff, 0x90, 0x2, 0x50, 0xf,
    0x53, 0x2c, 0x58, 0x7, 0x86, 0x69, 0xc0, 0x3e,
    0x40, 0x1, 0xd1, 0x0, 0x61, 0xbf, 0xf6, 0x2e,
    0xfe, 0x0, 0x7f, 0xf8, 0x0,

    /* U+00B6 "¶" */
    0x0, 0x9b, 0x3f, 0xf5, 0x0, 0xe4, 0x98, 0x7,
    0xa8, 0xc0, 0x3e, 0x24, 0x0, 0xfc, 0x80, 0x1f,
    0xc2, 0x1, 0xfc, 0x20, 0x1f, 0xc8, 0x1, 0xfc,
    0x48, 0x1, 0xfd, 0x44, 0x1, 0xf8, 0x76, 0x8,
    0x3, 0xf3, 0xef, 0xf9, 0x0, 0x3f, 0xfd, 0x0,

    /* U+00B7 "·" */
    0x0, 0x8, 0x5, 0x9d, 0x80, 0x46, 0x6, 0x24,
    0xa0, 0xa2,

    /* U+00B8 "¸" */
    0x38, 0x50, 0x5, 0x3d, 0xb0, 0x5c, 0xc, 0x99,
    0x38, 0x1, 0x97, 0x40, 0x53, 0x4d, 0x70, 0x40,

    /* U+00B9 "¹" */
    0x0, 0xc2, 0x0, 0x27, 0xce, 0x16, 0xd8, 0x30,
    0x1, 0xac, 0x0, 0x4b, 0x4c, 0x1, 0xff, 0xd5,

    /* U+00BA "º" */
    0x2, 0xbf, 0xf6, 0xb0, 0x0, 0xb5, 0x9, 0xa,
    0x5c, 0x2c, 0x1f, 0x6f, 0x2, 0x1, 0x2, 0x80,
    0x6, 0x60, 0x30, 0xf, 0xfe, 0x32, 0x5, 0x0,
    0x8, 0xc0, 0xec, 0x1f, 0x2f, 0x42, 0x0, 0xb5,
    0xd, 0xa, 0x5c, 0x0,

    /* U+00BB "»" */
    0x6, 0x50, 0x2, 0xb0, 0x7, 0x6d, 0x28, 0x1c,
    0xc8, 0x3, 0x50, 0x51, 0x31, 0xb2, 0x80, 0x43,
    0x1, 0xc1, 0xe1, 0x64, 0x1, 0x39, 0x1c, 0x1b,
    0xf, 0x0, 0x65, 0x6, 0xd, 0x3, 0x20, 0x1,
    0x38, 0x68, 0x48, 0x41, 0x0, 0x24, 0x20, 0xdc,
    0x91, 0xc0, 0xa, 0x88, 0x71, 0x81, 0xa0, 0xa,
    0xc6, 0x82, 0x82, 0x84, 0x0,

    /* U+00BC "¼" */
    0x0, 0xc6, 0x1, 0xfe, 0x5a, 0xf8, 0x0, 0xfe,
    0x5a, 0x50, 0xf, 0xf9, 0xf3, 0x0, 0x1e, 0x83,
    0x0, 0x88, 0xc0, 0x3c, 0x8f, 0x40, 0x1f, 0xf4,
    0x4, 0x0, 0x7f, 0x94, 0xdc, 0x40, 0x3f, 0xd6,
    0x30, 0x1, 0xfe, 0x71, 0x80, 0xf, 0x8f, 0xec,
    0x64, 0x98, 0x9, 0x8c, 0x3, 0xd2, 0x30, 0x3,
    0xf3, 0x20, 0xe, 0x17, 0x35, 0xa, 0x20, 0xf,
    0xac, 0x3c, 0x1d, 0x18, 0x3, 0xc4, 0xa8, 0x66,
    0x88, 0x68, 0x7, 0x84, 0xe4, 0x34, 0x3b, 0xc1,
    0xd8, 0x2, 0x3c, 0x21, 0x10, 0x32, 0x1, 0x60,
    0x7, 0x87, 0xfe, 0xb0, 0x5a, 0x0, 0xff, 0xe1,
    0x0,

    /* U+00BD "½" */
    0x0, 0x84, 0x40, 0x1f, 0xc2, 0xf9, 0xce, 0x1,
    0xfd, 0x70, 0x60, 0x1f, 0xf4, 0xeb, 0x80, 0x73,
    0x28, 0x6, 0x32, 0x0, 0xe1, 0x98, 0x0, 0xff,
    0xa4, 0x24, 0x3, 0xfc, 0x2e, 0x68, 0x1, 0xfe,
    0xb0, 0xf0, 0xf, 0xf1, 0x2a, 0x18, 0x7, 0xd1,
    0xed, 0x21, 0x0, 0xd0, 0xe4, 0x1, 0xc6, 0x8a,
    0x5b, 0x2f, 0x1a, 0x60, 0x1b, 0xc2, 0x24, 0x9b,
    0xe0, 0x24, 0x2, 0x43, 0x62, 0xbb, 0x40, 0x8,
    0x7, 0x48, 0x40, 0x1a, 0x9, 0x40, 0x48, 0x0,
    0x8d, 0xc4, 0x2, 0x3c, 0x1a, 0x30, 0x1, 0x74,
    0x0, 0x47, 0x81, 0x6a, 0x1, 0xf8, 0xf0, 0x17,
    0x22, 0x0, 0x1f, 0x20, 0x1, 0x1d, 0xe0,

    /* U+00BE "¾" */
    0x6, 0xdf, 0xea, 0x20, 0xf, 0xc9, 0x26, 0xc4,
    0xb2, 0x1, 0xf9, 0x37, 0xe2, 0x0, 0x1d, 0x6,
    0x1, 0x89, 0x3a, 0xca, 0x80, 0xa, 0xea, 0x1,
    0xc9, 0x6e, 0x56, 0x0, 0x82, 0x60, 0x8, 0x90,
    0x12, 0x1, 0x41, 0x8a, 0x0, 0x32, 0xdd, 0x81,
    0x0, 0x42, 0xd, 0x40, 0x33, 0x12, 0xfd, 0x85,
    0xc0, 0xc0, 0x7, 0xe, 0xcb, 0xc6, 0xa3, 0xa2,
    0x1, 0x58, 0x3, 0x34, 0x39, 0x40, 0x40, 0x3d,
    0x49, 0x0, 0x78, 0x99, 0x4c, 0xd0, 0x1, 0xfd,
    0x21, 0x3, 0xa6, 0x60, 0xf, 0x91, 0xc, 0x54,
    0x1a, 0x1, 0xfc, 0x50, 0xc8, 0xb0, 0x41, 0x2,
    0x1, 0x93, 0x47, 0xc1, 0x18, 0x41, 0x4c, 0x3,
    0xe9, 0xff, 0x8c, 0x34, 0x80, 0x3f, 0xf8, 0x60,

    /* U+00BF "¿" */
    0x0, 0xcf, 0xf6, 0x1, 0xfa, 0xc1, 0x4, 0x3,
    0xea, 0x26, 0x10, 0xf, 0x9b, 0x64, 0x3, 0xff,
    0x8f, 0x19, 0x60, 0x1f, 0x90, 0xd4, 0x3, 0xe4,
    0x30, 0x50, 0xf, 0x1d, 0x80, 0x20, 0x3, 0x8b,
    0x0, 0x14, 0x60, 0x1d, 0xc0, 0x9, 0x50, 0xe,
    0x43, 0x4, 0x60, 0xf, 0x60, 0x3, 0x80, 0x3e,
    0x10, 0x3, 0x0, 0x47, 0x32, 0x4e, 0x0, 0x20,
    0x5, 0x4c, 0xc1, 0x50, 0x4, 0x41, 0xa5, 0x80,
    0x8, 0x4e, 0x0, 0x79, 0x60, 0x5, 0x8, 0x45,
    0x20, 0x0, 0x57, 0x14, 0x0,

    /* U+00C0 "À" */
    0x0, 0x88, 0xcc, 0x40, 0x1f, 0xf1, 0xee, 0x60,
    0x40, 0x3f, 0xc3, 0x82, 0x28, 0x0, 0xff, 0x8b,
    0x41, 0x8c, 0x3, 0xfe, 0x3f, 0xf1, 0x80, 0x7f,
    0xf0, 0x3f, 0xd8, 0x1, 0xff, 0x28, 0x0, 0xc4,
    0x3, 0xfd, 0xe0, 0x13, 0x0, 0x7f, 0x94, 0x2,
    0xb0, 0xf, 0xe5, 0x0, 0x28, 0x18, 0x80, 0x7e,
    0xf0, 0x18, 0x0, 0x38, 0x7, 0xe5, 0x7, 0x22,
    0x6, 0x80, 0x7c, 0x80, 0xc, 0x4, 0x4, 0x10,
    0xf, 0x70, 0x1, 0x43, 0x40, 0x8, 0x1, 0xe5,
    0x4, 0x0, 0x20, 0x3, 0xc0, 0x39, 0x0, 0x26,
    0x68, 0x81, 0x40, 0x3b, 0x40, 0x9, 0x33, 0x10,
    0x1, 0x40, 0x33, 0x80, 0x7f, 0x78, 0x4, 0x82,
    0xf, 0xff, 0xc4, 0xa, 0x1, 0x68, 0x2, 0xc0,
    0x39, 0x40, 0x8, 0x0, 0x70, 0x13, 0x0, 0xeb,
    0x0, 0x68, 0x18, 0x82, 0x0, 0x78, 0xc0, 0xe,
    0x0,

    /* U+00C1 "Á" */
    0x0, 0xfc, 0xd1, 0x2, 0x0, 0xff, 0x2c, 0xbf,
    0x90, 0x7, 0xf1, 0x50, 0x4b, 0x80, 0x7f, 0x9d,
    0xd6, 0xc0, 0x1f, 0xf2, 0xc2, 0x0, 0x7f, 0xf0,
    0x3f, 0xd8, 0x1, 0xff, 0x28, 0x0, 0xc4, 0x3,
    0xfd, 0xe0, 0x13, 0x0, 0x7f, 0x94, 0x2, 0xb0,
    0xf, 0xe5, 0x0, 0x28, 0x18, 0x80, 0x7e, 0xf0,
    0x18, 0x0, 0x38, 0x7, 0xe5, 0x7, 0x22, 0x6,
    0x80, 0x7c, 0x80, 0xc, 0x4, 0x4, 0x10, 0xf,
    0x70, 0x1, 0x43, 0x40, 0x8, 0x1, 0xe5, 0x4,
    0x0, 0x20, 0x3, 0xc0, 0x39, 0x0, 0x26, 0x68,
    0x81, 0x40, 0x3b, 0x40, 0x9, 0x33, 0x10, 0x1,
    0x40, 0x33, 0x80, 0x7f, 0x78, 0x4, 0x82, 0xf,
    0xff, 0xc4, 0xa, 0x1, 0x68, 0x2, 0xc0, 0x39,
    0x40, 0x8, 0x0, 0x70, 0x13, 0x0, 0xeb, 0x0,
    0x68, 0x18, 0x82, 0x0, 0x78, 0xc0, 0xe, 0x0,

    /* U+00C2 "Â" */
    0x0, 0xe2, 0xdf, 0xb1, 0x0, 0xfe, 0x4c, 0x24,
    0x46, 0x10, 0x7, 0xcb, 0x63, 0x76, 0x92, 0xc3,
    0x0, 0xf2, 0xff, 0x90, 0x1b, 0xf8, 0xc0, 0x3f,
    0xf9, 0x9f, 0xec, 0x0, 0xff, 0x94, 0x0, 0x62,
    0x1, 0xfe, 0xf0, 0x9, 0x80, 0x3f, 0xca, 0x1,
    0x58, 0x7, 0xf2, 0x80, 0x14, 0xc, 0x40, 0x3f,
    0x78, 0xc, 0x0, 0x1c, 0x3, 0xf2, 0x83, 0x91,
    0x3, 0x40, 0x3e, 0x40, 0x6, 0x2, 0x2, 0x8,
    0x7, 0xb8, 0x0, 0xa1, 0xa0, 0x4, 0x0, 0xf2,
    0x82, 0x0, 0x10, 0x1, 0xe0, 0x1c, 0x80, 0x13,
    0x34, 0x40, 0xa0, 0x1d, 0xa0, 0x4, 0x99, 0x88,
    0x0, 0xa0, 0x19, 0xc0, 0x3f, 0xbc, 0x2, 0x41,
    0x7, 0xff, 0xe2, 0x5, 0x0, 0xb4, 0x1, 0x60,
    0x1c, 0xa0, 0x4, 0x0, 0x38, 0x9, 0x80, 0x75,
    0x80, 0x34, 0xc, 0x41, 0x0, 0x3c, 0x60, 0x7,
    0x0,

    /* U+00C3 "Ã" */
    0x0, 0xff, 0x8, 0x7, 0xe9, 0xfe, 0x71, 0x3e,
    0x70, 0xf, 0x3b, 0x0, 0xc7, 0x60, 0x20, 0x7,
    0xb8, 0xbb, 0x8e, 0x44, 0x93, 0x0, 0xf4, 0xe8,
    0x8a, 0x37, 0x4c, 0x1, 0xff, 0xcd, 0xff, 0x60,
    0x7, 0xfc, 0xa0, 0x3, 0x10, 0xf, 0xf7, 0x80,
    0x4c, 0x1, 0xfe, 0x50, 0xa, 0xc0, 0x3f, 0x94,
    0x0, 0xa0, 0x62, 0x1, 0xfb, 0xc0, 0x60, 0x0,
    0xe0, 0x1f, 0x94, 0x1c, 0x88, 0x1a, 0x1, 0xf2,
    0x0, 0x30, 0x10, 0x10, 0x40, 0x3d, 0xc0, 0x5,
    0xd, 0x0, 0x20, 0x7, 0x94, 0x10, 0x0, 0x80,
    0xf, 0x0, 0xe4, 0x0, 0x99, 0xa2, 0x5, 0x0,
    0xed, 0x0, 0x24, 0xcc, 0x40, 0x5, 0x0, 0xce,
    0x1, 0xfd, 0xe0, 0x12, 0x8, 0x3f, 0xff, 0x10,
    0x28, 0x5, 0xa0, 0xb, 0x0, 0xe5, 0x0, 0x20,
    0x1, 0xc0, 0x4c, 0x3, 0xac, 0x1, 0xa0, 0x62,
    0x8, 0x1, 0xe3, 0x0, 0x38, 0x0,

    /* U+00C4 "Ä" */
    0x0, 0x92, 0xdc, 0x2, 0xaa, 0x8, 0x7, 0xa1,
    0x20, 0x41, 0x95, 0x4c, 0x1, 0xea, 0x4, 0x10,
    0x41, 0x12, 0x0, 0x79, 0xbe, 0xc0, 0x5, 0xdc,
    0x30, 0xf, 0xfe, 0x67, 0xfb, 0x0, 0x3f, 0xe5,
    0x0, 0x18, 0x80, 0x7f, 0xbc, 0x2, 0x60, 0xf,
    0xf2, 0x80, 0x56, 0x1, 0xfc, 0xa0, 0x5, 0x3,
    0x10, 0xf, 0xde, 0x3, 0x0, 0x7, 0x0, 0xfc,
    0xa0, 0xe4, 0x40, 0xd0, 0xf, 0x90, 0x1, 0x80,
    0x80, 0x82, 0x1, 0xee, 0x0, 0x28, 0x68, 0x1,
    0x0, 0x3c, 0xa0, 0x80, 0x4, 0x0, 0x78, 0x7,
    0x20, 0x4, 0xcd, 0x10, 0x28, 0x7, 0x68, 0x1,
    0x26, 0x62, 0x0, 0x28, 0x6, 0x70, 0xf, 0xef,
    0x0, 0x90, 0x41, 0xff, 0xf8, 0x81, 0x40, 0x2d,
    0x0, 0x58, 0x7, 0x28, 0x1, 0x0, 0xe, 0x2,
    0x60, 0x1d, 0x60, 0xd, 0x3, 0x10, 0x40, 0xf,
    0x18, 0x1, 0xc0,

    /* U+00C5 "Å" */
    0x0, 0xe2, 0xce, 0xa0, 0xf, 0xfb, 0x9b, 0x5a,
    0x0, 0x3f, 0xc7, 0x27, 0x68, 0x1, 0xfe, 0x1b,
    0xc, 0x60, 0xf, 0xf5, 0x37, 0xb4, 0x0, 0x7f,
    0x93, 0xb9, 0xa4, 0x1, 0xff, 0x7f, 0x60, 0x7,
    0xfc, 0xa0, 0x3, 0x10, 0xf, 0xf7, 0x80, 0x4c,
    0x1, 0xfe, 0x50, 0xa, 0xc0, 0x3f, 0x94, 0x0,
    0xa0, 0x62, 0x1, 0xfb, 0xc0, 0x60, 0x0, 0xe0,
    0x1f, 0x94, 0x1c, 0x88, 0x1a, 0x1, 0xf2, 0x0,
    0x30, 0x10, 0x10, 0x40, 0x3d, 0xc0, 0x5, 0xd,
    0x0, 0x20, 0x7, 0x94, 0x10, 0x0, 0x80, 0xf,
    0x0, 0xe4, 0x0, 0x99, 0xa2, 0x5, 0x0, 0xed,
    0x0, 0x24, 0xcc, 0x40, 0x5, 0x0, 0xce, 0x1,
    0xfd, 0xe0, 0x12, 0x8, 0x3f, 0xff, 0x10, 0x28,
    0x5, 0xa0, 0xb, 0x0, 0xe5, 0x0, 0x20, 0x1,
    0xc0, 0x4c, 0x3, 0xac, 0x1, 0xa0, 0x62, 0x8,
    0x1, 0xe3, 0x0, 0x38, 0x0,

    /* U+00C6 "Æ" */
    0x0, 0xf5, 0x7f, 0xfa, 0x80, 0x3c, 0xa0, 0x1f,
    0xfc, 0x6, 0x0, 0xcf, 0x54, 0x90, 0xe, 0xd0,
    0xd, 0x8a, 0xa3, 0x0, 0xc2, 0x80, 0xa0, 0x1f,
    0xe6, 0x0, 0x60, 0x7, 0xfa, 0xc1, 0x40, 0x3f,
    0xc4, 0x61, 0xe0, 0x15, 0xff, 0x90, 0x2, 0xa0,
    0x2, 0x80, 0x7f, 0x94, 0x10, 0x3, 0x3d, 0xd9,
    0x40, 0x6, 0x40, 0x8, 0xd0, 0x6, 0x22, 0x4,
    0x1, 0x40, 0x4, 0x74, 0x0, 0xfc, 0xe0, 0x1f,
    0xfc, 0x4, 0x10, 0x8f, 0xf4, 0x80, 0x7d, 0xc0,
    0x5, 0x0, 0xec, 0x44, 0x81, 0x40, 0x88, 0x1,
    0xcf, 0x76, 0xa5, 0x0, 0x28, 0x7, 0xf8,

    /* U+00C7 "Ç" */
    0x0, 0x96, 0xff, 0xdd, 0x46, 0x1, 0xd5, 0x44,
    0x0, 0xa, 0xe3, 0x80, 0x50, 0xa0, 0x53, 0x4e,
    0x0, 0x84, 0x2, 0x70, 0x2c, 0x65, 0x8c, 0x0,
    0x40, 0x50, 0x2, 0xc4, 0x2, 0x34, 0x3, 0x14,
    0x0, 0x38, 0x7, 0x7b, 0xb8, 0x8, 0x0, 0x20,
    0x1c, 0x91, 0x1, 0x0, 0x8, 0x7, 0xf8, 0x40,
    0x3f, 0xf8, 0x2, 0x1, 0xff, 0xc2, 0x10, 0xf,
    0xf1, 0x0, 0x4, 0x3, 0x89, 0x10, 0x28, 0x0,
    0x40, 0xe, 0x9b, 0xb1, 0xd0, 0x2, 0x40, 0x31,
    0x20, 0x11, 0x4c, 0x7, 0x8a, 0x6d, 0x80, 0x8,
    0x0, 0x4a, 0x1, 0xd6, 0x48, 0x84, 0x28, 0x5,
    0x74, 0x60, 0x1, 0x5c, 0x70, 0xe, 0x5c, 0x10,
    0x4b, 0x30, 0xf, 0xd0, 0x6b, 0xa0, 0x1f, 0xcd,
    0x40, 0x40, 0x1f, 0xd5, 0x20, 0x80, 0x1f, 0xc8,
    0x4f, 0x40, 0x18,

    /* U+00C8 "È" */
    0x0, 0x9, 0x98, 0x80, 0x3f, 0xbb, 0x30, 0x20,
    0x1f, 0xf, 0x88, 0xa0, 0x3, 0xf1, 0x60, 0xb2,
    0x0, 0x7e, 0x2e, 0xf4, 0x0, 0xc3, 0xff, 0xfe,
    0xe0, 0xf, 0xfe, 0x19, 0x55, 0x7d, 0x60, 0x13,
    0x2a, 0xfe, 0x0, 0xff, 0xed, 0xa7, 0xff, 0xb0,
    0x3, 0xff, 0x88, 0x77, 0x7e, 0xf0, 0xc, 0xe8,
    0x9e, 0x30, 0xf, 0xfe, 0xe3, 0x2a, 0xfe, 0x0,
    0x8a, 0xab, 0xf0, 0x7, 0xff, 0x0,

    /* U+00C9 "É" */
    0x0, 0xf9, 0xa2, 0x4, 0x1, 0xf2, 0x4b, 0x91,
    0x0, 0x3e, 0x90, 0x4a, 0x0, 0xf9, 0xc8, 0xec,
    0x3, 0xf3, 0xfe, 0x0, 0x61, 0xff, 0xff, 0x70,
    0x7, 0xff, 0xc, 0xaa, 0xbe, 0xb0, 0x9, 0x95,
    0x7f, 0x0, 0x7f, 0xf6, 0xd3, 0xff, 0xd8, 0x1,
    0xff, 0xc4, 0x3b, 0xbf, 0x78, 0x6, 0x74, 0x4f,
    0x18, 0x7, 0xff, 0x71, 0x95, 0x7f, 0x0, 0x45,
    0x55, 0xf8, 0x3, 0xff, 0x80,

    /* U+00CA "Ê" */
    0x0, 0xc5, 0xbf, 0x82, 0x1, 0xe4, 0xc2, 0x43,
    0xc2, 0x0, 0xcb, 0x63, 0x76, 0x92, 0xd3, 0x0,
    0x97, 0xfc, 0x80, 0xdf, 0xe3, 0x0, 0xff, 0xe0,
    0x8f, 0xff, 0xfb, 0x80, 0x3f, 0xf8, 0x65, 0x55,
    0xf5, 0x80, 0x4c, 0xab, 0xf8, 0x3, 0xff, 0xb6,
    0x9f, 0xfe, 0xc0, 0xf, 0xfe, 0x21, 0xdd, 0xfb,
    0xc0, 0x33, 0xa2, 0x78, 0xc0, 0x3f, 0xfb, 0x8c,
    0xab, 0xf8, 0x2, 0x2a, 0xaf, 0xc0, 0x1f, 0xfc,
    0x0,

    /* U+00CB "Ë" */
    0x0, 0x1d, 0xb8, 0x5, 0x54, 0x10, 0xb, 0xd2,
    0x4, 0x15, 0x66, 0x0, 0xa8, 0x10, 0x41, 0xc4,
    0x48, 0x1, 0x37, 0xd8, 0x0, 0xbb, 0x86, 0x1,
    0xff, 0xc1, 0x1f, 0xff, 0xf7, 0x0, 0x7f, 0xf0,
    0xca, 0xab, 0xeb, 0x0, 0x99, 0x57, 0xf0, 0x7,
    0xff, 0x6d, 0x3f, 0xfd, 0x80, 0x1f, 0xfc, 0x43,
    0xbb, 0xf7, 0x80, 0x67, 0x44, 0xf1, 0x80, 0x7f,
    0xf7, 0x19, 0x57, 0xf0, 0x4, 0x55, 0x5f, 0x80,
    0x3f, 0xf8, 0x0,

    /* U+00CC "Ì" */
    0x3, 0x38, 0x3, 0xf5, 0xe6, 0x1c, 0x3, 0xe8,
    0x60, 0x82, 0x0, 0xfa, 0x54, 0x24, 0x3, 0xf5,
    0x7d, 0x80, 0x76, 0xff, 0xff, 0x18, 0x7, 0xfd,
    0x35, 0x47, 0x0, 0x25, 0x54, 0x48, 0xaa, 0xc0,
    0x1, 0x2a, 0xc2, 0x1, 0xff, 0xff, 0x0, 0xff,
    0xeb, 0xa2, 0xab, 0x0, 0x4, 0xab, 0xc, 0xd5,
    0x1c, 0x0, 0x95, 0x51, 0x0, 0x7f, 0xc0,

    /* U+00CD "Í" */
    0x0, 0xe2, 0x88, 0x28, 0x7, 0xde, 0xea, 0x80,
    0x1e, 0xa2, 0x3c, 0x10, 0xe, 0x12, 0x8c, 0x10,
    0xf, 0xc, 0x38, 0x7, 0x6f, 0xff, 0xf1, 0x80,
    0x7f, 0xd3, 0x54, 0x70, 0x2, 0x55, 0x44, 0x8a,
    0xac, 0x0, 0x12, 0xac, 0x20, 0x1f, 0xff, 0xf0,
    0xf, 0xfe, 0xba, 0x2a, 0xb0, 0x0, 0x4a, 0xb0,
    0xcd, 0x51, 0xc0, 0x9, 0x55, 0x10, 0x7, 0xfc,

    /* U+00CE "Î" */
    0x0, 0xa3, 0xfc, 0xa0, 0x1e, 0xa7, 0x31, 0xa7,
    0x0, 0xd8, 0xaa, 0xcf, 0x28, 0x90, 0xb, 0x3e,
    0x80, 0x77, 0xe4, 0x3, 0xff, 0x83, 0xbf, 0xff,
    0xc6, 0x1, 0xff, 0x4d, 0x51, 0xc0, 0x9, 0x55,
    0x12, 0x2a, 0xb0, 0x0, 0x4a, 0xb0, 0x80, 0x7f,
    0xff, 0xc0, 0x3f, 0xfa, 0xe8, 0xaa, 0xc0, 0x1,
    0x2a, 0xc3, 0x35, 0x47, 0x0, 0x25, 0x54, 0x40,
    0x1f, 0xf0,

    /* U+00CF "Ï" */
    0x9, 0xb2, 0x0, 0x2d, 0xb0, 0x1, 0x19, 0x2c,
    0x1, 0x69, 0x20, 0x5, 0x20, 0xd0, 0x3, 0x83,
    0x0, 0x7, 0x7d, 0x0, 0x13, 0xf2, 0x1, 0xff,
    0xc1, 0xdf, 0xff, 0xe3, 0x0, 0xff, 0xa6, 0xa8,
    0xe0, 0x4, 0xaa, 0x89, 0x15, 0x58, 0x0, 0x25,
    0x58, 0x40, 0x3f, 0xff, 0xe0, 0x1f, 0xfd, 0x74,
    0x55, 0x60, 0x0, 0x95, 0x61, 0x9a, 0xa3, 0x80,
    0x12, 0xaa, 0x20, 0xf, 0xf8,

    /* U+00D0 "Ð" */
    0x0, 0x1f, 0xff, 0x6d, 0x18, 0x7, 0xff, 0x0,
    0x97, 0x28, 0x3, 0xf1, 0xd5, 0x1c, 0x41, 0x6c,
    0x3, 0xe6, 0x55, 0x47, 0x98, 0x23, 0x80, 0x7f,
    0x87, 0x80, 0x12, 0x1, 0xff, 0x12, 0x0, 0x98,
    0x7, 0xfd, 0x80, 0x5, 0x8f, 0xc0, 0x2, 0xff,
    0x90, 0x0, 0x40, 0xe, 0x10, 0xf, 0xfe, 0x14,
    0xfe, 0x0, 0x17, 0xfc, 0x80, 0x1f, 0xfc, 0x52,
    0x0, 0x70, 0x7, 0xfd, 0xa0, 0x5, 0x0, 0xff,
    0xa, 0x80, 0x98, 0x7, 0xfb, 0x40, 0x12, 0x1,
    0xe1, 0x45, 0x8e, 0x30, 0x47, 0x0, 0xf2, 0x5d,
    0x38, 0x82, 0xd8, 0x7, 0xf8, 0x56, 0xe8, 0x2,

    /* U+00D1 "Ñ" */
    0x0, 0xff, 0xe1, 0x16, 0x7e, 0x28, 0x3f, 0x90,
    0x5, 0xc6, 0x7, 0x5f, 0x2, 0x40, 0x11, 0x37,
    0xe2, 0x89, 0xe8, 0x6, 0xe9, 0x3, 0xae, 0xc3,
    0x0, 0xff, 0xe1, 0x3f, 0xfa, 0x80, 0x30, 0xff,
    0xb0, 0x2, 0x51, 0x0, 0xff, 0xa0, 0x3, 0xfe,
    0x61, 0x0, 0xff, 0xa4, 0x3, 0xf8, 0x41, 0xc0,
    0x3f, 0xa4, 0x0, 0xe0, 0x1f, 0x85, 0x82, 0x40,
    0x3f, 0xa0, 0x5, 0x80, 0x3f, 0xb, 0x5, 0x80,
    0x7f, 0x58, 0x13, 0x0, 0x7e, 0x25, 0x9, 0x0,
    0xfe, 0x90, 0x10, 0xf, 0xe3, 0x40, 0xf, 0xfa,
    0x0, 0x3f, 0xe3, 0x30, 0x7, 0xfd, 0x0, 0x10,

    /* U+00D2 "Ò" */
    0x0, 0x2f, 0xfa, 0xc0, 0x3f, 0x96, 0x41, 0x14,
    0x3, 0xf9, 0xa0, 0x2c, 0x40, 0x3f, 0x9f, 0x34,
    0x3, 0xfe, 0x33, 0x8, 0x7, 0xe6, 0xcf, 0xf6,
    0xc0, 0x80, 0x75, 0xc9, 0x80, 0x9, 0xfc, 0x80,
    0x29, 0x40, 0x18, 0x81, 0x80, 0xe0, 0x0, 0x98,
    0xb, 0xdd, 0xd8, 0xc0, 0x2e, 0x14, 0x0, 0x81,
    0x0, 0xa0, 0x1, 0x20, 0x80, 0x4, 0x0, 0xc2,
    0x80, 0x24, 0x40, 0x0, 0x80, 0x71, 0x0, 0x18,
    0x0, 0x20, 0x1e, 0x10, 0x8, 0x40, 0x3f, 0xe1,
    0x10, 0x7, 0xfc, 0x20, 0x1, 0x0, 0xf0, 0x80,
    0x44, 0x0, 0x10, 0xe, 0x20, 0x3, 0x20, 0x1,
    0x0, 0x39, 0x0, 0x4a, 0x80, 0x10, 0x1, 0xa4,
    0x1, 0x20, 0x4c, 0x5, 0xae, 0xd6, 0xc0, 0x2e,
    0x0, 0x94, 0x2, 0x89, 0x40, 0x1c, 0x0, 0xd7,
    0x26, 0x0, 0x27, 0xf2, 0x0, 0x0,

    /* U+00D3 "Ó" */
    0x0, 0xf1, 0x7f, 0xb4, 0x40, 0x3f, 0x70, 0x1e,
    0x8, 0x7, 0xd2, 0x69, 0x82, 0x1, 0xfa, 0x7e,
    0xc0, 0x3f, 0xf9, 0x2d, 0x9f, 0xed, 0x81, 0x0,
    0xeb, 0x93, 0x0, 0x13, 0xf9, 0x0, 0x52, 0x80,
    0x31, 0x3, 0x1, 0xc0, 0x1, 0x30, 0x17, 0xbb,
    0xb1, 0x80, 0x5c, 0x28, 0x1, 0x2, 0x1, 0x40,
    0x2, 0x41, 0x0, 0x8, 0x1, 0x85, 0x0, 0x48,
    0x80, 0x1, 0x0, 0xe2, 0x0, 0x30, 0x0, 0x40,
    0x3c, 0x20, 0x10, 0x80, 0x7f, 0xc2, 0x20, 0xf,
    0xf8, 0x40, 0x2, 0x1, 0xe1, 0x0, 0x88, 0x0,
    0x20, 0x1c, 0x40, 0x6, 0x40, 0x2, 0x0, 0x72,
    0x0, 0x95, 0x0, 0x20, 0x3, 0x48, 0x2, 0x40,
    0x98, 0xb, 0x5d, 0xad, 0x80, 0x5c, 0x1, 0x28,
    0x5, 0x12, 0x80, 0x38, 0x1, 0xae, 0x4c, 0x0,
    0x4f, 0xe4, 0x0,

    /* U+00D4 "Ô" */
    0x0, 0xe6, 0x83, 0x0, 0xfe, 0xa9, 0x7c, 0x50,
    0xf, 0xe, 0x2a, 0xb0, 0x6a, 0x0, 0x39, 0x11,
    0x34, 0x7f, 0x0, 0x40, 0x19, 0x61, 0x80, 0x2,
    0xf0, 0x40, 0x1f, 0xfc, 0x66, 0xcf, 0xf6, 0xc0,
    0x80, 0x75, 0xc9, 0x80, 0x9, 0xfc, 0x80, 0x29,
    0x40, 0x18, 0x81, 0x80, 0xe0, 0x0, 0x98, 0xb,
    0xdd, 0xd8, 0xc0, 0x2e, 0x14, 0x0, 0x81, 0x0,
    0xa0, 0x1, 0x20, 0x80, 0x4, 0x0, 0xc2, 0x80,
    0x24, 0x40, 0x0, 0x80, 0x71, 0x0, 0x18, 0x0,
    0x20, 0x1e, 0x10, 0x8, 0x40, 0x3f, 0xe1, 0x10,
    0x7, 0xfc, 0x20, 0x1, 0x0, 0xf0, 0x80, 0x44,
    0x0, 0x10, 0xe, 0x20, 0x3, 0x20, 0x1, 0x0,
    0x39, 0x0, 0x4a, 0x80, 0x10, 0x1, 0xa4, 0x1,
    0x20, 0x4c, 0x5, 0xae, 0xd6, 0xc0, 0x2e, 0x0,
    0x94, 0x2, 0x89, 0x40, 0x1c, 0x0, 0xd7, 0x26,
    0x0, 0x27, 0xf2, 0x0, 0x0,

    /* U+00D5 "Õ" */
    0x0, 0xff, 0xe2, 0x57, 0xe2, 0x81, 0xfa, 0x80,
    0x68, 0x50, 0x3a, 0xfc, 0x7, 0x0, 0xc8, 0x5d,
    0xac, 0x3, 0x24, 0x1, 0xb3, 0x2, 0x53, 0xfc,
    0xc0, 0x1e, 0x10, 0xf, 0xfe, 0x6b, 0x67, 0xfb,
    0x60, 0x40, 0x3a, 0xe4, 0xc0, 0x4, 0xfe, 0x40,
    0x14, 0xa0, 0xc, 0x40, 0xc0, 0x70, 0x0, 0x4c,
    0x5, 0xee, 0xec, 0x60, 0x17, 0xa, 0x0, 0x40,
    0x80, 0x50, 0x0, 0x90, 0x40, 0x2, 0x0, 0x61,
    0x40, 0x12, 0x20, 0x0, 0x40, 0x38, 0x80, 0xc,
    0x0, 0x10, 0xf, 0x8, 0x4, 0x20, 0x1f, 0xf0,
    0x88, 0x3, 0xfe, 0x10, 0x0, 0x80, 0x78, 0x40,
    0x22, 0x0, 0x8, 0x7, 0x10, 0x1, 0x90, 0x0,
    0x80, 0x1c, 0x80, 0x25, 0x40, 0x8, 0x0, 0xd2,
    0x0, 0x90, 0x26, 0x2, 0xd7, 0x6b, 0x60, 0x17,
    0x0, 0x4a, 0x1, 0x44, 0xa0, 0xe, 0x0, 0x6b,
    0x93, 0x0, 0x13, 0xf9, 0x0, 0x0,

    /* U+00D6 "Ö" */
    0x0, 0x47, 0xd0, 0x0, 0xfb, 0x84, 0x1, 0x94,
    0x14, 0x1, 0x62, 0x27, 0x0, 0xd0, 0x92, 0x0,
    0x95, 0x58, 0x3, 0x2d, 0xb0, 0x0, 0x6a, 0x80,
    0x1f, 0xfc, 0x76, 0xcf, 0xf6, 0xc0, 0x80, 0x75,
    0xc9, 0x80, 0x9, 0xfc, 0x80, 0x29, 0x40, 0x18,
    0x81, 0x80, 0xe0, 0x0, 0x98, 0xb, 0xdd, 0xd8,
    0xc0, 0x2e, 0x14, 0x0, 0x81, 0x0, 0xa0, 0x1,
    0x20, 0x80, 0x4, 0x0, 0xc2, 0x80, 0x24, 0x40,
    0x0, 0x80, 0x71, 0x0, 0x18, 0x0, 0x20, 0x1e,
    0x10, 0x8, 0x40, 0x3f, 0xe1, 0x10, 0x7, 0xfc,
    0x20, 0x1, 0x0, 0xf0, 0x80, 0x44, 0x0, 0x10,
    0xe, 0x20, 0x3, 0x20, 0x1, 0x0, 0x39, 0x0,
    0x4a, 0x80, 0x10, 0x1, 0xa4, 0x1, 0x20, 0x4c,
    0x5, 0xae, 0xd6, 0xc0, 0x2e, 0x0, 0x94, 0x2,
    0x89, 0x40, 0x1c, 0x0, 0xd7, 0x26, 0x0, 0x27,
    0xf2, 0x0, 0x0,

    /* U+00D7 "×" */
    0x0, 0x18, 0x7, 0x84, 0x80, 0xb, 0x94, 0x1,
    0x87, 0x30, 0x41, 0xc0, 0xb4, 0x0, 0x1d, 0x21,
    0x50, 0xb4, 0x5, 0x91, 0xd3, 0x7, 0x70, 0x2,
    0xd0, 0x1b, 0xcc, 0x1e, 0x0, 0x35, 0x98, 0x8,
    0x34, 0x0, 0x7f, 0xf1, 0x6c, 0xc0, 0x26, 0x80,
    0xd, 0x68, 0xb, 0xc4, 0xf, 0x0, 0xb, 0x40,
    0x5a, 0x1c, 0x20, 0x77, 0x6, 0x82, 0x50, 0x0,
    0x70, 0x81, 0x1, 0xae, 0xc0, 0x18, 0x73, 0x6,

    /* U+00D8 "Ø" */
    0x0, 0xff, 0xab, 0xd0, 0x3, 0x36, 0x7f, 0xb5,
    0xc9, 0x4d, 0x0, 0x2b, 0x93, 0x0, 0x14, 0x68,
    0x40, 0x5, 0x28, 0x5, 0x10, 0x30, 0x9, 0x0,
    0x4, 0xc0, 0x58, 0xee, 0xc1, 0x0, 0x38, 0x2,
    0x80, 0x10, 0x20, 0x5, 0x10, 0x5, 0x0, 0x10,
    0x0, 0x80, 0x1, 0xb1, 0x30, 0x21, 0x2, 0x0,
    0x8, 0x2, 0x6, 0x14, 0x0, 0xa0, 0x10, 0x80,
    0xd, 0x8d, 0x84, 0x3, 0x8, 0x6, 0xf0, 0xf0,
    0xf, 0x8, 0x4, 0xc6, 0xc6, 0x1, 0xf8, 0x45,
    0x3, 0x20, 0x1, 0x0, 0xc4, 0x0, 0xa1, 0xb0,
    0x8, 0x80, 0xc, 0x8, 0x0, 0x43, 0x50, 0x9,
    0x0, 0x48, 0x28, 0x2, 0xf0, 0xa, 0x40, 0xc,
    0x0, 0x25, 0x0, 0x73, 0xb5, 0xb0, 0xc, 0x80,
    0x48, 0x0, 0x28, 0x94, 0x1, 0xc1, 0x0, 0x38,
    0xcd, 0x18, 0x0, 0x9f, 0xc8, 0x0, 0x30, 0x4c,
    0xb9, 0xfe, 0xd8, 0x10, 0x8,

    /* U+00D9 "Ù" */
    0x0, 0x1f, 0xfb, 0x40, 0x3f, 0x1e, 0x1, 0x40,
    0x7, 0xe3, 0xb0, 0x73, 0x0, 0xfc, 0x9b, 0x84,
    0x1, 0xfc, 0x46, 0x20, 0x19, 0xff, 0xca, 0x1,
    0xdf, 0xed, 0x0, 0xff, 0xff, 0x80, 0x7f, 0xf9,
    0xc, 0x3, 0xf1, 0x0, 0x38, 0x3, 0x10, 0x1,
    0x90, 0x0, 0xc2, 0x1, 0x58, 0x3, 0x5, 0x80,
    0x71, 0x96, 0x98, 0x5, 0x82, 0x4c, 0xa, 0x69,
    0x40, 0x1a, 0x20, 0xc, 0x93, 0x0, 0x13, 0x71,
    0x80,

    /* U+00DA "Ú" */
    0x0, 0xf9, 0xa2, 0x4, 0x1, 0xf2, 0x4b, 0x81,
    0x0, 0x78, 0x68, 0x22, 0x0, 0x1f, 0x2b, 0x53,
    0x80, 0x7e, 0x48, 0x50, 0xc, 0xff, 0xe5, 0x0,
    0xef, 0xf6, 0x80, 0x7f, 0xff, 0xc0, 0x3f, 0xfc,
    0x86, 0x1, 0xf8, 0x80, 0x1c, 0x1, 0x88, 0x0,
    0xc8, 0x0, 0x61, 0x0, 0xac, 0x1, 0x82, 0xc0,
    0x38, 0xcb, 0x4c, 0x2, 0xc1, 0x26, 0x5, 0x34,
    0xa0, 0xd, 0x10, 0x6, 0x49, 0x80, 0x9, 0xb8,
    0xc0,

    /* U+00DB "Û" */
    0x0, 0xc3, 0xbf, 0x82, 0x1, 0xe3, 0xf2, 0x43,
    0xf3, 0x0, 0xc9, 0x83, 0x57, 0x43, 0x88, 0x1,
    0x27, 0xf9, 0x41, 0x7f, 0xc8, 0x1, 0xff, 0xc1,
    0x7f, 0xf2, 0x80, 0x77, 0xfb, 0x40, 0x3f, 0xff,
    0xe0, 0x1f, 0xfe, 0x43, 0x0, 0xfc, 0x40, 0xe,
    0x0, 0xc4, 0x0, 0x64, 0x0, 0x30, 0x80, 0x56,
    0x0, 0xc1, 0x60, 0x1c, 0x65, 0xa6, 0x1, 0x60,
    0x93, 0x2, 0x9a, 0x50, 0x6, 0x88, 0x3, 0x24,
    0xc0, 0x4, 0xdc, 0x60,

    /* U+00DC "Ü" */
    0x0, 0x1d, 0xc0, 0x5, 0x36, 0x40, 0x14, 0xa3,
    0x90, 0x23, 0x25, 0x0, 0x5e, 0x6, 0x40, 0xa4,
    0x38, 0x1, 0x2f, 0xe0, 0x0, 0x77, 0x90, 0x3,
    0xff, 0x82, 0xff, 0xe5, 0x0, 0xef, 0xf6, 0x80,
    0x7f, 0xff, 0xc0, 0x3f, 0xfc, 0x86, 0x1, 0xf8,
    0x80, 0x1c, 0x1, 0x88, 0x0, 0xc8, 0x0, 0x61,
    0x0, 0xac, 0x1, 0x82, 0xc0, 0x38, 0xcb, 0x4c,
    0x2, 0xc1, 0x26, 0x5, 0x34, 0xa0, 0xd, 0x10,
    0x6, 0x49, 0x80, 0x9, 0xb8, 0xc0,

    /* U+00DD "Ý" */
    0x0, 0xfc, 0xf0, 0xe2, 0x1, 0xfc, 0xd0, 0xe0,
    0x20, 0x1f, 0x8a, 0x42, 0x1c, 0x3, 0xfa, 0xc9,
    0xdc, 0x1, 0xfe, 0x9d, 0x80, 0xe, 0x3f, 0xf6,
    0x80, 0x79, 0xbf, 0xd6, 0x68, 0x4, 0x80, 0x1d,
    0x60, 0x8, 0xf, 0x0, 0x78, 0x6, 0x42, 0x4,
    0x30, 0x43, 0x4, 0x30, 0xb, 0xc0, 0x10, 0x1,
    0x40, 0x2, 0x80, 0x4, 0x80, 0x66, 0x0, 0x90,
    0xc1, 0x84, 0x2c, 0x1, 0x0, 0x1d, 0x0, 0x6,
    0x6, 0x3, 0x40, 0xe, 0x43, 0x9, 0x70, 0x4,
    0x0, 0x7d, 0x20, 0x30, 0x6, 0x80, 0x1f, 0x29,
    0x0, 0x50, 0x1, 0xfd, 0x0, 0x2, 0x40, 0xf,
    0xe7, 0x0, 0x20, 0x7, 0xff, 0xfc,

    /* U+00DE "Þ" */
    0x4f, 0xf4, 0x80, 0x7f, 0xf6, 0x9b, 0xfe, 0xec,
    0x60, 0xf, 0xf0, 0x9c, 0xe8, 0x80, 0x65, 0xbb,
    0xa4, 0x80, 0xb4, 0x3, 0x1a, 0x24, 0xda, 0x60,
    0x66, 0x0, 0xfe, 0xa0, 0x2, 0x80, 0x7f, 0x18,
    0x0, 0x40, 0x3f, 0xbc, 0x0, 0x60, 0x1f, 0x14,
    0xa8, 0xa, 0x0, 0x4d, 0xff, 0x6b, 0x0, 0x28,
    0x3, 0xfc, 0x9a, 0x80, 0x19, 0x6e, 0xec, 0xfb,
    0x20, 0xe, 0x34, 0x48, 0xc0, 0x3f, 0xfa, 0x60,

    /* U+00DF "ß" */
    0x0, 0xc8, 0xee, 0x40, 0xf, 0x8f, 0x6e, 0x21,
    0x7c, 0x60, 0x18, 0x74, 0x80, 0x44, 0x3, 0xa0,
    0x1a, 0x4, 0x1f, 0xb8, 0x60, 0x2a, 0x1, 0x38,
    0xc, 0x0, 0x28, 0x0, 0x40, 0x10, 0x82, 0x80,
    0x78, 0x40, 0x2, 0x1, 0xea, 0x0, 0x38, 0x7,
    0xe4, 0x30, 0x61, 0x0, 0xfd, 0xc0, 0xa, 0x0,
    0xff, 0xe5, 0x60, 0x3, 0xc0, 0x3f, 0x98, 0xc0,
    0xec, 0x3, 0xfb, 0x4c, 0x12, 0x80, 0x3f, 0xe,
    0x90, 0x29, 0x0, 0x7e, 0x1b, 0x0, 0x20, 0x7,
    0xf0, 0x80, 0x7e, 0xc8, 0x46, 0x90, 0x2, 0x0,
    0x62, 0x37, 0xb9, 0x10, 0x52, 0x0, 0xe4, 0x10,
    0x1, 0x4d, 0x0,

    /* U+00E0 "à" */
    0x0, 0x3f, 0xfa, 0x0, 0x3f, 0x3b, 0x81, 0xcc,
    0x3, 0xf4, 0x30, 0x70, 0x7, 0xf4, 0xe7, 0x0,
    0x7f, 0x8c, 0xc0, 0x1f, 0xc, 0x6f, 0xfb, 0x64,
    0x80, 0x22, 0xf7, 0x20, 0x1, 0x36, 0xa0, 0x3,
    0xc4, 0x1f, 0x30, 0xc0, 0xa, 0x2, 0x31, 0x58,
    0x33, 0x4a, 0x0, 0x99, 0x77, 0x28, 0x3, 0x18,
    0x1, 0xc0, 0x26, 0xab, 0xcc, 0x30, 0x6, 0x4e,
    0x95, 0x43, 0x30, 0x80, 0x43, 0x62, 0x13, 0xdf,
    0xe7, 0x0, 0x90, 0x1, 0xc, 0x20, 0x1e, 0x30,
    0x0, 0x80, 0x62, 0x0, 0x94, 0x1, 0x66, 0x5,
    0x4a, 0x0, 0x13, 0x50, 0x2c, 0xfd, 0x50, 0x8,
    0xc2, 0xa4, 0xc0, 0x7, 0x36, 0x0, 0xc0,

    /* U+00E1 "á" */
    0x0, 0xf1, 0xff, 0xb0, 0x3, 0xf7, 0x1, 0xe0,
    0x7, 0xd0, 0x44, 0xd0, 0xf, 0xdd, 0x38, 0x20,
    0x1f, 0x99, 0x82, 0x1, 0xe1, 0x8d, 0xff, 0x6c,
    0x90, 0x4, 0x5e, 0xe4, 0x0, 0x26, 0xd4, 0x0,
    0x78, 0x83, 0xe6, 0x18, 0x1, 0x40, 0x46, 0x2b,
    0x6, 0x69, 0x40, 0x13, 0x2e, 0xe5, 0x0, 0x63,
    0x0, 0x38, 0x4, 0xd5, 0x79, 0x86, 0x0, 0xc9,
    0xd2, 0xa8, 0x66, 0x10, 0x8, 0x6c, 0x42, 0x7b,
    0xfc, 0xe0, 0x12, 0x0, 0x21, 0x84, 0x3, 0xc6,
    0x0, 0x10, 0xc, 0x40, 0x12, 0x80, 0x2c, 0xc0,
    0xa9, 0x40, 0x2, 0x6a, 0x5, 0x9f, 0xaa, 0x1,
    0x18, 0x54, 0x98, 0x0, 0xe6, 0xc0, 0x18,

    /* U+00E2 "â" */
    0x0, 0xc9, 0xfe, 0x80, 0xf, 0x9e, 0xc4, 0xde,
    0x80, 0x3a, 0x20, 0x59, 0x85, 0x56, 0x0, 0x68,
    0xfd, 0x20, 0xaf, 0xc0, 0xf, 0xfe, 0x20, 0xc6,
    0xff, 0xb6, 0x48, 0x2, 0x2f, 0x72, 0x0, 0x13,
    0x6a, 0x0, 0x3c, 0x41, 0xf3, 0xc, 0x0, 0xa0,
    0x23, 0x15, 0x83, 0x34, 0xa0, 0x9, 0x97, 0x72,
    0x80, 0x31, 0x80, 0x1c, 0x2, 0x6a, 0xbc, 0xc3,
    0x0, 0x64, 0xe9, 0x54, 0x33, 0x8, 0x4, 0x36,
    0x21, 0x3d, 0xfe, 0x70, 0x9, 0x0, 0x10, 0xc2,
    0x1, 0xe3, 0x0, 0x8, 0x6, 0x20, 0x9, 0x40,
    0x16, 0x60, 0x54, 0xa0, 0x1, 0x35, 0x2, 0xcf,
    0xd5, 0x0, 0x8c, 0x2a, 0x4c, 0x0, 0x73, 0x60,
    0xc,

    /* U+00E3 "ã" */
    0x0, 0xff, 0xe1, 0xe, 0x7e, 0x28, 0x3f, 0x98,
    0x5, 0x46, 0x7, 0x5f, 0x2, 0x60, 0x13, 0x2f,
    0xe2, 0x89, 0xe8, 0x6, 0xda, 0x3, 0xae, 0xc3,
    0x0, 0xff, 0xe2, 0xc, 0x6f, 0xfb, 0x64, 0x80,
    0x22, 0xf7, 0x20, 0x1, 0x36, 0xa0, 0x3, 0xc4,
    0x1f, 0x30, 0xc0, 0xa, 0x2, 0x31, 0x58, 0x33,
    0x4a, 0x0, 0x99, 0x77, 0x28, 0x3, 0x18, 0x1,
    0xc0, 0x26, 0xab, 0xcc, 0x30, 0x6, 0x4e, 0x95,
    0x43, 0x30, 0x80, 0x43, 0x62, 0x13, 0xdf, 0xe7,
    0x0, 0x90, 0x1, 0xc, 0x20, 0x1e, 0x30, 0x0,
    0x80, 0x62, 0x0, 0x94, 0x1, 0x66, 0x5, 0x4a,
    0x0, 0x13, 0x50, 0x2c, 0xfd, 0x50, 0x8, 0xc2,
    0xa4, 0xc0, 0x7, 0x36, 0x0, 0xc0,

    /* U+00E4 "ä" */
    0x0, 0x57, 0xb8, 0x1, 0x7f, 0x0, 0x32, 0x85,
    0x0, 0x3c, 0xc, 0xc0, 0x14, 0xa4, 0x80, 0x25,
    0x1c, 0xc0, 0x26, 0xb4, 0x0, 0x1d, 0xc0, 0x7,
    0xff, 0x10, 0x63, 0x7f, 0xdb, 0x24, 0x1, 0x17,
    0xb9, 0x0, 0x9, 0xb5, 0x0, 0x1e, 0x20, 0xf9,
    0x86, 0x0, 0x50, 0x11, 0x8a, 0xc1, 0x9a, 0x50,
    0x4, 0xcb, 0xb9, 0x40, 0x18, 0xc0, 0xe, 0x1,
    0x35, 0x5e, 0x61, 0x80, 0x32, 0x74, 0xaa, 0x19,
    0x84, 0x2, 0x1b, 0x10, 0x9e, 0xff, 0x38, 0x4,
    0x80, 0x8, 0x61, 0x0, 0xf1, 0x80, 0x4, 0x3,
    0x10, 0x4, 0xa0, 0xb, 0x30, 0x2a, 0x50, 0x0,
    0x9a, 0x81, 0x67, 0xea, 0x80, 0x46, 0x15, 0x26,
    0x0, 0x39, 0xb0, 0x6, 0x0,

    /* U+00E5 "å" */
    0x0, 0xc9, 0xbc, 0xe0, 0x1f, 0xd, 0xd5, 0x21,
    0x0, 0x3c, 0xa0, 0xe8, 0x8c, 0x0, 0xf3, 0x2,
    0xa, 0xf0, 0x7, 0x8a, 0x2f, 0x95, 0x80, 0x3e,
    0x7f, 0xeb, 0x0, 0xf0, 0xc6, 0xff, 0x6c, 0x90,
    0x4, 0x5e, 0xe4, 0x0, 0x26, 0xd4, 0x0, 0x78,
    0x83, 0xe6, 0x18, 0x1, 0x40, 0x46, 0x2b, 0x6,
    0x69, 0x40, 0x13, 0x2e, 0xe5, 0x0, 0x63, 0x0,
    0x38, 0x4, 0xd5, 0x79, 0x86, 0x0, 0xc9, 0xd2,
    0xa8, 0x66, 0x10, 0x8, 0x6c, 0x42, 0x7b, 0xfc,
    0xe0, 0x12, 0x0, 0x21, 0x84, 0x3, 0xc6, 0x0,
    0x10, 0xc, 0x40, 0x12, 0x80, 0x2c, 0xc0, 0xa9,
    0x40, 0x2, 0x6a, 0x5, 0x9f, 0xaa, 0x1, 0x18,
    0x54, 0x98, 0x0, 0xe6, 0xc0, 0x18,

    /* U+00E6 "æ" */
    0x0, 0x3e, 0xff, 0x49, 0xd7, 0xfb, 0x10, 0x1,
    0x30, 0x40, 0x2d, 0x8a, 0x0, 0x3b, 0x31, 0x60,
    0x2a, 0x60, 0xa, 0x64, 0x0, 0x80, 0x77, 0x72,
    0xc0, 0x1, 0xd9, 0x8a, 0xa, 0x31, 0x3, 0x0,
    0xde, 0x1, 0x84, 0x0, 0xb7, 0xdc, 0x0, 0x47,
    0xf9, 0x40, 0x28, 0xa4, 0x10, 0xf, 0xe2, 0x70,
    0x1b, 0xe0, 0x4, 0x7f, 0xf2, 0x0, 0x25, 0x0,
    0x3f, 0x84, 0x0, 0x40, 0x1b, 0x0, 0x38, 0xc0,
    0x10, 0xac, 0x0, 0x49, 0x45, 0xa4, 0x41, 0x1,
    0x54, 0x9, 0x3, 0x5d, 0x2e, 0x6, 0x28, 0x1,
    0x33, 0xa, 0x20, 0x2b, 0x60,

    /* U+00E7 "ç" */
    0x0, 0x96, 0xff, 0xdd, 0x44, 0x1, 0xaa, 0x88,
    0x0, 0x15, 0xd5, 0x0, 0x3a, 0x81, 0x4d, 0xb8,
    0x2, 0x84, 0x20, 0x7, 0x19, 0x22, 0x80, 0xc,
    0x80, 0x6, 0x10, 0x9, 0x4c, 0xc0, 0x60, 0xd,
    0x0, 0xec, 0xc3, 0xf8, 0x0, 0x40, 0x3f, 0x78,
    0x0, 0x40, 0x3f, 0x18, 0x3, 0x40, 0x39, 0x98,
    0x68, 0x0, 0x61, 0x0, 0x92, 0x65, 0x61, 0x0,
    0x38, 0xa8, 0xf4, 0x0, 0xa0, 0x76, 0x2, 0xab,
    0x81, 0xa, 0x20, 0x4, 0xd2, 0x0, 0x5, 0xb5,
    0x40, 0x32, 0xd9, 0x2, 0xd9, 0x0, 0x7d, 0x8,
    0x8f, 0x0, 0xfc, 0xbe, 0x4, 0x1, 0xfa, 0x68,
    0x10, 0x3, 0xf2, 0x83, 0xd8, 0x4,

    /* U+00E8 "è" */
    0x0, 0x3f, 0xfa, 0x40, 0x3f, 0x9d, 0xc0, 0xc6,
    0x1, 0xfd, 0xc, 0x1c, 0x1, 0xfe, 0x9c, 0xe0,
    0xf, 0xf8, 0xcc, 0x1, 0xfc, 0x75, 0xdf, 0xd4,
    0x60, 0x1d, 0x18, 0xa2, 0x2, 0xb8, 0xc0, 0x13,
    0x38, 0x14, 0xdc, 0x8, 0x49, 0x80, 0x20, 0x7,
    0x19, 0x1f, 0x40, 0x12, 0x8, 0x21, 0x22, 0x1,
    0x19, 0x81, 0x0, 0xc0, 0x11, 0xff, 0xc6, 0x2,
    0x1e, 0x1, 0xff, 0xc3, 0x8c, 0xcf, 0xc1, 0xa0,
    0xe, 0x33, 0xfc, 0x8, 0x0, 0x64, 0x0, 0xc5,
    0x20, 0x1, 0x80, 0x5, 0xca, 0xaa, 0x75, 0xa4,
    0x0, 0xee, 0x0, 0x35, 0x51, 0x80, 0xac, 0x2,
    0x8c, 0x51, 0x0, 0x1c, 0x69, 0x0,

    /* U+00E9 "é" */
    0x0, 0xf1, 0xff, 0xb0, 0x3, 0xfb, 0x80, 0xf4,
    0x3, 0xf4, 0x11, 0x34, 0x40, 0x3f, 0x74, 0xe0,
    0x80, 0x7f, 0x33, 0x4, 0x3, 0xf1, 0xd7, 0x7f,
    0x51, 0x80, 0x74, 0x62, 0x88, 0xa, 0xe3, 0x0,
    0x4c, 0xe0, 0x53, 0x70, 0x21, 0x26, 0x0, 0x80,
    0x1c, 0x64, 0x7d, 0x0, 0x48, 0x20, 0x84, 0x88,
    0x4, 0x66, 0x4, 0x3, 0x0, 0x47, 0xff, 0x18,
    0x8, 0x78, 0x7, 0xff, 0xe, 0x33, 0x3f, 0x6,
    0x80, 0x38, 0xcf, 0xf0, 0x20, 0x1, 0x90, 0x3,
    0x14, 0x80, 0x6, 0x0, 0x17, 0x2a, 0xa9, 0xd6,
    0x90, 0x3, 0xb8, 0x0, 0xd5, 0x46, 0x2, 0xb0,
    0xa, 0x31, 0x44, 0x0, 0x71, 0xa4, 0x0,

    /* U+00EA "ê" */
    0x0, 0xc9, 0xfe, 0x80, 0xf, 0xcf, 0x62, 0x6f,
    0x60, 0x1e, 0x88, 0x16, 0x61, 0x53, 0x4, 0x3,
    0x47, 0xe9, 0x5, 0x7e, 0x8, 0x7, 0xff, 0x18,
    0xeb, 0xbf, 0xa8, 0xc0, 0x3a, 0x31, 0x44, 0x5,
    0x71, 0x80, 0x26, 0x70, 0x29, 0xb8, 0x10, 0x93,
    0x0, 0x40, 0xe, 0x32, 0x3e, 0x80, 0x24, 0x10,
    0x42, 0x44, 0x2, 0x33, 0x2, 0x1, 0x80, 0x23,
    0xff, 0x8c, 0x4, 0x3c, 0x3, 0xff, 0x87, 0x19,
    0x9f, 0x83, 0x40, 0x1c, 0x67, 0xf8, 0x10, 0x0,
    0xc8, 0x1, 0x8a, 0x40, 0x3, 0x0, 0xb, 0x95,
    0x54, 0xeb, 0x48, 0x1, 0xdc, 0x0, 0x6a, 0xa3,
    0x1, 0x58, 0x5, 0x18, 0xa2, 0x0, 0x38, 0xd2,
    0x0,

    /* U+00EB "ë" */
    0x0, 0x57, 0xb8, 0x1, 0x7f, 0x0, 0x39, 0x42,
    0x80, 0x1e, 0x6, 0x60, 0xd, 0x9, 0x20, 0x9,
    0x47, 0x30, 0xc, 0xf6, 0x80, 0x3, 0xb8, 0x0,
    0xff, 0xe3, 0x9d, 0x77, 0xf5, 0x18, 0x7, 0x46,
    0x28, 0x80, 0xae, 0x30, 0x4, 0xce, 0x5, 0x37,
    0x2, 0x12, 0x60, 0x8, 0x1, 0xc6, 0x47, 0xd0,
    0x4, 0x82, 0x8, 0x48, 0x80, 0x46, 0x60, 0x40,
    0x30, 0x4, 0x7f, 0xf1, 0x80, 0x87, 0x80, 0x7f,
    0xf0, 0xe3, 0x33, 0xf0, 0x68, 0x3, 0x8c, 0xff,
    0x2, 0x0, 0x19, 0x0, 0x31, 0x48, 0x0, 0x60,
    0x1, 0x72, 0xaa, 0x9d, 0x69, 0x0, 0x3b, 0x80,
    0xd, 0x54, 0x60, 0x2b, 0x0, 0xa3, 0x14, 0x40,
    0x7, 0x1a, 0x40,

    /* U+00EC "ì" */
    0x0, 0x67, 0xf8, 0xc0, 0x3f, 0x61, 0x87, 0x0,
    0x7f, 0x69, 0x12, 0x0, 0x3f, 0xe, 0x62, 0xc0,
    0x3a, 0xbf, 0xee, 0xcc, 0x18, 0x7, 0xff, 0x12,
    0x6a, 0xa3, 0x0, 0xf8, 0xd5, 0x66, 0x0, 0xff,
    0xff, 0x80, 0x63, 0x55, 0x98, 0x0, 0x8a, 0xb0,
    0x4d, 0x54, 0x60, 0x8, 0xaa, 0x80, 0x3f, 0xf8,
    0x20,

    /* U+00ED "í" */
    0x0, 0xf5, 0x7f, 0x98, 0x3, 0xe6, 0x50, 0xb6,
    0x0, 0xf0, 0xea, 0x6a, 0x0, 0x7c, 0x37, 0x62,
    0x0, 0xd5, 0xff, 0xe3, 0x0, 0xff, 0xe2, 0x4d,
    0x54, 0x60, 0x1f, 0x1a, 0xac, 0xc0, 0x1f, 0xff,
    0xf0, 0xc, 0x6a, 0xb3, 0x0, 0x11, 0x56, 0x9,
    0xaa, 0x8c, 0x1, 0x15, 0x50, 0x7, 0xff, 0x4,

    /* U+00EE "î" */
    0x0, 0xd3, 0xfe, 0x40, 0xf, 0xad, 0x8c, 0x2d,
    0x80, 0x3b, 0x11, 0x73, 0x46, 0x60, 0x3, 0x6f,
    0x50, 0x17, 0x72, 0x0, 0x30, 0x88, 0x3, 0x8,
    0x5, 0x5f, 0xfe, 0x30, 0xf, 0xfe, 0x24, 0xd5,
    0x46, 0x1, 0xf1, 0xaa, 0xcc, 0x1, 0xff, 0xff,
    0x0, 0xc6, 0xab, 0x30, 0x1, 0x15, 0x60, 0x9a,
    0xa8, 0xc0, 0x11, 0x55, 0x0, 0x7f, 0xf0, 0x40,

    /* U+00EF "ï" */
    0x2, 0xde, 0x30, 0x5, 0x7c, 0x0, 0x4e, 0x43,
    0x60, 0x5, 0x5, 0x0, 0x95, 0x69, 0x0, 0x4a,
    0x40, 0x6, 0xaa, 0x8, 0x1, 0xad, 0x40, 0x15,
    0xff, 0xe3, 0x0, 0xff, 0xe2, 0x4d, 0x54, 0x60,
    0x1f, 0x1a, 0xac, 0xc0, 0x1f, 0xff, 0xf0, 0xc,
    0x6a, 0xb3, 0x0, 0x11, 0x56, 0x9, 0xaa, 0x8c,
    0x1, 0x15, 0x50, 0x7, 0xff, 0x4,

    /* U+00F0 "ð" */
    0x0, 0xe2, 0x20, 0x7, 0xfd, 0x1b, 0x84, 0xf,
    0xa2, 0x1, 0xca, 0x7, 0xba, 0x81, 0x30, 0xe,
    0xd3, 0x0, 0x13, 0xe1, 0x0, 0x61, 0x83, 0x0,
    0x98, 0x40, 0x3a, 0x95, 0xf9, 0x80, 0x64, 0x3,
    0xab, 0x60, 0x64, 0x0, 0xe0, 0x19, 0x2b, 0x7f,
    0x5d, 0x40, 0x8, 0x0, 0x9b, 0x40, 0x1, 0x42,
    0x80, 0x30, 0x19, 0x80, 0x33, 0x96, 0xc0, 0x11,
    0x4, 0x0, 0x35, 0x8d, 0x27, 0x0, 0x2, 0x62,
    0x8, 0x60, 0x18, 0x80, 0x26, 0x0, 0x60, 0x7,
    0xff, 0x18, 0x80, 0x4, 0xc0, 0xd, 0x0, 0xeb,
    0x0, 0x61, 0x88, 0x29, 0x80, 0x44, 0xe0, 0x2a,
    0x16, 0x0, 0xc8, 0x46, 0xc0, 0x4, 0x0, 0x16,
    0x0, 0xf, 0x72, 0x20, 0xec, 0x1, 0x3e, 0x28,
    0x80, 0xae, 0x40, 0x0,

    /* U+00F1 "ñ" */
    0x0, 0xff, 0xe1, 0x16, 0x7e, 0x28, 0x3f, 0x90,
    0x5, 0xc6, 0x7, 0x5f, 0x2, 0x40, 0x11, 0x2f,
    0xe2, 0x89, 0xe8, 0x6, 0xea, 0x3, 0xae, 0xc3,
    0x0, 0xff, 0xe1, 0x1f, 0xf9, 0x86, 0x7b, 0xfa,
    0x40, 0x3b, 0xfc, 0xc2, 0x2, 0xd8, 0x1, 0x98,
    0xe6, 0x9c, 0x0, 0x6a, 0x1, 0x16, 0xb2, 0xc5,
    0x0, 0x3c, 0x2, 0x70, 0xc, 0x80, 0x1, 0x0,
    0xfc, 0x20, 0x7, 0x0, 0xff, 0xff, 0x80, 0x7f,
    0x0,

    /* U+00F2 "ò" */
    0x0, 0x2f, 0xfa, 0x80, 0x3f, 0x96, 0x41, 0x50,
    0x3, 0xf9, 0xa0, 0x28, 0x3, 0xfc, 0xf9, 0xa2,
    0x1, 0xfe, 0x33, 0x8, 0x7, 0xe6, 0xcf, 0xf6,
    0xc8, 0x80, 0x76, 0x49, 0x80, 0x9, 0xb8, 0xc0,
    0x2a, 0x30, 0x2a, 0xa3, 0x0, 0x34, 0x40, 0x94,
    0xb, 0x55, 0x52, 0xe0, 0x32, 0xa, 0x0, 0xb0,
    0xd, 0x0, 0x5, 0xd, 0x0, 0x20, 0x7, 0x18,
    0x10, 0x8, 0x0, 0xc0, 0x39, 0xc0, 0x2, 0x20,
    0x1, 0x80, 0x73, 0x80, 0x7, 0x40, 0x8, 0x1,
    0xc6, 0x4, 0xa, 0x0, 0xb0, 0xc, 0xe0, 0x5,
    0x2, 0x50, 0x2d, 0x54, 0x98, 0x1, 0x90, 0x5,
    0x18, 0x15, 0x5b, 0x0, 0x34, 0x40, 0x2c, 0x93,
    0x0, 0x13, 0x71, 0x80, 0x0,

    /* U+00F3 "ó" */
    0x0, 0xf1, 0x7f, 0xb4, 0x40, 0x3f, 0x70, 0x16,
    0x8, 0x7, 0xcc, 0x63, 0xe2, 0x1, 0xf8, 0xe7,
    0x8, 0x3, 0xf9, 0x58, 0x80, 0x3f, 0x36, 0x7f,
    0xb6, 0x44, 0x3, 0xb2, 0x4c, 0x0, 0x4d, 0xc6,
    0x1, 0x51, 0x81, 0x55, 0x18, 0x1, 0xa2, 0x4,
    0xa0, 0x5a, 0xaa, 0x97, 0x1, 0x90, 0x50, 0x5,
    0x80, 0x68, 0x0, 0x28, 0x68, 0x1, 0x0, 0x38,
    0xc0, 0x80, 0x40, 0x6, 0x1, 0xce, 0x0, 0x11,
    0x0, 0xc, 0x3, 0x9c, 0x0, 0x3a, 0x0, 0x40,
    0xe, 0x30, 0x20, 0x50, 0x5, 0x80, 0x67, 0x0,
    0x28, 0x12, 0x81, 0x6a, 0xa4, 0xc0, 0xc, 0x80,
    0x28, 0xc0, 0xaa, 0xd8, 0x1, 0xa2, 0x1, 0x64,
    0x98, 0x0, 0x9b, 0x8c, 0x0,

    /* U+00F4 "ô" */
    0x0, 0xc7, 0xdf, 0x40, 0x1f, 0x97, 0x5, 0x17,
    0x4, 0x3, 0x9e, 0x87, 0x2d, 0x8f, 0x4, 0x3,
    0x3f, 0xf1, 0x84, 0xfe, 0x88, 0x7, 0xff, 0x19,
    0xb3, 0xfd, 0xb2, 0x20, 0x1d, 0x92, 0x60, 0x2,
    0x6e, 0x30, 0xa, 0x8c, 0xa, 0xa8, 0xc0, 0xd,
    0x10, 0x25, 0x2, 0xd5, 0x54, 0xb8, 0xc, 0x82,
    0x80, 0x2c, 0x3, 0x40, 0x1, 0x43, 0x40, 0x8,
    0x1, 0xc6, 0x4, 0x2, 0x0, 0x30, 0xe, 0x70,
    0x0, 0x88, 0x0, 0x60, 0x1c, 0xe0, 0x1, 0xd0,
    0x2, 0x0, 0x71, 0x81, 0x2, 0x80, 0x2c, 0x3,
    0x38, 0x1, 0x40, 0x94, 0xb, 0x55, 0x26, 0x0,
    0x64, 0x1, 0x46, 0x5, 0x56, 0xc0, 0xd, 0x10,
    0xb, 0x24, 0xc0, 0x4, 0xdc, 0x60, 0x0,

    /* U+00F5 "õ" */
    0x0, 0xff, 0xe1, 0x8d, 0xfe, 0x30, 0x2f, 0xa0,
    0x6, 0x84, 0x3, 0x9f, 0xa0, 0x50, 0xc, 0xa9,
    0xda, 0xc2, 0x56, 0x20, 0x1b, 0x2c, 0x4a, 0x7b,
    0x50, 0x3, 0xff, 0x8e, 0xd9, 0xfe, 0xd9, 0x10,
    0xe, 0xc9, 0x30, 0x1, 0x37, 0x18, 0x5, 0x46,
    0x5, 0x54, 0x60, 0x6, 0x88, 0x12, 0x81, 0x6a,
    0xaa, 0x5c, 0x6, 0x41, 0x40, 0x16, 0x1, 0xa0,
    0x0, 0xa1, 0xa0, 0x4, 0x0, 0xe3, 0x2, 0x1,
    0x0, 0x18, 0x7, 0x38, 0x0, 0x44, 0x0, 0x30,
    0xe, 0x70, 0x0, 0xe8, 0x1, 0x0, 0x38, 0xc0,
    0x81, 0x40, 0x16, 0x1, 0x9c, 0x0, 0xa0, 0x4a,
    0x5, 0xaa, 0x93, 0x0, 0x32, 0x0, 0xa3, 0x2,
    0xab, 0x60, 0x6, 0x88, 0x5, 0x92, 0x60, 0x2,
    0x6e, 0x30, 0x0,

    /* U+00F6 "ö" */
    0x0, 0x4f, 0xc8, 0x0, 0xfb, 0x44, 0x3, 0x38,
    0x38, 0x2, 0xc4, 0x94, 0x3, 0x5a, 0x58, 0x2,
    0x95, 0x90, 0x3, 0x2d, 0xa8, 0x0, 0xaa, 0x40,
    0x3f, 0xf8, 0xed, 0x9f, 0xed, 0x91, 0x0, 0xec,
    0x93, 0x0, 0x13, 0x71, 0x80, 0x54, 0x60, 0x55,
    0x46, 0x0, 0x68, 0x81, 0x28, 0x16, 0xaa, 0xa5,
    0xc0, 0x64, 0x14, 0x1, 0x60, 0x1a, 0x0, 0xa,
    0x1a, 0x0, 0x40, 0xe, 0x30, 0x20, 0x10, 0x1,
    0x80, 0x73, 0x80, 0x4, 0x40, 0x3, 0x0, 0xe7,
    0x0, 0xe, 0x80, 0x10, 0x3, 0x8c, 0x8, 0x14,
    0x1, 0x60, 0x19, 0xc0, 0xa, 0x4, 0xa0, 0x5a,
    0xa9, 0x30, 0x3, 0x20, 0xa, 0x30, 0x2a, 0xb6,
    0x0, 0x68, 0x80, 0x59, 0x26, 0x0, 0x26, 0xe3,
    0x0, 0x0,

    /* U+00F7 "÷" */
    0x0, 0xc3, 0x9e, 0xc0, 0x1f, 0xc8, 0x61, 0x40,
    0x1f, 0xc8, 0x41, 0x40, 0x1f, 0xc3, 0xbe, 0xc0,
    0x1f, 0xfc, 0x65, 0x77, 0xff, 0x87, 0xa2, 0x3f,
    0xe3, 0x0, 0xff, 0xe0, 0xdf, 0xff, 0xfc, 0x40,
    0x1f, 0xfc, 0x51, 0xdf, 0x50, 0xf, 0xe4, 0x20,
    0x90, 0xf, 0xe4, 0x20, 0xa0, 0xe,

    /* U+00F8 "ø" */
    0x0, 0xfe, 0x67, 0x0, 0xff, 0x14, 0xf8, 0x7,
    0x36, 0x7f, 0xb7, 0x82, 0x40, 0x36, 0x49, 0x80,
    0x8, 0xc0, 0x80, 0x2a, 0x30, 0x2a, 0xa1, 0x0,
    0x34, 0x40, 0x94, 0xb, 0x55, 0x8, 0x40, 0x64,
    0x14, 0x1, 0x60, 0x9, 0xd, 0x0, 0x28, 0x68,
    0x1, 0x0, 0x5d, 0x4c, 0xc0, 0x40, 0x20, 0x3,
    0x9, 0x8, 0x7, 0x0, 0x8, 0x80, 0x6, 0x2e,
    0xa4, 0xe, 0x0, 0x1d, 0x0, 0x24, 0x84, 0x0,
    0xc, 0x8, 0x14, 0x1, 0x6e, 0xa4, 0xe, 0x0,
    0x50, 0x25, 0x2, 0x2, 0x49, 0x80, 0x19, 0x0,
    0x52, 0x0, 0x1e, 0xd8, 0x1, 0xa2, 0x1, 0x18,
    0x18, 0x0, 0x9b, 0x8c, 0x3, 0x32, 0x67, 0xfb,
    0x64, 0x40, 0x31, 0x34, 0x80, 0x7f, 0x0,

    /* U+00F9 "ù" */
    0x0, 0x2f, 0xfa, 0x80, 0x3f, 0x2c, 0x82, 0xa8,
    0x3, 0xf3, 0x40, 0x58, 0x80, 0x7e, 0x7c, 0xd0,
    0xe, 0x1f, 0xf5, 0x81, 0x98, 0x4b, 0xfd, 0x40,
    0x1f, 0xff, 0xf0, 0xf, 0xe1, 0x0, 0x38, 0x7,
    0xf0, 0x81, 0x80, 0x65, 0x0, 0xce, 0x0, 0xc6,
    0x5a, 0x80, 0xd, 0x2, 0x7, 0x34, 0xae, 0x1,
    0x87, 0x14, 0x40, 0xa6, 0x4, 0x0,

    /* U+00FA "ú" */
    0x0, 0xf1, 0xff, 0xac, 0x40, 0x3c, 0x3a, 0xd,
    0x62, 0x1, 0xe9, 0x58, 0x90, 0xf, 0xd1, 0x6e,
    0x1, 0x87, 0xfd, 0x60, 0x18, 0xbf, 0xd4, 0x1,
    0xff, 0xff, 0x0, 0xfe, 0x10, 0x3, 0x80, 0x7f,
    0x8, 0x18, 0x6, 0x50, 0xc, 0xe0, 0xc, 0x65,
    0xa8, 0x0, 0xd0, 0x20, 0x73, 0x4a, 0xe0, 0x18,
    0x71, 0x44, 0xa, 0x60, 0x40, 0x0,

    /* U+00FB "û" */
    0x0, 0xc7, 0xdf, 0x40, 0x1f, 0x2e, 0xa, 0x2e,
    0x8, 0x6, 0x7a, 0x1c, 0xb6, 0x3c, 0x10, 0x9,
    0xff, 0x8c, 0x27, 0xf4, 0x40, 0x3f, 0xf8, 0x23,
    0xfe, 0xb0, 0xc, 0x5f, 0xea, 0x0, 0xff, 0xff,
    0x80, 0x7f, 0x8, 0x1, 0xc0, 0x3f, 0x84, 0xc,
    0x3, 0x28, 0x6, 0x70, 0x6, 0x32, 0xd4, 0x0,
    0x68, 0x10, 0x39, 0xa5, 0x70, 0xc, 0x38, 0xa2,
    0x5, 0x30, 0x20, 0x0,

    /* U+00FC "ü" */
    0x0, 0x4f, 0xc8, 0x0, 0xfb, 0x44, 0x2, 0x70,
    0x60, 0x5, 0x89, 0x20, 0x5, 0x69, 0x20, 0xa,
    0x46, 0x50, 0x9, 0x6d, 0x80, 0x5, 0x72, 0x0,
    0x1f, 0xf5, 0x80, 0x62, 0xff, 0x50, 0x7, 0xff,
    0xfc, 0x3, 0xf8, 0x40, 0xe, 0x1, 0xfc, 0x20,
    0x60, 0x19, 0x40, 0x33, 0x80, 0x31, 0x96, 0xa0,
    0x3, 0x40, 0x81, 0xcd, 0x2b, 0x80, 0x61, 0xc5,
    0x10, 0x29, 0x81, 0x0, 0x0,

    /* U+00FD "ý" */
    0x0, 0xf8, 0x77, 0xf8, 0x80, 0x3f, 0xd4, 0x47,
    0xe4, 0x1, 0xfc, 0x80, 0xd8, 0x20, 0x1f, 0xe4,
    0xb9, 0x0, 0xf0, 0xff, 0xc0, 0x1e, 0x3f, 0xf6,
    0x80, 0xa8, 0x1, 0x80, 0x3a, 0x40, 0x16, 0x0,
    0x90, 0x5, 0x0, 0x72, 0x80, 0xb0, 0x0, 0xcc,
    0x6, 0x40, 0x13, 0x0, 0x18, 0x3, 0x48, 0x2,
    0xc0, 0x2a, 0x0, 0x48, 0x6, 0x52, 0x6, 0x0,
    0x19, 0x81, 0x44, 0x3, 0xa8, 0x0, 0xc1, 0x40,
    0x9, 0x0, 0xf3, 0x80, 0x28, 0x1c, 0xc, 0xc0,
    0x1f, 0x30, 0x1b, 0x88, 0x48, 0x7, 0xeb, 0x0,
    0x40, 0xa, 0x80, 0x7e, 0x24, 0x0, 0xa4, 0x3,
    0xfd, 0x0, 0x13, 0x0, 0x7f, 0x88, 0x0, 0xc2,
    0x1, 0xfe, 0x90, 0x5, 0x80, 0x7f, 0x89, 0xc1,
    0x8, 0x3, 0xf2, 0x3e, 0x0, 0x20, 0x3, 0xfa,
    0x60, 0x41, 0xcc, 0x3, 0xf8, 0xc0, 0xa6, 0x0,
    0x3f, 0x0,

    /* U+00FE "þ" */
    0x2f, 0xf5, 0x0, 0x7f, 0xfc, 0x13, 0x3f, 0xd8,
    0x80, 0x1c, 0x96, 0x60, 0x3, 0xb6, 0x0, 0xc2,
    0x73, 0x4a, 0x0, 0x92, 0x0, 0x8b, 0x19, 0x69,
    0x80, 0x14, 0x1, 0x38, 0x6, 0xb0, 0x2, 0x0,
    0x7e, 0x20, 0x1, 0x0, 0x7f, 0x8, 0x7, 0xfc,
    0x20, 0x1f, 0xe2, 0x0, 0x28, 0x4, 0xc0, 0x1a,
    0xc0, 0x18, 0x1, 0x1e, 0x2a, 0xa5, 0x80, 0xc,
    0x1, 0x9, 0xd5, 0x18, 0x1, 0x22, 0x1, 0x25,
    0x98, 0x0, 0xed, 0x80, 0x39, 0x33, 0xfd, 0x88,
    0x1, 0xff, 0xe6,

    /* U+00FF "ÿ" */
    0x0, 0x97, 0xf0, 0x0, 0x3b, 0xe8, 0x1, 0xef,
    0x3, 0x30, 0x29, 0x6, 0x80, 0x7a, 0x51, 0xcc,
    0x11, 0x92, 0xc0, 0x3c, 0x77, 0x0, 0x14, 0xd9,
    0x0, 0x43, 0xff, 0x0, 0x78, 0xff, 0xda, 0x2,
    0xa0, 0x6, 0x0, 0xe9, 0x0, 0x58, 0x2, 0x40,
    0x14, 0x1, 0xca, 0x2, 0xc0, 0x3, 0x30, 0x19,
    0x0, 0x4c, 0x0, 0x60, 0xd, 0x20, 0xb, 0x0,
    0xa8, 0x1, 0x20, 0x19, 0x48, 0x18, 0x0, 0x66,
    0x5, 0x10, 0xe, 0xa0, 0x3, 0x5, 0x0, 0x24,
    0x3, 0xce, 0x0, 0xa0, 0x70, 0x33, 0x0, 0x7c,
    0xc0, 0x6e, 0x21, 0x20, 0x1f, 0xac, 0x1, 0x0,
    0x2a, 0x1, 0xf8, 0x90, 0x2, 0x90, 0xf, 0xf4,
    0x0, 0x4c, 0x1, 0xfe, 0x20, 0x3, 0x8, 0x7,
    0xfa, 0x40, 0x16, 0x1, 0xfe, 0x27, 0x4, 0x20,
    0xf, 0xc8, 0xf8, 0x0, 0x80, 0xf, 0xe9, 0x81,
    0x7, 0x30, 0xf, 0xe3, 0x2, 0x98, 0x0, 0xfc
};


/*---------------------
 *  GLYPH DESCRIPTION
 *--------------------*/

static const lv_font_fmt_txt_glyph_dsc_t glyph_dsc[] = {
    {.bitmap_index = 0, .adv_w = 0, .box_w = 0, .box_h = 0, .ofs_x = 0, .ofs_y = 0} /* id = 0 reserved */,
    {.bitmap_index = 0, .adv_w = 230, .box_w = 0, .box_h = 0, .ofs_x = 0, .ofs_y = 0},
    {.bitmap_index = 0, .adv_w = 230, .box_w = 4, .box_h = 17, .ofs_x = 5, .ofs_y = 0},
    {.bitmap_index = 24, .adv_w = 230, .box_w = 8, .box_h = 6, .ofs_x = 3, .ofs_y = 12},
    {.bitmap_index = 44, .adv_w = 230, .box_w = 14, .box_h = 17, .ofs_x = 0, .ofs_y = 0},
    {.bitmap_index = 150, .adv_w = 230, .box_w = 13, .box_h = 22, .ofs_x = 1, .ofs_y = -2},
    {.bitmap_index = 271, .adv_w = 230, .box_w = 14, .box_h = 17, .ofs_x = 0, .ofs_y = 0},
    {.bitmap_index = 374, .adv_w = 230, .box_w = 14, .box_h = 17, .ofs_x = 1, .ofs_y = 0},
    {.bitmap_index = 484, .adv_w = 230, .box_w = 3, .box_h = 7, .ofs_x = 5, .ofs_y = 11},
    {.bitmap_index = 494, .adv_w = 230, .box_w = 7, .box_h = 26, .ofs_x = 4, .ofs_y = -6},
    {.bitmap_index = 571, .adv_w = 230, .box_w = 8, .box_h = 26, .ofs_x = 3, .ofs_y = -6},
    {.bitmap_index = 654, .adv_w = 230, .box_w = 13, .box_h = 12, .ofs_x = 1, .ofs_y = 5},
    {.bitmap_index = 722, .adv_w = 230, .box_w = 12, .box_h = 13, .ofs_x = 1, .ofs_y = 2},
    {.bitmap_index = 755, .adv_w = 230, .box_w = 4, .box_h = 8, .ofs_x = 4, .ofs_y = -5},
    {.bitmap_index = 769, .adv_w = 230, .box_w = 11, .box_h = 3, .ofs_x = 2, .ofs_y = 6},
    {.bitmap_index = 778, .adv_w = 230, .box_w = 5, .box_h = 4, .ofs_x = 5, .ofs_y = 0},
    {.bitmap_index = 787, .adv_w = 230, .box_w = 10, .box_h = 19, .ofs_x = 2, .ofs_y = -2},
    {.bitmap_index = 857, .adv_w = 230, .box_w = 12, .box_h = 17, .ofs_x = 1, .ofs_y = 0},
    {.bitmap_index = 949, .adv_w = 230, .box_w = 8, .box_h = 18, .ofs_x = 2, .ofs_y = 0},
    {.bitmap_index = 978, .adv_w = 230, .box_w = 13, .box_h = 17, .ofs_x = 0, .ofs_y = 0},
    {.bitmap_index = 1064, .adv_w = 230, .box_w = 12, .box_h = 17, .ofs_x = 1, .ofs_y = 0},
    {.bitmap_index = 1154, .adv_w = 230, .box_w = 14, .box_h = 17, .ofs_x = 0, .ofs_y = 0},
    {.bitmap_index = 1224, .adv_w = 230, .box_w = 12, .box_h = 17, .ofs_x = 1, .ofs_y = 0},
    {.bitmap_index = 1311, .adv_w = 230, .box_w = 12, .box_h = 17, .ofs_x = 1, .ofs_y = 0},
    {.bitmap_index = 1406, .adv_w = 230, .box_w = 12, .box_h = 17, .ofs_x = 1, .ofs_y = 0},
    {.bitmap_index = 1473, .adv_w = 230, .box_w = 12, .box_h = 17, .ofs_x = 1, .ofs_y = 0},
    {.bitmap_index = 1572, .adv_w = 230, .box_w = 12, .box_h = 17, .ofs_x = 1, .ofs_y = 0},
    {.bitmap_index = 1668, .adv_w = 230, .box_w = 5, .box_h = 14, .ofs_x = 5, .ofs_y = 0},
    {.bitmap_index = 1693, .adv_w = 230, .box_w = 5, .box_h = 19, .ofs_x = 5, .ofs_y = -5},
    {.bitmap_index = 1725, .adv_w = 230, .box_w = 12, .box_h = 12, .ofs_x = 1, .ofs_y = 1},
    {.bitmap_index = 1784, .adv_w = 230, .box_w = 12, .box_h = 8, .ofs_x = 1, .ofs_y = 4},
    {.bitmap_index = 1809, .adv_w = 230, .box_w = 12, .box_h = 12, .ofs_x = 1, .ofs_y = 1},
    {.bitmap_index = 1868, .adv_w = 230, .box_w = 11, .box_h = 17, .ofs_x = 2, .ofs_y = 0},
    {.bitmap_index = 1945, .adv_w = 230, .box_w = 14, .box_h = 17, .ofs_x = 0, .ofs_y = 0},
    {.bitmap_index = 2060, .adv_w = 230, .box_w = 15, .box_h = 17, .ofs_x = 0, .ofs_y = 0},
    {.bitmap_index = 2157, .adv_w = 230, .box_w = 13, .box_h = 17, .ofs_x = 1, .ofs_y = 0},
    {.bitmap_index = 2239, .adv_w = 230, .box_w = 13, .box_h = 17, .ofs_x = 1, .ofs_y = 0},
    {.bitmap_index = 2333, .adv_w = 230, .box_w = 13, .box_h = 17, .ofs_x = 1, .ofs_y = 0},
    {.bitmap_index = 2405, .adv_w = 230, .box_w = 12, .box_h = 17, .ofs_x = 1, .ofs_y = 0},
    {.bitmap_index = 2446, .adv_w = 230, .box_w = 13, .box_h = 17, .ofs_x = 1, .ofs_y = 0},
    {.bitmap_index = 2478, .adv_w = 230, .box_w = 13, .box_h = 17, .ofs_x = 1, .ofs_y = 0},
    {.bitmap_index = 2573, .adv_w = 230, .box_w = 12, .box_h = 17, .ofs_x = 1, .ofs_y = 0},
    {.bitmap_index = 2596, .adv_w = 230, .box_w = 11, .box_h = 17, .ofs_x = 2, .ofs_y = 0},
    {.bitmap_index = 2632, .adv_w = 230, .box_w = 12, .box_h = 17, .ofs_x = 1, .ofs_y = 0},
    {.bitmap_index = 2676, .adv_w = 230, .box_w = 14, .box_h = 17, .ofs_x = 1, .ofs_y = 0},
    {.bitmap_index = 2759, .adv_w = 230, .box_w = 11, .box_h = 17, .ofs_x = 2, .ofs_y = 0},
    {.bitmap_index = 2777, .adv_w = 230, .box_w = 13, .box_h = 17, .ofs_x = 1, .ofs_y = 0},
    {.bitmap_index = 2838, .adv_w = 230, .box_w = 12, .box_h = 17, .ofs_x = 1, .ofs_y = 0},
    {.bitmap_index = 2899, .adv_w = 230, .box_w = 13, .box_h = 17, .ofs_x = 1, .ofs_y = 0},
    {.bitmap_index = 2996, .adv_w = 230, .box_w = 13, .box_h = 17, .ofs_x = 1, .ofs_y = 0},
    {.bitmap_index = 3055, .adv_w = 230, .box_w = 13, .box_h = 20, .ofs_x = 1, .ofs_y = -3},
    {.bitmap_index = 3164, .adv_w = 230, .box_w = 13, .box_h = 17, .ofs_x = 1, .ofs_y = 0},
    {.bitmap_index = 3238, .adv_w = 230, .box_w = 13, .box_h = 17, .ofs_x = 1, .ofs_y = 0},
    {.bitmap_index = 3340, .adv_w = 230, .box_w = 14, .box_h = 17, .ofs_x = 0, .ofs_y = 0},
    {.bitmap_index = 3369, .adv_w = 230, .box_w = 12, .box_h = 17, .ofs_x = 1, .ofs_y = 0},
    {.bitmap_index = 3413, .adv_w = 230, .box_w = 14, .box_h = 17, .ofs_x = 0, .ofs_y = 0},
    {.bitmap_index = 3514, .adv_w = 230, .box_w = 15, .box_h = 17, .ofs_x = 0, .ofs_y = 0},
    {.bitmap_index = 3640, .adv_w = 230, .box_w = 15, .box_h = 17, .ofs_x = 0, .ofs_y = 0},
    {.bitmap_index = 3749, .adv_w = 230, .box_w = 14, .box_h = 17, .ofs_x = 0, .ofs_y = 0},
    {.bitmap_index = 3821, .adv_w = 230, .box_w = 13, .box_h = 17, .ofs_x = 1, .ofs_y = 0},
    {.bitmap_index = 3893, .adv_w = 230, .box_w = 6, .box_h = 24, .ofs_x = 4, .ofs_y = -4},
    {.bitmap_index = 3914, .adv_w = 230, .box_w = 11, .box_h = 19, .ofs_x = 2, .ofs_y = -2},
    {.bitmap_index = 3985, .adv_w = 230, .box_w = 6, .box_h = 24, .ofs_x = 4, .ofs_y = -4},
    {.bitmap_index = 4007, .adv_w = 230, .box_w = 11, .box_h = 9, .ofs_x = 2, .ofs_y = 8},
    {.bitmap_index = 4050, .adv_w = 230, .box_w = 12, .box_h = 3, .ofs_x = 1, .ofs_y = -2},
    {.bitmap_index = 4060, .adv_w = 230, .box_w = 7, .box_h = 4, .ofs_x = 4, .ofs_y = 14},
    {.bitmap_index = 4073, .adv_w = 230, .box_w = 12, .box_h = 13, .ofs_x = 1, .ofs_y = 0},
    {.bitmap_index = 4149, .adv_w = 230, .box_w = 12, .box_h = 18, .ofs_x = 1, .ofs_y = 0},
    {.bitmap_index = 4218, .adv_w = 230, .box_w = 12, .box_h = 13, .ofs_x = 1, .ofs_y = 0},
    {.bitmap_index = 4291, .adv_w = 230, .box_w = 12, .box_h = 18, .ofs_x = 1, .ofs_y = 0},
    {.bitmap_index = 4360, .adv_w = 230, .box_w = 13, .box_h = 13, .ofs_x = 1, .ofs_y = 0},
    {.bitmap_index = 4434, .adv_w = 230, .box_w = 13, .box_h = 19, .ofs_x = 1, .ofs_y = 0},
    {.bitmap_index = 4491, .adv_w = 230, .box_w = 12, .box_h = 18, .ofs_x = 1, .ofs_y = -5},
    {.bitmap_index = 4585, .adv_w = 230, .box_w = 12, .box_h = 18, .ofs_x = 1, .ofs_y = 0},
    {.bitmap_index = 4623, .adv_w = 230, .box_w = 11, .box_h = 17, .ofs_x = 2, .ofs_y = 0},
    {.bitmap_index = 4666, .adv_w = 230, .box_w = 9, .box_h = 22, .ofs_x = 2, .ofs_y = -5},
    {.bitmap_index = 4715, .adv_w = 230, .box_w = 13, .box_h = 18, .ofs_x = 1, .ofs_y = 0},
    {.bitmap_index = 4778, .adv_w = 230, .box_w = 12, .box_h = 18, .ofs_x = 2, .ofs_y = 0},
    {.bitmap_index = 4811, .adv_w = 230, .box_w = 14, .box_h = 13, .ofs_x = 0, .ofs_y = 0},
    {.bitmap_index = 4849, .adv_w = 230, .box_w = 12, .box_h = 13, .ofs_x = 1, .ofs_y = 0},
    {.bitmap_index = 4886, .adv_w = 230, .box_w = 13, .box_h = 13, .ofs_x = 1, .ofs_y = 0},
    {.bitmap_index = 4966, .adv_w = 230, .box_w = 12, .box_h = 18, .ofs_x = 1, .ofs_y = -5},
    {.bitmap_index = 5038, .adv_w = 230, .box_w = 12, .box_h = 18, .ofs_x = 1, .ofs_y = -5},
    {.bitmap_index = 5107, .adv_w = 230, .box_w = 10, .box_h = 13, .ofs_x = 3, .ofs_y = 0},
    {.bitmap_index = 5134, .adv_w = 230, .box_w = 12, .box_h = 13, .ofs_x = 1, .ofs_y = 0},
    {.bitmap_index = 5212, .adv_w = 230, .box_w = 12, .box_h = 16, .ofs_x = 1, .ofs_y = 0},
    {.bitmap_index = 5264, .adv_w = 230, .box_w = 12, .box_h = 13, .ofs_x = 1, .ofs_y = 0},
    {.bitmap_index = 5301, .adv_w = 230, .box_w = 14, .box_h = 13, .ofs_x = 0, .ofs_y = 0},
    {.bitmap_index = 5377, .adv_w = 230, .box_w = 14, .box_h = 13, .ofs_x = 0, .ofs_y = 0},
    {.bitmap_index = 5470, .adv_w = 230, .box_w = 13, .box_h = 13, .ofs_x = 1, .ofs_y = 0},
    {.bitmap_index = 5546, .adv_w = 230, .box_w = 15, .box_h = 18, .ofs_x = 0, .ofs_y = -5},
    {.bitmap_index = 5649, .adv_w = 230, .box_w = 13, .box_h = 13, .ofs_x = 1, .ofs_y = 0},
    {.bitmap_index = 5707, .adv_w = 230, .box_w = 9, .box_h = 23, .ofs_x = 3, .ofs_y = -4},
    {.bitmap_index = 5779, .adv_w = 230, .box_w = 3, .box_h = 22, .ofs_x = 6, .ofs_y = -5},
    {.bitmap_index = 5784, .adv_w = 230, .box_w = 9, .box_h = 23, .ofs_x = 3, .ofs_y = -4},
    {.bitmap_index = 5856, .adv_w = 230, .box_w = 14, .box_h = 5, .ofs_x = 0, .ofs_y = 5},
    {.bitmap_index = 5891, .adv_w = 230, .box_w = 0, .box_h = 0, .ofs_x = 0, .ofs_y = 0},
    {.bitmap_index = 5891, .adv_w = 230, .box_w = 5, .box_h = 18, .ofs_x = 5, .ofs_y = -5},
    {.bitmap_index = 5915, .adv_w = 230, .box_w = 12, .box_h = 19, .ofs_x = 1, .ofs_y = -3},
    {.bitmap_index = 6005, .adv_w = 230, .box_w = 13, .box_h = 17, .ofs_x = 1, .ofs_y = 0},
    {.bitmap_index = 6089, .adv_w = 230, .box_w = 13, .box_h = 14, .ofs_x = 1, .ofs_y = -1},
    {.bitmap_index = 6174, .adv_w = 230, .box_w = 15, .box_h = 17, .ofs_x = 0, .ofs_y = 0},
    {.bitmap_index = 6274, .adv_w = 230, .box_w = 4, .box_h = 21, .ofs_x = 5, .ofs_y = -4},
    {.bitmap_index = 6291, .adv_w = 230, .box_w = 13, .box_h = 22, .ofs_x = 1, .ofs_y = -5},
    {.bitmap_index = 6430, .adv_w = 230, .box_w = 9, .box_h = 3, .ofs_x = 3, .ofs_y = 15},
    {.bitmap_index = 6444, .adv_w = 230, .box_w = 13, .box_h = 14, .ofs_x = 1, .ofs_y = -1},
    {.bitmap_index = 6534, .adv_w = 230, .box_w = 9, .box_h = 9, .ofs_x = 3, .ofs_y = 8},
    {.bitmap_index = 6574, .adv_w = 230, .box_w = 10, .box_h = 10, .ofs_x = 2, .ofs_y = 1},
    {.bitmap_index = 6624, .adv_w = 230, .box_w = 10, .box_h = 5, .ofs_x = 2, .ofs_y = 5},
    {.bitmap_index = 6636, .adv_w = 230, .box_w = 11, .box_h = 3, .ofs_x = 2, .ofs_y = 6},
    {.bitmap_index = 6645, .adv_w = 230, .box_w = 13, .box_h = 14, .ofs_x = 1, .ofs_y = -1},
    {.bitmap_index = 6734, .adv_w = 230, .box_w = 9, .box_h = 2, .ofs_x = 3, .ofs_y = 15},
    {.bitmap_index = 6740, .adv_w = 230, .box_w = 7, .box_h = 6, .ofs_x = 4, .ofs_y = 11},
    {.bitmap_index = 6760, .adv_w = 230, .box_w = 12, .box_h = 15, .ofs_x = 1, .ofs_y = 0},
    {.bitmap_index = 6803, .adv_w = 230, .box_w = 8, .box_h = 9, .ofs_x = 3, .ofs_y = 8},
    {.bitmap_index = 6839, .adv_w = 230, .box_w = 8, .box_h = 9, .ofs_x = 3, .ofs_y = 8},
    {.bitmap_index = 6876, .adv_w = 230, .box_w = 6, .box_h = 3, .ofs_x = 4, .ofs_y = 14},
    {.bitmap_index = 6886, .adv_w = 230, .box_w = 11, .box_h = 18, .ofs_x = 2, .ofs_y = -5},
    {.bitmap_index = 6923, .adv_w = 230, .box_w = 10, .box_h = 17, .ofs_x = 2, .ofs_y = 0},
    {.bitmap_index = 6963, .adv_w = 230, .box_w = 5, .box_h = 4, .ofs_x = 5, .ofs_y = 7},
    {.bitmap_index = 6973, .adv_w = 230, .box_w = 5, .box_h = 6, .ofs_x = 5, .ofs_y = -5},
    {.bitmap_index = 6989, .adv_w = 230, .box_w = 6, .box_h = 10, .ofs_x = 4, .ofs_y = 8},
    {.bitmap_index = 7005, .adv_w = 230, .box_w = 9, .box_h = 9, .ofs_x = 3, .ofs_y = 8},
    {.bitmap_index = 7041, .adv_w = 230, .box_w = 11, .box_h = 10, .ofs_x = 2, .ofs_y = 2},
    {.bitmap_index = 7094, .adv_w = 230, .box_w = 14, .box_h = 18, .ofs_x = 0, .ofs_y = 0},
    {.bitmap_index = 7183, .adv_w = 230, .box_w = 14, .box_h = 18, .ofs_x = 0, .ofs_y = 0},
    {.bitmap_index = 7278, .adv_w = 230, .box_w = 15, .box_h = 17, .ofs_x = 0, .ofs_y = 0},
    {.bitmap_index = 7382, .adv_w = 230, .box_w = 11, .box_h = 18, .ofs_x = 2, .ofs_y = -5},
    {.bitmap_index = 7459, .adv_w = 230, .box_w = 15, .box_h = 22, .ofs_x = 0, .ofs_y = 0},
    {.bitmap_index = 7580, .adv_w = 230, .box_w = 15, .box_h = 22, .ofs_x = 0, .ofs_y = 0},
    {.bitmap_index = 7700, .adv_w = 230, .box_w = 15, .box_h = 22, .ofs_x = 0, .ofs_y = 0},
    {.bitmap_index = 7821, .adv_w = 230, .box_w = 15, .box_h = 23, .ofs_x = 0, .ofs_y = 0},
    {.bitmap_index = 7947, .adv_w = 230, .box_w = 15, .box_h = 22, .ofs_x = 0, .ofs_y = 0},
    {.bitmap_index = 8070, .adv_w = 230, .box_w = 15, .box_h = 23, .ofs_x = 0, .ofs_y = 0},
    {.bitmap_index = 8195, .adv_w = 230, .box_w = 14, .box_h = 17, .ofs_x = 0, .ofs_y = 0},
    {.bitmap_index = 8282, .adv_w = 230, .box_w = 13, .box_h = 22, .ofs_x = 1, .ofs_y = -5},
    {.bitmap_index = 8397, .adv_w = 230, .box_w = 12, .box_h = 22, .ofs_x = 1, .ofs_y = 0},
    {.bitmap_index = 8459, .adv_w = 230, .box_w = 12, .box_h = 22, .ofs_x = 1, .ofs_y = 0},
    {.bitmap_index = 8520, .adv_w = 230, .box_w = 12, .box_h = 22, .ofs_x = 1, .ofs_y = 0},
    {.bitmap_index = 8585, .adv_w = 230, .box_w = 12, .box_h = 22, .ofs_x = 1, .ofs_y = 0},
    {.bitmap_index = 8652, .adv_w = 230, .box_w = 11, .box_h = 22, .ofs_x = 2, .ofs_y = 0},
    {.bitmap_index = 8707, .adv_w = 230, .box_w = 11, .box_h = 22, .ofs_x = 2, .ofs_y = 0},
    {.bitmap_index = 8763, .adv_w = 230, .box_w = 11, .box_h = 22, .ofs_x = 2, .ofs_y = 0},
    {.bitmap_index = 8821, .adv_w = 230, .box_w = 11, .box_h = 22, .ofs_x = 2, .ofs_y = 0},
    {.bitmap_index = 8882, .adv_w = 230, .box_w = 15, .box_h = 17, .ofs_x = -1, .ofs_y = 0},
    {.bitmap_index = 8970, .adv_w = 230, .box_w = 12, .box_h = 23, .ofs_x = 1, .ofs_y = 0},
    {.bitmap_index = 9058, .adv_w = 230, .box_w = 13, .box_h = 22, .ofs_x = 1, .ofs_y = 0},
    {.bitmap_index = 9176, .adv_w = 230, .box_w = 13, .box_h = 22, .ofs_x = 1, .ofs_y = 0},
    {.bitmap_index = 9291, .adv_w = 230, .box_w = 13, .box_h = 23, .ofs_x = 1, .ofs_y = 0},
    {.bitmap_index = 9416, .adv_w = 230, .box_w = 13, .box_h = 24, .ofs_x = 1, .ofs_y = 0},
    {.bitmap_index = 9542, .adv_w = 230, .box_w = 13, .box_h = 22, .ofs_x = 1, .ofs_y = 0},
    {.bitmap_index = 9665, .adv_w = 230, .box_w = 12, .box_h = 12, .ofs_x = 1, .ofs_y = 2},
    {.bitmap_index = 9729, .adv_w = 230, .box_w = 14, .box_h = 19, .ofs_x = 0, .ofs_y = -1},
    {.bitmap_index = 9854, .adv_w = 230, .box_w = 12, .box_h = 22, .ofs_x = 1, .ofs_y = 0},
    {.bitmap_index = 9919, .adv_w = 230, .box_w = 12, .box_h = 22, .ofs_x = 1, .ofs_y = 0},
    {.bitmap_index = 9984, .adv_w = 230, .box_w = 12, .box_h = 22, .ofs_x = 1, .ofs_y = 0},
    {.bitmap_index = 10052, .adv_w = 230, .box_w = 12, .box_h = 22, .ofs_x = 1, .ofs_y = 0},
    {.bitmap_index = 10122, .adv_w = 230, .box_w = 14, .box_h = 22, .ofs_x = 0, .ofs_y = 0},
    {.bitmap_index = 10216, .adv_w = 230, .box_w = 13, .box_h = 17, .ofs_x = 1, .ofs_y = 0},
    {.bitmap_index = 10280, .adv_w = 230, .box_w = 13, .box_h = 19, .ofs_x = 1, .ofs_y = 0},
    {.bitmap_index = 10371, .adv_w = 230, .box_w = 12, .box_h = 18, .ofs_x = 1, .ofs_y = 0},
    {.bitmap_index = 10466, .adv_w = 230, .box_w = 12, .box_h = 18, .ofs_x = 1, .ofs_y = 0},
    {.bitmap_index = 10561, .adv_w = 230, .box_w = 12, .box_h = 18, .ofs_x = 1, .ofs_y = 0},
    {.bitmap_index = 10658, .adv_w = 230, .box_w = 12, .box_h = 19, .ofs_x = 1, .ofs_y = 0},
    {.bitmap_index = 10760, .adv_w = 230, .box_w = 12, .box_h = 18, .ofs_x = 1, .ofs_y = 0},
    {.bitmap_index = 10861, .adv_w = 230, .box_w = 12, .box_h = 19, .ofs_x = 1, .ofs_y = 0},
    {.bitmap_index = 10963, .adv_w = 230, .box_w = 14, .box_h = 13, .ofs_x = 0, .ofs_y = 0},
    {.bitmap_index = 11048, .adv_w = 230, .box_w = 12, .box_h = 18, .ofs_x = 1, .ofs_y = -5},
    {.bitmap_index = 11142, .adv_w = 230, .box_w = 13, .box_h = 18, .ofs_x = 1, .ofs_y = 0},
    {.bitmap_index = 11236, .adv_w = 230, .box_w = 13, .box_h = 18, .ofs_x = 1, .ofs_y = 0},
    {.bitmap_index = 11331, .adv_w = 230, .box_w = 13, .box_h = 18, .ofs_x = 1, .ofs_y = 0},
    {.bitmap_index = 11428, .adv_w = 230, .box_w = 13, .box_h = 18, .ofs_x = 1, .ofs_y = 0},
    {.bitmap_index = 11527, .adv_w = 230, .box_w = 12, .box_h = 17, .ofs_x = 2, .ofs_y = 0},
    {.bitmap_index = 11576, .adv_w = 230, .box_w = 12, .box_h = 17, .ofs_x = 2, .ofs_y = 0},
    {.bitmap_index = 11624, .adv_w = 230, .box_w = 12, .box_h = 18, .ofs_x = 2, .ofs_y = 0},
    {.bitmap_index = 11680, .adv_w = 230, .box_w = 12, .box_h = 17, .ofs_x = 2, .ofs_y = 0},
    {.bitmap_index = 11734, .adv_w = 230, .box_w = 13, .box_h = 19, .ofs_x = 0, .ofs_y = 0},
    {.bitmap_index = 11842, .adv_w = 230, .box_w = 12, .box_h = 19, .ofs_x = 1, .ofs_y = 0},
    {.bitmap_index = 11907, .adv_w = 230, .box_w = 13, .box_h = 18, .ofs_x = 1, .ofs_y = 0},
    {.bitmap_index = 12008, .adv_w = 230, .box_w = 13, .box_h = 18, .ofs_x = 1, .ofs_y = 0},
    {.bitmap_index = 12109, .adv_w = 230, .box_w = 13, .box_h = 18, .ofs_x = 1, .ofs_y = 0},
    {.bitmap_index = 12212, .adv_w = 230, .box_w = 13, .box_h = 19, .ofs_x = 1, .ofs_y = 0},
    {.bitmap_index = 12319, .adv_w = 230, .box_w = 13, .box_h = 18, .ofs_x = 1, .ofs_y = 0},
    {.bitmap_index = 12425, .adv_w = 230, .box_w = 13, .box_h = 13, .ofs_x = 1, .ofs_y = 2},
    {.bitmap_index = 12471, .adv_w = 230, .box_w = 13, .box_h = 17, .ofs_x = 1, .ofs_y = -2},
    {.bitmap_index = 12574, .adv_w = 230, .box_w = 12, .box_h = 17, .ofs_x = 1, .ofs_y = 0},
    {.bitmap_index = 12628, .adv_w = 230, .box_w = 12, .box_h = 17, .ofs_x = 1, .ofs_y = 0},
    {.bitmap_index = 12682, .adv_w = 230, .box_w = 12, .box_h = 18, .ofs_x = 1, .ofs_y = 0},
    {.bitmap_index = 12742, .adv_w = 230, .box_w = 12, .box_h = 17, .ofs_x = 1, .ofs_y = 0},
    {.bitmap_index = 12803, .adv_w = 230, .box_w = 15, .box_h = 22, .ofs_x = 0, .ofs_y = -5},
    {.bitmap_index = 12925, .adv_w = 230, .box_w = 12, .box_h = 23, .ofs_x = 1, .ofs_y = -5},
    {.bitmap_index = 13000, .adv_w = 230, .box_w = 15, .box_h = 22, .ofs_x = 0, .ofs_y = -5}
};

/*---------------------
 *  CHARACTER MAPPING
 *--------------------*/



/*Collect the unicode lists and glyph_id offsets*/
static const lv_font_fmt_txt_cmap_t cmaps[] =
{
    {
        .range_start = 32, .range_length = 95, .glyph_id_start = 1,
        .unicode_list = NULL, .glyph_id_ofs_list = NULL, .list_length = 0, .type = LV_FONT_FMT_TXT_CMAP_FORMAT0_TINY
    },
    {
        .range_start = 160, .range_length = 96, .glyph_id_start = 96,
        .unicode_list = NULL, .glyph_id_ofs_list = NULL, .list_length = 0, .type = LV_FONT_FMT_TXT_CMAP_FORMAT0_TINY
    }
};



/*--------------------
 *  ALL CUSTOM DATA
 *--------------------*/

#if LVGL_VERSION_MAJOR == 8
/*Store all the custom data of the font*/
static  lv_font_fmt_txt_glyph_cache_t cache;
#endif

#if LVGL_VERSION_MAJOR >= 8
static const lv_font_fmt_txt_dsc_t font_dsc = {
#else
static lv_font_fmt_txt_dsc_t font_dsc = {
#endif
    .glyph_bitmap = glyph_bitmap,
    .glyph_dsc = glyph_dsc,
    .cmaps = cmaps,
    .kern_dsc = NULL,
    .kern_scale = 0,
    .cmap_num = 2,
    .bpp = 4,
    .kern_classes = 0,
    .bitmap_format = 1,
#if LVGL_VERSION_MAJOR == 8
    .cache = &cache
#endif
};



/*-----------------
 *  PUBLIC FONT
 *----------------*/

/*Initialize a public general font descriptor*/
#if LVGL_VERSION_MAJOR >= 8
const lv_font_t roboto_mono_medium_24 = {
#else
lv_font_t roboto_mono_medium_24 = {
#endif
    .get_glyph_dsc = lv_font_get_glyph_dsc_fmt_txt,    /*Function pointer to get glyph's data*/
    .get_glyph_bitmap = lv_font_get_bitmap_fmt_txt,    /*Function pointer to get glyph's bitmap*/
    .line_height = 30,          /*The maximum line height required by the font*/
    .base_line = 6,             /*Baseline measured from the bottom of the line*/
#if !(LVGL_VERSION_MAJOR == 6 && LVGL_VERSION_MINOR == 0)
    .subpx = LV_FONT_SUBPX_NONE,
#endif
#if LV_VERSION_CHECK(7, 4, 0) || LVGL_VERSION_MAJOR >= 8
    .underline_position = -2,
    .underline_thickness = 1,
#endif
    .dsc = &font_dsc,          /*The custom font data. Will be accessed by `get_glyph_bitmap/dsc` */
#if LV_VERSION_CHECK(8, 2, 0) || LVGL_VERSION_MAJOR >= 9
    .fallback = NULL,
#endif
    .user_data = NULL,
};



#endif /*#if ROBOTO_MONO_MEDIUM_24*/

