/*******************************************************************************
 * Size: 34 px
 * Bpp: 4
 * Opts: --bpp 4 --size 34 --font roboto_mono_medium.ttf --range 32-127,160-255 --format lvgl -o generated_fonts/roboto_mono_medium_34.c
 ******************************************************************************/

#ifdef LV_LVGL_H_INCLUDE_SIMPLE
#include "lvgl.h"
#else
#include "lvgl/lvgl.h"
#endif

#ifndef ROBOTO_MONO_MEDIUM_34
#define ROBOTO_MONO_MEDIUM_34 1
#endif

#if ROBOTO_MONO_MEDIUM_34

/*-----------------
 *    BITMAPS
 *----------------*/

/*Store the image of the glyphs*/
static LV_ATTRIBUTE_LARGE_CONST const uint8_t glyph_bitmap[] = {
    /* U+0020 " " */

    /* U+0021 "!" */
    0xf, 0xfc, 0x20, 0x1f, 0x8, 0x7, 0xff, 0x24,
    0x40, 0x3f, 0xf8, 0x26, 0x1, 0xff, 0xd1, 0x10,
    0xf, 0xf9, 0x51, 0x20, 0x4, 0xdd, 0xc0, 0x1f,
    0xfc, 0x35, 0x50, 0x80, 0x32, 0xa9, 0xe2, 0x66,
    0x0, 0xb, 0x88, 0x6, 0x32, 0x81, 0x6, 0x50,

    /* U+0022 "\"" */
    0xdf, 0xf1, 0x80, 0x17, 0xfd, 0x40, 0x1f, 0xfc,
    0x11, 0x0, 0xe3, 0x0, 0x8c, 0x3, 0x84, 0x2,
    0x10, 0xe, 0xf0, 0xf, 0xe1, 0x0, 0x8, 0x7,
    0x8c, 0x0, 0x60, 0x1e, 0x1e, 0xbe, 0x0, 0x92,
    0xec, 0xa0,

    /* U+0023 "#" */
    0x0, 0xf8, 0xff, 0xd0, 0x1, 0x5f, 0xf8, 0x3,
    0xfc, 0xc0, 0xd, 0x0, 0x94, 0x8, 0x3, 0xfd,
    0xa0, 0x7, 0x0, 0x8, 0x81, 0xc0, 0x3f, 0xc6,
    0x0, 0x20, 0x2, 0x80, 0x34, 0x3, 0xfc, 0xa0,
    0x60, 0x11, 0x0, 0xc, 0x3, 0xf8, 0x44, 0xa,
    0x1, 0x78, 0x1, 0x40, 0x3f, 0x94, 0x1, 0xe0,
    0x12, 0x80, 0x88, 0x3, 0xbb, 0xfe, 0xb0, 0x4,
    0xff, 0xc6, 0x3, 0xff, 0x28, 0x7, 0xff, 0x29,
    0x9b, 0x0, 0x5, 0x9a, 0x30, 0x2, 0x33, 0x60,
    0x4, 0x4c, 0xc0, 0x4, 0x99, 0x90, 0x1, 0x13,
    0x31, 0x80, 0x71, 0x80, 0x8, 0x2, 0x30, 0x1,
    0x80, 0x7f, 0x28, 0x3, 0x40, 0x25, 0x2, 0x0,
    0xff, 0x78, 0x1, 0xc0, 0x2, 0x20, 0x70, 0xf,
    0xf2, 0x80, 0x8, 0x0, 0xa0, 0xd, 0x0, 0xe3,
    0xff, 0xc6, 0x0, 0xff, 0xac, 0x1, 0x1f, 0xf0,
    0x80, 0x7f, 0xf2, 0x49, 0xde, 0x40, 0x2, 0x3b,
    0xc0, 0x1, 0x77, 0xc2, 0x3, 0x11, 0x18, 0x2,
    0x23, 0x0, 0x16, 0x23, 0x0, 0x78, 0xc0, 0x6,
    0x0, 0x30, 0x1, 0x80, 0x7f, 0x94, 0x8, 0x2,
    0x50, 0x6, 0x80, 0x7f, 0x8, 0x81, 0xc0, 0x2f,
    0x0, 0x20, 0x7, 0xf2, 0x80, 0x30, 0x2, 0x50,
    0x11, 0x0, 0x7f, 0x18, 0x1, 0x40, 0x23, 0x5,
    0x0, 0xf8,

    /* U+0024 "$" */
    0x0, 0xf9, 0x3f, 0xc8, 0x1, 0xff, 0xe2, 0x4d,
    0x0, 0x61, 0x0, 0x7f, 0x47, 0x5b, 0x0, 0x1f,
    0x71, 0x0, 0x38, 0x71, 0xc4, 0x3, 0xc7, 0x6e,
    0x1, 0xa8, 0xc0, 0x21, 0x43, 0x0, 0xd0, 0x80,
    0x3, 0x40, 0xa, 0x7a, 0xf3, 0x4c, 0x2, 0x80,
    0x5, 0x80, 0x4c, 0xc0, 0x8, 0xb4, 0x2, 0x32,
    0x3, 0x0, 0xb4, 0x3, 0x85, 0x40, 0x27, 0x0,
    0xff, 0xe0, 0x68, 0x4, 0x40, 0x40, 0x16, 0x80,
    0x79, 0xb7, 0x66, 0xd, 0x0, 0x99, 0xc0, 0x38,
    0x48, 0xa1, 0x4, 0x30, 0xa, 0x35, 0x80, 0x3f,
    0xda, 0x40, 0x11, 0x4f, 0xc9, 0x80, 0x7c, 0x3a,
    0xa0, 0x1c, 0xd9, 0x66, 0x1, 0xf5, 0x62, 0x80,
    0x72, 0x63, 0x0, 0x7c, 0x75, 0xd2, 0x60, 0x1a,
    0x58, 0x3, 0xf0, 0xb6, 0x60, 0x80, 0x29, 0x0,
    0xff, 0x8f, 0x4, 0x2, 0x56, 0xaa, 0x8c, 0x3,
    0xc2, 0xc0, 0x16, 0xfa, 0xac, 0x80, 0x1f, 0x70,
    0x4, 0x3e, 0x1, 0x58, 0x7, 0xde, 0x1, 0x73,
    0x80, 0x46, 0xe0, 0x1c, 0x6c, 0x1, 0x18, 0xb0,
    0x5, 0x18, 0xea, 0xd5, 0x80, 0x11, 0x20, 0x49,
    0x80, 0x47, 0x15, 0x2a, 0x1, 0xf, 0x80, 0x58,
    0xc0, 0x1f, 0xc7, 0x84, 0x1, 0xa7, 0x61, 0x4,
    0x0, 0x6f, 0x98, 0x20, 0xf, 0x13, 0xda, 0x0,
    0x32, 0xc, 0x3, 0xff, 0xb4,

    /* U+0025 "%" */
    0x0, 0x25, 0xff, 0xb6, 0x0, 0x3f, 0xf8, 0x2b,
    0x68, 0x0, 0x27, 0xd0, 0xf, 0xfe, 0x5, 0x80,
    0x1e, 0x4c, 0x9, 0xc0, 0x3f, 0xc8, 0x20, 0xd0,
    0xda, 0x0, 0xb0, 0x8, 0xf1, 0x0, 0x30, 0x80,
    0x3c, 0x0, 0x22, 0x1, 0x0, 0xbc, 0xe4, 0x3,
    0xff, 0x88, 0xa6, 0x12, 0x1, 0x84, 0x1, 0xe0,
    0x1, 0x10, 0x8, 0x2, 0xc1, 0x10, 0x1, 0x90,
    0x41, 0xa1, 0xb4, 0x1, 0x60, 0xe2, 0x12, 0x1,
    0xeb, 0x0, 0x3c, 0x98, 0x13, 0x8c, 0x3, 0x10,
    0x7, 0x97, 0x10, 0x0, 0x4f, 0xa1, 0x60, 0x30,
    0x1, 0xf8, 0xef, 0xfd, 0xb0, 0x6, 0xa1, 0x2,
    0x1, 0xff, 0xc3, 0xf0, 0x26, 0x0, 0xff, 0xe1,
    0xa9, 0x84, 0x80, 0x7f, 0xf1, 0x2c, 0x11, 0x0,
    0x4a, 0xa3, 0x0, 0xff, 0x38, 0x84, 0x5, 0x6d,
    0x53, 0x34, 0x80, 0x3e, 0x18, 0x6, 0x3b, 0x50,
    0xc, 0x58, 0x1, 0xf4, 0x0, 0x20, 0xd0, 0xf,
    0xb8, 0xa0, 0x2e, 0x1, 0xc6, 0xc1, 0x2, 0x80,
    0x9, 0x11, 0x40, 0x3, 0x40, 0x3b, 0xc0, 0x5c,
    0x3c, 0x0, 0x20, 0x2, 0x0, 0x8, 0x6, 0x11,
    0x5, 0x80, 0x3c, 0x3, 0xff, 0x82, 0x3b, 0x4a,
    0x0, 0x10, 0x1, 0x80, 0xc, 0x0, 0x40, 0x1e,
    0x50, 0x9, 0xc0, 0x10, 0xed, 0xc0, 0xc, 0x0,
    0xff, 0xc, 0x0, 0x22, 0x48, 0x11, 0x40, 0x3f,
    0xe7, 0xb3, 0x0, 0x14, 0x58, 0x0,

    /* U+0026 "&" */
    0x0, 0xe3, 0xae, 0xff, 0x63, 0x0, 0x7f, 0xf0,
    0x23, 0x14, 0x40, 0x7, 0x36, 0x1, 0xfe, 0x67,
    0x0, 0xf9, 0x20, 0x3, 0xfa, 0x0, 0x26, 0xcb,
    0x10, 0x3, 0x80, 0x7e, 0x31, 0x0, 0x24, 0x9a,
    0x58, 0x4, 0x60, 0x1f, 0x30, 0x5, 0xa0, 0x13,
    0x80, 0x4e, 0x1, 0xf0, 0x80, 0x42, 0x1, 0x38,
    0x4, 0xc0, 0x1f, 0x30, 0x5, 0x80, 0x1, 0x80,
    0x2, 0x10, 0x7, 0xc4, 0x60, 0x4, 0x34, 0xf2,
    0x1, 0xa0, 0xf, 0xe9, 0x0, 0xb6, 0xc4, 0x7,
    0x4, 0x3, 0xf9, 0x50, 0x0, 0x20, 0x4, 0xf2,
    0x0, 0xff, 0xb0, 0x3, 0x25, 0x88, 0x7, 0xfd,
    0x50, 0x1, 0x90, 0xc0, 0x32, 0x2a, 0x8c, 0x2,
    0xb5, 0x0, 0xf6, 0x88, 0x5, 0x55, 0x80, 0x10,
    0x80, 0x2, 0xe5, 0x0, 0xe, 0x80, 0x42, 0x0,
    0xe0, 0x17, 0x0, 0xbc, 0x68, 0x80, 0x7, 0x20,
    0xa0, 0x11, 0x83, 0x80, 0x4a, 0x40, 0xf, 0x10,
    0x3, 0x33, 0x80, 0x24, 0xe, 0x0, 0xb4, 0x2,
    0x2a, 0x0, 0xa5, 0x0, 0xc, 0x0, 0xf0, 0xb,
    0x80, 0x32, 0x40, 0x7, 0xac, 0x0, 0x60, 0x13,
    0x88, 0x6, 0x73, 0x0, 0xd2, 0x40, 0x4, 0x10,
    0x0, 0xfb, 0x11, 0xb5, 0x98, 0x6, 0xc0, 0xd,
    0x40, 0x10, 0xce, 0xe4, 0xa0, 0x7, 0x2b, 0x0,
    0x49, 0x40, 0x1f, 0xc6, 0xc0, 0x14, 0x90, 0x4,
    0xbd, 0x6, 0x20, 0x2, 0x6b, 0xc9, 0x40, 0xb,
    0xc0,

    /* U+0027 "'" */
    0x2f, 0xf8, 0x3, 0xfe, 0x10, 0x8, 0xc0, 0x21,
    0x0, 0x9c, 0x2, 0x13, 0x88, 0x70,

    /* U+0028 "(" */
    0x0, 0xfc, 0xa2, 0x1, 0xf5, 0x51, 0xc0, 0x3d,
    0x6a, 0x18, 0x1, 0xd4, 0x80, 0x76, 0x1, 0x99,
    0x40, 0x74, 0x40, 0x21, 0x90, 0x5, 0x8, 0x6,
    0xb0, 0x2, 0x20, 0x3, 0x12, 0x80, 0x20, 0x3,
    0xac, 0x0, 0x46, 0x1, 0xce, 0x0, 0xa0, 0xe,
    0x41, 0x0, 0x20, 0x7, 0x60, 0x4, 0x60, 0x1c,
    0x60, 0x3, 0x0, 0xf2, 0x80, 0x18, 0x3, 0xc2,
    0x0, 0x20, 0xe, 0x10, 0xb, 0xc0, 0x38, 0xc0,
    0x21, 0x0, 0xe1, 0x0, 0xfe, 0x10, 0xf, 0xe3,
    0x0, 0x84, 0x3, 0x84, 0x2, 0xf0, 0xf, 0x8,
    0x0, 0x80, 0x3c, 0xa0, 0x6, 0x0, 0xf1, 0x80,
    0xc, 0x3, 0xd6, 0x1, 0x18, 0x7, 0x18, 0x80,
    0x2c, 0x3, 0xcc, 0x0, 0x50, 0xf, 0x50, 0x0,
    0x90, 0x3, 0x89, 0x40, 0x1e, 0x1, 0xeb, 0x0,
    0x22, 0x0, 0x38, 0x64, 0x1, 0x42, 0x1, 0xcc,
    0xa0, 0x3a, 0x20, 0x1d, 0x48, 0x7, 0x60, 0x1e,
    0xb6, 0xc, 0x0, 0xfa, 0x6d, 0xc0,

    /* U+0029 ")" */
    0x5, 0x0, 0xfc, 0xb5, 0x62, 0x1, 0xed, 0x4,
    0xc1, 0x0, 0xe8, 0x40, 0x2d, 0x0, 0xf5, 0x90,
    0x1c, 0x80, 0x7b, 0x80, 0xc, 0x60, 0x1c, 0x6a,
    0x0, 0xe0, 0xf, 0x40, 0x0, 0x94, 0x3, 0x88,
    0xc0, 0x1c, 0x1, 0xea, 0x0, 0x20, 0x80, 0x72,
    0x0, 0x4e, 0x1, 0xc4, 0x20, 0xd, 0x0, 0xf2,
    0x80, 0x14, 0x3, 0xc4, 0x0, 0x11, 0x0, 0x77,
    0x0, 0x44, 0x1, 0xc2, 0x1, 0x30, 0x7, 0x18,
    0x4, 0x60, 0x1f, 0xfc, 0xd3, 0x0, 0x8c, 0x3,
    0x84, 0x2, 0x60, 0xe, 0xf0, 0x8, 0x80, 0x38,
    0xc0, 0x2, 0x20, 0xe, 0x50, 0x2, 0x80, 0x71,
    0x8, 0x3, 0x40, 0x39, 0x0, 0x27, 0x0, 0xed,
    0x0, 0x20, 0x80, 0x62, 0x40, 0x7, 0x80, 0x74,
    0x0, 0xd, 0x0, 0x31, 0xa8, 0x3, 0xc0, 0x3b,
    0x80, 0xe, 0x60, 0x1a, 0xc8, 0x12, 0x0, 0x34,
    0xa0, 0x1d, 0x80, 0x76, 0x2, 0xe0, 0x7, 0x96,
    0xe8, 0x3, 0xe0,

    /* U+002A "*" */
    0x0, 0xfa, 0xff, 0xd0, 0x1, 0xff, 0xc2, 0x10,
    0x7, 0x80, 0x7f, 0xf0, 0x8c, 0x0, 0x20, 0x1f,
    0xfc, 0x2e, 0x0, 0x10, 0x7, 0xe4, 0x40, 0x6,
    0x10, 0x3, 0x80, 0x63, 0x10, 0x4, 0x5e, 0xb0,
    0x0, 0xc0, 0x2, 0x0, 0x6c, 0xc3, 0x80, 0x98,
    0x14, 0xfc, 0x98, 0x0, 0x63, 0xa4, 0xc2, 0x80,
    0xd0, 0x3, 0x34, 0x80, 0x31, 0xc4, 0x2, 0x10,
    0x2b, 0xfc, 0x84, 0x0, 0xf1, 0xbd, 0x76, 0x80,
    0x63, 0x7b, 0xa0, 0x8, 0x7b, 0x21, 0x44, 0x3,
    0xe3, 0xa0, 0x20, 0x1a, 0x0, 0xff, 0x16, 0x80,
    0x3d, 0x41, 0x20, 0x3, 0xfb, 0xc4, 0x1c, 0xac,
    0x0, 0xea, 0x1, 0xf5, 0x90, 0xc, 0x0, 0xc0,
    0x2, 0x8c, 0x3, 0x8d, 0x0, 0x16, 0x1, 0x39,
    0x0, 0x20, 0x3, 0x8f, 0x4d, 0x14, 0x3, 0x48,
    0x35, 0x80, 0x78, 0xb2, 0x80, 0x39, 0x32, 0x40,
    0x30,

    /* U+002B "+" */
    0x0, 0xf9, 0x15, 0x48, 0x1, 0xff, 0xc2, 0x9a,
    0xa5, 0x80, 0x7f, 0xff, 0xc0, 0x3f, 0xf9, 0x45,
    0x55, 0xe2, 0x0, 0xaa, 0xbc, 0x62, 0xab, 0xe0,
    0xc, 0xab, 0xe6, 0x0, 0xff, 0xec, 0x1f, 0xff,
    0x88, 0x2, 0xff, 0xf2, 0x80, 0x7f, 0xff, 0xc0,
    0x3f, 0xfa, 0xa0,

    /* U+002C "," */
    0x0, 0x4f, 0xfc, 0xa0, 0x1f, 0xfc, 0xb3, 0x0,
    0x98, 0x0, 0xc0, 0x11, 0x80, 0xc, 0x0, 0xc0,
    0x6, 0x0, 0xac, 0x1, 0x60, 0x8, 0x20, 0x7,
    0xab, 0x38, 0x0,

    /* U+002D "-" */
    0x12, 0x2f, 0xfe, 0x0, 0xee, 0xff, 0xf0, 0x60,
    0x3, 0xff, 0xa0,

    /* U+002E "." */
    0x0, 0x23, 0x18, 0x5, 0x97, 0x39, 0x20, 0xa6,
    0x1, 0x31, 0x10, 0x3, 0x99, 0x0, 0x39, 0xe,
    0x44, 0xb, 0x0,

    /* U+002F "/" */
    0x0, 0xff, 0x6f, 0xfb, 0x40, 0x3f, 0x8c, 0x80,
    0x14, 0x1, 0xfd, 0x60, 0x13, 0x0, 0x7f, 0x30,
    0x1, 0x4, 0x3, 0xf2, 0x8, 0x3, 0x80, 0x3f,
    0xb8, 0x2, 0x50, 0xf, 0xe5, 0x0, 0x28, 0x7,
    0xf3, 0x0, 0x5c, 0x1, 0xfd, 0xa0, 0x1, 0x40,
    0xf, 0xc2, 0x80, 0x6, 0x0, 0xfe, 0x60, 0xa,
    0x80, 0x3f, 0xa8, 0x0, 0x64, 0x1, 0xf8, 0xc8,
    0x1, 0x60, 0x1f, 0xd4, 0x1, 0x30, 0x7, 0xf3,
    0x80, 0x10, 0x40, 0x3f, 0x20, 0x80, 0x38, 0x3,
    0xfb, 0x80, 0x25, 0x0, 0xfe, 0x50, 0x3, 0x0,
    0x7f, 0x30, 0x5, 0xa0, 0x1f, 0xd4, 0x0, 0x14,
    0x0, 0xfc, 0x46, 0x0, 0x60, 0xf, 0xe5, 0x0,
    0xa8, 0x3, 0xfa, 0x80, 0x6, 0x40, 0x1f, 0x8c,
    0x80, 0x14, 0x1, 0xfd, 0x40, 0x13, 0x80, 0x7f,
    0x38, 0x1, 0x4, 0x3, 0xf0,

    /* U+0030 "0" */
    0x0, 0xc7, 0x3b, 0xfe, 0xeb, 0x60, 0xf, 0xd3,
    0x8c, 0x40, 0x1, 0x49, 0xd2, 0x0, 0xe9, 0x60,
    0xf, 0xc5, 0x84, 0x1, 0x23, 0x0, 0x4f, 0x98,
    0xa2, 0x0, 0xc, 0x80, 0x50, 0x1, 0x54, 0x19,
    0x97, 0x48, 0x0, 0x86, 0x4, 0x60, 0x2, 0x50,
    0xe, 0xb0, 0xa, 0x81, 0x0, 0x25, 0x0, 0xf3,
    0x80, 0x48, 0x1c, 0x1, 0x70, 0x7, 0x84, 0x2,
    0x20, 0x10, 0x8, 0xc0, 0x38, 0xb0, 0x3, 0x8c,
    0x3, 0xf2, 0xe9, 0x80, 0x61, 0x0, 0xfd, 0x34,
    0x1, 0xff, 0xc1, 0x2d, 0x60, 0x2c, 0x10, 0xf,
    0xe6, 0xd2, 0x6, 0xd3, 0x0, 0xfe, 0xb9, 0x1,
    0xa9, 0x0, 0xff, 0x84, 0xf, 0xd4, 0x3, 0xf1,
    0x80, 0x67, 0xc1, 0x0, 0xfc, 0x22, 0x0, 0xa2,
    0x0, 0x1e, 0x10, 0xd, 0xc0, 0x17, 0x0, 0x78,
    0x40, 0x22, 0x4, 0x0, 0x90, 0x3, 0xce, 0x1,
    0x20, 0x11, 0x80, 0x9, 0x80, 0x3a, 0xc0, 0x2d,
    0x0, 0x40, 0x5, 0x30, 0x64, 0xba, 0x40, 0x3,
    0x40, 0x2, 0x30, 0x4, 0xf9, 0xb4, 0x40, 0x1,
    0xe0, 0xd, 0x2e, 0x1, 0xf8, 0xb0, 0x80, 0x3a,
    0x31, 0x88, 0x0, 0x29, 0x3a, 0x40, 0x10,

    /* U+0031 "1" */
    0x0, 0xfc, 0x72, 0x60, 0x1c, 0x2f, 0xb8, 0xcc,
    0x0, 0x9b, 0x3a, 0x8, 0x2, 0x4a, 0xf9, 0x30,
    0xf, 0x52, 0x80, 0x7f, 0xf0, 0x52, 0x90, 0x3,
    0x8e, 0x3a, 0xd4, 0x3, 0xbf, 0x1c, 0x40, 0x3e,
    0x10, 0xf, 0xff, 0xf8, 0x7, 0xff, 0xfc, 0x3,
    0xff, 0x9a,

    /* U+0032 "2" */
    0x0, 0xc5, 0x19, 0xff, 0x6c, 0x10, 0x7, 0xd1,
    0xae, 0x60, 0x11, 0x3e, 0xc0, 0x7, 0x5b, 0x80,
    0x7f, 0x3c, 0x80, 0x50, 0x80, 0x13, 0x56, 0x49,
    0x0, 0x4c, 0x80, 0x2e, 0x1, 0x64, 0xa9, 0xb6,
    0xa0, 0x5, 0xc0, 0xc0, 0x13, 0x18, 0x7, 0x48,
    0x4, 0x81, 0xa0, 0x16, 0x0, 0x78, 0x80, 0x21,
    0xc, 0x77, 0xc0, 0x1f, 0xfc, 0x6, 0x88, 0x88,
    0x3, 0xc6, 0x1, 0x18, 0x7, 0xff, 0x2, 0x40,
    0x2a, 0x0, 0xff, 0x95, 0x40, 0x1, 0x60, 0xf,
    0xf1, 0xd0, 0x5, 0x40, 0x1f, 0xe1, 0xd0, 0x9,
    0xd0, 0x3, 0xf8, 0x70, 0x40, 0xb, 0x0, 0x1f,
    0xc3, 0x84, 0x0, 0x4a, 0x0, 0xff, 0x69, 0x0,
    0xe, 0xc0, 0x3f, 0xd6, 0x60, 0x2, 0xd0, 0xf,
    0xf5, 0xa0, 0x0, 0xb0, 0x40, 0x3f, 0xa9, 0x0,
    0x5, 0x82, 0x1, 0xfd, 0x2a, 0x0, 0x1c, 0x10,
    0xf, 0xe8, 0x60, 0xa, 0x8c, 0x8b, 0xf8, 0xdc,
    0x3, 0x5e, 0xef, 0xf9, 0xc0, 0x3f, 0xfa, 0xa0,

    /* U+0033 "3" */
    0x0, 0xc5, 0x19, 0xff, 0x6c, 0xa0, 0x7, 0xd1,
    0xae, 0x60, 0x11, 0x35, 0xe0, 0x80, 0x6b, 0x70,
    0xf, 0xe3, 0xf1, 0x0, 0x32, 0x0, 0x4b, 0x79,
    0x6e, 0x1, 0xc, 0x0, 0x2c, 0x2, 0x8a, 0x43,
    0x48, 0xb0, 0x9, 0x80, 0x48, 0x0, 0x2e, 0x1,
    0xc8, 0x40, 0x11, 0x8d, 0x56, 0x0, 0xf9, 0x80,
    0x27, 0x5, 0x59, 0x0, 0x3e, 0x60, 0x9, 0x80,
    0x3f, 0xe4, 0x20, 0x1, 0x90, 0x7, 0xf1, 0x3d,
    0x80, 0x5e, 0x1, 0xe3, 0xff, 0xb6, 0x0, 0x3,
    0x66, 0x1, 0xff, 0xc2, 0xa4, 0x0, 0xff, 0xe1,
    0xdc, 0x80, 0x7c, 0x7d, 0xd6, 0x38, 0x4, 0xd2,
    0x1, 0xf0, 0x8c, 0x71, 0xa0, 0x13, 0x10, 0x7,
    0xfc, 0x4e, 0x1, 0x28, 0x7, 0xff, 0x3, 0x40,
    0x2e, 0x4b, 0xb9, 0x80, 0x3f, 0xf8, 0x28, 0x95,
    0x0, 0x7d, 0xa0, 0x17, 0x28, 0x4, 0x6a, 0x1,
    0xc4, 0xe0, 0x12, 0xb, 0x0, 0x55, 0x44, 0x23,
    0x7d, 0x0, 0x90, 0xc2, 0x4c, 0x2, 0x5b, 0xdc,
    0x80, 0x8, 0x68, 0x2, 0xc5, 0x0, 0xfe, 0x4f,
    0x10, 0xd, 0x58, 0xc6, 0x1, 0x13, 0x65, 0x88,
    0x0,

    /* U+0034 "4" */
    0x0, 0xff, 0x67, 0xfd, 0x40, 0x1f, 0xfc, 0x6,
    0x30, 0xf, 0xfe, 0x18, 0xc8, 0x7, 0xff, 0x12,
    0xc0, 0x3f, 0xf8, 0x88, 0xa0, 0x1f, 0xfc, 0x4a,
    0x0, 0x8, 0x7, 0xff, 0x6, 0x4, 0x1, 0x20,
    0x1f, 0xfc, 0x3, 0x70, 0x4, 0x90, 0x7, 0xff,
    0x3, 0xc0, 0x6, 0xc0, 0x1f, 0xfc, 0x7, 0x30,
    0x7, 0x0, 0x7f, 0xf0, 0x6, 0x0, 0xe, 0x40,
    0x1f, 0xfc, 0xa, 0x0, 0x14, 0x0, 0x7f, 0xf0,
    0x15, 0x0, 0x12, 0x1, 0xff, 0xc1, 0xb0, 0x2,
    0xa0, 0x7, 0xff, 0x2, 0x44, 0x6, 0xc0, 0x3f,
    0xf8, 0x6, 0xc0, 0x9, 0x32, 0x2e, 0x0, 0xc4,
    0x41, 0xf0, 0xa, 0x37, 0x7a, 0x0, 0x25, 0xdd,
    0x58, 0x80, 0x7f, 0xf5, 0xf7, 0xff, 0xfa, 0x80,
    0x25, 0xff, 0x50, 0x7, 0xff, 0xf0,

    /* U+0035 "5" */
    0x0, 0x4f, 0xff, 0xff, 0x1, 0xc0, 0x22, 0x0,
    0xff, 0xe2, 0x38, 0x7, 0xff, 0x10, 0x80, 0x5,
    0x11, 0xfc, 0x80, 0x10, 0x80, 0x1d, 0xff, 0xc6,
    0x0, 0x20, 0x8, 0x80, 0x3f, 0xf8, 0x2, 0x1,
    0x70, 0x7, 0xff, 0x1, 0x80, 0x22, 0x0, 0xff,
    0xe0, 0x10, 0x4, 0x53, 0xbf, 0xed, 0x93, 0x0,
    0xee, 0x0, 0xa5, 0x88, 0x0, 0x4d, 0x92, 0x1,
    0x8c, 0x3, 0xfe, 0x68, 0x0, 0x84, 0x2, 0x4a,
    0xdc, 0x92, 0x0, 0x9c, 0xc0, 0x17, 0xb3, 0x2b,
    0x52, 0x36, 0xd3, 0x0, 0xa4, 0x2, 0x26, 0x60,
    0x7, 0xbc, 0x2, 0x50, 0xf, 0xfe, 0x1, 0x88,
    0x4, 0x40, 0x1f, 0xfc, 0x2, 0x0, 0x84, 0x3,
    0xff, 0x8a, 0xd9, 0x92, 0x0, 0x7c, 0x40, 0x11,
    0x1, 0x9d, 0xc0, 0x1e, 0x21, 0x0, 0x8, 0x9c,
    0x2, 0x54, 0x0, 0xe9, 0x0, 0x9c, 0x5, 0xc0,
    0x2b, 0x84, 0x24, 0xc4, 0x0, 0xac, 0x1, 0x6,
    0x1, 0x3d, 0xed, 0x98, 0x5, 0x24, 0x1, 0x63,
    0x0, 0x7f, 0x4b, 0x0, 0x74, 0xe3, 0x10, 0x0,
    0x4d, 0xf9, 0x80, 0x20,

    /* U+0036 "6" */
    0x0, 0xf9, 0x67, 0x3b, 0xd8, 0x3, 0xf3, 0x75,
    0x31, 0x88, 0x7, 0xe1, 0xc9, 0x10, 0xf, 0xf8,
    0x70, 0xc0, 0x21, 0x69, 0xa4, 0x0, 0xea, 0x20,
    0xa, 0x7a, 0x59, 0x48, 0x3, 0x2a, 0x0, 0x7,
    0x58, 0x3, 0xfa, 0x40, 0x2a, 0x20, 0xf, 0xe2,
    0x30, 0x2, 0x20, 0x3, 0xfc, 0xa0, 0x17, 0x3,
    0xe7, 0xfb, 0x64, 0x80, 0x2d, 0x0, 0xdd, 0x6,
    0x0, 0x26, 0xd6, 0x0, 0x38, 0x5, 0x42, 0x1,
    0xf4, 0xa8, 0x18, 0x6, 0x18, 0xcc, 0x40, 0x80,
    0x56, 0x2, 0x1, 0x17, 0xb9, 0x99, 0xf0, 0x2,
    0x16, 0x0, 0xdc, 0x20, 0x18, 0xa0, 0x2, 0xd0,
    0xc, 0x60, 0x1e, 0x50, 0x9, 0x80, 0x3f, 0xe2,
    0x0, 0x88, 0x80, 0x10, 0x80, 0x7f, 0xce, 0x1,
    0x28, 0x7, 0x84, 0x2, 0x2c, 0x0, 0xb8, 0x3,
    0xcc, 0x1, 0x23, 0x8, 0x1, 0x54, 0x1, 0x8a,
    0x40, 0x2d, 0x8, 0x0, 0xaa, 0x4c, 0xcf, 0x82,
    0x0, 0x34, 0x6, 0x50, 0x9, 0xb3, 0x10, 0x20,
    0x1, 0xd0, 0xa, 0x9c, 0x3, 0xf1, 0xe0, 0x80,
    0x68, 0xd6, 0x20, 0x0, 0xad, 0x61, 0x0, 0x0,

    /* U+0037 "7" */
    0x9f, 0xff, 0xfe, 0x21, 0x0, 0x7f, 0xf5, 0xca,
    0xef, 0xff, 0x81, 0x20, 0x13, 0x1, 0x22, 0x7f,
    0xde, 0x1, 0x58, 0x7, 0xff, 0x0, 0x58, 0x0,
    0x84, 0x1, 0xff, 0xc0, 0x90, 0xa, 0x0, 0x3f,
    0xf8, 0x2e, 0x0, 0x33, 0x0, 0x7f, 0xf0, 0x1c,
    0x2, 0x90, 0xf, 0xfe, 0xc, 0x80, 0x5, 0x40,
    0x3f, 0xf8, 0xc, 0x20, 0x9, 0x0, 0xff, 0xe0,
    0xd8, 0x4, 0xc0, 0x1f, 0xfc, 0x5, 0x20, 0x3,
    0x8, 0x7, 0xff, 0x2, 0x40, 0x2b, 0x0, 0xff,
    0xe0, 0x21, 0x80, 0x10, 0x80, 0x3f, 0xf8, 0x1e,
    0x1, 0x78, 0x7, 0xff, 0x0, 0xd0, 0x0, 0x48,
    0x1, 0xff, 0xc0, 0x90, 0xa, 0xc0, 0x3f, 0xf8,
    0x4, 0xa0, 0x1, 0x60, 0xf, 0xfe, 0x5, 0x80,
    0x52, 0x1, 0xff, 0xc0, 0x16, 0x0, 0x98, 0x3,
    0xff, 0x81, 0x20, 0x13, 0x8, 0x7, 0xff, 0x1,
    0xc0, 0x2b, 0x0, 0xff, 0xe0, 0x38, 0x4, 0x84,
    0x1, 0xfc,

    /* U+0038 "8" */
    0x0, 0xc9, 0x5b, 0xfe, 0xeb, 0x71, 0x0, 0xf0,
    0xe5, 0xa9, 0x0, 0x5, 0x23, 0xd4, 0x3, 0xb0,
    0xc0, 0x3f, 0xd, 0x28, 0x5, 0x4, 0x1, 0x3e,
    0x62, 0x44, 0x2, 0xb0, 0x9, 0x80, 0x29, 0x83,
    0x33, 0x78, 0x80, 0x5, 0x40, 0x44, 0x0, 0x16,
    0x0, 0xc2, 0xc0, 0x16, 0x81, 0x80, 0x46, 0x1,
    0xed, 0x0, 0x84, 0x8, 0x2, 0x20, 0xf, 0x10,
    0x5, 0xc0, 0x5, 0x0, 0x98, 0x3, 0xc, 0x80,
    0x4a, 0x0, 0x80, 0xa, 0x64, 0x86, 0xde, 0x20,
    0x7, 0x20, 0x1, 0x60, 0x80, 0x1a, 0xf2, 0x44,
    0x0, 0xf0, 0x1, 0x8e, 0xc0, 0x3f, 0x2c, 0x0,
    0x74, 0x50, 0x7, 0xe5, 0xd2, 0x0, 0xa1, 0xc0,
    0x5, 0x5f, 0xed, 0x50, 0x1, 0x78, 0x0, 0x9c,
    0x0, 0x38, 0xa0, 0x2, 0xa6, 0x0, 0x14, 0x2,
    0x80, 0x4c, 0x20, 0x1d, 0x0, 0x13, 0x6, 0x80,
    0x58, 0x1, 0xe1, 0x20, 0x0, 0x8c, 0x1, 0x8,
    0x7, 0xfc, 0x64, 0x1, 0x68, 0x7, 0x84, 0x80,
    0x22, 0xc0, 0x9, 0xc8, 0x3, 0xac, 0x2, 0x30,
    0x52, 0x0, 0xb1, 0xcc, 0x97, 0x14, 0x2, 0x90,
    0x7, 0x0, 0x43, 0x19, 0xb4, 0x60, 0x13, 0x28,
    0x0, 0xf0, 0x80, 0x3f, 0xa2, 0x40, 0x31, 0xed,
    0x29, 0x0, 0x4, 0xe3, 0x9c, 0x2,

    /* U+0039 "9" */
    0x0, 0xe5, 0xbe, 0xff, 0x6c, 0x8, 0x7, 0xc5,
    0x94, 0x82, 0x0, 0x27, 0xe6, 0x0, 0xe1, 0xc3,
    0x0, 0xfd, 0x2e, 0x1, 0xb4, 0x40, 0x3, 0x39,
    0x6a, 0x1, 0x41, 0x80, 0x10, 0xc0, 0x3, 0x8c,
    0x69, 0x4e, 0x1, 0x40, 0x3, 0x80, 0x29, 0x20,
    0xd, 0x4, 0x0, 0x41, 0x4, 0x0, 0x98, 0x3,
    0xca, 0x1, 0x38, 0x8, 0x4, 0x20, 0x1e, 0xc0,
    0xb, 0xc0, 0x30, 0x80, 0x7c, 0xe0, 0x11, 0x80,
    0x61, 0x0, 0xff, 0x84, 0xc, 0x2, 0x50, 0xf,
    0x30, 0x7, 0x58, 0x5, 0x0, 0x1c, 0x36, 0x1,
    0xcc, 0x1, 0x16, 0x18, 0xb, 0x78, 0x80, 0x42,
    0x3, 0x20, 0x11, 0xe7, 0xf4, 0x88, 0x6, 0x30,
    0x3, 0x38, 0x7, 0xe5, 0x0, 0xb8, 0x2, 0x8c,
    0x50, 0x8, 0x5b, 0x74, 0x1, 0x20, 0x6, 0x3a,
    0xff, 0xba, 0x4a, 0xc0, 0x23, 0x0, 0xff, 0x8c,
    0xc0, 0x5, 0x0, 0xff, 0x87, 0x80, 0x29, 0x0,
    0xff, 0x27, 0x90, 0x1, 0x8c, 0x3, 0x89, 0x5a,
    0x76, 0xc4, 0x0, 0x72, 0x1, 0xea, 0xa4, 0xb1,
    0x0, 0x47, 0xa0, 0x1f, 0xfc, 0x11, 0x8c, 0x10,
    0xf, 0xe1, 0x36, 0xae, 0x70, 0xe,

    /* U+003A ":" */
    0x2, 0x65, 0x10, 0x5d, 0x9a, 0xf2, 0x80, 0x8,
    0x60, 0x80, 0x30, 0xa0, 0x6, 0xca, 0x40, 0x16,
    0x71, 0xbf, 0xe9, 0x0, 0xff, 0xf0, 0x13, 0x28,
    0x82, 0xec, 0xd7, 0x94, 0x0, 0x43, 0x4, 0x1,
    0x85, 0x0, 0x36, 0x52, 0x0, 0xb3, 0x80,

    /* U+003B ";" */
    0x0, 0x95, 0x88, 0x2, 0x1e, 0xa9, 0xd6, 0x0,
    0x48, 0x80, 0x50, 0x0, 0x20, 0xc, 0x20, 0xc,
    0x0, 0xc6, 0x0, 0x67, 0x10, 0x4e, 0x0, 0xa3,
    0xbe, 0xc8, 0x3, 0xff, 0xee, 0xf1, 0x7, 0x0,
    0xd2, 0xee, 0x80, 0xf, 0xfe, 0x40, 0x80, 0x7f,
    0x8c, 0x2, 0x30, 0xa, 0xc0, 0x2b, 0x0, 0x98,
    0x2, 0x60, 0x4, 0x8, 0x0, 0x88, 0x8, 0xe0,
    0x11, 0x65, 0xd8, 0x3, 0x0,

    /* U+003C "<" */
    0x0, 0xff, 0xe0, 0xa5, 0x88, 0x7, 0xf8, 0x5f,
    0x6d, 0x0, 0x3f, 0x8e, 0xba, 0x8, 0x3, 0xf9,
    0x73, 0xa, 0x1, 0xfc, 0x31, 0xd4, 0x60, 0x18,
    0xa3, 0x44, 0x12, 0xb9, 0xc4, 0x2, 0x16, 0xcd,
    0x72, 0x4, 0xb5, 0x0, 0xcb, 0x7d, 0x26, 0x1,
    0x84, 0x2, 0x19, 0xfa, 0x40, 0xf, 0xf8, 0x66,
    0x90, 0x3, 0xf2, 0x38, 0x6, 0x5b, 0xe9, 0x30,
    0xe, 0x18, 0xf9, 0x20, 0x8, 0x5b, 0x3a, 0x8,
    0x3, 0x9b, 0x71, 0x40, 0x30, 0xbe, 0xe8, 0x40,
    0x38, 0xeb, 0x9c, 0x40, 0x31, 0x0, 0x7e, 0x18,
    0xea, 0x30, 0xf, 0xfe, 0x12, 0xe6, 0xb0, 0x7,
    0xff, 0x8, 0xa7, 0x84,

    /* U+003D "=" */
    0x14, 0x4f, 0xfe, 0x18, 0x2d, 0xdf, 0xff, 0xc,
    0x40, 0x3f, 0xfa, 0xc9, 0xff, 0xff, 0xc3, 0x10,
    0xf, 0xfe, 0xb0, 0xa2, 0x7f, 0xf0, 0xc1, 0x6e,
    0xff, 0xf8, 0x62, 0x1, 0xff, 0xd6,

    /* U+003E ">" */
    0x3b, 0x40, 0xf, 0xfe, 0x12, 0x5f, 0x38, 0x80,
    0x7f, 0xf0, 0x46, 0x3a, 0x90, 0x3, 0xf0, 0x80,
    0x72, 0xde, 0xb8, 0x80, 0x71, 0x74, 0x18, 0x6,
    0x28, 0xe9, 0x30, 0xc, 0x2f, 0x9b, 0x4, 0x1,
    0x9b, 0x30, 0xc0, 0x1c, 0x4f, 0xba, 0x72, 0x0,
    0x8e, 0x64, 0x1, 0xf1, 0x46, 0xe1, 0x80, 0x7f,
    0xf0, 0x12, 0x70, 0xc0, 0x3f, 0x8e, 0x7a, 0xd8,
    0x3, 0x2d, 0x0, 0xa, 0x37, 0x18, 0x40, 0x21,
    0x8e, 0xa3, 0x2d, 0xd3, 0x90, 0x6, 0x4b, 0xe7,
    0x10, 0x0, 0x90, 0x6, 0x17, 0xdb, 0x40, 0xf,
    0xe3, 0xae, 0x82, 0x0, 0xfe, 0x6d, 0xc5, 0x0,
    0xff, 0x1f, 0xc9, 0x0, 0x7f, 0xf0, 0x0,

    /* U+003F "?" */
    0x0, 0xc9, 0x3b, 0xff, 0x6c, 0xa0, 0x7, 0xd,
    0xd9, 0x88, 0x2, 0x26, 0xbb, 0x8, 0x5, 0xa8,
    0x1, 0xfc, 0x9a, 0x0, 0x73, 0x0, 0x92, 0x6e,
    0x50, 0x2, 0x36, 0x9, 0x0, 0xa2, 0xd9, 0x1a,
    0xd8, 0x2, 0xd1, 0x10, 0x4, 0xe0, 0x1d, 0x60,
    0x12, 0x8e, 0x66, 0x0, 0xf1, 0x80, 0x42, 0x6,
    0x78, 0x3, 0xca, 0x1, 0x18, 0x7, 0xfd, 0x0,
    0x15, 0x80, 0x7f, 0xa0, 0xc0, 0x2, 0xe0, 0x1f,
    0xce, 0xe0, 0xb, 0x40, 0x3f, 0xa2, 0x0, 0x15,
    0x18, 0x7, 0xe8, 0x70, 0xa, 0xd4, 0x3, 0xf1,
    0x38, 0x5, 0x88, 0x1, 0xfc, 0xa0, 0x14, 0x18,
    0x7, 0xfb, 0x80, 0x25, 0x0, 0xff, 0x84, 0x8a,
    0x30, 0xf, 0xfa, 0x37, 0x61, 0x0, 0xff, 0xe8,
    0x2b, 0x8, 0x7, 0xff, 0x3, 0x2a, 0x78, 0x80,
    0x3f, 0xc4, 0x60, 0x15, 0x0, 0x7f, 0x8c, 0x3,
    0x70, 0x7, 0xf8, 0x64, 0x41, 0x58, 0x3, 0x80,

    /* U+0040 "@" */
    0x0, 0xf8, 0xe7, 0x7f, 0xdb, 0x48, 0x1, 0xfe,
    0x1b, 0xc6, 0x20, 0x1, 0x2d, 0xd0, 0x80, 0x7c,
    0x5e, 0x80, 0x71, 0x54, 0x72, 0x5, 0xc0, 0xf,
    0xe, 0x8, 0x56, 0x3a, 0xaa, 0x36, 0x40, 0xa8,
    0x3, 0xa8, 0x43, 0x14, 0x3, 0xcd, 0x20, 0xa6,
    0x1, 0x22, 0x2, 0x8c, 0x6, 0x7b, 0xfa, 0x1,
    0x8c, 0x28, 0x2, 0x80, 0x35, 0x2, 0xf6, 0x10,
    0x17, 0x90, 0xa0, 0x70, 0x1, 0x18, 0x40, 0x3,
    0x84, 0x1e, 0x88, 0x2, 0x70, 0x11, 0x2, 0x80,
    0x10, 0x14, 0xc2, 0xa1, 0x44, 0x38, 0x4, 0x0,
    0xa1, 0x80, 0x80, 0xe, 0x2, 0x50, 0x1, 0x0,
    0x80, 0x4, 0x4, 0x14, 0xc, 0x0, 0x80, 0xa0,
    0x10, 0x81, 0x80, 0x78, 0x43, 0x80, 0xc0, 0x18,
    0x1, 0xc2, 0x1, 0x84, 0x40, 0x3, 0x6, 0x0,
    0x30, 0x0, 0x80, 0xc, 0x0, 0x10, 0x63, 0x0,
    0xc4, 0x0, 0x30, 0x0, 0x80, 0xc, 0x4, 0x0,
    0x46, 0x1, 0xf1, 0x80, 0x1c, 0x0, 0x20, 0xa0,
    0x40, 0x20, 0x2, 0x2, 0x0, 0x20, 0x3, 0x40,
    0x37, 0x2, 0x80, 0x8, 0x34, 0x10, 0x1, 0xf,
    0x4c, 0x0, 0x46, 0x50, 0x90, 0x2, 0x2, 0x0,
    0xa8, 0xc, 0x2a, 0x8, 0x5c, 0x84, 0x88, 0x3,
    0x40, 0x58, 0x29, 0x80, 0x5a, 0xf4, 0xc0, 0xa5,
    0x80, 0x24, 0x20, 0x81, 0x9, 0xfe, 0x90, 0x3c,
    0xfd, 0x60, 0xe, 0x90, 0x1f, 0x30, 0xf, 0xfe,
    0x1a, 0x40, 0xe, 0x61, 0xd5, 0x4f, 0x7e, 0x40,
    0x1f, 0x9e, 0x40, 0x7, 0x15, 0x48, 0x40, 0x40,
    0xf, 0xe6, 0xe8, 0x41, 0x0, 0xa, 0xd3, 0x0,
    0x70,

    /* U+0041 "A" */
    0x0, 0xfc, 0xff, 0xf3, 0x0, 0x7f, 0xf0, 0xec,
    0x2, 0xd0, 0xf, 0xfe, 0x10, 0x98, 0x4, 0x82,
    0x1, 0xff, 0xc1, 0x60, 0xe, 0x40, 0xf, 0xfe,
    0xd, 0x80, 0x77, 0x80, 0x7f, 0xf0, 0x4, 0xc0,
    0x39, 0x40, 0x3f, 0xf8, 0xe, 0x1, 0x40, 0x4,
    0xa0, 0x1f, 0xf5, 0x0, 0x5, 0xc0, 0x2f, 0x0,
    0xff, 0x9, 0x80, 0x1c, 0x14, 0x0, 0xa0, 0x1f,
    0xe7, 0x0, 0xb4, 0x30, 0x2, 0x40, 0xf, 0xed,
    0x0, 0x90, 0x1c, 0x2, 0xd0, 0xf, 0xc2, 0x80,
    0x5, 0x0, 0x9, 0x80, 0x1c, 0x3, 0xf3, 0x80,
    0x58, 0x1, 0x20, 0x0, 0x50, 0x3, 0xed, 0x0,
    0x9c, 0x2, 0xb0, 0xb, 0x40, 0x3c, 0x28, 0x0,
    0x31, 0x0, 0x8c, 0x40, 0xe, 0x1, 0xe7, 0x0,
    0x8f, 0xff, 0x84, 0x0, 0x26, 0x1, 0xda, 0x1,
    0xff, 0xc1, 0xb0, 0xc, 0x28, 0x1, 0xff, 0xc1,
    0x50, 0xc, 0x80, 0x12, 0x55, 0x7c, 0x60, 0x2,
    0x30, 0xb, 0x80, 0x2f, 0x55, 0xfa, 0xc0, 0x2b,
    0x0, 0x90, 0x2, 0x40, 0xf, 0x94, 0x2, 0x50,
    0x2, 0x80, 0x48, 0x1, 0xf8, 0x84, 0x0, 0x44,
    0xf, 0x0, 0xb4, 0x3, 0xf9, 0xc0, 0x25, 0x5,
    0x0, 0x90, 0x3, 0xfb, 0x40, 0x2b,

    /* U+0042 "B" */
    0x9f, 0xff, 0xec, 0x94, 0x0, 0xff, 0xe1, 0x9b,
    0x5e, 0x98, 0x7, 0xff, 0x10, 0xb0, 0xc0, 0x3c,
    0xd7, 0x7a, 0x98, 0x3, 0x70, 0x7, 0xb9, 0x13,
    0x2c, 0xd8, 0x4, 0x48, 0x1, 0xff, 0xc0, 0x46,
    0x0, 0x8c, 0x3, 0xff, 0x83, 0xc0, 0x17, 0x80,
    0x7f, 0xf0, 0x7c, 0x2, 0xe0, 0xf, 0xfe, 0x1,
    0x38, 0x4, 0x80, 0x1f, 0xe2, 0x6c, 0x0, 0xa0,
    0x80, 0x3a, 0x3f, 0xf6, 0xc8, 0x80, 0x21, 0xc0,
    0x3f, 0xf8, 0x6e, 0xc0, 0x1f, 0xfc, 0x47, 0xf3,
    0x0, 0xf4, 0x7f, 0xf6, 0x28, 0x0, 0x70, 0x80,
    0x3f, 0xe3, 0xa6, 0x0, 0xa0, 0x3, 0xff, 0x83,
    0x0, 0x12, 0x80, 0x7f, 0xf0, 0x44, 0x40, 0x10,
    0x80, 0x7f, 0xf4, 0x88, 0x40, 0x21, 0x0, 0xff,
    0x87, 0x80, 0x24, 0x0, 0xee, 0x33, 0xc8, 0xfe,
    0x60, 0x14, 0x0, 0x73, 0x66, 0x6b, 0x81, 0x0,
    0xa0, 0xc0, 0x3f, 0xf8, 0x43, 0x2e, 0x1, 0xff,
    0xc0, 0x14, 0x9e, 0x60, 0x8,

    /* U+0043 "C" */
    0x0, 0xe2, 0x8d, 0xff, 0x76, 0x41, 0x0, 0x7e,
    0x8d, 0x72, 0x0, 0x9, 0xbe, 0xc0, 0x7, 0xad,
    0xc0, 0x3f, 0x9e, 0x80, 0x34, 0x20, 0x4, 0xd7,
    0x94, 0xa0, 0x12, 0xb0, 0x0, 0x9c, 0x2, 0xb9,
    0x43, 0x5a, 0x90, 0xa, 0x0, 0x16, 0x1, 0x32,
    0x0, 0x73, 0x18, 0x0, 0x54, 0x1c, 0x2, 0x80,
    0xf, 0xa8, 0x2, 0xc3, 0x10, 0x1, 0x8, 0x7,
    0xc8, 0x98, 0x58, 0x2, 0x70, 0xf, 0xc5, 0x77,
    0x41, 0x0, 0x46, 0x1, 0xff, 0xc5, 0x10, 0xf,
    0xff, 0xd8, 0x80, 0x7f, 0xf0, 0x48, 0x2, 0x30,
    0xf, 0xfe, 0xb, 0x0, 0x4e, 0x1, 0xf8, 0xa2,
    0x26, 0x30, 0x8, 0x84, 0x3, 0xe4, 0x77, 0xb0,
    0x14, 0x2, 0x90, 0xf, 0xb4, 0x2, 0xf0, 0x80,
    0x9, 0xcc, 0x3, 0x99, 0x0, 0x2, 0xa0, 0x4c,
    0x1, 0x64, 0x21, 0xad, 0x48, 0x5, 0x0, 0x14,
    0x98, 0x4, 0xf7, 0x94, 0xa0, 0x13, 0x30, 0x3,
    0x63, 0x0, 0x7f, 0x44, 0x80, 0x7a, 0x71, 0x88,
    0x0, 0x27, 0x1c, 0xe0, 0x10,

    /* U+0044 "D" */
    0xbf, 0xff, 0x76, 0x49, 0x80, 0x7f, 0xf0, 0x44,
    0xdb, 0x30, 0x60, 0x1f, 0xfc, 0x33, 0xc6, 0x0,
    0xfa, 0x33, 0x14, 0xe2, 0x1, 0x4b, 0x0, 0x78,
    0x8c, 0xcb, 0x1e, 0x80, 0x14, 0x90, 0x7, 0xf8,
    0x6d, 0x0, 0x28, 0x0, 0xff, 0xe0, 0x48, 0x4,
    0xa2, 0x1, 0xff, 0x12, 0x0, 0x4e, 0x1, 0xff,
    0xc0, 0xd0, 0xb, 0x0, 0x3f, 0xf8, 0x4, 0x1,
    0x30, 0x7, 0xff, 0x1, 0x80, 0x22, 0x0, 0xff,
    0xf9, 0xb0, 0x4, 0x40, 0x1f, 0xfc, 0x2, 0x0,
    0x98, 0x3, 0xff, 0x81, 0xa0, 0x16, 0x0, 0x7f,
    0xc4, 0x80, 0x13, 0x80, 0x7f, 0xd2, 0x1, 0x28,
    0x80, 0x7f, 0xa5, 0x0, 0x28, 0x0, 0xe2, 0x33,
    0x24, 0x73, 0x0, 0x52, 0x40, 0x1d, 0x19, 0x8b,
    0x71, 0x0, 0xa5, 0x80, 0x3f, 0xf8, 0x25, 0x8c,
    0x1, 0xff, 0x13, 0x5e, 0x98, 0x6,

    /* U+0045 "E" */
    0x5f, 0xff, 0xfe, 0x1a, 0x0, 0x7f, 0xf6, 0x8e,
    0xef, 0xfe, 0x50, 0xc, 0xe8, 0x9f, 0xf0, 0x80,
    0x7f, 0xff, 0xc0, 0x3f, 0xf8, 0x49, 0xff, 0xfd,
    0x60, 0x1f, 0xfd, 0xc4, 0xdd, 0xfe, 0xa0, 0xf,
    0x88, 0xbf, 0x84, 0x3, 0xff, 0xfe, 0x1, 0xff,
    0xc4, 0x73, 0x3f, 0xf8, 0x40, 0x31, 0xe6, 0x7f,
    0xc8, 0x1, 0xff, 0xd6,

    /* U+0046 "F" */
    0x3f, 0xff, 0xfe, 0x1b, 0x80, 0x7f, 0xf6, 0x8a,
    0xef, 0xfe, 0x60, 0xc, 0x28, 0x9f, 0xf0, 0x80,
    0x7f, 0xff, 0xc0, 0x3f, 0xf8, 0x42, 0x67, 0xfe,
    0x0, 0xf1, 0x66, 0x7f, 0x80, 0x3f, 0xfb, 0x87,
    0xff, 0xfe, 0x0, 0xff, 0xff, 0x80, 0x7f, 0xff,
    0xc0, 0x38,

    /* U+0047 "G" */
    0x0, 0xe2, 0x8d, 0xff, 0x76, 0x41, 0x0, 0x7e,
    0x8d, 0x72, 0x0, 0x9, 0xbe, 0xc8, 0x7, 0xa9,
    0xc0, 0x3f, 0x9a, 0xc0, 0x33, 0xa8, 0x4, 0x95,
    0x94, 0xa0, 0x12, 0x38, 0x0, 0x60, 0x2, 0x8b,
    0x53, 0x5a, 0x90, 0xa, 0x0, 0x12, 0x1, 0x23,
    0x80, 0x73, 0x18, 0x4, 0xa0, 0xc0, 0x14, 0x0,
    0x7d, 0x40, 0x16, 0x90, 0x80, 0x4, 0xc0, 0x3e,
    0x7b, 0xbc, 0xe0, 0x12, 0x80, 0x7e, 0x14, 0x48,
    0xcc, 0x1, 0x10, 0x7, 0xff, 0x4, 0x40, 0x3f,
    0xfc, 0x15, 0xff, 0xf5, 0x0, 0x7f, 0xf1, 0x84,
    0x3, 0xff, 0x8a, 0x60, 0x11, 0x0, 0x6a, 0xff,
    0xac, 0x3, 0x38, 0x4, 0xa0, 0x1f, 0xfc, 0x12,
    0x10, 0x0, 0x98, 0x7, 0xff, 0x5, 0x80, 0x28,
    0x0, 0xff, 0xe0, 0xc8, 0x4, 0x90, 0x1, 0xe2,
    0x0, 0xe1, 0x90, 0x9, 0xf1, 0x4d, 0x1a, 0xe4,
    0x3, 0xcc, 0xc0, 0x8, 0xeb, 0x2e, 0x50, 0x2,
    0x3b, 0x0, 0xa6, 0x0, 0x3f, 0xcf, 0x82, 0x1,
    0x9f, 0xa0, 0xc4, 0x0, 0x4b, 0x3f, 0x0, 0x0,

    /* U+0048 "H" */
    0xdf, 0xf8, 0x40, 0x3e, 0xdf, 0xf8, 0x40, 0x3f,
    0xff, 0xe0, 0x1f, 0xff, 0xf0, 0xf, 0xbb, 0xff,
    0xe2, 0x0, 0xff, 0xef, 0x5e, 0x67, 0xc4, 0x1,
    0xf9, 0x4c, 0xfe, 0x0, 0xff, 0xff, 0x80, 0x7f,
    0xff, 0xc0, 0x3f, 0x0,

    /* U+0049 "I" */
    0xef, 0xff, 0xfe, 0xa, 0x80, 0x7f, 0xf4, 0xb6,
    0xef, 0x8, 0x5, 0x57, 0x79, 0xd, 0x13, 0x0,
    0x67, 0x44, 0xc2, 0x1, 0xff, 0xff, 0x0, 0xff,
    0xff, 0x80, 0x7f, 0xff, 0xcc, 0xf8, 0x3, 0x39,
    0x9e, 0x1d, 0xcc, 0xc2, 0x1, 0x56, 0x66, 0x40,
    0xf, 0xfe, 0x90,

    /* U+004A "J" */
    0x0, 0xff, 0xe0, 0x17, 0xfd, 0xc0, 0x1f, 0xff,
    0xf0, 0xf, 0xff, 0xf8, 0x7, 0xff, 0xfc, 0x3,
    0xff, 0xa6, 0x89, 0x18, 0x7, 0xfc, 0x65, 0x77,
    0x70, 0x7, 0xcc, 0x1, 0x9, 0x0, 0x44, 0x20,
    0x1e, 0xd0, 0x9, 0x41, 0x0, 0x2b, 0x0, 0xe4,
    0x60, 0xa, 0x82, 0x0, 0x25, 0xc6, 0x34, 0x9b,
    0x0, 0x94, 0xc0, 0xdc, 0x2, 0x39, 0xcb, 0x60,
    0x8, 0xac, 0x2, 0x88, 0x0, 0x7f, 0x2e, 0x8,
    0x6, 0x7e, 0x83, 0x10, 0x1, 0x36, 0x50, 0x80,
    0x0,

    /* U+004B "K" */
    0x9f, 0xf9, 0xc0, 0x3e, 0x4f, 0xfd, 0x20, 0x1f,
    0xfc, 0x1, 0xa0, 0x8, 0xe4, 0x3, 0xff, 0x81,
    0xa2, 0x0, 0x1d, 0x0, 0xff, 0xe0, 0x41, 0x80,
    0x54, 0x20, 0x1f, 0xf2, 0xb8, 0x5, 0x8, 0x1,
    0xff, 0x15, 0x0, 0x4a, 0xe0, 0x1f, 0xfc, 0xe,
    0x0, 0x8a, 0x80, 0x3f, 0xf8, 0x12, 0x60, 0x17,
    0x80, 0x7f, 0xf0, 0x15, 0x80, 0x2a, 0x20, 0xf,
    0xf8, 0xa8, 0x2, 0x75, 0x0, 0xff, 0xbf, 0xc0,
    0x10, 0xc0, 0x7, 0xff, 0x1, 0xc8, 0x2, 0x15,
    0x0, 0xff, 0xe3, 0x58, 0x80, 0x7f, 0xf0, 0x84,
    0x0, 0x30, 0x1, 0xff, 0xc1, 0xb8, 0x0, 0x99,
    0x0, 0x3f, 0xe9, 0x46, 0x40, 0xa, 0x40, 0x3f,
    0xcc, 0xc0, 0x4, 0x80, 0x45, 0x0, 0x1f, 0xdc,
    0x1, 0x14, 0x0, 0x4e, 0x60, 0x1f, 0xfc, 0x17,
    0x20, 0xb, 0x80, 0x3f, 0xf8, 0x5c, 0x1, 0x13,
    0x80, 0x7f, 0xf0, 0x4d, 0x80, 0x28, 0x20, 0xf,
    0xfe, 0xc, 0x88, 0x5, 0xc0, 0x1f, 0xfc, 0x2b,
    0x0, 0x8d, 0x80, 0x3f, 0xf8, 0x2a, 0x80, 0x14,
    0x90,

    /* U+004C "L" */
    0x2f, 0xfb, 0x40, 0x3f, 0xff, 0xe0, 0x1f, 0xff,
    0xf0, 0xf, 0xff, 0xf8, 0x7, 0xff, 0xfc, 0x3,
    0xff, 0xb8, 0x67, 0xff, 0x8, 0x6, 0x2c, 0xcf,
    0xf9, 0x0, 0x3f, 0xfa, 0xc0,

    /* U+004D "M" */
    0xbf, 0xfc, 0xa0, 0x1d, 0x5f, 0xf9, 0xc0, 0x3b,
    0xc0, 0x39, 0x40, 0x3f, 0xc8, 0x1, 0x90, 0x3,
    0xfe, 0x13, 0x0, 0xb8, 0x3, 0xff, 0x81, 0x60,
    0x12, 0x0, 0x7f, 0xf0, 0x10, 0x0, 0x82, 0x2,
    0x1, 0xf1, 0x8, 0x18, 0x86, 0x80, 0x1c, 0x3,
    0xf2, 0x0, 0x1c, 0x1c, 0x1, 0xa0, 0x1f, 0xbc,
    0x1, 0x86, 0x20, 0x4c, 0x1, 0xf9, 0x40, 0xb,
    0x40, 0x5, 0x0, 0xfc, 0x60, 0x80, 0x6, 0x0,
    0x58, 0x7, 0xfb, 0x40, 0x31, 0x18, 0x80, 0x7f,
    0x38, 0x6, 0x50, 0xf, 0xe1, 0x1, 0x30, 0xa,
    0xc0, 0x3f, 0xf8, 0x8, 0x0, 0x13, 0x7, 0x0,
    0xff, 0x58, 0x1, 0xc0, 0x3f, 0xf8, 0x26, 0xcc,
    0xa0, 0xf, 0xfe, 0x14, 0xc8, 0xc0, 0x3f, 0xff,
    0xe0, 0x1f, 0xfd, 0x60,

    /* U+004E "N" */
    0xdf, 0xf9, 0xc0, 0x3e, 0xff, 0xc2, 0x1, 0xa4,
    0x3, 0xff, 0x88, 0x2c, 0x1, 0xff, 0xc4, 0xb0,
    0xf, 0xfe, 0x21, 0x28, 0x7, 0xff, 0x12, 0x0,
    0x3f, 0xf8, 0x84, 0x80, 0x1f, 0xfc, 0x48, 0x0,
    0xff, 0xe0, 0xb8, 0x0, 0xd0, 0x3, 0xff, 0x81,
    0x64, 0x0, 0xf0, 0xf, 0xfe, 0xc, 0x0, 0x10,
    0xc0, 0x3f, 0xf8, 0xa, 0x40, 0x9, 0x0, 0xff,
    0xe0, 0xd8, 0x1, 0x48, 0x3, 0xff, 0x80, 0xc2,
    0x0, 0x80, 0xf, 0xfe, 0xc, 0x80, 0x14, 0x40,
    0x3f, 0xf8, 0xe, 0x20, 0x8, 0x0, 0xff, 0xe0,
    0xc8, 0x1, 0x80, 0x3f, 0xf8, 0x2c, 0x1, 0xff,
    0xc4, 0x17, 0x0, 0xff, 0xe2, 0x48, 0x7, 0xff,
    0x10, 0x58, 0x3, 0xff, 0x89, 0x60, 0x1f, 0xfc,
    0x42, 0x50, 0xf, 0xfe, 0x24, 0x0, 0x70,

    /* U+004F "O" */
    0x0, 0xe3, 0x9d, 0xff, 0x75, 0x28, 0x7, 0xf5,
    0x63, 0x10, 0x0, 0x56, 0xb0, 0x80, 0x3d, 0x8a,
    0x1, 0xf8, 0xf0, 0x80, 0x34, 0x98, 0x4, 0xb3,
    0x4c, 0x1, 0xf, 0x80, 0x44, 0xc0, 0x15, 0x51,
    0x96, 0x74, 0x40, 0x4, 0xe0, 0xb, 0x0, 0x9d,
    0x40, 0x31, 0x50, 0x5, 0x20, 0x7, 0x0, 0xa4,
    0x3, 0xc8, 0x60, 0x1, 0x42, 0x10, 0x1, 0x8,
    0x7, 0xd6, 0x1, 0x63, 0x80, 0x4e, 0x1, 0xf8,
    0xc0, 0x23, 0x20, 0x8, 0xc0, 0x3f, 0x38, 0x4,
    0xc0, 0x18, 0x40, 0x3f, 0x8, 0x7, 0xff, 0xec,
    0x40, 0x31, 0x0, 0x44, 0x1, 0xf9, 0xc0, 0x26,
    0x60, 0x4, 0xe0, 0x1f, 0x8c, 0x2, 0x33, 0x8,
    0x0, 0x84, 0x3, 0xeb, 0x0, 0xb0, 0x1c, 0x2,
    0x90, 0xf, 0x19, 0x80, 0x2, 0x81, 0x60, 0x13,
    0xa0, 0x6, 0x1e, 0x0, 0xa4, 0x0, 0x4c, 0x1,
    0x5d, 0x2a, 0xa3, 0xc8, 0x0, 0x4e, 0x1, 0x49,
    0x80, 0x4b, 0x54, 0x71, 0x0, 0xf, 0x80, 0x76,
    0x28, 0x7, 0xe2, 0xc2, 0x0, 0xf5, 0x63, 0x10,
    0x0, 0x56, 0xb4, 0x80, 0x20,

    /* U+0050 "P" */
    0x3f, 0xff, 0xed, 0xa5, 0x0, 0xff, 0xe1, 0x92,
    0xd6, 0xa0, 0x7, 0xff, 0x10, 0xad, 0x40, 0x3c,
    0x79, 0x9a, 0xe0, 0x40, 0x2a, 0x20, 0xf, 0x19,
    0xe4, 0x7f, 0x20, 0xa, 0xc0, 0x3f, 0xf8, 0x3,
    0x20, 0x13, 0x0, 0x7f, 0xf0, 0x50, 0x40, 0x22,
    0x0, 0xff, 0xe0, 0x98, 0x4, 0x20, 0x1f, 0xfc,
    0x13, 0x0, 0x84, 0x3, 0xff, 0x80, 0x62, 0x1,
    0x10, 0x7, 0xfc, 0x3c, 0x1, 0x28, 0x7, 0x8c,
    0xf2, 0x3f, 0x90, 0x5, 0x0, 0x1c, 0x79, 0x9a,
    0xe0, 0x40, 0x2a, 0x20, 0xf, 0xfe, 0x11, 0x5a,
    0x80, 0x7f, 0xf0, 0x9, 0x6b, 0x50, 0x3, 0xe3,
    0xff, 0xed, 0xa5, 0x0, 0xff, 0xff, 0x80, 0x7f,
    0xff, 0x80,

    /* U+0051 "Q" */
    0x0, 0xe2, 0x9d, 0xff, 0x75, 0xa8, 0x7, 0xfa,
    0x75, 0x88, 0x0, 0x29, 0x5a, 0x60, 0x1f, 0x5b,
    0x0, 0x7e, 0x2c, 0x30, 0xe, 0x94, 0x0, 0x96,
    0x69, 0xc4, 0x2, 0xd1, 0x0, 0x89, 0x80, 0x2b,
    0xa6, 0x58, 0xf3, 0x0, 0xd, 0x80, 0x56, 0x1,
    0x3a, 0x0, 0x61, 0xe0, 0x9, 0x44, 0x0, 0xe0,
    0x14, 0x80, 0x78, 0x94, 0x2, 0x60, 0x31, 0x0,
    0x10, 0x80, 0x7d, 0xe0, 0x16, 0x3, 0x0, 0x4e,
    0x1, 0xf9, 0xc0, 0x25, 0x2, 0x0, 0x88, 0x3,
    0xf1, 0x0, 0x42, 0x1e, 0x1, 0xff, 0xff, 0xf0,
    0xf, 0xfe, 0x30, 0x80, 0x42, 0x1, 0xf8, 0x40,
    0x21, 0x5, 0x0, 0x94, 0x3, 0xf2, 0x80, 0x4a,
    0x6, 0x1, 0x18, 0x80, 0x7d, 0xa0, 0x16, 0x0,
    0x14, 0x2, 0x90, 0xf, 0xb, 0x0, 0x4a, 0x0,
    0x90, 0x9, 0xd0, 0x3, 0xe, 0x80, 0x4a, 0x40,
    0x3, 0x60, 0xa, 0xe9, 0x55, 0x1e, 0x60, 0x1,
    0xb0, 0xd, 0x26, 0x1, 0x2d, 0x51, 0xc4, 0x2,
    0xa1, 0x0, 0xec, 0x60, 0xf, 0xf1, 0x0, 0x7d,
    0x38, 0xc4, 0x0, 0x13, 0x0, 0xa6, 0x40, 0x1f,
    0x1c, 0xef, 0xfb, 0xb1, 0xc0, 0x26, 0xb0, 0xf,
    0xfe, 0xc, 0x48, 0x4, 0x90, 0x1, 0xff, 0xc1,
    0x6b, 0x0, 0x2c, 0x0, 0x7f, 0xf0, 0x93, 0x22,
    0x80,

    /* U+0052 "R" */
    0x7f, 0xff, 0xdd, 0x90, 0x60, 0x1f, 0xfc, 0x21,
    0x37, 0xcb, 0x10, 0xf, 0xfe, 0x22, 0x78, 0x80,
    0x79, 0xb3, 0x35, 0x28, 0x4, 0x3a, 0x1, 0xe1,
    0x33, 0xcb, 0x54, 0x0, 0x8d, 0x0, 0x3f, 0xf8,
    0xa, 0xa0, 0xb, 0x0, 0x3f, 0xf8, 0x3e, 0x1,
    0x18, 0x7, 0xff, 0x4, 0x40, 0x27, 0x0, 0xff,
    0xe0, 0x88, 0x4, 0xc0, 0x1f, 0xfc, 0x1f, 0x0,
    0xb4, 0x3, 0xff, 0x80, 0xaa, 0x0, 0x98, 0x3,
    0x84, 0xcf, 0x2d, 0x50, 0x2, 0x71, 0x0, 0xe6,
    0xcc, 0xd4, 0xa0, 0x12, 0xc0, 0x7, 0xff, 0x8,
    0x66, 0x80, 0x3f, 0xf8, 0x6c, 0xc0, 0xf, 0xcf,
    0xff, 0x68, 0x4, 0xe2, 0x1, 0xff, 0xc0, 0x25,
    0x0, 0xa0, 0x3, 0xff, 0x83, 0x0, 0x13, 0x10,
    0x7, 0xff, 0x0, 0x98, 0x2, 0x80, 0xf, 0xfe,
    0xc, 0x0, 0x4a, 0x60, 0x1f, 0xfc, 0x1, 0x60,
    0xa, 0x0, 0x3f, 0xf8, 0x30, 0x1, 0x22, 0x0,
    0x3f, 0xf8, 0x2, 0xe0, 0x14, 0x0, 0x7f, 0xf0,
    0x64, 0x2, 0x35,

    /* U+0053 "S" */
    0x0, 0xe3, 0x8c, 0xef, 0xf6, 0xca, 0x0, 0x7e,
    0x1a, 0xc7, 0x31, 0x0, 0x13, 0x5e, 0x10, 0x7,
    0xf, 0xa8, 0x7, 0xf1, 0xe1, 0x80, 0x6d, 0x10,
    0x9, 0xab, 0x2d, 0xc0, 0x21, 0xd0, 0x9, 0xc,
    0x2, 0xc9, 0x53, 0x48, 0xd1, 0x0, 0xb, 0x80,
    0x30, 0x2, 0x63, 0x0, 0xe2, 0x80, 0xa, 0x80,
    0x2, 0x1, 0x78, 0x7, 0xcc, 0x1, 0x10, 0x3,
    0x80, 0x2c, 0x0, 0xfd, 0xbb, 0x80, 0x8, 0x1,
    0x2b, 0x0, 0x7c, 0x45, 0x80, 0x6, 0xa0, 0x14,
    0xe2, 0x80, 0x7f, 0xf0, 0x28, 0xc0, 0x23, 0xaf,
    0xa5, 0x0, 0xff, 0x63, 0x80, 0x72, 0xd7, 0xc0,
    0x80, 0x7e, 0x8d, 0x60, 0xf, 0x3f, 0xa8, 0x7,
    0xe2, 0x9f, 0xa5, 0x0, 0xc3, 0x4c, 0x1, 0xfe,
    0x5a, 0xf9, 0x20, 0xa, 0x4c, 0x3, 0xff, 0x80,
    0xda, 0x60, 0x14, 0x81, 0x33, 0x48, 0x1, 0xfb,
    0x80, 0x25, 0x6, 0x99, 0xa0, 0x3, 0xf1, 0x0,
    0x61, 0x50, 0x8, 0xc8, 0x3, 0xe1, 0x0, 0xc2,
    0x25, 0x0, 0xbc, 0x40, 0x3d, 0x60, 0x11, 0x80,
    0x2c, 0x40, 0x5, 0xf0, 0x86, 0x66, 0xd5, 0x0,
    0xa4, 0x0, 0x3a, 0x1, 0xb, 0xde, 0x62, 0x48,
    0x2, 0x65, 0x0, 0x8f, 0x50, 0x3, 0xfd, 0x32,
    0x0, 0xe2, 0xbd, 0x73, 0x10, 0x0, 0xa4, 0xf3,
    0x0, 0x40,

    /* U+0054 "T" */
    0x3f, 0xff, 0xfe, 0x35, 0x0, 0x7f, 0xf7, 0xe,
    0xef, 0xe2, 0x0, 0xa6, 0xef, 0xd0, 0x8, 0x9f,
    0x8, 0x4, 0x89, 0xf1, 0x0, 0x7f, 0xff, 0xc0,
    0x3f, 0xff, 0xe0, 0x1f, 0xff, 0xf0, 0xf, 0xff,
    0xf8, 0x7, 0xff, 0xfc, 0x3, 0x80,

    /* U+0055 "U" */
    0xcf, 0xf8, 0x80, 0x3e, 0xbf, 0xf8, 0xc0, 0x3f,
    0xfc, 0xe2, 0x1, 0xff, 0x38, 0x7, 0xff, 0xfc,
    0x3, 0xff, 0xfe, 0x1, 0xff, 0xdd, 0x10, 0x8,
    0x40, 0x3e, 0x10, 0xc, 0xc0, 0x12, 0x80, 0x7c,
    0x40, 0x11, 0x68, 0x5, 0x80, 0x1e, 0x50, 0x8,
    0x85, 0x80, 0x25, 0x40, 0xc, 0x30, 0x1, 0x50,
    0xb, 0x0, 0x57, 0x28, 0x6f, 0xe4, 0x0, 0x16,
    0x0, 0x49, 0x80, 0x4d, 0x79, 0x2, 0x1, 0x50,
    0x80, 0x5a, 0x80, 0x1f, 0x87, 0x10, 0x3, 0xd,
    0xd9, 0x48, 0x0, 0x29, 0x3c, 0x60, 0x10,

    /* U+0056 "V" */
    0x1f, 0xfc, 0x80, 0x1f, 0xdd, 0xff, 0x30, 0xa0,
    0x5, 0xa0, 0x1f, 0x8c, 0x40, 0x27, 0xd, 0x0,
    0x90, 0x3, 0xf2, 0x0, 0x46, 0x20, 0xe0, 0x11,
    0x10, 0x3, 0xeb, 0x0, 0xac, 0x0, 0x26, 0x1,
    0x20, 0x7, 0x84, 0xc0, 0x25, 0x0, 0xac, 0x2,
    0xc0, 0xf, 0x20, 0x4, 0x44, 0x0, 0x90, 0x2,
    0x50, 0xf, 0x60, 0x4, 0xa0, 0x18, 0xc4, 0x2,
    0x30, 0xe, 0x70, 0xa, 0xc0, 0x39, 0xc0, 0x2b,
    0x0, 0xc4, 0x20, 0x1, 0x30, 0xe, 0xd0, 0x9,
    0x0, 0x32, 0x80, 0x4e, 0x1, 0xe4, 0x10, 0x1,
    0x88, 0x5, 0x80, 0x16, 0x80, 0x7c, 0x80, 0x12,
    0x0, 0x48, 0x1, 0x20, 0x7, 0xde, 0x1, 0x78,
    0x1, 0x0, 0x24, 0x0, 0xfc, 0xa0, 0x12, 0x0,
    0x34, 0x2, 0xd0, 0xf, 0xe4, 0x0, 0x9, 0x2,
    0x0, 0x4e, 0x1, 0xfd, 0xa0, 0x12, 0x89, 0x0,
    0xc, 0x40, 0x3f, 0x9c, 0x2, 0xc7, 0x0, 0xac,
    0x3, 0xfc, 0x26, 0x0, 0x4d, 0x0, 0x94, 0x3,
    0xfe, 0xb0, 0x9, 0x0, 0x4, 0x40, 0xf, 0xf9,
    0x40, 0x3c, 0xa0, 0x1f, 0xfc, 0x2, 0x20, 0x7,
    0x58, 0x7, 0xff, 0x5, 0x40, 0x30, 0x98, 0x7,
    0xff, 0x6, 0xc0, 0x33, 0x80, 0x7f, 0xf0, 0x8c,
    0x40, 0x2d, 0x0, 0xf8,

    /* U+0057 "W" */
    0x2f, 0xfa, 0x0, 0x25, 0xff, 0x68, 0x6, 0xef,
    0xf6, 0x90, 0x4, 0x40, 0x16, 0x80, 0x8, 0x3,
    0x8, 0x1, 0xc0, 0x40, 0xc, 0x1, 0x10, 0x4,
    0x60, 0x2, 0x0, 0x88, 0x8, 0x0, 0x20, 0x13,
    0x80, 0x4c, 0x0, 0x10, 0xb, 0x81, 0x80, 0x4,
    0x1, 0x10, 0x5, 0xa0, 0x6, 0x0, 0x88, 0x8,
    0x2, 0x10, 0x20, 0xc, 0x40, 0x2, 0x0, 0x98,
    0x38, 0x2, 0x20, 0x60, 0xc, 0xe0, 0xe, 0x0,
    0x88, 0x8, 0x2, 0x60, 0x30, 0xc, 0x40, 0x2,
    0x0, 0x8, 0x1, 0x40, 0x23, 0xe, 0x0, 0x8,
    0x0, 0x81, 0xc0, 0xa, 0x0, 0x10, 0xb, 0x81,
    0x40, 0xe, 0x0, 0x70, 0x20, 0x1, 0x0, 0x44,
    0x0, 0x20, 0x20, 0x1c, 0x0, 0x10, 0x8, 0x3,
    0x80, 0x26, 0x0, 0x30, 0x88, 0x9, 0xc0, 0x1a,
    0x40, 0x11, 0x0, 0x44, 0x0, 0x25, 0x0, 0x29,
    0x0, 0x1d, 0x80, 0x26, 0x0, 0xb8, 0x0, 0x24,
    0x0, 0xf0, 0x20, 0x22, 0x0, 0x44, 0x1, 0x10,
    0x5, 0x80, 0x2, 0x7, 0x0, 0x60, 0x4, 0x20,
    0x13, 0x0, 0x48, 0x0, 0x50, 0x20, 0x2, 0x0,
    0x8, 0x3, 0x10, 0x4, 0x20, 0x22, 0xd, 0x0,
    0x8, 0x1, 0xc0, 0x30, 0x80, 0x71, 0x0, 0x1c,
    0x3, 0x88, 0x3, 0x8c, 0x3, 0x28, 0x0, 0x80,
    0x3b, 0x80, 0x39, 0x80, 0x37, 0x80, 0x44, 0x1,
    0x88, 0x3, 0x88, 0x3, 0x10, 0x4, 0xe0, 0x19,
    0x80, 0x3b, 0x80, 0x32, 0x80, 0x44, 0x1, 0x88,
    0x3, 0x88, 0x2, 0x11, 0x0, 0x5a, 0x1, 0x8,
    0x7, 0x98, 0x2, 0x20, 0xc, 0xe0, 0x11, 0x0,
    0x40,

    /* U+0058 "X" */
    0xa, 0xff, 0xc2, 0x1, 0xf1, 0xff, 0xe7, 0xb,
    0x0, 0xd2, 0x1, 0xf4, 0x0, 0x44, 0xe0, 0x30,
    0x1, 0x38, 0x80, 0x72, 0x20, 0x2, 0x90, 0x9,
    0xc8, 0x2, 0x80, 0xe, 0x80, 0x9, 0x10, 0x1,
    0xa0, 0x2, 0x61, 0x0, 0x94, 0xc0, 0x29, 0x0,
    0xe5, 0x40, 0xa, 0x0, 0x28, 0x0, 0x9c, 0x80,
    0x3d, 0x20, 0x13, 0x10, 0x31, 0x0, 0x6, 0x0,
    0x3e, 0x26, 0x0, 0xa0, 0x20, 0x2, 0x80, 0xf,
    0xe8, 0x10, 0x2, 0xc8, 0x80, 0xd, 0x80, 0x3f,
    0x86, 0x0, 0x26, 0x0, 0xbc, 0x3, 0xfe, 0x62,
    0x0, 0xe5, 0x30, 0xf, 0xfe, 0x4, 0x80, 0x75,
    0x80, 0x7f, 0xf0, 0x48, 0x3, 0x88, 0x3, 0xff,
    0x83, 0x0, 0x1d, 0xe0, 0x1f, 0xfc, 0x8, 0x10,
    0xe, 0x35, 0x0, 0xff, 0x13, 0x80, 0x52, 0x1,
    0x58, 0x7, 0xfa, 0x40, 0x26, 0x62, 0x0, 0x6,
    0x0, 0x3f, 0x22, 0x0, 0x28, 0x8, 0x0, 0x9c,
    0x80, 0x3e, 0x90, 0x9, 0xc4, 0xd, 0x40, 0x29,
    0x0, 0xf3, 0x90, 0x0, 0x64, 0x2, 0x80, 0x9,
    0x10, 0x1, 0x86, 0x0, 0x29, 0x10, 0x8, 0x98,
    0x2, 0x90, 0xd, 0x60, 0x10, 0xb8, 0x7, 0x40,
    0x4, 0x4e, 0x0, 0x35, 0x0, 0xa0, 0x3, 0xc2,
    0xe0, 0x14, 0x8, 0x78, 0x4, 0x4c, 0x1, 0xf4,
    0x80, 0x68,

    /* U+0059 "Y" */
    0x1f, 0xfc, 0xc0, 0x1f, 0xdd, 0xff, 0x40, 0xb8,
    0x5, 0x60, 0x1f, 0x94, 0x40, 0x29, 0x9, 0x0,
    0x89, 0x0, 0x3e, 0x90, 0x9, 0xc4, 0x5, 0xc0,
    0x28, 0x0, 0xf1, 0x98, 0x2, 0x90, 0xa, 0x40,
    0x23, 0x30, 0x7, 0x48, 0x4, 0xc2, 0x1, 0xb,
    0x0, 0x52, 0x1, 0x89, 0x40, 0x28, 0x0, 0xe8,
    0x0, 0x94, 0x40, 0x2a, 0x0, 0x98, 0x40, 0x38,
    0x58, 0x2, 0x90, 0x9, 0xc0, 0x28, 0x0, 0xfa,
    0x0, 0x26, 0x0, 0x38, 0x4, 0xc2, 0x1, 0xf0,
    0xb0, 0x0, 0x58, 0x24, 0x2, 0xb0, 0xf, 0xeb,
    0x0, 0xad, 0x44, 0x0, 0xc4, 0x1, 0xfc, 0x4c,
    0x0, 0x2a, 0x0, 0xac, 0x3, 0xfe, 0xb0, 0xf,
    0x29, 0x0, 0x7f, 0xc4, 0xa0, 0x1d, 0x0, 0x1f,
    0xfc, 0x18, 0x0, 0xca, 0x40, 0x1f, 0xfc, 0x12,
    0x30, 0xa, 0x40, 0x3f, 0xff, 0xee, 0x1, 0xff,
    0xdf, 0x10, 0xf, 0xff, 0x18,

    /* U+005A "Z" */
    0x3f, 0xff, 0xfe, 0x22, 0x0, 0x7f, 0xf5, 0xdc,
    0xee, 0xff, 0xe3, 0x0, 0x94, 0xc1, 0x13, 0xfc,
    0x26, 0x0, 0x1b, 0x0, 0xff, 0x86, 0xc0, 0x2b,
    0x10, 0xf, 0xfa, 0xc4, 0x0, 0x8a, 0x1, 0xff,
    0x22, 0x80, 0x54, 0x1, 0xff, 0xc0, 0xa0, 0xa,
    0x44, 0x3, 0xfe, 0x91, 0x0, 0x23, 0x0, 0x7f,
    0xc6, 0xc0, 0x14, 0x80, 0x7f, 0xf0, 0x38, 0x2,
    0x82, 0x0, 0xff, 0xa0, 0x80, 0x6, 0xe0, 0x1f,
    0xf1, 0xb8, 0x5, 0xc0, 0x1f, 0xfc, 0xe, 0x0,
    0xa0, 0x80, 0x3f, 0xe8, 0x20, 0x1, 0x38, 0x7,
    0xfc, 0x4e, 0x1, 0x70, 0x7, 0xff, 0x3, 0x80,
    0x27, 0x30, 0xf, 0xf9, 0xcc, 0x0, 0x50, 0x1,
    0xff, 0x14, 0x0, 0x5c, 0x1, 0xff, 0xc0, 0xe0,
    0x9, 0x0, 0xcf, 0xfc, 0x48, 0x60, 0x12, 0x66,
    0x7f, 0xd0, 0x20, 0x1f, 0xfd, 0x70,

    /* U+005B "[" */
    0x2f, 0xff, 0x70, 0x7, 0xff, 0x21, 0x3b, 0x9e,
    0x1, 0xc2, 0x30, 0x7, 0xff, 0xfc, 0x3, 0xff,
    0xfe, 0x1, 0xff, 0xe3, 0x11, 0x80, 0x32, 0x77,
    0x3c, 0x3, 0xff, 0x88,

    /* U+005C "\\" */
    0xe, 0xff, 0x60, 0x7, 0xfc, 0xc0, 0x3, 0x20,
    0xf, 0xf5, 0x0, 0x54, 0x1, 0xfe, 0x23, 0x0,
    0x28, 0x7, 0xfd, 0x40, 0x2, 0x30, 0xf, 0xf3,
    0x80, 0x54, 0x1, 0xfe, 0x14, 0x0, 0x30, 0x7,
    0xfd, 0xc0, 0x12, 0x80, 0x7f, 0x94, 0x2, 0xe0,
    0xf, 0xf9, 0x80, 0x8, 0x20, 0x1f, 0xea, 0x0,
    0x9c, 0x3, 0xfc, 0x64, 0x0, 0xa0, 0xf, 0xf9,
    0x40, 0x6, 0x40, 0x1f, 0xea, 0x0, 0xa8, 0x3,
    0xfc, 0x46, 0x0, 0x60, 0xf, 0xfa, 0x80, 0x2,
    0x80, 0x1f, 0xe7, 0x0, 0xb4, 0x3, 0xfc, 0x2a,
    0x0, 0x60, 0xf, 0xfb, 0xc0, 0x25, 0x0, 0xff,
    0x28, 0x80, 0x38, 0x3, 0xfe, 0x70, 0x2, 0x8,
    0x7, 0xfa, 0x80, 0x26, 0x0, 0xff, 0x19, 0x0,
    0x2c, 0x3, 0xfe, 0xa0, 0x1, 0x90, 0x7, 0xf9,
    0x40, 0x2a, 0x0, 0xff, 0x11, 0x80, 0x18, 0x0,

    /* U+005D "]" */
    0x5f, 0xff, 0x60, 0x7, 0xff, 0x11, 0x7b, 0x98,
    0x1, 0xc2, 0x30, 0x7, 0xff, 0xfc, 0x3, 0xff,
    0xfe, 0x1, 0xff, 0xe3, 0x11, 0x80, 0x32, 0xf7,
    0x30, 0x3, 0xff, 0x90,

    /* U+005E "^" */
    0x0, 0xe1, 0x88, 0x38, 0x7, 0xfc, 0xce, 0xe8,
    0x30, 0xf, 0xf5, 0x0, 0x52, 0x1, 0xfc, 0x84,
    0x1, 0x28, 0x80, 0x7e, 0xf0, 0x1, 0x0, 0x18,
    0x3, 0xe2, 0x40, 0x4, 0x0, 0x24, 0x3, 0xeb,
    0x0, 0x2a, 0x84, 0x5, 0x40, 0x3c, 0xc0, 0x9,
    0x6, 0x0, 0x70, 0x7, 0x30, 0x0, 0x8c, 0x24,
    0x0, 0x84, 0x1, 0xac, 0x1, 0x60, 0x1, 0x40,
    0x5, 0x80, 0x48, 0x40, 0x6, 0x0, 0xbc, 0x0,
    0xc0, 0x17, 0x80, 0x18, 0x3, 0x21, 0x0, 0x18,
    0x9, 0x0, 0x14, 0x1, 0xd4, 0x0, 0xb0,

    /* U+005F "_" */
    0x1, 0x1f, 0xfe, 0x1c, 0x77, 0x7f, 0xf0, 0xa8,
    0x3, 0xff, 0xa8,

    /* U+0060 "`" */
    0x6, 0x77, 0x8c, 0x3, 0x14, 0x45, 0xa2, 0x1,
    0x25, 0x80, 0x6, 0xc0, 0x32, 0x50, 0x1, 0x50,
    0x3, 0x2d, 0x0, 0x28, 0x40,

    /* U+0061 "a" */
    0x0, 0xcd, 0x7d, 0xfe, 0xeb, 0x60, 0xf, 0x97,
    0xa5, 0x4, 0x0, 0x29, 0x3c, 0x80, 0x19, 0x68,
    0x40, 0x3f, 0xd, 0xa0, 0x5, 0x60, 0x13, 0x6f,
    0xfa, 0xcc, 0x2, 0x90, 0x2, 0x88, 0x1, 0x24,
    0x80, 0x9, 0x82, 0x0, 0x23, 0x4, 0xbb, 0xa4,
    0x3, 0xce, 0x1, 0x28, 0xa, 0x24, 0x40, 0x1e,
    0x10, 0xf, 0xc4, 0xf7, 0xdf, 0xf9, 0xc0, 0x3e,
    0x9d, 0x84, 0x10, 0xf, 0xfa, 0xd8, 0x2, 0x37,
    0x88, 0x8c, 0x3, 0x95, 0x0, 0x3, 0xb9, 0xe,
    0xf2, 0x0, 0x77, 0x80, 0x56, 0x40, 0x1f, 0xf3,
    0x0, 0x4e, 0x1, 0xe1, 0x0, 0xfe, 0x50, 0xe,
    0x46, 0x0, 0xeb, 0x0, 0xa2, 0x6, 0x49, 0x56,
    0x1, 0x84, 0x18, 0x40, 0x27, 0xcd, 0xb5, 0x0,
    0xef, 0x1, 0xc2, 0x0, 0xf8, 0x9c, 0x2, 0x30,
    0x1, 0x6c, 0x18, 0x0, 0x52, 0x76, 0x80, 0x24,
    0x0,

    /* U+0062 "b" */
    0x5f, 0xfa, 0x40, 0x3f, 0xff, 0xe0, 0x1f, 0xfe,
    0x16, 0xcf, 0xf7, 0x51, 0x80, 0x7e, 0x3c, 0x93,
    0x0, 0xa, 0xe4, 0x80, 0x7c, 0xa6, 0x1, 0xf3,
    0x40, 0x7, 0xe6, 0xbc, 0x92, 0x0, 0x9c, 0xc0,
    0x3d, 0x72, 0x86, 0xda, 0x60, 0x14, 0x80, 0x72,
    0xa0, 0x7, 0x78, 0x4, 0xa0, 0x1c, 0x60, 0x1e,
    0x32, 0x0, 0x88, 0x3, 0xff, 0x80, 0xc0, 0x13,
    0x0, 0x7f, 0xf0, 0x8, 0x2, 0x10, 0xf, 0xfe,
    0x89, 0x0, 0x42, 0x1, 0xff, 0xc0, 0x60, 0x9,
    0x80, 0x31, 0x80, 0x78, 0xc8, 0x2, 0x20, 0xc,
    0xa8, 0x1, 0xde, 0x1, 0x28, 0x7, 0xae, 0x50,
    0xd7, 0xc, 0x2, 0x90, 0xf, 0x9a, 0xf2, 0x8c,
    0x2, 0x63, 0x0, 0xe8, 0x20, 0xf, 0x9a, 0x40,
    0x3c, 0x7b, 0x26, 0x0, 0x15, 0xc9, 0x0, 0x80,

    /* U+0063 "c" */
    0x0, 0xc5, 0x1b, 0xfe, 0xec, 0x71, 0x0, 0xf4,
    0x6b, 0x90, 0x0, 0x4e, 0x39, 0x80, 0x35, 0x38,
    0x7, 0xf4, 0xb8, 0x1, 0xd4, 0x2, 0x6b, 0xca,
    0x40, 0xa, 0x8, 0x60, 0x2, 0xa9, 0x43, 0x5b,
    0x60, 0xa, 0xdc, 0x2, 0x45, 0x0, 0xe9, 0x0,
    0x93, 0x0, 0x2e, 0x0, 0xfa, 0x19, 0x8a, 0xc0,
    0x13, 0x80, 0x7c, 0xf3, 0x28, 0x10, 0x8, 0xc0,
    0x3f, 0xf9, 0xe2, 0x1, 0x18, 0x7, 0xfc, 0xc0,
    0x13, 0x80, 0x7c, 0x23, 0xb0, 0x2, 0xe0, 0xf,
    0xbf, 0xb9, 0x8c, 0x1, 0x22, 0x80, 0x73, 0x88,
    0x1, 0xc2, 0x0, 0x2a, 0x83, 0x24, 0xa8, 0x0,
    0xa4, 0x1d, 0x40, 0x27, 0xcd, 0xb5, 0x0, 0xa0,
    0xc0, 0x14, 0xe0, 0x1f, 0x86, 0x9c, 0x3, 0x46,
    0xb9, 0x0, 0x5, 0x23, 0x94, 0x0,

    /* U+0064 "d" */
    0x0, 0xff, 0x8f, 0xfe, 0xb0, 0xf, 0xff, 0xf8,
    0x7, 0xff, 0x35, 0xf3, 0xfd, 0xb2, 0x20, 0x1f,
    0x1f, 0x41, 0x80, 0x9, 0xba, 0xc0, 0x38, 0xb4,
    0x40, 0x3e, 0x70, 0xe, 0x91, 0x0, 0x9a, 0xf2,
    0x48, 0x3, 0x8d, 0x0, 0x2b, 0x94, 0x36, 0xd3,
    0x0, 0xd6, 0x1, 0x2a, 0x0, 0x74, 0x0, 0x63,
    0x0, 0xb8, 0x3, 0xce, 0x1, 0x94, 0x2, 0x50,
    0xf, 0xf8, 0x40, 0x21, 0x0, 0xff, 0xe7, 0x88,
    0x4, 0x20, 0x1f, 0xf2, 0x80, 0x4a, 0x1, 0xff,
    0x18, 0x5, 0xc0, 0x1e, 0x70, 0xd, 0x40, 0x12,
    0xa0, 0x7, 0x40, 0x6, 0x25, 0x0, 0xae, 0x10,
    0xdb, 0x4c, 0x3, 0xac, 0x40, 0x27, 0xbc, 0x92,
    0x0, 0xf0, 0xe1, 0x0, 0x7d, 0x20, 0x1e, 0x2d,
    0x83, 0x0, 0x13, 0x6b, 0x8, 0x4,

    /* U+0065 "e" */
    0x0, 0xc2, 0xf9, 0xdf, 0xec, 0x81, 0x0, 0xf9,
    0xba, 0xc, 0x40, 0x6, 0xfc, 0xe0, 0x1d, 0x12,
    0x1, 0xfd, 0x10, 0x0, 0x95, 0xc0, 0x25, 0xbd,
    0xb5, 0x0, 0x9d, 0x0, 0x16, 0x1, 0x55, 0x10,
    0x92, 0xa4, 0x2, 0x80, 0x61, 0x0, 0x2a, 0x80,
    0x39, 0x8c, 0x0, 0x63, 0x80, 0x17, 0x0, 0x7d,
    0x60, 0x12, 0x38, 0x5, 0x7f, 0xff, 0x40, 0x4,
    0x44, 0x0, 0xff, 0xea, 0x88, 0x5, 0xbf, 0xff,
    0xf3, 0x90, 0x4, 0x80, 0x1f, 0xfc, 0xb, 0x0,
    0xac, 0x3, 0xf8, 0x40, 0xc, 0x1, 0x15, 0x80,
    0x78, 0x6f, 0x4, 0x6, 0x0, 0x24, 0xd6, 0x32,
    0x49, 0xe4, 0x2c, 0x0, 0x3b, 0x0, 0x45, 0x39,
    0xb6, 0xc0, 0x15, 0x0, 0x53, 0x21, 0x0, 0xfc,
    0x36, 0xe0, 0x19, 0xba, 0x50, 0x40, 0x2, 0x93,
    0xc8, 0x0,

    /* U+0066 "f" */
    0x0, 0xfc, 0x51, 0x9d, 0xfe, 0xdb, 0x80, 0xf,
    0x9f, 0x5c, 0xc4, 0x0, 0x48, 0xc0, 0x1e, 0x88,
    0x0, 0x7e, 0x20, 0xe, 0x27, 0x0, 0x8a, 0x2f,
    0x2e, 0x68, 0x3, 0xa8, 0x2, 0x3d, 0x74, 0x34,
    0x66, 0x0, 0x72, 0x0, 0x50, 0x1, 0xff, 0xc0,
    0x20, 0x9, 0x40, 0x3f, 0xf9, 0x97, 0xff, 0x84,
    0x2, 0xef, 0xfe, 0xb0, 0xf, 0xfe, 0x30, 0x8f,
    0x0, 0x61, 0x1f, 0x82, 0xbb, 0xb0, 0x80, 0x5f,
    0xdd, 0xd4, 0x1, 0xff, 0xff, 0x0, 0xff, 0xff,
    0x80, 0x7f, 0xff, 0xc0, 0x3f, 0xf8, 0x40,

    /* U+0067 "g" */
    0x0, 0xcd, 0x9f, 0xee, 0xb4, 0xc, 0xff, 0x70,
    0x0, 0xb6, 0x4c, 0x0, 0x29, 0x72, 0x20, 0x18,
    0x70, 0x80, 0x3e, 0x62, 0x0, 0xd6, 0x20, 0x12,
    0xde, 0x49, 0x80, 0x71, 0x28, 0x5, 0x34, 0x86,
    0xd8, 0xc0, 0x19, 0x40, 0x24, 0x60, 0xe, 0x80,
    0xd, 0x80, 0x17, 0x0, 0x7f, 0xcc, 0x1, 0x38,
    0x7, 0xfc, 0x60, 0x11, 0x80, 0x7f, 0xf3, 0xcc,
    0x2, 0x30, 0xf, 0xf9, 0x80, 0x27, 0x0, 0xff,
    0xb0, 0x2, 0xe0, 0xf, 0xf9, 0x40, 0x24, 0x50,
    0xe, 0xb0, 0xc, 0x4a, 0x1, 0x54, 0xa1, 0xb6,
    0x28, 0x7, 0x58, 0x80, 0x4d, 0x79, 0x26, 0x1,
    0xe1, 0xc2, 0x0, 0xf9, 0xc0, 0x3c, 0x5b, 0x26,
    0x0, 0x15, 0xc9, 0x0, 0x8c, 0x3, 0x36, 0x7f,
    0xba, 0x8c, 0x80, 0x21, 0x0, 0x8, 0x80, 0x3e,
    0x40, 0x9, 0x80, 0x1b, 0xa1, 0x0, 0xe2, 0x80,
    0xb, 0xc1, 0xcc, 0xdd, 0x6, 0x26, 0xf8, 0x1,
    0x12, 0x87, 0x80, 0x4f, 0x9d, 0x90, 0x20, 0x17,
    0x80, 0x22, 0x44, 0x3, 0xf1, 0x69, 0x0, 0x4d,
    0xd2, 0x82, 0x0, 0x25, 0xad, 0x20, 0x0,

    /* U+0068 "h" */
    0x6f, 0xfa, 0x0, 0x3f, 0xff, 0xe0, 0x1f, 0xfe,
    0x11, 0x8d, 0xff, 0x6c, 0x8, 0x7, 0xe4, 0xe7,
    0x20, 0x1, 0x3f, 0x98, 0x7, 0x92, 0xc0, 0x3e,
    0x1d, 0x10, 0xe, 0x30, 0x5a, 0xca, 0x50, 0x8,
    0x64, 0x3, 0xd9, 0x4a, 0x6b, 0x4e, 0x1, 0x28,
    0x7, 0x31, 0x80, 0x74, 0x80, 0x44, 0x1, 0xc2,
    0x1, 0xe1, 0x10, 0x4, 0x20, 0x1f, 0xfc, 0x3,
    0x0, 0x8c, 0x3, 0xff, 0xfe, 0x1, 0xff, 0xff,
    0x0, 0xff, 0xe4, 0x0,

    /* U+0069 "i" */
    0x0, 0xf4, 0x7f, 0x30, 0x7, 0xfc, 0x6e, 0x3,
    0x20, 0x1f, 0xf3, 0x80, 0x7f, 0xf0, 0xd1, 0x0,
    0x98, 0x1, 0xff, 0xc0, 0xbf, 0xb3, 0x0, 0xff,
    0xe5, 0x47, 0xff, 0xf0, 0x7, 0xff, 0x6a, 0xae,
    0xf8, 0x3, 0xfc, 0x48, 0x9c, 0x1, 0xff, 0xff,
    0x0, 0xff, 0xff, 0x80, 0x61, 0x33, 0xe0, 0xc,
    0x67, 0xc3, 0x39, 0x9c, 0x1, 0xb3, 0x39, 0x40,
    0x3f, 0xfa, 0x80,

    /* U+006A "j" */
    0x0, 0xf9, 0xbb, 0xe4, 0x3, 0xe1, 0x91, 0x6,
    0x50, 0xf, 0x18, 0x6, 0x30, 0xf, 0x12, 0x80,
    0x9, 0xc0, 0x3e, 0xac, 0xc6, 0x88, 0x7, 0xe3,
    0x30, 0x6, 0xff, 0xfe, 0x20, 0xf, 0xfe, 0x76,
    0x5d, 0xe2, 0x0, 0xf1, 0xa2, 0x60, 0xf, 0xff,
    0xf8, 0x7, 0xff, 0xfc, 0x3, 0xff, 0xa4, 0x40,
    0x11, 0x80, 0x79, 0xc0, 0x21, 0x10, 0x22, 0x4b,
    0x50, 0x1, 0x30, 0x1d, 0xdd, 0x4a, 0x1, 0x14,
    0x3, 0x80, 0x7c, 0x5e, 0x1, 0x8, 0x4, 0x2b,
    0x5a, 0x40, 0x0,

    /* U+006B "k" */
    0x6f, 0xfa, 0x40, 0x3f, 0xff, 0xe0, 0x1f, 0xfe,
    0xc1, 0xdf, 0xfb, 0x44, 0x3, 0xfe, 0xd2, 0x0,
    0x16, 0x8, 0x7, 0xfa, 0xcc, 0x0, 0x3e, 0x20,
    0x1f, 0xeb, 0x40, 0x0, 0xe1, 0x0, 0x7f, 0xa9,
    0x0, 0x2d, 0x20, 0xf, 0xf4, 0xa8, 0x5, 0x66,
    0x1, 0xfe, 0x86, 0x0, 0xa9, 0x0, 0x3f, 0xce,
    0xe0, 0x9, 0x94, 0x3, 0xfe, 0x10, 0xc, 0xc4,
    0x1, 0xff, 0xc5, 0xf0, 0xf, 0xfe, 0xb, 0x88,
    0x0, 0xa8, 0x3, 0xfe, 0xa8, 0xa0, 0x9, 0x5c,
    0x3, 0xf9, 0x94, 0x11, 0x80, 0x28, 0x30, 0xf,
    0xfe, 0x4, 0x98, 0x5, 0xa2, 0x1, 0xff, 0xc0,
    0xe0, 0x8, 0x68, 0x3, 0xff, 0x80, 0x54, 0x1,
    0x23, 0x80, 0x7f, 0xf0, 0x15, 0x80, 0x28, 0x40,
    0xf, 0xfe, 0x4, 0x90, 0x5, 0x42,

    /* U+006C "l" */
    0xaf, 0xff, 0xe0, 0xf, 0xfe, 0xd4, 0x5d, 0xf0,
    0x7, 0xf8, 0x91, 0x38, 0x3, 0xff, 0xfe, 0x1,
    0xff, 0xff, 0x0, 0xff, 0xff, 0x80, 0x7f, 0xf7,
    0x48, 0xcf, 0x80, 0x31, 0x9f, 0xc, 0x66, 0x70,
    0x6, 0xcc, 0xe6, 0x0, 0xff, 0xea, 0x0,

    /* U+006D "m" */
    0xaf, 0xf6, 0x84, 0x77, 0xf4, 0x2, 0x67, 0xfa,
    0xc8, 0x3, 0x1d, 0xb8, 0x80, 0xbe, 0x59, 0x80,
    0x13, 0x44, 0x2, 0x14, 0x0, 0xe3, 0x0, 0xf4,
    0x80, 0x68, 0xfe, 0x10, 0xa, 0x7f, 0x40, 0x24,
    0x0, 0xce, 0x2, 0x80, 0x13, 0x1, 0x20, 0x0,
    0x80, 0x3f, 0xf8, 0xa2, 0x1, 0xff, 0xff, 0x0,
    0xff, 0xff, 0x80, 0x7f, 0xfd, 0x80,

    /* U+006E "n" */
    0x6f, 0xf8, 0xc0, 0x63, 0x7f, 0xdb, 0x22, 0x1,
    0xf3, 0xaf, 0x39, 0x0, 0x9, 0xb9, 0x0, 0x3d,
    0xf4, 0x1, 0xfa, 0x84, 0x3, 0x90, 0x16, 0xb2,
    0x94, 0x2, 0x19, 0x0, 0xf5, 0xd2, 0x9a, 0xd3,
    0x80, 0x4a, 0x1, 0xcc, 0x80, 0x1d, 0x20, 0x11,
    0x0, 0x70, 0x80, 0x78, 0x44, 0x1, 0x8, 0x7,
    0xff, 0xfc, 0x3, 0xff, 0xfe, 0x1, 0xff, 0xd9,

    /* U+006F "o" */
    0x0, 0xe3, 0x9d, 0xff, 0x75, 0xb0, 0x7, 0xe1,
    0xbc, 0x62, 0x0, 0xa, 0x4f, 0x20, 0x7, 0xe,
    0x20, 0x7, 0xe1, 0xb4, 0x0, 0xd6, 0x40, 0x13,
    0xe6, 0x24, 0x80, 0x2b, 0x10, 0x1, 0xa8, 0x5,
    0x90, 0x66, 0x6d, 0x30, 0xa, 0x0, 0x12, 0x1,
    0x39, 0x80, 0x77, 0x0, 0x4c, 0x0, 0x40, 0xa,
    0x80, 0x3c, 0x46, 0x1, 0x20, 0x88, 0x0, 0x24,
    0x1, 0xf2, 0x0, 0x46, 0x60, 0x8, 0xc0, 0x3f,
    0x78, 0x5, 0xe0, 0x1f, 0xfc, 0x63, 0x0, 0x8c,
    0x3, 0xf7, 0x80, 0x5e, 0x22, 0x0, 0x8, 0x80,
    0x3e, 0x30, 0x8, 0xc1, 0x0, 0x26, 0x0, 0xf1,
    0x20, 0x4, 0x81, 0x20, 0x14, 0x18, 0x7, 0x48,
    0x4, 0xc0, 0x3, 0x50, 0xb, 0x1c, 0xc9, 0x71,
    0x0, 0x28, 0x0, 0xac, 0x80, 0x28, 0xcd, 0xa3,
    0x0, 0xac, 0x40, 0x21, 0xc5, 0x0, 0xfc, 0x36,
    0x80, 0x1c, 0x35, 0x8c, 0x40, 0x1, 0x49, 0xe4,
    0x0, 0x80,

    /* U+0070 "p" */
    0x6f, 0xf9, 0x1, 0xf3, 0xfd, 0xd4, 0x60, 0x1f,
    0xb3, 0x60, 0xc0, 0x2, 0xb9, 0x0, 0x1f, 0x39,
    0x0, 0x7c, 0xee, 0x0, 0xfc, 0xf7, 0x90, 0x20,
    0x14, 0x10, 0x7, 0xb6, 0x10, 0xdf, 0xc4, 0x2,
    0xb0, 0xe, 0x62, 0x0, 0xc3, 0x60, 0x13, 0x80,
    0x7f, 0xf0, 0x14, 0x2, 0x11, 0x0, 0x7f, 0xf0,
    0xc, 0x2, 0x20, 0xf, 0xfe, 0x3, 0x80, 0x4e,
    0x1, 0xff, 0xd1, 0x70, 0x9, 0xc0, 0x3f, 0xf8,
    0x6, 0x1, 0x10, 0x7, 0xfc, 0xa0, 0x11, 0x8,
    0x6, 0x71, 0x0, 0xc3, 0x0, 0x12, 0x80, 0x70,
    0xfb, 0x99, 0x36, 0x10, 0x5, 0x20, 0x1e, 0x18,
    0xcd, 0x92, 0x0, 0xa0, 0x40, 0x39, 0x8, 0x3,
    0xe8, 0x70, 0xf, 0x16, 0xc1, 0x80, 0x5, 0x71,
    0xc0, 0x3f, 0x9f, 0x3f, 0xdd, 0x46, 0x1, 0xff,
    0xff, 0x0, 0xff, 0xe9, 0x80,

    /* U+0071 "q" */
    0x0, 0xcf, 0x9f, 0xee, 0xa3, 0xd, 0xff, 0x60,
    0x0, 0xfa, 0xc, 0x0, 0x2b, 0x8e, 0x40, 0x18,
    0xb0, 0x40, 0x3e, 0x80, 0xe, 0x90, 0xc, 0xd9,
    0x8a, 0x30, 0xe, 0x34, 0x0, 0xaa, 0x4c, 0xcb,
    0x8a, 0x1, 0xac, 0x2, 0x45, 0x0, 0xe9, 0x0,
    0xc6, 0x1, 0x70, 0x7, 0xfc, 0xc0, 0x13, 0x80,
    0x7f, 0xc6, 0x1, 0x10, 0x7, 0xff, 0x3c, 0xc0,
    0x22, 0x0, 0xff, 0x98, 0x2, 0x70, 0xf, 0xfb,
    0x0, 0x2f, 0x0, 0xff, 0x94, 0x2, 0x54, 0x0,
    0xe9, 0x0, 0xc4, 0x80, 0x15, 0xc1, 0x92, 0xe2,
    0x80, 0x75, 0x8, 0x4, 0xf9, 0xb4, 0x60, 0x1e,
    0x1d, 0x10, 0xf, 0x98, 0x3, 0xc7, 0xd0, 0x60,
    0x1, 0x6d, 0xa0, 0xf, 0xcf, 0x9f, 0xee, 0x92,
    0x0, 0xff, 0xff, 0x80, 0x7f, 0xf3, 0x80,

    /* U+0072 "r" */
    0xff, 0xb4, 0x0, 0x51, 0xbf, 0xf7, 0x18, 0x4,
    0x60, 0xda, 0xe4, 0x1, 0x9, 0x0, 0x42, 0xf2,
    0x1, 0xf0, 0x80, 0x68, 0x0, 0xc2, 0x0, 0x20,
    0xf, 0xc, 0xf7, 0xf7, 0xf7, 0x80, 0x70, 0xfb,
    0x8, 0x4, 0x24, 0x1, 0xd6, 0x20, 0x1f, 0xfc,
    0x5, 0x0, 0xff, 0xff, 0x80, 0x7f, 0xff, 0x80,

    /* U+0073 "s" */
    0x0, 0xc9, 0x3b, 0xff, 0x6c, 0x98, 0x7, 0x87,
    0x2d, 0x88, 0x2, 0x26, 0xcb, 0x10, 0x8, 0x7c,
    0xc0, 0x3f, 0x93, 0x4, 0x1, 0x2, 0x0, 0x3c,
    0xff, 0xa8, 0x40, 0x5, 0x0, 0x6, 0x0, 0xb4,
    0xc0, 0x25, 0xd0, 0x9, 0x80, 0x38, 0x44, 0x1,
    0xc6, 0xef, 0x80, 0x6, 0x0, 0x19, 0x10, 0xe,
    0x88, 0xc0, 0x8, 0x0, 0x9b, 0xae, 0x14, 0x80,
    0x3e, 0x4b, 0x10, 0x9, 0x1e, 0xb7, 0x50, 0x40,
    0x1c, 0x9d, 0x26, 0x1, 0xc4, 0xfa, 0xe0, 0x1e,
    0x6c, 0xea, 0x73, 0x0, 0xd0, 0xe0, 0x1f, 0xa,
    0xc6, 0x73, 0x80, 0x50, 0xf, 0x99, 0x20, 0x7,
    0xc, 0x18, 0x4, 0x42, 0x67, 0x78, 0x7, 0xc2,
    0x1, 0x98, 0x40, 0x9, 0x66, 0x1, 0x1d, 0x90,
    0x0, 0x88, 0x14, 0x1, 0x26, 0x7f, 0x7e, 0x20,
    0x5, 0xc0, 0x4, 0xc2, 0x0, 0xc2, 0x1, 0x8b,
    0xc, 0x2, 0x3d, 0xb5, 0x20, 0x8, 0x96, 0xb4,
    0xc0, 0x0,

    /* U+0074 "t" */
    0x0, 0xc7, 0x11, 0x20, 0x7, 0xff, 0x1, 0x1d,
    0xec, 0x0, 0xff, 0xf7, 0xe7, 0xfd, 0x0, 0x13,
    0xff, 0xf9, 0x0, 0x3f, 0xf8, 0xce, 0x23, 0x0,
    0x70, 0x8f, 0x80, 0x17, 0xdd, 0x40, 0x4, 0xfd,
    0xde, 0x40, 0xf, 0xff, 0xf8, 0x7, 0xff, 0x94,
    0x40, 0x3f, 0xf9, 0x4, 0x1, 0xff, 0xc0, 0x20,
    0x9, 0x44, 0x3, 0xfe, 0x40, 0xd, 0xee, 0x88,
    0x68, 0x70, 0xf, 0x40, 0x4, 0x31, 0x76, 0x97,
    0xb0, 0xf, 0x3a, 0x80, 0x7e, 0x30, 0xf, 0xaa,
    0x88, 0x20, 0x1, 0x37, 0xc0,

    /* U+0075 "u" */
    0x4f, 0xfa, 0x80, 0x3e, 0xff, 0xc0, 0x1f, 0xff,
    0xf0, 0xf, 0xff, 0xf8, 0x7, 0xff, 0x8, 0x40,
    0x3f, 0xe6, 0x0, 0x98, 0x3, 0xc2, 0x1, 0x88,
    0x40, 0x4, 0x60, 0x1d, 0x40, 0x1c, 0xe0, 0x16,
    0xb9, 0xa3, 0xea, 0x0, 0x75, 0x80, 0x43, 0x19,
    0x70, 0x44, 0x10, 0xc, 0x56, 0x1, 0xf1, 0x79,
    0x0, 0x72, 0x6b, 0x10, 0x0, 0xe3, 0x49, 0xc0,
    0x20,

    /* U+0076 "v" */
    0x6f, 0xfa, 0x80, 0x3f, 0x27, 0xfd, 0x8e, 0x1,
    0x28, 0x7, 0xee, 0x0, 0xa8, 0x54, 0x2, 0x50,
    0xf, 0x94, 0x2, 0x60, 0xe0, 0xb, 0x80, 0x3c,
    0x80, 0x12, 0x80, 0x10, 0x80, 0x8, 0x1, 0xee,
    0x0, 0xa4, 0x2, 0xa0, 0x9, 0x40, 0x39, 0x40,
    0x4, 0x60, 0x13, 0x0, 0x5c, 0x1, 0x94, 0x2,
    0xa0, 0xc, 0x2a, 0x0, 0x41, 0x0, 0xbc, 0x2,
    0x60, 0xe, 0xe0, 0x9, 0xc0, 0x25, 0x0, 0x28,
    0x80, 0x72, 0x8, 0x3, 0x40, 0xa, 0x1, 0x70,
    0x7, 0xd2, 0x0, 0x41, 0xf, 0x0, 0xa, 0x0,
    0x7c, 0xc0, 0x13, 0x82, 0x80, 0x24, 0x3, 0xf0,
    0xa0, 0x3, 0x54, 0x2, 0x60, 0xf, 0xee, 0x0,
    0x27, 0x80, 0x10, 0x40, 0x3f, 0x94, 0x40, 0xa,
    0x0, 0xe0, 0xf, 0xf9, 0x80, 0x30, 0xa8, 0x7,
    0xfd, 0x40, 0x19, 0x80, 0x3f, 0xf8, 0x4, 0x80,
    0x15, 0x0, 0x78,

    /* U+0077 "w" */
    0x4f, 0xf9, 0x0, 0x24, 0xff, 0x40, 0x6, 0xff,
    0xa5, 0x40, 0x22, 0x0, 0x8c, 0x0, 0x80, 0x11,
    0x0, 0x5e, 0x22, 0x0, 0x78, 0x5, 0x80, 0x3,
    0x0, 0x98, 0x2, 0x50, 0x50, 0x1, 0x0, 0x4a,
    0x1, 0x10, 0x0, 0x80, 0x23, 0x3, 0x0, 0x30,
    0x0, 0x84, 0x2, 0x40, 0x7, 0x80, 0x8, 0x1,
    0xa0, 0x2, 0x0, 0x38, 0x6, 0xf0, 0x1, 0x0,
    0x1c, 0x0, 0xe0, 0x11, 0x6, 0x80, 0x10, 0x10,
    0x0, 0xc0, 0xc, 0x0, 0x10, 0x4, 0xe0, 0x80,
    0x66, 0x2, 0x0, 0x10, 0x1, 0x40, 0x23, 0x0,
    0x10, 0x18, 0x2e, 0x0, 0x10, 0x80, 0x23, 0x0,
    0x94, 0x1, 0xc6, 0x0, 0xc5, 0x0, 0x1b, 0x0,
    0x8, 0x3, 0x78, 0x1, 0x54, 0x0, 0x41, 0x20,
    0xd3, 0x0, 0x38, 0x6, 0x50, 0x1, 0x78, 0x8,
    0x81, 0xc1, 0xf8, 0x1, 0xa0, 0x18, 0xc0, 0x2,
    0x80, 0x80, 0xc, 0x2, 0x50, 0x1, 0x80, 0x71,
    0x80, 0x8, 0x34, 0x0, 0x80, 0x3, 0x0, 0x28,
    0x7, 0x28, 0x6, 0x40, 0x1, 0x0, 0x61, 0x10,
    0x7, 0x78, 0x6, 0x30, 0x9, 0x0, 0x25, 0x0,
    0xf2, 0x80, 0x46, 0x1, 0xb0, 0x2, 0x30, 0xf,
    0x18, 0x4, 0x80, 0x18, 0xc0, 0x2d, 0x0, 0x80,

    /* U+0078 "x" */
    0xc, 0xff, 0xa4, 0x3, 0xe9, 0xff, 0xb0, 0x1,
    0xc0, 0x13, 0x20, 0x7, 0x2b, 0x0, 0x5c, 0x0,
    0x29, 0x0, 0xa8, 0x40, 0x21, 0xb0, 0xa, 0x48,
    0x2, 0x65, 0x0, 0xd, 0x0, 0x5a, 0x20, 0x5,
    0x60, 0xe, 0xb1, 0x0, 0x23, 0x3, 0x98, 0x0,
    0x6c, 0x3, 0xc3, 0x40, 0x14, 0xb4, 0x0, 0x54,
    0x20, 0x1f, 0x23, 0x80, 0x52, 0x1, 0x3a, 0x0,
    0x7f, 0x41, 0x80, 0x71, 0xc0, 0x7, 0xfd, 0xc0,
    0x1d, 0xc0, 0x1f, 0xfc, 0x7, 0x0, 0xe6, 0x0,
    0xff, 0x86, 0xc0, 0x3a, 0x84, 0x3, 0xfd, 0x42,
    0x1, 0xc3, 0x40, 0x1f, 0xce, 0x80, 0x1, 0xd1,
    0x0, 0x23, 0x0, 0x7c, 0x70, 0x1, 0x69, 0x68,
    0x5, 0x24, 0x1, 0xee, 0x0, 0x9c, 0xc0, 0xdc,
    0x2, 0xf0, 0xe, 0x92, 0x0, 0x1c, 0x0, 0x50,
    0x60, 0x2, 0x90, 0x9, 0x18, 0x2, 0xe0, 0xe,
    0xe0, 0x9, 0x90, 0x6, 0x80, 0x29, 0x20, 0xe,
    0x29, 0x0, 0xa8, 0x40,

    /* U+0079 "y" */
    0xc, 0xff, 0xa0, 0x3, 0xfa, 0xff, 0xeb, 0x9,
    0x0, 0x98, 0x3, 0xf0, 0xa0, 0x5, 0x0, 0xa2,
    0x0, 0x15, 0x0, 0xf9, 0x80, 0x23, 0x30, 0x2,
    0x40, 0x29, 0x0, 0xfa, 0x40, 0x29, 0x0, 0x9c,
    0x2, 0x33, 0x0, 0x72, 0x8, 0x0, 0x54, 0x3,
    0x38, 0x5, 0x40, 0x1d, 0xc0, 0x14, 0x80, 0x74,
    0x80, 0x4c, 0x1, 0x85, 0x40, 0x26, 0x0, 0xe1,
    0x50, 0x9, 0x80, 0x26, 0x0, 0x98, 0x40, 0x3d,
    0x20, 0x15, 0x80, 0x54, 0x1, 0x58, 0x7, 0xc6,
    0x60, 0x1, 0x18, 0x21, 0x0, 0x10, 0x80, 0x3f,
    0x40, 0x5, 0x21, 0xc0, 0x14, 0x0, 0x7f, 0x21,
    0x0, 0x14, 0x54, 0x0, 0x66, 0x0, 0xff, 0x58,
    0x5, 0x40, 0x14, 0x80, 0x7f, 0xcc, 0x20, 0x4,
    0x0, 0xa, 0x80, 0x7f, 0xf0, 0x18, 0x3, 0xa4,
    0x3, 0xff, 0x83, 0x20, 0x1c, 0xc0, 0x1f, 0xfc,
    0x11, 0x60, 0x9, 0x84, 0x3, 0xff, 0x8d, 0x60,
    0x1f, 0xfc, 0x22, 0x60, 0x2, 0x10, 0x7, 0xff,
    0xa, 0x40, 0x28, 0x0, 0xff, 0xe1, 0x32, 0x0,
    0xc, 0xc0, 0x1f, 0xf1, 0xac, 0x48, 0x5, 0x0,
    0x1f, 0xfc, 0xd, 0xa7, 0x0, 0x99, 0x0, 0x3f,
    0xe1, 0x10, 0x6, 0x59, 0x0, 0xff, 0xe0, 0x19,
    0x0, 0xe, 0xa8, 0x1, 0xff, 0x0,

    /* U+007A "z" */
    0x8f, 0xff, 0xfe, 0x18, 0x7, 0xff, 0x54, 0x42,
    0x73, 0x3f, 0x8c, 0x3, 0x68, 0x9, 0x9f, 0xeb,
    0x30, 0xa, 0xcc, 0x3, 0xf9, 0x5c, 0x2, 0x84,
    0x0, 0xfe, 0x3a, 0x0, 0x99, 0xc0, 0x3f, 0x8b,
    0x40, 0x24, 0x90, 0xf, 0xe1, 0xf1, 0x0, 0x15,
    0x0, 0x7f, 0xa8, 0x80, 0x3, 0xe2, 0x1, 0xfd,
    0x28, 0x1, 0x69, 0x0, 0x7f, 0x33, 0x0, 0x29,
    0x30, 0xf, 0xe4, 0x90, 0x9, 0xd8, 0x3, 0xf8,
    0xac, 0x2, 0x58, 0x0, 0xfe, 0x1f, 0x0, 0x86,
    0x48, 0xbf, 0x86, 0xc8, 0x2, 0x1c, 0xdd, 0xfe,
    0x91, 0x0, 0xff, 0xea, 0x80,

    /* U+007B "{" */
    0x0, 0xf8, 0x63, 0x7c, 0x3, 0xe3, 0xf7, 0x20,
    0x30, 0xf, 0x68, 0x81, 0x51, 0x0, 0x74, 0x8,
    0x3, 0x14, 0x40, 0x39, 0x80, 0xc, 0x20, 0x1e,
    0x21, 0x0, 0x78, 0x7, 0xce, 0x1, 0x18, 0x7,
    0xc6, 0x1, 0xff, 0xdb, 0x10, 0xf, 0x84, 0x2,
    0x70, 0xf, 0xb4, 0x2, 0x20, 0xf, 0x12, 0x80,
    0x14, 0x40, 0x30, 0xb6, 0x0, 0x50, 0x1, 0xb3,
    0xa4, 0x40, 0xb0, 0x80, 0x3f, 0x17, 0x98, 0x7,
    0x38, 0x4, 0x5a, 0xa0, 0x1d, 0x7f, 0x64, 0x0,
    0xa4, 0x0, 0xf2, 0x60, 0x80, 0x20, 0x3, 0xe1,
    0x70, 0x1, 0x90, 0x7, 0xdc, 0x1, 0x30, 0x7,
    0xc2, 0x1, 0x8, 0x7, 0xff, 0x4c, 0xc0, 0x3f,
    0xe6, 0x0, 0x88, 0x3, 0xe3, 0x10, 0x6, 0x0,
    0x7e, 0x60, 0x2, 0x18, 0x7, 0xd2, 0x20, 0xd,
    0x61, 0x0, 0xe1, 0xc1, 0x1, 0x93, 0x0, 0xf1,
    0x7b, 0x90, 0x10,

    /* U+007C "|" */
    0x1f, 0xf4, 0x80, 0x7f, 0xff, 0xc0, 0x3f, 0xfc,
    0x20,

    /* U+007D "}" */
    0x2f, 0xc7, 0x0, 0xfc, 0x80, 0x71, 0x82, 0x1,
    0xe4, 0x91, 0x3, 0xa0, 0xf, 0x13, 0x68, 0x1,
    0x10, 0x1, 0xf1, 0x90, 0x3, 0xc0, 0x3f, 0x38,
    0x1, 0x0, 0x3f, 0x10, 0x4, 0x40, 0x1f, 0xf0,
    0x80, 0x7f, 0xf4, 0xfc, 0x3, 0xff, 0x86, 0xe0,
    0x1f, 0x20, 0x4, 0x60, 0x1f, 0x18, 0x80, 0x28,
    0x3, 0xf5, 0x80, 0xb, 0x54, 0x40, 0x39, 0x68,
    0x0, 0x55, 0xd2, 0x1, 0xcb, 0x60, 0x1f, 0xe8,
    0xb0, 0xc, 0x20, 0x19, 0xdc, 0x0, 0x4c, 0xf8,
    0x0, 0x86, 0x0, 0x7, 0x66, 0x1, 0xc8, 0x1,
    0x50, 0x7, 0xc4, 0x1, 0x28, 0x7, 0xde, 0x1,
    0xff, 0xdb, 0x10, 0xf, 0x88, 0x2, 0x20, 0xf,
    0x90, 0x0, 0x80, 0x1f, 0x30, 0x80, 0x38, 0x3,
    0x8a, 0x24, 0x0, 0x8a, 0x1, 0xc8, 0xe0, 0x3,
    0xa0, 0xf, 0x20, 0x1c, 0xe0, 0x80, 0x78,

    /* U+007E "~" */
    0x0, 0xa3, 0x7f, 0xad, 0x40, 0x3e, 0x11, 0x0,
    0x6c, 0x72, 0x1, 0x4a, 0xc1, 0x0, 0xe8, 0xef,
    0x30, 0x93, 0x0, 0xf1, 0xfa, 0x0, 0x42, 0xe0,
    0x2, 0x16, 0x0, 0x25, 0x4a, 0x0, 0x6, 0xe9,
    0x55, 0x82, 0x4, 0x2a, 0x0, 0x4b, 0x56, 0xba,
    0x0, 0x96, 0xa8, 0x40, 0xb, 0x1, 0x10, 0x70,
    0x6, 0x5c, 0x20, 0xf, 0x33, 0x1, 0x7b, 0xd4,
    0x3, 0x8f, 0x64, 0xc0, 0x5, 0x32, 0x0, 0x0,

    /* U+00A0 " " */

    /* U+00A1 "¡" */
    0x2d, 0xfc, 0x29, 0x20, 0x39, 0x60, 0x9, 0xe8,
    0x2, 0xa7, 0xc9, 0xc6, 0x3, 0x63, 0x0, 0xff,
    0x92, 0xee, 0x33, 0x22, 0x4c, 0x1, 0xff, 0xcc,
    0x30, 0xe, 0xf0, 0xf, 0xfe, 0x80, 0x88, 0x3,
    0xf8,

    /* U+00A2 "¢" */
    0x0, 0xfa, 0xee, 0x10, 0xf, 0xfe, 0x0, 0xa2,
    0x46, 0x1, 0xff, 0xe0, 0x2a, 0xf0, 0xb, 0x6d,
    0x40, 0x3e, 0x7d, 0x51, 0x0, 0xc9, 0x56, 0x20,
    0x1a, 0x20, 0x1, 0xfc, 0x9a, 0x1, 0x1b, 0x80,
    0x4d, 0xbf, 0xd0, 0x1, 0x1b, 0x80, 0x3c, 0x2,
    0x79, 0x20, 0x17, 0xb0, 0xa, 0x40, 0x8c, 0x0,
    0x30, 0x1, 0xc8, 0x80, 0x0, 0x89, 0x0, 0x24,
    0x0, 0xfb, 0x9d, 0xe0, 0xe0, 0xb, 0x40, 0x3e,
    0x58, 0x88, 0x44, 0x1, 0x8, 0x7, 0xff, 0x10,
    0xc0, 0x3f, 0xf8, 0x2, 0x1, 0x18, 0x7, 0xff,
    0x3, 0x80, 0x2f, 0x0, 0xff, 0xe0, 0x20, 0x4,
    0x80, 0x1f, 0x47, 0x74, 0x45, 0x0, 0x9, 0x40,
    0x38, 0x58, 0x46, 0x20, 0x80, 0xa, 0x98, 0x2,
    0x3d, 0x10, 0x3, 0x0, 0x15, 0x40, 0x14, 0xfe,
    0xf6, 0x18, 0x0, 0xa0, 0x2, 0xa5, 0x0, 0xc4,
    0x20, 0x11, 0x78, 0x80, 0x6a, 0xa1, 0x80, 0x71,
    0x46, 0x90, 0x7, 0x97, 0x34, 0x2, 0xbd, 0x70,
    0xf, 0xf1, 0x80, 0x4c, 0x1, 0xff, 0xdc,

    /* U+00A3 "£" */
    0x0, 0xf9, 0xaf, 0xbf, 0xdb, 0x48, 0x1, 0xfc,
    0x7b, 0x28, 0x20, 0x2, 0x5b, 0xb0, 0x7, 0xc5,
    0x84, 0x1, 0xf9, 0x2c, 0x3, 0xdc, 0x1, 0xc,
    0xe5, 0xb0, 0x4, 0x8a, 0x1, 0x8c, 0xc0, 0x16,
    0x31, 0xa4, 0xc0, 0x5, 0xc0, 0x19, 0x0, 0x26,
    0x20, 0xc, 0xe0, 0x12, 0x80, 0x6e, 0x0, 0xbc,
    0x3, 0xd0, 0xee, 0x90, 0xc, 0x60, 0x1f, 0xe7,
    0x88, 0x38, 0x6, 0x30, 0xf, 0xfe, 0x30, 0x80,
    0x42, 0x1, 0xff, 0xc6, 0xf0, 0xf, 0xf8, 0x7f,
    0xce, 0x1, 0x3f, 0xfe, 0xb0, 0xf, 0xff, 0x0,
    0xee, 0xa0, 0x2, 0x5d, 0xdd, 0x40, 0x1f, 0x11,
    0x40, 0x18, 0x8b, 0x8, 0x7, 0xff, 0x4, 0x40,
    0x3f, 0xf8, 0x42, 0x1, 0xff, 0xc6, 0x10, 0x8,
    0x80, 0x3f, 0xf8, 0x58, 0x1, 0x78, 0x7, 0xff,
    0x0, 0xd1, 0x80, 0x25, 0x33, 0xff, 0x0, 0x32,
    0xc0, 0x36, 0x67, 0xfc, 0xa0, 0x1f, 0xfc, 0x61,
    0x0, 0xff, 0xe3, 0x80,

    /* U+00A4 "¤" */
    0x0, 0x18, 0x7, 0xff, 0x0, 0x84, 0x2, 0x3c,
    0xb0, 0x17, 0xcf, 0xf7, 0x5a, 0x81, 0x66, 0x4,
    0xf, 0x1, 0x33, 0xa0, 0xc0, 0x2, 0x95, 0xb8,
    0x25, 0x80, 0x68, 0x0, 0x30, 0xf, 0xc4, 0x20,
    0x5, 0x0, 0x59, 0x80, 0x45, 0x7f, 0xee, 0x80,
    0xc, 0xf0, 0x1, 0x10, 0x1, 0x75, 0x0, 0x2,
    0xfa, 0x20, 0x1, 0x0, 0x98, 0x40, 0xa8, 0x3,
    0xc5, 0x40, 0x6, 0x0, 0xb0, 0x1, 0x60, 0x1f,
    0x90, 0xc0, 0xa, 0x0, 0x70, 0x2, 0x0, 0x7f,
    0x20, 0x0, 0x80, 0x6, 0x0, 0x30, 0xf, 0xef,
    0x0, 0x78, 0x0, 0xc0, 0x6, 0x1, 0xfd, 0xe0,
    0xf, 0x0, 0x38, 0x1, 0x40, 0x3f, 0x90, 0x0,
    0x60, 0xc, 0x0, 0x48, 0x7, 0xe4, 0x30, 0x2,
    0x0, 0x18, 0x40, 0x6c, 0x3, 0xc5, 0x40, 0x6,
    0x0, 0x8c, 0x40, 0x9, 0xa8, 0x0, 0x17, 0xd1,
    0x0, 0x28, 0x81, 0xe0, 0x6, 0x2b, 0xff, 0x74,
    0x0, 0x63, 0xc0, 0x33, 0x0, 0x18, 0x3, 0xf1,
    0xa8, 0x1, 0x40, 0x18, 0x93, 0x2e, 0x83, 0x0,
    0xa, 0x56, 0x52, 0xbc, 0x0, 0x56, 0xc0, 0x2f,
    0x9f, 0xee, 0xb5, 0x0, 0x54, 0x0, 0x0,

    /* U+00A5 "¥" */
    0x4f, 0xfc, 0x40, 0x1f, 0xd3, 0xff, 0x68, 0x22,
    0x0, 0x28, 0x0, 0xfc, 0x2c, 0x1, 0x48, 0x2,
    0x0, 0x25, 0x20, 0xf, 0xa0, 0x2, 0x44, 0x0,
    0xd, 0x40, 0x28, 0x0, 0xf0, 0xb0, 0x5, 0x0,
    0x1a, 0xc0, 0x25, 0x20, 0xe, 0x80, 0x9, 0x4c,
    0x3, 0xb, 0x80, 0x50, 0x1, 0x85, 0x80, 0x2b,
    0x0, 0xf4, 0x8, 0x1, 0x48, 0x2, 0x80, 0x9,
    0xc4, 0x3, 0xe8, 0x0, 0xa0, 0x0, 0x2c, 0x0,
    0x18, 0x0, 0xfc, 0xc4, 0x0, 0x52, 0x8, 0x0,
    0xa0, 0x3, 0xfd, 0x20, 0x14, 0xb, 0x0, 0x9,
    0x80, 0x3f, 0xc8, 0x60, 0x5, 0xa0, 0xa, 0x0,
    0x3f, 0xf8, 0x1e, 0x1, 0x20, 0x0, 0xd4, 0x3,
    0xf5, 0xff, 0xd8, 0x1, 0xe3, 0xff, 0xc2, 0x1,
    0xff, 0xcd, 0xf9, 0x9e, 0x20, 0x9, 0xe6, 0x78,
    0x40, 0x32, 0x33, 0x70, 0x80, 0x56, 0xcd, 0xc0,
    0x1c, 0x8c, 0xdc, 0x20, 0x15, 0xb3, 0x70, 0x7,
    0x7c, 0xcf, 0x10, 0x4, 0xf3, 0x3c, 0x20, 0x1f,
    0xfc, 0xdb, 0xff, 0xe3, 0x0, 0xb3, 0xff, 0x84,
    0x3, 0xff, 0xfe, 0x1, 0xff, 0x0,

    /* U+00A6 "¦" */
    0xbf, 0xf8, 0x3, 0xff, 0xc1, 0xf3, 0x2a, 0x46,
    0x62, 0x80, 0x6b, 0xff, 0x80, 0x3f, 0xfc, 0x80,

    /* U+00A7 "§" */
    0x0, 0xe6, 0xad, 0xff, 0xb6, 0x94, 0x3, 0xf3,
    0x74, 0xa9, 0x0, 0x44, 0xb5, 0xc8, 0x1, 0xd1,
    0x22, 0x1, 0xfc, 0x36, 0x80, 0x11, 0xb8, 0x4,
    0x73, 0x9b, 0x8e, 0x1, 0xa8, 0x40, 0x12, 0x1,
    0x2e, 0x31, 0x91, 0xc6, 0x88, 0x0, 0x58, 0x0,
    0xe0, 0x14, 0x0, 0x78, 0xa0, 0x2, 0xc0, 0x1,
    0x80, 0x46, 0x1, 0xf2, 0x0, 0x4c, 0x0, 0x20,
    0x9, 0x80, 0x3e, 0x2f, 0xfb, 0x40, 0x16, 0x1,
    0x44, 0x4, 0x3, 0xff, 0x80, 0xc2, 0x1, 0x3f,
    0x5b, 0x90, 0x7, 0xf0, 0xe0, 0x80, 0x64, 0x8d,
    0xd4, 0x10, 0x7, 0xd6, 0x20, 0x1f, 0x13, 0xed,
    0x98, 0x6, 0x96, 0x0, 0x14, 0x18, 0x7, 0x93,
    0x18, 0x0, 0x4c, 0x0, 0x1d, 0x7c, 0xea, 0x50,
    0xe, 0x94, 0x4, 0x0, 0x98, 0x2, 0x15, 0xae,
    0x80, 0xd, 0x20, 0x20, 0x1f, 0xe1, 0x7c, 0x0,
    0x88, 0x44, 0x1, 0x28, 0x7, 0xe3, 0x30, 0x4,
    0x48, 0x1, 0x16, 0x18, 0x7, 0xfc, 0x24, 0xa0,
    0x11, 0xe6, 0x1c, 0x80, 0x22, 0x30, 0x0, 0x90,
    0x52, 0x0, 0x63, 0x8d, 0xd4, 0x36, 0x0, 0x50,
    0x1, 0x5c, 0x8, 0x7, 0x13, 0xc8, 0x80, 0x21,
    0x80, 0x33, 0xf4, 0x98, 0x7, 0xe4, 0x70, 0xf,
    0x9b, 0x3a, 0x94, 0x3, 0x92, 0x40, 0x3f, 0x85,
    0x6b, 0xe4, 0x40, 0x26, 0x30, 0xf, 0xfe, 0x3,
    0x71, 0x80, 0x48, 0x11, 0xff, 0x30, 0x7, 0xea,
    0x0, 0xb8, 0x3c, 0x2, 0xc0, 0xf, 0xfe, 0x12,
    0x0, 0x4a, 0xa0, 0xf, 0xd, 0x80, 0x5e, 0x6,
    0x80, 0x15, 0x5a, 0x99, 0x23, 0xf9, 0x0, 0x4e,
    0x0, 0xa2, 0x0, 0x92, 0xb3, 0x6e, 0x4, 0x2,
    0xa1, 0x0, 0xe, 0x28, 0x7, 0xf8, 0x6d, 0x40,
    0x30, 0xd6, 0xba, 0x8, 0x4, 0x4b, 0x5c, 0x80,
    0x10,

    /* U+00A8 "¨" */
    0x8, 0xca, 0x10, 0x8, 0xab, 0x18, 0x15, 0xcd,
    0x60, 0x2, 0x95, 0x39, 0x33, 0x0, 0x46, 0x1,
    0x38, 0x6, 0x64, 0x2, 0x80, 0xb, 0xc8, 0x18,
    0xc0,

    /* U+00A9 "©" */
    0x0, 0xe1, 0x8c, 0xff, 0x75, 0xb0, 0x7, 0xfa,
    0x39, 0xc1, 0x9d, 0xcd, 0x3c, 0x80, 0x1f, 0x5b,
    0xb7, 0x64, 0xc4, 0xed, 0x9d, 0xb8, 0x7, 0x52,
    0x54, 0x88, 0x7, 0x26, 0xac, 0x28, 0x4, 0x8b,
    0xa, 0x5, 0x7f, 0xed, 0x80, 0x5, 0x1d, 0x80,
    0x50, 0x4e, 0x7, 0xa8, 0x6a, 0x6f, 0x40, 0xf,
    0x17, 0x2, 0x3b, 0x0, 0x78, 0x56, 0x57, 0x12,
    0x90, 0x19, 0xac, 0x1c, 0x10, 0x4, 0xc9, 0x40,
    0x2a, 0x31, 0x0, 0x59, 0x81, 0x1, 0x1, 0x83,
    0x0, 0x67, 0xc3, 0x0, 0x10, 0x17, 0x80, 0x7f,
    0xf1, 0xb8, 0x4, 0x3, 0xf0, 0x88, 0x2, 0x30,
    0x25, 0x5, 0x2, 0x5, 0x0, 0xd7, 0xc8, 0x0,
    0xc2, 0x3, 0x1f, 0x0, 0x30, 0xd0, 0x82, 0x28,
    0x20, 0xa, 0xa8, 0x1, 0x28, 0x61, 0x26, 0xbd,
    0xf6, 0x12, 0x0, 0x80, 0xa0, 0x3, 0x96, 0x88,
    0x65, 0x32, 0xbe, 0xb0, 0x33, 0x1c, 0x80, 0x2f,
    0xf, 0x40, 0x59, 0xa8, 0x20, 0x89, 0x48, 0x0,
    0xc5, 0x87, 0x76, 0x63, 0x23, 0x7e, 0x75, 0xb0,
    0xf, 0x16, 0xc3, 0x4e, 0x6e, 0x42, 0xdd, 0x0,
    0x7f, 0x3e, 0xea, 0xeb, 0x3a, 0xd0, 0x3, 0x80,

    /* U+00AA "ª" */
    0x0, 0x9b, 0x3f, 0xdd, 0x44, 0x1, 0xb2, 0x4c,
    0x0, 0x2b, 0xa6, 0x0, 0x73, 0x1, 0x79, 0x50,
    0x7, 0x0, 0x3c, 0xcb, 0x21, 0xa8, 0xc0, 0x84,
    0x23, 0x34, 0x80, 0x25, 0x0, 0x10, 0x0, 0xa7,
    0x3b, 0xa6, 0x0, 0xcd, 0xac, 0x62, 0x30, 0x6,
    0x19, 0x0, 0x4f, 0x7f, 0x98, 0x2, 0x40, 0x3,
    0xb0, 0x80, 0x7f, 0xf0, 0x49, 0xc0, 0x27, 0x0,
    0x3b, 0x96, 0x74, 0x40, 0xe, 0x4a, 0x0, 0x8a,
    0x60, 0x40, 0x0, 0x85, 0x39, 0x0, 0xae, 0xc1,
    0x9c,

    /* U+00AB "«" */
    0x0, 0xff, 0xe3, 0x2f, 0xf9, 0xc0, 0xb, 0xfe,
    0x60, 0x8, 0xa8, 0xd, 0xc0, 0xa8, 0xd, 0x80,
    0x2f, 0x0, 0x78, 0x3, 0xc0, 0x1c, 0x1, 0x49,
    0x3, 0x98, 0x49, 0x3, 0x90, 0x1, 0x58, 0xa,
    0x1, 0x58, 0xa, 0x0, 0x5, 0x40, 0x9, 0x2,
    0xa0, 0x4, 0x80, 0x50, 0x0, 0x24, 0x8, 0x0,
    0x1a, 0x0, 0x50, 0x0, 0x24, 0x8, 0x0, 0x1a,
    0x0, 0x45, 0x40, 0xa, 0x2, 0xa0, 0x4, 0x80,
    0x65, 0x60, 0x19, 0x5, 0x60, 0x28, 0x0, 0xd2,
    0x60, 0xc6, 0x12, 0x60, 0xe6, 0x1, 0xb8, 0x1,
    0xc0, 0xe, 0x0, 0x78, 0x6, 0x2a, 0x2, 0x70,
    0x2a, 0x3, 0x70,

    /* U+00AC "¬" */
    0xab, 0xbf, 0xfe, 0x5, 0x22, 0x7f, 0xf0, 0x54,
    0x3, 0xff, 0x85, 0xdf, 0xff, 0xd6, 0x1, 0xff,
    0xeb, 0x67, 0x74, 0x0,

    /* U+00AD "­" */
    0x12, 0x2f, 0xfe, 0x0, 0xee, 0xff, 0xf0, 0x60,
    0x3, 0xff, 0xa0,

    /* U+00AE "®" */
    0x0, 0xf0, 0xab, 0xc3, 0x18, 0x7, 0xfc, 0x35,
    0xd5, 0xf, 0x39, 0xcc, 0x1, 0xf9, 0x39, 0x5b,
    0x3f, 0xdd, 0x45, 0x36, 0x20, 0x1c, 0x96, 0x7b,
    0x26, 0x0, 0x15, 0xc9, 0x4d, 0x0, 0xc3, 0x47,
    0x83, 0x33, 0x9c, 0x81, 0xac, 0xe4, 0x2, 0x81,
    0xe0, 0x66, 0xe8, 0xd6, 0x4, 0x76, 0x20, 0x3,
    0x30, 0x80, 0x28, 0xff, 0x60, 0xc8, 0x2, 0x42,
    0xc1, 0x2, 0x80, 0x3e, 0x35, 0x2, 0x1, 0x54,
    0x3, 0x3, 0x0, 0xf9, 0x10, 0x24, 0x0, 0xd2,
    0xf, 0x0, 0xf4, 0x7f, 0xac, 0xf0, 0x2, 0x20,
    0x1f, 0x0, 0xf1, 0xa9, 0x87, 0x10, 0x4, 0x60,
    0x2, 0x2, 0x0, 0xd7, 0x5a, 0x10, 0x1, 0xb8,
    0x5, 0xc1, 0x0, 0x3c, 0x2a, 0xa2, 0x0, 0x95,
    0x0, 0x8e, 0xc0, 0x3e, 0x80, 0x80, 0x2, 0x16,
    0x80, 0x20, 0x9c, 0x4, 0x84, 0x0, 0x4c, 0xe2,
    0x12, 0x4c, 0x0, 0x45, 0x85, 0x4d, 0x60, 0xa,
    0x74, 0x6c, 0xb8, 0x3, 0x52, 0x54, 0x88, 0x7,
    0x26, 0xa5, 0x18, 0x7, 0x5b, 0xb7, 0x5c, 0x42,
    0x76, 0xc3, 0x14, 0x3, 0xe8, 0xd7, 0x7e, 0x69,
    0xd3, 0x0, 0xc0,

    /* U+00AF "¯" */
    0x48, 0x8f, 0xf8, 0xf5, 0xdf, 0xfe, 0x40, 0xf,
    0xfe, 0x8,

    /* U+00B0 "°" */
    0x0, 0xa3, 0xbf, 0x54, 0x3, 0x63, 0x88, 0x15,
    0x38, 0x2, 0xc, 0x22, 0xd4, 0x20, 0x81, 0x82,
    0x1d, 0x28, 0x82, 0x80, 0x41, 0x0, 0x27, 0x2,
    0x1, 0x4, 0x0, 0x9c, 0x8, 0x1c, 0x21, 0xd2,
    0x88, 0x2c, 0x20, 0x82, 0x2d, 0x41, 0xcc, 0x7,
    0x18, 0x40, 0xa6, 0x0,

    /* U+00B1 "±" */
    0x0, 0xf3, 0x66, 0x2c, 0x3, 0xff, 0x81, 0xc6,
    0x64, 0x0, 0xff, 0xfd, 0x47, 0xff, 0x38, 0x5,
    0xff, 0xd6, 0x1, 0xff, 0xd4, 0x9c, 0xce, 0x50,
    0xb, 0x33, 0xa4, 0x4c, 0xf8, 0x80, 0x23, 0x3e,
    0x20, 0xf, 0xff, 0xf8, 0x7, 0xfd, 0x1f, 0xf0,
    0x7, 0xc6, 0x7f, 0xfc, 0x20, 0x6, 0x67, 0xff,
    0x8, 0x40, 0x3f, 0xfa, 0x80,

    /* U+00B2 "²" */
    0x0, 0x36, 0x7f, 0xba, 0x48, 0x2, 0xb9, 0x30,
    0x0, 0xb6, 0x98, 0x3a, 0x0, 0x19, 0xc8, 0x1,
    0xe1, 0x40, 0xa, 0x98, 0xc0, 0x1, 0x84, 0x4c,
    0x94, 0x3, 0xe5, 0x66, 0x0, 0x56, 0x0, 0x50,
    0xf, 0x4a, 0x80, 0xd8, 0x7, 0x5b, 0x0, 0xe0,
    0x80, 0x43, 0x88, 0x7, 0xe4, 0x1, 0x16, 0x18,
    0x2e, 0x8, 0x4, 0x78, 0x40, 0x78, 0xcd, 0x8e,
    0x44, 0x0, 0x73, 0x3d, 0x60, 0x1f, 0xf0,

    /* U+00B3 "³" */
    0x0, 0x3e, 0x7f, 0xba, 0x90, 0x0, 0x3b, 0x6,
    0x0, 0x15, 0xb7, 0x9, 0x20, 0x17, 0x84, 0x0,
    0x40, 0xec, 0x43, 0x21, 0xec, 0x80, 0x6, 0xae,
    0xe2, 0x0, 0x21, 0x0, 0x90, 0x4, 0xbf, 0xeb,
    0x3, 0xc0, 0xf, 0xf0, 0x80, 0x65, 0xed, 0x90,
    0x3c, 0x10, 0xc, 0x24, 0xca, 0x0, 0x7e, 0xff,
    0x20, 0x4, 0x20, 0x13, 0x80, 0x2e, 0x1e, 0xd0,
    0x0, 0x90, 0x40, 0x7, 0x84, 0x0, 0x41, 0xe,
    0xb9, 0x80, 0x5, 0x71, 0xc0,

    /* U+00B4 "´" */
    0x0, 0x92, 0x22, 0x60, 0x8, 0xad, 0xdc, 0xca,
    0x1, 0x70, 0x0, 0x74, 0xc0, 0xc, 0x60, 0x38,
    0x60, 0x2, 0x90, 0x1c, 0x20, 0x8,

    /* U+00B5 "µ" */
    0xf, 0xfc, 0x1, 0xf7, 0x7f, 0xc2, 0x1, 0xff,
    0xff, 0x0, 0xff, 0xff, 0x80, 0x7f, 0xf7, 0x8c,
    0x3, 0xc2, 0x1, 0xfd, 0x40, 0x1c, 0xc0, 0x1f,
    0xe6, 0x94, 0x35, 0xa9, 0x0, 0xff, 0x9a, 0xf2,
    0x94, 0x3, 0xff, 0x8a, 0x24, 0x1, 0xfc, 0xe4,
    0x0, 0x16, 0xf7, 0x0, 0xfe, 0x8d, 0xff, 0x74,
    0x8d, 0x7f, 0xc2, 0x1, 0xff, 0xff, 0x0, 0xff,
    0xe7, 0x80,

    /* U+00B6 "¶" */
    0x0, 0xc3, 0x19, 0xdf, 0xfd, 0x0, 0x14, 0x73,
    0x98, 0x80, 0x7e, 0xa7, 0x0, 0xff, 0x99, 0x40,
    0x3f, 0xf8, 0x16, 0x1, 0xff, 0xc0, 0x32, 0x0,
    0xff, 0xe0, 0x28, 0x7, 0xff, 0x4, 0x40, 0x3f,
    0xf8, 0x22, 0x1, 0xff, 0xc1, 0x20, 0xf, 0xfe,
    0xa, 0x0, 0x7f, 0xf0, 0x9c, 0x3, 0xff, 0x83,
    0x4, 0x1, 0xff, 0xc1, 0xc3, 0x0, 0xff, 0xe0,
    0xe, 0x49, 0x80, 0x7f, 0xf0, 0x1b, 0x3b, 0x2e,
    0xc2, 0x1, 0xfc, 0x26, 0x88, 0x0, 0xff, 0xff,
    0x80, 0x7f, 0xf3, 0xc0,

    /* U+00B7 "·" */
    0x2, 0x53, 0x4, 0xda, 0xc7, 0xf0, 0xa, 0x48,
    0x2, 0x28, 0x30, 0x2f,

    /* U+00B8 "¸" */
    0x8, 0x83, 0x0, 0x46, 0xee, 0x85, 0x0, 0x30,
    0x80, 0xd5, 0x1, 0x7a, 0x80, 0xa, 0x40, 0x4,
    0x0, 0x84, 0x4b, 0x40, 0x11, 0xad, 0x20, 0x2,
    0x81, 0xc0, 0x9b, 0x54, 0x0,

    /* U+00B9 "¹" */
    0x0, 0xff, 0xb, 0x5e, 0x8b, 0x67, 0x4a, 0x4,
    0xc8, 0xc0, 0x3c, 0x6a, 0x1, 0x4f, 0xe4, 0x0,
    0x42, 0x1, 0xff, 0xeb,

    /* U+00BA "º" */
    0x0, 0x9f, 0x3f, 0xdd, 0x24, 0x1, 0xe, 0xc1,
    0x80, 0x5, 0xb5, 0x0, 0x14, 0x40, 0x51, 0x4,
    0x0, 0x59, 0x1a, 0x1, 0x6b, 0xba, 0xdc, 0x1,
    0x68, 0x0, 0xb0, 0xd, 0x20, 0x4, 0xf0, 0x1,
    0x0, 0x61, 0x10, 0x18, 0x7, 0xff, 0x33, 0xc0,
    0x4, 0x1, 0x84, 0x40, 0x68, 0x0, 0xb0, 0xd,
    0x20, 0x4, 0x34, 0x2, 0xd7, 0x6a, 0x70, 0x5,
    0x85, 0x18, 0x14, 0x4a, 0x80, 0x2c, 0x80, 0x72,
    0xc, 0x0, 0x2d, 0xa8, 0x0,

    /* U+00BB "»" */
    0x0, 0xff, 0xe2, 0x67, 0xf0, 0x80, 0x2f, 0xf8,
    0x40, 0x3b, 0x80, 0x68, 0x1, 0x20, 0x3a, 0x1,
    0xc4, 0xe0, 0x90, 0x5, 0x0, 0x70, 0x1, 0xd0,
    0x40, 0xe8, 0xe, 0x40, 0xea, 0x1, 0xd2, 0x0,
    0xa1, 0xe, 0x0, 0x59, 0x0, 0x64, 0x50, 0x1d,
    0x3, 0x60, 0x1e, 0x0, 0xe8, 0x0, 0x1a, 0x5,
    0x80, 0xd, 0x40, 0x34, 0x0, 0x11, 0x1, 0x60,
    0x3, 0x50, 0x9, 0x14, 0x6, 0x81, 0x18, 0x7,
    0x40, 0x35, 0x0, 0x34, 0x42, 0x40, 0x14, 0x20,
    0x14, 0x8, 0x41, 0x84, 0x10, 0x3a, 0x0, 0x46,
    0xe0, 0x8e, 0x4, 0xe0, 0x70, 0x1, 0xbc, 0x6,
    0x80, 0x1c, 0x3, 0xa0, 0x18,

    /* U+00BC "¼" */
    0x0, 0xff, 0xe5, 0x93, 0xe5, 0x0, 0x7f, 0xf0,
    0x9f, 0x75, 0x6, 0x1, 0xff, 0xc3, 0x82, 0x0,
    0xff, 0xe3, 0x2c, 0xe0, 0x7, 0xf2, 0x0, 0x7d,
    0x4c, 0x60, 0x1f, 0x8e, 0xf4, 0x80, 0x3f, 0xf8,
    0x9e, 0x0, 0x20, 0xf, 0xfe, 0x1a, 0x98, 0x40,
    0x7, 0xff, 0x12, 0x0, 0xd4, 0x3, 0xff, 0x86,
    0xc4, 0x1e, 0x1, 0xff, 0xc3, 0x18, 0x5, 0x30,
    0xf, 0xfe, 0x1c, 0x88, 0x40, 0x7, 0xfc, 0xee,
    0xf0, 0x27, 0x7, 0x20, 0xf, 0xfa, 0x20, 0xa1,
    0x0, 0x32, 0x1, 0x4c, 0xa0, 0x3, 0xf8, 0xd4,
    0x24, 0x40, 0x14, 0xcc, 0x70, 0xf, 0xef, 0x2,
    0x70, 0x3, 0xa8, 0x7, 0xfc, 0xa6, 0x10, 0x0,
    0x38, 0x0, 0xff, 0xe0, 0x40, 0x1a, 0x80, 0xe8,
    0x41, 0x0, 0x7f, 0x39, 0x7, 0x80, 0x34, 0x55,
    0xc0, 0x3f, 0xd2, 0xa, 0x61, 0x6, 0x6a, 0x0,
    0xff, 0xb1, 0x60, 0xd, 0xc0, 0xff, 0xc4, 0x0,
    0xf6, 0x0, 0xe2, 0xa2, 0x0, 0xff, 0xe4, 0x9e,
    0x67, 0x10, 0x3, 0x1c, 0x3, 0xfc, 0x67, 0xc0,
    0x11, 0x88, 0x7, 0xff, 0x20,

    /* U+00BD "½" */
    0x0, 0xff, 0xe5, 0xa4, 0xf1, 0x80, 0x7f, 0xf0,
    0x4e, 0xbe, 0xd8, 0x40, 0x3f, 0xf8, 0x56, 0xa0,
    0x1f, 0xfc, 0x6e, 0x7a, 0x60, 0xf, 0xc8, 0x1,
    0xf3, 0x42, 0x88, 0x7, 0xc9, 0x7a, 0x20, 0x1f,
    0xfc, 0x49, 0x1, 0x10, 0x7, 0xff, 0xd, 0x48,
    0x20, 0x3, 0xff, 0x89, 0x60, 0x88, 0x0, 0xff,
    0xe1, 0xb8, 0x84, 0x80, 0x7f, 0xf0, 0xc6, 0x41,
    0x48, 0x3, 0xff, 0x87, 0x22, 0x16, 0x1, 0xff,
    0x63, 0xb8, 0x88, 0xe0, 0xe2, 0x1, 0xff, 0x24,
    0x40, 0x60, 0x6, 0x41, 0xb3, 0xfd, 0xae, 0x1,
    0xf8, 0xd4, 0x24, 0x6a, 0x4c, 0x0, 0x51, 0x60,
    0x1f, 0x40, 0xb, 0xa2, 0x81, 0xde, 0x18, 0x21,
    0x80, 0x72, 0x20, 0x2c, 0x30, 0x1, 0xe8, 0x72,
    0x0, 0x50, 0xe, 0x90, 0x35, 0x8, 0xff, 0x18,
    0x3, 0x0, 0x4, 0x1, 0x98, 0x82, 0x0, 0x3e,
    0x56, 0x2, 0x40, 0xd, 0x0, 0x88, 0x0, 0xf3,
    0x50, 0xf, 0x80, 0x74, 0x8c, 0x80, 0x79, 0xe4,
    0x7, 0x8, 0x3, 0x9f, 0x88, 0x3, 0xa2, 0x0,
    0x7e, 0x40, 0x1f, 0xfc, 0x19, 0x70, 0x3e, 0x32,
    0x20, 0x80, 0x7f, 0x91, 0x80, 0x7, 0xbb, 0xb0,
    0x3, 0xfc, 0x20, 0x1f, 0xc0,

    /* U+00BE "¾" */
    0x0, 0x2e, 0x7f, 0xba, 0x48, 0x3, 0xff, 0x83,
    0x14, 0x60, 0x1, 0x6d, 0x20, 0xf, 0xf8, 0x5c,
    0xa, 0xf1, 0x80, 0x16, 0x1, 0xff, 0xc0, 0xaa,
    0x7a, 0x1c, 0x80, 0x8, 0x3, 0x8, 0x7, 0x85,
    0x54, 0x40, 0x7, 0x0, 0x68, 0x6, 0xcd, 0x30,
    0xf, 0x8f, 0xfd, 0x1, 0xc, 0x1, 0x31, 0x11,
    0xc0, 0x3f, 0x8, 0x80, 0x16, 0x40, 0x14, 0x2,
    0x20, 0x3, 0xe3, 0xee, 0x60, 0x1c, 0x80, 0x20,
    0x42, 0x40, 0x38, 0xe2, 0x6, 0x0, 0x32, 0x5,
    0x1, 0x70, 0x62, 0x0, 0xe7, 0x7b, 0x90, 0x9c,
    0x80, 0x82, 0xc0, 0x10, 0x1, 0xe4, 0x50, 0x2b,
    0xd8, 0x0, 0x79, 0xa8, 0x40, 0x80, 0x7d, 0x52,
    0x60, 0x2, 0x6d, 0x3f, 0x2, 0x70, 0xf, 0xe6,
    0xcf, 0xf6, 0xc9, 0x29, 0x84, 0x0, 0xe, 0x64,
    0xa0, 0x1f, 0xf4, 0x1, 0xa8, 0xe, 0xb3, 0x30,
    0x3, 0xfc, 0xe4, 0x1e, 0x0, 0xa1, 0x0, 0xff,
    0xe0, 0xc, 0x2, 0x98, 0x42, 0x0, 0x7f, 0xf0,
    0x60, 0x1, 0x60, 0x8e, 0x14, 0x1, 0xff, 0x13,
    0x3, 0x88, 0xa8, 0x29, 0x0, 0x3f, 0xe8, 0x1,
    0x80, 0xd1, 0x85, 0x0, 0xff, 0xe0, 0x5b, 0xd8,
    0x39, 0x84, 0x7f, 0x0, 0x1b, 0xc4, 0x3, 0xc3,
    0xa, 0x1e, 0x1, 0xff, 0xc8, 0x9c, 0xcd, 0x60,
    0x4, 0xc1, 0x0, 0xff, 0x9, 0x9e, 0x50, 0x1,
    0x18, 0x7, 0xff, 0x28,

    /* U+00BF "¿" */
    0x0, 0xf4, 0xff, 0x20, 0x7, 0xf8, 0xd8, 0x6,
    0x40, 0x3f, 0xf9, 0xa6, 0xc0, 0x32, 0x1, 0xff,
    0x4f, 0xf2, 0x0, 0x7f, 0xf7, 0x73, 0x28, 0x0,
    0xff, 0x9, 0x9c, 0x40, 0x1f, 0xe5, 0x0, 0x8c,
    0x3, 0xf8, 0x64, 0x2, 0xc0, 0xf, 0xc3, 0xa4,
    0x0, 0x25, 0x0, 0xfd, 0xa6, 0x0, 0x1f, 0x0,
    0xfd, 0x66, 0x0, 0x1c, 0x20, 0xf, 0x99, 0x0,
    0x2d, 0x20, 0xf, 0xd0, 0x1, 0x49, 0x80, 0x7e,
    0x51, 0x0, 0x13, 0x0, 0x7f, 0x68, 0x5, 0x40,
    0x1f, 0xe1, 0x0, 0x88, 0x3, 0x85, 0x56, 0x41,
    0x0, 0x88, 0x3, 0x9e, 0xaa, 0xed, 0x0, 0xa8,
    0x3, 0xac, 0x2, 0xd4, 0x0, 0x8b, 0x19, 0x1b,
    0x48, 0x2, 0x61, 0x90, 0x8, 0xe6, 0xe4, 0x80,
    0x29, 0x10, 0x68, 0x0, 0xfe, 0x86, 0x0, 0x9f,
    0x5c, 0x80, 0x23, 0x7d, 0x70, 0x0,

    /* U+00C0 "À" */
    0x0, 0xec, 0xff, 0xa0, 0x3, 0xff, 0x87, 0x86,
    0x0, 0x73, 0x0, 0xff, 0xe1, 0xe9, 0x0, 0x38,
    0x3, 0xff, 0x86, 0x38, 0x40, 0x50, 0x1, 0xff,
    0xc3, 0x1c, 0x88, 0x78, 0x7, 0xff, 0x10, 0x5d,
    0xe0, 0xf, 0xfe, 0x23, 0xff, 0xcc, 0x1, 0xff,
    0xc3, 0xb0, 0xb, 0x40, 0x3f, 0xf8, 0x42, 0x60,
    0x12, 0x8, 0x7, 0xff, 0x5, 0x80, 0x39, 0x0,
    0x3f, 0xf8, 0x36, 0x1, 0xde, 0x1, 0xff, 0xc0,
    0x13, 0x0, 0xe5, 0x0, 0xff, 0xe0, 0x38, 0x5,
    0x0, 0x12, 0x80, 0x7f, 0xd4, 0x0, 0x17, 0x0,
    0xbc, 0x3, 0xfc, 0x26, 0x0, 0x70, 0x50, 0x2,
    0x80, 0x7f, 0x9c, 0x2, 0xd0, 0xc0, 0x9, 0x0,
    0x3f, 0xb4, 0x2, 0x40, 0x70, 0xb, 0x40, 0x3f,
    0xa, 0x0, 0x14, 0x0, 0x26, 0x0, 0x70, 0xf,
    0xce, 0x1, 0x60, 0x4, 0x80, 0x1, 0x40, 0xf,
    0xb4, 0x2, 0x70, 0xa, 0xc0, 0x2d, 0x0, 0xf0,
    0xa0, 0x0, 0xc4, 0x2, 0x31, 0x0, 0x38, 0x7,
    0x9c, 0x2, 0x3f, 0xfe, 0x10, 0x0, 0x98, 0x7,
    0x68, 0x7, 0xff, 0x6, 0xc0, 0x30, 0xa0, 0x7,
    0xff, 0x5, 0x40, 0x32, 0x0, 0x49, 0x55, 0xf1,
    0x80, 0x8, 0xc0, 0x2e, 0x0, 0xbd, 0x57, 0xeb,
    0x0, 0xac, 0x2, 0x40, 0x9, 0x0, 0x3e, 0x50,
    0x9, 0x40, 0xa, 0x1, 0x20, 0x7, 0xe2, 0x10,
    0x1, 0x10, 0x3c, 0x2, 0xd0, 0xf, 0xe7, 0x0,
    0x94, 0x14, 0x2, 0x40, 0xf, 0xed, 0x0, 0xac,

    /* U+00C1 "Á" */
    0x0, 0xff, 0x9f, 0xfe, 0xc1, 0x0, 0xff, 0xe0,
    0x9c, 0x0, 0xf, 0x4, 0x3, 0xff, 0x83, 0xc0,
    0x3, 0xc0, 0xf, 0xfe, 0x14, 0x10, 0x1e, 0x0,
    0x7f, 0xf0, 0xfd, 0xe3, 0x0, 0x3f, 0xf8, 0x8f,
    0xe, 0x1, 0xff, 0xc4, 0x7f, 0xf9, 0x80, 0x3f,
    0xf8, 0x76, 0x1, 0x68, 0x7, 0xff, 0x8, 0x4c,
    0x2, 0x41, 0x0, 0xff, 0xe0, 0xb0, 0x7, 0x20,
    0x7, 0xff, 0x6, 0xc0, 0x3b, 0xc0, 0x3f, 0xf8,
    0x2, 0x60, 0x1c, 0xa0, 0x1f, 0xfc, 0x7, 0x0,
    0xa0, 0x2, 0x50, 0xf, 0xfa, 0x80, 0x2, 0xe0,
    0x17, 0x80, 0x7f, 0x84, 0xc0, 0xe, 0xa, 0x0,
    0x50, 0xf, 0xf3, 0x80, 0x5a, 0x18, 0x1, 0x20,
    0x7, 0xf6, 0x80, 0x48, 0xe, 0x1, 0x68, 0x7,
    0xe1, 0x40, 0x2, 0x80, 0x4, 0xc0, 0xe, 0x1,
    0xf9, 0xc0, 0x2c, 0x0, 0x90, 0x0, 0x28, 0x1,
    0xf6, 0x80, 0x4e, 0x1, 0x58, 0x5, 0xa0, 0x1e,
    0x14, 0x0, 0x18, 0x80, 0x46, 0x20, 0x7, 0x0,
    0xf3, 0x80, 0x47, 0xff, 0xc2, 0x0, 0x13, 0x0,
    0xed, 0x0, 0xff, 0xe0, 0xd8, 0x6, 0x14, 0x0,
    0xff, 0xe0, 0xa8, 0x6, 0x40, 0x9, 0x2a, 0xbe,
    0x30, 0x1, 0x18, 0x5, 0xc0, 0x17, 0xaa, 0xfd,
    0x60, 0x15, 0x80, 0x48, 0x1, 0x20, 0x7, 0xca,
    0x1, 0x28, 0x1, 0x40, 0x24, 0x0, 0xfc, 0x42,
    0x0, 0x22, 0x7, 0x80, 0x5a, 0x1, 0xfc, 0xe0,
    0x12, 0x82, 0x80, 0x48, 0x1, 0xfd, 0xa0, 0x15,
    0x80,

    /* U+00C2 "Â" */
    0x0, 0xfe, 0x78, 0x70, 0xf, 0xfe, 0x25, 0xc3,
    0xc5, 0x80, 0x7f, 0xf0, 0x47, 0x50, 0x4, 0x13,
    0x4, 0x3, 0xfc, 0x5e, 0x40, 0xdc, 0xa0, 0x78,
    0x40, 0x1f, 0x87, 0x4, 0x1e, 0x42, 0x9c, 0xb,
    0x4, 0x3, 0xe1, 0xef, 0xf4, 0x0, 0x51, 0xfe,
    0xe1, 0x0, 0xff, 0xe9, 0xbf, 0xfc, 0xc0, 0x1f,
    0xfc, 0x3b, 0x0, 0xb4, 0x3, 0xff, 0x84, 0x26,
    0x1, 0x20, 0x80, 0x7f, 0xf0, 0x58, 0x3, 0x90,
    0x3, 0xff, 0x83, 0x60, 0x1d, 0xe0, 0x1f, 0xfc,
    0x1, 0x30, 0xe, 0x50, 0xf, 0xfe, 0x3, 0x80,
    0x50, 0x1, 0x28, 0x7, 0xfd, 0x40, 0x1, 0x70,
    0xb, 0xc0, 0x3f, 0xc2, 0x60, 0x7, 0x5, 0x0,
    0x28, 0x7, 0xf9, 0xc0, 0x2d, 0xc, 0x0, 0x90,
    0x3, 0xfb, 0x40, 0x24, 0x7, 0x0, 0xb4, 0x3,
    0xf0, 0xa0, 0x1, 0x40, 0x2, 0x60, 0x7, 0x0,
    0xfc, 0xe0, 0x16, 0x0, 0x48, 0x0, 0x14, 0x0,
    0xfb, 0x40, 0x27, 0x0, 0xac, 0x2, 0xd0, 0xf,
    0xa, 0x0, 0xc, 0x40, 0x23, 0x10, 0x3, 0x80,
    0x79, 0xc0, 0x23, 0xff, 0xe1, 0x0, 0x9, 0x80,
    0x76, 0x80, 0x7f, 0xf0, 0x6c, 0x3, 0xa, 0x0,
    0x7f, 0xf0, 0x54, 0x3, 0x20, 0x4, 0x95, 0x5f,
    0x18, 0x0, 0x8c, 0x2, 0xe0, 0xb, 0xd5, 0x7e,
    0xb0, 0xa, 0xc0, 0x24, 0x0, 0x90, 0x3, 0xe5,
    0x0, 0x94, 0x0, 0xa0, 0x12, 0x0, 0x7e, 0x21,
    0x0, 0x11, 0x3, 0xc0, 0x2d, 0x0, 0xfe, 0x70,
    0x9, 0x41, 0x40, 0x24, 0x0, 0xfe, 0xd0, 0xa,
    0xc0,

    /* U+00C3 "Ã" */
    0x0, 0xf2, 0x5d, 0x98, 0x3, 0x55, 0xc, 0x3,
    0xf3, 0x5a, 0x22, 0x75, 0x41, 0x15, 0x4e, 0x1,
    0xfa, 0x40, 0x31, 0x57, 0xd8, 0xa, 0x0, 0x7c,
    0xa0, 0xb, 0xfb, 0x20, 0xd, 0x40, 0x1f, 0x9d,
    0x98, 0x80, 0x9b, 0x4a, 0xd8, 0x80, 0x1f, 0x8a,
    0x64, 0x1, 0x96, 0xa4, 0xc0, 0x3f, 0xfa, 0xaf,
    0xff, 0x30, 0x7, 0xff, 0xe, 0xc0, 0x2d, 0x0,
    0xff, 0xe1, 0x9, 0x80, 0x48, 0x20, 0x1f, 0xfc,
    0x16, 0x0, 0xe4, 0x0, 0xff, 0xe0, 0xd8, 0x7,
    0x78, 0x7, 0xff, 0x0, 0x4c, 0x3, 0x94, 0x3,
    0xff, 0x80, 0xe0, 0x14, 0x0, 0x4a, 0x1, 0xff,
    0x50, 0x0, 0x5c, 0x2, 0xf0, 0xf, 0xf0, 0x98,
    0x1, 0xc1, 0x40, 0xa, 0x1, 0xfe, 0x70, 0xb,
    0x43, 0x0, 0x24, 0x0, 0xfe, 0xd0, 0x9, 0x1,
    0xc0, 0x2d, 0x0, 0xfc, 0x28, 0x0, 0x50, 0x0,
    0x98, 0x1, 0xc0, 0x3f, 0x38, 0x5, 0x80, 0x12,
    0x0, 0x5, 0x0, 0x3e, 0xd0, 0x9, 0xc0, 0x2b,
    0x0, 0xb4, 0x3, 0xc2, 0x80, 0x3, 0x10, 0x8,
    0xc4, 0x0, 0xe0, 0x1e, 0x70, 0x8, 0xff, 0xf8,
    0x40, 0x2, 0x60, 0x1d, 0xa0, 0x1f, 0xfc, 0x1b,
    0x0, 0xc2, 0x80, 0x1f, 0xfc, 0x15, 0x0, 0xc8,
    0x1, 0x25, 0x57, 0xc6, 0x0, 0x23, 0x0, 0xb8,
    0x2, 0xf5, 0x5f, 0xac, 0x2, 0xb0, 0x9, 0x0,
    0x24, 0x0, 0xf9, 0x40, 0x25, 0x0, 0x28, 0x4,
    0x80, 0x1f, 0x88, 0x40, 0x4, 0x40, 0xf0, 0xb,
    0x40, 0x3f, 0x9c, 0x2, 0x50, 0x50, 0x9, 0x0,
    0x3f, 0xb4, 0x2, 0xb0,

    /* U+00C4 "Ä" */
    0x0, 0xeb, 0xfd, 0x20, 0x8, 0xfb, 0xe4, 0x3,
    0xf3, 0x20, 0x15, 0x80, 0x5e, 0x20, 0xc6, 0x1,
    0xf1, 0x80, 0x7c, 0xe0, 0x10, 0x80, 0x7c, 0xae,
    0x6b, 0x0, 0x14, 0xa1, 0xc9, 0x0, 0x7e, 0x8c,
    0xa1, 0x0, 0x8a, 0xf1, 0x80, 0x3f, 0xfa, 0x8f,
    0xff, 0x30, 0x7, 0xff, 0xe, 0xc0, 0x2d, 0x0,
    0xff, 0xe1, 0x9, 0x80, 0x48, 0x20, 0x1f, 0xfc,
    0x16, 0x0, 0xe4, 0x0, 0xff, 0xe0, 0xd8, 0x7,
    0x78, 0x7, 0xff, 0x0, 0x4c, 0x3, 0x94, 0x3,
    0xff, 0x80, 0xe0, 0x14, 0x0, 0x4a, 0x1, 0xff,
    0x50, 0x0, 0x5c, 0x2, 0xf0, 0xf, 0xf0, 0x98,
    0x1, 0xc1, 0x40, 0xa, 0x1, 0xfe, 0x70, 0xb,
    0x43, 0x0, 0x24, 0x0, 0xfe, 0xd0, 0x9, 0x1,
    0xc0, 0x2d, 0x0, 0xfc, 0x28, 0x0, 0x50, 0x0,
    0x98, 0x1, 0xc0, 0x3f, 0x38, 0x5, 0x80, 0x12,
    0x0, 0x5, 0x0, 0x3e, 0xd0, 0x9, 0xc0, 0x2b,
    0x0, 0xb4, 0x3, 0xc2, 0x80, 0x3, 0x10, 0x8,
    0xc4, 0x0, 0xe0, 0x1e, 0x70, 0x8, 0xff, 0xf8,
    0x40, 0x2, 0x60, 0x1d, 0xa0, 0x1f, 0xfc, 0x1b,
    0x0, 0xc2, 0x80, 0x1f, 0xfc, 0x15, 0x0, 0xc8,
    0x1, 0x25, 0x57, 0xc6, 0x0, 0x23, 0x0, 0xb8,
    0x2, 0xf5, 0x5f, 0xac, 0x2, 0xb0, 0x9, 0x0,
    0x24, 0x0, 0xf9, 0x40, 0x25, 0x0, 0x28, 0x4,
    0x80, 0x1f, 0x88, 0x40, 0x4, 0x40, 0xf0, 0xb,
    0x40, 0x3f, 0x9c, 0x2, 0x50, 0x50, 0x9, 0x0,
    0x3f, 0xb4, 0x2, 0xb0,

    /* U+00C5 "Å" */
    0x0, 0xfe, 0x57, 0x50, 0xf, 0xfe, 0x19, 0x6d,
    0x45, 0x68, 0x80, 0x7f, 0xf0, 0x64, 0xab, 0xe4,
    0xa0, 0x3, 0xff, 0x82, 0x84, 0xa0, 0xc2, 0x80,
    0x1f, 0xfc, 0x11, 0x30, 0x0, 0x8c, 0x1, 0xff,
    0xc1, 0x91, 0xc8, 0xc0, 0x90, 0xf, 0xfe, 0xb,
    0xc8, 0xb8, 0x4a, 0x80, 0x7f, 0xf0, 0x9b, 0x7f,
    0x58, 0x3, 0xff, 0x86, 0xff, 0xf3, 0x0, 0x7f,
    0xf0, 0xec, 0x2, 0xd0, 0xf, 0xfe, 0x10, 0x98,
    0x4, 0x82, 0x1, 0xff, 0xc1, 0x60, 0xe, 0x40,
    0xf, 0xfe, 0xd, 0x80, 0x77, 0x80, 0x7f, 0xf0,
    0x4, 0xc0, 0x39, 0x40, 0x3f, 0xf8, 0xe, 0x1,
    0x40, 0x4, 0xa0, 0x1f, 0xf5, 0x0, 0x5, 0xc0,
    0x2f, 0x0, 0xff, 0x9, 0x80, 0x1c, 0x14, 0x0,
    0xa0, 0x1f, 0xe7, 0x0, 0xb4, 0x30, 0x2, 0x40,
    0xf, 0xed, 0x0, 0x90, 0x1c, 0x2, 0xd0, 0xf,
    0xc2, 0x80, 0x5, 0x0, 0x9, 0x80, 0x1c, 0x3,
    0xf3, 0x80, 0x58, 0x1, 0x20, 0x0, 0x50, 0x3,
    0xed, 0x0, 0x9c, 0x2, 0xb0, 0xb, 0x40, 0x3c,
    0x28, 0x0, 0x31, 0x0, 0x8c, 0x40, 0xe, 0x1,
    0xe7, 0x0, 0x8f, 0xff, 0x84, 0x0, 0x26, 0x1,
    0xda, 0x1, 0xff, 0xc1, 0xb0, 0xc, 0x28, 0x1,
    0xff, 0xc1, 0x50, 0xc, 0x80, 0x12, 0x55, 0x7c,
    0x60, 0x2, 0x30, 0xb, 0x80, 0x2f, 0x55, 0xfa,
    0xc0, 0x2b, 0x0, 0x90, 0x2, 0x40, 0xf, 0x94,
    0x2, 0x50, 0x2, 0x80, 0x48, 0x1, 0xf8, 0x84,
    0x0, 0x44, 0xf, 0x0, 0xb4, 0x3, 0xf9, 0xc0,
    0x25, 0x5, 0x0, 0x90, 0x3, 0xfb, 0x40, 0x2b,

    /* U+00C6 "Æ" */
    0x0, 0xfe, 0xff, 0xff, 0x28, 0x7, 0xe5, 0x0,
    0xff, 0xe3, 0xf8, 0x7, 0xff, 0x18, 0x54, 0x3,
    0x97, 0x33, 0x20, 0x7, 0xce, 0x1, 0xe3, 0x3e,
    0x10, 0xf, 0xb4, 0x0, 0x60, 0x1f, 0xfc, 0x31,
    0x40, 0x5, 0x80, 0x7f, 0xf0, 0xd8, 0x2, 0x40,
    0xf, 0xfe, 0x1d, 0x0, 0x14, 0x3, 0xff, 0x86,
    0x44, 0x0, 0x78, 0x7, 0xff, 0xe, 0x80, 0x25,
    0x0, 0xcd, 0xff, 0x60, 0x7, 0x98, 0x0, 0x80,
    0x1f, 0xfc, 0x33, 0x10, 0x6, 0x80, 0x7f, 0xf0,
    0xe8, 0x2, 0x70, 0xe, 0x5d, 0xdb, 0x80, 0x39,
    0xc0, 0x6, 0x20, 0x1c, 0x64, 0x58, 0x3, 0x20,
    0x80, 0xf, 0xfd, 0x80, 0x1f, 0xfc, 0xe, 0x0,
    0xff, 0xe3, 0xa8, 0x7, 0xff, 0x19, 0x40, 0x24,
    0x88, 0x98, 0x3, 0xfe, 0xe0, 0xa, 0x1d, 0xea,
    0x0, 0xff, 0xa, 0x0, 0x4, 0xc0, 0x3e, 0x33,
    0xe2, 0x7, 0x0, 0x9c, 0x3, 0xf2, 0xe6, 0x68,
    0xa, 0x0, 0xb4, 0x3, 0xff, 0x84, 0x46, 0x0,
    0x14, 0x0, 0xff, 0xe1, 0x0,

    /* U+00C7 "Ç" */
    0x0, 0xe2, 0x8d, 0xff, 0x76, 0x41, 0x0, 0x7e,
    0x8d, 0x72, 0x0, 0x9, 0xbe, 0xc0, 0x7, 0xad,
    0xc0, 0x3f, 0x9e, 0x80, 0x34, 0x20, 0x4, 0xd7,
    0x94, 0xa0, 0x12, 0xb0, 0x0, 0x9c, 0x2, 0xb9,
    0x43, 0x5a, 0x90, 0xa, 0x0, 0x16, 0x1, 0x32,
    0x0, 0x73, 0x18, 0x0, 0x54, 0x1c, 0x2, 0xb0,
    0xf, 0xa8, 0x2, 0xc3, 0x10, 0x1, 0x10, 0x3,
    0xe4, 0x4c, 0x2c, 0x1, 0x38, 0x7, 0xe2, 0xbb,
    0xa0, 0x80, 0x23, 0x0, 0xff, 0xe2, 0x88, 0x7,
    0xff, 0xec, 0x40, 0x3f, 0xf8, 0x24, 0x1, 0x18,
    0x7, 0xff, 0x5, 0x80, 0x26, 0x0, 0xfc, 0x31,
    0x13, 0x18, 0x4, 0x62, 0x1, 0xf3, 0xbe, 0xc0,
    0x50, 0x9, 0x80, 0x3e, 0xd0, 0xb, 0x2, 0x0,
    0x28, 0x30, 0xe, 0x54, 0x0, 0xb, 0x1, 0x30,
    0x5, 0x8e, 0x64, 0x93, 0x40, 0x14, 0x0, 0x52,
    0x60, 0x14, 0x66, 0xdb, 0x0, 0x4a, 0xc0, 0x1b,
    0x18, 0x3, 0xfa, 0x28, 0x3, 0xd3, 0x8c, 0x40,
    0x11, 0xc7, 0x38, 0x7, 0xe3, 0x98, 0x0, 0x1c,
    0x38, 0x80, 0x7f, 0xda, 0x0, 0x3b, 0x70, 0xf,
    0xfe, 0x4, 0x7b, 0x80, 0x20, 0x3, 0xff, 0x85,
    0x60, 0x10, 0x80, 0x7f, 0xc2, 0xbc, 0x0, 0x21,
    0x0, 0xff, 0x9e, 0x88, 0x1, 0x20, 0x1f, 0xfc,
    0x3, 0x2, 0x6d, 0x40, 0xe,

    /* U+00C8 "È" */
    0x0, 0xb3, 0xfe, 0x90, 0xf, 0xfe, 0x6, 0x18,
    0x1, 0x8c, 0x3, 0xff, 0x81, 0xa6, 0x0, 0xe0,
    0xf, 0xfe, 0x0, 0xe9, 0x1, 0x40, 0x7, 0xff,
    0x0, 0x72, 0x21, 0xe0, 0x1f, 0xfc, 0x11, 0x77,
    0x80, 0x3e, 0x5f, 0xff, 0xfe, 0x1a, 0x0, 0x7f,
    0xf6, 0x8e, 0xef, 0xfe, 0x50, 0xc, 0xe8, 0x9f,
    0xf0, 0x80, 0x7f, 0xff, 0xc0, 0x3f, 0xf8, 0x49,
    0xff, 0xfd, 0x60, 0x1f, 0xfd, 0xc4, 0xdd, 0xfe,
    0xa0, 0xf, 0x88, 0xbf, 0x84, 0x3, 0xff, 0xfe,
    0x1, 0xff, 0xc4, 0x73, 0x3f, 0xf8, 0x40, 0x31,
    0xe6, 0x7f, 0xc8, 0x1, 0xff, 0xd6,

    /* U+00C9 "É" */
    0x0, 0xfe, 0x28, 0x89, 0xc4, 0x3, 0xfe, 0xe7,
    0x78, 0x44, 0x1, 0xfe, 0x83, 0x0, 0x4b, 0x0,
    0x7f, 0x8d, 0xc0, 0x14, 0xc0, 0x1f, 0xf7, 0x0,
    0x29, 0x40, 0x3f, 0xf8, 0x1b, 0xfe, 0x50, 0xf,
    0x2f, 0xff, 0xff, 0xd, 0x0, 0x3f, 0xfb, 0x47,
    0x77, 0xff, 0x28, 0x6, 0x74, 0x4f, 0xf8, 0x40,
    0x3f, 0xff, 0xe0, 0x1f, 0xfc, 0x24, 0xff, 0xfe,
    0xb0, 0xf, 0xfe, 0xe2, 0x6e, 0xff, 0x50, 0x7,
    0xc4, 0x5f, 0xc2, 0x1, 0xff, 0xff, 0x0, 0xff,
    0xe2, 0x39, 0x9f, 0xfc, 0x20, 0x18, 0xf3, 0x3f,
    0xe4, 0x0, 0xff, 0xeb, 0x0,

    /* U+00CA "Ê" */
    0x0, 0xf9, 0xe1, 0xc0, 0x3f, 0xf8, 0x37, 0xf,
    0x16, 0x1, 0xfe, 0x1c, 0x40, 0x10, 0x4c, 0x10,
    0xf, 0x8b, 0xc, 0x1b, 0x98, 0xf, 0xc8, 0x3,
    0x87, 0x8, 0x1e, 0x42, 0x5c, 0x7, 0x4, 0x3,
    0xf, 0x7f, 0xa0, 0x2, 0x8f, 0xf7, 0x8, 0x7,
    0xff, 0x1d, 0x7f, 0xff, 0xf8, 0x68, 0x1, 0xff,
    0xda, 0x3b, 0xbf, 0xf9, 0x40, 0x33, 0xa2, 0x7f,
    0xc2, 0x1, 0xff, 0xff, 0x0, 0xff, 0xe1, 0x27,
    0xff, 0xf5, 0x80, 0x7f, 0xf7, 0x13, 0x77, 0xfa,
    0x80, 0x3e, 0x22, 0xfe, 0x10, 0xf, 0xff, 0xf8,
    0x7, 0xff, 0x11, 0xcc, 0xff, 0xe1, 0x0, 0xc7,
    0x99, 0xff, 0x20, 0x7, 0xff, 0x58,

    /* U+00CB "Ë" */
    0x0, 0xa3, 0x28, 0x40, 0x22, 0xbc, 0x60, 0xe,
    0x57, 0x35, 0x80, 0xa, 0x50, 0xe4, 0xc0, 0x31,
    0x80, 0x46, 0x1, 0x38, 0x7, 0xe6, 0x40, 0x28,
    0x0, 0xbc, 0x81, 0x8c, 0x3, 0xaf, 0xf4, 0x80,
    0x23, 0xdf, 0x90, 0xf, 0xfe, 0x42, 0xff, 0xff,
    0xf0, 0xd0, 0x3, 0xff, 0xb4, 0x77, 0x7f, 0xf2,
    0x80, 0x67, 0x44, 0xff, 0x84, 0x3, 0xff, 0xfe,
    0x1, 0xff, 0xc2, 0x4f, 0xff, 0xeb, 0x0, 0xff,
    0xee, 0x26, 0xef, 0xf5, 0x0, 0x7c, 0x45, 0xfc,
    0x20, 0x1f, 0xff, 0xf0, 0xf, 0xfe, 0x23, 0x99,
    0xff, 0xc2, 0x1, 0x8f, 0x33, 0xfe, 0x40, 0xf,
    0xfe, 0xb0,

    /* U+00CC "Ì" */
    0x8, 0xff, 0xb0, 0x3, 0xfd, 0xc, 0x0, 0x37,
    0x0, 0xff, 0x4a, 0x80, 0x20, 0x80, 0x3f, 0xd4,
    0xa0, 0xe, 0x0, 0xff, 0xaa, 0x21, 0x62, 0x1,
    0xff, 0x3b, 0xc2, 0x1, 0xee, 0xff, 0xff, 0xe0,
    0xa8, 0x7, 0xff, 0x4b, 0x6e, 0xf0, 0x80, 0x55,
    0x77, 0x90, 0xd1, 0x30, 0x6, 0x74, 0x4c, 0x20,
    0x1f, 0xff, 0xf0, 0xf, 0xff, 0xf8, 0x7, 0xff,
    0xfc, 0xcf, 0x80, 0x33, 0x99, 0xe1, 0xdc, 0xcc,
    0x20, 0x15, 0x66, 0x64, 0x0, 0xff, 0xe9, 0x0,

    /* U+00CD "Í" */
    0x0, 0xf9, 0x3f, 0xee, 0x20, 0xf, 0xc3, 0x40,
    0x1, 0xc2, 0x0, 0xfd, 0x62, 0x3, 0x84, 0x1,
    0xf9, 0x54, 0x3, 0x84, 0x1, 0xfc, 0x6e, 0xec,
    0x20, 0xf, 0xf3, 0x44, 0x8, 0x3, 0xdd, 0xff,
    0xff, 0xc1, 0x50, 0xf, 0xfe, 0x96, 0xdd, 0xe1,
    0x0, 0xaa, 0xef, 0x21, 0xa2, 0x60, 0xc, 0xe8,
    0x98, 0x40, 0x3f, 0xff, 0xe0, 0x1f, 0xff, 0xf0,
    0xf, 0xff, 0xf9, 0x9f, 0x0, 0x67, 0x33, 0xc3,
    0xb9, 0x98, 0x40, 0x2a, 0xcc, 0xc8, 0x1, 0xff,
    0xd2,

    /* U+00CE "Î" */
    0x0, 0xe5, 0x87, 0x10, 0xf, 0xf4, 0x53, 0xc6,
    0x10, 0x7, 0xea, 0x70, 0x10, 0x2c, 0x30, 0xf,
    0x5a, 0x81, 0xfc, 0x80, 0xe2, 0x0, 0x6c, 0x40,
    0x4c, 0x16, 0xa0, 0x5, 0xa0, 0x5, 0x9f, 0xeb,
    0x0, 0x97, 0xfe, 0x40, 0xf, 0xfe, 0x2f, 0x7f,
    0xff, 0xf0, 0x54, 0x3, 0xff, 0xa5, 0xb7, 0x78,
    0x40, 0x2a, 0xbb, 0xc8, 0x68, 0x98, 0x3, 0x3a,
    0x26, 0x10, 0xf, 0xff, 0xf8, 0x7, 0xff, 0xfc,
    0x3, 0xff, 0xfe, 0x67, 0xc0, 0x19, 0xcc, 0xf0,
    0xee, 0x66, 0x10, 0xa, 0xb3, 0x32, 0x0, 0x7f,
    0xf4, 0x80,

    /* U+00CF "Ï" */
    0x8, 0xfe, 0x40, 0x8, 0x73, 0xf0, 0x40, 0x4,
    0xe0, 0x32, 0x1, 0x49, 0x81, 0xb0, 0x0, 0xc0,
    0x3e, 0xf0, 0xf, 0xd, 0x1a, 0x70, 0x4, 0xec,
    0x6c, 0xe0, 0x12, 0xe5, 0x98, 0x6, 0x9c, 0x90,
    0xf, 0xfe, 0x37, 0x7f, 0xff, 0xf0, 0x54, 0x3,
    0xff, 0xa5, 0xb7, 0x78, 0x40, 0x2a, 0xbb, 0xc8,
    0x68, 0x98, 0x3, 0x3a, 0x26, 0x10, 0xf, 0xff,
    0xf8, 0x7, 0xff, 0xfc, 0x3, 0xff, 0xfe, 0x67,
    0xc0, 0x19, 0xcc, 0xf0, 0xee, 0x66, 0x10, 0xa,
    0xb3, 0x32, 0x0, 0x7f, 0xf4, 0x80,

    /* U+00D0 "Ð" */
    0x0, 0x9f, 0xff, 0xed, 0xa5, 0x0, 0xff, 0xe3,
    0x12, 0xd7, 0x28, 0x7, 0xff, 0x1c, 0x6a, 0x40,
    0x3f, 0xe5, 0xcc, 0x5c, 0x10, 0x4, 0xd2, 0x1,
    0xfe, 0x33, 0x91, 0xf6, 0x0, 0x26, 0x50, 0xf,
    0xfe, 0x1b, 0xb8, 0x2, 0xb0, 0xf, 0xfe, 0x24,
    0x10, 0x0, 0x54, 0x3, 0xff, 0x89, 0x40, 0x17,
    0x80, 0x7f, 0xf1, 0x14, 0x2, 0x40, 0xf, 0xfe,
    0x21, 0x0, 0x42, 0x13, 0x76, 0xa0, 0x9, 0xee,
    0xe3, 0x0, 0xc2, 0x1, 0xa, 0x24, 0x40, 0x10,
    0xa2, 0x4e, 0x1, 0xf8, 0xc0, 0x3f, 0xf9, 0x3b,
    0xfe, 0x80, 0x9, 0xbf, 0xe4, 0x0, 0xfc, 0x60,
    0x1f, 0xfc, 0x41, 0x0, 0x84, 0x3, 0xff, 0x86,
    0x40, 0x10, 0x80, 0x7f, 0xf1, 0x10, 0x2, 0x40,
    0xf, 0xfe, 0x25, 0x80, 0x5e, 0x1, 0xff, 0xc3,
    0x72, 0x0, 0xa, 0x80, 0x7f, 0xf0, 0x9a, 0x0,
    0x2b, 0x0, 0xfe, 0x33, 0xcd, 0x92, 0x1, 0x2a,
    0x80, 0x3f, 0x97, 0x32, 0x93, 0x0, 0x96, 0x80,
    0x3f, 0xf8, 0xa3, 0x34, 0x1, 0xff, 0xc3, 0x25,
    0xae, 0x60, 0xe,

    /* U+00D1 "Ñ" */
    0x0, 0xd1, 0x94, 0x40, 0x11, 0xec, 0x0, 0x7b,
    0x1c, 0xd7, 0x64, 0x82, 0x9, 0x40, 0x39, 0xcc,
    0x3, 0x36, 0xfa, 0x5, 0x0, 0x75, 0x82, 0x77,
    0x1c, 0x3, 0x1b, 0x80, 0x75, 0x24, 0x8, 0xa3,
    0x5d, 0x63, 0x0, 0x3c, 0xd6, 0x60, 0x11, 0x45,
    0x38, 0x7, 0xff, 0x2b, 0x7f, 0xe7, 0x0, 0xfb,
    0xff, 0x8, 0x6, 0x90, 0xf, 0xfe, 0x20, 0xb0,
    0x7, 0xff, 0x12, 0xc0, 0x3f, 0xf8, 0x84, 0xa0,
    0x1f, 0xfc, 0x48, 0x0, 0xff, 0xe2, 0x12, 0x0,
    0x7f, 0xf1, 0x20, 0x3, 0xff, 0x82, 0xe0, 0x3,
    0x40, 0xf, 0xfe, 0x5, 0x90, 0x3, 0xc0, 0x3f,
    0xf8, 0x30, 0x0, 0x43, 0x0, 0xff, 0xe0, 0x29,
    0x0, 0x24, 0x3, 0xff, 0x83, 0x60, 0x5, 0x20,
    0xf, 0xfe, 0x3, 0x8, 0x2, 0x0, 0x3f, 0xf8,
    0x32, 0x0, 0x51, 0x0, 0xff, 0xe0, 0x38, 0x80,
    0x20, 0x3, 0xff, 0x83, 0x20, 0x6, 0x0, 0xff,
    0xe0, 0xb0, 0x7, 0xff, 0x10, 0x5c, 0x3, 0xff,
    0x89, 0x20, 0x1f, 0xfc, 0x41, 0x60, 0xf, 0xfe,
    0x25, 0x80, 0x7f, 0xf1, 0x9, 0x40, 0x3f, 0xf8,
    0x90, 0x1, 0xc0,

    /* U+00D2 "Ò" */
    0x0, 0x85, 0xdf, 0x8, 0x7, 0xff, 0x0, 0x7e,
    0x22, 0xa0, 0xf, 0xfe, 0xc, 0x38, 0x1, 0x14,
    0x3, 0xff, 0x83, 0xc, 0x0, 0xb1, 0x0, 0xff,
    0xe0, 0xca, 0x80, 0xd8, 0x7, 0xff, 0xa, 0xbf,
    0xd4, 0x1, 0xff, 0xd2, 0x39, 0xdf, 0xf7, 0x52,
    0x80, 0x7f, 0x56, 0x31, 0x0, 0x5, 0x6b, 0x8,
    0x3, 0xd8, 0xa0, 0x1f, 0x8f, 0x8, 0x3, 0x49,
    0x80, 0x4b, 0x34, 0xc0, 0x10, 0xf8, 0x4, 0x4c,
    0x1, 0x55, 0x19, 0x67, 0x44, 0x0, 0x4e, 0x0,
    0xb0, 0x9, 0xd4, 0x3, 0x15, 0x0, 0x52, 0x0,
    0x70, 0xa, 0x40, 0x3c, 0x86, 0x0, 0x14, 0x21,
    0x0, 0x10, 0x80, 0x7d, 0x60, 0x16, 0x38, 0x4,
    0xe0, 0x1f, 0x8c, 0x2, 0x32, 0x0, 0x8c, 0x3,
    0xf3, 0x80, 0x4c, 0x1, 0x84, 0x3, 0xf0, 0x80,
    0x7f, 0xfe, 0xc4, 0x3, 0x10, 0x4, 0x40, 0x1f,
    0x9c, 0x2, 0x66, 0x0, 0x4e, 0x1, 0xf8, 0xc0,
    0x23, 0x30, 0x80, 0x8, 0x40, 0x3e, 0xb0, 0xb,
    0x1, 0xc0, 0x29, 0x0, 0xf1, 0x98, 0x0, 0x28,
    0x16, 0x1, 0x3a, 0x0, 0x61, 0xe0, 0xa, 0x40,
    0x4, 0xc0, 0x15, 0xd2, 0xaa, 0x3c, 0x80, 0x4,
    0xe0, 0x14, 0x98, 0x4, 0xb5, 0x47, 0x10, 0x0,
    0xf8, 0x7, 0x62, 0x80, 0x7e, 0x2c, 0x20, 0xf,
    0x56, 0x31, 0x0, 0x5, 0x6b, 0x48, 0x2,

    /* U+00D3 "Ó" */
    0x0, 0xff, 0x1c, 0x44, 0xe0, 0x1f, 0xfc, 0x1,
    0xd7, 0x79, 0x0, 0x3f, 0xf8, 0x16, 0x20, 0xc,
    0x30, 0xf, 0xf9, 0x54, 0x0, 0xc3, 0x0, 0xff,
    0x86, 0x80, 0x18, 0x60, 0x1f, 0xfc, 0x1, 0xff,
    0x8c, 0x3, 0xff, 0xa2, 0x73, 0xbf, 0xee, 0xa5,
    0x0, 0xfe, 0xac, 0x62, 0x0, 0xa, 0xd6, 0x10,
    0x7, 0xb1, 0x40, 0x3f, 0x1e, 0x10, 0x6, 0x93,
    0x0, 0x96, 0x69, 0x80, 0x21, 0xf0, 0x8, 0x98,
    0x2, 0xaa, 0x32, 0xce, 0x88, 0x0, 0x9c, 0x1,
    0x60, 0x13, 0xa8, 0x6, 0x2a, 0x0, 0xa4, 0x0,
    0xe0, 0x14, 0x80, 0x79, 0xc, 0x0, 0x28, 0x42,
    0x0, 0x21, 0x0, 0xfa, 0xc0, 0x2c, 0x70, 0x9,
    0xc0, 0x3f, 0x18, 0x4, 0x64, 0x1, 0x18, 0x7,
    0xe7, 0x0, 0x98, 0x3, 0x8, 0x7, 0xe1, 0x0,
    0xff, 0xfd, 0x88, 0x6, 0x20, 0x8, 0x80, 0x3f,
    0x38, 0x4, 0xcc, 0x0, 0x9c, 0x3, 0xf1, 0x80,
    0x46, 0x61, 0x0, 0x10, 0x80, 0x7d, 0x60, 0x16,
    0x3, 0x80, 0x52, 0x1, 0xe3, 0x30, 0x0, 0x50,
    0x2c, 0x2, 0x74, 0x0, 0xc3, 0xc0, 0x14, 0x80,
    0x9, 0x80, 0x2b, 0xa5, 0x54, 0x79, 0x0, 0x9,
    0xc0, 0x29, 0x30, 0x9, 0x6a, 0x8e, 0x20, 0x1,
    0xf0, 0xe, 0xc5, 0x0, 0xfc, 0x58, 0x40, 0x1e,
    0xac, 0x62, 0x0, 0xa, 0xd6, 0x90, 0x4,

    /* U+00D4 "Ô" */
    0x0, 0xf9, 0xbf, 0xdc, 0x40, 0x1f, 0xfc, 0x7,
    0x90, 0x0, 0xea, 0x0, 0x7f, 0xa6, 0x0, 0x60,
    0x1, 0x6a, 0x1, 0xfa, 0xd8, 0xb, 0xde, 0xc0,
    0x14, 0xe0, 0x1e, 0x23, 0x78, 0xc1, 0x4, 0xc7,
    0x77, 0x80, 0x78, 0xa2, 0xe, 0x20, 0x11, 0xc4,
    0x40, 0x1f, 0xfc, 0xe3, 0x9d, 0xff, 0x75, 0x28,
    0x7, 0xf5, 0x63, 0x10, 0x0, 0x56, 0xb0, 0x80,
    0x3d, 0x8a, 0x1, 0xf8, 0xf0, 0x80, 0x34, 0x98,
    0x4, 0xb3, 0x4c, 0x1, 0xf, 0x80, 0x44, 0xc0,
    0x15, 0x51, 0x96, 0x74, 0x40, 0x4, 0xe0, 0xb,
    0x0, 0x9d, 0x40, 0x31, 0x50, 0x5, 0x20, 0x7,
    0x0, 0xa4, 0x3, 0xc8, 0x60, 0x1, 0x42, 0x10,
    0x1, 0x8, 0x7, 0xd6, 0x1, 0x63, 0x80, 0x4e,
    0x1, 0xf8, 0xc0, 0x23, 0x20, 0x8, 0xc0, 0x3f,
    0x38, 0x4, 0xc0, 0x18, 0x40, 0x3f, 0x8, 0x7,
    0xff, 0xec, 0x40, 0x31, 0x0, 0x44, 0x1, 0xf9,
    0xc0, 0x26, 0x60, 0x4, 0xe0, 0x1f, 0x8c, 0x2,
    0x33, 0x8, 0x0, 0x84, 0x3, 0xeb, 0x0, 0xb0,
    0x1c, 0x2, 0x90, 0xf, 0x19, 0x80, 0x2, 0x81,
    0x60, 0x13, 0xa0, 0x6, 0x1e, 0x0, 0xa4, 0x0,
    0x4c, 0x1, 0x5d, 0x2a, 0xa3, 0xc8, 0x0, 0x4e,
    0x1, 0x49, 0x80, 0x4b, 0x54, 0x71, 0x0, 0xf,
    0x80, 0x76, 0x28, 0x7, 0xe2, 0xc2, 0x0, 0xf5,
    0x63, 0x10, 0x0, 0x56, 0xb4, 0x80, 0x20,

    /* U+00D5 "Õ" */
    0x0, 0xff, 0xe0, 0x88, 0x7, 0xe1, 0xaf, 0xf5,
    0x20, 0x0, 0x7b, 0x84, 0x1, 0xed, 0x50, 0x2,
    0xde, 0xdf, 0x80, 0x90, 0x7, 0x29, 0x80, 0x90,
    0x0, 0x90, 0x41, 0xc0, 0x3c, 0x40, 0x7d, 0xbd,
    0x4, 0x3, 0x10, 0x0, 0xf3, 0xfe, 0x80, 0x5,
    0xf7, 0xf9, 0xc0, 0x3f, 0x84, 0x3, 0xff, 0xae,
    0x73, 0xbf, 0xee, 0xa5, 0x0, 0xfe, 0xac, 0x62,
    0x0, 0xa, 0xd6, 0x10, 0x7, 0xb1, 0x40, 0x3f,
    0x1e, 0x10, 0x6, 0x93, 0x0, 0x96, 0x69, 0x80,
    0x21, 0xf0, 0x8, 0x98, 0x2, 0xaa, 0x32, 0xce,
    0x88, 0x0, 0x9c, 0x1, 0x60, 0x13, 0xa8, 0x6,
    0x2a, 0x0, 0xa4, 0x0, 0xe0, 0x14, 0x80, 0x79,
    0xc, 0x0, 0x28, 0x42, 0x0, 0x21, 0x0, 0xfa,
    0xc0, 0x2c, 0x70, 0x9, 0xc0, 0x3f, 0x18, 0x4,
    0x64, 0x1, 0x18, 0x7, 0xe7, 0x0, 0x98, 0x3,
    0x8, 0x7, 0xe1, 0x0, 0xff, 0xfd, 0x88, 0x6,
    0x20, 0x8, 0x80, 0x3f, 0x38, 0x4, 0xcc, 0x0,
    0x9c, 0x3, 0xf1, 0x80, 0x46, 0x61, 0x0, 0x10,
    0x80, 0x7d, 0x60, 0x16, 0x3, 0x80, 0x52, 0x1,
    0xe3, 0x30, 0x0, 0x50, 0x2c, 0x2, 0x74, 0x0,
    0xc3, 0xc0, 0x14, 0x80, 0x9, 0x80, 0x2b, 0xa5,
    0x54, 0x79, 0x0, 0x9, 0xc0, 0x29, 0x30, 0x9,
    0x6a, 0x8e, 0x20, 0x1, 0xf0, 0xe, 0xc5, 0x0,
    0xfc, 0x58, 0x40, 0x1e, 0xac, 0x62, 0x0, 0xa,
    0xd6, 0x90, 0x4,

    /* U+00D6 "Ö" */
    0x0, 0xd3, 0x92, 0x1, 0x8e, 0xf1, 0x40, 0x3c,
    0xec, 0x6c, 0xc0, 0xb, 0x50, 0xe8, 0x40, 0x3b,
    0xc0, 0x21, 0x0, 0xff, 0xe0, 0xc9, 0x82, 0x30,
    0x5, 0x62, 0x10, 0x20, 0x1c, 0x39, 0xf6, 0x20,
    0x12, 0xf7, 0xb8, 0x7, 0xff, 0x80, 0xe7, 0x7f,
    0xdd, 0x4a, 0x1, 0xfd, 0x58, 0xc4, 0x0, 0x15,
    0xac, 0x20, 0xf, 0x62, 0x80, 0x7e, 0x3c, 0x20,
    0xd, 0x26, 0x1, 0x2c, 0xd3, 0x0, 0x43, 0xe0,
    0x11, 0x30, 0x5, 0x54, 0x65, 0x9d, 0x10, 0x1,
    0x38, 0x2, 0xc0, 0x27, 0x50, 0xc, 0x54, 0x1,
    0x48, 0x1, 0xc0, 0x29, 0x0, 0xf2, 0x18, 0x0,
    0x50, 0x84, 0x0, 0x42, 0x1, 0xf5, 0x80, 0x58,
    0xe0, 0x13, 0x80, 0x7e, 0x30, 0x8, 0xc8, 0x2,
    0x30, 0xf, 0xce, 0x1, 0x30, 0x6, 0x10, 0xf,
    0xc2, 0x1, 0xff, 0xfb, 0x10, 0xc, 0x40, 0x11,
    0x0, 0x7e, 0x70, 0x9, 0x98, 0x1, 0x38, 0x7,
    0xe3, 0x0, 0x8c, 0xc2, 0x0, 0x21, 0x0, 0xfa,
    0xc0, 0x2c, 0x7, 0x0, 0xa4, 0x3, 0xc6, 0x60,
    0x0, 0xa0, 0x58, 0x4, 0xe8, 0x1, 0x87, 0x80,
    0x29, 0x0, 0x13, 0x0, 0x57, 0x4a, 0xa8, 0xf2,
    0x0, 0x13, 0x80, 0x52, 0x60, 0x12, 0xd5, 0x1c,
    0x40, 0x3, 0xe0, 0x1d, 0x8a, 0x1, 0xf8, 0xb0,
    0x80, 0x3d, 0x58, 0xc4, 0x0, 0x15, 0xad, 0x20,
    0x8,

    /* U+00D7 "×" */
    0x0, 0x13, 0x0, 0x7f, 0x38, 0x80, 0x45, 0x92,
    0xe0, 0x1f, 0x44, 0x30, 0x40, 0x18, 0x21, 0xe,
    0x1, 0xd0, 0xe0, 0x58, 0x0, 0x80, 0xa, 0x18,
    0x2, 0x87, 0x0, 0xa4, 0x0, 0xd2, 0x1, 0x4b,
    0x4, 0x38, 0x5, 0x68, 0x1, 0x34, 0x80, 0x53,
    0x6e, 0x1, 0x5a, 0x0, 0x73, 0x48, 0x4, 0x80,
    0x15, 0xa0, 0x7, 0xcd, 0x20, 0x1d, 0x68, 0x1,
    0xfd, 0xc0, 0x1c, 0x40, 0x1f, 0xd0, 0xe0, 0x1d,
    0x2c, 0x1, 0xf4, 0x38, 0x4, 0xc0, 0x14, 0xb0,
    0x7, 0x43, 0x80, 0x55, 0x32, 0x0, 0xa5, 0x80,
    0x28, 0x70, 0xa, 0x94, 0x1a, 0x40, 0x29, 0x60,
    0x2, 0x80, 0x54, 0xa0, 0x13, 0x48, 0x5, 0x40,
    0xc, 0x20, 0xa5, 0x0, 0xe6, 0x90, 0x3d, 0x0,
    0xe, 0x5a, 0x80, 0x7c, 0xd5, 0x82, 0x0,

    /* U+00D8 "Ø" */
    0x0, 0xff, 0xe2, 0x6f, 0xe8, 0x7, 0xc7, 0x3b,
    0xfe, 0xea, 0x40, 0x62, 0x8, 0x0, 0xf5, 0x63,
    0x10, 0x0, 0x56, 0xed, 0x0, 0x6a, 0x1, 0xd8,
    0xa0, 0x1f, 0x90, 0x43, 0xc0, 0x3a, 0x4c, 0x2,
    0x59, 0xa6, 0x0, 0xc2, 0x60, 0x18, 0x98, 0x2,
    0xba, 0x65, 0x9d, 0x0, 0x85, 0xc0, 0x35, 0x80,
    0x4e, 0x80, 0x19, 0x80, 0x34, 0x80, 0x66, 0x0,
    0xa4, 0x3, 0xa4, 0x3, 0xa, 0x0, 0xc, 0x2,
    0x21, 0x0, 0xce, 0x40, 0x60, 0x16, 0x0, 0x18,
    0x2, 0x70, 0xc, 0x50, 0xb, 0x20, 0x11, 0x80,
    0x8, 0x2, 0x20, 0xd, 0x20, 0xb, 0x60, 0x9,
    0x80, 0x3f, 0xc8, 0x80, 0x81, 0x10, 0x7, 0xbc,
    0x3, 0xe9, 0x2, 0x70, 0xf, 0xfe, 0x1c, 0x10,
    0x48, 0x7, 0xf7, 0x80, 0x71, 0x38, 0x2a, 0x0,
    0x7f, 0xf0, 0xe4, 0x1, 0x60, 0x10, 0x80, 0x42,
    0x0, 0x20, 0x8, 0x91, 0x1, 0x2, 0x1, 0x38,
    0x4, 0xe0, 0x6, 0x0, 0x92, 0x40, 0x9c, 0x3,
    0x18, 0x4, 0x60, 0x3, 0x10, 0x0, 0x90, 0x48,
    0x7, 0x58, 0x5, 0x80, 0x13, 0x80, 0x65, 0x40,
    0xc, 0x66, 0x0, 0x90, 0x2, 0xb0, 0xd, 0xe0,
    0x18, 0x74, 0x2, 0x70, 0xc, 0x4c, 0x1, 0x54,
    0xaa, 0xa3, 0xc4, 0x0, 0x50, 0x1, 0xc8, 0x1,
    0x9a, 0xa8, 0xe2, 0x0, 0x1f, 0x0, 0xe7, 0x20,
    0x40, 0xf, 0xc7, 0x84, 0x1, 0x8a, 0x1, 0x6f,
    0x18, 0x80, 0x2, 0xb5, 0x84, 0x1, 0xd2, 0x3,
    0x60, 0x73, 0xbf, 0xee, 0xa5, 0x0, 0xf0,

    /* U+00D9 "Ù" */
    0x0, 0xab, 0xfe, 0xa0, 0xf, 0xfe, 0x5, 0x20,
    0x1, 0x54, 0x1, 0xff, 0xc0, 0xb4, 0x0, 0x58,
    0x80, 0x7f, 0xf0, 0x2c, 0xc0, 0x6c, 0x3, 0xff,
    0x83, 0x91, 0xd, 0x0, 0xff, 0xe1, 0x3b, 0xc0,
    0x1f, 0x67, 0xfc, 0x40, 0x1f, 0x5f, 0xfc, 0x60,
    0x1f, 0xfe, 0x71, 0x0, 0xff, 0x9c, 0x3, 0xff,
    0xfe, 0x1, 0xff, 0xff, 0x0, 0xff, 0xee, 0x88,
    0x4, 0x20, 0x1f, 0x8, 0x6, 0x60, 0x9, 0x40,
    0x3e, 0x20, 0x8, 0xb4, 0x2, 0xc0, 0xf, 0x28,
    0x4, 0x42, 0xc0, 0x12, 0xa0, 0x6, 0x18, 0x0,
    0xa8, 0x5, 0x80, 0x2b, 0x94, 0x37, 0xf2, 0x0,
    0xb, 0x0, 0x24, 0xc0, 0x26, 0xbc, 0x81, 0x0,
    0xa8, 0x40, 0x2d, 0x40, 0xf, 0xc3, 0x88, 0x1,
    0x86, 0xec, 0xa4, 0x0, 0x14, 0x9e, 0x30, 0x8,

    /* U+00DA "Ú" */
    0x0, 0xfe, 0x6f, 0xfb, 0x44, 0x3, 0xfc, 0x52,
    0x0, 0x2c, 0x10, 0xf, 0xf7, 0x0, 0xb, 0x4,
    0x3, 0xfc, 0xe6, 0x5, 0x82, 0x1, 0xff, 0xc0,
    0x78, 0xc1, 0x0, 0xff, 0xe0, 0x3c, 0x38, 0x80,
    0x7b, 0x3f, 0xe2, 0x0, 0xfa, 0xff, 0xe3, 0x0,
    0xff, 0xf3, 0x88, 0x7, 0xfc, 0xe0, 0x1f, 0xff,
    0xf0, 0xf, 0xff, 0xf8, 0x7, 0xff, 0x74, 0x40,
    0x21, 0x0, 0xf8, 0x40, 0x33, 0x0, 0x4a, 0x1,
    0xf1, 0x0, 0x45, 0xa0, 0x16, 0x0, 0x79, 0x40,
    0x22, 0x16, 0x0, 0x95, 0x0, 0x30, 0xc0, 0x5,
    0x40, 0x2c, 0x1, 0x5c, 0xa1, 0xbf, 0x90, 0x0,
    0x58, 0x1, 0x26, 0x1, 0x35, 0xe4, 0x8, 0x5,
    0x42, 0x1, 0x6a, 0x0, 0x7e, 0x1c, 0x40, 0xc,
    0x37, 0x65, 0x20, 0x0, 0xa4, 0xf1, 0x80, 0x40,

    /* U+00DB "Û" */
    0x0, 0xf9, 0xa1, 0xc0, 0x3f, 0xf8, 0x3, 0x72,
    0xf1, 0xa4, 0x1, 0xfc, 0x7e, 0x80, 0xa0, 0x5a,
    0xa0, 0x1f, 0x2e, 0x8, 0x55, 0x30, 0x42, 0xa0,
    0x3, 0xda, 0xee, 0xc5, 0x3, 0xf8, 0x70, 0x20,
    0xe, 0x88, 0x8c, 0x2, 0x17, 0x88, 0x10, 0x7,
    0xff, 0x1f, 0x3f, 0xe2, 0x0, 0xfa, 0xff, 0xe3,
    0x0, 0xff, 0xf3, 0x88, 0x7, 0xfc, 0xe0, 0x1f,
    0xff, 0xf0, 0xf, 0xff, 0xf8, 0x7, 0xff, 0x74,
    0x40, 0x21, 0x0, 0xf8, 0x40, 0x33, 0x0, 0x4a,
    0x1, 0xf1, 0x0, 0x45, 0xa0, 0x16, 0x0, 0x79,
    0x40, 0x22, 0x16, 0x0, 0x95, 0x0, 0x30, 0xc0,
    0x5, 0x40, 0x2c, 0x1, 0x5c, 0xa1, 0xbf, 0x90,
    0x0, 0x58, 0x1, 0x26, 0x1, 0x35, 0xe4, 0x8,
    0x5, 0x42, 0x1, 0x6a, 0x0, 0x7e, 0x1c, 0x40,
    0xc, 0x37, 0x65, 0x20, 0x0, 0xa4, 0xf1, 0x80,
    0x40,

    /* U+00DC "Ü" */
    0x0, 0xab, 0xf4, 0xc0, 0x22, 0xdf, 0xa0, 0xe,
    0x45, 0x2, 0x80, 0xa, 0x8, 0x15, 0x40, 0x19,
    0xc0, 0x21, 0x0, 0x8c, 0x2, 0x10, 0xc, 0x70,
    0x69, 0x60, 0x14, 0x29, 0xba, 0x0, 0x73, 0xe5,
    0x88, 0x4, 0x35, 0x90, 0x1, 0xff, 0xc8, 0xcf,
    0xf8, 0x80, 0x3e, 0xbf, 0xf8, 0xc0, 0x3f, 0xfc,
    0xe2, 0x1, 0xff, 0x38, 0x7, 0xff, 0xfc, 0x3,
    0xff, 0xfe, 0x1, 0xff, 0xdd, 0x10, 0x8, 0x40,
    0x3e, 0x10, 0xc, 0xc0, 0x12, 0x80, 0x7c, 0x40,
    0x11, 0x68, 0x5, 0x80, 0x1e, 0x50, 0x8, 0x85,
    0x80, 0x25, 0x40, 0xc, 0x30, 0x1, 0x50, 0xb,
    0x0, 0x57, 0x28, 0x6f, 0xe4, 0x0, 0x16, 0x0,
    0x49, 0x80, 0x4d, 0x79, 0x2, 0x1, 0x50, 0x80,
    0x5a, 0x80, 0x1f, 0x87, 0x10, 0x3, 0xd, 0xd9,
    0x48, 0x0, 0x29, 0x3c, 0x60, 0x10,

    /* U+00DD "Ý" */
    0x0, 0xff, 0xa3, 0x32, 0x90, 0xf, 0xfe, 0x12,
    0x39, 0x98, 0x24, 0x3, 0xff, 0x82, 0x34, 0x0,
    0x4c, 0x0, 0xff, 0xe1, 0x50, 0x82, 0xd8, 0x7,
    0xff, 0x8, 0x8d, 0xe2, 0x80, 0x3f, 0xf8, 0x65,
    0x10, 0x70, 0xf, 0xc3, 0xff, 0x98, 0x3, 0xfb,
    0xbf, 0xe8, 0x17, 0x0, 0xac, 0x3, 0xf2, 0x88,
    0x5, 0x21, 0x20, 0x11, 0x20, 0x7, 0xd2, 0x1,
    0x38, 0x80, 0xb8, 0x5, 0x0, 0x1e, 0x33, 0x0,
    0x52, 0x1, 0x48, 0x4, 0x66, 0x0, 0xe9, 0x0,
    0x98, 0x40, 0x21, 0x60, 0xa, 0x40, 0x31, 0x28,
    0x5, 0x0, 0x1d, 0x0, 0x12, 0x88, 0x5, 0x40,
    0x13, 0x8, 0x7, 0xb, 0x0, 0x52, 0x1, 0x38,
    0x5, 0x0, 0x1f, 0x40, 0x4, 0xc0, 0x7, 0x0,
    0x98, 0x40, 0x3e, 0x16, 0x0, 0xb, 0x4, 0x80,
    0x56, 0x1, 0xfd, 0x60, 0x15, 0xa8, 0x80, 0x18,
    0x80, 0x3f, 0x89, 0x80, 0x5, 0x40, 0x15, 0x80,
    0x7f, 0xd6, 0x1, 0xe5, 0x20, 0xf, 0xf8, 0x94,
    0x3, 0xa0, 0x3, 0xff, 0x83, 0x0, 0x19, 0x48,
    0x3, 0xff, 0x82, 0x46, 0x1, 0x48, 0x7, 0xff,
    0xfd, 0xc0, 0x3f, 0xfb, 0xe2, 0x1, 0xff, 0xe3,

    /* U+00DE "Þ" */
    0x8f, 0xf9, 0xc0, 0x3f, 0xff, 0x7e, 0x45, 0xc0,
    0x1f, 0xfc, 0x7, 0xdd, 0xef, 0xd8, 0x10, 0xf,
    0xfe, 0x19, 0x3f, 0x38, 0x7, 0xff, 0x16, 0x20,
    0x1, 0xe8, 0xff, 0xdd, 0x66, 0x1, 0x39, 0x80,
    0x7f, 0x85, 0x31, 0x0, 0x29, 0x0, 0xff, 0xe0,
    0xc8, 0x4, 0xa0, 0x1f, 0xfc, 0x12, 0x10, 0x8,
    0x40, 0x3f, 0xfa, 0x44, 0x20, 0x10, 0x80, 0x7f,
    0xf0, 0x24, 0x2, 0x50, 0xf, 0xf0, 0xa6, 0x20,
    0x5, 0x20, 0x1d, 0x1f, 0xfb, 0xac, 0xc0, 0x27,
    0x30, 0xf, 0xfe, 0x1c, 0x40, 0x3, 0xff, 0x82,
    0x4f, 0xce, 0x1, 0xf3, 0xee, 0xee, 0xfd, 0x81,
    0x0, 0xfd, 0xe4, 0x58, 0x40, 0x3f, 0xfe, 0x40,

    /* U+00DF "ß" */
    0x0, 0xc7, 0x3b, 0xfe, 0xd9, 0x20, 0xf, 0xe9,
    0xc6, 0x20, 0x1, 0x36, 0xb8, 0x7, 0xd2, 0xc0,
    0x1f, 0xa1, 0x40, 0x38, 0xd8, 0x3, 0x32, 0x80,
    0x68, 0x0, 0xe9, 0x0, 0x8f, 0xa6, 0xa8, 0x1,
    0x11, 0x0, 0x32, 0x80, 0x5c, 0x20, 0x5, 0x10,
    0x9, 0x80, 0x22, 0x0, 0x88, 0x80, 0x18, 0x80,
    0x27, 0x0, 0x98, 0x2, 0x60, 0xe, 0x20, 0x8,
    0x80, 0x3f, 0xf8, 0x8, 0x20, 0x4, 0x10, 0xf,
    0xfe, 0x4, 0x80, 0x50, 0x1, 0xff, 0xc0, 0x42,
    0x0, 0x29, 0x80, 0x7f, 0xf0, 0x34, 0x2, 0xc0,
    0xf, 0xfe, 0x9, 0x80, 0x7f, 0xf1, 0x74, 0x2,
    0xb0, 0xf, 0xfe, 0xb, 0x0, 0x45, 0x60, 0x1f,
    0xfc, 0x1, 0x80, 0x9, 0x28, 0x3, 0xff, 0x80,
    0xec, 0x1, 0x2c, 0x80, 0x7f, 0xf0, 0x25, 0xc0,
    0x26, 0x40, 0xf, 0xfe, 0x4, 0x28, 0x5, 0x0,
    0x1f, 0xfc, 0x1b, 0x0, 0x8c, 0x3, 0xff, 0x82,
    0x20, 0x1f, 0xfc, 0x52, 0x0, 0x84, 0x3, 0xe5,
    0xd7, 0x32, 0x5f, 0x0, 0x90, 0x3, 0xec, 0x28,
    0xcd, 0xa2, 0x0, 0xa4, 0x3, 0xe4, 0x0, 0xfd,
    0x46, 0x1, 0xf5, 0xa9, 0x0, 0x44, 0xda, 0xa0,
    0x0,

    /* U+00E0 "à" */
    0x0, 0x1f, 0xfe, 0x20, 0xf, 0xf8, 0xec, 0x2,
    0xe0, 0xf, 0xfe, 0x2, 0x58, 0x0, 0xdc, 0x3,
    0xff, 0x80, 0x94, 0x0, 0x82, 0x0, 0xff, 0xe0,
    0x2d, 0xc4, 0x18, 0x3, 0xff, 0x82, 0x8e, 0xe4,
    0x0, 0xff, 0xe8, 0x35, 0xf7, 0xfb, 0xad, 0x80,
    0x3e, 0x5e, 0x94, 0x10, 0x0, 0xa4, 0xf2, 0x0,
    0x65, 0xa1, 0x0, 0xfc, 0x36, 0x80, 0x15, 0x80,
    0x4d, 0xbf, 0xeb, 0x30, 0xa, 0x40, 0xa, 0x20,
    0x4, 0x92, 0x0, 0x26, 0x8, 0x0, 0x8c, 0x12,
    0xee, 0x90, 0xf, 0x38, 0x4, 0xa0, 0x28, 0x91,
    0x0, 0x78, 0x40, 0x3f, 0x13, 0xdf, 0x7f, 0xe7,
    0x0, 0xfa, 0x76, 0x10, 0x40, 0x3f, 0xeb, 0x60,
    0x8, 0xde, 0x22, 0x30, 0xe, 0x54, 0x0, 0xe,
    0xe4, 0x3b, 0xc8, 0x1, 0xde, 0x1, 0x59, 0x0,
    0x7f, 0xcc, 0x1, 0x38, 0x7, 0x84, 0x3, 0xf9,
    0x40, 0x39, 0x18, 0x3, 0xac, 0x2, 0x88, 0x19,
    0x25, 0x58, 0x6, 0x10, 0x61, 0x0, 0x9f, 0x36,
    0xd4, 0x3, 0xbc, 0x7, 0x8, 0x3, 0xe2, 0x70,
    0x8, 0xc0, 0x5, 0xb0, 0x60, 0x1, 0x49, 0xda,
    0x0, 0x90, 0x0,

    /* U+00E1 "á" */
    0x0, 0xfe, 0xdf, 0xf9, 0xc0, 0x3f, 0xe8, 0x20,
    0x3, 0xb8, 0x3, 0xfc, 0x4e, 0x0, 0x68, 0x0,
    0xff, 0xb8, 0x0, 0xb2, 0x1, 0xff, 0x20, 0x1b,
    0x50, 0x7, 0xff, 0x1, 0x33, 0x12, 0x1, 0xff,
    0xd0, 0x6b, 0xef, 0xf7, 0x5b, 0x0, 0x7c, 0xbd,
    0x28, 0x20, 0x1, 0x49, 0xe4, 0x0, 0xcb, 0x42,
    0x1, 0xf8, 0x6d, 0x0, 0x2b, 0x0, 0x9b, 0x7f,
    0xd6, 0x60, 0x14, 0x80, 0x14, 0x40, 0x9, 0x24,
    0x0, 0x4c, 0x10, 0x1, 0x18, 0x25, 0xdd, 0x20,
    0x1e, 0x70, 0x9, 0x40, 0x51, 0x22, 0x0, 0xf0,
    0x80, 0x7e, 0x27, 0xbe, 0xff, 0xce, 0x1, 0xf4,
    0xec, 0x20, 0x80, 0x7f, 0xd6, 0xc0, 0x11, 0xbc,
    0x44, 0x60, 0x1c, 0xa8, 0x0, 0x1d, 0xc8, 0x77,
    0x90, 0x3, 0xbc, 0x2, 0xb2, 0x0, 0xff, 0x98,
    0x2, 0x70, 0xf, 0x8, 0x7, 0xf2, 0x80, 0x72,
    0x30, 0x7, 0x58, 0x5, 0x10, 0x32, 0x4a, 0xb0,
    0xc, 0x20, 0xc2, 0x1, 0x3e, 0x6d, 0xa8, 0x7,
    0x78, 0xe, 0x10, 0x7, 0xc4, 0xe0, 0x11, 0x80,
    0xb, 0x60, 0xc0, 0x2, 0x93, 0xb4, 0x1, 0x20,
    0x0,

    /* U+00E2 "â" */
    0x0, 0xf5, 0x7f, 0xb0, 0x40, 0x3f, 0xc3, 0x8a,
    0x0, 0x3c, 0x20, 0xf, 0xc5, 0x86, 0xd, 0x0,
    0x5a, 0x80, 0x1e, 0x3c, 0x20, 0x89, 0x7b, 0x0,
    0x5b, 0x0, 0x70, 0xd5, 0xe3, 0x80, 0x13, 0x6e,
    0xca, 0x1, 0xc4, 0x88, 0x30, 0xc, 0x48, 0x83,
    0x0, 0xff, 0xe6, 0x35, 0xf7, 0xfb, 0xad, 0x80,
    0x3e, 0x5e, 0x94, 0x10, 0x0, 0xa4, 0xf2, 0x0,
    0x65, 0xa1, 0x0, 0xfc, 0x36, 0x80, 0x15, 0x80,
    0x4d, 0xbf, 0xeb, 0x30, 0xa, 0x40, 0xa, 0x20,
    0x4, 0x92, 0x0, 0x26, 0x8, 0x0, 0x8c, 0x12,
    0xee, 0x90, 0xf, 0x38, 0x4, 0xa0, 0x28, 0x91,
    0x0, 0x78, 0x40, 0x3f, 0x13, 0xdf, 0x7f, 0xe7,
    0x0, 0xfa, 0x76, 0x10, 0x40, 0x3f, 0xeb, 0x60,
    0x8, 0xde, 0x22, 0x30, 0xe, 0x54, 0x0, 0xe,
    0xe4, 0x3b, 0xc8, 0x1, 0xde, 0x1, 0x59, 0x0,
    0x7f, 0xcc, 0x1, 0x38, 0x7, 0x84, 0x3, 0xf9,
    0x40, 0x39, 0x18, 0x3, 0xac, 0x2, 0x88, 0x19,
    0x25, 0x58, 0x6, 0x10, 0x61, 0x0, 0x9f, 0x36,
    0xd4, 0x3, 0xbc, 0x7, 0x8, 0x3, 0xe2, 0x70,
    0x8, 0xc0, 0x5, 0xb0, 0x60, 0x1, 0x49, 0xda,
    0x0, 0x90, 0x0,

    /* U+00E3 "ã" */
    0x0, 0xd1, 0x94, 0x60, 0x11, 0x6c, 0x0, 0x7b,
    0x1c, 0xd7, 0x28, 0x82, 0x9, 0x80, 0x39, 0x8c,
    0x3, 0x2e, 0xfa, 0x83, 0x0, 0x76, 0x82, 0x77,
    0x20, 0x3, 0x14, 0x80, 0x76, 0xa7, 0x88, 0x9f,
    0x9d, 0x63, 0x44, 0x3, 0x9a, 0xd0, 0x2, 0x18,
    0xa7, 0x0, 0xff, 0xef, 0xb5, 0xf7, 0xfb, 0xad,
    0x80, 0x3e, 0x5e, 0x94, 0x10, 0x0, 0xa4, 0xf2,
    0x0, 0x65, 0xa1, 0x0, 0xfc, 0x36, 0x80, 0x15,
    0x80, 0x4d, 0xbf, 0xeb, 0x30, 0xa, 0x40, 0xa,
    0x20, 0x4, 0x92, 0x0, 0x26, 0x8, 0x0, 0x8c,
    0x12, 0xee, 0x90, 0xf, 0x38, 0x4, 0xa0, 0x28,
    0x91, 0x0, 0x78, 0x40, 0x3f, 0x13, 0xdf, 0x7f,
    0xe7, 0x0, 0xfa, 0x76, 0x10, 0x40, 0x3f, 0xeb,
    0x60, 0x8, 0xde, 0x22, 0x30, 0xe, 0x54, 0x0,
    0xe, 0xe4, 0x3b, 0xc8, 0x1, 0xde, 0x1, 0x59,
    0x0, 0x7f, 0xcc, 0x1, 0x38, 0x7, 0x84, 0x3,
    0xf9, 0x40, 0x39, 0x18, 0x3, 0xac, 0x2, 0x88,
    0x19, 0x25, 0x58, 0x6, 0x10, 0x61, 0x0, 0x9f,
    0x36, 0xd4, 0x3, 0xbc, 0x7, 0x8, 0x3, 0xe2,
    0x70, 0x8, 0xc0, 0x5, 0xb0, 0x60, 0x1, 0x49,
    0xda, 0x0, 0x90, 0x0,

    /* U+00E4 "ä" */
    0x0, 0x1f, 0x7c, 0x80, 0x68, 0xfe, 0x40, 0xe,
    0xf1, 0x6, 0x30, 0x1, 0x38, 0xc, 0x80, 0x73,
    0x80, 0x42, 0x0, 0x30, 0x8, 0x40, 0x3a, 0x54,
    0xe4, 0x80, 0x3, 0x46, 0x9c, 0x1, 0xc5, 0x58,
    0xc0, 0x19, 0x72, 0xc8, 0x3, 0xff, 0xba, 0xd7,
    0xdf, 0xee, 0xb6, 0x0, 0xf9, 0x7a, 0x50, 0x40,
    0x2, 0x93, 0xc8, 0x1, 0x96, 0x84, 0x3, 0xf0,
    0xda, 0x0, 0x56, 0x1, 0x36, 0xff, 0xac, 0xc0,
    0x29, 0x0, 0x28, 0x80, 0x12, 0x48, 0x0, 0x98,
    0x20, 0x2, 0x30, 0x4b, 0xba, 0x40, 0x3c, 0xe0,
    0x12, 0x80, 0xa2, 0x44, 0x1, 0xe1, 0x0, 0xfc,
    0x4f, 0x7d, 0xff, 0x9c, 0x3, 0xe9, 0xd8, 0x41,
    0x0, 0xff, 0xad, 0x80, 0x23, 0x78, 0x88, 0xc0,
    0x39, 0x50, 0x0, 0x3b, 0x90, 0xef, 0x20, 0x7,
    0x78, 0x5, 0x64, 0x1, 0xff, 0x30, 0x4, 0xe0,
    0x1e, 0x10, 0xf, 0xe5, 0x0, 0xe4, 0x60, 0xe,
    0xb0, 0xa, 0x20, 0x64, 0x95, 0x60, 0x18, 0x41,
    0x84, 0x2, 0x7c, 0xdb, 0x50, 0xe, 0xf0, 0x1c,
    0x20, 0xf, 0x89, 0xc0, 0x23, 0x0, 0x16, 0xc1,
    0x80, 0x5, 0x27, 0x68, 0x2, 0x40,

    /* U+00E5 "å" */
    0x0, 0xf1, 0x3b, 0x8c, 0x3, 0xff, 0x80, 0xdb,
    0x10, 0xc8, 0x0, 0xff, 0xc, 0x96, 0xf2, 0x3a,
    0x0, 0x7f, 0x20, 0x51, 0xf, 0x86, 0x0, 0x7f,
    0x8, 0x68, 0x0, 0x83, 0xc0, 0x3f, 0x90, 0xd6,
    0xa6, 0x42, 0xc0, 0x1f, 0xed, 0x54, 0x64, 0xc1,
    0x0, 0xff, 0xd, 0x77, 0xd9, 0x0, 0x7f, 0xf3,
    0xda, 0xfb, 0xfd, 0xd6, 0xc0, 0x1f, 0x2f, 0x4a,
    0x8, 0x0, 0x52, 0x79, 0x0, 0x32, 0xd0, 0x80,
    0x7e, 0x1b, 0x40, 0xa, 0xc0, 0x26, 0xdf, 0xf5,
    0x98, 0x5, 0x20, 0x5, 0x10, 0x2, 0x49, 0x0,
    0x13, 0x4, 0x0, 0x46, 0x9, 0x77, 0x48, 0x7,
    0x9c, 0x2, 0x50, 0x14, 0x48, 0x80, 0x3c, 0x20,
    0x1f, 0x89, 0xef, 0xbf, 0xf3, 0x80, 0x7d, 0x3b,
    0x8, 0x20, 0x1f, 0xf5, 0xb0, 0x4, 0x6f, 0x11,
    0x18, 0x7, 0x2a, 0x0, 0x7, 0x72, 0x1d, 0xe4,
    0x0, 0xef, 0x0, 0xac, 0x80, 0x3f, 0xe6, 0x0,
    0x9c, 0x3, 0xc2, 0x1, 0xfc, 0xa0, 0x1c, 0x8c,
    0x1, 0xd6, 0x1, 0x44, 0xc, 0x92, 0xac, 0x3,
    0x8, 0x30, 0x80, 0x4f, 0x9b, 0x6a, 0x1, 0xde,
    0x3, 0x84, 0x1, 0xf1, 0x38, 0x4, 0x60, 0x2,
    0xd8, 0x30, 0x0, 0xa4, 0xed, 0x0, 0x48, 0x0,

    /* U+00E6 "æ" */
    0x0, 0x92, 0xfb, 0xfa, 0xd4, 0x12, 0xfb, 0xfa,
    0x48, 0x3, 0x45, 0xa0, 0x80, 0xa5, 0x65, 0xa0,
    0x80, 0xb6, 0x98, 0x1, 0x1c, 0x3, 0xe3, 0x0,
    0xfb, 0x40, 0x1e, 0x1, 0x36, 0x48, 0x6, 0x2b,
    0xc4, 0x0, 0xb, 0x2, 0x80, 0x6, 0x4d, 0x90,
    0x2, 0xe4, 0x3b, 0x0, 0xb0, 0x3b, 0xfd, 0xc0,
    0x11, 0x0, 0x46, 0x1, 0x8, 0x1, 0x80, 0x3f,
    0xf8, 0xe2, 0x1, 0x96, 0x6f, 0x1c, 0x2, 0xcc,
    0xc2, 0x1, 0xc7, 0xd4, 0xc8, 0x62, 0x1, 0x19,
    0xe0, 0xe, 0x3c, 0x10, 0xf, 0xfe, 0x2f, 0x80,
    0x45, 0x7e, 0xc0, 0x17, 0xff, 0xda, 0x26, 0x1,
    0x62, 0x0, 0x7f, 0xf0, 0x48, 0x2, 0x41, 0x0,
    0xf0, 0x80, 0x7f, 0xce, 0x1, 0xf3, 0x0, 0x7c,
    0x40, 0x11, 0xc1, 0x22, 0x0, 0x28, 0x81, 0x92,
    0x4d, 0x80, 0xa0, 0x4, 0xfb, 0x64, 0x1, 0x9f,
    0x36, 0xd9, 0x4, 0x28, 0x40, 0x3d, 0x30, 0x1,
    0xf9, 0x40, 0x7d, 0xc8, 0x0, 0x98, 0xcf, 0x68,
    0x20, 0x2, 0x6c, 0x40,

    /* U+00E7 "ç" */
    0x0, 0xc5, 0x1b, 0xfe, 0xec, 0x71, 0x0, 0xf4,
    0x6b, 0x90, 0x0, 0x4e, 0x39, 0x80, 0x35, 0x38,
    0x7, 0xf4, 0xb8, 0x1, 0xd4, 0x2, 0x6b, 0xca,
    0x40, 0xa, 0x8, 0x60, 0x2, 0xa9, 0x43, 0x5b,
    0x60, 0xa, 0xdc, 0x2, 0x45, 0x0, 0xe8, 0x0,
    0x93, 0x0, 0x2e, 0x0, 0xf0, 0xbb, 0x31, 0x58,
    0x2, 0x70, 0xf, 0xa2, 0x65, 0x2, 0x1, 0x18,
    0x7, 0xff, 0x3c, 0x40, 0x23, 0x0, 0xff, 0x98,
    0x2, 0x70, 0xf, 0xfb, 0x0, 0x2f, 0x0, 0xfb,
    0xbf, 0xdc, 0xc0, 0x12, 0xa0, 0x7, 0x30, 0x80,
    0x10, 0x20, 0x2, 0xb7, 0x21, 0x39, 0x90, 0x5,
    0x20, 0xea, 0x1, 0x46, 0xf6, 0x30, 0x5, 0x6,
    0x0, 0xa7, 0x0, 0xfc, 0x34, 0xe0, 0x1a, 0x35,
    0xc8, 0x2, 0x48, 0xe5, 0x0, 0xf1, 0x47, 0x0,
    0x7, 0x9c, 0x3, 0xfc, 0xc0, 0x1, 0xaa, 0x0,
    0x7f, 0x97, 0xe8, 0x0, 0xa4, 0x1, 0xff, 0x20,
    0x4, 0x20, 0x1f, 0xc2, 0xb4, 0x1, 0x18, 0x7,
    0xf2, 0xd2, 0x0, 0x24, 0x3, 0xfc, 0xe0, 0x4d,
    0x8c, 0x1, 0x80,

    /* U+00E8 "è" */
    0x0, 0x1f, 0xfe, 0x30, 0xf, 0xf8, 0xec, 0x2,
    0xf0, 0xf, 0xfe, 0x2, 0x58, 0x0, 0xdc, 0x3,
    0xff, 0x80, 0x94, 0x0, 0x82, 0x0, 0xff, 0xe0,
    0x2d, 0xc4, 0x18, 0x3, 0xff, 0x82, 0x8e, 0xe4,
    0x0, 0xff, 0xe8, 0xb, 0xe7, 0x7f, 0xb2, 0x4,
    0x3, 0xe6, 0xe8, 0x31, 0x0, 0x1b, 0xf3, 0x80,
    0x74, 0x48, 0x7, 0xf4, 0x40, 0x2, 0x57, 0x0,
    0x96, 0xf6, 0xd4, 0x2, 0x74, 0x0, 0x58, 0x5,
    0x54, 0x42, 0x4a, 0x90, 0xa, 0x1, 0x84, 0x0,
    0xaa, 0x0, 0xe6, 0x30, 0x1, 0x8e, 0x0, 0x5c,
    0x1, 0xf5, 0x80, 0x48, 0xe0, 0x15, 0xff, 0xfd,
    0x0, 0x11, 0x10, 0x3, 0xff, 0xaa, 0x20, 0x16,
    0xff, 0xff, 0xce, 0x40, 0x12, 0x0, 0x7f, 0xf0,
    0x2c, 0x2, 0xb0, 0xf, 0xe1, 0x0, 0x30, 0x4,
    0x56, 0x1, 0xe1, 0xbc, 0x10, 0x18, 0x0, 0x93,
    0x58, 0xc9, 0x27, 0x90, 0xb0, 0x0, 0xec, 0x1,
    0x14, 0xe6, 0xdb, 0x0, 0x54, 0x1, 0x4c, 0x84,
    0x3, 0xf0, 0xdb, 0x80, 0x66, 0xe9, 0x41, 0x0,
    0xa, 0x4f, 0x20, 0x0,

    /* U+00E9 "é" */
    0x0, 0xfe, 0xdf, 0xf9, 0xc0, 0x3f, 0xe8, 0x20,
    0x3, 0xb8, 0x3, 0xfc, 0x4e, 0x0, 0x68, 0x0,
    0xff, 0xb8, 0x0, 0xb2, 0x1, 0xff, 0x20, 0x1b,
    0x50, 0x7, 0xff, 0x1, 0x33, 0x12, 0x1, 0xff,
    0xd0, 0x17, 0xce, 0xff, 0x64, 0x8, 0x7, 0xcd,
    0xd0, 0x62, 0x0, 0x37, 0xe7, 0x0, 0xe8, 0x90,
    0xf, 0xe8, 0x80, 0x4, 0xae, 0x1, 0x2d, 0xed,
    0xa8, 0x4, 0xe8, 0x0, 0xb0, 0xa, 0xa8, 0x84,
    0x95, 0x20, 0x14, 0x3, 0x8, 0x1, 0x54, 0x1,
    0xcc, 0x60, 0x3, 0x1c, 0x0, 0xb8, 0x3, 0xeb,
    0x0, 0x91, 0xc0, 0x2b, 0xff, 0xfa, 0x0, 0x22,
    0x20, 0x7, 0xff, 0x54, 0x40, 0x2d, 0xff, 0xff,
    0x9c, 0x80, 0x24, 0x0, 0xff, 0xe0, 0x58, 0x5,
    0x60, 0x1f, 0xc2, 0x0, 0x60, 0x8, 0xac, 0x3,
    0xc3, 0x78, 0x20, 0x30, 0x1, 0x26, 0xb1, 0x92,
    0x4f, 0x21, 0x60, 0x1, 0xd8, 0x2, 0x29, 0xcd,
    0xb6, 0x0, 0xa8, 0x2, 0x99, 0x8, 0x7, 0xe1,
    0xb7, 0x0, 0xcd, 0xd2, 0x82, 0x0, 0x14, 0x9e,
    0x40, 0x0,

    /* U+00EA "ê" */
    0x0, 0xf4, 0xff, 0xb0, 0x40, 0x3f, 0xc3, 0x6c,
    0x0, 0x3f, 0x20, 0xf, 0xc5, 0x88, 0xd, 0x20,
    0x3a, 0x80, 0x1e, 0x3c, 0x20, 0x89, 0x6b, 0x0,
    0x5b, 0x80, 0x70, 0xd5, 0xe3, 0x80, 0x13, 0x6e,
    0xc8, 0x1, 0xc4, 0x88, 0x30, 0xc, 0x48, 0x83,
    0x0, 0xff, 0xe6, 0xb, 0xe7, 0x7f, 0xb2, 0x4,
    0x3, 0xe6, 0xe8, 0x31, 0x0, 0x1b, 0xf3, 0x80,
    0x74, 0x48, 0x7, 0xf4, 0x40, 0x2, 0x57, 0x0,
    0x96, 0xf6, 0xd4, 0x2, 0x74, 0x0, 0x58, 0x5,
    0x54, 0x42, 0x4a, 0x90, 0xa, 0x1, 0x84, 0x0,
    0xaa, 0x0, 0xe6, 0x30, 0x1, 0x8e, 0x0, 0x5c,
    0x1, 0xf5, 0x80, 0x48, 0xe0, 0x15, 0xff, 0xfd,
    0x0, 0x11, 0x10, 0x3, 0xff, 0xaa, 0x20, 0x16,
    0xff, 0xff, 0xce, 0x40, 0x12, 0x0, 0x7f, 0xf0,
    0x2c, 0x2, 0xb0, 0xf, 0xe1, 0x0, 0x30, 0x4,
    0x56, 0x1, 0xe1, 0xbc, 0x10, 0x18, 0x0, 0x93,
    0x58, 0xc9, 0x27, 0x90, 0xb0, 0x0, 0xec, 0x1,
    0x14, 0xe6, 0xdb, 0x0, 0x54, 0x1, 0x4c, 0x84,
    0x3, 0xf0, 0xdb, 0x80, 0x66, 0xe9, 0x41, 0x0,
    0xa, 0x4f, 0x20, 0x0,

    /* U+00EB "ë" */
    0x0, 0x1f, 0x7c, 0x80, 0x68, 0xfe, 0x40, 0xe,
    0xf1, 0x6, 0x30, 0x1, 0x38, 0xc, 0x80, 0x73,
    0x80, 0x42, 0x0, 0x30, 0x8, 0x40, 0x3a, 0x54,
    0xe4, 0x80, 0x3, 0x46, 0x9c, 0x1, 0xc5, 0x58,
    0xc0, 0x19, 0x72, 0xc8, 0x3, 0xff, 0xba, 0x2f,
    0x9d, 0xfe, 0xc8, 0x10, 0xf, 0x9b, 0xa0, 0xc4,
    0x0, 0x6f, 0xce, 0x1, 0xd1, 0x20, 0x1f, 0xd1,
    0x0, 0x9, 0x5c, 0x2, 0x5b, 0xdb, 0x50, 0x9,
    0xd0, 0x1, 0x60, 0x15, 0x51, 0x9, 0x2a, 0x40,
    0x28, 0x6, 0x10, 0x2, 0xa8, 0x3, 0x98, 0xc0,
    0x6, 0x38, 0x1, 0x70, 0x7, 0xd6, 0x1, 0x23,
    0x80, 0x57, 0xff, 0xf4, 0x0, 0x44, 0x40, 0xf,
    0xfe, 0xa8, 0x80, 0x5b, 0xff, 0xff, 0x39, 0x0,
    0x48, 0x1, 0xff, 0xc0, 0xb0, 0xa, 0xc0, 0x3f,
    0x84, 0x0, 0xc0, 0x11, 0x58, 0x7, 0x86, 0xf0,
    0x40, 0x60, 0x2, 0x4d, 0x63, 0x24, 0x9e, 0x42,
    0xc0, 0x3, 0xb0, 0x4, 0x53, 0x9b, 0x6c, 0x1,
    0x50, 0x5, 0x32, 0x10, 0xf, 0xc3, 0x6e, 0x1,
    0x9b, 0xa5, 0x4, 0x0, 0x29, 0x3c, 0x80, 0x0,

    /* U+00EC "ì" */
    0x0, 0x27, 0xfe, 0x20, 0xf, 0xf2, 0x58, 0x5,
    0xc0, 0x1f, 0xf2, 0x50, 0x0, 0xdc, 0x3, 0xfe,
    0x5a, 0x0, 0x41, 0x0, 0x7f, 0xcb, 0x71, 0x6,
    0x0, 0xff, 0xe0, 0x23, 0xb9, 0x0, 0x3d, 0x5f,
    0xff, 0xc0, 0x1f, 0xfd, 0xa8, 0xbb, 0xe0, 0xf,
    0xf1, 0x22, 0x70, 0x7, 0xff, 0xfc, 0x3, 0xff,
    0xfe, 0x1, 0x88, 0xcf, 0x80, 0x31, 0x9f, 0xc,
    0x66, 0x70, 0x6, 0xcc, 0xe6, 0x0, 0xff, 0xea,
    0x0,

    /* U+00ED "í" */
    0x0, 0xfc, 0x3d, 0xff, 0x30, 0x7, 0xfa, 0x84,
    0x1, 0x4c, 0x1, 0xfc, 0xe8, 0x0, 0xb5, 0x0,
    0xfe, 0x38, 0x1, 0xc4, 0x0, 0xff, 0x16, 0xeb,
    0x8c, 0x3, 0xfe, 0x12, 0x20, 0x7, 0xd5, 0xff,
    0xfc, 0x1, 0xff, 0xda, 0x8b, 0xbe, 0x0, 0xff,
    0x12, 0x27, 0x0, 0x7f, 0xff, 0xc0, 0x3f, 0xff,
    0xe0, 0x18, 0x8c, 0xf8, 0x3, 0x19, 0xf0, 0xc6,
    0x67, 0x0, 0x6c, 0xce, 0x60, 0xf, 0xfe, 0xa0,

    /* U+00EE "î" */
    0x0, 0xf5, 0x7f, 0xb0, 0x40, 0x3f, 0x87, 0x14,
    0x0, 0x78, 0x40, 0x1f, 0x16, 0x18, 0x34, 0x1,
    0x62, 0x0, 0x71, 0xe1, 0x4, 0x4b, 0xd0, 0xd,
    0xb0, 0x6, 0x1a, 0xbc, 0x70, 0x2, 0xed, 0xd9,
    0x40, 0x31, 0x22, 0xc, 0x3, 0x12, 0x20, 0xc0,
    0x3f, 0xf8, 0xd5, 0xff, 0xfc, 0x1, 0xff, 0xda,
    0x8b, 0xbe, 0x0, 0xff, 0x12, 0x27, 0x0, 0x7f,
    0xff, 0xc0, 0x3f, 0xff, 0xe0, 0x18, 0x8c, 0xf8,
    0x3, 0x19, 0xf0, 0xc6, 0x67, 0x0, 0x6c, 0xce,
    0x60, 0xf, 0xfe, 0xa0,

    /* U+00EF "ï" */
    0x0, 0x27, 0x7c, 0x0, 0x69, 0xfe, 0x40, 0xd,
    0x22, 0xe, 0x40, 0x3, 0x60, 0x18, 0x0, 0xc2,
    0x1, 0xe1, 0x0, 0xfd, 0xc8, 0x72, 0x40, 0x2,
    0x93, 0x4e, 0x0, 0xc5, 0x78, 0xc0, 0x19, 0xb2,
    0xc8, 0x3, 0xff, 0x8d, 0x5f, 0xff, 0xc0, 0x1f,
    0xfd, 0xa8, 0xbb, 0xe0, 0xf, 0xf1, 0x22, 0x70,
    0x7, 0xff, 0xfc, 0x3, 0xff, 0xfe, 0x1, 0x88,
    0xcf, 0x80, 0x31, 0x9f, 0xc, 0x66, 0x70, 0x6,
    0xcc, 0xe6, 0x0, 0xff, 0xea, 0x0,

    /* U+00F0 "ð" */
    0x0, 0xf8, 0xb6, 0x4, 0x3, 0x90, 0x3, 0xfa,
    0x89, 0xfa, 0x40, 0xd, 0xd6, 0x60, 0x1f, 0x98,
    0x2, 0x6d, 0xd4, 0x88, 0x9c, 0x3, 0xf4, 0x10,
    0x4, 0x44, 0x8, 0xe4, 0x0, 0xfc, 0xde, 0x20,
    0x18, 0x58, 0x3, 0xf8, 0x67, 0x44, 0x3, 0xd,
    0x80, 0x7e, 0x1f, 0x60, 0x3c, 0xa0, 0x9, 0x4c,
    0x3, 0xe1, 0x62, 0xac, 0x35, 0x50, 0x5, 0x0,
    0x1f, 0xa3, 0x54, 0x2, 0x80, 0x9, 0x4, 0x3,
    0xcd, 0x7f, 0xf7, 0x48, 0x20, 0x4, 0xe0, 0x18,
    0xf6, 0x50, 0x2, 0x16, 0xd6, 0x0, 0xb0, 0x2,
    0x3c, 0x20, 0xf, 0xc4, 0x1, 0x38, 0x5, 0xa0,
    0x10, 0xd7, 0x7f, 0x5a, 0x80, 0x62, 0x0, 0x30,
    0x80, 0x7, 0x14, 0x40, 0x52, 0xac, 0x3, 0xd4,
    0x1, 0x41, 0x0, 0x79, 0x0, 0x3c, 0x60, 0x13,
    0x80, 0x7f, 0xf0, 0x44, 0x2, 0x11, 0x0, 0x7f,
    0xf1, 0x4c, 0x3, 0xf1, 0x0, 0x44, 0x2, 0x1,
    0x10, 0x80, 0x7c, 0x80, 0x12, 0x0, 0xc, 0x2,
    0x60, 0xf, 0xac, 0x2, 0xd0, 0x4, 0x80, 0x50,
    0x60, 0x1d, 0x4, 0x0, 0x24, 0x0, 0x29, 0x80,
    0x59, 0x6, 0x4b, 0x6e, 0x1, 0x70, 0x6, 0xd2,
    0x0, 0x9f, 0x36, 0x90, 0x2, 0x93, 0x0, 0xc3,
    0x8a, 0x1, 0xf8, 0x6d, 0x80, 0x3c, 0x35, 0x8c,
    0x40, 0x1, 0x49, 0xe4, 0x0, 0xc0,

    /* U+00F1 "ñ" */
    0x0, 0xff, 0xe0, 0x8, 0x7, 0xc7, 0x9f, 0xd4,
    0xa2, 0xf, 0xda, 0x1, 0xc7, 0x86, 0x2, 0xb5,
    0xdf, 0x0, 0xe0, 0x1d, 0x20, 0x2, 0x20, 0x7,
    0xd, 0x80, 0x76, 0x9d, 0x6e, 0xba, 0x99, 0x63,
    0xc4, 0x3, 0x9f, 0x14, 0x0, 0x2b, 0x34, 0xe2,
    0x1, 0xff, 0xda, 0x6f, 0xf8, 0xc0, 0x63, 0x7f,
    0xdb, 0x22, 0x1, 0xf3, 0xaf, 0x39, 0x0, 0x9,
    0xb9, 0x0, 0x3d, 0xf4, 0x1, 0xfa, 0x84, 0x3,
    0x90, 0x16, 0xb2, 0x94, 0x2, 0x19, 0x0, 0xf5,
    0xd2, 0x9a, 0xd3, 0x80, 0x4a, 0x1, 0xcc, 0x80,
    0x1d, 0x20, 0x11, 0x0, 0x70, 0x80, 0x78, 0x44,
    0x1, 0x8, 0x7, 0xff, 0xfc, 0x3, 0xff, 0xfe,
    0x1, 0xff, 0xd9,

    /* U+00F2 "ò" */
    0x0, 0x8b, 0xbf, 0xe5, 0x0, 0xff, 0xe0, 0x16,
    0x8, 0x2, 0xc4, 0x3, 0xff, 0x80, 0x5a, 0x20,
    0x36, 0x1, 0xff, 0xc1, 0x3d, 0x0, 0x2a, 0x0,
    0x7f, 0xf0, 0x4f, 0x22, 0x2, 0x1, 0xff, 0xc2,
    0x37, 0x72, 0x80, 0x7f, 0xf4, 0x8e, 0x77, 0xfd,
    0xd6, 0xc0, 0x1f, 0x86, 0xf1, 0x88, 0x0, 0x29,
    0x3c, 0x80, 0x1c, 0x38, 0x80, 0x1f, 0x86, 0xd0,
    0x3, 0x59, 0x0, 0x4f, 0x98, 0x92, 0x0, 0xac,
    0x40, 0x6, 0xa0, 0x16, 0x41, 0x99, 0xb4, 0xc0,
    0x28, 0x0, 0x48, 0x4, 0xe6, 0x1, 0xdc, 0x1,
    0x30, 0x1, 0x0, 0x2a, 0x0, 0xf1, 0x18, 0x4,
    0x82, 0x20, 0x0, 0x90, 0x7, 0xc8, 0x1, 0x19,
    0x80, 0x23, 0x0, 0xfd, 0xe0, 0x17, 0x80, 0x7f,
    0xf1, 0x8c, 0x2, 0x30, 0xf, 0xde, 0x1, 0x78,
    0x88, 0x0, 0x22, 0x0, 0xf8, 0xc0, 0x23, 0x4,
    0x0, 0x98, 0x3, 0xc4, 0x80, 0x12, 0x4, 0x80,
    0x50, 0x60, 0x1d, 0x20, 0x13, 0x0, 0xd, 0x40,
    0x2c, 0x73, 0x25, 0xc4, 0x0, 0xa0, 0x2, 0xb2,
    0x0, 0xa3, 0x36, 0x8c, 0x2, 0xb1, 0x0, 0x87,
    0x14, 0x3, 0xf0, 0xda, 0x0, 0x70, 0xd6, 0x31,
    0x0, 0x5, 0x27, 0x90, 0x2,

    /* U+00F3 "ó" */
    0x0, 0xff, 0x5f, 0xfd, 0x40, 0x1f, 0xfc, 0x5,
    0x40, 0x2, 0x50, 0x7, 0xfc, 0x36, 0x0, 0x4b,
    0x0, 0xff, 0xe0, 0x58, 0x81, 0xd8, 0x7, 0xff,
    0x0, 0x98, 0xd3, 0x0, 0x3f, 0xf8, 0x25, 0x98,
    0xb0, 0xf, 0xfe, 0x91, 0xce, 0xff, 0xba, 0xd8,
    0x3, 0xf0, 0xde, 0x31, 0x0, 0x5, 0x27, 0x90,
    0x3, 0x87, 0x10, 0x3, 0xf0, 0xda, 0x0, 0x6b,
    0x20, 0x9, 0xf3, 0x12, 0x40, 0x15, 0x88, 0x0,
    0xd4, 0x2, 0xc8, 0x33, 0x36, 0x98, 0x5, 0x0,
    0x9, 0x0, 0x9c, 0xc0, 0x3b, 0x80, 0x26, 0x0,
    0x20, 0x5, 0x40, 0x1e, 0x23, 0x0, 0x90, 0x44,
    0x0, 0x12, 0x0, 0xf9, 0x0, 0x23, 0x30, 0x4,
    0x60, 0x1f, 0xbc, 0x2, 0xf0, 0xf, 0xfe, 0x31,
    0x80, 0x46, 0x1, 0xfb, 0xc0, 0x2f, 0x11, 0x0,
    0x4, 0x40, 0x1f, 0x18, 0x4, 0x60, 0x80, 0x13,
    0x0, 0x78, 0x90, 0x2, 0x40, 0x90, 0xa, 0xc,
    0x3, 0xa4, 0x2, 0x60, 0x1, 0xa8, 0x5, 0x8e,
    0x64, 0xb8, 0x80, 0x14, 0x0, 0x56, 0x40, 0x14,
    0x66, 0xd1, 0x80, 0x56, 0x20, 0x10, 0xe2, 0x80,
    0x7e, 0x1b, 0x40, 0xe, 0x1a, 0xc6, 0x20, 0x0,
    0xa4, 0xf2, 0x0, 0x40,

    /* U+00F4 "ô" */
    0x0, 0xf9, 0xff, 0xda, 0x40, 0x1f, 0xfc, 0xa,
    0x80, 0x1, 0x6a, 0x0, 0x7f, 0xe, 0x28, 0x25,
    0x0, 0x2d, 0x80, 0x3e, 0x2c, 0x30, 0x6b, 0x5c,
    0x10, 0x99, 0x0, 0x78, 0xe6, 0xf2, 0x40, 0x7,
    0xf7, 0x6d, 0x0, 0xf0, 0xa2, 0xc, 0x3, 0xa,
    0x24, 0x1, 0xff, 0xce, 0x39, 0xdf, 0xf7, 0x5b,
    0x0, 0x7e, 0x1b, 0xc6, 0x20, 0x0, 0xa4, 0xf2,
    0x0, 0x70, 0xe2, 0x0, 0x7e, 0x1b, 0x40, 0xd,
    0x64, 0x1, 0x3e, 0x62, 0x48, 0x2, 0xb1, 0x0,
    0x1a, 0x80, 0x59, 0x6, 0x66, 0xd3, 0x0, 0xa0,
    0x1, 0x20, 0x13, 0x98, 0x7, 0x70, 0x4, 0xc0,
    0x4, 0x0, 0xa8, 0x3, 0xc4, 0x60, 0x12, 0x8,
    0x80, 0x2, 0x40, 0x1f, 0x20, 0x4, 0x66, 0x0,
    0x8c, 0x3, 0xf7, 0x80, 0x5e, 0x1, 0xff, 0xc6,
    0x30, 0x8, 0xc0, 0x3f, 0x78, 0x5, 0xe2, 0x20,
    0x0, 0x88, 0x3, 0xe3, 0x0, 0x8c, 0x10, 0x2,
    0x60, 0xf, 0x12, 0x0, 0x48, 0x12, 0x1, 0x41,
    0x80, 0x74, 0x80, 0x4c, 0x0, 0x35, 0x0, 0xb1,
    0xcc, 0x97, 0x10, 0x2, 0x80, 0xa, 0xc8, 0x2,
    0x8c, 0xda, 0x30, 0xa, 0xc4, 0x2, 0x1c, 0x50,
    0xf, 0xc3, 0x68, 0x1, 0xc3, 0x58, 0xc4, 0x0,
    0x14, 0x9e, 0x40, 0x8,

    /* U+00F5 "õ" */
    0x0, 0xe6, 0xbb, 0x20, 0x6, 0xd9, 0x10, 0xf,
    0x4c, 0x91, 0x17, 0x63, 0x8, 0x26, 0x10, 0xe,
    0x36, 0x0, 0xc9, 0x9e, 0xe0, 0x80, 0x1e, 0xa0,
    0x2d, 0xe9, 0x10, 0x8, 0x64, 0x3, 0xda, 0xb6,
    0x42, 0xdd, 0xa, 0xfe, 0x40, 0x1e, 0x4a, 0x60,
    0xc, 0xf5, 0x2, 0x1, 0xff, 0xe1, 0x39, 0xdf,
    0xf7, 0x5b, 0x0, 0x7e, 0x1b, 0xc6, 0x20, 0x0,
    0xa4, 0xf2, 0x0, 0x70, 0xe2, 0x0, 0x7e, 0x1b,
    0x40, 0xd, 0x64, 0x1, 0x3e, 0x62, 0x48, 0x2,
    0xb1, 0x0, 0x1a, 0x80, 0x59, 0x6, 0x66, 0xd3,
    0x0, 0xa0, 0x1, 0x20, 0x13, 0x98, 0x7, 0x70,
    0x4, 0xc0, 0x4, 0x0, 0xa8, 0x3, 0xc4, 0x60,
    0x12, 0x8, 0x80, 0x2, 0x40, 0x1f, 0x20, 0x4,
    0x66, 0x0, 0x8c, 0x3, 0xf7, 0x80, 0x5e, 0x1,
    0xff, 0xc6, 0x30, 0x8, 0xc0, 0x3f, 0x78, 0x5,
    0xe2, 0x20, 0x0, 0x88, 0x3, 0xe3, 0x0, 0x8c,
    0x10, 0x2, 0x60, 0xf, 0x12, 0x0, 0x48, 0x12,
    0x1, 0x41, 0x80, 0x74, 0x80, 0x4c, 0x0, 0x35,
    0x0, 0xb1, 0xcc, 0x97, 0x10, 0x2, 0x80, 0xa,
    0xc8, 0x2, 0x8c, 0xda, 0x30, 0xa, 0xc4, 0x2,
    0x1c, 0x50, 0xf, 0xc3, 0x68, 0x1, 0xc3, 0x58,
    0xc4, 0x0, 0x14, 0x9e, 0x40, 0x8,

    /* U+00F6 "ö" */
    0x0, 0x8b, 0x7e, 0xc0, 0x33, 0x77, 0x18, 0x3,
    0xd0, 0x40, 0x8c, 0x1, 0x48, 0x8a, 0x40, 0x3c,
    0x60, 0x11, 0x80, 0x7f, 0xf0, 0x61, 0x4d, 0xd4,
    0x2, 0xb4, 0x45, 0x80, 0x78, 0x6b, 0x20, 0x3,
    0x25, 0xd9, 0x0, 0x3f, 0xfc, 0x7, 0x3b, 0xfe,
    0xeb, 0x60, 0xf, 0xc3, 0x78, 0xc4, 0x0, 0x14,
    0x9e, 0x40, 0xe, 0x1c, 0x40, 0xf, 0xc3, 0x68,
    0x1, 0xac, 0x80, 0x27, 0xcc, 0x49, 0x0, 0x56,
    0x20, 0x3, 0x50, 0xb, 0x20, 0xcc, 0xda, 0x60,
    0x14, 0x0, 0x24, 0x2, 0x73, 0x0, 0xee, 0x0,
    0x98, 0x0, 0x80, 0x15, 0x0, 0x78, 0x8c, 0x2,
    0x41, 0x10, 0x0, 0x48, 0x3, 0xe4, 0x0, 0x8c,
    0xc0, 0x11, 0x80, 0x7e, 0xf0, 0xb, 0xc0, 0x3f,
    0xf8, 0xc6, 0x1, 0x18, 0x7, 0xef, 0x0, 0xbc,
    0x44, 0x0, 0x11, 0x0, 0x7c, 0x60, 0x11, 0x82,
    0x0, 0x4c, 0x1, 0xe2, 0x40, 0x9, 0x2, 0x40,
    0x28, 0x30, 0xe, 0x90, 0x9, 0x80, 0x6, 0xa0,
    0x16, 0x39, 0x92, 0xe2, 0x0, 0x50, 0x1, 0x59,
    0x0, 0x51, 0x9b, 0x46, 0x1, 0x58, 0x80, 0x43,
    0x8a, 0x1, 0xf8, 0x6d, 0x0, 0x38, 0x6b, 0x18,
    0x80, 0x2, 0x93, 0xc8, 0x1, 0x0,

    /* U+00F7 "÷" */
    0x0, 0xfe, 0x10, 0xf, 0xfe, 0x1b, 0x7f, 0x60,
    0x80, 0x7f, 0xf0, 0x60, 0x0, 0x6e, 0x1, 0xff,
    0xd3, 0xa1, 0x5, 0x60, 0xf, 0xfe, 0xa, 0x77,
    0xd0, 0x7, 0xff, 0x34, 0x59, 0xbf, 0xf8, 0x88,
    0x73, 0x3f, 0xfc, 0x4e, 0x0, 0xff, 0xec, 0x17,
    0xff, 0xff, 0x12, 0x80, 0x3f, 0xf9, 0xe2, 0x1,
    0xff, 0xc3, 0x6f, 0xec, 0x0, 0xff, 0xe1, 0x48,
    0x0, 0xd8, 0x3, 0xff, 0x82, 0x20, 0x11, 0x80,
    0x7f, 0xf0, 0x6c, 0x41, 0x54, 0x1, 0xe0,

    /* U+00F8 "ø" */
    0x0, 0xff, 0xe0, 0xcf, 0xe0, 0x7, 0xff, 0x8,
    0x58, 0x20, 0x3, 0xe3, 0x9d, 0xff, 0x75, 0xd0,
    0x12, 0x0, 0x70, 0xde, 0x31, 0x0, 0x5, 0x10,
    0x14, 0x1, 0xc3, 0x88, 0x1, 0xfd, 0x8, 0x1,
    0xac, 0x80, 0x27, 0xcc, 0x40, 0x6, 0xb1, 0x0,
    0x1a, 0x80, 0x59, 0x6, 0x6f, 0x0, 0xe8, 0x0,
    0x48, 0x4, 0xe6, 0x0, 0x17, 0x7, 0x0, 0x98,
    0x0, 0x80, 0x15, 0x0, 0x50, 0x7, 0x6, 0x1,
    0x20, 0x88, 0x0, 0x24, 0x0, 0x16, 0x8, 0x4,
    0x0, 0x8c, 0xc0, 0x11, 0x80, 0x50, 0x6, 0x81,
    0xe0, 0x17, 0x80, 0x7c, 0x4c, 0x10, 0x1, 0xf1,
    0x80, 0x46, 0x0, 0x80, 0x34, 0x0, 0x78, 0x5,
    0xe2, 0x20, 0x0, 0x88, 0x94, 0x3c, 0x2, 0x30,
    0x8, 0xc1, 0x0, 0x26, 0x80, 0x43, 0x0, 0x12,
    0x0, 0x48, 0x12, 0x1, 0x42, 0x84, 0x0, 0x52,
    0x1, 0x30, 0x0, 0xd4, 0x3, 0x10, 0x12, 0xe2,
    0x0, 0x50, 0x1, 0x59, 0x0, 0x45, 0x9b, 0x46,
    0x1, 0x58, 0x80, 0x43, 0x82, 0x1, 0xf8, 0x6d,
    0x0, 0x38, 0xc4, 0x14, 0x80, 0x2, 0x93, 0xc8,
    0x1, 0xe8, 0x4, 0xad, 0xff, 0x75, 0xb0, 0x7,
    0xc4, 0xa1, 0x0, 0x1f, 0xfc, 0x0,

    /* U+00F9 "ù" */
    0x0, 0x17, 0x7f, 0xca, 0x1, 0xfe, 0x2c, 0x10,
    0x5, 0x88, 0x7, 0xf8, 0xb0, 0x40, 0x6c, 0x3,
    0xfe, 0x2d, 0x0, 0x2a, 0x0, 0x7f, 0xc7, 0x91,
    0x1, 0x0, 0xff, 0xe0, 0x1b, 0xb9, 0x40, 0x3c,
    0x9f, 0xf5, 0x0, 0x7d, 0xff, 0x80, 0x3f, 0xff,
    0xe0, 0x1f, 0xff, 0xf0, 0xf, 0xfe, 0x10, 0x80,
    0x7f, 0xcc, 0x1, 0x30, 0x7, 0x84, 0x3, 0x10,
    0x80, 0x8, 0xc0, 0x3a, 0x80, 0x39, 0xc0, 0x2d,
    0x73, 0x47, 0xd4, 0x0, 0xeb, 0x0, 0x86, 0x32,
    0xe0, 0x88, 0x20, 0x18, 0xac, 0x3, 0xe2, 0xf2,
    0x0, 0xe4, 0xd6, 0x20, 0x1, 0xc6, 0x93, 0x80,
    0x40,

    /* U+00FA "ú" */
    0x0, 0xfe, 0xcf, 0xfa, 0x40, 0x3f, 0xd0, 0x60,
    0x8, 0x90, 0xf, 0xe4, 0x70, 0x4, 0xb8, 0x7,
    0xf0, 0xd0, 0x2, 0xd8, 0x3, 0xfc, 0x3f, 0xde,
    0x80, 0x1f, 0xfc, 0x1, 0x10, 0x7, 0xc9, 0xff,
    0x50, 0x7, 0xdf, 0xf8, 0x3, 0xff, 0xfe, 0x1,
    0xff, 0xff, 0x0, 0xff, 0xe1, 0x8, 0x7, 0xfc,
    0xc0, 0x13, 0x0, 0x78, 0x40, 0x31, 0x8, 0x0,
    0x8c, 0x3, 0xa8, 0x3, 0x9c, 0x2, 0xd7, 0x34,
    0x7d, 0x40, 0xe, 0xb0, 0x8, 0x63, 0x2e, 0x8,
    0x82, 0x1, 0x8a, 0xc0, 0x3e, 0x2f, 0x20, 0xe,
    0x4d, 0x62, 0x0, 0x1c, 0x69, 0x38, 0x4,

    /* U+00FB "û" */
    0x0, 0xf3, 0xff, 0xb4, 0x80, 0x3f, 0xd5, 0x0,
    0x2, 0xd4, 0x0, 0xf8, 0x71, 0x41, 0x28, 0x1,
    0x6c, 0x1, 0xc5, 0x86, 0xd, 0x6b, 0x82, 0x13,
    0x20, 0xc, 0x73, 0x79, 0x20, 0x3, 0xfb, 0xb6,
    0x80, 0x61, 0x44, 0x18, 0x6, 0x14, 0x48, 0x3,
    0xff, 0x8c, 0x9f, 0xf5, 0x0, 0x7d, 0xff, 0x80,
    0x3f, 0xff, 0xe0, 0x1f, 0xff, 0xf0, 0xf, 0xfe,
    0x10, 0x80, 0x7f, 0xcc, 0x1, 0x30, 0x7, 0x84,
    0x3, 0x10, 0x80, 0x8, 0xc0, 0x3a, 0x80, 0x39,
    0xc0, 0x2d, 0x73, 0x47, 0xd4, 0x0, 0xeb, 0x0,
    0x86, 0x32, 0xe0, 0x88, 0x20, 0x18, 0xac, 0x3,
    0xe2, 0xf2, 0x0, 0xe4, 0xd6, 0x20, 0x1, 0xc6,
    0x93, 0x80, 0x40,

    /* U+00FC "ü" */
    0x0, 0x16, 0xfd, 0x80, 0x66, 0xee, 0x30, 0x6,
    0xb2, 0x4, 0x60, 0xa, 0x44, 0x52, 0x1, 0xf8,
    0xc0, 0x21, 0x0, 0xfa, 0x14, 0xdd, 0x40, 0x2a,
    0x44, 0x58, 0x6, 0x1a, 0xc8, 0x0, 0xc9, 0x76,
    0x40, 0xf, 0xfe, 0x32, 0x7f, 0xd4, 0x1, 0xf7,
    0xfe, 0x0, 0xff, 0xff, 0x80, 0x7f, 0xff, 0xc0,
    0x3f, 0xf8, 0x42, 0x1, 0xff, 0x30, 0x4, 0xc0,
    0x1e, 0x10, 0xc, 0x42, 0x0, 0x23, 0x0, 0xea,
    0x0, 0xe7, 0x0, 0xb5, 0xcd, 0x1f, 0x50, 0x3,
    0xac, 0x2, 0x18, 0xcb, 0x82, 0x20, 0x80, 0x62,
    0xb0, 0xf, 0x8b, 0xc8, 0x3, 0x93, 0x58, 0x80,
    0x7, 0x1a, 0x4e, 0x1, 0x0,

    /* U+00FD "ý" */
    0x0, 0xff, 0x9b, 0xfe, 0xd1, 0x0, 0xff, 0xe0,
    0x94, 0x80, 0xf, 0x4, 0x3, 0xff, 0x83, 0xe0,
    0x4, 0xc1, 0x0, 0xff, 0xe0, 0xd1, 0x3, 0x58,
    0x7, 0xff, 0xe, 0xfb, 0x92, 0x1, 0xff, 0xc4,
    0x11, 0x80, 0x3f, 0xb3, 0xfe, 0x80, 0xf, 0xeb,
    0xff, 0xac, 0x24, 0x2, 0x60, 0xf, 0xc2, 0x80,
    0x14, 0x2, 0x88, 0x0, 0x54, 0x3, 0xe6, 0x0,
    0x8c, 0xc0, 0x9, 0x0, 0xa4, 0x3, 0xe9, 0x0,
    0xa4, 0x2, 0x70, 0x8, 0xcc, 0x1, 0xc8, 0x20,
    0x1, 0x50, 0xc, 0xe0, 0x15, 0x0, 0x77, 0x0,
    0x52, 0x1, 0xd2, 0x1, 0x30, 0x6, 0x15, 0x0,
    0x98, 0x3, 0x85, 0x40, 0x26, 0x0, 0x98, 0x2,
    0x61, 0x0, 0xf4, 0x80, 0x56, 0x1, 0x50, 0x5,
    0x60, 0x1f, 0x19, 0x80, 0x4, 0x60, 0x84, 0x0,
    0x42, 0x0, 0xfd, 0x0, 0x14, 0x87, 0x0, 0x50,
    0x1, 0xfc, 0x84, 0x0, 0x51, 0x50, 0x1, 0x98,
    0x3, 0xfd, 0x60, 0x15, 0x0, 0x52, 0x1, 0xff,
    0x30, 0x80, 0x10, 0x0, 0x2a, 0x1, 0xff, 0xc0,
    0x60, 0xe, 0x90, 0xf, 0xfe, 0xc, 0x80, 0x73,
    0x0, 0x7f, 0xf0, 0x45, 0x80, 0x26, 0x10, 0xf,
    0xfe, 0x35, 0x80, 0x7f, 0xf0, 0x89, 0x80, 0x8,
    0x40, 0x1f, 0xfc, 0x29, 0x0, 0xa0, 0x3, 0xff,
    0x84, 0xc8, 0x0, 0x33, 0x0, 0x7f, 0xc6, 0xb1,
    0x20, 0x14, 0x0, 0x7f, 0xf0, 0x36, 0x9c, 0x2,
    0x64, 0x0, 0xff, 0x84, 0x40, 0x19, 0x64, 0x3,
    0xff, 0x80, 0x64, 0x0, 0x3a, 0xa0, 0x7, 0xfc,

    /* U+00FE "þ" */
    0x1, 0x18, 0x3, 0xff, 0x82, 0xdd, 0xd4, 0x80,
    0x7f, 0xff, 0xc0, 0x3f, 0xfc, 0x2d, 0x9f, 0xee,
    0xa4, 0x0, 0xfc, 0x7b, 0x26, 0x0, 0x15, 0xb9,
    0x0, 0xf9, 0x48, 0x3, 0xe6, 0x80, 0xf, 0xcf,
    0x79, 0x2, 0x1, 0x39, 0x0, 0x7b, 0x61, 0xd,
    0xfc, 0x80, 0x2b, 0x0, 0xe6, 0x20, 0xc, 0x30,
    0x1, 0x38, 0x7, 0xff, 0x1, 0x40, 0x21, 0x10,
    0x7, 0xff, 0x0, 0xc0, 0x22, 0x0, 0xff, 0xe0,
    0x38, 0x4, 0xe0, 0x1f, 0xfd, 0x17, 0x0, 0x9c,
    0x3, 0xff, 0x80, 0x40, 0x11, 0x0, 0x7f, 0xc8,
    0x20, 0x1, 0x10, 0x6, 0x72, 0x0, 0xe9, 0x0,
    0x9c, 0x3, 0x87, 0x1c, 0xc9, 0x74, 0x80, 0x2b,
    0x0, 0xf0, 0xc6, 0x6d, 0x10, 0x5, 0x4, 0x1,
    0xca, 0x40, 0x1f, 0x3b, 0x80, 0x3c, 0x7b, 0x6,
    0x0, 0x15, 0xc8, 0x0, 0xfe, 0x7c, 0xff, 0x75,
    0x18, 0x7, 0xff, 0xfc, 0x3, 0xff, 0xa6,

    /* U+00FF "ÿ" */
    0x0, 0xe9, 0xfd, 0x30, 0x8, 0xb7, 0xec, 0x3,
    0xf1, 0xb0, 0x17, 0x80, 0x50, 0x40, 0x8c, 0x1,
    0xff, 0x38, 0x4, 0x60, 0x11, 0x80, 0x7c, 0x72,
    0x6b, 0x20, 0x14, 0x29, 0xba, 0x80, 0x7e, 0x6c,
    0xa2, 0x0, 0x86, 0xb2, 0x0, 0x3f, 0xf9, 0xb9,
    0xff, 0x40, 0x7, 0xf5, 0xff, 0xd6, 0x12, 0x1,
    0x30, 0x7, 0xe1, 0x40, 0xa, 0x1, 0x44, 0x0,
    0x2a, 0x1, 0xf3, 0x0, 0x46, 0x60, 0x4, 0x80,
    0x52, 0x1, 0xf4, 0x80, 0x52, 0x1, 0x38, 0x4,
    0x66, 0x0, 0xe4, 0x10, 0x0, 0xa8, 0x6, 0x70,
    0xa, 0x80, 0x3b, 0x80, 0x29, 0x0, 0xe9, 0x0,
    0x98, 0x3, 0xa, 0x80, 0x4c, 0x1, 0xc2, 0xa0,
    0x13, 0x0, 0x4c, 0x1, 0x30, 0x80, 0x7a, 0x40,
    0x2b, 0x0, 0xa8, 0x2, 0xb0, 0xf, 0x8c, 0xc0,
    0x2, 0x30, 0x42, 0x0, 0x21, 0x0, 0x7e, 0x80,
    0xa, 0x43, 0x80, 0x28, 0x0, 0xfe, 0x42, 0x0,
    0x28, 0xa8, 0x0, 0xcc, 0x1, 0xfe, 0xb0, 0xa,
    0x80, 0x29, 0x0, 0xff, 0x98, 0x40, 0x8, 0x0,
    0x15, 0x0, 0xff, 0xe0, 0x30, 0x7, 0x48, 0x7,
    0xff, 0x6, 0x40, 0x39, 0x80, 0x3f, 0xf8, 0x22,
    0xc0, 0x13, 0x8, 0x7, 0xff, 0x1a, 0xc0, 0x3f,
    0xf8, 0x44, 0xc0, 0x4, 0x20, 0xf, 0xfe, 0x14,
    0x80, 0x50, 0x1, 0xff, 0xc2, 0x64, 0x0, 0x19,
    0x80, 0x3f, 0xe3, 0x58, 0x90, 0xa, 0x0, 0x3f,
    0xf8, 0x1b, 0x4e, 0x1, 0x32, 0x0, 0x7f, 0xc2,
    0x20, 0xc, 0xb2, 0x1, 0xff, 0xc0, 0x32, 0x0,
    0x1d, 0x50, 0x3, 0xfe
};


/*---------------------
 *  GLYPH DESCRIPTION
 *--------------------*/

static const lv_font_fmt_txt_glyph_dsc_t glyph_dsc[] = {
    {.bitmap_index = 0, .adv_w = 0, .box_w = 0, .box_h = 0, .ofs_x = 0, .ofs_y = 0} /* id = 0 reserved */,
    {.bitmap_index = 0, .adv_w = 326, .box_w = 0, .box_h = 0, .ofs_x = 0, .ofs_y = 0},
    {.bitmap_index = 0, .adv_w = 326, .box_w = 6, .box_h = 24, .ofs_x = 7, .ofs_y = 0},
    {.bitmap_index = 40, .adv_w = 326, .box_w = 10, .box_h = 9, .ofs_x = 5, .ofs_y = 16},
    {.bitmap_index = 74, .adv_w = 326, .box_w = 20, .box_h = 24, .ofs_x = 0, .ofs_y = 0},
    {.bitmap_index = 252, .adv_w = 326, .box_w = 17, .box_h = 31, .ofs_x = 2, .ofs_y = -3},
    {.bitmap_index = 433, .adv_w = 326, .box_w = 20, .box_h = 24, .ofs_x = 0, .ofs_y = 0},
    {.bitmap_index = 623, .adv_w = 326, .box_w = 20, .box_h = 24, .ofs_x = 1, .ofs_y = 0},
    {.bitmap_index = 816, .adv_w = 326, .box_w = 4, .box_h = 9, .ofs_x = 7, .ofs_y = 16},
    {.bitmap_index = 830, .adv_w = 326, .box_w = 10, .box_h = 35, .ofs_x = 5, .ofs_y = -8},
    {.bitmap_index = 964, .adv_w = 326, .box_w = 10, .box_h = 35, .ofs_x = 5, .ofs_y = -8},
    {.bitmap_index = 1095, .adv_w = 326, .box_w = 18, .box_h = 17, .ofs_x = 2, .ofs_y = 7},
    {.bitmap_index = 1216, .adv_w = 326, .box_w = 18, .box_h = 18, .ofs_x = 1, .ofs_y = 2},
    {.bitmap_index = 1259, .adv_w = 326, .box_w = 7, .box_h = 10, .ofs_x = 5, .ofs_y = -6},
    {.bitmap_index = 1286, .adv_w = 326, .box_w = 14, .box_h = 4, .ofs_x = 4, .ofs_y = 9},
    {.bitmap_index = 1297, .adv_w = 326, .box_w = 7, .box_h = 6, .ofs_x = 7, .ofs_y = 0},
    {.bitmap_index = 1316, .adv_w = 326, .box_w = 14, .box_h = 26, .ofs_x = 3, .ofs_y = -2},
    {.bitmap_index = 1433, .adv_w = 326, .box_w = 17, .box_h = 24, .ofs_x = 2, .ofs_y = 0},
    {.bitmap_index = 1592, .adv_w = 326, .box_w = 11, .box_h = 24, .ofs_x = 3, .ofs_y = 0},
    {.bitmap_index = 1634, .adv_w = 326, .box_w = 17, .box_h = 24, .ofs_x = 1, .ofs_y = 0},
    {.bitmap_index = 1770, .adv_w = 326, .box_w = 17, .box_h = 24, .ofs_x = 1, .ofs_y = 0},
    {.bitmap_index = 1923, .adv_w = 326, .box_w = 18, .box_h = 24, .ofs_x = 1, .ofs_y = 0},
    {.bitmap_index = 2033, .adv_w = 326, .box_w = 17, .box_h = 24, .ofs_x = 2, .ofs_y = 0},
    {.bitmap_index = 2181, .adv_w = 326, .box_w = 16, .box_h = 24, .ofs_x = 2, .ofs_y = 0},
    {.bitmap_index = 2333, .adv_w = 326, .box_w = 18, .box_h = 24, .ofs_x = 1, .ofs_y = 0},
    {.bitmap_index = 2463, .adv_w = 326, .box_w = 17, .box_h = 24, .ofs_x = 2, .ofs_y = 0},
    {.bitmap_index = 2637, .adv_w = 326, .box_w = 17, .box_h = 24, .ofs_x = 1, .ofs_y = 0},
    {.bitmap_index = 2795, .adv_w = 326, .box_w = 6, .box_h = 20, .ofs_x = 8, .ofs_y = 0},
    {.bitmap_index = 2834, .adv_w = 326, .box_w = 8, .box_h = 26, .ofs_x = 7, .ofs_y = -6},
    {.bitmap_index = 2895, .adv_w = 326, .box_w = 16, .box_h = 16, .ofs_x = 2, .ofs_y = 2},
    {.bitmap_index = 2987, .adv_w = 326, .box_w = 17, .box_h = 11, .ofs_x = 2, .ofs_y = 5},
    {.bitmap_index = 3017, .adv_w = 326, .box_w = 16, .box_h = 16, .ofs_x = 2, .ofs_y = 2},
    {.bitmap_index = 3112, .adv_w = 326, .box_w = 16, .box_h = 24, .ofs_x = 2, .ofs_y = 0},
    {.bitmap_index = 3240, .adv_w = 326, .box_w = 20, .box_h = 24, .ofs_x = 0, .ofs_y = 0},
    {.bitmap_index = 3457, .adv_w = 326, .box_w = 20, .box_h = 24, .ofs_x = 0, .ofs_y = 0},
    {.bitmap_index = 3623, .adv_w = 326, .box_w = 18, .box_h = 24, .ofs_x = 2, .ofs_y = 0},
    {.bitmap_index = 3756, .adv_w = 326, .box_w = 18, .box_h = 24, .ofs_x = 1, .ofs_y = 0},
    {.bitmap_index = 3897, .adv_w = 326, .box_w = 17, .box_h = 24, .ofs_x = 2, .ofs_y = 0},
    {.bitmap_index = 4015, .adv_w = 326, .box_w = 17, .box_h = 24, .ofs_x = 2, .ofs_y = 0},
    {.bitmap_index = 4067, .adv_w = 326, .box_w = 17, .box_h = 24, .ofs_x = 2, .ofs_y = 0},
    {.bitmap_index = 4109, .adv_w = 326, .box_w = 18, .box_h = 24, .ofs_x = 1, .ofs_y = 0},
    {.bitmap_index = 4253, .adv_w = 326, .box_w = 17, .box_h = 24, .ofs_x = 2, .ofs_y = 0},
    {.bitmap_index = 4289, .adv_w = 326, .box_w = 15, .box_h = 24, .ofs_x = 3, .ofs_y = 0},
    {.bitmap_index = 4332, .adv_w = 326, .box_w = 17, .box_h = 24, .ofs_x = 1, .ofs_y = 0},
    {.bitmap_index = 4405, .adv_w = 326, .box_w = 19, .box_h = 24, .ofs_x = 2, .ofs_y = 0},
    {.bitmap_index = 4550, .adv_w = 326, .box_w = 17, .box_h = 24, .ofs_x = 2, .ofs_y = 0},
    {.bitmap_index = 4579, .adv_w = 326, .box_w = 17, .box_h = 24, .ofs_x = 2, .ofs_y = 0},
    {.bitmap_index = 4687, .adv_w = 326, .box_w = 17, .box_h = 24, .ofs_x = 2, .ofs_y = 0},
    {.bitmap_index = 4798, .adv_w = 326, .box_w = 18, .box_h = 24, .ofs_x = 1, .ofs_y = 0},
    {.bitmap_index = 4947, .adv_w = 326, .box_w = 18, .box_h = 24, .ofs_x = 2, .ofs_y = 0},
    {.bitmap_index = 5045, .adv_w = 326, .box_w = 19, .box_h = 28, .ofs_x = 1, .ofs_y = -4},
    {.bitmap_index = 5222, .adv_w = 326, .box_w = 18, .box_h = 24, .ofs_x = 2, .ofs_y = 0},
    {.bitmap_index = 5361, .adv_w = 326, .box_w = 19, .box_h = 24, .ofs_x = 1, .ofs_y = 0},
    {.bitmap_index = 5539, .adv_w = 326, .box_w = 20, .box_h = 24, .ofs_x = 0, .ofs_y = 0},
    {.bitmap_index = 5577, .adv_w = 326, .box_w = 17, .box_h = 24, .ofs_x = 2, .ofs_y = 0},
    {.bitmap_index = 5656, .adv_w = 326, .box_w = 20, .box_h = 24, .ofs_x = 0, .ofs_y = 0},
    {.bitmap_index = 5828, .adv_w = 326, .box_w = 20, .box_h = 24, .ofs_x = 0, .ofs_y = 0},
    {.bitmap_index = 6045, .adv_w = 326, .box_w = 20, .box_h = 24, .ofs_x = 0, .ofs_y = 0},
    {.bitmap_index = 6223, .adv_w = 326, .box_w = 20, .box_h = 24, .ofs_x = 0, .ofs_y = 0},
    {.bitmap_index = 6348, .adv_w = 326, .box_w = 18, .box_h = 24, .ofs_x = 1, .ofs_y = 0},
    {.bitmap_index = 6466, .adv_w = 326, .box_w = 8, .box_h = 33, .ofs_x = 6, .ofs_y = -5},
    {.bitmap_index = 6494, .adv_w = 326, .box_w = 15, .box_h = 26, .ofs_x = 3, .ofs_y = -2},
    {.bitmap_index = 6614, .adv_w = 326, .box_w = 8, .box_h = 33, .ofs_x = 6, .ofs_y = -5},
    {.bitmap_index = 6642, .adv_w = 326, .box_w = 15, .box_h = 13, .ofs_x = 3, .ofs_y = 11},
    {.bitmap_index = 6721, .adv_w = 326, .box_w = 16, .box_h = 4, .ofs_x = 2, .ofs_y = -3},
    {.bitmap_index = 6732, .adv_w = 326, .box_w = 9, .box_h = 5, .ofs_x = 6, .ofs_y = 20},
    {.bitmap_index = 6753, .adv_w = 326, .box_w = 17, .box_h = 18, .ofs_x = 2, .ofs_y = 0},
    {.bitmap_index = 6874, .adv_w = 326, .box_w = 17, .box_h = 25, .ofs_x = 2, .ofs_y = 0},
    {.bitmap_index = 6986, .adv_w = 326, .box_w = 16, .box_h = 18, .ofs_x = 2, .ofs_y = 0},
    {.bitmap_index = 7096, .adv_w = 326, .box_w = 16, .box_h = 25, .ofs_x = 2, .ofs_y = 0},
    {.bitmap_index = 7206, .adv_w = 326, .box_w = 17, .box_h = 18, .ofs_x = 2, .ofs_y = 0},
    {.bitmap_index = 7320, .adv_w = 326, .box_w = 17, .box_h = 26, .ofs_x = 2, .ofs_y = 0},
    {.bitmap_index = 7399, .adv_w = 326, .box_w = 16, .box_h = 25, .ofs_x = 2, .ofs_y = -7},
    {.bitmap_index = 7550, .adv_w = 326, .box_w = 17, .box_h = 25, .ofs_x = 2, .ofs_y = 0},
    {.bitmap_index = 7618, .adv_w = 326, .box_w = 16, .box_h = 24, .ofs_x = 3, .ofs_y = 0},
    {.bitmap_index = 7677, .adv_w = 326, .box_w = 12, .box_h = 31, .ofs_x = 3, .ofs_y = -7},
    {.bitmap_index = 7752, .adv_w = 326, .box_w = 18, .box_h = 25, .ofs_x = 2, .ofs_y = 0},
    {.bitmap_index = 7862, .adv_w = 326, .box_w = 16, .box_h = 25, .ofs_x = 3, .ofs_y = 0},
    {.bitmap_index = 7901, .adv_w = 326, .box_w = 18, .box_h = 18, .ofs_x = 1, .ofs_y = 0},
    {.bitmap_index = 7955, .adv_w = 326, .box_w = 17, .box_h = 18, .ofs_x = 2, .ofs_y = 0},
    {.bitmap_index = 8011, .adv_w = 326, .box_w = 18, .box_h = 18, .ofs_x = 1, .ofs_y = 0},
    {.bitmap_index = 8141, .adv_w = 326, .box_w = 17, .box_h = 25, .ofs_x = 2, .ofs_y = -7},
    {.bitmap_index = 8258, .adv_w = 326, .box_w = 16, .box_h = 25, .ofs_x = 2, .ofs_y = -7},
    {.bitmap_index = 8369, .adv_w = 326, .box_w = 14, .box_h = 18, .ofs_x = 5, .ofs_y = 0},
    {.bitmap_index = 8417, .adv_w = 326, .box_w = 17, .box_h = 18, .ofs_x = 2, .ofs_y = 0},
    {.bitmap_index = 8547, .adv_w = 326, .box_w = 17, .box_h = 23, .ofs_x = 2, .ofs_y = 0},
    {.bitmap_index = 8624, .adv_w = 326, .box_w = 16, .box_h = 18, .ofs_x = 2, .ofs_y = 0},
    {.bitmap_index = 8681, .adv_w = 326, .box_w = 18, .box_h = 18, .ofs_x = 1, .ofs_y = 0},
    {.bitmap_index = 8804, .adv_w = 326, .box_w = 20, .box_h = 18, .ofs_x = 0, .ofs_y = 0},
    {.bitmap_index = 8972, .adv_w = 326, .box_w = 19, .box_h = 18, .ofs_x = 1, .ofs_y = 0},
    {.bitmap_index = 9104, .adv_w = 326, .box_w = 20, .box_h = 25, .ofs_x = 0, .ofs_y = -7},
    {.bitmap_index = 9278, .adv_w = 326, .box_w = 17, .box_h = 18, .ofs_x = 2, .ofs_y = 0},
    {.bitmap_index = 9363, .adv_w = 326, .box_w = 12, .box_h = 32, .ofs_x = 5, .ofs_y = -6},
    {.bitmap_index = 9486, .adv_w = 326, .box_w = 4, .box_h = 31, .ofs_x = 8, .ofs_y = -7},
    {.bitmap_index = 9495, .adv_w = 326, .box_w = 12, .box_h = 32, .ofs_x = 5, .ofs_y = -6},
    {.bitmap_index = 9614, .adv_w = 326, .box_w = 20, .box_h = 7, .ofs_x = 0, .ofs_y = 6},
    {.bitmap_index = 9678, .adv_w = 326, .box_w = 0, .box_h = 0, .ofs_x = 0, .ofs_y = 0},
    {.bitmap_index = 9678, .adv_w = 326, .box_w = 5, .box_h = 24, .ofs_x = 8, .ofs_y = -6},
    {.bitmap_index = 9711, .adv_w = 326, .box_w = 17, .box_h = 26, .ofs_x = 2, .ofs_y = -4},
    {.bitmap_index = 9854, .adv_w = 326, .box_w = 19, .box_h = 24, .ofs_x = 1, .ofs_y = 0},
    {.bitmap_index = 9986, .adv_w = 326, .box_w = 19, .box_h = 19, .ofs_x = 1, .ofs_y = -1},
    {.bitmap_index = 10145, .adv_w = 326, .box_w = 21, .box_h = 24, .ofs_x = 0, .ofs_y = 0},
    {.bitmap_index = 10295, .adv_w = 326, .box_w = 4, .box_h = 28, .ofs_x = 8, .ofs_y = -4},
    {.bitmap_index = 10311, .adv_w = 326, .box_w = 19, .box_h = 32, .ofs_x = 1, .ofs_y = -8},
    {.bitmap_index = 10552, .adv_w = 326, .box_w = 13, .box_h = 4, .ofs_x = 4, .ofs_y = 20},
    {.bitmap_index = 10577, .adv_w = 326, .box_w = 19, .box_h = 19, .ofs_x = 1, .ofs_y = -1},
    {.bitmap_index = 10737, .adv_w = 326, .box_w = 12, .box_h = 13, .ofs_x = 4, .ofs_y = 11},
    {.bitmap_index = 10810, .adv_w = 326, .box_w = 14, .box_h = 14, .ofs_x = 3, .ofs_y = 2},
    {.bitmap_index = 10901, .adv_w = 326, .box_w = 14, .box_h = 8, .ofs_x = 3, .ofs_y = 5},
    {.bitmap_index = 10921, .adv_w = 326, .box_w = 14, .box_h = 4, .ofs_x = 4, .ofs_y = 9},
    {.bitmap_index = 10932, .adv_w = 326, .box_w = 19, .box_h = 19, .ofs_x = 1, .ofs_y = 0},
    {.bitmap_index = 11087, .adv_w = 326, .box_w = 13, .box_h = 3, .ofs_x = 4, .ofs_y = 21},
    {.bitmap_index = 11097, .adv_w = 326, .box_w = 10, .box_h = 9, .ofs_x = 5, .ofs_y = 15},
    {.bitmap_index = 11141, .adv_w = 326, .box_w = 16, .box_h = 21, .ofs_x = 2, .ofs_y = 0},
    {.bitmap_index = 11194, .adv_w = 326, .box_w = 11, .box_h = 13, .ofs_x = 5, .ofs_y = 11},
    {.bitmap_index = 11257, .adv_w = 326, .box_w = 11, .box_h = 13, .ofs_x = 5, .ofs_y = 11},
    {.bitmap_index = 11326, .adv_w = 326, .box_w = 9, .box_h = 5, .ofs_x = 6, .ofs_y = 20},
    {.bitmap_index = 11348, .adv_w = 326, .box_w = 17, .box_h = 25, .ofs_x = 2, .ofs_y = -7},
    {.bitmap_index = 11406, .adv_w = 326, .box_w = 14, .box_h = 24, .ofs_x = 3, .ofs_y = 0},
    {.bitmap_index = 11482, .adv_w = 326, .box_w = 5, .box_h = 5, .ofs_x = 8, .ofs_y = 9},
    {.bitmap_index = 11494, .adv_w = 326, .box_w = 7, .box_h = 8, .ofs_x = 7, .ofs_y = -7},
    {.bitmap_index = 11523, .adv_w = 326, .box_w = 7, .box_h = 14, .ofs_x = 6, .ofs_y = 11},
    {.bitmap_index = 11543, .adv_w = 326, .box_w = 12, .box_h = 13, .ofs_x = 4, .ofs_y = 11},
    {.bitmap_index = 11612, .adv_w = 326, .box_w = 15, .box_h = 14, .ofs_x = 3, .ofs_y = 2},
    {.bitmap_index = 11705, .adv_w = 326, .box_w = 20, .box_h = 25, .ofs_x = 0, .ofs_y = 0},
    {.bitmap_index = 11854, .adv_w = 326, .box_w = 20, .box_h = 25, .ofs_x = 0, .ofs_y = 0},
    {.bitmap_index = 12019, .adv_w = 326, .box_w = 21, .box_h = 24, .ofs_x = 0, .ofs_y = 0},
    {.bitmap_index = 12207, .adv_w = 326, .box_w = 15, .box_h = 25, .ofs_x = 3, .ofs_y = -7},
    {.bitmap_index = 12325, .adv_w = 326, .box_w = 20, .box_h = 30, .ofs_x = 0, .ofs_y = 0},
    {.bitmap_index = 12525, .adv_w = 326, .box_w = 20, .box_h = 30, .ofs_x = 0, .ofs_y = 0},
    {.bitmap_index = 12726, .adv_w = 326, .box_w = 20, .box_h = 31, .ofs_x = 0, .ofs_y = 0},
    {.bitmap_index = 12935, .adv_w = 326, .box_w = 20, .box_h = 31, .ofs_x = 0, .ofs_y = 0},
    {.bitmap_index = 13147, .adv_w = 326, .box_w = 20, .box_h = 30, .ofs_x = 0, .ofs_y = 0},
    {.bitmap_index = 13351, .adv_w = 326, .box_w = 20, .box_h = 32, .ofs_x = 0, .ofs_y = 0},
    {.bitmap_index = 13567, .adv_w = 326, .box_w = 20, .box_h = 24, .ofs_x = 0, .ofs_y = 0},
    {.bitmap_index = 13708, .adv_w = 326, .box_w = 18, .box_h = 31, .ofs_x = 1, .ofs_y = -7},
    {.bitmap_index = 13889, .adv_w = 326, .box_w = 17, .box_h = 30, .ofs_x = 2, .ofs_y = 0},
    {.bitmap_index = 13975, .adv_w = 326, .box_w = 17, .box_h = 30, .ofs_x = 2, .ofs_y = 0},
    {.bitmap_index = 14060, .adv_w = 326, .box_w = 17, .box_h = 31, .ofs_x = 2, .ofs_y = 0},
    {.bitmap_index = 14154, .adv_w = 326, .box_w = 17, .box_h = 30, .ofs_x = 2, .ofs_y = 0},
    {.bitmap_index = 14244, .adv_w = 326, .box_w = 15, .box_h = 30, .ofs_x = 3, .ofs_y = 0},
    {.bitmap_index = 14316, .adv_w = 326, .box_w = 15, .box_h = 30, .ofs_x = 3, .ofs_y = 0},
    {.bitmap_index = 14389, .adv_w = 326, .box_w = 15, .box_h = 31, .ofs_x = 3, .ofs_y = 0},
    {.bitmap_index = 14471, .adv_w = 326, .box_w = 15, .box_h = 30, .ofs_x = 3, .ofs_y = 0},
    {.bitmap_index = 14549, .adv_w = 326, .box_w = 21, .box_h = 24, .ofs_x = -1, .ofs_y = 0},
    {.bitmap_index = 14696, .adv_w = 326, .box_w = 17, .box_h = 31, .ofs_x = 2, .ofs_y = 0},
    {.bitmap_index = 14851, .adv_w = 326, .box_w = 18, .box_h = 31, .ofs_x = 1, .ofs_y = 0},
    {.bitmap_index = 15034, .adv_w = 326, .box_w = 18, .box_h = 31, .ofs_x = 1, .ofs_y = 0},
    {.bitmap_index = 15217, .adv_w = 326, .box_w = 18, .box_h = 31, .ofs_x = 1, .ofs_y = 0},
    {.bitmap_index = 15408, .adv_w = 326, .box_w = 18, .box_h = 32, .ofs_x = 1, .ofs_y = 0},
    {.bitmap_index = 15603, .adv_w = 326, .box_w = 18, .box_h = 31, .ofs_x = 1, .ofs_y = 0},
    {.bitmap_index = 15788, .adv_w = 326, .box_w = 17, .box_h = 16, .ofs_x = 2, .ofs_y = 3},
    {.bitmap_index = 15899, .adv_w = 326, .box_w = 20, .box_h = 26, .ofs_x = 0, .ofs_y = -1},
    {.bitmap_index = 16106, .adv_w = 326, .box_w = 17, .box_h = 30, .ofs_x = 2, .ofs_y = 0},
    {.bitmap_index = 16218, .adv_w = 326, .box_w = 17, .box_h = 30, .ofs_x = 2, .ofs_y = 0},
    {.bitmap_index = 16330, .adv_w = 326, .box_w = 17, .box_h = 31, .ofs_x = 2, .ofs_y = 0},
    {.bitmap_index = 16451, .adv_w = 326, .box_w = 17, .box_h = 30, .ofs_x = 2, .ofs_y = 0},
    {.bitmap_index = 16569, .adv_w = 326, .box_w = 20, .box_h = 30, .ofs_x = 0, .ofs_y = 0},
    {.bitmap_index = 16729, .adv_w = 326, .box_w = 18, .box_h = 24, .ofs_x = 2, .ofs_y = 0},
    {.bitmap_index = 16825, .adv_w = 326, .box_w = 18, .box_h = 26, .ofs_x = 2, .ofs_y = 0},
    {.bitmap_index = 16986, .adv_w = 326, .box_w = 17, .box_h = 25, .ofs_x = 2, .ofs_y = 0},
    {.bitmap_index = 17141, .adv_w = 326, .box_w = 17, .box_h = 25, .ofs_x = 2, .ofs_y = 0},
    {.bitmap_index = 17294, .adv_w = 326, .box_w = 17, .box_h = 25, .ofs_x = 2, .ofs_y = 0},
    {.bitmap_index = 17457, .adv_w = 326, .box_w = 17, .box_h = 26, .ofs_x = 2, .ofs_y = 0},
    {.bitmap_index = 17621, .adv_w = 326, .box_w = 17, .box_h = 25, .ofs_x = 2, .ofs_y = 0},
    {.bitmap_index = 17779, .adv_w = 326, .box_w = 17, .box_h = 27, .ofs_x = 2, .ofs_y = 0},
    {.bitmap_index = 17947, .adv_w = 326, .box_w = 20, .box_h = 18, .ofs_x = 0, .ofs_y = 0},
    {.bitmap_index = 18087, .adv_w = 326, .box_w = 16, .box_h = 25, .ofs_x = 2, .ofs_y = -7},
    {.bitmap_index = 18234, .adv_w = 326, .box_w = 17, .box_h = 25, .ofs_x = 2, .ofs_y = 0},
    {.bitmap_index = 18382, .adv_w = 326, .box_w = 17, .box_h = 25, .ofs_x = 2, .ofs_y = 0},
    {.bitmap_index = 18528, .adv_w = 326, .box_w = 17, .box_h = 25, .ofs_x = 2, .ofs_y = 0},
    {.bitmap_index = 18684, .adv_w = 326, .box_w = 17, .box_h = 25, .ofs_x = 2, .ofs_y = 0},
    {.bitmap_index = 18836, .adv_w = 326, .box_w = 16, .box_h = 24, .ofs_x = 3, .ofs_y = 0},
    {.bitmap_index = 18901, .adv_w = 326, .box_w = 16, .box_h = 24, .ofs_x = 3, .ofs_y = 0},
    {.bitmap_index = 18965, .adv_w = 326, .box_w = 16, .box_h = 25, .ofs_x = 3, .ofs_y = 0},
    {.bitmap_index = 19041, .adv_w = 326, .box_w = 16, .box_h = 24, .ofs_x = 3, .ofs_y = 0},
    {.bitmap_index = 19111, .adv_w = 326, .box_w = 19, .box_h = 25, .ofs_x = 0, .ofs_y = 0},
    {.bitmap_index = 19293, .adv_w = 326, .box_w = 17, .box_h = 26, .ofs_x = 2, .ofs_y = 0},
    {.bitmap_index = 19392, .adv_w = 326, .box_w = 18, .box_h = 25, .ofs_x = 1, .ofs_y = 0},
    {.bitmap_index = 19557, .adv_w = 326, .box_w = 18, .box_h = 25, .ofs_x = 1, .ofs_y = 0},
    {.bitmap_index = 19721, .adv_w = 326, .box_w = 18, .box_h = 25, .ofs_x = 1, .ofs_y = 0},
    {.bitmap_index = 19893, .adv_w = 326, .box_w = 18, .box_h = 26, .ofs_x = 1, .ofs_y = 0},
    {.bitmap_index = 20067, .adv_w = 326, .box_w = 18, .box_h = 25, .ofs_x = 1, .ofs_y = 0},
    {.bitmap_index = 20233, .adv_w = 326, .box_w = 18, .box_h = 18, .ofs_x = 1, .ofs_y = 3},
    {.bitmap_index = 20304, .adv_w = 326, .box_w = 18, .box_h = 22, .ofs_x = 1, .ofs_y = -2},
    {.bitmap_index = 20470, .adv_w = 326, .box_w = 16, .box_h = 24, .ofs_x = 2, .ofs_y = 0},
    {.bitmap_index = 20559, .adv_w = 326, .box_w = 16, .box_h = 24, .ofs_x = 2, .ofs_y = 0},
    {.bitmap_index = 20646, .adv_w = 326, .box_w = 16, .box_h = 25, .ofs_x = 2, .ofs_y = 0},
    {.bitmap_index = 20745, .adv_w = 326, .box_w = 16, .box_h = 24, .ofs_x = 2, .ofs_y = 0},
    {.bitmap_index = 20838, .adv_w = 326, .box_w = 20, .box_h = 31, .ofs_x = 0, .ofs_y = -7},
    {.bitmap_index = 21046, .adv_w = 326, .box_w = 17, .box_h = 33, .ofs_x = 2, .ofs_y = -7},
    {.bitmap_index = 21173, .adv_w = 326, .box_w = 20, .box_h = 31, .ofs_x = 0, .ofs_y = -7}
};

/*---------------------
 *  CHARACTER MAPPING
 *--------------------*/



/*Collect the unicode lists and glyph_id offsets*/
static const lv_font_fmt_txt_cmap_t cmaps[] =
{
    {
        .range_start = 32, .range_length = 95, .glyph_id_start = 1,
        .unicode_list = NULL, .glyph_id_ofs_list = NULL, .list_length = 0, .type = LV_FONT_FMT_TXT_CMAP_FORMAT0_TINY
    },
    {
        .range_start = 160, .range_length = 96, .glyph_id_start = 96,
        .unicode_list = NULL, .glyph_id_ofs_list = NULL, .list_length = 0, .type = LV_FONT_FMT_TXT_CMAP_FORMAT0_TINY
    }
};



/*--------------------
 *  ALL CUSTOM DATA
 *--------------------*/

#if LVGL_VERSION_MAJOR == 8
/*Store all the custom data of the font*/
static  lv_font_fmt_txt_glyph_cache_t cache;
#endif

#if LVGL_VERSION_MAJOR >= 8
static const lv_font_fmt_txt_dsc_t font_dsc = {
#else
static lv_font_fmt_txt_dsc_t font_dsc = {
#endif
    .glyph_bitmap = glyph_bitmap,
    .glyph_dsc = glyph_dsc,
    .cmaps = cmaps,
    .kern_dsc = NULL,
    .kern_scale = 0,
    .cmap_num = 2,
    .bpp = 4,
    .kern_classes = 0,
    .bitmap_format = 1,
#if LVGL_VERSION_MAJOR == 8
    .cache = &cache
#endif
};



/*-----------------
 *  PUBLIC FONT
 *----------------*/

/*Initialize a public general font descriptor*/
#if LVGL_VERSION_MAJOR >= 8
const lv_font_t roboto_mono_medium_34 = {
#else
lv_font_t roboto_mono_medium_34 = {
#endif
    .get_glyph_dsc = lv_font_get_glyph_dsc_fmt_txt,    /*Function pointer to get glyph's data*/
    .get_glyph_bitmap = lv_font_get_bitmap_fmt_txt,    /*Function pointer to get glyph's bitmap*/
    .line_height = 40,          /*The maximum line height required by the font*/
    .base_line = 8,             /*Baseline measured from the bottom of the line*/
#if !(LVGL_VERSION_MAJOR == 6 && LVGL_VERSION_MINOR == 0)
    .subpx = LV_FONT_SUBPX_NONE,
#endif
#if LV_VERSION_CHECK(7, 4, 0) || LVGL_VERSION_MAJOR >= 8
    .underline_position = -2,
    .underline_thickness = 2,
#endif
    .dsc = &font_dsc,          /*The custom font data. Will be accessed by `get_glyph_bitmap/dsc` */
#if LV_VERSION_CHECK(8, 2, 0) || LVGL_VERSION_MAJOR >= 9
    .fallback = NULL,
#endif
    .user_data = NULL,
};



#endif /*#if ROBOTO_MONO_MEDIUM_34*/

