/*******************************************************************************
 * Size: 26 px
 * Bpp: 4
 * Opts: --bpp 4 --size 26 --font roboto_mono_medium.ttf --range 32-127,160-255 --format lvgl -o generated_fonts/roboto_mono_medium_26.c
 ******************************************************************************/

#include "lvgl.h"

#ifndef ROBOTO_MONO_MEDIUM_26
#define ROBOTO_MONO_MEDIUM_26 1
#endif

#if ROBOTO_MONO_MEDIUM_26

/*-----------------
 *    BITMAPS
 *----------------*/

/*Store the image of the glyphs*/
static LV_ATTRIBUTE_LARGE_CONST const uint8_t glyph_bitmap[] = {
    /* U+0020 " " */

    /* U+0021 "!" */
    0xd, 0xff, 0x18, 0x7, 0xfc, 0x20, 0x1f, 0xfc,
    0xa1, 0x0, 0xff, 0x9c, 0x3, 0xfa, 0x73, 0x4,
    0x4, 0x66, 0x0, 0xf8, 0x59, 0x0, 0x19, 0x36,
    0xa0, 0x40, 0x2, 0x7, 0x2, 0x60,

    /* U+0022 "\"" */
    0xf, 0xf2, 0x0, 0xff, 0x8c, 0x3, 0xff, 0x80,
    0xe0, 0x18, 0x40, 0x21, 0x0, 0xc6, 0x1, 0x18,
    0x6, 0x10, 0x8, 0x40, 0x3d, 0x12, 0x0, 0x18,
    0x90,

    /* U+0023 "#" */
    0x0, 0xf7, 0xf8, 0x0, 0x3f, 0xe0, 0xf, 0x8c,
    0x8, 0x0, 0x40, 0x40, 0x1f, 0x30, 0x30, 0x1,
    0x41, 0xc0, 0x3e, 0xd0, 0x30, 0x7, 0x81, 0x0,
    0x7c, 0x61, 0xc0, 0x2, 0xd, 0x0, 0xf9, 0x41,
    0x40, 0xa, 0xc, 0x1, 0x37, 0xfc, 0x21, 0x9f,
    0xe1, 0xc, 0xfc, 0x0, 0xff, 0xe2, 0x37, 0xfa,
    0x41, 0x7f, 0xd0, 0xb, 0xfe, 0xc0, 0xd, 0xe1,
    0xa0, 0xd, 0xd, 0x0, 0xf9, 0x40, 0xc0, 0xe,
    0x6, 0x1, 0xf1, 0x82, 0x80, 0x8, 0x14, 0x2,
    0x6f, 0xf8, 0x1, 0xdf, 0xe0, 0x7, 0x7e, 0x81,
    0x80, 0x7f, 0xf0, 0x97, 0xfc, 0xe0, 0xff, 0xe7,
    0x7, 0xff, 0x68, 0x6, 0x30, 0xd0, 0x1, 0x86,
    0x80, 0x7c, 0xa0, 0xe0, 0x4, 0x7, 0x0, 0xf0,
    0x88, 0x8, 0x8, 0x0, 0x40, 0x1e, 0x50, 0x30,
    0x3, 0x81, 0x80, 0x70,

    /* U+0024 "$" */
    0x0, 0xf1, 0x18, 0x80, 0x7f, 0xd7, 0x8e, 0x1,
    0xff, 0xcc, 0x55, 0x7, 0x98, 0x7, 0xcf, 0xf4,
    0x60, 0xd9, 0x62, 0x1, 0x9e, 0x0, 0x3c, 0x9e,
    0x20, 0x1, 0x80, 0x3, 0xf7, 0xd8, 0x80, 0xc8,
    0x1, 0x0, 0x9, 0x2, 0x9, 0x40, 0x6, 0x0,
    0x10, 0x0, 0xc0, 0x32, 0x0, 0x4, 0x40, 0x20,
    0x3, 0x0, 0xe9, 0x88, 0x0, 0x10, 0x0, 0x8e,
    0x1, 0x99, 0xdc, 0x20, 0x4a, 0x0, 0x8d, 0x60,
    0xf, 0xd4, 0xa0, 0x2, 0x9f, 0x91, 0x0, 0xf5,
    0x59, 0x80, 0x4d, 0xcc, 0x1, 0xe4, 0xcd, 0x70,
    0xa, 0x54, 0x3, 0xe2, 0x8e, 0x40, 0x5, 0x80,
    0xaa, 0x90, 0x3, 0xd, 0x80, 0x4, 0x8e, 0xaa,
    0x0, 0xf1, 0x0, 0x4, 0x80, 0x2, 0x60, 0x18,
    0x48, 0x0, 0x40, 0xa0, 0xd, 0x40, 0x1, 0x50,
    0x0, 0x84, 0x2c, 0x40, 0x6f, 0xfd, 0xa8, 0x0,
    0x90, 0x0, 0xfa, 0x0, 0x78, 0x6d, 0x0, 0x21,
    0xbd, 0x91, 0x7, 0xbe, 0x40, 0xf, 0x13, 0x18,
    0x52, 0x0, 0x7f, 0xf1, 0x80,

    /* U+0025 "%" */
    0x2, 0xbf, 0xf5, 0x90, 0x7, 0xfb, 0x10, 0x44,
    0x98, 0x20, 0x1f, 0x94, 0x4b, 0xb8, 0x42, 0xe0,
    0x4, 0x40, 0x6, 0x20, 0x40, 0x2, 0x7, 0x0,
    0x26, 0xc8, 0x3, 0xff, 0x80, 0xc4, 0xc4, 0x1,
    0x10, 0x20, 0x1, 0x3, 0x82, 0x2, 0x0, 0x32,
    0x89, 0x77, 0x8, 0x5e, 0x5, 0xc4, 0x3, 0xb1,
    0x4, 0x49, 0x80, 0xe3, 0x0, 0x1e, 0x2b, 0xff,
    0x59, 0x40, 0x40, 0x7, 0xff, 0x0, 0x98, 0x98,
    0x3, 0xff, 0x81, 0x21, 0x0, 0x1f, 0xfc, 0x3,
    0x43, 0x56, 0xdf, 0xe7, 0x0, 0xfb, 0xc2, 0x1a,
    0x48, 0x45, 0x10, 0x0, 0xe5, 0x34, 0x45, 0x84,
    0xf5, 0x3, 0x0, 0x74, 0x4, 0x81, 0x2, 0x2,
    0x80, 0x88, 0x2, 0x33, 0x29, 0x0, 0x7f, 0xf0,
    0xf, 0xac, 0x0, 0x40, 0xa0, 0x80, 0x1, 0x0,
    0xe1, 0x0, 0x58, 0x46, 0xd8, 0x38, 0x7, 0xf3,
    0x49, 0x10, 0x62, 0x0,

    /* U+0026 "&" */
    0x0, 0x8a, 0xbb, 0xfa, 0x0, 0x3f, 0x16, 0x28,
    0x80, 0xbd, 0x80, 0x7d, 0x22, 0x7, 0x4, 0x8,
    0xa0, 0x1c, 0x28, 0x3, 0x8f, 0x80, 0xc, 0x0,
    0xe2, 0x0, 0x20, 0x0, 0x40, 0x6, 0x1, 0xc2,
    0x0, 0x60, 0x1, 0x80, 0x34, 0x3, 0x88, 0x40,
    0xc9, 0x34, 0x5, 0xc0, 0x3d, 0x20, 0xf, 0xb1,
    0x16, 0x80, 0x7c, 0xe2, 0x4, 0x5, 0xe6, 0x1,
    0xf1, 0x98, 0x2, 0xe1, 0x0, 0xf9, 0x30, 0x80,
    0x2e, 0x10, 0x4, 0x6e, 0x0, 0xd8, 0x2, 0x50,
    0xa, 0x80, 0x8, 0x44, 0x8, 0x0, 0x33, 0x28,
    0x81, 0x20, 0x4c, 0x14, 0x10, 0x1, 0x40, 0x3e,
    0x0, 0x7a, 0x0, 0x68, 0x7, 0xc5, 0x40, 0x4,
    0x1, 0x60, 0x70, 0x5, 0x0, 0x4a, 0x80, 0x15,
    0x80, 0x38, 0x0, 0xd6, 0xf1, 0x88, 0x1, 0x78,
    0x1, 0x1c, 0x0, 0x90, 0xe6, 0x2, 0x0, 0x56,
    0x0, 0x45, 0xa8, 0x80, 0xe, 0x3a, 0x40, 0x12,
    0x40,

    /* U+0027 "'" */
    0xff, 0x30, 0x7, 0x18, 0x0, 0x40, 0xe, 0x0,
    0x17, 0x71, 0x80,

    /* U+0028 "(" */
    0x0, 0xf3, 0x80, 0x71, 0x6c, 0x10, 0x4, 0x3e,
    0x46, 0x60, 0xa, 0xc8, 0x9a, 0x20, 0x4, 0x50,
    0x91, 0x0, 0xa4, 0x11, 0x0, 0x12, 0x10, 0x70,
    0x6, 0xe0, 0x2, 0x80, 0x64, 0x4, 0x0, 0xc4,
    0x20, 0x60, 0x19, 0xc0, 0x1a, 0x1, 0x88, 0x0,
    0x20, 0x1b, 0xc0, 0xe, 0x1, 0x84, 0x3, 0xe1,
    0x0, 0xfb, 0xc0, 0xe, 0x1, 0x88, 0x0, 0x20,
    0x19, 0x80, 0x4, 0x1, 0x8c, 0x1, 0xa0, 0x1c,
    0x80, 0x80, 0x1d, 0xc0, 0x28, 0x1, 0x94, 0x43,
    0x80, 0x3a, 0x1, 0x48, 0x3, 0x31, 0x87, 0x0,
    0x77, 0x9, 0xc8, 0x6, 0x2d, 0x16, 0x30, 0xc,
    0x78, 0xc6,

    /* U+0029 ")" */
    0x43, 0x0, 0xf4, 0x62, 0x80, 0x75, 0x5, 0x20,
    0x6, 0x66, 0x5, 0x90, 0x6, 0x91, 0x9, 0x0,
    0xe8, 0x4, 0x40, 0x6, 0x60, 0x7, 0x80, 0x72,
    0x82, 0x8, 0x6, 0xf0, 0x2, 0x0, 0x67, 0x0,
    0x60, 0x6, 0x20, 0x2, 0x80, 0x70, 0x81, 0x0,
    0x71, 0x80, 0x80, 0x7f, 0xf2, 0x4c, 0x4, 0x3,
    0x84, 0xc, 0x3, 0x10, 0x1, 0xc0, 0x33, 0x80,
    0x30, 0x3, 0x60, 0x1, 0xc0, 0x32, 0x1, 0x88,
    0x4, 0x84, 0x12, 0x1, 0xa0, 0xd, 0x40, 0x26,
    0x30, 0xf0, 0x9, 0x24, 0x20, 0xc0, 0x29, 0x7,
    0x70, 0x6, 0xba, 0x80, 0xe,

    /* U+002A "*" */
    0x0, 0xee, 0xf9, 0x0, 0xff, 0x18, 0x8, 0x7,
    0xf9, 0x83, 0x80, 0x38, 0xd0, 0x2, 0x10, 0x30,
    0x9, 0x42, 0xaf, 0x58, 0xc, 0x4, 0x4f, 0xd4,
    0x48, 0x5, 0x3e, 0x81, 0xfd, 0x2, 0xb, 0xb9,
    0x8, 0x4, 0x8, 0x9, 0x16, 0xe0, 0x6f, 0x6e,
    0x0, 0x1e, 0xb7, 0x40, 0xc, 0xae, 0x2a, 0x34,
    0x1, 0xe2, 0xa0, 0x8a, 0x14, 0x90, 0xc, 0x38,
    0x4, 0xc1, 0x0, 0xcc, 0x0, 0x88, 0x1, 0xc0,
    0x6, 0x20, 0xc0, 0x8, 0xfe, 0x4c, 0x2, 0x99,
    0x50, 0x0,

    /* U+002B "+" */
    0x0, 0xe5, 0x77, 0x8, 0x7, 0xfa, 0x62, 0x6,
    0x1, 0xff, 0xf1, 0xaf, 0xfc, 0x60, 0xd, 0xff,
    0xc0, 0x1f, 0xfc, 0x32, 0x2e, 0x0, 0x84, 0x8b,
    0x4, 0x6e, 0xe3, 0x0, 0x66, 0xee, 0x0, 0xff,
    0xf6, 0x80,

    /* U+002C "," */
    0x5, 0xff, 0x50, 0x7, 0xff, 0x8, 0xc3, 0x40,
    0x18, 0xa, 0x2, 0xa8, 0x41, 0x60, 0x93, 0xa,
    0x0,

    /* U+002D "-" */
    0x57, 0x7f, 0xe3, 0x98, 0x8f, 0xe4, 0x0, 0xff,
    0x80,

    /* U+002E "." */
    0x0, 0x11, 0x0, 0x2b, 0xdd, 0x48, 0x1a, 0x0,
    0x18, 0x44, 0x1, 0xc5, 0x0, 0x32, 0x20,

    /* U+002F "/" */
    0x0, 0xfd, 0xfe, 0xd0, 0xf, 0x94, 0x1, 0x40,
    0x1f, 0x70, 0x1, 0x80, 0x3c, 0x28, 0x8, 0x20,
    0x1e, 0x70, 0x7, 0x0, 0x7d, 0x40, 0x5, 0x0,
    0xf1, 0x18, 0x28, 0x7, 0xd4, 0x0, 0xe0, 0xf,
    0x94, 0x5, 0x0, 0x3c, 0x64, 0xc, 0x1, 0xf5,
    0x0, 0x2c, 0x3, 0xe7, 0x2, 0x30, 0xf, 0x28,
    0x85, 0x0, 0x7d, 0xc0, 0x6, 0x0, 0xf0, 0xa0,
    0x20, 0x80, 0x79, 0xc0, 0x1a, 0x1, 0xf5, 0x0,
    0x18, 0x3, 0xc4, 0x60, 0xa0, 0x1f, 0x50, 0x3,
    0x80, 0x3e, 0x50, 0x14, 0x0, 0xf0,

    /* U+0030 "0" */
    0x0, 0x8a, 0x7b, 0xfd, 0x8c, 0x1, 0xc9, 0xac,
    0x20, 0x3, 0x9c, 0x0, 0x86, 0x80, 0x7, 0xe,
    0x20, 0x74, 0x0, 0x91, 0x5, 0xc7, 0x8f, 0x10,
    0x52, 0x5, 0x0, 0x40, 0x4, 0x2c, 0x0, 0x50,
    0x20, 0x1, 0x0, 0x6d, 0x0, 0x61, 0x0, 0x8,
    0x3, 0xbc, 0x0, 0xe2, 0x1, 0xe2, 0xd5, 0x0,
    0x8, 0x7, 0x9b, 0x48, 0x80, 0x1f, 0xaa, 0x42,
    0x38, 0x3, 0xc7, 0xaa, 0x38, 0xe0, 0x1f, 0x9,
    0x27, 0x98, 0x7, 0x8, 0x5, 0x16, 0x20, 0x1c,
    0x24, 0x1, 0x38, 0x6, 0x60, 0x3, 0x81, 0x0,
    0xc, 0x3, 0x68, 0x3, 0x1, 0x40, 0x10, 0x1,
    0xb, 0x0, 0x14, 0x24, 0x41, 0x31, 0xe3, 0xc4,
    0x14, 0x80, 0x74, 0x0, 0x70, 0xe2, 0x7, 0x40,
    0x11, 0xf3, 0x10, 0x0, 0xe3, 0x0, 0x0,

    /* U+0031 "1" */
    0x0, 0xf9, 0x44, 0x3, 0x1c, 0xf5, 0x10, 0xb,
    0xee, 0x30, 0x80, 0x1f, 0xa0, 0x80, 0x3b, 0x80,
    0x5, 0x2, 0x1, 0xb, 0x66, 0xb8, 0x6, 0x89,
    0x30, 0xf, 0xff, 0xf8, 0x7, 0xff, 0x6c,

    /* U+0032 "2" */
    0x0, 0xcd, 0x9f, 0xee, 0xa3, 0x0, 0xe2, 0xd9,
    0x30, 0x0, 0xae, 0x38, 0x6, 0xf2, 0x1, 0x67,
    0x20, 0x4, 0x20, 0x2, 0x8, 0xf, 0xa6, 0x35,
    0x40, 0x1e, 0x0, 0x50, 0x4, 0x0, 0x68, 0x0,
    0x20, 0x0, 0x80, 0x8, 0x1, 0x88, 0x3, 0xbf,
    0xe0, 0xe, 0x20, 0x0, 0x80, 0x7f, 0xac, 0x0,
    0xe0, 0x1f, 0xc8, 0xc0, 0x8, 0x0, 0xfc, 0x54,
    0x0, 0x91, 0x0, 0xf8, 0x7c, 0x41, 0x58, 0x3,
    0xf6, 0x90, 0x1d, 0x0, 0x7e, 0xb3, 0x2, 0xd0,
    0xf, 0xd2, 0x80, 0x58, 0x20, 0x1f, 0x43, 0x0,
    0xf8, 0x80, 0x7c, 0xce, 0x3, 0x84, 0x1, 0xf2,
    0xc8, 0x1, 0x15, 0xdf, 0xca, 0x1e, 0x1, 0x2c,
    0x47, 0xdc, 0x1, 0xff, 0xc2,

    /* U+0033 "3" */
    0x0, 0x9f, 0x3f, 0xdd, 0x6a, 0x1, 0x8b, 0x60,
    0xc0, 0x2, 0x95, 0x60, 0x17, 0x90, 0xb, 0x42,
    0x80, 0x12, 0x1, 0x48, 0x7, 0xe5, 0xea, 0x80,
    0x7, 0xc, 0x0, 0x30, 0x80, 0x4a, 0x20, 0x2,
    0x9f, 0xf4, 0x0, 0x71, 0x80, 0x4, 0x3, 0xf1,
    0x10, 0x0, 0x60, 0x1f, 0x27, 0x80, 0x20, 0x3,
    0xb7, 0xfd, 0x64, 0x10, 0xe0, 0x1f, 0xe1, 0x20,
    0xf, 0x44, 0xc9, 0x40, 0x69, 0xc0, 0x39, 0x59,
    0x95, 0x80, 0x8, 0x10, 0xf, 0xc6, 0xa0, 0x7,
    0x34, 0x40, 0x80, 0x71, 0x0, 0x6, 0x2e, 0xc8,
    0x1, 0xc4, 0x0, 0x1c, 0x0, 0x40, 0x80, 0x46,
    0xa0, 0x4, 0x61, 0x2, 0xf8, 0x7a, 0xc0, 0x2,
    0x90, 0xe8, 0x80, 0xbc, 0x28, 0x1, 0x28, 0x0,
    0x7f, 0x6, 0x0, 0x14, 0xab, 0x0, 0x0,

    /* U+0034 "4" */
    0x0, 0xfc, 0xff, 0xf0, 0x7, 0xf8, 0xa0, 0x3,
    0xff, 0x83, 0x20, 0x1f, 0xfc, 0x14, 0x40, 0x7,
    0xff, 0x6, 0x40, 0x80, 0x3f, 0xe8, 0x20, 0x80,
    0xf, 0xf1, 0x38, 0x2a, 0x0, 0x7f, 0xa4, 0x6,
    0xc0, 0x3f, 0xca, 0x81, 0x2, 0x1, 0xfe, 0xb0,
    0x36, 0x0, 0xff, 0x48, 0x87, 0x80, 0x7f, 0x89,
    0x81, 0x8c, 0x3, 0xfd, 0xc0, 0x1, 0x77, 0xa4,
    0x2, 0x77, 0x11, 0xc, 0x0, 0xf1, 0x13, 0x80,
    0x51, 0x6, 0x30, 0xf, 0xfe, 0x10, 0xff, 0xfd,
    0xc0, 0x17, 0xf9, 0x0, 0x3f, 0xfc, 0x20,

    /* U+0035 "5" */
    0x0, 0x57, 0xff, 0xf2, 0x80, 0x4, 0x3, 0xff,
    0x80, 0xc0, 0x4, 0x4f, 0x98, 0x0, 0x40, 0x57,
    0x7f, 0x18, 0x6, 0x60, 0xf, 0xe2, 0x0, 0x8,
    0x7, 0xf3, 0x0, 0x8, 0x8c, 0xea, 0x20, 0x18,
    0x40, 0xd, 0xb3, 0x15, 0xd2, 0x1, 0x10, 0x0,
    0x40, 0x39, 0xa8, 0x0, 0x46, 0xd, 0xbf, 0xcc,
    0x0, 0x54, 0x5, 0xcf, 0x92, 0x1, 0x95, 0x0,
    0x70, 0x7, 0xf4, 0x80, 0x1c, 0x3, 0xf8, 0x80,
    0x6, 0x8, 0x83, 0x0, 0xe3, 0x0, 0xd7, 0x6c,
    0x0, 0xe7, 0x0, 0x10, 0x18, 0x2, 0x0, 0x34,
    0x0, 0x2c, 0x3c, 0x0, 0xf8, 0xf1, 0xa4, 0x2,
    0xc0, 0x74, 0x0, 0x38, 0x72, 0x1, 0xd1, 0x0,
    0x2e, 0xb1, 0x0, 0x9, 0xfc, 0xc0,

    /* U+0036 "6" */
    0x0, 0xe2, 0x8c, 0xef, 0x0, 0xfa, 0x75, 0xcc,
    0x40, 0x3e, 0xc6, 0x0, 0xa, 0xb0, 0x7, 0x51,
    0x80, 0xd7, 0x54, 0x80, 0x64, 0x50, 0x1c, 0x50,
    0xf, 0xb8, 0x1, 0x4, 0x1, 0xf9, 0x40, 0xc,
    0x2a, 0xea, 0x20, 0x11, 0x80, 0x11, 0xfa, 0xa2,
    0xba, 0x0, 0xc, 0x0, 0x48, 0x0, 0xe7, 0x80,
    0x30, 0x8, 0xaf, 0xf9, 0x40, 0xe, 0x22, 0x0,
    0xe, 0x20, 0xd, 0x18, 0x1, 0x80, 0x27, 0x10,
    0xd, 0x40, 0xd, 0x10, 0xf, 0xc4, 0x0, 0x12,
    0x0, 0x10, 0x7, 0x8, 0x0, 0x54, 0x0, 0x80,
    0x1d, 0x80, 0x2, 0x15, 0x0, 0x48, 0x4, 0x4c,
    0x0, 0xb0, 0x80, 0x3, 0x63, 0xce, 0x80, 0x14,
    0xc0, 0xac, 0x40, 0xe1, 0x80, 0x7, 0x40, 0x12,
    0x7b, 0x8, 0x0, 0xe7, 0x0, 0x0,

    /* U+0037 "7" */
    0xef, 0xff, 0xfb, 0x80, 0x3f, 0xf8, 0x7, 0x2e,
    0xff, 0x90, 0x0, 0xaf, 0x11, 0xf8, 0x2, 0xa0,
    0xf, 0xc6, 0x80, 0x84, 0x1, 0xfa, 0x40, 0x1e,
    0x1, 0xf8, 0x54, 0x9, 0x0, 0x3f, 0x48, 0x2,
    0xc0, 0x3f, 0x9c, 0x0, 0xc0, 0x1f, 0x9c, 0x0,
    0xe0, 0x1f, 0xd4, 0x0, 0xa0, 0xf, 0xca, 0x40,
    0x84, 0x1, 0xfa, 0x40, 0x1e, 0x1, 0xf8, 0xcc,
    0x4, 0x80, 0x1f, 0xa0, 0x1, 0x60, 0x1f, 0x89,
    0x0, 0xc, 0x1, 0xfa, 0xc0, 0xc, 0x1, 0xf8,
    0x58, 0x1, 0x60, 0x1f, 0x98, 0x0, 0x84, 0x1,
    0xe0,

    /* U+0038 "8" */
    0x0, 0x8e, 0xbb, 0xfd, 0x8e, 0x1, 0xcd, 0x8a,
    0x20, 0x3, 0x8d, 0x20, 0x1, 0x48, 0x0, 0xdd,
    0x80, 0x5, 0xc0, 0xb, 0x0, 0x26, 0x44, 0xe8,
    0x0, 0xcc, 0xa, 0x0, 0xf0, 0x8, 0x94, 0x0,
    0xa0, 0x20, 0x7, 0x0, 0xc6, 0x0, 0x10, 0x40,
    0x2, 0x0, 0x64, 0x0, 0x20, 0x58, 0x2, 0x14,
    0x6, 0x48, 0x10, 0xc0, 0xac, 0x1, 0x5f, 0xcc,
    0x7, 0x40, 0x12, 0xa0, 0x7, 0xac, 0x40, 0x3,
    0xe8, 0x9, 0xe, 0x21, 0x14, 0x0, 0xa1, 0x8,
    0xb7, 0x8e, 0x20, 0x55, 0xa, 0x0, 0x1c, 0x3,
    0x40, 0x3, 0x88, 0x0, 0x40, 0x1c, 0xe0, 0x6,
    0x0, 0x8c, 0x3, 0x98, 0x2, 0x30, 0x0, 0xb8,
    0x6, 0x80, 0x2, 0x3, 0x80, 0x22, 0xde, 0x34,
    0xc0, 0x16, 0x10, 0xc0, 0x4, 0x87, 0x20, 0x5,
    0x90, 0x2, 0x6d, 0x44, 0x0, 0x4f, 0xc8, 0x0,

    /* U+0039 "9" */
    0x0, 0x8e, 0xbb, 0xfa, 0x88, 0x3, 0x9f, 0x14,
    0x40, 0x57, 0x54, 0x2, 0x58, 0x0, 0x23, 0xa0,
    0x2, 0x8c, 0x1, 0x0, 0x8, 0xb8, 0xb7, 0x0,
    0x78, 0x19, 0x0, 0xb8, 0x5, 0x2, 0x6, 0x2a,
    0x0, 0x70, 0xe, 0x40, 0x2, 0x8, 0x0, 0x40,
    0x3b, 0x40, 0x1a, 0x1, 0x8, 0x7, 0xf1, 0x80,
    0x10, 0x3, 0xb8, 0x0, 0x28, 0x0, 0x26, 0x0,
    0x8d, 0x80, 0x2, 0xe, 0x0, 0x99, 0x34, 0xe0,
    0x5, 0xe1, 0x8, 0x0, 0x69, 0x60, 0x10, 0x1,
    0x0, 0x2e, 0x8, 0x0, 0x96, 0x80, 0x7, 0x0,
    0x9f, 0x7f, 0xd6, 0x8a, 0x4, 0x40, 0xf, 0xd2,
    0x0, 0xa0, 0xf, 0x86, 0x58, 0x9, 0xc0, 0x33,
    0xd6, 0x73, 0x0, 0xf8, 0x7, 0x52, 0x98, 0x0,
    0xf0, 0x80, 0x38, 0x40, 0x9a, 0xf0, 0x80, 0x20,

    /* U+003A ":" */
    0x3d, 0xfa, 0xf, 0x20, 0x56, 0x10, 0x8, 0x60,
    0x0, 0x2c, 0xbd, 0xbc, 0x20, 0x24, 0x1, 0xff,
    0xcb, 0x12, 0x0, 0x2f, 0x6e, 0x86, 0x0, 0x4,
    0xc2, 0x1, 0xf, 0x90, 0x23, 0x0,

    /* U+003B ";" */
    0x0, 0x88, 0x2, 0x2e, 0xdf, 0x30, 0xb1, 0x0,
    0x40, 0x8, 0x4, 0x21, 0x26, 0x7, 0x0, 0x39,
    0xf8, 0x40, 0x1f, 0xfd, 0xa8, 0x83, 0x80, 0x5,
    0xdd, 0x20, 0x1f, 0xfc, 0x23, 0x0, 0x28, 0x1,
    0x0, 0x1a, 0x0, 0xa0, 0x16, 0x0, 0x38, 0x68,
    0x5, 0x7c, 0x60, 0x0,

    /* U+003C "<" */
    0x0, 0xfe, 0x5b, 0x10, 0xf, 0xb, 0xf5, 0x20,
    0x7, 0x14, 0xf4, 0x8, 0x7, 0x2e, 0x6b, 0x0,
    0x4b, 0x62, 0xfd, 0x46, 0x0, 0x4a, 0xfa, 0x40,
    0x81, 0x3, 0x9e, 0xb5, 0x0, 0xf8, 0x78, 0xc0,
    0x3d, 0x46, 0x4, 0xfb, 0x8c, 0x20, 0x12, 0xe6,
    0x14, 0x0, 0x73, 0xd6, 0xa0, 0x11, 0xd7, 0x40,
    0x80, 0x12, 0x84, 0x3, 0xb, 0xf5, 0x18, 0x7,
    0xf9, 0x73, 0xa, 0x0,

    /* U+003D "=" */
    0xef, 0xff, 0xf6, 0x80, 0x7f, 0xf0, 0x19, 0xdf,
    0xfd, 0x51, 0x1f, 0xf3, 0x80, 0x7f, 0xf0, 0x1e,
    0x23, 0xfc, 0xd2, 0xef, 0xfe, 0xb0, 0xf, 0xfe,
    0x0,

    /* U+003E ">" */
    0xb7, 0x10, 0xf, 0xe6, 0x8e, 0x93, 0x0, 0xff,
    0x36, 0x61, 0x40, 0x3b, 0xe0, 0x80, 0x7, 0x5d,
    0x4, 0x0, 0x27, 0xdd, 0x39, 0x0, 0xbe, 0xd9,
    0x0, 0x45, 0x1b, 0x8c, 0x20, 0x8a, 0x1, 0xe5,
    0x21, 0x0, 0xf2, 0xd7, 0xca, 0x0, 0x1d, 0x8e,
    0x7a, 0x94, 0x0, 0x53, 0xf0, 0x3c, 0xc2, 0x0,
    0x5c, 0xd6, 0x0, 0xe1, 0x8e, 0xa3, 0x0, 0xe4,
    0xae, 0x71, 0x0, 0xf8,

    /* U+003F "?" */
    0x0, 0x14, 0xef, 0xfb, 0xa8, 0xc0, 0x26, 0xd6,
    0x20, 0x0, 0xae, 0x30, 0x1c, 0x80, 0x9, 0x98,
    0x40, 0x9, 0x2a, 0x0, 0x26, 0xcc, 0xb4, 0xc0,
    0x14, 0x42, 0x2f, 0x0, 0xd4, 0x0, 0x3b, 0xee,
    0x20, 0x7, 0xc2, 0x1, 0xfa, 0x80, 0x1a, 0x1,
    0xf3, 0x98, 0xb, 0x80, 0x79, 0xa0, 0x1, 0x40,
    0x1e, 0x69, 0x0, 0x52, 0x0, 0x71, 0x48, 0x2,
    0xd4, 0x3, 0xca, 0x0, 0x74, 0x0, 0xfb, 0x80,
    0x18, 0x1, 0xfa, 0xa6, 0x4a, 0x1, 0xf8, 0xd9,
    0x82, 0x1, 0xf8, 0x59, 0x0, 0x3f, 0xb6, 0x6d,
    0x80, 0x3f, 0x18, 0x3, 0xc0, 0x3f, 0x40, 0x15,
    0x80, 0x60,

    /* U+0040 "@" */
    0x0, 0xe4, 0xbe, 0xfe, 0xa3, 0x0, 0xfa, 0xad,
    0x0, 0x85, 0x71, 0x80, 0x3a, 0xd4, 0xf3, 0xb7,
    0xec, 0x65, 0x0, 0x27, 0x44, 0x61, 0x80, 0x49,
    0x81, 0x20, 0x1, 0x81, 0xa0, 0x19, 0xcb, 0x52,
    0x72, 0x40, 0x60, 0x91, 0x17, 0xb1, 0xa5, 0x15,
    0x6, 0x5, 0x83, 0x5, 0xb, 0xfa, 0x81, 0x90,
    0x18, 0x19, 0x9, 0x21, 0x40, 0x8, 0x8, 0xb,
    0x98, 0x38, 0x28, 0x50, 0x1, 0x80, 0x39, 0xc0,
    0xc3, 0x40, 0xc0, 0x6, 0x20, 0x1, 0x71, 0x1,
    0x1, 0x7, 0x0, 0x9, 0x0, 0x44, 0x20, 0x20,
    0x1c, 0x20, 0xe0, 0x61, 0x8e, 0x6, 0x2, 0x8,
    0x8, 0x1, 0x50, 0x21, 0x82, 0x7, 0x4, 0x5d,
    0xa, 0x5b, 0x38, 0x81, 0x8a, 0x21, 0xc1, 0x6a,
    0x82, 0x8d, 0x0, 0x9, 0x9, 0x8, 0xfe, 0x54,
    0xef, 0x90, 0x9, 0x50, 0xb5, 0x0, 0x21, 0x40,
    0xf, 0x5a, 0x15, 0xfe, 0xf7, 0x2c, 0x3, 0xeb,
    0xa4, 0x12, 0x4, 0x90, 0xc,

    /* U+0041 "A" */
    0x0, 0xf4, 0x7f, 0xa0, 0x3, 0xff, 0x80, 0xa0,
    0x5, 0x0, 0xff, 0x88, 0x80, 0x2, 0x20, 0x7,
    0xf9, 0x40, 0x32, 0x80, 0x7f, 0xac, 0x3, 0x58,
    0x7, 0xf0, 0x98, 0x22, 0x0, 0xc4, 0x3, 0xf3,
    0x80, 0x37, 0x40, 0x7, 0x0, 0xfd, 0xa0, 0x4,
    0x40, 0x3, 0x40, 0x3f, 0x20, 0x11, 0x60, 0x40,
    0xf, 0x94, 0x0, 0x80, 0x4, 0x0, 0x20, 0x7,
    0xbc, 0x1, 0xa0, 0xd, 0x0, 0x68, 0x7, 0x94,
    0x0, 0x80, 0x4, 0x0, 0x38, 0x7, 0x20, 0x5,
    0xff, 0x80, 0x2, 0x60, 0x1b, 0x40, 0x3f, 0xd6,
    0x1, 0x9c, 0x0, 0xab, 0xe0, 0x2, 0x80, 0x48,
    0x20, 0x55, 0x5e, 0x10, 0x22, 0x0, 0x34, 0x0,
    0xa0, 0x1e, 0x70, 0x2, 0x80, 0x1c, 0x1, 0x60,
    0x1e, 0xc0, 0x5, 0x81, 0x88, 0x0, 0xc0, 0x3c,
    0xa0, 0x3, 0x10,

    /* U+0042 "B" */
    0x2f, 0xff, 0xb6, 0x90, 0x3, 0xfe, 0x25, 0xba,
    0x0, 0xf3, 0xbc, 0xc4, 0x0, 0x58, 0x0, 0xe8,
    0x8a, 0x75, 0xc0, 0xc, 0x1, 0xfe, 0x80, 0x0,
    0x90, 0x7, 0xf8, 0x40, 0x3f, 0xf8, 0x6, 0x20,
    0x24, 0x1, 0xf9, 0x74, 0x1, 0x0, 0x1d, 0xff,
    0xa8, 0x42, 0x58, 0x3, 0xfe, 0x11, 0x0, 0x7a,
    0xab, 0x40, 0x8a, 0x28, 0x3, 0x95, 0x73, 0xf8,
    0x82, 0x98, 0x7, 0xf0, 0xb0, 0x2, 0xc0, 0x3f,
    0xde, 0x0, 0x20, 0xf, 0xf7, 0x0, 0x8, 0x3,
    0xf9, 0x18, 0x1, 0x80, 0x1a, 0x23, 0x5d, 0x80,
    0x6, 0x80, 0x19, 0xdf, 0x20, 0x0, 0xf4, 0x3,
    0xf8, 0x52, 0x70, 0x40,

    /* U+0043 "C" */
    0x0, 0x86, 0x37, 0xfd, 0xb0, 0x20, 0x1c, 0x9c,
    0xe4, 0x0, 0x27, 0xe4, 0x0, 0x8a, 0xc0, 0x4,
    0xee, 0x20, 0x5, 0x90, 0x3, 0x80, 0xd, 0xb1,
    0xd, 0x50, 0x4, 0x81, 0x98, 0x6, 0x40, 0x35,
    0x80, 0x10, 0x6c, 0x0, 0xe0, 0x1c, 0x26, 0x0,
    0x53, 0x0, 0x60, 0x7, 0xb3, 0xb8, 0x8c, 0x0,
    0x10, 0xf, 0x84, 0x40, 0x19, 0xc0, 0x3f, 0xfb,
    0xae, 0x1, 0xfe, 0x60, 0x0, 0x80, 0x7f, 0x8c,
    0x1, 0xa0, 0x1e, 0xbf, 0xf2, 0x58, 0x1, 0x80,
    0x38, 0x50, 0x0, 0xa6, 0x60, 0x18, 0x0, 0xd6,
    0x0, 0x41, 0xf, 0x0, 0x3e, 0x44, 0x35, 0x40,
    0x12, 0x0, 0x3a, 0x0, 0x1b, 0xb8, 0x80, 0x16,
    0x40, 0x12, 0xeb, 0x10, 0x0, 0x9f, 0x90, 0x0,

    /* U+0044 "D" */
    0x4f, 0xfe, 0xeb, 0x60, 0xf, 0xf8, 0x52, 0x79,
    0x0, 0x3c, 0x2e, 0xe5, 0x10, 0x1b, 0x40, 0xe,
    0x38, 0x85, 0x72, 0x80, 0x2c, 0x40, 0x3f, 0xa8,
    0xc0, 0x10, 0x1, 0xfe, 0xf0, 0x3, 0x0, 0x7f,
    0x8c, 0x40, 0x6, 0x1, 0xfe, 0x50, 0x2, 0x80,
    0x7f, 0x84, 0x0, 0x20, 0x1f, 0xfd, 0xa1, 0x0,
    0x8, 0x7, 0xf9, 0x40, 0xa, 0x1, 0xfc, 0x62,
    0x0, 0x30, 0xf, 0xe8, 0x0, 0x30, 0x7, 0xf4,
    0xa0, 0xc, 0x0, 0x63, 0x77, 0x4f, 0x30, 0x2,
    0x84, 0x3, 0xc, 0x41, 0x84, 0x6, 0xd0, 0x3,
    0xf0, 0x9c, 0x72, 0x0, 0x40,

    /* U+0045 "E" */
    0xff, 0xff, 0xe0, 0x0, 0x7f, 0xf1, 0x59, 0xdf,
    0xf0, 0x6, 0x88, 0xfe, 0x0, 0xff, 0xf6, 0x77,
    0xff, 0xb0, 0x3, 0xff, 0x8c, 0xf1, 0x1e, 0x90,
    0xe, 0x97, 0x7f, 0x28, 0x7, 0xff, 0xb6, 0x23,
    0xf8, 0x3, 0x33, 0xbf, 0xe0, 0xf, 0xfe, 0x10,

    /* U+0046 "F" */
    0xef, 0xff, 0xf8, 0x80, 0x3f, 0xf8, 0x8c, 0xef,
    0xf8, 0xc0, 0x2a, 0x88, 0xfc, 0x20, 0x1f, 0xfe,
    0xba, 0x88, 0xf8, 0x3, 0x99, 0xdf, 0xe0, 0xf,
    0xfe, 0x36, 0x7f, 0xfc, 0x1, 0xff, 0xff, 0x0,
    0xff, 0xe3, 0x0,

    /* U+0047 "G" */
    0x0, 0x86, 0x37, 0xfd, 0xb2, 0x40, 0x1c, 0x7e,
    0xe4, 0x0, 0x26, 0xd5, 0x0, 0x8b, 0x4, 0x5,
    0x98, 0x40, 0xa, 0x30, 0x4, 0x80, 0x13, 0xa6,
    0x5a, 0xa0, 0x8, 0x2, 0x40, 0x5, 0x0, 0x6b,
    0x0, 0x20, 0x28, 0x1, 0x44, 0x3, 0xa, 0x91,
    0x5a, 0x0, 0xc0, 0xf, 0x56, 0xe8, 0x98, 0x0,
    0x40, 0x1f, 0xe1, 0x0, 0xff, 0xe4, 0x33, 0x78,
    0x40, 0x3c, 0x33, 0x3e, 0x51, 0x0, 0xff, 0xe0,
    0xb0, 0x0, 0x80, 0x3, 0xff, 0x20, 0x5, 0xa0,
    0xc, 0x0, 0xff, 0x28, 0x1, 0x44, 0x3, 0x9c,
    0x2, 0x24, 0x0, 0x50, 0x7, 0x8, 0x6, 0x90,
    0x2, 0x74, 0xc5, 0x71, 0x0, 0x18, 0xb, 0x4,
    0x5, 0x9d, 0x44, 0x7, 0x8, 0x0, 0x7f, 0x4,
    0x0, 0x14, 0xae, 0x30,

    /* U+0048 "H" */
    0x5f, 0xf5, 0x0, 0x71, 0x7f, 0xb4, 0x3, 0xff,
    0xfe, 0x1, 0xff, 0xc7, 0x5f, 0xfe, 0xd0, 0xf,
    0xfe, 0x39, 0x3b, 0xf3, 0x0, 0x79, 0xe2, 0x3a,
    0xc0, 0x3f, 0xff, 0xe0, 0x1f, 0xfc, 0x70,

    /* U+0049 "I" */
    0xaf, 0xff, 0xf1, 0x80, 0x7f, 0xf0, 0x3d, 0xde,
    0x10, 0x2, 0xbb, 0xc2, 0xb1, 0x11, 0x0, 0x3a,
    0x22, 0x20, 0xf, 0xff, 0xf8, 0x7, 0xff, 0xe5,
    0x62, 0x22, 0x0, 0x74, 0x44, 0x3e, 0xef, 0x8,
    0x1, 0x5d, 0xe2, 0x0, 0xff, 0xe0, 0x0,

    /* U+004A "J" */
    0x0, 0xfe, 0x6f, 0xf5, 0x0, 0x7f, 0xff, 0xc0,
    0x3f, 0xff, 0xe0, 0x1e, 0x7b, 0xb2, 0x80, 0x70,
    0x80, 0x5e, 0x88, 0xc0, 0xe, 0xc0, 0x6, 0xd8,
    0x1, 0x88, 0x2, 0x54, 0x0, 0x29, 0xa0, 0x3,
    0x6a, 0x2a, 0x80, 0x6, 0x20, 0xa3, 0x0, 0x2b,
    0xa8, 0x1, 0x64, 0x0, 0x39, 0x26, 0x0, 0x14,
    0xba, 0x0, 0x0,

    /* U+004B "K" */
    0x2f, 0xf8, 0x3, 0xd9, 0xfe, 0xd0, 0xf, 0xf4,
    0x18, 0x3, 0xc0, 0x3f, 0x91, 0xc0, 0x12, 0x40,
    0x1f, 0x86, 0x80, 0xa, 0xc0, 0x1f, 0xda, 0x20,
    0x54, 0x1, 0xfd, 0x6, 0x0, 0xf0, 0xf, 0xe3,
    0x70, 0x4, 0x90, 0x7, 0xe1, 0xd0, 0x3, 0x30,
    0x3, 0xfa, 0x84, 0x1, 0x60, 0x1f, 0xe4, 0x0,
    0xa0, 0x3, 0xff, 0x84, 0xa8, 0x1, 0xfe, 0xa5,
    0x0, 0x50, 0x7, 0xf4, 0x2d, 0x80, 0x6, 0x0,
    0x3f, 0x38, 0xc, 0x80, 0x1c, 0xc0, 0x3f, 0xcc,
    0x60, 0xf, 0x0, 0xff, 0xbc, 0x0, 0x6c, 0x1,
    0xfe, 0x36, 0x0, 0x48, 0x80, 0x7f, 0xa0, 0x40,
    0x16, 0x1, 0xfe, 0x1b, 0x0, 0x2a, 0x0,

    /* U+004C "L" */
    0xdf, 0xf1, 0x80, 0x7f, 0xff, 0xc0, 0x3f, 0xff,
    0xe0, 0x1f, 0xfe, 0xda, 0x88, 0xfc, 0x1, 0x99,
    0xdf, 0xf0, 0x7, 0xff, 0x8,

    /* U+004D "M" */
    0x4f, 0xfa, 0x80, 0x36, 0xff, 0xc4, 0x1, 0x90,
    0x2, 0x22, 0x0, 0x7e, 0x13, 0x0, 0x28, 0x7,
    0xfa, 0xc0, 0x16, 0x1, 0xfe, 0x40, 0x13, 0x2,
    0x0, 0xf2, 0x1, 0x8b, 0x80, 0x1c, 0x3, 0xd8,
    0x0, 0x4d, 0x5, 0x0, 0xfc, 0xa1, 0xe8, 0x1e,
    0x1, 0xf7, 0xf8, 0x14, 0x0, 0xa0, 0x1f, 0x90,
    0x2, 0x40, 0x10, 0xf, 0x84, 0xc0, 0x1a, 0x1,
    0xfe, 0xb0, 0x3, 0x80, 0x7e, 0x10, 0x40, 0x31,
    0x0, 0xff, 0x1e, 0xe8, 0x0, 0xe0, 0x1f, 0xc4,
    0x20, 0x1f, 0xff, 0x20,

    /* U+004E "N" */
    0x5f, 0xf8, 0x3, 0x93, 0xfd, 0xa0, 0x19, 0xc0,
    0x3f, 0xf8, 0x12, 0x1, 0xff, 0xc0, 0x15, 0x0,
    0xff, 0xe0, 0x40, 0x7, 0xff, 0x0, 0x90, 0x3,
    0xf8, 0xc4, 0x3c, 0x3, 0xfc, 0xc0, 0x86, 0x1,
    0xfd, 0x20, 0x9, 0x0, 0xfe, 0x16, 0x5, 0x20,
    0xf, 0xeb, 0x0, 0x58, 0x7, 0xf1, 0x28, 0x30,
    0x80, 0x7f, 0x48, 0x2, 0x40, 0x3f, 0x8c, 0xc0,
    0x60, 0x1f, 0xe8, 0x0, 0xff, 0xe0, 0x21, 0x0,
    0x7f, 0xf0, 0x2c, 0x3, 0xff, 0x80, 0xc2, 0x1,
    0xff, 0xc0, 0x90, 0x8,

    /* U+004F "O" */
    0x0, 0x8a, 0x7b, 0xfd, 0x8a, 0x1, 0xe5, 0xd6,
    0x10, 0x1, 0xd5, 0x80, 0x63, 0xa0, 0x1, 0x2a,
    0x0, 0x12, 0xc0, 0x2f, 0x0, 0x36, 0xd5, 0xe0,
    0x82, 0x28, 0x19, 0x80, 0x64, 0x2, 0x38, 0x0,
    0x48, 0x58, 0x1, 0xc0, 0x39, 0x80, 0x6, 0x26,
    0x0, 0xc0, 0xf, 0x18, 0x1, 0x5c, 0x0, 0x20,
    0x1e, 0x60, 0x1, 0x8, 0x1, 0xc0, 0x3f, 0xfb,
    0x42, 0x0, 0x70, 0xf, 0xf3, 0x80, 0x4, 0x3,
    0xcc, 0x0, 0x23, 0x0, 0x68, 0x7, 0x8c, 0x0,
    0xb6, 0x0, 0x60, 0xe, 0x60, 0x1, 0x89, 0x98,
    0x6, 0x40, 0x22, 0x80, 0x4, 0x80, 0x3c, 0x0,
    0xdb, 0x35, 0xa2, 0x8, 0xa0, 0x3, 0xa0, 0x1,
    0x32, 0x80, 0x12, 0xc0, 0x32, 0xeb, 0x8, 0x0,
    0xe6, 0xc0, 0x20,

    /* U+0050 "P" */
    0xef, 0xff, 0x75, 0x20, 0x7, 0xf8, 0x56, 0xe8,
    0x3, 0x9a, 0x20, 0xe8, 0x0, 0x5a, 0x0, 0xd6,
    0xee, 0x8b, 0xa0, 0x2, 0x98, 0x7, 0xe5, 0x50,
    0x2, 0xc0, 0x3f, 0xb4, 0x0, 0x40, 0x1f, 0xc2,
    0x1, 0xff, 0xc0, 0xc0, 0x1, 0x0, 0x7e, 0x45,
    0x0, 0x58, 0x5, 0x71, 0x15, 0xd8, 0x0, 0xa6,
    0x1, 0x33, 0xbc, 0x80, 0x5, 0xa0, 0xf, 0xc2,
    0xb7, 0x40, 0x1d, 0xbf, 0xf7, 0x52, 0x0, 0x7f,
    0xff, 0xc0, 0x3c,

    /* U+0051 "Q" */
    0x0, 0x86, 0x77, 0xfd, 0x8c, 0x1, 0xf2, 0x73,
    0x10, 0x0, 0xe7, 0x4, 0x3, 0x1d, 0x80, 0x9,
    0x50, 0x0, 0x7a, 0x1, 0xbc, 0x0, 0xdb, 0x57,
    0xa2, 0x6, 0xc0, 0x3, 0x30, 0xc, 0x80, 0x45,
    0x40, 0xb, 0x0, 0x58, 0x1, 0x80, 0x39, 0x4,
    0x8, 0xc0, 0xc0, 0x1a, 0x1, 0xe4, 0x0, 0x28,
    0x30, 0x1, 0x80, 0x3c, 0x40, 0xe, 0x0, 0xff,
    0xe2, 0x18, 0x7, 0xff, 0x0, 0x40, 0x3f, 0xf8,
    0x86, 0x1, 0xff, 0xc0, 0x10, 0x10, 0x3, 0x0,
    0x78, 0x80, 0x1c, 0xa, 0x0, 0xd0, 0xf, 0x38,
    0x1, 0x42, 0x80, 0xc, 0x1, 0xc8, 0x40, 0x26,
    0x6, 0x60, 0x19, 0x0, 0x86, 0x40, 0x12, 0x1,
    0x78, 0x1, 0xb6, 0x6b, 0x88, 0x9, 0xc0, 0x23,
    0xb0, 0x1, 0x32, 0x80, 0x50, 0x1, 0xc9, 0xcc,
    0x20, 0x2, 0x0, 0x52, 0x80, 0x70, 0xcf, 0x7f,
    0xb5, 0x80, 0x14, 0xe0, 0x1f, 0xe9, 0x80, 0x6,
    0x0, 0x7f, 0xcf, 0x4d, 0x60,

    /* U+0052 "R" */
    0x1f, 0xff, 0xb6, 0x48, 0x3, 0xfe, 0x26, 0xd8,
    0x0, 0xf4, 0x44, 0xe4, 0x0, 0x76, 0x0, 0xe7,
    0x7a, 0x35, 0x80, 0x10, 0x1, 0xfe, 0x90, 0x0,
    0x98, 0x7, 0xf8, 0xc0, 0xc, 0x1, 0xff, 0xc1,
    0x10, 0xf, 0xf1, 0x80, 0x18, 0x3, 0xfa, 0x80,
    0x6, 0x40, 0x19, 0xde, 0x8d, 0x50, 0x7, 0x80,
    0x74, 0x44, 0xe4, 0x3, 0x66, 0x1, 0xff, 0x62,
    0x0, 0x7b, 0xfe, 0x50, 0x5, 0x80, 0x7f, 0xa0,
    0x0, 0xc4, 0x1, 0xfc, 0x4a, 0x0, 0x80, 0xf,
    0xf4, 0x0, 0x14, 0x80, 0x3f, 0x89, 0x40, 0x12,
    0x1, 0xfe, 0x80, 0x2, 0x18, 0x7, 0xf1, 0x30,
    0x2, 0x0,

    /* U+0053 "S" */
    0x0, 0x8a, 0x77, 0xfd, 0xd4, 0x60, 0x1c, 0xfa,
    0xc4, 0x0, 0x15, 0xc9, 0x0, 0x96, 0x0, 0x4,
    0xee, 0x30, 0x3, 0x40, 0x2, 0x0, 0xf, 0xb1,
    0xc, 0xa0, 0x3, 0x88, 0x88, 0x1, 0x0, 0x19,
    0x50, 0x0, 0xe6, 0x1, 0xfd, 0xca, 0xa3, 0x21,
    0x0, 0x38, 0x7, 0x2d, 0x51, 0x42, 0x40, 0x11,
    0x68, 0x1, 0xf9, 0xd4, 0x0, 0x97, 0xd2, 0x60,
    0x1e, 0xaa, 0x8, 0x0, 0x5b, 0x2c, 0x80, 0x39,
    0x7a, 0x94, 0x2, 0x4c, 0x30, 0xf, 0x2d, 0x7c,
    0x88, 0xe, 0x80, 0x7f, 0x37, 0x88, 0xa, 0xc6,
    0xe9, 0x40, 0x38, 0x58, 0x1, 0x80, 0x44, 0xf0,
    0xf, 0xe1, 0xb0, 0x2, 0xa8, 0x3, 0x13, 0x0,
    0x34, 0xdc, 0x1, 0x59, 0xf, 0x5a, 0x20, 0x4a,
    0x10, 0xe0, 0x3, 0x78, 0x50, 0x1, 0xe0, 0x5,
    0x1a, 0xe4, 0x0, 0x14, 0x9c, 0x10,

    /* U+0054 "T" */
    0x6f, 0xff, 0xfe, 0x10, 0x7, 0xff, 0xd, 0x5d,
    0xf8, 0x40, 0xa, 0xef, 0xc7, 0x11, 0xca, 0x0,
    0xf8, 0x8e, 0x0, 0xff, 0xff, 0x80, 0x7f, 0xff,
    0xc0, 0x3f, 0xff, 0xe0,

    /* U+0055 "U" */
    0x5f, 0xf5, 0x80, 0x70, 0xff, 0xb8, 0x3, 0xff,
    0xfe, 0x1, 0xff, 0xe7, 0x30, 0xf, 0xfe, 0x88,
    0x80, 0x18, 0x3, 0x84, 0x0, 0x6a, 0x0, 0x21,
    0x0, 0xc8, 0x0, 0x71, 0x30, 0x4, 0x0, 0x45,
    0x20, 0xf, 0xf, 0x0, 0x36, 0x44, 0xe8, 0x81,
    0xa8, 0x1c, 0x80, 0xd, 0xd8, 0x0, 0x5a, 0x1,
    0x36, 0xa8, 0x80, 0xe, 0x34, 0x40,

    /* U+0056 "V" */
    0x3f, 0xf8, 0x40, 0x3d, 0x1f, 0xec, 0x31, 0x0,
    0x20, 0x7, 0x90, 0x0, 0x80, 0x80, 0xc, 0x0,
    0xf1, 0x80, 0x2c, 0x3c, 0x0, 0xe0, 0x1c, 0xa0,
    0x1, 0x30, 0x40, 0x0, 0x90, 0x6, 0xc0, 0x3,
    0x80, 0x5, 0x0, 0x8, 0x1, 0x90, 0x1, 0xa0,
    0x16, 0x0, 0x34, 0x2, 0x12, 0x0, 0x20, 0x4,
    0xa0, 0x4, 0x0, 0x9c, 0x0, 0x80, 0x18, 0x88,
    0x0, 0x30, 0x6, 0x0, 0x34, 0x3, 0x94, 0x0,
    0x80, 0x4, 0x0, 0x38, 0x7, 0x58, 0x2, 0xc0,
    0xc4, 0x8, 0x40, 0x38, 0xc4, 0xc, 0x10, 0x0,
    0xa0, 0x1f, 0x20, 0x1, 0x30, 0x1, 0x60, 0x1f,
    0x78, 0x3, 0x50, 0x4, 0xc0, 0x3e, 0x40, 0x3,
    0x0, 0x1c, 0x3, 0xf0, 0x98, 0x6, 0xc0, 0xf,
    0xeb, 0x0, 0xca, 0x1, 0xfc, 0xa0, 0x12, 0x0,
    0x7f, 0x88, 0x80, 0xd, 0x0, 0xe0,

    /* U+0057 "W" */
    0x5f, 0xf3, 0x80, 0x1b, 0xfc, 0x20, 0xb, 0xff,
    0x13, 0x0, 0x38, 0x1, 0xc0, 0x5, 0x0, 0x38,
    0x0, 0x88, 0x0, 0x20, 0x1, 0x80, 0x8, 0x0,
    0x40, 0x20, 0x20, 0x7, 0x0, 0x30, 0x3, 0xc0,
    0x2, 0x4, 0x0, 0x20, 0x20, 0x1, 0x0, 0x8,
    0x8, 0x0, 0xc0, 0x6, 0x1, 0x2, 0x0, 0x94,
    0x4, 0x0, 0x40, 0x2, 0x0, 0x13, 0x80, 0x42,
    0xc, 0x0, 0xe0, 0x7, 0x0, 0x4, 0x81, 0x0,
    0x6, 0x40, 0x5, 0x0, 0x10, 0x1, 0xb8, 0xc,
    0x81, 0xb8, 0x0, 0x40, 0x6, 0x0, 0x12, 0x87,
    0x38, 0x69, 0x80, 0x4, 0x0, 0x40, 0xf, 0x20,
    0x5d, 0x2, 0x60, 0x20, 0x8, 0x40, 0x8, 0x20,
    0x44, 0x7, 0x20, 0x60, 0xc, 0x40, 0x60, 0x22,
    0x70, 0x21, 0x2, 0x0, 0xcc, 0x1, 0x10, 0x10,
    0x6, 0xe0, 0xc, 0x40, 0x12, 0x80, 0x8, 0x2,
    0x20, 0xd, 0xc0, 0x17, 0x80, 0x18, 0x2, 0x60,
    0xc, 0x40, 0x11, 0x0, 0xc, 0x2, 0x20, 0xc,
    0xc0, 0x12, 0x80, 0x34, 0x2, 0x10, 0xc, 0x40,
    0x10, 0x80, 0x18, 0x0, 0x40, 0x10,

    /* U+0058 "X" */
    0xd, 0xff, 0x50, 0x7, 0xaf, 0xfd, 0xa0, 0x8,
    0x0, 0x29, 0x0, 0x64, 0x40, 0x2, 0x40, 0xa,
    0x60, 0x8, 0x0, 0xd0, 0x0, 0x44, 0x0, 0x5e,
    0x0, 0x53, 0x0, 0x21, 0x80, 0x24, 0x3, 0x1a,
    0x80, 0x20, 0x1, 0x20, 0x6, 0x20, 0xe, 0x80,
    0x2, 0x1a, 0x90, 0x2, 0x0, 0x3c, 0x4e, 0x0,
    0x88, 0x0, 0x20, 0x40, 0x3e, 0x81, 0x4, 0x20,
    0x27, 0x0, 0xfe, 0x80, 0xd, 0x0, 0x1f, 0xe7,
    0x0, 0xca, 0x1, 0xfe, 0x90, 0xc, 0xc0, 0x1f,
    0xc2, 0xe0, 0x1a, 0x4, 0x3, 0xf5, 0x80, 0x19,
    0x40, 0x64, 0x3, 0xe3, 0x50, 0x5, 0xc0, 0x1,
    0xc8, 0x3, 0xde, 0x0, 0x62, 0x22, 0x80, 0x20,
    0x3, 0x94, 0xc0, 0x10, 0x0, 0x80, 0x2, 0x98,
    0x6, 0x80, 0x3, 0x8, 0x0, 0x98, 0x1, 0xe0,
    0x13, 0x90, 0x2, 0x0, 0x34, 0x0, 0xd, 0x40,
    0x60, 0x0, 0xe2, 0x1, 0x85, 0x80, 0x16, 0x0,

    /* U+0059 "Y" */
    0x3f, 0xf8, 0xc0, 0x3d, 0x1f, 0xed, 0x3, 0x40,
    0x4, 0x80, 0x79, 0x80, 0x16, 0x0, 0x80, 0x2,
    0x88, 0x6, 0x61, 0x1, 0x60, 0x1, 0x98, 0x1,
    0x20, 0x1a, 0xc0, 0x12, 0x1, 0xa0, 0x0, 0xc0,
    0x12, 0x10, 0x1, 0xc0, 0x32, 0x10, 0xb, 0x0,
    0x3c, 0x0, 0xe0, 0x1e, 0x80, 0x5, 0x81, 0x20,
    0x2, 0x40, 0x3c, 0xa4, 0x4, 0x96, 0x0, 0x61,
    0x0, 0xfa, 0xc0, 0x1e, 0xc0, 0x8, 0x0, 0xfc,
    0xc2, 0x8, 0x0, 0x61, 0x0, 0xfe, 0x90, 0xd,
    0x60, 0x1f, 0xe7, 0x10, 0x2, 0x90, 0x7, 0xfc,
    0xa0, 0xf, 0x0, 0xff, 0xf0, 0x8, 0x7, 0xff,
    0xb4,

    /* U+005A "Z" */
    0xaf, 0xff, 0xfe, 0x0, 0x7, 0xff, 0xf, 0xdd,
    0xff, 0x8, 0x1, 0x41, 0x62, 0x3e, 0xc1, 0x0,
    0x58, 0x7, 0xf4, 0x80, 0x24, 0x40, 0x3f, 0x41,
    0x1, 0xb0, 0x7, 0xe3, 0x70, 0x7, 0x0, 0x7f,
    0x78, 0x1, 0xc8, 0x3, 0xf3, 0x18, 0x14, 0x0,
    0x7e, 0x19, 0x0, 0x48, 0x7, 0xf5, 0x80, 0x15,
    0x0, 0x3f, 0x2a, 0x80, 0x16, 0x1, 0xfd, 0x60,
    0x9, 0x10, 0xf, 0xd2, 0x20, 0x6c, 0x1, 0xf8,
    0xd8, 0x1, 0xc0, 0x1f, 0xdc, 0x0, 0x72, 0x0,
    0xfc, 0xe4, 0x1, 0x44, 0x7e, 0x2b, 0x0, 0x9d,
    0xff, 0x99, 0xc0, 0x3f, 0xf8, 0x20,

    /* U+005B "[" */
    0x46, 0x6c, 0x71, 0x33, 0xc0, 0x1f, 0xd9, 0xf4,
    0x1, 0xff, 0xff, 0x0, 0xff, 0xef, 0x5b, 0x18,
    0x4, 0xf3, 0x20, 0xf, 0x0,

    /* U+005C "\\" */
    0xdf, 0xf0, 0x7, 0xea, 0x0, 0x28, 0x7, 0xcc,
    0x0, 0xe0, 0xf, 0x85, 0x1, 0x4, 0x3, 0xee,
    0x0, 0x38, 0x7, 0xca, 0x0, 0xa0, 0xf, 0xca,
    0x6, 0x40, 0x1f, 0x70, 0x2, 0x80, 0x3e, 0x41,
    0x6, 0x0, 0xfc, 0xc0, 0x28, 0x1, 0xf5, 0x80,
    0x34, 0x3, 0xe3, 0x20, 0x60, 0xf, 0xd4, 0x0,
    0x50, 0xf, 0x98, 0x1, 0xc0, 0x1f, 0xa, 0x2,
    0x8, 0x7, 0xdc, 0x0, 0x70, 0xf, 0x94, 0x1,
    0x40, 0x1f, 0x94, 0xc, 0x80, 0x3e, 0xe0, 0x5,
    0x0, 0x7c, 0x82, 0xc, 0x0,

    /* U+005D "]" */
    0x56, 0x6c, 0x77, 0x33, 0xac, 0x3, 0xdd, 0xf0,
    0x1, 0xff, 0xff, 0x0, 0xff, 0xef, 0x2b, 0x68,
    0x5, 0x72, 0xa0, 0x1f, 0xc0,

    /* U+005E "^" */
    0x0, 0xcb, 0xfe, 0x30, 0xf, 0xd2, 0x0, 0xa0,
    0xf, 0x88, 0xc0, 0xc, 0x20, 0x1e, 0xa0, 0x30,
    0x3, 0x80, 0x79, 0x82, 0xd4, 0x2c, 0x3, 0x94,
    0x41, 0xb8, 0x8, 0xc0, 0x34, 0x82, 0xa, 0x10,
    0x48, 0x4, 0x46, 0x1c, 0x0, 0xa0, 0x51, 0x0,
    0x58, 0xa, 0x80, 0x18, 0x0, 0xc0, 0x6, 0x7,
    0x0, 0x85, 0x2, 0x80,

    /* U+005F "_" */
    0x6, 0x6f, 0xf8, 0xc6, 0x67, 0xfe, 0xb0, 0xf,
    0xfe, 0x8,

    /* U+0060 "`" */
    0x37, 0x73, 0x0, 0xe, 0xe2, 0x54, 0x1, 0xa4,
    0x16, 0x0, 0x1c, 0x21, 0x90,

    /* U+0061 "a" */
    0x0, 0x9a, 0xfb, 0xfd, 0x8e, 0x1, 0x87, 0x25,
    0x4, 0x0, 0x71, 0xc4, 0x0, 0xb3, 0x2, 0x8a,
    0x92, 0x1, 0xe0, 0x2, 0x8, 0xb1, 0xd5, 0xb4,
    0x40, 0xc8, 0x3b, 0xa1, 0x0, 0xca, 0x0, 0x60,
    0x9, 0x6b, 0x7b, 0xa4, 0x0, 0x8, 0xe, 0x52,
    0x90, 0x8c, 0x1, 0xd4, 0x60, 0x99, 0xff, 0x20,
    0x4, 0x48, 0x3, 0x66, 0x1, 0xf3, 0x80, 0x14,
    0x3, 0xf8, 0x40, 0xa, 0x20, 0x12, 0xa0, 0x4,
    0x82, 0x3, 0x90, 0xf7, 0x40, 0x1d, 0x40, 0x2,
    0x78, 0x40, 0x20, 0x1, 0x2, 0x6a, 0x88, 0xa,
    0xed, 0x80, 0x30,

    /* U+0062 "b" */
    0xff, 0x80, 0x3f, 0xfe, 0xa3, 0x1d, 0xfd, 0x46,
    0x1, 0xec, 0x71, 0x1, 0x5c, 0x40, 0xe, 0x23,
    0x76, 0x10, 0x5, 0x88, 0x6, 0x6c, 0x89, 0xf2,
    0x0, 0x30, 0x6, 0x80, 0x8, 0x60, 0x1, 0x60,
    0x18, 0x40, 0x32, 0x0, 0xc, 0x3, 0xf8, 0x40,
    0x3f, 0xf9, 0xa2, 0x1, 0xf0, 0x80, 0x64, 0x0,
    0x18, 0x6, 0x80, 0x8, 0x60, 0x1, 0x60, 0x19,
    0xb2, 0x21, 0xe4, 0x2, 0xc0, 0x10, 0x91, 0xbb,
    0x84, 0x1, 0x42, 0x1, 0x16, 0xb8, 0x80, 0xae,
    0x20, 0x0,

    /* U+0063 "c" */
    0x0, 0x86, 0x77, 0xfd, 0xb0, 0x20, 0x19, 0x39,
    0x88, 0x0, 0x4f, 0xe6, 0x0, 0x2b, 0x0, 0x1c,
    0x39, 0x0, 0xe8, 0x84, 0x80, 0x17, 0x1e, 0x35,
    0x0, 0x58, 0x50, 0x1, 0x60, 0x1b, 0xc0, 0x1a,
    0xa0, 0x3, 0x10, 0xc, 0x9d, 0xcb, 0x10, 0x3,
    0x0, 0x78, 0x46, 0x0, 0xff, 0xe0, 0x88, 0x1,
    0x80, 0x3f, 0x94, 0x0, 0x62, 0x1, 0x8b, 0x31,
    0x2, 0x80, 0x8, 0x0, 0xd0, 0x66, 0xf0, 0x90,
    0x3, 0x63, 0xc6, 0xa8, 0xb, 0x1, 0x58, 0x0,
    0xe1, 0xc8, 0x7, 0x44, 0x0, 0x9c, 0xe4, 0x0,
    0x28, 0xf3, 0x0,

    /* U+0064 "d" */
    0x0, 0xfe, 0x7f, 0xf4, 0x80, 0x7f, 0xfa, 0xd7,
    0x3f, 0xd8, 0xa0, 0x1e, 0x9a, 0x30, 0x1, 0xd5,
    0x0, 0x32, 0xb0, 0x0, 0xdd, 0x84, 0x80, 0x34,
    0x0, 0x1b, 0x22, 0x7c, 0x80, 0x22, 0x20, 0x2,
    0x40, 0x21, 0xa0, 0x9, 0xc0, 0x8, 0x1, 0xfc,
    0x60, 0x2, 0x0, 0xff, 0xe5, 0x18, 0x0, 0x80,
    0x3f, 0x9c, 0x0, 0x80, 0x1f, 0xc4, 0x40, 0x4,
    0x80, 0x43, 0x40, 0x1a, 0x0, 0xd, 0x91, 0x3e,
    0x40, 0x19, 0x58, 0x0, 0x6e, 0xc2, 0x40, 0x1d,
    0x34, 0x60, 0x3, 0xae, 0x0, 0x80,

    /* U+0065 "e" */
    0x0, 0xcf, 0x9f, 0xed, 0x81, 0x0, 0xe3, 0xe8,
    0x30, 0x1, 0x3f, 0x98, 0x4, 0x3a, 0x20, 0x4e,
    0xe2, 0x1, 0xd1, 0x0, 0x58, 0x82, 0xec, 0x43,
    0x54, 0x6, 0x40, 0x54, 0x1, 0x60, 0x1a, 0xc0,
    0xa, 0x8, 0x0, 0x27, 0x66, 0xce, 0x20, 0x40,
    0x60, 0x2, 0x99, 0xf0, 0x80, 0x4, 0x40, 0x1f,
    0xfc, 0x3, 0x20, 0x2, 0x7f, 0xff, 0x13, 0x80,
    0x10, 0x40, 0x3f, 0x89, 0x0, 0x1a, 0x20, 0x19,
    0x70, 0x40, 0x12, 0x0, 0x3e, 0x97, 0x8d, 0xa3,
    0xb0, 0x1, 0x60, 0x80, 0x1a, 0x1c, 0x80, 0xec,
    0x2, 0x3e, 0x83, 0x0, 0xa, 0x56, 0x8, 0x0,

    /* U+0066 "f" */
    0x0, 0xf0, 0xc6, 0xff, 0xbb, 0x14, 0x3, 0x8f,
    0xdc, 0x80, 0x2, 0x66, 0x0, 0xed, 0x10, 0x2,
    0xbb, 0x94, 0x80, 0x32, 0x88, 0xf, 0x54, 0x42,
    0x90, 0x3, 0x68, 0x1, 0x84, 0x3, 0xf8, 0x40,
    0x1e, 0x1, 0xe4, 0xff, 0x98, 0x1, 0x1f, 0xfa,
    0x40, 0x3f, 0xf8, 0x6b, 0x77, 0x20, 0x1, 0xae,
    0xf8, 0x5, 0x12, 0x20, 0x7, 0x22, 0x62, 0x0,
    0xff, 0xff, 0x80, 0x7f, 0xfd, 0x80,

    /* U+0067 "g" */
    0x0, 0x97, 0x3f, 0xda, 0xe5, 0xfe, 0xa0, 0x4,
    0x51, 0x80, 0xa, 0x3c, 0x3, 0x2b, 0x80, 0x9,
    0xd8, 0x48, 0x3, 0x40, 0x1, 0x76, 0x27, 0x8c,
    0x2, 0x22, 0x0, 0x2c, 0x3, 0x48, 0x4, 0xe0,
    0x3, 0x10, 0xf, 0xc6, 0x0, 0x60, 0xf, 0xfe,
    0x51, 0x80, 0x18, 0x3, 0xf9, 0xc0, 0x6, 0x20,
    0x1f, 0x88, 0xc0, 0x16, 0x1, 0xa4, 0x3, 0x40,
    0x1, 0x72, 0x27, 0x8c, 0x3, 0x23, 0x80, 0xd,
    0xd8, 0x48, 0x3, 0xa2, 0xcc, 0x0, 0x53, 0x60,
    0x1e, 0x4c, 0xff, 0x6b, 0x70, 0x0, 0x80, 0x12,
    0xc0, 0x18, 0x98, 0x1, 0x80, 0xcc, 0x9c, 0x77,
    0x4e, 0x88, 0x1a, 0x3, 0x98, 0x1c, 0x41, 0x80,
    0x5, 0xa0, 0x1, 0xca, 0x41, 0x1, 0x49, 0xd1,
    0x0,

    /* U+0068 "h" */
    0xf, 0xf8, 0x3, 0xff, 0xec, 0x97, 0xfe, 0xd7,
    0x0, 0xf3, 0x5a, 0x0, 0xa, 0x28, 0x3, 0xa4,
    0x9d, 0xc4, 0x0, 0x54, 0x0, 0xd1, 0xb1, 0xd,
    0x40, 0x7, 0x0, 0x67, 0x0, 0xde, 0x0, 0x60,
    0xf, 0xe6, 0x0, 0x8, 0x7, 0xff, 0xfc, 0x3,
    0xff, 0xa2,

    /* U+0069 "i" */
    0x0, 0xec, 0xf9, 0x0, 0xfc, 0xa6, 0xc, 0x1,
    0xf9, 0xc4, 0x20, 0x3, 0xf1, 0x77, 0xb8, 0x7,
    0xff, 0x11, 0x7f, 0xfe, 0x0, 0xff, 0xe2, 0x3b,
    0xe6, 0x0, 0xf8, 0xa2, 0x30, 0x7, 0xff, 0xfc,
    0x3, 0xff, 0x88, 0x51, 0x18, 0x2, 0x88, 0xce,
    0xf9, 0x80, 0x27, 0x7c, 0x1, 0xff, 0xc0,

    /* U+006A "j" */
    0x0, 0xe1, 0xdf, 0x80, 0xf, 0x31, 0x3, 0x80,
    0x78, 0xc0, 0x4, 0x1, 0xe4, 0xdb, 0xd0, 0xf,
    0x89, 0x0, 0x22, 0xff, 0xf6, 0x80, 0x7f, 0xf0,
    0xd, 0xde, 0x50, 0xe, 0x18, 0x8a, 0x40, 0x3f,
    0xff, 0xe0, 0x1f, 0xfd, 0x67, 0x0, 0x8, 0x7,
    0xbc, 0x0, 0xc0, 0x9, 0x89, 0xd4, 0x0, 0x70,
    0x13, 0x3b, 0x10, 0x1, 0xd0, 0x0, 0x20, 0x1,
    0x4b, 0x80, 0x0,

    /* U+006B "k" */
    0xff, 0x80, 0x3f, 0xff, 0x25, 0xdf, 0xe9, 0x0,
    0xf8, 0x70, 0x41, 0x64, 0x3, 0xc3, 0x82, 0x9,
    0x40, 0x1e, 0x1c, 0x20, 0x3b, 0x0, 0xf0, 0xe9,
    0x1, 0x68, 0x7, 0xd4, 0x60, 0x38, 0x20, 0x1f,
    0x20, 0x0, 0x48, 0x3, 0xff, 0x81, 0xa2, 0x1,
    0xf0, 0xe1, 0x0, 0xd0, 0x7, 0xd8, 0x7c, 0x0,
    0x47, 0x0, 0xf1, 0x1, 0xc0, 0x2, 0xc, 0x3,
    0xf3, 0xa0, 0x3, 0x44, 0x3, 0xf5, 0x8, 0xd,
    0x0, 0x7e, 0x1a, 0x0, 0x23, 0x80,

    /* U+006C "l" */
    0x7f, 0xff, 0x80, 0x3f, 0xf8, 0xc8, 0xef, 0x30,
    0x7, 0xe3, 0x88, 0xc0, 0x1f, 0xff, 0xf0, 0xf,
    0xff, 0xf8, 0x7, 0xff, 0x8, 0xe2, 0x30, 0x5,
    0x11, 0x85, 0x1d, 0xe6, 0x0, 0x9d, 0xf1, 0x80,
    0x7f, 0xf0, 0x40,

    /* U+006D "m" */
    0xff, 0x5a, 0x6f, 0xea, 0x36, 0xfe, 0xa0, 0x4,
    0xb6, 0x40, 0x57, 0x24, 0x5, 0x62, 0x0, 0x17,
    0xa1, 0x0, 0x25, 0x18, 0x1, 0x0, 0x5, 0xa,
    0x80, 0x9, 0x59, 0x0, 0x10, 0x7, 0x18, 0x7,
    0xff, 0xfc, 0x3, 0xff, 0xde,

    /* U+006E "n" */
    0xf, 0xf6, 0x2, 0x5f, 0xfb, 0x5c, 0x3, 0x85,
    0xed, 0x0, 0x5, 0x16, 0x1, 0x8a, 0x9, 0xdc,
    0x60, 0x4, 0x40, 0x6, 0x6d, 0x88, 0x62, 0x0,
    0x38, 0x3, 0x48, 0x6, 0xf0, 0x3, 0x0, 0x7f,
    0x38, 0x0, 0x40, 0x3f, 0xff, 0xe0, 0x1f, 0xfd,
    0x10,

    /* U+006F "o" */
    0x0, 0x8a, 0x7b, 0xfd, 0x8e, 0x1, 0xe6, 0xd6,
    0x10, 0x1, 0xc6, 0x90, 0x4, 0xb2, 0x0, 0x48,
    0x71, 0x2, 0xf0, 0xa, 0xc0, 0xf, 0x6f, 0x1e,
    0x40, 0x4e, 0x8, 0x20, 0x50, 0x1, 0xc, 0x0,
    0x28, 0xc, 0x0, 0x80, 0x1c, 0xa0, 0x2, 0xe,
    0x0, 0x70, 0x7, 0x84, 0x0, 0x40, 0x1f, 0xfc,
    0x2e, 0x0, 0x70, 0x7, 0x84, 0x0, 0x46, 0x0,
    0x40, 0xe, 0x40, 0x1, 0x2, 0x8, 0x13, 0x80,
    0x43, 0x20, 0xa, 0x0, 0x58, 0x2, 0x2d, 0xe3,
    0xc8, 0x9, 0xc0, 0xb, 0x20, 0x4, 0x87, 0x10,
    0x2f, 0x0, 0xcd, 0xac, 0x20, 0x3, 0x8d, 0x20,
    0x0,

    /* U+0070 "p" */
    0xff, 0x68, 0xcf, 0x7f, 0x51, 0x0, 0x62, 0xf6,
    0x10, 0x15, 0xd4, 0x0, 0xc2, 0x8e, 0xc0, 0x15,
    0x0, 0x68, 0xb8, 0x9d, 0x10, 0x16, 0x0, 0x9c,
    0x2, 0x29, 0x0, 0x68, 0x7, 0xe5, 0x0, 0x28,
    0x7, 0xe3, 0x0, 0x8, 0x7, 0xff, 0x20, 0xc0,
    0x2, 0x1, 0xf9, 0x40, 0xa, 0x1, 0x30, 0x4,
    0x32, 0x0, 0xd0, 0xa, 0x6d, 0xe3, 0xc4, 0x5,
    0x80, 0x21, 0x48, 0x71, 0x0, 0x68, 0x6, 0xf6,
    0x10, 0x15, 0xd3, 0x0, 0xc3, 0x3d, 0xfd, 0x44,
    0x1, 0xff, 0xe6,

    /* U+0071 "q" */
    0x0, 0x97, 0x3f, 0xd8, 0xc7, 0xfe, 0x90, 0x4,
    0xd1, 0x80, 0xe, 0x78, 0x3, 0x33, 0x0, 0x7,
    0xe, 0x24, 0x1, 0xac, 0x0, 0xb8, 0xf1, 0xc6,
    0x1, 0x11, 0x0, 0x16, 0x1, 0xac, 0x2, 0x70,
    0x2, 0x8, 0x7, 0xe3, 0x0, 0x8, 0x7, 0xff,
    0x28, 0xc0, 0x2, 0x1, 0xfc, 0xe0, 0x4, 0x0,
    0xfe, 0x22, 0x0, 0x24, 0x3, 0x58, 0x6, 0x80,
    0x3, 0x5b, 0xc6, 0x98, 0x6, 0x56, 0x0, 0x24,
    0x39, 0x8, 0x7, 0x4d, 0x18, 0x0, 0xea, 0x40,
    0x3c, 0xb9, 0xfe, 0xc5, 0x0, 0xff, 0xf6, 0x0,

    /* U+0072 "r" */
    0x2f, 0xf5, 0x81, 0x57, 0x7f, 0xb4, 0x2, 0x75,
    0xd5, 0x10, 0x0, 0x80, 0x47, 0x40, 0x1c, 0xc0,
    0x1c, 0xd9, 0xfe, 0xd8, 0x0, 0xd1, 0x26, 0x0,
    0x22, 0x0, 0x67, 0x0, 0xfe, 0x10, 0xf, 0xff,
    0xf8, 0x7, 0xf0,

    /* U+0073 "s" */
    0x0, 0x8e, 0xbb, 0xfd, 0xb4, 0x60, 0x1a, 0x31,
    0x44, 0x0, 0x4b, 0x90, 0x0, 0x47, 0x0, 0x3d,
    0x51, 0x80, 0xe, 0xa1, 0xc0, 0x9, 0x85, 0x54,
    0xc0, 0x3, 0x80, 0x3f, 0x9a, 0xed, 0x1, 0xe0,
    0x9, 0x92, 0x8, 0xa, 0x20, 0xc1, 0x60, 0x0,
    0xd7, 0xdc, 0x94, 0x0, 0xcf, 0xae, 0x40, 0x1,
    0x6b, 0xb0, 0x6, 0x28, 0xde, 0xb6, 0x0, 0x24,
    0x8c, 0x41, 0x80, 0x2, 0x93, 0x80, 0x7, 0x17,
    0x74, 0x90, 0x7, 0xc6, 0xe, 0x0, 0xc8, 0x54,
    0x7d, 0x0, 0x28, 0x42, 0x80, 0xbd, 0x5c, 0x8,
    0x24, 0x0, 0x2a, 0xd4, 0x40, 0x2, 0xb7, 0x60,

    /* U+0074 "t" */
    0x0, 0xcf, 0x10, 0x0, 0xff, 0x43, 0xb8, 0x40,
    0x3f, 0xfa, 0x6b, 0xff, 0x0, 0x5d, 0xff, 0x8c,
    0x3, 0xff, 0x82, 0x97, 0x70, 0x5, 0x57, 0x78,
    0x85, 0x12, 0x0, 0x91, 0x38, 0x40, 0x3f, 0xff,
    0xe0, 0x1f, 0x10, 0x1, 0x80, 0x3f, 0x94, 0x1,
    0x17, 0x13, 0x6e, 0x1, 0xa4, 0x80, 0x8, 0xec,
    0x9a, 0x1, 0x87, 0x18, 0x40, 0x4, 0xbc,

    /* U+0075 "u" */
    0xff, 0x84, 0x3, 0x2f, 0xfa, 0xc0, 0x3f, 0xff,
    0xe0, 0x1f, 0xc2, 0x1, 0xff, 0x18, 0x0, 0x80,
    0x3f, 0x38, 0x2, 0xc0, 0x21, 0x80, 0xb, 0x80,
    0xf, 0x51, 0x3e, 0x40, 0x12, 0x20, 0x0, 0xae,
    0xc3, 0x0, 0x1a, 0xe0, 0x80, 0x9, 0x8c, 0x1,
    0x0,

    /* U+0076 "v" */
    0xcf, 0xf2, 0x80, 0x7b, 0x3f, 0xcb, 0x20, 0xe,
    0x0, 0xe2, 0x30, 0x15, 0x50, 0x1, 0x4, 0x3,
    0x28, 0x1, 0xc0, 0xc, 0x0, 0x70, 0xd, 0x60,
    0xa, 0x0, 0x50, 0x3, 0x40, 0x21, 0x30, 0x33,
    0x0, 0xc, 0x81, 0x4, 0x0, 0xc0, 0xa, 0x0,
    0xd4, 0x0, 0x70, 0x5, 0x80, 0x1c, 0x3, 0x30,
    0x3, 0x40, 0x4c, 0x14, 0x40, 0x30, 0xa8, 0x20,
    0xb8, 0x3, 0x80, 0x3d, 0xc0, 0x7, 0xa0, 0x24,
    0x0, 0xf2, 0x8, 0x69, 0x85, 0x0, 0x7e, 0x60,
    0x40, 0x3, 0x0, 0x7e, 0x90, 0x9, 0x4, 0x3,
    0xf0, 0xa0, 0x3, 0x80, 0x38,

    /* U+0077 "w" */
    0x7f, 0xf2, 0x0, 0x17, 0xf4, 0x2, 0xcf, 0xf0,
    0x18, 0x0, 0x80, 0x18, 0x4, 0x20, 0x2, 0x3,
    0x5, 0x0, 0x78, 0x1, 0x40, 0xa, 0x2, 0x20,
    0x50, 0x11, 0x1, 0x0, 0xc, 0x0, 0x60, 0x40,
    0xf, 0x0, 0x28, 0x30, 0x10, 0x8, 0x60, 0x30,
    0x1, 0x40, 0x6, 0x4, 0x8, 0xe, 0xa, 0x4,
    0x0, 0x30, 0x6, 0x80, 0xb, 0xc3, 0x8, 0x45,
    0xa0, 0x40, 0x12, 0x0, 0x19, 0x41, 0x1c, 0x15,
    0x81, 0xc0, 0x21, 0x10, 0x19, 0x84, 0x58, 0x18,
    0x41, 0xa0, 0x19, 0x42, 0xc1, 0x1, 0x1, 0x4,
    0xc, 0x3, 0x18, 0x18, 0x68, 0x10, 0x18, 0x1,
    0x40, 0x36, 0x80, 0x48, 0x0, 0x40, 0x0, 0x88,
    0x3, 0x38, 0x4, 0x60, 0x3, 0x0, 0x28, 0x7,
    0x10, 0x0, 0xc0, 0x2c, 0x0, 0x18, 0x4,

    /* U+0078 "x" */
    0x4f, 0xf8, 0x80, 0x31, 0x7f, 0xc8, 0x87, 0x0,
    0x70, 0x6, 0xe0, 0x3, 0x20, 0x41, 0x1, 0xc0,
    0x1, 0xcc, 0xa, 0x40, 0x2f, 0x0, 0x39, 0x9a,
    0x0, 0x1c, 0x1, 0x8a, 0x0, 0x1d, 0xc0, 0x3,
    0x98, 0x7, 0x3a, 0x1, 0x10, 0xe, 0x0, 0x3e,
    0xa0, 0xd, 0xc0, 0x1f, 0x88, 0x3, 0x30, 0x7,
    0xee, 0x0, 0xd4, 0x20, 0x1e, 0x92, 0x4, 0x40,
    0xd, 0x80, 0x72, 0x30, 0x2, 0xa8, 0x20, 0xaa,
    0x0, 0x86, 0x80, 0x14, 0x22, 0xa0, 0x5, 0x8,
    0x2, 0x84, 0x15, 0x40, 0x4, 0x60, 0x5, 0x3,
    0x20, 0xd, 0x80, 0x69, 0x20, 0x47,

    /* U+0079 "y" */
    0x1f, 0xf9, 0x0, 0x3c, 0xbf, 0xf0, 0xb, 0x0,
    0x3c, 0x3, 0xdc, 0x0, 0x70, 0x5, 0x80, 0x10,
    0x80, 0x31, 0x20, 0x2, 0x40, 0x4, 0xa0, 0xa,
    0x0, 0xd4, 0x0, 0x51, 0x0, 0xa4, 0x0, 0xc0,
    0x19, 0x80, 0x12, 0x1, 0x8c, 0xc0, 0x2a, 0x0,
    0x51, 0x3, 0x30, 0x7, 0x40, 0x2, 0x40, 0x1c,
    0x0, 0x80, 0xf, 0x21, 0x1, 0x91, 0x10, 0x9,
    0x0, 0x3e, 0xb0, 0x5, 0xd0, 0x2, 0xc0, 0x3f,
    0x30, 0x83, 0xb0, 0xb, 0x0, 0x7f, 0x48, 0x8,
    0x81, 0x80, 0x3f, 0xcc, 0x1, 0xa4, 0x3, 0xfc,
    0x2c, 0x0, 0x51, 0x0, 0xff, 0x88, 0x1, 0x0,
    0x1f, 0xf2, 0x20, 0x10, 0x80, 0x3f, 0xc3, 0x20,
    0xf, 0x0, 0xfe, 0x59, 0xc2, 0x3, 0x40, 0xf,
    0xee, 0x62, 0x1, 0xe0, 0xf, 0xfe, 0x0, 0xb7,
    0x90, 0x7, 0xe0,

    /* U+007A "z" */
    0x2f, 0xff, 0xfb, 0x0, 0x3f, 0xf8, 0x65, 0x11,
    0xf1, 0x80, 0x50, 0x0, 0x77, 0xf2, 0x18, 0x2,
    0x10, 0x3, 0xe2, 0xd0, 0x2, 0xb8, 0x7, 0xef,
    0x10, 0x3a, 0x0, 0xfd, 0x64, 0x3, 0xa0, 0x1f,
    0xa1, 0x0, 0x1a, 0x20, 0x1f, 0x2b, 0x80, 0x28,
    0xc0, 0x3e, 0x3a, 0x0, 0x42, 0x80, 0x7c, 0x3a,
    0x0, 0x57, 0x0, 0xfd, 0xa2, 0x0, 0xd7, 0x7f,
    0x85, 0xc, 0x2, 0x88, 0xfc, 0x60, 0x1f, 0xfc,
    0x20,

    /* U+007B "{" */
    0x0, 0xe3, 0xbf, 0x30, 0xc, 0x78, 0x82, 0xc0,
    0x1b, 0x80, 0xbd, 0x40, 0x24, 0x20, 0xb1, 0x0,
    0xd8, 0x0, 0x50, 0xe, 0x20, 0xf, 0xfe, 0x88,
    0x80, 0x73, 0x0, 0x8, 0x3, 0x19, 0x81, 0x0,
    0x24, 0x7d, 0x1, 0x90, 0xa, 0xe0, 0x4f, 0x8,
    0x3, 0xc6, 0x80, 0x1b, 0xf0, 0xc2, 0x58, 0x3,
    0x1e, 0x0, 0x20, 0x3, 0xc8, 0x2, 0x40, 0x1c,
    0x20, 0x1, 0x0, 0xff, 0xe5, 0x90, 0x1, 0xc0,
    0x3b, 0x0, 0x6, 0x1, 0xc8, 0x41, 0x24, 0x1,
    0xdc, 0x3, 0xaa, 0x1, 0x8f, 0x50, 0x18,

    /* U+007C "|" */
    0x3f, 0xe0, 0xf, 0xff, 0xc8,

    /* U+007D "}" */
    0x9e, 0x90, 0xf, 0x85, 0xb0, 0x3, 0xa6, 0xc0,
    0xe0, 0x3, 0x91, 0x0, 0xc0, 0x1e, 0x20, 0x13,
    0x0, 0xe1, 0x0, 0x30, 0x7, 0xff, 0x2f, 0xc0,
    0x3f, 0x8, 0x0, 0x80, 0x39, 0xc0, 0x14, 0x1,
    0xc3, 0x0, 0x58, 0xc4, 0x1, 0x3c, 0x89, 0xcc,
    0x0, 0x6c, 0x10, 0xf, 0x5a, 0x83, 0xf5, 0x0,
    0xd, 0x1, 0x60, 0x40, 0x24, 0x0, 0x60, 0x7,
    0x78, 0x0, 0xc0, 0x3f, 0xf9, 0x62, 0x0, 0x60,
    0xe, 0x40, 0x1, 0x80, 0x66, 0x20, 0x70, 0xd,
    0x52, 0x7, 0x0, 0x18, 0xc5, 0xf0, 0x3, 0x80,

    /* U+007E "~" */
    0x0, 0xb, 0xc3, 0x8, 0x7, 0xf2, 0x74, 0x3c,
    0xf3, 0x0, 0x66, 0xd8, 0xa, 0x0, 0xe9, 0x90,
    0x5, 0x44, 0x2a, 0x21, 0x5f, 0x64, 0xd, 0xb3,
    0x86, 0x1b, 0xa0, 0x55, 0x2, 0x6a, 0x1, 0x31,
    0x82, 0x22, 0x36, 0x0, 0x35, 0xc9, 0x80, 0xb5,
    0x80,

    /* U+00A0 " " */

    /* U+00A1 "¡" */
    0x4e, 0xe2, 0x40, 0x8a, 0x14, 0x0, 0xd3, 0x55,
    0x2, 0xa8, 0x3, 0x84, 0xcc, 0x2d, 0x98, 0x70,
    0x8, 0x40, 0x3f, 0xf8, 0x1e, 0x1, 0xff, 0xc2,
    0xf0, 0xf, 0xfe, 0x0,

    /* U+00A2 "¢" */
    0x0, 0xe2, 0xff, 0x20, 0x7, 0xff, 0x28, 0x40,
    0x2, 0x1, 0xf1, 0xde, 0x0, 0x2b, 0x54, 0x3,
    0x26, 0x20, 0x6, 0x2a, 0x80, 0x0, 0xd8, 0x1,
    0x6f, 0x1c, 0x0, 0xe8, 0x12, 0x0, 0x5a, 0x43,
    0x89, 0x0, 0x78, 0x30, 0x2, 0x40, 0x33, 0x0,
    0x18, 0x44, 0x0, 0x30, 0xe, 0xff, 0x69, 0x80,
    0x8, 0x3, 0xff, 0x80, 0x60, 0x1f, 0xc6, 0x0,
    0x10, 0xf, 0xe1, 0x20, 0x1, 0x80, 0x75, 0x5c,
    0x82, 0x80, 0x20, 0x3, 0x2a, 0x90, 0x82, 0x44,
    0x12, 0xd5, 0x53, 0x40, 0xf, 0x1, 0xd1, 0x4,
    0xaa, 0x30, 0x2, 0x10, 0x0, 0x7e, 0xc0, 0x19,
    0x31, 0xc0, 0x30, 0xce, 0x80, 0x2e, 0xc6, 0x1,
    0xff, 0xd0,

    /* U+00A3 "£" */
    0x0, 0xe7, 0xdf, 0xf6, 0xc0, 0x80, 0x71, 0x6c,
    0x10, 0x0, 0x9f, 0xcc, 0x3, 0x71, 0x0, 0xbb,
    0x84, 0x7, 0x80, 0x24, 0x30, 0x1f, 0x88, 0x78,
    0x81, 0x20, 0x3, 0x0, 0xe, 0x20, 0x1, 0x60,
    0x1, 0x80, 0x8, 0x1, 0xe0, 0x1a, 0x6e, 0xca,
    0x1, 0xfe, 0x14, 0x41, 0x0, 0xc, 0x0, 0x20,
    0x1f, 0xfc, 0x1f, 0x0, 0xfd, 0x1e, 0xc0, 0x7,
    0xff, 0xa0, 0x3, 0xff, 0x8d, 0x70, 0x80, 0x3,
    0x88, 0xac, 0x3, 0x1b, 0xe0, 0x1, 0x9d, 0xe3,
    0x0, 0xf0, 0x80, 0x7f, 0xf1, 0xc, 0x3, 0xfd,
    0xe0, 0xf, 0x0, 0xfc, 0x70, 0xc0, 0xe, 0x77,
    0xf9, 0x6d, 0xc0, 0x27, 0x88, 0xfa, 0x40, 0x3f,
    0xf8, 0x40,

    /* U+00A4 "¤" */
    0x4, 0x20, 0x1, 0x22, 0x4, 0x0, 0x86, 0x9,
    0x78, 0xb9, 0xb7, 0x6e, 0xb5, 0xbd, 0x33, 0x0,
    0xd1, 0x80, 0x64, 0xa0, 0x17, 0x73, 0x0, 0xa,
    0xff, 0xa4, 0x40, 0x12, 0x80, 0xa0, 0x5a, 0x80,
    0x2d, 0x80, 0xf, 0x2, 0x30, 0x90, 0xe, 0x28,
    0x7, 0x7, 0x0, 0x20, 0x7, 0x90, 0x4, 0x8c,
    0x4, 0x3, 0xe1, 0x0, 0x88, 0x4, 0x3, 0xe6,
    0x0, 0x1a, 0x80, 0x18, 0x3, 0xdc, 0x4, 0x22,
    0x50, 0x93, 0x0, 0xcc, 0xa1, 0x40, 0x48, 0x0,
    0xc9, 0x55, 0x54, 0x80, 0x28, 0x6c, 0x40, 0x41,
    0xaa, 0x8a, 0x2, 0x4, 0xf2, 0xb1, 0xce, 0x40,
    0x3, 0x9e, 0x67, 0x60, 0xa7, 0x8, 0xdf, 0xf6,
    0x30, 0x4c, 0x0,

    /* U+00A5 "¥" */
    0x6f, 0xf7, 0x0, 0x7c, 0x7f, 0xf1, 0x30, 0x80,
    0xb8, 0x7, 0xa0, 0x0, 0xa4, 0x10, 0x0, 0x90,
    0xe, 0x24, 0x0, 0x40, 0x1, 0x88, 0x5, 0x40,
    0x34, 0x0, 0x18, 0x80, 0x2b, 0x0, 0x48, 0x4,
    0x2a, 0x0, 0xb0, 0xc, 0xc4, 0x6, 0x80, 0x9,
    0x0, 0x31, 0x0, 0x75, 0x80, 0x3c, 0x0, 0xe0,
    0xb, 0x0, 0xf3, 0x10, 0x21, 0xb8, 0x1, 0x88,
    0x3, 0xe8, 0x0, 0x4c, 0x80, 0x10, 0x1, 0xf9,
    0x48, 0x14, 0x41, 0x84, 0x3, 0x93, 0xfe, 0x20,
    0xc, 0xdf, 0xed, 0x0, 0x9c, 0x8b, 0x0, 0x42,
    0x45, 0x30, 0x4, 0x7b, 0xb9, 0x0, 0x17, 0xbb,
    0x58, 0x4, 0x7b, 0xb9, 0x0, 0x17, 0xbb, 0x58,
    0x4, 0xe4, 0x58, 0x2, 0x12, 0x29, 0x80, 0x24,
    0xff, 0xc8, 0x0, 0xaf, 0xfb, 0x40, 0x3f, 0xfc,
    0xc0,

    /* U+00A6 "¦" */
    0xaf, 0xf1, 0x0, 0x7f, 0xf5, 0x31, 0x54, 0x6d,
    0x54, 0x10, 0x11, 0x5, 0x77, 0x8, 0x3, 0xff,
    0xb0,

    /* U+00A7 "§" */
    0x0, 0x96, 0xbb, 0xfd, 0xd4, 0xa0, 0x18, 0x72,
    0x94, 0x40, 0x2, 0xb5, 0x60, 0x16, 0x98, 0x1,
    0x62, 0x8, 0x0, 0x4a, 0x4, 0x30, 0x6, 0xd3,
    0xba, 0xe8, 0x0, 0xa4, 0x40, 0x2, 0x90, 0x6,
    0x53, 0x0, 0x39, 0x80, 0x1c, 0x3, 0xdf, 0x54,
    0x74, 0x0, 0x16, 0x20, 0x6, 0x35, 0x51, 0xc,
    0x80, 0xe, 0xfa, 0x98, 0x40, 0x38, 0x84, 0x2,
    0x15, 0x9e, 0xa3, 0x0, 0x1d, 0x88, 0xa5, 0x88,
    0x2, 0x5c, 0x70, 0x80, 0x5, 0xb4, 0xee, 0x9c,
    0x40, 0x10, 0x6c, 0x0, 0x60, 0x8, 0xa3, 0xcc,
    0x1, 0x4c, 0x0, 0xa0, 0xe, 0x19, 0x0, 0x1e,
    0x80, 0x1b, 0x14, 0x40, 0x22, 0x0, 0x13, 0x30,
    0x0, 0x75, 0xd8, 0xed, 0x0, 0xa, 0x9, 0xa2,
    0x0, 0x8e, 0x24, 0x7, 0x8, 0x0, 0xbb, 0x90,
    0x60, 0x18, 0x40, 0x3c, 0x6f, 0x9d, 0x2, 0x0,
    0xe0, 0x44, 0x80, 0x30, 0xbf, 0x80, 0x8, 0x93,
    0x76, 0x30, 0xe, 0x12, 0x0, 0xa, 0x0, 0x3c,
    0x40, 0x31, 0x90, 0x0, 0xac, 0x0, 0x7f, 0x4f,
    0x17, 0x80, 0x4, 0x12, 0xb1, 0x1, 0x58, 0x74,
    0x0, 0x1d, 0x0, 0x13, 0xe0, 0xc4, 0x0, 0x2b,
    0x58, 0x20,

    /* U+00A8 "¨" */
    0x2d, 0xe3, 0x0, 0x27, 0x69, 0x29, 0xc, 0x80,
    0x38, 0x49, 0x54, 0x22, 0xe0, 0x7, 0x1, 0x28,

    /* U+00A9 "©" */
    0x0, 0x86, 0x37, 0xfd, 0x8e, 0x1, 0xe4, 0xe3,
    0x8c, 0xc5, 0x53, 0x8c, 0x2, 0x4b, 0xab, 0x53,
    0x33, 0x6b, 0x69, 0x0, 0x2a, 0x54, 0xf3, 0xfd,
    0x43, 0xf, 0x20, 0xc6, 0xc3, 0xaf, 0x74, 0x96,
    0x10, 0x87, 0xb4, 0xe, 0x34, 0x8b, 0x2e, 0x2,
    0x88, 0x63, 0xe, 0x11, 0x0, 0x1f, 0x40, 0x7,
    0xa0, 0x1f, 0xfc, 0x26, 0x30, 0xf1, 0x0, 0x96,
    0x80, 0x4, 0x4c, 0xb0, 0x50, 0x91, 0x28, 0x10,
    0x2, 0xdb, 0x1a, 0x15, 0x37, 0x68, 0x48, 0x41,
    0x98, 0x66, 0x8d, 0x7f, 0x37, 0x44, 0xaf, 0xe0,
    0x6, 0x9c, 0x82, 0x32, 0x3a, 0xa5, 0x98, 0x4,
    0xf8, 0x7b, 0xfe, 0xc0, 0xd4, 0x0, 0xe3, 0xbf,
    0xde, 0xfa, 0x20, 0x8,

    /* U+00AA "ª" */
    0x0, 0x2e, 0x7f, 0xac, 0x80, 0xd, 0x46, 0x22,
    0x4c, 0x10, 0xb0, 0x8e, 0xe1, 0xb, 0x4, 0x41,
    0x80, 0xa, 0x1c, 0xa, 0xe2, 0x22, 0x10, 0x30,
    0x4c, 0xfe, 0xd6, 0x0, 0x15, 0x9a, 0xd5, 0x14,
    0x0, 0x80, 0x74, 0xaa, 0x20, 0xc, 0x20, 0x3,
    0x60, 0x2, 0x1, 0x76, 0xe0, 0x80, 0x95, 0x90,
    0x9b, 0xd0, 0x30,

    /* U+00AB "«" */
    0x0, 0xc4, 0x40, 0x8, 0x84, 0x2, 0x5d, 0xf0,
    0x5, 0xeb, 0x80, 0x6, 0xc3, 0x81, 0xd0, 0xd8,
    0x1, 0xa2, 0xc6, 0x68, 0xf, 0x0, 0x41, 0x8c,
    0xe, 0x83, 0x98, 0x23, 0x85, 0x8d, 0x8, 0xa0,
    0x0, 0xc0, 0x2, 0x2, 0x0, 0x8, 0x0, 0xa4,
    0x20, 0x64, 0x86, 0xc0, 0x26, 0x50, 0xa0, 0xf0,
    0x54, 0x0, 0xac, 0x51, 0x5, 0x41, 0x20, 0x10,
    0xe8, 0x50, 0x2a, 0x8a, 0x0,

    /* U+00AC "¬" */
    0x12, 0x2f, 0xe1, 0xbd, 0xdf, 0xee, 0x0, 0xff,
    0xab, 0xff, 0xe7, 0x0, 0xff, 0xea, 0x63, 0xc0,

    /* U+00AD "­" */
    0x57, 0x7f, 0xe3, 0x98, 0x8f, 0xe4, 0x0, 0xff,
    0x80,

    /* U+00AE "®" */
    0x0, 0x86, 0x37, 0xfd, 0x8e, 0x1, 0xe5, 0xe3,
    0x8c, 0xc5, 0x53, 0x48, 0x2, 0x4a, 0xa5, 0xa9,
    0x99, 0xb5, 0x70, 0x40, 0x15, 0x2b, 0xdf, 0xf5,
    0xc, 0x25, 0x3, 0x13, 0x0, 0x1b, 0x29, 0x20,
    0x2d, 0xb, 0x6c, 0x2, 0xe3, 0x57, 0x50, 0x14,
    0x56, 0x30, 0xe, 0x24, 0x50, 0x1, 0xf0, 0x7,
    0x47, 0xea, 0x48, 0x6, 0x62, 0x0, 0x9b, 0x8,
    0x40, 0x22, 0xec, 0xd0, 0xb, 0x8e, 0x1c, 0x40,
    0xa, 0x8c, 0x88, 0x0, 0xca, 0x70, 0x10, 0x66,
    0x19, 0xa3, 0xc6, 0x0, 0x6d, 0xb3, 0xf8, 0x1,
    0x99, 0x94, 0x60, 0x5, 0x99, 0x59, 0x80, 0x51,
    0x87, 0xbf, 0xeb, 0x2e, 0x40, 0xe, 0x3b, 0xfd,
    0xd7, 0xc8, 0x80, 0x40,

    /* U+00AF "¯" */
    0x9f, 0xff, 0xd0, 0x60, 0x1f, 0x84,

    /* U+00B0 "°" */
    0x0, 0x35, 0xd9, 0x0, 0x2a, 0x94, 0x45, 0xb0,
    0x1a, 0xa7, 0x68, 0xc8, 0x28, 0x70, 0x93, 0x81,
    0x18, 0x60, 0x1, 0x40, 0xd4, 0x9b, 0x78, 0xd8,
    0x43, 0x14, 0x81, 0xe4, 0x0,

    /* U+00B1 "±" */
    0x0, 0xe2, 0x44, 0x0, 0x7f, 0xaa, 0xec, 0x40,
    0x1f, 0xfe, 0x8, 0x8c, 0x80, 0xb, 0x88, 0x90,
    0x5d, 0xf1, 0x80, 0x19, 0xde, 0xc0, 0xf, 0xfe,
    0x8, 0xff, 0xe7, 0x0, 0x6f, 0xfd, 0x0, 0x1f,
    0xfe, 0xd8, 0xff, 0x10, 0x7, 0x2b, 0xbf, 0xf8,
    0x1, 0xd1, 0x1f, 0xe1, 0x0, 0xff, 0xe0, 0x80,

    /* U+00B2 "²" */
    0x0, 0x36, 0xff, 0xac, 0x80, 0xd, 0x24, 0x20,
    0x98, 0x21, 0x0, 0xdd, 0xc0, 0x17, 0x7, 0x6b,
    0x1, 0x20, 0xe0, 0x99, 0x10, 0x21, 0x6, 0x80,
    0x62, 0xa0, 0x35, 0x0, 0x8b, 0x4, 0xb4, 0x2,
    0x2c, 0x12, 0xc1, 0x0, 0xf, 0x89, 0xe0, 0x80,
    0x5a, 0x40, 0x59, 0xba, 0xb0, 0x20, 0x0, 0x91,
    0x4c,

    /* U+00B3 "³" */
    0x0, 0x36, 0xff, 0xac, 0xc0, 0xf, 0x24, 0x20,
    0x98, 0x41, 0x20, 0xdd, 0xc1, 0xa, 0xf, 0xd9,
    0x1, 0x50, 0x10, 0x12, 0x0, 0x1a, 0x6, 0x0,
    0x4d, 0xf8, 0x10, 0xa0, 0x12, 0xb2, 0x4, 0x20,
    0x4, 0x73, 0x6c, 0x1e, 0x1f, 0xe7, 0x0, 0x10,
    0x38, 0x28, 0x47, 0x7a, 0x4, 0x85, 0x41, 0x8,
    0x25, 0xa8,

    /* U+00B4 "´" */
    0x0, 0x34, 0x41, 0x1, 0x65, 0xd1, 0x3, 0x60,
    0x78, 0x16, 0x27, 0x80, 0x0,

    /* U+00B5 "µ" */
    0xbf, 0xf2, 0x80, 0x63, 0xff, 0x68, 0x7, 0xff,
    0xfc, 0x3, 0xff, 0x98, 0x40, 0x1f, 0xf5, 0x80,
    0x69, 0x0, 0xf1, 0xe4, 0x43, 0x54, 0x3, 0xe3,
    0x77, 0x10, 0x7, 0xc8, 0x40, 0x4, 0xd0, 0xf,
    0x76, 0xff, 0xac, 0xbf, 0xda, 0x1, 0xff, 0xe4,

    /* U+00B6 "¶" */
    0x0, 0x8a, 0x77, 0xff, 0x50, 0x1, 0xf5, 0x88,
    0x3, 0xcb, 0x0, 0x1f, 0xd0, 0x1, 0xfc, 0x44,
    0x0, 0xfe, 0x60, 0xf, 0xfe, 0x4a, 0x80, 0x7f,
    0x84, 0xc0, 0x3f, 0xd0, 0x1, 0xfe, 0x4a, 0x0,
    0xff, 0x2f, 0x39, 0x90, 0x80, 0x78, 0x63, 0x37,
    0x80, 0x3f, 0xff, 0x20,

    /* U+00B7 "·" */
    0x4, 0x50, 0x7b, 0xaa, 0x68, 0x1, 0xe4, 0x42,
    0x0,

    /* U+00B8 "¸" */
    0x7, 0x82, 0x0, 0x14, 0x3f, 0x20, 0x16, 0x21,
    0xd8, 0x0, 0xcc, 0x0, 0x11, 0x6b, 0x81, 0x88,
    0x88, 0x8f, 0x80,

    /* U+00B9 "¹" */
    0x0, 0x92, 0xb0, 0x2b, 0xed, 0x44, 0x14, 0x4,
    0x2, 0xcf, 0x90, 0x8, 0xc0, 0x3f, 0xfa, 0xc0,

    /* U+00BA "º" */
    0x0, 0x36, 0xff, 0xa8, 0x80, 0x28, 0x92, 0x10,
    0x5d, 0x20, 0x27, 0xb, 0xef, 0x40, 0x90, 0x50,
    0x44, 0x0, 0x24, 0x10, 0x38, 0x8, 0x2, 0x20,
    0x1, 0x0, 0x7f, 0xf2, 0x38, 0x8, 0x2, 0x20,
    0x1, 0x28, 0x22, 0x0, 0x10, 0x8, 0x4, 0xe1,
    0x7b, 0xca, 0x12, 0x0, 0x89, 0x22, 0xa, 0x69,
    0x0,

    /* U+00BB "»" */
    0x2, 0x20, 0x4, 0x42, 0x1, 0xd1, 0xb0, 0x3,
    0x9c, 0x40, 0x1a, 0xc5, 0xd0, 0x60, 0x3c, 0x3,
    0xc, 0x5, 0xb, 0x19, 0x48, 0x6, 0x63, 0x1a,
    0xe, 0x6, 0x50, 0xd, 0xc0, 0x8e, 0x4e, 0x14,
    0x40, 0x13, 0x0, 0x8, 0x8, 0x4, 0xc0, 0x29,
    0x5, 0x52, 0x28, 0x50, 0x80, 0x20, 0x89, 0x41,
    0x20, 0xe8, 0x0, 0x27, 0xf, 0x7, 0x23, 0x80,
    0xa, 0x42, 0x48, 0x90, 0x3a, 0x1, 0x0,

    /* U+00BC "¼" */
    0x0, 0x85, 0x40, 0x3f, 0xe6, 0xbe, 0xa1, 0x0,
    0xfe, 0x49, 0x40, 0xf, 0xfe, 0x3, 0x57, 0x0,
    0x7d, 0x2, 0x1, 0x12, 0x88, 0x7, 0x9d, 0xd2,
    0x1, 0xff, 0xc, 0x4, 0x80, 0x7f, 0xd0, 0x10,
    0x20, 0x1f, 0xe2, 0x61, 0x70, 0xf, 0xfa, 0x2,
    0x0, 0x3f, 0x43, 0x89, 0xa9, 0x30, 0x7, 0xe7,
    0x80, 0xf0, 0x90, 0x6, 0x7d, 0x80, 0x79, 0x4d,
    0x10, 0x10, 0x60, 0x1f, 0xa0, 0x20, 0x11, 0xc4,
    0x3, 0xe6, 0x25, 0x31, 0xa2, 0x90, 0xf, 0xa0,
    0x2c, 0x28, 0x7c, 0x40, 0x3e, 0x77, 0xb, 0x20,
    0xcd, 0x82, 0xc8, 0x6, 0x98, 0xe, 0x1, 0x42,
    0x1, 0x40, 0xf, 0xa3, 0xfe, 0x90, 0x4d, 0x0,
    0xff, 0xe1, 0x80,

    /* U+00BD "½" */
    0x0, 0x89, 0x40, 0x3f, 0xe2, 0x8d, 0xd7, 0x0,
    0x7f, 0xd0, 0xe4, 0x1, 0xff, 0xc1, 0xec, 0xa0,
    0xf, 0x39, 0x0, 0x72, 0x18, 0x7, 0x92, 0x24,
    0x3, 0xff, 0x83, 0x21, 0x0, 0x1f, 0xfc, 0x6,
    0x25, 0x30, 0xf, 0xfe, 0x4, 0x4, 0x0, 0x7f,
    0xf0, 0x1c, 0x58, 0x80, 0x3f, 0x3b, 0xb8, 0x64,
    0x20, 0x3, 0xf8, 0xa1, 0x64, 0x60, 0x63, 0xbf,
    0xa0, 0x3, 0xc2, 0xe2, 0xf2, 0xe2, 0x82, 0xf0,
    0x1, 0xd0, 0x10, 0xc, 0x19, 0x74, 0xa, 0x1,
    0x89, 0x89, 0x83, 0xfc, 0x61, 0xa0, 0xc0, 0x1a,
    0x42, 0x0, 0x39, 0x9c, 0x24, 0x3, 0x9, 0xa8,
    0x6, 0x79, 0x1c, 0x20, 0xd, 0x58, 0x1, 0xa6,
    0xf, 0xcc, 0x3, 0xfd, 0x4c, 0xf, 0x75, 0x41,
    0x0, 0xfc, 0xe0, 0x4, 0x55, 0x8c,

    /* U+00BE "¾" */
    0x1, 0x7a, 0xa3, 0x88, 0x7, 0xf0, 0xfc, 0x2a,
    0xa3, 0xc4, 0x3, 0xf2, 0x92, 0xf7, 0xc, 0x5c,
    0x3, 0xf2, 0x65, 0x19, 0x8, 0x28, 0x0, 0x71,
    0x0, 0x38, 0x77, 0xa, 0x4c, 0x1, 0x6, 0x20,
    0x1c, 0x35, 0x23, 0x26, 0x4, 0xc4, 0xa0, 0x11,
    0x19, 0x2b, 0x30, 0x28, 0x20, 0x24, 0x3, 0x2e,
    0x78, 0x89, 0x3, 0x8d, 0x4d, 0x0, 0x33, 0x11,
    0x3b, 0x86, 0x4d, 0xe1, 0xe0, 0x1c, 0x3b, 0xa,
    0xa9, 0xd5, 0x34, 0x30, 0xf, 0x9e, 0xa8, 0xc1,
    0x21, 0x20, 0x9f, 0xe3, 0x0, 0xf9, 0x49, 0x48,
    0x68, 0x3, 0xfd, 0x1, 0x1, 0x42, 0x1, 0xfc,
    0xc4, 0xc4, 0xe9, 0x24, 0x1, 0xfa, 0x2, 0xe,
    0x19, 0x80, 0x1f, 0x85, 0xe0, 0x78, 0xa, 0xc8,
    0x3c, 0xc0, 0x30, 0xcb, 0x81, 0x2, 0x20, 0x0,
    0x6c, 0x1, 0xfb, 0xff, 0x10, 0x62, 0x80, 0x7f,
    0xf1, 0x0,

    /* U+00BF "¿" */
    0x0, 0xc3, 0xbe, 0xe0, 0x1f, 0x94, 0x82, 0x80,
    0x3f, 0x28, 0x82, 0x80, 0x7e, 0x1e, 0xf8, 0x0,
    0xff, 0xe4, 0xb, 0xb9, 0x40, 0x3f, 0x1c, 0x43,
    0xc0, 0x3f, 0x28, 0x0, 0xc0, 0x3e, 0x48, 0x0,
    0x50, 0x7, 0x92, 0xc0, 0x10, 0x60, 0x1c, 0x56,
    0x0, 0x87, 0x0, 0xf7, 0x0, 0x15, 0xc0, 0x3c,
    0x46, 0x0, 0xb0, 0xf, 0x90, 0x0, 0xa2, 0x1,
    0xff, 0xc3, 0x7e, 0xe3, 0xa8, 0x1, 0x4, 0x0,
    0x32, 0x22, 0x23, 0x20, 0x1f, 0x99, 0x78, 0x80,
    0xa8, 0x70, 0x0, 0x59, 0x82, 0x0, 0xd0, 0x1,
    0xf3, 0x10, 0x0, 0x9b, 0x8c, 0x0,

    /* U+00C0 "À" */
    0x0, 0x87, 0x7f, 0xca, 0x1, 0xff, 0xe, 0x10,
    0x58, 0x80, 0x7f, 0xc3, 0xe2, 0x2b, 0x0, 0xff,
    0xe0, 0x16, 0x46, 0x88, 0x7, 0xff, 0x2, 0xa2,
    0x12, 0x1, 0xff, 0xc0, 0x50, 0x2, 0x80, 0x7f,
    0xc4, 0x40, 0x1, 0x10, 0x3, 0xfc, 0xa0, 0x19,
    0x40, 0x3f, 0xd6, 0x1, 0xac, 0x3, 0xf8, 0x4c,
    0x11, 0x0, 0x62, 0x1, 0xf9, 0xc0, 0x1b, 0xa0,
    0x3, 0x80, 0x7e, 0xd0, 0x2, 0x20, 0x1, 0xa0,
    0x1f, 0x90, 0x8, 0xb0, 0x20, 0x7, 0xca, 0x0,
    0x40, 0x2, 0x0, 0x10, 0x3, 0xde, 0x0, 0xd0,
    0x6, 0x80, 0x34, 0x3, 0xca, 0x0, 0x40, 0x2,
    0x0, 0x1c, 0x3, 0x90, 0x2, 0xff, 0xc0, 0x1,
    0x30, 0xd, 0xa0, 0x1f, 0xeb, 0x0, 0xce, 0x0,
    0x55, 0xf0, 0x1, 0x40, 0x24, 0x10, 0x2a, 0xaf,
    0x8, 0x11, 0x0, 0x1a, 0x0, 0x50, 0xf, 0x38,
    0x1, 0x40, 0xe, 0x0, 0xb0, 0xf, 0x60, 0x2,
    0xc0, 0xc4, 0x0, 0x60, 0x1e, 0x50, 0x1, 0x88,

    /* U+00C1 "Á" */
    0x0, 0xfc, 0x9f, 0xee, 0x20, 0xf, 0xf0, 0xd0,
    0xe, 0x10, 0x7, 0xfa, 0xc4, 0x58, 0x40, 0x1f,
    0xe1, 0x27, 0xc2, 0x0, 0xff, 0xa5, 0xdd, 0x40,
    0x1f, 0xfc, 0x5, 0x0, 0x28, 0x7, 0xfc, 0x44,
    0x0, 0x11, 0x0, 0x3f, 0xca, 0x1, 0x94, 0x3,
    0xfd, 0x60, 0x1a, 0xc0, 0x3f, 0x84, 0xc1, 0x10,
    0x6, 0x20, 0x1f, 0x9c, 0x1, 0xba, 0x0, 0x38,
    0x7, 0xed, 0x0, 0x22, 0x0, 0x1a, 0x1, 0xf9,
    0x0, 0x8b, 0x2, 0x0, 0x7c, 0xa0, 0x4, 0x0,
    0x20, 0x1, 0x0, 0x3d, 0xe0, 0xd, 0x0, 0x68,
    0x3, 0x40, 0x3c, 0xa0, 0x4, 0x0, 0x20, 0x1,
    0xc0, 0x39, 0x0, 0x2f, 0xfc, 0x0, 0x13, 0x0,
    0xda, 0x1, 0xfe, 0xb0, 0xc, 0xe0, 0x5, 0x5f,
    0x0, 0x14, 0x2, 0x41, 0x2, 0xaa, 0xf0, 0x81,
    0x10, 0x1, 0xa0, 0x5, 0x0, 0xf3, 0x80, 0x14,
    0x0, 0xe0, 0xb, 0x0, 0xf6, 0x0, 0x2c, 0xc,
    0x40, 0x6, 0x1, 0xe5, 0x0, 0x18, 0x80,

    /* U+00C2 "Â" */
    0x0, 0xf0, 0xbb, 0x84, 0x3, 0xfe, 0x3f, 0x88,
    0x7a, 0x0, 0x7f, 0x3e, 0xc, 0xd0, 0xdb, 0x80,
    0x7c, 0x5e, 0xf8, 0xcb, 0x8f, 0xe4, 0x1, 0xe2,
    0x88, 0x18, 0x0, 0xe2, 0x4, 0x1, 0xfd, 0x1f,
    0xe8, 0x0, 0xff, 0xe0, 0x28, 0x1, 0x40, 0x3f,
    0xe2, 0x20, 0x0, 0x88, 0x1, 0xfe, 0x50, 0xc,
    0xa0, 0x1f, 0xeb, 0x0, 0xd6, 0x1, 0xfc, 0x26,
    0x8, 0x80, 0x31, 0x0, 0xfc, 0xe0, 0xd, 0xd0,
    0x1, 0xc0, 0x3f, 0x68, 0x1, 0x10, 0x0, 0xd0,
    0xf, 0xc8, 0x4, 0x58, 0x10, 0x3, 0xe5, 0x0,
    0x20, 0x1, 0x0, 0x8, 0x1, 0xef, 0x0, 0x68,
    0x3, 0x40, 0x1a, 0x1, 0xe5, 0x0, 0x20, 0x1,
    0x0, 0xe, 0x1, 0xc8, 0x1, 0x7f, 0xe0, 0x0,
    0x98, 0x6, 0xd0, 0xf, 0xf5, 0x80, 0x67, 0x0,
    0x2a, 0xf8, 0x0, 0xa0, 0x12, 0x8, 0x15, 0x57,
    0x84, 0x8, 0x80, 0xd, 0x0, 0x28, 0x7, 0x9c,
    0x0, 0xa0, 0x7, 0x0, 0x58, 0x7, 0xb0, 0x1,
    0x60, 0x62, 0x0, 0x30, 0xf, 0x28, 0x0, 0xc4,

    /* U+00C3 "Ã" */
    0x0, 0xff, 0xe4, 0x2f, 0x7d, 0xa0, 0x2f, 0xb0,
    0x7, 0x8a, 0x84, 0x12, 0xfe, 0x81, 0x40, 0x3c,
    0x80, 0xf9, 0x26, 0x0, 0x93, 0x0, 0xf3, 0x74,
    0x1b, 0x67, 0xf9, 0x80, 0x3f, 0x8, 0x7, 0xff,
    0x16, 0x3f, 0xd0, 0x1, 0xff, 0xc0, 0x50, 0x2,
    0x80, 0x7f, 0xc4, 0x40, 0x1, 0x10, 0x3, 0xfc,
    0xa0, 0x19, 0x40, 0x3f, 0xd6, 0x1, 0xac, 0x3,
    0xf8, 0x4c, 0x11, 0x0, 0x62, 0x1, 0xf9, 0xc0,
    0x1b, 0xa0, 0x3, 0x80, 0x7e, 0xd0, 0x2, 0x20,
    0x1, 0xa0, 0x1f, 0x90, 0x8, 0xb0, 0x20, 0x7,
    0xca, 0x0, 0x40, 0x2, 0x0, 0x10, 0x3, 0xde,
    0x0, 0xd0, 0x6, 0x80, 0x34, 0x3, 0xca, 0x0,
    0x40, 0x2, 0x0, 0x1c, 0x3, 0x90, 0x2, 0xff,
    0xc0, 0x1, 0x30, 0xd, 0xa0, 0x1f, 0xeb, 0x0,
    0xce, 0x0, 0x55, 0xf0, 0x1, 0x40, 0x24, 0x10,
    0x2a, 0xaf, 0x8, 0x11, 0x0, 0x1a, 0x0, 0x50,
    0xf, 0x38, 0x1, 0x40, 0xe, 0x0, 0xb0, 0xf,
    0x60, 0x2, 0xc0, 0xc4, 0x0, 0x60, 0x1e, 0x50,
    0x1, 0x88,

    /* U+00C4 "Ä" */
    0x0, 0x8b, 0xb8, 0x80, 0x4, 0xfd, 0x20, 0xf,
    0x50, 0x8b, 0x40, 0x1c, 0x4, 0xa0, 0x1e, 0xa2,
    0x1a, 0x0, 0x70, 0x92, 0x80, 0x78, 0xb7, 0x8c,
    0x0, 0x9d, 0xa4, 0x1, 0xfd, 0x1f, 0xe8, 0x0,
    0xff, 0xe0, 0x28, 0x1, 0x40, 0x3f, 0xe2, 0x20,
    0x0, 0x88, 0x1, 0xfe, 0x50, 0xc, 0xa0, 0x1f,
    0xeb, 0x0, 0xd6, 0x1, 0xfc, 0x26, 0x8, 0x80,
    0x31, 0x0, 0xfc, 0xe0, 0xd, 0xd0, 0x1, 0xc0,
    0x3f, 0x68, 0x1, 0x10, 0x0, 0xd0, 0xf, 0xc8,
    0x4, 0x58, 0x10, 0x3, 0xe5, 0x0, 0x20, 0x1,
    0x0, 0x8, 0x1, 0xef, 0x0, 0x68, 0x3, 0x40,
    0x1a, 0x1, 0xe5, 0x0, 0x20, 0x1, 0x0, 0xe,
    0x1, 0xc8, 0x1, 0x7f, 0xe0, 0x0, 0x98, 0x6,
    0xd0, 0xf, 0xf5, 0x80, 0x67, 0x0, 0x2a, 0xf8,
    0x0, 0xa0, 0x12, 0x8, 0x15, 0x57, 0x84, 0x8,
    0x80, 0xd, 0x0, 0x28, 0x7, 0x9c, 0x0, 0xa0,
    0x7, 0x0, 0x58, 0x7, 0xb0, 0x1, 0x60, 0x62,
    0x0, 0x30, 0xf, 0x28, 0x0, 0xc4,

    /* U+00C5 "Å" */
    0x0, 0xf4, 0x77, 0x20, 0x3, 0xfe, 0x57, 0xbb,
    0x3a, 0x80, 0x7f, 0xb0, 0xd5, 0x47, 0x80, 0x1f,
    0xee, 0x32, 0x2b, 0x80, 0x3f, 0xce, 0x9b, 0xa5,
    0x70, 0xf, 0xfa, 0xfb, 0x96, 0x1, 0xff, 0xc0,
    0x8e, 0xe4, 0x0, 0x7f, 0xf0, 0x14, 0x0, 0xa0,
    0x1f, 0xf1, 0x10, 0x0, 0x44, 0x0, 0xff, 0x28,
    0x6, 0x50, 0xf, 0xf5, 0x80, 0x6b, 0x0, 0xfe,
    0x13, 0x4, 0x40, 0x18, 0x80, 0x7e, 0x70, 0x6,
    0xe8, 0x0, 0xe0, 0x1f, 0xb4, 0x0, 0x88, 0x0,
    0x68, 0x7, 0xe4, 0x2, 0x2c, 0x8, 0x1, 0xf2,
    0x80, 0x10, 0x0, 0x80, 0x4, 0x0, 0xf7, 0x80,
    0x34, 0x1, 0xa0, 0xd, 0x0, 0xf2, 0x80, 0x10,
    0x0, 0x80, 0x7, 0x0, 0xe4, 0x0, 0xbf, 0xf0,
    0x0, 0x4c, 0x3, 0x68, 0x7, 0xfa, 0xc0, 0x33,
    0x80, 0x15, 0x7c, 0x0, 0x50, 0x9, 0x4, 0xa,
    0xab, 0xc2, 0x4, 0x40, 0x6, 0x80, 0x14, 0x3,
    0xce, 0x0, 0x50, 0x3, 0x80, 0x2c, 0x3, 0xd8,
    0x0, 0xb0, 0x31, 0x0, 0x18, 0x7, 0x94, 0x0,
    0x62,

    /* U+00C6 "Æ" */
    0x0, 0xf1, 0x7f, 0xfd, 0x80, 0x1f, 0x28, 0x7,
    0xff, 0xe, 0x80, 0x33, 0xc4, 0x24, 0x3, 0xc4,
    0x40, 0xd, 0x4e, 0xe5, 0x0, 0xf5, 0x0, 0x8,
    0x3, 0xff, 0x80, 0xa0, 0x82, 0x1, 0xff, 0x19,
    0x6, 0x0, 0x7f, 0xf0, 0x2c, 0x0, 0xa0, 0x1f,
    0xfc, 0x6, 0x2, 0x20, 0x5, 0xbf, 0xe5, 0x0,
    0xc6, 0x20, 0x80, 0x1f, 0xfc, 0xa, 0x0, 0x68,
    0x6, 0x78, 0x83, 0x80, 0x67, 0x0, 0x20, 0x6,
    0xa7, 0x71, 0x0, 0x48, 0x20, 0xf, 0xf1, 0x80,
    0x7f, 0x68, 0x7, 0xff, 0xd, 0xc0, 0x8, 0x90,
    0x80, 0x7e, 0x41, 0x4, 0xbb, 0x88, 0x3, 0xf7,
    0x0, 0x34, 0x3, 0xd6, 0xef, 0x0, 0x14, 0x0,
    0xe0, 0x13, 0x80, 0x1a, 0x22, 0x5, 0x0, 0x18,
    0x80, 0x7f, 0xc0,

    /* U+00C7 "Ç" */
    0x0, 0x86, 0x37, 0xfd, 0xb0, 0x20, 0x1c, 0x9c,
    0xe4, 0x0, 0x27, 0xe4, 0x0, 0x8a, 0xc0, 0x4,
    0xee, 0x20, 0x5, 0x90, 0x3, 0x80, 0xd, 0xb1,
    0xd, 0x50, 0x4, 0x81, 0x98, 0x6, 0x40, 0x35,
    0x80, 0x10, 0x6c, 0x0, 0xe0, 0x1c, 0x26, 0x0,
    0x53, 0x0, 0x60, 0x7, 0xb3, 0xb8, 0x8c, 0x0,
    0x10, 0xf, 0x84, 0x40, 0x19, 0xc0, 0x3f, 0xfb,
    0xae, 0x1, 0xfe, 0x60, 0x0, 0x80, 0x7f, 0x8c,
    0x1, 0xa0, 0x1e, 0xbf, 0xf2, 0x58, 0x1, 0x80,
    0x38, 0x50, 0x0, 0xa6, 0x60, 0x18, 0x0, 0xd6,
    0x0, 0x41, 0xf, 0x0, 0x3e, 0x44, 0x35, 0x40,
    0x12, 0x0, 0x3a, 0x0, 0x1b, 0xb8, 0x80, 0x16,
    0x40, 0x12, 0xeb, 0x8, 0x0, 0x9f, 0x90, 0x3,
    0x8a, 0x64, 0x0, 0xa8, 0x10, 0xf, 0xcb, 0x1,
    0x12, 0x1, 0xfc, 0x4e, 0x60, 0xa0, 0x1f, 0xcb,
    0xc6, 0x16, 0x1, 0xfc, 0x62, 0x74, 0xe0, 0x18,

    /* U+00C8 "È" */
    0x1, 0xdf, 0xf3, 0x0, 0x7e, 0x1c, 0x20, 0x81,
    0x0, 0xfc, 0x3e, 0x22, 0xb0, 0xf, 0xe2, 0xc8,
    0xd1, 0x0, 0xef, 0xfd, 0xb1, 0xe, 0xff, 0xc0,
    0x1f, 0xfc, 0x56, 0x77, 0xfc, 0x1, 0xa2, 0x3f,
    0x80, 0x3f, 0xfd, 0x9d, 0xff, 0xec, 0x0, 0xff,
    0xe3, 0x3c, 0x47, 0xa4, 0x3, 0xa5, 0xdf, 0xca,
    0x1, 0xff, 0xed, 0x88, 0xfe, 0x0, 0xcc, 0xef,
    0xf8, 0x3, 0xff, 0x84,

    /* U+00C9 "É" */
    0x0, 0xf2, 0x7f, 0xb8, 0x80, 0x3f, 0x50, 0xe,
    0x10, 0x7, 0xd2, 0x22, 0xc2, 0x0, 0xfd, 0xcf,
    0x84, 0x1, 0xbf, 0xfa, 0x1f, 0x7f, 0xf0, 0x7,
    0xff, 0x15, 0x9d, 0xff, 0x0, 0x68, 0x8f, 0xe0,
    0xf, 0xff, 0x67, 0x7f, 0xfb, 0x0, 0x3f, 0xf8,
    0xcf, 0x11, 0xe9, 0x0, 0xe9, 0x77, 0xf2, 0x80,
    0x7f, 0xfb, 0x62, 0x3f, 0x80, 0x33, 0x3b, 0xfe,
    0x0, 0xff, 0xe1, 0x0,

    /* U+00CA "Ê" */
    0x0, 0xc2, 0xee, 0x10, 0xf, 0xc3, 0x91, 0xc,
    0x20, 0xf, 0x17, 0x92, 0xa8, 0xb0, 0xc0, 0x31,
    0x60, 0xad, 0x51, 0x87, 0xc, 0x2, 0x2e, 0xfa,
    0x0, 0x4f, 0xf8, 0xc0, 0x1f, 0xff, 0xfc, 0x0,
    0xf, 0xfe, 0x2b, 0x3b, 0xfe, 0x0, 0xd1, 0x1f,
    0xc0, 0x1f, 0xfe, 0xce, 0xff, 0xf6, 0x0, 0x7f,
    0xf1, 0x9e, 0x23, 0xd2, 0x1, 0xd2, 0xef, 0xe5,
    0x0, 0xff, 0xf6, 0xc4, 0x7f, 0x0, 0x66, 0x77,
    0xfc, 0x1, 0xff, 0xc2,

    /* U+00CB "Ë" */
    0x2, 0xee, 0x20, 0x1, 0x3b, 0x48, 0x2, 0x51,
    0x17, 0x0, 0x38, 0x49, 0x40, 0x25, 0x21, 0xe0,
    0x7, 0x9, 0x28, 0x4, 0x5b, 0xc8, 0x0, 0x4e,
    0xd2, 0x0, 0x7f, 0xff, 0xf0, 0x0, 0x3f, 0xf8,
    0xac, 0xef, 0xf8, 0x3, 0x44, 0x7f, 0x0, 0x7f,
    0xfb, 0x3b, 0xff, 0xd8, 0x1, 0xff, 0xc6, 0x78,
    0x8f, 0x48, 0x7, 0x4b, 0xbf, 0x94, 0x3, 0xff,
    0xdb, 0x11, 0xfc, 0x1, 0x99, 0xdf, 0xf0, 0x7,
    0xff, 0x8,

    /* U+00CC "Ì" */
    0x7, 0xff, 0x60, 0x7, 0xe7, 0x70, 0x1b, 0x0,
    0x7e, 0x86, 0x9, 0x20, 0xf, 0xd3, 0x28, 0x60,
    0xe, 0xaf, 0xfa, 0x62, 0xff, 0xf1, 0x80, 0x7f,
    0xf0, 0x3d, 0xde, 0x10, 0x2, 0xbb, 0xc2, 0xb1,
    0x11, 0x0, 0x3a, 0x22, 0x20, 0xf, 0xff, 0xf8,
    0x7, 0xff, 0xe5, 0x62, 0x22, 0x0, 0x74, 0x44,
    0x3e, 0xef, 0x8, 0x1, 0x5d, 0xe2, 0x0, 0xff,
    0xe0, 0x0,

    /* U+00CD "Í" */
    0x0, 0xf6, 0xff, 0x98, 0x3, 0xe8, 0x20, 0x96,
    0x0, 0xf1, 0xb8, 0x43, 0x0, 0x7c, 0xcf, 0x4e,
    0x1, 0xab, 0xfe, 0xa7, 0xaf, 0xfc, 0x60, 0x1f,
    0xfc, 0xf, 0x77, 0x84, 0x0, 0xae, 0xf0, 0xac,
    0x44, 0x40, 0xe, 0x88, 0x88, 0x3, 0xff, 0xfe,
    0x1, 0xff, 0xf9, 0x58, 0x88, 0x80, 0x1d, 0x11,
    0xf, 0xbb, 0xc2, 0x0, 0x57, 0x78, 0x80, 0x3f,
    0xf8, 0x0,

    /* U+00CE "Î" */
    0x0, 0xcd, 0xa, 0x1, 0xfa, 0xa5, 0xea, 0x40,
    0x38, 0xb5, 0x53, 0x4d, 0xb0, 0x40, 0x24, 0x59,
    0xb2, 0xc8, 0x47, 0x0, 0x9a, 0x18, 0x2, 0x78,
    0x60, 0x5, 0x7f, 0xff, 0x8c, 0x3, 0xff, 0x81,
    0xee, 0xf0, 0x80, 0x15, 0xde, 0x15, 0x88, 0x88,
    0x1, 0xd1, 0x11, 0x0, 0x7f, 0xff, 0xc0, 0x3f,
    0xff, 0x2b, 0x11, 0x10, 0x3, 0xa2, 0x21, 0xf7,
    0x78, 0x40, 0xa, 0xef, 0x10, 0x7, 0xff, 0x0,

    /* U+00CF "Ï" */
    0xa, 0xf9, 0x0, 0xb3, 0xdc, 0x0, 0x2a, 0xc,
    0x0, 0x43, 0xa, 0x0, 0xb, 0x3, 0x0, 0x11,
    0x1, 0x60, 0x14, 0xfc, 0x80, 0x57, 0xec, 0x0,
    0xaf, 0xff, 0xf1, 0x80, 0x7f, 0xf0, 0x3d, 0xde,
    0x10, 0x2, 0xbb, 0xc2, 0xb1, 0x11, 0x0, 0x3a,
    0x22, 0x20, 0xf, 0xff, 0xf8, 0x7, 0xff, 0xe5,
    0x62, 0x22, 0x0, 0x74, 0x44, 0x3e, 0xef, 0x8,
    0x1, 0x5d, 0xe2, 0x0, 0xff, 0xe0, 0x0,

    /* U+00D0 "Ð" */
    0x0, 0xf, 0xff, 0xb2, 0x4, 0x3, 0xff, 0x82,
    0x6f, 0xcc, 0x1, 0xfc, 0xf0, 0xc4, 0x0, 0x97,
    0x0, 0xfd, 0xf, 0x3b, 0x0, 0x8, 0x40, 0xf,
    0xf9, 0xdc, 0x0, 0x80, 0xf, 0xfe, 0x4, 0x80,
    0xc, 0x80, 0x3f, 0xe1, 0x40, 0x2, 0x0, 0x7f,
    0xf0, 0xc, 0x1, 0xe2, 0x46, 0x1, 0x11, 0x4,
    0x2, 0xf0, 0x1, 0xde, 0xe8, 0x2, 0xdd, 0x78,
    0x7, 0xff, 0x2e, 0xbf, 0x80, 0x2f, 0xf7, 0x0,
    0x5e, 0x0, 0x30, 0xf, 0xfe, 0x1, 0x80, 0x3c,
    0x3, 0xff, 0x80, 0x80, 0x4, 0x0, 0xff, 0xa0,
    0x0, 0x64, 0x1, 0xfe, 0x77, 0x0, 0x20, 0x3,
    0xe8, 0x79, 0xd8, 0x0, 0x42, 0x0, 0x7c, 0xf0,
    0xc4, 0x0, 0x97, 0x0, 0xff, 0x8d, 0xf9, 0x80,
    0x20,

    /* U+00D1 "Ñ" */
    0x0, 0xff, 0xe2, 0x4f, 0xf4, 0x10, 0x57, 0x88,
    0x4, 0xec, 0x2, 0xfb, 0xea, 0x42, 0x1, 0x58,
    0x5e, 0x38, 0x81, 0x78, 0x6, 0xce, 0x43, 0x8e,
    0xfd, 0x20, 0xe, 0x10, 0xf, 0xe5, 0xff, 0x80,
    0x39, 0x3f, 0xda, 0x1, 0x9c, 0x3, 0xff, 0x81,
    0x20, 0x1f, 0xfc, 0x1, 0x50, 0xf, 0xfe, 0x4,
    0x0, 0x7f, 0xf0, 0x9, 0x0, 0x3f, 0x8c, 0x43,
    0xc0, 0x3f, 0xcc, 0x8, 0x60, 0x1f, 0xd2, 0x0,
    0x90, 0xf, 0xe1, 0x60, 0x52, 0x0, 0xfe, 0xb0,
    0x5, 0x80, 0x7f, 0x12, 0x83, 0x8, 0x7, 0xf4,
    0x80, 0x24, 0x3, 0xf8, 0xcc, 0x6, 0x1, 0xfe,
    0x80, 0xf, 0xfe, 0x2, 0x10, 0x7, 0xff, 0x2,
    0xc0, 0x3f, 0xf8, 0xc, 0x20, 0x1f, 0xfc, 0x9,
    0x0, 0x80,

    /* U+00D2 "Ò" */
    0x0, 0x13, 0xbc, 0x1, 0xfe, 0x2e, 0x88, 0x48,
    0x7, 0xfa, 0x54, 0x18, 0xc0, 0x3f, 0xd4, 0x81,
    0xc0, 0x1f, 0xf5, 0xfe, 0x80, 0x7f, 0x14, 0xf7,
    0xfb, 0x14, 0x3, 0xcb, 0xac, 0x20, 0x3, 0xab,
    0x0, 0xc7, 0x40, 0x2, 0x54, 0x0, 0x25, 0x80,
    0x5e, 0x0, 0x6d, 0xab, 0xc1, 0x4, 0x50, 0x33,
    0x0, 0xc8, 0x4, 0x70, 0x0, 0x90, 0xb0, 0x3,
    0x80, 0x73, 0x0, 0xc, 0x4c, 0x1, 0x80, 0x1e,
    0x30, 0x2, 0xb8, 0x0, 0x40, 0x3c, 0xc0, 0x2,
    0x10, 0x3, 0x80, 0x7f, 0xf6, 0x84, 0x0, 0xe0,
    0x1f, 0xe7, 0x0, 0x8, 0x7, 0x98, 0x0, 0x46,
    0x0, 0xd0, 0xf, 0x18, 0x1, 0x6c, 0x0, 0xc0,
    0x1c, 0xc0, 0x3, 0x13, 0x30, 0xc, 0x80, 0x45,
    0x0, 0x9, 0x0, 0x78, 0x1, 0xb6, 0x6b, 0x44,
    0x11, 0x40, 0x7, 0x40, 0x2, 0x65, 0x0, 0x25,
    0x80, 0x65, 0xd6, 0x10, 0x1, 0xcd, 0x80, 0x40,

    /* U+00D3 "Ó" */
    0x0, 0xf8, 0x62, 0xe, 0x20, 0x1f, 0xd4, 0xee,
    0x11, 0x0, 0x7e, 0x64, 0x9, 0x60, 0xf, 0xc5,
    0x21, 0x2c, 0x1, 0xfc, 0x5f, 0xe6, 0x0, 0xfc,
    0x53, 0xdf, 0xec, 0x50, 0xf, 0x2e, 0xb0, 0x80,
    0xe, 0xac, 0x3, 0x1d, 0x0, 0x9, 0x50, 0x0,
    0x96, 0x1, 0x78, 0x1, 0xb6, 0xaf, 0x4, 0x11,
    0x40, 0xcc, 0x3, 0x20, 0x11, 0xc0, 0x2, 0x42,
    0xc0, 0xe, 0x1, 0xcc, 0x0, 0x31, 0x30, 0x6,
    0x0, 0x78, 0xc0, 0xa, 0xe0, 0x1, 0x0, 0xf3,
    0x0, 0x8, 0x40, 0xe, 0x1, 0xff, 0xda, 0x10,
    0x3, 0x80, 0x7f, 0x9c, 0x0, 0x20, 0x1e, 0x60,
    0x1, 0x18, 0x3, 0x40, 0x3c, 0x60, 0x5, 0xb0,
    0x3, 0x0, 0x73, 0x0, 0xc, 0x4c, 0xc0, 0x32,
    0x1, 0x14, 0x0, 0x24, 0x1, 0xe0, 0x6, 0xd9,
    0xad, 0x10, 0x45, 0x0, 0x1d, 0x0, 0x9, 0x94,
    0x0, 0x96, 0x1, 0x97, 0x58, 0x40, 0x7, 0x36,
    0x1, 0x0,

    /* U+00D4 "Ô" */
    0x0, 0xe9, 0xff, 0x38, 0x7, 0xe1, 0xc6, 0x32,
    0x8a, 0x0, 0xf1, 0xf9, 0xb6, 0x61, 0x17, 0x44,
    0x3, 0x1f, 0x7c, 0x80, 0xdf, 0xe8, 0x80, 0x7f,
    0xf1, 0xca, 0x7b, 0xfd, 0x8a, 0x1, 0xe5, 0xd6,
    0x10, 0x1, 0xd5, 0x80, 0x63, 0xa0, 0x1, 0x2a,
    0x0, 0x12, 0xc0, 0x2f, 0x0, 0x36, 0xd5, 0xe0,
    0x82, 0x28, 0x19, 0x80, 0x64, 0x2, 0x38, 0x0,
    0x48, 0x58, 0x1, 0xc0, 0x39, 0x80, 0x6, 0x26,
    0x0, 0xc0, 0xf, 0x18, 0x1, 0x5c, 0x0, 0x20,
    0x1e, 0x60, 0x1, 0x8, 0x1, 0xc0, 0x3f, 0xfb,
    0x42, 0x0, 0x70, 0xf, 0xf3, 0x80, 0x4, 0x3,
    0xcc, 0x0, 0x23, 0x0, 0x68, 0x7, 0x8c, 0x0,
    0xb6, 0x0, 0x60, 0xe, 0x60, 0x1, 0x89, 0x98,
    0x6, 0x40, 0x22, 0x80, 0x4, 0x80, 0x3c, 0x0,
    0xdb, 0x35, 0xa2, 0x8, 0xa0, 0x3, 0xa0, 0x1,
    0x32, 0x80, 0x12, 0xc0, 0x32, 0xeb, 0x8, 0x0,
    0xe6, 0xc0, 0x20,

    /* U+00D5 "Õ" */
    0x0, 0xc2, 0x20, 0xc, 0x40, 0x1e, 0x8e, 0xe6,
    0x28, 0xc6, 0xa8, 0x6, 0x47, 0x0, 0x1d, 0x73,
    0x82, 0x0, 0x6c, 0xb, 0xfa, 0x30, 0x2b, 0x10,
    0xd, 0x1e, 0x80, 0xb9, 0xfa, 0x80, 0x1f, 0xfc,
    0x82, 0x9e, 0xff, 0x62, 0x80, 0x79, 0x75, 0x84,
    0x0, 0x75, 0x60, 0x18, 0xe8, 0x0, 0x4a, 0x80,
    0x4, 0xb0, 0xb, 0xc0, 0xd, 0xb5, 0x78, 0x20,
    0x8a, 0x6, 0x60, 0x19, 0x0, 0x8e, 0x0, 0x12,
    0x16, 0x0, 0x70, 0xe, 0x60, 0x1, 0x89, 0x80,
    0x30, 0x3, 0xc6, 0x0, 0x57, 0x0, 0x8, 0x7,
    0x98, 0x0, 0x42, 0x0, 0x70, 0xf, 0xfe, 0xd0,
    0x80, 0x1c, 0x3, 0xfc, 0xe0, 0x1, 0x0, 0xf3,
    0x0, 0x8, 0xc0, 0x1a, 0x1, 0xe3, 0x0, 0x2d,
    0x80, 0x18, 0x3, 0x98, 0x0, 0x62, 0x66, 0x1,
    0x90, 0x8, 0xa0, 0x1, 0x20, 0xf, 0x0, 0x36,
    0xcd, 0x68, 0x82, 0x28, 0x0, 0xe8, 0x0, 0x4c,
    0xa0, 0x4, 0xb0, 0xc, 0xba, 0xc2, 0x0, 0x39,
    0xb0, 0x8,

    /* U+00D6 "Ö" */
    0x0, 0x1f, 0x69, 0x0, 0x1b, 0xb0, 0x40, 0x35,
    0x9, 0x28, 0x2, 0x84, 0xd0, 0x3, 0x68, 0x89,
    0x40, 0x14, 0x4, 0x80, 0x19, 0x3b, 0x84, 0x0,
    0x6f, 0xd1, 0x0, 0xff, 0xe3, 0x94, 0xf7, 0xfb,
    0x14, 0x3, 0xcb, 0xac, 0x20, 0x3, 0xab, 0x0,
    0xc7, 0x40, 0x2, 0x54, 0x0, 0x25, 0x80, 0x5e,
    0x0, 0x6d, 0xab, 0xc1, 0x4, 0x50, 0x33, 0x0,
    0xc8, 0x4, 0x70, 0x0, 0x90, 0xb0, 0x3, 0x80,
    0x73, 0x0, 0xc, 0x4c, 0x1, 0x80, 0x1e, 0x30,
    0x2, 0xb8, 0x0, 0x40, 0x3c, 0xc0, 0x2, 0x10,
    0x3, 0x80, 0x7f, 0xf6, 0x84, 0x0, 0xe0, 0x1f,
    0xe7, 0x0, 0x8, 0x7, 0x98, 0x0, 0x46, 0x0,
    0xd0, 0xf, 0x18, 0x1, 0x6c, 0x0, 0xc0, 0x1c,
    0xc0, 0x3, 0x13, 0x30, 0xc, 0x80, 0x45, 0x0,
    0x9, 0x0, 0x78, 0x1, 0xb6, 0x6b, 0x44, 0x11,
    0x40, 0x7, 0x40, 0x2, 0x65, 0x0, 0x25, 0x80,
    0x65, 0xd6, 0x10, 0x1, 0xcd, 0x80, 0x40,

    /* U+00D7 "×" */
    0x2, 0x20, 0x7, 0x88, 0x80, 0x59, 0x82, 0x0,
    0xc5, 0x98, 0x2b, 0x11, 0x61, 0x0, 0xb, 0x4,
    0x57, 0x2a, 0x3, 0x84, 0x4c, 0x10, 0x59, 0xa,
    0x50, 0x1f, 0xf0, 0x82, 0xd0, 0x5, 0x48, 0x4,
    0x40, 0x4a, 0x0, 0xe9, 0x0, 0xd2, 0x1, 0xc3,
    0xe0, 0x1b, 0xc4, 0x2, 0x1c, 0x20, 0x44, 0x1,
    0x60, 0x80, 0xe9, 0x2, 0x5d, 0x8c, 0xb, 0x46,
    0xcc, 0xe, 0xc0, 0x18, 0x60, 0x77, 0x62, 0x3c,
    0x0, 0xd8, 0x65, 0x63, 0x98, 0x0, 0xf6, 0xe0,
    0x80,

    /* U+00D8 "Ø" */
    0x0, 0xc5, 0x3d, 0xfe, 0xb5, 0xd, 0xf4, 0x0,
    0x97, 0x58, 0x40, 0x9, 0x5c, 0x4c, 0x80, 0x3,
    0xa0, 0x1, 0x32, 0x0, 0x4, 0x24, 0x2, 0xf0,
    0x3, 0x6c, 0xde, 0x0, 0x4a, 0x0, 0x33, 0x0,
    0xc8, 0x4, 0xa0, 0x14, 0x80, 0x2c, 0x0, 0xc0,
    0x1a, 0x0, 0x23, 0x10, 0x30, 0x6, 0x80, 0x50,
    0x2c, 0x60, 0x5, 0x6, 0x0, 0x8, 0x0, 0x9c,
    0x61, 0xc0, 0x4, 0x1, 0x9c, 0x1, 0x1, 0x2,
    0x20, 0xf, 0xe4, 0x52, 0x60, 0xf, 0xfa, 0x42,
    0x40, 0x3f, 0xce, 0xc4, 0x88, 0x0, 0x8, 0x6,
    0x60, 0x1, 0xc0, 0x48, 0x4, 0xe0, 0x2, 0x3,
    0x0, 0x40, 0xb9, 0x0, 0x46, 0x0, 0x50, 0xb0,
    0x8, 0x60, 0x2, 0x60, 0x1, 0x88, 0x19, 0x0,
    0x10, 0x2, 0x28, 0x0, 0x48, 0x5, 0x60, 0x5,
    0xd9, 0xad, 0x10, 0x45, 0x0, 0xac, 0x2, 0x26,
    0x50, 0x2, 0x58, 0x4, 0xc4, 0xba, 0xc2, 0x0,
    0x3a, 0xb0, 0xd, 0x1, 0x5, 0x3d, 0xfe, 0xc5,
    0x0, 0xc0,

    /* U+00D9 "Ù" */
    0x0, 0x9d, 0xe2, 0x0, 0xfe, 0x18, 0x87, 0x0,
    0x7f, 0x34, 0x1, 0xb0, 0x7, 0xf3, 0xb8, 0x24,
    0x40, 0x3f, 0xa3, 0xfc, 0x20, 0x19, 0x7f, 0xd6,
    0x1, 0xc3, 0xfe, 0xe0, 0xf, 0xff, 0xf8, 0x7,
    0xff, 0x9c, 0xc0, 0x3f, 0xfa, 0x22, 0x0, 0x60,
    0xe, 0x10, 0x1, 0xa8, 0x0, 0x84, 0x3, 0x20,
    0x1, 0xc4, 0xc0, 0x10, 0x1, 0x14, 0x80, 0x3c,
    0x3c, 0x0, 0xd9, 0x13, 0xa2, 0x6, 0xa0, 0x72,
    0x0, 0x37, 0x60, 0x1, 0x68, 0x4, 0xda, 0xa2,
    0x0, 0x38, 0xd1, 0x0,

    /* U+00DA "Ú" */
    0x0, 0xfc, 0xf1, 0x2, 0x0, 0xfd, 0x10, 0x71,
    0x20, 0xf, 0x8d, 0xc1, 0xa4, 0x3, 0xf7, 0x3,
    0x48, 0x7, 0xf6, 0xfc, 0x80, 0x65, 0xff, 0x58,
    0x7, 0xf, 0xfb, 0x80, 0x3f, 0xff, 0xe0, 0x1f,
    0xfe, 0x73, 0x0, 0xff, 0xe8, 0x88, 0x1, 0x80,
    0x38, 0x40, 0x6, 0xa0, 0x2, 0x10, 0xc, 0x80,
    0x7, 0x13, 0x0, 0x40, 0x4, 0x52, 0x0, 0xf0,
    0xf0, 0x3, 0x64, 0x4e, 0x88, 0x1a, 0x81, 0xc8,
    0x0, 0xdd, 0x80, 0x5, 0xa0, 0x13, 0x6a, 0x88,
    0x0, 0xe3, 0x44, 0x0,

    /* U+00DB "Û" */
    0x0, 0xe5, 0xff, 0x40, 0x7, 0xe7, 0xa0, 0x17,
    0xa0, 0xf, 0x44, 0x2, 0xf0, 0x56, 0xc0, 0x30,
    0x83, 0xe2, 0x17, 0xb9, 0x98, 0x2, 0x18, 0x81,
    0x80, 0x6, 0x20, 0x60, 0xbf, 0xeb, 0x0, 0xe1,
    0xff, 0x70, 0x7, 0xff, 0xfc, 0x3, 0xff, 0xce,
    0x60, 0x1f, 0xfd, 0x11, 0x0, 0x30, 0x7, 0x8,
    0x0, 0xd4, 0x0, 0x42, 0x1, 0x90, 0x0, 0xe2,
    0x60, 0x8, 0x0, 0x8a, 0x40, 0x1e, 0x1e, 0x0,
    0x6c, 0x89, 0xd1, 0x3, 0x50, 0x39, 0x0, 0x1b,
    0xb0, 0x0, 0xb4, 0x2, 0x6d, 0x51, 0x0, 0x1c,
    0x68, 0x80,

    /* U+00DC "Ü" */
    0x0, 0x16, 0xfa, 0x80, 0xf, 0xb8, 0x60, 0x12,
    0x10, 0x70, 0x2, 0x84, 0x56, 0x1, 0x39, 0xf,
    0x80, 0x28, 0x4a, 0x80, 0x21, 0xde, 0x40, 0x1,
    0xf6, 0x90, 0x2f, 0xfa, 0xc0, 0x38, 0x7f, 0xdc,
    0x1, 0xff, 0xff, 0x0, 0xff, 0xf3, 0x98, 0x7,
    0xff, 0x44, 0x40, 0xc, 0x1, 0xc2, 0x0, 0x35,
    0x0, 0x10, 0x80, 0x64, 0x0, 0x38, 0x98, 0x2,
    0x0, 0x22, 0x90, 0x7, 0x87, 0x80, 0x1b, 0x22,
    0x74, 0x40, 0xd4, 0xe, 0x40, 0x6, 0xec, 0x0,
    0x2d, 0x0, 0x9b, 0x54, 0x40, 0x7, 0x1a, 0x20,

    /* U+00DD "Ý" */
    0x0, 0xfe, 0x22, 0x80, 0x3f, 0xf8, 0x13, 0xba,
    0xb0, 0xf, 0xf9, 0x58, 0x22, 0x40, 0x3f, 0xc5,
    0x63, 0x2e, 0x1, 0xff, 0x17, 0x71, 0x80, 0x3c,
    0x7f, 0xf1, 0x80, 0x7a, 0x3f, 0xda, 0x6, 0x80,
    0x9, 0x0, 0xf3, 0x0, 0x2c, 0x1, 0x0, 0x5,
    0x10, 0xc, 0xc2, 0x2, 0xc0, 0x3, 0x30, 0x2,
    0x40, 0x35, 0x80, 0x24, 0x3, 0x40, 0x1, 0x80,
    0x24, 0x20, 0x3, 0x80, 0x64, 0x20, 0x16, 0x0,
    0x78, 0x1, 0xc0, 0x3d, 0x0, 0xb, 0x2, 0x40,
    0x4, 0x80, 0x79, 0x48, 0x9, 0x2c, 0x0, 0xc2,
    0x1, 0xf5, 0x80, 0x3d, 0x80, 0x10, 0x1, 0xf9,
    0x84, 0x10, 0x0, 0xc2, 0x1, 0xfd, 0x20, 0x1a,
    0xc0, 0x3f, 0xce, 0x20, 0x5, 0x20, 0xf, 0xf9,
    0x40, 0x1e, 0x1, 0xff, 0xe0, 0x10, 0xf, 0xff,
    0x68,

    /* U+00DE "Þ" */
    0x1f, 0xf8, 0x3, 0xff, 0xd9, 0xff, 0xba, 0xd4,
    0x3, 0xfe, 0x14, 0xac, 0x10, 0xe, 0x88, 0xc8,
    0x0, 0x3a, 0x0, 0xe7, 0x7d, 0x78, 0x0, 0x43,
    0x0, 0xfe, 0x36, 0x0, 0x58, 0x7, 0xfb, 0x80,
    0x2, 0x1, 0xfe, 0xe0, 0x0, 0x80, 0x7f, 0x1b,
    0x0, 0x2c, 0x3, 0x3b, 0xeb, 0xc0, 0x2, 0x18,
    0x6, 0x88, 0xc8, 0x0, 0x4a, 0x0, 0xfe, 0x14,
    0xab, 0x10, 0xe, 0xff, 0xdd, 0x6a, 0x1, 0xff,
    0xe1,

    /* U+00DF "ß" */
    0x0, 0x15, 0x77, 0xf5, 0x98, 0x7, 0x26, 0xa8,
    0x80, 0xa6, 0x30, 0x4, 0x34, 0x0, 0x26, 0x20,
    0x4, 0x88, 0x1, 0x84, 0xf, 0x67, 0x44, 0x0,
    0x80, 0xb, 0x0, 0x40, 0x4, 0x80, 0x2, 0x0,
    0x10, 0x1, 0x80, 0x21, 0x0, 0x10, 0x7, 0x18,
    0x0, 0x50, 0x0, 0xa0, 0x1f, 0xa0, 0x0, 0xe0,
    0x1f, 0xcc, 0x0, 0x90, 0xf, 0xfe, 0x0, 0x80,
    0x7f, 0x8, 0x1, 0xc0, 0x3f, 0xa0, 0x1, 0xa,
    0x1, 0xf9, 0x98, 0x0, 0xa5, 0x0, 0xfd, 0x2c,
    0x0, 0xa1, 0x0, 0xfd, 0x26, 0x0, 0x70, 0xf,
    0xeb, 0x0, 0x70, 0x7, 0xf6, 0x80, 0x3c, 0x3,
    0x3f, 0x4b, 0xd2, 0x80, 0x10, 0x3, 0x68, 0xb4,
    0x28, 0x1, 0x8c, 0x3, 0x69, 0x88, 0x0, 0xe6,
    0x40,

    /* U+00E0 "à" */
    0x0, 0x27, 0xfc, 0x20, 0x1f, 0x92, 0xc0, 0x14,
    0x1, 0xfc, 0x94, 0x8, 0xa0, 0x1f, 0xcb, 0x70,
    0x60, 0x1f, 0xe4, 0x76, 0x0, 0xfc, 0xd7, 0xdf,
    0xec, 0x70, 0xc, 0x39, 0x28, 0x20, 0x3, 0x8e,
    0x20, 0x5, 0x98, 0x14, 0x54, 0x90, 0xf, 0x0,
    0x10, 0x45, 0x8e, 0xad, 0xa2, 0x6, 0x41, 0xdd,
    0x8, 0x6, 0x50, 0x3, 0x0, 0x4b, 0x5b, 0xdd,
    0x20, 0x0, 0x40, 0x72, 0x94, 0x84, 0x60, 0xe,
    0xa3, 0x4, 0xcf, 0xf9, 0x0, 0x22, 0x40, 0x1b,
    0x30, 0xf, 0x9c, 0x0, 0xa0, 0x1f, 0xc2, 0x0,
    0x51, 0x0, 0x95, 0x0, 0x24, 0x10, 0x1c, 0x87,
    0xba, 0x0, 0xea, 0x0, 0x13, 0xc2, 0x1, 0x0,
    0x8, 0x13, 0x54, 0x40, 0x57, 0x6c, 0x1, 0x80,

    /* U+00E1 "á" */
    0x0, 0xfa, 0x7f, 0xd4, 0x1, 0xf9, 0x18, 0x16,
    0x80, 0x3e, 0x1a, 0x5, 0xa0, 0xf, 0xc5, 0x13,
    0x40, 0x1f, 0xc6, 0xcc, 0x0, 0xfc, 0xd7, 0xdf,
    0xec, 0x70, 0xc, 0x39, 0x28, 0x20, 0x3, 0x8e,
    0x20, 0x5, 0x98, 0x14, 0x54, 0x90, 0xf, 0x0,
    0x10, 0x45, 0x8e, 0xad, 0xa2, 0x6, 0x41, 0xdd,
    0x8, 0x6, 0x50, 0x3, 0x0, 0x4b, 0x5b, 0xdd,
    0x20, 0x0, 0x40, 0x72, 0x94, 0x84, 0x60, 0xe,
    0xa3, 0x4, 0xcf, 0xf9, 0x0, 0x22, 0x40, 0x1b,
    0x30, 0xf, 0x9c, 0x0, 0xa0, 0x1f, 0xc2, 0x0,
    0x51, 0x0, 0x95, 0x0, 0x24, 0x10, 0x1c, 0x87,
    0xba, 0x0, 0xea, 0x0, 0x13, 0xc2, 0x1, 0x0,
    0x8, 0x13, 0x54, 0x40, 0x57, 0x6c, 0x1, 0x80,

    /* U+00E2 "â" */
    0x0, 0xc3, 0x7f, 0xe4, 0x0, 0xf8, 0xf1, 0x10,
    0x17, 0x0, 0x1c, 0xb8, 0x51, 0x7a, 0x4f, 0x60,
    0x19, 0x7f, 0xce, 0x5, 0xbf, 0x60, 0x1f, 0xfc,
    0x66, 0xbe, 0xff, 0x63, 0x80, 0x61, 0xc9, 0x41,
    0x0, 0x1c, 0x71, 0x0, 0x2c, 0xc0, 0xa2, 0xa4,
    0x80, 0x78, 0x0, 0x82, 0x2c, 0x75, 0x6d, 0x10,
    0x32, 0xe, 0xe8, 0x40, 0x32, 0x80, 0x18, 0x2,
    0x5a, 0xde, 0xe9, 0x0, 0x2, 0x3, 0x94, 0xa4,
    0x23, 0x0, 0x75, 0x18, 0x26, 0x7f, 0xc8, 0x1,
    0x12, 0x0, 0xd9, 0x80, 0x7c, 0xe0, 0x5, 0x0,
    0xfe, 0x10, 0x2, 0x88, 0x4, 0xa8, 0x1, 0x20,
    0x80, 0xe4, 0x3d, 0xd0, 0x7, 0x50, 0x0, 0x9e,
    0x10, 0x8, 0x0, 0x40, 0x9a, 0xa2, 0x2, 0xbb,
    0x60, 0xc,

    /* U+00E3 "ã" */
    0x0, 0xfe, 0x11, 0x0, 0x61, 0xaf, 0xfe, 0xee,
    0x8, 0x5, 0x6a, 0x1, 0xc3, 0x22, 0x1, 0x5e,
    0x6e, 0xdd, 0xd3, 0x0, 0x61, 0x32, 0x28, 0x44,
    0x1, 0xff, 0xc8, 0x6b, 0xef, 0xf6, 0x38, 0x6,
    0x1c, 0x94, 0x10, 0x1, 0xc7, 0x10, 0x2, 0xcc,
    0xa, 0x2a, 0x48, 0x7, 0x80, 0x8, 0x22, 0xc7,
    0x56, 0xd1, 0x3, 0x20, 0xee, 0x84, 0x3, 0x28,
    0x1, 0x80, 0x25, 0xad, 0xee, 0x90, 0x0, 0x20,
    0x39, 0x4a, 0x42, 0x30, 0x7, 0x51, 0x82, 0x67,
    0xfc, 0x80, 0x11, 0x20, 0xd, 0x98, 0x7, 0xce,
    0x0, 0x50, 0xf, 0xe1, 0x0, 0x28, 0x80, 0x4a,
    0x80, 0x12, 0x8, 0xe, 0x43, 0xdd, 0x0, 0x75,
    0x0, 0x9, 0xe1, 0x0, 0x80, 0x4, 0x9, 0xaa,
    0x20, 0x2b, 0xb6, 0x0, 0xc0,

    /* U+00E4 "ä" */
    0x0, 0x37, 0xe0, 0x80, 0x23, 0xec, 0x3, 0x50,
    0x1a, 0x0, 0x1c, 0x10, 0x80, 0x2a, 0x13, 0x40,
    0x3, 0x82, 0x90, 0x4, 0xdd, 0x82, 0x0, 0x8f,
    0xa0, 0xf, 0xfe, 0x33, 0x5f, 0x7f, 0xb1, 0xc0,
    0x30, 0xe4, 0xa0, 0x80, 0xe, 0x38, 0x80, 0x16,
    0x60, 0x51, 0x52, 0x40, 0x3c, 0x0, 0x41, 0x16,
    0x3a, 0xb6, 0x88, 0x19, 0x7, 0x74, 0x20, 0x19,
    0x40, 0xc, 0x1, 0x2d, 0x6f, 0x74, 0x80, 0x1,
    0x1, 0xca, 0x52, 0x11, 0x80, 0x3a, 0x8c, 0x13,
    0x3f, 0xe4, 0x0, 0x89, 0x0, 0x6c, 0xc0, 0x3e,
    0x70, 0x2, 0x80, 0x7f, 0x8, 0x1, 0x44, 0x2,
    0x54, 0x0, 0x90, 0x40, 0x72, 0x1e, 0xe8, 0x3,
    0xa8, 0x0, 0x4f, 0x8, 0x4, 0x0, 0x20, 0x4d,
    0x51, 0x1, 0x5d, 0xb0, 0x6, 0x0,

    /* U+00E5 "å" */
    0x0, 0xc3, 0x5f, 0xa8, 0x1, 0xfa, 0xde, 0xd6,
    0xc4, 0x3, 0xe4, 0xa4, 0x80, 0x40, 0xf, 0x96,
    0xc1, 0x41, 0xc0, 0x3e, 0x91, 0xfa, 0x82, 0x0,
    0xf8, 0xb7, 0x5c, 0xe0, 0x1f, 0xe2, 0x10, 0xf,
    0xcd, 0x7d, 0xfe, 0xc7, 0x0, 0xc3, 0x92, 0x82,
    0x0, 0x38, 0xe2, 0x0, 0x59, 0x81, 0x45, 0x49,
    0x0, 0xf0, 0x1, 0x4, 0x58, 0xea, 0xda, 0x20,
    0x64, 0x1d, 0xd0, 0x80, 0x65, 0x0, 0x30, 0x4,
    0xb5, 0xbd, 0xd2, 0x0, 0x4, 0x7, 0x29, 0x48,
    0x46, 0x0, 0xea, 0x30, 0x4c, 0xff, 0x90, 0x2,
    0x24, 0x1, 0xb3, 0x0, 0xf9, 0xc0, 0xa, 0x1,
    0xfc, 0x20, 0x5, 0x10, 0x9, 0x50, 0x2, 0x41,
    0x1, 0xc8, 0x7b, 0xa0, 0xe, 0xa0, 0x1, 0x3c,
    0x20, 0x10, 0x0, 0x81, 0x35, 0x44, 0x5, 0x76,
    0xc0, 0x18,

    /* U+00E6 "æ" */
    0x0, 0x2e, 0x7f, 0xb1, 0x53, 0x3f, 0xd6, 0x60,
    0x13, 0x51, 0x80, 0xe, 0xac, 0xc0, 0x9, 0x86,
    0x0, 0x80, 0x3, 0x38, 0x4, 0x2e, 0xa0, 0x8,
    0x1, 0x10, 0x1c, 0xc2, 0x80, 0x22, 0x14, 0x40,
    0x80, 0x3f, 0xec, 0x0, 0x18, 0x1, 0x0, 0xe,
    0x0, 0x20, 0xe, 0x23, 0x0, 0x31, 0x10, 0x40,
    0x39, 0xb7, 0xf5, 0x40, 0x17, 0xba, 0x40, 0xd,
    0x12, 0x40, 0x1f, 0xfc, 0x2, 0x70, 0x4, 0x73,
    0x0, 0x37, 0xff, 0x89, 0xc0, 0x8, 0xe2, 0x1,
    0xfe, 0x30, 0x0, 0x80, 0x72, 0x80, 0x79, 0x40,
    0xb, 0x2e, 0xe0, 0x4, 0x53, 0xc6, 0x30, 0x19,
    0x80, 0xd, 0x2, 0xa0, 0x5, 0x87, 0x3d, 0x0,
    0x63, 0x8, 0x14, 0xd6, 0x20, 0x0, 0x56, 0x0,

    /* U+00E7 "ç" */
    0x0, 0x86, 0x77, 0xfd, 0xb0, 0x20, 0x19, 0x39,
    0x88, 0x0, 0x4f, 0xe6, 0x0, 0x2b, 0x0, 0x1c,
    0x39, 0x0, 0xe8, 0x84, 0x80, 0x17, 0x1e, 0x35,
    0x0, 0x58, 0x50, 0x1, 0x60, 0x1b, 0xc0, 0x1a,
    0xa0, 0x3, 0x10, 0xc, 0x9b, 0xab, 0x10, 0x3,
    0x0, 0x78, 0x88, 0x20, 0x1f, 0xfc, 0x11, 0x0,
    0x30, 0x7, 0xf2, 0x80, 0xc, 0x3, 0x8a, 0xec,
    0xe2, 0x80, 0x9, 0x0, 0xd6, 0x88, 0xf0, 0x90,
    0x3, 0x5b, 0xbb, 0x18, 0x6, 0x40, 0xac, 0x0,
    0x91, 0x3, 0x1, 0xd1, 0x0, 0x27, 0x39, 0x0,
    0xa, 0x3c, 0xc0, 0x30, 0xc4, 0x0, 0xa, 0xc2,
    0x1, 0xf3, 0xc8, 0xbd, 0x0, 0x7e, 0x26, 0x50,
    0x60, 0xf, 0xc7, 0xa8, 0xa, 0x1, 0xf9, 0xc8,
    0xe6, 0x0, 0x20,

    /* U+00E8 "è" */
    0x0, 0x1f, 0xfc, 0x40, 0x1f, 0xc7, 0x60, 0x9,
    0x0, 0xff, 0x25, 0x2, 0x30, 0x7, 0xf9, 0x6e,
    0x0, 0x3f, 0xf8, 0x8, 0xec, 0x1, 0xfe, 0x7c,
    0xff, 0x6c, 0x8, 0x7, 0x1f, 0x41, 0x80, 0x9,
    0xfc, 0xc0, 0x21, 0xd1, 0x2, 0x77, 0x10, 0xe,
    0x88, 0x2, 0xc4, 0x17, 0x62, 0x1a, 0xa0, 0x32,
    0x2, 0xa0, 0xb, 0x0, 0xd6, 0x0, 0x50, 0x40,
    0x1, 0x3b, 0x36, 0x71, 0x2, 0x3, 0x0, 0x14,
    0xcf, 0x84, 0x0, 0x22, 0x0, 0xff, 0xe0, 0x19,
    0x0, 0x13, 0xff, 0xf8, 0x9c, 0x0, 0x82, 0x1,
    0xfc, 0x48, 0x0, 0xd1, 0x0, 0xcb, 0x82, 0x0,
    0x90, 0x1, 0xf4, 0xbc, 0x6d, 0x1d, 0x80, 0xb,
    0x4, 0x0, 0xd0, 0xe4, 0x7, 0x60, 0x11, 0xf4,
    0x18, 0x0, 0x52, 0xb0, 0x40,

    /* U+00E9 "é" */
    0x0, 0xfa, 0x7f, 0xd6, 0x1, 0xfc, 0x8c, 0xb,
    0x60, 0x1f, 0x86, 0x81, 0x68, 0x3, 0xf8, 0xa2,
    0x68, 0x3, 0xfc, 0x6c, 0xc0, 0xf, 0xf3, 0xe7,
    0xfb, 0x60, 0x40, 0x38, 0xfa, 0xc, 0x0, 0x4f,
    0xe6, 0x1, 0xe, 0x88, 0x13, 0xb8, 0x80, 0x74,
    0x40, 0x16, 0x20, 0xbb, 0x10, 0xd5, 0x1, 0x90,
    0x15, 0x0, 0x58, 0x6, 0xb0, 0x2, 0x82, 0x0,
    0x9, 0xd9, 0xb3, 0x88, 0x10, 0x18, 0x0, 0xa6,
    0x7c, 0x20, 0x1, 0x10, 0x7, 0xff, 0x0, 0xc8,
    0x0, 0x9f, 0xff, 0xc4, 0xe0, 0x4, 0x10, 0xf,
    0xe2, 0x40, 0x6, 0x88, 0x6, 0x5c, 0x10, 0x4,
    0x80, 0xf, 0xa5, 0xe3, 0x68, 0xec, 0x0, 0x58,
    0x20, 0x6, 0x87, 0x20, 0x3b, 0x0, 0x8f, 0xa0,
    0xc0, 0x2, 0x95, 0x82, 0x0,

    /* U+00EA "ê" */
    0x0, 0xc3, 0x7f, 0xe5, 0x0, 0xfc, 0x58, 0x88,
    0xa, 0x80, 0xf, 0x26, 0x94, 0x5e, 0x93, 0xd8,
    0x7, 0x27, 0xf9, 0xc0, 0xb7, 0xec, 0x3, 0xff,
    0x92, 0xf9, 0xfe, 0xd8, 0x10, 0xe, 0x3e, 0x83,
    0x0, 0x13, 0xf9, 0x80, 0x43, 0xa2, 0x4, 0xee,
    0x20, 0x1d, 0x10, 0x5, 0x88, 0x2e, 0xc4, 0x35,
    0x40, 0x64, 0x5, 0x40, 0x16, 0x1, 0xac, 0x0,
    0xa0, 0x80, 0x2, 0x76, 0x6c, 0xe2, 0x4, 0x6,
    0x0, 0x29, 0x9f, 0x8, 0x0, 0x44, 0x1, 0xff,
    0xc0, 0x32, 0x0, 0x27, 0xff, 0xf1, 0x38, 0x1,
    0x4, 0x3, 0xf8, 0x90, 0x1, 0xa2, 0x1, 0x97,
    0x4, 0x1, 0x20, 0x3, 0xe9, 0x78, 0xda, 0x3b,
    0x0, 0x16, 0x8, 0x1, 0xa1, 0xc8, 0xe, 0xc0,
    0x23, 0xe8, 0x30, 0x0, 0xa5, 0x60, 0x80,

    /* U+00EB "ë" */
    0x0, 0x37, 0xe0, 0x80, 0x23, 0xec, 0x3, 0xa8,
    0xd, 0x0, 0xe, 0x8, 0x40, 0x1a, 0x84, 0xd0,
    0x0, 0xe0, 0xa4, 0x1, 0x9b, 0xb0, 0x40, 0x11,
    0xf4, 0x1, 0xff, 0xc9, 0x7c, 0xff, 0x6c, 0x8,
    0x7, 0x1f, 0x41, 0x80, 0x9, 0xfc, 0xc0, 0x21,
    0xd1, 0x2, 0x77, 0x10, 0xe, 0x88, 0x2, 0xc4,
    0x17, 0x62, 0x1a, 0xa0, 0x32, 0x2, 0xa0, 0xb,
    0x0, 0xd6, 0x0, 0x50, 0x40, 0x1, 0x3b, 0x36,
    0x71, 0x2, 0x3, 0x0, 0x14, 0xcf, 0x84, 0x0,
    0x22, 0x0, 0xff, 0xe0, 0x19, 0x0, 0x13, 0xff,
    0xf8, 0x9c, 0x0, 0x82, 0x1, 0xfc, 0x48, 0x0,
    0xd1, 0x0, 0xcb, 0x82, 0x0, 0x90, 0x1, 0xf4,
    0xbc, 0x6d, 0x1d, 0x80, 0xb, 0x4, 0x0, 0xd0,
    0xe4, 0x7, 0x60, 0x11, 0xf4, 0x18, 0x0, 0x52,
    0xb0, 0x40,

    /* U+00EC "ì" */
    0x0, 0x3f, 0xfb, 0x0, 0x3f, 0x9d, 0xc0, 0x6e,
    0x1, 0xfd, 0xc, 0x10, 0x40, 0x1f, 0xd3, 0x28,
    0x60, 0xf, 0xf3, 0x3a, 0x0, 0x73, 0xff, 0xfc,
    0x1, 0xff, 0xc6, 0x47, 0x79, 0x80, 0x3f, 0x1c,
    0x46, 0x0, 0xff, 0xff, 0x80, 0x7f, 0xf3, 0xe,
    0x23, 0x0, 0x51, 0x18, 0x51, 0xde, 0x60, 0x9,
    0xdf, 0x18, 0x7, 0xff, 0x4,

    /* U+00ED "í" */
    0x0, 0xfb, 0x7f, 0xce, 0x1, 0xfa, 0x8, 0x21,
    0xc0, 0x3e, 0x37, 0x8, 0x70, 0xf, 0xcd, 0x14,
    0xe0, 0x1f, 0xca, 0xea, 0x1, 0xcf, 0xff, 0xf0,
    0x7, 0xff, 0x19, 0x1d, 0xe6, 0x0, 0xfc, 0x71,
    0x18, 0x3, 0xff, 0xfe, 0x1, 0xff, 0xcc, 0x38,
    0x8c, 0x1, 0x44, 0x61, 0x47, 0x79, 0x80, 0x27,
    0x7c, 0x60, 0x1f, 0xfc, 0x10,

    /* U+00EE "î" */
    0x0, 0xc5, 0xbf, 0xa4, 0x1, 0xf2, 0xe9, 0x21,
    0x6a, 0x0, 0x74, 0x50, 0x5d, 0xa8, 0x2d, 0xc0,
    0x34, 0xf7, 0xa0, 0x2f, 0xf3, 0x0, 0x61, 0x10,
    0x7, 0x8, 0x80, 0xf, 0xff, 0xf0, 0x7, 0xff,
    0x19, 0x1d, 0xe6, 0x0, 0xfc, 0x71, 0x18, 0x3,
    0xff, 0xfe, 0x1, 0xff, 0xcc, 0x38, 0x8c, 0x1,
    0x44, 0x61, 0x47, 0x79, 0x80, 0x27, 0x7c, 0x60,
    0x1f, 0xfc, 0x10,

    /* U+00EF "ï" */
    0x0, 0x57, 0xc8, 0x5, 0x9e, 0xe0, 0x10, 0xa8,
    0x30, 0x1, 0xc, 0x24, 0x2, 0x15, 0x6, 0x0,
    0x21, 0x84, 0x80, 0x6a, 0xf9, 0x0, 0xb3, 0xdc,
    0x3, 0xff, 0x86, 0xff, 0xff, 0x0, 0x7f, 0xf1,
    0x91, 0xde, 0x60, 0xf, 0xc7, 0x11, 0x80, 0x3f,
    0xff, 0xe0, 0x1f, 0xfc, 0xc3, 0x88, 0xc0, 0x14,
    0x46, 0x14, 0x77, 0x98, 0x2, 0x77, 0xc6, 0x1,
    0xff, 0xc1,

    /* U+00F0 "ð" */
    0x0, 0xf1, 0x0, 0x7f, 0xf0, 0xb, 0x74, 0xc0,
    0x5, 0xb0, 0xf, 0x50, 0x14, 0xde, 0x52, 0x20,
    0x3, 0xad, 0x0, 0x8, 0x6d, 0xc8, 0x1, 0xc6,
    0x60, 0xc, 0x62, 0x1, 0xc9, 0xce, 0x70, 0x0,
    0x54, 0x0, 0xe6, 0x3a, 0xc7, 0x60, 0x4, 0x0,
    0x71, 0x70, 0x29, 0x40, 0x0, 0xc8, 0x2, 0x7e,
    0xca, 0xa6, 0xd1, 0x80, 0x10, 0x1, 0x70, 0x20,
    0x19, 0xc, 0x1, 0xe0, 0xe8, 0x0, 0x9f, 0xf6,
    0xc0, 0x4, 0x41, 0x20, 0x9, 0x60, 0x1, 0x3d,
    0x0, 0x1c, 0xc4, 0x5, 0x80, 0x38, 0x40, 0x26,
    0x0, 0x28, 0x7, 0xf3, 0x88, 0x1, 0xc0, 0x3c,
    0x60, 0x2, 0x50, 0x1, 0x88, 0x7, 0x58, 0x3,
    0x4, 0xc0, 0x14, 0x1, 0x9c, 0xc0, 0x94, 0x3c,
    0x0, 0x9b, 0xf, 0x90, 0x0, 0xe0, 0x1, 0xd8,
    0x81, 0x3c, 0x18, 0x2, 0x8c, 0x2, 0x4f, 0x72,
    0x0, 0x13, 0x6a, 0x80, 0x0,

    /* U+00F1 "ñ" */
    0x0, 0xfe, 0x11, 0x0, 0x61, 0xaf, 0xfe, 0xee,
    0x8, 0x5, 0x6a, 0x1, 0xc3, 0x42, 0x1, 0x5e,
    0x6e, 0xdd, 0xd2, 0x80, 0x61, 0x32, 0x28, 0x44,
    0x1, 0xff, 0xc6, 0xff, 0x60, 0x25, 0xff, 0xb5,
    0xc0, 0x38, 0x5e, 0xd0, 0x0, 0x51, 0x60, 0x18,
    0xa0, 0x9d, 0xc6, 0x0, 0x44, 0x0, 0x66, 0xd8,
    0x86, 0x20, 0x3, 0x80, 0x34, 0x80, 0x6f, 0x0,
    0x30, 0x7, 0xf3, 0x80, 0x4, 0x3, 0xff, 0xfe,
    0x1, 0xff, 0xd1,

    /* U+00F2 "ò" */
    0x0, 0x17, 0x7f, 0x8c, 0x3, 0xf8, 0xb4, 0x1,
    0xc0, 0x1f, 0xe3, 0xb0, 0x27, 0x0, 0xff, 0x25,
    0xc0, 0x7, 0xff, 0x1, 0x1d, 0xc0, 0x1f, 0xc5,
    0x3d, 0xfe, 0xc7, 0x0, 0xf3, 0x6b, 0x8, 0x0,
    0xe3, 0x48, 0x2, 0x59, 0x0, 0x24, 0x38, 0x81,
    0x78, 0x5, 0x60, 0x7, 0xb7, 0x8f, 0x20, 0x27,
    0x4, 0x10, 0x28, 0x0, 0x86, 0x0, 0x14, 0x6,
    0x0, 0x40, 0xe, 0x50, 0x1, 0x7, 0x0, 0x38,
    0x3, 0xc2, 0x0, 0x20, 0xf, 0xfe, 0x17, 0x0,
    0x38, 0x3, 0xc2, 0x0, 0x23, 0x0, 0x20, 0x7,
    0x20, 0x0, 0x81, 0x4, 0x9, 0xc0, 0x21, 0x90,
    0x5, 0x0, 0x2c, 0x1, 0x16, 0xf1, 0xe4, 0x4,
    0xe0, 0x5, 0x90, 0x2, 0x43, 0x88, 0x17, 0x80,
    0x66, 0xd6, 0x10, 0x1, 0xc6, 0x90, 0x0,

    /* U+00F3 "ó" */
    0x0, 0xf9, 0xff, 0xd8, 0x1, 0xfc, 0x50, 0x7,
    0x80, 0x1f, 0xde, 0x9, 0x80, 0x1f, 0xc5, 0x73,
    0x60, 0x1f, 0xe2, 0x66, 0x0, 0x7f, 0x14, 0xf7,
    0xfb, 0x1c, 0x3, 0xcd, 0xac, 0x20, 0x3, 0x8d,
    0x20, 0x9, 0x64, 0x0, 0x90, 0xe2, 0x5, 0xe0,
    0x15, 0x80, 0x1e, 0xde, 0x3c, 0x80, 0x9c, 0x10,
    0x40, 0xa0, 0x2, 0x18, 0x0, 0x50, 0x18, 0x1,
    0x0, 0x39, 0x40, 0x4, 0x1c, 0x0, 0xe0, 0xf,
    0x8, 0x0, 0x80, 0x3f, 0xf8, 0x5c, 0x0, 0xe0,
    0xf, 0x8, 0x0, 0x8c, 0x0, 0x80, 0x1c, 0x80,
    0x2, 0x4, 0x10, 0x27, 0x0, 0x86, 0x40, 0x14,
    0x0, 0xb0, 0x4, 0x5b, 0xc7, 0x90, 0x13, 0x80,
    0x16, 0x40, 0x9, 0xe, 0x20, 0x5e, 0x1, 0x9b,
    0x58, 0x40, 0x7, 0x1a, 0x40, 0x0,

    /* U+00F4 "ô" */
    0x0, 0xea, 0xff, 0x30, 0x7, 0xe1, 0xc5, 0x31,
    0x99, 0x0, 0x78, 0xfc, 0xdb, 0x3c, 0xdb, 0x4,
    0x3, 0x1f, 0x7c, 0x80, 0xe7, 0xe0, 0x80, 0x7f,
    0xf1, 0xca, 0x7b, 0xfd, 0x8e, 0x1, 0xe6, 0xd6,
    0x10, 0x1, 0xc6, 0x90, 0x4, 0xb2, 0x0, 0x48,
    0x71, 0x2, 0xf0, 0xa, 0xc0, 0xf, 0x6f, 0x1e,
    0x40, 0x4e, 0x8, 0x20, 0x50, 0x1, 0xc, 0x0,
    0x28, 0xc, 0x0, 0x80, 0x1c, 0xa0, 0x2, 0xe,
    0x0, 0x70, 0x7, 0x84, 0x0, 0x40, 0x1f, 0xfc,
    0x2e, 0x0, 0x70, 0x7, 0x84, 0x0, 0x46, 0x0,
    0x40, 0xe, 0x40, 0x1, 0x2, 0x8, 0x13, 0x80,
    0x43, 0x20, 0xa, 0x0, 0x58, 0x2, 0x2d, 0xe3,
    0xc8, 0x9, 0xc0, 0xb, 0x20, 0x4, 0x87, 0x10,
    0x2f, 0x0, 0xcd, 0xac, 0x20, 0x3, 0x8d, 0x20,
    0x0,

    /* U+00F5 "õ" */
    0x0, 0xfe, 0x11, 0x0, 0x7a, 0x7f, 0xfb, 0xb8,
    0x60, 0x1a, 0x18, 0x3, 0xd0, 0x60, 0x1a, 0x73,
    0x76, 0xee, 0x7b, 0x80, 0x70, 0x99, 0x14, 0x22,
    0x0, 0xff, 0xe5, 0x14, 0xf7, 0xfb, 0x1c, 0x3,
    0xcd, 0xac, 0x20, 0x3, 0x8d, 0x20, 0x9, 0x64,
    0x0, 0x90, 0xe2, 0x5, 0xe0, 0x15, 0x80, 0x1e,
    0xde, 0x3c, 0x80, 0x9c, 0x10, 0x40, 0xa0, 0x2,
    0x18, 0x0, 0x50, 0x18, 0x1, 0x0, 0x39, 0x40,
    0x4, 0x1c, 0x0, 0xe0, 0xf, 0x8, 0x0, 0x80,
    0x3f, 0xf8, 0x5c, 0x0, 0xe0, 0xf, 0x8, 0x0,
    0x8c, 0x0, 0x80, 0x1c, 0x80, 0x2, 0x4, 0x10,
    0x27, 0x0, 0x86, 0x40, 0x14, 0x0, 0xb0, 0x4,
    0x5b, 0xc7, 0x90, 0x13, 0x80, 0x16, 0x40, 0x9,
    0xe, 0x20, 0x5e, 0x1, 0x9b, 0x58, 0x40, 0x7,
    0x1a, 0x40, 0x0,

    /* U+00F6 "ö" */
    0x0, 0x27, 0xe9, 0x0, 0x1f, 0xf0, 0x3, 0xbc,
    0x9, 0x40, 0x14, 0x6, 0x80, 0x1b, 0xc4, 0x94,
    0x1, 0x62, 0x88, 0x0, 0xc9, 0xda, 0x40, 0x6,
    0xeb, 0x0, 0xff, 0xe4, 0x14, 0xf7, 0xfb, 0x1c,
    0x3, 0xcd, 0xac, 0x20, 0x3, 0x8d, 0x20, 0x9,
    0x64, 0x0, 0x90, 0xe2, 0x5, 0xe0, 0x15, 0x80,
    0x1e, 0xde, 0x3c, 0x80, 0x9c, 0x10, 0x40, 0xa0,
    0x2, 0x18, 0x0, 0x50, 0x18, 0x1, 0x0, 0x39,
    0x40, 0x4, 0x1c, 0x0, 0xe0, 0xf, 0x8, 0x0,
    0x80, 0x3f, 0xf8, 0x5c, 0x0, 0xe0, 0xf, 0x8,
    0x0, 0x8c, 0x0, 0x80, 0x1c, 0x80, 0x2, 0x4,
    0x10, 0x27, 0x0, 0x86, 0x40, 0x14, 0x0, 0xb0,
    0x4, 0x5b, 0xc7, 0x90, 0x13, 0x80, 0x16, 0x40,
    0x9, 0xe, 0x20, 0x5e, 0x1, 0x9b, 0x58, 0x40,
    0x7, 0x1a, 0x40, 0x0,

    /* U+00F7 "÷" */
    0x0, 0xf1, 0x8, 0x7, 0xfd, 0x3b, 0xc8, 0x1,
    0xfe, 0x40, 0x6, 0x0, 0x7f, 0xac, 0xa, 0x80,
    0x3f, 0xcd, 0xfa, 0x40, 0x1f, 0xfc, 0x79, 0xff,
    0xff, 0xe0, 0x20, 0x7, 0xff, 0xb, 0xd5, 0x7f,
    0xf8, 0xc, 0xca, 0xaf, 0xfe, 0x1, 0x0, 0x78,
    0x84, 0x3, 0xfe, 0x9d, 0xe3, 0x0, 0xff, 0x20,
    0x1, 0x0, 0x3f, 0xd6, 0x4, 0xa0, 0x1c,

    /* U+00F8 "ø" */
    0x0, 0xff, 0x3b, 0x80, 0x3f, 0xe4, 0x8f, 0x0,
    0xe2, 0x9e, 0xff, 0x64, 0x84, 0x80, 0x66, 0xd6,
    0x10, 0x1, 0x90, 0x98, 0x4, 0xb2, 0x0, 0x48,
    0x70, 0x0, 0xf8, 0x5, 0x60, 0x7, 0xb7, 0xc0,
    0x8, 0x9c, 0x10, 0x40, 0xa0, 0x1, 0x1, 0x20,
    0xa, 0x3, 0x0, 0x20, 0x1, 0xd, 0x98, 0x0,
    0x20, 0xe0, 0x7, 0x0, 0x20, 0x20, 0x4, 0x0,
    0x40, 0x1c, 0x86, 0xe2, 0x1, 0xdc, 0x0, 0xe0,
    0x80, 0x90, 0x0, 0x80, 0x8, 0xc0, 0x8, 0x83,
    0x71, 0x4, 0x0, 0x10, 0x21, 0x1, 0x58, 0x48,
    0xc, 0x80, 0x28, 0x1, 0x20, 0x10, 0xb4, 0x79,
    0x1, 0x38, 0x1, 0x24, 0x0, 0x30, 0xe2, 0x5,
    0xe0, 0x18, 0x80, 0xc8, 0x0, 0x71, 0xa4, 0x1,
    0xa0, 0x37, 0x5f, 0xec, 0x70, 0xf, 0x25, 0x8,
    0x7, 0xf0,

    /* U+00F9 "ù" */
    0x2, 0xef, 0xf1, 0x80, 0x7c, 0x5a, 0x0, 0xe0,
    0xf, 0xc7, 0x80, 0x4e, 0x1, 0xf8, 0xf2, 0x0,
    0x3f, 0xc6, 0xee, 0x0, 0xef, 0xf8, 0x40, 0x32,
    0xff, 0xac, 0x3, 0xff, 0xfe, 0x1, 0xfc, 0x20,
    0x1f, 0xf1, 0x80, 0x8, 0x3, 0xf3, 0x80, 0x2c,
    0x2, 0x18, 0x0, 0xb8, 0x0, 0xf5, 0x13, 0xe4,
    0x1, 0x22, 0x0, 0xa, 0xec, 0x30, 0x1, 0xae,
    0x8, 0x0, 0x98, 0xc0, 0x10,

    /* U+00FA "ú" */
    0x0, 0xf3, 0xff, 0xb0, 0x3, 0xe2, 0x80, 0x3c,
    0x0, 0xfb, 0xc1, 0x30, 0x3, 0xe2, 0xb9, 0xb0,
    0xf, 0xc4, 0xcc, 0x0, 0xef, 0xf8, 0x40, 0x32,
    0xff, 0xac, 0x3, 0xff, 0xfe, 0x1, 0xfc, 0x20,
    0x1f, 0xf1, 0x80, 0x8, 0x3, 0xf3, 0x80, 0x2c,
    0x2, 0x18, 0x0, 0xb8, 0x0, 0xf5, 0x13, 0xe4,
    0x1, 0x22, 0x0, 0xa, 0xec, 0x30, 0x1, 0xae,
    0x8, 0x0, 0x98, 0xc0, 0x10,

    /* U+00FB "û" */
    0x0, 0xd5, 0xfe, 0x60, 0xf, 0xe, 0x29, 0x8c,
    0xc8, 0x3, 0x1f, 0x9b, 0x67, 0x9b, 0x60, 0x80,
    0xf, 0xbe, 0x40, 0x73, 0xf0, 0x40, 0x3f, 0xf8,
    0x3f, 0xf0, 0x80, 0x65, 0xff, 0x58, 0x7, 0xff,
    0xfc, 0x3, 0xf8, 0x40, 0x3f, 0xe3, 0x0, 0x10,
    0x7, 0xe7, 0x0, 0x58, 0x4, 0x30, 0x1, 0x70,
    0x1, 0xea, 0x27, 0xc8, 0x2, 0x44, 0x0, 0x15,
    0xd8, 0x60, 0x3, 0x5c, 0x10, 0x1, 0x31, 0x80,
    0x20,

    /* U+00FC "ü" */
    0x4, 0xfd, 0x20, 0x3, 0xfe, 0x0, 0x5c, 0x4,
    0xa0, 0xa, 0x3, 0x40, 0x7, 0x9, 0x28, 0x2,
    0xc0, 0xd0, 0x0, 0x9d, 0xa4, 0x0, 0x6f, 0xc0,
    0xf, 0xfe, 0x17, 0xfc, 0x20, 0x19, 0x7f, 0xd6,
    0x1, 0xff, 0xff, 0x0, 0xfe, 0x10, 0xf, 0xf8,
    0xc0, 0x4, 0x1, 0xf9, 0xc0, 0x16, 0x1, 0xc,
    0x0, 0x5c, 0x0, 0x7a, 0x89, 0xf2, 0x0, 0x91,
    0x0, 0x5, 0x76, 0x18, 0x0, 0xd7, 0x4, 0x0,
    0x4c, 0x60, 0x8,

    /* U+00FD "ý" */
    0x0, 0xfc, 0x7f, 0xee, 0x30, 0xf, 0xfb, 0x80,
    0x70, 0xc0, 0x3f, 0xd0, 0x43, 0x84, 0x1, 0xff,
    0x74, 0xe1, 0x0, 0x7f, 0xf0, 0x19, 0x84, 0x1,
    0xe1, 0xff, 0x90, 0x3, 0xcb, 0xff, 0x0, 0xb0,
    0x3, 0xc0, 0x3d, 0xc0, 0x7, 0x0, 0x58, 0x1,
    0x8, 0x3, 0x12, 0x0, 0x24, 0x0, 0x4a, 0x0,
    0xa0, 0xd, 0x40, 0x5, 0x10, 0xa, 0x40, 0xc,
    0x1, 0x98, 0x1, 0x20, 0x18, 0xcc, 0x2, 0xa0,
    0x5, 0x10, 0x33, 0x0, 0x74, 0x0, 0x24, 0x1,
    0xc0, 0x8, 0x0, 0xf2, 0x10, 0x19, 0x11, 0x0,
    0x90, 0x3, 0xeb, 0x0, 0x5d, 0x0, 0x2c, 0x3,
    0xf3, 0x8, 0x3b, 0x0, 0xb0, 0x7, 0xf4, 0x80,
    0x88, 0x18, 0x3, 0xfc, 0xc0, 0x1a, 0x40, 0x3f,
    0xc2, 0xc0, 0x5, 0x10, 0xf, 0xf8, 0x80, 0x10,
    0x1, 0xff, 0x22, 0x1, 0x8, 0x3, 0xfc, 0x32,
    0x0, 0xf0, 0xf, 0xe5, 0x9c, 0x20, 0x34, 0x0,
    0xfe, 0xe6, 0x20, 0x1e, 0x0, 0xff, 0xe0, 0xb,
    0x79, 0x0, 0x7e,

    /* U+00FE "þ" */
    0xff, 0x80, 0x3f, 0xfe, 0x3, 0x3d, 0xfd, 0x44,
    0x1, 0xd8, 0xc2, 0x2, 0xba, 0x80, 0x18, 0x8d,
    0xd8, 0x2, 0xa1, 0x0, 0xa3, 0x22, 0x74, 0x40,
    0x58, 0x2, 0x70, 0x8, 0xa4, 0x1, 0x80, 0x1f,
    0x94, 0x0, 0xa0, 0x1f, 0x8c, 0x0, 0x20, 0x1f,
    0xfc, 0x83, 0x0, 0x8, 0x7, 0xe5, 0x0, 0x28,
    0x4, 0xc0, 0x10, 0xc8, 0x3, 0x40, 0x29, 0xb7,
    0x8f, 0x10, 0x16, 0x0, 0x89, 0x21, 0xc4, 0x1,
    0x40, 0x1b, 0x1c, 0x40, 0x57, 0x50, 0x3, 0xc,
    0x77, 0xf5, 0x10, 0x7, 0xff, 0x98,

    /* U+00FF "ÿ" */
    0x0, 0x87, 0x7d, 0x40, 0x7, 0xdc, 0x30, 0xf,
    0x39, 0x7, 0x0, 0x28, 0x45, 0x60, 0x1e, 0x72,
    0x1e, 0x0, 0x50, 0x8a, 0xc0, 0x3c, 0x3b, 0xca,
    0x0, 0x3e, 0xe1, 0x80, 0x7f, 0xf1, 0xc7, 0xfe,
    0x40, 0xf, 0x2f, 0xfc, 0x2, 0xc0, 0xf, 0x0,
    0xf7, 0x0, 0x1c, 0x1, 0x60, 0x4, 0x20, 0xc,
    0x48, 0x0, 0x90, 0x1, 0x28, 0x2, 0x80, 0x35,
    0x0, 0x14, 0x40, 0x29, 0x0, 0x30, 0x6, 0x60,
    0x4, 0x80, 0x63, 0x30, 0xa, 0x80, 0x14, 0x40,
    0xcc, 0x1, 0xd0, 0x0, 0x90, 0x7, 0x0, 0x20,
    0x3, 0xc8, 0x40, 0x64, 0x44, 0x2, 0x40, 0xf,
    0xac, 0x1, 0x74, 0x0, 0xb0, 0xf, 0xcc, 0x20,
    0xec, 0x2, 0xc0, 0x1f, 0xd2, 0x2, 0x20, 0x60,
    0xf, 0xf3, 0x0, 0x69, 0x0, 0xff, 0xb, 0x0,
    0x14, 0x40, 0x3f, 0xe2, 0x0, 0x40, 0x7, 0xfc,
    0x88, 0x4, 0x20, 0xf, 0xf0, 0xc8, 0x3, 0xc0,
    0x3f, 0x96, 0x70, 0x80, 0xd0, 0x3, 0xfb, 0x98,
    0x80, 0x78, 0x3, 0xff, 0x80, 0x2d, 0xe4, 0x1,
    0xf8
};


/*---------------------
 *  GLYPH DESCRIPTION
 *--------------------*/

static const lv_font_fmt_txt_glyph_dsc_t glyph_dsc[] = {
    {.bitmap_index = 0, .adv_w = 0, .box_w = 0, .box_h = 0, .ofs_x = 0, .ofs_y = 0} /* id = 0 reserved */,
    {.bitmap_index = 0, .adv_w = 250, .box_w = 0, .box_h = 0, .ofs_x = 0, .ofs_y = 0},
    {.bitmap_index = 0, .adv_w = 250, .box_w = 5, .box_h = 19, .ofs_x = 5, .ofs_y = 0},
    {.bitmap_index = 30, .adv_w = 250, .box_w = 9, .box_h = 7, .ofs_x = 3, .ofs_y = 12},
    {.bitmap_index = 55, .adv_w = 250, .box_w = 15, .box_h = 19, .ofs_x = 0, .ofs_y = 0},
    {.bitmap_index = 171, .adv_w = 250, .box_w = 14, .box_h = 25, .ofs_x = 1, .ofs_y = -3},
    {.bitmap_index = 312, .adv_w = 250, .box_w = 16, .box_h = 19, .ofs_x = 0, .ofs_y = 0},
    {.bitmap_index = 436, .adv_w = 250, .box_w = 15, .box_h = 19, .ofs_x = 1, .ofs_y = 0},
    {.bitmap_index = 565, .adv_w = 250, .box_w = 3, .box_h = 7, .ofs_x = 6, .ofs_y = 12},
    {.bitmap_index = 576, .adv_w = 250, .box_w = 8, .box_h = 27, .ofs_x = 4, .ofs_y = -6},
    {.bitmap_index = 666, .adv_w = 250, .box_w = 8, .box_h = 27, .ofs_x = 4, .ofs_y = -6},
    {.bitmap_index = 751, .adv_w = 250, .box_w = 13, .box_h = 13, .ofs_x = 2, .ofs_y = 6},
    {.bitmap_index = 825, .adv_w = 250, .box_w = 14, .box_h = 14, .ofs_x = 1, .ofs_y = 2},
    {.bitmap_index = 859, .adv_w = 250, .box_w = 5, .box_h = 8, .ofs_x = 4, .ofs_y = -5},
    {.bitmap_index = 876, .adv_w = 250, .box_w = 11, .box_h = 3, .ofs_x = 3, .ofs_y = 7},
    {.bitmap_index = 885, .adv_w = 250, .box_w = 6, .box_h = 5, .ofs_x = 5, .ofs_y = 0},
    {.bitmap_index = 900, .adv_w = 250, .box_w = 11, .box_h = 20, .ofs_x = 2, .ofs_y = -1},
    {.bitmap_index = 978, .adv_w = 250, .box_w = 13, .box_h = 19, .ofs_x = 1, .ofs_y = 0},
    {.bitmap_index = 1089, .adv_w = 250, .box_w = 9, .box_h = 19, .ofs_x = 2, .ofs_y = 0},
    {.bitmap_index = 1120, .adv_w = 250, .box_w = 14, .box_h = 19, .ofs_x = 0, .ofs_y = 0},
    {.bitmap_index = 1221, .adv_w = 250, .box_w = 13, .box_h = 19, .ofs_x = 1, .ofs_y = 0},
    {.bitmap_index = 1332, .adv_w = 250, .box_w = 15, .box_h = 19, .ofs_x = 0, .ofs_y = 0},
    {.bitmap_index = 1411, .adv_w = 250, .box_w = 13, .box_h = 19, .ofs_x = 1, .ofs_y = 0},
    {.bitmap_index = 1513, .adv_w = 250, .box_w = 13, .box_h = 19, .ofs_x = 1, .ofs_y = 0},
    {.bitmap_index = 1623, .adv_w = 250, .box_w = 13, .box_h = 19, .ofs_x = 1, .ofs_y = 0},
    {.bitmap_index = 1704, .adv_w = 250, .box_w = 13, .box_h = 19, .ofs_x = 1, .ofs_y = 0},
    {.bitmap_index = 1824, .adv_w = 250, .box_w = 13, .box_h = 19, .ofs_x = 1, .ofs_y = 0},
    {.bitmap_index = 1936, .adv_w = 250, .box_w = 5, .box_h = 15, .ofs_x = 6, .ofs_y = 0},
    {.bitmap_index = 1966, .adv_w = 250, .box_w = 6, .box_h = 21, .ofs_x = 5, .ofs_y = -5},
    {.bitmap_index = 2010, .adv_w = 250, .box_w = 12, .box_h = 12, .ofs_x = 2, .ofs_y = 2},
    {.bitmap_index = 2070, .adv_w = 250, .box_w = 12, .box_h = 8, .ofs_x = 2, .ofs_y = 4},
    {.bitmap_index = 2095, .adv_w = 250, .box_w = 12, .box_h = 12, .ofs_x = 2, .ofs_y = 2},
    {.bitmap_index = 2155, .adv_w = 250, .box_w = 12, .box_h = 19, .ofs_x = 2, .ofs_y = 0},
    {.bitmap_index = 2245, .adv_w = 250, .box_w = 15, .box_h = 19, .ofs_x = 0, .ofs_y = 0},
    {.bitmap_index = 2378, .adv_w = 250, .box_w = 16, .box_h = 19, .ofs_x = 0, .ofs_y = 0},
    {.bitmap_index = 2493, .adv_w = 250, .box_w = 14, .box_h = 19, .ofs_x = 1, .ofs_y = 0},
    {.bitmap_index = 2585, .adv_w = 250, .box_w = 14, .box_h = 19, .ofs_x = 1, .ofs_y = 0},
    {.bitmap_index = 2689, .adv_w = 250, .box_w = 14, .box_h = 19, .ofs_x = 1, .ofs_y = 0},
    {.bitmap_index = 2774, .adv_w = 250, .box_w = 13, .box_h = 19, .ofs_x = 2, .ofs_y = 0},
    {.bitmap_index = 2814, .adv_w = 250, .box_w = 13, .box_h = 19, .ofs_x = 2, .ofs_y = 0},
    {.bitmap_index = 2849, .adv_w = 250, .box_w = 14, .box_h = 19, .ofs_x = 1, .ofs_y = 0},
    {.bitmap_index = 2957, .adv_w = 250, .box_w = 13, .box_h = 19, .ofs_x = 1, .ofs_y = 0},
    {.bitmap_index = 2988, .adv_w = 250, .box_w = 12, .box_h = 19, .ofs_x = 2, .ofs_y = 0},
    {.bitmap_index = 3027, .adv_w = 250, .box_w = 13, .box_h = 19, .ofs_x = 1, .ofs_y = 0},
    {.bitmap_index = 3078, .adv_w = 250, .box_w = 15, .box_h = 19, .ofs_x = 1, .ofs_y = 0},
    {.bitmap_index = 3173, .adv_w = 250, .box_w = 13, .box_h = 19, .ofs_x = 2, .ofs_y = 0},
    {.bitmap_index = 3194, .adv_w = 250, .box_w = 14, .box_h = 19, .ofs_x = 1, .ofs_y = 0},
    {.bitmap_index = 3270, .adv_w = 250, .box_w = 13, .box_h = 19, .ofs_x = 1, .ofs_y = 0},
    {.bitmap_index = 3346, .adv_w = 250, .box_w = 14, .box_h = 19, .ofs_x = 1, .ofs_y = 0},
    {.bitmap_index = 3453, .adv_w = 250, .box_w = 13, .box_h = 19, .ofs_x = 2, .ofs_y = 0},
    {.bitmap_index = 3520, .adv_w = 250, .box_w = 15, .box_h = 22, .ofs_x = 1, .ofs_y = -3},
    {.bitmap_index = 3653, .adv_w = 250, .box_w = 14, .box_h = 19, .ofs_x = 1, .ofs_y = 0},
    {.bitmap_index = 3743, .adv_w = 250, .box_w = 14, .box_h = 19, .ofs_x = 1, .ofs_y = 0},
    {.bitmap_index = 3861, .adv_w = 250, .box_w = 15, .box_h = 19, .ofs_x = 0, .ofs_y = 0},
    {.bitmap_index = 3889, .adv_w = 250, .box_w = 13, .box_h = 19, .ofs_x = 1, .ofs_y = 0},
    {.bitmap_index = 3943, .adv_w = 250, .box_w = 15, .box_h = 19, .ofs_x = 0, .ofs_y = 0},
    {.bitmap_index = 4061, .adv_w = 250, .box_w = 16, .box_h = 19, .ofs_x = 0, .ofs_y = 0},
    {.bitmap_index = 4211, .adv_w = 250, .box_w = 16, .box_h = 19, .ofs_x = 0, .ofs_y = 0},
    {.bitmap_index = 4339, .adv_w = 250, .box_w = 16, .box_h = 19, .ofs_x = 0, .ofs_y = 0},
    {.bitmap_index = 4428, .adv_w = 250, .box_w = 14, .box_h = 19, .ofs_x = 1, .ofs_y = 0},
    {.bitmap_index = 4514, .adv_w = 250, .box_w = 6, .box_h = 26, .ofs_x = 5, .ofs_y = -4},
    {.bitmap_index = 4535, .adv_w = 250, .box_w = 11, .box_h = 20, .ofs_x = 3, .ofs_y = -1},
    {.bitmap_index = 4612, .adv_w = 250, .box_w = 6, .box_h = 26, .ofs_x = 5, .ofs_y = -4},
    {.bitmap_index = 4633, .adv_w = 250, .box_w = 12, .box_h = 10, .ofs_x = 2, .ofs_y = 9},
    {.bitmap_index = 4685, .adv_w = 250, .box_w = 13, .box_h = 3, .ofs_x = 1, .ofs_y = -2},
    {.bitmap_index = 4695, .adv_w = 250, .box_w = 6, .box_h = 4, .ofs_x = 5, .ofs_y = 15},
    {.bitmap_index = 4708, .adv_w = 250, .box_w = 13, .box_h = 14, .ofs_x = 1, .ofs_y = 0},
    {.bitmap_index = 4791, .adv_w = 250, .box_w = 13, .box_h = 19, .ofs_x = 2, .ofs_y = 0},
    {.bitmap_index = 4865, .adv_w = 250, .box_w = 13, .box_h = 14, .ofs_x = 1, .ofs_y = 0},
    {.bitmap_index = 4948, .adv_w = 250, .box_w = 13, .box_h = 19, .ofs_x = 1, .ofs_y = 0},
    {.bitmap_index = 5026, .adv_w = 250, .box_w = 14, .box_h = 14, .ofs_x = 1, .ofs_y = 0},
    {.bitmap_index = 5114, .adv_w = 250, .box_w = 14, .box_h = 20, .ofs_x = 1, .ofs_y = 0},
    {.bitmap_index = 5176, .adv_w = 250, .box_w = 13, .box_h = 19, .ofs_x = 1, .ofs_y = -5},
    {.bitmap_index = 5281, .adv_w = 250, .box_w = 13, .box_h = 19, .ofs_x = 1, .ofs_y = 0},
    {.bitmap_index = 5323, .adv_w = 250, .box_w = 12, .box_h = 19, .ofs_x = 2, .ofs_y = 0},
    {.bitmap_index = 5370, .adv_w = 250, .box_w = 10, .box_h = 24, .ofs_x = 2, .ofs_y = -5},
    {.bitmap_index = 5429, .adv_w = 250, .box_w = 13, .box_h = 19, .ofs_x = 2, .ofs_y = 0},
    {.bitmap_index = 5499, .adv_w = 250, .box_w = 13, .box_h = 19, .ofs_x = 2, .ofs_y = 0},
    {.bitmap_index = 5534, .adv_w = 250, .box_w = 14, .box_h = 14, .ofs_x = 1, .ofs_y = 0},
    {.bitmap_index = 5571, .adv_w = 250, .box_w = 13, .box_h = 14, .ofs_x = 1, .ofs_y = 0},
    {.bitmap_index = 5612, .adv_w = 250, .box_w = 14, .box_h = 14, .ofs_x = 1, .ofs_y = 0},
    {.bitmap_index = 5701, .adv_w = 250, .box_w = 12, .box_h = 19, .ofs_x = 2, .ofs_y = -5},
    {.bitmap_index = 5776, .adv_w = 250, .box_w = 13, .box_h = 19, .ofs_x = 1, .ofs_y = -5},
    {.bitmap_index = 5856, .adv_w = 250, .box_w = 11, .box_h = 14, .ofs_x = 3, .ofs_y = 0},
    {.bitmap_index = 5891, .adv_w = 250, .box_w = 13, .box_h = 14, .ofs_x = 1, .ofs_y = 0},
    {.bitmap_index = 5979, .adv_w = 250, .box_w = 13, .box_h = 18, .ofs_x = 1, .ofs_y = 0},
    {.bitmap_index = 6034, .adv_w = 250, .box_w = 12, .box_h = 14, .ofs_x = 2, .ofs_y = 0},
    {.bitmap_index = 6075, .adv_w = 250, .box_w = 14, .box_h = 14, .ofs_x = 1, .ofs_y = 0},
    {.bitmap_index = 6160, .adv_w = 250, .box_w = 16, .box_h = 14, .ofs_x = 0, .ofs_y = 0},
    {.bitmap_index = 6271, .adv_w = 250, .box_w = 14, .box_h = 14, .ofs_x = 1, .ofs_y = 0},
    {.bitmap_index = 6357, .adv_w = 250, .box_w = 16, .box_h = 19, .ofs_x = 0, .ofs_y = -5},
    {.bitmap_index = 6472, .adv_w = 250, .box_w = 14, .box_h = 14, .ofs_x = 1, .ofs_y = 0},
    {.bitmap_index = 6537, .adv_w = 250, .box_w = 9, .box_h = 25, .ofs_x = 4, .ofs_y = -5},
    {.bitmap_index = 6616, .adv_w = 250, .box_w = 3, .box_h = 24, .ofs_x = 6, .ofs_y = -5},
    {.bitmap_index = 6621, .adv_w = 250, .box_w = 9, .box_h = 25, .ofs_x = 4, .ofs_y = -5},
    {.bitmap_index = 6701, .adv_w = 250, .box_w = 15, .box_h = 6, .ofs_x = 0, .ofs_y = 5},
    {.bitmap_index = 6742, .adv_w = 250, .box_w = 0, .box_h = 0, .ofs_x = 0, .ofs_y = 0},
    {.bitmap_index = 6742, .adv_w = 250, .box_w = 4, .box_h = 19, .ofs_x = 6, .ofs_y = -5},
    {.bitmap_index = 6770, .adv_w = 250, .box_w = 13, .box_h = 20, .ofs_x = 1, .ofs_y = -3},
    {.bitmap_index = 6868, .adv_w = 250, .box_w = 14, .box_h = 19, .ofs_x = 1, .ofs_y = 0},
    {.bitmap_index = 6966, .adv_w = 250, .box_w = 14, .box_h = 15, .ofs_x = 1, .ofs_y = -1},
    {.bitmap_index = 7065, .adv_w = 250, .box_w = 16, .box_h = 19, .ofs_x = 0, .ofs_y = 0},
    {.bitmap_index = 7178, .adv_w = 250, .box_w = 4, .box_h = 22, .ofs_x = 6, .ofs_y = -3},
    {.bitmap_index = 7195, .adv_w = 250, .box_w = 14, .box_h = 24, .ofs_x = 1, .ofs_y = -5},
    {.bitmap_index = 7357, .adv_w = 250, .box_w = 10, .box_h = 3, .ofs_x = 3, .ofs_y = 16},
    {.bitmap_index = 7373, .adv_w = 250, .box_w = 14, .box_h = 15, .ofs_x = 1, .ofs_y = -1},
    {.bitmap_index = 7473, .adv_w = 250, .box_w = 9, .box_h = 11, .ofs_x = 3, .ofs_y = 8},
    {.bitmap_index = 7524, .adv_w = 250, .box_w = 11, .box_h = 11, .ofs_x = 2, .ofs_y = 1},
    {.bitmap_index = 7585, .adv_w = 250, .box_w = 11, .box_h = 7, .ofs_x = 2, .ofs_y = 4},
    {.bitmap_index = 7601, .adv_w = 250, .box_w = 11, .box_h = 3, .ofs_x = 3, .ofs_y = 7},
    {.bitmap_index = 7610, .adv_w = 250, .box_w = 14, .box_h = 15, .ofs_x = 1, .ofs_y = -1},
    {.bitmap_index = 7710, .adv_w = 250, .box_w = 10, .box_h = 2, .ofs_x = 3, .ofs_y = 17},
    {.bitmap_index = 7716, .adv_w = 250, .box_w = 8, .box_h = 7, .ofs_x = 4, .ofs_y = 12},
    {.bitmap_index = 7745, .adv_w = 250, .box_w = 13, .box_h = 17, .ofs_x = 1, .ofs_y = 0},
    {.bitmap_index = 7793, .adv_w = 250, .box_w = 9, .box_h = 11, .ofs_x = 3, .ofs_y = 8},
    {.bitmap_index = 7842, .adv_w = 250, .box_w = 9, .box_h = 11, .ofs_x = 3, .ofs_y = 8},
    {.bitmap_index = 7892, .adv_w = 250, .box_w = 6, .box_h = 4, .ofs_x = 5, .ofs_y = 15},
    {.bitmap_index = 7905, .adv_w = 250, .box_w = 12, .box_h = 19, .ofs_x = 2, .ofs_y = -5},
    {.bitmap_index = 7945, .adv_w = 250, .box_w = 11, .box_h = 19, .ofs_x = 2, .ofs_y = 0},
    {.bitmap_index = 7989, .adv_w = 250, .box_w = 4, .box_h = 4, .ofs_x = 6, .ofs_y = 7},
    {.bitmap_index = 7998, .adv_w = 250, .box_w = 6, .box_h = 6, .ofs_x = 5, .ofs_y = -6},
    {.bitmap_index = 8017, .adv_w = 250, .box_w = 6, .box_h = 10, .ofs_x = 4, .ofs_y = 8},
    {.bitmap_index = 8033, .adv_w = 250, .box_w = 10, .box_h = 11, .ofs_x = 3, .ofs_y = 8},
    {.bitmap_index = 8082, .adv_w = 250, .box_w = 12, .box_h = 11, .ofs_x = 2, .ofs_y = 2},
    {.bitmap_index = 8145, .adv_w = 250, .box_w = 15, .box_h = 19, .ofs_x = 0, .ofs_y = 0},
    {.bitmap_index = 8244, .adv_w = 250, .box_w = 16, .box_h = 19, .ofs_x = 0, .ofs_y = 0},
    {.bitmap_index = 8354, .adv_w = 250, .box_w = 16, .box_h = 19, .ofs_x = 0, .ofs_y = 0},
    {.bitmap_index = 8476, .adv_w = 250, .box_w = 12, .box_h = 19, .ofs_x = 2, .ofs_y = -5},
    {.bitmap_index = 8562, .adv_w = 250, .box_w = 16, .box_h = 23, .ofs_x = 0, .ofs_y = 0},
    {.bitmap_index = 8698, .adv_w = 250, .box_w = 16, .box_h = 23, .ofs_x = 0, .ofs_y = 0},
    {.bitmap_index = 8833, .adv_w = 250, .box_w = 16, .box_h = 24, .ofs_x = 0, .ofs_y = 0},
    {.bitmap_index = 8977, .adv_w = 250, .box_w = 16, .box_h = 25, .ofs_x = 0, .ofs_y = 0},
    {.bitmap_index = 9123, .adv_w = 250, .box_w = 16, .box_h = 23, .ofs_x = 0, .ofs_y = 0},
    {.bitmap_index = 9265, .adv_w = 250, .box_w = 16, .box_h = 25, .ofs_x = 0, .ofs_y = 0},
    {.bitmap_index = 9410, .adv_w = 250, .box_w = 16, .box_h = 19, .ofs_x = 0, .ofs_y = 0},
    {.bitmap_index = 9517, .adv_w = 250, .box_w = 14, .box_h = 24, .ofs_x = 1, .ofs_y = -5},
    {.bitmap_index = 9645, .adv_w = 250, .box_w = 13, .box_h = 23, .ofs_x = 2, .ofs_y = 0},
    {.bitmap_index = 9705, .adv_w = 250, .box_w = 13, .box_h = 23, .ofs_x = 2, .ofs_y = 0},
    {.bitmap_index = 9765, .adv_w = 250, .box_w = 13, .box_h = 24, .ofs_x = 2, .ofs_y = 0},
    {.bitmap_index = 9833, .adv_w = 250, .box_w = 13, .box_h = 23, .ofs_x = 2, .ofs_y = 0},
    {.bitmap_index = 9899, .adv_w = 250, .box_w = 12, .box_h = 23, .ofs_x = 2, .ofs_y = 0},
    {.bitmap_index = 9957, .adv_w = 250, .box_w = 12, .box_h = 23, .ofs_x = 2, .ofs_y = 0},
    {.bitmap_index = 10015, .adv_w = 250, .box_w = 12, .box_h = 24, .ofs_x = 2, .ofs_y = 0},
    {.bitmap_index = 10079, .adv_w = 250, .box_w = 12, .box_h = 23, .ofs_x = 2, .ofs_y = 0},
    {.bitmap_index = 10142, .adv_w = 250, .box_w = 16, .box_h = 19, .ofs_x = -1, .ofs_y = 0},
    {.bitmap_index = 10247, .adv_w = 250, .box_w = 13, .box_h = 25, .ofs_x = 1, .ofs_y = 0},
    {.bitmap_index = 10353, .adv_w = 250, .box_w = 14, .box_h = 24, .ofs_x = 1, .ofs_y = 0},
    {.bitmap_index = 10481, .adv_w = 250, .box_w = 14, .box_h = 24, .ofs_x = 1, .ofs_y = 0},
    {.bitmap_index = 10611, .adv_w = 250, .box_w = 14, .box_h = 24, .ofs_x = 1, .ofs_y = 0},
    {.bitmap_index = 10742, .adv_w = 250, .box_w = 14, .box_h = 25, .ofs_x = 1, .ofs_y = 0},
    {.bitmap_index = 10880, .adv_w = 250, .box_w = 14, .box_h = 24, .ofs_x = 1, .ofs_y = 0},
    {.bitmap_index = 11015, .adv_w = 250, .box_w = 12, .box_h = 13, .ofs_x = 2, .ofs_y = 2},
    {.bitmap_index = 11088, .adv_w = 250, .box_w = 15, .box_h = 20, .ofs_x = 0, .ofs_y = -1},
    {.bitmap_index = 11226, .adv_w = 250, .box_w = 13, .box_h = 24, .ofs_x = 1, .ofs_y = 0},
    {.bitmap_index = 11302, .adv_w = 250, .box_w = 13, .box_h = 24, .ofs_x = 1, .ofs_y = 0},
    {.bitmap_index = 11378, .adv_w = 250, .box_w = 13, .box_h = 24, .ofs_x = 1, .ofs_y = 0},
    {.bitmap_index = 11460, .adv_w = 250, .box_w = 13, .box_h = 23, .ofs_x = 1, .ofs_y = 0},
    {.bitmap_index = 11540, .adv_w = 250, .box_w = 16, .box_h = 24, .ofs_x = 0, .ofs_y = 0},
    {.bitmap_index = 11653, .adv_w = 250, .box_w = 14, .box_h = 19, .ofs_x = 1, .ofs_y = 0},
    {.bitmap_index = 11718, .adv_w = 250, .box_w = 13, .box_h = 20, .ofs_x = 2, .ofs_y = 0},
    {.bitmap_index = 11823, .adv_w = 250, .box_w = 13, .box_h = 19, .ofs_x = 1, .ofs_y = 0},
    {.bitmap_index = 11927, .adv_w = 250, .box_w = 13, .box_h = 19, .ofs_x = 1, .ofs_y = 0},
    {.bitmap_index = 12031, .adv_w = 250, .box_w = 13, .box_h = 19, .ofs_x = 1, .ofs_y = 0},
    {.bitmap_index = 12137, .adv_w = 250, .box_w = 13, .box_h = 20, .ofs_x = 1, .ofs_y = 0},
    {.bitmap_index = 12246, .adv_w = 250, .box_w = 13, .box_h = 19, .ofs_x = 1, .ofs_y = 0},
    {.bitmap_index = 12356, .adv_w = 250, .box_w = 13, .box_h = 21, .ofs_x = 1, .ofs_y = 0},
    {.bitmap_index = 12470, .adv_w = 250, .box_w = 16, .box_h = 14, .ofs_x = 0, .ofs_y = 0},
    {.bitmap_index = 12574, .adv_w = 250, .box_w = 13, .box_h = 19, .ofs_x = 1, .ofs_y = -5},
    {.bitmap_index = 12681, .adv_w = 250, .box_w = 14, .box_h = 19, .ofs_x = 1, .ofs_y = 0},
    {.bitmap_index = 12790, .adv_w = 250, .box_w = 14, .box_h = 19, .ofs_x = 1, .ofs_y = 0},
    {.bitmap_index = 12899, .adv_w = 250, .box_w = 14, .box_h = 19, .ofs_x = 1, .ofs_y = 0},
    {.bitmap_index = 13010, .adv_w = 250, .box_w = 14, .box_h = 19, .ofs_x = 1, .ofs_y = 0},
    {.bitmap_index = 13124, .adv_w = 250, .box_w = 13, .box_h = 19, .ofs_x = 2, .ofs_y = 0},
    {.bitmap_index = 13177, .adv_w = 250, .box_w = 13, .box_h = 19, .ofs_x = 2, .ofs_y = 0},
    {.bitmap_index = 13230, .adv_w = 250, .box_w = 13, .box_h = 19, .ofs_x = 2, .ofs_y = 0},
    {.bitmap_index = 13289, .adv_w = 250, .box_w = 13, .box_h = 19, .ofs_x = 2, .ofs_y = 0},
    {.bitmap_index = 13347, .adv_w = 250, .box_w = 14, .box_h = 20, .ofs_x = 0, .ofs_y = 0},
    {.bitmap_index = 13472, .adv_w = 250, .box_w = 13, .box_h = 20, .ofs_x = 1, .ofs_y = 0},
    {.bitmap_index = 13539, .adv_w = 250, .box_w = 14, .box_h = 19, .ofs_x = 1, .ofs_y = 0},
    {.bitmap_index = 13650, .adv_w = 250, .box_w = 14, .box_h = 19, .ofs_x = 1, .ofs_y = 0},
    {.bitmap_index = 13760, .adv_w = 250, .box_w = 14, .box_h = 19, .ofs_x = 1, .ofs_y = 0},
    {.bitmap_index = 13873, .adv_w = 250, .box_w = 14, .box_h = 20, .ofs_x = 1, .ofs_y = 0},
    {.bitmap_index = 13988, .adv_w = 250, .box_w = 14, .box_h = 19, .ofs_x = 1, .ofs_y = 0},
    {.bitmap_index = 14104, .adv_w = 250, .box_w = 14, .box_h = 14, .ofs_x = 1, .ofs_y = 2},
    {.bitmap_index = 14159, .adv_w = 250, .box_w = 14, .box_h = 18, .ofs_x = 1, .ofs_y = -2},
    {.bitmap_index = 14273, .adv_w = 250, .box_w = 12, .box_h = 19, .ofs_x = 2, .ofs_y = 0},
    {.bitmap_index = 14334, .adv_w = 250, .box_w = 12, .box_h = 19, .ofs_x = 2, .ofs_y = 0},
    {.bitmap_index = 14395, .adv_w = 250, .box_w = 12, .box_h = 19, .ofs_x = 2, .ofs_y = 0},
    {.bitmap_index = 14460, .adv_w = 250, .box_w = 12, .box_h = 19, .ofs_x = 2, .ofs_y = 0},
    {.bitmap_index = 14527, .adv_w = 250, .box_w = 16, .box_h = 24, .ofs_x = 0, .ofs_y = -5},
    {.bitmap_index = 14666, .adv_w = 250, .box_w = 12, .box_h = 24, .ofs_x = 2, .ofs_y = -5},
    {.bitmap_index = 14744, .adv_w = 250, .box_w = 16, .box_h = 24, .ofs_x = 0, .ofs_y = -5}
};

/*---------------------
 *  CHARACTER MAPPING
 *--------------------*/



/*Collect the unicode lists and glyph_id offsets*/
static const lv_font_fmt_txt_cmap_t cmaps[] =
{
    {
        .range_start = 32, .range_length = 95, .glyph_id_start = 1,
        .unicode_list = NULL, .glyph_id_ofs_list = NULL, .list_length = 0, .type = LV_FONT_FMT_TXT_CMAP_FORMAT0_TINY
    },
    {
        .range_start = 160, .range_length = 96, .glyph_id_start = 96,
        .unicode_list = NULL, .glyph_id_ofs_list = NULL, .list_length = 0, .type = LV_FONT_FMT_TXT_CMAP_FORMAT0_TINY
    }
};



/*--------------------
 *  ALL CUSTOM DATA
 *--------------------*/

#if LVGL_VERSION_MAJOR == 8
/*Store all the custom data of the font*/
static  lv_font_fmt_txt_glyph_cache_t cache;
#endif

#if LVGL_VERSION_MAJOR >= 8
static const lv_font_fmt_txt_dsc_t font_dsc = {
#else
static lv_font_fmt_txt_dsc_t font_dsc = {
#endif
    .glyph_bitmap = glyph_bitmap,
    .glyph_dsc = glyph_dsc,
    .cmaps = cmaps,
    .kern_dsc = NULL,
    .kern_scale = 0,
    .cmap_num = 2,
    .bpp = 4,
    .kern_classes = 0,
    .bitmap_format = 1,
#if LVGL_VERSION_MAJOR == 8
    .cache = &cache
#endif
};



/*-----------------
 *  PUBLIC FONT
 *----------------*/

/*Initialize a public general font descriptor*/
#if LVGL_VERSION_MAJOR >= 8
const lv_font_t roboto_mono_medium_26 = {
#else
lv_font_t roboto_mono_medium_26 = {
#endif
    .get_glyph_dsc = lv_font_get_glyph_dsc_fmt_txt,    /*Function pointer to get glyph's data*/
    .get_glyph_bitmap = lv_font_get_bitmap_fmt_txt,    /*Function pointer to get glyph's bitmap*/
    .line_height = 31,          /*The maximum line height required by the font*/
    .base_line = 6,             /*Baseline measured from the bottom of the line*/
#if !(LVGL_VERSION_MAJOR == 6 && LVGL_VERSION_MINOR == 0)
    .subpx = LV_FONT_SUBPX_NONE,
#endif
#if LV_VERSION_CHECK(7, 4, 0) || LVGL_VERSION_MAJOR >= 8
    .underline_position = -2,
    .underline_thickness = 1,
#endif
    .dsc = &font_dsc,          /*The custom font data. Will be accessed by `get_glyph_bitmap/dsc` */
#if LV_VERSION_CHECK(8, 2, 0) || LVGL_VERSION_MAJOR >= 9
    .fallback = NULL,
#endif
    .user_data = NULL,
};



#endif /*#if ROBOTO_MONO_MEDIUM_26*/

