/*******************************************************************************
 * Size: 26 px
 * Bpp: 4
 * Opts: --bpp 4 --size 26 --font robmb.ttf --range 32-127,160-255 --format lvgl -o generated_fonts/roboto_mono_bold_26.c
 ******************************************************************************/

#ifdef LV_LVGL_H_INCLUDE_SIMPLE
#include "lvgl.h"
#else
#include "lvgl/lvgl.h"
#endif

#ifndef ROBOTO_MONO_BOLD_26
#define ROBOTO_MONO_BOLD_26 1
#endif

#if ROBOTO_MONO_BOLD_26

/*-----------------
 *    BITMAPS
 *----------------*/

/*Store the image of the glyphs*/
static LV_ATTRIBUTE_LARGE_CONST const uint8_t glyph_bitmap[] = {
    /* U+0020 " " */

    /* U+0021 "!" */
    0xf, 0xfa, 0x40, 0x3f, 0xf8, 0x42, 0x2, 0x1,
    0xff, 0xc5, 0xf0, 0x30, 0xf, 0xfe, 0x0, 0x80,
    0x80, 0x6c, 0xff, 0x30, 0x7, 0xfc, 0xfb, 0x64,
    0x48, 0x24, 0xe1, 0x0, 0xc6, 0xc0, 0x30,

    /* U+0022 "\"" */
    0x7f, 0xf1, 0x81, 0xff, 0x98, 0x2, 0x10, 0xf,
    0xc6, 0x1, 0x8c, 0x2, 0x10, 0xc, 0x20, 0x1f,
    0x9c, 0x0, 0x20, 0x1c, 0x26, 0x8e, 0x0, 0x14,
    0x41, 0x0,

    /* U+0023 "#" */
    0x0, 0xe4, 0xff, 0x0, 0x1f, 0xf0, 0x3, 0xe3,
    0x3, 0x0, 0x68, 0x30, 0x7, 0xdc, 0xc, 0x0,
    0x60, 0xd0, 0xf, 0x94, 0x34, 0x0, 0x60, 0x40,
    0x1f, 0x18, 0x10, 0x10, 0x1, 0xc0, 0x21, 0x22,
    0x18, 0x4, 0x48, 0x0, 0x12, 0x10, 0x9d, 0xd6,
    0x0, 0x2b, 0x64, 0x1, 0x9b, 0x40, 0x1f, 0xfc,
    0x48, 0xff, 0x28, 0x2f, 0xf8, 0x82, 0x3f, 0xd6,
    0x1, 0x98, 0x34, 0x0, 0x40, 0x60, 0x1f, 0x18,
    0x18, 0x10, 0x1, 0x40, 0x21, 0x22, 0x20, 0x4,
    0x48, 0x0, 0x32, 0x10, 0x6d, 0xd5, 0x80, 0x2f,
    0x64, 0x1, 0xba, 0xa0, 0xf, 0xfe, 0x23, 0xff,
    0x94, 0x1b, 0xfc, 0x41, 0x3f, 0xeb, 0x0, 0xce,
    0x1e, 0x0, 0x20, 0x50, 0xf, 0x88, 0x14, 0xc,
    0x0, 0x60, 0x1e, 0x30, 0x1, 0x82, 0x81, 0x0,
    0x7c, 0xa0, 0x40, 0xf, 0x7, 0x0, 0xe0,

    /* U+0024 "$" */
    0x0, 0xf4, 0x7c, 0x0, 0x7f, 0xf3, 0x4, 0x80,
    0x40, 0x3f, 0x26, 0x72, 0x83, 0x7d, 0x8, 0x6,
    0x6b, 0x30, 0xe, 0x5f, 0x20, 0x1, 0x48, 0x4,
    0xac, 0x40, 0x1, 0x90, 0x5, 0x0, 0x59, 0x53,
    0xaa, 0x0, 0x42, 0x2, 0x0, 0x9, 0x80, 0x52,
    0x1, 0x38, 0x18, 0x7, 0xc6, 0xab, 0x8, 0x78,
    0x0, 0x64, 0x3, 0x55, 0x48, 0xc, 0x20, 0x6,
    0xe7, 0x10, 0xf, 0xb0, 0x40, 0x3, 0x1d, 0x44,
    0x1, 0xc5, 0xce, 0x1, 0x97, 0x60, 0x3, 0xd1,
    0xf2, 0x60, 0x13, 0xc0, 0x7, 0xcd, 0x98, 0x10,
    0x3, 0x89, 0x33, 0x42, 0x1, 0x1e, 0x80, 0x4e,
    0xe9, 0x99, 0x40, 0x31, 0x0, 0x42, 0xe0, 0x17,
    0x0, 0x64, 0x0, 0x88, 0x88, 0x0, 0x5b, 0x54,
    0x8a, 0x0, 0x90, 0x24, 0x40, 0x9, 0x56, 0xe0,
    0x14, 0x8, 0x16, 0x20, 0x7, 0x86, 0x5c, 0x2,
    0x2b, 0xd9, 0x10, 0x6b, 0xe6, 0x0, 0xf1, 0x31,
    0x6, 0xa0, 0x7, 0xff, 0x18,

    /* U+0025 "%" */
    0x2, 0xbf, 0xf6, 0x18, 0x7, 0xf0, 0xe2, 0x0,
    0xf, 0x8, 0x3, 0xf3, 0x88, 0x5e, 0x88, 0x50,
    0x1, 0x10, 0x1, 0xb8, 0x9, 0x9, 0x40, 0x80,
    0x15, 0x64, 0x1, 0xff, 0xc0, 0x71, 0x52, 0x0,
    0xb8, 0x8, 0x82, 0xa0, 0x43, 0x1, 0x0, 0x19,
    0xc4, 0x37, 0x84, 0x2a, 0x1, 0x88, 0x3, 0xe,
    0x20, 0x0, 0xf0, 0x18, 0x20, 0x3, 0xc5, 0x7f,
    0xec, 0x38, 0x8, 0x10, 0xf, 0xf8, 0xd4, 0x5c,
    0x3, 0xff, 0x81, 0xe1, 0x0, 0x1, 0x0, 0xfe,
    0x53, 0x26, 0x8f, 0xef, 0x90, 0xf, 0xa0, 0x26,
    0x1c, 0x2, 0x69, 0x0, 0xe6, 0x23, 0x47, 0x6,
    0xf7, 0x6, 0x0, 0xe8, 0xf, 0x10, 0x6, 0x5,
    0x80, 0x8, 0x2, 0x33, 0x29, 0x80, 0x7f, 0xf0,
    0xf, 0x6c, 0x4, 0x1, 0xe3, 0x60, 0x2, 0x0,
    0xe1, 0x0, 0x38, 0x2f, 0x38, 0x30, 0x7, 0xf4,
    0x40, 0x40, 0x5e, 0x40,

    /* U+0026 "&" */
    0x0, 0xc5, 0x3d, 0xfd, 0x0, 0x1f, 0xc7, 0x8c,
    0x20, 0x2f, 0x80, 0x1f, 0xb8, 0x40, 0x2, 0x0,
    0x36, 0x0, 0xf1, 0x10, 0x1, 0x5d, 0x20, 0xa,
    0x0, 0xf3, 0x0, 0x5, 0x41, 0x0, 0x2, 0x1,
    0xfc, 0x20, 0x6, 0x0, 0x38, 0x7, 0x94, 0x2,
    0x54, 0xa0, 0x4, 0x80, 0x78, 0x50, 0x1, 0x76,
    0x10, 0x93, 0x0, 0xfa, 0x0, 0x2, 0x0, 0xa6,
    0x0, 0xff, 0xe0, 0xc2, 0x80, 0x7e, 0x5c, 0x0,
    0xd0, 0x40, 0xd, 0xff, 0x18, 0x1d, 0x0, 0x14,
    0x40, 0x1e, 0x0, 0x20, 0x1, 0x4, 0x0, 0xa,
    0xa8, 0x0, 0x2b, 0x40, 0x0, 0x88, 0x10, 0x0,
    0xa0, 0x90, 0x0, 0x4a, 0x0, 0x38, 0x7, 0x8,
    0x1, 0xd4, 0x0, 0x20, 0xb, 0x0, 0x10, 0x1,
    0x88, 0x1, 0x20, 0x19, 0xc8, 0x1, 0x40, 0x16,
    0xeb, 0xb0, 0x3, 0x28, 0x4, 0xea, 0x1, 0x10,
    0x80, 0x71, 0x48, 0x5, 0x54, 0x41, 0x0, 0x1c,
    0x72, 0x0, 0x19, 0x40,

    /* U+0027 "'" */
    0x3f, 0xf4, 0x0, 0x7d, 0xe0, 0x10, 0x80, 0x46,
    0x1, 0x8, 0xe6,

    /* U+0028 "(" */
    0x0, 0xf2, 0x80, 0x70, 0xed, 0x8, 0x4, 0x38,
    0x40, 0x60, 0x15, 0x10, 0x59, 0x0, 0x15, 0x1,
    0xd0, 0x2, 0x80, 0x18, 0x0, 0x94, 0x81, 0x80,
    0x37, 0x0, 0x2c, 0x3, 0x20, 0x9, 0x80, 0x46,
    0x0, 0x50, 0xc, 0xa0, 0x2, 0x0, 0xdc, 0x0,
    0x10, 0xc, 0x20, 0xf, 0x0, 0xc6, 0x0, 0x10,
    0xc, 0x60, 0x1, 0x0, 0xc2, 0x1, 0xf7, 0x80,
    0x38, 0x3, 0x18, 0x0, 0x80, 0x32, 0x80, 0x14,
    0x3, 0x9, 0x80, 0x90, 0x6, 0xa0, 0x2, 0x80,
    0x67, 0x0, 0x50, 0x6, 0x17, 0x2, 0x50, 0xd,
    0x4, 0x16, 0x20, 0x1b, 0xc0, 0x70, 0x40, 0x22,
    0xc0, 0x23, 0x0, 0xc7, 0xae, 0x40,

    /* U+0029 ")" */
    0x32, 0x0, 0xf4, 0x6a, 0x80, 0x7d, 0x4a, 0x1,
    0xac, 0xc2, 0x8c, 0x3, 0x70, 0x3, 0xc0, 0x31,
    0x30, 0x1a, 0x80, 0x6b, 0x0, 0x40, 0x6, 0x23,
    0x2, 0x30, 0xc, 0x80, 0xb, 0x0, 0xda, 0x0,
    0x40, 0xc, 0xc0, 0x3, 0x0, 0xc4, 0x1, 0x8,
    0x4, 0x20, 0x11, 0x80, 0x7c, 0x20, 0x1f, 0x8,
    0x4, 0x20, 0x11, 0x80, 0x46, 0x1, 0x8, 0x4,
    0xc0, 0x3, 0x0, 0xc6, 0x0, 0x50, 0xd, 0x80,
    0xd, 0x0, 0x85, 0x0, 0x50, 0x2, 0x60, 0x4,
    0x80, 0x43, 0x20, 0x2e, 0x1, 0x58, 0x85, 0x80,
    0x50, 0xa0, 0xea, 0x1, 0x20, 0x34, 0x0, 0x69,
    0xa9, 0x0, 0xe0,

    /* U+002A "*" */
    0x0, 0xf6, 0xfe, 0x80, 0x7f, 0xc2, 0xc, 0x1,
    0xff, 0x38, 0x8, 0x7, 0x8d, 0x40, 0x22, 0x3,
    0x0, 0x8c, 0x42, 0xa9, 0xae, 0x2, 0x1c, 0xb,
    0x98, 0x70, 0x70, 0x28, 0xf5, 0xc, 0xea, 0x30,
    0xd0, 0xfa, 0x62, 0x2, 0x4, 0x11, 0x24, 0x40,
    0x5, 0x67, 0x64, 0x2, 0xbe, 0xb7, 0x30, 0xc,
    0x72, 0x8, 0x12, 0x1, 0xf0, 0xe8, 0x2d, 0x89,
    0x58, 0x7, 0xb0, 0x42, 0xc2, 0x1, 0x20, 0x3,
    0x21, 0x4, 0x8, 0x31, 0x3, 0x8, 0x4, 0x9a,
    0xae, 0x1, 0x4a, 0x78, 0x80, 0x62, 0xa0, 0xc,
    0x96, 0x20, 0x0,

    /* U+002B "+" */
    0x0, 0xe7, 0x78, 0x80, 0x3f, 0xc, 0x44, 0xc0,
    0x1f, 0xfd, 0xf2, 0x33, 0x94, 0x2, 0x33, 0xee,
    0xcc, 0xac, 0x2, 0x8c, 0xcb, 0x40, 0x3f, 0xf9,
    0xd9, 0xff, 0x70, 0x5, 0x7f, 0xf7, 0x0, 0x7f,
    0xfa, 0x0,

    /* U+002C "," */
    0x4, 0xff, 0x80, 0x3f, 0xf9, 0x4, 0x0, 0x30,
    0x6, 0x0, 0x28, 0x5, 0x40, 0x98, 0xc, 0xc1,
    0xc0, 0x2, 0xce, 0x30, 0x0,

    /* U+002D "-" */
    0x5d, 0xdf, 0xf1, 0x19, 0x17, 0xf8, 0x3, 0xff,
    0x82,

    /* U+002E "." */
    0x4, 0x98, 0x10, 0x4b, 0x67, 0xf0, 0xd0, 0x8,
    0x4f, 0x80, 0x31, 0x3a, 0x80, 0xc8, 0x80,

    /* U+002F "/" */
    0x0, 0xf9, 0xff, 0xda, 0x1, 0xf5, 0x80, 0x28,
    0x3, 0xc4, 0x60, 0x5, 0x0, 0xf2, 0x80, 0xc,
    0x80, 0x3d, 0x40, 0xb, 0x0, 0xf1, 0x10, 0x0,
    0xc0, 0x1e, 0xa0, 0x1, 0x88, 0x7, 0x98, 0x1,
    0x40, 0x1e, 0x31, 0x0, 0x38, 0x7, 0xa8, 0x0,
    0x82, 0x1, 0xe7, 0x0, 0x70, 0x7, 0x90, 0x40,
    0xa, 0x1, 0xed, 0x0, 0x28, 0x7, 0xce, 0x0,
    0xf0, 0xf, 0x20, 0x80, 0x14, 0x3, 0xdc, 0x0,
    0x50, 0xf, 0x94, 0x1, 0xc0, 0x1e, 0x50, 0x0,
    0xa0, 0x7, 0xbc, 0x0, 0xe0, 0x1f, 0x28, 0x3,
    0x40, 0x3c,

    /* U+0030 "0" */
    0x0, 0x8a, 0x7b, 0xfd, 0x8c, 0x1, 0xc9, 0xac,
    0x20, 0x3, 0x9c, 0x10, 0x0, 0xd8, 0x4, 0x20,
    0x11, 0xd8, 0x2, 0x40, 0x2b, 0xef, 0x60, 0x2,
    0x90, 0x30, 0x1, 0x50, 0x1, 0x20, 0x12, 0x88,
    0x80, 0x18, 0x1, 0x8c, 0x1, 0x86, 0x1, 0x18,
    0x6, 0x10, 0x3, 0x88, 0x7, 0x8f, 0x48, 0x0,
    0x20, 0x1e, 0x6c, 0x20, 0xf, 0xc7, 0x52, 0x10,
    0x80, 0x1f, 0x4a, 0x8e, 0x38, 0x7, 0xf2, 0x79,
    0x80, 0x70, 0x80, 0x4d, 0x62, 0x1, 0xc2, 0x60,
    0x17, 0x80, 0x66, 0x0, 0x38, 0x88, 0x1, 0x80,
    0x18, 0x80, 0x6, 0xc, 0x0, 0x54, 0x0, 0x48,
    0x5, 0x41, 0x22, 0x0, 0xbe, 0xf6, 0x0, 0x29,
    0x0, 0xd0, 0x4, 0x20, 0x11, 0xd8, 0x4, 0x9a,
    0xc2, 0x0, 0x38, 0xc1, 0x0,

    /* U+0031 "1" */
    0x0, 0xf8, 0xcc, 0x1, 0x8a, 0x37, 0x10, 0x5,
    0xb3, 0x5c, 0x80, 0x13, 0xd2, 0x60, 0x1c, 0xa0,
    0x1f, 0xe5, 0xbd, 0x0, 0xd1, 0xf4, 0x80, 0x1c,
    0x80, 0x1f, 0xff, 0xf0, 0xf, 0xfe, 0xa0,

    /* U+0032 "2" */
    0x0, 0xcd, 0x7d, 0xfd, 0x6a, 0x1, 0xc5, 0xb2,
    0x82, 0x2, 0x95, 0x40, 0xd, 0xe4, 0x1, 0xf2,
    0xb8, 0x2, 0x8, 0x0, 0xff, 0xeb, 0x10, 0x4,
    0x80, 0x18, 0x0, 0x90, 0x0, 0x48, 0x0, 0x9,
    0x8, 0x80, 0x18, 0x1, 0x94, 0x2, 0x11, 0x77,
    0x4e, 0x1, 0x98, 0x2, 0x10, 0x11, 0x80, 0x3a,
    0x40, 0x4, 0x40, 0xf, 0xce, 0x60, 0xb, 0x0,
    0xfc, 0x90, 0x0, 0x46, 0x0, 0xf8, 0xec, 0x0,
    0x34, 0x1, 0xf1, 0x68, 0x0, 0x70, 0x40, 0x3c,
    0x38, 0x20, 0xd, 0x20, 0xf, 0xe, 0x8, 0x2,
    0xcc, 0x3, 0xed, 0x20, 0x5, 0x20, 0x7, 0xd6,
    0x60, 0x9, 0x50, 0xf, 0xa5, 0x0, 0x2b, 0xdd,
    0xf5, 0x81, 0x0, 0x62, 0x2f, 0x94, 0x3, 0xff,
    0x84,

    /* U+0033 "3" */
    0x0, 0x9a, 0xff, 0xdd, 0x8e, 0x1, 0x87, 0x25,
    0x0, 0x2, 0x71, 0xc4, 0x0, 0xd3, 0x0, 0x84,
    0x2, 0x1f, 0x4, 0x30, 0x2, 0xf7, 0x3d, 0x80,
    0x4, 0xb8, 0x1, 0x58, 0x80, 0x24, 0x2, 0xc8,
    0xee, 0x84, 0x3, 0x8, 0x6, 0x11, 0x80, 0x31,
    0x8, 0x3, 0x80, 0x3e, 0x3e, 0x0, 0xb, 0x0,
    0x6a, 0xff, 0x61, 0x80, 0xe8, 0x80, 0x7f, 0xa4,
    0xc0, 0x3b, 0x51, 0x2, 0x0, 0x8b, 0x0, 0xe7,
    0xbb, 0x74, 0x80, 0x11, 0xc0, 0x3f, 0x31, 0x80,
    0x2c, 0xd1, 0x6, 0x1, 0xcc, 0x0, 0x28, 0xbb,
    0x68, 0x7, 0x30, 0x0, 0xf0, 0x0, 0x32, 0x1,
    0x39, 0x80, 0x11, 0x84, 0x0, 0xdf, 0xbf, 0x0,
    0x14, 0xe, 0x10, 0x4, 0x40, 0x10, 0xe0, 0x81,
    0x6c, 0x18, 0x0, 0x4e, 0x38, 0xc0,

    /* U+0034 "4" */
    0x0, 0xfd, 0x9f, 0xf0, 0x80, 0x7f, 0x31, 0x80,
    0x7f, 0xf0, 0x6, 0x0, 0x3f, 0xf8, 0x30, 0x20,
    0x1f, 0xfc, 0x3, 0x60, 0xf, 0xfe, 0xf, 0x0,
    0x10, 0x3, 0xfc, 0xc4, 0x9, 0x80, 0x1f, 0xc3,
    0x20, 0xa, 0x0, 0xff, 0x58, 0x2, 0x4, 0x3,
    0xf9, 0x14, 0x9, 0xc0, 0x3f, 0xd2, 0x0, 0xe0,
    0xf, 0xf3, 0x90, 0x31, 0x80, 0x7f, 0xc, 0x0,
    0x1f, 0x76, 0x90, 0xb, 0x34, 0xc8, 0x2, 0x12,
    0x28, 0x40, 0x22, 0x23, 0x88, 0x7, 0xff, 0x8,
    0xbf, 0xfe, 0x80, 0xb, 0xbd, 0x0, 0x3f, 0xfc,
    0x20,

    /* U+0035 "5" */
    0x0, 0x7f, 0xff, 0x90, 0x8, 0x3, 0xff, 0x80,
    0xc0, 0x1f, 0xfc, 0x2, 0x0, 0x17, 0xff, 0xc8,
    0x2, 0x0, 0x10, 0xf, 0xee, 0x0, 0x30, 0x7,
    0xf1, 0x0, 0xd, 0xaa, 0xe5, 0x40, 0x33, 0x0,
    0x1a, 0x55, 0x1a, 0xb0, 0x40, 0x6, 0x1, 0xf8,
    0xf4, 0x0, 0xc6, 0xf, 0xdf, 0x86, 0x0, 0x35,
    0x8, 0xcf, 0x81, 0x3, 0xd0, 0xb, 0xc0, 0x3f,
    0xa, 0x0, 0x1c, 0x3, 0xf8, 0x40, 0x6, 0x67,
    0x78, 0x3, 0x84, 0x0, 0x6b, 0x11, 0x18, 0x6,
    0x50, 0x3, 0xb8, 0x2, 0xe2, 0x0, 0x48, 0x80,
    0x3c, 0x5c, 0x0, 0x5b, 0xae, 0x60, 0x1, 0x28,
    0x43, 0x0, 0x44, 0x20, 0x2, 0xf0, 0xa, 0x71,
    0x44, 0x0, 0x71, 0xa4, 0x0,

    /* U+0036 "6" */
    0x0, 0xe2, 0x8c, 0xef, 0x20, 0xf, 0x4e, 0xb9,
    0x88, 0x7, 0x87, 0x58, 0x3, 0xfd, 0x44, 0x0,
    0x4b, 0xff, 0x10, 0x4, 0xa8, 0x0, 0x8b, 0x40,
    0xf, 0x40, 0x1, 0x5c, 0x3, 0xe2, 0x20, 0x2,
    0x52, 0xb7, 0x20, 0x40, 0x8, 0x1, 0x4d, 0xa9,
    0x1b, 0xf9, 0x87, 0x0, 0x4a, 0x1, 0xc3, 0xa0,
    0x40, 0x11, 0x5f, 0xe9, 0x80, 0x5, 0x80, 0x37,
    0xa0, 0x16, 0x80, 0x5a, 0x1, 0x9, 0x0, 0x42,
    0xa0, 0x6, 0x0, 0xfe, 0x30, 0x1, 0xe8, 0x0,
    0x40, 0x38, 0xc0, 0x6, 0x80, 0x12, 0x80, 0x64,
    0x0, 0x39, 0x90, 0x2, 0xc8, 0x1, 0x42, 0x0,
    0xf0, 0xe0, 0x0, 0xee, 0xbd, 0x40, 0x6, 0xa0,
    0x74, 0x1, 0x10, 0x4, 0x7a, 0x1, 0x2e, 0xb0,
    0x80, 0xe, 0x70, 0x40,

    /* U+0037 "7" */
    0x2f, 0xff, 0xfe, 0x6, 0x80, 0x7f, 0xf0, 0x8c,
    0x47, 0xf8, 0x2, 0x71, 0xee, 0xfd, 0x80, 0x14,
    0x80, 0x7f, 0x58, 0x0, 0xcc, 0x1, 0xf8, 0x58,
    0x1, 0x20, 0x1f, 0xcc, 0x0, 0x15, 0x0, 0xfe,
    0x90, 0x3, 0x0, 0x7f, 0x28, 0x80, 0x24, 0x3,
    0xfa, 0x40, 0xa, 0x20, 0x1f, 0x90, 0xc0, 0x1c,
    0x1, 0xfd, 0xe0, 0x2, 0x40, 0xf, 0xc4, 0x80,
    0xb, 0x0, 0xfe, 0xb0, 0x9, 0x80, 0x3f, 0xb,
    0x0, 0x18, 0x3, 0xf9, 0x80, 0x2b, 0x0, 0xfe,
    0x90, 0x2, 0x10, 0x7, 0xe6, 0x10, 0x7, 0x80,
    0x7f, 0x58, 0x0, 0x90, 0x3, 0xc0,

    /* U+0038 "8" */
    0x0, 0x96, 0xfb, 0xfd, 0x8c, 0x1, 0xd5, 0x44,
    0x10, 0x1, 0xce, 0x8, 0x1, 0xd4, 0x2, 0x10,
    0x8, 0xec, 0x1, 0x20, 0x1, 0xde, 0xe1, 0x80,
    0x14, 0x88, 0x20, 0x8, 0x20, 0x18, 0x0, 0x9c,
    0x3, 0x18, 0x4, 0xc0, 0x18, 0x80, 0x2d, 0x0,
    0x9c, 0x2, 0x60, 0x50, 0x3, 0xa0, 0x1c, 0x0,
    0xc, 0xc1, 0x66, 0x0, 0xbf, 0xc2, 0x1, 0xe0,
    0x0, 0xf8, 0x7, 0xd6, 0x40, 0x4, 0xc0, 0x8,
    0x80, 0x2a, 0x70, 0x1b, 0x0, 0x27, 0x6f, 0xb0,
    0x2, 0xd, 0xc0, 0x2a, 0x10, 0x4, 0x88, 0x2,
    0xbc, 0x2, 0x10, 0xc, 0x40, 0x5, 0x10, 0x8,
    0x40, 0x31, 0x0, 0x1f, 0x40, 0x2a, 0x10, 0x4,
    0x88, 0x0, 0xd4, 0x80, 0x9, 0xdb, 0xec, 0x0,
    0x19, 0xf, 0x20, 0x8, 0x80, 0x21, 0xd1, 0x2,
    0xd9, 0x31, 0x0, 0x1c, 0x79, 0x80,

    /* U+0039 "9" */
    0x0, 0x96, 0xfb, 0xfa, 0x88, 0x3, 0xaa, 0x88,
    0x20, 0x2b, 0xaa, 0x1, 0x42, 0x80, 0x42, 0x1,
    0x51, 0x81, 0x38, 0x0, 0xfb, 0x98, 0x20, 0xf,
    0x5, 0x0, 0xb8, 0x40, 0xe0, 0x0, 0x65, 0x80,
    0x2, 0x20, 0x4, 0xe0, 0x12, 0x38, 0x0, 0x40,
    0x30, 0x80, 0x5c, 0xe0, 0x1, 0x0, 0xe1, 0x0,
    0x9, 0x80, 0x8, 0x80, 0x11, 0x8, 0x5, 0x60,
    0x17, 0x98, 0x1f, 0x80, 0x63, 0x40, 0x1, 0x67,
    0xe1, 0x0, 0x42, 0x14, 0x60, 0x1c, 0x40, 0x16,
    0x80, 0xe5, 0x2a, 0x2c, 0xf0, 0x4, 0xe0, 0x12,
    0xd5, 0xd3, 0x50, 0x0, 0x88, 0x1, 0xf2, 0x30,
    0x2, 0xc0, 0x3c, 0x73, 0x60, 0x3, 0x60, 0xd,
    0xfe, 0xc6, 0x0, 0x16, 0x80, 0x7f, 0x97, 0x4,
    0x3, 0xc2, 0x6d, 0x94, 0x20, 0x10,

    /* U+003A ":" */
    0x8, 0xff, 0x40, 0x23, 0x80, 0x1d, 0xc, 0x3,
    0x12, 0x80, 0x64, 0x2c, 0x66, 0x61, 0x1, 0xcc,
    0x8c, 0x3, 0xff, 0x9c, 0x73, 0x23, 0x2, 0xc6,
    0x66, 0x12, 0x80, 0x64, 0x20, 0xc, 0x4a, 0xe0,
    0x7, 0x40,

    /* U+003B ";" */
    0x0, 0x3c, 0xb0, 0x2, 0x61, 0xa6, 0x40, 0xc0,
    0x13, 0x81, 0x0, 0x44, 0x1c, 0x40, 0x7c, 0x7,
    0xbf, 0x84, 0x1, 0xff, 0xd9, 0x5f, 0xf8, 0x3,
    0xff, 0x8a, 0x20, 0x2, 0x0, 0x28, 0x3, 0x0,
    0x1c, 0x2, 0x80, 0x4a, 0x6, 0x60, 0xf0, 0x1,
    0x67, 0x10, 0x0,

    /* U+003C "<" */
    0x0, 0xff, 0xe5, 0xa5, 0x98, 0x7, 0xc2, 0xfd,
    0x68, 0x1, 0xe3, 0xae, 0x81, 0x0, 0xf3, 0x6e,
    0x28, 0x6, 0x52, 0x9, 0xf9, 0x20, 0x9, 0x6b,
    0xe8, 0x41, 0x80, 0x24, 0xaf, 0xa5, 0x0, 0xf8,
    0x4d, 0xc0, 0x3e, 0x40, 0x0, 0xbe, 0xea, 0x8,
    0x3, 0x5e, 0xb8, 0x80, 0x9, 0xf7, 0x50, 0x20,
    0x2, 0x8e, 0x93, 0x0, 0x89, 0xc8, 0x3, 0x9b,
    0x30, 0xa0, 0x1f, 0xf1, 0xd7, 0x41, 0x0, 0x7f,
    0x85, 0xf4, 0xc0,

    /* U+003D "=" */
    0xff, 0xff, 0xe0, 0x0, 0x7f, 0xf0, 0x84, 0x7f,
    0xf8, 0x1, 0xdd, 0xff, 0xc0, 0x0, 0xff, 0xe1,
    0x77, 0x7f, 0xf0, 0x0, 0x47, 0xff, 0x80, 0x1,
    0xff, 0xc2,

    /* U+003E ">" */
    0x0, 0xff, 0xe0, 0x63, 0x0, 0x7f, 0x8e, 0x7e,
    0x4c, 0x3, 0xfc, 0xd9, 0x86, 0x0, 0xe7, 0x10,
    0x8, 0xe7, 0xe4, 0x80, 0x11, 0xd8, 0xe4, 0x1,
    0x36, 0xe1, 0x80, 0xe, 0x37, 0x1c, 0x80, 0x6,
    0x80, 0x1c, 0x5c, 0xc0, 0x1e, 0x16, 0xbe, 0x94,
    0x0, 0x9, 0xb5, 0xf4, 0xa0, 0x4, 0x95, 0xc9,
    0x28, 0x1, 0xb, 0xed, 0xa8, 0x7, 0x1d, 0x74,
    0x10, 0x6, 0x16, 0xcc, 0x28, 0x7, 0xdd, 0x26,
    0x1, 0xfc,

    /* U+003F "?" */
    0x0, 0x1d, 0x77, 0xfb, 0xa9, 0x0, 0x27, 0xc5,
    0x10, 0x0, 0xad, 0xd0, 0x24, 0x0, 0x7e, 0x56,
    0xf0, 0xa, 0xbf, 0xd6, 0x1, 0x52, 0x80, 0x11,
    0x40, 0x8, 0xa0, 0x3, 0xfd, 0xd5, 0x0, 0x63,
    0x0, 0x84, 0x88, 0x20, 0x10, 0xb8, 0x1, 0x0,
    0x3e, 0xa1, 0x0, 0x40, 0x7, 0xa9, 0x0, 0xe,
    0x60, 0x1d, 0x6a, 0x0, 0x78, 0x0, 0xe5, 0x40,
    0x4, 0x40, 0x3, 0xd8, 0x0, 0x37, 0x0, 0xf8,
    0xc0, 0x8, 0x1, 0xfa, 0x33, 0x12, 0x1, 0xf8,
    0x8c, 0xc2, 0x1, 0xf9, 0xb7, 0xc, 0x3, 0xe1,
    0x92, 0x3e, 0x0, 0xff, 0xe3, 0x8b, 0x80, 0xc8,
    0x6,

    /* U+0040 "@" */
    0x0, 0xe4, 0xbe, 0xfe, 0xa3, 0x0, 0xfa, 0xad,
    0x4, 0x5, 0x72, 0x0, 0x3b, 0x14, 0xab, 0xfd,
    0xd2, 0x2e, 0xc0, 0x14, 0x19, 0xb1, 0x40, 0x2,
    0xda, 0x10, 0x0, 0x27, 0xe, 0x10, 0xe, 0x36,
    0x15, 0xb, 0x6, 0x20, 0x5d, 0xfe, 0x90, 0xd0,
    0xf0, 0x70, 0xa0, 0x6a, 0x20, 0x16, 0x46, 0x6,
    0x21, 0x3, 0x19, 0x7, 0xf3, 0x7, 0x30, 0x17,
    0x3, 0x7, 0x2, 0x80, 0x20, 0x20, 0x8, 0x81,
    0x83, 0x1, 0x40, 0x2, 0x2, 0x60, 0xc0, 0x19,
    0xc3, 0x80, 0x38, 0x40, 0x80, 0x3f, 0x10, 0x10,
    0x28, 0x79, 0x3, 0x3, 0x6, 0x3, 0x80, 0x54,
    0xe, 0xe0, 0x30, 0xd0, 0x5e, 0xa0, 0x2e, 0x37,
    0x12, 0x10, 0x66, 0x80, 0x13, 0x42, 0x27, 0x80,
    0x4, 0x84, 0xc, 0xff, 0x32, 0xf7, 0xc0, 0x4,
    0xe4, 0x3e, 0xc2, 0x0, 0x46, 0x0, 0xf6, 0x10,
    0xcf, 0x7f, 0xae, 0x0, 0x3c, 0x3b, 0x26, 0x20,
    0x29, 0x60, 0x18,

    /* U+0041 "A" */
    0x0, 0xf6, 0x7f, 0xb0, 0x3, 0xfe, 0x13, 0x0,
    0x18, 0x80, 0x7f, 0x9c, 0x3, 0x38, 0x7, 0xfb,
    0x40, 0x36, 0x80, 0x7f, 0x90, 0x3, 0x20, 0x80,
    0x7e, 0x50, 0x0, 0x90, 0x1, 0x0, 0x3f, 0x78,
    0x1, 0xd4, 0x1, 0xe0, 0x1f, 0x94, 0x1, 0x98,
    0x0, 0x28, 0x7, 0xc8, 0x1, 0x22, 0x0, 0x24,
    0x0, 0xf6, 0x80, 0xc, 0x40, 0xc0, 0x1a, 0x1,
    0xe7, 0x0, 0x58, 0x2, 0xc0, 0xe, 0x1, 0xc8,
    0x20, 0x4, 0x0, 0x20, 0x0, 0x4c, 0x3, 0x68,
    0x5, 0x9f, 0xec, 0x0, 0xac, 0x3, 0x38, 0x7,
    0xf9, 0x40, 0x23, 0x10, 0xf, 0xf1, 0x10, 0x1,
    0x60, 0x17, 0x7f, 0xed, 0x0, 0x94, 0x0, 0xa0,
    0x3, 0x10, 0xc, 0x44, 0x0, 0x58, 0x11, 0x0,
    0x8, 0x1, 0xe4, 0x0, 0x18, 0xa8, 0x5, 0x60,
    0x1e, 0xd0, 0x9, 0xc0,

    /* U+0042 "B" */
    0x5f, 0xff, 0xba, 0x94, 0x3, 0xfe, 0x15, 0xac,
    0x10, 0xf, 0x8, 0x80, 0x31, 0xe8, 0x7, 0x67,
    0x73, 0xf0, 0x80, 0x6, 0x60, 0xf, 0xc7, 0xc0,
    0x12, 0x0, 0x7f, 0x18, 0x5, 0xe0, 0x1f, 0xc4,
    0x1, 0x70, 0x7, 0xf4, 0x0, 0x4e, 0x1, 0xa6,
    0x6a, 0xe5, 0x0, 0x48, 0x80, 0x65, 0x66, 0x28,
    0x80, 0x25, 0x80, 0x3f, 0xf8, 0x13, 0x20, 0xe,
    0xcf, 0xfb, 0x98, 0x0, 0xcc, 0x0, 0xfc, 0x32,
    0x60, 0xa, 0x0, 0xff, 0x30, 0x0, 0xc0, 0x3f,
    0xcc, 0x0, 0x10, 0xf, 0xe8, 0x30, 0x2, 0x0,
    0x6d, 0xee, 0xbd, 0xc0, 0x29, 0x0, 0xc2, 0x38,
    0x3, 0x51, 0x80, 0x7f, 0x1b, 0xea, 0x80,

    /* U+0043 "C" */
    0x0, 0x8a, 0x77, 0xfd, 0xb2, 0x40, 0x1c, 0xba,
    0xc4, 0x0, 0x26, 0xd6, 0x0, 0x92, 0x80, 0x3f,
    0x4a, 0x0, 0x28, 0x0, 0x39, 0xfe, 0xb1, 0x0,
    0x48, 0x28, 0x80, 0x2c, 0xc0, 0x9, 0x0, 0x2,
    0x3f, 0x0, 0xa, 0x80, 0x64, 0x0, 0x95, 0xc0,
    0xa, 0x1, 0xc5, 0x99, 0x39, 0x0, 0x4, 0x3,
    0xc6, 0x70, 0x80, 0x7f, 0xfb, 0x4, 0x0, 0x20,
    0x1e, 0x11, 0x81, 0x40, 0xa, 0x1, 0xc5, 0xdd,
    0x36, 0x80, 0x5, 0x0, 0x32, 0x0, 0x4a, 0xc2,
    0x0, 0xa3, 0x0, 0x24, 0x80, 0x8, 0xc2, 0xc0,
    0x3, 0x9f, 0xeb, 0x0, 0xa4, 0x0, 0xb0, 0x1,
    0xfa, 0x90, 0x2, 0x7d, 0x51, 0x0, 0x13, 0xea,
    0x80, 0x0,

    /* U+0044 "D" */
    0x6f, 0xfe, 0xeb, 0x60, 0xf, 0xf8, 0x52, 0x79,
    0x0, 0x3e, 0x11, 0x0, 0x43, 0x6a, 0x1, 0xed,
    0xef, 0x80, 0xa, 0x84, 0x3, 0xf3, 0xd0, 0x5,
    0x0, 0x1f, 0xca, 0x60, 0x6, 0x0, 0xff, 0x50,
    0x4, 0x60, 0x1f, 0xc4, 0x1, 0x28, 0x7, 0xf3,
    0x0, 0x42, 0x1, 0xff, 0xd9, 0x10, 0x8, 0x40,
    0x3f, 0x94, 0x2, 0x20, 0xf, 0xed, 0x0, 0x90,
    0x3, 0xf2, 0x20, 0x0, 0xc0, 0x1f, 0x96, 0xc0,
    0x28, 0x0, 0xed, 0xef, 0xa0, 0xa, 0x84, 0x3,
    0x84, 0x40, 0x10, 0xda, 0x80, 0x7f, 0x1c, 0x7a,
    0x0, 0x40,

    /* U+0045 "E" */
    0x2f, 0xff, 0xfe, 0x2, 0x0, 0x7f, 0xf1, 0xc4,
    0x7f, 0x0, 0x74, 0x77, 0x7e, 0x40, 0xf, 0xff,
    0x84, 0x7f, 0xfc, 0x1, 0xff, 0xc8, 0x12, 0x2f,
    0x80, 0x3d, 0x3b, 0xbf, 0x0, 0x7f, 0xfc, 0xa3,
    0xbb, 0xf2, 0x0, 0x70, 0x8f, 0xf0, 0x7, 0xff,
    0x8,

    /* U+0046 "F" */
    0x1f, 0xff, 0xfe, 0x3, 0x0, 0x7f, 0xf1, 0xc4,
    0x7f, 0x18, 0x6, 0x8e, 0xef, 0xca, 0x1, 0xff,
    0xf0, 0x8e, 0xef, 0x94, 0x3, 0xc2, 0x3f, 0x18,
    0x7, 0xff, 0x1e, 0x3f, 0xfe, 0x60, 0xf, 0xff,
    0xf8, 0x7, 0xff, 0x30,

    /* U+0047 "G" */
    0x0, 0x86, 0x77, 0xfd, 0xb2, 0x40, 0x1c, 0x9c,
    0xc4, 0x0, 0x26, 0xd7, 0x0, 0x8e, 0xc0, 0x3f,
    0x42, 0x0, 0x38, 0x2, 0x9f, 0xf5, 0x88, 0x2,
    0x41, 0x8, 0x0, 0xec, 0x0, 0x48, 0x0, 0x11,
    0x34, 0x2, 0x90, 0xc, 0x86, 0x70, 0xa8, 0x0,
    0x84, 0x3, 0x16, 0x64, 0x62, 0x0, 0x60, 0xf,
    0xf1, 0x80, 0x7f, 0xf1, 0xca, 0xab, 0xc6, 0x1,
    0xe6, 0x55, 0xf3, 0x18, 0x7, 0xff, 0x4, 0x40,
    0xc, 0x0, 0x4f, 0xf6, 0x0, 0x65, 0x0, 0x10,
    0x7, 0xfb, 0x0, 0x27, 0x0, 0xfc, 0x6a, 0x40,
    0x8, 0x50, 0x0, 0xd8, 0x7, 0x48, 0x5, 0x5f,
    0xdc, 0x70, 0x8, 0x81, 0x28, 0x3, 0x8, 0x4,
    0x34, 0x80, 0x5, 0xd6, 0x20, 0x0, 0xa4, 0xf2,
    0x80,

    /* U+0048 "H" */
    0x7f, 0xf8, 0x40, 0x35, 0x7f, 0xb4, 0x3, 0xff,
    0xfe, 0x1, 0xff, 0xc8, 0xfe, 0xec, 0xa0, 0x1f,
    0x8, 0xf0, 0x7, 0xff, 0x27, 0xbf, 0xf2, 0x80,
    0x7f, 0xff, 0xc0, 0x3f, 0xf8, 0xe0,

    /* U+0049 "I" */
    0x8f, 0xff, 0xf1, 0x0, 0x7f, 0xf0, 0x3c, 0x46,
    0x0, 0xc2, 0x31, 0xbf, 0x74, 0x1, 0x3f, 0x74,
    0x20, 0x1f, 0xff, 0xf0, 0xf, 0xff, 0xcb, 0xf7,
    0x40, 0x13, 0xf7, 0x43, 0xe2, 0x30, 0x6, 0x11,
    0x8c, 0x3, 0xff, 0x80,

    /* U+004A "J" */
    0x0, 0xfe, 0x9f, 0xf8, 0x3, 0xff, 0xfe, 0x1,
    0xff, 0xff, 0x0, 0xf3, 0x5d, 0xc0, 0x1c, 0x60,
    0x1, 0x12, 0x24, 0x40, 0x19, 0x0, 0x4, 0x80,
    0x14, 0x88, 0x2, 0x84, 0x1, 0x46, 0x80, 0x4,
    0xee, 0x7a, 0x80, 0x9, 0x82, 0x8c, 0x2, 0x10,
    0x8, 0xf0, 0x0, 0x39, 0x28, 0x20, 0x3, 0x9c,
    0x10,

    /* U+004B "K" */
    0x5f, 0xf8, 0xc0, 0x30, 0xf7, 0xfc, 0xc0, 0x1f,
    0xd6, 0x20, 0x5, 0x60, 0xf, 0xcc, 0xa0, 0x2,
    0xa0, 0xf, 0xc5, 0x20, 0x17, 0x0, 0x7f, 0x70,
    0x5, 0x26, 0x1, 0xf9, 0xcc, 0x0, 0xac, 0x1,
    0xf8, 0xe0, 0x0, 0x36, 0x1, 0xf9, 0xf8, 0x2,
    0xd1, 0x0, 0xfd, 0x24, 0x0, 0x43, 0x0, 0xfe,
    0x20, 0x9, 0xc, 0x3, 0xff, 0x85, 0xe0, 0x1f,
    0xe2, 0x40, 0x1, 0xb0, 0x7, 0xe1, 0xf9, 0x0,
    0xa4, 0x40, 0x3e, 0xa2, 0x23, 0x80, 0x56, 0x1,
    0xf3, 0x80, 0x20, 0x40, 0xa, 0x60, 0x1f, 0xeb,
    0x0, 0xb8, 0x3, 0xfc, 0xa8, 0x0, 0x27, 0x0,
    0xff, 0x48, 0x5, 0x2, 0x1, 0xfc, 0x4e, 0x1,
    0x58,

    /* U+004C "L" */
    0x1f, 0xf9, 0xc0, 0x3f, 0xff, 0xe0, 0x1f, 0xff,
    0xf0, 0xf, 0xff, 0xec, 0x77, 0x7e, 0x20, 0xe,
    0x11, 0xfc, 0x1, 0xff, 0xc3,

    /* U+004D "M" */
    0x6f, 0xfc, 0x40, 0x5, 0xff, 0xc6, 0x1, 0xc8,
    0x0, 0xf0, 0xf, 0xf6, 0x0, 0x10, 0x3, 0xfc,
    0x80, 0x62, 0x1, 0xfe, 0x12, 0x40, 0xf, 0xe2,
    0x0, 0x25, 0x81, 0x88, 0x7, 0x84, 0xc3, 0x4c,
    0x10, 0x40, 0x3e, 0x40, 0x40, 0x5, 0x80, 0x7e,
    0xc0, 0x8, 0x4c, 0x3, 0xe1, 0x40, 0x9, 0xc0,
    0x3f, 0xc8, 0x0, 0xc0, 0xf, 0xf6, 0x80, 0x14,
    0x3, 0xfc, 0x88, 0x60, 0xf, 0xe3, 0x2, 0xb9,
    0x1, 0x0, 0xff, 0xff, 0x0,

    /* U+004E "N" */
    0x7f, 0xf9, 0x40, 0x35, 0xff, 0xb4, 0x3, 0x48,
    0x7, 0xff, 0x0, 0xcc, 0x1, 0xff, 0xc0, 0xa0,
    0xf, 0xfe, 0x3, 0x8, 0x7, 0xff, 0x1, 0x80,
    0x3f, 0xf8, 0x14, 0x1, 0xfe, 0x50, 0x24, 0x0,
    0xfe, 0xe0, 0x7, 0x80, 0x7f, 0x32, 0x2, 0x10,
    0x7, 0xf7, 0x80, 0x28, 0x3, 0xf9, 0x8, 0x19,
    0xc0, 0x3f, 0xac, 0x4, 0xc0, 0x3f, 0x98, 0x3,
    0xff, 0x82, 0xc0, 0x1f, 0xfc, 0xb, 0x0, 0xff,
    0xe0, 0x11, 0x80, 0x7f, 0xf0, 0x24, 0x3, 0xff,
    0x80, 0xa2, 0x1, 0x0,

    /* U+004F "O" */
    0x0, 0x8e, 0xbb, 0xfd, 0x8c, 0x1, 0xe7, 0xc5,
    0x10, 0x1, 0xce, 0x8, 0x4, 0xb0, 0x1, 0xf1,
    0xe0, 0x5, 0x60, 0x1, 0xcf, 0xe5, 0x0, 0x13,
    0x83, 0x8, 0x2, 0x8c, 0x6, 0x8c, 0x1, 0x21,
    0x80, 0x1, 0x40, 0xd, 0x40, 0x1, 0x37, 0x0,
    0x28, 0x7, 0x20, 0x4, 0xa4, 0x0, 0x10, 0xe,
    0x30, 0xb, 0x80, 0x3f, 0xf8, 0x22, 0x1, 0xff,
    0xdd, 0x12, 0x0, 0x8, 0x7, 0x18, 0x5, 0xcc,
    0x0, 0x50, 0xe, 0x40, 0x8, 0xb4, 0x0, 0x28,
    0x1, 0xa8, 0x0, 0x28, 0xc2, 0x0, 0xa3, 0x1,
    0x93, 0x0, 0x30, 0x2, 0xc0, 0x3, 0x9f, 0xcc,
    0x0, 0x28, 0x0, 0x2c, 0x0, 0x7c, 0x58, 0x1,
    0x9f, 0x14, 0x40, 0x7, 0x3a, 0x20, 0x0,

    /* U+0050 "P" */
    0x1f, 0xff, 0xba, 0xd0, 0x3, 0xfe, 0x14, 0xbb,
    0x0, 0x7c, 0x23, 0x0, 0x49, 0x60, 0x1d, 0x1d,
    0xd6, 0x90, 0x1, 0x10, 0x1, 0xf8, 0xbc, 0x2,
    0xd0, 0xf, 0xe2, 0x20, 0x1, 0x40, 0x3f, 0xf9,
    0x62, 0x40, 0x6, 0x0, 0xfc, 0x5a, 0x1, 0x70,
    0x6, 0x8e, 0xeb, 0x4c, 0x0, 0x88, 0x0, 0xe1,
    0x18, 0x2, 0x4b, 0x0, 0xfe, 0x14, 0xbb, 0x0,
    0x7a, 0x3f, 0xee, 0xb4, 0x0, 0xff, 0xff, 0x80,
    0x7f, 0xf0, 0x0,

    /* U+0051 "Q" */
    0x0, 0x8a, 0x7b, 0xfd, 0x8c, 0x1, 0xf3, 0x6b,
    0x8, 0x0, 0xe7, 0x48, 0x3, 0x24, 0x80, 0x7c,
    0x58, 0x20, 0x15, 0x0, 0x6, 0xff, 0x9c, 0x0,
    0x30, 0x0, 0x51, 0x0, 0x5a, 0x0, 0xc2, 0x0,
    0x18, 0x43, 0x0, 0x25, 0x0, 0xde, 0x1, 0x20,
    0x28, 0x0, 0xc0, 0x39, 0x0, 0x2d, 0x2, 0x0,
    0x38, 0x7, 0xf1, 0x0, 0x7f, 0xfc, 0x4c, 0x0,
    0xe0, 0x1f, 0xc6, 0xe, 0x0, 0x30, 0xe, 0x30,
    0xb, 0xc3, 0x0, 0x25, 0x0, 0xd2, 0x1, 0x38,
    0x30, 0x80, 0x2d, 0x0, 0x10, 0xa0, 0x5, 0x10,
    0x5, 0x80, 0x6, 0xff, 0xce, 0x0, 0x1b, 0x0,
    0x96, 0x40, 0x3f, 0x28, 0x80, 0x66, 0xd6, 0x10,
    0x1, 0x0, 0x13, 0x4, 0x3, 0x14, 0xf7, 0xfb,
    0x58, 0x0, 0x78, 0x20, 0x1f, 0xd3, 0x0, 0x1,
    0x0, 0xff, 0x9e, 0x53, 0x4, 0x3, 0xfe, 0x6b,
    0x0, 0x0,

    /* U+0052 "R" */
    0x5f, 0xff, 0xb6, 0x90, 0x3, 0xff, 0x80, 0x4b,
    0x76, 0x0, 0xf8, 0x46, 0x0, 0xc9, 0x40, 0x1e,
    0xde, 0xe7, 0xe0, 0x80, 0x14, 0xc0, 0x3f, 0x8e,
    0x80, 0x24, 0x0, 0xff, 0x20, 0x5, 0xc0, 0x1f,
    0xfc, 0x21, 0x0, 0xff, 0x20, 0x5, 0xc0, 0x1f,
    0xc9, 0x40, 0x13, 0x80, 0x76, 0xf7, 0x3e, 0xc4,
    0x1, 0x22, 0x1, 0xc2, 0x30, 0x4, 0x34, 0xc0,
    0x1f, 0xfc, 0x9, 0x50, 0xf, 0xb3, 0xfc, 0x60,
    0x9, 0x0, 0xff, 0xa4, 0x0, 0x2e, 0x1, 0xfe,
    0x52, 0x0, 0x40, 0x80, 0x7f, 0xa0, 0x2, 0x90,
    0xf, 0xf2, 0x90, 0x1, 0xc4, 0x3, 0xfd, 0x0,
    0x14, 0x80, 0x7f, 0x94, 0x80, 0xe, 0x20,

    /* U+0053 "S" */
    0x0, 0x8a, 0x77, 0xfd, 0xd4, 0x80, 0x1d, 0x1a,
    0xc4, 0x0, 0x15, 0xbb, 0x0, 0x4e, 0xe0, 0x8,
    0x44, 0x1, 0x25, 0x80, 0x20, 0x0, 0x59, 0xdd,
    0x20, 0x1, 0x12, 0x0, 0xa0, 0xc0, 0x3, 0x60,
    0x16, 0x80, 0x66, 0x0, 0xe7, 0x44, 0xa, 0x80,
    0x5e, 0x20, 0x1a, 0x2e, 0xd0, 0x28, 0x0, 0x3f,
    0x72, 0x0, 0xfa, 0x88, 0x0, 0x31, 0xba, 0x71,
    0x0, 0xc3, 0xac, 0x1, 0x8a, 0x3d, 0x40, 0x3a,
    0x75, 0xc8, 0x2, 0x1a, 0x70, 0xe, 0x28, 0xdd,
    0x30, 0x5, 0x4, 0x1, 0xf1, 0x4d, 0x80, 0x57,
    0xbf, 0xea, 0x0, 0xe4, 0x30, 0x2, 0xb0, 0x1,
    0x0, 0x3c, 0x20, 0x7, 0xe0, 0x0, 0xd9, 0x0,
    0x50, 0x40, 0x3, 0x55, 0x0, 0x13, 0x7b, 0x7d,
    0xc0, 0x3, 0x21, 0x4c, 0x1, 0x9, 0x0, 0x43,
    0xa2, 0x0, 0x9c, 0x62, 0x0, 0xa, 0x47, 0x18,
    0x0,

    /* U+0054 "T" */
    0xaf, 0xff, 0xfe, 0x12, 0x0, 0x7f, 0xf1, 0xc,
    0x47, 0x80, 0x30, 0x8f, 0x3c, 0xf7, 0x70, 0x4,
    0xfd, 0xdc, 0x60, 0x1f, 0xff, 0xf0, 0xf, 0xff,
    0xf8, 0x7, 0xff, 0xfc, 0x3, 0xff, 0x86,

    /* U+0055 "U" */
    0x6f, 0xf8, 0xc0, 0x34, 0xff, 0xc0, 0x1f, 0xff,
    0xf0, 0xf, 0xff, 0xf8, 0x7, 0x8c, 0x2, 0x70,
    0xc, 0x60, 0x1, 0x70, 0xb, 0x0, 0x32, 0x0,
    0x8, 0xa0, 0x3, 0x98, 0x2, 0x44, 0x1, 0x61,
    0x0, 0x16, 0x77, 0xb0, 0x0, 0x5c, 0x16, 0x0,
    0x21, 0x0, 0x87, 0x0, 0x27, 0xc5, 0x10, 0x1,
    0xbf, 0x90, 0x0,

    /* U+0056 "V" */
    0x7f, 0xf9, 0xc0, 0x3d, 0xbf, 0xf0, 0xa8, 0x5,
    0x80, 0x1c, 0x24, 0x0, 0x31, 0x21, 0x0, 0x20,
    0x7, 0x20, 0x5, 0x60, 0x7, 0x0, 0x8c, 0x3,
    0x60, 0x4, 0xa0, 0xd, 0x0, 0x90, 0x3, 0x20,
    0x0, 0x48, 0x0, 0x80, 0x16, 0x0, 0x44, 0x40,
    0x3, 0x80, 0x64, 0x0, 0x20, 0x4, 0x80, 0x16,
    0x80, 0x6d, 0x0, 0x8c, 0x1, 0x80, 0x12, 0x0,
    0x67, 0x0, 0x90, 0x0, 0x80, 0x4, 0x0, 0xe1,
    0x20, 0x6, 0x1, 0x8, 0x3, 0x40, 0x3c, 0xa0,
    0x4, 0x4, 0x0, 0x9c, 0x3, 0xd6, 0x1, 0x1e,
    0x0, 0x8, 0x40, 0x3c, 0x62, 0x0, 0x44, 0x0,
    0x14, 0x3, 0xf2, 0x0, 0x24, 0x40, 0x16, 0x1,
    0xfb, 0xc0, 0x2, 0x0, 0x13, 0x0, 0xfc, 0x80,
    0x1c, 0x80, 0x1f, 0xc2, 0x60, 0x1b, 0xc0, 0x3f,
    0xd6, 0x1, 0x90, 0x3, 0xfc, 0xa0, 0x11, 0x88,
    0x7, 0x0,

    /* U+0057 "W" */
    0x9f, 0xf5, 0x0, 0x27, 0xfc, 0x20, 0xf, 0xf9,
    0x38, 0x0, 0xc0, 0x2, 0x0, 0x28, 0x10, 0x4,
    0xc4, 0x0, 0x20, 0x3, 0x0, 0x8, 0x18, 0x2,
    0x26, 0x0, 0x8, 0x0, 0x80, 0x1c, 0x2, 0x0,
    0x20, 0x20, 0x8, 0x48, 0x2, 0x30, 0x20, 0x3,
    0x0, 0x80, 0x44, 0xc0, 0x13, 0x7, 0x0, 0x8,
    0x0, 0x60, 0x6, 0x20, 0x8, 0x80, 0x80, 0x1c,
    0x0, 0x60, 0x1, 0x70, 0x6, 0x26, 0x0, 0x10,
    0x0, 0x80, 0x1c, 0x40, 0x60, 0x6, 0x20, 0x3,
    0x80, 0x38, 0x0, 0x4e, 0x8, 0x0, 0x30, 0x8,
    0x80, 0x4, 0x0, 0x62, 0xe, 0x30, 0xb0, 0x0,
    0x80, 0x4c, 0x0, 0x20, 0x2, 0xb0, 0x18, 0x0,
    0x80, 0x22, 0x0, 0xe2, 0xd0, 0xc, 0xc0, 0x18,
    0x80, 0x21, 0x11, 0x0, 0x62, 0x0, 0xcc, 0x1,
    0x10, 0x38, 0x6, 0xe0, 0xc, 0x40, 0x12, 0x81,
    0x0, 0x65, 0x0, 0xdc, 0x1, 0x70, 0x0, 0x80,
    0x22, 0x0, 0xc4, 0x1, 0x10, 0x1, 0x80, 0x21,
    0x0, 0xcc, 0x1, 0x38, 0x0, 0xc0, 0x4, 0x1,
    0x0,

    /* U+0058 "X" */
    0x3f, 0xfb, 0x80, 0x38, 0x7f, 0xf1, 0x1a, 0x80,
    0x5, 0x80, 0x34, 0x80, 0x4c, 0x41, 0x0, 0x14,
    0x0, 0x42, 0xe0, 0x14, 0x0, 0x9, 0xc0, 0x2,
    0xc0, 0x9, 0x0, 0xa0, 0x40, 0x29, 0x10, 0x5,
    0x80, 0xb8, 0x0, 0x5c, 0x3, 0xc, 0x80, 0x9,
    0xa4, 0x2, 0xb0, 0xf, 0x39, 0x0, 0x2d, 0xc0,
    0x6, 0xa0, 0x1f, 0x40, 0x0, 0x80, 0x28, 0x0,
    0xfc, 0xa6, 0x1, 0x91, 0x0, 0x1f, 0xd4, 0x1,
    0xb8, 0x3, 0xfd, 0x60, 0x1a, 0x40, 0x3f, 0x9c,
    0x80, 0x31, 0xa8, 0x7, 0xc3, 0x20, 0x3, 0x20,
    0x4, 0x0, 0x7d, 0x22, 0x0, 0x88, 0x0, 0x9,
    0xc0, 0x38, 0x9c, 0x0, 0x68, 0xa4, 0x0, 0x81,
    0x0, 0xd0, 0x1, 0x40, 0x2, 0x0, 0x28, 0x0,
    0x8d, 0x40, 0x6, 0x80, 0x5, 0x20, 0x3, 0x10,
    0x3, 0xc0, 0x29, 0x0, 0xd6, 0x1, 0x48, 0x29,
    0x80, 0x9, 0x40, 0x33, 0x10, 0x1, 0x10,

    /* U+0059 "Y" */
    0x5f, 0xfa, 0x0, 0x3d, 0x3f, 0xf2, 0xa8, 0x80,
    0xc, 0x1, 0xc2, 0xc0, 0x2, 0x50, 0xb0, 0x0,
    0xb0, 0x6, 0x60, 0xa, 0xc0, 0xc, 0x20, 0xb,
    0x0, 0xd4, 0x0, 0x16, 0x0, 0xa4, 0x0, 0x48,
    0x0, 0x52, 0x0, 0x40, 0x6, 0x60, 0xb, 0x80,
    0x1c, 0x0, 0x16, 0x0, 0xc2, 0xe0, 0x5, 0x12,
    0x40, 0x3, 0x0, 0x7a, 0x40, 0x29, 0xb0, 0xa,
    0x40, 0x3c, 0x2c, 0x0, 0x66, 0x0, 0x1c, 0x40,
    0x3e, 0xb0, 0x0, 0x80, 0x52, 0x1, 0xf8, 0x94,
    0x3, 0x30, 0x80, 0x7f, 0x48, 0x6, 0xb0, 0xf,
    0xf1, 0x88, 0x0, 0xc8, 0x3, 0xfe, 0x30, 0x3,
    0x80, 0x7f, 0xff, 0xc0, 0x3f, 0xe0,

    /* U+005A "Z" */
    0xdf, 0xff, 0xfe, 0x3, 0x0, 0x7f, 0xf0, 0x84,
    0x7f, 0x80, 0x32, 0xe7, 0x77, 0xd4, 0x1, 0x39,
    0x80, 0x7e, 0xa0, 0x1, 0x40, 0x7, 0xe9, 0x10,
    0x4, 0x80, 0x7e, 0x36, 0x0, 0x32, 0x0, 0x7e,
    0xe0, 0x0, 0xc0, 0x7, 0xe8, 0x20, 0x5, 0x88,
    0x7, 0xc4, 0xe0, 0x4, 0x50, 0xf, 0xdc, 0x1,
    0x50, 0x7, 0xe7, 0x30, 0x4, 0x88, 0x7, 0xc5,
    0x0, 0x3, 0x60, 0xf, 0xd2, 0x1, 0x70, 0x7,
    0xe6, 0x40, 0x3, 0x90, 0x7, 0xc3, 0x20, 0x2,
    0x80, 0xf, 0xd6, 0x1, 0x17, 0x77, 0xe9, 0x40,
    0xc, 0x23, 0xf8, 0xc0, 0x3f, 0xf8, 0x40,

    /* U+005B "[" */
    0xab, 0xbd, 0x8, 0x9e, 0x0, 0xfe, 0x6f, 0xc0,
    0xf, 0xff, 0xf8, 0x7, 0xff, 0x79, 0xee, 0x0,
    0x21, 0x44, 0x0, 0x78,

    /* U+005C "\\" */
    0xcf, 0xf4, 0x0, 0x7d, 0x40, 0x5, 0x0, 0xf9,
    0xc0, 0x4, 0x60, 0x1e, 0x14, 0x0, 0x58, 0x7,
    0xda, 0x0, 0x60, 0xf, 0x9c, 0x0, 0x26, 0x1,
    0xe1, 0x40, 0x5, 0x0, 0x7d, 0xc0, 0x7, 0x0,
    0xf9, 0x40, 0x2, 0x80, 0x1f, 0x28, 0x3, 0x80,
    0x3e, 0xf0, 0x2, 0x80, 0x7c, 0xa0, 0x12, 0x80,
    0x7c, 0xa0, 0xf, 0x0, 0xfb, 0x80, 0xa, 0x1,
    0xf2, 0x8, 0x1, 0x40, 0x3e, 0x70, 0x7, 0x0,
    0x7d, 0x40, 0x4, 0x10, 0xf, 0x18, 0x80, 0x1c,
    0x3, 0xe6, 0x0, 0x68, 0x7, 0xd6, 0x0, 0x41,

    /* U+005D "]" */
    0xab, 0xbd, 0x28, 0x9c, 0xa0, 0x1e, 0xef, 0x30,
    0xf, 0xff, 0xf8, 0x7, 0xff, 0x7a, 0xac, 0x80,
    0x24, 0x40, 0x80, 0x7f, 0x0,

    /* U+005E "^" */
    0x0, 0xcf, 0xfe, 0x80, 0xf, 0xd4, 0x0, 0x60,
    0xf, 0x90, 0x80, 0x2, 0xa0, 0x1e, 0xe0, 0x12,
    0xe, 0x0, 0xe1, 0x50, 0x74, 0x4, 0x20, 0xc,
    0xc0, 0xa, 0xa0, 0x2, 0x80, 0x35, 0x1, 0x19,
    0x88, 0x18, 0x2, 0x42, 0xa, 0x0, 0x58, 0xa,
    0x80, 0x3c, 0x0, 0xc0, 0x7, 0x0, 0x70, 0xa,
    0x2, 0x8, 0x0, 0x54, 0x10, 0x80,

    /* U+005F "_" */
    0x1c, 0xcf, 0xf9, 0x4c, 0xff, 0xf8, 0x4, 0x1,
    0xff, 0xc1,

    /* U+0060 "`" */
    0x48, 0x88, 0x80, 0x8, 0x87, 0x77, 0x0, 0x58,
    0x60, 0x6c, 0x1, 0x69, 0x4, 0x88,

    /* U+0061 "a" */
    0x0, 0x9f, 0x3f, 0xec, 0x70, 0xc, 0x5d, 0x6,
    0x1, 0x1c, 0x71, 0x0, 0x3c, 0x40, 0x8, 0xa6,
    0x0, 0x1f, 0x2, 0x20, 0x2, 0x2e, 0xb2, 0x40,
    0x4, 0x65, 0xff, 0x38, 0x4, 0x80, 0x12, 0x80,
    0x5, 0xf3, 0xbf, 0xda, 0x1, 0xc9, 0xd0, 0x62,
    0x1, 0xf0, 0xd8, 0x0, 0x6b, 0x7b, 0x0, 0x33,
    0x80, 0x5a, 0xa4, 0x22, 0x0, 0xdc, 0x1, 0x18,
    0x7, 0xef, 0x0, 0x94, 0x0, 0x3c, 0x1, 0x94,
    0x2, 0xac, 0xc7, 0x18, 0x6, 0x28, 0x0, 0x8c,
    0xc0, 0x20, 0x17, 0x3, 0xda, 0x0, 0x5, 0xbc,
    0xc0, 0xa,

    /* U+0062 "b" */
    0x2f, 0xf9, 0x80, 0x3f, 0xff, 0x4d, 0xbf, 0xeb,
    0x40, 0xf, 0xae, 0x48, 0x0, 0x96, 0xc0, 0x1e,
    0x20, 0x11, 0x0, 0x52, 0x40, 0x1c, 0x39, 0xdc,
    0x90, 0xa, 0xc0, 0x3a, 0xc, 0x0, 0xc8, 0x0,
    0x70, 0xf, 0xf6, 0x0, 0x4, 0x40, 0x1f, 0xc2,
    0x1, 0x18, 0x7, 0xff, 0x2c, 0x40, 0x23, 0x0,
    0xfe, 0xc0, 0x0, 0x88, 0x3, 0x41, 0x80, 0x15,
    0x0, 0x8, 0x1, 0xc3, 0x9d, 0xca, 0x0, 0xa4,
    0x3, 0x8c, 0x4, 0x40, 0x14, 0x18, 0x7, 0x6c,
    0x10, 0x1, 0x2d, 0xc0, 0x0,

    /* U+0063 "c" */
    0x0, 0x8a, 0x77, 0xfd, 0xb0, 0x20, 0x19, 0xb5,
    0x88, 0x0, 0x4f, 0xe6, 0x0, 0x49, 0x0, 0x84,
    0x2, 0x1d, 0x10, 0x90, 0x0, 0xe7, 0x7c, 0x80,
    0x5, 0x8c, 0x80, 0x10, 0x60, 0x6, 0x40, 0x6,
    0x28, 0x4, 0x80, 0x1a, 0x6e, 0xd3, 0xc0, 0x11,
    0x0, 0x62, 0x44, 0x10, 0x7, 0xff, 0x7, 0x80,
    0x21, 0x0, 0xfc, 0xa0, 0x13, 0x80, 0x69, 0xee,
    0x51, 0x90, 0x2, 0xc, 0x0, 0x8c, 0x22, 0x20,
    0x90, 0x0, 0xe6, 0xf5, 0x80, 0x6, 0x41, 0x24,
    0x2, 0x21, 0x0, 0xe, 0x88, 0x1, 0xb5, 0x88,
    0x0, 0x51, 0xe6, 0x0,

    /* U+0064 "d" */
    0x0, 0xfe, 0xdf, 0xf5, 0x80, 0x7f, 0xfa, 0xdf,
    0x7f, 0xd6, 0x40, 0x1e, 0xb8, 0x20, 0x2, 0x69,
    0x80, 0x68, 0x40, 0x8, 0x40, 0x2, 0x1, 0x9c,
    0x0, 0x39, 0xdf, 0x0, 0x19, 0x0, 0x28, 0x30,
    0x3, 0x90, 0x4, 0x60, 0x13, 0x80, 0x7e, 0xe0,
    0x8, 0x40, 0x3f, 0xf9, 0x3c, 0x1, 0x8, 0x7,
    0xe3, 0x0, 0x90, 0x3, 0xf2, 0x0, 0x56, 0x40,
    0x8, 0x20, 0xc, 0xe0, 0x1, 0xde, 0xf7, 0x0,
    0xe8, 0x40, 0x8, 0x40, 0x4, 0x1, 0xd7, 0x4,
    0x0, 0x4c, 0x50, 0x8,

    /* U+0065 "e" */
    0x0, 0x86, 0x37, 0xfd, 0xb2, 0x40, 0x1c, 0x9e,
    0xe4, 0x0, 0x26, 0xd5, 0x0, 0x8e, 0xc4, 0x0,
    0x22, 0x0, 0xa8, 0xc0, 0x1e, 0x1, 0x5f, 0x73,
    0x48, 0x1, 0xe0, 0x66, 0x0, 0x4a, 0x0, 0xa,
    0x40, 0x6, 0x28, 0x1, 0x73, 0xbe, 0xc0, 0x9,
    0x7c, 0x2, 0x78, 0x8c, 0xe0, 0x10, 0x88, 0x3,
    0xff, 0x83, 0xc0, 0x16, 0xff, 0xfe, 0x53, 0x0,
    0xac, 0x3, 0xc4, 0x0, 0x42, 0x0, 0x34, 0x0,
    0x45, 0x7a, 0x60, 0xe, 0x0, 0x9f, 0xf7, 0xb5,
    0x3, 0x80, 0x7, 0x82, 0x1, 0x10, 0x80, 0xb,
    0xc0, 0x23, 0xe8, 0x30, 0x0, 0x9c, 0xe9, 0x0,

    /* U+0066 "f" */
    0x0, 0xf0, 0xc6, 0xff, 0xda, 0xc0, 0x1c, 0x9c,
    0xe4, 0x1, 0x17, 0x0, 0x62, 0xb0, 0xc, 0x22,
    0xf, 0x0, 0xd4, 0x1, 0x37, 0x75, 0xee, 0x1,
    0x8c, 0x0, 0x32, 0x20, 0x1f, 0x9c, 0x0, 0x40,
    0x1e, 0x6f, 0xf8, 0xc0, 0x7, 0xff, 0xac, 0x3,
    0xff, 0x86, 0xac, 0xd0, 0x80, 0x5, 0x9b, 0x68,
    0x1c, 0xcc, 0x40, 0x2, 0x99, 0xcc, 0x1, 0xff,
    0xff, 0x0, 0xff, 0xfb, 0x0,

    /* U+0067 "g" */
    0x0, 0x9b, 0x3f, 0xda, 0xcb, 0xfe, 0xe0, 0x5,
    0x49, 0x80, 0xa, 0x6c, 0x3, 0x3a, 0x80, 0x42,
    0x20, 0x10, 0xd, 0x20, 0x15, 0xf7, 0x2c, 0x3,
    0x20, 0x80, 0x21, 0x0, 0x8, 0xa0, 0x11, 0x80,
    0x4a, 0x1, 0xfb, 0xc0, 0x22, 0x0, 0xff, 0xe4,
    0xf8, 0x4, 0x20, 0x1f, 0x8c, 0x2, 0x60, 0xf,
    0xc8, 0x20, 0x8, 0x40, 0x2, 0x28, 0x6, 0x90,
    0xa, 0xfb, 0xec, 0x3, 0x9d, 0x40, 0x21, 0x0,
    0x8, 0x7, 0x55, 0xc, 0x0, 0x76, 0x80, 0x1e,
    0x5c, 0xff, 0x62, 0x38, 0x0, 0x80, 0x17, 0x42,
    0x1, 0x41, 0x0, 0x2c, 0x1d, 0x17, 0xb7, 0x3d,
    0xc0, 0x2, 0xe0, 0xa4, 0x0, 0x23, 0x0, 0x8b,
    0x0, 0x5, 0xb2, 0x82, 0x2, 0x73, 0xa4, 0x0,

    /* U+0068 "h" */
    0x3f, 0xf9, 0x40, 0x3f, 0xff, 0x45, 0x5d, 0xfb,
    0x0, 0x1f, 0x6e, 0x94, 0x40, 0x9f, 0x0, 0x3c,
    0xe0, 0x22, 0x0, 0x8d, 0xc0, 0x38, 0xf7, 0xb9,
    0x60, 0x15, 0x0, 0x74, 0x90, 0x1, 0x18, 0x0,
    0x40, 0x1f, 0xee, 0x0, 0x84, 0x3, 0xff, 0xfe,
    0x1, 0xff, 0xd9,

    /* U+0069 "i" */
    0x0, 0xc3, 0x9f, 0x60, 0x1f, 0xa4, 0xc1, 0x18,
    0x3, 0xef, 0x0, 0x8c, 0x3, 0xe7, 0x72, 0x42,
    0x80, 0x7e, 0x8b, 0x70, 0xc, 0x9f, 0xff, 0x18,
    0x7, 0xff, 0xd, 0xc4, 0x70, 0x7, 0xc7, 0xdd,
    0x58, 0x7, 0xff, 0xfc, 0x3, 0xff, 0x88, 0x7d,
    0xd5, 0x80, 0x5b, 0xdc, 0xc7, 0x11, 0xc0, 0x10,
    0x8c, 0x40, 0x1f, 0xfc, 0x0,

    /* U+006A "j" */
    0x0, 0xe4, 0xef, 0x80, 0xf, 0x48, 0x83, 0x90,
    0x7, 0x8, 0x4, 0x60, 0x1d, 0xca, 0x96, 0x20,
    0x1c, 0x55, 0x68, 0x0, 0x1f, 0xff, 0x80, 0x3f,
    0xf8, 0x22, 0x30, 0x7, 0x87, 0xba, 0x50, 0xf,
    0xff, 0xf8, 0x7, 0xff, 0x58, 0x40, 0x2, 0x1,
    0xca, 0x80, 0x5, 0x0, 0x7f, 0x7d, 0x0, 0x5c,
    0x2, 0x2, 0x1, 0x95, 0x40, 0x1, 0x0, 0xa,
    0x55, 0x0, 0x0,

    /* U+006B "k" */
    0x2f, 0xf9, 0x40, 0x3f, 0xff, 0xe0, 0x12, 0x7f,
    0xdc, 0x20, 0x1f, 0x8a, 0xc0, 0x2c, 0x10, 0xf,
    0x87, 0x0, 0x2b, 0x20, 0xf, 0x87, 0x4, 0x1,
    0x48, 0x1, 0xf1, 0xe9, 0x0, 0x21, 0x40, 0x3f,
    0x41, 0x80, 0x19, 0xc0, 0x3f, 0x84, 0x2, 0x50,
    0xf, 0xfe, 0x11, 0xb8, 0x7, 0xf9, 0x48, 0x1,
    0x6, 0x1, 0xf9, 0x6b, 0x80, 0x2e, 0x0, 0xfd,
    0xe0, 0x6e, 0x0, 0x2a, 0x0, 0xff, 0x41, 0x0,
    0x15, 0x80, 0x3f, 0xde, 0x1, 0x49, 0x0, 0x7f,
    0x14, 0x0, 0x5c, 0x0,

    /* U+006C "l" */
    0x7f, 0xff, 0x8c, 0x3, 0xff, 0x8a, 0x23, 0xc0,
    0x1f, 0x9b, 0xba, 0xb0, 0xf, 0xff, 0xf8, 0x7,
    0xff, 0xfc, 0x3, 0xff, 0x84, 0xdd, 0xd5, 0x80,
    0x5b, 0xdd, 0x8, 0xf8, 0x2, 0x11, 0xc6, 0x1,
    0xff, 0xc1,

    /* U+006D "m" */
    0xf, 0xf8, 0xaf, 0xf9, 0xd3, 0x7f, 0x50, 0x3,
    0xbd, 0x0, 0x62, 0xc8, 0xa, 0xc4, 0x3, 0x19,
    0x80, 0x21, 0x40, 0x9, 0x0, 0x36, 0xe1, 0x0,
    0x2e, 0xc6, 0x0, 0xd0, 0xc, 0x20, 0x18, 0x41,
    0xc0, 0x3f, 0xff, 0xe0, 0x1f, 0xff, 0x30,

    /* U+006E "n" */
    0x3f, 0xf8, 0xe, 0xbb, 0xfa, 0x44, 0x3, 0xd1,
    0x8a, 0x20, 0x2d, 0x80, 0x1e, 0x71, 0x44, 0x0,
    0x45, 0x0, 0x1c, 0x7d, 0x76, 0xe1, 0x0, 0x28,
    0x7, 0x48, 0x4, 0x2e, 0x0, 0x20, 0xf, 0xf7,
    0x0, 0x7f, 0xff, 0xc0, 0x3f, 0xfb, 0xa0,

    /* U+006F "o" */
    0x0, 0x8e, 0xbb, 0xfd, 0x8e, 0x1, 0xe7, 0xc5,
    0x10, 0x1, 0xc7, 0x10, 0x4, 0xd0, 0x1, 0x8,
    0x4, 0x38, 0x20, 0x9, 0x0, 0xe, 0xf7, 0xc0,
    0x0, 0x60, 0x14, 0x2, 0xa2, 0x0, 0x3a, 0x0,
    0x1c, 0x30, 0x2, 0x40, 0xd, 0xa0, 0x1, 0x23,
    0x0, 0x10, 0x7, 0x10, 0x4, 0xc0, 0x1f, 0xfc,
    0x23, 0x0, 0x10, 0x7, 0x10, 0x4, 0xd8, 0x1,
    0x20, 0x6, 0xd0, 0x0, 0x92, 0x80, 0x54, 0x40,
    0x7, 0x40, 0x3, 0x80, 0x24, 0x0, 0x3b, 0xae,
    0x80, 0x0, 0xc0, 0x1, 0xa0, 0x2, 0x21, 0x0,
    0xe, 0x88, 0x4, 0xf8, 0xa2, 0x0, 0x38, 0xe3,
    0x0, 0x0,

    /* U+0070 "p" */
    0x2f, 0xf8, 0xa3, 0x7f, 0xd6, 0x60, 0x1f, 0x7b,
    0x90, 0x1, 0x31, 0x80, 0x3c, 0x40, 0x20, 0x1a,
    0x48, 0x3, 0x8b, 0x7b, 0xdc, 0x2, 0xb0, 0xe,
    0xb2, 0x0, 0x41, 0x0, 0x1c, 0x3, 0xfc, 0xa0,
    0x1, 0x0, 0xff, 0x70, 0x4, 0x20, 0x1f, 0xfc,
    0xbe, 0x0, 0x84, 0x3, 0xf9, 0x40, 0x4, 0x1,
    0xd6, 0x40, 0x8, 0x20, 0x2, 0x0, 0x71, 0x6e,
    0xb9, 0xc0, 0x2b, 0x0, 0xe1, 0x2, 0x10, 0xa,
    0x88, 0x3, 0xa2, 0x4, 0x0, 0x4c, 0x50, 0xf,
    0x9f, 0x7f, 0xd6, 0x60, 0x1f, 0xfe, 0xf0,

    /* U+0071 "q" */
    0x0, 0x9f, 0x7f, 0xd6, 0x6f, 0xfe, 0xb0, 0x6,
    0x41, 0x0, 0x13, 0x28, 0x3, 0x41, 0x80, 0x42,
    0x20, 0x20, 0xc, 0xe0, 0x1, 0xce, 0xe4, 0x80,
    0x64, 0x0, 0xa0, 0xc0, 0xc, 0x40, 0x11, 0x80,
    0x4e, 0x1, 0xfb, 0xc0, 0x21, 0x0, 0xff, 0xe4,
    0xf8, 0x4, 0x20, 0x1f, 0x8c, 0x2, 0x70, 0xf,
    0xc8, 0x1, 0x41, 0x0, 0x18, 0x80, 0x33, 0x80,
    0x7, 0x75, 0xd2, 0x1, 0xd0, 0x80, 0x11, 0x8,
    0x7, 0xd7, 0x4, 0x0, 0x4c, 0x20, 0xf, 0x3e,
    0xff, 0xac, 0xc0, 0x3f, 0xfd, 0x80,

    /* U+0072 "r" */
    0x5f, 0xf8, 0x6, 0x37, 0xfe, 0x20, 0xc, 0x7e,
    0xe4, 0x1, 0x10, 0x6, 0xd1, 0x0, 0xc2, 0x1,
    0xc2, 0x8, 0xee, 0x57, 0x0, 0xe1, 0xdb, 0x88,
    0x54, 0x80, 0x75, 0x90, 0x7, 0xf9, 0xc0, 0x3f,
    0xff, 0xe0, 0x1f, 0xfc, 0x40,

    /* U+0073 "s" */
    0x0, 0x92, 0xbb, 0xfd, 0xb4, 0x80, 0x1d, 0x76,
    0x51, 0x0, 0x12, 0xdd, 0x0, 0x50, 0x80, 0x3,
    0x66, 0x10, 0x1, 0x60, 0x0, 0xc0, 0x6, 0xc9,
    0x96, 0x98, 0x1, 0x80, 0x2, 0x0, 0x10, 0xd,
    0xf3, 0x28, 0x0, 0x28, 0x1, 0xed, 0x8c, 0xd,
    0x9a, 0x0, 0x59, 0x80, 0x12, 0x73, 0xf1, 0xc0,
    0x30, 0xe4, 0x98, 0x6, 0x38, 0xd2, 0x0, 0xcd,
    0x9d, 0x6e, 0x60, 0x2, 0xe0, 0x39, 0x94, 0x0,
    0xa4, 0x63, 0x80, 0xc, 0x1d, 0x98, 0xec, 0x1,
    0xfc, 0x86, 0x0, 0x9c, 0x99, 0x63, 0x80, 0x14,
    0x1, 0xa6, 0x0, 0x36, 0x61, 0x80, 0xe, 0xc0,
    0x3, 0x94, 0x82, 0x0, 0x15, 0xac, 0x10,

    /* U+0074 "t" */
    0x0, 0x8a, 0x22, 0x20, 0xf, 0xcc, 0xef, 0x30,
    0x7, 0xff, 0x4d, 0xbf, 0xd6, 0x1, 0x5f, 0xfe,
    0x60, 0xf, 0xfe, 0xa, 0xb3, 0x10, 0x2, 0x46,
    0x6c, 0xa7, 0x32, 0xf0, 0xb, 0xe6, 0x71, 0x80,
    0x7f, 0xfe, 0x1c, 0x2, 0x20, 0xf, 0xc4, 0x1,
    0x59, 0x0, 0x44, 0x1, 0x9, 0x80, 0xb, 0x7b,
    0x9f, 0x20, 0x1b, 0x80, 0x30, 0x88, 0x14, 0x3,
    0x16, 0xa8, 0x80, 0x9, 0x2c,

    /* U+0075 "u" */
    0x1f, 0xf9, 0xc0, 0x34, 0xff, 0xc0, 0x1f, 0xff,
    0xf0, 0xf, 0xfe, 0x88, 0x80, 0x5c, 0x1, 0x8c,
    0x3, 0x10, 0x1, 0xc8, 0x0, 0xaa, 0x0, 0xd4,
    0x0, 0x1d, 0xef, 0xa0, 0xe, 0x73, 0x0, 0x84,
    0x5, 0xc0, 0x3b, 0x1c, 0x80, 0x5b, 0xf0, 0x2,

    /* U+0076 "v" */
    0xe, 0xff, 0x58, 0x7, 0x17, 0xfd, 0x0, 0xc0,
    0x4, 0x10, 0xc, 0xa0, 0x15, 0x5, 0x0, 0x48,
    0x1, 0xac, 0x0, 0x64, 0x4, 0x60, 0xf, 0x0,
    0x84, 0xc0, 0x14, 0x1, 0x50, 0x1, 0x40, 0x24,
    0x0, 0x98, 0x2, 0x60, 0x9, 0x0, 0x1e, 0x0,
    0x50, 0xe, 0x50, 0x6, 0x80, 0x14, 0x1, 0xc0,
    0x1d, 0xc0, 0x7, 0x4, 0x0, 0xa, 0x0, 0x72,
    0x8, 0x9, 0xe8, 0x1, 0x80, 0x3e, 0x60, 0x5,
    0xb8, 0x2, 0x80, 0x3e, 0xa0, 0x2, 0x88, 0x19,
    0x0, 0x7c, 0x46, 0x4, 0x0, 0xa0, 0xf, 0xea,
    0x0, 0xce, 0x1, 0xfc, 0xe0, 0x12, 0x88, 0x6,

    /* U+0077 "w" */
    0x9f, 0xf5, 0x0, 0x27, 0xf8, 0x0, 0x9f, 0xee,
    0xf0, 0x3, 0x0, 0x14, 0x4, 0x40, 0x40, 0x5,
    0x50, 0x0, 0x80, 0x6, 0x0, 0x50, 0xe0, 0x1,
    0x18, 0x0, 0x40, 0x80, 0x23, 0x2, 0x0, 0x78,
    0x10, 0x0, 0x9c, 0x2, 0xd0, 0x60, 0x2, 0x83,
    0x0, 0x18, 0x80, 0x81, 0xc0, 0x80, 0x6, 0x6,
    0x0, 0x2d, 0xa, 0x2, 0x11, 0x1, 0x0, 0x34,
    0x0, 0x2e, 0xa, 0x40, 0x80, 0x7, 0x0, 0x38,
    0x3, 0x48, 0x9, 0xc3, 0xc0, 0x4, 0x0, 0x20,
    0x2, 0x81, 0x86, 0x82, 0x80, 0x34, 0x2, 0x30,
    0x9, 0x40, 0xc0, 0x33, 0x80, 0x4c, 0x1, 0x78,
    0x20, 0x6, 0x20, 0xb, 0x40, 0x25, 0x0, 0x10,
    0x0, 0xc0, 0x31, 0x80, 0x46, 0x0, 0x70, 0x3,
    0x0, 0x0,

    /* U+0078 "x" */
    0x5f, 0xf9, 0xc0, 0x32, 0x7f, 0xd2, 0xa, 0x80,
    0x8, 0x20, 0x0, 0xd0, 0x0, 0xa4, 0x1, 0x42,
    0x0, 0xf0, 0x5, 0x88, 0x3, 0x80, 0x21, 0xb0,
    0x1, 0x42, 0xa8, 0x0, 0xe6, 0x1, 0x95, 0x40,
    0x7, 0xa0, 0x1, 0x40, 0x7, 0xac, 0x40, 0x3b,
    0x80, 0x3e, 0x1b, 0x0, 0xce, 0x60, 0x1f, 0xb4,
    0x3, 0x18, 0x7, 0xe3, 0x70, 0xc, 0x8c, 0x1,
    0xf7, 0x0, 0x4, 0x80, 0x12, 0x20, 0x1d, 0x4,
    0x0, 0xbe, 0x0, 0xa8, 0x3, 0x1b, 0x80, 0x15,
    0x47, 0x0, 0x4, 0x60, 0xb, 0x80, 0x3, 0x60,
    0x7, 0x30, 0x4, 0x88, 0x41, 0x0, 0x28, 0x40,
    0x2e, 0x0, 0xa8, 0x0,

    /* U+0079 "y" */
    0x2f, 0xfa, 0xc0, 0x3c, 0xff, 0xf3, 0x12, 0x80,
    0x10, 0x40, 0x3a, 0x40, 0x2, 0xc1, 0x20, 0x14,
    0x80, 0x64, 0x10, 0x4, 0x80, 0xc, 0xc0, 0x6,
    0x0, 0xdc, 0x1, 0x30, 0x5, 0x20, 0x1, 0x40,
    0x0, 0xa8, 0x1, 0x84, 0x2, 0x52, 0x0, 0x78,
    0x1, 0x80, 0x2b, 0x0, 0xeb, 0x0, 0x20, 0x85,
    0x0, 0x10, 0x80, 0x39, 0x84, 0x1, 0x28, 0x40,
    0xf, 0x0, 0xf9, 0x80, 0xb, 0xc0, 0x3, 0x40,
    0xf, 0xa4, 0x0, 0x4a, 0x0, 0x90, 0xf, 0xc2,
    0xc0, 0x18, 0x54, 0x3, 0xfa, 0xc0, 0x34, 0x80,
    0x7f, 0x89, 0x0, 0x27, 0x0, 0xff, 0x98, 0x0,
    0xe0, 0x1f, 0xf3, 0x10, 0x2, 0x80, 0x3f, 0xc7,
    0x20, 0x5, 0x20, 0xf, 0xcb, 0xd8, 0x1, 0x40,
    0x7, 0xf6, 0x88, 0x5, 0x24, 0x1, 0xfc, 0x20,
    0x3, 0xb6, 0x0, 0xfc,

    /* U+007A "z" */
    0x5f, 0xff, 0xfe, 0x0, 0x80, 0x7f, 0xf0, 0x84,
    0x7f, 0x0, 0x64, 0x14, 0xee, 0xf5, 0x80, 0x45,
    0x40, 0x1f, 0x1d, 0x0, 0x7, 0xc4, 0x3, 0xc5,
    0xa0, 0x16, 0x90, 0x7, 0x87, 0xc4, 0x1, 0x46,
    0x1, 0xf6, 0x90, 0x2, 0x14, 0x3, 0xea, 0x30,
    0x2, 0xb8, 0x7, 0xd0, 0xa0, 0x4, 0xa0, 0xf,
    0x99, 0xc0, 0x5, 0x40, 0x1f, 0x1c, 0x80, 0x47,
    0x9b, 0xbe, 0x5b, 0x0, 0xc2, 0x45, 0xf1, 0x80,
    0x7f, 0xf0, 0x80,

    /* U+007B "{" */
    0x0, 0xf2, 0x67, 0x80, 0x79, 0xac, 0xc1, 0x0,
    0x30, 0xc8, 0xe, 0x20, 0x6, 0x60, 0x3, 0x18,
    0x7, 0x60, 0x3, 0x40, 0x3c, 0xc0, 0x1f, 0xc6,
    0x1, 0xff, 0xca, 0x10, 0xf, 0x8, 0x1, 0x80,
    0x3a, 0x0, 0x6, 0x40, 0x14, 0xeb, 0x80, 0xf0,
    0x4, 0x2c, 0x40, 0x7e, 0x40, 0x1f, 0x1c, 0x0,
    0x61, 0xfb, 0x20, 0x69, 0x0, 0xe4, 0xe0, 0x3,
    0x8, 0x7, 0x18, 0x4, 0xa0, 0x1e, 0x10, 0x0,
    0x80, 0x7f, 0xf3, 0x88, 0x0, 0x60, 0x1e, 0x40,
    0x6, 0x0, 0x7a, 0x40, 0xa, 0x80, 0x1c, 0x32,
    0x0, 0xb4, 0x0, 0xe6, 0xb3, 0x4,

    /* U+007C "|" */
    0x3f, 0xf0, 0x7, 0xff, 0xe4,

    /* U+007D "}" */
    0x7e, 0x91, 0x0, 0xed, 0x16, 0xf1, 0x0, 0xd4,
    0xe0, 0x36, 0x1, 0xd0, 0x20, 0xa2, 0x1, 0xc4,
    0x0, 0x40, 0xe, 0x70, 0x1, 0x80, 0x7e, 0x10,
    0xf, 0xfe, 0x59, 0x0, 0x34, 0x3, 0xa8, 0x0,
    0xa4, 0x1, 0x8d, 0xc0, 0x1b, 0x4a, 0x1, 0x44,
    0x80, 0x17, 0xc0, 0x23, 0x80, 0xf, 0xe, 0x88,
    0x3e, 0xd0, 0x1, 0x84, 0xe, 0x8, 0x2, 0xc0,
    0x2, 0x0, 0x7e, 0xf0, 0xf, 0xfe, 0x13, 0x80,
    0x7e, 0x10, 0x1, 0x0, 0x61, 0x20, 0x2, 0x0,
    0x6b, 0x0, 0x28, 0x80, 0x54, 0xa0, 0x36, 0x1,
    0xb4, 0x5b, 0xc4, 0x3, 0x0,

    /* U+007E "~" */
    0x0, 0x3e, 0x6d, 0xa0, 0x7, 0x8, 0x5, 0x30,
    0x64, 0x97, 0x40, 0x1b, 0xbd, 0xcd, 0x80, 0x39,
    0x70, 0xc2, 0x40, 0x3, 0x60, 0x9, 0xfb, 0x10,
    0x3c, 0xf6, 0x0, 0x38, 0x82, 0x30, 0x27, 0x98,
    0x7, 0x40, 0xcf, 0x50, 0x4, 0x39, 0x4, 0x3,
    0x2e, 0x0,

    /* U+00A0 " " */

    /* U+00A1 "¡" */
    0x4e, 0xf8, 0x8, 0x10, 0x72, 0x0, 0xef, 0x32,
    0x82, 0x3c, 0xd7, 0x0, 0xff, 0x9f, 0xfd, 0x60,
    0x19, 0xc3, 0xc0, 0x3f, 0xf8, 0x42, 0x0, 0x10,
    0xf, 0xf8, 0xc0, 0x6, 0x1, 0xff, 0xc4,

    /* U+00A2 "¢" */
    0x0, 0xe2, 0xff, 0x30, 0x7, 0xff, 0x3c, 0x40,
    0x3f, 0x15, 0xe8, 0x2, 0x39, 0x80, 0x39, 0x35,
    0x0, 0x30, 0xcd, 0x0, 0x43, 0x60, 0x12, 0x28,
    0x80, 0x15, 0x80, 0x10, 0x1, 0x5d, 0xab, 0x8c,
    0x1, 0x60, 0x7, 0x0, 0x2a, 0x0, 0x52, 0x0,
    0x20, 0x11, 0x0, 0x30, 0x3, 0x2e, 0xec, 0x4,
    0x1, 0x18, 0x7, 0x11, 0x40, 0x1f, 0xfc, 0x32,
    0x0, 0x88, 0x3, 0xf8, 0x44, 0x0, 0xc0, 0xc,
    0x9b, 0xb0, 0x1, 0x80, 0x8, 0x80, 0xa, 0x8,
    0x80, 0x14, 0x88, 0x2, 0xf2, 0xf8, 0xc0, 0x16,
    0x0, 0x1d, 0x0, 0x8d, 0x4, 0x0, 0xcc, 0x0,
    0x8f, 0x94, 0x3, 0x1d, 0x48, 0x7, 0xd, 0x68,
    0x2, 0x71, 0x40, 0x3f, 0xfa, 0x60,

    /* U+00A3 "£" */
    0x0, 0xe7, 0xcf, 0xf6, 0xc9, 0x0, 0x71, 0x6c,
    0x18, 0x0, 0x9b, 0x50, 0x3, 0x71, 0x0, 0x7d,
    0x62, 0x0, 0x43, 0x0, 0x2f, 0xfa, 0x40, 0x26,
    0x0, 0x60, 0x5, 0x60, 0x6, 0x30, 0x6, 0x80,
    0x8, 0x0, 0x22, 0x0, 0xa2, 0x2f, 0x0, 0xff,
    0x23, 0xb9, 0x40, 0x6, 0x0, 0x10, 0xf, 0xfe,
    0x54, 0x7b, 0x0, 0x5f, 0xf8, 0x3, 0xff, 0x8d,
    0xe4, 0x20, 0x11, 0x14, 0x60, 0x19, 0xf6, 0x40,
    0x2f, 0xdd, 0x60, 0x7, 0x84, 0x3, 0xff, 0x82,
    0x20, 0x11, 0x80, 0x7f, 0x60, 0x0, 0xc4, 0x3,
    0xe7, 0xe4, 0x0, 0x17, 0x77, 0xd9, 0xe2, 0x1,
    0x8, 0xfe, 0x20, 0xf, 0xfe, 0x10,

    /* U+00A4 "¤" */
    0x6, 0x30, 0x2, 0x32, 0x90, 0x1, 0xc8, 0x1a,
    0x75, 0xfa, 0xe6, 0xb7, 0x22, 0x18, 0x5c, 0x3,
    0x2, 0x1, 0x8d, 0xc0, 0x45, 0xa, 0x0, 0x3c,
    0xfe, 0x80, 0xa, 0xcc, 0x10, 0xf, 0xc, 0x5,
    0xf0, 0x0, 0x60, 0x82, 0x1e, 0x1, 0xc6, 0xa1,
    0x40, 0x60, 0x26, 0x1, 0xef, 0x2, 0x0, 0x8c,
    0x3, 0xe1, 0x0, 0x84, 0x8, 0x3, 0xe3, 0x0,
    0x90, 0x0, 0xc0, 0x1e, 0xa0, 0x40, 0x23, 0x9,
    0x30, 0xd, 0x24, 0x1c, 0x8, 0x60, 0xc, 0xa6,
    0x7d, 0x60, 0x4, 0x87, 0x0, 0x65, 0x98, 0x20,
    0x10, 0x34, 0xa4, 0x9e, 0x72, 0x0, 0x1d, 0x72,
    0x4a, 0x5, 0xb0, 0xc6, 0xff, 0xb1, 0x42, 0xd8,
    0x0,

    /* U+00A5 "¥" */
    0x7f, 0xf9, 0x80, 0x3d, 0x3f, 0xf2, 0x30, 0x5,
    0x60, 0x1c, 0x2c, 0x0, 0x34, 0x17, 0x0, 0x12,
    0x0, 0x66, 0x0, 0xa4, 0x1, 0x20, 0x17, 0x80,
    0x69, 0x0, 0x12, 0x80, 0x5, 0xc0, 0x8, 0x40,
    0x5, 0x10, 0x4, 0x0, 0x69, 0x0, 0xac, 0x1,
    0x20, 0x2, 0x50, 0xc, 0x2e, 0x0, 0x60, 0x33,
    0x0, 0x20, 0x3, 0xd2, 0x1, 0x3c, 0x80, 0x9,
    0x40, 0x3c, 0x2e, 0x0, 0x95, 0x0, 0x40, 0x7,
    0x84, 0x56, 0x0, 0x10, 0x0, 0xa0, 0x88, 0x2,
    0x4e, 0xe6, 0x0, 0x70, 0xf7, 0x30, 0x3, 0xff,
    0x8e, 0x9f, 0xf8, 0x40, 0xb, 0xff, 0x68, 0x4,
    0x9f, 0xf8, 0x40, 0xb, 0xff, 0x68, 0x7, 0xff,
    0x1d, 0x3b, 0xb0, 0x80, 0x13, 0xba, 0xc0, 0xc,
    0x23, 0x80, 0x21, 0x1e, 0x0, 0xff, 0xeb, 0x0,

    /* U+00A6 "¦" */
    0xcf, 0xf3, 0x0, 0x7f, 0xf5, 0x2d, 0x54, 0x4f,
    0x54, 0x41, 0x18, 0x37, 0xb8, 0xc0, 0x1f, 0xfd,
    0x80,

    /* U+00A7 "§" */
    0x0, 0x96, 0xfb, 0xfd, 0xd6, 0xc0, 0x18, 0xb6,
    0x90, 0x40, 0x2, 0x93, 0xa2, 0x0, 0xf2, 0x0,
    0x84, 0x40, 0x11, 0x68, 0x29, 0x0, 0x17, 0xba,
    0xd3, 0x0, 0x1a, 0x68, 0x5, 0x62, 0x0, 0x2d,
    0x0, 0xb3, 0xc0, 0x22, 0x0, 0xc3, 0x53, 0x2b,
    0x40, 0xb, 0x5c, 0x80, 0x25, 0x66, 0x19, 0x98,
    0x0, 0x31, 0xba, 0x94, 0x0, 0xea, 0x0, 0xe2,
    0x6b, 0xe6, 0x0, 0x1e, 0x0, 0x10, 0x80, 0x30,
    0xcd, 0x84, 0x80, 0xa, 0xf7, 0xa4, 0xc0, 0x24,
    0x67, 0x0, 0x38, 0x0, 0x5b, 0x2c, 0x2, 0xa1,
    0x0, 0x21, 0x0, 0x64, 0x50, 0x0, 0xd8, 0x0,
    0x76, 0x4c, 0x2, 0x60, 0x3, 0x39, 0x80, 0x4d,
    0x9d, 0x54, 0x30, 0x4, 0x6, 0x38, 0x6, 0x15,
    0x50, 0x2, 0xcc, 0x1, 0x1d, 0x28, 0x1, 0xec,
    0x0, 0xc2, 0xd7, 0xf6, 0xa0, 0x13, 0x91, 0xa2,
    0x8, 0x2, 0x4a, 0xa0, 0x4, 0x9d, 0x76, 0xe0,
    0xe, 0x40, 0x8, 0x5c, 0x0, 0x70, 0x1, 0xd,
    0x80, 0x45, 0x0, 0x13, 0xff, 0x74, 0xa0, 0x1,
    0x52, 0xb1, 0x0, 0x84, 0x40, 0x11, 0x60, 0x1,
    0x3e, 0x10, 0x40, 0x2, 0x93, 0xa4, 0x0,

    /* U+00A8 "¨" */
    0x1, 0x10, 0x6, 0x12, 0x4, 0xee, 0x38, 0x0,
    0xfb, 0x63, 0x40, 0x16, 0x0, 0xb0, 0x3, 0x50,
    0x84, 0x80, 0x28, 0x82, 0x0,

    /* U+00A9 "©" */
    0x0, 0x86, 0x37, 0xfd, 0x8e, 0x1, 0xe5, 0xe4,
    0xbc, 0xc5, 0xd6, 0x98, 0x4, 0x95, 0x38, 0xc6,
    0x67, 0xd4, 0xd2, 0x0, 0x54, 0xb1, 0xe7, 0xfa,
    0x86, 0x52, 0x41, 0x8d, 0x87, 0x2, 0xe9, 0x2c,
    0x2d, 0xf, 0x68, 0x1c, 0x35, 0x15, 0x98, 0x2,
    0x88, 0x62, 0xe, 0x11, 0x0, 0x23, 0x0, 0x7,
    0xa0, 0x20, 0x1f, 0xfc, 0x6, 0x30, 0xf1, 0x0,
    0x9a, 0x80, 0x4, 0x4c, 0xb0, 0x50, 0x91, 0x2b,
    0x10, 0x2, 0xdb, 0x1a, 0x14, 0xb7, 0x68, 0x48,
    0x41, 0x98, 0x66, 0xcd, 0xbf, 0x37, 0x44, 0xcf,
    0xe0, 0x6, 0x8c, 0x93, 0x31, 0x25, 0xcd, 0x98,
    0x4, 0xf8, 0x59, 0xfe, 0xb1, 0xd4, 0x0, 0xe3,
    0xbf, 0xdd, 0x7d, 0x10, 0x4,

    /* U+00AA "ª" */
    0x0, 0x2e, 0x7f, 0xac, 0x80, 0xd, 0x46, 0x20,
    0x98, 0x21, 0x0, 0xfd, 0xc1, 0x13, 0x5, 0xc4,
    0x80, 0xa0, 0x70, 0x2b, 0x89, 0x10, 0x0, 0x60,
    0xbb, 0xfb, 0xa5, 0x0, 0x15, 0x12, 0xd5, 0x10,
    0x0, 0xa0, 0x74, 0xaa, 0x20, 0xc, 0x20, 0x4,
    0x60, 0x2, 0x81, 0x77, 0x2c, 0x2, 0x2a, 0x21,
    0x7, 0x90, 0x70,

    /* U+00AB "«" */
    0x0, 0xc4, 0x40, 0x8, 0x88, 0x1, 0xa3, 0x7c,
    0x1, 0x7b, 0x0, 0x12, 0x38, 0x48, 0x32, 0x5,
    0x80, 0x6, 0x81, 0x50, 0xa4, 0x20, 0x40, 0x14,
    0x21, 0x61, 0xe0, 0x4e, 0x0, 0x64, 0x8, 0x19,
    0x20, 0x90, 0x8, 0x80, 0x1e, 0x1c, 0x0, 0x10,
    0x9, 0x18, 0x1c, 0x9d, 0x2, 0xc0, 0x34, 0x90,
    0x48, 0x50, 0x8a, 0x0, 0x37, 0x82, 0x28, 0xd8,
    0x39, 0x0, 0x45, 0x21, 0x60, 0xac, 0x1c, 0x0,

    /* U+00AC "¬" */
    0x12, 0x2f, 0xf5, 0xee, 0xff, 0x80, 0x3f, 0xea,
    0xff, 0xf9, 0x80, 0x3f, 0xfa, 0x9a, 0xf0,

    /* U+00AD "­" */
    0x5d, 0xdf, 0xf1, 0x19, 0x17, 0xf8, 0x3, 0xff,
    0x82,

    /* U+00AE "®" */
    0x0, 0x86, 0x37, 0xfd, 0x8e, 0x1, 0xe5, 0xe3,
    0x8c, 0xc5, 0xd6, 0x90, 0x4, 0x95, 0x4b, 0x53,
    0x33, 0xea, 0x60, 0x80, 0x2a, 0x57, 0xff, 0x50,
    0xca, 0x50, 0x31, 0xb0, 0x1, 0xb2, 0x92, 0x2,
    0xd0, 0xb6, 0x80, 0x21, 0x35, 0x74, 0x1, 0x45,
    0x63, 0x0, 0xe2, 0x47, 0x0, 0x17, 0x0, 0x73,
    0xfe, 0xbd, 0x0, 0x4, 0x18, 0x80, 0x26, 0xc2,
    0xd0, 0x8, 0xfb, 0x28, 0x2, 0x13, 0x88, 0x8,
    0xa, 0x21, 0x8d, 0x0, 0x32, 0x94, 0x4, 0x99,
    0x86, 0x68, 0xf6, 0x40, 0x19, 0x6c, 0xfe, 0x0,
    0x66, 0x65, 0x90, 0x1, 0x66, 0x56, 0x60, 0x14,
    0x61, 0x67, 0xfa, 0xc7, 0x50, 0x3, 0x8e, 0xff,
    0x75, 0xf4, 0x40, 0x10,

    /* U+00AF "¯" */
    0x1, 0x1f, 0xc1, 0x1d, 0xdf, 0xac, 0x3, 0xfc,

    /* U+00B0 "°" */
    0x1, 0xaf, 0xe9, 0x0, 0xb5, 0x40, 0x5a, 0x81,
    0xd, 0x3f, 0xc4, 0xa4, 0x61, 0xa0, 0x5, 0x7,
    0x20, 0xd0, 0x2, 0x3, 0x29, 0xa7, 0xf8, 0xd0,
    0xc3, 0x54, 0x0, 0xd6, 0x0,

    /* U+00B1 "±" */
    0x0, 0xe1, 0x18, 0x3, 0xfd, 0x9d, 0xc4, 0x0,
    0xff, 0xef, 0x97, 0xfe, 0x20, 0x5, 0xff, 0xce,
    0x1, 0xff, 0xc0, 0xf0, 0xf, 0xfe, 0x9, 0x7f,
    0xe2, 0x0, 0x5f, 0xfd, 0x0, 0x1f, 0xfe, 0xdd,
    0xff, 0x20, 0x7, 0x5f, 0x77, 0xf8, 0x41, 0x84,
    0x7f, 0xc0, 0x1f, 0xfc, 0x20,

    /* U+00B2 "²" */
    0x0, 0x36, 0xff, 0x59, 0x0, 0x22, 0x48, 0x5,
    0x30, 0x41, 0xc1, 0x3a, 0x80, 0x58, 0x95, 0x50,
    0x2a, 0x0, 0xf2, 0xaa, 0x18, 0x38, 0x3, 0x80,
    0x32, 0x40, 0x13, 0x0, 0x49, 0x60, 0x3e, 0x1,
    0x25, 0x80, 0xe1, 0x0, 0xe, 0xc0, 0xfc, 0x80,
    0x2c, 0x0, 0x1f, 0x7f, 0xb4, 0x3, 0xf8,

    /* U+00B3 "³" */
    0x0, 0x3e, 0xff, 0x59, 0x80, 0x26, 0x8, 0x5,
    0x30, 0x81, 0x81, 0x3a, 0xc0, 0x16, 0x1b, 0xaa,
    0x14, 0x10, 0x30, 0x22, 0x8, 0x20, 0x86, 0x0,
    0x4f, 0xf6, 0xe, 0xc0, 0x11, 0x21, 0x3, 0x20,
    0x8, 0x96, 0xf4, 0xc6, 0xf, 0xb9, 0x22, 0x44,
    0x0, 0x19, 0x81, 0xbb, 0x44, 0x28, 0x31, 0xc4,
    0x0, 0x94, 0xc0,

    /* U+00B4 "´" */
    0x0, 0xa2, 0x27, 0x0, 0x9d, 0xe6, 0x50, 0x1,
    0x40, 0xe, 0x10, 0x3, 0x80, 0x70, 0x80, 0x0,

    /* U+00B5 "µ" */
    0xdf, 0xf5, 0x80, 0x64, 0xff, 0x90, 0x3, 0xff,
    0xfe, 0x1, 0xff, 0xd4, 0x50, 0xf, 0xfe, 0x0,
    0xb8, 0x0, 0xa4, 0x3, 0xf4, 0x77, 0x34, 0x80,
    0x3f, 0x84, 0x40, 0x1f, 0xc2, 0x40, 0x3, 0xa0,
    0xf, 0x97, 0x7f, 0xd8, 0xbf, 0xf2, 0x0, 0x7f,
    0xfa, 0x0,

    /* U+00B6 "¶" */
    0x0, 0x8a, 0x77, 0xff, 0x60, 0x1, 0xb5, 0x88,
    0x3, 0xc9, 0x20, 0x1f, 0xd0, 0x1, 0xfc, 0x26,
    0x1, 0xfc, 0x40, 0x1f, 0xfc, 0x92, 0x0, 0xff,
    0x9, 0x80, 0x7f, 0xbc, 0x3, 0xfc, 0x74, 0x1,
    0xfe, 0x5e, 0x73, 0x21, 0x0, 0xf0, 0xc6, 0x6f,
    0x0, 0x7f, 0xfe, 0x40,

    /* U+00B7 "·" */
    0x1a, 0xc6, 0x8, 0x53, 0x92, 0x30, 0x8, 0x64,
    0x81, 0x8c,

    /* U+00B8 "¸" */
    0x2f, 0xf4, 0x80, 0x18, 0x0, 0xd8, 0x9, 0xe8,
    0x6, 0x80, 0x4c, 0x1, 0xe, 0x90, 0x12, 0x8,
    0x13, 0xe0, 0x0,

    /* U+00B9 "¹" */
    0x0, 0x24, 0xed, 0x75, 0xb1, 0x28, 0x80, 0x53,
    0xac, 0x0, 0x62, 0x0, 0xff, 0xe8, 0x0,

    /* U+00BA "º" */
    0x0, 0x36, 0xff, 0xa8, 0x80, 0x29, 0x91, 0x8,
    0x2e, 0x90, 0x1b, 0x5, 0x77, 0x10, 0x24, 0x2c,
    0xd, 0x40, 0x60, 0x10, 0x4, 0x14, 0x2, 0x30,
    0x1, 0x18, 0x7, 0xf1, 0x80, 0x7f, 0x8, 0x28,
    0x4, 0x60, 0x2, 0xb0, 0x35, 0x0, 0x40, 0x20,
    0x1b, 0x85, 0x77, 0xa0, 0x48, 0x2, 0x24, 0x84,
    0x13, 0x48, 0x0,

    /* U+00BB "»" */
    0x2, 0x20, 0x4, 0x44, 0x0, 0xe9, 0xda, 0x0,
    0x66, 0xb8, 0x6, 0x90, 0x56, 0xb, 0x8, 0x30,
    0x8, 0x9c, 0x24, 0x95, 0x3, 0x80, 0x34, 0x8,
    0x70, 0x48, 0x14, 0x80, 0x6b, 0x3, 0x82, 0x70,
    0x65, 0x0, 0x8c, 0x1, 0xc0, 0x20, 0x6, 0x0,
    0xc, 0x2, 0x31, 0xb0, 0x39, 0x80, 0x20, 0x45,
    0x41, 0xe0, 0x70, 0x0, 0x36, 0xa, 0x16, 0x31,
    0xd0, 0xb, 0x81, 0xd0, 0x64, 0x2c, 0x40, 0x0,

    /* U+00BC "¼" */
    0x0, 0xc8, 0x40, 0x1f, 0xe5, 0xaf, 0xb6, 0x0,
    0xfe, 0x2a, 0x50, 0xf, 0xfe, 0x1, 0xbd, 0x80,
    0x7d, 0x2, 0x1, 0xc, 0x20, 0x7, 0x9d, 0xd6,
    0x1, 0xff, 0xc, 0x84, 0x0, 0x7f, 0xd0, 0x2c,
    0x40, 0x1f, 0xe2, 0x60, 0x80, 0xf, 0xfa, 0x2,
    0x4, 0x3, 0xe8, 0x76, 0x35, 0x17, 0x0, 0xfc,
    0xf0, 0x5e, 0x16, 0x0, 0xdf, 0xd0, 0xf, 0x29,
    0x99, 0x42, 0x48, 0x3, 0xf4, 0x7, 0x82, 0xb0,
    0x7, 0xe7, 0x24, 0x32, 0xa2, 0x60, 0xf, 0xc,
    0x84, 0x87, 0x7, 0x88, 0x7, 0x86, 0x20, 0x4e,
    0x61, 0x8e, 0x5, 0x80, 0x19, 0x9c, 0x3, 0x8,
    0x4, 0x20, 0x1f, 0x3f, 0xfc, 0xe0, 0x5a, 0x1,
    0xff, 0xc3,

    /* U+00BD "½" */
    0x0, 0x89, 0x40, 0x3f, 0xe2, 0x7d, 0xd4, 0x80,
    0x7f, 0xd3, 0x4, 0x1, 0xff, 0xc1, 0xd9, 0x50,
    0xf, 0x39, 0x0, 0x73, 0x30, 0x80, 0x39, 0x63,
    0x80, 0x3f, 0xf8, 0x30, 0x10, 0x1, 0xff, 0xc0,
    0x62, 0x44, 0x0, 0x7f, 0xf0, 0x20, 0x20, 0x3,
    0xff, 0x80, 0xe2, 0xa6, 0x1, 0xfb, 0x1e, 0x86,
    0x2, 0xc0, 0x3f, 0x92, 0x1a, 0x1, 0xc5, 0xb7,
    0xfa, 0x84, 0x3, 0x89, 0x86, 0x5e, 0x48, 0x44,
    0xba, 0x1, 0xd0, 0x12, 0x34, 0xf, 0xd4, 0x6,
    0x1, 0x8d, 0x45, 0xc3, 0x3a, 0x3, 0x40, 0x40,
    0x37, 0x84, 0x0, 0x4, 0x40, 0xce, 0x10, 0x1,
    0x90, 0xd8, 0x3, 0x44, 0x84, 0xb0, 0x6, 0x8c,
    0x0, 0xd2, 0xe3, 0x8c, 0x1, 0xfe, 0x96, 0x0,
    0x76, 0xe9, 0x0, 0x3f, 0x10, 0x0, 0x48, 0xa1,

    /* U+00BE "¾" */
    0x2, 0x9d, 0xd5, 0x18, 0x7, 0xf0, 0xe3, 0x11,
    0x17, 0xc, 0x3, 0xf2, 0xa9, 0x3b, 0x84, 0x16,
    0x1, 0xf9, 0x2e, 0xc2, 0x1, 0x70, 0x5, 0x8a,
    0x1, 0xef, 0xe2, 0x66, 0x0, 0x20, 0xfc, 0x3,
    0xce, 0xc0, 0xc8, 0x2, 0xe1, 0x60, 0x10, 0x90,
    0xc4, 0xa8, 0x78, 0x40, 0x38, 0x80, 0x53, 0xbe,
    0x42, 0xc0, 0x24, 0xc3, 0x20, 0x1a, 0x44, 0x5b,
    0xc6, 0x13, 0x20, 0x91, 0x0, 0xc3, 0x8c, 0x66,
    0x6d, 0x4, 0x17, 0x0, 0xf1, 0x4e, 0x62, 0x4b,
    0xc2, 0xc1, 0x3f, 0xcc, 0x1, 0xf2, 0x99, 0x28,
    0xd0, 0x7, 0xfa, 0x2, 0x42, 0x84, 0x3, 0xf9,
    0x89, 0x10, 0xe8, 0xe2, 0x1, 0xfa, 0x2, 0xe,
    0x12, 0x0, 0x3f, 0xad, 0xcf, 0x81, 0x78, 0x42,
    0x18, 0x3, 0x96, 0x0, 0xc0, 0x44, 0x0, 0x11,
    0x0, 0x7e, 0xef, 0xf8, 0x42, 0x5c, 0x3, 0xff,
    0x88,

    /* U+00BF "¿" */
    0x0, 0xeb, 0xfb, 0x0, 0xfc, 0x48, 0x8, 0x60,
    0x1f, 0x10, 0x80, 0x8, 0x3, 0xf7, 0xdf, 0x8,
    0x7, 0xe1, 0x41, 0x0, 0xfe, 0x66, 0x80, 0x3f,
    0x14, 0xcc, 0x1, 0xf9, 0x0, 0x3f, 0xc9, 0x20,
    0x4, 0x0, 0xf2, 0x58, 0x0, 0x64, 0x3, 0x8a,
    0xc0, 0x3, 0xe4, 0x1, 0xdc, 0x1, 0x60, 0x80,
    0x71, 0x98, 0x0, 0xe4, 0x1, 0xe5, 0x0, 0xa8,
    0x3, 0x8, 0xc0, 0x1f, 0xaf, 0xb9, 0xea, 0x1,
    0x40, 0x1, 0x10, 0x0, 0x53, 0x20, 0x2, 0xff,
    0xac, 0x2, 0xf0, 0xe1, 0x0, 0xfa, 0x10, 0xf,
    0xdc, 0x80, 0x2, 0xb8, 0xe0,

    /* U+00C0 "À" */
    0x0, 0x8f, 0xfe, 0x80, 0xf, 0xf8, 0xec, 0x0,
    0xe6, 0x1, 0xff, 0x25, 0x0, 0x3c, 0x3, 0xff,
    0x80, 0xb4, 0xe8, 0x40, 0x1f, 0xfc, 0x9, 0x77,
    0x70, 0x7, 0xfc, 0x26, 0x0, 0x31, 0x0, 0xff,
    0x38, 0x6, 0x70, 0xf, 0xf6, 0x80, 0x6d, 0x0,
    0xff, 0x20, 0x6, 0x41, 0x0, 0xfc, 0xa0, 0x1,
    0x20, 0x2, 0x0, 0x7e, 0xf0, 0x3, 0xa8, 0x3,
    0xc0, 0x3f, 0x28, 0x3, 0x30, 0x0, 0x50, 0xf,
    0x90, 0x2, 0x44, 0x0, 0x48, 0x1, 0xed, 0x0,
    0x18, 0x81, 0x80, 0x34, 0x3, 0xce, 0x0, 0xb0,
    0x5, 0x80, 0x1c, 0x3, 0x90, 0x40, 0x8, 0x0,
    0x40, 0x0, 0x98, 0x6, 0xd0, 0xb, 0x3f, 0xd8,
    0x1, 0x58, 0x6, 0x70, 0xf, 0xf2, 0x80, 0x46,
    0x20, 0x1f, 0xe2, 0x20, 0x2, 0xc0, 0x2e, 0xff,
    0xda, 0x1, 0x28, 0x1, 0x40, 0x6, 0x20, 0x18,
    0x88, 0x0, 0xb0, 0x22, 0x0, 0x10, 0x3, 0xc8,
    0x0, 0x31, 0x50, 0xa, 0xc0, 0x3d, 0xa0, 0x13,
    0x80,

    /* U+00C1 "Á" */
    0x0, 0xfc, 0xdf, 0xf2, 0x80, 0x7f, 0x8a, 0x40,
    0x14, 0xa0, 0x1f, 0xee, 0x0, 0x52, 0x80, 0x7f,
    0x89, 0x1e, 0x94, 0x3, 0xfe, 0xe7, 0x74, 0x80,
    0x7f, 0xc2, 0x60, 0x3, 0x10, 0xf, 0xf3, 0x80,
    0x67, 0x0, 0xff, 0x68, 0x6, 0xd0, 0xf, 0xf2,
    0x0, 0x64, 0x10, 0xf, 0xca, 0x0, 0x12, 0x0,
    0x20, 0x7, 0xef, 0x0, 0x3a, 0x80, 0x3c, 0x3,
    0xf2, 0x80, 0x33, 0x0, 0x5, 0x0, 0xf9, 0x0,
    0x24, 0x40, 0x4, 0x80, 0x1e, 0xd0, 0x1, 0x88,
    0x18, 0x3, 0x40, 0x3c, 0xe0, 0xb, 0x0, 0x58,
    0x1, 0xc0, 0x39, 0x4, 0x0, 0x80, 0x4, 0x0,
    0x9, 0x80, 0x6d, 0x0, 0xb3, 0xfd, 0x80, 0x15,
    0x80, 0x67, 0x0, 0xff, 0x28, 0x4, 0x62, 0x1,
    0xfe, 0x22, 0x0, 0x2c, 0x2, 0xef, 0xfd, 0xa0,
    0x12, 0x80, 0x14, 0x0, 0x62, 0x1, 0x88, 0x80,
    0xb, 0x2, 0x20, 0x1, 0x0, 0x3c, 0x80, 0x3,
    0x15, 0x0, 0xac, 0x3, 0xda, 0x1, 0x38,

    /* U+00C2 "Â" */
    0x0, 0xf1, 0x44, 0xc, 0x3, 0xfe, 0x6d, 0x77,
    0x63, 0x80, 0x7e, 0x1a, 0x90, 0x89, 0x8, 0xb1,
    0x0, 0xf2, 0x93, 0xe3, 0xb6, 0xb9, 0xb8, 0x7,
    0x92, 0x20, 0x60, 0x2, 0x88, 0x30, 0x7, 0xf6,
    0x7f, 0xb0, 0x3, 0xfe, 0x13, 0x0, 0x18, 0x80,
    0x7f, 0x9c, 0x3, 0x38, 0x7, 0xfb, 0x40, 0x36,
    0x80, 0x7f, 0x90, 0x3, 0x20, 0x80, 0x7e, 0x50,
    0x0, 0x90, 0x1, 0x0, 0x3f, 0x78, 0x1, 0xd4,
    0x1, 0xe0, 0x1f, 0x94, 0x1, 0x98, 0x0, 0x28,
    0x7, 0xc8, 0x1, 0x22, 0x0, 0x24, 0x0, 0xf6,
    0x80, 0xc, 0x40, 0xc0, 0x1a, 0x1, 0xe7, 0x0,
    0x58, 0x2, 0xc0, 0xe, 0x1, 0xc8, 0x20, 0x4,
    0x0, 0x20, 0x0, 0x4c, 0x3, 0x68, 0x5, 0x9f,
    0xec, 0x0, 0xac, 0x3, 0x38, 0x7, 0xf9, 0x40,
    0x23, 0x10, 0xf, 0xf1, 0x10, 0x1, 0x60, 0x17,
    0x7f, 0xed, 0x0, 0x94, 0x0, 0xa0, 0x3, 0x10,
    0xc, 0x44, 0x0, 0x58, 0x11, 0x0, 0x8, 0x1,
    0xe4, 0x0, 0x18, 0xa8, 0x5, 0x60, 0x1e, 0xd0,
    0x9, 0xc0,

    /* U+00C3 "Ã" */
    0x0, 0xff, 0xe4, 0x2f, 0x7d, 0x20, 0x37, 0xc0,
    0x7, 0x8a, 0x84, 0x16, 0xfe, 0x43, 0x40, 0x3d,
    0x40, 0xb6, 0xe2, 0x0, 0x55, 0x0, 0x7a, 0x6e,
    0xc9, 0x1d, 0x9b, 0x40, 0x1f, 0xa, 0x8, 0x4,
    0x64, 0x1, 0xff, 0x67, 0xfb, 0x0, 0x3f, 0xe1,
    0x30, 0x1, 0x88, 0x7, 0xf9, 0xc0, 0x33, 0x80,
    0x7f, 0xb4, 0x3, 0x68, 0x7, 0xf9, 0x0, 0x32,
    0x8, 0x7, 0xe5, 0x0, 0x9, 0x0, 0x10, 0x3,
    0xf7, 0x80, 0x1d, 0x40, 0x1e, 0x1, 0xf9, 0x40,
    0x19, 0x80, 0x2, 0x80, 0x7c, 0x80, 0x12, 0x20,
    0x2, 0x40, 0xf, 0x68, 0x0, 0xc4, 0xc, 0x1,
    0xa0, 0x1e, 0x70, 0x5, 0x80, 0x2c, 0x0, 0xe0,
    0x1c, 0x82, 0x0, 0x40, 0x2, 0x0, 0x4, 0xc0,
    0x36, 0x80, 0x59, 0xfe, 0xc0, 0xa, 0xc0, 0x33,
    0x80, 0x7f, 0x94, 0x2, 0x31, 0x0, 0xff, 0x11,
    0x0, 0x16, 0x1, 0x77, 0xfe, 0xd0, 0x9, 0x40,
    0xa, 0x0, 0x31, 0x0, 0xc4, 0x40, 0x5, 0x81,
    0x10, 0x0, 0x80, 0x1e, 0x40, 0x1, 0x8a, 0x80,
    0x56, 0x1, 0xed, 0x0, 0x9c,

    /* U+00C4 "Ä" */
    0x0, 0xc2, 0x20, 0xc, 0x22, 0x0, 0xf9, 0xbb,
    0x88, 0x0, 0x5e, 0xe3, 0x0, 0x7a, 0x80, 0x1c,
    0x0, 0xf0, 0x6, 0x80, 0x7a, 0x44, 0x52, 0x0,
    0xe1, 0x17, 0x80, 0x79, 0x7b, 0x86, 0x0, 0x4e,
    0xe2, 0x0, 0x7f, 0x67, 0xfb, 0x0, 0x3f, 0xe1,
    0x30, 0x1, 0x88, 0x7, 0xf9, 0xc0, 0x33, 0x80,
    0x7f, 0xb4, 0x3, 0x68, 0x7, 0xf9, 0x0, 0x32,
    0x8, 0x7, 0xe5, 0x0, 0x9, 0x0, 0x10, 0x3,
    0xf7, 0x80, 0x1d, 0x40, 0x1e, 0x1, 0xf9, 0x40,
    0x19, 0x80, 0x2, 0x80, 0x7c, 0x80, 0x12, 0x20,
    0x2, 0x40, 0xf, 0x68, 0x0, 0xc4, 0xc, 0x1,
    0xa0, 0x1e, 0x70, 0x5, 0x80, 0x2c, 0x0, 0xe0,
    0x1c, 0x82, 0x0, 0x40, 0x2, 0x0, 0x4, 0xc0,
    0x36, 0x80, 0x59, 0xfe, 0xc0, 0xa, 0xc0, 0x33,
    0x80, 0x7f, 0x94, 0x2, 0x31, 0x0, 0xff, 0x11,
    0x0, 0x16, 0x1, 0x77, 0xfe, 0xd0, 0x9, 0x40,
    0xa, 0x0, 0x31, 0x0, 0xc4, 0x40, 0x5, 0x81,
    0x10, 0x0, 0x80, 0x1e, 0x40, 0x1, 0x8a, 0x80,
    0x56, 0x1, 0xed, 0x0, 0x9c,

    /* U+00C5 "Å" */
    0x0, 0xff, 0xe5, 0x57, 0xfa, 0x80, 0x3f, 0xe8,
    0x5a, 0xb4, 0x80, 0xf, 0xf0, 0x89, 0xd4, 0xc4,
    0x3, 0xfd, 0x5, 0xbc, 0x16, 0x1, 0xfe, 0x1c,
    0xdd, 0x88, 0x3, 0xfe, 0xcd, 0xd6, 0x0, 0x7f,
    0xc2, 0x60, 0x3, 0x10, 0xf, 0xf3, 0x80, 0x67,
    0x0, 0xff, 0x68, 0x6, 0xd0, 0xf, 0xf2, 0x0,
    0x64, 0x10, 0xf, 0xca, 0x0, 0x12, 0x0, 0x20,
    0x7, 0xef, 0x0, 0x3a, 0x80, 0x3c, 0x3, 0xf2,
    0x80, 0x33, 0x0, 0x5, 0x0, 0xf9, 0x0, 0x24,
    0x40, 0x4, 0x80, 0x1e, 0xd0, 0x1, 0x88, 0x18,
    0x3, 0x40, 0x3c, 0xe0, 0xb, 0x0, 0x58, 0x1,
    0xc0, 0x39, 0x4, 0x0, 0x80, 0x4, 0x0, 0x9,
    0x80, 0x6d, 0x0, 0xb3, 0xfd, 0x80, 0x15, 0x80,
    0x67, 0x0, 0xff, 0x28, 0x4, 0x62, 0x1, 0xfe,
    0x22, 0x0, 0x2c, 0x2, 0xef, 0xfd, 0xa0, 0x12,
    0x80, 0x14, 0x0, 0x62, 0x1, 0x88, 0x80, 0xb,
    0x2, 0x20, 0x1, 0x0, 0x3c, 0x80, 0x3, 0x15,
    0x0, 0xac, 0x3, 0xda, 0x1, 0x38,

    /* U+00C6 "Æ" */
    0x0, 0xf3, 0xff, 0xfd, 0x40, 0x1e, 0xb0, 0xf,
    0xfe, 0x8, 0x98, 0x7, 0x8, 0x8c, 0x3, 0x9c,
    0x3, 0x9f, 0xb9, 0x20, 0x1d, 0x40, 0x1f, 0xfc,
    0x11, 0x30, 0x12, 0x0, 0xff, 0x38, 0x1, 0x0,
    0x3f, 0xed, 0x0, 0x60, 0x7, 0xfc, 0x80, 0x4,
    0x0, 0x9f, 0xfc, 0x80, 0x12, 0x80, 0x8, 0x80,
    0x1f, 0xef, 0x0, 0x20, 0x7, 0x8, 0x9c, 0x2,
    0x50, 0x7, 0x80, 0x67, 0xee, 0x18, 0x1, 0x40,
    0x29, 0xf2, 0x0, 0xfd, 0xe0, 0x1f, 0xfc, 0x24,
    0x0, 0xff, 0xe0, 0xa0, 0x80, 0x33, 0xfc, 0x40,
    0x1f, 0x68, 0x0, 0x4c, 0x3, 0x9f, 0xb9, 0xa0,
    0xe0, 0x4, 0x0, 0xf8, 0x44, 0x46, 0x20, 0xf,
    0x0, 0xff, 0x0,

    /* U+00C7 "Ç" */
    0x0, 0x8a, 0x77, 0xfd, 0xb2, 0x40, 0x1c, 0xba,
    0xc4, 0x0, 0x26, 0xd6, 0x0, 0x92, 0x80, 0x3f,
    0x4a, 0x0, 0x28, 0x0, 0x39, 0xfe, 0xb1, 0x0,
    0x48, 0x28, 0x80, 0x2c, 0xc0, 0x9, 0x0, 0x2,
    0x3f, 0x0, 0xa, 0x80, 0x64, 0x0, 0x95, 0xc0,
    0xa, 0x1, 0xc5, 0x99, 0x39, 0x0, 0x4, 0x3,
    0xc6, 0x70, 0x80, 0x7f, 0xfb, 0x4, 0x0, 0x20,
    0x1e, 0x11, 0x81, 0x40, 0xa, 0x1, 0xc5, 0xdd,
    0x36, 0x80, 0x5, 0x0, 0x32, 0x0, 0x4a, 0xc2,
    0x0, 0xa3, 0x0, 0x24, 0x80, 0x8, 0xc2, 0xc0,
    0x3, 0x9f, 0xeb, 0x0, 0xa4, 0x0, 0xb0, 0x1,
    0xfa, 0x90, 0x2, 0x7d, 0x51, 0x0, 0x13, 0xea,
    0x80, 0x71, 0x53, 0x80, 0x1e, 0x88, 0x3, 0xf5,
    0xc8, 0x2f, 0x80, 0x7f, 0x12, 0x80, 0x8, 0x3,
    0xf9, 0xf0, 0x0, 0xc0, 0x1f, 0xc2, 0x7, 0x12,
    0x1, 0x80,

    /* U+00C8 "È" */
    0x0, 0x17, 0x7f, 0xa8, 0x3, 0xf8, 0xb4, 0x0,
    0xa8, 0x1, 0xfc, 0x78, 0x0, 0xa0, 0xf, 0xf1,
    0xe3, 0xb1, 0x80, 0x71, 0x7f, 0xec, 0x77, 0x67,
    0xfe, 0x40, 0xf, 0xfe, 0x38, 0x8f, 0xe0, 0xe,
    0x8e, 0xef, 0xc8, 0x1, 0xff, 0xf0, 0x8f, 0xff,
    0x80, 0x3f, 0xf9, 0x2, 0x45, 0xf0, 0x7, 0xa7,
    0x77, 0xe0, 0xf, 0xff, 0x94, 0x77, 0x7e, 0x40,
    0xe, 0x11, 0xfe, 0x0, 0xff, 0xe1, 0x0,

    /* U+00C9 "É" */
    0x0, 0xf9, 0x3f, 0xe6, 0x0, 0xfc, 0x34, 0x0,
    0x96, 0x0, 0xfd, 0x62, 0x10, 0xc0, 0x1f, 0x84,
    0x9e, 0x9c, 0x3, 0x17, 0xfe, 0xe7, 0x75, 0x7f,
    0xe4, 0x0, 0xff, 0xe3, 0x88, 0xfe, 0x0, 0xe8,
    0xee, 0xfc, 0x80, 0x1f, 0xff, 0x8, 0xff, 0xf8,
    0x3, 0xff, 0x90, 0x24, 0x5f, 0x0, 0x7a, 0x77,
    0x7e, 0x0, 0xff, 0xf9, 0x47, 0x77, 0xe4, 0x0,
    0xe1, 0x1f, 0xe0, 0xf, 0xfe, 0x10,

    /* U+00CA "Ê" */
    0x0, 0xe1, 0x78, 0x30, 0xf, 0xe2, 0xf8, 0x7c,
    0x60, 0xf, 0x93, 0x44, 0x94, 0x26, 0x0, 0x39,
    0x6c, 0x13, 0x2a, 0x1, 0xe8, 0x3, 0x2f, 0xfa,
    0xc4, 0x1f, 0xfd, 0x40, 0x2, 0xff, 0xff, 0xe0,
    0x20, 0x7, 0xff, 0x1c, 0x47, 0xf0, 0x7, 0x47,
    0x77, 0xe4, 0x0, 0xff, 0xf8, 0x47, 0xff, 0xc0,
    0x1f, 0xfc, 0x81, 0x22, 0xf8, 0x3, 0xd3, 0xbb,
    0xf0, 0x7, 0xff, 0xca, 0x3b, 0xbf, 0x20, 0x7,
    0x8, 0xff, 0x0, 0x7f, 0xf0, 0x80,

    /* U+00CB "Ë" */
    0x0, 0x84, 0x40, 0x18, 0x44, 0x1, 0xcb, 0xdc,
    0x60, 0x2, 0x77, 0x20, 0x3, 0x78, 0x3, 0x40,
    0x1a, 0x0, 0x50, 0xd, 0x22, 0x2f, 0x0, 0x59,
    0x4, 0x0, 0x63, 0xee, 0x20, 0x0, 0xb7, 0xd4,
    0x0, 0x5f, 0xff, 0xfc, 0x4, 0x0, 0xff, 0xe3,
    0x88, 0xfe, 0x0, 0xe8, 0xee, 0xfc, 0x80, 0x1f,
    0xff, 0x8, 0xff, 0xf8, 0x3, 0xff, 0x90, 0x24,
    0x5f, 0x0, 0x7a, 0x77, 0x7e, 0x0, 0xff, 0xf9,
    0x47, 0x77, 0xe4, 0x0, 0xe1, 0x1f, 0xe0, 0xf,
    0xfe, 0x10,

    /* U+00CC "Ì" */
    0x9, 0xff, 0x88, 0x3, 0xe9, 0x50, 0x7, 0x0,
    0x7e, 0xa4, 0x3, 0x60, 0xf, 0xd6, 0xee, 0x10,
    0xe, 0x8f, 0xf9, 0xdd, 0x1f, 0xf8, 0x80, 0x3f,
    0xf8, 0x1e, 0x23, 0x0, 0x61, 0x18, 0xdf, 0xba,
    0x0, 0x9f, 0xba, 0x10, 0xf, 0xff, 0xf8, 0x7,
    0xff, 0xe5, 0xfb, 0xa0, 0x9, 0xfb, 0xa1, 0xf1,
    0x18, 0x3, 0x8, 0xc6, 0x1, 0xff, 0xc0,

    /* U+00CD "Í" */
    0x0, 0xf6, 0xff, 0xb4, 0x40, 0x3d, 0x4, 0x5,
    0x82, 0x1, 0xc6, 0xe0, 0x58, 0x20, 0x1e, 0x57,
    0x76, 0x8, 0x5, 0x1f, 0xf4, 0xbb, 0xbb, 0xfe,
    0x20, 0xf, 0xfe, 0x7, 0x88, 0xc0, 0x18, 0x46,
    0x37, 0xee, 0x80, 0x27, 0xee, 0x84, 0x3, 0xff,
    0xfe, 0x1, 0xff, 0xf9, 0x7e, 0xe8, 0x2, 0x7e,
    0xe8, 0x7c, 0x46, 0x0, 0xc2, 0x31, 0x80, 0x7f,
    0xf0, 0x0,

    /* U+00CE "Î" */
    0x0, 0xcb, 0xe, 0x1, 0xf0, 0xdd, 0x3c, 0x69,
    0x80, 0x64, 0xf4, 0x2b, 0x42, 0xc7, 0x0, 0x8d,
    0xa3, 0x52, 0xe5, 0xfc, 0x80, 0xf, 0xe, 0x1,
    0x34, 0x40, 0x82, 0x3f, 0xff, 0xc4, 0x1, 0xff,
    0xc0, 0xf1, 0x18, 0x3, 0x8, 0xc6, 0xfd, 0xd0,
    0x4, 0xfd, 0xd0, 0x80, 0x7f, 0xff, 0xc0, 0x3f,
    0xff, 0x2f, 0xdd, 0x0, 0x4f, 0xdd, 0xf, 0x88,
    0xc0, 0x18, 0x46, 0x30, 0xf, 0xfe, 0x0,

    /* U+00CF "Ï" */
    0x0, 0x10, 0x7, 0x10, 0x6, 0xdd, 0x80, 0x2c,
    0xde, 0x10, 0x32, 0x2, 0x30, 0x13, 0x1, 0x50,
    0x35, 0x5, 0x30, 0x16, 0x4, 0x40, 0x2, 0xbe,
    0x80, 0x29, 0xfb, 0x0, 0x47, 0xff, 0xf8, 0x80,
    0x3f, 0xf8, 0x1e, 0x23, 0x0, 0x61, 0x18, 0xdf,
    0xba, 0x0, 0x9f, 0xba, 0x10, 0xf, 0xff, 0xf8,
    0x7, 0xff, 0xe5, 0xfb, 0xa0, 0x9, 0xfb, 0xa1,
    0xf1, 0x18, 0x3, 0x8, 0xc6, 0x1, 0xff, 0xc0,

    /* U+00D0 "Ð" */
    0x0, 0x1f, 0xff, 0xb2, 0x4, 0x3, 0xff, 0x82,
    0x6f, 0xcc, 0x1, 0xfc, 0x22, 0x0, 0xd2, 0xe0,
    0x1f, 0xa3, 0xbe, 0x84, 0x1, 0x8, 0x1, 0xfe,
    0x5c, 0x0, 0xa0, 0x3, 0xfe, 0x26, 0x0, 0x19,
    0x0, 0x7f, 0xd4, 0x1, 0x20, 0x7, 0xfc, 0x60,
    0x17, 0x92, 0x20, 0x2, 0xe4, 0x40, 0x80, 0x71,
    0xd5, 0xc0, 0x4, 0xf7, 0x65, 0x0, 0xff, 0xe5,
    0x47, 0xe0, 0x5, 0x3f, 0xe4, 0x0, 0xe3, 0x0,
    0xff, 0x8c, 0x2, 0xe0, 0xf, 0xfa, 0xc0, 0x25,
    0x0, 0xff, 0x13, 0x80, 0xc, 0x80, 0x3f, 0x93,
    0x0, 0x28, 0x0, 0xfa, 0x3b, 0xec, 0x40, 0xe,
    0x80, 0x1f, 0x8, 0x80, 0x34, 0xc0, 0x7, 0xfc,
    0x4f, 0xcc, 0x1, 0x0,

    /* U+00D1 "Ñ" */
    0x0, 0xff, 0xe2, 0x47, 0xf4, 0x98, 0x4f, 0xa0,
    0x4, 0xce, 0x2, 0xd9, 0xec, 0xc, 0x1, 0x50,
    0x45, 0x28, 0x5, 0x4, 0x1, 0x6d, 0xba, 0xd7,
    0x5f, 0x38, 0x6, 0x14, 0x0, 0x85, 0x4, 0x2,
    0x7f, 0xf9, 0x40, 0x35, 0xff, 0xb4, 0x3, 0x48,
    0x7, 0xff, 0x0, 0xcc, 0x1, 0xff, 0xc0, 0xa0,
    0xf, 0xfe, 0x3, 0x8, 0x7, 0xff, 0x1, 0x80,
    0x3f, 0xf8, 0x14, 0x1, 0xfe, 0x50, 0x24, 0x0,
    0xfe, 0xe0, 0x7, 0x80, 0x7f, 0x32, 0x2, 0x10,
    0x7, 0xf7, 0x80, 0x28, 0x3, 0xf9, 0x8, 0x19,
    0xc0, 0x3f, 0xac, 0x4, 0xc0, 0x3f, 0x98, 0x3,
    0xff, 0x82, 0xc0, 0x1f, 0xfc, 0xb, 0x0, 0xff,
    0xe0, 0x11, 0x80, 0x7f, 0xf0, 0x24, 0x3, 0xff,
    0x80, 0xa2, 0x1, 0x0,

    /* U+00D2 "Ò" */
    0x0, 0x2c, 0x44, 0x20, 0x1f, 0xc8, 0xae, 0xeb,
    0x0, 0xfe, 0x1c, 0x20, 0x54, 0x0, 0xfe, 0x1c,
    0x10, 0xa0, 0xf, 0xf0, 0xf7, 0xf0, 0x7, 0xf1,
    0xd7, 0x7f, 0xb1, 0x80, 0x3c, 0xf8, 0xa2, 0x0,
    0x39, 0xc1, 0x0, 0x96, 0x0, 0x3e, 0x3c, 0x0,
    0xac, 0x0, 0x39, 0xfc, 0xa0, 0x2, 0x70, 0x61,
    0x0, 0x51, 0x80, 0xd1, 0x80, 0x24, 0x30, 0x0,
    0x28, 0x1, 0xa8, 0x0, 0x26, 0xe0, 0x5, 0x0,
    0xe4, 0x0, 0x94, 0x80, 0x2, 0x1, 0xc6, 0x1,
    0x70, 0x7, 0xff, 0x4, 0x40, 0x3f, 0xfb, 0xa2,
    0x40, 0x1, 0x0, 0xe3, 0x0, 0xb9, 0x80, 0xa,
    0x1, 0xc8, 0x1, 0x16, 0x80, 0x5, 0x0, 0x35,
    0x0, 0x5, 0x18, 0x40, 0x14, 0x60, 0x32, 0x60,
    0x6, 0x0, 0x58, 0x0, 0x73, 0xf9, 0x80, 0x5,
    0x0, 0x5, 0x80, 0xf, 0x8b, 0x0, 0x33, 0xe2,
    0x88, 0x0, 0xe7, 0x44, 0x0,

    /* U+00D3 "Ó" */
    0x0, 0xf9, 0x22, 0x22, 0x0, 0xfc, 0x34, 0xee,
    0x2, 0x0, 0xfd, 0x62, 0xf, 0x0, 0x1f, 0x95,
    0x40, 0xf0, 0x1, 0xfc, 0xbf, 0xe8, 0x0, 0xfc,
    0x75, 0xdf, 0xec, 0x60, 0xf, 0x3e, 0x28, 0x80,
    0xe, 0x70, 0x40, 0x25, 0x80, 0xf, 0x8f, 0x0,
    0x2b, 0x0, 0xe, 0x7f, 0x28, 0x0, 0x9c, 0x18,
    0x40, 0x14, 0x60, 0x34, 0x60, 0x9, 0xc, 0x0,
    0xa, 0x0, 0x6a, 0x0, 0x9, 0xb8, 0x1, 0x40,
    0x39, 0x0, 0x25, 0x20, 0x0, 0x80, 0x71, 0x80,
    0x5c, 0x1, 0xff, 0xc1, 0x10, 0xf, 0xfe, 0xe8,
    0x90, 0x0, 0x40, 0x38, 0xc0, 0x2e, 0x60, 0x2,
    0x80, 0x72, 0x0, 0x45, 0xa0, 0x1, 0x40, 0xd,
    0x40, 0x1, 0x46, 0x10, 0x5, 0x18, 0xc, 0x98,
    0x1, 0x80, 0x16, 0x0, 0x1c, 0xfe, 0x60, 0x1,
    0x40, 0x1, 0x60, 0x3, 0xe2, 0xc0, 0xc, 0xf8,
    0xa2, 0x0, 0x39, 0xd1, 0x0, 0x0,

    /* U+00D4 "Ô" */
    0x0, 0xc5, 0x9f, 0xe8, 0x0, 0xfc, 0xba, 0x64,
    0xf, 0x84, 0x1, 0xd3, 0x40, 0xfb, 0xa3, 0x36,
    0xa0, 0x6, 0x9f, 0xf4, 0x1, 0x67, 0xf9, 0x0,
    0x3f, 0xf8, 0xe7, 0x5d, 0xfe, 0xc6, 0x0, 0xf3,
    0xe2, 0x88, 0x0, 0xe7, 0x4, 0x2, 0x58, 0x0,
    0xf8, 0xf0, 0x2, 0xb0, 0x0, 0xe7, 0xf2, 0x80,
    0x9, 0xc1, 0x84, 0x1, 0x46, 0x3, 0x46, 0x0,
    0x90, 0xc0, 0x0, 0xa0, 0x6, 0xa0, 0x0, 0x9b,
    0x80, 0x14, 0x3, 0x90, 0x2, 0x52, 0x0, 0x8,
    0x7, 0x18, 0x5, 0xc0, 0x1f, 0xfc, 0x11, 0x0,
    0xff, 0xee, 0x89, 0x0, 0x4, 0x3, 0x8c, 0x2,
    0xe6, 0x0, 0x28, 0x7, 0x20, 0x4, 0x5a, 0x0,
    0x14, 0x0, 0xd4, 0x0, 0x14, 0x61, 0x0, 0x51,
    0x80, 0xc9, 0x80, 0x18, 0x1, 0x60, 0x1, 0xcf,
    0xe6, 0x0, 0x14, 0x0, 0x16, 0x0, 0x3e, 0x2c,
    0x0, 0xcf, 0x8a, 0x20, 0x3, 0x9d, 0x10, 0x0,

    /* U+00D5 "Õ" */
    0x0, 0xc6, 0x60, 0x8, 0x8c, 0x3, 0xd9, 0x96,
    0xba, 0x76, 0x28, 0x6, 0x83, 0x0, 0x14, 0x59,
    0x82, 0x0, 0x62, 0xc, 0xf9, 0x30, 0x2b, 0x10,
    0xd, 0x5e, 0x60, 0xd9, 0xfa, 0x80, 0x1f, 0xfc,
    0x83, 0xae, 0xff, 0x63, 0x0, 0x79, 0xf1, 0x44,
    0x0, 0x73, 0x82, 0x1, 0x2c, 0x0, 0x7c, 0x78,
    0x1, 0x58, 0x0, 0x73, 0xf9, 0x40, 0x4, 0xe0,
    0xc2, 0x0, 0xa3, 0x1, 0xa3, 0x0, 0x48, 0x60,
    0x0, 0x50, 0x3, 0x50, 0x0, 0x4d, 0xc0, 0xa,
    0x1, 0xc8, 0x1, 0x29, 0x0, 0x4, 0x3, 0x8c,
    0x2, 0xe0, 0xf, 0xfe, 0x8, 0x80, 0x7f, 0xf7,
    0x44, 0x80, 0x2, 0x1, 0xc6, 0x1, 0x73, 0x0,
    0x14, 0x3, 0x90, 0x2, 0x2d, 0x0, 0xa, 0x0,
    0x6a, 0x0, 0xa, 0x30, 0x80, 0x28, 0xc0, 0x64,
    0xc0, 0xc, 0x0, 0xb0, 0x0, 0xe7, 0xf3, 0x0,
    0xa, 0x0, 0xb, 0x0, 0x1f, 0x16, 0x0, 0x67,
    0xc5, 0x10, 0x1, 0xce, 0x88, 0x0,

    /* U+00D6 "Ö" */
    0x0, 0x47, 0xe0, 0x80, 0x1f, 0xf4, 0x80, 0x33,
    0x81, 0xb8, 0x2, 0x40, 0x94, 0x3, 0x28, 0xa,
    0x0, 0x1c, 0x0, 0x80, 0x1a, 0xb7, 0x88, 0x1,
    0x3b, 0xc6, 0x1, 0xc4, 0x1, 0xc4, 0x20, 0x1e,
    0x3a, 0xef, 0xf6, 0x30, 0x7, 0x9f, 0x14, 0x40,
    0x7, 0x38, 0x20, 0x12, 0xc0, 0x7, 0xc7, 0x80,
    0x15, 0x80, 0x7, 0x3f, 0x94, 0x0, 0x4e, 0xc,
    0x20, 0xa, 0x30, 0x1a, 0x30, 0x4, 0x86, 0x0,
    0x5, 0x0, 0x35, 0x0, 0x4, 0xdc, 0x0, 0xa0,
    0x1c, 0x80, 0x12, 0x90, 0x0, 0x40, 0x38, 0xc0,
    0x2e, 0x0, 0xff, 0xe0, 0x88, 0x7, 0xff, 0x74,
    0x48, 0x0, 0x20, 0x1c, 0x60, 0x17, 0x30, 0x1,
    0x40, 0x39, 0x0, 0x22, 0xd0, 0x0, 0xa0, 0x6,
    0xa0, 0x0, 0xa3, 0x8, 0x2, 0x8c, 0x6, 0x4c,
    0x0, 0xc0, 0xb, 0x0, 0xe, 0x7f, 0x30, 0x0,
    0xa0, 0x0, 0xb0, 0x1, 0xf1, 0x60, 0x6, 0x7c,
    0x51, 0x0, 0x1c, 0xe8, 0x80, 0x0,

    /* U+00D7 "×" */
    0x4, 0x60, 0xf, 0x31, 0x82, 0x5c, 0xb0, 0x6,
    0x69, 0xc3, 0xf0, 0x4, 0xa8, 0x1, 0xa4, 0x1,
    0x16, 0x60, 0xa, 0x55, 0x48, 0x1, 0x2c, 0x30,
    0xc0, 0x15, 0x40, 0x1, 0xd8, 0x5, 0x86, 0x1,
    0x8f, 0x0, 0x3a, 0x40, 0x34, 0x80, 0x72, 0x50,
    0x6, 0xa4, 0x0, 0x92, 0xc0, 0x6, 0x40, 0xb,
    0x40, 0x4b, 0x0, 0x16, 0xe1, 0x0, 0x2d, 0x3c,
    0x0, 0x58, 0x22, 0xc2, 0x0, 0x7d, 0xa1, 0x60,
    0x80, 0x7, 0x9, 0x2c, 0x2f, 0x4, 0x3, 0xe,
    0x58, 0x0,

    /* U+00D8 "Ø" */
    0x0, 0xc5, 0x3d, 0xfe, 0xc6, 0x4f, 0xf1, 0x80,
    0x4d, 0xac, 0x20, 0x3, 0x9b, 0x8, 0x30, 0x2,
    0xc8, 0x7, 0xf3, 0x0, 0x56, 0x0, 0x1b, 0xfe,
    0x60, 0xa, 0x0, 0xa, 0x20, 0xb, 0x40, 0x13,
    0x0, 0x98, 0x1, 0x80, 0x12, 0x80, 0xd, 0x40,
    0x32, 0x82, 0x80, 0xc, 0x2, 0xf0, 0x50, 0xb,
    0x40, 0x80, 0xe, 0x0, 0x53, 0x1b, 0x0, 0x84,
    0x3, 0xeb, 0x8, 0x10, 0x8, 0xc0, 0x3c, 0xe2,
    0x4c, 0x1, 0xfe, 0x18, 0x9, 0x0, 0xff, 0xa0,
    0x11, 0x0, 0x1c, 0x60, 0x60, 0x5, 0x60, 0x90,
    0x1, 0x0, 0x42, 0xe, 0x0, 0x10, 0x62, 0x0,
    0x38, 0x5, 0xa1, 0xe0, 0x10, 0xc0, 0x5, 0xc0,
    0x12, 0x82, 0x88, 0x4, 0xa0, 0x8, 0x40, 0x3,
    0x0, 0x4c, 0x0, 0x1b, 0xff, 0x38, 0x0, 0x60,
    0x0, 0x2c, 0x1, 0xf8, 0xb0, 0x40, 0x12, 0x27,
    0x8a, 0x20, 0x3, 0x8d, 0x20, 0x1, 0x38, 0x79,
    0xd7, 0x7f, 0xb1, 0xc0, 0x30,

    /* U+00D9 "Ù" */
    0x0, 0x24, 0x44, 0x40, 0x1f, 0x91, 0xe, 0xee,
    0x0, 0xfe, 0xc3, 0x3, 0x60, 0xf, 0xed, 0x20,
    0x81, 0x0, 0xfc, 0x3b, 0xfc, 0x20, 0x19, 0xbf,
    0xe3, 0x0, 0xd3, 0xff, 0x0, 0x7f, 0xff, 0xc0,
    0x3f, 0xff, 0xe0, 0x1e, 0x30, 0x9, 0xc0, 0x31,
    0x80, 0x5, 0xc0, 0x2c, 0x0, 0xc8, 0x0, 0x22,
    0x80, 0xe, 0x60, 0x9, 0x10, 0x5, 0x84, 0x0,
    0x59, 0xde, 0xc0, 0x1, 0x70, 0x58, 0x0, 0x84,
    0x2, 0x1c, 0x0, 0x9f, 0x14, 0x40, 0x6, 0xfe,
    0x40,

    /* U+00DA "Ú" */
    0x0, 0xf8, 0xe2, 0x23, 0x0, 0xfd, 0xce, 0xe2,
    0x30, 0xf, 0xa4, 0x81, 0x68, 0x3, 0xe3, 0x60,
    0x5a, 0x0, 0xfc, 0x7f, 0xea, 0x0, 0xcd, 0xff,
    0x18, 0x6, 0x9f, 0xf8, 0x3, 0xff, 0xfe, 0x1,
    0xff, 0xff, 0x0, 0xf1, 0x80, 0x4e, 0x1, 0x8c,
    0x0, 0x2e, 0x1, 0x60, 0x6, 0x40, 0x1, 0x14,
    0x0, 0x73, 0x0, 0x48, 0x80, 0x2c, 0x20, 0x2,
    0xce, 0xf6, 0x0, 0xb, 0x82, 0xc0, 0x4, 0x20,
    0x10, 0xe0, 0x4, 0xf8, 0xa2, 0x0, 0x37, 0xf2,
    0x0,

    /* U+00DB "Û" */
    0x0, 0xea, 0xff, 0x40, 0x7, 0xc3, 0x8a, 0x0,
    0x7a, 0x0, 0xe2, 0xf3, 0x1c, 0xa0, 0x5c, 0x10,
    0x9, 0x19, 0xf0, 0xd7, 0x1d, 0x10, 0x1, 0x34,
    0x40, 0x80, 0x7, 0x10, 0x50, 0x6f, 0xf8, 0xc0,
    0x34, 0xff, 0xc0, 0x1f, 0xff, 0xf0, 0xf, 0xff,
    0xf8, 0x7, 0x8c, 0x2, 0x70, 0xc, 0x60, 0x1,
    0x70, 0xb, 0x0, 0x32, 0x0, 0x8, 0xa0, 0x3,
    0x98, 0x2, 0x44, 0x1, 0x61, 0x0, 0x16, 0x77,
    0xb0, 0x0, 0x5c, 0x16, 0x0, 0x21, 0x0, 0x87,
    0x0, 0x27, 0xc5, 0x10, 0x1, 0xbf, 0x90, 0x0,

    /* U+00DC "Ü" */
    0x0, 0x37, 0xe9, 0x0, 0x17, 0xf8, 0xc0, 0x28,
    0x2, 0xa0, 0x4, 0x80, 0xd0, 0x4, 0xc0, 0xb,
    0x0, 0x58, 0x3, 0x40, 0x28, 0xef, 0x30, 0x3,
    0xf7, 0x10, 0x3, 0x8, 0x7, 0x8, 0x80, 0xd,
    0xff, 0x18, 0x6, 0x9f, 0xf8, 0x3, 0xff, 0xfe,
    0x1, 0xff, 0xff, 0x0, 0xf1, 0x80, 0x4e, 0x1,
    0x8c, 0x0, 0x2e, 0x1, 0x60, 0x6, 0x40, 0x1,
    0x14, 0x0, 0x73, 0x0, 0x48, 0x80, 0x2c, 0x20,
    0x2, 0xce, 0xf6, 0x0, 0xb, 0x82, 0xc0, 0x4,
    0x20, 0x10, 0xe0, 0x4, 0xf8, 0xa2, 0x0, 0x37,
    0xf2, 0x0,

    /* U+00DD "Ý" */
    0x0, 0xfc, 0xff, 0xf2, 0x0, 0x7f, 0x8a, 0x0,
    0x16, 0x80, 0x1f, 0xef, 0x0, 0x5a, 0x0, 0x7f,
    0x8d, 0x5e, 0xd0, 0x3, 0x97, 0xfe, 0x80, 0x38,
    0x82, 0x4, 0xff, 0xca, 0xa2, 0x0, 0x30, 0x7,
    0xb, 0x0, 0x9, 0x42, 0xc0, 0x2, 0xc0, 0x19,
    0x80, 0x2b, 0x0, 0x30, 0x80, 0x2c, 0x3, 0x50,
    0x0, 0x58, 0x2, 0x90, 0x1, 0x20, 0x1, 0x48,
    0x1, 0x0, 0x19, 0x80, 0x2e, 0x0, 0x70, 0x0,
    0x58, 0x3, 0xb, 0x80, 0x14, 0x49, 0x0, 0xc,
    0x1, 0xe9, 0x0, 0xa6, 0xc0, 0x29, 0x0, 0xf0,
    0xb0, 0x1, 0x98, 0x0, 0x71, 0x0, 0xfa, 0xc0,
    0x2, 0x1, 0x48, 0x7, 0xe2, 0x50, 0xc, 0xc2,
    0x1, 0xfd, 0x20, 0x1a, 0xc0, 0x3f, 0xc6, 0x20,
    0x3, 0x20, 0xf, 0xf8, 0xc0, 0xe, 0x1, 0xff,
    0xff, 0x0, 0xff, 0x80,

    /* U+00DE "Þ" */
    0x4f, 0xf9, 0x0, 0x3f, 0xfd, 0x77, 0xff, 0x75,
    0xb0, 0x7, 0xfc, 0x29, 0x3c, 0x60, 0x1c, 0x24,
    0x50, 0x4, 0x3a, 0x20, 0x1a, 0xb7, 0x6e, 0x60,
    0x0, 0xc8, 0x7, 0xe1, 0x92, 0x0, 0x20, 0x7,
    0xf9, 0xc0, 0x4, 0x1, 0xfe, 0x70, 0x1, 0x0,
    0x7e, 0x19, 0x20, 0x2, 0x0, 0x6a, 0xdd, 0xb9,
    0x80, 0x3, 0x20, 0x18, 0x48, 0xa0, 0x8, 0x74,
    0x40, 0x3f, 0xa, 0x4f, 0x18, 0x7, 0x5f, 0xfd,
    0xd6, 0xc0, 0x1f, 0xfe, 0x10,

    /* U+00DF "ß" */
    0x0, 0xc, 0x6f, 0xfb, 0x1c, 0x3, 0x8f, 0xdc,
    0x80, 0x7, 0x18, 0x1, 0xe, 0x88, 0x0, 0x40,
    0x23, 0x80, 0x3, 0x8, 0x2, 0x7b, 0x82, 0x0,
    0x50, 0x5, 0x80, 0x9, 0x80, 0x58, 0x0, 0x40,
    0x2, 0x0, 0x38, 0x7, 0x84, 0x0, 0x20, 0x3,
    0x0, 0x98, 0x0, 0x80, 0x1f, 0x9c, 0x40, 0x10,
    0x1, 0xfa, 0x80, 0x8, 0x40, 0x1f, 0x8c, 0x0,
    0x20, 0x1f, 0xc4, 0x0, 0x53, 0x0, 0xfd, 0x0,
    0x16, 0x90, 0x7, 0xc8, 0xe0, 0x1, 0xc1, 0x0,
    0xfa, 0x1c, 0x0, 0x32, 0x1, 0xfa, 0xc, 0x0,
    0xc0, 0x1f, 0xc8, 0x0, 0x10, 0xe, 0x50, 0x9,
    0x40, 0x2, 0x1, 0x8e, 0xbf, 0x7c, 0x80, 0xe,
    0x1, 0x94, 0x0, 0x40, 0x11, 0x40, 0x6, 0x33,
    0x8, 0x0, 0x9f, 0x44,

    /* U+00E0 "à" */
    0x0, 0x57, 0xfc, 0x20, 0x1f, 0xa9, 0x0, 0x14,
    0x1, 0xfd, 0x68, 0x8, 0xa0, 0x1f, 0xd6, 0xee,
    0x20, 0xf, 0xf4, 0x41, 0xc0, 0x3f, 0x3e, 0x7f,
    0xd8, 0xe0, 0x18, 0xba, 0xc, 0x2, 0x38, 0xe2,
    0x0, 0x78, 0x80, 0x11, 0x4c, 0x0, 0x3e, 0x4,
    0x40, 0x4, 0x5d, 0x64, 0x80, 0x8, 0xcb, 0xfe,
    0x70, 0x9, 0x0, 0x25, 0x0, 0xb, 0xe7, 0x7f,
    0xb4, 0x3, 0x93, 0xa0, 0xc4, 0x3, 0xe1, 0xb0,
    0x0, 0xd6, 0xf6, 0x0, 0x67, 0x0, 0xb5, 0x48,
    0x44, 0x1, 0xb8, 0x2, 0x30, 0xf, 0xde, 0x1,
    0x28, 0x0, 0x78, 0x3, 0x28, 0x5, 0x59, 0x8e,
    0x30, 0xc, 0x50, 0x1, 0x19, 0x80, 0x40, 0x2e,
    0x7, 0xb4, 0x0, 0xb, 0x79, 0x80, 0x14,

    /* U+00E1 "á" */
    0x0, 0xfb, 0x7f, 0xd8, 0x1, 0xfa, 0x8, 0xf,
    0x0, 0x3e, 0x37, 0x3, 0xd0, 0xf, 0xca, 0xee,
    0xd1, 0x0, 0xfc, 0xd1, 0x1, 0x0, 0xf9, 0xf3,
    0xfe, 0xc7, 0x0, 0xc5, 0xd0, 0x60, 0x11, 0xc7,
    0x10, 0x3, 0xc4, 0x0, 0x8a, 0x60, 0x1, 0xf0,
    0x22, 0x0, 0x22, 0xeb, 0x24, 0x0, 0x46, 0x5f,
    0xf3, 0x80, 0x48, 0x1, 0x28, 0x0, 0x5f, 0x3b,
    0xfd, 0xa0, 0x1c, 0x9d, 0x6, 0x20, 0x1f, 0xd,
    0x80, 0x6, 0xb7, 0xb0, 0x3, 0x38, 0x5, 0xaa,
    0x42, 0x20, 0xd, 0xc0, 0x11, 0x80, 0x7e, 0xf0,
    0x9, 0x40, 0x3, 0xc0, 0x19, 0x40, 0x2a, 0xcc,
    0x71, 0x80, 0x62, 0x80, 0x8, 0xcc, 0x2, 0x1,
    0x70, 0x3d, 0xa0, 0x0, 0x5b, 0xcc, 0x0, 0xa0,

    /* U+00E2 "â" */
    0x0, 0xc7, 0xdf, 0xe5, 0x0, 0xf9, 0xf0, 0x48,
    0x2a, 0x40, 0x3a, 0xe0, 0x27, 0x68, 0x5b, 0x48,
    0x2, 0xae, 0xf6, 0x5, 0xee, 0x61, 0x0, 0x42,
    0x20, 0xe, 0x11, 0x0, 0x73, 0xe7, 0xfd, 0x8e,
    0x1, 0x8b, 0xa0, 0xc0, 0x23, 0x8e, 0x20, 0x7,
    0x88, 0x1, 0x14, 0xc0, 0x3, 0xe0, 0x44, 0x0,
    0x45, 0xd6, 0x48, 0x0, 0x8c, 0xbf, 0xe7, 0x0,
    0x90, 0x2, 0x50, 0x0, 0xbe, 0x77, 0xfb, 0x40,
    0x39, 0x3a, 0xc, 0x40, 0x3e, 0x1b, 0x0, 0xd,
    0x6f, 0x60, 0x6, 0x70, 0xb, 0x54, 0x84, 0x40,
    0x1b, 0x80, 0x23, 0x0, 0xfd, 0xe0, 0x12, 0x80,
    0x7, 0x80, 0x32, 0x80, 0x55, 0x98, 0xe3, 0x0,
    0xc5, 0x0, 0x11, 0x98, 0x4, 0x2, 0xe0, 0x7b,
    0x40, 0x0, 0xb7, 0x98, 0x1, 0x40,

    /* U+00E3 "ã" */
    0x0, 0xff, 0xe2, 0x57, 0xeb, 0x90, 0xe7, 0x8,
    0x5, 0x4a, 0x5, 0x1b, 0xc6, 0x2, 0x1, 0x28,
    0x55, 0x10, 0x2, 0xa0, 0xd, 0xb6, 0xaa, 0xbd,
    0xbe, 0x40, 0xc, 0x48, 0x1, 0x12, 0x8, 0x7,
    0xff, 0x1d, 0xf3, 0xfe, 0xc7, 0x0, 0xc5, 0xd0,
    0x60, 0x11, 0xc7, 0x10, 0x3, 0xc4, 0x0, 0x8a,
    0x60, 0x1, 0xf0, 0x22, 0x0, 0x22, 0xeb, 0x24,
    0x0, 0x46, 0x5f, 0xf3, 0x80, 0x48, 0x1, 0x28,
    0x0, 0x5f, 0x3b, 0xfd, 0xa0, 0x1c, 0x9d, 0x6,
    0x20, 0x1f, 0xd, 0x80, 0x6, 0xb7, 0xb0, 0x3,
    0x38, 0x5, 0xaa, 0x42, 0x20, 0xd, 0xc0, 0x11,
    0x80, 0x7e, 0xf0, 0x9, 0x40, 0x3, 0xc0, 0x19,
    0x40, 0x2a, 0xcc, 0x71, 0x80, 0x62, 0x80, 0x8,
    0xcc, 0x2, 0x1, 0x70, 0x3d, 0xa0, 0x0, 0x5b,
    0xcc, 0x0, 0xa0,

    /* U+00E4 "ä" */
    0x0, 0x5f, 0xd0, 0x5, 0x5f, 0x60, 0x11, 0xa0,
    0x29, 0x1, 0x28, 0x22, 0x0, 0x6, 0x40, 0x64,
    0x4, 0x60, 0x4a, 0x1, 0x6e, 0xb0, 0x2, 0xcd,
    0xd0, 0x80, 0x62, 0x0, 0xe2, 0x0, 0xf3, 0xe7,
    0xfd, 0x8e, 0x1, 0x8b, 0xa0, 0xc0, 0x23, 0x8e,
    0x20, 0x7, 0x88, 0x1, 0x14, 0xc0, 0x3, 0xe0,
    0x44, 0x0, 0x45, 0xd6, 0x48, 0x0, 0x8c, 0xbf,
    0xe7, 0x0, 0x90, 0x2, 0x50, 0x0, 0xbe, 0x77,
    0xfb, 0x40, 0x39, 0x3a, 0xc, 0x40, 0x3e, 0x1b,
    0x0, 0xd, 0x6f, 0x60, 0x6, 0x70, 0xb, 0x54,
    0x84, 0x40, 0x1b, 0x80, 0x23, 0x0, 0xfd, 0xe0,
    0x12, 0x80, 0x7, 0x80, 0x32, 0x80, 0x55, 0x98,
    0xe3, 0x0, 0xc5, 0x0, 0x11, 0x98, 0x4, 0x2,
    0xe0, 0x7b, 0x40, 0x0, 0xb7, 0x98, 0x1, 0x40,

    /* U+00E5 "å" */
    0x0, 0xff, 0xe2, 0x96, 0x7e, 0x98, 0x7, 0xef,
    0xc, 0x7d, 0x0, 0xf8, 0x4a, 0x4e, 0x44, 0xc0,
    0x3c, 0x22, 0xf0, 0xb0, 0x20, 0xf, 0xa9, 0x3d,
    0xe4, 0x40, 0x3e, 0x4e, 0xdf, 0x60, 0xf, 0xf1,
    0x0, 0x7f, 0x3e, 0x7f, 0xd8, 0xe0, 0x18, 0xba,
    0xc, 0x2, 0x38, 0xe2, 0x0, 0x78, 0x80, 0x11,
    0x4c, 0x0, 0x3e, 0x4, 0x40, 0x4, 0x5d, 0x64,
    0x80, 0x8, 0xcb, 0xfe, 0x70, 0x9, 0x0, 0x25,
    0x0, 0xb, 0xe7, 0x7f, 0xb4, 0x3, 0x93, 0xa0,
    0xc4, 0x3, 0xe1, 0xb0, 0x0, 0xd6, 0xf6, 0x0,
    0x67, 0x0, 0xb5, 0x48, 0x44, 0x1, 0xb8, 0x2,
    0x30, 0xf, 0xde, 0x1, 0x28, 0x0, 0x78, 0x3,
    0x28, 0x5, 0x59, 0x8e, 0x30, 0xc, 0x50, 0x1,
    0x19, 0x80, 0x40, 0x2e, 0x7, 0xb4, 0x0, 0xb,
    0x79, 0x80, 0x14,

    /* U+00E6 "æ" */
    0x0, 0x25, 0xff, 0xb5, 0xd7, 0x3f, 0xd6, 0x60,
    0x12, 0xda, 0x0, 0xa, 0x28, 0xc0, 0x9, 0x84,
    0x0, 0x80, 0x8, 0x40, 0x30, 0x80, 0x52, 0x2,
    0x40, 0xb, 0xe3, 0x0, 0x2f, 0x58, 0x1, 0x0,
    0x7f, 0xe4, 0x6, 0x0, 0x68, 0x28, 0x4, 0x40,
    0x10, 0xab, 0x38, 0x3, 0x1e, 0x40, 0x3d, 0x3d,
    0x52, 0x40, 0x4, 0x87, 0x0, 0xeb, 0x60, 0xf,
    0xfe, 0x9, 0xa0, 0x0, 0xf5, 0x40, 0x11, 0xff,
    0xc4, 0xa0, 0x17, 0x10, 0x7, 0xff, 0x9, 0x80,
    0x35, 0x8, 0x0, 0xc4, 0x10, 0x2, 0xbd, 0x50,
    0x1, 0x76, 0xf6, 0x38, 0x12, 0x80, 0x44, 0x6,
    0x1, 0x10, 0x86, 0x0, 0x29, 0xc4, 0x6, 0x32,
    0xcc, 0x0, 0x2b, 0x20,

    /* U+00E7 "ç" */
    0x0, 0x8a, 0x77, 0xfd, 0xb0, 0x20, 0x19, 0xb5,
    0x88, 0x0, 0x4f, 0xe6, 0x0, 0x49, 0x0, 0x84,
    0x2, 0x1d, 0x10, 0x90, 0x0, 0xe7, 0x7c, 0x80,
    0x5, 0x8c, 0x80, 0x10, 0x60, 0x6, 0x40, 0x6,
    0x28, 0x4, 0x80, 0x1a, 0x6e, 0xd1, 0xc0, 0x11,
    0x0, 0x62, 0x44, 0x18, 0x7, 0xff, 0x7, 0x80,
    0x21, 0x0, 0xfc, 0xa0, 0x13, 0x80, 0x68, 0xdd,
    0x49, 0x90, 0x2, 0x8, 0x0, 0x8e, 0x44, 0x10,
    0x90, 0x0, 0xee, 0x6d, 0x80, 0x6, 0x41, 0x24,
    0x2, 0x32, 0x0, 0xe, 0x88, 0x1, 0xb5, 0x84,
    0x0, 0x51, 0xe6, 0x1, 0x8a, 0x5c, 0x0, 0xea,
    0x20, 0x1f, 0x5c, 0x82, 0xf8, 0x7, 0xe2, 0x50,
    0x1, 0x0, 0x7e, 0x7c, 0x0, 0x30, 0x7, 0xe1,
    0x3, 0x89, 0x0, 0x80,

    /* U+00E8 "è" */
    0x0, 0x4f, 0xfc, 0x40, 0x1f, 0xd2, 0xa0, 0xe,
    0x0, 0xff, 0x52, 0x1, 0xb0, 0x7, 0xfa, 0xdd,
    0xc2, 0x1, 0xff, 0x44, 0x1c, 0x3, 0xf8, 0x63,
    0x7f, 0xdb, 0x24, 0x1, 0xc9, 0xee, 0x40, 0x2,
    0x6d, 0x50, 0x8, 0xec, 0x40, 0x2, 0x20, 0xa,
    0x8c, 0x1, 0xe0, 0x15, 0xf7, 0x34, 0x80, 0x1e,
    0x6, 0x60, 0x4, 0xa0, 0x0, 0xa4, 0x0, 0x62,
    0x80, 0x17, 0x3b, 0xec, 0x0, 0x97, 0xc0, 0x27,
    0x88, 0xce, 0x1, 0x8, 0x80, 0x3f, 0xf8, 0x3c,
    0x1, 0x6f, 0xff, 0xe5, 0x30, 0xa, 0xc0, 0x3c,
    0x40, 0x4, 0x20, 0x3, 0x40, 0x4, 0x57, 0xa6,
    0x0, 0xe0, 0x9, 0xff, 0x7b, 0x50, 0x38, 0x0,
    0x78, 0x20, 0x11, 0x8, 0x0, 0xbc, 0x2, 0x3e,
    0x83, 0x0, 0x9, 0xce, 0x90, 0x0,

    /* U+00E9 "é" */
    0x0, 0xfb, 0x3f, 0xda, 0x20, 0x1f, 0x9c, 0xc0,
    0xb0, 0x40, 0x3e, 0x28, 0x2, 0xc1, 0x0, 0xfc,
    0xef, 0x60, 0x80, 0x7f, 0x2c, 0x40, 0x40, 0x3f,
    0xc, 0x6f, 0xfb, 0x64, 0x80, 0x39, 0x3d, 0xc8,
    0x0, 0x4d, 0xaa, 0x1, 0x1d, 0x88, 0x0, 0x44,
    0x1, 0x51, 0x80, 0x3c, 0x2, 0xbe, 0xe6, 0x90,
    0x3, 0xc0, 0xcc, 0x0, 0x94, 0x0, 0x14, 0x80,
    0xc, 0x50, 0x2, 0xe7, 0x7d, 0x80, 0x12, 0xf8,
    0x4, 0xf1, 0x19, 0xc0, 0x21, 0x10, 0x7, 0xff,
    0x7, 0x80, 0x2d, 0xff, 0xfc, 0xa6, 0x1, 0x58,
    0x7, 0x88, 0x0, 0x84, 0x0, 0x68, 0x0, 0x8a,
    0xf4, 0xc0, 0x1c, 0x1, 0x3f, 0xef, 0x6a, 0x7,
    0x0, 0xf, 0x4, 0x2, 0x21, 0x0, 0x17, 0x80,
    0x47, 0xd0, 0x60, 0x1, 0x39, 0xd2, 0x0,

    /* U+00EA "ê" */
    0x0, 0xc7, 0xbf, 0xe6, 0x0, 0xfc, 0xf8, 0x44,
    0x9, 0xa0, 0xf, 0x5c, 0x4, 0x6d, 0x8a, 0xe9,
    0x0, 0x6a, 0xef, 0x70, 0x4e, 0xe6, 0x10, 0x6,
    0x11, 0x0, 0x70, 0x88, 0x3, 0xc3, 0x1b, 0xfe,
    0xd9, 0x20, 0xe, 0x4f, 0x72, 0x0, 0x13, 0x6a,
    0x80, 0x47, 0x62, 0x0, 0x11, 0x0, 0x54, 0x60,
    0xf, 0x0, 0xaf, 0xb9, 0xa4, 0x0, 0xf0, 0x33,
    0x0, 0x25, 0x0, 0x5, 0x20, 0x3, 0x14, 0x0,
    0xb9, 0xdf, 0x60, 0x4, 0xbe, 0x1, 0x3c, 0x46,
    0x70, 0x8, 0x44, 0x1, 0xff, 0xc1, 0xe0, 0xb,
    0x7f, 0xff, 0x29, 0x80, 0x56, 0x1, 0xe2, 0x0,
    0x21, 0x0, 0x1a, 0x0, 0x22, 0xbd, 0x30, 0x7,
    0x0, 0x4f, 0xfb, 0xda, 0x81, 0xc0, 0x3, 0xc1,
    0x0, 0x88, 0x40, 0x5, 0xe0, 0x11, 0xf4, 0x18,
    0x0, 0x4e, 0x74, 0x80,

    /* U+00EB "ë" */
    0x0, 0x57, 0xd8, 0x5, 0x3f, 0x80, 0x18, 0x94,
    0x10, 0xc0, 0x58, 0xd, 0x40, 0x22, 0x20, 0x11,
    0x80, 0x98, 0xa, 0x0, 0x6d, 0xd8, 0x2, 0xcd,
    0xe1, 0x0, 0xe2, 0x0, 0xe2, 0x0, 0xf8, 0x63,
    0x7f, 0xdb, 0x24, 0x1, 0xc9, 0xee, 0x40, 0x2,
    0x6d, 0x50, 0x8, 0xec, 0x40, 0x2, 0x20, 0xa,
    0x8c, 0x1, 0xe0, 0x15, 0xf7, 0x34, 0x80, 0x1e,
    0x6, 0x60, 0x4, 0xa0, 0x0, 0xa4, 0x0, 0x62,
    0x80, 0x17, 0x3b, 0xec, 0x0, 0x97, 0xc0, 0x27,
    0x88, 0xce, 0x1, 0x8, 0x80, 0x3f, 0xf8, 0x3c,
    0x1, 0x6f, 0xff, 0xe5, 0x30, 0xa, 0xc0, 0x3c,
    0x40, 0x4, 0x20, 0x3, 0x40, 0x4, 0x57, 0xa6,
    0x0, 0xe0, 0x9, 0xff, 0x7b, 0x50, 0x38, 0x0,
    0x78, 0x20, 0x11, 0x8, 0x0, 0xbc, 0x2, 0x3e,
    0x83, 0x0, 0x9, 0xce, 0x90, 0x0,

    /* U+00EC "ì" */
    0x0, 0x5f, 0xfb, 0x84, 0x3, 0xf5, 0x98, 0xc,
    0x0, 0x7f, 0x61, 0x83, 0x18, 0x7, 0xf6, 0xbb,
    0x94, 0x3, 0xf8, 0x62, 0xc, 0x1, 0xcf, 0xff,
    0xf1, 0x80, 0x7f, 0xf1, 0x44, 0x78, 0x3, 0xf3,
    0x77, 0x56, 0x1, 0xff, 0xff, 0x0, 0xff, 0xe6,
    0x37, 0x75, 0x60, 0x16, 0xf7, 0x42, 0x3e, 0x0,
    0x84, 0x71, 0x80, 0x7f, 0xf0, 0x40,

    /* U+00ED "í" */
    0x0, 0xf0, 0xf7, 0xfa, 0xc0, 0x3f, 0x58, 0x82,
    0x58, 0x7, 0xca, 0xa0, 0x4b, 0x0, 0xfc, 0x4e,
    0xeb, 0x0, 0xfe, 0x78, 0x80, 0x7, 0x3f, 0xff,
    0xc6, 0x1, 0xff, 0xc5, 0x11, 0xe0, 0xf, 0xcd,
    0xdd, 0x58, 0x7, 0xff, 0xfc, 0x3, 0xff, 0x98,
    0xdd, 0xd5, 0x80, 0x5b, 0xdd, 0x8, 0xf8, 0x2,
    0x11, 0xc6, 0x1, 0xff, 0xc1,

    /* U+00EE "î" */
    0x0, 0xc9, 0xdf, 0xc8, 0x1, 0xf4, 0x58, 0x90,
    0xdc, 0x0, 0x61, 0xc7, 0x9, 0xd9, 0x7, 0xb1,
    0x0, 0xf, 0x6f, 0x30, 0x37, 0x6c, 0x88, 0x4,
    0x44, 0x10, 0x8, 0x48, 0x80, 0x7, 0xff, 0xf8,
    0xc0, 0x3f, 0xf8, 0xa2, 0x3c, 0x1, 0xf9, 0xbb,
    0xab, 0x0, 0xff, 0xff, 0x80, 0x7f, 0xf3, 0x1b,
    0xba, 0xb0, 0xb, 0x7b, 0xa1, 0x1f, 0x0, 0x42,
    0x38, 0xc0, 0x3f, 0xf8, 0x20,

    /* U+00EF "ï" */
    0x0, 0x67, 0xc0, 0x5, 0x7f, 0x40, 0x12, 0x98,
    0x38, 0x1, 0x10, 0xa, 0x40, 0x4, 0x10, 0x40,
    0x2, 0x90, 0x19, 0x0, 0x7, 0xb6, 0xc0, 0x3,
    0xba, 0xc0, 0xe, 0x20, 0xe, 0x20, 0x9, 0xff,
    0xfe, 0x30, 0xf, 0xfe, 0x28, 0x8f, 0x0, 0x7e,
    0x6e, 0xea, 0xc0, 0x3f, 0xff, 0xe0, 0x1f, 0xfc,
    0xc6, 0xee, 0xac, 0x2, 0xde, 0xe8, 0x47, 0xc0,
    0x10, 0x8e, 0x30, 0xf, 0xfe, 0x8,

    /* U+00F0 "ð" */
    0x0, 0xf3, 0xa0, 0x7, 0xfc, 0x31, 0x7a, 0x61,
    0x1c, 0x40, 0x1d, 0x20, 0x2, 0xce, 0x70, 0x60,
    0xe, 0xb5, 0x0, 0x85, 0x39, 0x0, 0x3c, 0x20,
    0x19, 0x8, 0x3, 0x9b, 0x11, 0x60, 0x2, 0x80,
    0xe, 0x74, 0xca, 0x74, 0x0, 0x28, 0x80, 0x64,
    0x28, 0xa6, 0xf0, 0x9, 0x80, 0x9, 0xd4, 0xc8,
    0xb3, 0x40, 0x16, 0x1, 0xd8, 0x80, 0x70, 0x80,
    0x4c, 0x1e, 0x1, 0x47, 0xfb, 0x5c, 0x2, 0x23,
    0x30, 0x1, 0x9c, 0x0, 0x50, 0xc0, 0x12, 0x80,
    0x56, 0x1, 0xfd, 0xc0, 0x11, 0x0, 0x7e, 0x1f,
    0x0, 0x84, 0x3, 0x90, 0x0, 0xa6, 0x1, 0x30,
    0x6, 0x32, 0x0, 0x6a, 0x10, 0x2, 0x14, 0x0,
    0x7a, 0x0, 0x16, 0x9, 0x0, 0xab, 0xb7, 0x4,
    0x1, 0x60, 0x4, 0xa0, 0x8, 0x48, 0x2, 0xa5,
    0x0, 0x97, 0x9c, 0x80, 0x4, 0xda, 0xa0, 0x0,

    /* U+00F1 "ñ" */
    0x0, 0xff, 0xe2, 0xcf, 0xf4, 0x10, 0x57, 0x18,
    0x6, 0x76, 0x1, 0x7d, 0xf5, 0x12, 0x0, 0xd4,
    0x13, 0x48, 0x1, 0x50, 0x80, 0x6f, 0xb6, 0x5b,
    0xeb, 0xe5, 0x0, 0xe2, 0x40, 0x8, 0x50, 0x40,
    0x3f, 0xf8, 0xc7, 0xff, 0x1, 0xd7, 0x7f, 0x48,
    0x80, 0x7a, 0x31, 0x44, 0x5, 0xb0, 0x3, 0xce,
    0x28, 0x80, 0x8, 0xa0, 0x3, 0x8f, 0xae, 0xdc,
    0x20, 0x5, 0x0, 0xe9, 0x0, 0x85, 0xc0, 0x4,
    0x1, 0xfe, 0xe0, 0xf, 0xff, 0xf8, 0x7, 0xff,
    0x74,

    /* U+00F2 "ò" */
    0x0, 0x2f, 0xfc, 0xc0, 0x1f, 0xcb, 0x20, 0x8,
    0x10, 0xf, 0xe6, 0x80, 0x1b, 0x0, 0xff, 0x3c,
    0xb9, 0x8, 0x7, 0xf9, 0xa2, 0x2, 0x1, 0xf8,
    0xeb, 0xbf, 0xd8, 0xe0, 0x1e, 0x7c, 0x51, 0x0,
    0x1c, 0x71, 0x0, 0x4d, 0x0, 0x10, 0x80, 0x43,
    0x82, 0x0, 0x90, 0x0, 0xef, 0x7c, 0x0, 0x6,
    0x1, 0x40, 0x2a, 0x20, 0x3, 0xa0, 0x1, 0xc3,
    0x0, 0x24, 0x0, 0xda, 0x0, 0x12, 0x30, 0x1,
    0x0, 0x71, 0x0, 0x4c, 0x1, 0xff, 0xc2, 0x30,
    0x1, 0x0, 0x71, 0x0, 0x4d, 0x80, 0x12, 0x0,
    0x6d, 0x0, 0x9, 0x28, 0x5, 0x44, 0x0, 0x74,
    0x0, 0x38, 0x2, 0x40, 0x3, 0xba, 0xe8, 0x0,
    0xc, 0x0, 0x1a, 0x0, 0x22, 0x10, 0x0, 0xe8,
    0x80, 0x4f, 0x8a, 0x20, 0x3, 0x8e, 0x30, 0x0,

    /* U+00F3 "ó" */
    0x0, 0xfa, 0x7f, 0xe3, 0x0, 0xfc, 0x6c, 0x0,
    0xc3, 0x0, 0xfd, 0xc0, 0xc, 0x30, 0xf, 0xc6,
    0xaf, 0x86, 0x1, 0xfc, 0x71, 0x3, 0x0, 0xfc,
    0x75, 0xdf, 0xec, 0x70, 0xf, 0x3e, 0x28, 0x80,
    0xe, 0x38, 0x80, 0x26, 0x80, 0x8, 0x40, 0x21,
    0xc1, 0x0, 0x48, 0x0, 0x77, 0xbe, 0x0, 0x3,
    0x0, 0xa0, 0x15, 0x10, 0x1, 0xd0, 0x0, 0xe1,
    0x80, 0x12, 0x0, 0x6d, 0x0, 0x9, 0x18, 0x0,
    0x80, 0x38, 0x80, 0x26, 0x0, 0xff, 0xe1, 0x18,
    0x0, 0x80, 0x38, 0x80, 0x26, 0xc0, 0x9, 0x0,
    0x36, 0x80, 0x4, 0x94, 0x2, 0xa2, 0x0, 0x3a,
    0x0, 0x1c, 0x1, 0x20, 0x1, 0xdd, 0x74, 0x0,
    0x6, 0x0, 0xd, 0x0, 0x11, 0x8, 0x0, 0x74,
    0x40, 0x27, 0xc5, 0x10, 0x1, 0xc7, 0x18, 0x0,

    /* U+00F4 "ô" */
    0x0, 0xc3, 0x7f, 0xe9, 0x0, 0xfc, 0x9e, 0x84,
    0xd, 0x84, 0x1, 0xcf, 0x62, 0xbb, 0xa3, 0x36,
    0xa0, 0x6, 0x7e, 0xfa, 0x2, 0xce, 0xe2, 0x0,
    0x70, 0x80, 0x70, 0x88, 0x3, 0xc7, 0x5d, 0xfe,
    0xc7, 0x0, 0xf3, 0xe2, 0x88, 0x0, 0xe3, 0x88,
    0x2, 0x68, 0x0, 0x84, 0x2, 0x1c, 0x10, 0x4,
    0x80, 0x7, 0x7b, 0xe0, 0x0, 0x30, 0xa, 0x1,
    0x51, 0x0, 0x1d, 0x0, 0xe, 0x18, 0x1, 0x20,
    0x6, 0xd0, 0x0, 0x91, 0x80, 0x8, 0x3, 0x88,
    0x2, 0x60, 0xf, 0xfe, 0x11, 0x80, 0x8, 0x3,
    0x88, 0x2, 0x6c, 0x0, 0x90, 0x3, 0x68, 0x0,
    0x49, 0x40, 0x2a, 0x20, 0x3, 0xa0, 0x1, 0xc0,
    0x12, 0x0, 0x1d, 0xd7, 0x40, 0x0, 0x60, 0x0,
    0xd0, 0x1, 0x10, 0x80, 0x7, 0x44, 0x2, 0x7c,
    0x51, 0x0, 0x1c, 0x71, 0x80, 0x0,

    /* U+00F5 "õ" */
    0x0, 0xff, 0xe2, 0xbf, 0x72, 0x4c, 0x23, 0xd8,
    0x3, 0x2c, 0x8, 0x9b, 0x3d, 0xc1, 0x40, 0x37,
    0x83, 0xdb, 0x0, 0x4e, 0x60, 0x1a, 0xea, 0x12,
    0x7f, 0x36, 0x0, 0x38, 0x54, 0x3, 0x19, 0x0,
    0x7f, 0xf2, 0x4e, 0xbb, 0xfd, 0x8e, 0x1, 0xe7,
    0xc5, 0x10, 0x1, 0xc7, 0x10, 0x4, 0xd0, 0x1,
    0x8, 0x4, 0x38, 0x20, 0x9, 0x0, 0xe, 0xf7,
    0xc0, 0x0, 0x60, 0x14, 0x2, 0xa2, 0x0, 0x3a,
    0x0, 0x1c, 0x30, 0x2, 0x40, 0xd, 0xa0, 0x1,
    0x23, 0x0, 0x10, 0x7, 0x10, 0x4, 0xc0, 0x1f,
    0xfc, 0x23, 0x0, 0x10, 0x7, 0x10, 0x4, 0xd8,
    0x1, 0x20, 0x6, 0xd0, 0x0, 0x92, 0x80, 0x54,
    0x40, 0x7, 0x40, 0x3, 0x80, 0x24, 0x0, 0x3b,
    0xae, 0x80, 0x0, 0xc0, 0x1, 0xa0, 0x2, 0x21,
    0x0, 0xe, 0x88, 0x4, 0xf8, 0xa2, 0x0, 0x38,
    0xe3, 0x0, 0x0,

    /* U+00F6 "ö" */
    0x0, 0x3f, 0xe8, 0x80, 0x1b, 0xf4, 0x80, 0x34,
    0x1, 0x30, 0x2, 0xc0, 0xa8, 0x3, 0x30, 0x1,
    0x40, 0xa, 0x0, 0xc0, 0xd, 0x3b, 0xe4, 0x0,
    0x8e, 0xe2, 0x0, 0x71, 0x0, 0x70, 0x88, 0x3,
    0xc7, 0x5d, 0xfe, 0xc7, 0x0, 0xf3, 0xe2, 0x88,
    0x0, 0xe3, 0x88, 0x2, 0x68, 0x0, 0x84, 0x2,
    0x1c, 0x10, 0x4, 0x80, 0x7, 0x7b, 0xe0, 0x0,
    0x30, 0xa, 0x1, 0x51, 0x0, 0x1d, 0x0, 0xe,
    0x18, 0x1, 0x20, 0x6, 0xd0, 0x0, 0x91, 0x80,
    0x8, 0x3, 0x88, 0x2, 0x60, 0xf, 0xfe, 0x11,
    0x80, 0x8, 0x3, 0x88, 0x2, 0x6c, 0x0, 0x90,
    0x3, 0x68, 0x0, 0x49, 0x40, 0x2a, 0x20, 0x3,
    0xa0, 0x1, 0xc0, 0x12, 0x0, 0x1d, 0xd7, 0x40,
    0x0, 0x60, 0x0, 0xd0, 0x1, 0x10, 0x80, 0x7,
    0x44, 0x2, 0x7c, 0x51, 0x0, 0x1c, 0x71, 0x80,
    0x0,

    /* U+00F7 "÷" */
    0x0, 0xe7, 0xfe, 0x40, 0xf, 0xf4, 0x0, 0xf8,
    0x7, 0xf8, 0x40, 0x4, 0x1, 0xfe, 0xc7, 0x89,
    0x0, 0xff, 0x14, 0x38, 0x7, 0xff, 0x22, 0xbf,
    0xff, 0xf8, 0xc, 0x1, 0xff, 0xc2, 0x21, 0x1f,
    0xfe, 0x1, 0xc7, 0x77, 0xff, 0x1, 0x40, 0x38,
    0xa5, 0xc0, 0x3f, 0xec, 0x68, 0x90, 0xf, 0xe1,
    0x10, 0x0, 0x80, 0x3f, 0x85, 0xc0, 0x60, 0x3,
    0x80,

    /* U+00F8 "ø" */
    0x0, 0xff, 0x3b, 0x80, 0x3f, 0xe5, 0x8d, 0x0,
    0xe3, 0xae, 0xff, 0x65, 0x84, 0x0, 0x67, 0xc5,
    0x10, 0x1, 0x88, 0x7, 0x34, 0x0, 0x42, 0x1,
    0xb0, 0x40, 0x12, 0x0, 0x1d, 0xea, 0x0, 0x86,
    0x41, 0x40, 0x2a, 0x20, 0x90, 0x20, 0x3, 0x6,
    0x0, 0x48, 0xa, 0x6b, 0x60, 0x1, 0x23, 0x0,
    0x10, 0x2, 0x2, 0x8, 0x2, 0x10, 0xe, 0x52,
    0x52, 0x0, 0xce, 0x60, 0x2, 0x8, 0x8, 0x2,
    0x0, 0x9b, 0x0, 0x29, 0x25, 0x20, 0xd0, 0x0,
    0x92, 0x88, 0x1, 0x82, 0x1, 0xd0, 0x0, 0xe0,
    0x8, 0x0, 0xdf, 0xd0, 0x0, 0x18, 0x0, 0x34,
    0x0, 0x44, 0x20, 0x1, 0xd1, 0x0, 0x88, 0x8,
    0x40, 0x7, 0x1e, 0x60, 0x1a, 0x43, 0xb9, 0xfe,
    0xc7, 0x10, 0xc, 0x29, 0x26, 0x1, 0xfc,

    /* U+00F9 "ù" */
    0x0, 0x2f, 0xfc, 0xc0, 0x1f, 0x96, 0x40, 0x12,
    0x20, 0x1f, 0x9a, 0x0, 0x16, 0x1, 0xfc, 0xf2,
    0xe4, 0x20, 0x1f, 0xcd, 0x10, 0x10, 0xc, 0x3f,
    0xf3, 0x80, 0x69, 0xff, 0x80, 0x3f, 0xff, 0xe0,
    0x1f, 0xfd, 0x11, 0x0, 0xb8, 0x3, 0x18, 0x6,
    0x20, 0x3, 0x90, 0x1, 0x54, 0x1, 0xa8, 0x0,
    0x3b, 0xdf, 0x40, 0x1c, 0xe6, 0x1, 0x8, 0xb,
    0x80, 0x76, 0x39, 0x0, 0xb7, 0xe0, 0x4,

    /* U+00FA "ú" */
    0x0, 0xfa, 0x7f, 0xe3, 0x0, 0xf8, 0xd8, 0x1,
    0x86, 0x1, 0xf7, 0x0, 0x30, 0xc0, 0x3e, 0x35,
    0x7c, 0x30, 0xf, 0xc7, 0x10, 0x30, 0xc, 0x3f,
    0xf3, 0x80, 0x69, 0xff, 0x80, 0x3f, 0xff, 0xe0,
    0x1f, 0xfd, 0x11, 0x0, 0xb8, 0x3, 0x18, 0x6,
    0x20, 0x3, 0x90, 0x1, 0x54, 0x1, 0xa8, 0x0,
    0x3b, 0xdf, 0x40, 0x1c, 0xe6, 0x1, 0x8, 0xb,
    0x80, 0x76, 0x39, 0x0, 0xb7, 0xe0, 0x4,

    /* U+00FB "û" */
    0x0, 0xc3, 0x7f, 0xe9, 0x0, 0xf8, 0xfd, 0x4,
    0x1b, 0x8, 0x3, 0x3e, 0xa, 0xf6, 0x99, 0xb5,
    0x40, 0x26, 0xee, 0x50, 0x16, 0x77, 0x14, 0x2,
    0x11, 0x80, 0x30, 0x88, 0x0, 0x3f, 0xf3, 0x80,
    0x69, 0xff, 0x80, 0x3f, 0xff, 0xe0, 0x1f, 0xfd,
    0x11, 0x0, 0xb8, 0x3, 0x18, 0x6, 0x20, 0x3,
    0x90, 0x1, 0x54, 0x1, 0xa8, 0x0, 0x3b, 0xdf,
    0x40, 0x1c, 0xe6, 0x1, 0x8, 0xb, 0x80, 0x76,
    0x39, 0x0, 0xb7, 0xe0, 0x4,

    /* U+00FC "ü" */
    0x0, 0x37, 0xe9, 0x0, 0x17, 0xf8, 0xc0, 0x28,
    0x2, 0x50, 0x4, 0x0, 0xd0, 0x4, 0xe0, 0x4,
    0x0, 0x50, 0x3, 0x40, 0x29, 0xdf, 0x30, 0x3,
    0xf7, 0x10, 0x3, 0x10, 0x7, 0x8, 0x80, 0x3,
    0xff, 0x38, 0x6, 0x9f, 0xf8, 0x3, 0xff, 0xfe,
    0x1, 0xff, 0xd1, 0x10, 0xb, 0x80, 0x31, 0x80,
    0x62, 0x0, 0x39, 0x0, 0x15, 0x40, 0x1a, 0x80,
    0x3, 0xbd, 0xf4, 0x1, 0xce, 0x60, 0x10, 0x80,
    0xb8, 0x7, 0x63, 0x90, 0xb, 0x7e, 0x0, 0x40,

    /* U+00FD "ý" */
    0x0, 0xfc, 0x7f, 0xf3, 0x80, 0x7f, 0xdc, 0x0,
    0x87, 0x0, 0xff, 0x49, 0x4, 0x38, 0x7, 0xfc,
    0x2f, 0x2e, 0x1, 0xff, 0xc0, 0x88, 0x30, 0x7,
    0x8b, 0xfe, 0xb0, 0xf, 0x3f, 0xfc, 0xc4, 0xa0,
    0x4, 0x10, 0xe, 0x90, 0x0, 0xb0, 0x48, 0x5,
    0x20, 0x19, 0x4, 0x1, 0x20, 0x3, 0x30, 0x1,
    0x80, 0x37, 0x0, 0x4c, 0x1, 0x48, 0x0, 0x50,
    0x0, 0x2a, 0x0, 0x61, 0x0, 0x94, 0x80, 0x1e,
    0x0, 0x60, 0xa, 0xc0, 0x3a, 0xc0, 0x8, 0x21,
    0x40, 0x4, 0x20, 0xe, 0x61, 0x0, 0x4a, 0x10,
    0x3, 0xc0, 0x3e, 0x60, 0x2, 0xf0, 0x0, 0xd0,
    0x3, 0xe9, 0x0, 0x12, 0x80, 0x24, 0x3, 0xf0,
    0xb0, 0x6, 0x15, 0x0, 0xfe, 0xb0, 0xd, 0x20,
    0x1f, 0xe2, 0x40, 0x9, 0xc0, 0x3f, 0xe6, 0x0,
    0x38, 0x7, 0xfc, 0xc4, 0x0, 0xa0, 0xf, 0xf1,
    0xc8, 0x1, 0x48, 0x3, 0xf2, 0xf6, 0x0, 0x50,
    0x1, 0xfd, 0xa2, 0x1, 0x49, 0x0, 0x7f, 0x8,
    0x0, 0xed, 0x80, 0x3f, 0x0,

    /* U+00FE "þ" */
    0x2f, 0xf9, 0x80, 0x3f, 0xff, 0x4f, 0xbf, 0xeb,
    0x40, 0xf, 0xa2, 0x4, 0x0, 0x4b, 0x60, 0xf,
    0x8, 0x8, 0x6, 0x92, 0x0, 0xe2, 0xde, 0xf7,
    0x0, 0xac, 0x3, 0xac, 0x80, 0x10, 0x40, 0x7,
    0x0, 0xff, 0x28, 0x0, 0x40, 0x3f, 0xdc, 0x1,
    0x8, 0x7, 0xff, 0x2f, 0x80, 0x21, 0x0, 0xfe,
    0x50, 0x1, 0x0, 0x75, 0x90, 0x1, 0xc8, 0x0,
    0x80, 0x1c, 0x5b, 0xae, 0x80, 0xa, 0xc0, 0x38,
    0x40, 0x84, 0x2, 0xa2, 0x0, 0xe8, 0x81, 0x0,
    0x13, 0x14, 0x3, 0xe7, 0xdf, 0xf5, 0x98, 0x7,
    0xff, 0xbc,

    /* U+00FF "ÿ" */
    0x0, 0x8f, 0xbd, 0x40, 0x5, 0xbe, 0xc0, 0x1e,
    0xa1, 0x9, 0x0, 0x51, 0x4, 0x0, 0x7b, 0x40,
    0x16, 0x0, 0xb0, 0x3, 0x0, 0x79, 0x3b, 0x8e,
    0x0, 0x3e, 0xd8, 0x0, 0xf8, 0x44, 0x1, 0x84,
    0x80, 0x31, 0x7f, 0xd6, 0x1, 0xe7, 0xff, 0x98,
    0x94, 0x0, 0x82, 0x1, 0xd2, 0x0, 0x16, 0x9,
    0x0, 0xa4, 0x3, 0x20, 0x80, 0x24, 0x0, 0x66,
    0x0, 0x30, 0x6, 0xe0, 0x9, 0x80, 0x29, 0x0,
    0xa, 0x0, 0x5, 0x40, 0xc, 0x20, 0x12, 0x90,
    0x3, 0xc0, 0xc, 0x1, 0x58, 0x7, 0x58, 0x1,
    0x4, 0x28, 0x0, 0x84, 0x1, 0xcc, 0x20, 0x9,
    0x42, 0x0, 0x78, 0x7, 0xcc, 0x0, 0x5e, 0x0,
    0x1a, 0x0, 0x7d, 0x20, 0x2, 0x50, 0x4, 0x80,
    0x7e, 0x16, 0x0, 0xc2, 0xa0, 0x1f, 0xd6, 0x1,
    0xa4, 0x3, 0xfc, 0x48, 0x1, 0x38, 0x7, 0xfc,
    0xc0, 0x7, 0x0, 0xff, 0x98, 0x80, 0x14, 0x1,
    0xfe, 0x39, 0x0, 0x29, 0x0, 0x7e, 0x5e, 0xc0,
    0xa, 0x0, 0x3f, 0xb4, 0x40, 0x29, 0x20, 0xf,
    0xe1, 0x0, 0x1d, 0xb0, 0x7, 0xe0
};


/*---------------------
 *  GLYPH DESCRIPTION
 *--------------------*/

static const lv_font_fmt_txt_glyph_dsc_t glyph_dsc[] = {
    {.bitmap_index = 0, .adv_w = 0, .box_w = 0, .box_h = 0, .ofs_x = 0, .ofs_y = 0} /* id = 0 reserved */,
    {.bitmap_index = 0, .adv_w = 250, .box_w = 0, .box_h = 0, .ofs_x = 0, .ofs_y = 0},
    {.bitmap_index = 0, .adv_w = 250, .box_w = 5, .box_h = 19, .ofs_x = 5, .ofs_y = 0},
    {.bitmap_index = 31, .adv_w = 250, .box_w = 9, .box_h = 7, .ofs_x = 3, .ofs_y = 12},
    {.bitmap_index = 57, .adv_w = 250, .box_w = 15, .box_h = 19, .ofs_x = 0, .ofs_y = 0},
    {.bitmap_index = 176, .adv_w = 250, .box_w = 14, .box_h = 24, .ofs_x = 1, .ofs_y = -3},
    {.bitmap_index = 309, .adv_w = 250, .box_w = 16, .box_h = 19, .ofs_x = 0, .ofs_y = 0},
    {.bitmap_index = 433, .adv_w = 250, .box_w = 16, .box_h = 19, .ofs_x = 0, .ofs_y = 0},
    {.bitmap_index = 565, .adv_w = 250, .box_w = 4, .box_h = 7, .ofs_x = 5, .ofs_y = 12},
    {.bitmap_index = 576, .adv_w = 250, .box_w = 8, .box_h = 27, .ofs_x = 4, .ofs_y = -6},
    {.bitmap_index = 670, .adv_w = 250, .box_w = 8, .box_h = 27, .ofs_x = 4, .ofs_y = -6},
    {.bitmap_index = 761, .adv_w = 250, .box_w = 14, .box_h = 14, .ofs_x = 1, .ofs_y = 5},
    {.bitmap_index = 844, .adv_w = 250, .box_w = 13, .box_h = 14, .ofs_x = 1, .ofs_y = 2},
    {.bitmap_index = 878, .adv_w = 250, .box_w = 6, .box_h = 9, .ofs_x = 4, .ofs_y = -6},
    {.bitmap_index = 899, .adv_w = 250, .box_w = 12, .box_h = 3, .ofs_x = 3, .ofs_y = 7},
    {.bitmap_index = 908, .adv_w = 250, .box_w = 6, .box_h = 5, .ofs_x = 5, .ofs_y = 0},
    {.bitmap_index = 923, .adv_w = 250, .box_w = 11, .box_h = 20, .ofs_x = 2, .ofs_y = -1},
    {.bitmap_index = 1005, .adv_w = 250, .box_w = 13, .box_h = 19, .ofs_x = 1, .ofs_y = 0},
    {.bitmap_index = 1114, .adv_w = 250, .box_w = 9, .box_h = 19, .ofs_x = 2, .ofs_y = 0},
    {.bitmap_index = 1145, .adv_w = 250, .box_w = 14, .box_h = 19, .ofs_x = 0, .ofs_y = 0},
    {.bitmap_index = 1250, .adv_w = 250, .box_w = 13, .box_h = 19, .ofs_x = 1, .ofs_y = 0},
    {.bitmap_index = 1360, .adv_w = 250, .box_w = 15, .box_h = 19, .ofs_x = 0, .ofs_y = 0},
    {.bitmap_index = 1441, .adv_w = 250, .box_w = 13, .box_h = 19, .ofs_x = 1, .ofs_y = 0},
    {.bitmap_index = 1542, .adv_w = 250, .box_w = 13, .box_h = 19, .ofs_x = 1, .ofs_y = 0},
    {.bitmap_index = 1650, .adv_w = 250, .box_w = 14, .box_h = 19, .ofs_x = 0, .ofs_y = 0},
    {.bitmap_index = 1736, .adv_w = 250, .box_w = 13, .box_h = 19, .ofs_x = 1, .ofs_y = 0},
    {.bitmap_index = 1854, .adv_w = 250, .box_w = 13, .box_h = 19, .ofs_x = 1, .ofs_y = 0},
    {.bitmap_index = 1964, .adv_w = 250, .box_w = 6, .box_h = 15, .ofs_x = 5, .ofs_y = 0},
    {.bitmap_index = 1998, .adv_w = 250, .box_w = 6, .box_h = 21, .ofs_x = 5, .ofs_y = -6},
    {.bitmap_index = 2041, .adv_w = 250, .box_w = 13, .box_h = 14, .ofs_x = 1, .ofs_y = 1},
    {.bitmap_index = 2108, .adv_w = 250, .box_w = 13, .box_h = 8, .ofs_x = 2, .ofs_y = 4},
    {.bitmap_index = 2134, .adv_w = 250, .box_w = 12, .box_h = 14, .ofs_x = 2, .ofs_y = 1},
    {.bitmap_index = 2200, .adv_w = 250, .box_w = 12, .box_h = 19, .ofs_x = 2, .ofs_y = 0},
    {.bitmap_index = 2289, .adv_w = 250, .box_w = 15, .box_h = 19, .ofs_x = 0, .ofs_y = 0},
    {.bitmap_index = 2420, .adv_w = 250, .box_w = 16, .box_h = 19, .ofs_x = 0, .ofs_y = 0},
    {.bitmap_index = 2536, .adv_w = 250, .box_w = 14, .box_h = 19, .ofs_x = 1, .ofs_y = 0},
    {.bitmap_index = 2631, .adv_w = 250, .box_w = 14, .box_h = 19, .ofs_x = 1, .ofs_y = 0},
    {.bitmap_index = 2729, .adv_w = 250, .box_w = 14, .box_h = 19, .ofs_x = 1, .ofs_y = 0},
    {.bitmap_index = 2811, .adv_w = 250, .box_w = 14, .box_h = 19, .ofs_x = 1, .ofs_y = 0},
    {.bitmap_index = 2852, .adv_w = 250, .box_w = 14, .box_h = 19, .ofs_x = 1, .ofs_y = 0},
    {.bitmap_index = 2888, .adv_w = 250, .box_w = 14, .box_h = 19, .ofs_x = 1, .ofs_y = 0},
    {.bitmap_index = 2993, .adv_w = 250, .box_w = 13, .box_h = 19, .ofs_x = 1, .ofs_y = 0},
    {.bitmap_index = 3023, .adv_w = 250, .box_w = 12, .box_h = 19, .ofs_x = 2, .ofs_y = 0},
    {.bitmap_index = 3059, .adv_w = 250, .box_w = 13, .box_h = 19, .ofs_x = 1, .ofs_y = 0},
    {.bitmap_index = 3108, .adv_w = 250, .box_w = 15, .box_h = 19, .ofs_x = 1, .ofs_y = 0},
    {.bitmap_index = 3205, .adv_w = 250, .box_w = 14, .box_h = 19, .ofs_x = 1, .ofs_y = 0},
    {.bitmap_index = 3226, .adv_w = 250, .box_w = 14, .box_h = 19, .ofs_x = 1, .ofs_y = 0},
    {.bitmap_index = 3295, .adv_w = 250, .box_w = 13, .box_h = 19, .ofs_x = 1, .ofs_y = 0},
    {.bitmap_index = 3371, .adv_w = 250, .box_w = 14, .box_h = 19, .ofs_x = 1, .ofs_y = 0},
    {.bitmap_index = 3474, .adv_w = 250, .box_w = 14, .box_h = 19, .ofs_x = 1, .ofs_y = 0},
    {.bitmap_index = 3541, .adv_w = 250, .box_w = 15, .box_h = 23, .ofs_x = 1, .ofs_y = -4},
    {.bitmap_index = 3663, .adv_w = 250, .box_w = 15, .box_h = 19, .ofs_x = 1, .ofs_y = 0},
    {.bitmap_index = 3758, .adv_w = 250, .box_w = 14, .box_h = 19, .ofs_x = 1, .ofs_y = 0},
    {.bitmap_index = 3879, .adv_w = 250, .box_w = 16, .box_h = 19, .ofs_x = 0, .ofs_y = 0},
    {.bitmap_index = 3910, .adv_w = 250, .box_w = 13, .box_h = 19, .ofs_x = 1, .ofs_y = 0},
    {.bitmap_index = 3961, .adv_w = 250, .box_w = 16, .box_h = 19, .ofs_x = 0, .ofs_y = 0},
    {.bitmap_index = 4083, .adv_w = 250, .box_w = 16, .box_h = 19, .ofs_x = 0, .ofs_y = 0},
    {.bitmap_index = 4228, .adv_w = 250, .box_w = 16, .box_h = 19, .ofs_x = 0, .ofs_y = 0},
    {.bitmap_index = 4355, .adv_w = 250, .box_w = 16, .box_h = 19, .ofs_x = 0, .ofs_y = 0},
    {.bitmap_index = 4449, .adv_w = 250, .box_w = 14, .box_h = 19, .ofs_x = 1, .ofs_y = 0},
    {.bitmap_index = 4536, .adv_w = 250, .box_w = 6, .box_h = 26, .ofs_x = 5, .ofs_y = -4},
    {.bitmap_index = 4556, .adv_w = 250, .box_w = 11, .box_h = 20, .ofs_x = 3, .ofs_y = -1},
    {.bitmap_index = 4636, .adv_w = 250, .box_w = 6, .box_h = 26, .ofs_x = 5, .ofs_y = -4},
    {.bitmap_index = 4657, .adv_w = 250, .box_w = 12, .box_h = 10, .ofs_x = 2, .ofs_y = 9},
    {.bitmap_index = 4711, .adv_w = 250, .box_w = 13, .box_h = 3, .ofs_x = 1, .ofs_y = -3},
    {.bitmap_index = 4721, .adv_w = 250, .box_w = 7, .box_h = 4, .ofs_x = 5, .ofs_y = 15},
    {.bitmap_index = 4735, .adv_w = 250, .box_w = 13, .box_h = 14, .ofs_x = 1, .ofs_y = 0},
    {.bitmap_index = 4817, .adv_w = 250, .box_w = 14, .box_h = 19, .ofs_x = 1, .ofs_y = 0},
    {.bitmap_index = 4894, .adv_w = 250, .box_w = 13, .box_h = 14, .ofs_x = 1, .ofs_y = 0},
    {.bitmap_index = 4978, .adv_w = 250, .box_w = 13, .box_h = 19, .ofs_x = 1, .ofs_y = 0},
    {.bitmap_index = 5054, .adv_w = 250, .box_w = 14, .box_h = 14, .ofs_x = 1, .ofs_y = 0},
    {.bitmap_index = 5142, .adv_w = 250, .box_w = 14, .box_h = 20, .ofs_x = 1, .ofs_y = 0},
    {.bitmap_index = 5203, .adv_w = 250, .box_w = 13, .box_h = 19, .ofs_x = 1, .ofs_y = -5},
    {.bitmap_index = 5307, .adv_w = 250, .box_w = 14, .box_h = 19, .ofs_x = 1, .ofs_y = 0},
    {.bitmap_index = 5350, .adv_w = 250, .box_w = 12, .box_h = 19, .ofs_x = 2, .ofs_y = 0},
    {.bitmap_index = 5403, .adv_w = 250, .box_w = 10, .box_h = 24, .ofs_x = 2, .ofs_y = -5},
    {.bitmap_index = 5462, .adv_w = 250, .box_w = 15, .box_h = 19, .ofs_x = 1, .ofs_y = 0},
    {.bitmap_index = 5538, .adv_w = 250, .box_w = 13, .box_h = 19, .ofs_x = 2, .ofs_y = 0},
    {.bitmap_index = 5572, .adv_w = 250, .box_w = 15, .box_h = 14, .ofs_x = 0, .ofs_y = 0},
    {.bitmap_index = 5611, .adv_w = 250, .box_w = 14, .box_h = 14, .ofs_x = 1, .ofs_y = 0},
    {.bitmap_index = 5650, .adv_w = 250, .box_w = 14, .box_h = 14, .ofs_x = 1, .ofs_y = 0},
    {.bitmap_index = 5740, .adv_w = 250, .box_w = 14, .box_h = 19, .ofs_x = 1, .ofs_y = -5},
    {.bitmap_index = 5819, .adv_w = 250, .box_w = 13, .box_h = 19, .ofs_x = 1, .ofs_y = -5},
    {.bitmap_index = 5897, .adv_w = 250, .box_w = 12, .box_h = 14, .ofs_x = 3, .ofs_y = 0},
    {.bitmap_index = 5934, .adv_w = 250, .box_w = 14, .box_h = 14, .ofs_x = 1, .ofs_y = 0},
    {.bitmap_index = 6029, .adv_w = 250, .box_w = 13, .box_h = 18, .ofs_x = 1, .ofs_y = 0},
    {.bitmap_index = 6090, .adv_w = 250, .box_w = 13, .box_h = 14, .ofs_x = 1, .ofs_y = 0},
    {.bitmap_index = 6130, .adv_w = 250, .box_w = 15, .box_h = 14, .ofs_x = 0, .ofs_y = 0},
    {.bitmap_index = 6218, .adv_w = 250, .box_w = 15, .box_h = 14, .ofs_x = 0, .ofs_y = 0},
    {.bitmap_index = 6324, .adv_w = 250, .box_w = 15, .box_h = 14, .ofs_x = 1, .ofs_y = 0},
    {.bitmap_index = 6416, .adv_w = 250, .box_w = 16, .box_h = 19, .ofs_x = 0, .ofs_y = -5},
    {.bitmap_index = 6532, .adv_w = 250, .box_w = 14, .box_h = 14, .ofs_x = 1, .ofs_y = 0},
    {.bitmap_index = 6599, .adv_w = 250, .box_w = 10, .box_h = 25, .ofs_x = 3, .ofs_y = -5},
    {.bitmap_index = 6685, .adv_w = 250, .box_w = 3, .box_h = 24, .ofs_x = 6, .ofs_y = -5},
    {.bitmap_index = 6690, .adv_w = 250, .box_w = 9, .box_h = 25, .ofs_x = 4, .ofs_y = -5},
    {.bitmap_index = 6775, .adv_w = 250, .box_w = 15, .box_h = 6, .ofs_x = 0, .ofs_y = 5},
    {.bitmap_index = 6817, .adv_w = 250, .box_w = 0, .box_h = 0, .ofs_x = 0, .ofs_y = 0},
    {.bitmap_index = 6817, .adv_w = 250, .box_w = 5, .box_h = 19, .ofs_x = 6, .ofs_y = -5},
    {.bitmap_index = 6848, .adv_w = 250, .box_w = 14, .box_h = 20, .ofs_x = 1, .ofs_y = -3},
    {.bitmap_index = 6950, .adv_w = 250, .box_w = 14, .box_h = 19, .ofs_x = 1, .ofs_y = 0},
    {.bitmap_index = 7044, .adv_w = 250, .box_w = 14, .box_h = 15, .ofs_x = 1, .ofs_y = -1},
    {.bitmap_index = 7141, .adv_w = 250, .box_w = 16, .box_h = 19, .ofs_x = 0, .ofs_y = 0},
    {.bitmap_index = 7253, .adv_w = 250, .box_w = 4, .box_h = 22, .ofs_x = 6, .ofs_y = -3},
    {.bitmap_index = 7270, .adv_w = 250, .box_w = 14, .box_h = 24, .ofs_x = 1, .ofs_y = -5},
    {.bitmap_index = 7429, .adv_w = 250, .box_w = 10, .box_h = 4, .ofs_x = 3, .ofs_y = 16},
    {.bitmap_index = 7450, .adv_w = 250, .box_w = 14, .box_h = 15, .ofs_x = 1, .ofs_y = -1},
    {.bitmap_index = 7551, .adv_w = 250, .box_w = 9, .box_h = 11, .ofs_x = 3, .ofs_y = 8},
    {.bitmap_index = 7602, .adv_w = 250, .box_w = 12, .box_h = 11, .ofs_x = 2, .ofs_y = 1},
    {.bitmap_index = 7666, .adv_w = 250, .box_w = 11, .box_h = 7, .ofs_x = 2, .ofs_y = 4},
    {.bitmap_index = 7681, .adv_w = 250, .box_w = 12, .box_h = 3, .ofs_x = 3, .ofs_y = 7},
    {.bitmap_index = 7690, .adv_w = 250, .box_w = 14, .box_h = 15, .ofs_x = 1, .ofs_y = -1},
    {.bitmap_index = 7790, .adv_w = 250, .box_w = 10, .box_h = 3, .ofs_x = 3, .ofs_y = 16},
    {.bitmap_index = 7798, .adv_w = 250, .box_w = 8, .box_h = 7, .ofs_x = 4, .ofs_y = 12},
    {.bitmap_index = 7827, .adv_w = 250, .box_w = 13, .box_h = 17, .ofs_x = 1, .ofs_y = 0},
    {.bitmap_index = 7872, .adv_w = 250, .box_w = 9, .box_h = 11, .ofs_x = 3, .ofs_y = 8},
    {.bitmap_index = 7919, .adv_w = 250, .box_w = 9, .box_h = 11, .ofs_x = 3, .ofs_y = 8},
    {.bitmap_index = 7970, .adv_w = 250, .box_w = 8, .box_h = 4, .ofs_x = 4, .ofs_y = 15},
    {.bitmap_index = 7986, .adv_w = 250, .box_w = 13, .box_h = 19, .ofs_x = 2, .ofs_y = -5},
    {.bitmap_index = 8028, .adv_w = 250, .box_w = 11, .box_h = 19, .ofs_x = 2, .ofs_y = 0},
    {.bitmap_index = 8072, .adv_w = 250, .box_w = 5, .box_h = 4, .ofs_x = 6, .ofs_y = 7},
    {.bitmap_index = 8082, .adv_w = 250, .box_w = 6, .box_h = 6, .ofs_x = 5, .ofs_y = -6},
    {.bitmap_index = 8101, .adv_w = 250, .box_w = 5, .box_h = 10, .ofs_x = 5, .ofs_y = 8},
    {.bitmap_index = 8116, .adv_w = 250, .box_w = 10, .box_h = 11, .ofs_x = 3, .ofs_y = 8},
    {.bitmap_index = 8167, .adv_w = 250, .box_w = 12, .box_h = 11, .ofs_x = 2, .ofs_y = 2},
    {.bitmap_index = 8231, .adv_w = 250, .box_w = 15, .box_h = 19, .ofs_x = 0, .ofs_y = 0},
    {.bitmap_index = 8329, .adv_w = 250, .box_w = 16, .box_h = 19, .ofs_x = 0, .ofs_y = 0},
    {.bitmap_index = 8441, .adv_w = 250, .box_w = 16, .box_h = 19, .ofs_x = 0, .ofs_y = 0},
    {.bitmap_index = 8562, .adv_w = 250, .box_w = 12, .box_h = 19, .ofs_x = 2, .ofs_y = -5},
    {.bitmap_index = 8647, .adv_w = 250, .box_w = 16, .box_h = 23, .ofs_x = 0, .ofs_y = 0},
    {.bitmap_index = 8784, .adv_w = 250, .box_w = 16, .box_h = 23, .ofs_x = 0, .ofs_y = 0},
    {.bitmap_index = 8919, .adv_w = 250, .box_w = 16, .box_h = 24, .ofs_x = 0, .ofs_y = 0},
    {.bitmap_index = 9065, .adv_w = 250, .box_w = 16, .box_h = 25, .ofs_x = 0, .ofs_y = 0},
    {.bitmap_index = 9214, .adv_w = 250, .box_w = 16, .box_h = 24, .ofs_x = 0, .ofs_y = 0},
    {.bitmap_index = 9363, .adv_w = 250, .box_w = 16, .box_h = 25, .ofs_x = 0, .ofs_y = 0},
    {.bitmap_index = 9505, .adv_w = 250, .box_w = 15, .box_h = 19, .ofs_x = 0, .ofs_y = 0},
    {.bitmap_index = 9604, .adv_w = 250, .box_w = 14, .box_h = 24, .ofs_x = 1, .ofs_y = -5},
    {.bitmap_index = 9726, .adv_w = 250, .box_w = 14, .box_h = 23, .ofs_x = 1, .ofs_y = 0},
    {.bitmap_index = 9789, .adv_w = 250, .box_w = 14, .box_h = 23, .ofs_x = 1, .ofs_y = 0},
    {.bitmap_index = 9851, .adv_w = 250, .box_w = 14, .box_h = 24, .ofs_x = 1, .ofs_y = 0},
    {.bitmap_index = 9921, .adv_w = 250, .box_w = 14, .box_h = 24, .ofs_x = 1, .ofs_y = 0},
    {.bitmap_index = 9995, .adv_w = 250, .box_w = 12, .box_h = 23, .ofs_x = 2, .ofs_y = 0},
    {.bitmap_index = 10050, .adv_w = 250, .box_w = 12, .box_h = 23, .ofs_x = 2, .ofs_y = 0},
    {.bitmap_index = 10108, .adv_w = 250, .box_w = 12, .box_h = 24, .ofs_x = 2, .ofs_y = 0},
    {.bitmap_index = 10171, .adv_w = 250, .box_w = 12, .box_h = 24, .ofs_x = 2, .ofs_y = 0},
    {.bitmap_index = 10235, .adv_w = 250, .box_w = 16, .box_h = 19, .ofs_x = -1, .ofs_y = 0},
    {.bitmap_index = 10335, .adv_w = 250, .box_w = 13, .box_h = 25, .ofs_x = 1, .ofs_y = 0},
    {.bitmap_index = 10443, .adv_w = 250, .box_w = 14, .box_h = 24, .ofs_x = 1, .ofs_y = 0},
    {.bitmap_index = 10568, .adv_w = 250, .box_w = 14, .box_h = 24, .ofs_x = 1, .ofs_y = 0},
    {.bitmap_index = 10694, .adv_w = 250, .box_w = 14, .box_h = 24, .ofs_x = 1, .ofs_y = 0},
    {.bitmap_index = 10822, .adv_w = 250, .box_w = 14, .box_h = 25, .ofs_x = 1, .ofs_y = 0},
    {.bitmap_index = 10956, .adv_w = 250, .box_w = 14, .box_h = 24, .ofs_x = 1, .ofs_y = 0},
    {.bitmap_index = 11090, .adv_w = 250, .box_w = 12, .box_h = 13, .ofs_x = 2, .ofs_y = 2},
    {.bitmap_index = 11164, .adv_w = 250, .box_w = 15, .box_h = 20, .ofs_x = 0, .ofs_y = -1},
    {.bitmap_index = 11297, .adv_w = 250, .box_w = 13, .box_h = 24, .ofs_x = 1, .ofs_y = 0},
    {.bitmap_index = 11370, .adv_w = 250, .box_w = 13, .box_h = 24, .ofs_x = 1, .ofs_y = 0},
    {.bitmap_index = 11443, .adv_w = 250, .box_w = 13, .box_h = 24, .ofs_x = 1, .ofs_y = 0},
    {.bitmap_index = 11523, .adv_w = 250, .box_w = 13, .box_h = 24, .ofs_x = 1, .ofs_y = 0},
    {.bitmap_index = 11605, .adv_w = 250, .box_w = 16, .box_h = 23, .ofs_x = 0, .ofs_y = 0},
    {.bitmap_index = 11721, .adv_w = 250, .box_w = 14, .box_h = 19, .ofs_x = 1, .ofs_y = 0},
    {.bitmap_index = 11790, .adv_w = 250, .box_w = 13, .box_h = 20, .ofs_x = 2, .ofs_y = 0},
    {.bitmap_index = 11898, .adv_w = 250, .box_w = 13, .box_h = 19, .ofs_x = 1, .ofs_y = 0},
    {.bitmap_index = 12001, .adv_w = 250, .box_w = 13, .box_h = 19, .ofs_x = 1, .ofs_y = 0},
    {.bitmap_index = 12105, .adv_w = 250, .box_w = 13, .box_h = 19, .ofs_x = 1, .ofs_y = 0},
    {.bitmap_index = 12215, .adv_w = 250, .box_w = 13, .box_h = 21, .ofs_x = 1, .ofs_y = 0},
    {.bitmap_index = 12330, .adv_w = 250, .box_w = 13, .box_h = 19, .ofs_x = 1, .ofs_y = 0},
    {.bitmap_index = 12442, .adv_w = 250, .box_w = 13, .box_h = 22, .ofs_x = 1, .ofs_y = 0},
    {.bitmap_index = 12557, .adv_w = 250, .box_w = 16, .box_h = 14, .ofs_x = 0, .ofs_y = 0},
    {.bitmap_index = 12657, .adv_w = 250, .box_w = 13, .box_h = 19, .ofs_x = 1, .ofs_y = -5},
    {.bitmap_index = 12765, .adv_w = 250, .box_w = 14, .box_h = 19, .ofs_x = 1, .ofs_y = 0},
    {.bitmap_index = 12875, .adv_w = 250, .box_w = 14, .box_h = 19, .ofs_x = 1, .ofs_y = 0},
    {.bitmap_index = 12986, .adv_w = 250, .box_w = 14, .box_h = 19, .ofs_x = 1, .ofs_y = 0},
    {.bitmap_index = 13102, .adv_w = 250, .box_w = 14, .box_h = 19, .ofs_x = 1, .ofs_y = 0},
    {.bitmap_index = 13220, .adv_w = 250, .box_w = 13, .box_h = 19, .ofs_x = 2, .ofs_y = 0},
    {.bitmap_index = 13274, .adv_w = 250, .box_w = 13, .box_h = 19, .ofs_x = 2, .ofs_y = 0},
    {.bitmap_index = 13327, .adv_w = 250, .box_w = 13, .box_h = 19, .ofs_x = 2, .ofs_y = 0},
    {.bitmap_index = 13388, .adv_w = 250, .box_w = 13, .box_h = 19, .ofs_x = 2, .ofs_y = 0},
    {.bitmap_index = 13450, .adv_w = 250, .box_w = 14, .box_h = 20, .ofs_x = 0, .ofs_y = 0},
    {.bitmap_index = 13570, .adv_w = 250, .box_w = 14, .box_h = 21, .ofs_x = 1, .ofs_y = 0},
    {.bitmap_index = 13643, .adv_w = 250, .box_w = 14, .box_h = 19, .ofs_x = 1, .ofs_y = 0},
    {.bitmap_index = 13755, .adv_w = 250, .box_w = 14, .box_h = 19, .ofs_x = 1, .ofs_y = 0},
    {.bitmap_index = 13867, .adv_w = 250, .box_w = 14, .box_h = 19, .ofs_x = 1, .ofs_y = 0},
    {.bitmap_index = 13985, .adv_w = 250, .box_w = 14, .box_h = 21, .ofs_x = 1, .ofs_y = 0},
    {.bitmap_index = 14108, .adv_w = 250, .box_w = 14, .box_h = 19, .ofs_x = 1, .ofs_y = 0},
    {.bitmap_index = 14229, .adv_w = 250, .box_w = 14, .box_h = 14, .ofs_x = 1, .ofs_y = 2},
    {.bitmap_index = 14286, .adv_w = 250, .box_w = 14, .box_h = 18, .ofs_x = 1, .ofs_y = -2},
    {.bitmap_index = 14397, .adv_w = 250, .box_w = 13, .box_h = 19, .ofs_x = 1, .ofs_y = 0},
    {.bitmap_index = 14460, .adv_w = 250, .box_w = 13, .box_h = 19, .ofs_x = 1, .ofs_y = 0},
    {.bitmap_index = 14523, .adv_w = 250, .box_w = 13, .box_h = 19, .ofs_x = 1, .ofs_y = 0},
    {.bitmap_index = 14592, .adv_w = 250, .box_w = 13, .box_h = 19, .ofs_x = 1, .ofs_y = 0},
    {.bitmap_index = 14664, .adv_w = 250, .box_w = 16, .box_h = 24, .ofs_x = 0, .ofs_y = -5},
    {.bitmap_index = 14805, .adv_w = 250, .box_w = 14, .box_h = 24, .ofs_x = 1, .ofs_y = -5},
    {.bitmap_index = 14887, .adv_w = 250, .box_w = 16, .box_h = 24, .ofs_x = 0, .ofs_y = -5}
};

/*---------------------
 *  CHARACTER MAPPING
 *--------------------*/



/*Collect the unicode lists and glyph_id offsets*/
static const lv_font_fmt_txt_cmap_t cmaps[] =
{
    {
        .range_start = 32, .range_length = 95, .glyph_id_start = 1,
        .unicode_list = NULL, .glyph_id_ofs_list = NULL, .list_length = 0, .type = LV_FONT_FMT_TXT_CMAP_FORMAT0_TINY
    },
    {
        .range_start = 160, .range_length = 96, .glyph_id_start = 96,
        .unicode_list = NULL, .glyph_id_ofs_list = NULL, .list_length = 0, .type = LV_FONT_FMT_TXT_CMAP_FORMAT0_TINY
    }
};



/*--------------------
 *  ALL CUSTOM DATA
 *--------------------*/

#if LVGL_VERSION_MAJOR == 8
/*Store all the custom data of the font*/
static  lv_font_fmt_txt_glyph_cache_t cache;
#endif

#if LVGL_VERSION_MAJOR >= 8
static const lv_font_fmt_txt_dsc_t font_dsc = {
#else
static lv_font_fmt_txt_dsc_t font_dsc = {
#endif
    .glyph_bitmap = glyph_bitmap,
    .glyph_dsc = glyph_dsc,
    .cmaps = cmaps,
    .kern_dsc = NULL,
    .kern_scale = 0,
    .cmap_num = 2,
    .bpp = 4,
    .kern_classes = 0,
    .bitmap_format = 1,
#if LVGL_VERSION_MAJOR == 8
    .cache = &cache
#endif
};



/*-----------------
 *  PUBLIC FONT
 *----------------*/

/*Initialize a public general font descriptor*/
#if LVGL_VERSION_MAJOR >= 8
const lv_font_t roboto_mono_bold_26 = {
#else
lv_font_t roboto_mono_bold_26 = {
#endif
    .get_glyph_dsc = lv_font_get_glyph_dsc_fmt_txt,    /*Function pointer to get glyph's data*/
    .get_glyph_bitmap = lv_font_get_bitmap_fmt_txt,    /*Function pointer to get glyph's bitmap*/
    .line_height = 31,          /*The maximum line height required by the font*/
    .base_line = 6,             /*Baseline measured from the bottom of the line*/
#if !(LVGL_VERSION_MAJOR == 6 && LVGL_VERSION_MINOR == 0)
    .subpx = LV_FONT_SUBPX_NONE,
#endif
#if LV_VERSION_CHECK(7, 4, 0) || LVGL_VERSION_MAJOR >= 8
    .underline_position = -2,
    .underline_thickness = 1,
#endif
    .dsc = &font_dsc,          /*The custom font data. Will be accessed by `get_glyph_bitmap/dsc` */
#if LV_VERSION_CHECK(8, 2, 0) || LVGL_VERSION_MAJOR >= 9
    .fallback = NULL,
#endif
    .user_data = NULL,
};



#endif /*#if ROBOTO_MONO_BOLD_26*/

