/*******************************************************************************
 * Size: 44 px
 * Bpp: 4
 * Opts: --bpp 4 --size 44 --font robmb.ttf --range 32-127,160-255 --format lvgl -o generated_fonts/roboto_mono_bold_44.c
 ******************************************************************************/

#include "lvgl.h"

#ifndef ROBOTO_MONO_BOLD_44
#define ROBOTO_MONO_BOLD_44 1
#endif

#if ROBOTO_MONO_BOLD_44

/*-----------------
 *    BITMAPS
 *----------------*/

/*Store the image of the glyphs*/
static LV_ATTRIBUTE_LARGE_CONST const uint8_t glyph_bitmap[] = {
    /* U+0020 " " */

    /* U+0021 "!" */
    0xd, 0xff, 0xe4, 0x0, 0xf9, 0xc0, 0x3f, 0x84,
    0x3, 0xff, 0x92, 0x20, 0x1f, 0xce, 0x1, 0xff,
    0xc1, 0x30, 0xf, 0xe1, 0x0, 0xff, 0xe4, 0x88,
    0x7, 0xf1, 0x80, 0x7f, 0xf4, 0xc4, 0x3, 0xff,
    0x87, 0xaa, 0xb9, 0x80, 0xb, 0x55, 0xa4, 0x3,
    0xff, 0x9e, 0x93, 0x26, 0x0, 0x9e, 0xd9, 0x93,
    0x80, 0x30, 0x1, 0x8d, 0xd4, 0x3, 0xda, 0xc0,
    0x1e, 0x32, 0x30, 0xe, 0xb0, 0xd5, 0x10, 0x3c,
    0x20,

    /* U+0022 "\"" */
    0xff, 0xce, 0x1, 0xf, 0xfe, 0x40, 0xf, 0xfe,
    0xa0, 0x80, 0x7e, 0x70, 0xc, 0x60, 0x1f, 0x84,
    0x3, 0x8, 0x7, 0xe3, 0x0, 0xcc, 0x1, 0xf8,
    0x40, 0x31, 0x80, 0x7f, 0xf0, 0x44, 0x3, 0xe1,
    0x0, 0xff, 0xe0, 0x98, 0x6, 0x10, 0xf, 0xc2,
    0x10, 0xee, 0x80, 0xc, 0x2e, 0xf4, 0x80,

    /* U+0023 "#" */
    0x0, 0xfe, 0x4f, 0xfa, 0x0, 0x22, 0xff, 0xac,
    0x3, 0xff, 0x80, 0x60, 0x16, 0x80, 0x4e, 0x1,
    0x18, 0x7, 0xff, 0x3, 0x40, 0x26, 0x0, 0x88,
    0x2, 0xe0, 0xf, 0xfe, 0x3, 0x80, 0x46, 0x1,
    0x68, 0x4, 0xa0, 0x1f, 0xfc, 0x2, 0x0, 0x10,
    0x6, 0x70, 0x8, 0xc0, 0x3f, 0xe2, 0x0, 0x9c,
    0x3, 0x10, 0x0, 0x80, 0x3f, 0xf8, 0xe, 0x1,
    0x10, 0x4, 0x40, 0x13, 0x80, 0x7f, 0xf0, 0x34,
    0x2, 0xd0, 0x9, 0xc0, 0x22, 0x0, 0xff, 0xe0,
    0x10, 0x4, 0xe0, 0x16, 0x80, 0x5a, 0x1, 0xe5,
    0xbb, 0xe5, 0x0, 0xa6, 0xee, 0x60, 0xa, 0x6e,
    0xea, 0x0, 0x6a, 0x27, 0x0, 0x64, 0x4c, 0x20,
    0x11, 0xa2, 0x4e, 0x1, 0xff, 0xe8, 0x8f, 0xfc,
    0xe0, 0x15, 0xff, 0xd2, 0x1, 0x47, 0xfe, 0xd0,
    0xf, 0x8c, 0x2, 0x50, 0xb, 0xc0, 0x23, 0x0,
    0xff, 0xe0, 0x28, 0x0, 0x44, 0x1, 0x10, 0x4,
    0xa0, 0x1f, 0xf0, 0x88, 0x0, 0x40, 0x19, 0x40,
    0x2, 0x20, 0xf, 0xf9, 0x40, 0x25, 0x0, 0x84,
    0x40, 0x2, 0x0, 0xff, 0xe0, 0x10, 0x5, 0xe0,
    0x12, 0x80, 0x4a, 0x1, 0xe1, 0xaa, 0xeb, 0x0,
    0xaa, 0xb4, 0x0, 0x49, 0x55, 0x88, 0xd, 0x57,
    0x88, 0x2, 0x35, 0x58, 0xc0, 0x22, 0x55, 0xc2,
    0x1, 0xff, 0xe7, 0x2f, 0xfd, 0x60, 0x13, 0xff,
    0xda, 0x1, 0x27, 0xff, 0x18, 0x7, 0x8c, 0x2,
    0xd0, 0x9, 0xc0, 0x23, 0x0, 0xff, 0xe0, 0x68,
    0x4, 0xc0, 0x11, 0x0, 0x5a, 0x1, 0xff, 0xc0,
    0x70, 0x8, 0xc0, 0x2d, 0x0, 0x9c, 0x3, 0xff,
    0x80, 0x40, 0x2, 0x0, 0xce, 0x1, 0x10, 0x7,
    0xfc, 0x40, 0x13, 0x80, 0x62, 0x0, 0x10, 0x7,
    0xff, 0x1, 0xc0, 0x2d, 0x0, 0x8c, 0x2, 0x70,
    0xf, 0xfe, 0x6, 0x80, 0x44, 0x1, 0x30, 0x5,
    0xa0, 0x1f, 0xfc, 0x3, 0x0, 0x9c, 0x2, 0xd0,
    0x8, 0xc0, 0x3f, 0x0,

    /* U+0024 "$" */
    0x0, 0xff, 0x14, 0x44, 0x1, 0xff, 0xc7, 0x77,
    0xc2, 0x1, 0xff, 0xff, 0x0, 0xfe, 0x16, 0xa8,
    0x0, 0xaa, 0xc, 0x3, 0xfe, 0x2a, 0xe9, 0x52,
    0x0, 0x91, 0xf3, 0x6, 0x1, 0xf9, 0x35, 0x40,
    0x3f, 0xc7, 0x8a, 0x1, 0xe3, 0xb0, 0xf, 0xfe,
    0x15, 0x20, 0x7, 0x68, 0x7, 0xff, 0x12, 0x84,
    0x2, 0x61, 0x0, 0xe5, 0xcf, 0xf6, 0x28, 0x7,
    0xc, 0x80, 0x5a, 0x1, 0xcd, 0x46, 0x0, 0x3a,
    0x60, 0xe, 0x60, 0x9, 0x0, 0x3a, 0x0, 0x3d,
    0x0, 0x1c, 0x24, 0x1, 0xf0, 0x88, 0x3, 0xc2,
    0x80, 0x1c, 0xe0, 0x1f, 0x8, 0x7, 0xe3, 0x0,
    0xe3, 0x0, 0xfc, 0x40, 0x1f, 0x5c, 0xcf, 0x20,
    0x0, 0xc0, 0x3b, 0x80, 0x3e, 0x36, 0x6e, 0x20,
    0x5, 0x0, 0x71, 0xe9, 0x80, 0x7f, 0xf0, 0x98,
    0x40, 0x38, 0xb2, 0xd4, 0x3, 0xff, 0x83, 0xa0,
    0x1f, 0x25, 0x74, 0x8, 0x7, 0xf8, 0xec, 0x3,
    0xf0, 0xbf, 0x51, 0x0, 0x7f, 0x26, 0x98, 0x7,
    0xf2, 0xeb, 0x80, 0x7f, 0x16, 0x51, 0x80, 0x7f,
    0x45, 0x80, 0x7f, 0x97, 0x30, 0xa0, 0x1f, 0x92,
    0xc0, 0x3f, 0xe3, 0xaf, 0x92, 0x0, 0xf2, 0x30,
    0x7, 0xff, 0x5, 0xb6, 0x40, 0x3d, 0x0, 0x1f,
    0xfc, 0x36, 0xb0, 0xe, 0x13, 0x28, 0x8e, 0x60,
    0xf, 0xc8, 0x80, 0xe, 0x51, 0x77, 0xea, 0x0,
    0xfe, 0xc0, 0xe, 0x12, 0x0, 0xe3, 0x0, 0xff,
    0xe2, 0x8, 0x80, 0x39, 0x80, 0x3f, 0x60, 0x7,
    0x8, 0x20, 0x7, 0x41, 0x0, 0x79, 0x50, 0x3,
    0x90, 0x24, 0x3, 0x87, 0x60, 0xc4, 0x47, 0x34,
    0x1, 0xc4, 0x40, 0x35, 0x0, 0xf3, 0xe7, 0x73,
    0x18, 0x3, 0xd0, 0x1, 0x51, 0x80, 0x7f, 0xf1,
    0x19, 0x40, 0x36, 0xa0, 0x7, 0xff, 0x9, 0xa4,
    0x3, 0x86, 0xe8, 0x80, 0x3f, 0xc7, 0x72, 0x1,
    0xf9, 0x77, 0x21, 0x40, 0x21, 0x69, 0xdc, 0x40,
    0xf, 0xf8, 0xde, 0x8c, 0x0, 0x92, 0xc4, 0x1,
    0xff, 0xff,

    /* U+0025 "%" */
    0x0, 0x8a, 0xbb, 0xfd, 0xb0, 0x20, 0x1f, 0xfc,
    0x56, 0xd5, 0x10, 0x1, 0x3f, 0x98, 0x7, 0xff,
    0xd, 0x24, 0x3, 0xe1, 0xd1, 0x0, 0xff, 0xe1,
    0x40, 0x4, 0x2c, 0xa0, 0x10, 0xc8, 0x7, 0xff,
    0x4, 0x4c, 0x2, 0xc9, 0xa9, 0x0, 0x94, 0x3,
    0x1e, 0x28, 0x7, 0x88, 0x2, 0x22, 0x0, 0x1c,
    0x2, 0x20, 0xd, 0xe7, 0x56, 0x1, 0xce, 0x1,
    0x8, 0x4, 0x20, 0x1f, 0x29, 0x80, 0x38, 0x3,
    0x9c, 0x3, 0xff, 0x87, 0x0, 0x3, 0x50, 0xe,
    0x10, 0x8, 0x80, 0x22, 0x0, 0x84, 0x0, 0xc4,
    0x0, 0xf0, 0xf, 0x10, 0x4, 0x30, 0x3, 0x20,
    0x12, 0x80, 0xc0, 0x1, 0x4c, 0x3, 0xe6, 0x0,
    0x9f, 0xf9, 0x0, 0x2e, 0x9, 0x10, 0x4, 0x0,
    0x7e, 0x92, 0x0, 0xfc, 0xaa, 0x27, 0x0, 0x31,
    0x0, 0x7f, 0x62, 0x80, 0x79, 0xe8, 0x20, 0x2,
    0x80, 0xf, 0xf0, 0xd6, 0xcc, 0x42, 0xba, 0x0,
    0xd4, 0x1, 0x2, 0x1, 0xff, 0xc0, 0x26, 0x77,
    0x28, 0x80, 0x3c, 0x0, 0x2e, 0x1, 0xff, 0xc8,
    0x53, 0x0, 0x40, 0x7, 0xff, 0x26, 0x0, 0x4,
    0xc0, 0x1f, 0xfc, 0x86, 0x20, 0x4, 0x80, 0x7f,
    0xf2, 0x60, 0x0, 0x88, 0x5, 0xbe, 0xfe, 0xb6,
    0x0, 0xff, 0xe0, 0x40, 0x80, 0x24, 0x2e, 0x90,
    0x40, 0x52, 0x6c, 0x3, 0xfc, 0x2e, 0x0, 0x62,
    0x94, 0x0, 0xf9, 0x28, 0x3, 0xfa, 0xc0, 0x28,
    0x16, 0x0, 0x8d, 0x8c, 0x2, 0x52, 0x0, 0xf8,
    0xd4, 0x0, 0xe2, 0xe0, 0x11, 0xe4, 0xe1, 0x80,
    0x4a, 0x1, 0xf4, 0x0, 0x6, 0x3, 0xc0, 0x2b,
    0x0, 0xac, 0x2, 0xe0, 0xf, 0x22, 0x0, 0x10,
    0x1, 0xe1, 0x0, 0x84, 0x2, 0x30, 0xf, 0x40,
    0x0, 0x98, 0x3, 0xff, 0x93, 0xae, 0x10, 0x1,
    0xf0, 0x80, 0x42, 0x1, 0x18, 0x7, 0x86, 0x3d,
    0x40, 0x2f, 0x0, 0xa8, 0x2, 0xc0, 0xb, 0x80,
    0x3f, 0xf8, 0x28, 0x1, 0x16, 0x45, 0xa0, 0x4,
    0xa0, 0x1f, 0xfc, 0x12, 0x60, 0x8, 0xdd, 0x0,
    0x25, 0x20, 0xf, 0xfe, 0x14, 0xa0, 0x7, 0xc7,
    0x40, 0x1f, 0xfc, 0x4b, 0xa4, 0x10, 0x1, 0xce,
    0x0, 0x0,

    /* U+0026 "&" */
    0x0, 0xf8, 0x5e, 0xfb, 0xfd, 0xb0, 0x20, 0x1f,
    0xfc, 0x45, 0xf8, 0x41, 0x0, 0x13, 0xf3, 0x0,
    0x7f, 0xf0, 0x9e, 0x84, 0x3, 0xf4, 0xa8, 0x7,
    0xff, 0x1, 0x20, 0x3, 0xfe, 0xa1, 0x0, 0xff,
    0xa0, 0x3, 0xff, 0x83, 0x20, 0x1f, 0xe2, 0x30,
    0xc, 0x39, 0xfc, 0x60, 0x19, 0x40, 0x3f, 0xce,
    0x1, 0xd4, 0x60, 0x3c, 0x1, 0x88, 0x3, 0xfc,
    0x40, 0x1c, 0x80, 0x11, 0x0, 0x7f, 0xf4, 0x84,
    0x3, 0xfc, 0x20, 0x1c, 0x40, 0x13, 0x0, 0x64,
    0x0, 0xff, 0x20, 0x7, 0x50, 0x1, 0x64, 0x3,
    0x40, 0x7, 0xf8, 0x88, 0x1, 0x98, 0x6a, 0x80,
    0x1a, 0x8, 0x3, 0xfe, 0xb0, 0xc, 0x3c, 0xa0,
    0x19, 0x9c, 0x3, 0xff, 0x80, 0xc2, 0x1, 0xfc,
    0xf2, 0x1, 0xff, 0xc2, 0xb0, 0xf, 0xd7, 0x0,
    0x1f, 0xfc, 0x36, 0x0, 0xfb, 0x10, 0x3, 0xff,
    0x86, 0xd8, 0x1, 0xf4, 0x80, 0x71, 0x33, 0x65,
    0x0, 0xd3, 0x20, 0xf, 0xca, 0xc0, 0x19, 0x26,
    0x77, 0x0, 0x50, 0xc0, 0x1f, 0xe9, 0x30, 0xb,
    0x80, 0x30, 0x80, 0xd, 0xc0, 0x3b, 0x14, 0x3,
    0xb4, 0x40, 0x6, 0x1, 0x88, 0x1, 0x0, 0x1d,
    0x27, 0x44, 0x1, 0x87, 0x40, 0x8, 0x1, 0xb4,
    0x5, 0x0, 0x30, 0xb0, 0x3, 0xc0, 0x38, 0xe5,
    0x80, 0x39, 0x1, 0x40, 0x39, 0x0, 0x22, 0xb0,
    0xe, 0x69, 0x0, 0xc6, 0x20, 0x40, 0x1c, 0x60,
    0x19, 0x1c, 0x3, 0xfd, 0x20, 0x3, 0x0, 0xe5,
    0x0, 0xe8, 0x40, 0xf, 0xc6, 0xa0, 0x6, 0x0,
    0xe3, 0x30, 0x7, 0x51, 0x0, 0x7d, 0xe0, 0x11,
    0x88, 0x7, 0x6a, 0x0, 0x45, 0x24, 0x1, 0xe4,
    0x30, 0xc, 0xc0, 0x1c, 0x37, 0xdb, 0xfa, 0xe0,
    0x1f, 0x22, 0x80, 0x68, 0x20, 0xf, 0x9, 0x0,
    0x7f, 0xd4, 0x20, 0x1b, 0xc4, 0x3, 0xff, 0x8f,
    0xa0, 0x18, 0xbd, 0x40, 0x3f, 0xc3, 0x14, 0x1,
    0xc6, 0xe0, 0x18, 0x6b, 0x5c, 0xc4, 0x0, 0x26,
    0xd7, 0xce, 0xaa, 0x0, 0xe8, 0x30,

    /* U+0027 "'" */
    0x3f, 0xfc, 0xc0, 0x1f, 0xfc, 0xb3, 0x0, 0xe1,
    0x0, 0xe6, 0x0, 0xe3, 0x0, 0xe1, 0x0, 0xff,
    0x8, 0x9, 0x14, 0xa0,

    /* U+0028 "(" */
    0x0, 0xff, 0xe5, 0x2f, 0x30, 0x7, 0xf4, 0x50,
    0xe8, 0x7, 0xe9, 0x70, 0x2, 0x8, 0x7, 0xa1,
    0x80, 0x24, 0x10, 0xe, 0x57, 0x0, 0x92, 0xc0,
    0x38, 0x6c, 0x2, 0x2b, 0x0, 0xf5, 0x88, 0x5,
    0xc0, 0x1e, 0x35, 0x0, 0x94, 0xc0, 0x3d, 0x0,
    0x1a, 0x0, 0x3c, 0x48, 0x1, 0x21, 0x0, 0x7a,
    0xc0, 0x37, 0x0, 0x7c, 0xe0, 0x19, 0x40, 0x3c,
    0x82, 0x1, 0x20, 0x7, 0xd8, 0x1, 0xb0, 0x3,
    0xe4, 0x0, 0xc8, 0x1, 0xf1, 0x80, 0x62, 0x0,
    0xf1, 0x0, 0x61, 0x10, 0x7, 0x98, 0x3, 0x10,
    0x7, 0xc4, 0x1, 0x9c, 0x3, 0xe1, 0x0, 0xc4,
    0x1, 0xf7, 0x80, 0x7f, 0xf0, 0x4, 0x3, 0x8,
    0x7, 0xff, 0x54, 0x40, 0x30, 0x80, 0x7d, 0xe0,
    0x18, 0xc0, 0x3e, 0x10, 0xc, 0x20, 0x1f, 0x10,
    0x6, 0x60, 0xf, 0x94, 0x3, 0x10, 0x7, 0xc2,
    0x20, 0xc, 0x20, 0x1f, 0x28, 0x6, 0x50, 0xf,
    0xb4, 0x3, 0x60, 0x7, 0xc8, 0x1, 0x90, 0x3,
    0xe2, 0x20, 0x4, 0x62, 0x1, 0xf5, 0x0, 0x67,
    0x0, 0xf9, 0x80, 0x35, 0x80, 0x7c, 0x2c, 0x1,
    0x12, 0x0, 0x7d, 0x0, 0x1a, 0x0, 0x3e, 0x18,
    0x0, 0x8d, 0x80, 0x3e, 0x73, 0x0, 0xa4, 0x80,
    0x3e, 0xe0, 0xd, 0x82, 0x1, 0xe2, 0xb0, 0x8,
    0x7c, 0x40, 0x3c, 0x94, 0x1, 0x8, 0x80, 0x3e,
    0x5b, 0x10, 0x60, 0xf, 0xe4, 0xf5, 0xd0,

    /* U+0029 ")" */
    0x0, 0xff, 0xe1, 0x2f, 0x28, 0x7, 0xfb, 0x86,
    0xa4, 0x3, 0xf0, 0xa0, 0x1, 0xac, 0x3, 0xe1,
    0x60, 0x9, 0x28, 0x3, 0xe9, 0x50, 0x9, 0x5c,
    0x3, 0xea, 0x20, 0xa, 0xc, 0x3, 0xee, 0x0,
    0xde, 0x1, 0xf1, 0xb0, 0x4, 0x6c, 0x1, 0xf5,
    0x80, 0x68, 0x0, 0xf8, 0x94, 0x2, 0x16, 0x0,
    0xfb, 0x80, 0x35, 0x0, 0x7c, 0x82, 0x1, 0x19,
    0x0, 0x7c, 0x80, 0x1a, 0x80, 0x3e, 0xc0, 0xc,
    0x80, 0x1f, 0x20, 0x6, 0x30, 0xf, 0x88, 0x3,
    0x90, 0x3, 0xe2, 0x0, 0xc6, 0x1, 0xf3, 0x0,
    0x6e, 0x0, 0xf8, 0x40, 0x31, 0x0, 0x7c, 0x40,
    0x19, 0x80, 0x3f, 0xf8, 0x6, 0x1, 0xf7, 0x80,
    0x7f, 0xf6, 0xbc, 0x3, 0x18, 0x7, 0xc2, 0x1,
    0x84, 0x3, 0xe3, 0x0, 0xce, 0x1, 0xf3, 0x0,
    0x62, 0x0, 0xf8, 0x80, 0x37, 0x80, 0x7c, 0x20,
    0x19, 0x40, 0x3c, 0x60, 0x1c, 0x60, 0x1e, 0x50,
    0xc, 0x80, 0x1f, 0x68, 0x6, 0xd0, 0xf, 0x90,
    0x3, 0x38, 0x7, 0x94, 0x3, 0x28, 0x80, 0x7a,
    0x40, 0x34, 0x80, 0x78, 0xcc, 0x1, 0x19, 0x80,
    0x3d, 0xe0, 0x1b, 0xc0, 0x3c, 0xa6, 0x1, 0x31,
    0x80, 0x71, 0x50, 0x4, 0x30, 0x1, 0xc3, 0xe0,
    0x1b, 0x44, 0x3, 0xe, 0x10, 0x5, 0x46, 0x1,
    0xc2, 0x60, 0x14, 0xa8, 0x7, 0xce, 0x0, 0xb6,
    0x0, 0xfd, 0x4b, 0xc8, 0x1, 0xf8,

    /* U+002A "*" */
    0x0, 0xfe, 0xff, 0xd4, 0x1, 0xff, 0xc6, 0x20,
    0x8, 0xc0, 0x3f, 0xf8, 0xc2, 0x1, 0x8, 0x7,
    0xff, 0x19, 0xc0, 0x2e, 0x0, 0xff, 0xe3, 0x10,
    0x4, 0x60, 0x1f, 0xfc, 0x61, 0x0, 0x98, 0x3,
    0xfc, 0xfa, 0xc0, 0x1d, 0xe0, 0x10, 0x80, 0x73,
    0x60, 0x5, 0x45, 0x3d, 0x2, 0x0, 0x10, 0x8,
    0x80, 0x3, 0x1d, 0x26, 0xa0, 0x44, 0x0, 0xb,
    0xf5, 0x19, 0x0, 0x62, 0x9e, 0x71, 0x0, 0x78,
    0x28, 0x7, 0x97, 0x24, 0x2, 0xbd, 0x60, 0xe,
    0x50, 0x47, 0x30, 0xf, 0x10, 0x4, 0x80, 0x1f,
    0x20, 0x9c, 0x67, 0xdb, 0x98, 0x7, 0xf0, 0xac,
    0xe7, 0xd8, 0x80, 0x64, 0x8c, 0xf5, 0x0, 0xea,
    0xee, 0x53, 0x18, 0x7, 0xf9, 0x14, 0x3, 0xb4,
    0x40, 0x3f, 0xf8, 0x25, 0x40, 0x1, 0x30, 0x3,
    0xa8, 0x7, 0xff, 0x0, 0x7c, 0x40, 0x11, 0xc0,
    0x15, 0x18, 0x7, 0xfd, 0x44, 0x0, 0x26, 0x26,
    0x0, 0xb4, 0x40, 0x3f, 0xa5, 0x0, 0x29, 0x0,
    0x40, 0x4, 0x3a, 0x1, 0xf9, 0x98, 0x1, 0x22,
    0x0, 0x3, 0x0, 0x11, 0xd0, 0x7, 0xd0, 0x1,
    0xa4, 0x3, 0x38, 0x80, 0x4a, 0x60, 0x1e, 0xf5,
    0x0, 0x39, 0x0, 0x74, 0x0, 0x6, 0xcc, 0x3,
    0xc3, 0x54, 0x28, 0x0, 0xf3, 0x11, 0xfa, 0x0,
    0x7f, 0x2e, 0x80, 0x7e, 0xfc, 0x10, 0xe,

    /* U+002B "+" */
    0x0, 0xfc, 0x23, 0xc0, 0x1f, 0xfc, 0x5e, 0xee,
    0xb0, 0xf, 0xff, 0xf8, 0x7, 0xff, 0xfc, 0x3,
    0xff, 0x80, 0xf1, 0x1f, 0x0, 0x73, 0x44, 0x7c,
    0x92, 0xef, 0xf0, 0x7, 0x13, 0xbf, 0xda, 0x1,
    0xff, 0xff, 0x0, 0xff, 0xe0, 0xf7, 0xff, 0xc0,
    0x1c, 0x9f, 0xff, 0x48, 0x7, 0xff, 0xfc, 0x3,
    0xff, 0xfe, 0x1, 0xff, 0xce,

    /* U+002C "," */
    0x0, 0x2f, 0xff, 0x20, 0x7, 0xff, 0x81, 0xc0,
    0x6, 0x1, 0xc4, 0x0, 0xe0, 0xc, 0x22, 0x0,
    0x18, 0x6, 0x70, 0x9, 0x0, 0x35, 0x0, 0x18,
    0x3, 0x21, 0x80, 0x28, 0x3, 0x48, 0x0, 0x44,
    0x1, 0x49, 0x0, 0x7, 0x64, 0x5d, 0x80, 0x39,
    0xba, 0x0, 0x30,

    /* U+002D "-" */
    0xde, 0xef, 0xfe, 0x26, 0x90, 0x8f, 0xff, 0x10,
    0x80, 0x3f, 0xfd, 0x40,

    /* U+002E "." */
    0x2, 0xae, 0xfc, 0x50, 0x1, 0x62, 0x88, 0x1d,
    0x38, 0x40, 0x80, 0x74, 0xa, 0x0, 0x7c, 0x80,
    0x1f, 0xc8, 0x1, 0xf2, 0x40, 0x7, 0x9c, 0x4b,
    0x50, 0x0, 0x53, 0x0,

    /* U+002F "/" */
    0x0, 0xff, 0xe0, 0x5f, 0xfe, 0xd0, 0xf, 0xf8,
    0x50, 0x3, 0x50, 0x7, 0xfc, 0xe0, 0x1c, 0xa0,
    0x1f, 0xf5, 0x0, 0x62, 0x20, 0x7, 0xf8, 0x4c,
    0x3, 0x50, 0x7, 0xfc, 0xe0, 0x1c, 0xa0, 0x1f,
    0xf5, 0x0, 0x63, 0x20, 0xf, 0xf0, 0x98, 0x6,
    0xb0, 0xf, 0xf9, 0x80, 0x39, 0x80, 0x3f, 0xeb,
    0x0, 0xc6, 0x20, 0x1f, 0xe2, 0x30, 0xd, 0x60,
    0x1f, 0xf2, 0x80, 0x73, 0x0, 0x7f, 0xd6, 0x1,
    0x8c, 0x40, 0x3f, 0xc4, 0x60, 0x1a, 0x80, 0x3f,
    0xe5, 0x0, 0xe7, 0x0, 0xff, 0xa8, 0x3, 0x20,
    0x80, 0x7f, 0x88, 0x80, 0x1b, 0x40, 0x3f, 0xea,
    0x0, 0xe7, 0x0, 0xff, 0x94, 0x3, 0x20, 0x80,
    0x7f, 0x88, 0x80, 0x1b, 0x40, 0x3f, 0xea, 0x0,
    0xe7, 0x0, 0xff, 0x94, 0x3, 0x20, 0x80, 0x7f,
    0x8c, 0x80, 0x37, 0x0, 0x7f, 0xd6, 0x1, 0xca,
    0x1, 0xff, 0x28, 0x6, 0x40, 0xf, 0xf8, 0xc8,
    0x3, 0x70, 0x7, 0xfd, 0x60, 0x1c, 0xa0, 0x1f,
    0xf3, 0x0, 0x65, 0x0, 0xff, 0x8c, 0x40, 0x37,
    0x80, 0x7f, 0xd4, 0x1, 0xca, 0x1, 0xff, 0x38,
    0x6, 0x50, 0xf, 0xf9, 0x4, 0x3, 0x78, 0x7,
    0xfd, 0xa0, 0x1c, 0xa0, 0x1f, 0xf3, 0x80, 0x65,
    0x0, 0xff, 0x85, 0x9d, 0xf4, 0x80, 0x7f, 0xc0,

    /* U+0030 "0" */
    0x0, 0xf3, 0x5f, 0x7f, 0xbb, 0x20, 0x80, 0x3f,
    0xcd, 0xd2, 0x82, 0x0, 0x13, 0x7d, 0xa1, 0x0,
    0xfa, 0x64, 0x20, 0x1f, 0xcb, 0xe4, 0x1, 0xd0,
    0xc0, 0x1f, 0xfc, 0x1, 0xc1, 0x0, 0x8d, 0xc0,
    0x3e, 0x10, 0xf, 0xc, 0x0, 0x50, 0x1, 0xc5,
    0x7f, 0xdc, 0x60, 0xe, 0x62, 0x1, 0x40, 0xe,
    0xf4, 0x0, 0xc, 0xa8, 0x7, 0x50, 0x38, 0x7,
    0x31, 0x0, 0x74, 0x0, 0x72, 0x86, 0x0, 0x76,
    0x80, 0x78, 0x84, 0x3, 0x10, 0x30, 0x7, 0x30,
    0x7, 0xca, 0x1, 0xc6, 0x40, 0x1c, 0x60, 0x1f,
    0x8, 0x7, 0x30, 0x80, 0x70, 0x80, 0x79, 0x54,
    0x1, 0xff, 0xc6, 0x9a, 0x0, 0xf1, 0x80, 0x7f,
    0x8b, 0x58, 0x3, 0xff, 0x8a, 0xda, 0x40, 0x1f,
    0xfc, 0x5a, 0x90, 0x9, 0x50, 0x3, 0xff, 0x80,
    0x7a, 0xa0, 0x14, 0xd0, 0x80, 0x7f, 0xf0, 0x30,
    0x80, 0x5, 0xac, 0x1, 0xff, 0xc5, 0x6d, 0x20,
    0xf, 0xfe, 0x20, 0xd4, 0x80, 0x7f, 0xf1, 0x4f,
    0x14, 0x3, 0xfe, 0x31, 0x0, 0xed, 0x20, 0xf,
    0xfe, 0x9, 0x0, 0x71, 0x80, 0x7c, 0x20, 0x1c,
    0xca, 0x1, 0xce, 0x1, 0xf2, 0x80, 0x71, 0xf8,
    0x7, 0x60, 0x7, 0x88, 0x40, 0x31, 0x3, 0x80,
    0x73, 0x10, 0x7, 0x40, 0x7, 0x28, 0xa, 0x80,
    0x77, 0x98, 0x0, 0x65, 0x40, 0x3a, 0x80, 0x10,
    0x1, 0xc5, 0x9f, 0xdc, 0x60, 0xe, 0x52, 0x0,
    0x14, 0x0, 0x7c, 0x20, 0x1e, 0x1b, 0x0, 0xce,
    0xc0, 0x1f, 0xfc, 0x1, 0xc1, 0x0, 0xe9, 0x90,
    0x80, 0x7f, 0x27, 0x90, 0x7, 0xcd, 0xd2, 0xa4,
    0x0, 0x13, 0x7c, 0xb1, 0x0, 0xc0,

    /* U+0031 "1" */
    0x0, 0xff, 0xe0, 0xb, 0x38, 0x7, 0xf9, 0x6b,
    0xa7, 0x40, 0x3e, 0x39, 0xea, 0x50, 0xf, 0x85,
    0xf7, 0x18, 0x40, 0x3e, 0x6c, 0xe8, 0x20, 0xf,
    0xc7, 0xf2, 0x60, 0x1f, 0xf3, 0x80, 0x7f, 0xf2,
    0x88, 0x3, 0xfe, 0x38, 0xeb, 0x0, 0xfc, 0x2f,
    0xb8, 0xe2, 0x1, 0xf3, 0x5f, 0x41, 0x0, 0x7f,
    0x89, 0x0, 0x3f, 0xff, 0xe0, 0x1f, 0xff, 0xf0,
    0xf, 0xff, 0xf8, 0x7, 0xff, 0xfc, 0x3, 0xff,
    0x82,

    /* U+0032 "2" */
    0x0, 0xf9, 0x6b, 0x7f, 0xed, 0xb6, 0x10, 0xf,
    0xf9, 0xba, 0x94, 0x80, 0x22, 0x49, 0xe8, 0x0,
    0xfc, 0x37, 0x22, 0x1, 0xfe, 0x7c, 0x0, 0xfb,
    0x50, 0x3, 0xff, 0x82, 0x74, 0x1, 0xd4, 0x60,
    0x1f, 0xfc, 0x35, 0x50, 0x4, 0x8a, 0x1, 0xc7,
    0x5b, 0xd8, 0xc0, 0x1e, 0x90, 0xa, 0x0, 0x39,
    0x71, 0x48, 0x4e, 0x64, 0x1, 0xc6, 0x20, 0x26,
    0x1, 0xd6, 0x1, 0xe6, 0x20, 0xe, 0x50, 0x40,
    0xe, 0x41, 0x0, 0xf9, 0x40, 0x38, 0x80, 0x80,
    0x38, 0xc0, 0x3f, 0x78, 0x7, 0xcb, 0x55, 0xe0,
    0xf, 0xdc, 0x1, 0xc6, 0x4, 0xab, 0xc4, 0x1,
    0xf9, 0x0, 0x39, 0x0, 0x3f, 0xf8, 0x6a, 0x40,
    0x18, 0x84, 0x3, 0xff, 0x84, 0x36, 0x1, 0xd6,
    0x1, 0xff, 0xc3, 0xa1, 0x0, 0xc4, 0xc0, 0x1f,
    0xfc, 0x28, 0x40, 0xe, 0xe0, 0xf, 0xfe, 0x12,
    0xb8, 0x7, 0x39, 0x80, 0x7f, 0xf0, 0x52, 0x80,
    0x39, 0x20, 0x3, 0xff, 0x82, 0x76, 0x1, 0xc7,
    0x60, 0x1f, 0xfc, 0x12, 0xc0, 0xe, 0x2d, 0x0,
    0xff, 0xe0, 0x96, 0x0, 0x71, 0x60, 0x80, 0x7f,
    0xf0, 0x7, 0xc4, 0x3, 0xf, 0x88, 0x7, 0xff,
    0x0, 0x70, 0x80, 0x30, 0xe1, 0x0, 0x7f, 0xf0,
    0x74, 0x80, 0x3b, 0x48, 0x3, 0xff, 0x83, 0x66,
    0x1, 0xd6, 0x60, 0x1f, 0xfc, 0x1a, 0x40, 0xe,
    0xb4, 0x0, 0xff, 0xe0, 0xca, 0x80, 0x75, 0x20,
    0x7, 0xff, 0x6, 0x18, 0x3, 0xd1, 0xbb, 0xff,
    0xc0, 0x60, 0x50, 0xf, 0x88, 0xbf, 0xf8, 0x22,
    0x1, 0xff, 0xf9,

    /* U+0033 "3" */
    0x0, 0xf2, 0xd6, 0xff, 0xdd, 0x90, 0x60, 0x1f,
    0xe6, 0xea, 0x52, 0x0, 0x84, 0xdf, 0x35, 0x0,
    0x3e, 0xb9, 0x10, 0xf, 0xf1, 0x5b, 0x80, 0x76,
    0x20, 0x7, 0xff, 0xa, 0x18, 0x2, 0x83, 0x0,
    0xf8, 0x40, 0x3f, 0x48, 0x80, 0xb8, 0x7, 0xc,
    0xff, 0x7e, 0xb0, 0x7, 0xa4, 0x10, 0x3, 0xd8,
    0xc0, 0x11, 0x4b, 0x80, 0x72, 0x86, 0x80, 0x73,
    0x90, 0x7, 0xa4, 0x3, 0x88, 0x2e, 0x67, 0xa8,
    0x3, 0xe1, 0x10, 0x7, 0x9, 0xb3, 0x71, 0x0,
    0x7e, 0x10, 0xe, 0x10, 0xf, 0xfe, 0x11, 0x80,
    0x71, 0x80, 0x7f, 0xf0, 0xfc, 0x3, 0xa8, 0x3,
    0xff, 0x80, 0x2b, 0xa6, 0x1, 0x8d, 0x80, 0x3f,
    0x7f, 0xee, 0xa2, 0x0, 0xc5, 0xa0, 0x1f, 0xfc,
    0x75, 0xc1, 0x0, 0xff, 0xe3, 0x17, 0x8, 0x7,
    0xff, 0x1c, 0xae, 0xc0, 0x1f, 0xe5, 0x44, 0x8c,
    0x3, 0xc9, 0x80, 0x1f, 0xd5, 0x77, 0x67, 0xc8,
    0x7, 0x1c, 0x0, 0x7f, 0xf0, 0x9a, 0xc0, 0x39,
    0xc0, 0x3f, 0xf8, 0x68, 0x80, 0xe, 0x40, 0xf,
    0xfe, 0x1e, 0x0, 0x71, 0x88, 0xf8, 0x3, 0xf8,
    0x40, 0x3b, 0xfd, 0xdd, 0xc2, 0x1, 0xf8, 0x40,
    0x3c, 0x40, 0x1c, 0x80, 0x1f, 0xac, 0x3, 0xb5,
    0x40, 0x3a, 0x4, 0x3, 0xca, 0x60, 0x1c, 0xf4,
    0x1, 0xc5, 0xea, 0x1, 0xc, 0x50, 0x7, 0x21,
    0x1a, 0x0, 0x70, 0xd7, 0xef, 0x71, 0xc0, 0x3d,
    0x0, 0xa, 0x10, 0xf, 0x88, 0x40, 0x3e, 0x83,
    0x0, 0xe, 0x10, 0x7, 0xff, 0xa, 0x1c, 0x3,
    0x16, 0xb8, 0x7, 0xfc, 0x78, 0xe0, 0x1f, 0x47,
    0xd2, 0x90, 0x4, 0x29, 0x1b, 0x86, 0x1, 0x80,

    /* U+0034 "4" */
    0x0, 0xff, 0xe0, 0xef, 0xff, 0x38, 0x7, 0xff,
    0x12, 0x8, 0x3, 0xff, 0x92, 0x4e, 0x1, 0xff,
    0xca, 0x90, 0xf, 0xfe, 0x52, 0xa0, 0x7, 0xff,
    0x24, 0x6c, 0x3, 0xff, 0x95, 0x2, 0x1, 0xff,
    0xc9, 0x36, 0x0, 0xff, 0xe5, 0x70, 0x6, 0x20,
    0xf, 0xfe, 0x2b, 0x90, 0x4, 0x6a, 0x1, 0xff,
    0xc4, 0x28, 0x0, 0xdc, 0x1, 0xff, 0xc5, 0x90,
    0xc, 0xe4, 0x1, 0xff, 0xc4, 0x54, 0x0, 0x8a,
    0x0, 0x3f, 0xf8, 0xb6, 0x1, 0xa4, 0x3, 0xff,
    0x8b, 0x22, 0x1, 0x2a, 0x0, 0x7f, 0xf1, 0xd,
    0x80, 0x35, 0x80, 0x7f, 0xf1, 0x7c, 0x3, 0x48,
    0x80, 0x7f, 0xf1, 0x18, 0xc0, 0x23, 0x60, 0xf,
    0xfe, 0x20, 0xc8, 0x6, 0xe0, 0xf, 0xfe, 0x2d,
    0x80, 0x67, 0x20, 0xf, 0xfe, 0x22, 0x28, 0x6,
    0x6e, 0xef, 0x38, 0x7, 0x47, 0x74, 0x3e, 0x1,
    0xc2, 0x3f, 0x0, 0x7c, 0x23, 0x0, 0x80, 0x7f,
    0xf2, 0xcc, 0x3, 0xff, 0x96, 0x20, 0x1f, 0xfc,
    0xb8, 0xff, 0xff, 0xe0, 0x38, 0x7, 0x47, 0xfc,
    0x20, 0x1f, 0xff, 0xf0, 0xf, 0xff, 0xc8,

    /* U+0035 "5" */
    0x0, 0xbf, 0xff, 0xf8, 0xae, 0x1, 0xff, 0xcd,
    0x20, 0xf, 0xfe, 0x4b, 0x0, 0x7f, 0xf2, 0x48,
    0x3, 0xff, 0x92, 0x20, 0x1d, 0xbb, 0xff, 0xc0,
    0x60, 0xb, 0x80, 0x30, 0x91, 0x7f, 0xf0, 0x4,
    0x2, 0x20, 0xc, 0x40, 0x1f, 0xfc, 0x46, 0x0,
    0xcc, 0x1, 0xff, 0xc4, 0x20, 0xc, 0x60, 0x1f,
    0xfc, 0x9e, 0x0, 0xff, 0xe1, 0x90, 0x7, 0xa,
    0xd7, 0x7f, 0xba, 0xdc, 0x40, 0x3c, 0xc0, 0x1d,
    0x34, 0xa2, 0x0, 0x14, 0x8e, 0x70, 0xe, 0x20,
    0xf, 0xfe, 0x1c, 0x50, 0x6, 0x10, 0xf, 0xfe,
    0x22, 0xc0, 0x5, 0xc0, 0x1e, 0x14, 0x54, 0x0,
    0xf9, 0xc8, 0x1, 0x70, 0x80, 0x1, 0xbe, 0xba,
    0xbf, 0x70, 0xf, 0x40, 0x0, 0x9e, 0xff, 0x3d,
    0x0, 0x3a, 0x1c, 0x3, 0x94, 0x3, 0xc6, 0x20,
    0x1f, 0x40, 0x80, 0x71, 0x80, 0x7f, 0xf0, 0xd0,
    0x3, 0x98, 0x3, 0xff, 0x86, 0x40, 0x1c, 0x40,
    0x1f, 0xfc, 0x3f, 0x0, 0xf8, 0x47, 0x80, 0x3f,
    0xbc, 0x3, 0xcf, 0xdd, 0xd0, 0x1, 0xf8, 0xc0,
    0x38, 0x8c, 0x3, 0x90, 0x3, 0xf2, 0x0, 0x73,
    0xa8, 0x7, 0x1b, 0x0, 0x7a, 0x0, 0x38, 0x48,
    0x54, 0x3, 0xa6, 0x4, 0x0, 0x30, 0xe0, 0x1c,
    0xc0, 0xb, 0x0, 0xf3, 0xf7, 0x67, 0x0, 0xe1,
    0x90, 0x0, 0xd8, 0x7, 0xc2, 0x20, 0xf, 0xa8,
    0x40, 0x24, 0xa0, 0xf, 0xfe, 0x15, 0x20, 0x7,
    0x2e, 0xa8, 0x7, 0xf8, 0xf5, 0x40, 0x3e, 0x2a,
    0xd8, 0x41, 0x0, 0x9, 0xb6, 0x60, 0x80, 0x30,

    /* U+0036 "6" */
    0x0, 0xff, 0x13, 0xd6, 0xff, 0xb8, 0x3, 0xff,
    0x82, 0xb9, 0xb0, 0xa4, 0x1, 0xff, 0xc2, 0x2c,
    0xa3, 0x0, 0xff, 0xe2, 0xae, 0x98, 0x7, 0xff,
    0x19, 0x68, 0x3, 0xff, 0x8e, 0x74, 0x1, 0xe1,
    0x6a, 0xde, 0xe0, 0x7, 0xee, 0x0, 0xf4, 0xf4,
    0xa9, 0x8, 0x7, 0xe7, 0x20, 0xc, 0x5a, 0xc0,
    0x1f, 0xfc, 0x18, 0x0, 0xef, 0x20, 0xf, 0xfe,
    0xb, 0x0, 0x74, 0x90, 0x7, 0xff, 0xa, 0x80,
    0x30, 0xb0, 0x14, 0x66, 0xea, 0x98, 0x40, 0x3c,
    0x60, 0x19, 0x6, 0xb5, 0xcc, 0x88, 0xb3, 0xcc,
    0x1, 0x90, 0x3, 0x8b, 0xd4, 0x3, 0xf4, 0xc8,
    0x2, 0x30, 0xe, 0x71, 0x0, 0xff, 0x33, 0x80,
    0x38, 0x3, 0xff, 0x8d, 0x2, 0x6, 0x1, 0xf2,
    0xe7, 0xfa, 0xcc, 0x3, 0xd0, 0x2, 0x1, 0xe9,
    0xa3, 0x0, 0x26, 0x18, 0x7, 0x38, 0x38, 0x7,
    0x2b, 0x0, 0x7b, 0x80, 0x38, 0x4c, 0x3, 0xdc,
    0x1, 0xf1, 0x20, 0x7, 0x2b, 0x80, 0x7f, 0xf0,
    0xb0, 0x3, 0xb8, 0x3, 0xff, 0x86, 0x40, 0x1c,
    0x22, 0x0, 0xe1, 0x0, 0xff, 0xe1, 0xe8, 0x7,
    0x10, 0x7, 0xe2, 0x0, 0xe1, 0x30, 0xe, 0xc0,
    0xf, 0xda, 0x1, 0xda, 0x80, 0x1c, 0x84, 0x1,
    0xe1, 0x50, 0xe, 0x40, 0x60, 0xe, 0x90, 0xf,
    0x58, 0x7, 0x18, 0x85, 0x80, 0x72, 0x59, 0x0,
    0xa, 0xd4, 0x3, 0xa4, 0x0, 0x4e, 0x1, 0xc9,
    0xbd, 0xcd, 0x40, 0xe, 0x35, 0x0, 0xa1, 0x0,
    0x3c, 0x22, 0x0, 0xf0, 0xf0, 0x7, 0x5a, 0x0,
    0x7f, 0xf0, 0x7, 0x8, 0x3, 0xd7, 0x0, 0x1f,
    0xe5, 0xf2, 0x0, 0xfc, 0xff, 0x28, 0x20, 0x1,
    0x37, 0xda, 0x10, 0xc,

    /* U+0037 "7" */
    0x8f, 0xff, 0xfe, 0x4b, 0x80, 0x7f, 0xfe, 0x7,
    0xc0, 0x3f, 0xf9, 0x2c, 0xff, 0xff, 0xfc, 0x2e,
    0x0, 0xe7, 0x0, 0xff, 0xe2, 0x48, 0x7, 0x50,
    0x7, 0xff, 0x11, 0x80, 0x32, 0x10, 0x7, 0xff,
    0xd, 0x84, 0x3, 0x78, 0x7, 0xff, 0x12, 0xc0,
    0x31, 0x20, 0x7, 0xff, 0xd, 0x48, 0x3, 0x50,
    0x7, 0xff, 0x12, 0x40, 0x39, 0xc0, 0x3f, 0xf8,
    0x66, 0x60, 0xc, 0xc0, 0x1f, 0xfc, 0x49, 0x0,
    0xeb, 0x0, 0xff, 0xe1, 0x92, 0x80, 0x64, 0x20,
    0xf, 0xfe, 0x1d, 0x80, 0x77, 0x80, 0x7f, 0xf0,
    0xc5, 0x80, 0x31, 0x20, 0x7, 0xff, 0xd, 0x80,
    0x3a, 0x80, 0x3f, 0xf8, 0x92, 0x1, 0xcc, 0x1,
    0xff, 0xc3, 0x61, 0x0, 0xcc, 0x20, 0x1f, 0xfc,
    0x3b, 0x0, 0xeb, 0x0, 0xff, 0xe1, 0xa1, 0x0,
    0x63, 0x20, 0xf, 0xfe, 0x1f, 0x80, 0x74, 0x80,
    0x7f, 0xf0, 0xc9, 0x0, 0x30, 0xa8, 0x7, 0xff,
    0xe, 0x0, 0x3a, 0x40, 0x3f, 0xf8, 0x62, 0xa0,
    0x1c, 0xc0, 0x1f, 0xfc, 0x39, 0x0, 0xe6, 0x10,
    0xf, 0xfe, 0x1b, 0x0, 0x75, 0x0, 0x7f, 0xf0,
    0xdc, 0x40, 0x31, 0x98, 0x3, 0xff, 0x87, 0x40,
    0x1d, 0x20, 0x1f, 0xfc, 0x35, 0x20, 0xc, 0x2a,
    0x1, 0xff, 0xc3, 0x90, 0xe, 0x90, 0xf, 0xfe,
    0x0,

    /* U+0038 "8" */
    0x0, 0xf2, 0x4e, 0x77, 0xfb, 0xad, 0xc8, 0x3,
    0xfc, 0x9b, 0x6c, 0x62, 0x0, 0x14, 0x8d, 0xa1,
    0x0, 0xf9, 0xec, 0x80, 0x3f, 0xcb, 0xe6, 0x1,
    0xcd, 0x0, 0x1f, 0xfc, 0x11, 0xd2, 0x0, 0x86,
    0x40, 0x3e, 0x10, 0xf, 0x86, 0x40, 0x26, 0x0,
    0xf3, 0x77, 0x3e, 0xc8, 0x3, 0x90, 0x80, 0x18,
    0x1, 0xcd, 0x22, 0x0, 0x4c, 0x10, 0xe, 0x50,
    0x2, 0x80, 0x75, 0x0, 0x70, 0xb0, 0x7, 0x70,
    0x0, 0x40, 0x38, 0xc0, 0x3d, 0x80, 0x1c, 0x60,
    0x1, 0x0, 0xff, 0xe0, 0x8, 0x7, 0x18, 0x1,
    0x40, 0x38, 0xc0, 0x3d, 0xa0, 0x1d, 0xe0, 0xd,
    0x0, 0xe8, 0x0, 0xe1, 0x70, 0xe, 0x70, 0x3,
    0x10, 0x6, 0x4c, 0x30, 0x2, 0xf8, 0x7, 0x30,
    0x80, 0x5c, 0x1, 0xc7, 0x9f, 0xea, 0x10, 0xc,
    0x72, 0x1, 0x8f, 0x48, 0x3, 0xff, 0x80, 0xb8,
    0x1, 0xe2, 0xe0, 0xf, 0xf8, 0xec, 0x3, 0xe8,
    0xc0, 0xf, 0xf8, 0xfd, 0x0, 0x3a, 0x5c, 0x3,
    0xc2, 0x20, 0xe, 0x1b, 0x40, 0x9, 0x58, 0x3,
    0xa7, 0xfb, 0x9a, 0xa0, 0x1d, 0x42, 0x0, 0xb0,
    0xe, 0xb6, 0x0, 0x8a, 0x98, 0x3, 0xc, 0x2,
    0x8, 0x6, 0x44, 0x0, 0x7a, 0x0, 0x39, 0x83,
    0x0, 0x3b, 0x0, 0x3e, 0x13, 0x0, 0xe3, 0x20,
    0xe, 0x20, 0xf, 0xcc, 0x1, 0xce, 0x1, 0xe3,
    0x0, 0xfc, 0x20, 0x1e, 0x20, 0xe, 0xd0, 0xf,
    0xc8, 0x1, 0xcf, 0xa0, 0x1c, 0x86, 0x1, 0xe9,
    0x0, 0xf1, 0xa8, 0x7, 0xb1, 0x80, 0x21, 0x96,
    0x0, 0xe5, 0x0, 0x38, 0x7, 0xa7, 0xfb, 0xa6,
    0x0, 0xf4, 0x80, 0x20, 0xc0, 0x3e, 0x11, 0x0,
    0x7d, 0x6, 0x1, 0x69, 0x80, 0x7f, 0xf0, 0x9d,
    0xc0, 0x18, 0x72, 0x4, 0x3, 0xfc, 0x57, 0x0,
    0x1f, 0x3f, 0x53, 0x10, 0x80, 0x4, 0xdf, 0x35,
    0x0, 0x30,

    /* U+0039 "9" */
    0x0, 0xf2, 0x4e, 0xff, 0xd9, 0x26, 0x1, 0xff,
    0x1e, 0x5b, 0x10, 0x4, 0x6d, 0x96, 0x40, 0x1f,
    0x97, 0xc, 0x3, 0xf9, 0x30, 0xc0, 0x3c, 0xb4,
    0x1, 0xff, 0xc0, 0x1c, 0x20, 0xc, 0x34, 0x1,
    0xf0, 0x80, 0x7d, 0xe0, 0x1a, 0xc0, 0x3d, 0x1f,
    0xdc, 0x80, 0xe, 0x26, 0x0, 0xa, 0x80, 0x74,
    0xb8, 0x0, 0x5e, 0x40, 0x3a, 0xc0, 0xe, 0x1,
    0xc6, 0xc0, 0x1c, 0xc6, 0x1, 0x88, 0xc3, 0x0,
    0x3a, 0x80, 0x3e, 0xa0, 0xe, 0xb0, 0x70, 0xe,
    0x40, 0xf, 0x90, 0x3, 0x8c, 0xc, 0x3, 0x88,
    0x3, 0xe2, 0x0, 0xe5, 0x0, 0xff, 0xe4, 0x88,
    0x18, 0x7, 0x10, 0x7, 0xff, 0xd, 0x80, 0x39,
    0xc0, 0x3f, 0xf8, 0x66, 0x1, 0xd2, 0x1, 0xf1,
    0x80, 0x7d, 0x60, 0x1c, 0x6c, 0x1, 0xc3, 0xc0,
    0x1f, 0x19, 0x0, 0x74, 0xc1, 0x0, 0xb7, 0x90,
    0x7, 0xe8, 0x0, 0xf3, 0xef, 0xf4, 0x88, 0x7,
    0x84, 0x0, 0xaa, 0x0, 0xff, 0xe2, 0x90, 0x5,
    0x48, 0x1, 0xfe, 0x20, 0xe, 0x50, 0xd, 0x72,
    0x20, 0x1f, 0x34, 0x80, 0x77, 0x80, 0x73, 0x75,
    0x3a, 0xa9, 0xa7, 0xa4, 0xc0, 0x39, 0x0, 0x3e,
    0x58, 0xaa, 0x4b, 0x8, 0x50, 0x6, 0x22, 0x0,
    0x7f, 0xf0, 0x98, 0x80, 0x35, 0x80, 0x7f, 0xf0,
    0x92, 0x40, 0x30, 0xb0, 0x7, 0xff, 0x0, 0x62,
    0xc0, 0x3a, 0x0, 0x3f, 0x9, 0x1b, 0x57, 0x38,
    0x7, 0x23, 0x0, 0x7c, 0x9d, 0xb9, 0x2a, 0x1,
    0xe2, 0xa0, 0xf, 0xfe, 0x39, 0xe0, 0x80, 0x7f,
    0xf1, 0x9f, 0x4, 0x3, 0xff, 0x8a, 0xbb, 0x0,
    0x1f, 0xfc, 0x21, 0x36, 0xaf, 0xa2, 0x0, 0xfc,

    /* U+003A ":" */
    0x0, 0x46, 0xf6, 0xc0, 0x5, 0x6e, 0x42, 0x4f,
    0x80, 0xa8, 0x1, 0xc6, 0xb8, 0x1, 0xf6, 0x0,
    0x7e, 0x3c, 0x0, 0xfb, 0x14, 0xc0, 0x38, 0x98,
    0x31, 0x84, 0x5, 0xb0, 0x2, 0x9e, 0xfe, 0x91,
    0x0, 0xff, 0xff, 0x80, 0x7f, 0x46, 0xfe, 0xc0,
    0x5, 0x8e, 0x40, 0x4f, 0x80, 0xa6, 0x1, 0xc6,
    0xb8, 0x1, 0xf6, 0x0, 0x7e, 0x3c, 0x0, 0xfb,
    0x14, 0xc0, 0x38, 0xd8, 0x31, 0x84, 0x5, 0xb4,
    0x0,

    /* U+003B ";" */
    0x0, 0xc, 0xef, 0x63, 0x80, 0x43, 0x8c, 0x42,
    0x71, 0x20, 0x9, 0x20, 0xe, 0x63, 0x4, 0x0,
    0xf9, 0x0, 0x3f, 0xe4, 0x0, 0xf9, 0x2, 0x44,
    0x3, 0x90, 0xc0, 0x7d, 0x44, 0x5, 0xec, 0x2,
    0x1a, 0xef, 0xe8, 0x0, 0xff, 0xff, 0x80, 0x7f,
    0xf6, 0xd6, 0x23, 0x38, 0x6, 0xe7, 0x7d, 0x20,
    0x1f, 0xfe, 0x53, 0x0, 0xcc, 0x1, 0x9c, 0x3,
    0x10, 0x6, 0xc0, 0x8, 0xc0, 0x39, 0xc0, 0x2b,
    0x0, 0xcc, 0x20, 0x13, 0x0, 0x68, 0x0, 0x98,
    0x40, 0x29, 0x10, 0x9, 0xd8, 0x0, 0xcc, 0x0,
    0xc3, 0x3b, 0x12, 0x1, 0xc0,

    /* U+003C "<" */
    0x0, 0xff, 0xec, 0x9d, 0x28, 0x7, 0xff, 0xd,
    0xb7, 0x14, 0x3, 0xff, 0x82, 0x51, 0xf2, 0x40,
    0x1f, 0xfc, 0x14, 0xbd, 0x70, 0xf, 0xfe, 0x8,
    0xbe, 0xda, 0x0, 0x7f, 0xf0, 0x4e, 0x7a, 0x8,
    0x3, 0xff, 0x82, 0xb9, 0x86, 0x0, 0xfe, 0x27,
    0xd5, 0x18, 0xea, 0x30, 0xf, 0xc4, 0xf9, 0xb0,
    0x41, 0x6e, 0x20, 0x1f, 0xb, 0x66, 0xc1, 0x80,
    0x7f, 0xc2, 0xd7, 0xd2, 0x60, 0x1f, 0xfc, 0x14,
    0xf9, 0x40, 0xf, 0xfe, 0x22, 0x75, 0xb0, 0x80,
    0x7f, 0xf1, 0x52, 0x7a, 0xd4, 0x3, 0xea, 0xa1,
    0x80, 0x7e, 0x4a, 0xfb, 0x50, 0xe, 0x5c, 0xc3,
    0x0, 0x7f, 0x25, 0x7d, 0x28, 0x6, 0x39, 0xe8,
    0x20, 0xf, 0xe5, 0xa5, 0x0, 0xe1, 0x7d, 0xb4,
    0x0, 0xff, 0xe3, 0x25, 0xeb, 0x88, 0x7, 0xff,
    0x14, 0xa3, 0xa4, 0x80, 0x3f, 0xf8, 0xcd, 0xb8,
    0xa0, 0x1f, 0xfc, 0x63, 0xae, 0x71,

    /* U+003D "=" */
    0x9f, 0xff, 0xfe, 0x3d, 0x80, 0x7f, 0xff, 0xc0,
    0x3f, 0xc, 0xff, 0xff, 0xf1, 0xe8, 0x3, 0xff,
    0xe7, 0x3f, 0xff, 0xfc, 0x7a, 0x0, 0xff, 0xe4,
    0x8, 0x7, 0xff, 0xcc,

    /* U+003E ">" */
    0x0, 0xff, 0xe4, 0x44, 0x98, 0x7, 0xff, 0x19,
    0xb3, 0xa, 0x1, 0xff, 0xc6, 0x3a, 0xe8, 0x20,
    0xf, 0xfe, 0x28, 0xbe, 0xda, 0x0, 0x7f, 0xf1,
    0x92, 0xf5, 0xc4, 0x3, 0xff, 0x8a, 0x51, 0xd4,
    0x60, 0x1d, 0x1a, 0xe4, 0x1, 0xfc, 0xb9, 0xac,
    0x1, 0x8a, 0x37, 0x4e, 0x40, 0x1f, 0x8a, 0x7e,
    0x48, 0x3, 0x14, 0x6e, 0x9c, 0x80, 0x3f, 0x37,
    0x0, 0x7c, 0x51, 0xba, 0x72, 0x0, 0xff, 0xe2,
    0x94, 0x63, 0x0, 0x7f, 0xf0, 0xc5, 0xaf, 0x98,
    0x3, 0xff, 0x80, 0x2d, 0x7d, 0x28, 0x1, 0xff,
    0xc0, 0x5b, 0xe9, 0x40, 0xf, 0xc5, 0x38, 0xb,
    0x7f, 0x48, 0x1, 0xfc, 0xb7, 0xac, 0x11, 0x48,
    0x1, 0xfc, 0x31, 0xd4, 0x80, 0x1f, 0xfc, 0x14,
    0xae, 0x71, 0x0, 0xff, 0xe0, 0xbe, 0xda, 0x80,
    0x7f, 0xf0, 0x4e, 0x7e, 0x8, 0x3, 0xff, 0x82,
    0xb9, 0x86, 0x0, 0xff, 0xe0, 0xf4, 0x75, 0x18,
    0x7, 0xff, 0xc,

    /* U+003F "?" */
    0x0, 0xe1, 0x7b, 0xdf, 0xfb, 0xb2, 0xc, 0x3,
    0xfa, 0x7a, 0x10, 0x80, 0x21, 0x37, 0xcc, 0x18,
    0x7, 0x16, 0xb0, 0x7, 0xfc, 0x78, 0xc0, 0x1b,
    0xc8, 0x3, 0xff, 0x85, 0x28, 0x0, 0x82, 0x0,
    0xff, 0xe2, 0x48, 0x1, 0xc0, 0x38, 0x67, 0xbf,
    0xd6, 0x60, 0x1c, 0x48, 0x80, 0xf, 0x63, 0x8,
    0x1, 0x30, 0x80, 0x3b, 0xc, 0x3, 0x98, 0x80,
    0x3d, 0x40, 0x1c, 0x44, 0x55, 0xed, 0x0, 0xf8,
    0x80, 0x3c, 0xb5, 0x5c, 0x80, 0x1f, 0x10, 0x7,
    0x18, 0x7, 0xff, 0xa, 0xc0, 0x3b, 0x0, 0x3f,
    0xf8, 0x2c, 0x60, 0x1c, 0xa0, 0x1f, 0xfc, 0x3,
    0x90, 0xe, 0x80, 0xf, 0xfe, 0x1, 0x68, 0x7,
    0x1b, 0x80, 0x7f, 0xc5, 0x82, 0x1, 0x8b, 0x40,
    0x3f, 0xe4, 0xd1, 0x0, 0xc5, 0xe2, 0x1, 0xfe,
    0x2b, 0x0, 0xe2, 0xc2, 0x0, 0xff, 0xa4, 0x3,
    0x8f, 0x44, 0x3, 0xff, 0x80, 0x80, 0x18, 0xb4,
    0x3, 0xff, 0x82, 0x40, 0x1d, 0x62, 0x1, 0xff,
    0xc1, 0x60, 0xe, 0x40, 0xf, 0xfe, 0x41, 0x80,
    0x7f, 0xf0, 0x93, 0x77, 0x84, 0x3, 0xff, 0x86,
    0x45, 0xc0, 0x1f, 0xfd, 0x93, 0x9a, 0x71, 0x0,
    0xff, 0xe1, 0xae, 0x32, 0xc7, 0x88, 0x7, 0xff,
    0xa, 0xc0, 0x30, 0xc0, 0x7, 0xff, 0x4, 0x84,
    0x3, 0x94, 0x3, 0xff, 0x82, 0x60, 0x1e, 0x70,
    0xf, 0xfe, 0x8, 0xa8, 0x7, 0x78, 0x7, 0xff,
    0xa, 0x98, 0x40, 0xa9, 0x0, 0x3e,

    /* U+0040 "@" */
    0x0, 0xff, 0x2d, 0x6f, 0xfd, 0x90, 0x60, 0x1f,
    0xfc, 0x35, 0xea, 0x52, 0x0, 0x8d, 0xf2, 0xc8,
    0x3, 0xfe, 0x1b, 0xa1, 0x0, 0xfe, 0x4d, 0x40,
    0xf, 0xe1, 0xc4, 0x0, 0x8d, 0xea, 0x92, 0xc2,
    0x1, 0x59, 0x80, 0x7e, 0xd2, 0x0, 0x1e, 0x62,
    0x15, 0x4d, 0x3d, 0x0, 0x17, 0x0, 0x7d, 0x26,
    0x0, 0x5c, 0x30, 0xf, 0x9e, 0xc0, 0x4, 0xe0,
    0x1c, 0x8c, 0x0, 0x4a, 0x0, 0xff, 0x23, 0x80,
    0x24, 0x3, 0xa0, 0x0, 0x34, 0x1, 0x14, 0xf7,
    0xfb, 0x1c, 0x1, 0x20, 0x1, 0x50, 0x9, 0xc,
    0x1, 0x22, 0x0, 0x6d, 0x61, 0x0, 0x1c, 0x68,
    0x89, 0x0, 0x18, 0x1, 0x78, 0x0, 0x5c, 0x0,
    0xb2, 0x1, 0xf1, 0x0, 0x30, 0x0, 0x80, 0x12,
    0x0, 0x1c, 0x0, 0x34, 0x1, 0x24, 0xb0, 0x4,
    0x20, 0x60, 0x2, 0x0, 0x28, 0x5, 0xa0, 0x8,
    0x0, 0x9e, 0xdb, 0xc0, 0x39, 0x80, 0x21, 0xc,
    0x0, 0x90, 0x0, 0xc0, 0x2, 0x80, 0x0, 0x80,
    0x4, 0x3, 0xc6, 0xa, 0x0, 0x20, 0x2, 0x0,
    0x56, 0x1, 0x70, 0x0, 0x80, 0x3f, 0x10, 0x1,
    0xc0, 0x18, 0x1, 0x20, 0x4, 0x60, 0x7, 0x0,
    0xf1, 0x80, 0x80, 0xc, 0x0, 0x80, 0x11, 0x0,
    0x42, 0x0, 0x10, 0xf, 0x8, 0x80, 0x21, 0x0,
    0x10, 0x0, 0x80, 0x33, 0x0, 0xc, 0x0, 0x20,
    0x1, 0x0, 0xef, 0x0, 0x8, 0x0, 0x40, 0x31,
    0x80, 0x38, 0x0, 0xc0, 0x2, 0x0, 0xff, 0xe2,
    0x8, 0x0, 0x40, 0x1a, 0x0, 0x40, 0x10, 0xb,
    0xc0, 0x38, 0x80, 0x3e, 0x30, 0x2, 0x0, 0x30,
    0x3, 0x88, 0x0, 0x40, 0x1, 0x20, 0x1, 0x0,
    0x42, 0x4, 0x60, 0x4, 0x0, 0x10, 0x1, 0x80,
    0x8, 0x1, 0x40, 0x17, 0x0, 0x46, 0x32, 0x0,
    0x70, 0x9, 0xc0, 0x6, 0x0, 0xa0, 0x9, 0x7f,
    0x4c, 0x2, 0x8e, 0x40, 0x19, 0x0, 0xb0, 0x2,
    0x50, 0x35, 0x0, 0xe1, 0x80, 0xf, 0x50, 0x80,
    0x4e, 0x1, 0x48, 0x2, 0x9c, 0x2, 0x4c, 0x78,
    0x0, 0x8a, 0xd0, 0x3, 0xa, 0x0, 0xd, 0x40,
    0x11, 0xfb, 0xd6, 0x40, 0xff, 0xbd, 0xa8, 0x1,
    0xef, 0x0, 0xa8, 0xc0, 0x22, 0x10, 0xe, 0x21,
    0x0, 0xfc, 0x8a, 0x1, 0x63, 0x80, 0x7e, 0x40,
    0xf, 0xfa, 0x88, 0x2, 0x8f, 0xa7, 0x66, 0x45,
    0x75, 0xa0, 0x7, 0xfd, 0x86, 0x1, 0x96, 0x26,
    0x4e, 0xa2, 0x18, 0x1, 0xff, 0xe, 0x40, 0x80,
    0x7f, 0xb8, 0x3, 0xff, 0x82, 0xfd, 0x4a, 0x40,
    0x10, 0xa4, 0xf3, 0x0, 0x7c,

    /* U+0041 "A" */
    0x0, 0xff, 0x2f, 0xff, 0x38, 0x7, 0xff, 0x23,
    0xc0, 0x3a, 0xc0, 0x3f, 0xf9, 0xa, 0x1, 0xc6,
    0x20, 0x1f, 0xfc, 0x64, 0x0, 0xf9, 0xc0, 0x3f,
    0xf8, 0xda, 0x1, 0xf6, 0x80, 0x7f, 0xf1, 0x9c,
    0x3, 0xe4, 0x10, 0xf, 0xfe, 0x21, 0x88, 0x7,
    0xe4, 0x0, 0xff, 0xe2, 0x58, 0x7, 0xf7, 0x80,
    0x7f, 0xf1, 0x18, 0x3, 0x10, 0x6, 0x50, 0xf,
    0xfe, 0x19, 0x88, 0x6, 0x80, 0xe, 0x50, 0xf,
    0xfe, 0x15, 0x80, 0x72, 0x90, 0x6, 0xf0, 0xf,
    0xfe, 0x12, 0x80, 0x65, 0x5, 0x0, 0xc8, 0x1,
    0xff, 0xc1, 0x22, 0x0, 0x6c, 0xc, 0x0, 0xc2,
    0x80, 0x1f, 0xfc, 0x5, 0x0, 0xe7, 0x4, 0x0,
    0xed, 0x0, 0xff, 0xe0, 0x58, 0x6, 0x21, 0x0,
    0x20, 0x6, 0x70, 0xf, 0xf8, 0x4c, 0x3, 0x28,
    0x5, 0x80, 0x18, 0x4c, 0x3, 0xfc, 0xe0, 0x1d,
    0x80, 0x12, 0x80, 0x75, 0x80, 0x7f, 0xa8, 0x3,
    0x90, 0x2, 0x21, 0x0, 0xca, 0x1, 0xfc, 0x26,
    0x1, 0x90, 0x3, 0x90, 0x3, 0x11, 0x0, 0x3f,
    0x38, 0x7, 0x60, 0x7, 0x78, 0x7, 0x28, 0x7,
    0xed, 0x0, 0xe8, 0xff, 0xea, 0x0, 0xeb, 0x0,
    0xfc, 0x80, 0x1f, 0xfc, 0x53, 0x10, 0xf, 0x28,
    0x7, 0xff, 0x1d, 0xc0, 0x3d, 0xe0, 0x1f, 0xfc,
    0x7d, 0x0, 0xf2, 0x80, 0x7f, 0xf1, 0xd0, 0x3,
    0x94, 0x3, 0x8f, 0x33, 0xf8, 0xc0, 0x39, 0x40,
    0x37, 0x80, 0x75, 0x99, 0xff, 0x58, 0x7, 0x78,
    0x6, 0x40, 0xe, 0x40, 0xf, 0xe5, 0x0, 0xe5,
    0x0, 0x90, 0x40, 0x30, 0x98, 0x7, 0xf1, 0x8,
    0x7, 0x20, 0x3, 0x40, 0x39, 0x0, 0x3f, 0xe4,
    0x0, 0xed, 0x0, 0x38, 0x7, 0x60, 0x7, 0xfd,
    0xe0, 0x1c, 0xe0, 0x62, 0x1, 0xce, 0x1, 0xff,
    0x20, 0x7, 0x9, 0x80,

    /* U+0042 "B" */
    0x3f, 0xff, 0xfe, 0x7, 0x64, 0xa0, 0x7, 0xff,
    0x20, 0x4d, 0xaf, 0x9c, 0x3, 0xff, 0x94, 0x31,
    0x82, 0x1, 0xff, 0xca, 0x3c, 0x0, 0xff, 0xe5,
    0x94, 0x80, 0x7e, 0x2f, 0xfe, 0xeb, 0x60, 0xf,
    0x30, 0x80, 0x7f, 0xf0, 0x45, 0x26, 0x80, 0x3c,
    0x80, 0x1f, 0xfc, 0x45, 0x40, 0xe, 0xd0, 0xf,
    0xfe, 0x29, 0x80, 0x70, 0x80, 0x7f, 0xf1, 0x7c,
    0x3, 0x84, 0x3, 0xff, 0x8b, 0xc0, 0x1d, 0xc0,
    0x1f, 0xfc, 0x41, 0x70, 0xe, 0x70, 0xf, 0xfe,
    0x18, 0xe8, 0x80, 0x65, 0x10, 0xf, 0x8d, 0xdf,
    0xa2, 0xf8, 0xc0, 0x31, 0x58, 0x7, 0xe1, 0x88,
    0xe7, 0x40, 0xe, 0x3c, 0x10, 0xf, 0xfe, 0x43,
    0x60, 0x80, 0x7f, 0xf2, 0x5b, 0x50, 0x3, 0xff,
    0x94, 0x56, 0xc0, 0x1f, 0x8b, 0xff, 0xdd, 0x66,
    0x1, 0xd2, 0x60, 0x1f, 0xfc, 0x21, 0x4c, 0x50,
    0xe, 0x80, 0xf, 0xfe, 0x2d, 0x80, 0x72, 0x0,
    0x7f, 0xf1, 0x44, 0x80, 0x38, 0xc0, 0x3f, 0xf8,
    0xac, 0x1, 0xce, 0x1, 0xff, 0xc5, 0x60, 0xf,
    0xfe, 0x50, 0x90, 0x7, 0x30, 0x7, 0xff, 0x12,
    0x80, 0x3c, 0x40, 0x1f, 0xfc, 0x25, 0xc4, 0x0,
    0xe6, 0x0, 0xf8, 0xbf, 0xfe, 0xa3, 0x0, 0xf5,
    0x80, 0x7f, 0xf2, 0xa4, 0x80, 0x3f, 0xf9, 0x30,
    0xc0, 0x1f, 0xfc, 0x83, 0xc7, 0x0, 0xff, 0xe2,
    0x92, 0x46, 0x60, 0xc0, 0x30,

    /* U+0043 "C" */
    0x0, 0xfc, 0xd5, 0xbf, 0xf6, 0xd3, 0x0, 0x7f,
    0xf0, 0x5f, 0xe5, 0x48, 0x2, 0x25, 0x9f, 0x70,
    0xf, 0xf5, 0xc0, 0x7, 0xfd, 0x18, 0x20, 0x1f,
    0x62, 0x0, 0x7f, 0xf0, 0x4f, 0x4, 0x3, 0xa8,
    0xc0, 0x3f, 0xf8, 0x65, 0x60, 0x19, 0x14, 0x3,
    0x8e, 0xff, 0xdd, 0x46, 0x1, 0xca, 0x60, 0x14,
    0x0, 0x72, 0x62, 0x0, 0x5, 0x71, 0x0, 0x3a,
    0x40, 0x6, 0x60, 0xe, 0xa0, 0xf, 0xa4, 0x3,
    0x94, 0x1, 0x60, 0x1c, 0xc2, 0x1, 0xf1, 0x18,
    0x7, 0x20, 0x28, 0x7, 0x68, 0x7, 0xf2, 0x80,
    0x71, 0x1, 0x0, 0x72, 0x80, 0x7f, 0x53, 0xbf,
    0x11, 0x0, 0x3c, 0x20, 0x1f, 0xc7, 0x11, 0xc8,
    0x20, 0x1c, 0x40, 0x1f, 0xfc, 0x57, 0x0, 0xff,
    0xff, 0x80, 0x7f, 0xff, 0xc0, 0x3f, 0xf8, 0xac,
    0x1, 0xc6, 0x1, 0xff, 0xc5, 0x20, 0xe, 0x10,
    0xf, 0xf0, 0x99, 0xf0, 0x81, 0x0, 0x71, 0x80,
    0x7f, 0x46, 0x67, 0x30, 0x20, 0x7, 0x58, 0x7,
    0xf2, 0x80, 0x71, 0x86, 0x80, 0x73, 0x0, 0x7e,
    0x23, 0x0, 0xe5, 0x4, 0x20, 0xc, 0x32, 0x1,
    0xf7, 0x0, 0x72, 0x8, 0x2, 0xc0, 0x39, 0xac,
    0xc0, 0x2, 0xba, 0x60, 0x1d, 0xe0, 0x13, 0x20,
    0x7, 0x26, 0x7f, 0xba, 0x88, 0x3, 0x95, 0x0,
    0x35, 0x8, 0x7, 0xff, 0xc, 0xac, 0x3, 0x87,
    0x8, 0x3, 0xff, 0x82, 0x78, 0x20, 0x1e, 0x2d,
    0x70, 0xf, 0xf0, 0xc6, 0x8, 0x7, 0xf4, 0x74,
    0x20, 0x80, 0x44, 0xb5, 0xce, 0x1, 0xc0,

    /* U+0044 "D" */
    0x5f, 0xff, 0xee, 0xc8, 0x30, 0xf, 0xfe, 0x38,
    0x9b, 0xe6, 0xb0, 0x7, 0xff, 0x24, 0xa7, 0x8,
    0x3, 0xff, 0x92, 0x78, 0x60, 0x1f, 0xfc, 0x91,
    0xd2, 0x0, 0xfe, 0x3f, 0xfb, 0x60, 0x40, 0x38,
    0x7c, 0x3, 0xff, 0x82, 0x4f, 0xca, 0x1, 0xc4,
    0xe0, 0x1f, 0xfc, 0x3a, 0x40, 0xe, 0x80, 0xf,
    0xfe, 0x25, 0x0, 0x79, 0x80, 0x3f, 0xf8, 0x62,
    0xc0, 0x1d, 0xa0, 0x1f, 0xfc, 0x4a, 0x0, 0xe4,
    0x0, 0xff, 0xe2, 0x18, 0x7, 0x8c, 0x3, 0xff,
    0x88, 0x40, 0x1c, 0xc0, 0x1f, 0xfc, 0x46, 0x0,
    0xe2, 0x0, 0xff, 0xe2, 0x8, 0x7, 0xff, 0x43,
    0xc0, 0x3f, 0xfc, 0x3e, 0x1, 0xff, 0xc4, 0x10,
    0xf, 0xfe, 0x53, 0x80, 0x71, 0x0, 0x7f, 0xf1,
    0xc, 0x3, 0x98, 0x3, 0xff, 0x86, 0x60, 0x1e,
    0x30, 0xf, 0xfe, 0x1d, 0x80, 0x71, 0x80, 0x7f,
    0xf1, 0x18, 0x3, 0xa8, 0x3, 0xff, 0x87, 0x22,
    0x1, 0xcc, 0x1, 0xff, 0xc2, 0x86, 0x0, 0xe8,
    0x0, 0xff, 0xe0, 0xae, 0x38, 0x7, 0x13, 0x80,
    0x7e, 0x3e, 0xe7, 0xfa, 0x8c, 0x3, 0xde, 0x1,
    0xfe, 0x11, 0x0, 0x7f, 0x61, 0x0, 0x7f, 0xf1,
    0xcb, 0x4c, 0x3, 0xff, 0x8c, 0x31, 0xa4, 0x1,
    0xff, 0xc3, 0x13, 0x6b, 0xe7, 0x0, 0xf8,

    /* U+0045 "E" */
    0xdf, 0xff, 0xfe, 0x41, 0x0, 0x7f, 0xff, 0xc0,
    0x3f, 0xf8, 0xf9, 0xff, 0xff, 0xc2, 0x20, 0xf,
    0xff, 0xf8, 0x7, 0xff, 0xfc, 0x3, 0xfd, 0xbb,
    0xff, 0xc1, 0x0, 0xfe, 0x12, 0x2f, 0xfe, 0x0,
    0x80, 0x7f, 0xff, 0xb3, 0xff, 0xff, 0x80, 0x20,
    0x1f, 0xff, 0xf0, 0xf, 0xff, 0xf8, 0x7, 0xff,
    0x5b, 0x3f, 0xff, 0xf8, 0x46, 0x1, 0xff, 0xff,
    0x0, 0xff, 0xe0, 0x80,

    /* U+0046 "F" */
    0xcf, 0xff, 0xfe, 0x42, 0x80, 0x7f, 0xff, 0xc0,
    0x3f, 0xf8, 0xf7, 0xff, 0xff, 0xc2, 0x50, 0xf,
    0xff, 0xf8, 0x7, 0xff, 0xfc, 0x3, 0xff, 0xa9,
    0x7f, 0xff, 0xfc, 0xa, 0x0, 0xff, 0xff, 0x80,
    0x7f, 0xf2, 0x6f, 0xff, 0xff, 0x81, 0x40, 0x1f,
    0xff, 0xf0, 0xf, 0xff, 0xf8, 0x7, 0xff, 0xfc,
    0x3, 0xff, 0xba,

    /* U+0047 "G" */
    0x0, 0xfc, 0xb5, 0xbf, 0xf6, 0xdb, 0x88, 0x7,
    0xff, 0x1, 0x7a, 0x94, 0x80, 0x22, 0x48, 0xe9,
    0x10, 0xf, 0xe9, 0xa1, 0x0, 0xff, 0x37, 0x98,
    0x7, 0xd4, 0xc0, 0x1f, 0xfc, 0x11, 0xd1, 0x0,
    0xe7, 0x50, 0xf, 0xfe, 0x18, 0xd0, 0x6, 0x28,
    0x0, 0xf4, 0xf7, 0xfa, 0xd0, 0x3, 0x90, 0xc0,
    0x28, 0x0, 0xf6, 0xb0, 0x80, 0x12, 0xd0, 0x3,
    0xa4, 0x0, 0x2a, 0x1, 0xd2, 0x40, 0x1e, 0x90,
    0xe, 0x40, 0x3, 0x80, 0x70, 0xb0, 0x7, 0xc4,
    0x60, 0x18, 0x48, 0x30, 0x3, 0x98, 0x3, 0xfa,
    0x99, 0xb8, 0x0, 0xe0, 0x1d, 0x80, 0x1f, 0xcd,
    0x33, 0xc4, 0x4, 0x1, 0xca, 0x1, 0xff, 0xc4,
    0x10, 0xf, 0x8, 0x7, 0xff, 0x70, 0xc0, 0x3f,
    0xfa, 0xf1, 0x33, 0xfe, 0x20, 0xf, 0xfe, 0x3,
    0x37, 0xff, 0x0, 0x3, 0xff, 0x98, 0x60, 0x1f,
    0xfe, 0x21, 0x10, 0x7, 0x84, 0x3, 0x77, 0xfe,
    0x40, 0xf, 0x84, 0x3, 0x88, 0x3, 0xff, 0x8a,
    0xa0, 0x1c, 0x80, 0x1f, 0xfc, 0x5c, 0x0, 0xeb,
    0x0, 0xff, 0xe2, 0xa8, 0x7, 0x19, 0x80, 0x3f,
    0xf8, 0x84, 0x80, 0x1d, 0xc2, 0x1, 0xf3, 0x80,
    0x7e, 0x80, 0xe, 0x2f, 0x61, 0x0, 0xa, 0xe1,
    0x80, 0x7e, 0x36, 0x0, 0xe1, 0x9e, 0xe7, 0xf5,
    0x18, 0x7, 0xfa, 0x4c, 0x3, 0xe1, 0x0, 0xfe,
    0x55, 0x0, 0x6c, 0x40, 0xf, 0xfe, 0x1c, 0x50,
    0x7, 0xae, 0x4, 0x3, 0xfe, 0x6e, 0x70, 0xf,
    0xcf, 0xd4, 0xa4, 0x1, 0x9, 0xbd, 0xfc, 0x88,
    0x4,

    /* U+0048 "H" */
    0x5f, 0xfe, 0xa0, 0xf, 0xd1, 0xff, 0xce, 0x1,
    0xff, 0xff, 0x0, 0xff, 0xff, 0x80, 0x7f, 0xff,
    0xc0, 0x3f, 0xfc, 0x2b, 0xff, 0xf9, 0xc0, 0x3f,
    0xff, 0xe0, 0x1f, 0xfc, 0xd5, 0xff, 0xfc, 0xe0,
    0x1f, 0xff, 0xf0, 0xf, 0xff, 0xf8, 0x7, 0xff,
    0xfc, 0x3, 0xff, 0xee,

    /* U+0049 "I" */
    0xdf, 0xff, 0xfe, 0x29, 0x80, 0x7f, 0xff, 0xc3,
    0x7f, 0xf8, 0x40, 0x3b, 0x7f, 0xf8, 0xc0, 0x3f,
    0xff, 0xe0, 0x1f, 0xff, 0xf0, 0xf, 0xff, 0xf8,
    0x7, 0xff, 0xfc, 0x3, 0xff, 0xfe, 0x1, 0xff,
    0xcc, 0xce, 0xee, 0x10, 0xe, 0xce, 0xee, 0x31,
    0x1f, 0x0, 0x78, 0x47, 0xc0, 0x1f, 0xfe, 0xe0,

    /* U+004A "J" */
    0x0, 0xff, 0xe1, 0xb7, 0xff, 0x48, 0x7, 0xff,
    0xfc, 0x3, 0xff, 0xd8, 0x60, 0x1f, 0xff, 0xf0,
    0xf, 0xff, 0xf8, 0x7, 0xff, 0xfc, 0x3, 0xff,
    0xfe, 0x1, 0xff, 0xd2, 0x6b, 0xbe, 0x50, 0xf,
    0xc2, 0x1, 0xc7, 0xc8, 0x9d, 0xa0, 0x1f, 0xb4,
    0x3, 0xbb, 0x80, 0x1c, 0x60, 0x1f, 0xa, 0x80,
    0x71, 0xa0, 0x7, 0x21, 0x80, 0x7a, 0xc0, 0x38,
    0x50, 0x88, 0x1, 0xda, 0xc2, 0x0, 0x3b, 0x50,
    0xe, 0x60, 0x4, 0x0, 0x70, 0xcf, 0x7f, 0xb1,
    0x0, 0x38, 0x60, 0x0, 0xaa, 0x0, 0xff, 0xe2,
    0x68, 0x6, 0xa5, 0x0, 0xff, 0xe0, 0x8e, 0x18,
    0x7, 0x54, 0x88, 0x7, 0xf9, 0xbc, 0xc0, 0x3e,
    0x6e, 0xa6, 0x31, 0x0, 0xa, 0x47, 0x48, 0x80,
    0x60,

    /* U+004B "K" */
    0x3f, 0xfe, 0xd0, 0xf, 0xe2, 0xff, 0xf9, 0x0,
    0x3f, 0xf8, 0xbc, 0x1, 0xe7, 0x40, 0xf, 0xfe,
    0x24, 0x18, 0x7, 0x1c, 0x0, 0x7f, 0xf1, 0xd,
    0xc0, 0x38, 0x74, 0x3, 0xff, 0x8b, 0xc0, 0x1e,
    0xb1, 0x0, 0xff, 0xe2, 0x49, 0x0, 0x73, 0x28,
    0x7, 0xff, 0x11, 0x58, 0x3, 0x8e, 0x40, 0x3f,
    0xf8, 0x83, 0x60, 0x1e, 0xe0, 0xf, 0xfe, 0x2d,
    0x8, 0x7, 0x51, 0x0, 0x7f, 0xf1, 0x1d, 0x0,
    0x39, 0x94, 0x3, 0xff, 0x88, 0x50, 0x1, 0xc5,
    0x20, 0x1f, 0xfc, 0x5f, 0x0, 0xf7, 0x80, 0x7f,
    0xf1, 0x64, 0x80, 0x3a, 0x48, 0x3, 0xff, 0x88,
    0xac, 0x1, 0xca, 0xc0, 0x1f, 0xfc, 0x43, 0xb0,
    0xf, 0x78, 0x7, 0xff, 0x14, 0x44, 0x1, 0xeb,
    0x0, 0xff, 0xe6, 0x8c, 0x80, 0x7f, 0xf3, 0x58,
    0xc0, 0x3f, 0xf9, 0xbe, 0x1, 0xff, 0xc6, 0x67,
    0x0, 0xe3, 0x60, 0xf, 0xfe, 0x22, 0xcc, 0x8,
    0x7, 0x40, 0x80, 0x7f, 0xf0, 0x8e, 0x80, 0x16,
    0x1, 0xc3, 0x60, 0x1f, 0xfc, 0x11, 0xd0, 0x9,
    0x50, 0x3, 0x94, 0xc0, 0x3f, 0xf8, 0x6, 0x20,
    0x1a, 0x40, 0x3d, 0xc0, 0x1f, 0xfc, 0x62, 0x70,
    0xe, 0x27, 0x0, 0xff, 0xe3, 0x40, 0x80, 0x74,
    0x8, 0x7, 0xff, 0x1a, 0xc0, 0x3d, 0x60, 0x1f,
    0xfc, 0x65, 0x30, 0xe, 0x54, 0x0, 0xff, 0xe3,
    0x78, 0x7, 0xa4, 0x3, 0xff, 0x8c, 0x6c, 0x1,
    0xc5, 0x0, 0x1f, 0xfc, 0x68, 0x10, 0xe, 0x72,
    0x0, 0xff, 0xe2, 0x8c, 0x0, 0x7a, 0x40,

    /* U+004C "L" */
    0xcf, 0xfe, 0x40, 0xf, 0xff, 0xf8, 0x7, 0xff,
    0xfc, 0x3, 0xff, 0xfe, 0x1, 0xff, 0xff, 0x0,
    0xff, 0xff, 0x80, 0x7f, 0xff, 0xc0, 0x3f, 0xff,
    0xe0, 0x1f, 0xfd, 0xdb, 0xff, 0xff, 0xe0, 0xf0,
    0x7, 0xff, 0x20, 0x40, 0x3f, 0xfe, 0x60,

    /* U+004D "M" */
    0x4f, 0xff, 0x94, 0x3, 0xa7, 0xff, 0xe1, 0x0,
    0xfd, 0x80, 0x1c, 0x80, 0x1f, 0xfc, 0x44, 0x0,
    0xc4, 0x40, 0xf, 0xfe, 0x21, 0x8, 0x4, 0x80,
    0x1f, 0xfc, 0x64, 0x0, 0xb4, 0x3, 0xff, 0x8d,
    0x80, 0x12, 0x0, 0x7f, 0xf1, 0x90, 0x0, 0x80,
    0x1f, 0xfc, 0x72, 0x10, 0xc0, 0xf, 0xfe, 0x20,
    0x80, 0x48, 0xa, 0x1, 0x20, 0x7, 0xff, 0x1,
    0x0, 0x2c, 0x12, 0x0, 0xb0, 0x3, 0xff, 0x81,
    0x80, 0x12, 0x38, 0x4, 0x26, 0x1, 0xff, 0xc0,
    0x40, 0x8, 0xb4, 0x2, 0x70, 0xf, 0xfe, 0x9,
    0x98, 0x2, 0x40, 0xb, 0x0, 0x3f, 0xf8, 0x48,
    0x1, 0xf2, 0x88, 0x7, 0xff, 0x0, 0xec, 0x3,
    0xc8, 0x1, 0xff, 0xc3, 0x30, 0xf, 0x68, 0x7,
    0xff, 0x11, 0x40, 0x39, 0x0, 0xc0, 0x3f, 0xf8,
    0x58, 0x1, 0x88, 0x80, 0x1f, 0xfc, 0x21, 0x4,
    0x0, 0xca, 0x1, 0xff, 0xc5, 0x22, 0x0, 0x58,
    0x1, 0xff, 0xc6, 0x40, 0x9, 0x0, 0x2, 0x1,
    0xff, 0xc3, 0xb8, 0x85, 0x0, 0x7f, 0xf1, 0x1c,
    0x0, 0x4e, 0xe5, 0x0, 0xff, 0xff, 0x80, 0x7f,
    0xff, 0xc0, 0x3f, 0xfe, 0xe0,

    /* U+004E "N" */
    0x5f, 0xfe, 0xe0, 0xf, 0xd5, 0xff, 0xce, 0x1,
    0xe1, 0x50, 0xf, 0xfe, 0x4c, 0x80, 0x7f, 0xf2,
    0x4c, 0xc0, 0x1f, 0xfc, 0x9a, 0x0, 0xff, 0xe4,
    0xb0, 0x80, 0x7f, 0xf2, 0x58, 0x3, 0xff, 0x93,
    0x40, 0x1f, 0xfc, 0x92, 0x40, 0xf, 0xfe, 0x4f,
    0x80, 0x7f, 0xf2, 0x50, 0x80, 0x3f, 0xf8, 0x82,
    0x1, 0xa8, 0x3, 0xff, 0x88, 0xa6, 0x1, 0x30,
    0x7, 0xff, 0x16, 0x80, 0x21, 0x60, 0xf, 0xfe,
    0x23, 0x8, 0x5, 0x60, 0x1f, 0xfc, 0x56, 0x0,
    0x88, 0xc0, 0x3f, 0xf8, 0x94, 0x1, 0xa4, 0x3,
    0xff, 0x88, 0x48, 0x1, 0x28, 0x80, 0x7f, 0xf1,
    0x3c, 0x3, 0x30, 0x7, 0xff, 0x11, 0x8, 0x2,
    0x90, 0xf, 0xfe, 0x2d, 0x80, 0x42, 0xa0, 0x1f,
    0xfc, 0x46, 0x0, 0xff, 0xe5, 0x30, 0x7, 0xff,
    0x26, 0xc0, 0x3f, 0xf9, 0x24, 0x80, 0x1f, 0xfc,
    0x9e, 0x0, 0xff, 0xe4, 0xa8, 0x80, 0x7f, 0xf2,
    0x64, 0x3, 0xff, 0x92, 0xc0, 0x1f, 0xfc, 0x91,
    0x50, 0xf, 0xfe, 0x4c, 0x80, 0x7f, 0xf2, 0x4c,
    0xc0, 0x1e,

    /* U+004F "O" */
    0x0, 0xf8, 0x5e, 0xfb, 0xfd, 0xd8, 0xe4, 0x1,
    0xff, 0xc0, 0x19, 0xe8, 0x41, 0x0, 0x9, 0xc6,
    0xd0, 0x80, 0x7f, 0x16, 0x30, 0x7, 0xf9, 0x7d,
    0x0, 0x3e, 0x1c, 0x20, 0xf, 0xfe, 0x0, 0xda,
    0x0, 0x7b, 0x44, 0x3, 0xff, 0x87, 0x42, 0x1,
    0x98, 0xc0, 0x38, 0xef, 0xb9, 0x68, 0x1, 0xc3,
    0x60, 0x1a, 0x0, 0x39, 0x71, 0x4, 0x49, 0x6e,
    0x1, 0xca, 0x40, 0x4, 0x10, 0xc, 0x36, 0x1,
    0xe8, 0x30, 0xe, 0xb0, 0x6, 0x80, 0x73, 0x8,
    0x7, 0xd2, 0x1, 0xce, 0x0, 0x40, 0xe, 0xc0,
    0xf, 0xca, 0x1, 0xc2, 0x40, 0x40, 0x1c, 0xa0,
    0x1f, 0xc6, 0x1, 0xc8, 0x40, 0x1e, 0x10, 0xf,
    0xe5, 0x0, 0xee, 0x10, 0xe, 0x20, 0xf, 0xf0,
    0x80, 0x70, 0xb8, 0x7, 0xff, 0x13, 0xc0, 0x38,
    0xc0, 0x3f, 0xff, 0xe0, 0x1f, 0xfe, 0x17, 0x0,
    0xff, 0xe2, 0x78, 0x7, 0x18, 0x80, 0x71, 0x0,
    0x7f, 0x84, 0x3, 0x84, 0x80, 0x3c, 0x20, 0x1f,
    0xca, 0x1, 0xdc, 0x4, 0x1, 0xca, 0x1, 0xfc,
    0x60, 0x1c, 0x80, 0x80, 0x1d, 0xa0, 0x1f, 0x94,
    0x3, 0x84, 0x83, 0x40, 0x39, 0xc0, 0x3f, 0x48,
    0x7, 0x38, 0x1, 0x4, 0x3, 0xd, 0x0, 0x7a,
    0xc, 0x3, 0xa8, 0x2, 0x80, 0xe, 0x5c, 0x41,
    0x4, 0xb7, 0x0, 0xe5, 0x30, 0x9, 0x8c, 0x3,
    0x8e, 0xfb, 0xed, 0x0, 0x38, 0x6c, 0x3, 0xb4,
    0x40, 0x3f, 0xf8, 0x74, 0x20, 0x1c, 0x38, 0x40,
    0x1f, 0xfc, 0x1b, 0x40, 0xf, 0x8b, 0x18, 0x3,
    0xfc, 0xbc, 0x80, 0x1f, 0xc3, 0x3d, 0x8, 0x20,
    0x1, 0x37, 0xda, 0x10, 0xe,

    /* U+0050 "P" */
    0xcf, 0xff, 0xfb, 0xb2, 0xc, 0x3, 0xff, 0x8e,
    0x26, 0xf9, 0xa8, 0x1, 0xff, 0xc9, 0x2b, 0xa0,
    0xf, 0xfe, 0x52, 0xd0, 0x7, 0xff, 0x29, 0x58,
    0x3, 0xf6, 0x7f, 0xf6, 0xb0, 0x7, 0xa4, 0x40,
    0x3f, 0xf8, 0x25, 0x34, 0x1, 0xe7, 0x0, 0xff,
    0xe1, 0xaa, 0x80, 0x3b, 0x40, 0x3f, 0xf8, 0x9c,
    0x1, 0xca, 0x1, 0xff, 0xc4, 0x50, 0xe, 0x10,
    0xf, 0xfe, 0x20, 0x80, 0x7f, 0xf2, 0x8c, 0x3,
    0xff, 0x95, 0x60, 0x1c, 0x60, 0x1f, 0xfc, 0x34,
    0x70, 0xe, 0xb0, 0xf, 0xfe, 0x9, 0x45, 0x80,
    0x79, 0x80, 0x3e, 0xcf, 0xfe, 0xd7, 0x0, 0xf4,
    0x8, 0x7, 0xff, 0x21, 0x1c, 0x3, 0xff, 0x90,
    0xb6, 0x1, 0xff, 0xc7, 0x2a, 0xa0, 0x7, 0xff,
    0x10, 0x4d, 0xef, 0x54, 0x3, 0xfe, 0xcf, 0xfe,
    0xec, 0x84, 0x0, 0xff, 0xff, 0x80, 0x7f, 0xff,
    0xc0, 0x3f, 0xff, 0xe0, 0x1f, 0xfd, 0x70,

    /* U+0051 "Q" */
    0x0, 0xf8, 0x5a, 0xfb, 0xfd, 0xd9, 0x4, 0x1,
    0xff, 0xc3, 0x7e, 0x94, 0x10, 0x0, 0x9b, 0xed,
    0x90, 0x7, 0xfc, 0x39, 0x0, 0x1f, 0xe4, 0xd5,
    0x0, 0xff, 0x61, 0x80, 0x7f, 0xf0, 0x69, 0x40,
    0x3f, 0x51, 0x0, 0x7f, 0xf0, 0xe8, 0xc0, 0x3c,
    0x8a, 0x1, 0xc5, 0x5b, 0xd8, 0xa0, 0x1e, 0xf0,
    0xf, 0x40, 0x7, 0x1e, 0xa9, 0x9, 0xd5, 0x0,
    0x38, 0xd4, 0x3, 0x11, 0x80, 0x77, 0x0, 0x79,
    0x54, 0x1, 0xd2, 0x1, 0x94, 0x3, 0x94, 0x80,
    0x3e, 0x80, 0xe, 0x31, 0x0, 0xb0, 0x3, 0xb0,
    0x3, 0xf1, 0x18, 0x7, 0x20, 0x4, 0xa0, 0x1c,
    0x80, 0x1f, 0xca, 0x1, 0xd8, 0x1, 0x8, 0x7,
    0x18, 0x7, 0xf7, 0x80, 0x71, 0x0, 0x8, 0x3,
    0xc2, 0x1, 0xfc, 0x60, 0x1c, 0xe0, 0x1f, 0xfc,
    0x71, 0x0, 0xe1, 0x0, 0xff, 0xff, 0x80, 0x7f,
    0xff, 0xc0, 0x3f, 0x18, 0x7, 0xff, 0x10, 0x40,
    0x38, 0x40, 0x2, 0x1, 0xe1, 0x0, 0xfe, 0x20,
    0xe, 0x60, 0x8, 0x80, 0x39, 0x0, 0x3f, 0xb0,
    0x3, 0xb4, 0x2, 0x40, 0xe, 0xc0, 0xf, 0xc2,
    0x80, 0x1c, 0x80, 0x16, 0x80, 0x73, 0x8, 0x7,
    0xd0, 0x1, 0xc4, 0x60, 0x12, 0x10, 0x7, 0x50,
    0x7, 0x95, 0x80, 0x3a, 0xc0, 0x3a, 0x0, 0x39,
    0x35, 0x44, 0xe, 0x68, 0x3, 0x89, 0x80, 0x39,
    0x50, 0x3, 0x8a, 0xbb, 0xf1, 0x80, 0x3d, 0xc0,
    0x1f, 0x51, 0x0, 0x7f, 0xf0, 0xe8, 0xc0, 0x3e,
    0x1c, 0x30, 0xf, 0xfe, 0x16, 0x0, 0x7f, 0xe,
    0x40, 0x7, 0xff, 0x5, 0xa8, 0x3, 0xfc, 0xfd,
    0x28, 0x20, 0x1, 0x33, 0x0, 0x72, 0xd8, 0x7,
    0xf8, 0x5a, 0xfb, 0xfd, 0xd9, 0x85, 0x0, 0xe4,
    0xc1, 0x0, 0xff, 0xe2, 0xd3, 0x0, 0x71, 0xe0,
    0x7, 0xff, 0x1a, 0x58, 0x3, 0xa4, 0x3, 0xff,
    0x8f, 0x2e, 0x0, 0x1c, 0x40, 0xf, 0xfe, 0x44,
    0x40, 0xb0, 0xc0, 0x3f, 0xf9, 0x4f, 0xa4, 0x1,
    0x0,

    /* U+0052 "R" */
    0x3f, 0xff, 0xfe, 0x6, 0xdc, 0x18, 0x7, 0xff,
    0x20, 0x91, 0xf3, 0x8, 0x1, 0xff, 0xca, 0x3b,
    0x90, 0xf, 0xfe, 0x5b, 0x50, 0x7, 0xff, 0x2d,
    0x54, 0x1, 0xf8, 0xbf, 0xfd, 0x68, 0x1, 0xeb,
    0x0, 0xff, 0xe1, 0xa5, 0xb8, 0x7, 0xa, 0x0,
    0x7f, 0xf1, 0x20, 0x80, 0x3b, 0x0, 0x3f, 0xf8,
    0xaa, 0x1, 0xc4, 0x1, 0xff, 0xc5, 0xd0, 0xe,
    0x10, 0xf, 0xfe, 0x58, 0x80, 0x7f, 0xf1, 0x74,
    0x3, 0x88, 0x3, 0xff, 0x8a, 0xa0, 0x1d, 0xa0,
    0x1f, 0xfc, 0x49, 0x20, 0xe, 0x40, 0xf, 0xfe,
    0x8, 0xa5, 0xb0, 0x7, 0x30, 0x80, 0x7c, 0x5f,
    0xfd, 0xd6, 0x80, 0x1c, 0x50, 0x1, 0xff, 0xc9,
    0x1f, 0x10, 0xf, 0xfe, 0x42, 0xf9, 0x0, 0x7f,
    0xf2, 0x2a, 0x82, 0x1, 0xff, 0xc9, 0xc0, 0xf,
    0xfe, 0x1, 0x7f, 0xea, 0x0, 0xe6, 0x10, 0xf,
    0xfe, 0x22, 0x90, 0x7, 0x40, 0x7, 0xff, 0x16,
    0x0, 0x39, 0x88, 0x3, 0xff, 0x88, 0xa4, 0x1,
    0xd6, 0x1, 0xff, 0xc5, 0x80, 0xe, 0x62, 0x0,
    0xff, 0xe2, 0x29, 0x0, 0x74, 0x0, 0x7f, 0xf1,
    0x6c, 0x3, 0x94, 0x80, 0x3f, 0xf8, 0x8c, 0x40,
    0x1d, 0x0, 0x1f, 0xfc, 0x5b, 0x0, 0xe5, 0x20,
    0xf, 0xfe, 0x23, 0x8, 0x7, 0x40, 0x7, 0xff,
    0x16, 0x0, 0x39, 0x48, 0x3, 0xff, 0x88, 0xc2,
    0x1, 0xd0,

    /* U+0053 "S" */
    0x0, 0xf8, 0x5a, 0xb7, 0xbf, 0xdd, 0x90, 0x60,
    0x1f, 0xfc, 0x1, 0x9e, 0x95, 0x21, 0x0, 0x9,
    0xbe, 0x6a, 0x0, 0x7f, 0x1f, 0xb0, 0x7, 0xfc,
    0x57, 0x20, 0x1f, 0x1e, 0x8, 0x7, 0xff, 0x9,
    0xa8, 0x3, 0xda, 0x1, 0xf8, 0x44, 0x1, 0xf2,
    0xb0, 0x6, 0x71, 0x0, 0xe4, 0xcf, 0xee, 0xa4,
    0x40, 0x3a, 0x44, 0x2, 0xa0, 0xe, 0x6b, 0x30,
    0x8, 0x5b, 0x4, 0x3, 0x9c, 0x2, 0x20, 0xe,
    0x90, 0xf, 0x8a, 0x0, 0x3b, 0x40, 0x4, 0x1,
    0xc6, 0x1, 0xfc, 0xe0, 0x1c, 0xa0, 0x3, 0x0,
    0xe1, 0x0, 0xfe, 0x16, 0x55, 0xce, 0x0, 0x11,
    0x0, 0x62, 0x50, 0xf, 0xe9, 0xaa, 0xd2, 0x1,
    0x38, 0x7, 0x53, 0x0, 0x7f, 0xf1, 0x6c, 0x3,
    0xd3, 0x8a, 0x1, 0xff, 0xc3, 0x28, 0x0, 0xf1,
    0xd7, 0xd3, 0x8, 0x7, 0xff, 0x1, 0xdc, 0x1,
    0xf9, 0x67, 0xad, 0x0, 0x3f, 0xe8, 0xa0, 0xf,
    0xf2, 0x5e, 0x18, 0x7, 0xf9, 0x79, 0x80, 0x3f,
    0xc7, 0x8e, 0x1, 0xfe, 0x19, 0xe8, 0x20, 0xf,
    0xe8, 0x80, 0x7, 0xfc, 0x2f, 0xba, 0x83, 0x0,
    0xf9, 0xd8, 0x3, 0xff, 0x82, 0x4f, 0x9a, 0xc0,
    0x1e, 0x91, 0x0, 0xff, 0xe1, 0x94, 0xd8, 0x7,
    0xa4, 0x0, 0x23, 0xe0, 0xf, 0xe4, 0x90, 0xe,
    0x40, 0x1e, 0xee, 0xf0, 0xf, 0xf3, 0x0, 0x71,
    0x80, 0x80, 0x70, 0x88, 0x3, 0xff, 0x8c, 0x60,
    0x1c, 0xc0, 0x1f, 0xc4, 0x1, 0xfa, 0x80, 0x3a,
    0xc, 0x3, 0xf4, 0x0, 0x71, 0x80, 0x18, 0x40,
    0x3b, 0x20, 0x80, 0x32, 0x62, 0x80, 0x75, 0x80,
    0x54, 0x1, 0xe7, 0xdf, 0xdd, 0x7d, 0x98, 0x7,
    0xb, 0x80, 0x49, 0x20, 0x1f, 0x88, 0x80, 0x1f,
    0xb4, 0x3, 0x9a, 0x84, 0x3, 0xff, 0x84, 0x36,
    0x60, 0x1e, 0x5f, 0x70, 0xf, 0xfe, 0x3, 0x7a,
    0x0, 0x7e, 0x18, 0xfa, 0x63, 0x10, 0x8, 0x96,
    0x7a, 0x44, 0x3, 0x0,

    /* U+0054 "T" */
    0x6f, 0xff, 0xfe, 0x66, 0x0, 0x7f, 0xff, 0xc0,
    0x3f, 0xfa, 0x2d, 0xff, 0xfc, 0x20, 0x1d, 0xbf,
    0xff, 0xb0, 0x3, 0xff, 0xfe, 0x1, 0xff, 0xff,
    0x0, 0xff, 0xff, 0x80, 0x7f, 0xff, 0xc0, 0x3f,
    0xff, 0xe0, 0x1f, 0xff, 0xf0, 0xf, 0xff, 0xf8,
    0x7, 0xff, 0xfc, 0x3, 0xff, 0xfe, 0x0,

    /* U+0055 "U" */
    0x4f, 0xfe, 0xc0, 0xf, 0xcb, 0xff, 0xd4, 0x1,
    0xff, 0xff, 0x0, 0xff, 0xff, 0x80, 0x7f, 0xff,
    0xc0, 0x3f, 0xff, 0xe0, 0x1f, 0xff, 0xf0, 0xf,
    0xff, 0xf8, 0x7, 0x18, 0x7, 0x9c, 0x3, 0x88,
    0x3, 0xf0, 0x80, 0x71, 0x90, 0x7, 0x8, 0x80,
    0x3e, 0xd0, 0xe, 0xe1, 0x10, 0x7, 0x20, 0x7,
    0xca, 0x1, 0xc6, 0xe, 0x1, 0xd0, 0x1, 0xe8,
    0x0, 0xf2, 0x5, 0x0, 0x71, 0x61, 0x80, 0xa,
    0x5c, 0x3, 0x98, 0x0, 0x6a, 0x1, 0xc7, 0x9f,
    0xed, 0x60, 0xf, 0x40, 0x5, 0x62, 0x1, 0xff,
    0xc3, 0x91, 0x0, 0x87, 0x4, 0x3, 0xff, 0x83,
    0xc, 0x1, 0xc5, 0xea, 0x1, 0xfe, 0x2c, 0x70,
    0xf, 0x86, 0xb6, 0x10, 0x40, 0x2, 0x6d, 0x7a,
    0x60, 0x18,

    /* U+0056 "V" */
    0x2f, 0xff, 0x38, 0x7, 0xfd, 0xff, 0xe9, 0x21,
    0x0, 0xec, 0x0, 0xff, 0x20, 0x7, 0xb4, 0x1c,
    0x3, 0x90, 0x3, 0xfd, 0xa0, 0x1e, 0x40, 0xd0,
    0xf, 0x18, 0x7, 0xf2, 0x0, 0x72, 0x0, 0x10,
    0x3, 0xc8, 0x1, 0xf8, 0x48, 0x3, 0xb4, 0x2,
    0x40, 0xe, 0xc0, 0xf, 0xc8, 0x1, 0xe7, 0x0,
    0xb4, 0x3, 0x90, 0x3, 0xf6, 0x0, 0x71, 0x8,
    0x4, 0xe0, 0x1e, 0x30, 0xf, 0x90, 0x3, 0x94,
    0x3, 0x9, 0x0, 0x72, 0x0, 0x78, 0x48, 0x3,
    0xac, 0x3, 0x94, 0x3, 0xb0, 0x3, 0xc8, 0x1,
    0xc2, 0x60, 0x1d, 0x60, 0x1c, 0x80, 0x1e, 0xc0,
    0xe, 0x40, 0xf, 0x18, 0x80, 0x72, 0x0, 0x72,
    0x0, 0x77, 0x80, 0x7c, 0x80, 0x1d, 0x80, 0x18,
    0x48, 0x3, 0x94, 0x3, 0xef, 0x0, 0xe4, 0x0,
    0xc8, 0x1, 0xc8, 0x1, 0xf9, 0x0, 0x38, 0xc0,
    0x37, 0x80, 0x76, 0x0, 0x7e, 0x13, 0x0, 0xe4,
    0x0, 0x90, 0x3, 0x94, 0x3, 0xfa, 0xc0, 0x3b,
    0x0, 0x4, 0x20, 0x18, 0x88, 0x1, 0xfc, 0xa0,
    0x1c, 0x80, 0x4, 0x0, 0xe5, 0x0, 0xff, 0x11,
    0x0, 0x31, 0x80, 0x30, 0x3, 0xb0, 0x3, 0xfe,
    0x40, 0xe, 0x40, 0x40, 0xe, 0x40, 0xf, 0xfb,
    0x40, 0x3b, 0x8, 0x40, 0x32, 0x80, 0x7f, 0xf0,
    0x10, 0x3, 0x91, 0x0, 0x1d, 0xe0, 0x1f, 0xfc,
    0x15, 0x0, 0xc7, 0xa0, 0x1c, 0x80, 0x1f, 0xfc,
    0x1c, 0x0, 0xe4, 0x0, 0xc6, 0x20, 0x1f, 0xfc,
    0x17, 0x0, 0xff, 0x58, 0x7, 0xff, 0x8, 0x4c,
    0x3, 0xf9, 0x0, 0x3f, 0xf8, 0x68, 0x1, 0xf8,
    0x4c, 0x3, 0xff, 0x87, 0x60, 0x1f, 0x9c, 0x3,
    0xff, 0x88, 0x62, 0x1, 0xf6, 0x80, 0x7f, 0xf1,
    0x5c, 0x3, 0xe4, 0x0, 0xff, 0xe2, 0xe0, 0x7,
    0x90, 0x3, 0xff, 0x8c, 0xa0, 0x1e, 0xd0, 0xf,
    0xe0,

    /* U+0057 "W" */
    0x5f, 0xfe, 0x20, 0x8, 0x7f, 0xf2, 0x80, 0x6a,
    0xff, 0xda, 0xc0, 0x1c, 0xc0, 0x11, 0x0, 0x6d,
    0x0, 0xcc, 0x1, 0x98, 0x80, 0x38, 0x40, 0x26,
    0x0, 0xc4, 0x1, 0x88, 0x3, 0x10, 0x80, 0x71,
    0x0, 0x5a, 0x1, 0x98, 0x3, 0x8, 0x6, 0xe0,
    0x20, 0xd, 0xc0, 0x11, 0x0, 0x63, 0x0, 0x88,
    0x3, 0x88, 0x18, 0x3, 0x10, 0x4, 0xc0, 0x1c,
    0x20, 0x6, 0x0, 0xe6, 0x2, 0x0, 0xcc, 0x1,
    0x10, 0x7, 0x10, 0x0, 0x80, 0x38, 0xc3, 0xc0,
    0x31, 0x0, 0x42, 0x1, 0xca, 0x0, 0xe0, 0xc,
    0x20, 0x2, 0x0, 0xe1, 0x3, 0x0, 0xf7, 0x0,
    0x4, 0x3, 0x10, 0x1, 0x80, 0x38, 0x81, 0x80,
    0x3c, 0x40, 0x2, 0x0, 0xcc, 0x0, 0x20, 0xe,
    0x70, 0x20, 0xf, 0x38, 0x1, 0x80, 0x31, 0x0,
    0x42, 0x1, 0x88, 0x38, 0x3, 0xc4, 0x0, 0x20,
    0xd, 0xc0, 0x11, 0x0, 0x6e, 0x2, 0x0, 0xf8,
    0x44, 0x1, 0xca, 0x1, 0x30, 0x6, 0x20, 0x50,
    0x8, 0x40, 0x25, 0x20, 0xe, 0x20, 0xb, 0x40,
    0x33, 0x0, 0x80, 0x48, 0x1, 0x13, 0x0, 0x70,
    0x80, 0x44, 0x1, 0x88, 0x80, 0x11, 0x68, 0x5,
    0xe4, 0x1, 0x88, 0x3, 0x30, 0x6, 0x17, 0x0,
    0x9c, 0x80, 0x22, 0xe0, 0xc, 0xc0, 0x18, 0x80,
    0x3b, 0x0, 0x22, 0x70, 0x9, 0x88, 0x3, 0x10,
    0x6, 0x10, 0xe, 0x40, 0xb, 0x48, 0x2, 0x26,
    0x0, 0xde, 0x1, 0xc4, 0x1, 0x88, 0x2, 0x60,
    0x20, 0x8, 0x80, 0x31, 0x0, 0x73, 0x0, 0x7e,
    0x30, 0x70, 0xf, 0xcc, 0x1, 0xc6, 0x1, 0xf0,
    0x80, 0x8, 0x3, 0xf1, 0x0, 0x77, 0x0, 0x7c,
    0x40, 0xd, 0x0, 0xf8, 0x40, 0x3c, 0x40, 0x1f,
    0x28, 0x1, 0x80, 0x3e, 0x20, 0xf, 0x30, 0x7,
    0xdc, 0x0, 0x30, 0xf, 0x94, 0x3, 0xc4, 0x1,
    0xf1, 0x80, 0x42, 0x1, 0xee, 0x0, 0xf8, 0x40,
    0x3c, 0xc0, 0x12, 0x80, 0x78, 0x80, 0x3e, 0x50,
    0xf, 0x10, 0x4, 0x40, 0x1e, 0x60, 0xf, 0x88,
    0x3, 0x88, 0x3, 0x78, 0x7, 0x88, 0x3, 0xee,
    0x0, 0xe6, 0x0, 0xc4, 0x1, 0xc2, 0x20, 0xf,
    0x88, 0x3, 0x8c, 0x3, 0x28, 0x7, 0x10, 0x7,
    0xe6, 0x0, 0xee, 0x0, 0xc2, 0x1, 0xcc, 0x1,
    0x80,

    /* U+0058 "X" */
    0xd, 0xff, 0xf1, 0x0, 0x7f, 0x27, 0xff, 0xb0,
    0x1, 0x20, 0x1e, 0x80, 0xf, 0xe8, 0x0, 0xf7,
    0x80, 0x11, 0x0, 0x1c, 0xa4, 0x1, 0xf2, 0x18,
    0x7, 0x29, 0x80, 0x50, 0x1, 0xeb, 0x0, 0xfb,
    0xc0, 0x3d, 0x0, 0x18, 0xd4, 0x3, 0x98, 0x40,
    0x38, 0xd0, 0x3, 0x98, 0x80, 0x3a, 0xc0, 0x3d,
    0x0, 0x1d, 0x0, 0x1c, 0x30, 0x1, 0xe1, 0x70,
    0xe, 0x61, 0x0, 0x8d, 0x0, 0x3a, 0x44, 0x3,
    0xe8, 0x10, 0xe, 0x90, 0xa, 0x0, 0x38, 0x9c,
    0x3, 0xfa, 0x0, 0x39, 0xc4, 0xd, 0x0, 0x3a,
    0x0, 0x3f, 0xcc, 0x40, 0x1d, 0x21, 0x20, 0x1c,
    0x6a, 0x1, 0xff, 0x48, 0x7, 0x31, 0xa8, 0x7,
    0x78, 0x7, 0xff, 0x1, 0xc, 0x3, 0xe, 0x80,
    0x72, 0x98, 0x7, 0xff, 0x7, 0xc0, 0x38, 0x40,
    0x3a, 0x0, 0x3f, 0xf8, 0x46, 0xa0, 0x1f, 0xcc,
    0x40, 0x1f, 0xfc, 0x3b, 0x0, 0xfe, 0x80, 0xf,
    0xfe, 0x20, 0xb8, 0x7, 0xd0, 0x20, 0x1f, 0xfc,
    0x52, 0x0, 0xfb, 0x80, 0x3f, 0xf8, 0xa6, 0xa0,
    0x1f, 0x31, 0x0, 0x7f, 0xf1, 0x3c, 0x3, 0xfa,
    0x40, 0x3f, 0xf8, 0x6a, 0x60, 0x1f, 0xc8, 0x80,
    0xf, 0xfe, 0x15, 0x80, 0x71, 0x80, 0x74, 0x80,
    0x7f, 0xf0, 0x5c, 0x40, 0x30, 0xe8, 0x80, 0x62,
    0x60, 0xf, 0xf8, 0x60, 0x3, 0xa4, 0x64, 0x3,
    0xa0, 0x3, 0xfe, 0x80, 0xe, 0x17, 0x7, 0x10,
    0xc, 0x30, 0x1, 0xfc, 0x4c, 0x1, 0xd2, 0x1,
    0x48, 0x7, 0x38, 0x80, 0x7e, 0x90, 0xe, 0x17,
    0x0, 0x9c, 0x40, 0x3a, 0xc0, 0x3e, 0x44, 0x0,
    0x74, 0x80, 0x74, 0x80, 0x72, 0x98, 0x7, 0xa4,
    0x3, 0xce, 0x1, 0xce, 0x20, 0x1d, 0xe0, 0x1c,
    0xc4, 0x1, 0xce, 0x1, 0xf4, 0x80, 0x71, 0xa8,
    0x6, 0x80, 0xf, 0x48, 0x7, 0xcc, 0x1, 0xe8,
    0x0, 0xa0, 0x40, 0x39, 0xc4, 0x3, 0xe1, 0x70,
    0xe, 0x27, 0x1, 0x70, 0xf, 0x48, 0x7, 0xf4,
    0x80, 0x7a, 0x44,

    /* U+0059 "Y" */
    0x1f, 0xff, 0x40, 0x7, 0xfd, 0x1f, 0xfe, 0x11,
    0x30, 0x7, 0x30, 0x7, 0xfc, 0xc0, 0x1c, 0xc2,
    0x16, 0x1, 0xc2, 0xc0, 0x1f, 0xcc, 0x20, 0x1d,
    0x60, 0x2, 0x50, 0xe, 0xa0, 0xf, 0xeb, 0x0,
    0xe5, 0x20, 0xa, 0x40, 0x38, 0xcc, 0x1, 0xf1,
    0x90, 0x7, 0x48, 0x6, 0x34, 0x0, 0xe9, 0x0,
    0xfa, 0x40, 0x39, 0xc, 0x3, 0xa0, 0x3, 0x94,
    0x40, 0x38, 0x54, 0x3, 0xa0, 0x3, 0xc6, 0x60,
    0xe, 0x60, 0xe, 0x90, 0xe, 0x33, 0x0, 0x7d,
    0x0, 0x1d, 0x20, 0x1c, 0xc0, 0x1d, 0x0, 0x1f,
    0x90, 0x80, 0x30, 0xa8, 0x4, 0xa2, 0x1, 0x89,
    0x0, 0x3f, 0xa0, 0x3, 0xa4, 0x2, 0x90, 0xe,
    0x80, 0xf, 0xf2, 0x88, 0x6, 0x32, 0x2, 0x30,
    0xc, 0x4a, 0x1, 0xff, 0x40, 0x7, 0x58, 0x58,
    0x7, 0x58, 0x7, 0xff, 0x1, 0x84, 0x3, 0x31,
    0x30, 0x6, 0x16, 0x0, 0xff, 0xe0, 0xc8, 0x7,
    0x78, 0x7, 0x48, 0x7, 0xff, 0x9, 0x80, 0x38,
    0x80, 0x39, 0x80, 0x3f, 0xf8, 0x42, 0xe0, 0x1f,
    0xce, 0x20, 0x1f, 0xfc, 0x39, 0x0, 0xfe, 0x90,
    0xf, 0xfe, 0x20, 0xb0, 0x7, 0xcc, 0x20, 0x1f,
    0xfc, 0x5b, 0x0, 0xfa, 0xc0, 0x3f, 0xf8, 0xc4,
    0x80, 0x1c, 0xa4, 0x1, 0xff, 0xc7, 0x20, 0xe,
    0xd0, 0xf, 0xff, 0xf8, 0x7, 0xff, 0xfc, 0x3,
    0xff, 0xfe, 0x1, 0xff, 0xeb,

    /* U+005A "Z" */
    0xf, 0xff, 0xfe, 0x53, 0x0, 0x7f, 0xfe, 0xcc,
    0x3, 0xff, 0x94, 0x4a, 0x1f, 0xff, 0xfc, 0x2b,
    0x0, 0xf7, 0x0, 0x7f, 0xf1, 0x24, 0x3, 0x9c,
    0xc0, 0x3f, 0xf8, 0x72, 0x40, 0x18, 0xa0, 0x3,
    0xff, 0x86, 0x6c, 0x1, 0xd2, 0x1, 0xff, 0xc4,
    0xe0, 0xe, 0x64, 0x0, 0xff, 0xe1, 0xc1, 0x0,
    0x61, 0x80, 0xf, 0xfe, 0x19, 0xb8, 0x7, 0x58,
    0x80, 0x7f, 0xf0, 0xfc, 0x3, 0x95, 0x40, 0x1f,
    0xfc, 0x37, 0x30, 0xe, 0xb0, 0xf, 0xfe, 0x19,
    0x40, 0x7, 0x48, 0x80, 0x7f, 0xf0, 0xf8, 0x3,
    0x91, 0x80, 0x3f, 0xf8, 0x6c, 0x60, 0x1d, 0x20,
    0x1f, 0xfc, 0x32, 0x90, 0xe, 0x82, 0x0, 0xff,
    0xe1, 0xc8, 0x7, 0x1b, 0x80, 0x7f, 0xf0, 0xd9,
    0x0, 0x3b, 0x80, 0x3f, 0xf8, 0x63, 0x20, 0x1c,
    0xe4, 0x1, 0xff, 0xc3, 0xb0, 0xe, 0x28, 0x0,
    0xff, 0xe1, 0xaa, 0x80, 0x3b, 0x80, 0x3f, 0xf8,
    0x63, 0x60, 0x1c, 0xc6, 0x1, 0xff, 0xc3, 0xb1,
    0x0, 0xc3, 0x20, 0x1f, 0xfc, 0x34, 0x50, 0xe,
    0xa0, 0xf, 0xfe, 0x25, 0x0, 0x72, 0xa0, 0x7,
    0xff, 0xe, 0x44, 0x3, 0x97, 0xff, 0xff, 0x85,
    0x62, 0xc0, 0x1f, 0xfc, 0x97, 0x0, 0xff, 0xfe,
    0x0,

    /* U+005B "[" */
    0x6f, 0xff, 0xe3, 0x0, 0xff, 0xed, 0x92, 0x24,
    0x20, 0x1e, 0x5b, 0xb8, 0x80, 0x3f, 0xff, 0xe0,
    0x1f, 0xff, 0xf0, 0xf, 0xff, 0xf8, 0x7, 0xff,
    0xfc, 0x3, 0xff, 0xf2, 0xb7, 0x71, 0x0, 0x78,
    0x91, 0x21, 0x0, 0xff, 0xea, 0x80,

    /* U+005C "\\" */
    0xaf, 0xfd, 0xc0, 0x1f, 0xfc, 0xf, 0x0, 0xc2,
    0x80, 0x1f, 0xf2, 0x80, 0x76, 0x80, 0x7f, 0xf0,
    0x14, 0x3, 0x38, 0x7, 0xff, 0x3, 0xc0, 0x30,
    0xa0, 0x7, 0xfc, 0xa0, 0x1d, 0xa0, 0x1f, 0xfc,
    0x5, 0x0, 0xce, 0x1, 0xff, 0xc0, 0xe0, 0xc,
    0x28, 0x1, 0xff, 0x20, 0x80, 0x6e, 0x0, 0xff,
    0xe0, 0x38, 0x6, 0x50, 0xf, 0xfe, 0x6, 0x80,
    0x72, 0x80, 0x7f, 0xc8, 0x20, 0x1b, 0xc0, 0x3f,
    0xf8, 0xe, 0x1, 0x94, 0x3, 0xff, 0x81, 0xa0,
    0x1c, 0xa0, 0x1f, 0xf2, 0x8, 0x6, 0xf0, 0xf,
    0xfe, 0x3, 0x80, 0x65, 0x0, 0xff, 0xe0, 0x68,
    0x7, 0x28, 0x7, 0xfc, 0x82, 0x1, 0xbc, 0x3,
    0xff, 0x80, 0xe0, 0x19, 0x40, 0x3f, 0xf8, 0x14,
    0x1, 0xca, 0x1, 0xff, 0x18, 0x80, 0x6e, 0x0,
    0xff, 0xe0, 0x30, 0x6, 0x41, 0x0, 0xff, 0xac,
    0x3, 0x9c, 0x3, 0xfe, 0x32, 0x0, 0xda, 0x1,
    0xff, 0xc0, 0x50, 0xc, 0x82, 0x1, 0xff, 0x58,
    0x7, 0x38, 0x7, 0xfc, 0x64, 0x1, 0xb4, 0x3,
    0xff, 0x80, 0xa0, 0x19, 0x4, 0x3, 0xfe, 0xa0,
    0xe, 0x70, 0xf, 0xf8, 0x88, 0x1, 0xa8, 0x3,
    0xff, 0x80, 0xa0, 0x18, 0xc4, 0x3, 0xfe, 0xa0,
    0xe, 0x70, 0xf, 0xf8, 0x88, 0x1, 0xa8, 0x3,
    0xff, 0x81, 0x40, 0x18, 0xc4, 0x3, 0xfe, 0x67,
    0x7e, 0x30,

    /* U+005D "]" */
    0x6f, 0xff, 0xe3, 0x0, 0xff, 0xea, 0x92, 0x24,
    0x20, 0x1e, 0x4b, 0xb9, 0x40, 0x3f, 0xff, 0xe0,
    0x1f, 0xff, 0xf0, 0xf, 0xff, 0xf8, 0x7, 0xff,
    0xfc, 0x3, 0xff, 0xf2, 0x97, 0x72, 0x80, 0x78,
    0x91, 0x21, 0x0, 0xff, 0xed, 0x80,

    /* U+005E "^" */
    0x0, 0xfb, 0x3f, 0xee, 0x0, 0xff, 0xe0, 0x91,
    0x80, 0x42, 0xa0, 0x1f, 0xfc, 0xb, 0x0, 0xe9,
    0x0, 0xff, 0xe0, 0x30, 0x7, 0x19, 0x0, 0x7f,
    0x98, 0x3, 0xea, 0x0, 0xff, 0x50, 0x4, 0x60,
    0x13, 0x0, 0x7f, 0x19, 0x80, 0x29, 0x0, 0x85,
    0x40, 0x3f, 0x50, 0x4, 0x2a, 0x60, 0x14, 0x80,
    0x7e, 0x60, 0x9, 0x82, 0x80, 0x23, 0x20, 0xf,
    0x30, 0x6, 0xa0, 0x70, 0xd, 0x60, 0x1e, 0xa0,
    0x8, 0xc8, 0x5, 0x40, 0x27, 0x0, 0xe3, 0x30,
    0x5, 0x40, 0x17, 0x0, 0x42, 0xa0, 0x1a, 0x80,
    0x33, 0x80, 0x48, 0x20, 0x14, 0x80, 0x66, 0x0,
    0x90, 0x40, 0x33, 0x0, 0x46, 0x40, 0x6, 0x0,
    0xdc, 0x1, 0xd4, 0x1, 0xac, 0x1, 0x60, 0x10,
    0xa8, 0x7, 0x11, 0x80, 0x4c, 0x6, 0x40, 0x13,
    0x80, 0x7d, 0x40, 0x19, 0x80,

    /* U+005F "_" */
    0x9b, 0xbf, 0xfe, 0x34, 0xa2, 0x7f, 0xf1, 0xd4,
    0x3, 0xff, 0xe0,

    /* U+0060 "`" */
    0x1, 0x1f, 0x0, 0x7a, 0xfb, 0xbb, 0x0, 0x3a,
    0x94, 0x3, 0x1b, 0x0, 0x75, 0x20, 0x6, 0x81,
    0x0, 0xeb, 0x30, 0x8, 0x6c, 0x3, 0xda, 0x40,
    0x12, 0xa0, 0x7, 0xe, 0x10, 0x5, 0x20,

    /* U+0061 "a" */
    0x0, 0xe1, 0x6a, 0xdf, 0xfb, 0xb2, 0xc, 0x3,
    0xfd, 0x1d, 0x2a, 0x40, 0x10, 0x9b, 0xe6, 0xc,
    0x3, 0xc3, 0x8e, 0x1, 0xff, 0x1e, 0x28, 0x7,
    0x69, 0x80, 0x7f, 0xf0, 0xa9, 0x0, 0x26, 0x30,
    0xe, 0x26, 0x76, 0x20, 0xf, 0x48, 0x5, 0x40,
    0x1c, 0xdb, 0x31, 0x3b, 0x40, 0x1c, 0x48, 0x0,
    0x30, 0xe, 0x90, 0xe, 0x57, 0x0, 0xec, 0x0,
    0x77, 0x78, 0x3, 0xec, 0x0, 0xe2, 0x0, 0x8,
    0xf8, 0x3, 0xff, 0x82, 0x20, 0x1e, 0x27, 0xad,
    0xef, 0xfd, 0x60, 0x1f, 0xe2, 0xbd, 0x85, 0x21,
    0x0, 0xff, 0xe1, 0x2e, 0xa0, 0x7, 0xff, 0x19,
    0x28, 0x3, 0xc4, 0xac, 0xd2, 0x0, 0x7e, 0x90,
    0xe, 0x3c, 0xda, 0x99, 0xbc, 0x3, 0xe3, 0x20,
    0xc, 0x3a, 0x60, 0x1f, 0xfc, 0x15, 0x0, 0xe6,
    0x10, 0xf, 0xfe, 0x17, 0x0, 0x77, 0x80, 0x7f,
    0xf0, 0xfc, 0x3, 0xb4, 0x3, 0xe8, 0x0, 0xf8,
    0x80, 0x39, 0x58, 0x3, 0x26, 0x98, 0x7, 0xc8,
    0x1, 0xe9, 0xeb, 0xb7, 0x59, 0x0, 0x7e, 0x17,
    0x0, 0xf0, 0xa2, 0x4, 0x3, 0xf3, 0x80, 0x21,
    0x0, 0x3f, 0xe1, 0x0, 0xe2, 0x0, 0xad, 0xc0,
    0x3f, 0x93, 0xc4, 0x3, 0x9, 0x0, 0x51, 0xae,
    0x62, 0x0, 0x26, 0xcb, 0x14, 0x0, 0xea,

    /* U+0062 "b" */
    0xdf, 0xfe, 0x20, 0xf, 0xff, 0xf8, 0x7, 0xff,
    0xfc, 0x3, 0xff, 0xb8, 0x95, 0xdf, 0xed, 0xa4,
    0x0, 0xff, 0xe0, 0x5d, 0x94, 0x40, 0x4, 0xb7,
    0x82, 0x1, 0xfd, 0xe8, 0x1, 0xf8, 0xfc, 0x40,
    0x3f, 0x10, 0x7, 0xf8, 0x74, 0x3, 0xff, 0x90,
    0x6c, 0x1, 0xf9, 0x33, 0xfe, 0x90, 0xf, 0x40,
    0x7, 0xc9, 0x66, 0x1, 0x35, 0x80, 0x70, 0x98,
    0x7, 0xa4, 0x3, 0xc8, 0x80, 0xe, 0xb0, 0xf,
    0xfe, 0x17, 0x0, 0x71, 0x80, 0x7f, 0xf0, 0x9c,
    0x3, 0x98, 0x3, 0xff, 0x84, 0x40, 0x1c, 0x40,
    0x1f, 0xff, 0xf0, 0x1, 0x0, 0x71, 0x0, 0x7f,
    0xf0, 0x9c, 0x3, 0x98, 0x3, 0xff, 0x85, 0xe0,
    0x1c, 0x60, 0x1e, 0x90, 0xf, 0x1a, 0x80, 0x75,
    0x80, 0x79, 0x2c, 0xc0, 0x26, 0xd0, 0xe, 0x13,
    0x0, 0xf9, 0x33, 0xfb, 0xe4, 0x40, 0x3a, 0x40,
    0x3f, 0xe1, 0x0, 0xf8, 0x9c, 0x3, 0xc4, 0x40,
    0xf, 0xf0, 0xf8, 0x7, 0xcf, 0x86, 0x1, 0xf8,
    0xf0, 0x80, 0x3e, 0x31, 0xca, 0x41, 0x0, 0x12,
    0xde, 0x10, 0x4,

    /* U+0063 "c" */
    0x0, 0xf9, 0xab, 0x7f, 0xed, 0x94, 0x0, 0xff,
    0x9f, 0xa5, 0x48, 0x2, 0x26, 0xbd, 0x40, 0xf,
    0xd7, 0x2, 0x1, 0xfc, 0x57, 0x0, 0x1e, 0xc4,
    0x0, 0xff, 0xe0, 0xbb, 0x80, 0x34, 0x18, 0x7,
    0xc2, 0x1, 0xf4, 0x10, 0x0, 0x9c, 0x3, 0x8f,
    0x3f, 0xb9, 0x0, 0x1e, 0x80, 0x5, 0x80, 0x71,
    0xe1, 0x80, 0x5, 0xf0, 0x3, 0x94, 0x0, 0xe0,
    0x1d, 0xe0, 0x1e, 0x35, 0x0, 0xe2, 0x20, 0x80,
    0x61, 0x30, 0xf, 0xb0, 0x3, 0x85, 0xc0, 0x39,
    0x0, 0x3f, 0x37, 0xff, 0x19, 0x80, 0x38, 0x80,
    0x3f, 0xf8, 0x62, 0x1, 0xde, 0x1, 0xff, 0xdf,
    0xf0, 0xf, 0xfe, 0x19, 0x0, 0x71, 0x0, 0x7f,
    0xf0, 0xdc, 0x3, 0x9c, 0x3, 0xf1, 0x33, 0x70,
    0x90, 0x80, 0x62, 0x30, 0xf, 0x96, 0x67, 0x88,
    0x1c, 0x3, 0xbc, 0x3, 0xc3, 0x20, 0x1c, 0x61,
    0x60, 0x1c, 0x78, 0x40, 0x12, 0xe0, 0x80, 0x64,
    0x0, 0x13, 0x80, 0x71, 0xef, 0x73, 0xe8, 0x80,
    0x3a, 0x0, 0x28, 0x30, 0xf, 0x8, 0x80, 0x3e,
    0x83, 0x0, 0xd8, 0x60, 0x1f, 0xfc, 0x18, 0x70,
    0xf, 0x64, 0x0, 0x7f, 0x8e, 0xdc, 0x3, 0xf3,
    0xfc, 0xa9, 0x0, 0x46, 0xd7, 0x88, 0x1, 0x80,

    /* U+0064 "d" */
    0x0, 0xff, 0xe1, 0xe7, 0xff, 0x18, 0x7, 0xff,
    0xfc, 0x3, 0xff, 0xfe, 0x1, 0xff, 0xd3, 0x17,
    0xce, 0xfe, 0xc6, 0x0, 0xff, 0xe0, 0xb7, 0x41,
    0x88, 0x9, 0xce, 0x98, 0x7, 0xfa, 0x24, 0x3,
    0xf1, 0x61, 0x0, 0x7e, 0x57, 0x0, 0xff, 0x84,
    0x3, 0xf5, 0x80, 0x7f, 0xf2, 0x1c, 0x40, 0x39,
    0x33, 0xfd, 0xce, 0x1, 0xfd, 0x40, 0x1c, 0x76,
    0x60, 0x1, 0x89, 0x0, 0xf8, 0x48, 0x3, 0xb8,
    0x3, 0xcc, 0x40, 0x1e, 0x40, 0xe, 0x32, 0x0,
    0xf8, 0x40, 0x3c, 0x40, 0x1c, 0xa0, 0x1f, 0xfc,
    0x3f, 0x0, 0xee, 0x0, 0xff, 0xe1, 0x88, 0x7,
    0x8, 0x7, 0xff, 0x64, 0x40, 0x3f, 0xf9, 0x3e,
    0x1, 0xdc, 0x1, 0xff, 0xc3, 0x30, 0xe, 0x40,
    0xf, 0xfe, 0x1a, 0x80, 0x71, 0x90, 0x7, 0xc2,
    0x1, 0xe1, 0x30, 0xe, 0x90, 0xf, 0x31, 0x0,
    0x7d, 0x40, 0x1c, 0x96, 0x40, 0x2, 0x89, 0x0,
    0xfc, 0xc2, 0x1, 0xc9, 0xbf, 0xed, 0x70, 0xf,
    0xf5, 0x0, 0x7f, 0xf2, 0x52, 0x40, 0x3f, 0xe3,
    0x0, 0xfe, 0x6a, 0x10, 0xf, 0x86, 0xe4, 0x3,
    0xfc, 0xbf, 0x6, 0x20, 0x27, 0x1c, 0x8c, 0x1,
    0xe0,

    /* U+0065 "e" */
    0x0, 0xf9, 0x27, 0x3f, 0xed, 0xa6, 0x0, 0xff,
    0xe0, 0x1e, 0x5b, 0x18, 0x4, 0x4b, 0x3e, 0xe0,
    0x1f, 0xcf, 0x86, 0x1, 0xfe, 0x8b, 0x0, 0xfa,
    0x20, 0x1, 0xff, 0xc1, 0x4b, 0x0, 0xe5, 0x70,
    0xf, 0x84, 0x3, 0xe4, 0x70, 0x8, 0x6c, 0x3,
    0x86, 0xbf, 0xbf, 0x10, 0x3, 0xa0, 0x2, 0x61,
    0x0, 0xc3, 0x8a, 0x1, 0x1d, 0xa8, 0x7, 0x30,
    0x2, 0x40, 0x3a, 0xc8, 0x3, 0xd6, 0x1, 0xda,
    0x4, 0x20, 0x18, 0x54, 0x3, 0xe1, 0x40, 0xc,
    0x80, 0x80, 0x1c, 0xa6, 0x7f, 0xc0, 0x1e, 0x1e,
    0x0, 0xe4, 0xcc, 0xfe, 0x40, 0xe, 0x21, 0x0,
    0xff, 0xfc, 0x70, 0x7, 0x37, 0xff, 0xff, 0xc,
    0xcc, 0x1, 0xce, 0x1, 0xff, 0xc4, 0x40, 0xe,
    0x17, 0x0, 0xff, 0x10, 0x7, 0x30, 0x7, 0x42,
    0x80, 0x7e, 0x4c, 0xa0, 0xd, 0x0, 0x1e, 0xaa,
    0x18, 0x6, 0x4b, 0xb0, 0xad, 0x0, 0x43, 0x20,
    0x1e, 0x5c, 0xfd, 0xef, 0xb4, 0x0, 0x96, 0x0,
    0x26, 0x70, 0xf, 0xc4, 0x20, 0x1e, 0x1a, 0x0,
    0xd1, 0x0, 0xf, 0xfe, 0x11, 0x61, 0x0, 0x73,
    0xea, 0x0, 0x7f, 0xd1, 0xa4, 0x1, 0xf1, 0x5e,
    0xc2, 0x8, 0x4, 0x4b, 0x5e, 0xe0, 0x18,

    /* U+0066 "f" */
    0x0, 0xff, 0xe0, 0x24, 0xe7, 0x7f, 0xdb, 0x72,
    0xa0, 0x1f, 0xe5, 0xeb, 0x63, 0x10, 0x8, 0x91,
    0xb8, 0x3, 0xfa, 0x68, 0x40, 0x3f, 0xc2, 0x1,
    0xfa, 0x18, 0x3, 0xff, 0x80, 0x40, 0x1f, 0x1b,
    0x80, 0x7f, 0xf0, 0x7c, 0x3, 0xe9, 0x0, 0xf2,
    0x5f, 0xff, 0x6b, 0x0, 0x7c, 0x80, 0x1c, 0xd6,
    0x80, 0x1c, 0x42, 0x1, 0xe1, 0x10, 0x7, 0x48,
    0x7, 0xff, 0xc, 0xc0, 0x38, 0x80, 0x3f, 0xf8,
    0x82, 0x1, 0xc2, 0x1, 0xfe, 0x4f, 0xfe, 0xc0,
    0xe, 0x3f, 0xff, 0xc6, 0x1, 0xff, 0xfa, 0x68,
    0x8e, 0x70, 0xe, 0x18, 0x8f, 0xc4, 0x4, 0xef,
    0xd6, 0x1, 0xc4, 0xef, 0xf8, 0x40, 0x3f, 0xff,
    0xe0, 0x1f, 0xff, 0xf0, 0xf, 0xff, 0xf8, 0x7,
    0xff, 0xfc, 0x3, 0xff, 0xfe, 0x1, 0xff, 0xdc,

    /* U+0067 "g" */
    0x0, 0xf3, 0x5f, 0x7f, 0xb6, 0x90, 0x1, 0xff,
    0xd0, 0x1, 0x93, 0xa5, 0x4, 0x0, 0x4b, 0x76,
    0x20, 0xf, 0xe5, 0xb1, 0x0, 0xfc, 0x98, 0x1,
    0xf8, 0xe8, 0x3, 0xfe, 0x10, 0xf, 0xdc, 0x1,
    0xff, 0xc8, 0x52, 0x0, 0xe1, 0xaf, 0xfa, 0x88,
    0x3, 0xf7, 0x0, 0x70, 0xfa, 0x80, 0x4b, 0x84,
    0x1, 0xf2, 0x0, 0x75, 0x88, 0x7, 0xd, 0x0,
    0x79, 0x0, 0x38, 0x54, 0x3, 0xff, 0x84, 0x40,
    0x1c, 0x80, 0x1f, 0xfc, 0x3e, 0x0, 0xe2, 0x0,
    0xff, 0xe1, 0x88, 0x7, 0x70, 0x7, 0xff, 0x64,
    0x40, 0x38, 0x40, 0x3f, 0xf8, 0x7c, 0x1, 0xda,
    0x1, 0xff, 0xc3, 0x20, 0xe, 0x70, 0xf, 0xfe,
    0x1a, 0x0, 0x71, 0x20, 0x7, 0xff, 0xd, 0x0,
    0x3a, 0x44, 0x3, 0x86, 0x80, 0x3e, 0xe0, 0xe,
    0x2c, 0x40, 0x9, 0x70, 0x80, 0x3e, 0x53, 0x0,
    0xe2, 0xbf, 0xfa, 0x88, 0x3, 0xfb, 0x80, 0x3f,
    0xf9, 0x25, 0x60, 0x1f, 0xf0, 0x80, 0x7f, 0x26,
    0x10, 0x7, 0xe8, 0x90, 0xf, 0xf1, 0xed, 0x20,
    0x80, 0x9, 0xf5, 0xfc, 0x3, 0xff, 0x80, 0xb7,
    0xdf, 0xed, 0x82, 0x2, 0x0, 0xee, 0x0, 0xc6,
    0x1, 0xfe, 0x40, 0xe, 0x20, 0x8, 0xf2, 0x0,
    0x3f, 0x40, 0x80, 0x72, 0x0, 0x5c, 0xf, 0x88,
    0x1, 0x8a, 0x9c, 0x3, 0x98, 0x2, 0xa2, 0x0,
    0x1d, 0xfe, 0x63, 0x74, 0xa0, 0x1e, 0x80, 0x9,
    0xc0, 0x3c, 0x66, 0x20, 0xf, 0xa8, 0x40, 0x2c,
    0x30, 0xf, 0xfe, 0x15, 0x28, 0x6, 0x1c, 0x81,
    0x0, 0xff, 0x26, 0xa8, 0x7, 0xcf, 0xd4, 0xc4,
    0x1, 0x12, 0x46, 0xd9, 0x0, 0x60,

    /* U+0068 "h" */
    0xff, 0xf0, 0x7, 0xff, 0xfc, 0x3, 0xff, 0xfe,
    0x1, 0xff, 0xde, 0x5b, 0xef, 0xf6, 0xc9, 0x80,
    0x7f, 0xc5, 0x94, 0x82, 0x0, 0x26, 0xc9, 0x0,
    0xfe, 0x2c, 0x30, 0xf, 0xcd, 0x60, 0x1f, 0xbc,
    0x40, 0x3f, 0xc8, 0xc0, 0x1f, 0x10, 0x4, 0x20,
    0x1f, 0xa0, 0x3, 0xf2, 0xe7, 0xf7, 0xd9, 0x0,
    0x70, 0xa0, 0x7, 0xa2, 0x8c, 0x2, 0x4c, 0x10,
    0xe, 0xc0, 0xf, 0x38, 0x7, 0x86, 0x40, 0x38,
    0xc0, 0x3f, 0xf8, 0x48, 0x1, 0xce, 0x1, 0xff,
    0xc2, 0x10, 0xe, 0x10, 0xf, 0xff, 0xf8, 0x7,
    0xff, 0xfc, 0x3, 0xff, 0xfe, 0x1, 0xff, 0xf9,

    /* U+0069 "i" */
    0x0, 0xfd, 0x3d, 0xf8, 0x80, 0x1f, 0xfc, 0x2b,
    0x61, 0x3, 0xb3, 0x0, 0xff, 0xe0, 0xa, 0x0,
    0x75, 0x0, 0x7f, 0xf0, 0xc, 0x3, 0xc6, 0x1,
    0xff, 0xc0, 0x21, 0x0, 0xed, 0x0, 0xff, 0xe0,
    0xd0, 0x6, 0x47, 0x0, 0xff, 0xe0, 0xa7, 0x54,
    0xdd, 0x80, 0x3f, 0xf8, 0x62, 0xac, 0x80, 0x1f,
    0xfd, 0x6, 0xff, 0xff, 0xe0, 0x20, 0x7, 0xff,
    0xd8, 0xc0, 0x3f, 0xf8, 0xeb, 0xff, 0xe3, 0x0,
    0xff, 0xff, 0x80, 0x7f, 0xff, 0xc0, 0x3f, 0xff,
    0xe0, 0x1f, 0xfe, 0x35, 0xee, 0xf1, 0x80, 0x75,
    0xf7, 0x74, 0x18, 0x8f, 0x80, 0x3e, 0x11, 0xf0,
    0x7, 0xff, 0xc0,

    /* U+006A "j" */
    0x0, 0xfe, 0x7e, 0xfd, 0x70, 0xf, 0xe7, 0x81,
    0x2, 0x86, 0x0, 0xfd, 0x40, 0x1d, 0x60, 0x1f,
    0x8c, 0x3, 0x8c, 0x3, 0xf2, 0x80, 0x72, 0x0,
    0x7e, 0x92, 0x0, 0x8a, 0xc0, 0x3f, 0x16, 0xd4,
    0xd6, 0x88, 0x7, 0xf9, 0x59, 0x40, 0x3f, 0xf8,
    0xed, 0xff, 0xff, 0x40, 0x7, 0xff, 0xc9, 0xbf,
    0xf9, 0xc0, 0x3f, 0xff, 0xe0, 0x1f, 0xff, 0xf0,
    0xf, 0xff, 0xf8, 0x7, 0xff, 0xd7, 0xc0, 0x3f,
    0x18, 0x7, 0x8, 0x7, 0xc6, 0x80, 0x1c, 0x40,
    0x20, 0x10, 0xb6, 0x80, 0x79, 0x3, 0xbf, 0xee,
    0x91, 0x0, 0xe5, 0x0, 0xff, 0xe1, 0x58, 0x8,
    0x7, 0xfd, 0x62, 0x6, 0x1, 0xfc, 0x78, 0x80,
    0x11, 0x80, 0x61, 0x37, 0xcc, 0x18, 0x4,

    /* U+006B "k" */
    0xef, 0xfe, 0x10, 0xf, 0xff, 0xf8, 0x7, 0xff,
    0xfc, 0x3, 0xff, 0xe6, 0x7f, 0xfe, 0xe2, 0x0,
    0xff, 0xe0, 0x96, 0x80, 0x7b, 0x48, 0x3, 0xff,
    0x80, 0x3e, 0x20, 0x1d, 0x66, 0x1, 0xff, 0xc1,
    0xd2, 0x0, 0xe9, 0x40, 0xf, 0xfe, 0xd, 0x18,
    0x7, 0x3b, 0x0, 0x7f, 0xf0, 0x61, 0x40, 0x39,
    0x60, 0x3, 0xff, 0x82, 0xee, 0x0, 0xe4, 0xa0,
    0xf, 0xfe, 0xa, 0xc0, 0x7, 0x15, 0x0, 0x7f,
    0xf0, 0x56, 0x80, 0x38, 0x70, 0x40, 0x3f, 0xf8,
    0x34, 0x1, 0xed, 0x10, 0xf, 0xfe, 0x10, 0x80,
    0x78, 0x40, 0x3f, 0xf9, 0x5c, 0x1, 0xff, 0xca,
    0x37, 0x0, 0xff, 0xe5, 0x41, 0x80, 0x7f, 0xf0,
    0xe0, 0x40, 0x3b, 0x80, 0x3f, 0xf8, 0x54, 0xf6,
    0x1, 0xc5, 0x40, 0x1f, 0xfc, 0xa, 0x50, 0x55,
    0x0, 0x72, 0xa8, 0x3, 0xfe, 0x40, 0xa, 0xc4,
    0x3, 0xa8, 0x80, 0x3f, 0xf8, 0x43, 0x60, 0x1e,
    0xe0, 0xf, 0xfe, 0x1a, 0xa8, 0x3, 0x8d, 0xc0,
    0x3f, 0xf8, 0x76, 0x20, 0x1d, 0x6, 0x1, 0xff,
    0xc2, 0x1a, 0x0, 0xf7, 0x0, 0x7f, 0xf0, 0xd1,
    0x40, 0x38, 0xa8, 0x3, 0xff, 0x87, 0x62, 0x1,
    0xca, 0xa0,

    /* U+006C "l" */
    0xbf, 0xff, 0xfe, 0x2, 0x0, 0x7f, 0xfd, 0x84,
    0x3, 0xff, 0x8f, 0x5f, 0xfe, 0x30, 0xf, 0xff,
    0xf8, 0x7, 0xff, 0xfc, 0x3, 0xff, 0xfe, 0x1,
    0xff, 0xff, 0x0, 0xff, 0xff, 0x80, 0x7f, 0xff,
    0xc0, 0x15, 0xdd, 0xe3, 0x0, 0xeb, 0xee, 0xed,
    0x11, 0xf8, 0x3, 0xe1, 0x1e, 0x20, 0xf, 0xff,
    0x80,

    /* U+006D "m" */
    0x6f, 0xfd, 0x80, 0x33, 0xdf, 0xd4, 0x40, 0x53,
    0xdf, 0xd2, 0x20, 0x1f, 0x9, 0x7b, 0x8, 0xa,
    0xe2, 0x6b, 0x8, 0xb, 0x78, 0x80, 0x78, 0xfc,
    0x40, 0x38, 0x6c, 0x3, 0xc3, 0x60, 0x1e, 0x12,
    0x0, 0xff, 0xe1, 0xa8, 0x80, 0x7c, 0xc8, 0x1,
    0xe2, 0x62, 0x0, 0xe4, 0x0, 0xf5, 0xcd, 0x98,
    0x6, 0x2d, 0x9c, 0x0, 0xe2, 0x0, 0xf2, 0x0,
    0x10, 0x3, 0x30, 0x0, 0x44, 0x1, 0xbc, 0x3,
    0xff, 0x8c, 0x60, 0x18, 0x40, 0x3f, 0xff, 0xe0,
    0x1f, 0xff, 0xf0, 0xf, 0xff, 0xf8, 0x7, 0xff,
    0xfc, 0x3, 0xff, 0xfe, 0x1, 0xfc,

    /* U+006E "n" */
    0xff, 0xe7, 0x0, 0x9a, 0xfb, 0xfd, 0xb4, 0x80,
    0x1f, 0xdc, 0xb, 0xd2, 0x82, 0x0, 0x25, 0xbb,
    0x0, 0x7e, 0x27, 0xa1, 0x0, 0xfc, 0x98, 0x1,
    0xf2, 0x40, 0x7, 0xfc, 0x6e, 0x1, 0xfc, 0x4a,
    0xca, 0x40, 0x1e, 0x90, 0xf, 0xd3, 0xb5, 0x35,
    0xb0, 0x1, 0xc2, 0x80, 0x1e, 0xa6, 0x0, 0xe7,
    0x40, 0xe, 0xc0, 0xf, 0x28, 0x7, 0xdc, 0x1,
    0xc4, 0x1, 0xff, 0xc2, 0x60, 0xe, 0x60, 0xf,
    0xff, 0xf8, 0x7, 0xff, 0xfc, 0x3, 0xff, 0xfe,
    0x1, 0xff, 0xff, 0x0, 0xff, 0xe1, 0x80,

    /* U+006F "o" */
    0x0, 0xf0, 0xbd, 0xf7, 0xfb, 0xb2, 0xc, 0x3,
    0xff, 0x81, 0x3d, 0x8, 0x20, 0x1, 0x37, 0xcc,
    0x18, 0x7, 0xe2, 0xd6, 0x0, 0xff, 0x1e, 0x30,
    0x7, 0x87, 0x8, 0x3, 0xff, 0x83, 0x2c, 0x1,
    0xda, 0x20, 0x1f, 0x8, 0x7, 0xd2, 0x40, 0x12,
    0x98, 0x7, 0x26, 0xff, 0x72, 0x0, 0x3d, 0x20,
    0x14, 0x0, 0x72, 0x59, 0x0, 0x5, 0xe8, 0x3,
    0x90, 0x80, 0x88, 0x1, 0xd4, 0x1, 0xe5, 0x40,
    0xe, 0xa0, 0x40, 0xe, 0x51, 0x0, 0xfb, 0xc0,
    0x39, 0x3, 0xc0, 0x3b, 0x0, 0x3f, 0x20, 0x7,
    0x18, 0x10, 0x7, 0x10, 0x7, 0xf0, 0x80, 0x70,
    0xb8, 0x7, 0x38, 0x7, 0xf1, 0x80, 0x71, 0x80,
    0x7f, 0xf2, 0xdc, 0x3, 0x9c, 0x3, 0xf8, 0xc0,
    0x38, 0xc8, 0x3, 0x88, 0x3, 0xf8, 0x40, 0x38,
    0x7c, 0x3, 0xb0, 0x3, 0xf2, 0x0, 0x71, 0x82,
    0x0, 0x72, 0x88, 0x7, 0xdc, 0x1, 0xc8, 0x4,
    0x40, 0xe, 0xb0, 0xf, 0x22, 0x80, 0x75, 0x80,
    0x20, 0x3, 0x96, 0xc8, 0x2, 0x7b, 0x0, 0xe4,
    0x30, 0x2, 0x98, 0x7, 0x26, 0xf7, 0x3e, 0x0,
    0x3d, 0x20, 0x1b, 0x44, 0x3, 0xc2, 0x20, 0xf,
    0xa4, 0x80, 0x30, 0xe1, 0x0, 0x7f, 0xf0, 0x65,
    0x80, 0x3c, 0x58, 0xc0, 0x1f, 0xe3, 0xc6, 0x0,
    0xfc, 0x33, 0xd0, 0x82, 0x0, 0x13, 0x6b, 0xc3,
    0x0, 0xe0,

    /* U+0070 "p" */
    0xef, 0xfd, 0x40, 0x5, 0xbe, 0xff, 0x6c, 0x98,
    0x7, 0xf9, 0x8b, 0x69, 0x4, 0x0, 0x4d, 0x96,
    0x20, 0x1f, 0x8b, 0x8, 0x3, 0xf2, 0x60, 0x80,
    0x7c, 0x22, 0x0, 0xff, 0x16, 0x80, 0x7f, 0xf2,
    0xd, 0x40, 0x3f, 0x2e, 0xff, 0xb9, 0xc0, 0x3d,
    0x0, 0x1f, 0x35, 0x10, 0x0, 0x62, 0x0, 0x1c,
    0x44, 0x0, 0xf4, 0x0, 0x79, 0xc8, 0x3, 0x94,
    0x3, 0xff, 0x85, 0x40, 0x1d, 0xa0, 0x1f, 0xfc,
    0x23, 0x0, 0xe6, 0x0, 0xff, 0xe1, 0x28, 0x7,
    0x8, 0x7, 0xff, 0x20, 0xc0, 0x3f, 0xfb, 0xa6,
    0x1, 0xff, 0xc2, 0x50, 0xe, 0x10, 0xf, 0xfe,
    0x11, 0x80, 0x73, 0x0, 0x7f, 0xf0, 0xa8, 0x3,
    0xb0, 0x3, 0xd0, 0x1, 0xe6, 0x20, 0xe, 0x40,
    0xf, 0x34, 0x90, 0x4, 0xf2, 0x1, 0xc6, 0x40,
    0x1f, 0x36, 0xf6, 0xfc, 0x0, 0x7a, 0x0, 0x3f,
    0xc2, 0x40, 0x1f, 0x2a, 0x0, 0x7c, 0x20, 0x1f,
    0xe3, 0xa0, 0xf, 0xd8, 0x80, 0x1f, 0x9b, 0x0,
    0x3f, 0x8e, 0xec, 0xa2, 0x0, 0x26, 0xc9, 0x0,
    0xff, 0xe0, 0x25, 0x77, 0xfb, 0x64, 0xc0, 0x3f,
    0xff, 0xe0, 0x1f, 0xff, 0xf0, 0xf, 0xfe, 0x58,

    /* U+0071 "q" */
    0x0, 0xe1, 0x7c, 0xef, 0xf6, 0x40, 0x80, 0xff,
    0xf1, 0x80, 0x66, 0xe8, 0x31, 0x0, 0x1b, 0xf3,
    0x10, 0x7, 0xf4, 0x48, 0x7, 0xf4, 0xf8, 0x7,
    0xe5, 0x70, 0xf, 0xf8, 0xc0, 0x3f, 0x58, 0x7,
    0xe1, 0x0, 0xff, 0x9c, 0x40, 0x38, 0xf3, 0xfb,
    0x92, 0x1, 0xfd, 0x40, 0x1c, 0x78, 0x60, 0x1,
    0x6c, 0x0, 0xf8, 0x48, 0x3, 0xbc, 0x3, 0xc6,
    0x60, 0xf, 0x28, 0x7, 0x11, 0x80, 0x7f, 0xf0,
    0x8c, 0x3, 0x90, 0x3, 0xff, 0x87, 0xe0, 0x1d,
    0xc0, 0x1f, 0xfc, 0x31, 0x0, 0xe1, 0x0, 0xff,
    0xec, 0x88, 0x7, 0x8, 0x7, 0xff, 0xf, 0xc0,
    0x3b, 0x80, 0x3f, 0xf8, 0x66, 0x1, 0xc8, 0x1,
    0xff, 0xc3, 0x50, 0xe, 0x22, 0x0, 0x7f, 0xf0,
    0x84, 0xc0, 0x3a, 0x40, 0x3c, 0x66, 0x0, 0xfa,
    0x80, 0x39, 0x2c, 0x80, 0x26, 0xc0, 0xf, 0xcc,
    0x20, 0x1c, 0x9b, 0xdc, 0xf9, 0x0, 0xff, 0x50,
    0x7, 0xc2, 0x20, 0xf, 0xfe, 0x2, 0x40, 0x7,
    0xfc, 0x20, 0x1f, 0xcf, 0x42, 0x1, 0xf0, 0xd9,
    0x0, 0x7f, 0x97, 0xe0, 0xc4, 0x0, 0x71, 0xe8,
    0x1, 0xff, 0xc0, 0x17, 0xce, 0xff, 0x63, 0x88,
    0x7, 0xff, 0xfc, 0x3, 0xff, 0xfe, 0x1, 0xff,
    0xd6,

    /* U+0072 "r" */
    0xdf, 0xfd, 0x80, 0x19, 0xaf, 0xbf, 0xf7, 0x0,
    0x78, 0x40, 0xb, 0xd2, 0x82, 0x1, 0xff, 0x18,
    0x45, 0x8, 0x7, 0xc4, 0x1, 0xe1, 0x77, 0x0,
    0x7f, 0x30, 0x7, 0xd0, 0x1, 0xfe, 0xd0, 0xf,
    0xfe, 0x31, 0x0, 0x7f, 0xb, 0xe7, 0x7f, 0x6d,
    0xc3, 0x80, 0x7e, 0x4f, 0x83, 0x10, 0x12, 0x47,
    0x20, 0xf, 0x8a, 0xc4, 0x3, 0xff, 0x89, 0x0,
    0x1f, 0xfc, 0x67, 0x0, 0xff, 0xff, 0x80, 0x7f,
    0xff, 0xc0, 0x3f, 0xff, 0xe0, 0x1f, 0xfd, 0x60,

    /* U+0073 "s" */
    0x0, 0xf1, 0xc5, 0xf7, 0xfd, 0xb6, 0xe4, 0x1,
    0xfc, 0x79, 0x87, 0x41, 0x0, 0x89, 0x23, 0x6c,
    0xc0, 0x3c, 0xd8, 0x60, 0x1f, 0xf2, 0x63, 0x80,
    0x65, 0x90, 0xf, 0xfe, 0x1c, 0x30, 0x5, 0x60,
    0x1c, 0x2d, 0x32, 0x84, 0x0, 0xf4, 0x88, 0x30,
    0x80, 0x64, 0xe9, 0x66, 0x3d, 0xe0, 0x80, 0x73,
    0x87, 0x80, 0x74, 0x0, 0x78, 0xe0, 0x3, 0xb0,
    0x3, 0xff, 0x86, 0x8e, 0xfd, 0xe1, 0xc0, 0x1d,
    0xe4, 0x1, 0xe2, 0x88, 0xe5, 0x6, 0x0, 0xe3,
    0xdb, 0x74, 0x10, 0xf, 0xf0, 0xc8, 0x7, 0x92,
    0x2f, 0xb9, 0x4c, 0x20, 0x1f, 0x35, 0x0, 0x7f,
    0xa, 0xcf, 0x59, 0x80, 0x79, 0x79, 0x80, 0x3f,
    0xe4, 0xc9, 0x0, 0xf0, 0xcf, 0x4a, 0x0, 0x7f,
    0x9a, 0x80, 0x3e, 0x16, 0xbf, 0xc9, 0x61, 0x0,
    0xf2, 0xa0, 0x7, 0xf8, 0xda, 0x7b, 0x8, 0x3,
    0xb9, 0x37, 0x79, 0x0, 0x3e, 0x3c, 0x0, 0xe6,
    0x72, 0x2e, 0xf0, 0xf, 0xc2, 0x1, 0xe3, 0x10,
    0xc, 0x90, 0x1, 0xf4, 0x80, 0x72, 0x84, 0x0,
    0x73, 0xf4, 0xb2, 0xb4, 0x6b, 0x0, 0x75, 0x3,
    0x28, 0x7, 0xb, 0x4d, 0x4b, 0x90, 0x7, 0x31,
    0x80, 0x29, 0x80, 0x3f, 0xf8, 0x6d, 0x20, 0x1a,
    0x6c, 0x80, 0x3f, 0xe2, 0xa9, 0x0, 0xf2, 0x6e,
    0x39, 0x88, 0x4, 0x28, 0xf9, 0xaa, 0x1, 0x0,

    /* U+0074 "t" */
    0x0, 0xf7, 0xff, 0x80, 0x3f, 0xff, 0xe0, 0x1f,
    0xfe, 0x14, 0xff, 0xe0, 0xf, 0x7f, 0xfe, 0xa0,
    0xf, 0xff, 0xbb, 0x44, 0x70, 0x7, 0xa2, 0x3f,
    0x70, 0x13, 0xbf, 0x0, 0x79, 0xdf, 0xf2, 0x0,
    0x7f, 0xff, 0xc0, 0x3f, 0xff, 0xe0, 0x1f, 0xff,
    0xf0, 0x0, 0x80, 0x71, 0x80, 0x7f, 0xf0, 0xc8,
    0x3, 0xa4, 0x3, 0xff, 0x86, 0xa0, 0x1c, 0xb4,
    0x40, 0x11, 0x23, 0x88, 0x7, 0xa8, 0x3, 0xcb,
    0xbf, 0xf6, 0xdc, 0x28, 0x7, 0x8d, 0x0, 0x3f,
    0xf8, 0x24, 0x1, 0xf5, 0x8, 0x7, 0xff, 0x3,
    0x80, 0x3e, 0x1c, 0x30, 0xf, 0xfb, 0xc0, 0x3f,
    0x16, 0x5a, 0x90, 0x4, 0x26, 0xd3, 0xce,

    /* U+0075 "u" */
    0xcf, 0xfe, 0x30, 0xf, 0x9b, 0xff, 0xa4, 0x3,
    0xff, 0xfe, 0x1, 0xff, 0xff, 0x0, 0xff, 0xff,
    0x80, 0x7f, 0xfe, 0x5c, 0x3, 0x9c, 0x3, 0xff,
    0x84, 0x40, 0x1c, 0x60, 0x1f, 0x8, 0x7, 0xb8,
    0x3, 0xac, 0x3, 0xc5, 0x20, 0x1e, 0x50, 0xe,
    0x3a, 0x10, 0x0, 0xb6, 0x8, 0x7, 0x88, 0xc0,
    0x39, 0x7b, 0xfd, 0xd2, 0x20, 0x1f, 0xa0, 0x3,
    0xff, 0x80, 0x40, 0x1f, 0x23, 0x0, 0x7f, 0x8b,
    0x0, 0x3f, 0x4b, 0x0, 0x7e, 0x4c, 0x10, 0xf,
    0xe9, 0xc6, 0x20, 0x0, 0xad, 0xd8, 0x40, 0x80,
    0x38,

    /* U+0076 "v" */
    0x4f, 0xfe, 0xe0, 0xf, 0xf4, 0x7f, 0xf5, 0x20,
    0x80, 0x61, 0x30, 0xf, 0xe5, 0x0, 0xee, 0x6,
    0x0, 0xeb, 0x0, 0xfc, 0x44, 0x0, 0xc2, 0x81,
    0x40, 0x1c, 0xa0, 0x1f, 0x90, 0x3, 0x9c, 0x0,
    0x46, 0x1, 0x88, 0x80, 0x1f, 0x68, 0x7, 0x50,
    0x5, 0x40, 0x1c, 0xa0, 0x1f, 0x20, 0x6, 0x23,
    0x0, 0x9c, 0x3, 0xb0, 0x3, 0xca, 0x1, 0xd4,
    0x1, 0x85, 0x40, 0x32, 0x8, 0x7, 0x78, 0x7,
    0x30, 0x7, 0x78, 0x7, 0x20, 0x7, 0x20, 0x6,
    0x41, 0x0, 0xe5, 0x10, 0xd, 0xe0, 0x18, 0xc4,
    0x3, 0x70, 0x7, 0xce, 0x1, 0x90, 0x3, 0x58,
    0x7, 0x28, 0x7, 0xd4, 0x1, 0x85, 0x0, 0x25,
    0x0, 0xca, 0x1, 0xf8, 0xc8, 0x3, 0x60, 0x0,
    0x88, 0x1, 0xb8, 0x3, 0xfa, 0x80, 0x32, 0x80,
    0x14, 0x3, 0xa, 0x0, 0x7f, 0x30, 0x6, 0x22,
    0x6, 0x0, 0x66, 0x0, 0xff, 0xa, 0x0, 0x65,
    0x14, 0x0, 0xd4, 0x1, 0xff, 0x70, 0x6, 0xb4,
    0x0, 0xc6, 0x40, 0x1f, 0xf2, 0x80, 0x63, 0xc0,
    0xd, 0x40, 0x1f, 0xfc, 0x16, 0x0, 0xce, 0x1,
    0x9c, 0x3, 0xff, 0x83, 0x40, 0x18, 0x40, 0x24,
    0x10, 0xf, 0xfe, 0x9, 0x90, 0x7, 0xdc, 0x1,
    0xff, 0xc3, 0x50, 0xf, 0xa, 0x80, 0x7f, 0xf0,
    0xe8, 0x3, 0xce, 0x1, 0xff, 0xc4, 0x23, 0x0,
    0xea, 0x0, 0xfc,

    /* U+0077 "w" */
    0x5f, 0xfe, 0x10, 0x8, 0x7f, 0xf0, 0x6, 0x2f,
    0xfe, 0x47, 0x0, 0xe2, 0x0, 0x94, 0x3, 0x18,
    0x4, 0xc0, 0x1c, 0xc4, 0x1, 0xcc, 0x1, 0x18,
    0x6, 0x50, 0x8, 0x80, 0x38, 0x80, 0x80, 0x31,
    0x0, 0x5a, 0x1, 0xbc, 0x2, 0xe0, 0xc, 0x60,
    0x7, 0x0, 0xdc, 0x1, 0x30, 0x6, 0x50, 0x8,
    0x80, 0x32, 0x80, 0x34, 0x3, 0x10, 0x4, 0x60,
    0x18, 0xc0, 0x26, 0x0, 0xdc, 0x0, 0x30, 0xc,
    0xc0, 0x2, 0x0, 0xf0, 0x80, 0x4, 0x3, 0x18,
    0x1, 0x40, 0x31, 0x0, 0x1c, 0x3, 0xca, 0x0,
    0x20, 0xc, 0xa0, 0x1, 0x0, 0xe1, 0xd, 0x0,
    0xf1, 0x80, 0x80, 0x61, 0x10, 0x4, 0x60, 0x18,
    0x80, 0xc0, 0x6, 0x20, 0xd, 0x2, 0x0, 0xca,
    0x1, 0x94, 0x3, 0x30, 0x30, 0x1, 0x54, 0x0,
    0x70, 0x60, 0xc, 0x40, 0x1b, 0xc0, 0x31, 0x1,
    0x0, 0x3c, 0xc0, 0x4, 0x4, 0x1, 0xbc, 0x3,
    0x10, 0x6, 0xe3, 0x0, 0x97, 0x40, 0x22, 0xe0,
    0xc, 0xa0, 0x19, 0x40, 0x31, 0x28, 0x4, 0x68,
    0x1, 0x39, 0x0, 0x63, 0x0, 0xc2, 0x20, 0x9,
    0xbc, 0x0, 0x40, 0x22, 0x0, 0x6b, 0x0, 0x42,
    0x1, 0xe5, 0x0, 0x89, 0x40, 0xe, 0x0, 0x50,
    0x1, 0x90, 0x4, 0xa0, 0x1e, 0x30, 0xc, 0x60,
    0xc, 0x0, 0x18, 0x1, 0x0, 0x31, 0x80, 0x7b,
    0x80, 0x3e, 0x50, 0x6, 0x80, 0x7d, 0xa0, 0x1e,
    0x50, 0xf, 0x8c, 0x0, 0x80, 0x1f, 0x30, 0x7,
    0x8c, 0x3, 0xc4, 0x1, 0x8, 0x80, 0x3c, 0x60,
    0x1f, 0x10, 0x7, 0x38, 0x6, 0x50, 0xe, 0x20,
    0xf, 0xce, 0x1, 0xda, 0x1, 0x8c, 0x3, 0x9c,
    0x3, 0xf1, 0x0, 0x71, 0x80, 0x6d, 0x0, 0xed,
    0x0, 0xfd, 0xa0, 0x1c, 0xa0, 0x19, 0x0, 0x38,
    0x80, 0x30,

    /* U+0078 "x" */
    0x7, 0xff, 0xee, 0x10, 0xf, 0xd3, 0xff, 0xda,
    0x0, 0x73, 0x0, 0xc3, 0x60, 0x1f, 0x23, 0x0,
    0x77, 0x0, 0x5c, 0x1, 0xca, 0xa0, 0xe, 0x1a,
    0x0, 0xe7, 0x30, 0x8, 0xa0, 0x3, 0xac, 0x40,
    0x35, 0x88, 0x6, 0x28, 0x0, 0xe7, 0x30, 0xc,
    0x34, 0x1, 0x2a, 0x80, 0x3b, 0x80, 0x3e, 0xe0,
    0xe, 0x46, 0x1, 0xb0, 0xe, 0x63, 0x0, 0xf8,
    0xa0, 0x3, 0xa4, 0xa8, 0x40, 0x31, 0x48, 0x7,
    0xf3, 0x90, 0x7, 0x62, 0x0, 0x77, 0x0, 0x7f,
    0xdc, 0x1, 0xc2, 0x1, 0xcc, 0x60, 0x1f, 0xf1,
    0xb8, 0x7, 0xf1, 0x48, 0x7, 0xff, 0x6, 0x8,
    0x3, 0xf4, 0x80, 0x7f, 0xf0, 0xf8, 0x3, 0xe5,
    0x40, 0xf, 0xfe, 0x1a, 0x0, 0x7c, 0xe0, 0x1f,
    0xfc, 0x32, 0x80, 0xf, 0x8a, 0x0, 0x3f, 0xf8,
    0x5c, 0x1, 0xfc, 0xe6, 0x1, 0xff, 0xc0, 0x73,
    0x0, 0xff, 0x70, 0x7, 0xfc, 0x50, 0x1, 0xce,
    0x1, 0xc5, 0x0, 0x1f, 0xee, 0x0, 0xe3, 0x89,
    0x0, 0xe7, 0x30, 0xf, 0xce, 0x60, 0x1d, 0xc0,
    0xc8, 0x1, 0xdc, 0x1, 0xf1, 0x40, 0x7, 0x49,
    0x0, 0x28, 0x40, 0x31, 0x40, 0x7, 0xb8, 0x3,
    0x91, 0x80, 0x21, 0xb0, 0xe, 0x73, 0x0, 0xce,
    0x60, 0x1d, 0x40, 0x1c, 0xaa, 0x0, 0xef, 0x0,
    0x8a, 0x0, 0x3a, 0x44, 0x3, 0xd6, 0x20, 0x18,
    0xdc, 0x1, 0xc0, 0x1c, 0x8c, 0x1, 0xf0, 0xd8,
    0x7, 0x41, 0x0,

    /* U+0079 "y" */
    0xaf, 0xfe, 0xd0, 0xf, 0xf9, 0xbf, 0xfc, 0x72,
    0x1, 0xc4, 0x60, 0x1f, 0xea, 0x0, 0xe3, 0x3c,
    0x1, 0xd2, 0x1, 0xfc, 0x46, 0x1, 0xd2, 0x0,
    0x90, 0xe, 0x50, 0xf, 0xea, 0x0, 0xe2, 0x50,
    0x2, 0x88, 0x7, 0x30, 0x7, 0xe6, 0x0, 0xea,
    0x0, 0xd2, 0x1, 0xd4, 0x1, 0xf2, 0x8, 0x7,
    0x38, 0x6, 0x60, 0xe, 0x32, 0x0, 0xf7, 0x80,
    0x73, 0x0, 0x70, 0xb0, 0x7, 0x58, 0x7, 0xa,
    0x0, 0x75, 0x80, 0x7a, 0xc0, 0x39, 0xc0, 0x39,
    0x80, 0x39, 0x8, 0x3, 0xc4, 0x80, 0x18, 0x54,
    0x3, 0x50, 0x7, 0x78, 0x7, 0xef, 0x0, 0xee,
    0x0, 0x8c, 0x80, 0x31, 0x20, 0x7, 0xe4, 0x20,
    0xc, 0x82, 0x0, 0xa0, 0xe, 0xb0, 0xf, 0xf5,
    0x80, 0x74, 0x80, 0x18, 0x3, 0xb, 0x0, 0x7f,
    0x98, 0x40, 0x33, 0x3, 0x0, 0x73, 0x0, 0x7f,
    0xf0, 0x18, 0x3, 0x9, 0x50, 0x7, 0x48, 0x7,
    0xff, 0x2, 0x40, 0x3a, 0xcc, 0x3, 0x28, 0x80,
    0x7f, 0xf0, 0x5, 0x40, 0x33, 0x0, 0x74, 0x80,
    0x7f, 0xf0, 0xa4, 0x3, 0xf8, 0xcc, 0x1, 0xff,
    0xc2, 0x33, 0x0, 0x7e, 0x90, 0xf, 0xfe, 0x24,
    0x80, 0x7c, 0x2a, 0x1, 0xff, 0xc4, 0x51, 0x0,
    0xf4, 0x80, 0x7f, 0xf1, 0xa4, 0x3, 0xcc, 0x1,
    0xff, 0xc6, 0x50, 0xe, 0x61, 0x0, 0xff, 0xe3,
    0x58, 0x7, 0x58, 0x7, 0xff, 0x18, 0x98, 0x3,
    0x21, 0x0, 0x7f, 0xf1, 0xa0, 0x3, 0xbc, 0x3,
    0xff, 0x8c, 0xaa, 0x0, 0xc4, 0x80, 0x1f, 0xfc,
    0x56, 0xa0, 0xe, 0xb0, 0xf, 0xfe, 0x1c, 0x7f,
    0xa4, 0x3, 0x89, 0x80, 0x3f, 0xf8, 0x66, 0x1,
    0xfa, 0x40, 0x3f, 0xf8, 0x8c, 0x1, 0xf4, 0x20,
    0x7, 0xff, 0x10, 0x80, 0x3d, 0x2e, 0x1, 0xff,
    0xc4, 0x14, 0x10, 0x1, 0x3f, 0x30, 0x7, 0xff,
    0xc,

    /* U+007A "z" */
    0x2f, 0xff, 0xfe, 0x46, 0x80, 0x7f, 0xfe, 0x4,
    0x0, 0x23, 0xff, 0xc0, 0x0, 0xfd, 0xc0, 0x5d,
    0xdf, 0xf7, 0x90, 0x7, 0xac, 0x80, 0x3f, 0xf8,
    0x3a, 0x40, 0x1d, 0x28, 0x1, 0xff, 0xc1, 0xa3,
    0x0, 0xe6, 0x60, 0x7, 0xff, 0x5, 0xd4, 0x3,
    0x92, 0x40, 0x3f, 0xf8, 0x2b, 0x0, 0x1c, 0x56,
    0x1, 0xff, 0xc1, 0x3a, 0x0, 0xe1, 0xc0, 0xf,
    0xfe, 0x8, 0xe8, 0x7, 0xb4, 0x40, 0x3f, 0xf8,
    0x38, 0x20, 0x1d, 0x46, 0x1, 0xff, 0xc1, 0xb2,
    0x0, 0xe8, 0x50, 0xf, 0xfe, 0xc, 0xa0, 0x7,
    0x2b, 0x80, 0x7f, 0xf0, 0x59, 0x80, 0x1c, 0x74,
    0x1, 0xff, 0xc1, 0x49, 0x0, 0xe2, 0xd0, 0xf,
    0xfe, 0x9, 0x58, 0x7, 0xbc, 0x40, 0x3f, 0xf8,
    0x3, 0x80, 0x1e, 0xb2, 0x0, 0xff, 0xe0, 0xe8,
    0x80, 0x7a, 0x77, 0x7f, 0xf8, 0xa, 0xe6, 0x1,
    0xf1, 0x17, 0xff, 0x4, 0xc0, 0x3f, 0xff, 0x20,

    /* U+007B "{" */
    0x0, 0xff, 0xe0, 0x1a, 0x88, 0x7, 0xfa, 0x3f,
    0x29, 0xc0, 0x3f, 0xe, 0xb8, 0x5, 0xe0, 0x1f,
    0xb4, 0x80, 0x32, 0x0, 0x7c, 0xe6, 0x1, 0x15,
    0xe8, 0x7, 0xd0, 0x1, 0xbd, 0x0, 0x3e, 0x50,
    0xc, 0x64, 0x1, 0xfb, 0x0, 0x32, 0x80, 0x7f,
    0x28, 0x6, 0x10, 0xf, 0xe2, 0x0, 0xde, 0x1,
    0xfc, 0x20, 0x1f, 0xff, 0xf0, 0xc, 0x40, 0x1f,
    0x90, 0x3, 0x9c, 0x3, 0xf7, 0x0, 0x62, 0x20,
    0x7, 0xce, 0xa0, 0x1a, 0x0, 0x31, 0x34, 0x6c,
    0x0, 0x65, 0x50, 0x6, 0x79, 0x72, 0x0, 0xcd,
    0x40, 0x1f, 0xf1, 0xe4, 0x80, 0x7f, 0xf0, 0xe,
    0x84, 0x3, 0xff, 0x82, 0xde, 0x40, 0x1c, 0xbf,
    0x8e, 0x1, 0x87, 0x4, 0x3, 0xc7, 0x1a, 0x1,
    0x86, 0x0, 0x3f, 0x14, 0x0, 0x66, 0x0, 0xfe,
    0x50, 0xe, 0x40, 0xf, 0xc4, 0x1, 0xc4, 0x1,
    0xff, 0xc2, 0x10, 0xf, 0xff, 0xc9, 0x0, 0x6f,
    0x0, 0xfe, 0x60, 0xc, 0x40, 0x1f, 0xd8, 0x1,
    0x9c, 0x3, 0xf9, 0x40, 0x31, 0x10, 0x3, 0xf1,
    0x20, 0x6, 0x90, 0xf, 0xe9, 0x0, 0xc9, 0x8c,
    0x1, 0xf1, 0x50, 0x6, 0x3d, 0x0, 0xfc, 0xb4,
    0x1, 0x8c, 0x3, 0xf9, 0x79, 0xc8, 0x30,

    /* U+007C "|" */
    0x8f, 0xf8, 0xc0, 0x3f, 0xff, 0xe0, 0x1f, 0xff,
    0xf0, 0xf, 0xff, 0x30,

    /* U+007D "}" */
    0x15, 0x30, 0xf, 0xfe, 0x2, 0x56, 0x7c, 0x0,
    0x7f, 0xb4, 0x2, 0x7d, 0x10, 0xf, 0xc8, 0x1,
    0x8b, 0x0, 0x3f, 0x66, 0x8, 0x2, 0x28, 0x0,
    0xfc, 0x7e, 0x1, 0x9c, 0x40, 0x3f, 0x12, 0x0,
    0x67, 0x0, 0xfe, 0x30, 0xd, 0x80, 0x1f, 0xde,
    0x1, 0x9c, 0x3, 0xf8, 0x40, 0x31, 0x0, 0x7f,
    0xff, 0xc0, 0x3f, 0x88, 0x3, 0x84, 0x3, 0xf2,
    0x80, 0x72, 0x80, 0x7e, 0x12, 0x0, 0xde, 0x1,
    0xfd, 0x0, 0x19, 0x20, 0x3, 0xf2, 0xa8, 0x3,
    0x3e, 0xc3, 0x10, 0x7, 0x52, 0x80, 0x62, 0x79,
    0x40, 0xf, 0x55, 0x4, 0x3, 0xff, 0x80, 0x3e,
    0x20, 0x1f, 0xf1, 0x7a, 0x80, 0x7f, 0xc3, 0x82,
    0x1, 0x9f, 0x3d, 0x80, 0x34, 0x88, 0x6, 0xc8,
    0x30, 0xf, 0x30, 0x6, 0x73, 0x0, 0xf8, 0xc4,
    0x3, 0x58, 0x7, 0xe6, 0x0, 0xe2, 0x0, 0xfc,
    0x60, 0x1c, 0x20, 0x1f, 0xff, 0x81, 0x0, 0xc2,
    0x1, 0xfd, 0xc0, 0x18, 0x80, 0x3f, 0x94, 0x3,
    0x20, 0x7, 0xe2, 0x30, 0xd, 0x40, 0x1f, 0xa4,
    0x3, 0x21, 0x0, 0x79, 0xb1, 0x0, 0x34, 0x0,
    0x7d, 0x86, 0x1, 0xa4, 0xc0, 0x3e, 0xd0, 0xd,
    0x2c, 0x1, 0xf9, 0x0, 0x9f, 0x98, 0x3, 0xf8,

    /* U+007E "~" */
    0x0, 0xcb, 0x7d, 0xfb, 0x26, 0x1, 0xff, 0xc5,
    0xba, 0x41, 0x2, 0x6c, 0xa1, 0x0, 0xf9, 0x6a,
    0x18, 0xc0, 0x16, 0x80, 0x1f, 0x2f, 0x98, 0x7,
    0xbd, 0x5e, 0x6c, 0x19, 0x0, 0x3f, 0x87, 0x10,
    0x3, 0x12, 0x80, 0x5c, 0x16, 0x1, 0xff, 0xc0,
    0xba, 0x30, 0x3f, 0x0, 0xca, 0x44, 0x0, 0x8b,
    0x3f, 0x58, 0x3, 0x97, 0x3f, 0x8, 0x2, 0x13,
    0x70, 0xd, 0xe6, 0x5, 0x38, 0x20, 0x1f, 0xf4,
    0x81, 0x80, 0x4a, 0x40, 0x18, 0xfc, 0x80, 0x3f,
    0x8d, 0xc1, 0xea, 0x1b, 0x80, 0x3c, 0x38, 0xa0,
    0x1f, 0x1e, 0x80, 0x5, 0x5e, 0x50, 0x3, 0xe1,
    0xac, 0x62, 0x0, 0x1c, 0xe0, 0x80, 0x0,

    /* U+00A0 " " */

    /* U+00A1 "¡" */
    0x3, 0xcf, 0xea, 0x10, 0x2c, 0x30, 0x15, 0xd0,
    0xa0, 0xe, 0x33, 0x8, 0x7, 0x9b, 0x80, 0x3c,
    0xee, 0x20, 0xc, 0xc4, 0x1b, 0xa, 0xd5, 0x20,
    0x13, 0xd4, 0xa8, 0x7, 0xff, 0x5f, 0xff, 0x9c,
    0x3, 0xef, 0x0, 0xff, 0xe9, 0x88, 0x8, 0x7,
    0xff, 0x24, 0xc0, 0xc0, 0x3f, 0xfa, 0x22, 0x2,
    0x1, 0xff, 0xcb, 0x70, 0xe, 0x70, 0xf, 0xfe,
    0x6b, 0xb3, 0x75, 0x80,

    /* U+00A2 "¢" */
    0x0, 0xfc, 0xbf, 0xf8, 0x3, 0xff, 0xfe, 0x1,
    0x8c, 0x3, 0xff, 0x8a, 0x2f, 0xb2, 0x1, 0xbf,
    0x18, 0x3, 0xf9, 0x7e, 0x8, 0x3, 0xc7, 0x3c,
    0x80, 0x1e, 0x8a, 0x10, 0xf, 0xf0, 0xdb, 0x0,
    0x66, 0x70, 0xf, 0xfe, 0x14, 0x98, 0x0, 0xa4,
    0x3, 0xc6, 0xca, 0x20, 0x1e, 0xf0, 0x4, 0x0,
    0x70, 0xe6, 0x26, 0xba, 0x0, 0x38, 0xd0, 0x54,
    0x3, 0xb4, 0xc0, 0x33, 0xc0, 0x7, 0x63, 0x80,
    0x72, 0x98, 0x7, 0x9c, 0x3, 0x8f, 0x0, 0x3b,
    0xc0, 0x3f, 0x21, 0x16, 0x17, 0x0, 0xe6, 0x0,
    0xfd, 0x7b, 0xba, 0x8c, 0x3, 0x88, 0x3, 0xff,
    0x84, 0x20, 0x1c, 0x20, 0x1f, 0xfd, 0x71, 0x0,
    0xe1, 0x0, 0xff, 0xe1, 0x10, 0x7, 0x10, 0x7,
    0xff, 0x9, 0x40, 0x39, 0x40, 0x3f, 0x2b, 0x36,
    0x4c, 0x0, 0xed, 0x0, 0xfd, 0x73, 0x3b, 0xd0,
    0x3, 0x91, 0x0, 0x1e, 0x61, 0x0, 0xc4, 0x2c,
    0x1, 0xd6, 0xa0, 0x19, 0xe4, 0x3, 0xb4, 0x20,
    0x3, 0xd5, 0xd9, 0x8f, 0x80, 0xe, 0x34, 0x1,
    0xa0, 0xf, 0x9, 0x98, 0x3, 0xc3, 0xc0, 0x12,
    0xd0, 0x7, 0xff, 0x4, 0x74, 0x80, 0x32, 0xe1,
    0x0, 0x7f, 0x97, 0xcc, 0x3, 0xc7, 0xb6, 0xa2,
    0x1, 0x89, 0xf6, 0x84, 0x3, 0xf9, 0x2a, 0xc0,
    0x36, 0xc1, 0x0, 0x7f, 0xff, 0xc0, 0x3f, 0xf8,
    0x40,

    /* U+00A3 "£" */
    0x0, 0xfe, 0x6a, 0xdf, 0xfb, 0x69, 0x40, 0x3f,
    0xf8, 0x2d, 0xd2, 0xa4, 0x1, 0x12, 0xd7, 0x28,
    0x7, 0xfa, 0xa4, 0x40, 0x3f, 0x86, 0xa0, 0x3,
    0xf4, 0xa8, 0x7, 0xff, 0x5, 0xd8, 0x3, 0xc6,
    0xc0, 0x1f, 0xfc, 0x38, 0x0, 0xf4, 0x0, 0x7a,
    0x7f, 0xdd, 0x0, 0x1c, 0x2c, 0x1, 0xc8, 0x1,
    0xd2, 0xc0, 0x1, 0x79, 0x0, 0xed, 0x0, 0xc6,
    0x1, 0xc2, 0xc0, 0x1c, 0xc0, 0x1c, 0xc0, 0x19,
    0x80, 0x39, 0x40, 0x3e, 0x42, 0x2c, 0xc0, 0x1f,
    0xe1, 0x0, 0xfa, 0xf7, 0x75, 0x80, 0x61, 0x0,
    0xe1, 0x0, 0xff, 0xe5, 0xb8, 0x7, 0xff, 0x75,
    0xc0, 0x38, 0x40, 0x3f, 0xf8, 0x4d, 0xba, 0xe0,
    0xe, 0x2d, 0xdf, 0x30, 0x7, 0xdc, 0x45, 0x0,
    0x78, 0x8b, 0xdc, 0x1, 0xff, 0xff, 0x0, 0xd1,
    0xff, 0x0, 0x7b, 0xff, 0xd0, 0x1, 0xff, 0xc5,
    0x10, 0xf, 0xff, 0x19, 0x80, 0x7f, 0xf2, 0xcc,
    0x3, 0xff, 0x96, 0x20, 0x1f, 0xfc, 0x44, 0x0,
    0xe5, 0x0, 0xff, 0xe2, 0xf8, 0x7, 0x48, 0x7,
    0xff, 0x9, 0xbb, 0xd0, 0x3, 0xb7, 0xbb, 0xff,
    0x82, 0x62, 0x20, 0xf, 0x84, 0x7f, 0xf8, 0x40,
    0x1f, 0xff, 0xd0,

    /* U+00A4 "¤" */
    0x0, 0x94, 0x40, 0x3f, 0xf8, 0x6c, 0x1, 0xcb,
    0x58, 0x20, 0x5, 0xad, 0xff, 0x75, 0xb0, 0x80,
    0x22, 0x6c, 0x2, 0x4a, 0x2, 0xc5, 0xda, 0x52,
    0x0, 0xa, 0x4f, 0x3b, 0xc0, 0x96, 0x0, 0xa0,
    0x8, 0xa8, 0x80, 0x3f, 0xa2, 0x0, 0x12, 0x38,
    0x50, 0x7, 0xff, 0x21, 0x1c, 0x12, 0xc0, 0x3c,
    0x95, 0xba, 0xb6, 0x0, 0xf2, 0x58, 0x4, 0x82,
    0x1, 0xaa, 0xd4, 0x88, 0x93, 0xa6, 0x1, 0xb8,
    0x3, 0x38, 0x80, 0x56, 0xa0, 0x1e, 0x2c, 0x20,
    0xa, 0x40, 0x35, 0x0, 0x4e, 0x80, 0x1f, 0xdc,
    0x1, 0x19, 0x0, 0x4, 0x80, 0x29, 0x0, 0xff,
    0x1a, 0x0, 0x4a, 0x0, 0x40, 0x8, 0xc4, 0x3,
    0xfe, 0xd0, 0xb, 0x40, 0x6, 0x1, 0x28, 0x7,
    0xff, 0x1, 0x40, 0x26, 0x0, 0x8, 0x4, 0x20,
    0x1f, 0xfc, 0x1, 0x0, 0xf0, 0x80, 0x42, 0x1,
    0xff, 0xc0, 0x10, 0xf, 0x10, 0x4, 0xa0, 0x1f,
    0xfc, 0x5, 0x0, 0x98, 0x0, 0xa0, 0x11, 0x88,
    0x7, 0xfd, 0xa0, 0x16, 0x80, 0x4, 0x80, 0x28,
    0x0, 0xff, 0x1a, 0x0, 0x4a, 0x1, 0x50, 0x4,
    0xc8, 0x1, 0xf8, 0x78, 0x2, 0x32, 0x0, 0x98,
    0x3, 0x5a, 0x80, 0x78, 0xb4, 0x80, 0x2b, 0x0,
    0xd4, 0x1, 0xd5, 0x6a, 0x42, 0x91, 0xa6, 0x1,
    0xa1, 0x0, 0x16, 0x80, 0x1e, 0x4a, 0xde, 0xb7,
    0x0, 0xfa, 0xcc, 0x3, 0xff, 0x96, 0xe1, 0x68,
    0x0, 0x9b, 0x20, 0xf, 0xe7, 0xe2, 0x0, 0x5a,
    0x0, 0x2d, 0x25, 0x93, 0x6d, 0x48, 0x0, 0x29,
    0x1d, 0x3, 0x85, 0x68, 0x1, 0xad, 0x80, 0x24,
    0xad, 0xff, 0x75, 0xb8, 0x80, 0x7, 0x50, 0x0,

    /* U+00A5 "¥" */
    0x4f, 0xff, 0x28, 0x7, 0xfd, 0x3f, 0xfe, 0x14,
    0x30, 0xe, 0x90, 0xf, 0xf0, 0xb0, 0x7, 0x38,
    0x84, 0x0, 0x71, 0x98, 0x3, 0xf9, 0x80, 0x3d,
    0x20, 0x4, 0x40, 0x7, 0x40, 0x7, 0xf4, 0x80,
    0x74, 0x8, 0x5, 0x0, 0x1c, 0x84, 0x1, 0xf3,
    0x8, 0x6, 0x17, 0x0, 0xc6, 0x80, 0x1d, 0x60,
    0x1f, 0x58, 0x7, 0x48, 0x7, 0xa0, 0x3, 0x98,
    0x40, 0x39, 0x8, 0x3, 0xb, 0x80, 0x78, 0xd4,
    0x3, 0xa4, 0x3, 0xbc, 0x3, 0xa4, 0x3, 0xf4,
    0x0, 0x73, 0x0, 0x63, 0x40, 0xc, 0x2e, 0x1,
    0xf8, 0x94, 0x3, 0xb, 0x0, 0x52, 0x1, 0xd0,
    0x1, 0xfe, 0x80, 0xe, 0xb0, 0x0, 0xa8, 0x6,
    0x26, 0x0, 0xff, 0x13, 0x0, 0x62, 0x50, 0x90,
    0xe, 0xb0, 0xf, 0xfe, 0x5, 0x80, 0x74, 0x83,
    0x80, 0x62, 0x60, 0xf, 0xfe, 0x1, 0x30, 0x6,
    0x3a, 0x0, 0xe8, 0x0, 0xff, 0xe1, 0x40, 0x7,
    0x28, 0x6, 0x25, 0x0, 0xff, 0xe1, 0xb, 0x80,
    0x7f, 0x40, 0x7, 0xf8, 0x7f, 0xf9, 0xc0, 0x3f,
    0xab, 0xff, 0x38, 0x7, 0xff, 0xbc, 0x59, 0xbe,
    0x10, 0xe, 0x46, 0x6f, 0x18, 0x7, 0xa6, 0x7e,
    0x50, 0xe, 0xe9, 0x9f, 0x20, 0x7, 0xff, 0x50,
    0x7f, 0xfe, 0x40, 0xe, 0xaf, 0xff, 0x38, 0x7,
    0xff, 0xbc, 0x59, 0xbe, 0x10, 0xe, 0x46, 0x6f,
    0x18, 0x7, 0xa6, 0x7e, 0x50, 0xe, 0xe9, 0x9f,
    0x20, 0x7, 0xff, 0xfc, 0x3, 0xff, 0xe6,

    /* U+00A6 "¦" */
    0x8f, 0xfd, 0xc0, 0x1f, 0xff, 0xf0, 0xf, 0xfe,
    0x1e, 0x3b, 0xe9, 0x48, 0x8c, 0xe0, 0x1f, 0xfc,
    0x8, 0xff, 0xdc, 0x1, 0xff, 0xff, 0x0, 0xff,
    0xe4, 0xd5, 0x78,

    /* U+00A7 "§" */
    0x0, 0xf8, 0xe2, 0xfb, 0xfe, 0xec, 0x94, 0x0,
    0xff, 0xe0, 0x36, 0xe3, 0xa0, 0x80, 0x42, 0x6d,
    0x7c, 0xe0, 0x1f, 0x86, 0xe4, 0x80, 0x3f, 0xe1,
    0x8c, 0x10, 0xf, 0x6a, 0x0, 0x7f, 0xf0, 0xcf,
    0x40, 0x3a, 0xc, 0x3, 0xf0, 0x80, 0x7e, 0x38,
    0x0, 0xce, 0x1, 0xc3, 0x3d, 0xfd, 0xfa, 0xe0,
    0x1e, 0x71, 0x0, 0x20, 0x7, 0xb1, 0x84, 0x2,
    0x28, 0xb0, 0xf, 0x20, 0x0, 0xc0, 0x39, 0x88,
    0x3, 0xe4, 0x50, 0xe, 0xc0, 0xf, 0xc2, 0x1,
    0xfd, 0xe0, 0x1c, 0x60, 0x1, 0x0, 0xe4, 0x0,
    0xfe, 0x5d, 0xde, 0xb0, 0x2, 0x0, 0x71, 0xd0,
    0x80, 0x7e, 0x22, 0xe1, 0x0, 0x11, 0x0, 0x39,
    0x7a, 0x94, 0x3, 0xff, 0x87, 0x20, 0x1f, 0x2d,
    0x7d, 0xb9, 0x80, 0x7f, 0xc9, 0x20, 0x1f, 0xc9,
    0x19, 0xd0, 0x40, 0x1f, 0xca, 0x20, 0x1f, 0xf0,
    0xbe, 0xd1, 0x0, 0x79, 0x70, 0x40, 0x3f, 0xf8,
    0x4b, 0xac, 0x1, 0x8a, 0x80, 0x3a, 0x18, 0x40,
    0x3f, 0xd2, 0xe0, 0x14, 0x0, 0x75, 0x3c, 0xf6,
    0x39, 0x0, 0x7e, 0x83, 0x0, 0x20, 0x7, 0x28,
    0x4, 0x71, 0xba, 0x60, 0xf, 0xa4, 0x4, 0x40,
    0x18, 0x80, 0x3e, 0x29, 0xe3, 0x0, 0xe5, 0x0,
    0xf8, 0x80, 0x3f, 0x87, 0x40, 0x3c, 0x22, 0x0,
    0xf4, 0x80, 0x7f, 0x9, 0x80, 0x7c, 0x80, 0x1c,
    0xd8, 0x80, 0x1f, 0x84, 0x3, 0x84, 0x3c, 0x3,
    0xc7, 0x7d, 0x28, 0x1, 0x8c, 0x80, 0x32, 0x0,
    0x11, 0xc0, 0x3e, 0x16, 0xbf, 0xb6, 0x4d, 0x0,
    0xef, 0x0, 0xa1, 0xc0, 0x3f, 0xc9, 0x36, 0x20,
    0x19, 0xd0, 0x3, 0x45, 0x90, 0x7, 0xff, 0xe,
    0x60, 0x3, 0xc9, 0xb6, 0x80, 0x1f, 0xfc, 0x13,
    0x0, 0xfe, 0x4b, 0xe9, 0x51, 0x0, 0xfe, 0xa3,
    0x0, 0xff, 0xb, 0x57, 0x63, 0x88, 0x7, 0xde,
    0x1, 0xff, 0xc2, 0x38, 0xea, 0x10, 0xe, 0x32,
    0x0, 0xff, 0xe2, 0x2f, 0x88, 0x7, 0x20, 0x17,
    0xff, 0x68, 0x7, 0xf0, 0xb0, 0x7, 0x8, 0x10,
    0x7, 0x10, 0x80, 0x7f, 0xf1, 0x88, 0x3, 0xac,
    0x3, 0xf0, 0xb0, 0x7, 0x8, 0x1, 0x40, 0x39,
    0x71, 0x44, 0x2, 0x16, 0xc1, 0x0, 0xe4, 0x0,
    0x48, 0x7, 0x8e, 0xbb, 0xfb, 0xfa, 0x48, 0x3,
    0x90, 0x80, 0x3, 0x60, 0x1f, 0xc2, 0x1, 0xf8,
    0x68, 0x3, 0x25, 0x0, 0x7f, 0xf1, 0xb, 0x4,
    0x3, 0x97, 0x94, 0x3, 0xff, 0x82, 0xfa, 0x40,
    0x1f, 0xd, 0x74, 0xb1, 0x88, 0x4, 0x26, 0xd5,
    0xf0, 0x1, 0xc0,

    /* U+00A8 "¨" */
    0x0, 0x1b, 0x20, 0x7, 0xc2, 0xca, 0x20, 0x9,
    0xc9, 0xbc, 0x0, 0xe4, 0xe9, 0xaf, 0x32, 0x60,
    0x8, 0xd8, 0x3, 0x48, 0x4, 0x30, 0xc0, 0x1d,
    0xc0, 0x18, 0x80, 0x33, 0x28, 0x80, 0x6b, 0x0,
    0xc8, 0x1, 0x94, 0x74, 0xc0, 0xa8, 0xc0, 0x35,
    0x28, 0xb, 0x40,

    /* U+00A9 "©" */
    0x0, 0xff, 0xea, 0x2d, 0x77, 0xfd, 0xb2, 0x60,
    0x1f, 0xfc, 0x15, 0xea, 0x51, 0x0, 0x89, 0xb3,
    0x6, 0x1, 0xfe, 0xaa, 0x9, 0x46, 0x7f, 0xba,
    0xd8, 0x4f, 0x1c, 0x3, 0xf6, 0x28, 0x4e, 0xb9,
    0x80, 0x5, 0x27, 0xd8, 0x22, 0x0, 0x1e, 0xa3,
    0x1d, 0x60, 0x8, 0xcc, 0x20, 0x1, 0x9a, 0x7,
    0x50, 0xc, 0x8a, 0x18, 0x40, 0x33, 0xf9, 0x8e,
    0xd6, 0x0, 0x2c, 0x85, 0x88, 0x5, 0x21, 0x24,
    0x3, 0x8c, 0x1, 0x8a, 0x60, 0x0, 0xc8, 0x32,
    0x0, 0x42, 0x23, 0x0, 0x2c, 0x82, 0x3b, 0xf0,
    0x81, 0xc4, 0x1, 0x20, 0xe0, 0xd, 0xa, 0x0,
    0xa, 0x83, 0x38, 0x81, 0xf0, 0x1, 0xc0, 0x4,
    0x60, 0xa0, 0x80, 0xa0, 0x4, 0x0, 0x50, 0x6,
    0x32, 0x20, 0x80, 0x56, 0x1a, 0x4, 0x4, 0x0,
    0x20, 0x1, 0x80, 0x76, 0xe9, 0xc0, 0x23, 0x3,
    0x10, 0x10, 0xf, 0xfe, 0x33, 0x83, 0x80, 0x7f,
    0xf3, 0x4, 0x4, 0x3, 0xff, 0x8c, 0xe0, 0xe0,
    0x40, 0x40, 0x2, 0x0, 0x18, 0x7, 0x7f, 0x9c,
    0x2, 0x30, 0x30, 0x40, 0x50, 0x2, 0x0, 0x20,
    0x3, 0x20, 0x0, 0x80, 0x2b, 0xc, 0xd, 0xa,
    0x0, 0xb, 0x82, 0x52, 0x1b, 0x50, 0x1, 0x40,
    0x6, 0x61, 0x40, 0x43, 0x26, 0x0, 0x42, 0x2,
    0xde, 0x48, 0x85, 0x0, 0x50, 0xc, 0x1, 0x40,
    0x49, 0x0, 0x2e, 0x4c, 0x0, 0x2b, 0x8a, 0x0,
    0x74, 0x18, 0x0, 0x91, 0x83, 0x8, 0x0, 0xd9,
    0xfe, 0xea, 0x30, 0x3, 0x40, 0x50, 0x7, 0x4a,
    0xe, 0xb0, 0x7, 0xe1, 0x99, 0x4, 0x20, 0x7,
    0xad, 0x82, 0x75, 0xcc, 0x0, 0x29, 0x3c, 0xc1,
    0x2e, 0x1, 0xfa, 0x68, 0x89, 0x19, 0xfe, 0xeb,
    0x60, 0x4d, 0x60, 0xf, 0xf2, 0xed, 0xb1, 0x0,
    0x4, 0xdf, 0x2c, 0x80, 0x38,

    /* U+00AA "ª" */
    0x0, 0xc5, 0x1b, 0xfe, 0xeb, 0x60, 0xf, 0x9f,
    0x5c, 0x80, 0x2, 0x93, 0xa2, 0x1, 0x9e, 0x0,
    0x3f, 0x16, 0x80, 0x68, 0x0, 0x9a, 0xf2, 0x44,
    0x0, 0x68, 0x0, 0x30, 0x9, 0x65, 0xd, 0xac,
    0x2, 0xc0, 0x1, 0xf6, 0xe4, 0x0, 0x64, 0x0,
    0x88, 0x2, 0x12, 0x32, 0x0, 0xfc, 0x20, 0x18,
    0xa3, 0x3b, 0xfe, 0xe0, 0xf, 0xa7, 0x5c, 0xc4,
    0x3, 0xfc, 0xec, 0x1, 0x23, 0xbe, 0x0, 0xf4,
    0x80, 0x57, 0x68, 0x8a, 0x40, 0x38, 0x44, 0x0,
    0x44, 0x0, 0x7f, 0xf2, 0x20, 0x3, 0x84, 0x2,
    0x47, 0x22, 0x2e, 0xb0, 0x7, 0x98, 0x2, 0x8d,
    0xd5, 0x10, 0x6, 0x70, 0x4, 0x98, 0x7, 0xd6,
    0x40, 0x2, 0x0, 0xb2, 0xc, 0x0, 0x4d, 0xa9,
    0x48, 0x85, 0x10,

    /* U+00AB "«" */
    0x0, 0xf3, 0x34, 0xa0, 0x19, 0x59, 0xa0, 0xf,
    0x44, 0xcc, 0x60, 0x13, 0x54, 0xcb, 0xc0, 0x39,
    0x1c, 0x0, 0x4c, 0x0, 0x29, 0x0, 0xc, 0x0,
    0x61, 0xa0, 0xb, 0x80, 0x2f, 0x0, 0xa0, 0x40,
    0x35, 0x8, 0x1, 0x4c, 0x1, 0x24, 0x0, 0x36,
    0x0, 0xcc, 0x80, 0x15, 0x80, 0x11, 0x80, 0x2f,
    0x0, 0xc5, 0x20, 0x14, 0x8, 0xd, 0x0, 0x4c,
    0x60, 0x1b, 0xc0, 0x22, 0x70, 0x5, 0x8, 0x0,
    0x60, 0x3, 0x49, 0x0, 0x52, 0x0, 0x64, 0x0,
    0xa0, 0x40, 0x33, 0x80, 0x42, 0x80, 0xa, 0x0,
    0xce, 0x1, 0xd4, 0x1, 0xb, 0x80, 0x38, 0x3,
    0x40, 0x7, 0x23, 0x0, 0x50, 0x20, 0x52, 0x1,
    0x31, 0x80, 0x74, 0x90, 0x5, 0x60, 0x6, 0x40,
    0xb, 0xc0, 0x3d, 0xe0, 0x12, 0xa0, 0x2, 0x84,
    0x0, 0x6c, 0x1, 0xc5, 0x20, 0x14, 0x80, 0x6,
    0x80, 0x28, 0x10, 0xe, 0x64, 0x0, 0x13, 0x80,
    0x11, 0x80, 0x3, 0x0, 0x1e, 0xa1, 0x0, 0x40,
    0x80, 0x24, 0x80, 0xc, 0x60, 0x1c, 0x34, 0x1,
    0x58, 0x5, 0xe0, 0x17, 0x80,

    /* U+00AC "¬" */
    0xb, 0xbf, 0xfe, 0x2d, 0x2, 0x27, 0xff, 0x18,
    0x3, 0xff, 0xb7, 0xff, 0xff, 0xc1, 0x90, 0xf,
    0xff, 0xf8, 0x7, 0xff, 0x1d, 0x5d, 0xe9,

    /* U+00AD "­" */
    0xde, 0xef, 0xfe, 0x26, 0x90, 0x8f, 0xff, 0x10,
    0x80, 0x3f, 0xfd, 0x40,

    /* U+00AE "®" */
    0x0, 0xff, 0xea, 0x2d, 0x77, 0xfd, 0xb2, 0x60,
    0x1f, 0xfc, 0x16, 0xea, 0x51, 0x0, 0x89, 0xb3,
    0x6, 0x1, 0xfe, 0xb9, 0x12, 0x8c, 0xff, 0x75,
    0xb0, 0x1e, 0x30, 0x7, 0xec, 0x41, 0xad, 0x73,
    0x0, 0xa, 0x4f, 0x30, 0x4b, 0x80, 0x7a, 0x8c,
    0xb1, 0x8, 0xb8, 0x2, 0x19, 0xa0, 0x85, 0x0,
    0xca, 0xa0, 0xf2, 0x7d, 0xde, 0xfd, 0x60, 0x2,
    0xc8, 0x58, 0x6, 0x80, 0xa2, 0x0, 0xfc, 0x53,
    0x20, 0x3, 0x20, 0xc0, 0x1, 0x8, 0x8a, 0x1,
    0xdf, 0xf6, 0xa8, 0x31, 0x0, 0x20, 0x18, 0x1,
    0xc1, 0x60, 0x1f, 0xc5, 0x0, 0x7, 0x0, 0x19,
    0x85, 0x1, 0xc1, 0x0, 0x3f, 0xc2, 0x0, 0x10,
    0xa, 0xc3, 0x0, 0x80, 0x80, 0x3c, 0x67, 0x36,
    0x81, 0x20, 0x4, 0x40, 0x42, 0x4, 0x1, 0xf6,
    0x65, 0x22, 0x9e, 0x1, 0x98, 0x4, 0x3, 0xff,
    0x84, 0xb6, 0x40, 0x1f, 0x8, 0x10, 0x7, 0xdf,
    0xec, 0x5, 0x10, 0xe, 0x60, 0x10, 0x20, 0x20,
    0xf, 0xc6, 0x60, 0x80, 0xe, 0xd0, 0x20, 0x40,
    0x50, 0xf, 0xe8, 0x6, 0x10, 0xc, 0x81, 0x81,
    0xa1, 0x40, 0x1f, 0xc8, 0x41, 0x0, 0x11, 0x98,
    0x50, 0x10, 0x88, 0xc0, 0x1f, 0xd6, 0xc, 0x20,
    0xf, 0x9, 0x0, 0xa4, 0x24, 0x81, 0x5d, 0xc0,
    0x19, 0xa1, 0xc8, 0x1c, 0xc5, 0xc0, 0x24, 0x60,
    0xc2, 0x38, 0x80, 0x7, 0x3c, 0x1b, 0x40, 0x50,
    0x7, 0x4a, 0xe, 0xb0, 0x7, 0xe1, 0xa9, 0x9,
    0x40, 0xf, 0x5a, 0x84, 0xeb, 0x98, 0x88, 0x96,
    0x79, 0x42, 0x98, 0x3, 0xf5, 0x50, 0x89, 0x19,
    0xdc, 0xda, 0x60, 0x4d, 0x50, 0xf, 0xf2, 0xed,
    0x29, 0x0, 0x4, 0xdf, 0x6c, 0x80, 0x38,

    /* U+00AF "¯" */
    0x19, 0x9f, 0xfe, 0x1a, 0x9b, 0x37, 0xff, 0xf,
    0x40, 0x3f, 0xfa, 0xc0,

    /* U+00B0 "°" */
    0x0, 0x8a, 0x7b, 0xfa, 0x44, 0x3, 0x97, 0x58,
    0x40, 0x5b, 0xd0, 0x2, 0x3a, 0x0, 0xf0, 0xd8,
    0x80, 0x3c, 0x0, 0x33, 0x92, 0x1, 0x58, 0x9,
    0x80, 0x35, 0x8d, 0xa8, 0x0, 0xa0, 0xa0, 0x2,
    0x30, 0x9, 0x40, 0x22, 0x0, 0xff, 0xe0, 0xb0,
    0x0, 0x8c, 0x2, 0x40, 0x8, 0x88, 0x60, 0xd,
    0x63, 0x6b, 0x0, 0x28, 0x3, 0xc0, 0x3, 0x39,
    0x20, 0x14, 0x0, 0xe, 0x80, 0x3e, 0xb2, 0x0,
    0x97, 0x54, 0x40, 0x5b, 0x50, 0x0,

    /* U+00B1 "±" */
    0x0, 0xfa, 0x3f, 0xf5, 0x80, 0x7f, 0xff, 0xc0,
    0x3f, 0xfd, 0x22, 0x3e, 0x0, 0xe7, 0x11, 0xf0,
    0x6f, 0x77, 0x9c, 0x3, 0x1f, 0x77, 0xb4, 0x3,
    0xff, 0xfe, 0x1, 0xdb, 0xff, 0xe7, 0x0, 0xc9,
    0xff, 0xed, 0x0, 0xff, 0xff, 0x80, 0x7f, 0xfa,
    0x38, 0xcf, 0x10, 0x7, 0xff, 0x9, 0xb3, 0x34,
    0x80, 0x7f, 0xf3, 0xd3, 0xff, 0xff, 0x8c, 0x42,
    0x1, 0xff, 0xff, 0x0, 0xc0,

    /* U+00B2 "²" */
    0x0, 0x8a, 0x77, 0xfd, 0xd6, 0xa0, 0x1e, 0x7d,
    0x62, 0x0, 0xa, 0x56, 0x8, 0x4, 0xf0, 0x1,
    0xf8, 0xe8, 0x0, 0x30, 0x1, 0x9e, 0x8, 0x2,
    0x43, 0x7, 0x0, 0xd9, 0xf, 0xa0, 0x19, 0x3,
    0x80, 0x23, 0x30, 0x4, 0x60, 0x17, 0x4, 0x7f,
    0xd8, 0x1, 0x9, 0x80, 0x42, 0x1, 0xfd, 0x60,
    0x1b, 0x0, 0x3f, 0x3a, 0x80, 0x46, 0x80, 0x1f,
    0x34, 0x0, 0x43, 0xc0, 0x1f, 0x3c, 0x80, 0x43,
    0xa4, 0x1, 0xe7, 0x80, 0x8, 0x70, 0xc0, 0x3d,
    0x10, 0x0, 0x8f, 0xc8, 0x3, 0xd0, 0xe0, 0x12,
    0xe0, 0x80, 0x7a, 0x5c, 0x2, 0x2c, 0x66, 0xf0,
    0x1b, 0x0, 0x62, 0x99, 0xf8, 0x40, 0x3f, 0xfa,
    0x40,

    /* U+00B3 "³" */
    0x0, 0x92, 0xb7, 0xfd, 0xd6, 0xc0, 0x1e, 0xab,
    0x52, 0x0, 0xa, 0x4e, 0x90, 0x5, 0x2a, 0x1,
    0xf8, 0xbc, 0x0, 0x4c, 0x1, 0xb, 0xb8, 0x80,
    0x22, 0x60, 0x70, 0xd, 0xf1, 0xd, 0x20, 0xb,
    0x1, 0x33, 0x2d, 0x10, 0x9, 0x0, 0x21, 0x1,
    0x33, 0x88, 0x3, 0x10, 0x4, 0x40, 0x1f, 0xcc,
    0x80, 0x15, 0x80, 0x7b, 0xfe, 0x90, 0xa, 0x88,
    0x3, 0xff, 0x81, 0xa, 0x1, 0xf1, 0x8, 0x80,
    0x28, 0xd2, 0x0, 0xf6, 0xf7, 0x34, 0xc0, 0x5,
    0x20, 0x24, 0x50, 0x80, 0x45, 0x20, 0x12, 0x5,
    0xee, 0xd8, 0x1, 0x88, 0x3, 0xb4, 0x2, 0x2d,
    0x87, 0xa8, 0x0, 0x88, 0x1c, 0x80, 0x22, 0x78,
    0x50, 0xd, 0x0, 0xf, 0x20, 0xf, 0xe9, 0x50,
    0x1, 0x6c, 0xa0, 0x80, 0x5, 0x23, 0x98, 0x0,

    /* U+00B4 "´" */
    0x0, 0xc2, 0x3e, 0x0, 0xc5, 0xdd, 0xe4, 0x0,
    0xb8, 0x3, 0xad, 0x0, 0xe, 0x60, 0x1a, 0xd0,
    0x0, 0x50, 0x1, 0xad, 0x0, 0x2e, 0x0, 0xd4,
    0x80, 0x13, 0x98, 0x5, 0x4a, 0x1, 0x80,

    /* U+00B5 "µ" */
    0x4f, 0xfe, 0xa0, 0xf, 0xdb, 0xff, 0xc4, 0x1,
    0xff, 0xff, 0x0, 0xff, 0xff, 0x80, 0x7f, 0xff,
    0xc0, 0x3f, 0xfe, 0xe2, 0x1, 0xff, 0xc9, 0x70,
    0xf, 0xfe, 0x49, 0x80, 0x7e, 0x30, 0xf, 0xfe,
    0xb, 0x80, 0x79, 0x84, 0x3, 0xff, 0x83, 0xc,
    0x1, 0x14, 0xc8, 0x3, 0xff, 0x87, 0x3f, 0xdf,
    0xac, 0x1, 0xff, 0xc6, 0x10, 0xf, 0xff, 0x18,
    0xa0, 0x7, 0xff, 0x0, 0xd4, 0x80, 0x23, 0x8e,
    0xc0, 0xf, 0xfe, 0x3, 0x56, 0xff, 0xd8, 0xe0,
    0xff, 0xfc, 0x40, 0x1f, 0xff, 0xf0, 0xf, 0xff,
    0xf8, 0x7, 0xff, 0x38,

    /* U+00B6 "¶" */
    0x0, 0xf1, 0x3d, 0xf7, 0xff, 0xd4, 0x1, 0x86,
    0xb6, 0x10, 0x40, 0x3f, 0xe3, 0xf5, 0x0, 0xff,
    0xe1, 0x1e, 0x8, 0x7, 0xff, 0xf, 0x80, 0x3f,
    0xf8, 0x8c, 0x40, 0x1f, 0xfc, 0x4a, 0x0, 0xff,
    0xe2, 0x9, 0x80, 0x7f, 0xf1, 0x8, 0x3, 0xff,
    0x8a, 0xc0, 0x1f, 0xfd, 0x71, 0x0, 0xff, 0xe2,
    0xb0, 0x7, 0xff, 0x14, 0x84, 0x3, 0xff, 0x8a,
    0xe0, 0x1f, 0xfc, 0x5b, 0x0, 0xff, 0xe2, 0x94,
    0x0, 0x7f, 0xf1, 0x5d, 0x80, 0x3f, 0xf8, 0xb3,
    0x0, 0x1f, 0xfc, 0x57, 0xe7, 0x10, 0xf, 0xfe,
    0x18, 0xc7, 0x6d, 0xd4, 0xc8, 0x3, 0xff, 0x82,
    0x48, 0xac, 0xc0, 0xf, 0xff, 0xf8, 0x7, 0xff,
    0xfc, 0x3, 0xff, 0xae,

    /* U+00B7 "·" */
    0x0, 0x1b, 0xb8, 0xc0, 0x27, 0xc8, 0x86, 0x40,
    0x14, 0x0, 0x67, 0x27, 0x0, 0xf2, 0x8, 0x7,
    0x89, 0x8, 0x3, 0x12, 0x7, 0xa0, 0x1, 0x3c,
    0x0,

    /* U+00B8 "¸" */
    0xf, 0xfc, 0xc0, 0x12, 0x0, 0x6a, 0x60, 0x1,
    0x80, 0x63, 0x9a, 0x7, 0xd9, 0x10, 0x9, 0x50,
    0x9, 0x98, 0x1, 0x8c, 0x2, 0x30, 0xf, 0x46,
    0x20, 0x6, 0x40, 0x73, 0x0, 0xc8, 0x60, 0x1e,
    0x5b, 0x0, 0x8, 0x1b, 0x65, 0x0, 0x0,

    /* U+00B9 "¹" */
    0x0, 0xf2, 0x4d, 0x80, 0x49, 0x3d, 0x6c, 0xc3,
    0xaf, 0xb6, 0x10, 0xa, 0xd4, 0x3, 0xff, 0x8a,
    0x6d, 0x4e, 0x1, 0xa3, 0x25, 0x7c, 0x3, 0xff,
    0xfe, 0x1, 0xff, 0xc7,

    /* U+00BA "º" */
    0x0, 0xc7, 0x3b, 0xfe, 0xeb, 0x50, 0xf, 0xa7,
    0x18, 0x80, 0x2, 0x95, 0x84, 0x1, 0xa9, 0x80,
    0x3f, 0x1e, 0x8, 0x1, 0x54, 0x1, 0x3e, 0x62,
    0x44, 0x0, 0x34, 0x0, 0x80, 0xa, 0xa0, 0xcc,
    0xde, 0x20, 0x4, 0x21, 0x20, 0x1, 0xa8, 0x6,
    0x19, 0x0, 0x90, 0x80, 0x24, 0x0, 0xf2, 0x0,
    0x5e, 0xe0, 0x17, 0x80, 0x78, 0x40, 0x3f, 0xfb,
    0xe, 0x1, 0x78, 0x7, 0x84, 0x3, 0x10, 0x4,
    0x60, 0x1e, 0x50, 0xb, 0xc4, 0x80, 0x8, 0x80,
    0xc, 0x30, 0x1, 0x20, 0x40, 0x5, 0x6e, 0x64,
    0xb8, 0x20, 0x4, 0x20, 0x55, 0x0, 0x51, 0x9b,
    0x44, 0x0, 0x1a, 0x0, 0xa9, 0x80, 0x3f, 0x16,
    0x8, 0x6, 0x9c, 0x62, 0x0, 0xa, 0x56, 0x90,
    0x0,

    /* U+00BB "»" */
    0x6, 0x69, 0x40, 0x32, 0xb3, 0x40, 0x1f, 0x7c,
    0xca, 0x98, 0x2, 0x29, 0x9a, 0x0, 0x3d, 0x2,
    0x0, 0x92, 0x0, 0x39, 0x0, 0x1c, 0xc0, 0x38,
    0x60, 0x2, 0xf0, 0xa, 0x40, 0x2d, 0x10, 0xe,
    0x63, 0x0, 0x14, 0x0, 0x11, 0x0, 0x1, 0xb0,
    0xf, 0x78, 0x4, 0xe8, 0x0, 0x90, 0x9, 0x58,
    0x3, 0x8d, 0x80, 0x2a, 0x10, 0x27, 0x0, 0xa4,
    0x80, 0x3a, 0x4, 0x0, 0x34, 0x0, 0x81, 0x0,
    0xb8, 0x3, 0x86, 0x0, 0x24, 0x60, 0x5, 0x80,
    0x47, 0x0, 0x1c, 0xe0, 0x1a, 0x80, 0xa, 0x1,
    0x94, 0x3, 0xac, 0x3, 0x70, 0x2, 0x0, 0x34,
    0x80, 0x63, 0x50, 0xa, 0x48, 0x9, 0xc0, 0x27,
    0x40, 0xd, 0xc0, 0x12, 0x30, 0x2, 0x40, 0x23,
    0x80, 0xc, 0xc4, 0x0, 0x1a, 0x0, 0x2a, 0x0,
    0x5c, 0x1, 0x86, 0x40, 0x2a, 0x10, 0x5, 0x80,
    0x54, 0x40, 0x1a, 0xc0, 0x27, 0x40, 0x4, 0x8,
    0x1, 0x54, 0x1, 0x8d, 0x40, 0x5, 0x0, 0x2,
    0x70, 0x0, 0xd0, 0x7, 0x70, 0x5, 0xe0, 0x14,
    0x80, 0x5a, 0x1, 0xc0,

    /* U+00BC "¼" */
    0x0, 0xe3, 0x8c, 0x0, 0xff, 0xe3, 0x9c, 0xf6,
    0x39, 0x80, 0x7f, 0xf1, 0x5b, 0xb1, 0x84, 0x3,
    0xff, 0x91, 0xe2, 0x1, 0xff, 0xce, 0x30, 0xf,
    0xfe, 0x4e, 0xe7, 0xe0, 0x80, 0x7f, 0x87, 0xa0,
    0x40, 0x3c, 0x86, 0x1, 0xff, 0xc1, 0x81, 0x7f,
    0x0, 0xff, 0xe4, 0x13, 0x0, 0x24, 0x3, 0xff,
    0x91, 0x0, 0x1, 0x70, 0xf, 0xfe, 0x39, 0x28,
    0x2, 0x0, 0x3f, 0xf9, 0x12, 0x0, 0x26, 0x0,
    0xff, 0xe3, 0x9a, 0x0, 0x20, 0x3, 0xff, 0x91,
    0xe0, 0x2, 0x50, 0xf, 0xfe, 0x3a, 0x18, 0x2,
    0x40, 0x3f, 0xf9, 0x12, 0x0, 0x34, 0x0, 0xff,
    0xe0, 0xcb, 0xba, 0x0, 0xa, 0x40, 0xf, 0x0,
    0xff, 0xe1, 0x3c, 0x41, 0xc0, 0x10, 0x0, 0x43,
    0x0, 0x95, 0xde, 0x20, 0xf, 0xf9, 0x88, 0x1,
    0x20, 0x11, 0xd4, 0x44, 0x80, 0x1f, 0xf4, 0x0,
    0x14, 0x80, 0x2e, 0x0, 0xff, 0xe1, 0xb8, 0x80,
    0x20, 0x2, 0x92, 0x0, 0xff, 0xe1, 0xc, 0x0,
    0x18, 0x80, 0x8, 0xc0, 0x1f, 0xfc, 0x39, 0x0,
    0xa0, 0x0, 0x34, 0x0, 0x10, 0xf, 0xfe, 0x0,
    0xb8, 0x1, 0xc4, 0x1, 0x42, 0x6, 0xc0, 0x1f,
    0xfc, 0x8, 0x0, 0xc, 0x0, 0x19, 0x0, 0x74,
    0x3, 0xff, 0x80, 0x4c, 0x0, 0x90, 0x1, 0x48,
    0x2, 0x84, 0x3, 0xff, 0x80, 0x80, 0x1, 0x70,
    0x7, 0x0, 0x15, 0xcc, 0x80, 0x2e, 0x30, 0xf,
    0x36, 0xac, 0x0, 0x14, 0xc0, 0xb, 0x98, 0x50,
    0x9, 0xf0, 0x80, 0x3c, 0x54, 0xc0, 0x1f, 0xfc,
    0xf1, 0x0, 0xff, 0xe6, 0x27, 0xff, 0x9c, 0x2,
    0x9f, 0x20, 0xf, 0xff, 0x30,

    /* U+00BD "½" */
    0x0, 0xe2, 0x8d, 0x0, 0xff, 0xe4, 0x1c, 0x6e,
    0x9c, 0x84, 0x3, 0xff, 0x8a, 0x9b, 0x8e, 0x40,
    0x1f, 0xfc, 0x93, 0x20, 0xf, 0xfe, 0x79, 0x88,
    0x7, 0xff, 0x25, 0x2f, 0xf0, 0x80, 0x3f, 0xd1,
    0x88, 0x1, 0xf8, 0xd0, 0x3, 0xff, 0x80, 0x2e,
    0x76, 0xc0, 0x1f, 0xfc, 0x98, 0x0, 0xb, 0x80,
    0x7f, 0xf2, 0x9, 0x80, 0x12, 0x20, 0x1f, 0xfc,
    0x88, 0x0, 0xb, 0x80, 0x7f, 0xf2, 0xd, 0x40,
    0x10, 0x1, 0xff, 0xc9, 0xf0, 0x1, 0x30, 0x7,
    0xff, 0x21, 0xc, 0x1, 0x0, 0x1f, 0xfc, 0x99,
    0x0, 0x1a, 0x80, 0x7f, 0xf2, 0x14, 0x80, 0x1e,
    0x1, 0xff, 0xc3, 0xa7, 0x78, 0x42, 0xc0, 0x8,
    0x60, 0x1f, 0xfc, 0x36, 0x88, 0x81, 0xc4, 0x1,
    0x20, 0x4, 0xbe, 0xff, 0x64, 0x8, 0x7, 0xfd,
    0x20, 0x5, 0x20, 0x9b, 0x41, 0x0, 0x1b, 0xf9,
    0x80, 0x7f, 0x40, 0x80, 0x2c, 0x21, 0x80, 0x3e,
    0x1e, 0x0, 0xfc, 0x2e, 0x0, 0x71, 0x7, 0x0,
    0x9f, 0x28, 0x40, 0x4, 0x80, 0x1f, 0x40, 0x5,
    0x20, 0x80, 0x12, 0x41, 0xac, 0x80, 0x46, 0x1,
    0xe2, 0x60, 0x4, 0x8, 0x34, 0x46, 0x0, 0xbc,
    0x3, 0xfd, 0x0, 0x1, 0x70, 0x1, 0x3b, 0xc6,
    0x0, 0x17, 0x0, 0x90, 0x3, 0x8d, 0x40, 0x10,
    0x1, 0xfe, 0xd0, 0x8, 0xcc, 0x1, 0xd0, 0x0,
    0x26, 0x0, 0xfc, 0x38, 0x60, 0x1, 0xd0, 0xf,
    0x8, 0x2, 0x0, 0x3f, 0xe, 0x18, 0x0, 0x70,
    0x40, 0x3d, 0x5a, 0xea, 0x1, 0xf0, 0xe1, 0x0,
    0xb, 0xc8, 0x3, 0xf1, 0x40, 0x7, 0xc5, 0xe4,
    0x0, 0x4d, 0x10, 0xf, 0xfe, 0x29, 0x60, 0x80,
    0x16, 0x84, 0x78, 0x3, 0xff, 0x85, 0x82, 0x1,
    0x2f, 0x77, 0x80, 0x3f, 0xf8, 0x42, 0x1, 0xff,
    0xd9,

    /* U+00BE "¾" */
    0x0, 0x96, 0xfb, 0xfd, 0xb4, 0x80, 0x1f, 0xfc,
    0x6b, 0xa4, 0x10, 0x1, 0x2d, 0xc8, 0x7, 0xff,
    0x12, 0x10, 0x3, 0xf3, 0x28, 0x7, 0xff, 0xd,
    0x80, 0x28, 0xcc, 0x20, 0x5, 0xc0, 0x1f, 0xfc,
    0x3b, 0xaa, 0x9c, 0xcd, 0x40, 0x13, 0x80, 0x7f,
    0xf0, 0xd5, 0x70, 0x4, 0xa0, 0x12, 0x80, 0x72,
    0x73, 0x80, 0x7f, 0xd5, 0x4b, 0xb0, 0x0, 0x60,
    0x3, 0xa0, 0x62, 0xc0, 0x3f, 0xca, 0xa4, 0x0,
    0x1f, 0x88, 0x6, 0x53, 0x0, 0x78, 0x7, 0xff,
    0xc, 0xf4, 0x40, 0x34, 0x0, 0x11, 0x0, 0x1f,
    0xef, 0xf7, 0x40, 0x0, 0xe8, 0x2, 0x62, 0x0,
    0x40, 0x7, 0xff, 0x4, 0x5c, 0x80, 0x8, 0x1,
    0x40, 0x1, 0x4c, 0x3, 0xc7, 0xdd, 0x50, 0x6,
    0x30, 0x8, 0x41, 0xc4, 0x1, 0x0, 0x1f, 0x10,
    0x8c, 0xb0, 0x66, 0x91, 0x0, 0x8, 0x82, 0x40,
    0xc, 0x40, 0x1f, 0xa, 0x80, 0x4f, 0x98, 0x60,
    0xa, 0x42, 0x4, 0x1, 0x0, 0x1f, 0xd4, 0x80,
    0x1f, 0x99, 0xc5, 0xc0, 0xe, 0x20, 0x1f, 0xeb,
    0xa4, 0x10, 0x1, 0x36, 0x48, 0x48, 0x5, 0x20,
    0x1f, 0xfc, 0x5, 0xbe, 0xff, 0x6c, 0x98, 0xb,
    0x80, 0x20, 0x40, 0x8, 0xef, 0x18, 0x7, 0xff,
    0xa, 0x0, 0x2, 0xe0, 0x3, 0xb8, 0x89, 0x40,
    0x3f, 0xf8, 0x24, 0xc0, 0x8, 0x0, 0xb8, 0x3,
    0xff, 0x8d, 0x0, 0x1, 0x60, 0x4, 0x90, 0x7,
    0xff, 0x14, 0xd4, 0x1, 0x0, 0x4, 0x60, 0xf,
    0xfe, 0x34, 0x0, 0x9, 0x80, 0x68, 0x0, 0x20,
    0x1f, 0xfc, 0x34, 0x40, 0x2, 0x0, 0x16, 0x20,
    0x6c, 0x1, 0xff, 0xc3, 0x80, 0x1, 0xa8, 0x2a,
    0x80, 0x78, 0x3, 0xff, 0x86, 0xa6, 0x0, 0x80,
    0x2a, 0x0, 0x51, 0x0, 0x7f, 0xf0, 0xf0, 0x0,
    0x88, 0xe, 0x0, 0x23, 0x98, 0x80, 0x5c, 0x60,
    0x1f, 0xd3, 0x67, 0x0, 0xa6, 0x0, 0x4c, 0xc3,
    0x0, 0x4f, 0x84, 0x1, 0xfc, 0x98, 0x60, 0x1f,
    0xfd, 0x6, 0x0, 0xff, 0xe7, 0x1f, 0xff, 0x9c,
    0x2, 0x9f, 0x20, 0xf, 0xff, 0x50,

    /* U+00BF "¿" */
    0x0, 0xfc, 0xfd, 0xfa, 0x80, 0x1f, 0xfc, 0x22,
    0x81, 0x2, 0xb0, 0xf, 0xfe, 0x12, 0x0, 0x72,
    0x0, 0x7f, 0xf1, 0xdc, 0x3, 0xff, 0x82, 0xe0,
    0x18, 0x8c, 0x3, 0xff, 0x82, 0x3a, 0xea, 0xf8,
    0x1, 0xff, 0xc3, 0x28, 0xa8, 0x10, 0xf, 0xff,
    0x51, 0x3b, 0xf0, 0x7, 0xff, 0x9, 0x22, 0x38,
    0x3, 0xff, 0xad, 0xa0, 0x18, 0x40, 0x3f, 0xf8,
    0x2c, 0x80, 0x19, 0x40, 0x3f, 0xf8, 0xb, 0x20,
    0x1d, 0xa0, 0x1f, 0xf3, 0x50, 0x7, 0x1b, 0x0,
    0x7f, 0x9a, 0x40, 0x39, 0x30, 0x3, 0xfc, 0x92,
    0x1, 0xc9, 0x60, 0x1f, 0xe1, 0xa0, 0xe, 0x3b,
    0x0, 0xff, 0xa0, 0x40, 0x30, 0xe8, 0x7, 0xfc,
    0x2c, 0x1, 0xd4, 0x20, 0x1f, 0xf3, 0x80, 0x71,
    0xa0, 0x7, 0xff, 0x3, 0xc0, 0x3a, 0xc0, 0x3f,
    0xf8, 0x26, 0x1, 0xc4, 0x1, 0xe4, 0xaa, 0xe5,
    0x30, 0xe, 0x20, 0xf, 0x6a, 0xaf, 0x17, 0x0,
    0x75, 0x80, 0x70, 0xb8, 0x7, 0x12, 0x0, 0x71,
    0xd1, 0x0, 0x13, 0x4, 0x3, 0x90, 0xc8, 0x3,
    0x97, 0x7f, 0xd6, 0x40, 0x1c, 0xc2, 0x12, 0x1,
    0xff, 0xc3, 0x18, 0x0, 0x24, 0x80, 0x7f, 0xf0,
    0x47, 0x44, 0x2, 0x6b, 0x20, 0xf, 0xf2, 0x61,
    0x80, 0x72, 0x6d, 0xb1, 0x8, 0x0, 0x4d, 0xf6,
    0xc8, 0x2,

    /* U+00C0 "À" */
    0x0, 0xe1, 0xdf, 0xfe, 0x80, 0xf, 0xfe, 0x38,
    0xe1, 0x0, 0x67, 0x20, 0xf, 0xfe, 0x38, 0xe0,
    0x80, 0x6e, 0x0, 0xff, 0xe4, 0xe, 0x8, 0x4,
    0x6c, 0x1, 0xff, 0xc8, 0x2d, 0x0, 0xd2, 0x20,
    0x1f, 0xfc, 0x83, 0xc0, 0xd, 0x60, 0x1f, 0xfc,
    0x93, 0xfe, 0xea, 0xc0, 0x3f, 0xf9, 0x62, 0x38,
    0x3, 0xff, 0x92, 0xbf, 0xfc, 0xe0, 0x1f, 0xfc,
    0x8f, 0x0, 0xeb, 0x0, 0xff, 0xe4, 0x28, 0x7,
    0x18, 0x80, 0x7f, 0xf1, 0x90, 0x3, 0xe7, 0x0,
    0xff, 0xe3, 0x68, 0x7, 0xda, 0x1, 0xff, 0xc6,
    0x70, 0xf, 0x90, 0x40, 0x3f, 0xf8, 0x86, 0x20,
    0x1f, 0x90, 0x3, 0xff, 0x89, 0x60, 0x1f, 0xde,
    0x1, 0xff, 0xc4, 0x60, 0xc, 0x40, 0x19, 0x40,
    0x3f, 0xf8, 0x66, 0x20, 0x1a, 0x0, 0x39, 0x40,
    0x3f, 0xf8, 0x56, 0x1, 0xca, 0x40, 0x1b, 0xc0,
    0x3f, 0xf8, 0x4a, 0x1, 0x94, 0x14, 0x3, 0x20,
    0x7, 0xff, 0x4, 0x88, 0x1, 0xb0, 0x30, 0x3,
    0xa, 0x0, 0x7f, 0xf0, 0x14, 0x3, 0x9c, 0x10,
    0x3, 0xb4, 0x3, 0xff, 0x81, 0x60, 0x18, 0x84,
    0x0, 0x80, 0x19, 0xc0, 0x3f, 0xe1, 0x30, 0xc,
    0xa0, 0x16, 0x0, 0x61, 0x30, 0xf, 0xf3, 0x80,
    0x76, 0x0, 0x4a, 0x1, 0xd6, 0x1, 0xfe, 0xa0,
    0xe, 0x40, 0x8, 0x84, 0x3, 0x28, 0x7, 0xf0,
    0x98, 0x6, 0x40, 0xe, 0x40, 0xc, 0x44, 0x0,
    0xfc, 0xe0, 0x1d, 0x80, 0x1d, 0xe0, 0x1c, 0xa0,
    0x1f, 0xb4, 0x3, 0xa3, 0xff, 0xa8, 0x3, 0xac,
    0x3, 0xf2, 0x0, 0x7f, 0xf1, 0x4c, 0x40, 0x3c,
    0xa0, 0x1f, 0xfc, 0x77, 0x0, 0xf7, 0x80, 0x7f,
    0xf1, 0xf4, 0x3, 0xca, 0x1, 0xff, 0xc7, 0x40,
    0xe, 0x50, 0xe, 0x3c, 0xcf, 0xe3, 0x0, 0xe5,
    0x0, 0xde, 0x1, 0xd6, 0x67, 0xfd, 0x60, 0x1d,
    0xe0, 0x19, 0x0, 0x39, 0x0, 0x3f, 0x94, 0x3,
    0x94, 0x2, 0x41, 0x0, 0xc2, 0x60, 0x1f, 0xc4,
    0x20, 0x1c, 0x80, 0xd, 0x0, 0xe4, 0x0, 0xff,
    0x90, 0x3, 0xb4, 0x0, 0xe0, 0x1d, 0x80, 0x1f,
    0xf7, 0x80, 0x73, 0x81, 0x88, 0x7, 0x38, 0x7,
    0xfc, 0x80, 0x1c, 0x26,

    /* U+00C1 "Á" */
    0x0, 0xff, 0xe1, 0x1f, 0xff, 0x8c, 0x3, 0xff,
    0x8f, 0xc0, 0x1d, 0x66, 0x1, 0xff, 0xc6, 0x82,
    0x0, 0xd6, 0x80, 0x1f, 0xfc, 0x63, 0x70, 0xd,
    0x68, 0x1, 0xff, 0xc7, 0xe0, 0xd, 0x68, 0x1,
    0xff, 0xc7, 0x82, 0x0, 0xa9, 0x0, 0x3f, 0xf9,
    0x13, 0xdd, 0x7a, 0x80, 0x7f, 0xf2, 0x44, 0x70,
    0x7, 0xff, 0x29, 0x7f, 0xf9, 0xc0, 0x3f, 0xf9,
    0x1e, 0x1, 0xd6, 0x1, 0xff, 0xc8, 0x50, 0xe,
    0x31, 0x0, 0xff, 0xe3, 0x20, 0x7, 0xce, 0x1,
    0xff, 0xc6, 0xd0, 0xf, 0xb4, 0x3, 0xff, 0x8c,
    0xe0, 0x1f, 0x20, 0x80, 0x7f, 0xf1, 0xc, 0x40,
    0x3f, 0x20, 0x7, 0xff, 0x12, 0xc0, 0x3f, 0xbc,
    0x3, 0xff, 0x88, 0xc0, 0x18, 0x80, 0x32, 0x80,
    0x7f, 0xf0, 0xcc, 0x40, 0x34, 0x0, 0x72, 0x80,
    0x7f, 0xf0, 0xac, 0x3, 0x94, 0x80, 0x37, 0x80,
    0x7f, 0xf0, 0x94, 0x3, 0x28, 0x28, 0x6, 0x40,
    0xf, 0xfe, 0x9, 0x10, 0x3, 0x60, 0x60, 0x6,
    0x14, 0x0, 0xff, 0xe0, 0x28, 0x7, 0x38, 0x20,
    0x7, 0x68, 0x7, 0xff, 0x2, 0xc0, 0x31, 0x8,
    0x1, 0x0, 0x33, 0x80, 0x7f, 0xc2, 0x60, 0x19,
    0x40, 0x2c, 0x0, 0xc2, 0x60, 0x1f, 0xe7, 0x0,
    0xec, 0x0, 0x94, 0x3, 0xac, 0x3, 0xfd, 0x40,
    0x1c, 0x80, 0x11, 0x8, 0x6, 0x50, 0xf, 0xe1,
    0x30, 0xc, 0x80, 0x1c, 0x80, 0x18, 0x88, 0x1,
    0xf9, 0xc0, 0x3b, 0x0, 0x3b, 0xc0, 0x39, 0x40,
    0x3f, 0x68, 0x7, 0x47, 0xff, 0x50, 0x7, 0x58,
    0x7, 0xe4, 0x0, 0xff, 0xe2, 0x98, 0x80, 0x79,
    0x40, 0x3f, 0xf8, 0xee, 0x1, 0xef, 0x0, 0xff,
    0xe3, 0xe8, 0x7, 0x94, 0x3, 0xff, 0x8e, 0x80,
    0x1c, 0xa0, 0x1c, 0x79, 0x9f, 0xc6, 0x1, 0xca,
    0x1, 0xbc, 0x3, 0xac, 0xcf, 0xfa, 0xc0, 0x3b,
    0xc0, 0x32, 0x0, 0x72, 0x0, 0x7f, 0x28, 0x7,
    0x28, 0x4, 0x82, 0x1, 0x84, 0xc0, 0x3f, 0x88,
    0x40, 0x39, 0x0, 0x1a, 0x1, 0xc8, 0x1, 0xff,
    0x20, 0x7, 0x68, 0x1, 0xc0, 0x3b, 0x0, 0x3f,
    0xef, 0x0, 0xe7, 0x3, 0x10, 0xe, 0x70, 0xf,
    0xf9, 0x0, 0x38, 0x4c,

    /* U+00C2 "Â" */
    0x0, 0xff, 0x8e, 0x22, 0x50, 0xf, 0xfe, 0x4a,
    0xe3, 0xbd, 0x50, 0x1, 0xff, 0xc7, 0x7a, 0x0,
    0xe7, 0xa0, 0xf, 0xfe, 0x2c, 0xc0, 0x4, 0x20,
    0x12, 0xe0, 0x80, 0x7f, 0xf0, 0x46, 0xd8, 0x2,
    0x5e, 0x80, 0x8, 0xfc, 0x80, 0x3f, 0xe1, 0xc4,
    0x0, 0xa2, 0x81, 0xec, 0x2, 0x1d, 0x40, 0xf,
    0xf1, 0xab, 0xbd, 0x6e, 0x1, 0x26, 0x3b, 0xe1,
    0x0, 0xff, 0x14, 0x46, 0x40, 0xe, 0x38, 0x8c,
    0xa0, 0x1f, 0xfd, 0xe5, 0xff, 0xe7, 0x0, 0xff,
    0xe4, 0x78, 0x7, 0x58, 0x7, 0xff, 0x21, 0x40,
    0x38, 0xc4, 0x3, 0xff, 0x8c, 0x80, 0x1f, 0x38,
    0x7, 0xff, 0x1b, 0x40, 0x3e, 0xd0, 0xf, 0xfe,
    0x33, 0x80, 0x7c, 0x82, 0x1, 0xff, 0xc4, 0x31,
    0x0, 0xfc, 0x80, 0x1f, 0xfc, 0x4b, 0x0, 0xfe,
    0xf0, 0xf, 0xfe, 0x23, 0x0, 0x62, 0x0, 0xca,
    0x1, 0xff, 0xc3, 0x31, 0x0, 0xd0, 0x1, 0xca,
    0x1, 0xff, 0xc2, 0xb0, 0xe, 0x52, 0x0, 0xde,
    0x1, 0xff, 0xc2, 0x50, 0xc, 0xa0, 0xa0, 0x19,
    0x0, 0x3f, 0xf8, 0x24, 0x40, 0xd, 0x81, 0x80,
    0x18, 0x50, 0x3, 0xff, 0x80, 0xa0, 0x1c, 0xe0,
    0x80, 0x1d, 0xa0, 0x1f, 0xfc, 0xb, 0x0, 0xc4,
    0x20, 0x4, 0x0, 0xce, 0x1, 0xff, 0x9, 0x80,
    0x65, 0x0, 0xb0, 0x3, 0x9, 0x80, 0x7f, 0x9c,
    0x3, 0xb0, 0x2, 0x50, 0xe, 0xb0, 0xf, 0xf5,
    0x0, 0x72, 0x0, 0x44, 0x20, 0x19, 0x40, 0x3f,
    0x84, 0xc0, 0x32, 0x0, 0x72, 0x0, 0x62, 0x20,
    0x7, 0xe7, 0x0, 0xec, 0x0, 0xef, 0x0, 0xe5,
    0x0, 0xfd, 0xa0, 0x1d, 0x1f, 0xfd, 0x40, 0x1d,
    0x60, 0x1f, 0x90, 0x3, 0xff, 0x8a, 0x62, 0x1,
    0xe5, 0x0, 0xff, 0xe3, 0xb8, 0x7, 0xbc, 0x3,
    0xff, 0x8f, 0xa0, 0x1e, 0x50, 0xf, 0xfe, 0x3a,
    0x0, 0x72, 0x80, 0x71, 0xe6, 0x7f, 0x18, 0x7,
    0x28, 0x6, 0xf0, 0xe, 0xb3, 0x3f, 0xeb, 0x0,
    0xef, 0x0, 0xc8, 0x1, 0xc8, 0x1, 0xfc, 0xa0,
    0x1c, 0xa0, 0x12, 0x8, 0x6, 0x13, 0x0, 0xfe,
    0x21, 0x0, 0xe4, 0x0, 0x68, 0x7, 0x20, 0x7,
    0xfc, 0x80, 0x1d, 0xa0, 0x7, 0x0, 0xec, 0x0,
    0xff, 0xbc, 0x3, 0x9c, 0xc, 0x40, 0x39, 0xc0,
    0x3f, 0xe4, 0x0, 0xe1, 0x30,

    /* U+00C3 "Ã" */
    0x0, 0xff, 0xe3, 0x8, 0x7, 0xff, 0x11, 0xfb,
    0xf5, 0xc4, 0x3, 0x57, 0xd9, 0x80, 0x7f, 0xf0,
    0x2e, 0x4, 0xa, 0x3a, 0x8, 0x15, 0x1, 0x18,
    0x3, 0xfe, 0x64, 0x0, 0xf3, 0xef, 0xd0, 0x4,
    0x80, 0x1f, 0xf5, 0x80, 0x42, 0x1, 0xfc, 0xc2,
    0x1, 0xfe, 0x22, 0x0, 0x27, 0xbe, 0x88, 0x3,
    0x8e, 0x40, 0x3f, 0xe3, 0x62, 0x23, 0x0, 0x17,
    0x69, 0x8, 0xe3, 0x0, 0x3f, 0xf8, 0x3, 0x3b,
    0xa0, 0xe, 0x5b, 0xdc, 0x70, 0xf, 0xff, 0xe2,
    0xff, 0xf3, 0x80, 0x7f, 0xf2, 0x3c, 0x3, 0xac,
    0x3, 0xff, 0x90, 0xa0, 0x1c, 0x62, 0x1, 0xff,
    0xc6, 0x40, 0xf, 0x9c, 0x3, 0xff, 0x8d, 0xa0,
    0x1f, 0x68, 0x7, 0xff, 0x19, 0xc0, 0x3e, 0x41,
    0x0, 0xff, 0xe2, 0x18, 0x80, 0x7e, 0x40, 0xf,
    0xfe, 0x25, 0x80, 0x7f, 0x78, 0x7, 0xff, 0x11,
    0x80, 0x31, 0x0, 0x65, 0x0, 0xff, 0xe1, 0x98,
    0x80, 0x68, 0x0, 0xe5, 0x0, 0xff, 0xe1, 0x58,
    0x7, 0x29, 0x0, 0x6f, 0x0, 0xff, 0xe1, 0x28,
    0x6, 0x50, 0x50, 0xc, 0x80, 0x1f, 0xfc, 0x12,
    0x20, 0x6, 0xc0, 0xc0, 0xc, 0x28, 0x1, 0xff,
    0xc0, 0x50, 0xe, 0x70, 0x40, 0xe, 0xd0, 0xf,
    0xfe, 0x5, 0x80, 0x62, 0x10, 0x2, 0x0, 0x67,
    0x0, 0xff, 0x84, 0xc0, 0x32, 0x80, 0x58, 0x1,
    0x84, 0xc0, 0x3f, 0xce, 0x1, 0xd8, 0x1, 0x28,
    0x7, 0x58, 0x7, 0xfa, 0x80, 0x39, 0x0, 0x22,
    0x10, 0xc, 0xa0, 0x1f, 0xc2, 0x60, 0x19, 0x0,
    0x39, 0x0, 0x31, 0x10, 0x3, 0xf3, 0x80, 0x76,
    0x0, 0x77, 0x80, 0x72, 0x80, 0x7e, 0xd0, 0xe,
    0x8f, 0xfe, 0xa0, 0xe, 0xb0, 0xf, 0xc8, 0x1,
    0xff, 0xc5, 0x31, 0x0, 0xf2, 0x80, 0x7f, 0xf1,
    0xdc, 0x3, 0xde, 0x1, 0xff, 0xc7, 0xd0, 0xf,
    0x28, 0x7, 0xff, 0x1d, 0x0, 0x39, 0x40, 0x38,
    0xf3, 0x3f, 0x8c, 0x3, 0x94, 0x3, 0x78, 0x7,
    0x59, 0x9f, 0xf5, 0x80, 0x77, 0x80, 0x64, 0x0,
    0xe4, 0x0, 0xfe, 0x50, 0xe, 0x50, 0x9, 0x4,
    0x3, 0x9, 0x80, 0x7f, 0x10, 0x80, 0x72, 0x0,
    0x34, 0x3, 0x90, 0x3, 0xfe, 0x40, 0xe, 0xd0,
    0x3, 0x80, 0x76, 0x0, 0x7f, 0xde, 0x1, 0xce,
    0x6, 0x20, 0x1c, 0xe0, 0x1f, 0xf2, 0x0, 0x70,
    0x98,

    /* U+00C4 "Ä" */
    0x0, 0xf3, 0x77, 0xe1, 0x80, 0x71, 0xe7, 0xf3,
    0x0, 0x7f, 0xc9, 0x22, 0x7, 0xa0, 0x1d, 0xa6,
    0x3, 0x28, 0x1, 0xfe, 0xc0, 0xc, 0x26, 0x1,
    0x18, 0x80, 0x6c, 0x0, 0xff, 0x78, 0x7, 0x8,
    0x4, 0x20, 0x1d, 0xe0, 0x1f, 0xe7, 0x30, 0x9,
    0xc8, 0x2, 0x27, 0x0, 0x8d, 0xc0, 0x3f, 0xec,
    0xb9, 0xc8, 0x0, 0xe8, 0xc9, 0xbc, 0x0, 0xff,
    0xe0, 0xa3, 0x18, 0x7, 0xc6, 0xc8, 0x1, 0xff,
    0xe0, 0x5f, 0xfe, 0x70, 0xf, 0xfe, 0x47, 0x80,
    0x75, 0x80, 0x7f, 0xf2, 0x14, 0x3, 0x8c, 0x40,
    0x3f, 0xf8, 0xc8, 0x1, 0xf3, 0x80, 0x7f, 0xf1,
    0xb4, 0x3, 0xed, 0x0, 0xff, 0xe3, 0x38, 0x7,
    0xc8, 0x20, 0x1f, 0xfc, 0x43, 0x10, 0xf, 0xc8,
    0x1, 0xff, 0xc4, 0xb0, 0xf, 0xef, 0x0, 0xff,
    0xe2, 0x30, 0x6, 0x20, 0xc, 0xa0, 0x1f, 0xfc,
    0x33, 0x10, 0xd, 0x0, 0x1c, 0xa0, 0x1f, 0xfc,
    0x2b, 0x0, 0xe5, 0x20, 0xd, 0xe0, 0x1f, 0xfc,
    0x25, 0x0, 0xca, 0xa, 0x1, 0x90, 0x3, 0xff,
    0x82, 0x44, 0x0, 0xd8, 0x18, 0x1, 0x85, 0x0,
    0x3f, 0xf8, 0xa, 0x1, 0xce, 0x8, 0x1, 0xda,
    0x1, 0xff, 0xc0, 0xb0, 0xc, 0x42, 0x0, 0x40,
    0xc, 0xe0, 0x1f, 0xf0, 0x98, 0x6, 0x50, 0xb,
    0x0, 0x30, 0x98, 0x7, 0xf9, 0xc0, 0x3b, 0x0,
    0x25, 0x0, 0xeb, 0x0, 0xff, 0x50, 0x7, 0x20,
    0x4, 0x42, 0x1, 0x94, 0x3, 0xf8, 0x4c, 0x3,
    0x20, 0x7, 0x20, 0x6, 0x22, 0x0, 0x7e, 0x70,
    0xe, 0xc0, 0xe, 0xf0, 0xe, 0x50, 0xf, 0xda,
    0x1, 0xd1, 0xff, 0xd4, 0x1, 0xd6, 0x1, 0xf9,
    0x0, 0x3f, 0xf8, 0xa6, 0x20, 0x1e, 0x50, 0xf,
    0xfe, 0x3b, 0x80, 0x7b, 0xc0, 0x3f, 0xf8, 0xfa,
    0x1, 0xe5, 0x0, 0xff, 0xe3, 0xa0, 0x7, 0x28,
    0x7, 0x1e, 0x67, 0xf1, 0x80, 0x72, 0x80, 0x6f,
    0x0, 0xeb, 0x33, 0xfe, 0xb0, 0xe, 0xf0, 0xc,
    0x80, 0x1c, 0x80, 0x1f, 0xca, 0x1, 0xca, 0x1,
    0x20, 0x80, 0x61, 0x30, 0xf, 0xe2, 0x10, 0xe,
    0x40, 0x6, 0x80, 0x72, 0x0, 0x7f, 0xc8, 0x1,
    0xda, 0x0, 0x70, 0xe, 0xc0, 0xf, 0xfb, 0xc0,
    0x39, 0xc0, 0xc4, 0x3, 0x9c, 0x3, 0xfe, 0x40,
    0xe, 0x13,

    /* U+00C5 "Å" */
    0x0, 0xff, 0xa3, 0x7f, 0xa8, 0x80, 0x3f, 0xf8,
    0xe3, 0xae, 0x40, 0x2b, 0x84, 0x1, 0xff, 0xc6,
    0x82, 0x9, 0xeb, 0x11, 0x70, 0x7, 0xff, 0x19,
    0xc1, 0x98, 0x29, 0x20, 0x60, 0x1f, 0xfc, 0xc1,
    0x0, 0xff, 0xe4, 0x20, 0x32, 0x1, 0xd8, 0x10,
    0x7, 0xff, 0x1a, 0x4, 0x2f, 0xf0, 0x83, 0x80,
    0x3f, 0xf8, 0xc5, 0xec, 0x20, 0x4, 0xd3, 0x0,
    0xff, 0xe3, 0x8c, 0xf7, 0xfa, 0xc8, 0x3, 0xff,
    0xc6, 0xbf, 0xfc, 0xe0, 0x1f, 0xfc, 0x8f, 0x0,
    0xeb, 0x0, 0xff, 0xe4, 0x28, 0x7, 0x18, 0x80,
    0x7f, 0xf1, 0x90, 0x3, 0xe7, 0x0, 0xff, 0xe3,
    0x68, 0x7, 0xda, 0x1, 0xff, 0xc6, 0x70, 0xf,
    0x90, 0x40, 0x3f, 0xf8, 0x86, 0x20, 0x1f, 0x90,
    0x3, 0xff, 0x89, 0x60, 0x1f, 0xde, 0x1, 0xff,
    0xc4, 0x60, 0xc, 0x40, 0x19, 0x40, 0x3f, 0xf8,
    0x66, 0x20, 0x1a, 0x0, 0x39, 0x40, 0x3f, 0xf8,
    0x56, 0x1, 0xca, 0x40, 0x1b, 0xc0, 0x3f, 0xf8,
    0x4a, 0x1, 0x94, 0x14, 0x3, 0x20, 0x7, 0xff,
    0x4, 0x88, 0x1, 0xb0, 0x30, 0x3, 0xa, 0x0,
    0x7f, 0xf0, 0x14, 0x3, 0x9c, 0x10, 0x3, 0xb4,
    0x3, 0xff, 0x81, 0x60, 0x18, 0x84, 0x0, 0x80,
    0x19, 0xc0, 0x3f, 0xe1, 0x30, 0xc, 0xa0, 0x16,
    0x0, 0x61, 0x30, 0xf, 0xf3, 0x80, 0x76, 0x0,
    0x4a, 0x1, 0xd6, 0x1, 0xfe, 0xa0, 0xe, 0x40,
    0x8, 0x84, 0x3, 0x28, 0x7, 0xf0, 0x98, 0x6,
    0x40, 0xe, 0x40, 0xc, 0x44, 0x0, 0xfc, 0xe0,
    0x1d, 0x80, 0x1d, 0xe0, 0x1c, 0xa0, 0x1f, 0xb4,
    0x3, 0xa3, 0xff, 0xa8, 0x3, 0xac, 0x3, 0xf2,
    0x0, 0x7f, 0xf1, 0x4c, 0x40, 0x3c, 0xa0, 0x1f,
    0xfc, 0x77, 0x0, 0xf7, 0x80, 0x7f, 0xf1, 0xf4,
    0x3, 0xca, 0x1, 0xff, 0xc7, 0x40, 0xe, 0x50,
    0xe, 0x3c, 0xcf, 0xe3, 0x0, 0xe5, 0x0, 0xde,
    0x1, 0xd6, 0x67, 0xfd, 0x60, 0x1d, 0xe0, 0x19,
    0x0, 0x39, 0x0, 0x3f, 0x94, 0x3, 0x94, 0x2,
    0x41, 0x0, 0xc2, 0x60, 0x1f, 0xc4, 0x20, 0x1c,
    0x80, 0xd, 0x0, 0xe4, 0x0, 0xff, 0x90, 0x3,
    0xb4, 0x0, 0xe0, 0x1d, 0x80, 0x1f, 0xf7, 0x80,
    0x73, 0x81, 0x88, 0x7, 0x38, 0x7, 0xfc, 0x80,
    0x1c, 0x26,

    /* U+00C6 "Æ" */
    0x0, 0xff, 0x6f, 0xff, 0xff, 0x3, 0x40, 0x3f,
    0xc4, 0x40, 0xf, 0xfe, 0x5a, 0x80, 0x7f, 0xf3,
    0x2c, 0x3, 0xff, 0x96, 0x26, 0x1, 0xff, 0xcb,
    0x60, 0xf, 0xe7, 0xff, 0xda, 0x1, 0xfd, 0x60,
    0x1f, 0xfc, 0xb1, 0x30, 0xf, 0xfe, 0x5b, 0x80,
    0x63, 0x0, 0xff, 0xe3, 0xe8, 0x6, 0x40, 0xf,
    0xfe, 0x30, 0xa0, 0x6, 0xc0, 0xf, 0xfe, 0x32,
    0x0, 0x64, 0x70, 0xf, 0xfe, 0x37, 0x0, 0x6c,
    0x0, 0xff, 0xe3, 0xa0, 0x6, 0x40, 0xf, 0x3f,
    0xfe, 0x20, 0xf, 0x28, 0x7, 0x18, 0x7, 0xff,
    0x1b, 0xc0, 0x32, 0x80, 0x7f, 0xf1, 0xd4, 0x3,
    0x60, 0x7, 0xff, 0x19, 0x0, 0x39, 0x0, 0x3f,
    0xf8, 0xdc, 0x1, 0x84, 0x80, 0x3e, 0x7f, 0xfc,
    0x40, 0x1c, 0x80, 0x19, 0x4c, 0xca, 0x1, 0xff,
    0xc3, 0x41, 0x0, 0xc9, 0x98, 0x90, 0xf, 0xfe,
    0x1e, 0x80, 0x7f, 0xf3, 0x1c, 0x3, 0xff, 0x96,
    0x62, 0x1, 0xff, 0xcb, 0xb0, 0xf, 0xfe, 0x63,
    0x0, 0x77, 0xfe, 0xc0, 0xf, 0xfe, 0x9, 0x88,
    0x6, 0x50, 0xf, 0xfe, 0x35, 0x80, 0x76, 0x0,
    0x7f, 0x9f, 0xbb, 0x90, 0x14, 0x3, 0x9c, 0x3,
    0xfe, 0x11, 0xe0, 0x22, 0x0, 0x62, 0x10, 0xf,
    0xfe, 0x2a, 0x80, 0x72, 0x80, 0x7f, 0xf1, 0xac,
    0x3, 0xac, 0x3, 0xff, 0x8c,

    /* U+00C7 "Ç" */
    0x0, 0xfc, 0xd5, 0xbf, 0xf6, 0xd3, 0x0, 0x7f,
    0xf0, 0x5f, 0xe5, 0x48, 0x2, 0x25, 0x9f, 0x70,
    0xf, 0xf5, 0xc0, 0x7, 0xfd, 0x18, 0x20, 0x1f,
    0x62, 0x0, 0x7f, 0xf0, 0x4f, 0x4, 0x3, 0xa8,
    0xc0, 0x3f, 0xf8, 0x65, 0x60, 0x19, 0x14, 0x3,
    0x8e, 0xff, 0xdd, 0x46, 0x1, 0xca, 0x60, 0x14,
    0x0, 0x72, 0x62, 0x0, 0x5, 0x71, 0x0, 0x3a,
    0x40, 0x6, 0x60, 0xe, 0xa0, 0xf, 0xa4, 0x3,
    0x94, 0x1, 0x60, 0x1c, 0xc2, 0x1, 0xf1, 0x18,
    0x7, 0x20, 0x28, 0x7, 0x68, 0x7, 0xf2, 0x80,
    0x71, 0x1, 0x0, 0x72, 0x80, 0x7f, 0x6b, 0xbf,
    0x11, 0x0, 0x3c, 0x20, 0x1f, 0xc9, 0x11, 0xc8,
    0x20, 0x1c, 0x40, 0x1f, 0xfc, 0x57, 0x0, 0xff,
    0xff, 0x80, 0x7f, 0xff, 0xc0, 0x3f, 0xf8, 0xac,
    0x1, 0xc6, 0x1, 0xff, 0xc5, 0x20, 0xe, 0x10,
    0xf, 0xf0, 0x91, 0x70, 0x81, 0x0, 0x71, 0x80,
    0x7f, 0x46, 0xef, 0x30, 0x20, 0x7, 0x20, 0x7,
    0xf2, 0x80, 0x71, 0x6, 0x80, 0x75, 0x0, 0x7e,
    0x13, 0x0, 0xe4, 0x4, 0x20, 0xc, 0x50, 0x1,
    0xf5, 0x0, 0x72, 0x8, 0x2, 0xc0, 0x39, 0xe8,
    0x80, 0x23, 0xb4, 0x0, 0xef, 0x0, 0x99, 0x0,
    0x39, 0x77, 0xfb, 0xf1, 0x0, 0x39, 0x10, 0x1,
    0xa8, 0x40, 0x3e, 0x10, 0xf, 0x8a, 0x80, 0x38,
    0x70, 0x80, 0x3f, 0xf8, 0x27, 0x82, 0x1, 0xe2,
    0xd7, 0x0, 0xff, 0xc, 0x60, 0x80, 0x7f, 0x47,
    0x42, 0x0, 0x61, 0x5a, 0xe7, 0x0, 0xff, 0xe0,
    0xb, 0xd0, 0x6, 0x48, 0x50, 0xf, 0xfe, 0x22,
    0x0, 0x65, 0xd8, 0x0, 0xff, 0xe2, 0x25, 0x38,
    0x6, 0x74, 0x0, 0xff, 0xe1, 0x8a, 0xc4, 0x0,
    0x36, 0x0, 0x7f, 0xf1, 0xb8, 0x3, 0x8, 0x7,
    0xff, 0x11, 0xed, 0x80, 0x37, 0x80, 0x7f, 0xf1,
    0x25, 0x0, 0x31, 0x30, 0x7, 0xff, 0x10, 0xc0,
    0x31, 0xe0, 0x7, 0xff, 0x14, 0x40, 0x9a, 0xf0,
    0x40, 0x3e,

    /* U+00C8 "È" */
    0x0, 0xab, 0xff, 0xac, 0x3, 0xff, 0x87, 0x48,
    0x1, 0x91, 0x40, 0x3f, 0xf8, 0x76, 0x60, 0x1a,
    0xc4, 0x3, 0xff, 0x87, 0xa4, 0x1, 0xc, 0x0,
    0x7f, 0xf0, 0xc7, 0x8, 0x2, 0x63, 0x0, 0xff,
    0xe1, 0x8f, 0x88, 0x5, 0xc0, 0x1f, 0xfc, 0x42,
    0xee, 0xd8, 0x1, 0xff, 0xc6, 0x11, 0xc0, 0x1f,
    0xdb, 0xff, 0xff, 0xc8, 0x20, 0xf, 0xff, 0xf8,
    0x7, 0xff, 0x1f, 0x3f, 0xff, 0xf8, 0x44, 0x1,
    0xff, 0xff, 0x0, 0xff, 0xff, 0x80, 0x7f, 0xb7,
    0x7f, 0xf8, 0x20, 0x1f, 0xc2, 0x45, 0xff, 0xc0,
    0x10, 0xf, 0xff, 0xf6, 0x7f, 0xff, 0xf0, 0x4,
    0x3, 0xff, 0xfe, 0x1, 0xff, 0xff, 0x0, 0xff,
    0xeb, 0x67, 0xff, 0xff, 0x8, 0xc0, 0x3f, 0xff,
    0xe0, 0x1f, 0xfc, 0x10,

    /* U+00C9 "É" */
    0x0, 0xff, 0xe0, 0x88, 0xf8, 0x3, 0xff, 0x84,
    0x5f, 0xdd, 0xc8, 0x1, 0xff, 0xc2, 0x90, 0xe,
    0xa5, 0x0, 0xff, 0xe0, 0xb2, 0x0, 0x6a, 0x50,
    0xf, 0xfe, 0x8, 0xc8, 0x6, 0x95, 0x0, 0xff,
    0xe1, 0x50, 0x6, 0x96, 0x0, 0xff, 0xe1, 0x32,
    0x0, 0x52, 0xc0, 0x1f, 0xfc, 0x36, 0xff, 0xcc,
    0x1, 0xfb, 0x7f, 0xff, 0xf9, 0x4, 0x1, 0xff,
    0xff, 0x0, 0xff, 0xe3, 0xe7, 0xff, 0xff, 0x8,
    0x80, 0x3f, 0xff, 0xe0, 0x1f, 0xff, 0xf0, 0xf,
    0xf6, 0xef, 0xff, 0x4, 0x3, 0xf8, 0x48, 0xbf,
    0xf8, 0x2, 0x1, 0xff, 0xfe, 0xcf, 0xff, 0xfe,
    0x0, 0x80, 0x7f, 0xff, 0xc0, 0x3f, 0xff, 0xe0,
    0x1f, 0xfd, 0x6c, 0xff, 0xff, 0xe1, 0x18, 0x7,
    0xff, 0xfc, 0x3, 0xff, 0x82,

    /* U+00CA "Ê" */
    0x0, 0xfc, 0x2f, 0x10, 0x60, 0xf, 0xfe, 0x21,
    0xfc, 0x3b, 0xa6, 0x80, 0x3f, 0xf8, 0x49, 0x82,
    0x1, 0x97, 0x4, 0x3, 0xfe, 0x7b, 0x0, 0x84,
    0x2, 0x3f, 0x20, 0xf, 0xe9, 0x80, 0x8, 0xfe,
    0xc0, 0x21, 0xd4, 0x0, 0xfa, 0xd8, 0x2, 0x5c,
    0x14, 0xd1, 0x0, 0xad, 0x80, 0x38, 0x4d, 0xde,
    0x9a, 0x0, 0x8b, 0xe1, 0xde, 0x0, 0xf0, 0xc4,
    0x66, 0x0, 0xe1, 0x78, 0x89, 0x80, 0x3f, 0xf9,
    0xbb, 0xff, 0xff, 0xc8, 0x20, 0xf, 0xff, 0xf8,
    0x7, 0xff, 0x1f, 0x3f, 0xff, 0xf8, 0x44, 0x1,
    0xff, 0xff, 0x0, 0xff, 0xff, 0x80, 0x7f, 0xb7,
    0x7f, 0xf8, 0x20, 0x1f, 0xc2, 0x45, 0xff, 0xc0,
    0x10, 0xf, 0xff, 0xf6, 0x7f, 0xff, 0xf0, 0x4,
    0x3, 0xff, 0xfe, 0x1, 0xff, 0xff, 0x0, 0xff,
    0xeb, 0x67, 0xff, 0xff, 0x8, 0xc0, 0x3f, 0xff,
    0xe0, 0x1f, 0xfc, 0x10,

    /* U+00CB "Ë" */
    0x0, 0x93, 0x7f, 0x50, 0x3, 0x86, 0xff, 0xa0,
    0x3, 0xc3, 0x64, 0x5, 0x64, 0x1, 0xb5, 0x0,
    0x5d, 0xc0, 0x1c, 0x80, 0x1c, 0x80, 0x18, 0xc0,
    0x36, 0x0, 0x70, 0x80, 0x71, 0x80, 0x61, 0x0,
    0xc4, 0x1, 0xc8, 0xa0, 0x12, 0x28, 0x6, 0xb0,
    0x8, 0x6c, 0x3, 0xd5, 0x93, 0x76, 0x0, 0xe5,
    0xd9, 0xae, 0x20, 0xf, 0x8d, 0x90, 0x3, 0xe2,
    0x65, 0x0, 0xff, 0xe7, 0xef, 0xff, 0xff, 0x20,
    0x80, 0x3f, 0xff, 0xe0, 0x1f, 0xfc, 0x7c, 0xff,
    0xff, 0xe1, 0x10, 0x7, 0xff, 0xfc, 0x3, 0xff,
    0xfe, 0x1, 0xfe, 0xdd, 0xff, 0xe0, 0x80, 0x7f,
    0x9, 0x17, 0xff, 0x0, 0x40, 0x3f, 0xff, 0xd9,
    0xff, 0xff, 0xc0, 0x10, 0xf, 0xff, 0xf8, 0x7,
    0xff, 0xfc, 0x3, 0xff, 0xad, 0x9f, 0xff, 0xfc,
    0x23, 0x0, 0xff, 0xff, 0x80, 0x7f, 0xf0, 0x40,

    /* U+00CC "Ì" */
    0x9, 0xff, 0xed, 0x0, 0xff, 0xe0, 0x4a, 0x80,
    0x62, 0x70, 0xf, 0xfe, 0x5, 0x20, 0x6, 0x81,
    0x0, 0xff, 0xe0, 0x59, 0x80, 0x6a, 0x0, 0xff,
    0xe0, 0xe1, 0x80, 0x48, 0xa0, 0x1f, 0xfc, 0x1d,
    0x20, 0xa, 0xc0, 0x3f, 0xf8, 0x23, 0xbd, 0xd7,
    0x80, 0x7f, 0xf0, 0xc4, 0x70, 0x7, 0xed, 0xff,
    0xff, 0xe2, 0x98, 0x7, 0xff, 0xfc, 0x37, 0xff,
    0x84, 0x3, 0xb7, 0xff, 0x8c, 0x3, 0xff, 0xfe,
    0x1, 0xff, 0xff, 0x0, 0xff, 0xff, 0x80, 0x7f,
    0xff, 0xc0, 0x3f, 0xff, 0xe0, 0x1f, 0xfc, 0xcc,
    0xee, 0xe1, 0x0, 0xec, 0xee, 0xe3, 0x11, 0xf0,
    0x7, 0x84, 0x7c, 0x1, 0xff, 0xee,

    /* U+00CD "Í" */
    0x0, 0xff, 0x77, 0xff, 0x38, 0x7, 0xfd, 0x22,
    0x1, 0x9d, 0xc0, 0x1f, 0xe4, 0x60, 0xc, 0xf0,
    0x1, 0xff, 0x50, 0x6, 0x78, 0x0, 0xff, 0xa4,
    0x40, 0x27, 0x80, 0xf, 0xf8, 0xd8, 0x2, 0x68,
    0x0, 0xff, 0xe0, 0x1f, 0x76, 0x90, 0xf, 0xfe,
    0x10, 0x8e, 0x0, 0xfd, 0xbf, 0xff, 0xfc, 0x53,
    0x0, 0xff, 0xff, 0x86, 0xff, 0xf0, 0x80, 0x76,
    0xff, 0xf1, 0x80, 0x7f, 0xff, 0xc0, 0x3f, 0xff,
    0xe0, 0x1f, 0xff, 0xf0, 0xf, 0xff, 0xf8, 0x7,
    0xff, 0xfc, 0x3, 0xff, 0x99, 0x9d, 0xdc, 0x20,
    0x1d, 0x9d, 0xdc, 0x62, 0x3e, 0x0, 0xf0, 0x8f,
    0x80, 0x3f, 0xfd, 0xc0,

    /* U+00CE "Î" */
    0x0, 0xf0, 0xbc, 0x41, 0xc0, 0x3f, 0xf8, 0x25,
    0x90, 0xee, 0x8b, 0x10, 0xf, 0xf1, 0xe1, 0x0,
    0x64, 0xc2, 0x0, 0xfc, 0xb8, 0x20, 0x1, 0x0,
    0x8b, 0xc, 0x3, 0xd1, 0x40, 0x11, 0x7e, 0x8,
    0x0, 0x71, 0x40, 0x35, 0x38, 0x4, 0x9a, 0x27,
    0x84, 0x1, 0x54, 0x0, 0x44, 0xef, 0x45, 0x80,
    0x45, 0x90, 0xef, 0x78, 0x5, 0x11, 0x9c, 0x3,
    0x85, 0xe2, 0x27, 0x0, 0xff, 0xe4, 0xef, 0xff,
    0xff, 0x14, 0xc0, 0x3f, 0xff, 0xe1, 0xbf, 0xfc,
    0x20, 0x1d, 0xbf, 0xfc, 0x60, 0x1f, 0xff, 0xf0,
    0xf, 0xff, 0xf8, 0x7, 0xff, 0xfc, 0x3, 0xff,
    0xfe, 0x1, 0xff, 0xff, 0x0, 0xff, 0xe6, 0x67,
    0x77, 0x8, 0x7, 0x67, 0x77, 0x18, 0x8f, 0x80,
    0x3c, 0x23, 0xe0, 0xf, 0xff, 0x70,

    /* U+00CF "Ï" */
    0x3, 0xcf, 0xd5, 0x0, 0xe1, 0xaf, 0xf4, 0x80,
    0x6d, 0x30, 0x2a, 0x30, 0xd, 0x6a, 0x0, 0x68,
    0x0, 0x20, 0x80, 0x6b, 0x0, 0xca, 0x1, 0x94,
    0x0, 0xc0, 0x1d, 0xc0, 0x18, 0x80, 0x33, 0x0,
    0x9, 0x80, 0x23, 0x60, 0xd, 0x20, 0x10, 0xc0,
    0x5, 0x39, 0x37, 0x80, 0x1c, 0x9d, 0x35, 0xe6,
    0x1, 0x8d, 0x90, 0x3, 0xe1, 0x65, 0x10, 0xf,
    0xfe, 0x56, 0xff, 0xff, 0xf1, 0x4c, 0x3, 0xff,
    0xfe, 0x1b, 0xff, 0xc2, 0x1, 0xdb, 0xff, 0xc6,
    0x1, 0xff, 0xff, 0x0, 0xff, 0xff, 0x80, 0x7f,
    0xff, 0xc0, 0x3f, 0xff, 0xe0, 0x1f, 0xff, 0xf0,
    0xf, 0xfe, 0x66, 0x77, 0x70, 0x80, 0x76, 0x77,
    0x71, 0x88, 0xf8, 0x3, 0xc2, 0x3e, 0x0, 0xff,
    0xf7, 0x0,

    /* U+00D0 "Ð" */
    0x0, 0xdf, 0xff, 0xed, 0xa5, 0x0, 0xff, 0xe5,
    0x92, 0xd7, 0xc0, 0x80, 0x7f, 0xf3, 0x1f, 0xd0,
    0x3, 0xff, 0x98, 0x36, 0xe0, 0x1f, 0xfc, 0xd8,
    0x60, 0xf, 0xfe, 0xf, 0x7f, 0xba, 0x8c, 0x3,
    0xd2, 0x40, 0x1f, 0xfc, 0x31, 0x5c, 0x90, 0xf,
    0x70, 0x7, 0xff, 0x19, 0xa4, 0x3, 0x8d, 0x0,
    0x3f, 0xf8, 0xcc, 0x80, 0x1d, 0xe0, 0x1f, 0xfc,
    0x7f, 0x0, 0xe4, 0x10, 0xf, 0xfe, 0x32, 0x8,
    0x7, 0x20, 0x7, 0xff, 0x1d, 0x0, 0x3b, 0x40,
    0x3f, 0xf8, 0xfa, 0x1, 0xc4, 0x1, 0xff, 0xc7,
    0x10, 0xe, 0x6d, 0xee, 0x80, 0x3d, 0xfd, 0xd8,
    0x3, 0x18, 0x7, 0x8c, 0x46, 0x0, 0xf0, 0x8f,
    0x0, 0x7f, 0x84, 0x3, 0xff, 0xce, 0x3d, 0xff,
    0x0, 0x7b, 0xbf, 0xf0, 0x6, 0x30, 0xf, 0xfe,
    0x68, 0x80, 0x73, 0x80, 0x7f, 0xf1, 0xf4, 0x3,
    0x8c, 0x3, 0xff, 0x8e, 0xe0, 0x1d, 0xa0, 0x1f,
    0xfc, 0x63, 0x20, 0xe, 0x40, 0xf, 0xfe, 0x34,
    0x80, 0x72, 0x8, 0x7, 0xff, 0x15, 0x14, 0x3,
    0xb8, 0x3, 0xff, 0x8a, 0x96, 0x1, 0xc6, 0xa0,
    0x1f, 0xfc, 0x33, 0xab, 0x0, 0xf7, 0x80, 0x7f,
    0xf0, 0x3f, 0xb9, 0xf8, 0xa0, 0x1e, 0x93, 0x0,
    0xff, 0xe0, 0x8, 0xc0, 0x1f, 0xa1, 0x80, 0x3f,
    0xf9, 0x74, 0xe0, 0x1f, 0xfc, 0xa6, 0xe5, 0x0,
    0xff, 0xe3, 0x92, 0xcf, 0x48, 0x80, 0x78,

    /* U+00D1 "Ñ" */
    0x0, 0xff, 0xe2, 0x8, 0x7, 0xf8, 0xaf, 0xfd,
    0x68, 0x1, 0x8b, 0xb6, 0x40, 0x3e, 0x3d, 0x40,
    0x2, 0x5e, 0x28, 0xc, 0x81, 0x38, 0x7, 0xdc,
    0x1, 0xe3, 0xaf, 0xe4, 0x0, 0x20, 0x7, 0x94,
    0x80, 0x21, 0x0, 0xfe, 0x80, 0xf, 0x60, 0x0,
    0xbb, 0xa7, 0x0, 0xf4, 0x90, 0x7, 0xb1, 0x6,
    0x84, 0x6, 0x39, 0xcc, 0x93, 0x18, 0x3, 0xe5,
    0xbe, 0x70, 0xc, 0x31, 0x9b, 0x66, 0x1, 0xff,
    0xe5, 0x5f, 0xfe, 0xe0, 0xf, 0xd5, 0xff, 0xce,
    0x1, 0xe1, 0x50, 0xf, 0xfe, 0x4c, 0x80, 0x7f,
    0xf2, 0x4c, 0xc0, 0x1f, 0xfc, 0x9a, 0x0, 0xff,
    0xe4, 0xb0, 0x80, 0x7f, 0xf2, 0x58, 0x3, 0xff,
    0x93, 0x40, 0x1f, 0xfc, 0x92, 0x40, 0xf, 0xfe,
    0x4f, 0x80, 0x7f, 0xf2, 0x50, 0x80, 0x3f, 0xf8,
    0x82, 0x1, 0xa8, 0x3, 0xff, 0x88, 0xa6, 0x1,
    0x30, 0x7, 0xff, 0x16, 0x80, 0x21, 0x60, 0xf,
    0xfe, 0x23, 0x8, 0x5, 0x60, 0x1f, 0xfc, 0x56,
    0x0, 0x88, 0xc0, 0x3f, 0xf8, 0x94, 0x1, 0xa4,
    0x3, 0xff, 0x88, 0x48, 0x1, 0x28, 0x80, 0x7f,
    0xf1, 0x3c, 0x3, 0x30, 0x7, 0xff, 0x11, 0x8,
    0x2, 0x90, 0xf, 0xfe, 0x2d, 0x80, 0x42, 0xa0,
    0x1f, 0xfc, 0x46, 0x0, 0xff, 0xe5, 0x30, 0x7,
    0xff, 0x26, 0xc0, 0x3f, 0xf9, 0x24, 0x80, 0x1f,
    0xfc, 0x9e, 0x0, 0xff, 0xe4, 0xa8, 0x80, 0x7f,
    0xf2, 0x64, 0x3, 0xff, 0x92, 0xc0, 0x1f, 0xfc,
    0x91, 0x50, 0xf, 0xfe, 0x4c, 0x80, 0x7f, 0xf2,
    0x4c, 0xc0, 0x1e,

    /* U+00D2 "Ò" */
    0x0, 0xc9, 0xff, 0xe2, 0x0, 0xff, 0xe2, 0x25,
    0x0, 0x77, 0x0, 0x7f, 0xf1, 0x56, 0x40, 0x31,
    0xb0, 0x7, 0xff, 0x15, 0xa0, 0x3, 0x48, 0x80,
    0x7f, 0xf1, 0x5d, 0xc0, 0x1a, 0xc0, 0x3f, 0xf8,
    0xd0, 0xc0, 0x12, 0xa0, 0x7, 0xff, 0x1a, 0x7b,
    0xb2, 0x0, 0x7f, 0xf1, 0xc4, 0x70, 0x7, 0xff,
    0x74, 0x5e, 0xfb, 0xfd, 0xd8, 0xe4, 0x1, 0xff,
    0xc0, 0x19, 0xe8, 0x41, 0x0, 0x9, 0xc6, 0xd0,
    0x80, 0x7f, 0x16, 0x30, 0x7, 0xf9, 0x7d, 0x0,
    0x3e, 0x1c, 0x20, 0xf, 0xfe, 0x0, 0xda, 0x0,
    0x7b, 0x44, 0x3, 0xff, 0x87, 0x42, 0x1, 0x98,
    0xc0, 0x38, 0xef, 0xb9, 0x68, 0x1, 0xc3, 0x60,
    0x1a, 0x0, 0x39, 0x71, 0x4, 0x49, 0x6e, 0x1,
    0xca, 0x40, 0x4, 0x10, 0xc, 0x36, 0x1, 0xe8,
    0x30, 0xe, 0xb0, 0x6, 0x80, 0x73, 0x8, 0x7,
    0xd2, 0x1, 0xce, 0x0, 0x40, 0xe, 0xc0, 0xf,
    0xca, 0x1, 0xc2, 0x40, 0x40, 0x1c, 0xa0, 0x1f,
    0xc6, 0x1, 0xc8, 0x40, 0x1e, 0x10, 0xf, 0xe5,
    0x0, 0xee, 0x10, 0xe, 0x20, 0xf, 0xf0, 0x80,
    0x70, 0xb8, 0x7, 0xff, 0x13, 0xc0, 0x38, 0xc0,
    0x3f, 0xff, 0xe0, 0x1f, 0xfe, 0x17, 0x0, 0xff,
    0xe2, 0x78, 0x7, 0x18, 0x80, 0x71, 0x0, 0x7f,
    0x84, 0x3, 0x84, 0x80, 0x3c, 0x20, 0x1f, 0xca,
    0x1, 0xdc, 0x4, 0x1, 0xca, 0x1, 0xfc, 0x60,
    0x1c, 0x80, 0x80, 0x1d, 0xa0, 0x1f, 0x94, 0x3,
    0x84, 0x83, 0x40, 0x39, 0xc0, 0x3f, 0x48, 0x7,
    0x38, 0x1, 0x4, 0x3, 0xd, 0x0, 0x7a, 0xc,
    0x3, 0xa8, 0x2, 0x80, 0xe, 0x5c, 0x41, 0x4,
    0xb7, 0x0, 0xe5, 0x30, 0x9, 0x8c, 0x3, 0x8e,
    0xfb, 0xed, 0x0, 0x38, 0x6c, 0x3, 0xb4, 0x40,
    0x3f, 0xf8, 0x74, 0x20, 0x1c, 0x38, 0x40, 0x1f,
    0xfc, 0x1b, 0x40, 0xf, 0x8b, 0x18, 0x3, 0xfc,
    0xbc, 0x80, 0x1f, 0xc3, 0x3d, 0x8, 0x20, 0x1,
    0x37, 0xda, 0x10, 0xe,

    /* U+00D3 "Ó" */
    0x0, 0xff, 0xe0, 0xcf, 0xff, 0x60, 0x7, 0xff,
    0x11, 0x18, 0x3, 0x1e, 0x0, 0x7f, 0xf1, 0x28,
    0x3, 0x1e, 0x0, 0x7f, 0xf1, 0x24, 0x40, 0x23,
    0xd0, 0xf, 0xfe, 0x22, 0x30, 0x4, 0x5a, 0x20,
    0x1f, 0xfc, 0x49, 0x0, 0x8b, 0x4, 0x3, 0xff,
    0x8b, 0x9d, 0xd6, 0x88, 0x7, 0xff, 0x18, 0x47,
    0x0, 0x7f, 0xf7, 0x45, 0xef, 0xbf, 0xdd, 0x8e,
    0x40, 0x1f, 0xfc, 0x1, 0x9e, 0x84, 0x10, 0x0,
    0x9c, 0x6d, 0x8, 0x7, 0xf1, 0x63, 0x0, 0x7f,
    0x97, 0xd0, 0x3, 0xe1, 0xc2, 0x0, 0xff, 0xe0,
    0xd, 0xa0, 0x7, 0xb4, 0x40, 0x3f, 0xf8, 0x74,
    0x20, 0x19, 0x8c, 0x3, 0x8e, 0xfb, 0x96, 0x80,
    0x1c, 0x36, 0x1, 0xa0, 0x3, 0x97, 0x10, 0x44,
    0x96, 0xe0, 0x1c, 0xa4, 0x0, 0x41, 0x0, 0xc3,
    0x60, 0x1e, 0x83, 0x0, 0xeb, 0x0, 0x68, 0x7,
    0x30, 0x80, 0x7d, 0x20, 0x1c, 0xe0, 0x4, 0x0,
    0xec, 0x0, 0xfc, 0xa0, 0x1c, 0x24, 0x4, 0x1,
    0xca, 0x1, 0xfc, 0x60, 0x1c, 0x84, 0x1, 0xe1,
    0x0, 0xfe, 0x50, 0xe, 0xe1, 0x0, 0xe2, 0x0,
    0xff, 0x8, 0x7, 0xb, 0x80, 0x7f, 0xf1, 0x3c,
    0x3, 0x8c, 0x3, 0xff, 0xfe, 0x1, 0xff, 0xe1,
    0x70, 0xf, 0xfe, 0x27, 0x80, 0x71, 0x88, 0x7,
    0x10, 0x7, 0xf8, 0x40, 0x38, 0x48, 0x3, 0xc2,
    0x1, 0xfc, 0xa0, 0x1d, 0xc0, 0x40, 0x1c, 0xa0,
    0x1f, 0xc6, 0x1, 0xc8, 0x8, 0x1, 0xda, 0x1,
    0xf9, 0x40, 0x38, 0x48, 0x34, 0x3, 0x9c, 0x3,
    0xf4, 0x80, 0x73, 0x80, 0x10, 0x40, 0x30, 0xd0,
    0x7, 0xa0, 0xc0, 0x3a, 0x80, 0x28, 0x0, 0xe5,
    0xc4, 0x10, 0x4b, 0x70, 0xe, 0x53, 0x0, 0x98,
    0xc0, 0x38, 0xef, 0xbe, 0xd0, 0x3, 0x86, 0xc0,
    0x3b, 0x44, 0x3, 0xff, 0x87, 0x42, 0x1, 0xc3,
    0x84, 0x1, 0xff, 0xc1, 0xb4, 0x0, 0xf8, 0xb1,
    0x80, 0x3f, 0xcb, 0xc8, 0x1, 0xfc, 0x33, 0xd0,
    0x82, 0x0, 0x13, 0x7d, 0xa1, 0x0, 0xe0,

    /* U+00D4 "Ô" */
    0x0, 0xff, 0x34, 0x44, 0x40, 0x1f, 0xfc, 0x6a,
    0x97, 0x7b, 0xc, 0x3, 0xff, 0x86, 0x38, 0xa0,
    0x18, 0x71, 0x40, 0x3f, 0xf8, 0x25, 0x86, 0x1,
    0x8, 0x5, 0x4e, 0x1, 0xff, 0x26, 0x10, 0x5,
    0x7e, 0x60, 0x14, 0x50, 0x7, 0xf2, 0xd8, 0x80,
    0x7, 0x10, 0x71, 0x40, 0x25, 0xc1, 0x0, 0xfc,
    0xef, 0x47, 0x98, 0x5, 0x52, 0xef, 0x21, 0x80,
    0x7c, 0xb1, 0x13, 0x88, 0x7, 0x34, 0x46, 0x20,
    0xf, 0xff, 0x70, 0xbd, 0xf7, 0xfb, 0xb1, 0xc8,
    0x3, 0xff, 0x80, 0x33, 0xd0, 0x82, 0x0, 0x13,
    0x8d, 0xa1, 0x0, 0xfe, 0x2c, 0x60, 0xf, 0xf2,
    0xfa, 0x0, 0x7c, 0x38, 0x40, 0x1f, 0xfc, 0x1,
    0xb4, 0x0, 0xf6, 0x88, 0x7, 0xff, 0xe, 0x84,
    0x3, 0x31, 0x80, 0x71, 0xdf, 0x72, 0xd0, 0x3,
    0x86, 0xc0, 0x34, 0x0, 0x72, 0xe2, 0x8, 0x92,
    0xdc, 0x3, 0x94, 0x80, 0x8, 0x20, 0x18, 0x6c,
    0x3, 0xd0, 0x60, 0x1d, 0x60, 0xd, 0x0, 0xe6,
    0x10, 0xf, 0xa4, 0x3, 0x9c, 0x0, 0x80, 0x1d,
    0x80, 0x1f, 0x94, 0x3, 0x84, 0x80, 0x80, 0x39,
    0x40, 0x3f, 0x8c, 0x3, 0x90, 0x80, 0x3c, 0x20,
    0x1f, 0xca, 0x1, 0xdc, 0x20, 0x1c, 0x40, 0x1f,
    0xe1, 0x0, 0xe1, 0x70, 0xf, 0xfe, 0x27, 0x80,
    0x71, 0x80, 0x7f, 0xff, 0xc0, 0x3f, 0xfc, 0x2e,
    0x1, 0xff, 0xc4, 0xf0, 0xe, 0x31, 0x0, 0xe2,
    0x0, 0xff, 0x8, 0x7, 0x9, 0x0, 0x78, 0x40,
    0x3f, 0x94, 0x3, 0xb8, 0x8, 0x3, 0x94, 0x3,
    0xf8, 0xc0, 0x39, 0x1, 0x0, 0x3b, 0x40, 0x3f,
    0x28, 0x7, 0x9, 0x6, 0x80, 0x73, 0x80, 0x7e,
    0x90, 0xe, 0x70, 0x2, 0x8, 0x6, 0x1a, 0x0,
    0xf4, 0x18, 0x7, 0x50, 0x5, 0x0, 0x1c, 0xb8,
    0x82, 0x9, 0x6e, 0x1, 0xca, 0x60, 0x13, 0x18,
    0x7, 0x1d, 0xf7, 0xda, 0x0, 0x70, 0xd8, 0x7,
    0x68, 0x80, 0x7f, 0xf0, 0xe8, 0x40, 0x38, 0x70,
    0x80, 0x3f, 0xf8, 0x36, 0x80, 0x1f, 0x16, 0x30,
    0x7, 0xf9, 0x79, 0x0, 0x3f, 0x86, 0x7a, 0x10,
    0x40, 0x2, 0x6f, 0xb4, 0x20, 0x1c,

    /* U+00D5 "Õ" */
    0x0, 0xff, 0xe9, 0xc, 0xee, 0xa4, 0xc0, 0x30,
    0xfe, 0x40, 0x7, 0xf1, 0x7b, 0x11, 0x1b, 0x30,
    0xa0, 0x36, 0x6, 0xe0, 0x1f, 0xdc, 0x20, 0x1c,
    0x75, 0xfc, 0xa0, 0x4, 0x0, 0xfc, 0x66, 0x0,
    0xff, 0xe0, 0xc0, 0x7, 0xeb, 0x0, 0xe, 0x7e,
    0x30, 0x7, 0xa0, 0xc0, 0x3f, 0x6a, 0x3, 0x18,
    0x1c, 0xf3, 0x90, 0xa5, 0xb8, 0x7, 0xf2, 0xdf,
    0xc0, 0x6, 0x18, 0xde, 0xb4, 0x0, 0xff, 0xff,
    0x80, 0x7f, 0x85, 0xef, 0xbf, 0xdd, 0x8e, 0x40,
    0x1f, 0xfc, 0x1, 0x9e, 0x84, 0x10, 0x0, 0x9c,
    0x6d, 0x8, 0x7, 0xf1, 0x63, 0x0, 0x7f, 0x97,
    0xd0, 0x3, 0xe1, 0xc2, 0x0, 0xff, 0xe0, 0xd,
    0xa0, 0x7, 0xb4, 0x40, 0x3f, 0xf8, 0x74, 0x20,
    0x19, 0x8c, 0x3, 0x8e, 0xfb, 0x96, 0x80, 0x1c,
    0x36, 0x1, 0xa0, 0x3, 0x97, 0x10, 0x44, 0x96,
    0xe0, 0x1c, 0xa4, 0x0, 0x41, 0x0, 0xc3, 0x60,
    0x1e, 0x83, 0x0, 0xeb, 0x0, 0x68, 0x7, 0x30,
    0x80, 0x7d, 0x20, 0x1c, 0xe0, 0x4, 0x0, 0xec,
    0x0, 0xfc, 0xa0, 0x1c, 0x24, 0x4, 0x1, 0xca,
    0x1, 0xfc, 0x60, 0x1c, 0x84, 0x1, 0xe1, 0x0,
    0xfe, 0x50, 0xe, 0xe1, 0x0, 0xe2, 0x0, 0xff,
    0x8, 0x7, 0xb, 0x80, 0x7f, 0xf1, 0x3c, 0x3,
    0x8c, 0x3, 0xff, 0xfe, 0x1, 0xff, 0xe1, 0x70,
    0xf, 0xfe, 0x27, 0x80, 0x71, 0x88, 0x7, 0x10,
    0x7, 0xf8, 0x40, 0x38, 0x48, 0x3, 0xc2, 0x1,
    0xfc, 0xa0, 0x1d, 0xc0, 0x40, 0x1c, 0xa0, 0x1f,
    0xc6, 0x1, 0xc8, 0x8, 0x1, 0xda, 0x1, 0xf9,
    0x40, 0x38, 0x48, 0x34, 0x3, 0x9c, 0x3, 0xf4,
    0x80, 0x73, 0x80, 0x10, 0x40, 0x30, 0xd0, 0x7,
    0xa0, 0xc0, 0x3a, 0x80, 0x28, 0x0, 0xe5, 0xc4,
    0x10, 0x4b, 0x70, 0xe, 0x53, 0x0, 0x98, 0xc0,
    0x38, 0xef, 0xbe, 0xd0, 0x3, 0x86, 0xc0, 0x3b,
    0x44, 0x3, 0xff, 0x87, 0x42, 0x1, 0xc3, 0x84,
    0x1, 0xff, 0xc1, 0xb4, 0x0, 0xf8, 0xb1, 0x80,
    0x3f, 0xcb, 0xc8, 0x1, 0xfc, 0x33, 0xd0, 0x82,
    0x0, 0x13, 0x7d, 0xa1, 0x0, 0xe0,

    /* U+00D6 "Ö" */
    0x0, 0xea, 0xff, 0x48, 0x7, 0x9f, 0xbf, 0x8,
    0x3, 0xf5, 0x28, 0x1, 0xa0, 0x3, 0x2c, 0x8,
    0x1f, 0x80, 0x7e, 0x50, 0xc, 0xa0, 0x1b, 0xc0,
    0x31, 0x10, 0x3, 0xe2, 0x0, 0xcc, 0x1, 0x88,
    0x3, 0x8c, 0x3, 0xe9, 0x0, 0x86, 0x0, 0x34,
    0x90, 0x5, 0x2, 0x1, 0xf2, 0x74, 0xd7, 0x98,
    0x6, 0x1d, 0xa9, 0xd7, 0x0, 0xfe, 0x16, 0x51,
    0x0, 0xf9, 0x58, 0x80, 0x3f, 0xfe, 0x2, 0xf7,
    0xdf, 0xee, 0xc7, 0x20, 0xf, 0xfe, 0x0, 0xcf,
    0x42, 0x8, 0x0, 0x4e, 0x36, 0x84, 0x3, 0xf8,
    0xb1, 0x80, 0x3f, 0xcb, 0xe8, 0x1, 0xf0, 0xe1,
    0x0, 0x7f, 0xf0, 0x6, 0xd0, 0x3, 0xda, 0x20,
    0x1f, 0xfc, 0x3a, 0x10, 0xc, 0xc6, 0x1, 0xc7,
    0x7d, 0xcb, 0x40, 0xe, 0x1b, 0x0, 0xd0, 0x1,
    0xcb, 0x88, 0x22, 0x4b, 0x70, 0xe, 0x52, 0x0,
    0x20, 0x80, 0x61, 0xb0, 0xf, 0x41, 0x80, 0x75,
    0x80, 0x34, 0x3, 0x98, 0x40, 0x3e, 0x90, 0xe,
    0x70, 0x2, 0x0, 0x76, 0x0, 0x7e, 0x50, 0xe,
    0x12, 0x2, 0x0, 0xe5, 0x0, 0xfe, 0x30, 0xe,
    0x42, 0x0, 0xf0, 0x80, 0x7f, 0x28, 0x7, 0x70,
    0x80, 0x71, 0x0, 0x7f, 0x84, 0x3, 0x85, 0xc0,
    0x3f, 0xf8, 0x9e, 0x1, 0xc6, 0x1, 0xff, 0xff,
    0x0, 0xff, 0xf0, 0xb8, 0x7, 0xff, 0x13, 0xc0,
    0x38, 0xc4, 0x3, 0x88, 0x3, 0xfc, 0x20, 0x1c,
    0x24, 0x1, 0xe1, 0x0, 0xfe, 0x50, 0xe, 0xe0,
    0x20, 0xe, 0x50, 0xf, 0xe3, 0x0, 0xe4, 0x4,
    0x0, 0xed, 0x0, 0xfc, 0xa0, 0x1c, 0x24, 0x1a,
    0x1, 0xce, 0x1, 0xfa, 0x40, 0x39, 0xc0, 0x8,
    0x20, 0x18, 0x68, 0x3, 0xd0, 0x60, 0x1d, 0x40,
    0x14, 0x0, 0x72, 0xe2, 0x8, 0x25, 0xb8, 0x7,
    0x29, 0x80, 0x4c, 0x60, 0x1c, 0x77, 0xdf, 0x68,
    0x1, 0xc3, 0x60, 0x1d, 0xa2, 0x1, 0xff, 0xc3,
    0xa1, 0x0, 0xe1, 0xc2, 0x0, 0xff, 0xe0, 0xda,
    0x0, 0x7c, 0x58, 0xc0, 0x1f, 0xe5, 0xe4, 0x0,
    0xfe, 0x19, 0xe8, 0x41, 0x0, 0x9, 0xbe, 0xd0,
    0x80, 0x70,

    /* U+00D7 "×" */
    0x0, 0x84, 0x3, 0xff, 0x82, 0x20, 0x1c, 0x39,
    0x60, 0x1f, 0xf5, 0xe0, 0x80, 0x43, 0x84, 0x96,
    0x1, 0xfd, 0x68, 0x58, 0x20, 0x38, 0x40, 0x4,
    0xb0, 0xf, 0xa9, 0x0, 0x5, 0x82, 0xa4, 0x1,
    0x92, 0x80, 0x3a, 0x94, 0x3, 0x12, 0x22, 0x40,
    0x39, 0x68, 0x2, 0x95, 0x0, 0xe9, 0x50, 0x69,
    0x0, 0xe5, 0x90, 0x96, 0x0, 0xe9, 0x60, 0x9,
    0xa4, 0x3, 0x9b, 0x58, 0x3, 0xa1, 0x80, 0x39,
    0xa0, 0x3, 0x88, 0x3, 0x9d, 0xc0, 0x1f, 0x3b,
    0x80, 0x3f, 0x9e, 0x0, 0x3f, 0xa1, 0xc0, 0x3e,
    0x78, 0x0, 0xff, 0xb8, 0x3, 0xef, 0x0, 0xff,
    0x9a, 0x40, 0x3e, 0x86, 0x0, 0xfe, 0x59, 0x0,
    0xfe, 0x96, 0x0, 0xf9, 0x68, 0x3, 0x84, 0x3,
    0xa5, 0x40, 0x39, 0x28, 0x3, 0x93, 0x94, 0x3,
    0xa9, 0x40, 0x24, 0xb0, 0xe, 0x4b, 0xa, 0x40,
    0xe, 0xa4, 0x4, 0xb0, 0xe, 0x4b, 0x0, 0xad,
    0x0, 0x3a, 0xd1, 0x84, 0x3, 0x1d, 0x80, 0x75,
    0xa0, 0x6, 0x16, 0x2c, 0x10, 0x1, 0xe0, 0x7,
    0xd6, 0x60, 0x1, 0xc2, 0x2, 0xc1, 0x3d, 0x0,
    0xfe, 0xc3, 0x1c, 0x20, 0x8, 0xb3, 0x44, 0x3,
    0xfd, 0xb8, 0x40, 0x0,

    /* U+00D8 "Ø" */
    0x0, 0xff, 0xe3, 0xd7, 0xfc, 0x80, 0x1f, 0xb,
    0xdf, 0x7f, 0xbb, 0x20, 0x80, 0xd4, 0x0, 0x88,
    0x0, 0xf4, 0x74, 0x20, 0x80, 0x4, 0xdf, 0x6b,
    0xc0, 0x28, 0x0, 0xe1, 0xc7, 0x0, 0xff, 0x29,
    0x80, 0x14, 0xc0, 0x30, 0xe1, 0x80, 0x7f, 0xf0,
    0xec, 0x3, 0xac, 0x80, 0x3f, 0xf9, 0x28, 0xa0,
    0x1c, 0x55, 0xbd, 0x6a, 0x1, 0xea, 0x0, 0xd0,
    0x1, 0xc7, 0xaa, 0x42, 0x94, 0x80, 0x1c, 0x86,
    0x0, 0x23, 0x0, 0xee, 0x0, 0xe2, 0x40, 0xf,
    0x48, 0x1, 0x40, 0x39, 0x48, 0x3, 0xa0, 0x3,
    0xe5, 0x0, 0x60, 0x7, 0x78, 0x7, 0x22, 0x80,
    0x7e, 0x40, 0x50, 0xe, 0x70, 0xe, 0x90, 0x8,
    0xc0, 0x38, 0xc0, 0x40, 0x38, 0x80, 0x33, 0x10,
    0x1, 0xd0, 0x3, 0xb8, 0x80, 0x3f, 0xe8, 0x0,
    0xc, 0x70, 0x7, 0x10, 0x7, 0xfd, 0x2, 0x0,
    0x80, 0xf, 0xfe, 0x31, 0x38, 0x0, 0xd8, 0x3,
    0xe7, 0x0, 0xff, 0x40, 0x5, 0xe0, 0x1f, 0xfc,
    0x64, 0x50, 0x2, 0x98, 0x7, 0xff, 0x1a, 0x40,
    0x28, 0x0, 0xff, 0xe3, 0x31, 0x0, 0x1c, 0x80,
    0x3f, 0x9c, 0x3, 0xe1, 0x80, 0x0, 0xc0, 0x7,
    0xfc, 0x40, 0x1e, 0x81, 0x0, 0x40, 0x7, 0x70,
    0x7, 0x10, 0x8, 0x7, 0x30, 0x0, 0xd8, 0x3,
    0x88, 0x3, 0xb8, 0x14, 0x3, 0xf7, 0x80, 0x79,
    0x0, 0x38, 0xc0, 0xc0, 0x3e, 0x53, 0x0, 0xe3,
    0x10, 0xe, 0x40, 0xa0, 0xf, 0xa0, 0x3, 0xd2,
    0x1, 0xc8, 0x0, 0x23, 0x0, 0xe2, 0x20, 0x7,
    0x32, 0x80, 0x77, 0x80, 0x50, 0x1, 0xc5, 0x88,
    0x20, 0x75, 0x20, 0x1c, 0x68, 0x1, 0x21, 0x80,
    0x71, 0xdf, 0x7e, 0x28, 0x7, 0xb8, 0x3, 0x11,
    0x80, 0x7f, 0xf1, 0x28, 0x80, 0x34, 0x80, 0x7f,
    0xf1, 0x29, 0x40, 0x32, 0x20, 0x0, 0x8e, 0x1,
    0xfe, 0x4d, 0x50, 0xe, 0x90, 0xa, 0x63, 0xa1,
    0x4, 0x0, 0x26, 0xf9, 0x64, 0x1, 0xcc, 0x40,
    0x7, 0x20, 0x17, 0xbe, 0xff, 0x76, 0x41, 0x80,
    0x7e, 0x77, 0xa0, 0x3, 0xff, 0x8e,

    /* U+00D9 "Ù" */
    0x0, 0xc2, 0x3e, 0x0, 0xff, 0xe1, 0x97, 0xf7,
    0x73, 0x0, 0x7f, 0xf0, 0x8b, 0x4, 0x3, 0x40,
    0x80, 0x7f, 0xf0, 0x8b, 0x40, 0x30, 0xd8, 0x7,
    0xff, 0xc, 0xec, 0x3, 0x2a, 0x0, 0x7f, 0xf0,
    0xd2, 0xc0, 0x34, 0x80, 0x7f, 0xf1, 0x12, 0x80,
    0x22, 0x80, 0xf, 0xfe, 0x22, 0xff, 0xe8, 0x0,
    0xff, 0xe9, 0x27, 0xff, 0x60, 0x7, 0xe5, 0xff,
    0xea, 0x0, 0xff, 0xff, 0x80, 0x7f, 0xff, 0xc0,
    0x3f, 0xff, 0xe0, 0x1f, 0xff, 0xf0, 0xf, 0xff,
    0xf8, 0x7, 0xff, 0xfc, 0x3, 0x8c, 0x3, 0xce,
    0x1, 0xc4, 0x1, 0xf8, 0x40, 0x38, 0xc8, 0x3,
    0x84, 0x40, 0x1f, 0x68, 0x7, 0x70, 0x88, 0x3,
    0x90, 0x3, 0xe5, 0x0, 0xe3, 0x7, 0x0, 0xe8,
    0x0, 0xf4, 0x0, 0x79, 0x2, 0x80, 0x38, 0xb0,
    0xc0, 0x5, 0x2e, 0x1, 0xcc, 0x0, 0x35, 0x0,
    0xe3, 0xcf, 0xf6, 0xb0, 0x7, 0xa0, 0x2, 0xb1,
    0x0, 0xff, 0xe1, 0xc8, 0x80, 0x43, 0x82, 0x1,
    0xff, 0xc1, 0x86, 0x0, 0xe2, 0xf5, 0x0, 0xff,
    0x16, 0x38, 0x7, 0xc3, 0x5b, 0x8, 0x20, 0x1,
    0x36, 0xbd, 0x30, 0xc,

    /* U+00DA "Ú" */
    0x0, 0xff, 0xe0, 0x88, 0xf8, 0x3, 0xff, 0x86,
    0xfd, 0xdd, 0x82, 0x1, 0xff, 0xc1, 0x28, 0x0,
    0xc5, 0x82, 0x1, 0xff, 0xc1, 0xe0, 0xc, 0x58,
    0x20, 0x1f, 0xfc, 0x17, 0x30, 0x8, 0xb0, 0x40,
    0x3f, 0xf8, 0x25, 0x0, 0x11, 0x60, 0x80, 0x7f,
    0xf0, 0xb8, 0x2, 0x1f, 0x10, 0xf, 0xfe, 0x1e,
    0x7f, 0xdc, 0x40, 0x1f, 0xfd, 0x14, 0xff, 0xec,
    0x0, 0xfc, 0xbf, 0xfd, 0x40, 0x1f, 0xff, 0xf0,
    0xf, 0xff, 0xf8, 0x7, 0xff, 0xfc, 0x3, 0xff,
    0xfe, 0x1, 0xff, 0xff, 0x0, 0xff, 0xff, 0x80,
    0x71, 0x80, 0x79, 0xc0, 0x38, 0x80, 0x3f, 0x8,
    0x7, 0x19, 0x0, 0x70, 0x88, 0x3, 0xed, 0x0,
    0xee, 0x11, 0x0, 0x72, 0x0, 0x7c, 0xa0, 0x1c,
    0x60, 0xe0, 0x1d, 0x0, 0x1e, 0x80, 0xf, 0x20,
    0x50, 0x7, 0x16, 0x18, 0x0, 0xa5, 0xc0, 0x39,
    0x80, 0x6, 0xa0, 0x1c, 0x79, 0xfe, 0xd6, 0x0,
    0xf4, 0x0, 0x56, 0x20, 0x1f, 0xfc, 0x39, 0x10,
    0x8, 0x70, 0x40, 0x3f, 0xf8, 0x30, 0xc0, 0x1c,
    0x5e, 0xa0, 0x1f, 0xe2, 0xc7, 0x0, 0xf8, 0x6b,
    0x61, 0x4, 0x0, 0x26, 0xd7, 0xa6, 0x1, 0x80,

    /* U+00DB "Û" */
    0x0, 0xfc, 0x39, 0xff, 0x50, 0x7, 0xff, 0xc,
    0xfc, 0xc0, 0x25, 0xc1, 0x0, 0xff, 0xe0, 0x26,
    0x8, 0x7, 0x1f, 0x90, 0x7, 0xf9, 0xac, 0x2,
    0x29, 0x0, 0x87, 0x50, 0x3, 0xf4, 0xc8, 0x2,
    0x3c, 0x6c, 0x10, 0xa, 0xd8, 0x3, 0xce, 0xc0,
    0x12, 0xe0, 0x81, 0xf9, 0x80, 0x52, 0xa0, 0x1c,
    0xff, 0xfa, 0x80, 0x30, 0xe7, 0xfe, 0x50, 0xf,
    0xff, 0x12, 0x7f, 0xf6, 0x0, 0x7e, 0x5f, 0xfe,
    0xa0, 0xf, 0xff, 0xf8, 0x7, 0xff, 0xfc, 0x3,
    0xff, 0xfe, 0x1, 0xff, 0xff, 0x0, 0xff, 0xff,
    0x80, 0x7f, 0xff, 0xc0, 0x38, 0xc0, 0x3c, 0xe0,
    0x1c, 0x40, 0x1f, 0x84, 0x3, 0x8c, 0x80, 0x38,
    0x44, 0x1, 0xf6, 0x80, 0x77, 0x8, 0x80, 0x39,
    0x0, 0x3e, 0x50, 0xe, 0x30, 0x70, 0xe, 0x80,
    0xf, 0x40, 0x7, 0x90, 0x28, 0x3, 0x8b, 0xc,
    0x0, 0x52, 0xe0, 0x1c, 0xc0, 0x3, 0x50, 0xe,
    0x3c, 0xff, 0x6b, 0x0, 0x7a, 0x0, 0x2b, 0x10,
    0xf, 0xfe, 0x1c, 0x88, 0x4, 0x38, 0x20, 0x1f,
    0xfc, 0x18, 0x60, 0xe, 0x2f, 0x50, 0xf, 0xf1,
    0x63, 0x80, 0x7c, 0x35, 0xb0, 0x82, 0x0, 0x13,
    0x6b, 0xd3, 0x0, 0xc0,

    /* U+00DC "Ü" */
    0x0, 0xc2, 0xac, 0x40, 0x1f, 0x23, 0x18, 0x7,
    0xc5, 0xf5, 0x3a, 0xa0, 0x1d, 0x76, 0x9c, 0xa0,
    0xf, 0x40, 0x80, 0x56, 0x1, 0x95, 0x0, 0x25,
    0x30, 0xe, 0x60, 0xc, 0x20, 0x18, 0x80, 0x39,
    0x80, 0x3a, 0xc0, 0x32, 0x0, 0x65, 0x0, 0xe4,
    0x0, 0xe7, 0x70, 0x82, 0xd0, 0x6, 0x2a, 0x20,
    0x2b, 0x10, 0xf, 0x47, 0x7d, 0x8, 0x7, 0x2e,
    0xfe, 0xa0, 0x7, 0xff, 0x8d, 0x3f, 0xfb, 0x0,
    0x3f, 0x2f, 0xff, 0x50, 0x7, 0xff, 0xfc, 0x3,
    0xff, 0xfe, 0x1, 0xff, 0xff, 0x0, 0xff, 0xff,
    0x80, 0x7f, 0xff, 0xc0, 0x3f, 0xff, 0xe0, 0x1c,
    0x60, 0x1e, 0x70, 0xe, 0x20, 0xf, 0xc2, 0x1,
    0xc6, 0x40, 0x1c, 0x22, 0x0, 0xfb, 0x40, 0x3b,
    0x84, 0x40, 0x1c, 0x80, 0x1f, 0x28, 0x7, 0x18,
    0x38, 0x7, 0x40, 0x7, 0xa0, 0x3, 0xc8, 0x14,
    0x1, 0xc5, 0x86, 0x0, 0x29, 0x70, 0xe, 0x60,
    0x1, 0xa8, 0x7, 0x1e, 0x7f, 0xb5, 0x80, 0x3d,
    0x0, 0x15, 0x88, 0x7, 0xff, 0xe, 0x44, 0x2,
    0x1c, 0x10, 0xf, 0xfe, 0xc, 0x30, 0x7, 0x17,
    0xa8, 0x7, 0xf8, 0xb1, 0xc0, 0x3e, 0x1a, 0xd8,
    0x41, 0x0, 0x9, 0xb5, 0xe9, 0x80, 0x60,

    /* U+00DD "Ý" */
    0x0, 0xff, 0xe1, 0x2f, 0xff, 0x71, 0x0, 0x7f,
    0xf1, 0x86, 0xc0, 0x30, 0xe1, 0x0, 0x7f, 0xf1,
    0xac, 0x40, 0x21, 0xc2, 0x0, 0xff, 0xe3, 0x2a,
    0x80, 0x21, 0xd2, 0x0, 0xff, 0xe3, 0xd, 0x80,
    0x6d, 0x30, 0xf, 0xfe, 0x3d, 0x88, 0x5, 0x86,
    0x1, 0xff, 0xc8, 0xbe, 0xeb, 0xcc, 0x3, 0xff,
    0x92, 0x23, 0x80, 0x3f, 0xf8, 0x3, 0xff, 0xe8,
    0x0, 0xff, 0xa3, 0xff, 0xc2, 0x26, 0x0, 0xe6,
    0x0, 0xff, 0x98, 0x3, 0x98, 0x42, 0xc0, 0x38,
    0x58, 0x3, 0xf9, 0x84, 0x3, 0xac, 0x0, 0x4a,
    0x1, 0xd4, 0x1, 0xfd, 0x60, 0x1c, 0xa4, 0x1,
    0x48, 0x7, 0x19, 0x80, 0x3e, 0x32, 0x0, 0xe9,
    0x0, 0xc6, 0x80, 0x1d, 0x20, 0x1f, 0x48, 0x7,
    0x21, 0x80, 0x74, 0x0, 0x72, 0x88, 0x7, 0xa,
    0x80, 0x74, 0x0, 0x78, 0xcc, 0x1, 0xcc, 0x1,
    0xd2, 0x1, 0xc6, 0x60, 0xf, 0xa0, 0x3, 0xa4,
    0x3, 0x98, 0x3, 0xa0, 0x3, 0xf2, 0x10, 0x6,
    0x15, 0x0, 0x94, 0x40, 0x31, 0x20, 0x7, 0xf4,
    0x0, 0x74, 0x80, 0x52, 0x1, 0xd0, 0x1, 0xfe,
    0x51, 0x0, 0xc6, 0x40, 0x46, 0x1, 0x89, 0x40,
    0x3f, 0xe8, 0x0, 0xeb, 0xb, 0x0, 0xeb, 0x0,
    0xff, 0xe0, 0x30, 0x80, 0x66, 0x26, 0x0, 0xc2,
    0xc0, 0x1f, 0xfc, 0x19, 0x0, 0xef, 0x0, 0xe9,
    0x0, 0xff, 0xe1, 0x30, 0x7, 0x10, 0x7, 0x30,
    0x7, 0xff, 0x8, 0x5c, 0x3, 0xf9, 0xc4, 0x3,
    0xff, 0x87, 0x20, 0x1f, 0xd2, 0x1, 0xff, 0xc4,
    0x16, 0x0, 0xf9, 0x84, 0x3, 0xff, 0x8b, 0x60,
    0x1f, 0x58, 0x7, 0xff, 0x18, 0x90, 0x3, 0x94,
    0x80, 0x3f, 0xf8, 0xe4, 0x1, 0xda, 0x1, 0xff,
    0xff, 0x0, 0xff, 0xff, 0x80, 0x7f, 0xff, 0xc0,
    0x3f, 0xfd, 0x60,

    /* U+00DE "Þ" */
    0x1f, 0xfe, 0xe0, 0xf, 0xff, 0xf8, 0x7, 0xff,
    0xe0, 0x7b, 0xbb, 0x72, 0x9c, 0xc0, 0x3f, 0xf8,
    0x42, 0x3c, 0x46, 0xb1, 0x9a, 0xa0, 0x1f, 0xfc,
    0xa2, 0xab, 0x10, 0xf, 0xfe, 0x52, 0x68, 0x7,
    0xff, 0x2c, 0xe8, 0x3, 0xf0, 0xff, 0xfb, 0x1c,
    0x3, 0xca, 0x60, 0x1f, 0xfc, 0x23, 0x8d, 0x10,
    0xe, 0x90, 0xf, 0xfe, 0x21, 0x58, 0x7, 0x20,
    0x7, 0xff, 0x15, 0x40, 0x38, 0x44, 0x1, 0xff,
    0xc5, 0x30, 0xe, 0x20, 0xf, 0xfe, 0xe9, 0x80,
    0x71, 0x0, 0x7f, 0xf1, 0x14, 0x3, 0x84, 0x40,
    0x1f, 0xfc, 0x32, 0xb0, 0xe, 0x40, 0xf, 0xfe,
    0x11, 0xc6, 0x88, 0x7, 0x48, 0x7, 0xc3, 0xff,
    0xec, 0x70, 0xf, 0x29, 0x80, 0x7f, 0xf2, 0x4e,
    0x80, 0x3f, 0xf9, 0x29, 0x80, 0x1f, 0xfc, 0x82,
    0xab, 0x0, 0xff, 0x84, 0x78, 0x8d, 0x63, 0x35,
    0x40, 0x3f, 0xe1, 0xee, 0xed, 0xca, 0x73, 0x0,
    0xff, 0xff, 0x80, 0x7f, 0xfa, 0x0,

    /* U+00DF "ß" */
    0x0, 0xf1, 0x3d, 0xee, 0xb2, 0x98, 0x40, 0x3f,
    0xf8, 0x5, 0x7b, 0x8, 0x44, 0x35, 0x9e, 0x80,
    0xf, 0xf2, 0x6a, 0x0, 0x7f, 0x3e, 0x0, 0x7e,
    0x3b, 0x0, 0xff, 0xe0, 0x1d, 0x0, 0x7d, 0xc0,
    0x1f, 0xfc, 0x25, 0x30, 0xe, 0x62, 0x0, 0xe8,
    0xef, 0x80, 0xf, 0x50, 0x7, 0x58, 0x7, 0x43,
    0x88, 0x3c, 0x0, 0x72, 0x0, 0x61, 0x20, 0xe,
    0x70, 0xc, 0xe0, 0x1c, 0x40, 0x19, 0x0, 0x39,
    0x0, 0x3c, 0x20, 0x1f, 0xc4, 0x1, 0xc6, 0x1,
    0xe1, 0x0, 0xc2, 0x1, 0xbc, 0x3, 0xbc, 0x3,
    0x8c, 0x3, 0x94, 0x3, 0xff, 0x89, 0x20, 0x1d,
    0xc0, 0x1f, 0xfc, 0x33, 0x50, 0xc, 0x4a, 0x1,
    0xff, 0xc3, 0x80, 0xe, 0x80, 0xf, 0xfe, 0x18,
    0xa0, 0x6, 0x15, 0x0, 0xff, 0xe1, 0xa8, 0x7,
    0x20, 0x7, 0xff, 0x10, 0x40, 0x3f, 0xf9, 0x42,
    0x1, 0xc8, 0x1, 0xff, 0xc4, 0x50, 0xe, 0x1a,
    0x0, 0xff, 0xe1, 0x8a, 0x80, 0x72, 0xb8, 0x7,
    0xff, 0xe, 0x0, 0x3d, 0xc, 0x1, 0xff, 0xc2,
    0x2a, 0x0, 0xf4, 0xa0, 0x7, 0xff, 0x9, 0x60,
    0x3, 0xd4, 0x20, 0x1f, 0xfc, 0x27, 0x80, 0xe,
    0x18, 0x0, 0xff, 0xe1, 0xbb, 0x0, 0x73, 0x0,
    0x7f, 0xf1, 0x24, 0x40, 0x39, 0x0, 0x3f, 0xf8,
    0x88, 0x1, 0xc2, 0x1, 0xff, 0xdb, 0x70, 0xe,
    0x60, 0xf, 0xc7, 0x8c, 0x20, 0x14, 0x90, 0x7,
    0x10, 0x7, 0xe4, 0x39, 0xef, 0xdf, 0x60, 0xe,
    0x41, 0x0, 0xfd, 0xa0, 0x18, 0x80, 0x3e, 0x80,
    0xf, 0xe4, 0x0, 0xff, 0xa0, 0xc0, 0x3f, 0x8,
    0x80, 0x3f, 0xd2, 0xe0, 0x1f, 0xc3, 0x2c, 0x62,
    0x1, 0xa, 0x4f, 0x30, 0x4,

    /* U+00E0 "à" */
    0x0, 0xab, 0xff, 0xac, 0x3, 0xff, 0x87, 0x48,
    0x1, 0x91, 0x80, 0x3f, 0xf8, 0x76, 0x60, 0x1a,
    0x4, 0x3, 0xff, 0x87, 0xa4, 0x1, 0xd, 0x80,
    0x7f, 0xf0, 0xc7, 0x8, 0x2, 0x54, 0x0, 0xff,
    0xe1, 0x8e, 0x8, 0x5, 0x20, 0x1f, 0xfc, 0x41,
    0xee, 0xd8, 0x1, 0xff, 0xc6, 0x11, 0xc0, 0x1f,
    0xfd, 0x81, 0x6a, 0xdf, 0xfb, 0xb2, 0xc, 0x3,
    0xfd, 0x1d, 0x2a, 0x40, 0x10, 0x9b, 0xe6, 0xc,
    0x3, 0xc3, 0x8e, 0x1, 0xff, 0x1e, 0x28, 0x7,
    0x69, 0x80, 0x7f, 0xf0, 0xa9, 0x0, 0x26, 0x30,
    0xe, 0x26, 0x76, 0x20, 0xf, 0x48, 0x5, 0x40,
    0x1c, 0xdb, 0x31, 0x3b, 0x40, 0x1c, 0x48, 0x0,
    0x30, 0xe, 0x90, 0xe, 0x57, 0x0, 0xec, 0x0,
    0x77, 0x78, 0x3, 0xec, 0x0, 0xe2, 0x0, 0x8,
    0xf8, 0x3, 0xff, 0x82, 0x20, 0x1e, 0x27, 0xad,
    0xef, 0xfd, 0x60, 0x1f, 0xe2, 0xbd, 0x85, 0x21,
    0x0, 0xff, 0xe1, 0x2e, 0xa0, 0x7, 0xff, 0x19,
    0x28, 0x3, 0xc4, 0xac, 0xd2, 0x0, 0x7e, 0x90,
    0xe, 0x3c, 0xda, 0x99, 0xbc, 0x3, 0xe3, 0x20,
    0xc, 0x3a, 0x60, 0x1f, 0xfc, 0x15, 0x0, 0xe6,
    0x10, 0xf, 0xfe, 0x17, 0x0, 0x77, 0x80, 0x7f,
    0xf0, 0xfc, 0x3, 0xb4, 0x3, 0xe8, 0x0, 0xf8,
    0x80, 0x39, 0x58, 0x3, 0x26, 0x98, 0x7, 0xc8,
    0x1, 0xe9, 0xeb, 0xb7, 0x59, 0x0, 0x7e, 0x17,
    0x0, 0xf0, 0xa2, 0x4, 0x3, 0xf3, 0x80, 0x21,
    0x0, 0x3f, 0xe1, 0x0, 0xe2, 0x0, 0xad, 0xc0,
    0x3f, 0x93, 0xc4, 0x3, 0x9, 0x0, 0x51, 0xae,
    0x62, 0x0, 0x26, 0xcb, 0x14, 0x0, 0xea,

    /* U+00E1 "á" */
    0x0, 0xff, 0x87, 0xbf, 0xf9, 0x80, 0x3f, 0xf8,
    0x56, 0x20, 0x1a, 0x58, 0x3, 0xff, 0x82, 0xaa,
    0x0, 0xd2, 0xc0, 0x1f, 0xfc, 0x11, 0xb0, 0xd,
    0xc, 0x1, 0xff, 0xc2, 0xb1, 0x0, 0xa1, 0xc0,
    0x3f, 0xf8, 0x4a, 0xa0, 0xa, 0x1c, 0x3, 0xff,
    0x86, 0xbd, 0xd7, 0xb8, 0x7, 0xff, 0x14, 0x46,
    0x0, 0xff, 0xec, 0x8b, 0x56, 0xff, 0xdd, 0x90,
    0x60, 0x1f, 0xe8, 0xe9, 0x52, 0x0, 0x84, 0xdf,
    0x30, 0x60, 0x1e, 0x1c, 0x70, 0xf, 0xf8, 0xf1,
    0x40, 0x3b, 0x4c, 0x3, 0xff, 0x85, 0x48, 0x1,
    0x31, 0x80, 0x71, 0x33, 0xb1, 0x0, 0x7a, 0x40,
    0x2a, 0x0, 0xe6, 0xd9, 0x89, 0xda, 0x0, 0xe2,
    0x40, 0x1, 0x80, 0x74, 0x80, 0x72, 0xb8, 0x7,
    0x60, 0x3, 0xbb, 0xc0, 0x1f, 0x60, 0x7, 0x10,
    0x0, 0x47, 0xc0, 0x1f, 0xfc, 0x11, 0x0, 0xf1,
    0x3d, 0x6f, 0x7f, 0xeb, 0x0, 0xff, 0x15, 0xec,
    0x29, 0x8, 0x7, 0xff, 0x9, 0x75, 0x0, 0x3f,
    0xf8, 0xc9, 0x40, 0x1e, 0x25, 0x66, 0x90, 0x3,
    0xf4, 0x80, 0x71, 0xe6, 0xd4, 0xcd, 0xe0, 0x1f,
    0x19, 0x0, 0x61, 0xd3, 0x0, 0xff, 0xe0, 0xa8,
    0x7, 0x30, 0x80, 0x7f, 0xf0, 0xb8, 0x3, 0xbc,
    0x3, 0xff, 0x87, 0xe0, 0x1d, 0xa0, 0x1f, 0x40,
    0x7, 0xc4, 0x1, 0xca, 0xc0, 0x19, 0x34, 0xc0,
    0x3e, 0x40, 0xf, 0x4f, 0x5d, 0xba, 0xc8, 0x3,
    0xf0, 0xb8, 0x7, 0x85, 0x10, 0x20, 0x1f, 0x9c,
    0x1, 0x8, 0x1, 0xff, 0x8, 0x7, 0x10, 0x5,
    0x6e, 0x1, 0xfc, 0x9e, 0x20, 0x18, 0x48, 0x2,
    0x8d, 0x73, 0x10, 0x1, 0x36, 0x58, 0xa0, 0x7,
    0x50,

    /* U+00E2 "â" */
    0x0, 0xfd, 0x1f, 0xf7, 0x20, 0x7, 0xff, 0x8,
    0x6d, 0xc0, 0x21, 0xb7, 0x0, 0xff, 0xe0, 0x1f,
    0xa0, 0x7, 0xa2, 0x80, 0x3f, 0xcb, 0x82, 0x0,
    0x1c, 0x80, 0x9, 0x74, 0x80, 0x3e, 0x9a, 0x0,
    0x93, 0xcd, 0xec, 0x40, 0x5, 0xaa, 0x1, 0xc2,
    0x27, 0x7a, 0x2c, 0x40, 0x9, 0x8e, 0xf8, 0x80,
    0x38, 0x62, 0x33, 0x80, 0x71, 0x44, 0x67, 0x0,
    0xff, 0xf4, 0xb, 0x56, 0xff, 0xdd, 0x90, 0x60,
    0x1f, 0xe8, 0xe9, 0x52, 0x0, 0x84, 0xdf, 0x30,
    0x60, 0x1e, 0x1c, 0x70, 0xf, 0xf8, 0xf1, 0x40,
    0x3b, 0x4c, 0x3, 0xff, 0x85, 0x48, 0x1, 0x31,
    0x80, 0x71, 0x33, 0xb1, 0x0, 0x7a, 0x40, 0x2a,
    0x0, 0xe6, 0xd9, 0x89, 0xda, 0x0, 0xe2, 0x40,
    0x1, 0x80, 0x74, 0x80, 0x72, 0xb8, 0x7, 0x60,
    0x3, 0xbb, 0xc0, 0x1f, 0x60, 0x7, 0x10, 0x0,
    0x47, 0xc0, 0x1f, 0xfc, 0x11, 0x0, 0xf1, 0x3d,
    0x6f, 0x7f, 0xeb, 0x0, 0xff, 0x15, 0xec, 0x29,
    0x8, 0x7, 0xff, 0x9, 0x75, 0x0, 0x3f, 0xf8,
    0xc9, 0x40, 0x1e, 0x25, 0x66, 0x90, 0x3, 0xf4,
    0x80, 0x71, 0xe6, 0xd4, 0xcd, 0xe0, 0x1f, 0x19,
    0x0, 0x61, 0xd3, 0x0, 0xff, 0xe0, 0xa8, 0x7,
    0x30, 0x80, 0x7f, 0xf0, 0xb8, 0x3, 0xbc, 0x3,
    0xff, 0x87, 0xe0, 0x1d, 0xa0, 0x1f, 0x40, 0x7,
    0xc4, 0x1, 0xca, 0xc0, 0x19, 0x34, 0xc0, 0x3e,
    0x40, 0xf, 0x4f, 0x5d, 0xba, 0xc8, 0x3, 0xf0,
    0xb8, 0x7, 0x85, 0x10, 0x20, 0x1f, 0x9c, 0x1,
    0x8, 0x1, 0xff, 0x8, 0x7, 0x10, 0x5, 0x6e,
    0x1, 0xfc, 0x9e, 0x20, 0x18, 0x48, 0x2, 0x8d,
    0x73, 0x10, 0x1, 0x36, 0x58, 0xa0, 0x7, 0x50,

    /* U+00E3 "ã" */
    0x0, 0xff, 0xe1, 0x88, 0x7, 0xfc, 0xbb, 0xfd,
    0x2, 0x1, 0x9b, 0xf1, 0x40, 0x3e, 0x8a, 0x20,
    0x17, 0xe9, 0x30, 0x39, 0x3, 0xd0, 0xf, 0x1b,
    0x80, 0x79, 0xb3, 0xf0, 0x40, 0x18, 0x1, 0xe9,
    0x0, 0xc2, 0x1, 0xf8, 0xd0, 0x3, 0xc8, 0x0,
    0x6f, 0xec, 0x40, 0xe, 0x1e, 0x0, 0xf9, 0x8c,
    0x20, 0x0, 0x77, 0x8a, 0x44, 0x6f, 0x20, 0xf,
    0xa3, 0x3c, 0x40, 0x31, 0xd6, 0xea, 0x44, 0x3,
    0xff, 0xfe, 0x2, 0xd5, 0xbf, 0xf7, 0x64, 0x18,
    0x7, 0xfa, 0x3a, 0x54, 0x80, 0x21, 0x37, 0xcc,
    0x18, 0x7, 0x87, 0x1c, 0x3, 0xfe, 0x3c, 0x50,
    0xe, 0xd3, 0x0, 0xff, 0xe1, 0x52, 0x0, 0x4c,
    0x60, 0x1c, 0x4c, 0xec, 0x40, 0x1e, 0x90, 0xa,
    0x80, 0x39, 0xb6, 0x62, 0x76, 0x80, 0x38, 0x90,
    0x0, 0x60, 0x1d, 0x20, 0x1c, 0xae, 0x1, 0xd8,
    0x0, 0xee, 0xf0, 0x7, 0xd8, 0x1, 0xc4, 0x0,
    0x11, 0xf0, 0x7, 0xff, 0x4, 0x40, 0x3c, 0x4f,
    0x5b, 0xdf, 0xfa, 0xc0, 0x3f, 0xc5, 0x7b, 0xa,
    0x42, 0x1, 0xff, 0xc2, 0x5d, 0x40, 0xf, 0xfe,
    0x32, 0x50, 0x7, 0x89, 0x59, 0xa4, 0x0, 0xfd,
    0x20, 0x1c, 0x79, 0xb5, 0x33, 0x78, 0x7, 0xc6,
    0x40, 0x18, 0x74, 0xc0, 0x3f, 0xf8, 0x2a, 0x1,
    0xcc, 0x20, 0x1f, 0xfc, 0x2e, 0x0, 0xef, 0x0,
    0xff, 0xe1, 0xf8, 0x7, 0x68, 0x7, 0xd0, 0x1,
    0xf1, 0x0, 0x72, 0xb0, 0x6, 0x4d, 0x30, 0xf,
    0x90, 0x3, 0xd3, 0xd7, 0x6e, 0xb2, 0x0, 0xfc,
    0x2e, 0x1, 0xe1, 0x44, 0x8, 0x7, 0xe7, 0x0,
    0x42, 0x0, 0x7f, 0xc2, 0x1, 0xc4, 0x1, 0x5b,
    0x80, 0x7f, 0x27, 0x88, 0x6, 0x12, 0x0, 0xa3,
    0x5c, 0xc4, 0x0, 0x4d, 0x96, 0x28, 0x1, 0xd4,

    /* U+00E4 "ä" */
    0x0, 0x93, 0x7f, 0x54, 0x3, 0x86, 0xff, 0xa0,
    0x3, 0xc3, 0x64, 0x5, 0x44, 0x1, 0xb5, 0x0,
    0x5d, 0xc0, 0x1c, 0x80, 0x1c, 0xa0, 0x18, 0xc0,
    0x35, 0x80, 0x73, 0x0, 0x71, 0x0, 0x61, 0x0,
    0xcc, 0x1, 0xc6, 0xa0, 0x12, 0x28, 0x6, 0xb0,
    0x8, 0x60, 0x3, 0xd5, 0x93, 0x76, 0x0, 0xe5,
    0xd9, 0xae, 0x20, 0xf, 0x8d, 0x90, 0x3, 0xe2,
    0x65, 0x0, 0xff, 0xf5, 0xb, 0x56, 0xff, 0xdd,
    0x90, 0x60, 0x1f, 0xe8, 0xe9, 0x52, 0x0, 0x84,
    0xdf, 0x30, 0x60, 0x1e, 0x1c, 0x70, 0xf, 0xf8,
    0xf1, 0x40, 0x3b, 0x4c, 0x3, 0xff, 0x85, 0x48,
    0x1, 0x31, 0x80, 0x71, 0x33, 0xb1, 0x0, 0x7a,
    0x40, 0x2a, 0x0, 0xe6, 0xd9, 0x89, 0xda, 0x0,
    0xe2, 0x40, 0x1, 0x80, 0x74, 0x80, 0x72, 0xb8,
    0x7, 0x60, 0x3, 0xbb, 0xc0, 0x1f, 0x60, 0x7,
    0x10, 0x0, 0x47, 0xc0, 0x1f, 0xfc, 0x11, 0x0,
    0xf1, 0x3d, 0x6f, 0x7f, 0xeb, 0x0, 0xff, 0x15,
    0xec, 0x29, 0x8, 0x7, 0xff, 0x9, 0x75, 0x0,
    0x3f, 0xf8, 0xc9, 0x40, 0x1e, 0x25, 0x66, 0x90,
    0x3, 0xf4, 0x80, 0x71, 0xe6, 0xd4, 0xcd, 0xe0,
    0x1f, 0x19, 0x0, 0x61, 0xd3, 0x0, 0xff, 0xe0,
    0xa8, 0x7, 0x30, 0x80, 0x7f, 0xf0, 0xb8, 0x3,
    0xbc, 0x3, 0xff, 0x87, 0xe0, 0x1d, 0xa0, 0x1f,
    0x40, 0x7, 0xc4, 0x1, 0xca, 0xc0, 0x19, 0x34,
    0xc0, 0x3e, 0x40, 0xf, 0x4f, 0x5d, 0xba, 0xc8,
    0x3, 0xf0, 0xb8, 0x7, 0x85, 0x10, 0x20, 0x1f,
    0x9c, 0x1, 0x8, 0x1, 0xff, 0x8, 0x7, 0x10,
    0x5, 0x6e, 0x1, 0xfc, 0x9e, 0x20, 0x18, 0x48,
    0x2, 0x8d, 0x73, 0x10, 0x1, 0x36, 0x58, 0xa0,
    0x7, 0x50,

    /* U+00E5 "å" */
    0x0, 0xff, 0x8, 0x7, 0xff, 0x1e, 0x3b, 0x9f,
    0x88, 0x1, 0xff, 0xc3, 0xc7, 0x10, 0x1, 0xdb,
    0x0, 0x7f, 0xf0, 0x58, 0xc2, 0x3f, 0x90, 0x24,
    0x3, 0xff, 0x83, 0xa0, 0x4e, 0x3, 0x0, 0x4,
    0x0, 0xff, 0xe1, 0x8, 0x7, 0xff, 0x1f, 0x40,
    0xdc, 0x6, 0x0, 0x8, 0x1, 0xff, 0xc0, 0x63,
    0x8, 0xfe, 0x40, 0x90, 0xf, 0xfe, 0x16, 0x41,
    0x0, 0xe, 0xd8, 0x3, 0xff, 0x86, 0xfb, 0xfe,
    0xc4, 0x0, 0xff, 0xf6, 0x8b, 0x56, 0xff, 0xdd,
    0x90, 0x60, 0x1f, 0xe8, 0xe9, 0x52, 0x0, 0x84,
    0xdf, 0x30, 0x60, 0x1e, 0x1c, 0x70, 0xf, 0xf8,
    0xf1, 0x40, 0x3b, 0x4c, 0x3, 0xff, 0x85, 0x48,
    0x1, 0x31, 0x80, 0x71, 0x33, 0xb1, 0x0, 0x7a,
    0x40, 0x2a, 0x0, 0xe6, 0xd9, 0x89, 0xda, 0x0,
    0xe2, 0x40, 0x1, 0x80, 0x74, 0x80, 0x72, 0xb8,
    0x7, 0x60, 0x3, 0xbb, 0xc0, 0x1f, 0x60, 0x7,
    0x10, 0x0, 0x47, 0xc0, 0x1f, 0xfc, 0x11, 0x0,
    0xf1, 0x3d, 0x6f, 0x7f, 0xeb, 0x0, 0xff, 0x15,
    0xec, 0x29, 0x8, 0x7, 0xff, 0x9, 0x75, 0x0,
    0x3f, 0xf8, 0xc9, 0x40, 0x1e, 0x25, 0x66, 0x90,
    0x3, 0xf4, 0x80, 0x71, 0xe6, 0xd4, 0xcd, 0xe0,
    0x1f, 0x19, 0x0, 0x61, 0xd3, 0x0, 0xff, 0xe0,
    0xa8, 0x7, 0x30, 0x80, 0x7f, 0xf0, 0xb8, 0x3,
    0xbc, 0x3, 0xff, 0x87, 0xe0, 0x1d, 0xa0, 0x1f,
    0x40, 0x7, 0xc4, 0x1, 0xca, 0xc0, 0x19, 0x34,
    0xc0, 0x3e, 0x40, 0xf, 0x4f, 0x5d, 0xba, 0xc8,
    0x3, 0xf0, 0xb8, 0x7, 0x85, 0x10, 0x20, 0x1f,
    0x9c, 0x1, 0x8, 0x1, 0xff, 0x8, 0x7, 0x10,
    0x5, 0x6e, 0x1, 0xfc, 0x9e, 0x20, 0x18, 0x48,
    0x2, 0x8d, 0x73, 0x10, 0x1, 0x36, 0x58, 0xa0,
    0x7, 0x50,

    /* U+00E6 "æ" */
    0x0, 0xe6, 0xbe, 0xff, 0x6c, 0x98, 0x1, 0xaf,
    0xbf, 0xd6, 0xc0, 0x1f, 0x1e, 0xca, 0x8, 0x0,
    0x9b, 0x2b, 0xa5, 0x4, 0x0, 0x93, 0x82, 0x1,
    0x8b, 0x8, 0x3, 0xf2, 0x88, 0x7, 0xc7, 0x80,
    0x1a, 0x40, 0x3f, 0xf9, 0x4, 0xe0, 0x2, 0x40,
    0xf, 0xfe, 0x18, 0x80, 0x74, 0x80, 0x10, 0x3,
    0x9f, 0xfc, 0x80, 0x1c, 0xbf, 0xd2, 0x1, 0x85,
    0x0, 0x40, 0x3a, 0x80, 0x1c, 0x1, 0xd0, 0x0,
    0x61, 0x0, 0xc6, 0xf, 0xff, 0xc4, 0x0, 0x10,
    0xe, 0x20, 0x8, 0xc0, 0x37, 0x0, 0x7f, 0xf3,
    0x4c, 0x3, 0xf0, 0x91, 0x0, 0x38, 0xcf, 0x80,
    0x3f, 0xcd, 0x7f, 0xdb, 0x20, 0x1d, 0x99, 0x84,
    0x3, 0xf2, 0xf4, 0xa0, 0x7, 0xff, 0x25, 0xa8,
    0x40, 0x3f, 0xf9, 0x45, 0x20, 0x1f, 0xfc, 0xcb,
    0x0, 0xf3, 0x6d, 0x80, 0x77, 0xff, 0xf5, 0x2,
    0x0, 0x73, 0xc9, 0x0, 0x7f, 0xf1, 0x48, 0x3,
    0xa4, 0x3, 0xff, 0x9a, 0x20, 0x1f, 0x90, 0x3,
    0xfc, 0x20, 0x1c, 0x60, 0x1f, 0xa9, 0x0, 0x32,
    0xd0, 0x4, 0xa0, 0x1d, 0x93, 0x12, 0x1, 0xc3,
    0x7f, 0xbd, 0xf4, 0xa8, 0x0, 0xe0, 0xf, 0x33,
    0x90, 0x7, 0xe2, 0x10, 0xb, 0x0, 0xa, 0x60,
    0x1f, 0xc6, 0x20, 0x1f, 0xe5, 0x0, 0xb4, 0xc0,
    0x3e, 0x3d, 0xc2, 0x0, 0xfe, 0x40, 0x8, 0x72,
    0x90, 0x40, 0x7, 0x38, 0x25, 0xb2, 0x82, 0x0,
    0x14, 0x8d, 0x90,

    /* U+00E7 "ç" */
    0x0, 0xf9, 0xab, 0x7f, 0xed, 0x94, 0x0, 0xff,
    0x9f, 0xa5, 0x48, 0x2, 0x26, 0xbd, 0x40, 0xf,
    0xd7, 0x2, 0x1, 0xfc, 0x57, 0x0, 0x1e, 0xc4,
    0x0, 0xff, 0xe0, 0xbb, 0x80, 0x34, 0x18, 0x7,
    0xc2, 0x1, 0xf4, 0x10, 0x0, 0x9c, 0x3, 0x8f,
    0x3f, 0xb9, 0x0, 0x1e, 0x80, 0x5, 0x80, 0x71,
    0x61, 0x80, 0x5, 0xf0, 0x3, 0x94, 0x0, 0xe0,
    0x1d, 0x20, 0x1e, 0x35, 0x0, 0xe2, 0x20, 0x80,
    0x61, 0x40, 0xf, 0xb0, 0x3, 0x85, 0xc0, 0x39,
    0x0, 0x3f, 0x37, 0xff, 0x19, 0x80, 0x38, 0x80,
    0x3f, 0xf8, 0x62, 0x1, 0xde, 0x1, 0xff, 0xdf,
    0xf0, 0xf, 0xfe, 0x19, 0x0, 0x71, 0x0, 0x7f,
    0xf0, 0xdc, 0x3, 0x9c, 0x3, 0xf1, 0x2a, 0xf0,
    0x90, 0x80, 0x62, 0x20, 0x7, 0xcb, 0x55, 0xc4,
    0xe, 0x1, 0xd2, 0x1, 0xf5, 0x0, 0x71, 0x85,
    0x80, 0x72, 0x50, 0x80, 0x47, 0x84, 0x1, 0x90,
    0x0, 0x4e, 0x1, 0xcb, 0xdb, 0x9d, 0x86, 0x1,
    0xd0, 0x1, 0x41, 0x80, 0x78, 0x8c, 0x40, 0x3d,
    0x6, 0x1, 0xb0, 0xc0, 0x3f, 0xf8, 0x2e, 0xe0,
    0xf, 0x64, 0x0, 0x7f, 0x8a, 0xe0, 0x3, 0xf3,
    0xfc, 0xa8, 0x6, 0x16, 0xbd, 0x40, 0xf, 0xf9,
    0xac, 0x3, 0x25, 0xa0, 0x7, 0xff, 0x9, 0x0,
    0x32, 0xec, 0x0, 0x7f, 0xf0, 0x92, 0x9c, 0x3,
    0x3a, 0x0, 0x7f, 0xf0, 0x45, 0x62, 0x0, 0x1b,
    0x0, 0x3f, 0xf8, 0x9c, 0x1, 0x84, 0x3, 0xff,
    0x84, 0xf6, 0xc0, 0x1b, 0xc0, 0x3f, 0xf8, 0x52,
    0x80, 0x18, 0x98, 0x3, 0xff, 0x84, 0x60, 0x18,
    0xf0, 0x3, 0xff, 0x86, 0x20, 0x4d, 0x78, 0x20,
    0x1e,

    /* U+00E8 "è" */
    0x0, 0xa7, 0xff, 0xb4, 0x3, 0xff, 0x89, 0x2a,
    0x1, 0x89, 0xc0, 0x3f, 0xf8, 0x94, 0xa0, 0x1a,
    0x8, 0x3, 0xff, 0x89, 0x48, 0x1, 0xa4, 0x3,
    0xff, 0x8b, 0x66, 0x1, 0x22, 0x80, 0x7f, 0xf1,
    0x74, 0x80, 0x2b, 0x10, 0xf, 0xfe, 0x20, 0xef,
    0x75, 0xe2, 0x1, 0xff, 0xc6, 0x11, 0xc0, 0x1f,
    0xfd, 0xc4, 0x9c, 0xff, 0xb6, 0x98, 0x3, 0xff,
    0x80, 0x79, 0x6c, 0x60, 0x11, 0x2c, 0xfb, 0x80,
    0x7f, 0x3e, 0x18, 0x7, 0xfa, 0x2c, 0x3, 0xe8,
    0x80, 0x7, 0xff, 0x5, 0x2c, 0x3, 0x95, 0xc0,
    0x3e, 0x10, 0xf, 0x91, 0xc0, 0x21, 0xb0, 0xe,
    0x1a, 0xfe, 0xfc, 0x40, 0xe, 0x80, 0x9, 0x84,
    0x3, 0xe, 0x28, 0x4, 0x76, 0xa0, 0x1c, 0xc0,
    0x9, 0x0, 0xeb, 0x20, 0xf, 0x58, 0x7, 0x68,
    0x10, 0x80, 0x61, 0x50, 0xf, 0x85, 0x0, 0x32,
    0x2, 0x0, 0x72, 0x99, 0xff, 0x0, 0x78, 0x78,
    0x3, 0x93, 0x33, 0xf9, 0x0, 0x38, 0x84, 0x3,
    0xff, 0xf1, 0xc0, 0x1c, 0xdf, 0xff, 0xfc, 0x33,
    0x30, 0x7, 0x38, 0x7, 0xff, 0x11, 0x0, 0x38,
    0x5c, 0x3, 0xfc, 0x40, 0x1c, 0xc0, 0x1d, 0xa,
    0x1, 0xf9, 0x32, 0x80, 0x34, 0x0, 0x7a, 0xa8,
    0x60, 0x19, 0x2e, 0xc2, 0xb4, 0x1, 0xc, 0x80,
    0x79, 0x73, 0xf7, 0xbe, 0xd0, 0x2, 0x58, 0x0,
    0x99, 0xc0, 0x3f, 0x10, 0x80, 0x78, 0x68, 0x3,
    0x44, 0x0, 0x3f, 0xf8, 0x45, 0x84, 0x1, 0xcf,
    0xa8, 0x1, 0xff, 0x46, 0x90, 0x7, 0xc5, 0x7b,
    0x8, 0x20, 0x11, 0x2d, 0x7b, 0x80, 0x60,

    /* U+00E9 "é" */
    0x0, 0xff, 0xe0, 0x6f, 0xff, 0x38, 0x7, 0xff,
    0xe, 0x48, 0x3, 0x3b, 0x80, 0x3f, 0xf8, 0x46,
    0xc0, 0x19, 0xe0, 0x3, 0xff, 0x87, 0xc0, 0x19,
    0xa0, 0x3, 0xff, 0x87, 0x4, 0x1, 0x34, 0x80,
    0x7f, 0xf0, 0xcd, 0xc0, 0x26, 0x90, 0xf, 0xfe,
    0x21, 0xf7, 0x69, 0x0, 0xff, 0xe3, 0x8, 0xe0,
    0xf, 0xfe, 0xe2, 0x4e, 0x7f, 0xdb, 0x4c, 0x1,
    0xff, 0xc0, 0x3c, 0xb6, 0x30, 0x8, 0x96, 0x7d,
    0xc0, 0x3f, 0x9f, 0xc, 0x3, 0xfd, 0x16, 0x1,
    0xf4, 0x40, 0x3, 0xff, 0x82, 0x96, 0x1, 0xca,
    0xe0, 0x1f, 0x8, 0x7, 0xc8, 0xe0, 0x10, 0xd8,
    0x7, 0xd, 0x7f, 0x7e, 0x20, 0x7, 0x40, 0x4,
    0xc2, 0x1, 0x87, 0x14, 0x2, 0x3b, 0x50, 0xe,
    0x60, 0x4, 0x80, 0x75, 0x90, 0x7, 0xac, 0x3,
    0xb4, 0x8, 0x40, 0x30, 0xa8, 0x7, 0xc2, 0x80,
    0x19, 0x1, 0x0, 0x39, 0x4c, 0xff, 0x80, 0x3c,
    0x3c, 0x1, 0xc9, 0x99, 0xfc, 0x80, 0x1c, 0x42,
    0x1, 0xff, 0xf8, 0xe0, 0xe, 0x6f, 0xff, 0xfe,
    0x19, 0x98, 0x3, 0x9c, 0x3, 0xff, 0x88, 0x80,
    0x1c, 0x2e, 0x1, 0xfe, 0x20, 0xe, 0x60, 0xe,
    0x85, 0x0, 0xfc, 0x99, 0x40, 0x1a, 0x0, 0x3d,
    0x54, 0x30, 0xc, 0x97, 0x61, 0x5a, 0x0, 0x86,
    0x40, 0x3c, 0xb9, 0xfb, 0xdf, 0x68, 0x1, 0x2c,
    0x0, 0x4c, 0xe0, 0x1f, 0x88, 0x40, 0x3c, 0x34,
    0x1, 0xa2, 0x0, 0x1f, 0xfc, 0x22, 0xc2, 0x0,
    0xe7, 0xd4, 0x0, 0xff, 0xa3, 0x48, 0x3, 0xe2,
    0xbd, 0x84, 0x10, 0x8, 0x96, 0xbd, 0xc0, 0x30,

    /* U+00EA "ê" */
    0x0, 0xfc, 0xdf, 0xf9, 0x0, 0x3f, 0xf8, 0x91,
    0x20, 0x1a, 0xd8, 0x3, 0xff, 0x85, 0x6e, 0x1,
    0xe9, 0x90, 0x7, 0xfc, 0x38, 0x80, 0x13, 0xa0,
    0x4, 0xd6, 0x1, 0xfc, 0x5e, 0x60, 0x14, 0xc5,
    0xb8, 0x4, 0x9a, 0x20, 0x1f, 0x68, 0x80, 0x56,
    0xc0, 0x8, 0x90, 0x8, 0xbc, 0x3, 0xef, 0xfe,
    0x40, 0xc, 0xdf, 0xfb, 0x80, 0x3f, 0xff, 0xe0,
    0x1c, 0x93, 0x9f, 0xf6, 0xd3, 0x0, 0x7f, 0xf0,
    0xf, 0x2d, 0x8c, 0x2, 0x25, 0x9f, 0x70, 0xf,
    0xe7, 0xc3, 0x0, 0xff, 0x45, 0x80, 0x7d, 0x10,
    0x0, 0xff, 0xe0, 0xa5, 0x80, 0x72, 0xb8, 0x7,
    0xc2, 0x1, 0xf2, 0x38, 0x4, 0x36, 0x1, 0xc3,
    0x5f, 0xdf, 0x88, 0x1, 0xd0, 0x1, 0x30, 0x80,
    0x61, 0xc5, 0x0, 0x8e, 0xd4, 0x3, 0x98, 0x1,
    0x20, 0x1d, 0x64, 0x1, 0xeb, 0x0, 0xed, 0x2,
    0x10, 0xc, 0x2a, 0x1, 0xf0, 0xa0, 0x6, 0x40,
    0x40, 0xe, 0x53, 0x3f, 0xe0, 0xf, 0xf, 0x0,
    0x72, 0x66, 0x7f, 0x20, 0x7, 0x10, 0x80, 0x7f,
    0xfe, 0x38, 0x3, 0x9b, 0xff, 0xff, 0x86, 0x66,
    0x0, 0xe7, 0x0, 0xff, 0xe2, 0x20, 0x7, 0xb,
    0x80, 0x7f, 0x88, 0x3, 0x98, 0x3, 0xa1, 0x40,
    0x3f, 0x26, 0x50, 0x6, 0x80, 0xf, 0x55, 0xc,
    0x3, 0x25, 0xd8, 0x56, 0x80, 0x21, 0x90, 0xf,
    0x2e, 0x7e, 0xf7, 0xda, 0x0, 0x4b, 0x0, 0x13,
    0x38, 0x7, 0xe2, 0x10, 0xf, 0xd, 0x0, 0x68,
    0x80, 0x7, 0xff, 0x8, 0xb0, 0x80, 0x39, 0xf5,
    0x0, 0x3f, 0xe8, 0xd2, 0x0, 0xf8, 0xaf, 0x61,
    0x4, 0x2, 0x25, 0xaf, 0x70, 0xc,

    /* U+00EB "ë" */
    0x0, 0x8f, 0x3f, 0x98, 0x3, 0xd5, 0xfe, 0x90,
    0xf, 0xda, 0x60, 0x32, 0x80, 0x1a, 0x94, 0x0,
    0xd2, 0x1, 0xe3, 0x10, 0xd, 0x80, 0x19, 0x0,
    0x32, 0x0, 0x78, 0x40, 0x3b, 0xc0, 0x31, 0x80,
    0x66, 0x0, 0xf1, 0x38, 0x4, 0x6e, 0x1, 0xa4,
    0x3, 0x40, 0x7, 0xd1, 0x93, 0x78, 0x1, 0xc9,
    0xd3, 0x5c, 0x60, 0x1f, 0x8d, 0x90, 0x3, 0xe1,
    0x65, 0x10, 0xf, 0xff, 0x72, 0x4e, 0x7f, 0xdb,
    0x4c, 0x1, 0xff, 0xc0, 0x3c, 0xb6, 0x30, 0x8,
    0x96, 0x7d, 0xc0, 0x3f, 0x9f, 0xc, 0x3, 0xfd,
    0x16, 0x1, 0xf4, 0x40, 0x3, 0xff, 0x82, 0x96,
    0x1, 0xca, 0xe0, 0x1f, 0x8, 0x7, 0xc8, 0xe0,
    0x10, 0xd8, 0x7, 0xd, 0x7f, 0x7e, 0x20, 0x7,
    0x40, 0x4, 0xc2, 0x1, 0x87, 0x14, 0x2, 0x3b,
    0x50, 0xe, 0x60, 0x4, 0x80, 0x75, 0x90, 0x7,
    0xac, 0x3, 0xb4, 0x8, 0x40, 0x30, 0xa8, 0x7,
    0xc2, 0x80, 0x19, 0x1, 0x0, 0x39, 0x4c, 0xff,
    0x80, 0x3c, 0x3c, 0x1, 0xc9, 0x99, 0xfc, 0x80,
    0x1c, 0x42, 0x1, 0xff, 0xf8, 0xe0, 0xe, 0x6f,
    0xff, 0xfe, 0x19, 0x98, 0x3, 0x9c, 0x3, 0xff,
    0x88, 0x80, 0x1c, 0x2e, 0x1, 0xfe, 0x20, 0xe,
    0x60, 0xe, 0x85, 0x0, 0xfc, 0x99, 0x40, 0x1a,
    0x0, 0x3d, 0x54, 0x30, 0xc, 0x97, 0x61, 0x5a,
    0x0, 0x86, 0x40, 0x3c, 0xb9, 0xfb, 0xdf, 0x68,
    0x1, 0x2c, 0x0, 0x4c, 0xe0, 0x1f, 0x88, 0x40,
    0x3c, 0x34, 0x1, 0xa2, 0x0, 0x1f, 0xfc, 0x22,
    0xc2, 0x0, 0xe7, 0xd4, 0x0, 0xff, 0xa3, 0x48,
    0x3, 0xe2, 0xbd, 0x84, 0x10, 0x8, 0x96, 0xbd,
    0xc0, 0x30,

    /* U+00EC "ì" */
    0x0, 0x1f, 0xff, 0x90, 0x3, 0xff, 0x80, 0x76,
    0x1, 0xd2, 0x1, 0xff, 0xc1, 0x4b, 0x0, 0xc5,
    0x0, 0x1f, 0xfc, 0x14, 0xa0, 0xc, 0xe4, 0x1,
    0xff, 0xc1, 0x59, 0x0, 0xdc, 0x1, 0xff, 0xc2,
    0x68, 0x0, 0x8d, 0x80, 0x3f, 0xf8, 0x4f, 0xdd,
    0x98, 0x3, 0xff, 0x86, 0x23, 0x80, 0x3f, 0x5f,
    0xff, 0xff, 0x1, 0x0, 0x3f, 0xfe, 0xc2, 0x1,
    0xff, 0xc7, 0xaf, 0xff, 0x18, 0x7, 0xff, 0xfc,
    0x3, 0xff, 0xfe, 0x1, 0xff, 0xff, 0x0, 0xff,
    0xf1, 0xd7, 0x77, 0x8c, 0x3, 0xaf, 0xbb, 0xb4,
    0x47, 0xe0, 0xf, 0x84, 0x78, 0x80, 0x3f, 0xfe,
    0x0,

    /* U+00ED "í" */
    0x0, 0xff, 0xa3, 0xff, 0xb4, 0x40, 0x3f, 0xe2,
    0x70, 0xc, 0x58, 0x20, 0x1f, 0xf7, 0x0, 0x62,
    0xc1, 0x0, 0xff, 0x9c, 0xc0, 0x22, 0xc1, 0x0,
    0xff, 0x8a, 0x0, 0x21, 0xc1, 0x0, 0xff, 0xe0,
    0x70, 0x4, 0x38, 0x20, 0x1f, 0xfc, 0x1d, 0xee,
    0xc4, 0x1, 0xff, 0xc2, 0x11, 0xc0, 0x1f, 0xaf,
    0xff, 0xff, 0x80, 0x80, 0x1f, 0xff, 0x61, 0x0,
    0xff, 0xe3, 0xd7, 0xff, 0x8c, 0x3, 0xff, 0xfe,
    0x1, 0xff, 0xff, 0x0, 0xff, 0xff, 0x80, 0x7f,
    0xf8, 0xeb, 0xbb, 0xc6, 0x1, 0xd7, 0xdd, 0xda,
    0x23, 0xf0, 0x7, 0xc2, 0x3c, 0x40, 0x1f, 0xff,
    0x0,

    /* U+00EE "î" */
    0x0, 0xf8, 0xb7, 0xfe, 0xa0, 0xf, 0xfe, 0xa,
    0xe9, 0x0, 0x4b, 0xa4, 0x1, 0xfe, 0x8a, 0x0,
    0xf1, 0x62, 0x0, 0x7c, 0x36, 0xe0, 0x12, 0xe1,
    0x0, 0x6, 0xdc, 0x3, 0x8b, 0x10, 0x2, 0x8a,
    0x3c, 0x40, 0xa, 0x28, 0x3, 0x22, 0x19, 0xab,
    0x70, 0x0, 0xdc, 0x33, 0x46, 0x60, 0x9, 0xa6,
    0x72, 0x0, 0x73, 0xcc, 0xe3, 0x0, 0xff, 0xee,
    0xdf, 0xff, 0xff, 0x1, 0x0, 0x3f, 0xfe, 0xc2,
    0x1, 0xff, 0xc7, 0xaf, 0xff, 0x18, 0x7, 0xff,
    0xfc, 0x3, 0xff, 0xfe, 0x1, 0xff, 0xff, 0x0,
    0xff, 0xf1, 0xd7, 0x77, 0x8c, 0x3, 0xaf, 0xbb,
    0xb4, 0x47, 0xe0, 0xf, 0x84, 0x78, 0x80, 0x3f,
    0xfe, 0x0,

    /* U+00EF "ï" */
    0x0, 0xa7, 0xfd, 0x40, 0x1e, 0x6e, 0xfc, 0x30,
    0xd, 0xc, 0x0, 0x5a, 0x0, 0xc9, 0x22, 0x7,
    0xa0, 0x19, 0x40, 0x32, 0x0, 0x6c, 0x0, 0xc2,
    0x80, 0x13, 0x0, 0x63, 0x0, 0xdc, 0x1, 0xcc,
    0x1, 0x40, 0x6, 0x90, 0xc, 0xc6, 0x1, 0x31,
    0x0, 0x47, 0xd3, 0x2e, 0x40, 0xe, 0xca, 0x9c,
    0x90, 0xe, 0x16, 0x60, 0x80, 0x7c, 0xac, 0x60,
    0x1f, 0xfc, 0xbb, 0xff, 0xff, 0xe0, 0x20, 0x7,
    0xff, 0xd8, 0x40, 0x3f, 0xf8, 0xf5, 0xff, 0xe3,
    0x0, 0xff, 0xff, 0x80, 0x7f, 0xff, 0xc0, 0x3f,
    0xff, 0xe0, 0x1f, 0xfe, 0x3a, 0xee, 0xf1, 0x80,
    0x75, 0xf7, 0x76, 0x88, 0xfc, 0x1, 0xf0, 0x8f,
    0x10, 0x7, 0xff, 0xc0,

    /* U+00F0 "ð" */
    0x0, 0xff, 0x12, 0x80, 0x7f, 0xf2, 0xa2, 0xbe,
    0x48, 0x3, 0x89, 0x80, 0x3f, 0xe1, 0x50, 0x3,
    0x6c, 0x0, 0x6, 0x76, 0x50, 0x3, 0xfc, 0xe0,
    0x1c, 0xf8, 0xfc, 0xc0, 0x9, 0x0, 0xff, 0x58,
    0x7, 0x8e, 0x0, 0x24, 0xf0, 0xf, 0xf5, 0x10,
    0x7, 0xe2, 0xbb, 0x10, 0x7, 0xf9, 0xf5, 0x80,
    0x3e, 0x64, 0x0, 0xff, 0xe0, 0xc, 0x30, 0x7,
    0xc8, 0xc0, 0x1f, 0xf3, 0x7b, 0x80, 0x7f, 0x48,
    0x80, 0x7f, 0x34, 0x88, 0x1, 0x37, 0x0, 0x3d,
    0x20, 0x1f, 0xcc, 0x60, 0x57, 0x62, 0x37, 0x0,
    0xe7, 0x0, 0xff, 0x74, 0xea, 0x0, 0x50, 0x20,
    0x1c, 0xc0, 0x1f, 0xcc, 0x33, 0x28, 0x51, 0x6,
    0x0, 0xed, 0x0, 0xf0, 0xcf, 0xdc, 0x33, 0x1e,
    0xba, 0xb4, 0x3, 0x90, 0x3, 0x97, 0x98, 0x3,
    0xf2, 0xd0, 0x7, 0x8c, 0x2, 0x6a, 0x0, 0xff,
    0xe3, 0x30, 0x0, 0xe4, 0x3, 0xff, 0x8f, 0xa0,
    0xe, 0x0, 0xf2, 0xef, 0xfb, 0x69, 0x40, 0x3e,
    0x10, 0x42, 0x0, 0xe8, 0xa2, 0x0, 0x12, 0xd6,
    0x90, 0x7, 0x18, 0x70, 0x7, 0x23, 0x80, 0x7c,
    0x50, 0x1, 0xf2, 0x0, 0x77, 0x80, 0x7f, 0xf1,
    0x4, 0x40, 0x1c, 0x80, 0x1f, 0xfc, 0x43, 0x0,
    0xe2, 0x0, 0xff, 0x18, 0x7, 0x18, 0x7, 0x84,
    0x3, 0xfd, 0xc0, 0x1d, 0xc6, 0x1, 0xc4, 0x1,
    0xfe, 0x30, 0xe, 0x31, 0x0, 0xe1, 0x20, 0xf,
    0xc2, 0x80, 0x1c, 0x80, 0x80, 0x1d, 0x60, 0x1f,
    0xa4, 0x3, 0x94, 0x1, 0xc0, 0x1c, 0xca, 0x1,
    0xe4, 0x70, 0xe, 0x90, 0x2, 0x90, 0x7, 0x54,
    0x8, 0x0, 0x62, 0xc0, 0x39, 0xc, 0x2, 0x90,
    0xf, 0x3f, 0x76, 0x70, 0xe, 0x1a, 0x0, 0xc9,
    0x0, 0x1f, 0x8, 0x80, 0x3e, 0xa1, 0x0, 0xe7,
    0x90, 0xf, 0xfe, 0x8, 0xe2, 0x0, 0x7c, 0xda,
    0x80, 0x1f, 0xe6, 0xf3, 0x0, 0xfe, 0x2b, 0xd7,
    0x31, 0x0, 0xa, 0x47, 0x48, 0x80, 0x70,

    /* U+00F1 "ñ" */
    0x0, 0xff, 0xe1, 0x88, 0x7, 0xf1, 0xe7, 0xfa,
    0x8c, 0x3, 0x27, 0x6c, 0x0, 0x79, 0x30, 0xc0,
    0xb, 0x96, 0x80, 0x30, 0x4, 0x80, 0x1c, 0x34,
    0x1, 0xe4, 0xbf, 0xe3, 0x0, 0x20, 0x7, 0x30,
    0x80, 0x42, 0x1, 0xfd, 0x20, 0x1d, 0x80, 0x3,
    0xee, 0x6b, 0x0, 0x7a, 0xc4, 0x3, 0xb5, 0x2,
    0x44, 0xa, 0x75, 0x88, 0x8b, 0xa8, 0x1, 0xe6,
    0xbf, 0x50, 0xc, 0x53, 0xba, 0xa2, 0x0, 0xff,
    0xfc, 0x7f, 0xf3, 0x80, 0x4d, 0x7d, 0xfe, 0xda,
    0x40, 0xf, 0xee, 0x5, 0xe9, 0x41, 0x0, 0x12,
    0xdd, 0x80, 0x3f, 0x13, 0xd0, 0x80, 0x7e, 0x4c,
    0x0, 0xf9, 0x20, 0x3, 0xfe, 0x37, 0x0, 0xfe,
    0x25, 0x65, 0x20, 0xf, 0x48, 0x7, 0xe9, 0xda,
    0x9a, 0xd8, 0x0, 0xe1, 0x40, 0xf, 0x53, 0x0,
    0x73, 0xa0, 0x7, 0x60, 0x7, 0x94, 0x3, 0xee,
    0x0, 0xe2, 0x0, 0xff, 0xe1, 0x30, 0x7, 0x30,
    0x7, 0xff, 0xfc, 0x3, 0xff, 0xfe, 0x1, 0xff,
    0xff, 0x0, 0xff, 0xff, 0x80, 0x7f, 0xf0, 0xc0,

    /* U+00F2 "ò" */
    0x0, 0x8f, 0xff, 0xc8, 0x1, 0xff, 0xc3, 0x3b,
    0x0, 0xe9, 0x0, 0xff, 0xe2, 0x25, 0x80, 0x62,
    0x80, 0xf, 0xfe, 0x22, 0x50, 0x6, 0x72, 0x0,
    0xff, 0xe2, 0x2c, 0x80, 0x6e, 0x0, 0xff, 0xe2,
    0xb4, 0x0, 0x46, 0xc0, 0x1f, 0xfc, 0x57, 0xee,
    0xcc, 0x1, 0xff, 0xc6, 0x11, 0xc0, 0x1f, 0xfd,
    0xb1, 0x7b, 0xef, 0xf7, 0x64, 0x18, 0x7, 0xff,
    0x2, 0x7a, 0x10, 0x40, 0x2, 0x6f, 0x98, 0x30,
    0xf, 0xc5, 0xac, 0x1, 0xfe, 0x3c, 0x60, 0xf,
    0xe, 0x10, 0x7, 0xff, 0x6, 0x58, 0x3, 0xb4,
    0x40, 0x3e, 0x10, 0xf, 0xa4, 0x80, 0x25, 0x30,
    0xe, 0x4d, 0xfe, 0xe4, 0x0, 0x7a, 0x40, 0x28,
    0x0, 0xe4, 0xb2, 0x0, 0xb, 0xd0, 0x7, 0x21,
    0x1, 0x10, 0x3, 0xa8, 0x3, 0xca, 0x80, 0x1d,
    0x40, 0x80, 0x1c, 0xa2, 0x1, 0xf7, 0x80, 0x72,
    0x7, 0x80, 0x76, 0x0, 0x7e, 0x40, 0xe, 0x30,
    0x20, 0xe, 0x20, 0xf, 0xe1, 0x0, 0xe1, 0x70,
    0xe, 0x70, 0xf, 0xe3, 0x0, 0xe3, 0x0, 0xff,
    0xe5, 0xb8, 0x7, 0x38, 0x7, 0xf1, 0x80, 0x71,
    0x90, 0x7, 0x10, 0x7, 0xf0, 0x80, 0x70, 0xf8,
    0x7, 0x60, 0x7, 0xe4, 0x0, 0xe3, 0x4, 0x0,
    0xe5, 0x10, 0xf, 0xb8, 0x3, 0x90, 0x8, 0x80,
    0x1d, 0x60, 0x1e, 0x45, 0x0, 0xeb, 0x0, 0x40,
    0x7, 0x2d, 0x90, 0x4, 0xf6, 0x1, 0xc8, 0x60,
    0x5, 0x30, 0xe, 0x4d, 0xee, 0x7c, 0x0, 0x7a,
    0x40, 0x36, 0x88, 0x7, 0x84, 0x40, 0x1f, 0x49,
    0x0, 0x61, 0xc2, 0x0, 0xff, 0xe0, 0xcb, 0x0,
    0x78, 0xb1, 0x80, 0x3f, 0xc7, 0x8c, 0x1, 0xf8,
    0x67, 0xa1, 0x4, 0x0, 0x26, 0xd7, 0x86, 0x1,
    0xc0,

    /* U+00F3 "ó" */
    0x0, 0xff, 0xe0, 0x47, 0xff, 0x68, 0x80, 0x7f,
    0xf0, 0x89, 0xc0, 0x31, 0x60, 0x80, 0x7f, 0xf0,
    0xb8, 0x3, 0x16, 0x8, 0x7, 0xff, 0x9, 0xcc,
    0x2, 0x2c, 0x10, 0xf, 0xfe, 0x11, 0x40, 0x4,
    0x58, 0x20, 0x1f, 0xfc, 0x3e, 0x0, 0x87, 0xc4,
    0x3, 0xff, 0x89, 0xbd, 0xd8, 0x80, 0x3f, 0xf8,
    0xa2, 0x38, 0x3, 0xff, 0xb6, 0x2f, 0x7d, 0xfe,
    0xec, 0x83, 0x0, 0xff, 0xe0, 0x4f, 0x42, 0x8,
    0x0, 0x4d, 0xf3, 0x6, 0x1, 0xf8, 0xb5, 0x80,
    0x3f, 0xc7, 0x8c, 0x1, 0xe1, 0xc2, 0x0, 0xff,
    0xe0, 0xcb, 0x0, 0x76, 0x88, 0x7, 0xc2, 0x1,
    0xf4, 0x90, 0x4, 0xa6, 0x1, 0xc9, 0xbf, 0xdc,
    0x80, 0xf, 0x48, 0x5, 0x0, 0x1c, 0x96, 0x40,
    0x1, 0x7a, 0x0, 0xe4, 0x20, 0x22, 0x0, 0x75,
    0x0, 0x79, 0x50, 0x3, 0xa8, 0x10, 0x3, 0x94,
    0x40, 0x3e, 0xf0, 0xe, 0x40, 0xf0, 0xe, 0xc0,
    0xf, 0xc8, 0x1, 0xc6, 0x4, 0x1, 0xc4, 0x1,
    0xfc, 0x20, 0x1c, 0x2e, 0x1, 0xce, 0x1, 0xfc,
    0x60, 0x1c, 0x60, 0x1f, 0xfc, 0xb7, 0x0, 0xe7,
    0x0, 0xfe, 0x30, 0xe, 0x32, 0x0, 0xe2, 0x0,
    0xfe, 0x10, 0xe, 0x1f, 0x0, 0xec, 0x0, 0xfc,
    0x80, 0x1c, 0x60, 0x80, 0x1c, 0xa2, 0x1, 0xf7,
    0x0, 0x72, 0x1, 0x10, 0x3, 0xac, 0x3, 0xc8,
    0xa0, 0x1d, 0x60, 0x8, 0x0, 0xe5, 0xb2, 0x0,
    0x9e, 0xc0, 0x39, 0xc, 0x0, 0xa6, 0x1, 0xc9,
    0xbd, 0xcf, 0x80, 0xf, 0x48, 0x6, 0xd1, 0x0,
    0xf0, 0x88, 0x3, 0xe9, 0x20, 0xc, 0x38, 0x40,
    0x1f, 0xfc, 0x19, 0x60, 0xf, 0x16, 0x30, 0x7,
    0xf8, 0xf1, 0x80, 0x3f, 0xc, 0xf4, 0x20, 0x80,
    0x4, 0xda, 0xf0, 0xc0, 0x38,

    /* U+00F4 "ô" */
    0x0, 0xfc, 0x5b, 0xff, 0x50, 0x7, 0xff, 0x11,
    0x74, 0x80, 0x25, 0xd2, 0x0, 0xff, 0xe0, 0xc5,
    0x0, 0x78, 0xb5, 0x0, 0x3f, 0xc3, 0x6e, 0x1,
    0x36, 0x90, 0x5, 0x70, 0x1, 0xf8, 0xfd, 0x0,
    0x29, 0x91, 0x6a, 0x80, 0x4f, 0x62, 0x1, 0xe6,
    0x63, 0xbd, 0x8c, 0x1, 0x54, 0xbb, 0xc6, 0x40,
    0x1e, 0x58, 0x8c, 0x60, 0x1c, 0xd1, 0x18, 0xc0,
    0x3f, 0xfd, 0x62, 0xf7, 0xdf, 0xee, 0xc8, 0x30,
    0xf, 0xfe, 0x4, 0xf4, 0x20, 0x80, 0x4, 0xdf,
    0x30, 0x60, 0x1f, 0x8b, 0x58, 0x3, 0xfc, 0x78,
    0xc0, 0x1e, 0x1c, 0x20, 0xf, 0xfe, 0xc, 0xb0,
    0x7, 0x68, 0x80, 0x7c, 0x20, 0x1f, 0x49, 0x0,
    0x4a, 0x60, 0x1c, 0x9b, 0xfd, 0xc8, 0x0, 0xf4,
    0x80, 0x50, 0x1, 0xc9, 0x64, 0x0, 0x17, 0xa0,
    0xe, 0x42, 0x2, 0x20, 0x7, 0x50, 0x7, 0x95,
    0x0, 0x3a, 0x81, 0x0, 0x39, 0x44, 0x3, 0xef,
    0x0, 0xe4, 0xf, 0x0, 0xec, 0x0, 0xfc, 0x80,
    0x1c, 0x60, 0x40, 0x1c, 0x40, 0x1f, 0xc2, 0x1,
    0xc2, 0xe0, 0x1c, 0xe0, 0x1f, 0xc6, 0x1, 0xc6,
    0x1, 0xff, 0xcb, 0x70, 0xe, 0x70, 0xf, 0xe3,
    0x0, 0xe3, 0x20, 0xe, 0x20, 0xf, 0xe1, 0x0,
    0xe1, 0xf0, 0xe, 0xc0, 0xf, 0xc8, 0x1, 0xc6,
    0x8, 0x1, 0xca, 0x20, 0x1f, 0x70, 0x7, 0x20,
    0x11, 0x0, 0x3a, 0xc0, 0x3c, 0x8a, 0x1, 0xd6,
    0x0, 0x80, 0xe, 0x5b, 0x20, 0x9, 0xec, 0x3,
    0x90, 0xc0, 0xa, 0x60, 0x1c, 0x9b, 0xdc, 0xf8,
    0x0, 0xf4, 0x80, 0x6d, 0x10, 0xf, 0x8, 0x80,
    0x3e, 0x92, 0x0, 0xc3, 0x84, 0x1, 0xff, 0xc1,
    0x96, 0x0, 0xf1, 0x63, 0x0, 0x7f, 0x8f, 0x18,
    0x3, 0xf0, 0xcf, 0x42, 0x8, 0x0, 0x4d, 0xaf,
    0xc, 0x3, 0x80,

    /* U+00F5 "õ" */
    0x0, 0xff, 0xe2, 0x8, 0x7, 0xfc, 0x35, 0xfe,
    0xc5, 0x0, 0xee, 0xe5, 0x8, 0x7, 0xc3, 0xea,
    0x0, 0x3a, 0xd6, 0x10, 0x90, 0x15, 0x10, 0xf,
    0xa8, 0x40, 0x38, 0xa7, 0xbd, 0x80, 0x6, 0x1,
    0xf1, 0x20, 0x4, 0x20, 0x1f, 0xd2, 0x1, 0xf2,
    0x0, 0x59, 0xdf, 0x2, 0x1, 0xce, 0xa0, 0x1f,
    0x2a, 0x85, 0x8c, 0x0, 0xfd, 0x6, 0x49, 0x50,
    0x1, 0xf8, 0xeb, 0xa4, 0x3, 0x9f, 0x36, 0xd4,
    0x3, 0xff, 0xfe, 0x1, 0xe1, 0x7b, 0xef, 0xf7,
    0x64, 0x18, 0x7, 0xff, 0x2, 0x7a, 0x10, 0x40,
    0x2, 0x6f, 0x98, 0x30, 0xf, 0xc5, 0xac, 0x1,
    0xfe, 0x3c, 0x60, 0xf, 0xe, 0x10, 0x7, 0xff,
    0x6, 0x58, 0x3, 0xb4, 0x40, 0x3e, 0x10, 0xf,
    0xa4, 0x80, 0x25, 0x30, 0xe, 0x4d, 0xfe, 0xe4,
    0x0, 0x7a, 0x40, 0x28, 0x0, 0xe4, 0xb2, 0x0,
    0xb, 0xd0, 0x7, 0x21, 0x1, 0x10, 0x3, 0xa8,
    0x3, 0xca, 0x80, 0x1d, 0x40, 0x80, 0x1c, 0xa2,
    0x1, 0xf7, 0x80, 0x72, 0x7, 0x80, 0x76, 0x0,
    0x7e, 0x40, 0xe, 0x30, 0x20, 0xe, 0x20, 0xf,
    0xe1, 0x0, 0xe1, 0x70, 0xe, 0x70, 0xf, 0xe3,
    0x0, 0xe3, 0x0, 0xff, 0xe5, 0xb8, 0x7, 0x38,
    0x7, 0xf1, 0x80, 0x71, 0x90, 0x7, 0x10, 0x7,
    0xf0, 0x80, 0x70, 0xf8, 0x7, 0x60, 0x7, 0xe4,
    0x0, 0xe3, 0x4, 0x0, 0xe5, 0x10, 0xf, 0xb8,
    0x3, 0x90, 0x8, 0x80, 0x1d, 0x60, 0x1e, 0x45,
    0x0, 0xeb, 0x0, 0x40, 0x7, 0x2d, 0x90, 0x4,
    0xf6, 0x1, 0xc8, 0x60, 0x5, 0x30, 0xe, 0x4d,
    0xee, 0x7c, 0x0, 0x7a, 0x40, 0x36, 0x88, 0x7,
    0x84, 0x40, 0x1f, 0x49, 0x0, 0x61, 0xc2, 0x0,
    0xff, 0xe0, 0xcb, 0x0, 0x78, 0xb1, 0x80, 0x3f,
    0xc7, 0x8c, 0x1, 0xf8, 0x67, 0xa1, 0x4, 0x0,
    0x26, 0xd7, 0x86, 0x1, 0xc0,

    /* U+00F6 "ö" */
    0x0, 0xd3, 0xfe, 0xa1, 0x0, 0xe6, 0xef, 0xc3,
    0x0, 0xfa, 0x18, 0x0, 0xb6, 0x1, 0x8e, 0x44,
    0xf, 0x40, 0x3e, 0x50, 0xc, 0xa0, 0x1a, 0xc0,
    0x30, 0xa0, 0x7, 0x98, 0x3, 0x10, 0x6, 0xe0,
    0xe, 0x60, 0xf, 0x40, 0x80, 0x52, 0x1, 0x98,
    0xc0, 0x26, 0x20, 0xf, 0x1f, 0xd4, 0xf2, 0x0,
    0x76, 0x5c, 0xe4, 0x80, 0x7e, 0x15, 0x61, 0x0,
    0xf9, 0x18, 0xc0, 0x3f, 0xfd, 0xa2, 0xf7, 0xdf,
    0xee, 0xc8, 0x30, 0xf, 0xfe, 0x4, 0xf4, 0x20,
    0x80, 0x4, 0xdf, 0x30, 0x60, 0x1f, 0x8b, 0x58,
    0x3, 0xfc, 0x78, 0xc0, 0x1e, 0x1c, 0x20, 0xf,
    0xfe, 0xc, 0xb0, 0x7, 0x68, 0x80, 0x7c, 0x20,
    0x1f, 0x49, 0x0, 0x4a, 0x60, 0x1c, 0x9b, 0xfd,
    0xc8, 0x0, 0xf4, 0x80, 0x50, 0x1, 0xc9, 0x64,
    0x0, 0x17, 0xa0, 0xe, 0x42, 0x2, 0x20, 0x7,
    0x50, 0x7, 0x95, 0x0, 0x3a, 0x81, 0x0, 0x39,
    0x44, 0x3, 0xef, 0x0, 0xe4, 0xf, 0x0, 0xec,
    0x0, 0xfc, 0x80, 0x1c, 0x60, 0x40, 0x1c, 0x40,
    0x1f, 0xc2, 0x1, 0xc2, 0xe0, 0x1c, 0xe0, 0x1f,
    0xc6, 0x1, 0xc6, 0x1, 0xff, 0xcb, 0x70, 0xe,
    0x70, 0xf, 0xe3, 0x0, 0xe3, 0x20, 0xe, 0x20,
    0xf, 0xe1, 0x0, 0xe1, 0xf0, 0xe, 0xc0, 0xf,
    0xc8, 0x1, 0xc6, 0x8, 0x1, 0xca, 0x20, 0x1f,
    0x70, 0x7, 0x20, 0x11, 0x0, 0x3a, 0xc0, 0x3c,
    0x8a, 0x1, 0xd6, 0x0, 0x80, 0xe, 0x5b, 0x20,
    0x9, 0xec, 0x3, 0x90, 0xc0, 0xa, 0x60, 0x1c,
    0x9b, 0xdc, 0xf8, 0x0, 0xf4, 0x80, 0x6d, 0x10,
    0xf, 0x8, 0x80, 0x3e, 0x92, 0x0, 0xc3, 0x84,
    0x1, 0xff, 0xc1, 0x96, 0x0, 0xf1, 0x63, 0x0,
    0x7f, 0x8f, 0x18, 0x3, 0xf0, 0xcf, 0x42, 0x8,
    0x0, 0x4d, 0xaf, 0xc, 0x3, 0x80,

    /* U+00F7 "÷" */
    0x0, 0xfe, 0x8e, 0xfc, 0x40, 0xf, 0xfe, 0x2c,
    0xb8, 0x81, 0xd9, 0x0, 0x7f, 0xf1, 0x18, 0x3,
    0x94, 0x3, 0xff, 0x95, 0xe0, 0x1f, 0xfc, 0x45,
    0x0, 0xeb, 0x0, 0xff, 0xe2, 0x5a, 0x0, 0x6,
    0x4c, 0x3, 0xff, 0x88, 0x37, 0xdd, 0x30, 0x7,
    0xff, 0x1c, 0x44, 0x1, 0xff, 0xed, 0xaf, 0xff,
    0xfe, 0x4a, 0x80, 0x7f, 0xff, 0xc0, 0x3f, 0xf8,
    0x83, 0x5f, 0xff, 0xfc, 0x94, 0x0, 0xff, 0xea,
    0x89, 0x0, 0x7f, 0xf1, 0xc6, 0xfb, 0x79, 0x40,
    0x3f, 0xf8, 0xb4, 0x80, 0x1, 0xa2, 0x0, 0xff,
    0xe2, 0x20, 0x7, 0x28, 0x7, 0xff, 0x28, 0x40,
    0x3f, 0xf8, 0x8c, 0x1, 0xce, 0x1, 0xff, 0xc4,
    0x96, 0x10, 0x3c, 0x10, 0xf, 0xc0,

    /* U+00F8 "ø" */
    0x0, 0xff, 0xe2, 0x37, 0xfb, 0x80, 0x3f, 0xf8,
    0xf6, 0x0, 0x60, 0xf, 0xfe, 0x31, 0x90, 0x2,
    0x40, 0x3f, 0x85, 0xef, 0xbf, 0xdd, 0x91, 0x0,
    0x2, 0x88, 0x7, 0xe9, 0xe8, 0x41, 0x0, 0x9,
    0xba, 0x0, 0x24, 0x3, 0xe2, 0xd6, 0x0, 0xff,
    0xe0, 0x30, 0x7, 0x87, 0x8, 0x3, 0xff, 0x83,
    0x4a, 0x1, 0xda, 0x20, 0x1f, 0x8, 0x7, 0xd4,
    0x40, 0x12, 0x98, 0x7, 0x26, 0xff, 0x68, 0x7,
    0xd2, 0x1, 0x40, 0x7, 0x25, 0x90, 0x2, 0xc0,
    0x3e, 0x43, 0x2, 0x20, 0x7, 0x50, 0x4, 0x2c,
    0x0, 0x10, 0xe, 0xb0, 0x50, 0xe, 0x51, 0x0,
    0xa4, 0x0, 0x56, 0x1, 0xc8, 0x1c, 0x1, 0xd8,
    0x1, 0xb, 0x80, 0x21, 0x0, 0x38, 0xc0, 0x80,
    0x38, 0x80, 0x29, 0x0, 0x12, 0x88, 0x80, 0x38,
    0x5c, 0x3, 0x9c, 0x0, 0x2e, 0x0, 0x80, 0x1,
    0x80, 0x71, 0x80, 0x7f, 0x48, 0x0, 0x94, 0x3,
    0xf9, 0xc0, 0x39, 0xc0, 0x5c, 0x1, 0x0, 0x11,
    0x80, 0x71, 0x90, 0x7, 0x10, 0x48, 0x0, 0x94,
    0x2, 0x10, 0xe, 0x1f, 0x0, 0xef, 0x17, 0x0,
    0x40, 0x4, 0x80, 0x1c, 0x60, 0x80, 0x1c, 0xd0,
    0x0, 0x25, 0x0, 0xb8, 0x3, 0x90, 0x8, 0x80,
    0x1c, 0xc0, 0x8, 0x0, 0x91, 0x40, 0x3a, 0xc0,
    0x10, 0x1, 0xf1, 0x28, 0x1, 0xec, 0x3, 0x90,
    0xc0, 0xa, 0x60, 0x1e, 0x2e, 0xe7, 0xc0, 0x7,
    0xa4, 0x3, 0x68, 0x80, 0x78, 0x44, 0x1, 0xf4,
    0x90, 0x6, 0x1c, 0x20, 0xf, 0xfe, 0xc, 0xb0,
    0x7, 0x8a, 0x80, 0x3f, 0xe3, 0xc6, 0x0, 0xfd,
    0x20, 0x5, 0x41, 0x0, 0x9, 0xb5, 0xe1, 0x80,
    0x7e, 0x71, 0x1, 0xab, 0xef, 0xf7, 0x64, 0xa0,
    0x7, 0xfa, 0x40, 0x10, 0x1, 0xff, 0xc6, 0x26,
    0x78, 0x60, 0xf, 0xfe, 0x20,

    /* U+00F9 "ù" */
    0x0, 0x17, 0x7f, 0xf2, 0x0, 0x7f, 0xf0, 0x4b,
    0x40, 0x3a, 0x80, 0x3f, 0xf8, 0x47, 0x60, 0x18,
    0x60, 0x3, 0xff, 0x84, 0x94, 0x1, 0x9c, 0xc0,
    0x3f, 0xf8, 0x4b, 0x20, 0x1b, 0xc0, 0x3f, 0xf8,
    0x6d, 0x0, 0x11, 0xb8, 0x7, 0xff, 0xd, 0xfb,
    0xb3, 0x80, 0x7f, 0xf1, 0x4, 0x70, 0x7, 0xff,
    0x4b, 0x3f, 0xf8, 0xc0, 0x3e, 0x6f, 0xfe, 0x90,
    0xf, 0xff, 0xf8, 0x7, 0xff, 0xfc, 0x3, 0xff,
    0xfe, 0x1, 0xff, 0xf9, 0x70, 0xe, 0x70, 0xf,
    0xfe, 0x11, 0x0, 0x71, 0x80, 0x7c, 0x20, 0x1e,
    0xe0, 0xe, 0xb0, 0xf, 0x14, 0x80, 0x79, 0x40,
    0x38, 0xe8, 0x40, 0x2, 0xd8, 0x20, 0x1e, 0x23,
    0x0, 0xe5, 0xef, 0xf7, 0x48, 0x80, 0x7e, 0x80,
    0xf, 0xfe, 0x1, 0x0, 0x7c, 0x8c, 0x1, 0xfe,
    0x2c, 0x0, 0xfd, 0x2c, 0x1, 0xf9, 0x30, 0x40,
    0x3f, 0xa7, 0x18, 0x80, 0x2, 0xb7, 0x61, 0x2,
    0x0, 0xe0,

    /* U+00FA "ú" */
    0x0, 0xff, 0x9f, 0xff, 0xb4, 0x40, 0x3f, 0xf8,
    0x5, 0x0, 0x18, 0xb0, 0x40, 0x3f, 0xf8, 0x1c,
    0x1, 0x8b, 0x4, 0x3, 0xff, 0x80, 0xe6, 0x1,
    0xf, 0x88, 0x7, 0xff, 0x0, 0xa0, 0x2, 0x1c,
    0x20, 0xf, 0xfe, 0xf, 0x0, 0x43, 0x84, 0x1,
    0xff, 0xc2, 0xde, 0xec, 0x40, 0x1f, 0xfc, 0x31,
    0x1c, 0x1, 0xff, 0xd2, 0xcf, 0xfe, 0x30, 0xf,
    0x9b, 0xff, 0xa4, 0x3, 0xff, 0xfe, 0x1, 0xff,
    0xff, 0x0, 0xff, 0xff, 0x80, 0x7f, 0xfe, 0x5c,
    0x3, 0x9c, 0x3, 0xff, 0x84, 0x40, 0x1c, 0x60,
    0x1f, 0x8, 0x7, 0xb8, 0x3, 0xac, 0x3, 0xc5,
    0x20, 0x1e, 0x50, 0xe, 0x3a, 0x10, 0x0, 0xb6,
    0x8, 0x7, 0x88, 0xc0, 0x39, 0x7b, 0xfd, 0xd2,
    0x20, 0x1f, 0xa0, 0x3, 0xff, 0x80, 0x40, 0x1f,
    0x23, 0x0, 0x7f, 0x8b, 0x0, 0x3f, 0x4b, 0x0,
    0x7e, 0x4c, 0x10, 0xf, 0xe9, 0xc6, 0x20, 0x0,
    0xad, 0xd8, 0x40, 0x80, 0x38,

    /* U+00FB "û" */
    0x0, 0xf8, 0xb7, 0xfe, 0xa0, 0xf, 0xfe, 0x12,
    0x69, 0x0, 0x4b, 0xa4, 0x1, 0xff, 0x45, 0x80,
    0x78, 0xb5, 0x40, 0x3f, 0xd, 0xb8, 0x4, 0xba,
    0x40, 0x15, 0x40, 0x7, 0x8b, 0x10, 0x2, 0x9a,
    0x2d, 0x50, 0x9, 0xec, 0x40, 0x33, 0xab, 0xbd,
    0x8c, 0x1, 0x55, 0x1d, 0xe3, 0x20, 0xc, 0xb1,
    0x18, 0xc0, 0x39, 0x62, 0x31, 0x80, 0x7f, 0xf8,
    0x33, 0xff, 0x8c, 0x3, 0xe6, 0xff, 0xe9, 0x0,
    0xff, 0xff, 0x80, 0x7f, 0xff, 0xc0, 0x3f, 0xff,
    0xe0, 0x1f, 0xff, 0x97, 0x0, 0xe7, 0x0, 0xff,
    0xe1, 0x10, 0x7, 0x18, 0x7, 0xc2, 0x1, 0xee,
    0x0, 0xeb, 0x0, 0xf1, 0x48, 0x7, 0x94, 0x3,
    0x8e, 0x84, 0x0, 0x2d, 0x82, 0x1, 0xe2, 0x30,
    0xe, 0x5e, 0xff, 0x74, 0x88, 0x7, 0xe8, 0x0,
    0xff, 0xe0, 0x10, 0x7, 0xc8, 0xc0, 0x1f, 0xe2,
    0xc0, 0xf, 0xd2, 0xc0, 0x1f, 0x93, 0x4, 0x3,
    0xfa, 0x71, 0x88, 0x0, 0x2b, 0x76, 0x10, 0x20,
    0xe,

    /* U+00FC "ü" */
    0x0, 0xa7, 0xbe, 0x84, 0x3, 0x97, 0x7f, 0xc,
    0x3, 0xa1, 0x84, 0x16, 0x80, 0x31, 0xd1, 0x1,
    0xe0, 0x80, 0x64, 0x0, 0xc8, 0x1, 0x90, 0x3,
    0x94, 0x3, 0x38, 0x6, 0x10, 0xc, 0x20, 0x1c,
    0xe0, 0x1a, 0x44, 0x2, 0xb0, 0xc, 0xc6, 0x1,
    0x31, 0x80, 0x62, 0xfa, 0x9d, 0x50, 0xe, 0xcb,
    0x9c, 0x90, 0xf, 0xa, 0xb1, 0x0, 0x7c, 0x8c,
    0x60, 0x1f, 0xfc, 0xdc, 0xff, 0xe3, 0x0, 0xf9,
    0xbf, 0xfa, 0x40, 0x3f, 0xff, 0xe0, 0x1f, 0xff,
    0xf0, 0xf, 0xff, 0xf8, 0x7, 0xff, 0xe5, 0xc0,
    0x39, 0xc0, 0x3f, 0xf8, 0x44, 0x1, 0xc6, 0x1,
    0xf0, 0x80, 0x7b, 0x80, 0x3a, 0xc0, 0x3c, 0x52,
    0x1, 0xe5, 0x0, 0xe3, 0xa1, 0x0, 0xb, 0x60,
    0x80, 0x78, 0x8c, 0x3, 0x97, 0xbf, 0xdd, 0x22,
    0x1, 0xfa, 0x0, 0x3f, 0xf8, 0x4, 0x1, 0xf2,
    0x30, 0x7, 0xf8, 0xb0, 0x3, 0xf4, 0xb0, 0x7,
    0xe4, 0xc1, 0x0, 0xfe, 0x9c, 0x62, 0x0, 0xa,
    0xdd, 0x84, 0x8, 0x3, 0x80,

    /* U+00FD "ý" */
    0x0, 0xff, 0xe1, 0x77, 0xff, 0x38, 0x7, 0xff,
    0x1a, 0x44, 0x3, 0x43, 0x80, 0x7f, 0xf1, 0x51,
    0x80, 0x33, 0xb8, 0x3, 0xff, 0x8d, 0x40, 0x19,
    0xe0, 0x3, 0xff, 0x8d, 0x22, 0x1, 0x3c, 0x0,
    0x7f, 0xf1, 0x91, 0x80, 0x26, 0x80, 0xf, 0xfe,
    0x3a, 0x77, 0x69, 0x0, 0xff, 0xe4, 0x88, 0xe0,
    0xf, 0xfe, 0xcd, 0x7f, 0xf6, 0x80, 0x7f, 0xcd,
    0xff, 0xe3, 0x90, 0xe, 0x23, 0x0, 0xff, 0x50,
    0x7, 0x19, 0xe0, 0xe, 0x90, 0xf, 0xe2, 0x30,
    0xe, 0x90, 0x4, 0x80, 0x72, 0x80, 0x7f, 0x50,
    0x7, 0x12, 0x80, 0x14, 0x40, 0x39, 0x80, 0x3f,
    0x30, 0x7, 0x50, 0x6, 0x90, 0xe, 0xa0, 0xf,
    0x90, 0x40, 0x39, 0xc0, 0x33, 0x0, 0x71, 0x90,
    0x7, 0xbc, 0x3, 0x98, 0x3, 0x85, 0x80, 0x3a,
    0xc0, 0x38, 0x50, 0x3, 0xac, 0x3, 0xd6, 0x1,
    0xce, 0x1, 0xcc, 0x1, 0xc8, 0x40, 0x1e, 0x24,
    0x0, 0xc2, 0xa0, 0x1a, 0x80, 0x3b, 0xc0, 0x3f,
    0x78, 0x7, 0x70, 0x4, 0x64, 0x1, 0x89, 0x0,
    0x3f, 0x21, 0x0, 0x64, 0x10, 0x5, 0x0, 0x75,
    0x80, 0x7f, 0xac, 0x3, 0xa4, 0x0, 0xc0, 0x18,
    0x58, 0x3, 0xfc, 0xc2, 0x1, 0x98, 0x18, 0x3,
    0x98, 0x3, 0xff, 0x80, 0xc0, 0x18, 0x4a, 0x80,
    0x3a, 0x40, 0x3f, 0xf8, 0x12, 0x1, 0xd6, 0x60,
    0x19, 0x44, 0x3, 0xff, 0x80, 0x2a, 0x1, 0x98,
    0x3, 0xa4, 0x3, 0xff, 0x85, 0x20, 0x1f, 0xc6,
    0x60, 0xf, 0xfe, 0x11, 0x98, 0x3, 0xf4, 0x80,
    0x7f, 0xf1, 0x24, 0x3, 0xe1, 0x50, 0xf, 0xfe,
    0x22, 0x88, 0x7, 0xa4, 0x3, 0xff, 0x8d, 0x20,
    0x1e, 0x60, 0xf, 0xfe, 0x32, 0x80, 0x73, 0x8,
    0x7, 0xff, 0x1a, 0xc0, 0x3a, 0xc0, 0x3f, 0xf8,
    0xc4, 0xc0, 0x19, 0x8, 0x3, 0xff, 0x8d, 0x0,
    0x1d, 0xe0, 0x1f, 0xfc, 0x65, 0x50, 0x6, 0x24,
    0x0, 0xff, 0xe2, 0xb5, 0x0, 0x75, 0x80, 0x7f,
    0xf0, 0xe3, 0xfd, 0x20, 0x1c, 0x4c, 0x1, 0xff,
    0xc3, 0x30, 0xf, 0xd2, 0x1, 0xff, 0xc4, 0x60,
    0xf, 0xa1, 0x0, 0x3f, 0xf8, 0x84, 0x1, 0xe9,
    0x70, 0xf, 0xfe, 0x20, 0xa0, 0x80, 0x9, 0xf9,
    0x80, 0x3f, 0xf8, 0x60,

    /* U+00FE "þ" */
    0xef, 0xfe, 0x10, 0xf, 0xff, 0xf8, 0x7, 0xff,
    0xfc, 0x3, 0xff, 0xb8, 0x97, 0xdf, 0xed, 0x94,
    0x0, 0xff, 0x8e, 0xec, 0x82, 0x0, 0x26, 0xbb,
    0x8, 0x7, 0xf6, 0x20, 0x7, 0xe4, 0xc1, 0x0,
    0xfc, 0x20, 0x1f, 0xe2, 0xd0, 0xf, 0xfe, 0x41,
    0xa8, 0x7, 0xe5, 0xdf, 0xf7, 0x38, 0x7, 0xa0,
    0x3, 0xe6, 0xa2, 0x0, 0xc, 0x40, 0x3, 0x88,
    0x80, 0x1e, 0x80, 0xf, 0x39, 0x0, 0x72, 0x80,
    0x7f, 0xf0, 0xa8, 0x3, 0xb4, 0x3, 0xff, 0x84,
    0x60, 0x1c, 0xc0, 0x1f, 0xfc, 0x25, 0x0, 0xe1,
    0x0, 0xff, 0xe4, 0x18, 0x7, 0xff, 0x5c, 0xc0,
    0x38, 0xc0, 0x3f, 0xf8, 0x4c, 0x1, 0xc2, 0x1,
    0xff, 0xc2, 0x30, 0xe, 0x60, 0xf, 0xfe, 0x15,
    0x0, 0x76, 0x0, 0x7a, 0x0, 0x3c, 0xc4, 0x1,
    0xc8, 0x1, 0xe6, 0xa2, 0x0, 0x9e, 0x40, 0x38,
    0xc8, 0x3, 0xe5, 0xde, 0xdf, 0x80, 0xf, 0x40,
    0x7, 0xf8, 0x48, 0x3, 0xe5, 0x40, 0xf, 0x84,
    0x3, 0xfc, 0x74, 0x1, 0xfb, 0xc, 0x3, 0xf2,
    0xe0, 0x7, 0xf1, 0xe5, 0x20, 0x80, 0x9, 0xb2,
    0x80, 0x3f, 0xf8, 0xb, 0x7d, 0xfe, 0xd9, 0x30,
    0xf, 0xff, 0xf8, 0x7, 0xff, 0xfc, 0x3, 0xff,
    0x96,

    /* U+00FF "ÿ" */
    0x0, 0xe3, 0xcf, 0xd5, 0x0, 0xe1, 0xaf, 0xe9,
    0x0, 0xff, 0xe, 0x98, 0x15, 0x18, 0x6, 0xb5,
    0x1, 0x68, 0x0, 0xfe, 0x51, 0x0, 0xc8, 0x1,
    0x94, 0x3, 0x28, 0x7, 0xf3, 0x0, 0x70, 0x80,
    0x62, 0x0, 0xcc, 0x1, 0xfc, 0x4c, 0x1, 0x1b,
    0x0, 0x69, 0x0, 0xd0, 0x1, 0xfe, 0x9c, 0x9b,
    0xc0, 0xe, 0x4d, 0x9a, 0xe3, 0x0, 0xff, 0x8d,
    0x90, 0x3, 0xe2, 0x65, 0x10, 0xf, 0xfe, 0xa5,
    0x7f, 0xf6, 0x80, 0x7f, 0xcd, 0xff, 0xe3, 0x90,
    0xe, 0x23, 0x0, 0xff, 0x50, 0x7, 0x19, 0xe0,
    0xe, 0x90, 0xf, 0xe2, 0x30, 0xe, 0x90, 0x4,
    0x80, 0x72, 0x80, 0x7f, 0x50, 0x7, 0x12, 0x80,
    0x14, 0x40, 0x39, 0x80, 0x3f, 0x30, 0x7, 0x50,
    0x6, 0x90, 0xe, 0xa0, 0xf, 0x90, 0x40, 0x39,
    0xc0, 0x33, 0x0, 0x71, 0x90, 0x7, 0xbc, 0x3,
    0x98, 0x3, 0x85, 0x80, 0x3a, 0xc0, 0x38, 0x50,
    0x3, 0xac, 0x3, 0xd6, 0x1, 0xce, 0x1, 0xcc,
    0x1, 0xc8, 0x40, 0x1e, 0x24, 0x0, 0xc2, 0xa0,
    0x1a, 0x80, 0x3b, 0xc0, 0x3f, 0x78, 0x7, 0x70,
    0x4, 0x64, 0x1, 0x89, 0x0, 0x3f, 0x21, 0x0,
    0x64, 0x10, 0x5, 0x0, 0x75, 0x80, 0x7f, 0xac,
    0x3, 0xa4, 0x0, 0xc0, 0x18, 0x58, 0x3, 0xfc,
    0xc2, 0x1, 0x98, 0x18, 0x3, 0x98, 0x3, 0xff,
    0x80, 0xc0, 0x18, 0x4a, 0x80, 0x3a, 0x40, 0x3f,
    0xf8, 0x12, 0x1, 0xd6, 0x60, 0x19, 0x44, 0x3,
    0xff, 0x80, 0x2a, 0x1, 0x98, 0x3, 0xa4, 0x3,
    0xff, 0x85, 0x20, 0x1f, 0xc6, 0x60, 0xf, 0xfe,
    0x11, 0x98, 0x3, 0xf4, 0x80, 0x7f, 0xf1, 0x24,
    0x3, 0xe1, 0x50, 0xf, 0xfe, 0x22, 0x88, 0x7,
    0xa4, 0x3, 0xff, 0x8d, 0x20, 0x1e, 0x60, 0xf,
    0xfe, 0x32, 0x80, 0x73, 0x8, 0x7, 0xff, 0x1a,
    0xc0, 0x3a, 0xc0, 0x3f, 0xf8, 0xc4, 0xc0, 0x19,
    0x8, 0x3, 0xff, 0x8d, 0x0, 0x1d, 0xe0, 0x1f,
    0xfc, 0x65, 0x50, 0x6, 0x24, 0x0, 0xff, 0xe2,
    0xb5, 0x0, 0x75, 0x80, 0x7f, 0xf0, 0xe3, 0xfd,
    0x20, 0x1c, 0x4c, 0x1, 0xff, 0xc3, 0x30, 0xf,
    0xd2, 0x1, 0xff, 0xc4, 0x60, 0xf, 0xa1, 0x0,
    0x3f, 0xf8, 0x84, 0x1, 0xe9, 0x70, 0xf, 0xfe,
    0x20, 0xa0, 0x80, 0x9, 0xf9, 0x80, 0x3f, 0xf8,
    0x60
};


/*---------------------
 *  GLYPH DESCRIPTION
 *--------------------*/

static const lv_font_fmt_txt_glyph_dsc_t glyph_dsc[] = {
    {.bitmap_index = 0, .adv_w = 0, .box_w = 0, .box_h = 0, .ofs_x = 0, .ofs_y = 0} /* id = 0 reserved */,
    {.bitmap_index = 0, .adv_w = 422, .box_w = 0, .box_h = 0, .ofs_x = 0, .ofs_y = 0},
    {.bitmap_index = 0, .adv_w = 422, .box_w = 8, .box_h = 32, .ofs_x = 9, .ofs_y = 0},
    {.bitmap_index = 65, .adv_w = 422, .box_w = 14, .box_h = 12, .ofs_x = 6, .ofs_y = 21},
    {.bitmap_index = 112, .adv_w = 422, .box_w = 25, .box_h = 32, .ofs_x = 0, .ofs_y = 0},
    {.bitmap_index = 372, .adv_w = 422, .box_w = 23, .box_h = 42, .ofs_x = 2, .ofs_y = -5},
    {.bitmap_index = 638, .adv_w = 422, .box_w = 26, .box_h = 32, .ofs_x = 0, .ofs_y = 0},
    {.bitmap_index = 928, .adv_w = 422, .box_w = 26, .box_h = 32, .ofs_x = 1, .ofs_y = 0},
    {.bitmap_index = 1198, .adv_w = 422, .box_w = 6, .box_h = 12, .ofs_x = 9, .ofs_y = 21},
    {.bitmap_index = 1218, .adv_w = 422, .box_w = 13, .box_h = 46, .ofs_x = 7, .ofs_y = -10},
    {.bitmap_index = 1409, .adv_w = 422, .box_w = 13, .box_h = 46, .ofs_x = 6, .ofs_y = -10},
    {.bitmap_index = 1599, .adv_w = 422, .box_w = 23, .box_h = 23, .ofs_x = 3, .ofs_y = 9},
    {.bitmap_index = 1782, .adv_w = 422, .box_w = 22, .box_h = 24, .ofs_x = 2, .ofs_y = 3},
    {.bitmap_index = 1835, .adv_w = 422, .box_w = 9, .box_h = 15, .ofs_x = 7, .ofs_y = -10},
    {.bitmap_index = 1878, .adv_w = 422, .box_w = 18, .box_h = 5, .ofs_x = 6, .ofs_y = 12},
    {.bitmap_index = 1890, .adv_w = 422, .box_w = 9, .box_h = 8, .ofs_x = 9, .ofs_y = 0},
    {.bitmap_index = 1918, .adv_w = 422, .box_w = 18, .box_h = 35, .ofs_x = 4, .ofs_y = -3},
    {.bitmap_index = 2094, .adv_w = 422, .box_w = 21, .box_h = 32, .ofs_x = 3, .ofs_y = 0},
    {.bitmap_index = 2316, .adv_w = 422, .box_w = 15, .box_h = 32, .ofs_x = 3, .ofs_y = 0},
    {.bitmap_index = 2381, .adv_w = 422, .box_w = 23, .box_h = 32, .ofs_x = 1, .ofs_y = 0},
    {.bitmap_index = 2592, .adv_w = 422, .box_w = 22, .box_h = 32, .ofs_x = 2, .ofs_y = 0},
    {.bitmap_index = 2816, .adv_w = 422, .box_w = 24, .box_h = 32, .ofs_x = 1, .ofs_y = 0},
    {.bitmap_index = 2967, .adv_w = 422, .box_w = 22, .box_h = 32, .ofs_x = 2, .ofs_y = 0},
    {.bitmap_index = 3175, .adv_w = 422, .box_w = 22, .box_h = 32, .ofs_x = 2, .ofs_y = 0},
    {.bitmap_index = 3403, .adv_w = 422, .box_w = 23, .box_h = 32, .ofs_x = 1, .ofs_y = 0},
    {.bitmap_index = 3580, .adv_w = 422, .box_w = 22, .box_h = 32, .ofs_x = 2, .ofs_y = 0},
    {.bitmap_index = 3830, .adv_w = 422, .box_w = 22, .box_h = 32, .ofs_x = 2, .ofs_y = 0},
    {.bitmap_index = 4054, .adv_w = 422, .box_w = 9, .box_h = 26, .ofs_x = 9, .ofs_y = 0},
    {.bitmap_index = 4119, .adv_w = 422, .box_w = 10, .box_h = 35, .ofs_x = 9, .ofs_y = -9},
    {.bitmap_index = 4204, .adv_w = 422, .box_w = 20, .box_h = 22, .ofs_x = 3, .ofs_y = 3},
    {.bitmap_index = 4330, .adv_w = 422, .box_w = 21, .box_h = 14, .ofs_x = 3, .ofs_y = 6},
    {.bitmap_index = 4358, .adv_w = 422, .box_w = 20, .box_h = 22, .ofs_x = 3, .ofs_y = 3},
    {.bitmap_index = 4489, .adv_w = 422, .box_w = 21, .box_h = 32, .ofs_x = 3, .ofs_y = 0},
    {.bitmap_index = 4687, .adv_w = 422, .box_w = 26, .box_h = 32, .ofs_x = 0, .ofs_y = 0},
    {.bitmap_index = 5028, .adv_w = 422, .box_w = 27, .box_h = 32, .ofs_x = 0, .ofs_y = 0},
    {.bitmap_index = 5272, .adv_w = 422, .box_w = 24, .box_h = 32, .ofs_x = 2, .ofs_y = 0},
    {.bitmap_index = 5461, .adv_w = 422, .box_w = 24, .box_h = 32, .ofs_x = 1, .ofs_y = 0},
    {.bitmap_index = 5668, .adv_w = 422, .box_w = 23, .box_h = 32, .ofs_x = 2, .ofs_y = 0},
    {.bitmap_index = 5843, .adv_w = 422, .box_w = 22, .box_h = 32, .ofs_x = 3, .ofs_y = 0},
    {.bitmap_index = 5903, .adv_w = 422, .box_w = 22, .box_h = 32, .ofs_x = 3, .ofs_y = 0},
    {.bitmap_index = 5954, .adv_w = 422, .box_w = 24, .box_h = 32, .ofs_x = 1, .ofs_y = 0},
    {.bitmap_index = 6163, .adv_w = 422, .box_w = 22, .box_h = 32, .ofs_x = 2, .ofs_y = 0},
    {.bitmap_index = 6207, .adv_w = 422, .box_w = 19, .box_h = 32, .ofs_x = 4, .ofs_y = 0},
    {.bitmap_index = 6255, .adv_w = 422, .box_w = 22, .box_h = 32, .ofs_x = 2, .ofs_y = 0},
    {.bitmap_index = 6360, .adv_w = 422, .box_w = 26, .box_h = 32, .ofs_x = 2, .ofs_y = 0},
    {.bitmap_index = 6567, .adv_w = 422, .box_w = 21, .box_h = 32, .ofs_x = 3, .ofs_y = 0},
    {.bitmap_index = 6606, .adv_w = 422, .box_w = 23, .box_h = 32, .ofs_x = 2, .ofs_y = 0},
    {.bitmap_index = 6763, .adv_w = 422, .box_w = 22, .box_h = 32, .ofs_x = 2, .ofs_y = 0},
    {.bitmap_index = 6909, .adv_w = 422, .box_w = 24, .box_h = 32, .ofs_x = 1, .ofs_y = 0},
    {.bitmap_index = 7130, .adv_w = 422, .box_w = 23, .box_h = 32, .ofs_x = 3, .ofs_y = 0},
    {.bitmap_index = 7257, .adv_w = 422, .box_w = 26, .box_h = 38, .ofs_x = 1, .ofs_y = -6},
    {.bitmap_index = 7522, .adv_w = 422, .box_w = 24, .box_h = 32, .ofs_x = 2, .ofs_y = 0},
    {.bitmap_index = 7708, .adv_w = 422, .box_w = 25, .box_h = 32, .ofs_x = 1, .ofs_y = 0},
    {.bitmap_index = 7968, .adv_w = 422, .box_w = 26, .box_h = 32, .ofs_x = 0, .ofs_y = 0},
    {.bitmap_index = 8015, .adv_w = 422, .box_w = 22, .box_h = 32, .ofs_x = 2, .ofs_y = 0},
    {.bitmap_index = 8121, .adv_w = 422, .box_w = 26, .box_h = 32, .ofs_x = 0, .ofs_y = 0},
    {.bitmap_index = 8370, .adv_w = 422, .box_w = 26, .box_h = 32, .ofs_x = 0, .ofs_y = 0},
    {.bitmap_index = 8675, .adv_w = 422, .box_w = 27, .box_h = 32, .ofs_x = 0, .ofs_y = 0},
    {.bitmap_index = 8942, .adv_w = 422, .box_w = 27, .box_h = 32, .ofs_x = 0, .ofs_y = 0},
    {.bitmap_index = 9131, .adv_w = 422, .box_w = 24, .box_h = 32, .ofs_x = 1, .ofs_y = 0},
    {.bitmap_index = 9300, .adv_w = 422, .box_w = 11, .box_h = 44, .ofs_x = 8, .ofs_y = -7},
    {.bitmap_index = 9338, .adv_w = 422, .box_w = 18, .box_h = 35, .ofs_x = 5, .ofs_y = -3},
    {.bitmap_index = 9524, .adv_w = 422, .box_w = 11, .box_h = 44, .ofs_x = 8, .ofs_y = -7},
    {.bitmap_index = 9562, .adv_w = 422, .box_w = 19, .box_h = 17, .ofs_x = 4, .ofs_y = 15},
    {.bitmap_index = 9679, .adv_w = 422, .box_w = 20, .box_h = 5, .ofs_x = 3, .ofs_y = -5},
    {.bitmap_index = 9690, .adv_w = 422, .box_w = 12, .box_h = 7, .ofs_x = 8, .ofs_y = 26},
    {.bitmap_index = 9721, .adv_w = 422, .box_w = 22, .box_h = 24, .ofs_x = 2, .ofs_y = 0},
    {.bitmap_index = 9896, .adv_w = 422, .box_w = 21, .box_h = 33, .ofs_x = 3, .ofs_y = 0},
    {.bitmap_index = 10043, .adv_w = 422, .box_w = 22, .box_h = 24, .ofs_x = 2, .ofs_y = 0},
    {.bitmap_index = 10211, .adv_w = 422, .box_w = 22, .box_h = 33, .ofs_x = 2, .ofs_y = 0},
    {.bitmap_index = 10372, .adv_w = 422, .box_w = 23, .box_h = 24, .ofs_x = 2, .ofs_y = 0},
    {.bitmap_index = 10539, .adv_w = 422, .box_w = 23, .box_h = 34, .ofs_x = 2, .ofs_y = 0},
    {.bitmap_index = 10651, .adv_w = 422, .box_w = 22, .box_h = 33, .ofs_x = 2, .ofs_y = -9},
    {.bitmap_index = 10873, .adv_w = 422, .box_w = 21, .box_h = 33, .ofs_x = 3, .ofs_y = 0},
    {.bitmap_index = 10961, .adv_w = 422, .box_w = 20, .box_h = 33, .ofs_x = 4, .ofs_y = 0},
    {.bitmap_index = 11052, .adv_w = 422, .box_w = 15, .box_h = 42, .ofs_x = 4, .ofs_y = -9},
    {.bitmap_index = 11155, .adv_w = 422, .box_w = 23, .box_h = 33, .ofs_x = 3, .ofs_y = 0},
    {.bitmap_index = 11317, .adv_w = 422, .box_w = 20, .box_h = 33, .ofs_x = 4, .ofs_y = 0},
    {.bitmap_index = 11366, .adv_w = 422, .box_w = 24, .box_h = 24, .ofs_x = 1, .ofs_y = 0},
    {.bitmap_index = 11452, .adv_w = 422, .box_w = 21, .box_h = 24, .ofs_x = 3, .ofs_y = 0},
    {.bitmap_index = 11531, .adv_w = 422, .box_w = 23, .box_h = 24, .ofs_x = 2, .ofs_y = 0},
    {.bitmap_index = 11717, .adv_w = 422, .box_w = 21, .box_h = 33, .ofs_x = 3, .ofs_y = -9},
    {.bitmap_index = 11877, .adv_w = 422, .box_w = 22, .box_h = 33, .ofs_x = 2, .ofs_y = -9},
    {.bitmap_index = 12046, .adv_w = 422, .box_w = 19, .box_h = 24, .ofs_x = 6, .ofs_y = 0},
    {.bitmap_index = 12118, .adv_w = 422, .box_w = 22, .box_h = 24, .ofs_x = 2, .ofs_y = 0},
    {.bitmap_index = 12302, .adv_w = 422, .box_w = 22, .box_h = 30, .ofs_x = 2, .ofs_y = 0},
    {.bitmap_index = 12397, .adv_w = 422, .box_w = 21, .box_h = 24, .ofs_x = 3, .ofs_y = 0},
    {.bitmap_index = 12478, .adv_w = 422, .box_w = 24, .box_h = 24, .ofs_x = 1, .ofs_y = 0},
    {.bitmap_index = 12665, .adv_w = 422, .box_w = 26, .box_h = 24, .ofs_x = 0, .ofs_y = 0},
    {.bitmap_index = 12907, .adv_w = 422, .box_w = 25, .box_h = 24, .ofs_x = 1, .ofs_y = 0},
    {.bitmap_index = 13102, .adv_w = 422, .box_w = 26, .box_h = 33, .ofs_x = 1, .ofs_y = -9},
    {.bitmap_index = 13351, .adv_w = 422, .box_w = 23, .box_h = 24, .ofs_x = 2, .ofs_y = 0},
    {.bitmap_index = 13479, .adv_w = 422, .box_w = 15, .box_h = 43, .ofs_x = 6, .ofs_y = -8},
    {.bitmap_index = 13646, .adv_w = 422, .box_w = 5, .box_h = 41, .ofs_x = 11, .ofs_y = -9},
    {.bitmap_index = 13658, .adv_w = 422, .box_w = 15, .box_h = 43, .ofs_x = 7, .ofs_y = -8},
    {.bitmap_index = 13826, .adv_w = 422, .box_w = 25, .box_h = 10, .ofs_x = 0, .ofs_y = 8},
    {.bitmap_index = 13921, .adv_w = 422, .box_w = 0, .box_h = 0, .ofs_x = 0, .ofs_y = 0},
    {.bitmap_index = 13921, .adv_w = 422, .box_w = 8, .box_h = 33, .ofs_x = 10, .ofs_y = -9},
    {.bitmap_index = 13981, .adv_w = 422, .box_w = 21, .box_h = 34, .ofs_x = 3, .ofs_y = -5},
    {.bitmap_index = 14166, .adv_w = 422, .box_w = 24, .box_h = 32, .ofs_x = 2, .ofs_y = 0},
    {.bitmap_index = 14329, .adv_w = 422, .box_w = 24, .box_h = 25, .ofs_x = 1, .ofs_y = -1},
    {.bitmap_index = 14553, .adv_w = 422, .box_w = 27, .box_h = 32, .ofs_x = 0, .ofs_y = 0},
    {.bitmap_index = 14752, .adv_w = 422, .box_w = 6, .box_h = 38, .ofs_x = 10, .ofs_y = -6},
    {.bitmap_index = 14779, .adv_w = 422, .box_w = 25, .box_h = 41, .ofs_x = 1, .ofs_y = -9},
    {.bitmap_index = 15118, .adv_w = 422, .box_w = 17, .box_h = 6, .ofs_x = 5, .ofs_y = 27},
    {.bitmap_index = 15161, .adv_w = 422, .box_w = 24, .box_h = 25, .ofs_x = 1, .ofs_y = 0},
    {.bitmap_index = 15406, .adv_w = 422, .box_w = 16, .box_h = 17, .ofs_x = 5, .ofs_y = 15},
    {.bitmap_index = 15513, .adv_w = 422, .box_w = 19, .box_h = 18, .ofs_x = 4, .ofs_y = 2},
    {.bitmap_index = 15662, .adv_w = 422, .box_w = 19, .box_h = 10, .ofs_x = 3, .ofs_y = 8},
    {.bitmap_index = 15685, .adv_w = 422, .box_w = 18, .box_h = 5, .ofs_x = 6, .ofs_y = 12},
    {.bitmap_index = 15697, .adv_w = 422, .box_w = 24, .box_h = 25, .ofs_x = 1, .ofs_y = 0},
    {.bitmap_index = 15928, .adv_w = 422, .box_w = 17, .box_h = 4, .ofs_x = 5, .ofs_y = 28},
    {.bitmap_index = 15940, .adv_w = 422, .box_w = 13, .box_h = 12, .ofs_x = 7, .ofs_y = 20},
    {.bitmap_index = 16010, .adv_w = 422, .box_w = 20, .box_h = 28, .ofs_x = 3, .ofs_y = 0},
    {.bitmap_index = 16071, .adv_w = 422, .box_w = 15, .box_h = 18, .ofs_x = 6, .ofs_y = 14},
    {.bitmap_index = 16168, .adv_w = 422, .box_w = 15, .box_h = 18, .ofs_x = 6, .ofs_y = 14},
    {.bitmap_index = 16280, .adv_w = 422, .box_w = 11, .box_h = 7, .ofs_x = 8, .ofs_y = 26},
    {.bitmap_index = 16311, .adv_w = 422, .box_w = 22, .box_h = 33, .ofs_x = 3, .ofs_y = -9},
    {.bitmap_index = 16395, .adv_w = 422, .box_w = 18, .box_h = 32, .ofs_x = 4, .ofs_y = 0},
    {.bitmap_index = 16495, .adv_w = 422, .box_w = 8, .box_h = 7, .ofs_x = 10, .ofs_y = 12},
    {.bitmap_index = 16520, .adv_w = 422, .box_w = 9, .box_h = 10, .ofs_x = 9, .ofs_y = -10},
    {.bitmap_index = 16559, .adv_w = 422, .box_w = 9, .box_h = 17, .ofs_x = 8, .ofs_y = 14},
    {.bitmap_index = 16587, .adv_w = 422, .box_w = 16, .box_h = 17, .ofs_x = 5, .ofs_y = 15},
    {.bitmap_index = 16692, .adv_w = 422, .box_w = 19, .box_h = 18, .ofs_x = 4, .ofs_y = 3},
    {.bitmap_index = 16840, .adv_w = 422, .box_w = 25, .box_h = 32, .ofs_x = 1, .ofs_y = 0},
    {.bitmap_index = 17061, .adv_w = 422, .box_w = 26, .box_h = 32, .ofs_x = 0, .ofs_y = 0},
    {.bitmap_index = 17302, .adv_w = 422, .box_w = 27, .box_h = 32, .ofs_x = 0, .ofs_y = 0},
    {.bitmap_index = 17580, .adv_w = 422, .box_w = 20, .box_h = 32, .ofs_x = 4, .ofs_y = -8},
    {.bitmap_index = 17758, .adv_w = 422, .box_w = 27, .box_h = 40, .ofs_x = 0, .ofs_y = 0},
    {.bitmap_index = 18050, .adv_w = 422, .box_w = 27, .box_h = 40, .ofs_x = 0, .ofs_y = 0},
    {.bitmap_index = 18342, .adv_w = 422, .box_w = 27, .box_h = 41, .ofs_x = 0, .ofs_y = 0},
    {.bitmap_index = 18651, .adv_w = 422, .box_w = 27, .box_h = 42, .ofs_x = 0, .ofs_y = 0},
    {.bitmap_index = 18964, .adv_w = 422, .box_w = 27, .box_h = 40, .ofs_x = 0, .ofs_y = 0},
    {.bitmap_index = 19270, .adv_w = 422, .box_w = 27, .box_h = 42, .ofs_x = 0, .ofs_y = 0},
    {.bitmap_index = 19576, .adv_w = 422, .box_w = 25, .box_h = 32, .ofs_x = 1, .ofs_y = 0},
    {.bitmap_index = 19757, .adv_w = 422, .box_w = 24, .box_h = 41, .ofs_x = 1, .ofs_y = -9},
    {.bitmap_index = 20023, .adv_w = 422, .box_w = 22, .box_h = 40, .ofs_x = 3, .ofs_y = 0},
    {.bitmap_index = 20131, .adv_w = 422, .box_w = 22, .box_h = 40, .ofs_x = 3, .ofs_y = 0},
    {.bitmap_index = 20240, .adv_w = 422, .box_w = 22, .box_h = 41, .ofs_x = 3, .ofs_y = 0},
    {.bitmap_index = 20364, .adv_w = 422, .box_w = 22, .box_h = 40, .ofs_x = 3, .ofs_y = 0},
    {.bitmap_index = 20484, .adv_w = 422, .box_w = 19, .box_h = 40, .ofs_x = 4, .ofs_y = 0},
    {.bitmap_index = 20578, .adv_w = 422, .box_w = 19, .box_h = 40, .ofs_x = 4, .ofs_y = 0},
    {.bitmap_index = 20670, .adv_w = 422, .box_w = 19, .box_h = 41, .ofs_x = 4, .ofs_y = 0},
    {.bitmap_index = 20780, .adv_w = 422, .box_w = 19, .box_h = 40, .ofs_x = 4, .ofs_y = 0},
    {.bitmap_index = 20886, .adv_w = 422, .box_w = 26, .box_h = 32, .ofs_x = -1, .ofs_y = 0},
    {.bitmap_index = 21077, .adv_w = 422, .box_w = 22, .box_h = 42, .ofs_x = 2, .ofs_y = 0},
    {.bitmap_index = 21288, .adv_w = 422, .box_w = 24, .box_h = 41, .ofs_x = 1, .ofs_y = 0},
    {.bitmap_index = 21556, .adv_w = 422, .box_w = 24, .box_h = 41, .ofs_x = 1, .ofs_y = 0},
    {.bitmap_index = 21827, .adv_w = 422, .box_w = 24, .box_h = 42, .ofs_x = 1, .ofs_y = 0},
    {.bitmap_index = 22113, .adv_w = 422, .box_w = 24, .box_h = 43, .ofs_x = 1, .ofs_y = 0},
    {.bitmap_index = 22399, .adv_w = 422, .box_w = 24, .box_h = 41, .ofs_x = 1, .ofs_y = 0},
    {.bitmap_index = 22681, .adv_w = 422, .box_w = 21, .box_h = 22, .ofs_x = 3, .ofs_y = 4},
    {.bitmap_index = 22845, .adv_w = 422, .box_w = 24, .box_h = 35, .ofs_x = 1, .ofs_y = -2},
    {.bitmap_index = 23123, .adv_w = 422, .box_w = 22, .box_h = 41, .ofs_x = 2, .ofs_y = 0},
    {.bitmap_index = 23279, .adv_w = 422, .box_w = 22, .box_h = 41, .ofs_x = 2, .ofs_y = 0},
    {.bitmap_index = 23439, .adv_w = 422, .box_w = 22, .box_h = 41, .ofs_x = 2, .ofs_y = 0},
    {.bitmap_index = 23603, .adv_w = 422, .box_w = 22, .box_h = 41, .ofs_x = 2, .ofs_y = 0},
    {.bitmap_index = 23770, .adv_w = 422, .box_w = 27, .box_h = 40, .ofs_x = 0, .ofs_y = 0},
    {.bitmap_index = 24013, .adv_w = 422, .box_w = 24, .box_h = 32, .ofs_x = 2, .ofs_y = 0},
    {.bitmap_index = 24147, .adv_w = 422, .box_w = 23, .box_h = 35, .ofs_x = 3, .ofs_y = 0},
    {.bitmap_index = 24376, .adv_w = 422, .box_w = 22, .box_h = 33, .ofs_x = 2, .ofs_y = 0},
    {.bitmap_index = 24599, .adv_w = 422, .box_w = 22, .box_h = 33, .ofs_x = 2, .ofs_y = 0},
    {.bitmap_index = 24824, .adv_w = 422, .box_w = 22, .box_h = 33, .ofs_x = 2, .ofs_y = 0},
    {.bitmap_index = 25056, .adv_w = 422, .box_w = 22, .box_h = 35, .ofs_x = 2, .ofs_y = 0},
    {.bitmap_index = 25296, .adv_w = 422, .box_w = 22, .box_h = 33, .ofs_x = 2, .ofs_y = 0},
    {.bitmap_index = 25530, .adv_w = 422, .box_w = 22, .box_h = 36, .ofs_x = 2, .ofs_y = 0},
    {.bitmap_index = 25772, .adv_w = 422, .box_w = 26, .box_h = 24, .ofs_x = 0, .ofs_y = 0},
    {.bitmap_index = 25967, .adv_w = 422, .box_w = 22, .box_h = 33, .ofs_x = 2, .ofs_y = -9},
    {.bitmap_index = 26192, .adv_w = 422, .box_w = 23, .box_h = 33, .ofs_x = 2, .ofs_y = 0},
    {.bitmap_index = 26407, .adv_w = 422, .box_w = 23, .box_h = 33, .ofs_x = 2, .ofs_y = 0},
    {.bitmap_index = 26623, .adv_w = 422, .box_w = 23, .box_h = 34, .ofs_x = 2, .ofs_y = 0},
    {.bitmap_index = 26845, .adv_w = 422, .box_w = 23, .box_h = 33, .ofs_x = 2, .ofs_y = 0},
    {.bitmap_index = 27071, .adv_w = 422, .box_w = 20, .box_h = 32, .ofs_x = 4, .ofs_y = 0},
    {.bitmap_index = 27160, .adv_w = 422, .box_w = 20, .box_h = 32, .ofs_x = 4, .ofs_y = 0},
    {.bitmap_index = 27249, .adv_w = 422, .box_w = 20, .box_h = 33, .ofs_x = 4, .ofs_y = 0},
    {.bitmap_index = 27347, .adv_w = 422, .box_w = 20, .box_h = 32, .ofs_x = 4, .ofs_y = 0},
    {.bitmap_index = 27447, .adv_w = 422, .box_w = 24, .box_h = 34, .ofs_x = 0, .ofs_y = 0},
    {.bitmap_index = 27710, .adv_w = 422, .box_w = 21, .box_h = 35, .ofs_x = 3, .ofs_y = 0},
    {.bitmap_index = 27854, .adv_w = 422, .box_w = 23, .box_h = 33, .ofs_x = 2, .ofs_y = 0},
    {.bitmap_index = 28087, .adv_w = 422, .box_w = 23, .box_h = 33, .ofs_x = 2, .ofs_y = 0},
    {.bitmap_index = 28324, .adv_w = 422, .box_w = 23, .box_h = 33, .ofs_x = 2, .ofs_y = 0},
    {.bitmap_index = 28567, .adv_w = 422, .box_w = 23, .box_h = 35, .ofs_x = 2, .ofs_y = 0},
    {.bitmap_index = 28820, .adv_w = 422, .box_w = 23, .box_h = 33, .ofs_x = 2, .ofs_y = 0},
    {.bitmap_index = 29066, .adv_w = 422, .box_w = 23, .box_h = 24, .ofs_x = 2, .ofs_y = 3},
    {.bitmap_index = 29168, .adv_w = 422, .box_w = 23, .box_h = 30, .ofs_x = 2, .ofs_y = -3},
    {.bitmap_index = 29413, .adv_w = 422, .box_w = 21, .box_h = 33, .ofs_x = 3, .ofs_y = 0},
    {.bitmap_index = 29543, .adv_w = 422, .box_w = 21, .box_h = 33, .ofs_x = 3, .ofs_y = 0},
    {.bitmap_index = 29676, .adv_w = 422, .box_w = 21, .box_h = 33, .ofs_x = 3, .ofs_y = 0},
    {.bitmap_index = 29813, .adv_w = 422, .box_w = 21, .box_h = 32, .ofs_x = 3, .ofs_y = 0},
    {.bitmap_index = 29954, .adv_w = 422, .box_w = 26, .box_h = 42, .ofs_x = 1, .ofs_y = -9},
    {.bitmap_index = 30254, .adv_w = 422, .box_w = 21, .box_h = 42, .ofs_x = 3, .ofs_y = -9},
    {.bitmap_index = 30423, .adv_w = 422, .box_w = 26, .box_h = 41, .ofs_x = 1, .ofs_y = -9}
};

/*---------------------
 *  CHARACTER MAPPING
 *--------------------*/



/*Collect the unicode lists and glyph_id offsets*/
static const lv_font_fmt_txt_cmap_t cmaps[] =
{
    {
        .range_start = 32, .range_length = 95, .glyph_id_start = 1,
        .unicode_list = NULL, .glyph_id_ofs_list = NULL, .list_length = 0, .type = LV_FONT_FMT_TXT_CMAP_FORMAT0_TINY
    },
    {
        .range_start = 160, .range_length = 96, .glyph_id_start = 96,
        .unicode_list = NULL, .glyph_id_ofs_list = NULL, .list_length = 0, .type = LV_FONT_FMT_TXT_CMAP_FORMAT0_TINY
    }
};



/*--------------------
 *  ALL CUSTOM DATA
 *--------------------*/

#if LVGL_VERSION_MAJOR == 8
/*Store all the custom data of the font*/
static  lv_font_fmt_txt_glyph_cache_t cache;
#endif

#if LVGL_VERSION_MAJOR >= 8
static const lv_font_fmt_txt_dsc_t font_dsc = {
#else
static lv_font_fmt_txt_dsc_t font_dsc = {
#endif
    .glyph_bitmap = glyph_bitmap,
    .glyph_dsc = glyph_dsc,
    .cmaps = cmaps,
    .kern_dsc = NULL,
    .kern_scale = 0,
    .cmap_num = 2,
    .bpp = 4,
    .kern_classes = 0,
    .bitmap_format = 1,
#if LVGL_VERSION_MAJOR == 8
    .cache = &cache
#endif
};



/*-----------------
 *  PUBLIC FONT
 *----------------*/

/*Initialize a public general font descriptor*/
#if LVGL_VERSION_MAJOR >= 8
const lv_font_t roboto_mono_bold_44 = {
#else
lv_font_t roboto_mono_bold_44 = {
#endif
    .get_glyph_dsc = lv_font_get_glyph_dsc_fmt_txt,    /*Function pointer to get glyph's data*/
    .get_glyph_bitmap = lv_font_get_bitmap_fmt_txt,    /*Function pointer to get glyph's bitmap*/
    .line_height = 53,          /*The maximum line height required by the font*/
    .base_line = 10,             /*Baseline measured from the bottom of the line*/
#if !(LVGL_VERSION_MAJOR == 6 && LVGL_VERSION_MINOR == 0)
    .subpx = LV_FONT_SUBPX_NONE,
#endif
#if LV_VERSION_CHECK(7, 4, 0) || LVGL_VERSION_MAJOR >= 8
    .underline_position = -3,
    .underline_thickness = 2,
#endif
    .dsc = &font_dsc,          /*The custom font data. Will be accessed by `get_glyph_bitmap/dsc` */
#if LV_VERSION_CHECK(8, 2, 0) || LVGL_VERSION_MAJOR >= 9
    .fallback = NULL,
#endif
    .user_data = NULL,
};



#endif /*#if ROBOTO_MONO_BOLD_44*/

