/*******************************************************************************
 * Size: 36 px
 * Bpp: 4
 * Opts: --bpp 4 --size 36 --font robmb.ttf --range 32-127,160-255 --format lvgl -o generated_fonts/roboto_mono_bold_36.c
 ******************************************************************************/

#ifdef LV_LVGL_H_INCLUDE_SIMPLE
#include "lvgl.h"
#else
#include "lvgl/lvgl.h"
#endif

#ifndef ROBOTO_MONO_BOLD_36
#define ROBOTO_MONO_BOLD_36 1
#endif

#if ROBOTO_MONO_BOLD_36

/*-----------------
 *    BITMAPS
 *----------------*/

/*Store the image of the glyphs*/
static LV_ATTRIBUTE_LARGE_CONST const uint8_t glyph_bitmap[] = {
    /* U+0020 " " */

    /* U+0021 "!" */
    0xb, 0xff, 0xc8, 0x2, 0x1, 0xff, 0xcd, 0x70,
    0x30, 0xf, 0xfe, 0x68, 0x80, 0x80, 0x7f, 0xf3,
    0x4c, 0x3c, 0x3, 0xff, 0x8c, 0x20, 0x20, 0x1e,
    0x7c, 0xcc, 0x0, 0x13, 0x3c, 0x1, 0xfe, 0x48,
    0x71, 0x0, 0x3d, 0xbc, 0x78, 0x84, 0x0, 0x43,
    0x20, 0x1e, 0x10, 0x30, 0xd, 0x81, 0xa8, 0x3,
    0xa,

    /* U+0022 "\"" */
    0x1f, 0xfa, 0x40, 0x2d, 0xff, 0x60, 0x7, 0xff,
    0x10, 0x40, 0x3c, 0xe0, 0x1b, 0xc0, 0x3c, 0x20,
    0x18, 0x40, 0x3c, 0x60, 0x18, 0xc0, 0x3c, 0x20,
    0x18, 0x40, 0x3d, 0xe0, 0x19, 0xc0, 0x3c, 0x20,
    0x18, 0x80, 0x3c, 0x62, 0xcd, 0x8, 0x5, 0x4c,
    0xc7,

    /* U+0023 "#" */
    0x0, 0xf8, 0x7f, 0xe0, 0x9, 0xbf, 0xd6, 0x1,
    0xfe, 0x50, 0x1, 0x0, 0x5e, 0x0, 0x30, 0xf,
    0xf1, 0x80, 0x1c, 0x2, 0x50, 0x6, 0x80, 0x7f,
    0xb4, 0x1, 0xa0, 0x11, 0x80, 0x1c, 0x3, 0xfc,
    0xe0, 0x3, 0x0, 0x10, 0x4, 0x40, 0x1f, 0xe2,
    0x0, 0x28, 0x1, 0xc0, 0x6, 0x1, 0xfe, 0x30,
    0x0, 0x88, 0x1, 0xa0, 0x5, 0x0, 0xf7, 0xfe,
    0xc0, 0x0, 0xff, 0xce, 0x0, 0x6f, 0xf9, 0x40,
    0x3f, 0xfc, 0x1d, 0xd8, 0x40, 0x15, 0xdc, 0xa0,
    0xb, 0xbb, 0x28, 0x0, 0x47, 0x80, 0x8, 0x22,
    0x30, 0x1, 0x88, 0xe0, 0xf, 0x18, 0x0, 0x44,
    0x0, 0xe0, 0x2, 0x80, 0x7f, 0x98, 0x0, 0x40,
    0x11, 0x80, 0x38, 0x3, 0xfd, 0xa0, 0x6, 0x0,
    0x98, 0x0, 0x60, 0x1e, 0x11, 0xc6, 0x0, 0x21,
    0x18, 0x80, 0xe, 0x23, 0x0, 0x13, 0xbb, 0x20,
    0x1, 0xfb, 0xa0, 0xb, 0x3b, 0xa0, 0xf, 0xff,
    0x2, 0x7f, 0xd4, 0x0, 0x3f, 0xf9, 0x40, 0x11,
    0xff, 0x80, 0x3d, 0xa0, 0x5, 0x0, 0x9c, 0x0,
    0x60, 0x1f, 0xe3, 0x0, 0x78, 0x4, 0x40, 0x5,
    0x0, 0xff, 0x28, 0x1, 0x40, 0x6, 0x0, 0x11,
    0x0, 0x7f, 0x8, 0x80, 0x6, 0x0, 0x50, 0x2,
    0x80, 0x7f, 0x94, 0x0, 0x40, 0x17, 0x80, 0xc,
    0x3, 0xfc, 0x60, 0x7, 0x0, 0x94, 0x1, 0xa0,
    0x1f, 0x0,

    /* U+0024 "$" */
    0x0, 0xfd, 0x3d, 0xc2, 0x0, 0xff, 0xe1, 0x98,
    0x88, 0x3, 0xff, 0xce, 0x95, 0xca, 0x0, 0xcb,
    0x50, 0xf, 0xc3, 0x96, 0xa2, 0x1, 0xa, 0x56,
    0x8, 0x7, 0xf, 0x98, 0x7, 0xf1, 0xf8, 0x80,
    0x6a, 0x10, 0xf, 0xf8, 0x68, 0x2, 0x34, 0x0,
    0xcf, 0xdf, 0xac, 0x1, 0x90, 0xc0, 0x16, 0x1,
    0x9e, 0x4, 0xa, 0x58, 0x3, 0x50, 0x0, 0xc0,
    0x35, 0x80, 0x75, 0x80, 0x64, 0x0, 0x38, 0x6,
    0x20, 0xe, 0x21, 0x0, 0x88, 0x0, 0xe0, 0x19,
    0x40, 0x3d, 0x2c, 0xd8, 0x0, 0x60, 0x1a, 0x0,
    0x3c, 0xf3, 0x38, 0x1, 0x60, 0x18, 0xf5, 0x0,
    0x3f, 0xe3, 0x50, 0xc, 0x57, 0xac, 0x1, 0xfe,
    0xb2, 0x0, 0xe2, 0x9f, 0x81, 0x0, 0xf8, 0x71,
    0x0, 0x3e, 0x7e, 0x70, 0xf, 0x86, 0xe8, 0x80,
    0x3e, 0x8b, 0x0, 0xfc, 0xbb, 0x68, 0x1, 0xe4,
    0xa0, 0xf, 0xe4, 0xbe, 0x70, 0xe, 0x54, 0x0,
    0xff, 0xc, 0x69, 0x0, 0x6e, 0x2, 0x33, 0xc0,
    0x1e, 0x2e, 0x0, 0xc8, 0x13, 0x99, 0x88, 0x3,
    0xc6, 0x20, 0x10, 0x80, 0x80, 0x67, 0x0, 0xf8,
    0xc0, 0x3b, 0x40, 0x37, 0x0, 0x78, 0x48, 0x2,
    0x10, 0x50, 0xc, 0x90, 0x1, 0x87, 0x40, 0x32,
    0x1, 0x28, 0x6, 0x7e, 0xa8, 0xae, 0x30, 0xd,
    0xc0, 0xb, 0x10, 0xc, 0x2a, 0xea, 0x1, 0xca,
    0x80, 0x1, 0xc2, 0x0, 0xff, 0x96, 0x80, 0x31,
    0x6c, 0x8, 0x7, 0xc7, 0x54, 0x0, 0xf9, 0xfb,
    0x68, 0x0, 0x35, 0xd8, 0xa0, 0x1f, 0xe2, 0x50,
    0x1, 0x28, 0x80, 0x7f, 0xf8, 0x0,

    /* U+0025 "%" */
    0x0, 0x1d, 0x77, 0xfa, 0xd4, 0x3, 0xff, 0x82,
    0xb8, 0xa2, 0x0, 0x4a, 0x80, 0xf, 0xfe, 0x5,
    0x80, 0x7c, 0xe6, 0x1, 0xfe, 0x41, 0x0, 0x57,
    0xe8, 0x80, 0x2c, 0x2, 0x57, 0x20, 0xc, 0x40,
    0x12, 0x81, 0x28, 0x0, 0x40, 0x2b, 0x8c, 0x0,
    0xf8, 0x40, 0x21, 0x0, 0xe8, 0x10, 0x80, 0xc,
    0x40, 0x1, 0x40, 0x14, 0x0, 0x8, 0xb, 0x81,
    0x30, 0x6, 0x41, 0x0, 0x5f, 0xf0, 0x80, 0x2c,
    0x2c, 0x1, 0x20, 0x1e, 0xa0, 0xf, 0x9c, 0xcc,
    0xa0, 0x88, 0x0, 0xf2, 0x6a, 0x88, 0x1, 0x2a,
    0x3, 0xc0, 0x12, 0x1, 0xf8, 0xab, 0xbf, 0xd6,
    0xa0, 0xa6, 0xc, 0x40, 0x1f, 0xfc, 0x48, 0x0,
    0x40, 0x7, 0xff, 0x11, 0xc8, 0x20, 0x40, 0x3f,
    0xf8, 0x63, 0x0, 0x2e, 0x1, 0xff, 0xc4, 0x80,
    0x4, 0x3, 0x67, 0xfb, 0x14, 0x3, 0xf8, 0x98,
    0x9, 0xaa, 0x4c, 0x0, 0x75, 0x40, 0xf, 0xd2,
    0x0, 0x96, 0x50, 0xf, 0x2a, 0x80, 0x3c, 0x88,
    0x4, 0x45, 0x0, 0xf, 0xb8, 0x40, 0xe, 0x0,
    0xf4, 0x80, 0x24, 0xc, 0x1, 0x22, 0x2b, 0x0,
    0x28, 0x7, 0x31, 0x3, 0x10, 0x6, 0x10, 0x1,
    0x80, 0x4, 0x3, 0xac, 0x1, 0x0, 0x1f, 0xfc,
    0x5d, 0x88, 0x8, 0x7, 0x8, 0x0, 0xc0, 0x2,
    0x1, 0xe7, 0x70, 0x4, 0x60, 0x9, 0x0, 0x68,
    0x1, 0x40, 0x3f, 0xea, 0x0, 0x1f, 0xf9, 0x0,
    0x1a, 0x1, 0xff, 0x32, 0x0, 0x79, 0x18, 0x3,
    0xff, 0x81, 0x70, 0x40, 0x3, 0x9b, 0x0,

    /* U+0026 "&" */
    0x0, 0xf3, 0xe7, 0x7f, 0x5a, 0x0, 0x7f, 0xf0,
    0xf, 0xa0, 0xc4, 0x5, 0x2e, 0x0, 0x3f, 0xc5,
    0x82, 0x1, 0xf3, 0xb0, 0x7, 0xf4, 0x80, 0x7f,
    0xa0, 0x3, 0xf0, 0xa0, 0x4, 0x37, 0xd0, 0x1,
    0xa, 0x0, 0x7c, 0x40, 0x1a, 0xd0, 0x5c, 0x80,
    0x22, 0x0, 0xf9, 0xc0, 0x33, 0x80, 0x4c, 0x1,
    0x18, 0x7, 0xce, 0x1, 0x98, 0x2, 0x50, 0x9,
    0x0, 0x3e, 0x30, 0xd, 0xc0, 0x58, 0x20, 0x6,
    0x10, 0xf, 0xca, 0x1, 0x2c, 0x69, 0x80, 0xe,
    0x40, 0x3f, 0xa0, 0x3, 0x38, 0x4, 0x98, 0x1,
    0xfe, 0x27, 0x0, 0xf3, 0xd8, 0x7, 0xff, 0x0,
    0x40, 0x39, 0xa0, 0x3, 0xfe, 0x1c, 0x60, 0xe,
    0x64, 0x0, 0x87, 0x77, 0x0, 0x5a, 0x60, 0x1f,
    0x50, 0x80, 0x8, 0xb8, 0x1, 0x46, 0x1, 0x32,
    0x80, 0x43, 0xa0, 0x5, 0x0, 0x84, 0x9, 0x40,
    0x22, 0x9a, 0x20, 0x8, 0xe8, 0x30, 0x2, 0x50,
    0x50, 0xd, 0x60, 0xf, 0x10, 0x9, 0x61, 0x40,
    0x2c, 0xd, 0x0, 0xca, 0x0, 0x2a, 0x0, 0xce,
    0x1, 0x98, 0x3, 0xce, 0x1, 0x23, 0x80, 0x7c,
    0xa2, 0x4, 0x1, 0xb8, 0x3, 0x42, 0x0, 0x70,
    0xd8, 0x3, 0x0, 0x32, 0xc9, 0x1, 0x3b, 0x0,
    0x72, 0x8, 0x1, 0x8, 0x3, 0x36, 0xfe, 0xc1,
    0x0, 0x72, 0xa0, 0x5, 0xc0, 0x1f, 0xfc, 0x4a,
    0x10, 0x1, 0xe1, 0x0, 0x7f, 0x31, 0x0, 0x43,
    0x60, 0x11, 0xed, 0x20, 0x80, 0x5, 0x23, 0x67,
    0x80, 0x32, 0xb0,

    /* U+0027 "'" */
    0xff, 0xb0, 0x3, 0xfe, 0x70, 0x8, 0x40, 0x23,
    0x0, 0x84, 0x2, 0xf0, 0x8, 0x48, 0xb0,

    /* U+0028 "(" */
    0x0, 0xfc, 0x40, 0x1f, 0xa7, 0x44, 0x3, 0xd8,
    0xc0, 0xc0, 0x1d, 0x66, 0x0, 0xf0, 0xd, 0x8,
    0x0, 0x68, 0x0, 0x91, 0xc0, 0x7, 0x20, 0x1a,
    0x40, 0x2e, 0x0, 0xcc, 0x40, 0x6, 0x20, 0xd,
    0x60, 0x15, 0x80, 0x64, 0x20, 0x1, 0x90, 0x6,
    0xd0, 0xa, 0x80, 0x39, 0xc0, 0x24, 0x0, 0xc4,
    0x20, 0x1, 0x20, 0xc, 0x80, 0x12, 0x80, 0x77,
    0x0, 0x44, 0x1, 0xc6, 0x1, 0x70, 0x7, 0x30,
    0x4, 0x40, 0x1c, 0x60, 0x10, 0x80, 0x7f, 0xf0,
    0xc4, 0x3, 0xf8, 0x40, 0x3f, 0xf8, 0xe4, 0x1,
    0x8, 0x7, 0x38, 0x4, 0x40, 0x1c, 0x60, 0x17,
    0x0, 0x76, 0x80, 0x44, 0x1, 0xce, 0x1, 0x28,
    0x7, 0x10, 0x80, 0x4, 0x80, 0x39, 0xc0, 0x25,
    0x0, 0xea, 0x0, 0xac, 0x3, 0x8c, 0xc0, 0x3,
    0x20, 0xe, 0x90, 0xa, 0x0, 0x39, 0x4c, 0x0,
    0xa6, 0x1, 0xde, 0x1, 0x78, 0x7, 0x1c, 0x0,
    0xe, 0x80, 0x39, 0xd4, 0x0, 0xb0, 0x1, 0xd4,
    0x80, 0xf, 0x0, 0xf5, 0xb8, 0x30, 0x7, 0xd1,
    0xc2,

    /* U+0029 ")" */
    0x2, 0x0, 0xff, 0x7e, 0x10, 0x7, 0xc4, 0x43,
    0xc3, 0x0, 0xf0, 0x80, 0x7, 0x8, 0x3, 0x8e,
    0xc0, 0x2f, 0x10, 0xe, 0x48, 0x0, 0x15, 0x80,
    0x79, 0xc8, 0x0, 0xa8, 0x1, 0xe9, 0x0, 0xa0,
    0x3, 0xc8, 0x40, 0x3, 0x40, 0xf, 0x50, 0x5,
    0xe0, 0x1e, 0x60, 0x9, 0x4, 0x3, 0x84, 0x80,
    0x27, 0x0, 0xf2, 0x0, 0x58, 0x1, 0xef, 0x0,
    0x90, 0x3, 0xc4, 0x1, 0x8, 0x80, 0x39, 0x80,
    0x31, 0x0, 0x71, 0x0, 0x66, 0x0, 0xff, 0x18,
    0x7, 0xf8, 0x40, 0x3f, 0xfa, 0x82, 0x1, 0xfe,
    0x30, 0xe, 0x20, 0xc, 0xc0, 0x1c, 0xc0, 0x18,
    0x80, 0x38, 0x80, 0x21, 0x10, 0x7, 0x78, 0x4,
    0x80, 0x1e, 0x40, 0xb, 0xc0, 0x38, 0x48, 0x2,
    0x40, 0xe, 0x60, 0x9, 0x44, 0x3, 0xa8, 0x2,
    0xe0, 0xe, 0x42, 0x0, 0x1a, 0x0, 0x74, 0x80,
    0x5e, 0x1, 0xd0, 0x40, 0x6, 0x30, 0xc, 0xae,
    0x0, 0x29, 0x0, 0xc7, 0x40, 0x1, 0xf0, 0xe,
    0x10, 0x0, 0xe1, 0x0, 0x71, 0x1a, 0x79, 0x0,
    0x7d, 0xb6, 0x20, 0x1f, 0x0,

    /* U+002A "*" */
    0x0, 0xf8, 0xbf, 0xea, 0x0, 0xff, 0xe1, 0x10,
    0x4, 0x40, 0x1f, 0xfc, 0x6f, 0x0, 0xff, 0xe1,
    0x88, 0x0, 0x80, 0x3f, 0xf8, 0x66, 0x0, 0x10,
    0xf, 0xcb, 0xce, 0x1, 0x98, 0x0, 0xe0, 0x10,
    0xc4, 0x80, 0x3c, 0x63, 0xa0, 0x40, 0x40, 0x4,
    0x5, 0x5c, 0xec, 0x0, 0x50, 0x0, 0xbf, 0x48,
    0x80, 0x16, 0xf5, 0x40, 0x24, 0x24, 0x0, 0xe6,
    0x40, 0x5, 0xa0, 0x7, 0x61, 0x5f, 0xe4, 0x20,
    0x7, 0xe3, 0x7b, 0xe8, 0x0, 0x8d, 0xef, 0xd0,
    0x2, 0x1b, 0xfc, 0x84, 0x10, 0xf, 0x99, 0x0,
    0x21, 0xc0, 0xf, 0xf9, 0x24, 0x1, 0x40, 0x7,
    0x50, 0xf, 0xe2, 0xa0, 0x2, 0xa9, 0xc0, 0x14,
    0x60, 0x1f, 0xbc, 0x40, 0x16, 0x12, 0x20, 0xd,
    0x10, 0xf, 0x59, 0x0, 0x1c, 0x40, 0x64, 0x0,
    0x34, 0x1, 0xc2, 0x1, 0xc, 0x0, 0x4e, 0x40,
    0x5, 0x20, 0xc, 0x37, 0x1, 0x0, 0x1d, 0x0,
    0x9e, 0x40, 0x1e, 0x7d, 0x60, 0xe, 0x59, 0xb1,
    0x0, 0x80,

    /* U+002B "+" */
    0x0, 0xf8, 0xcf, 0x80, 0x3f, 0xf8, 0x5d, 0x99,
    0x70, 0x7, 0xff, 0xfc, 0x3, 0xff, 0xc4, 0x9f,
    0xfe, 0x20, 0x8, 0xbf, 0xfc, 0x80, 0x1f, 0xfe,
    0xd6, 0x6f, 0x84, 0x3, 0x33, 0x7c, 0x53, 0x3e,
    0x30, 0x8, 0xa6, 0x7c, 0x40, 0x1f, 0xff, 0xf0,
    0xf, 0xfe, 0xd8,

    /* U+002C "," */
    0x1, 0xff, 0xd0, 0x1, 0xef, 0x0, 0xff, 0xe5,
    0x18, 0x6, 0x20, 0x60, 0xc, 0x81, 0x80, 0x11,
    0x88, 0x28, 0x5, 0x20, 0x84, 0x0, 0x35, 0x1,
    0x0, 0xf, 0x0, 0x17, 0x9f, 0x48, 0x0,

    /* U+002D "-" */
    0x1, 0x1f, 0xfe, 0x10, 0x3, 0xbb, 0xff, 0x85,
    0x20, 0x1f, 0xfe, 0x40,

    /* U+002E "." */
    0x0, 0x34, 0xc1, 0x80, 0x57, 0x2c, 0xf8, 0xc0,
    0xa8, 0x1, 0xa4, 0x34, 0x3, 0xc5, 0xe0, 0x1e,
    0x36, 0x0, 0xe4, 0x11, 0x61, 0x80, 0xb5, 0x80,

    /* U+002F "/" */
    0x0, 0xff, 0x5f, 0xfd, 0xa0, 0x1f, 0xc2, 0x80,
    0x15, 0x0, 0x7f, 0x38, 0x6, 0x50, 0xf, 0xed,
    0x0, 0x88, 0x80, 0x1f, 0x85, 0x0, 0x2a, 0x0,
    0xfe, 0x70, 0xc, 0xa0, 0x1f, 0xda, 0x1, 0x11,
    0x0, 0x3f, 0xa, 0x0, 0x54, 0x1, 0xfc, 0xe0,
    0x19, 0x40, 0x3f, 0xb4, 0x2, 0x32, 0x0, 0xfc,
    0x28, 0x1, 0x58, 0x7, 0xf3, 0x80, 0x65, 0x0,
    0xfe, 0xa0, 0x8, 0xc8, 0x3, 0xf0, 0x98, 0x5,
    0x60, 0x1f, 0xce, 0x1, 0x94, 0x3, 0xfa, 0x80,
    0x23, 0x20, 0xf, 0xc2, 0x60, 0x15, 0x80, 0x7f,
    0x38, 0x6, 0x60, 0xf, 0xea, 0x0, 0x8c, 0x40,
    0x3f, 0x9, 0x80, 0x56, 0x1, 0xfc, 0xe0, 0x19,
    0x80, 0x3f, 0xa8, 0x2, 0x31, 0x0, 0xfc, 0x26,
    0x1, 0x58, 0x7, 0xf3, 0x0, 0x66, 0x0, 0xfe,
    0xb0, 0x8, 0xc4, 0x3, 0xf0, 0x98, 0x5, 0x40,
    0x1f, 0xcc, 0x1, 0x9c, 0x3, 0xfa, 0xc0, 0x23,
    0x10, 0xf, 0xeb, 0x77, 0xa0, 0x3, 0xf8,

    /* U+0030 "0" */
    0x0, 0xe6, 0xbe, 0xff, 0x6c, 0x98, 0x7, 0xe3,
    0xe9, 0x41, 0x0, 0x13, 0x65, 0x88, 0x7, 0x1e,
    0x8, 0x7, 0xe4, 0xd0, 0xe, 0xd0, 0xf, 0xf8,
    0xe4, 0x2, 0x71, 0x0, 0x86, 0xbb, 0x5c, 0x3,
    0x31, 0x0, 0x28, 0x3, 0x62, 0x89, 0x43, 0x0,
    0x65, 0x2, 0x20, 0x4, 0x84, 0x1, 0xac, 0x3,
    0x58, 0x38, 0x6, 0x30, 0xe, 0x21, 0x0, 0x8c,
    0x8, 0x3, 0x70, 0x7, 0x88, 0x3, 0xf, 0x80,
    0x7f, 0x9c, 0xc0, 0x31, 0x80, 0x7f, 0xd, 0xc0,
    0x7, 0xff, 0x9, 0x7d, 0x0, 0x3f, 0xf8, 0x53,
    0x42, 0x8, 0x40, 0x1f, 0xef, 0xd6, 0x0, 0x45,
    0x88, 0x7, 0xf9, 0x88, 0xb, 0x1c, 0x3, 0xff,
    0x84, 0xda, 0x60, 0x1f, 0xfc, 0x2a, 0x90, 0xf,
    0xf7, 0x80, 0x68, 0x50, 0xf, 0xf1, 0x90, 0x6,
    0xf0, 0xf, 0x10, 0x6, 0x17, 0x0, 0xc8, 0x1,
    0xc2, 0x20, 0x8, 0xc0, 0x88, 0x1, 0x19, 0x80,
    0x34, 0x80, 0x64, 0x0, 0x50, 0x6, 0xd5, 0x12,
    0x87, 0x0, 0xd4, 0x0, 0x71, 0x0, 0x86, 0xbb,
    0x5c, 0x3, 0x31, 0x0, 0x5a, 0x1, 0xff, 0x14,
    0x80, 0x63, 0xc1, 0x0, 0xfc, 0x98, 0x1, 0xe3,
    0xe9, 0x41, 0x0, 0x12, 0xdd, 0x84, 0x2,

    /* U+0031 "1" */
    0x0, 0xff, 0x11, 0x0, 0x3e, 0x16, 0xcd, 0x50,
    0xe, 0x4a, 0xe9, 0x30, 0xc, 0x51, 0xd6, 0xa0,
    0x1c, 0xdb, 0xa7, 0x10, 0xf, 0xa4, 0x80, 0x3f,
    0xf8, 0x82, 0x1, 0xf8, 0xa3, 0xa4, 0x3, 0x85,
    0xb3, 0x5c, 0x40, 0x3d, 0xd2, 0x60, 0x1f, 0xff,
    0xf0, 0xf, 0xff, 0xf8, 0x7, 0xff, 0xcc,

    /* U+0032 "2" */
    0x0, 0xe4, 0xad, 0xff, 0x76, 0x41, 0x0, 0x7e,
    0x3c, 0xb5, 0x20, 0x0, 0x9b, 0xec, 0x0, 0x79,
    0x30, 0xc0, 0x3f, 0x9e, 0x80, 0x31, 0x58, 0x7,
    0xff, 0x1, 0x54, 0x1, 0x70, 0x6, 0x18, 0xcc,
    0x40, 0x80, 0x68, 0x0, 0x19, 0x80, 0x21, 0xf7,
    0x33, 0x3e, 0x0, 0x62, 0x10, 0xb0, 0xd, 0x22,
    0x1, 0x89, 0x40, 0x32, 0x81, 0x80, 0x64, 0x0,
    0xf6, 0x80, 0x61, 0xe, 0x88, 0xc4, 0x1, 0xef,
    0x0, 0xcc, 0xa, 0xef, 0x84, 0x3, 0xca, 0x1,
    0x8c, 0x3, 0xff, 0x80, 0xc4, 0x1, 0x20, 0x7,
    0xff, 0x0, 0xa4, 0x3, 0x40, 0x7, 0xff, 0x3,
    0xc0, 0x33, 0x18, 0x7, 0xfd, 0x64, 0x1, 0x1c,
    0x80, 0x7f, 0xd4, 0x80, 0x10, 0xe8, 0x7, 0xfd,
    0x2a, 0x1, 0xe, 0x8, 0x7, 0xfa, 0x18, 0x3,
    0x69, 0x0, 0x7f, 0x9d, 0xc0, 0x1b, 0xc, 0x3,
    0xfc, 0xd0, 0x1, 0xac, 0xc0, 0x3f, 0xcd, 0x20,
    0x1a, 0x90, 0x3, 0xfc, 0xb2, 0x1, 0xa9, 0x40,
    0x3f, 0xc9, 0x40, 0x1a, 0x14, 0x3, 0xfc, 0x56,
    0x1, 0xd1, 0xff, 0xfe, 0x31, 0x0, 0xff, 0xf6,
    0x0,

    /* U+0033 "3" */
    0x0, 0xe5, 0xad, 0xff, 0xb6, 0x94, 0x3, 0xf1,
    0xed, 0x29, 0x0, 0x44, 0xb5, 0xc8, 0x1, 0xcb,
    0x84, 0x1, 0xfc, 0x36, 0xa0, 0x11, 0x50, 0x7,
    0xff, 0x6, 0x84, 0x1, 0x60, 0x1d, 0x1b, 0xd8,
    0xe0, 0x1d, 0x20, 0x7, 0x0, 0xd6, 0xe4, 0x27,
    0x12, 0x1, 0x90, 0x0, 0x8a, 0xb3, 0x20, 0x7,
    0x30, 0x6, 0x10, 0x5, 0x56, 0x90, 0xf, 0x8,
    0x6, 0x10, 0xf, 0xfe, 0xb, 0x80, 0x64, 0x0,
    0xff, 0x85, 0xe4, 0x3, 0x48, 0x7, 0xd1, 0xdc,
    0xfe, 0x80, 0xd, 0x62, 0x1, 0xf0, 0x8c, 0x1,
    0xc7, 0xa8, 0x1, 0xff, 0xc4, 0x27, 0x0, 0xff,
    0xe2, 0x8d, 0x40, 0x7, 0xe9, 0xff, 0xb5, 0xc0,
    0x33, 0xa8, 0x7, 0xfc, 0x51, 0x40, 0x1a, 0x40,
    0x3f, 0xf8, 0x2a, 0x40, 0x11, 0x88, 0x7, 0xff,
    0x5, 0xc0, 0x31, 0x12, 0x67, 0x28, 0x7, 0xff,
    0x1, 0xc5, 0x9b, 0x48, 0x7, 0xce, 0x1, 0x98,
    0xc0, 0x31, 0xa0, 0x7, 0x29, 0x0, 0x42, 0x40,
    0x80, 0x1a, 0xe0, 0x80, 0xa2, 0x80, 0x33, 0x0,
    0x24, 0x3, 0x9f, 0x7f, 0x5c, 0x3, 0xc, 0x80,
    0xa, 0x80, 0x3f, 0xf8, 0x3a, 0x20, 0x12, 0xe1,
    0x0, 0x7f, 0x1e, 0x98, 0x7, 0x1e, 0xd2, 0x90,
    0x4, 0x6d, 0x98, 0x20, 0x8,

    /* U+0034 "4" */
    0x0, 0xff, 0x47, 0xfe, 0xc0, 0xf, 0xfe, 0x1,
    0x38, 0x7, 0xff, 0x17, 0x80, 0x3f, 0xf8, 0xac,
    0x60, 0x1f, 0xfc, 0x41, 0x90, 0xf, 0xfe, 0x2d,
    0x0, 0x7f, 0xf1, 0x55, 0x0, 0x3f, 0xf8, 0x83,
    0x60, 0x14, 0x0, 0x7f, 0xf0, 0x60, 0x40, 0xa,
    0xa0, 0xf, 0xfe, 0x2, 0x30, 0x5, 0x60, 0x1f,
    0xfc, 0x19, 0x0, 0xa4, 0x40, 0x3f, 0xf8, 0x10,
    0x40, 0x4, 0x60, 0xf, 0xfe, 0x1, 0x38, 0x5,
    0x20, 0x1f, 0xfc, 0x1e, 0x0, 0xa0, 0x80, 0x3f,
    0xf8, 0xc, 0x60, 0x3, 0x70, 0xf, 0xfe, 0x0,
    0xc8, 0x5, 0xc0, 0x1f, 0xfc, 0x1a, 0x0, 0xdb,
    0xff, 0xb4, 0x3, 0x1f, 0xfa, 0xd4, 0x3, 0xff,
    0x8c, 0x60, 0x1f, 0xfc, 0x61, 0x0, 0xff, 0xe3,
    0x67, 0x77, 0xf6, 0x0, 0x63, 0xee, 0x58, 0x8,
    0xff, 0x80, 0x38, 0x44, 0x1, 0xff, 0xff, 0x0,
    0x0,

    /* U+0035 "5" */
    0x0, 0x77, 0xff, 0xff, 0x5, 0x80, 0x21, 0x0,
    0xff, 0xe2, 0x8, 0x7, 0xff, 0x14, 0x80, 0x3f,
    0xf8, 0xac, 0x1, 0xa6, 0xef, 0xf9, 0xc0, 0x4,
    0x1, 0x99, 0x13, 0xf8, 0x40, 0x1c, 0x1, 0x8,
    0x7, 0xff, 0x4, 0x80, 0x22, 0x0, 0xff, 0xe0,
    0xb8, 0x4, 0xc9, 0x39, 0xb9, 0x4a, 0x1, 0xe2,
    0x0, 0x96, 0xd8, 0xc8, 0xd6, 0xb4, 0xc0, 0x30,
    0x80, 0x7f, 0xc5, 0x86, 0x0, 0x20, 0xf, 0xfe,
    0x17, 0x0, 0x48, 0x1, 0x26, 0x7f, 0xb1, 0x40,
    0x31, 0x30, 0x15, 0xfe, 0x55, 0x98, 0x0, 0xe9,
    0x80, 0x36, 0x80, 0x63, 0x50, 0xf, 0x40, 0x6,
    0x40, 0xf, 0xfe, 0x0, 0x98, 0x6, 0x20, 0xf,
    0xfe, 0x3, 0x0, 0x61, 0x0, 0xff, 0xe0, 0x8,
    0x7, 0x55, 0xdd, 0x40, 0x1f, 0x38, 0x6, 0x16,
    0x44, 0x94, 0x80, 0x38, 0x4c, 0x3, 0x12, 0x80,
    0x68, 0x0, 0xe9, 0x0, 0xc8, 0x16, 0x1, 0x96,
    0xcc, 0x4a, 0x1c, 0x3, 0x70, 0x13, 0x80, 0x64,
    0xce, 0xd7, 0x0, 0xc6, 0xa0, 0x8, 0x40, 0xf,
    0xf8, 0x74, 0x3, 0x5c, 0x0, 0x7f, 0x1f, 0x88,
    0x7, 0x3f, 0x42, 0x8, 0x0, 0x96, 0xf0, 0x40,
    0x20,

    /* U+0036 "6" */
    0x0, 0xfc, 0x2d, 0x5b, 0xfe, 0x70, 0xf, 0xf0,
    0xcf, 0x4a, 0x90, 0x7, 0xff, 0x1, 0x3d, 0x80,
    0x3f, 0xf8, 0x6d, 0x62, 0x1, 0xff, 0xc3, 0x49,
    0x0, 0xe4, 0x8b, 0xc6, 0x0, 0xfa, 0x80, 0x32,
    0x6d, 0xba, 0x18, 0x80, 0x7a, 0x4, 0x2, 0x6b,
    0x20, 0xf, 0xf9, 0xc0, 0x23, 0x90, 0xf, 0xfe,
    0x2, 0x80, 0x69, 0x7, 0xcf, 0xf6, 0xc9, 0x0,
    0x76, 0x0, 0x61, 0xe8, 0x30, 0x1, 0x36, 0xb0,
    0x6, 0x40, 0xd, 0x62, 0x1, 0xf4, 0xa8, 0x4,
    0x40, 0x1f, 0xfc, 0x2a, 0x10, 0x10, 0xf, 0x2e,
    0x76, 0xb0, 0x7, 0x48, 0x18, 0x7, 0x3d, 0x18,
    0x94, 0xb8, 0x6, 0x50, 0xf, 0x14, 0x0, 0x74,
    0x0, 0x62, 0x10, 0xe, 0x10, 0xf, 0x90, 0x3,
    0x10, 0x7, 0xff, 0x4, 0x80, 0x33, 0x98, 0x6,
    0x10, 0xf, 0xfe, 0x8, 0x88, 0x2, 0x20, 0xf,
    0x88, 0x3, 0x30, 0x20, 0x6, 0x50, 0xf, 0x20,
    0x6, 0x20, 0xe0, 0xd, 0x0, 0x1d, 0x20, 0x19,
    0x0, 0x8, 0x40, 0x11, 0x62, 0x9, 0x4b, 0x0,
    0x6f, 0x0, 0xb8, 0x3, 0x1d, 0xf6, 0xb0, 0x6,
    0x54, 0x0, 0x8e, 0x40, 0x3f, 0xe3, 0xb0, 0xe,
    0x6b, 0x10, 0xf, 0xcb, 0x82, 0x1, 0xe4, 0xe9,
    0x41, 0x0, 0x13, 0x65, 0x0, 0x60,

    /* U+0037 "7" */
    0xcf, 0xff, 0xfe, 0x29, 0x80, 0x7f, 0xfa, 0xc4,
    0xf7, 0x7f, 0xf8, 0x16, 0x1, 0xa4, 0x4, 0x8b,
    0xfe, 0xd0, 0xc, 0xc0, 0x1f, 0xfc, 0x1, 0x60,
    0x9, 0x84, 0x3, 0xff, 0x80, 0xc0, 0x1a, 0x80,
    0x3f, 0xf8, 0x32, 0x1, 0x19, 0x80, 0x3f, 0xf8,
    0xc, 0x20, 0x14, 0x80, 0x7f, 0xf0, 0x6c, 0x2,
    0x15, 0x0, 0xff, 0xe0, 0x21, 0x0, 0x52, 0x1,
    0xff, 0xc1, 0x80, 0xc, 0xc0, 0x1f, 0xfc, 0x3,
    0x30, 0x4, 0xc2, 0x1, 0xff, 0xc0, 0x90, 0xd,
    0x60, 0x1f, 0xfc, 0x2, 0x50, 0x9, 0x8, 0x3,
    0xff, 0x81, 0x60, 0x1b, 0x80, 0x3f, 0xf8, 0x2,
    0xc0, 0x11, 0x28, 0x7, 0xff, 0x2, 0x40, 0x35,
    0x0, 0x7f, 0xf0, 0x58, 0x3, 0x30, 0x7, 0xff,
    0x1, 0x84, 0x2, 0x61, 0x0, 0xff, 0xe0, 0x58,
    0x6, 0xb0, 0xf, 0xfe, 0x2, 0x90, 0x4, 0x84,
    0x1, 0xff, 0xc0, 0x90, 0xd, 0xe0, 0x1f, 0xfc,
    0x3, 0x30, 0x4, 0x48, 0x1, 0xff, 0xc0, 0x80,
    0xd, 0x40, 0x1f, 0xe0,

    /* U+0038 "8" */
    0x0, 0xe4, 0xad, 0xff, 0xb6, 0x50, 0x3, 0xf1,
    0x65, 0xa9, 0x0, 0x44, 0xd7, 0x84, 0x1, 0xc5,
    0x86, 0x1, 0xfc, 0x78, 0x40, 0x1a, 0x44, 0x3,
    0xfe, 0x1e, 0x0, 0x89, 0x0, 0x32, 0xe7, 0x62,
    0x80, 0x63, 0x30, 0x1, 0x0, 0x32, 0x51, 0x89,
    0xd2, 0x0, 0x64, 0x0, 0x70, 0x6, 0xd0, 0xe,
    0xd0, 0xd, 0xe0, 0xf, 0x0, 0xff, 0xe1, 0xf8,
    0x1, 0x0, 0x36, 0x80, 0x76, 0x80, 0x63, 0x0,
    0x19, 0x80, 0x24, 0x92, 0x2, 0x94, 0x0, 0x8d,
    0x0, 0x2d, 0x10, 0x9, 0xb7, 0xf5, 0x80, 0x21,
    0xe0, 0xc, 0x3e, 0xa0, 0x1f, 0xc9, 0xe4, 0x1,
    0xc6, 0xc0, 0x1f, 0xce, 0x60, 0x1c, 0x78, 0x60,
    0x1f, 0xc7, 0xa6, 0x1, 0xb4, 0x40, 0x26, 0xde,
    0xc6, 0x0, 0xda, 0x1, 0x38, 0x80, 0x4d, 0x24,
    0x27, 0x2e, 0x1, 0xb, 0x80, 0x28, 0x3, 0x40,
    0x7, 0x48, 0x6, 0xa0, 0x1, 0x0, 0x44, 0x20,
    0x1c, 0x24, 0x1, 0x10, 0x8, 0x7, 0xff, 0x14,
    0x44, 0x1, 0x88, 0x40, 0x38, 0x48, 0x3, 0x8,
    0x10, 0x6, 0x90, 0xe, 0x90, 0xc, 0x40, 0xa,
    0x0, 0xcf, 0x24, 0x25, 0x2e, 0x1, 0xa8, 0x0,
    0xe2, 0x1, 0x9b, 0x7b, 0x58, 0x3, 0xb, 0x0,
    0x5a, 0x1, 0xff, 0xc1, 0xd1, 0x0, 0x8f, 0x4c,
    0x3, 0xf8, 0xf4, 0xc0, 0x38, 0xb2, 0xd8, 0x80,
    0x22, 0x5b, 0xc2, 0x0, 0x80,

    /* U+0039 "9" */
    0x0, 0xe3, 0x9d, 0xff, 0x75, 0xa8, 0x7, 0xe1,
    0xac, 0x62, 0x0, 0xa, 0x56, 0x90, 0x7, 0xe,
    0x28, 0x7, 0xe2, 0xd3, 0x0, 0xd4, 0x40, 0x1f,
    0xf6, 0x88, 0x1, 0x50, 0x3, 0x36, 0xf5, 0x8,
    0x4, 0x32, 0x0, 0x90, 0xc, 0xf2, 0x42, 0xbe,
    0x20, 0x13, 0x80, 0xc, 0x3, 0x40, 0x6, 0x16,
    0x0, 0xca, 0x60, 0x19, 0x0, 0x3d, 0x60, 0x1b,
    0x5c, 0x3, 0x10, 0x7, 0x88, 0x3, 0x18, 0x7,
    0x18, 0x7, 0x84, 0x3, 0x3b, 0x0, 0x67, 0x0,
    0xff, 0x84, 0x84, 0x2, 0x25, 0x0, 0xe7, 0x0,
    0xf3, 0x80, 0x6a, 0x60, 0x0, 0xc4, 0x0, 0x3d,
    0x60, 0x1d, 0x3f, 0xdc, 0x70, 0xe, 0x10, 0x29,
    0x0, 0xf0, 0x80, 0x7c, 0xc0, 0x6, 0x80, 0xf,
    0xca, 0x1, 0x88, 0x2, 0x7d, 0x62, 0x0, 0xb,
    0x67, 0x80, 0x6d, 0x0, 0xc5, 0x3b, 0xfe, 0xe9,
    0x3f, 0x0, 0xc8, 0x1, 0xff, 0x12, 0x80, 0x46,
    0x20, 0x1f, 0xf7, 0x0, 0x69, 0x0, 0xff, 0x1e,
    0x98, 0x4, 0x6a, 0x1, 0xc2, 0x8a, 0xf9, 0x82,
    0x0, 0xdc, 0x1, 0xe9, 0xba, 0x83, 0x0, 0xea,
    0x20, 0xf, 0xfe, 0x10, 0xda, 0x80, 0x7f, 0xf0,
    0x9b, 0xd0, 0x3, 0xfc, 0x24, 0xb3, 0xd2, 0x20,
    0x1c,

    /* U+003A ":" */
    0x0, 0x24, 0xc9, 0x40, 0x28, 0xb6, 0x65, 0x50,
    0x5, 0xc0, 0x32, 0x9a, 0x80, 0x79, 0x5c, 0x3,
    0xc6, 0x70, 0x6, 0x15, 0xd, 0x50, 0x2, 0x60,
    0x0, 0x6b, 0xfd, 0x64, 0x1, 0xff, 0xef, 0x49,
    0x92, 0x80, 0x51, 0x6c, 0xca, 0xa0, 0xb, 0x80,
    0x65, 0x35, 0x0, 0xf2, 0xb8, 0x7, 0x8c, 0xe0,
    0xc, 0x2a, 0x1a, 0xa0, 0x4, 0xc0,

    /* U+003B ";" */
    0x0, 0x9a, 0x60, 0xc0, 0x36, 0xcb, 0x3e, 0x28,
    0x1, 0x88, 0x3, 0x58, 0x3, 0x0, 0x38, 0x44,
    0x4, 0x1, 0xe1, 0xa, 0x0, 0xe5, 0x0, 0x15,
    0x98, 0xb, 0x50, 0x4, 0x99, 0xfd, 0x20, 0x1f,
    0xff, 0xf0, 0xf, 0xf6, 0x7f, 0xda, 0x1, 0xff,
    0xd7, 0x10, 0xf, 0xcc, 0x1, 0x8c, 0x2, 0xd0,
    0x8, 0x80, 0x33, 0x0, 0x54, 0x1, 0x28, 0x80,
    0x4c, 0x1, 0x40, 0x4, 0x26, 0x0, 0x92, 0x0,
    0x87, 0x6a, 0x18, 0x3, 0x0,

    /* U+003C "<" */
    0x0, 0xff, 0xe9, 0x9d, 0x20, 0x7, 0xff, 0x1,
    0xb7, 0x14, 0x3, 0xfc, 0x31, 0xd2, 0x40, 0x1f,
    0xe3, 0xae, 0x71, 0x0, 0xff, 0x36, 0xe2, 0x80,
    0x7f, 0x86, 0x3a, 0x48, 0x3, 0xc4, 0xfa, 0x83,
    0x5c, 0xe2, 0x1, 0xc2, 0xd9, 0xb0, 0x40, 0xaa,
    0x0, 0xf3, 0x5f, 0x49, 0x80, 0x7f, 0xd, 0x7c,
    0xa0, 0x7, 0xff, 0x0, 0x6e, 0xc, 0x3, 0xf3,
    0x80, 0x70, 0xbe, 0x6c, 0x10, 0x7, 0x1f, 0x40,
    0x80, 0x71, 0x3e, 0xe9, 0xc8, 0x2, 0x17, 0xea,
    0x30, 0xf, 0x14, 0x6e, 0x10, 0x6, 0x5c, 0xc2,
    0x80, 0x7c, 0x6c, 0x1, 0xe3, 0xae, 0x81, 0x0,
    0xff, 0xe1, 0xb, 0xf5, 0x18, 0x7, 0xff, 0xd,
    0x73, 0xc, 0x1, 0xff, 0xc3, 0x39, 0xe5,

    /* U+003D "=" */
    0x3f, 0xff, 0xfe, 0x23, 0x0, 0x7f, 0xfa, 0x8f,
    0x77, 0xff, 0x88, 0xc0, 0x45, 0xff, 0xc4, 0x0,
    0xff, 0xe4, 0x11, 0x7f, 0xf1, 0x0, 0xf7, 0x7f,
    0xf8, 0x8c, 0x1, 0xff, 0xea,

    /* U+003E ">" */
    0x0, 0xff, 0xe2, 0x95, 0xa0, 0x7, 0xff, 0xd,
    0x2f, 0x9c, 0x40, 0x3f, 0xf8, 0x43, 0x1d, 0x46,
    0x1, 0xff, 0xc3, 0x5c, 0xc3, 0x0, 0x7f, 0xf0,
    0xce, 0x7a, 0x8, 0x3, 0x17, 0x49, 0x80, 0x78,
    0x5f, 0x6d, 0x0, 0x21, 0x6c, 0xe8, 0x30, 0xf,
    0x25, 0xea, 0x80, 0x61, 0x7c, 0xd8, 0x20, 0xe,
    0x2f, 0x0, 0xf8, 0x9f, 0x74, 0xa0, 0x1f, 0xfc,
    0x12, 0x8f, 0x50, 0xf, 0xf0, 0xbe, 0x6b, 0x90,
    0x7, 0x18, 0x0, 0x5b, 0x3a, 0xc, 0x3, 0xcb,
    0x92, 0x37, 0xd2, 0x60, 0x1e, 0x17, 0xea, 0x30,
    0x34, 0x0, 0xf8, 0xeb, 0xa0, 0x40, 0x3f, 0xcd,
    0xb8, 0xa0, 0x1f, 0xe2, 0x8e, 0x92, 0x0, 0xff,
    0x25, 0xeb, 0x88, 0x7, 0xf8, 0xf6, 0xd0, 0x3,
    0xff, 0x82,

    /* U+003F "?" */
    0x0, 0xc2, 0xf7, 0xdf, 0xee, 0xc9, 0x30, 0xf,
    0x9b, 0xa1, 0x4, 0x0, 0x26, 0xd9, 0x62, 0x1,
    0xa2, 0x40, 0x3f, 0xc9, 0x82, 0x0, 0x47, 0x0,
    0xff, 0xe0, 0x15, 0x80, 0x3c, 0x3, 0xa3, 0x36,
    0x8c, 0x3, 0x28, 0x82, 0x0, 0x6c, 0x73, 0x25,
    0xc1, 0x0, 0xca, 0x40, 0x18, 0xcc, 0x1, 0xce,
    0x1, 0x84, 0xbb, 0xb6, 0x80, 0x7f, 0xf0, 0x44,
    0x78, 0x3, 0xce, 0x1, 0x90, 0x3, 0xfe, 0x71,
    0x0, 0x90, 0x40, 0x3f, 0xcb, 0x0, 0x1a, 0x40,
    0x3f, 0xcb, 0x40, 0x1a, 0x88, 0x3, 0xf9, 0xe8,
    0x3, 0x4a, 0x80, 0x7f, 0x2c, 0x0, 0x6a, 0x60,
    0xf, 0xf4, 0x0, 0x6b, 0x50, 0xf, 0xf0, 0x90,
    0x4, 0xe8, 0x1, 0xff, 0x10, 0x6, 0xb0, 0xf,
    0xfe, 0x8, 0x8f, 0x0, 0x7f, 0xf0, 0xf, 0xbb,
    0x10, 0x7, 0xff, 0x4c, 0xe1, 0xc8, 0x3, 0xff,
    0x82, 0xb8, 0xf1, 0xa6, 0x1, 0xff, 0xc0, 0x80,
    0xd, 0x20, 0x1f, 0xfc, 0x3, 0x0, 0xc2, 0x1,
    0xff, 0xc0, 0x40, 0xd, 0x80, 0x1f, 0xfc, 0xb,
    0x50, 0x16, 0x70, 0xf, 0x0,

    /* U+0040 "@" */
    0x0, 0xfc, 0xd7, 0xdf, 0xed, 0x93, 0x0, 0xff,
    0x9b, 0xa5, 0x4, 0x0, 0x4d, 0x94, 0x1, 0xfd,
    0x32, 0x10, 0x0, 0x99, 0x0, 0x4b, 0x80, 0x1f,
    0x4b, 0x0, 0x1f, 0xb9, 0x9b, 0xf4, 0x40, 0x74,
    0x1, 0xcc, 0xc0, 0x1c, 0x81, 0x0, 0xcb, 0x86,
    0xa, 0x80, 0x10, 0xc8, 0x3, 0x4c, 0xa, 0x2f,
    0x25, 0x7, 0x80, 0x1e, 0x1, 0x40, 0x1, 0xcc,
    0x1b, 0x5d, 0xd, 0xad, 0xc9, 0x41, 0x4, 0x0,
    0xc0, 0x8, 0x5, 0x90, 0xf, 0x68, 0x60, 0x1,
    0x41, 0x80, 0xc, 0x0, 0xb0, 0x2, 0xee, 0x0,
    0x8, 0x14, 0x0, 0x61, 0x80, 0xd, 0x5, 0x10,
    0x2a, 0x27, 0x0, 0x78, 0x8, 0x3, 0xc1, 0x0,
    0x8, 0x1c, 0x0, 0xb0, 0x1, 0x0, 0x4, 0xc,
    0x0, 0x23, 0x1, 0x0, 0x10, 0x0, 0xe0, 0x1,
    0x0, 0x10, 0x18, 0x0, 0x48, 0x0, 0x20, 0x40,
    0x1, 0x10, 0x3, 0xc0, 0xe, 0x1, 0xbd, 0xc0,
    0xc, 0x2, 0x0, 0x30, 0x8, 0x40, 0x2, 0xc,
    0x0, 0x20, 0xe, 0x70, 0xf, 0x10, 0x0, 0x80,
    0x80, 0x8, 0xe0, 0x1, 0x7, 0x0, 0x18, 0x4,
    0xe0, 0x1b, 0x0, 0x84, 0x40, 0x7, 0x2, 0x0,
    0xa, 0x0, 0x98, 0x4, 0x4a, 0xa, 0x4, 0x0,
    0x20, 0x13, 0x0, 0x55, 0x3c, 0x2, 0xbc, 0x0,
    0x48, 0x0, 0x80, 0x48, 0x20, 0x0, 0x2a, 0x2c,
    0x0, 0x41, 0xa, 0x10, 0x2, 0x0, 0x28, 0x12,
    0xc8, 0xa, 0xa6, 0x88, 0xe, 0xd4, 0x2, 0xa0,
    0x3, 0x90, 0x26, 0xfe, 0xa8, 0x2e, 0xfe, 0x20,
    0x6, 0x33, 0x0, 0x3c, 0x40, 0x3f, 0xf8, 0x9c,
    0x0, 0x2f, 0x61, 0x0, 0xcb, 0x40, 0x1f, 0x8a,
    0x80, 0x3, 0x3d, 0xcd, 0xef, 0xa5, 0x10, 0xf,
    0xcb, 0x84, 0x1, 0x9, 0x8, 0x4, 0x40, 0x1f,
    0xc7, 0xb4, 0xa4, 0x1, 0x1b, 0xe9, 0x80, 0x70,

    /* U+0041 "A" */
    0x0, 0xfc, 0x9f, 0xfa, 0x0, 0x3f, 0xf8, 0x9a,
    0x1, 0x94, 0x3, 0xff, 0x88, 0xe0, 0x18, 0x88,
    0x1, 0xff, 0xc2, 0x41, 0x0, 0xe5, 0x0, 0xff,
    0xe1, 0x68, 0x7, 0xac, 0x3, 0xff, 0x84, 0xe0,
    0x1e, 0x31, 0x0, 0xff, 0xe0, 0x18, 0x80, 0x7c,
    0xe0, 0x1f, 0xfc, 0xb, 0x0, 0x89, 0x40, 0x2d,
    0x0, 0xff, 0xe0, 0x28, 0x4, 0x9e, 0x1, 0x20,
    0x80, 0x7f, 0x88, 0x80, 0x16, 0xa0, 0x6, 0x40,
    0xf, 0xf5, 0x0, 0x64, 0x13, 0x0, 0xbc, 0x3,
    0xfc, 0xa0, 0x12, 0x0, 0x10, 0x2, 0x50, 0xf,
    0xe2, 0x20, 0x5, 0xa0, 0xb, 0x0, 0xca, 0x1,
    0xf9, 0x40, 0x32, 0x0, 0xc, 0x3, 0x78, 0x7,
    0xeb, 0x0, 0x88, 0x80, 0x12, 0x0, 0x48, 0x1,
    0xf0, 0x98, 0x4, 0x80, 0x1b, 0x40, 0x21, 0x40,
    0xf, 0x30, 0x6, 0x6f, 0xfd, 0x20, 0x1b, 0x40,
    0x3d, 0x60, 0x1f, 0xfc, 0x27, 0x0, 0xe1, 0x30,
    0xf, 0xfe, 0x10, 0x98, 0x6, 0x70, 0xf, 0xfe,
    0x25, 0x80, 0x6d, 0x0, 0xd3, 0x55, 0xf0, 0x6,
    0x50, 0x8, 0x50, 0x2, 0x16, 0x55, 0xf8, 0xc0,
    0x22, 0x20, 0x1, 0x0, 0x32, 0x0, 0x7e, 0x40,
    0xc, 0xa0, 0xe, 0x0, 0xde, 0x1, 0xfb, 0x0,
    0x35, 0x80, 0x10, 0x3, 0x20, 0x7, 0xe4, 0x0,
    0xc6, 0x2a, 0x1, 0x88, 0x40, 0x3f, 0x90, 0x3,
    0x38,

    /* U+0042 "B" */
    0xbf, 0xff, 0xee, 0xc9, 0x40, 0xf, 0xfe, 0x18,
    0x9b, 0x5e, 0xa0, 0x7, 0xff, 0x14, 0xad, 0x80,
    0x3f, 0xf8, 0xd2, 0x60, 0x1e, 0xad, 0xdb, 0x29,
    0x40, 0x3a, 0x40, 0x3c, 0xc4, 0x51, 0xad, 0x40,
    0x6, 0x50, 0xf, 0xfe, 0xb, 0x80, 0x70, 0x80,
    0x7f, 0xf0, 0x48, 0x3, 0xff, 0x8c, 0x60, 0x18,
    0x40, 0x3f, 0xf8, 0xc, 0x20, 0x12, 0x80, 0x7f,
    0xc5, 0x12, 0x1, 0xa0, 0x3, 0xd9, 0xff, 0xb5,
    0xc0, 0x35, 0x90, 0x7, 0xff, 0xc, 0xb5, 0x0,
    0x3f, 0xf8, 0x85, 0x8a, 0x1, 0xf1, 0xa2, 0x70,
    0x80, 0x43, 0x4a, 0x1, 0xef, 0xbb, 0xee, 0x90,
    0xd, 0x42, 0x1, 0xff, 0xc0, 0x65, 0x0, 0xce,
    0x1, 0xff, 0xc1, 0xf0, 0xd, 0x80, 0x1f, 0xfc,
    0x11, 0x0, 0xc2, 0x1, 0xff, 0xc1, 0x20, 0xc,
    0x20, 0x1f, 0xfc, 0x1, 0xb0, 0xd, 0xa0, 0x1c,
    0xc4, 0x58, 0xdb, 0xc8, 0x3, 0x28, 0x7, 0x56,
    0xee, 0xc9, 0x10, 0xc, 0xa4, 0x1, 0xff, 0xc4,
    0x2b, 0x0, 0xff, 0xe2, 0x36, 0x88, 0x7, 0xff,
    0x0, 0x52, 0x36, 0x40, 0x20,

    /* U+0043 "C" */
    0x0, 0xf3, 0x5f, 0x7f, 0xba, 0xdc, 0x40, 0x3f,
    0x97, 0xa5, 0x4, 0x0, 0x29, 0x1c, 0xc0, 0x1f,
    0x35, 0x8, 0x7, 0xf4, 0xc8, 0x3, 0x96, 0x40,
    0x3f, 0xf8, 0xc, 0xc0, 0xd, 0x60, 0x18, 0xab,
    0x72, 0x48, 0x3, 0x48, 0x80, 0x1c, 0x40, 0x22,
    0xd5, 0x23, 0x6d, 0x30, 0xc, 0xc0, 0xa, 0x0,
    0xd2, 0x1, 0xe8, 0x0, 0xd8, 0x4, 0x40, 0x8,
    0x90, 0x3, 0xc8, 0x1, 0x90, 0x1c, 0x3, 0x38,
    0x7, 0xe7, 0x66, 0xc1, 0xa0, 0x1b, 0x40, 0x3f,
    0x44, 0xce, 0x1, 0x0, 0xc2, 0x1, 0xff, 0xff,
    0x0, 0xff, 0xed, 0x88, 0x6, 0x10, 0xf, 0xfe,
    0x17, 0x0, 0x6e, 0x0, 0xfc, 0xac, 0xd8, 0x10,
    0x3, 0x28, 0x7, 0xea, 0x99, 0xc0, 0x42, 0x1,
    0x19, 0x0, 0x78, 0xc0, 0x31, 0x80, 0x18, 0x3,
    0x48, 0x7, 0xbc, 0x3, 0x58, 0x2, 0x40, 0x32,
    0x62, 0x91, 0xb6, 0x98, 0x6, 0x60, 0x0, 0xc8,
    0x6, 0x3a, 0xdc, 0x92, 0x0, 0xd2, 0x20, 0x13,
    0x30, 0x3, 0xff, 0x80, 0xcc, 0x0, 0xe9, 0x90,
    0x7, 0xf0, 0xcc, 0x80, 0x3e, 0x6e, 0x84, 0x10,
    0x0, 0xa4, 0xf3, 0x0, 0x60,

    /* U+0044 "D" */
    0xcf, 0xff, 0xba, 0xdc, 0x40, 0x3f, 0xf8, 0x62,
    0x91, 0xd2, 0x20, 0x1f, 0xfc, 0x56, 0xf3, 0x0,
    0xff, 0xe2, 0x8e, 0x90, 0x7, 0xeb, 0xdc, 0xa4,
    0x0, 0xc3, 0xe0, 0x1f, 0x98, 0x8d, 0x6e, 0x40,
    0x31, 0x40, 0x7, 0xff, 0x1, 0xa0, 0x3, 0x38,
    0x7, 0xff, 0x5, 0xc8, 0x3, 0x28, 0x7, 0xff,
    0x6, 0x80, 0x37, 0x80, 0x7f, 0xf0, 0x50, 0x3,
    0x38, 0x7, 0xff, 0x4, 0x80, 0x31, 0x0, 0x7f,
    0xf0, 0x44, 0x3, 0xff, 0xfe, 0x20, 0x1f, 0xfc,
    0x62, 0x0, 0xc4, 0x1, 0xff, 0xc1, 0x40, 0xc,
    0xe0, 0x1f, 0xfc, 0x1a, 0x0, 0xde, 0x1, 0xff,
    0xc0, 0x62, 0x0, 0xca, 0x1, 0xff, 0x24, 0x80,
    0x67, 0x0, 0xf9, 0x84, 0x49, 0x56, 0x1, 0x8a,
    0x0, 0x3e, 0xbe, 0xe5, 0xa8, 0x7, 0x78, 0x7,
    0xff, 0x10, 0x70, 0x80, 0x3f, 0xf8, 0x6b, 0xe6,
    0x1, 0xff, 0xc0, 0x13, 0x8d, 0xa1, 0x0, 0xe0,

    /* U+0045 "E" */
    0x6f, 0xff, 0xfe, 0x26, 0x0, 0x7f, 0xfb, 0xdb,
    0x77, 0xff, 0x80, 0x1, 0xc2, 0x45, 0xff, 0x8,
    0x7, 0xff, 0xfc, 0x0, 0xff, 0xff, 0xe0, 0xf,
    0xff, 0x8b, 0x7f, 0xff, 0x80, 0x3e, 0x10, 0xf,
    0xff, 0xf8, 0x7, 0xff, 0x50, 0x48, 0xbf, 0xe1,
    0x0, 0xe6, 0xdd, 0xff, 0xb0, 0x3, 0xff, 0xd4,

    /* U+0046 "F" */
    0x6f, 0xff, 0xfe, 0x27, 0x0, 0x7f, 0xfb, 0xd7,
    0x77, 0xfe, 0xc0, 0xe, 0x32, 0x2f, 0xfe, 0x0,
    0x7, 0xff, 0xfc, 0x0, 0x64, 0x5f, 0xe1, 0x0,
    0xf2, 0xee, 0xff, 0xa4, 0x3, 0xff, 0xe0, 0xdf,
    0xff, 0xe8, 0x0, 0xff, 0xff, 0x80, 0x7f, 0xff,
    0xc0, 0x3f, 0xfa, 0x60,

    /* U+0047 "G" */
    0x0, 0xf2, 0xdf, 0x7f, 0xbb, 0x1c, 0x80, 0x3f,
    0x1e, 0xd2, 0x8, 0x0, 0x4e, 0x36, 0x40, 0x3c,
    0x98, 0x40, 0x1f, 0xcd, 0x60, 0x18, 0xec, 0x3,
    0xff, 0x80, 0x90, 0x1, 0x70, 0x7, 0x46, 0xea,
    0x8c, 0x3, 0x38, 0x82, 0x90, 0x6, 0xc7, 0x22,
    0x2e, 0x20, 0x6, 0x70, 0xe0, 0xc, 0xe6, 0x1,
    0xd0, 0x1, 0xb0, 0x10, 0x3, 0x48, 0x7, 0x8d,
    0x13, 0x19, 0x80, 0x31, 0x88, 0x7, 0xd7, 0x7a,
    0x58, 0x3, 0x28, 0x7, 0xff, 0x4, 0x80, 0x30,
    0x80, 0x7f, 0xf7, 0x4f, 0x77, 0xf5, 0x80, 0x7f,
    0x39, 0x17, 0xe5, 0x0, 0xff, 0xed, 0x8, 0x6,
    0x10, 0x9, 0x3f, 0xf0, 0x7, 0x10, 0x6, 0x50,
    0xf, 0xfe, 0xa, 0x80, 0x63, 0x0, 0xff, 0xe0,
    0x89, 0x80, 0x66, 0x0, 0xf0, 0x80, 0x7a, 0x80,
    0x34, 0x10, 0x7, 0xff, 0x1, 0x84, 0x2, 0x1c,
    0x72, 0x13, 0x7c, 0x0, 0xfa, 0x80, 0x30, 0xc6,
    0xf6, 0x41, 0x0, 0x63, 0x0, 0x24, 0x80, 0x7f,
    0xf0, 0x4f, 0x0, 0x26, 0xb1, 0x0, 0xfe, 0x18,
    0xc1, 0x0, 0xc9, 0xd2, 0x82, 0x0, 0x13, 0x6a,
    0xe7, 0x0, 0x0,

    /* U+0048 "H" */
    0xdf, 0xfc, 0x20, 0x1e, 0xbf, 0xfc, 0x60, 0x1f,
    0xff, 0xf0, 0xf, 0xff, 0xf8, 0x7, 0xff, 0x17,
    0xbf, 0xfc, 0x80, 0x1f, 0xff, 0x4c, 0xdd, 0xf2,
    0x0, 0x7f, 0x88, 0xbe, 0x0, 0xff, 0xff, 0x80,
    0x7f, 0xff, 0xc0, 0x3f, 0xfb, 0x0,

    /* U+0049 "I" */
    0x9f, 0xff, 0xfe, 0x11, 0x80, 0x7f, 0xf9, 0x23,
    0x77, 0x18, 0x6, 0xbd, 0xdc, 0x62, 0x45, 0x9c,
    0x3, 0x39, 0x16, 0x0, 0xff, 0xff, 0x80, 0x7f,
    0xff, 0xc0, 0x3f, 0xff, 0xe0, 0x1f, 0xfc, 0x51,
    0x1c, 0xe0, 0x19, 0xc4, 0x70, 0x4f, 0x76, 0x30,
    0xd, 0x7d, 0xd8, 0xc0, 0x3f, 0xfc, 0x80,

    /* U+004A "J" */
    0x0, 0xff, 0xe0, 0xd7, 0xfe, 0x50, 0xf, 0xff,
    0xf8, 0x7, 0xff, 0xfc, 0x3, 0xff, 0xfe, 0x1,
    0xff, 0xff, 0x0, 0xff, 0xe6, 0x7f, 0xee, 0x0,
    0xf8, 0x40, 0x30, 0x80, 0x80, 0x42, 0x20, 0xf,
    0x28, 0x6, 0x60, 0x50, 0xc, 0xc0, 0x1d, 0x2,
    0x1, 0x11, 0x3, 0x40, 0x34, 0x40, 0xc4, 0xe9,
    0xc0, 0x35, 0x0, 0x18, 0x80, 0x33, 0xe7, 0x62,
    0x80, 0x62, 0x70, 0xb, 0xc4, 0x3, 0xfe, 0x2c,
    0x0, 0xc5, 0x86, 0x1, 0xfc, 0xb8, 0x20, 0x1c,
    0x59, 0x6c, 0x40, 0x11, 0x36, 0x50, 0x80, 0x40,

    /* U+004B "K" */
    0xbf, 0xfc, 0x60, 0x1f, 0x4f, 0xff, 0x38, 0x7,
    0xff, 0x5, 0x18, 0x3, 0x2b, 0x80, 0x7f, 0xf0,
    0x6, 0x80, 0x31, 0x58, 0x7, 0xff, 0x6, 0x84,
    0x3, 0x70, 0x80, 0x7f, 0xf0, 0x1d, 0x0, 0x34,
    0x18, 0x7, 0xff, 0x0, 0xa0, 0x3, 0x23, 0x80,
    0x7f, 0xf0, 0x7c, 0x3, 0xd, 0x0, 0x7f, 0xf0,
    0x64, 0x80, 0x36, 0x88, 0x7, 0xff, 0x1, 0x18,
    0x3, 0x41, 0x80, 0x7f, 0xf0, 0x6, 0x80, 0x32,
    0x38, 0x7, 0xff, 0x6, 0x84, 0x2, 0x1a, 0x0,
    0xff, 0xe0, 0xc2, 0x0, 0x68, 0x10, 0xf, 0xfe,
    0xa, 0x0, 0x75, 0x0, 0x7f, 0xf2, 0xd, 0x80,
    0x3f, 0xf9, 0x12, 0x20, 0x1f, 0xfc, 0x24, 0x10,
    0xd, 0x60, 0x1f, 0xfc, 0x13, 0xbb, 0x0, 0x65,
    0x40, 0xf, 0xf8, 0x74, 0x14, 0xc0, 0x34, 0x80,
    0x7f, 0xd4, 0x20, 0xe, 0x0, 0xc5, 0x0, 0x1f,
    0xe7, 0x0, 0x89, 0x80, 0x33, 0x90, 0x7, 0xff,
    0xa, 0x4, 0x3, 0x48, 0x7, 0xff, 0x8, 0x60,
    0x3, 0x22, 0x80, 0x7f, 0xf0, 0x98, 0xc0, 0x35,
    0x88, 0x7, 0xff, 0xb, 0xc0, 0x30, 0xc0, 0x7,
    0xff, 0x8, 0xd8, 0x3, 0x31, 0x80, 0x7f, 0xf0,
    0xa0, 0x3, 0xbc, 0x0,

    /* U+004C "L" */
    0x5f, 0xfd, 0x20, 0x1f, 0xff, 0xf0, 0xf, 0xff,
    0xf8, 0x7, 0xff, 0xfc, 0x3, 0xff, 0xfe, 0x1,
    0xff, 0xff, 0x0, 0x19, 0x17, 0xfc, 0x20, 0x1c,
    0xbb, 0xbf, 0xf4, 0x0, 0x7f, 0xfa, 0x80,

    /* U+004D "M" */
    0xcf, 0xfe, 0x80, 0xd, 0x3f, 0xfd, 0x60, 0x1e,
    0x40, 0xc, 0xe0, 0x1f, 0xfc, 0x3, 0x0, 0x88,
    0x40, 0x3f, 0xf8, 0x26, 0x0, 0x50, 0xf, 0xfe,
    0x12, 0x0, 0x30, 0x3, 0xff, 0x85, 0x80, 0x4,
    0x0, 0xff, 0xe1, 0x20, 0x20, 0x4, 0x20, 0x1f,
    0x8c, 0x2, 0x3d, 0x0, 0x90, 0x3, 0xf2, 0x88,
    0x1, 0x10, 0x0, 0x50, 0xf, 0xf2, 0x0, 0x28,
    0x80, 0x1e, 0x20, 0x1f, 0x8f, 0xc0, 0x4, 0x1,
    0x20, 0x7, 0xf9, 0x0, 0x38, 0xc4, 0x3, 0xfc,
    0x26, 0x1, 0xac, 0x3, 0xff, 0x80, 0x80, 0x19,
    0x41, 0xc0, 0x3f, 0x8, 0x60, 0x4, 0x44, 0x0,
    0xff, 0xe0, 0x20, 0x4, 0x80, 0x1f, 0xfc, 0x24,
    0x0, 0x68, 0x0, 0x40, 0x3f, 0x38, 0x2, 0x22,
    0x40, 0xf, 0xfe, 0x11, 0xbb, 0x80, 0x3f, 0xff,
    0xe0, 0x1f, 0xfe, 0xf0,

    /* U+004E "N" */
    0xdf, 0xfc, 0xa0, 0x1e, 0xcf, 0xfc, 0x40, 0x1d,
    0x20, 0x1f, 0xfc, 0x53, 0x30, 0x7, 0xff, 0x16,
    0x80, 0x3f, 0xf8, 0xac, 0x20, 0x1f, 0xfc, 0x56,
    0x0, 0xff, 0xe2, 0xd0, 0x7, 0xff, 0x14, 0x90,
    0x3, 0xff, 0x8b, 0xe0, 0x1f, 0xfc, 0x21, 0x0,
    0x21, 0x0, 0x7f, 0xf0, 0x64, 0x2, 0xb0, 0xf,
    0xfe, 0xa, 0x88, 0x1, 0x80, 0x3f, 0xf8, 0x52,
    0x1, 0x30, 0x7, 0xff, 0x5, 0x80, 0x2b, 0x0,
    0xff, 0xe0, 0x8a, 0x80, 0x9, 0x0, 0x3f, 0xf8,
    0x32, 0x1, 0x78, 0x7, 0xff, 0x4, 0xcc, 0x0,
    0x42, 0x0, 0xff, 0xe0, 0xc8, 0x4, 0x20, 0x1f,
    0xfc, 0x15, 0x10, 0xf, 0xfe, 0x2b, 0x0, 0x7f,
    0xf1, 0x64, 0x3, 0xff, 0x8a, 0x2a, 0x1, 0xff,
    0xc5, 0x90, 0xf, 0xfe, 0x29, 0x98, 0x3, 0xff,
    0x8b, 0x40, 0x1f, 0xfc, 0x56, 0x10, 0xe,

    /* U+004F "O" */
    0x0, 0xe1, 0x7c, 0xef, 0xf6, 0xc9, 0x80, 0x7f,
    0x9f, 0xa0, 0xc4, 0x0, 0x4d, 0x96, 0x20, 0x1f,
    0x4c, 0x0, 0x7f, 0x27, 0x90, 0x7, 0x33, 0x0,
    0x3f, 0xe1, 0xf0, 0xc, 0x32, 0x1, 0x8a, 0x6e,
    0x94, 0x3, 0x14, 0x0, 0x52, 0x1, 0x8f, 0x59,
    0x16, 0xa0, 0x3, 0x38, 0x80, 0x18, 0x3, 0x78,
    0x7, 0x39, 0x80, 0x66, 0x3, 0x10, 0x8, 0x8c,
    0x3, 0xd2, 0x1, 0xb0, 0x14, 0x3, 0x20, 0x7,
    0xc8, 0x1, 0x90, 0x38, 0x3, 0x70, 0x7, 0xc2,
    0x1, 0xc2, 0x20, 0xf, 0xfe, 0x9, 0x0, 0x63,
    0x0, 0xe1, 0x0, 0xff, 0xff, 0x80, 0x61, 0x0,
    0xff, 0xe1, 0x8, 0x7, 0xff, 0x4, 0x80, 0x31,
    0xf0, 0x6, 0xe0, 0xf, 0x84, 0x3, 0x85, 0x0,
    0x32, 0x0, 0x7c, 0x80, 0x19, 0x0, 0x84, 0x2,
    0x23, 0x0, 0xf4, 0x80, 0x6c, 0x0, 0x38, 0x6,
    0xf0, 0xe, 0x63, 0x0, 0xcc, 0x0, 0x80, 0xc,
    0x78, 0xa6, 0x95, 0x20, 0x19, 0xc4, 0x0, 0x32,
    0x1, 0x8e, 0xb2, 0xd4, 0x3, 0x14, 0x0, 0x66,
    0x60, 0x7, 0xfc, 0x3e, 0x1, 0xe9, 0x80, 0xf,
    0xe4, 0xf2, 0x0, 0xf9, 0xfa, 0xc, 0x40, 0x4,
    0xd9, 0x62, 0x1, 0x80,

    /* U+0050 "P" */
    0x6f, 0xff, 0xf6, 0xca, 0x0, 0x7f, 0xf1, 0x9,
    0xaf, 0x8, 0x3, 0xff, 0x8a, 0x7a, 0x80, 0x1f,
    0xfc, 0x6b, 0x20, 0xf, 0x2e, 0xee, 0xb5, 0x0,
    0xe8, 0x0, 0xf1, 0x91, 0x64, 0xa9, 0x0, 0xca,
    0x20, 0x1f, 0xfc, 0x6, 0x30, 0xc, 0x80, 0x1f,
    0xfc, 0x14, 0x0, 0xc4, 0x1, 0xff, 0xd4, 0x30,
    0xc, 0x20, 0x1f, 0xfc, 0x3, 0x40, 0xc, 0x80,
    0x1f, 0xe1, 0x7c, 0x0, 0xc6, 0x40, 0x1c, 0xdf,
    0xfb, 0xa0, 0x3, 0xbc, 0x3, 0xff, 0x8b, 0x26,
    0x1, 0xff, 0xc3, 0x1b, 0x60, 0xf, 0xfe, 0x12,
    0x4f, 0x20, 0x7, 0xe5, 0xdd, 0xdd, 0xf6, 0xc0,
    0x1f, 0xe3, 0x22, 0xc2, 0x1, 0xff, 0xff, 0x0,
    0xff, 0xff, 0x80, 0x7f, 0x80,

    /* U+0051 "Q" */
    0x0, 0xf3, 0x5f, 0x7f, 0xb6, 0x50, 0x3, 0xfe,
    0x5e, 0x94, 0x10, 0x1, 0x35, 0xe1, 0x0, 0x7e,
    0x7a, 0x10, 0xf, 0xc7, 0x86, 0x1, 0xe5, 0x80,
    0xf, 0xf8, 0x74, 0x40, 0x3a, 0xc0, 0x31, 0x4d,
    0xd9, 0x80, 0x30, 0xd8, 0x6, 0x71, 0x0, 0x8b,
    0x19, 0x11, 0x36, 0x1, 0x94, 0xc0, 0x2b, 0x0,
    0xd2, 0x20, 0x19, 0x18, 0x3, 0x50, 0x0, 0x4c,
    0x2, 0x14, 0x0, 0xf5, 0x0, 0x67, 0x0, 0x28,
    0x6, 0x50, 0xf, 0x8c, 0x40, 0x21, 0x10, 0x10,
    0x6, 0x20, 0xf, 0xc4, 0x1, 0x88, 0x4, 0x3,
    0x8, 0x7, 0xe7, 0x0, 0xce, 0x1e, 0x1, 0xff,
    0xc6, 0x10, 0xf, 0xff, 0xa7, 0x80, 0x7f, 0xf6,
    0xc4, 0x8, 0x3, 0x10, 0x7, 0xe5, 0x0, 0xcc,
    0xe, 0x1, 0x90, 0x3, 0xe2, 0x10, 0x8, 0x48,
    0x8, 0x40, 0x21, 0x40, 0xf, 0x58, 0x6, 0x40,
    0x9, 0x80, 0x34, 0x88, 0x6, 0x46, 0x0, 0xd2,
    0x1, 0x48, 0x6, 0x2c, 0x63, 0x49, 0xb0, 0xc,
    0x86, 0x1, 0xc, 0x80, 0x62, 0x9c, 0xb6, 0x0,
    0xc3, 0x40, 0x1c, 0xce, 0x1, 0xff, 0xc0, 0x81,
    0x0, 0xf4, 0x50, 0x80, 0x7f, 0xa5, 0x40, 0x3e,
    0x5e, 0x94, 0x10, 0x1, 0x10, 0x3, 0x53, 0x0,
    0x7e, 0x6b, 0xef, 0xf6, 0xe9, 0x0, 0x34, 0xb8,
    0x7, 0xff, 0xa, 0xd0, 0x3, 0x41, 0x0, 0x7f,
    0xf0, 0xad, 0x40, 0x2c, 0x20, 0xf, 0xfe, 0x1d,
    0x30, 0xe9, 0x80, 0x7f, 0xf1, 0x67, 0xc8, 0x0,

    /* U+0052 "R" */
    0xbf, 0xff, 0xee, 0xc8, 0x30, 0xf, 0xfe, 0x20,
    0x9b, 0xe6, 0x8, 0x3, 0xff, 0x8c, 0x7a, 0x80,
    0x1f, 0xfc, 0x7a, 0x10, 0xf, 0xab, 0x77, 0x52,
    0x0, 0x61, 0x80, 0xf, 0x84, 0x8b, 0x2d, 0xb0,
    0x6, 0x70, 0xf, 0xfe, 0x14, 0x80, 0x61, 0x20,
    0xf, 0xfe, 0x11, 0x80, 0x61, 0x0, 0xff, 0xe3,
    0x88, 0x7, 0xff, 0x8, 0xc0, 0x31, 0x80, 0x7f,
    0xf0, 0x5c, 0x3, 0x18, 0x80, 0x7f, 0xc7, 0x30,
    0x1, 0xa8, 0x3, 0xeb, 0xff, 0xd8, 0xc0, 0x19,
    0x18, 0x3, 0xff, 0x8a, 0x96, 0x1, 0xff, 0xc4,
    0x19, 0xb0, 0xf, 0xfe, 0x33, 0x0, 0x7f, 0xab,
    0x76, 0x20, 0x8, 0x58, 0x3, 0xfc, 0x24, 0x54,
    0x0, 0x68, 0x0, 0xff, 0xe1, 0x29, 0x0, 0x42,
    0xc0, 0x1f, 0xfc, 0x2b, 0x0, 0xd0, 0x1, 0xff,
    0xc2, 0x62, 0x0, 0x85, 0xc0, 0x3f, 0xf8, 0x56,
    0x1, 0xa4, 0x3, 0xff, 0x84, 0xc2, 0x1, 0xb,
    0x80, 0x7f, 0xf0, 0xa0, 0x3, 0x48, 0x7, 0xff,
    0x9, 0x84, 0x2, 0x17, 0x0, 0xff, 0xe1, 0x48,
    0x6, 0x90,

    /* U+0053 "S" */
    0x0, 0xe1, 0x6a, 0xdf, 0xfb, 0x24, 0xc0, 0x3f,
    0x9f, 0xa5, 0x48, 0x2, 0x36, 0xcc, 0x10, 0x7,
    0xae, 0x0, 0x3f, 0xc7, 0xa6, 0x1, 0xa5, 0x0,
    0x3f, 0xf8, 0x3a, 0x20, 0x2, 0x60, 0xc, 0x75,
    0xbd, 0xae, 0x1, 0x86, 0xc0, 0xa, 0x1, 0x93,
    0x14, 0x84, 0xa3, 0x0, 0x32, 0x88, 0x68, 0x6,
    0xf0, 0xf, 0x1a, 0x80, 0x65, 0x0, 0xf3, 0x80,
    0x7d, 0x82, 0x3c, 0x1a, 0x1, 0xa8, 0x3, 0xe6,
    0xee, 0xca, 0xa, 0x1, 0x9a, 0x40, 0x3f, 0xf8,
    0x24, 0xc0, 0x19, 0xba, 0x4c, 0x3, 0xfe, 0x94,
    0x0, 0xc2, 0xd9, 0xd2, 0x80, 0x1f, 0xd6, 0xc0,
    0x1e, 0x16, 0xbc, 0x40, 0xf, 0xd3, 0xaa, 0x1,
    0xf1, 0xdc, 0x80, 0x7e, 0x2a, 0xe8, 0x30, 0xf,
    0x35, 0x0, 0x7f, 0xb, 0xe7, 0x49, 0x0, 0x65,
    0x60, 0xf, 0xf8, 0x5b, 0x5c, 0x3, 0x40, 0xa,
    0x26, 0x10, 0xf, 0xa1, 0x0, 0x21, 0x47, 0xbb,
    0xd2, 0x1, 0xfb, 0x0, 0x31, 0x28, 0x6, 0x40,
    0xf, 0xfe, 0x8, 0x98, 0x80, 0x46, 0xc0, 0x1e,
    0x19, 0x0, 0xc4, 0x12, 0x1, 0xa6, 0x90, 0x44,
    0x4d, 0x82, 0x1, 0x94, 0x1c, 0xc0, 0x32, 0xdf,
    0x73, 0x64, 0x80, 0x34, 0x0, 0x5a, 0x60, 0x1f,
    0xfc, 0x15, 0x70, 0x8, 0x72, 0x0, 0x3f, 0xe8,
    0xa0, 0xf, 0x3f, 0xd2, 0x90, 0x4, 0x4b, 0x3c,
    0xe0, 0x10,

    /* U+0054 "T" */
    0x8f, 0xff, 0xfe, 0x40, 0x80, 0x7f, 0xfd, 0xa7,
    0x77, 0xe3, 0x0, 0xd5, 0xbb, 0xf0, 0x88, 0x8b,
    0xe7, 0x0, 0xcc, 0x45, 0xf0, 0x7, 0xff, 0xfc,
    0x3, 0xff, 0xfe, 0x1, 0xff, 0xff, 0x0, 0xff,
    0xff, 0x80, 0x7f, 0xff, 0xc0, 0x3f, 0xfe, 0xc0,

    /* U+0055 "U" */
    0xcf, 0xfc, 0x40, 0x1e, 0x8f, 0xfc, 0xa0, 0x1f,
    0xff, 0xf0, 0xf, 0xff, 0xf8, 0x7, 0x84, 0x3,
    0xfc, 0x20, 0x1f, 0xf1, 0x80, 0x7f, 0xff, 0xc0,
    0x3f, 0xfc, 0xc6, 0xe0, 0x19, 0x80, 0x3c, 0x40,
    0x18, 0x4c, 0x3, 0x68, 0x7, 0x94, 0x3, 0x36,
    0x0, 0x66, 0x10, 0xc, 0xe2, 0x1, 0x11, 0x10,
    0x40, 0x21, 0xc4, 0x12, 0x88, 0x0, 0x65, 0x0,
    0x58, 0x6, 0x2b, 0xed, 0x70, 0xc, 0x32, 0x0,
    0x56, 0x0, 0xff, 0xe0, 0x68, 0x80, 0x53, 0x0,
    0x1f, 0xc5, 0x86, 0x1, 0xcf, 0xd0, 0x62, 0x0,
    0x25, 0xad, 0x30, 0x8,

    /* U+0056 "V" */
    0x4f, 0xfe, 0x20, 0xf, 0xd1, 0xff, 0xb8, 0x10,
    0x3, 0x90, 0x3, 0xf2, 0x0, 0x67, 0x0, 0x20,
    0x6, 0xc0, 0xf, 0xc6, 0x1, 0xb0, 0x1, 0xa0,
    0x19, 0x0, 0x3e, 0x40, 0xe, 0x50, 0x3, 0x80,
    0x61, 0x20, 0xf, 0x60, 0x6, 0x40, 0x8, 0x48,
    0x3, 0x20, 0x7, 0x90, 0x3, 0x68, 0x6, 0x50,
    0xd, 0x80, 0x1c, 0x26, 0x1, 0x90, 0x3, 0x58,
    0x6, 0x40, 0xe, 0x40, 0xc, 0x44, 0x0, 0xc6,
    0x20, 0x10, 0x90, 0x6, 0xc0, 0xc, 0xa0, 0x1e,
    0x40, 0xc, 0x80, 0x19, 0x0, 0x35, 0x80, 0x7b,
    0xc0, 0x36, 0x80, 0x42, 0x40, 0x10, 0x98, 0x7,
    0x94, 0x3, 0x28, 0x4, 0x80, 0x19, 0x0, 0x3f,
    0x20, 0x4, 0x26, 0x0, 0xc0, 0xd, 0xe0, 0x1f,
    0xb0, 0x3, 0x20, 0x1, 0x0, 0x32, 0x0, 0x7e,
    0x50, 0xd, 0x80, 0x24, 0x1, 0x20, 0x80, 0x7e,
    0x22, 0x0, 0x48, 0xe, 0x1, 0xb0, 0x3, 0xfc,
    0xa0, 0x18, 0xf0, 0x3, 0x28, 0x7, 0xfa, 0xc0,
    0x32, 0x20, 0x2, 0x22, 0x0, 0x7f, 0x8c, 0x40,
    0x2a, 0x10, 0x9, 0x40, 0x3f, 0xf8, 0x8, 0x1,
    0x10, 0x6, 0xc0, 0xf, 0xfe, 0x7, 0x80, 0x7c,
    0x28, 0x1, 0xff, 0xc0, 0x40, 0xf, 0x90, 0x3,
    0xff, 0x82, 0x26, 0x1, 0xef, 0x0, 0xff, 0xe1,
    0x58, 0x7, 0x90, 0x3, 0xff, 0x84, 0xa0, 0x1c,
    0x62, 0x1, 0xff, 0xc2, 0x22, 0x0, 0x6b, 0x0,
    0xfc,

    /* U+0057 "W" */
    0x7f, 0xfc, 0x1, 0xf, 0xfd, 0x20, 0x13, 0x7f,
    0xe2, 0x20, 0x6, 0x20, 0x1, 0x0, 0x44, 0x1,
    0x8, 0x6, 0x26, 0x0, 0xcc, 0x0, 0x60, 0x9,
    0x40, 0x2e, 0x0, 0x84, 0x8, 0x3, 0x10, 0x3,
    0x40, 0x21, 0x0, 0x88, 0x2, 0x50, 0x10, 0xd,
    0xc0, 0x2, 0x0, 0xc4, 0x0, 0x60, 0x8, 0x80,
    0x6, 0x1, 0x8, 0x1, 0x80, 0x33, 0x80, 0x8,
    0x2, 0xe0, 0x3, 0x0, 0x44, 0x0, 0x20, 0xc,
    0x40, 0x20, 0x18, 0x80, 0x4, 0x1, 0x30, 0x8,
    0x80, 0x37, 0x1, 0x0, 0x66, 0x0, 0x70, 0x4,
    0x40, 0x40, 0x1c, 0xa0, 0xc0, 0x18, 0x80, 0x4,
    0x1, 0x85, 0x80, 0x38, 0x80, 0x80, 0x21, 0x10,
    0x1, 0x80, 0x31, 0x10, 0x3, 0x84, 0x38, 0x2,
    0x20, 0x8, 0x80, 0x33, 0x70, 0x1, 0x0, 0x23,
    0x20, 0x9, 0x80, 0x31, 0x0, 0x44, 0xa0, 0x3,
    0x0, 0x99, 0x80, 0x11, 0x0, 0x66, 0x0, 0xb8,
    0x80, 0x1a, 0x60, 0x2, 0x20, 0x5, 0xc0, 0x18,
    0x80, 0x22, 0x10, 0x3, 0x30, 0x1, 0x80, 0x19,
    0x40, 0x37, 0x0, 0x48, 0x1, 0x1e, 0x80, 0x10,
    0x3, 0x10, 0x6, 0x20, 0xf, 0x8, 0x10, 0x7,
    0xc2, 0x1, 0x9c, 0x3, 0xca, 0xe, 0x1, 0xe2,
    0x0, 0xe2, 0x0, 0xf1, 0x1, 0x0, 0x79, 0x80,
    0x3c, 0x20, 0x1d, 0xe0, 0x2, 0x0, 0xe2, 0x0,
    0xf1, 0x0, 0x71, 0x0, 0x1c, 0x3, 0xbc, 0x3,
    0xcc, 0x1, 0xcc, 0x0, 0x20, 0xe, 0x20, 0xf,
    0x10, 0x7, 0x10, 0x3, 0x40, 0x39, 0x80, 0x3d,
    0xa0, 0x18, 0x80, 0x26, 0x0, 0xe2, 0x0, 0xf3,
    0x0, 0x67, 0x0, 0x8c, 0x3, 0x8, 0x7, 0xc4,
    0x1, 0x88, 0x3, 0x8, 0x4, 0xa0, 0x18,

    /* U+0058 "X" */
    0x1e, 0xff, 0xd6, 0x1, 0xfa, 0xff, 0xf8, 0x45,
    0x20, 0x19, 0xc, 0x3, 0xc6, 0x80, 0x1a, 0x4,
    0x1c, 0x80, 0x34, 0x80, 0x7a, 0x40, 0x30, 0xb8,
    0x5, 0x0, 0x19, 0x48, 0x3, 0x12, 0x80, 0x6b,
    0x0, 0xca, 0x60, 0x1a, 0xc0, 0x34, 0x0, 0x63,
    0x50, 0xe, 0xf0, 0xc, 0xc2, 0x0, 0x25, 0x0,
    0xde, 0x1, 0xe3, 0x50, 0xd, 0x0, 0xb, 0x0,
    0xc8, 0x60, 0x1f, 0x40, 0x6, 0x61, 0x13, 0x0,
    0x69, 0x0, 0xfc, 0x4e, 0x1, 0xa6, 0x0, 0x33,
    0x10, 0x7, 0xf4, 0x88, 0x4, 0xec, 0x1, 0xc,
    0x0, 0x7f, 0x86, 0x0, 0x3f, 0x48, 0x80, 0x7f,
    0xcc, 0x40, 0x1e, 0x27, 0x0, 0xff, 0xe0, 0xc0,
    0x7, 0xa0, 0x3, 0xff, 0x84, 0x60, 0x1e, 0x20,
    0xf, 0xfe, 0x8, 0xc0, 0x7, 0xa0, 0x40, 0x3f,
    0xf8, 0x12, 0x20, 0x1f, 0x40, 0x7, 0xfc, 0x4e,
    0x1, 0x84, 0x2, 0x62, 0x0, 0xff, 0x40, 0x6,
    0x69, 0x0, 0xd2, 0x1, 0xfc, 0x6a, 0x1, 0xa1,
    0xc4, 0x2, 0x44, 0x0, 0x7e, 0xf0, 0xc, 0xc2,
    0x12, 0x1, 0xa4, 0x3, 0xe5, 0x30, 0xd, 0x0,
    0x7, 0x10, 0x8, 0x98, 0x3, 0xd6, 0x1, 0x98,
    0x40, 0x29, 0x0, 0xd0, 0x1, 0xce, 0x20, 0x1a,
    0x0, 0x33, 0x0, 0x61, 0x80, 0x8, 0x60, 0x3,
    0x30, 0x80, 0x61, 0x70, 0xc, 0xe2, 0x0, 0x80,
    0xe, 0xb0, 0xf, 0x48, 0x7, 0x58, 0x1b, 0x0,
    0x66, 0x20, 0xf, 0xb, 0x80, 0x65, 0x30,

    /* U+0059 "Y" */
    0x3f, 0xfe, 0x30, 0xf, 0xc5, 0xff, 0xc8, 0x68,
    0x1, 0xa8, 0x3, 0xf5, 0x0, 0x63, 0x40, 0x80,
    0xc, 0xc2, 0x1, 0xf3, 0x0, 0x69, 0x0, 0x19,
    0x80, 0x33, 0x0, 0x79, 0x44, 0x2, 0x25, 0x0,
    0xa0, 0x3, 0x50, 0x7, 0xa4, 0x3, 0x58, 0x6,
    0x42, 0x0, 0x89, 0x0, 0x31, 0x98, 0x2, 0x16,
    0x0, 0xe8, 0x0, 0xde, 0x1, 0xa8, 0x3, 0x40,
    0x7, 0x94, 0x80, 0x24, 0x10, 0x0, 0xb0, 0x4,
    0x2c, 0x1, 0xf5, 0x80, 0x69, 0x0, 0x30, 0x6,
    0x90, 0xf, 0xcc, 0x20, 0x13, 0x0, 0x28, 0x3,
    0x30, 0x7, 0xf4, 0x80, 0x42, 0xa8, 0x40, 0x13,
    0x88, 0x7, 0xf3, 0x88, 0x5, 0x3c, 0x1, 0xa4,
    0x3, 0xfe, 0x60, 0x8, 0xd4, 0x2, 0x61, 0x0,
    0xff, 0xa4, 0x3, 0xf5, 0x80, 0x7f, 0xf0, 0x5,
    0x80, 0x3c, 0xa4, 0x1, 0xff, 0xc1, 0x80, 0xf,
    0x48, 0x7, 0xff, 0x8, 0x54, 0x3, 0x21, 0x80,
    0x7f, 0xf0, 0xf4, 0x3, 0x60, 0x7, 0xff, 0xfc,
    0x3, 0xff, 0xfe, 0x1, 0xff, 0xd6,

    /* U+005A "Z" */
    0x6f, 0xff, 0xfe, 0x30, 0x7, 0xff, 0xbd, 0x41,
    0xf7, 0x7f, 0xe9, 0x0, 0xc3, 0x60, 0x24, 0x5f,
    0xf4, 0x0, 0x6b, 0x10, 0xf, 0xfe, 0x4, 0x88,
    0x4, 0x8a, 0x1, 0xff, 0xc0, 0x46, 0x0, 0x86,
    0x80, 0x3f, 0xf8, 0x32, 0x1, 0xa0, 0x40, 0x3f,
    0xf8, 0x12, 0x40, 0x12, 0x30, 0x7, 0xff, 0x0,
    0xd8, 0x3, 0x50, 0x7, 0xff, 0x7, 0x80, 0x34,
    0x88, 0x7, 0xff, 0x2, 0x48, 0x2, 0x46, 0x0,
    0xff, 0xe0, 0x1b, 0x0, 0x69, 0x0, 0xff, 0xe0,
    0xf0, 0x6, 0x92, 0x0, 0xff, 0xe0, 0x41, 0x0,
    0x46, 0xc0, 0x1f, 0xfc, 0x3, 0x70, 0xd, 0xc0,
    0x1f, 0xfc, 0x1e, 0x0, 0xd0, 0x40, 0x1f, 0xfc,
    0x8, 0x20, 0x8, 0xdc, 0x3, 0xff, 0x80, 0x6e,
    0x1, 0xb8, 0x3, 0xff, 0x83, 0xc0, 0x1a, 0x8,
    0x3, 0xff, 0x81, 0x4, 0x1, 0x12, 0x91, 0x7f,
    0xc0, 0x6e, 0x1, 0x8b, 0x77, 0xff, 0x80, 0x88,
    0x0, 0xff, 0xf7, 0x80,

    /* U+005B "[" */
    0xee, 0xfb, 0x4, 0x7e, 0x20, 0xf, 0xfe, 0x40,
    0xff, 0xb8, 0x3, 0xff, 0xfe, 0x1, 0xff, 0xff,
    0x0, 0xff, 0xff, 0x80, 0x43, 0xdc, 0xc0, 0xe,
    0x11, 0x10, 0x7, 0xff, 0x10,

    /* U+005C "\\" */
    0x9f, 0xfc, 0x1, 0xfe, 0xd0, 0xc, 0x80, 0x1f,
    0xc8, 0x20, 0x17, 0x0, 0x7f, 0x9c, 0x2, 0x50,
    0xf, 0xf6, 0x80, 0x64, 0x0, 0xfe, 0x41, 0x0,
    0xb8, 0x3, 0xfc, 0xe0, 0x12, 0x80, 0x7f, 0xb4,
    0x3, 0x28, 0x7, 0xf2, 0x8, 0x5, 0xe0, 0x1f,
    0xe7, 0x0, 0x94, 0x3, 0xfd, 0xa0, 0x19, 0x40,
    0x3f, 0x90, 0x40, 0x2f, 0x0, 0xff, 0x38, 0x4,
    0xa0, 0x1f, 0xea, 0x0, 0xca, 0x1, 0xfc, 0x62,
    0x1, 0x78, 0x7, 0xf9, 0xc0, 0x25, 0x0, 0xff,
    0x50, 0x6, 0x50, 0xf, 0xe3, 0x10, 0xb, 0xc0,
    0x3f, 0xce, 0x1, 0x28, 0x7, 0xfa, 0x80, 0x32,
    0x80, 0x7f, 0x18, 0x80, 0x5e, 0x1, 0xfe, 0x60,
    0x9, 0x40, 0x3f, 0xd6, 0x1, 0x94, 0x3, 0xf8,
    0xc4, 0x2, 0xe0, 0xf, 0xf3, 0x0, 0x48, 0x1,
    0xfe, 0xb0, 0xc, 0xa0, 0x1f, 0xc6, 0x40, 0x17,
    0x0, 0x7f, 0x94, 0x2, 0x41, 0x0, 0xfe, 0xa7,
    0x7c, 0x60,

    /* U+005D "]" */
    0xee, 0xfb, 0x44, 0x7e, 0x30, 0xf, 0xfe, 0x27,
    0xfc, 0x1, 0xff, 0xff, 0x0, 0xff, 0xff, 0x80,
    0x7f, 0xff, 0xc0, 0x37, 0x74, 0x1, 0xc2, 0x30,
    0x7, 0xff, 0x24,

    /* U+005E "^" */
    0x0, 0xf6, 0xff, 0xc2, 0x1, 0xfe, 0x32, 0x0,
    0x98, 0x3, 0xfd, 0x20, 0x1a, 0x40, 0x3f, 0x85,
    0x40, 0x30, 0xa0, 0x7, 0xe6, 0x0, 0x88, 0x1,
    0xc0, 0x1f, 0xa8, 0x0, 0x68, 0x0, 0x51, 0x0,
    0xf1, 0x90, 0x2, 0xf4, 0x2, 0x60, 0xf, 0x48,
    0x4, 0xc8, 0x40, 0xa, 0x0, 0xe1, 0x50, 0x2,
    0x8, 0x28, 0x0, 0x90, 0x3, 0x30, 0x5, 0xc0,
    0xa, 0x0, 0xb8, 0x3, 0x50, 0x4, 0xa0, 0x2,
    0x30, 0x2, 0x88, 0x1, 0x8, 0x0, 0xc0, 0x1a,
    0x80, 0x26, 0x0, 0x70, 0x5, 0x40, 0x19, 0x80,
    0x2a, 0x1, 0x50, 0x1, 0x18, 0x7, 0x28, 0x0,
    0x90,

    /* U+005F "_" */
    0x5f, 0xff, 0xfe, 0x1c, 0x98, 0x7, 0xff, 0xc,
    0xc0, 0x3f, 0xfa, 0xc0,

    /* U+0060 "`" */
    0x1, 0x1c, 0x1, 0x93, 0xbb, 0x80, 0x24, 0xa0,
    0x8, 0x64, 0x2, 0x58, 0x0, 0x98, 0xc0, 0x27,
    0x70, 0x5, 0xe0, 0x1a, 0x18, 0x0, 0x6c,

    /* U+0061 "a" */
    0x0, 0xc9, 0x3b, 0xff, 0x6c, 0xa0, 0x7, 0xc5,
    0x96, 0xc4, 0x1, 0x13, 0x5e, 0x10, 0x6, 0x2c,
    0x30, 0xf, 0xe3, 0xc2, 0x0, 0xbc, 0x40, 0x31,
    0x18, 0x7, 0xc, 0x80, 0x10, 0x80, 0x21, 0xdd,
    0x67, 0xc8, 0x6, 0x42, 0xc, 0x0, 0xd0, 0x40,
    0x13, 0x30, 0x3, 0x28, 0x4e, 0x66, 0x70, 0xe,
    0xc0, 0xd, 0xe0, 0x26, 0x78, 0x40, 0x3f, 0xc2,
    0x1, 0x85, 0xaf, 0x7f, 0xf5, 0x0, 0x7e, 0x8e,
    0x94, 0x20, 0xf, 0xfe, 0x5, 0x38, 0x7, 0xff,
    0xd, 0x54, 0x1, 0xa3, 0x7f, 0xea, 0x0, 0xf7,
    0x0, 0x6a, 0x72, 0x0, 0xff, 0x28, 0x6, 0x50,
    0xf, 0xfe, 0x0, 0x80, 0x7f, 0xb0, 0x3, 0xc4,
    0x1, 0xa8, 0x40, 0x7, 0x4c, 0x1, 0xe5, 0x0,
    0xcb, 0xdc, 0xfc, 0x50, 0xf, 0xa4, 0x80, 0x38,
    0x40, 0x3f, 0x10, 0xf, 0x90, 0x7, 0xea, 0x0,
    0xca, 0x0, 0x2d, 0x94, 0x10, 0x1, 0xc7, 0x29,
    0x0, 0x42, 0x60,

    /* U+0062 "b" */
    0x6f, 0xfc, 0xe0, 0x1f, 0xff, 0xf0, 0xf, 0xff,
    0xd3, 0x67, 0xfb, 0xa8, 0xc0, 0x3f, 0xbf, 0x24,
    0xc0, 0x2, 0xb9, 0x0, 0x1f, 0x9c, 0xc0, 0x3e,
    0x78, 0x0, 0xff, 0xe2, 0xb9, 0x80, 0x7c, 0x55,
    0xba, 0x90, 0xe, 0x80, 0xf, 0x16, 0x29, 0x11,
    0xac, 0x3, 0x20, 0x80, 0x75, 0x8, 0x6, 0x43,
    0x0, 0xca, 0x1, 0xff, 0xc0, 0xb0, 0xc, 0x60,
    0x1f, 0xfc, 0x2, 0x0, 0xdc, 0x1, 0xff, 0xc0,
    0x10, 0xf, 0xfe, 0xb8, 0x80, 0x7f, 0xf1, 0x48,
    0x3, 0x70, 0x7, 0xff, 0x3, 0x0, 0x31, 0x80,
    0x75, 0x0, 0x71, 0xa0, 0x6, 0x50, 0xe, 0x2d,
    0x51, 0x26, 0xd0, 0xc, 0x82, 0x1, 0xe2, 0xae,
    0xd9, 0x10, 0xd, 0x0, 0x1f, 0xfc, 0x46, 0x30,
    0xf, 0x59, 0x0, 0x7c, 0xd2, 0x1, 0xf2, 0x6c,
    0x18, 0x0, 0x57, 0x24, 0x2,

    /* U+0063 "c" */
    0x0, 0xe6, 0xbe, 0xff, 0x6d, 0x28, 0x7, 0xe4,
    0xe9, 0x41, 0x0, 0x12, 0xd6, 0x98, 0x7, 0x2d,
    0x88, 0x7, 0xe2, 0xc3, 0x0, 0x8e, 0x80, 0x3f,
    0xf8, 0x1a, 0x1, 0x78, 0x6, 0x2a, 0xed, 0x80,
    0xc, 0x2e, 0x6, 0x60, 0x8, 0x71, 0x44, 0x9f,
    0x0, 0x35, 0x85, 0x80, 0x69, 0x10, 0xc, 0x68,
    0x1, 0x18, 0x18, 0x6, 0x50, 0xf, 0x7b, 0xbe,
    0x6, 0x0, 0xc4, 0x1, 0xe4, 0x88, 0xc0, 0x60,
    0x1f, 0xfe, 0x95, 0x0, 0xc4, 0x1, 0xff, 0xc0,
    0x30, 0xc, 0x80, 0x1e, 0x9f, 0xfc, 0x16, 0x1,
    0xa0, 0x40, 0x30, 0xb8, 0x4, 0x40, 0x66, 0x0,
    0x87, 0x10, 0x44, 0xb8, 0x20, 0x12, 0x80, 0x3c,
    0x3, 0x15, 0xf7, 0x28, 0x80, 0x21, 0x90, 0x1,
    0xd0, 0x7, 0xff, 0x3, 0x44, 0x2, 0x5b, 0x10,
    0xf, 0xc5, 0xa6, 0x1, 0xc9, 0xd2, 0x82, 0x0,
    0x25, 0xad, 0x20, 0x8,

    /* U+0064 "d" */
    0x0, 0xff, 0xe0, 0xf7, 0xfe, 0x0, 0xff, 0xff,
    0x80, 0x7f, 0xfb, 0x1a, 0xfb, 0xfa, 0x8c, 0x3,
    0xf8, 0x72, 0x50, 0x40, 0x57, 0x1c, 0x3, 0xf6,
    0x18, 0x7, 0xd0, 0x20, 0x1e, 0x82, 0x0, 0xff,
    0xe1, 0x8b, 0x80, 0x62, 0xad, 0xc7, 0x0, 0xf9,
    0xc0, 0x30, 0xe2, 0x91, 0xc5, 0x0, 0x7b, 0x0,
    0x34, 0x8, 0x6, 0x51, 0x0, 0xe7, 0x0, 0xce,
    0x1, 0xff, 0xc0, 0x20, 0xc, 0x20, 0x1f, 0xfc,
    0x41, 0x0, 0xff, 0xe2, 0x98, 0x7, 0xff, 0x14,
    0xc0, 0x3f, 0xf8, 0x24, 0x1, 0x8, 0x80, 0x3f,
    0xf8, 0xe, 0x1, 0x90, 0x3, 0xff, 0x81, 0x80,
    0x1a, 0x0, 0x39, 0x44, 0x3, 0x9c, 0x3, 0x16,
    0x20, 0x94, 0x50, 0x7, 0x85, 0xc0, 0x31, 0xdf,
    0x6b, 0x80, 0x7e, 0x83, 0x0, 0xff, 0xe2, 0xea,
    0x0, 0x7c, 0xec, 0x1, 0xf0, 0xdd, 0x20, 0x80,
    0xae, 0x47, 0x0, 0x60,

    /* U+0065 "e" */
    0x0, 0xf2, 0x4e, 0xff, 0xba, 0xd8, 0x3, 0xf8,
    0xb2, 0xd8, 0x80, 0x2, 0x93, 0xca, 0x1, 0xe3,
    0xc3, 0x0, 0xfc, 0x34, 0xe0, 0x18, 0x74, 0x40,
    0x3f, 0xe8, 0x30, 0xa, 0xc4, 0x3, 0x46, 0xf5,
    0x98, 0x6, 0xf0, 0x1, 0x28, 0x6, 0xd7, 0x21,
    0x4c, 0x40, 0x8, 0xcc, 0x14, 0x1, 0x9c, 0x80,
    0x3a, 0x40, 0x32, 0x2, 0x0, 0x6a, 0x0, 0xf1,
    0x0, 0x6d, 0x3, 0x0, 0xdb, 0xff, 0xf0, 0x6,
    0x60, 0xf, 0xfe, 0x30, 0x80, 0x7f, 0xf3, 0x5d,
    0xff, 0xf8, 0x14, 0x4, 0x1, 0xaa, 0x23, 0xfe,
    0x70, 0x40, 0xd, 0x0, 0x1f, 0xfc, 0x1a, 0x0,
    0xca, 0xc0, 0x1e, 0x1b, 0xb0, 0x4, 0x68, 0x1,
    0xa6, 0x90, 0x44, 0x71, 0xe8, 0x89, 0x0, 0xa4,
    0x40, 0x32, 0xdf, 0x73, 0x1c, 0x40, 0xc, 0x60,
    0x2, 0xd1, 0x0, 0xff, 0xe0, 0x41, 0x80, 0x47,
    0xea, 0x1, 0xfc, 0x56, 0xe0, 0x1c, 0x35, 0xae,
    0x62, 0x0, 0x25, 0xad, 0x40, 0x0,

    /* U+0066 "f" */
    0x0, 0xfe, 0x39, 0xce, 0xff, 0x76, 0x49, 0x0,
    0x7c, 0x35, 0x8c, 0x62, 0x0, 0x13, 0x61, 0x0,
    0xf0, 0xe2, 0x80, 0x7f, 0x8, 0x7, 0xac, 0x80,
    0x3f, 0xc4, 0x1, 0xc4, 0xa0, 0x18, 0xa7, 0x76,
    0xc9, 0x0, 0xf5, 0x0, 0x63, 0xd6, 0x22, 0x8d,
    0x80, 0x3c, 0x60, 0x1a, 0x40, 0x3f, 0xf8, 0x2e,
    0x1, 0x9c, 0x3, 0xff, 0x8c, 0x60, 0x1f, 0xb3,
    0xff, 0x18, 0x6, 0xef, 0xff, 0x0, 0x7f, 0xf7,
    0x15, 0x13, 0x0, 0x71, 0xa2, 0x78, 0x1, 0x37,
    0x78, 0xc0, 0x36, 0xdd, 0xf8, 0x3, 0xff, 0xfe,
    0x1, 0xff, 0xff, 0x0, 0xff, 0xff, 0x80, 0x7f,
    0xfc, 0x80,

    /* U+0067 "g" */
    0x0, 0xe4, 0xae, 0xff, 0x63, 0x82, 0x7f, 0xe4,
    0x0, 0xd5, 0x6a, 0x20, 0x3, 0x8e, 0xc0, 0xf,
    0xd6, 0xa0, 0x1f, 0xb, 0x80, 0x7c, 0xe8, 0x1,
    0xff, 0xc5, 0x90, 0xc, 0x33, 0xba, 0x92, 0x0,
    0xf9, 0x44, 0x3, 0x63, 0x11, 0x1b, 0x4, 0x3,
    0xde, 0x1, 0x9c, 0x80, 0x30, 0xa0, 0x7, 0x9c,
    0x3, 0x50, 0x7, 0xff, 0x4, 0x80, 0x31, 0x0,
    0x7f, 0xf1, 0x44, 0x3, 0xff, 0xb2, 0x20, 0x1f,
    0xfc, 0x22, 0x0, 0xc4, 0x1, 0xff, 0xc1, 0x70,
    0xc, 0xa0, 0x1f, 0xfc, 0x1f, 0x0, 0xd2, 0x20,
    0x18, 0x50, 0x3, 0xca, 0x20, 0x10, 0xfa, 0x91,
    0x17, 0x4, 0x3, 0xe8, 0x0, 0xc3, 0x5b, 0xaa,
    0x20, 0xf, 0xcc, 0x80, 0x1f, 0xfc, 0x6b, 0x50,
    0xf, 0x91, 0x0, 0x1f, 0xd5, 0x6a, 0x20, 0x3,
    0xab, 0x10, 0xc, 0xe0, 0x1c, 0x95, 0xdf, 0xec,
    0x50, 0x60, 0xf, 0xe4, 0x0, 0xf8, 0x4c, 0x3,
    0x18, 0x4, 0xb6, 0xa0, 0x1e, 0x80, 0xc, 0x60,
    0x10, 0xd8, 0x54, 0x90, 0x0, 0xa9, 0x80, 0x35,
    0x0, 0x56, 0x20, 0x6, 0xdf, 0xf6, 0xa8, 0x6,
    0x36, 0x0, 0xbc, 0x3, 0xff, 0x80, 0x3a, 0x1,
    0x97, 0xc, 0x3, 0xf9, 0x7c, 0x40, 0x38, 0xf2,
    0xd8, 0x80, 0x2, 0x6f, 0x94, 0x20, 0x10,

    /* U+0068 "h" */
    0x8f, 0xfc, 0xa0, 0x1f, 0xff, 0xf0, 0xf, 0xff,
    0xd0, 0xc6, 0xff, 0xb2, 0x4, 0x3, 0xf9, 0x39,
    0xc8, 0x0, 0x6f, 0xe6, 0x1, 0xf6, 0x58, 0x7,
    0xc3, 0x82, 0x1, 0xe6, 0x0, 0xff, 0x58, 0x7,
    0xc7, 0x5b, 0xaa, 0x20, 0xc, 0xa0, 0x1e, 0x5c,
    0x52, 0x22, 0xe0, 0x80, 0x64, 0x0, 0xef, 0x0,
    0xe1, 0x70, 0xc, 0x40, 0x1f, 0xfc, 0xf, 0x0,
    0xc2, 0x1, 0xff, 0xc5, 0xf0, 0xf, 0xff, 0xf8,
    0x7, 0xff, 0xfc, 0x3, 0xff, 0xc8,

    /* U+0069 "i" */
    0x0, 0xf1, 0x67, 0xf3, 0x0, 0x7f, 0xf0, 0x3c,
    0xc0, 0x64, 0xc0, 0x3f, 0xc4, 0x40, 0xc, 0x80,
    0x1f, 0xe2, 0x0, 0xe2, 0x0, 0xff, 0xa0, 0x2,
    0x35, 0x0, 0xff, 0x9f, 0x6a, 0xf0, 0x3, 0xff,
    0x82, 0x4a, 0x80, 0x1f, 0xfc, 0xc3, 0xff, 0xff,
    0x10, 0x7, 0xff, 0xb0, 0xf7, 0x78, 0x80, 0x3f,
    0xe2, 0x2e, 0x0, 0xff, 0xff, 0x80, 0x7f, 0xff,
    0xc0, 0x3f, 0xf8, 0x62, 0x3c, 0x1, 0xc2, 0x3c,
    0x7, 0xdd, 0xc4, 0x1, 0xb3, 0xbb, 0x20, 0x7,
    0xff, 0x9c,

    /* U+006A "j" */
    0x0, 0xf8, 0xb3, 0xf9, 0x80, 0x3f, 0x79, 0x80,
    0xc9, 0x80, 0x78, 0x48, 0x3, 0x20, 0x7, 0x84,
    0x3, 0x88, 0x3, 0xe9, 0x0, 0x8d, 0x40, 0x3e,
    0x6d, 0xab, 0xc0, 0xf, 0xe2, 0x54, 0x0, 0xff,
    0xe2, 0xcf, 0xff, 0xf1, 0x0, 0x7f, 0xf7, 0x63,
    0x77, 0x10, 0x7, 0xc2, 0x45, 0x84, 0x3, 0xff,
    0xfe, 0x1, 0xff, 0xff, 0x0, 0xff, 0xf6, 0x90,
    0x6, 0x30, 0xf, 0x20, 0x80, 0x61, 0x3, 0x22,
    0x1b, 0xd8, 0x6, 0x40, 0x6, 0xed, 0x90, 0x1,
    0xde, 0x0, 0x10, 0xf, 0xca, 0x80, 0x1f, 0xe6,
    0xa0, 0x8, 0x80, 0x21, 0x37, 0xd9, 0x0, 0x80,

    /* U+006B "k" */
    0x7f, 0xfc, 0xc0, 0x1f, 0xff, 0xf0, 0xf, 0xff,
    0xf8, 0x7, 0xff, 0xd, 0x3f, 0xfa, 0x40, 0x3f,
    0xf8, 0x7, 0x60, 0x19, 0x24, 0x3, 0xfe, 0x1d,
    0x0, 0xc5, 0x60, 0x1f, 0xfc, 0xc, 0x10, 0x8,
    0x70, 0x3, 0xff, 0x81, 0x64, 0x1, 0xb4, 0x40,
    0x3f, 0xe9, 0x40, 0xd, 0x66, 0x1, 0xff, 0x3b,
    0x0, 0x69, 0x40, 0xf, 0xfb, 0x60, 0x3, 0x33,
    0x0, 0x3f, 0xf8, 0x8, 0x1, 0xd0, 0x1, 0xff,
    0xc7, 0xb0, 0xf, 0xfe, 0x3a, 0xa8, 0x3, 0xff,
    0x8f, 0x42, 0x1, 0xff, 0xc0, 0x3e, 0x20, 0xd,
    0xa0, 0x1f, 0xf1, 0xe8, 0xf0, 0x6, 0x37, 0x0,
    0xff, 0x50, 0x81, 0xb0, 0x6, 0x83, 0x0, 0xff,
    0xe0, 0xc8, 0x80, 0x6e, 0x0, 0xff, 0xe1, 0x50,
    0x6, 0x29, 0x0, 0xff, 0xe0, 0xa3, 0x0, 0x66,
    0x40, 0xf, 0xfe, 0xc, 0x8, 0x6, 0xa1, 0x0,
    0xff, 0xe0, 0xd, 0x0, 0x61, 0xb0,

    /* U+006C "l" */
    0x8f, 0xff, 0xf1, 0x0, 0x7f, 0xfb, 0x27, 0x77,
    0x88, 0x3, 0xfc, 0x24, 0x5c, 0x1, 0xff, 0xff,
    0x0, 0xff, 0xff, 0x80, 0x7f, 0xff, 0xc0, 0x3f,
    0xff, 0xe0, 0x23, 0xc0, 0x1c, 0x23, 0xc1, 0x1d,
    0xdc, 0x40, 0x1b, 0x3b, 0xb4, 0x80, 0x7f, 0xf9,
    0xc0,

    /* U+006D "m" */
    0xbf, 0xfa, 0x2, 0x3b, 0xf9, 0xc1, 0x33, 0xfd,
    0x64, 0x1, 0xe1, 0xb7, 0x10, 0x18, 0x9b, 0x30,
    0x2, 0x60, 0x80, 0x73, 0x20, 0x7, 0x30, 0x7,
    0xc, 0x80, 0x7c, 0x40, 0x1e, 0x20, 0xc, 0xa0,
    0x1e, 0xed, 0x50, 0xd, 0xda, 0xc0, 0x11, 0x0,
    0x71, 0x88, 0x68, 0x4, 0x22, 0xc, 0x0, 0xc2,
    0x1, 0xff, 0xff, 0x0, 0xff, 0xff, 0x80, 0x7f,
    0xff, 0xc0, 0x3f, 0xfd, 0x60,

    /* U+006E "n" */
    0x8f, 0xfc, 0x0, 0x29, 0xdf, 0xf6, 0xc9, 0x0,
    0x7e, 0x18, 0xd6, 0x20, 0x1, 0x36, 0xa8, 0x7,
    0xd4, 0xe0, 0x1f, 0xa8, 0x80, 0x3c, 0x80, 0x2,
    0x20, 0x7, 0xa0, 0x3, 0xe6, 0xed, 0xd7, 0xb0,
    0x6, 0x50, 0xf, 0x34, 0x88, 0x5, 0x24, 0x1,
    0x90, 0x3, 0xbc, 0x3, 0xca, 0x1, 0x88, 0x3,
    0xff, 0x81, 0xc0, 0x18, 0x40, 0x3f, 0xff, 0xe0,
    0x1f, 0xff, 0xf0, 0xf, 0xff, 0xb0,

    /* U+006F "o" */
    0x0, 0xe1, 0x7b, 0xef, 0xf6, 0xd2, 0x0, 0x7f,
    0x37, 0x42, 0x8, 0x0, 0x96, 0xf0, 0x80, 0x3d,
    0x12, 0x1, 0xfc, 0x78, 0x40, 0x19, 0x5c, 0x3,
    0xfe, 0x1f, 0x0, 0xd6, 0x1, 0x8a, 0xfb, 0x60,
    0x3, 0x14, 0x0, 0x18, 0x40, 0x22, 0xd4, 0x12,
    0x7b, 0x0, 0xce, 0x0, 0xa0, 0xd, 0x20, 0x1c,
    0x88, 0x0, 0xca, 0x6, 0x1, 0x90, 0x3, 0xda,
    0x1, 0xb4, 0x40, 0x31, 0x80, 0x7c, 0xa0, 0x18,
    0xcc, 0x1, 0x9c, 0x3, 0xe1, 0x0, 0xce, 0x1,
    0xff, 0xc7, 0x30, 0xc, 0xe0, 0x1f, 0x8, 0x6,
    0x71, 0x0, 0xc6, 0x1, 0xf2, 0x80, 0x63, 0x3,
    0x0, 0xc8, 0x1, 0xed, 0x0, 0xda, 0x16, 0x1,
    0xa0, 0x3, 0x91, 0x0, 0x19, 0x41, 0x84, 0x2,
    0x3c, 0x41, 0x13, 0xd8, 0x6, 0x70, 0x0, 0xd8,
    0x6, 0x3b, 0xee, 0x40, 0x6, 0x19, 0x0, 0x95,
    0xc0, 0x3f, 0xf8, 0x1a, 0x20, 0x1a, 0x24, 0x3,
    0xf8, 0xf4, 0xc0, 0x3c, 0xdd, 0x8, 0x20, 0x2,
    0x5b, 0xc2, 0x0, 0x80,

    /* U+0070 "p" */
    0x7f, 0xfc, 0x22, 0x8d, 0xff, 0x74, 0x90, 0x7,
    0xf3, 0xfb, 0x90, 0x0, 0x5b, 0x5c, 0x3, 0xf4,
    0x88, 0x7, 0xd0, 0xe0, 0x1f, 0xfc, 0x58, 0x20,
    0xf, 0x8e, 0xf7, 0x4e, 0x1, 0xd0, 0x1, 0xe3,
    0xc4, 0x22, 0x44, 0x80, 0x65, 0x0, 0xf5, 0x80,
    0x73, 0x10, 0x6, 0x30, 0xf, 0xfe, 0x2, 0x0,
    0x65, 0x0, 0xff, 0xe0, 0x78, 0x6, 0xe0, 0xf,
    0xfe, 0x1, 0x80, 0x7f, 0xf5, 0xcc, 0x3, 0xff,
    0x8b, 0xe0, 0x1b, 0x80, 0x3f, 0xf8, 0x8, 0x1,
    0x94, 0x3, 0xac, 0x3, 0x98, 0x80, 0x21, 0x30,
    0xe, 0x3b, 0x31, 0x13, 0xc8, 0x6, 0x70, 0xf,
    0x93, 0x3b, 0x90, 0x1, 0xd6, 0x1, 0xff, 0xc4,
    0x92, 0x0, 0xf3, 0x90, 0x7, 0xd0, 0xc0, 0x1f,
    0x7e, 0xc1, 0x80, 0x9, 0xb5, 0xc0, 0x3f, 0xcf,
    0x9f, 0xed, 0x92, 0x0, 0xff, 0xff, 0x80, 0x7f,
    0xfa, 0xc0,

    /* U+0071 "q" */
    0x0, 0xe6, 0xbe, 0xfe, 0xb4, 0x5, 0xff, 0xc0,
    0x10, 0xe4, 0xa0, 0x80, 0xa5, 0xd6, 0x80, 0x7d,
    0x86, 0x1, 0xf2, 0xb8, 0x7, 0xa0, 0x80, 0x3f,
    0xf8, 0x62, 0xe0, 0x18, 0xab, 0xb6, 0x0, 0x3e,
    0x70, 0xc, 0x38, 0xa2, 0x4f, 0x80, 0x1e, 0xc0,
    0xd, 0x2, 0x1, 0x8c, 0x40, 0x39, 0xc0, 0x33,
    0x80, 0x7f, 0xf0, 0x8, 0x3, 0x8, 0x7, 0xff,
    0x10, 0x40, 0x3f, 0xfa, 0xe2, 0x1, 0xff, 0xc1,
    0x20, 0xc, 0x20, 0x1f, 0xfc, 0x7, 0x0, 0xce,
    0x1, 0xff, 0xc0, 0xc0, 0xd, 0x60, 0x1c, 0x62,
    0x1, 0xce, 0x1, 0x8b, 0x10, 0x44, 0xda, 0x1,
    0xe1, 0x70, 0xc, 0x77, 0xdc, 0x91, 0x0, 0xfa,
    0xc, 0x3, 0xff, 0x8b, 0xa6, 0x1, 0xf3, 0x88,
    0x7, 0xc3, 0x94, 0x82, 0x2, 0xb7, 0x0, 0x1f,
    0xe5, 0xbe, 0xfe, 0xa4, 0x0, 0xff, 0xff, 0x80,
    0x7f, 0xfb, 0x40,

    /* U+0072 "r" */
    0xff, 0xd4, 0x0, 0x17, 0xcf, 0xfd, 0x20, 0x18,
    0x41, 0x7e, 0xc, 0x3, 0x8, 0x6, 0x75, 0xa1,
    0x0, 0xf7, 0x0, 0x62, 0xa0, 0xf, 0xc4, 0x1,
    0x84, 0x3, 0xf9, 0x40, 0x3e, 0x7c, 0xee, 0xb2,
    0x44, 0x3, 0x87, 0x60, 0xc4, 0x63, 0x60, 0xf,
    0x51, 0x0, 0x7f, 0xf0, 0x50, 0x3, 0xff, 0xfe,
    0x1, 0xff, 0xff, 0x0, 0xff, 0xe6, 0x0,

    /* U+0073 "s" */
    0x0, 0xc5, 0x19, 0xdf, 0xee, 0xc8, 0x20, 0xf,
    0xa7, 0x5c, 0xc4, 0x0, 0x26, 0xfb, 0x42, 0x1,
    0xb1, 0x80, 0x3f, 0xcb, 0x82, 0x0, 0x83, 0x0,
    0xc4, 0xaa, 0x20, 0xc, 0x56, 0x0, 0x70, 0x8,
    0x73, 0x6a, 0x9b, 0x40, 0x19, 0x48, 0xc0, 0x33,
    0x18, 0x6, 0x56, 0x0, 0xce, 0x1, 0xc4, 0x1,
    0xeb, 0xbe, 0x43, 0x10, 0x9, 0x68, 0xc0, 0x31,
    0x22, 0x61, 0x8, 0x0, 0xcb, 0x9f, 0x92, 0xc2,
    0x1, 0xe6, 0x80, 0xf, 0x1b, 0x4f, 0x62, 0x80,
    0x73, 0xe2, 0x0, 0x7e, 0x3a, 0xb0, 0xe, 0x3b,
    0xe9, 0x51, 0x0, 0xf2, 0x58, 0x7, 0x85, 0xab,
    0xb9, 0x48, 0x1, 0x90, 0xda, 0x22, 0x60, 0xc,
    0x2b, 0x6e, 0x1, 0x93, 0x5d, 0xe9, 0x10, 0xf,
    0x60, 0x7, 0x68, 0x6, 0xd2, 0x0, 0xc3, 0x0,
    0x18, 0xd8, 0x80, 0x23, 0xdc, 0xaa, 0x67, 0x18,
    0x4, 0x48, 0x1e, 0x20, 0x18, 0xd5, 0x46, 0x1,
    0xdc, 0x0, 0x2f, 0x50, 0xf, 0xf2, 0x69, 0x80,
    0x43, 0x5a, 0xe6, 0x20, 0x1, 0x37, 0xcb, 0x20,
    0x0,

    /* U+0074 "t" */
    0x0, 0xcf, 0xff, 0x9c, 0x3, 0xff, 0xfe, 0x1,
    0xd9, 0xff, 0x40, 0x6, 0x8f, 0xff, 0x40, 0x7,
    0xff, 0x65, 0x51, 0x22, 0x0, 0xc4, 0x89, 0xee,
    0x9, 0xbb, 0xa8, 0x3, 0x55, 0xdf, 0x98, 0x3,
    0xff, 0xfe, 0x1, 0xff, 0xfe, 0x10, 0xd, 0xc0,
    0x1f, 0xfc, 0x2, 0x0, 0xce, 0x1, 0xff, 0xc0,
    0x50, 0xc, 0x38, 0xa4, 0x44, 0x68, 0x0, 0xe1,
    0x40, 0xc, 0x75, 0xba, 0xb9, 0x70, 0xf, 0x48,
    0x7, 0xfc, 0x60, 0x1c, 0x56, 0x1, 0xfe, 0x70,
    0xf, 0x27, 0x39, 0x80, 0x44, 0x8f, 0xa8,

    /* U+0075 "u" */
    0x5f, 0xfd, 0x0, 0x1e, 0x9f, 0xfc, 0xa0, 0x1f,
    0xff, 0xf0, 0xf, 0xff, 0xf8, 0x7, 0xff, 0xd8,
    0x40, 0x31, 0x0, 0x7f, 0xf0, 0x14, 0x3, 0x20,
    0x7, 0x13, 0x0, 0x70, 0x90, 0x4, 0x36, 0x62,
    0x4d, 0x80, 0x1f, 0x50, 0x6, 0x4c, 0xed, 0x91,
    0x0, 0xf9, 0xc8, 0x3, 0xf9, 0x80, 0x3e, 0xf1,
    0x0, 0xfa, 0xf4, 0x3, 0xe2, 0xe8, 0x30, 0x1,
    0x37, 0x23, 0x0, 0x70,

    /* U+0076 "v" */
    0x8f, 0xfd, 0x0, 0x1f, 0xbb, 0xff, 0x15, 0x80,
    0x64, 0x0, 0xf8, 0xc4, 0x2, 0x32, 0x32, 0x0,
    0x8c, 0x40, 0x3d, 0x60, 0x1a, 0xc0, 0x14, 0x1,
    0x9c, 0x3, 0xc8, 0x1, 0x98, 0x0, 0xc0, 0x1b,
    0x40, 0x38, 0x4c, 0x2, 0x41, 0x0, 0xa, 0x0,
    0x48, 0x1, 0xce, 0x1, 0xb8, 0x3, 0x68, 0x6,
    0x40, 0xd, 0x80, 0x19, 0x40, 0x33, 0x0, 0x6d,
    0x0, 0xca, 0x1, 0x28, 0x7, 0x94, 0x2, 0x70,
    0x9, 0x0, 0x37, 0x0, 0x7b, 0x80, 0x21, 0x20,
    0x6, 0x80, 0x42, 0x80, 0x1e, 0x41, 0x0, 0x94,
    0x0, 0x80, 0x13, 0x0, 0x7e, 0x60, 0xa, 0xc0,
    0x88, 0x1, 0x50, 0x7, 0xeb, 0x0, 0x8c, 0x54,
    0x2, 0x22, 0x0, 0x7e, 0x32, 0x0, 0x93, 0x0,
    0x2a, 0x0, 0xff, 0x50, 0x5, 0xe8, 0x1, 0x30,
    0x7, 0xf9, 0x80, 0x25, 0x0, 0x90, 0x40, 0x3f,
    0xc2, 0x80, 0x1e, 0xd0, 0xf, 0xfe, 0x6, 0x80,
    0x79, 0x80, 0x3f, 0xf8, 0xc, 0x1, 0xca, 0x1,
    0xff, 0xc2, 0x50, 0xd, 0xc0, 0x1f, 0x0,

    /* U+0077 "w" */
    0x7f, 0xfc, 0x1, 0xf, 0xfc, 0xa0, 0x16, 0x7f,
    0xd6, 0x60, 0x18, 0x40, 0xa, 0x1, 0x68, 0x4,
    0x40, 0x11, 0xa8, 0x6, 0x20, 0x1, 0x80, 0x44,
    0x1, 0x8, 0x5, 0xa2, 0x20, 0x9, 0x80, 0x1c,
    0x1, 0x38, 0x0, 0x80, 0x33, 0x81, 0x0, 0x44,
    0x0, 0x50, 0x8, 0x80, 0x2, 0x1, 0x88, 0x14,
    0x2, 0xe0, 0x1, 0x80, 0x63, 0x6, 0x0, 0x88,
    0x1, 0xe0, 0x11, 0x1, 0x0, 0x72, 0x81, 0x0,
    0x4e, 0x0, 0x20, 0x9, 0x81, 0xc0, 0x2, 0x0,
    0xe0, 0xe0, 0x8, 0x80, 0xa, 0x1, 0x10, 0x10,
    0x1, 0x80, 0x6, 0x4, 0x1, 0x68, 0x0, 0x44,
    0x1, 0xe, 0x80, 0x28, 0x0, 0xa0, 0xc0, 0x13,
    0x80, 0x4a, 0x1, 0x13, 0x80, 0x8, 0xc0, 0x44,
    0x40, 0x11, 0x0, 0x44, 0x1, 0x31, 0x1, 0x82,
    0x80, 0x10, 0x2, 0x20, 0xd, 0xe0, 0x16, 0x0,
    0x14, 0x3c, 0x1, 0xe0, 0x13, 0x80, 0x65, 0x0,
    0x9c, 0x1, 0xe0, 0xa0, 0x4, 0x0, 0xb4, 0x3,
    0x18, 0x4, 0x20, 0x5, 0x3, 0x0, 0x8, 0x4,
    0x40, 0x1c, 0x20, 0x1c, 0x60, 0x3, 0x0, 0xe7,
    0x0, 0xe5, 0x0, 0xc4, 0x1, 0x28, 0x7, 0x10,
    0x7, 0x18, 0x6, 0x70, 0xb, 0xc0, 0x31, 0x80,
    0x7b, 0x40, 0x36, 0x80, 0x4a, 0x1, 0x98, 0x3,
    0xcc, 0x1, 0x8c, 0x2, 0x30, 0xd, 0xa0, 0x10,

    /* U+0078 "x" */
    0xd, 0xff, 0xcc, 0x1, 0xe1, 0xef, 0xfc, 0x81,
    0xc0, 0x1a, 0x48, 0x3, 0xac, 0x40, 0x25, 0x40,
    0x36, 0x0, 0xd2, 0x1, 0x95, 0x40, 0x10, 0xd8,
    0x5, 0x22, 0x1, 0x23, 0x0, 0x6, 0xc0, 0x35,
    0x88, 0x6, 0xa0, 0xd, 0x24, 0x14, 0x20, 0x12,
    0x28, 0x7, 0x23, 0x0, 0x6e, 0x64, 0x0, 0xd4,
    0x1, 0xf4, 0x8, 0x4, 0x72, 0x1, 0xa4, 0x40,
    0x3e, 0x1b, 0x0, 0xfc, 0x8c, 0x1, 0xfc, 0xaa,
    0x0, 0xfa, 0x40, 0x3f, 0xeb, 0x0, 0xf4, 0x10,
    0x7, 0xfc, 0xa0, 0x1e, 0xd0, 0xf, 0xfe, 0x5,
    0x0, 0x79, 0x54, 0x1, 0xfe, 0x91, 0x0, 0xfa,
    0xc4, 0x3, 0xf1, 0xb0, 0x6, 0x20, 0x8, 0x6c,
    0x3, 0xf7, 0x0, 0x67, 0xf0, 0xc, 0xa8, 0x1,
    0xe8, 0x20, 0x8, 0xa0, 0xa4, 0x3, 0x50, 0x7,
    0x13, 0x80, 0x6e, 0x0, 0x31, 0x80, 0x43, 0x20,
    0x1b, 0x80, 0x33, 0x98, 0x5, 0xc0, 0x19, 0x8c,
    0x0, 0xe6, 0x1, 0x14, 0x0, 0x62, 0x90, 0xd,
    0xc0, 0x50, 0x1, 0xb8, 0x3, 0xcc, 0x60, 0x11,
    0x40,

    /* U+0079 "y" */
    0xd, 0xff, 0xce, 0x1, 0xfd, 0xff, 0xcc, 0x14,
    0x1, 0xa8, 0x3, 0xf2, 0x80, 0x61, 0x60, 0x60,
    0xc, 0x46, 0x1, 0xf7, 0x0, 0x66, 0x0, 0xb,
    0x0, 0x6a, 0x0, 0xf0, 0xa0, 0x6, 0xa0, 0xa,
    0x80, 0x33, 0x80, 0x79, 0x80, 0x32, 0x10, 0x4,
    0x66, 0x0, 0x85, 0x40, 0x3a, 0x80, 0x37, 0x80,
    0x74, 0x80, 0x6f, 0x0, 0xc6, 0x40, 0x11, 0x20,
    0x7, 0x28, 0x80, 0x4a, 0x20, 0x15, 0x0, 0x6a,
    0x0, 0xf9, 0x80, 0x33, 0x80, 0x4e, 0x1, 0x98,
    0x3, 0xe9, 0x0, 0xd4, 0x0, 0x41, 0x0, 0x98,
    0x40, 0x3e, 0x15, 0x0, 0x8c, 0x83, 0x80, 0x35,
    0x0, 0x7f, 0x48, 0x6, 0xa1, 0x50, 0x8, 0xcc,
    0x1, 0xfc, 0x64, 0x1, 0x2b, 0x80, 0x69, 0x0,
    0xff, 0xac, 0x2, 0x2b, 0x0, 0x85, 0x40, 0x3f,
    0xe6, 0x0, 0xc4, 0x1, 0x30, 0x7, 0xff, 0x5,
    0x80, 0x3e, 0x90, 0xf, 0xfe, 0xd, 0x80, 0x79,
    0x44, 0x3, 0xff, 0x82, 0x48, 0x1, 0xd2, 0x1,
    0xff, 0xc3, 0xf0, 0xc, 0x46, 0x1, 0xff, 0xc3,
    0x70, 0xd, 0x60, 0x1f, 0xfc, 0x48, 0x0, 0xcc,
    0x1, 0xff, 0xc3, 0x44, 0x0, 0x4e, 0x1, 0xff,
    0xc4, 0x90, 0xd, 0x40, 0x1f, 0xfc, 0x12, 0x3c,
    0x20, 0x9, 0x8, 0x3, 0xff, 0x80, 0xdb, 0x86,
    0x1, 0xa4, 0x3, 0xff, 0x83, 0xc0, 0x1e, 0x72,
    0x0, 0xff, 0xe0, 0x98, 0x7, 0x3c, 0x0, 0x7f,
    0xf0, 0x84, 0x0, 0x2b, 0x90, 0x1, 0xff, 0xc0,

    /* U+007A "z" */
    0xaf, 0xff, 0xfe, 0x24, 0x0, 0x7f, 0xfa, 0x6a,
    0xfb, 0xbf, 0x94, 0x3, 0xac, 0x84, 0x7f, 0x9d,
    0x40, 0x34, 0x20, 0x7, 0xf2, 0x48, 0x6, 0x57,
    0x0, 0xfe, 0x2b, 0x0, 0xc7, 0x40, 0x1f, 0xc3,
    0xe0, 0x18, 0x74, 0x3, 0xfd, 0x44, 0x1, 0xb0,
    0x40, 0x3f, 0xa5, 0x0, 0x35, 0x90, 0x7, 0xf3,
    0x30, 0x3, 0x42, 0x0, 0x7f, 0x24, 0x80, 0x65,
    0x70, 0xf, 0xe2, 0xb0, 0xc, 0x74, 0x1, 0xfc,
    0x3e, 0x1, 0x87, 0x40, 0x3f, 0xda, 0x40, 0x1b,
    0x44, 0x3, 0xfa, 0x4c, 0x3, 0xb3, 0xff, 0xfc,
    0xe0, 0x1f, 0xfe, 0x90,

    /* U+007B "{" */
    0x0, 0xfc, 0x51, 0x90, 0x1, 0xf9, 0xb5, 0xcd,
    0x40, 0x3e, 0x49, 0x0, 0x88, 0x3, 0xea, 0x0,
    0x9f, 0x80, 0x3c, 0xc2, 0x0, 0x38, 0x10, 0xf,
    0x68, 0x5, 0x60, 0x1f, 0x90, 0x2, 0x20, 0xf,
    0x84, 0x3, 0x8, 0x7, 0xc6, 0x1, 0xff, 0xe7,
    0x10, 0xc, 0xe0, 0x1f, 0x30, 0x6, 0x20, 0xf,
    0xb8, 0x2, 0x31, 0x0, 0xf4, 0x20, 0x5, 0x0,
    0x19, 0x6f, 0x9c, 0x2, 0x64, 0x0, 0xd8, 0x82,
    0x0, 0x19, 0x90, 0x7, 0xf9, 0x1c, 0x3, 0xfe,
    0x5e, 0x40, 0xe, 0x9e, 0xa2, 0x0, 0xac, 0x80,
    0x38, 0x57, 0x48, 0x2, 0x80, 0xf, 0xd6, 0x1,
    0x28, 0x7, 0xe5, 0x0, 0xc6, 0x1, 0xf0, 0x80,
    0x67, 0x0, 0xff, 0xf1, 0x18, 0x6, 0x10, 0xf,
    0x84, 0x3, 0x18, 0x7, 0xe3, 0x0, 0xbc, 0x3,
    0xf5, 0x80, 0x4e, 0x1, 0xf9, 0xc4, 0x0, 0x32,
    0x1, 0xfa, 0xc0, 0x26, 0xe0, 0xf, 0x96, 0x40,
    0x23, 0x0, 0xfc, 0xd8, 0xa2, 0xe0,

    /* U+007C "|" */
    0xaf, 0xf3, 0x0, 0x7f, 0xff, 0xc0, 0x3f, 0xfd,
    0xa0,

    /* U+007D "}" */
    0x8, 0xc8, 0x10, 0xf, 0xe5, 0x37, 0xe5, 0x0,
    0xfc, 0x40, 0x15, 0x20, 0x7, 0xdc, 0xc0, 0x15,
    0x0, 0x7c, 0x32, 0x40, 0x1, 0x60, 0xf, 0xca,
    0x1, 0x68, 0x7, 0xee, 0x0, 0x94, 0x3, 0xf1,
    0x80, 0x42, 0x1, 0xff, 0xc1, 0x10, 0xf, 0xff,
    0x10, 0x80, 0x63, 0x0, 0xf9, 0x80, 0x33, 0x0,
    0x7c, 0x44, 0x0, 0xb8, 0x3, 0xf5, 0x80, 0x4a,
    0xe0, 0x1f, 0x32, 0x80, 0x51, 0xd6, 0xa0, 0x1d,
    0x4e, 0x1, 0xa, 0x68, 0x7, 0xa8, 0xc0, 0x3f,
    0xcb, 0xa6, 0x1, 0xfc, 0x54, 0x1, 0x1d, 0xf4,
    0x0, 0x69, 0x0, 0x8b, 0x10, 0x40, 0x30, 0xa0,
    0x5, 0x60, 0x1f, 0x10, 0x6, 0x40, 0xf, 0x9c,
    0x3, 0x18, 0x7, 0xc2, 0x1, 0xff, 0xdf, 0x10,
    0xf, 0x88, 0x2, 0x10, 0xf, 0xda, 0x1, 0x28,
    0x7, 0xe4, 0x0, 0xb8, 0x3, 0xe9, 0x10, 0x0,
    0xa8, 0x7, 0xf, 0x30, 0x5, 0x40, 0x1e, 0x10,
    0xd, 0x28, 0x1, 0xf2, 0xa, 0xe3, 0x0, 0x7c,

    /* U+007E "~" */
    0x0, 0xe1, 0x10, 0x7, 0xff, 0x16, 0x3f, 0xba,
    0x81, 0x0, 0xf8, 0x40, 0x3b, 0x1c, 0x2, 0x17,
    0xe5, 0x0, 0xe4, 0xef, 0xe1, 0x9, 0x30, 0xf,
    0xa9, 0xc0, 0x37, 0x0, 0x4, 0x40, 0xc0, 0x1f,
    0xd1, 0x8a, 0x50, 0xa0, 0x2, 0x5, 0x0, 0x93,
    0x7e, 0x88, 0x2, 0x3a, 0xd7, 0x0, 0xa8, 0x8,
    0x2, 0xa2, 0x5, 0xd5, 0x0, 0xfc, 0x2c, 0x4,
    0x84, 0xa2, 0x1, 0xa9, 0xc0, 0x3e, 0xa1, 0x5,
    0xbd, 0xa0, 0xf, 0x46, 0xa8, 0x80, 0xae, 0xa0,
    0x0,

    /* U+00A0 " " */

    /* U+00A1 "¡" */
    0x6, 0xef, 0xc2, 0x3, 0x91, 0x3, 0xf0, 0xb0,
    0xc, 0x44, 0xf0, 0xe, 0x36, 0x10, 0x9, 0x84,
    0x5f, 0xf, 0x52, 0x0, 0x17, 0x85, 0x0, 0xff,
    0xe2, 0x91, 0x61, 0x0, 0x6e, 0xe6, 0x0, 0xf7,
    0x80, 0x7f, 0xf2, 0x84, 0x3, 0x8, 0x7, 0xff,
    0x20, 0xc0, 0xc0, 0x3f, 0xf9, 0x2, 0x1, 0x84,
    0x3, 0xff, 0x94, 0xe0, 0x19, 0xc0,

    /* U+00A2 "¢" */
    0x0, 0xff, 0xe6, 0xbf, 0xfc, 0x1, 0xff, 0xf6,
    0x4a, 0x90, 0xb, 0xa4, 0xc0, 0x3e, 0x1b, 0xb2,
    0x88, 0x4, 0x2d, 0x92, 0x1, 0xc3, 0xe8, 0x1,
    0xfc, 0xd6, 0x1, 0xb4, 0x40, 0x3f, 0xe4, 0x70,
    0x3, 0x18, 0x6, 0x8e, 0xfc, 0x40, 0xd, 0x20,
    0xa, 0x0, 0xd2, 0xe2, 0x7, 0x68, 0x1, 0xa,
    0x9, 0x80, 0x44, 0xc0, 0x1d, 0x0, 0x18, 0x90,
    0x3, 0x20, 0x7, 0x8e, 0x67, 0x29, 0x0, 0x6e,
    0x0, 0xf9, 0x9b, 0x18, 0x7, 0x8, 0x7, 0xff,
    0x48, 0x40, 0x30, 0x80, 0x7f, 0xf0, 0x8, 0x3,
    0x70, 0x7, 0xc2, 0x38, 0x14, 0x3, 0x38, 0x7,
    0x8f, 0xbb, 0x30, 0x98, 0x4, 0x2e, 0x1, 0xd2,
    0x1, 0x88, 0x20, 0x3, 0x44, 0xc, 0x92, 0xd4,
    0x2, 0x14, 0x4, 0x40, 0x6, 0x7c, 0xdb, 0x40,
    0xd, 0x0, 0x15, 0x98, 0x7, 0xfc, 0xcc, 0x0,
    0xd8, 0xc0, 0x1f, 0x86, 0x64, 0x1, 0xe9, 0xd7,
    0x20, 0x9, 0x27, 0x98, 0x3, 0xf1, 0x45, 0x0,
    0x56, 0xc0, 0x1f, 0xfe, 0xf0,

    /* U+00A3 "£" */
    0x0, 0xf1, 0x46, 0x7f, 0xdb, 0x48, 0x1, 0xfd,
    0x3a, 0xe6, 0x1, 0x12, 0xdd, 0x84, 0x3, 0xd6,
    0xc0, 0x1f, 0xc9, 0x82, 0x1, 0x9d, 0x0, 0x3f,
    0xe2, 0x80, 0xd, 0x20, 0x18, 0xaf, 0x71, 0x40,
    0x33, 0x0, 0x46, 0x20, 0x1b, 0x10, 0x8e, 0x94,
    0x3, 0x20, 0x1, 0x80, 0x32, 0x88, 0x6, 0xf0,
    0xc, 0x40, 0x1f, 0x10, 0x7, 0x2f, 0xfe, 0x60,
    0xf, 0x84, 0x3, 0xff, 0x82, 0x20, 0x18, 0xc0,
    0x3f, 0xfa, 0x5f, 0xeb, 0x0, 0xcb, 0xff, 0xc4,
    0x1, 0xff, 0xf2, 0xff, 0x68, 0x6, 0x2f, 0xfe,
    0x20, 0xf, 0x8c, 0x3, 0x18, 0x7, 0xff, 0x18,
    0x40, 0x3f, 0xf8, 0x22, 0x1, 0x84, 0x3, 0xff,
    0x82, 0x20, 0x18, 0xc0, 0x3f, 0xf8, 0x2a, 0x1,
    0x90, 0x3, 0xfe, 0x11, 0x40, 0x6, 0xa1, 0x1f,
    0xf0, 0x7f, 0x18, 0x6, 0xce, 0xef, 0xf5, 0x0,
    0x7f, 0xfb, 0x40,

    /* U+00A4 "¤" */
    0x0, 0x10, 0x80, 0x7f, 0xf0, 0x10, 0x3, 0x16,
    0x60, 0x41, 0x2b, 0xbf, 0xd9, 0x2, 0xb, 0x76,
    0x0, 0xe, 0x9, 0x6e, 0x5a, 0x88, 0x0, 0xdf,
    0xa6, 0x81, 0x28, 0x8, 0x40, 0x6, 0x60, 0xf,
    0xcc, 0x1, 0x30, 0x1e, 0x0, 0x70, 0xb4, 0x41,
    0x0, 0x38, 0xf0, 0x0, 0x68, 0x1, 0x2f, 0x4b,
    0xba, 0xf0, 0x40, 0x28, 0x0, 0x89, 0x0, 0xb,
    0x40, 0x1c, 0x78, 0x1, 0x78, 0x4, 0xa0, 0x15,
    0x80, 0x7c, 0x50, 0x0, 0x41, 0x0, 0x60, 0x1,
    0x44, 0x3, 0xf3, 0x0, 0x4a, 0x0, 0x50, 0x6,
    0x0, 0x7f, 0x9, 0x0, 0x8, 0x3, 0x8c, 0x3,
    0xfc, 0x20, 0x1, 0x0, 0x18, 0x0, 0xc0, 0x3f,
    0xc2, 0x0, 0x10, 0x3, 0x0, 0x30, 0x3, 0xf8,
    0x48, 0x0, 0x40, 0xc, 0x0, 0x28, 0x80, 0x7e,
    0x60, 0x9, 0x40, 0xa, 0x1, 0x58, 0x7, 0xc5,
    0x0, 0x4, 0x10, 0x1, 0x10, 0x0, 0xb4, 0x1,
    0xc7, 0x80, 0x16, 0x80, 0x52, 0x40, 0x12, 0xf4,
    0xb3, 0xde, 0x8, 0x5, 0x28, 0x8, 0xc0, 0x1c,
    0x2d, 0x30, 0x80, 0x1e, 0xa0, 0x46, 0x0, 0x39,
    0x80, 0x7e, 0x73, 0x0, 0x50, 0x2, 0x55, 0xe3,
    0x2d, 0x44, 0x0, 0x4f, 0xb1, 0xa7, 0x48, 0x1,
    0x54, 0x0, 0x12, 0xbb, 0xfd, 0xb0, 0x40, 0x38,
    0xa0, 0x0,

    /* U+00A5 "¥" */
    0x5f, 0xfe, 0x10, 0xf, 0xc5, 0xff, 0xc8, 0xa4,
    0x1, 0xa4, 0x3, 0xf5, 0x80, 0x64, 0x40, 0x40,
    0x6, 0x60, 0xf, 0x85, 0x80, 0x34, 0x0, 0x14,
    0xc0, 0x21, 0x60, 0xf, 0x48, 0x6, 0x43, 0x0,
    0xa0, 0x3, 0x58, 0x7, 0x98, 0x3, 0x40, 0x6,
    0x43, 0x0, 0x89, 0x40, 0x33, 0x88, 0x4, 0xa6,
    0x1, 0xde, 0x1, 0xa4, 0x3, 0x48, 0x6, 0x80,
    0xf, 0x1a, 0x0, 0x46, 0x60, 0x2, 0x88, 0x4,
    0xa4, 0x1, 0xf4, 0x0, 0x68, 0x0, 0x48, 0x6,
    0x80, 0xf, 0xc6, 0x80, 0x12, 0x12, 0x18, 0x4,
    0xc4, 0x1, 0xfd, 0x20, 0x1a, 0xfc, 0x3, 0x40,
    0x7, 0xf8, 0x94, 0x2, 0x64, 0x0, 0x9c, 0x40,
    0x3f, 0xe8, 0x0, 0xfd, 0x20, 0x1f, 0xa7, 0xfe,
    0xd0, 0xf, 0xdd, 0xff, 0x10, 0x7, 0xff, 0x92,
    0x7f, 0xf9, 0x80, 0x35, 0x7f, 0xf1, 0x0, 0x7f,
    0xf3, 0xa7, 0xff, 0x98, 0x3, 0x57, 0xff, 0x10,
    0x7, 0xff, 0x92, 0x7f, 0xf9, 0x80, 0x35, 0x7f,
    0xf1, 0x0, 0x7f, 0xff, 0xc0, 0x3f, 0xf8, 0x60,

    /* U+00A6 "¦" */
    0x6f, 0xfc, 0x1, 0xff, 0xfd, 0x33, 0xe0, 0x5c,
    0xcc, 0x1, 0xff, 0xc1, 0x6f, 0xfc, 0x1, 0xff,
    0xff, 0x0, 0xc9, 0x11, 0x80,

    /* U+00A7 "§" */
    0x0, 0xe3, 0x8c, 0xef, 0xfb, 0x65, 0x0, 0x3f,
    0x16, 0x61, 0xcc, 0x40, 0x22, 0x6b, 0xd4, 0x0,
    0xe4, 0xd3, 0x0, 0xff, 0x15, 0xa8, 0x4, 0x34,
    0x1, 0xff, 0xc2, 0xa2, 0x0, 0x48, 0x80, 0x66,
    0xce, 0xe6, 0x30, 0x7, 0x40, 0x1, 0x40, 0x35,
    0x49, 0x88, 0x8e, 0x64, 0x1, 0x94, 0x0, 0x60,
    0x19, 0x40, 0x3c, 0xc4, 0x1, 0x88, 0x3, 0xc2,
    0x1, 0xf5, 0x2a, 0xe0, 0x2, 0x80, 0x6b, 0x0,
    0xf9, 0xea, 0xb1, 0x6, 0x80, 0x65, 0xe8, 0x30,
    0xf, 0xf9, 0x88, 0x3, 0xb, 0xe7, 0x53, 0x8,
    0x7, 0xec, 0x20, 0xf, 0xa, 0xcf, 0x5a, 0x0,
    0x7a, 0x8, 0x3, 0xfc, 0x97, 0x61, 0x0, 0xa1,
    0x80, 0x23, 0x40, 0xf, 0xc9, 0xe4, 0x2, 0xe0,
    0x11, 0x65, 0xf5, 0x28, 0x7, 0x87, 0x81, 0x0,
    0x32, 0x80, 0x5, 0x6b, 0xe4, 0x40, 0x31, 0x9c,
    0x1, 0xbc, 0x3, 0xcd, 0xe6, 0x1, 0x90, 0xc0,
    0x35, 0x80, 0x7c, 0x32, 0x1, 0xbd, 0xc0, 0x31,
    0xe1, 0x80, 0x78, 0x40, 0x37, 0x92, 0x0, 0x63,
    0xcd, 0x83, 0x0, 0xb8, 0x3, 0x20, 0x48, 0x80,
    0x71, 0x3e, 0x74, 0xc9, 0x40, 0x24, 0x30, 0x2f,
    0x30, 0xf, 0x85, 0x98, 0x1, 0x1d, 0x0, 0x43,
    0x94, 0x60, 0x1f, 0xf6, 0x88, 0x7, 0x2e, 0x6c,
    0x18, 0x7, 0xec, 0x0, 0xfc, 0x4f, 0x9d, 0x48,
    0x1, 0xc4, 0xe0, 0x1f, 0xe1, 0x5b, 0xd3, 0x0,
    0xd4, 0x6, 0xef, 0x8c, 0x3, 0xc5, 0x80, 0x18,
    0x81, 0x62, 0x35, 0x80, 0x7e, 0x20, 0xe, 0x20,
    0xc, 0xc4, 0x1, 0xe3, 0x20, 0xe, 0x41, 0x0,
    0x87, 0x1c, 0xc4, 0x47, 0x18, 0x1, 0x90, 0x1,
    0x0, 0x18, 0x63, 0x3b, 0x98, 0xe0, 0x1d, 0xe0,
    0x6, 0x60, 0x7, 0xff, 0xa, 0x10, 0x2, 0x99,
    0x8, 0x7, 0xf8, 0x69, 0xc0, 0x39, 0xba, 0x98,
    0xc4, 0x0, 0x24, 0xd5, 0xca, 0x1, 0x0,

    /* U+00A8 "¨" */
    0x1, 0x77, 0x8, 0x7, 0x23, 0xa0, 0x3, 0xe2,
    0x1e, 0x20, 0x13, 0xdc, 0x5b, 0xa0, 0x80, 0x5,
    0xc0, 0x2a, 0x0, 0xa9, 0xc0, 0x31, 0x0, 0x42,
    0x1, 0x31, 0xc0, 0x83, 0xa0, 0x5, 0xc6, 0x7,
    0x20,

    /* U+00A9 "©" */
    0x0, 0xf9, 0x66, 0xa9, 0x8, 0x1, 0xff, 0xc0,
    0x7f, 0xa6, 0x55, 0x3d, 0xf3, 0x0, 0x7e, 0x1c,
    0x82, 0x9d, 0xff, 0x6c, 0x4, 0xd8, 0x7, 0xd8,
    0x6f, 0xac, 0x40, 0x2, 0x7e, 0x54, 0xb0, 0xe,
    0x92, 0x88, 0x0, 0x7e, 0xa6, 0x47, 0x0, 0x8d,
    0x95, 0xc0, 0xf, 0xbf, 0xec, 0x40, 0x4, 0x94,
    0x8, 0x2, 0x42, 0xc0, 0x15, 0x4, 0x22, 0x3b,
    0x50, 0x4, 0x84, 0x80, 0x15, 0x4, 0x11, 0x43,
    0x3b, 0x90, 0x16, 0x0, 0x42, 0x50, 0x30, 0xd0,
    0x7, 0x4, 0x18, 0x1, 0xc0, 0x44, 0x0, 0x42,
    0x16, 0x5, 0x0, 0x30, 0x20, 0x6, 0xdc, 0x10,
    0x7, 0x81, 0x18, 0x8, 0x0, 0x40, 0x3c, 0x46,
    0x1, 0x18, 0x38, 0x0, 0x40, 0x3f, 0xf8, 0x8e,
    0x40, 0xc0, 0x1, 0x7, 0x0, 0xc8, 0xa0, 0x16,
    0x80, 0xa8, 0x60, 0x1, 0x43, 0x0, 0x35, 0xd0,
    0x80, 0x10, 0x48, 0x4d, 0xc0, 0x14, 0xe, 0xa0,
    0x32, 0x4, 0x20, 0x46, 0xe0, 0x9, 0x17, 0x3,
    0x70, 0xaf, 0xe6, 0x9, 0x0, 0x40, 0x50, 0x1,
    0x4e, 0xc, 0x22, 0xd4, 0x8d, 0xb5, 0x1, 0x56,
    0x30, 0xb, 0x83, 0x4c, 0x12, 0xb7, 0x24, 0x81,
    0x68, 0x6c, 0x3, 0x16, 0xe, 0x40, 0x80, 0x62,
    0xaa, 0xe, 0x8, 0x7, 0x1e, 0x9b, 0xf6, 0xdd,
    0xb7, 0x4a, 0x9e, 0x40, 0x1f, 0x16, 0x5a, 0x9a,
    0x20, 0x1b, 0x2c, 0x40, 0x30,

    /* U+00AA "ª" */
    0x0, 0x8a, 0x77, 0xfd, 0xb0, 0x1, 0xcb, 0xac,
    0x40, 0x2, 0x7d, 0x10, 0x0, 0xd0, 0x0, 0x55,
    0x40, 0x2, 0x80, 0x3, 0x80, 0xb, 0xaa, 0xa0,
    0x3, 0x0, 0x1e, 0xea, 0x40, 0x25, 0x0, 0x84,
    0x5, 0x15, 0x0, 0x2, 0x20, 0xf, 0x14, 0xef,
    0xfb, 0xb8, 0x1, 0xc9, 0xac, 0x40, 0x1f, 0xd4,
    0x0, 0x5d, 0xff, 0x80, 0x31, 0x8, 0x2, 0x88,
    0x3, 0xff, 0x87, 0x20, 0x18, 0x84, 0x1, 0xb3,
    0x2e, 0x60, 0x8, 0xc2, 0x0, 0x4, 0xcc, 0x14,
    0x20, 0x3, 0x3, 0x51, 0x80, 0xa, 0x2e, 0x8c,
    0xc2,

    /* U+00AB "«" */
    0x0, 0xe7, 0x88, 0x10, 0x0, 0xa2, 0xe, 0x1,
    0xcf, 0xe, 0xa4, 0x0, 0xe7, 0x77, 0x80, 0x62,
    0x80, 0x4, 0x80, 0x1c, 0xc0, 0x60, 0x3, 0x78,
    0x1, 0x50, 0xe, 0x0, 0x16, 0x1, 0xa0, 0x80,
    0x16, 0x0, 0xe0, 0x2, 0x28, 0x4, 0x8e, 0x0,
    0x81, 0x9, 0x20, 0x4, 0x80, 0x43, 0x40, 0x1,
    0x70, 0x46, 0x0, 0x31, 0x0, 0x50, 0x20, 0xb,
    0x0, 0x50, 0x5, 0x0, 0x1b, 0x0, 0x2c, 0x0,
    0x20, 0x4, 0xa0, 0x19, 0x58, 0x0, 0xc6, 0x16,
    0x20, 0x9, 0x0, 0xe9, 0x20, 0x7, 0x80, 0xd0,
    0x0, 0x9c, 0x3, 0xb8, 0x0, 0x6a, 0x8, 0xe0,
    0x8, 0x10, 0xc, 0x6e, 0x0, 0xb0, 0x4, 0x10,
    0x2, 0x0, 0x3a, 0xc, 0x6, 0x0, 0x1e, 0x0,
    0x63, 0x0, 0xee, 0x0, 0x39, 0x1, 0x40, 0x3,
    0xc0,

    /* U+00AC "¬" */
    0x11, 0xff, 0xe1, 0xef, 0x77, 0xff, 0x8, 0x3,
    0xff, 0xa5, 0x9f, 0xff, 0xe6, 0x0, 0xff, 0xf7,
    0xeb, 0xba, 0x0,

    /* U+00AD "­" */
    0x1, 0x1f, 0xfe, 0x10, 0x3, 0xbb, 0xff, 0x85,
    0x20, 0x1f, 0xfe, 0x40,

    /* U+00AE "®" */
    0x0, 0xf9, 0x66, 0xa9, 0x8, 0x1, 0xff, 0xc0,
    0x7f, 0xa6, 0x55, 0x3d, 0xf2, 0x80, 0x7e, 0x1c,
    0x82, 0x9d, 0xff, 0x63, 0x85, 0x50, 0x3, 0xc3,
    0x86, 0xfa, 0xc4, 0x0, 0x38, 0xf5, 0x55, 0x80,
    0x75, 0x94, 0xc0, 0x7, 0xc3, 0x4c, 0x8e, 0x1,
    0x1a, 0xa9, 0x83, 0xff, 0xb1, 0x40, 0x12, 0x50,
    0x20, 0x9, 0xb, 0x0, 0xc4, 0x51, 0xd3, 0x80,
    0x24, 0x18, 0x0, 0xaa, 0x10, 0xd, 0xbb, 0x58,
    0x48, 0x1, 0xa, 0x81, 0x3, 0x0, 0x3f, 0x20,
    0x8, 0x4, 0x84, 0x4, 0xa, 0x1, 0xf0, 0xc0,
    0x18, 0x5, 0xe0, 0x42, 0x2, 0x1, 0xdf, 0xee,
    0x73, 0xd0, 0x8, 0xc0, 0x44, 0x1, 0xf1, 0x10,
    0xb, 0x4, 0x2, 0x30, 0x1, 0x3, 0x80, 0x76,
    0xe9, 0x89, 0x0, 0x37, 0x1, 0x28, 0x60, 0x7,
    0xd6, 0x10, 0x1, 0x90, 0x46, 0x37, 0x0, 0xf8,
    0x90, 0xcc, 0x0, 0x23, 0x70, 0x4, 0x8b, 0x80,
    0x7d, 0xe1, 0x0, 0x8, 0xb, 0x0, 0x29, 0xc1,
    0x84, 0xc8, 0x2, 0x49, 0xd0, 0x55, 0x88, 0x2,
    0xe0, 0xd3, 0x66, 0x0, 0x66, 0x6a, 0x8a, 0xc0,
    0x31, 0x58, 0xe4, 0x90, 0x6, 0x3a, 0x91, 0xf1,
    0x0, 0xe4, 0xd3, 0x6d, 0xd5, 0xdb, 0xb1, 0x55,
    0xe4, 0x1, 0xf1, 0x65, 0xa9, 0xa2, 0xd, 0xb2,
    0x84, 0x3, 0x0,

    /* U+00AF "¯" */
    0x3f, 0xff, 0xfe, 0x4, 0x80, 0x7f, 0xf0, 0x4c,
    0x3, 0xff, 0x84,

    /* U+00B0 "°" */
    0x0, 0x1d, 0xff, 0xac, 0xc0, 0x25, 0xc4, 0x0,
    0x26, 0x28, 0xd, 0x0, 0x11, 0x0, 0xa, 0x16,
    0x0, 0x4d, 0xda, 0x80, 0xd, 0xa0, 0x2c, 0x0,
    0x51, 0xd, 0x10, 0xf, 0xe3, 0x1, 0x60, 0x2,
    0x88, 0x6c, 0x80, 0x27, 0x31, 0x40, 0x6, 0x1a,
    0x0, 0x19, 0x80, 0x14, 0x20, 0xb8, 0x80, 0x4,
    0xc5, 0x0,

    /* U+00B1 "±" */
    0x0, 0xf1, 0x22, 0x60, 0xf, 0xfe, 0x2, 0xdd,
    0xd4, 0x1, 0xff, 0xff, 0x0, 0xff, 0xe2, 0x37,
    0xff, 0x40, 0x4, 0x3f, 0xfd, 0x60, 0x1f, 0xfe,
    0x77, 0xcc, 0xe7, 0x0, 0x87, 0x33, 0xa4, 0x4c,
    0xfb, 0xc0, 0x31, 0x9f, 0x10, 0x7, 0xff, 0xfc,
    0x3, 0xff, 0x88, 0xff, 0xf7, 0x0, 0x7c, 0x45,
    0xff, 0xc3, 0x0, 0x6e, 0xff, 0xf0, 0xc8, 0x3,
    0xff, 0xce,

    /* U+00B2 "²" */
    0x0, 0x1d, 0x77, 0xfb, 0x1c, 0x3, 0x36, 0x28,
    0x80, 0xe, 0x34, 0x40, 0xa4, 0x2, 0x20, 0x8,
    0xac, 0x2c, 0x2, 0xbd, 0xf3, 0x0, 0x28, 0x0,
    0xcc, 0xa8, 0x0, 0x50, 0xd, 0x39, 0x8a, 0x0,
    0xb, 0x80, 0x8, 0x3, 0xea, 0x10, 0x4, 0x0,
    0x70, 0xe2, 0x0, 0x19, 0x40, 0x30, 0xe1, 0x80,
    0x1e, 0x40, 0x31, 0x79, 0x0, 0x2a, 0x0, 0x31,
    0xe0, 0x80, 0xe2, 0x80, 0x63, 0xc1, 0x0, 0x1f,
    0xe6, 0x65, 0x40, 0xc, 0x46, 0x7e, 0x0, 0xff,
    0xe0, 0x0,

    /* U+00B3 "³" */
    0x0, 0x2d, 0xf7, 0xfb, 0x64, 0x80, 0x29, 0xa4,
    0x10, 0x1, 0x36, 0xa0, 0x2b, 0x0, 0x44, 0x20,
    0x14, 0x86, 0x88, 0x8b, 0x75, 0xcc, 0x0, 0x22,
    0x47, 0x73, 0x48, 0x1, 0xe0, 0x11, 0x80, 0x65,
    0x67, 0x80, 0x3, 0x8, 0x6, 0xa9, 0x81, 0x8,
    0x90, 0xf, 0xf4, 0xa8, 0x7, 0x7f, 0xb9, 0x80,
    0x68, 0x8d, 0x10, 0x60, 0x1, 0xb0, 0x9, 0x3e,
    0xed, 0xa4, 0x0, 0x50, 0x8, 0xec, 0x0, 0x3b,
    0xae, 0x80, 0x9, 0x1d, 0x40, 0x22, 0x10, 0xa,
    0x84, 0x2a, 0x88, 0x20, 0x2, 0x7d, 0x50,

    /* U+00B4 "´" */
    0x0, 0xc2, 0x3c, 0x1, 0x97, 0xbb, 0x68, 0x4,
    0x36, 0x1, 0x1e, 0x80, 0x56, 0x20, 0x2, 0xd1,
    0x0, 0x2a, 0x80, 0x5, 0x82, 0x0, 0x1b, 0x0,
    0xe, 0x8, 0x4,

    /* U+00B5 "µ" */
    0xff, 0xdc, 0x1, 0xe2, 0xff, 0xd6, 0x1, 0xff,
    0xff, 0x0, 0xff, 0xff, 0x80, 0x7f, 0xf7, 0x44,
    0x3, 0xff, 0x8a, 0x40, 0x1f, 0xfc, 0x4a, 0x0,
    0xea, 0x0, 0xff, 0x3b, 0x88, 0x52, 0x9c, 0x3,
    0xfe, 0x8d, 0xeb, 0x50, 0xf, 0xfe, 0xb0, 0x80,
    0x7f, 0x94, 0x40, 0x4, 0xfe, 0x40, 0x1f, 0x86,
    0xbb, 0xfd, 0xb0, 0x3b, 0xff, 0x58, 0x7, 0xff,
    0xfc, 0x3, 0xff, 0xc0,

    /* U+00B6 "¶" */
    0x0, 0xe3, 0x9d, 0xff, 0xf5, 0x80, 0x43, 0x78,
    0xc4, 0x1, 0xfc, 0x5e, 0x80, 0x1f, 0xfc, 0xe,
    0x10, 0xf, 0xfe, 0x2, 0x98, 0x7, 0xff, 0x6,
    0x40, 0x3f, 0xf8, 0x46, 0x1, 0xff, 0xc1, 0x20,
    0xf, 0xfe, 0x10, 0x80, 0x7f, 0xf0, 0x84, 0x3,
    0xff, 0x84, 0x40, 0x1f, 0xfc, 0x33, 0x0, 0xff,
    0xe1, 0x50, 0x7, 0xff, 0x9, 0x8c, 0x3, 0xff,
    0x85, 0xc2, 0x1, 0xff, 0xc1, 0x2f, 0x40, 0xf,
    0xfe, 0x8, 0xde, 0x31, 0x0, 0x7f, 0xf0, 0xe,
    0x77, 0xfd, 0xc0, 0x1f, 0xff, 0xf0, 0xf, 0xff,
    0x28,

    /* U+00B7 "·" */
    0x0, 0x23, 0x18, 0x5, 0x57, 0x39, 0x0, 0x4a,
    0x1, 0x38, 0xb0, 0x7, 0x12, 0x80, 0x61, 0x31,
    0xb2, 0x3, 0xd0,

    /* U+00B8 "¸" */
    0x6, 0x88, 0x30, 0x6, 0x97, 0x75, 0x98, 0x0,
    0x80, 0x22, 0xc8, 0x2, 0xc8, 0x0, 0x9c, 0x80,
    0xdc, 0xc0, 0x26, 0x0, 0x19, 0x80, 0x27, 0xc,
    0xc0, 0x4, 0x26, 0x1, 0xc3, 0xa0, 0x7, 0x13,
    0x8f, 0x30,

    /* U+00B9 "¹" */
    0x0, 0xe3, 0x89, 0x0, 0x1c, 0x6e, 0x3a, 0x87,
    0x63, 0x90, 0x4, 0x22, 0x0, 0xf8, 0x56, 0xc,
    0x2, 0x1e, 0xa7, 0x70, 0x7, 0xff, 0xdc,

    /* U+00BA "º" */
    0x0, 0x8e, 0xbb, 0xfd, 0x8e, 0x1, 0xcf, 0x8a,
    0x20, 0x3, 0x8d, 0x20, 0x2, 0xc0, 0x0, 0x95,
    0x0, 0x5, 0xe0, 0x8, 0x0, 0x36, 0xd5, 0xe8,
    0x81, 0x31, 0x10, 0x1, 0x20, 0x11, 0x48, 0x3,
    0x58, 0x0, 0x60, 0x1c, 0x60, 0x6, 0x10, 0xf,
    0xce, 0x1, 0xff, 0xc4, 0x10, 0xf, 0xce, 0x1,
    0x30, 0x0, 0xc0, 0x38, 0xc0, 0xc, 0x44, 0x0,
    0x48, 0x4, 0x52, 0x0, 0xd0, 0x80, 0x3, 0x6c,
    0xd6, 0x88, 0x13, 0x2, 0xc0, 0x0, 0x99, 0x40,
    0x5, 0xe0, 0x13, 0xea, 0x88, 0x0, 0xe3, 0x48,
    0x0,

    /* U+00BB "»" */
    0x6, 0x88, 0x10, 0x0, 0x62, 0xe, 0x1, 0xf3,
    0xbb, 0xc0, 0x2, 0x8f, 0x10, 0x0, 0xe6, 0x20,
    0x29, 0x0, 0x78, 0x1, 0xcc, 0x3, 0xa4, 0x0,
    0xc8, 0x6, 0xa0, 0xe, 0x0, 0xe4, 0x50, 0x5,
    0x8, 0x58, 0x0, 0xa4, 0x3, 0xa0, 0x0, 0x36,
    0x3, 0x0, 0x6, 0x50, 0xc, 0x4e, 0x0, 0x56,
    0x7, 0x20, 0x5, 0x88, 0x6, 0x81, 0x0, 0x48,
    0x84, 0x0, 0x6, 0xc0, 0x31, 0x88, 0x1, 0x4,
    0x30, 0x2, 0xc0, 0xd, 0xe0, 0x1, 0xa0, 0x26,
    0x0, 0x2b, 0x0, 0x4a, 0x60, 0xb, 0x10, 0x90,
    0x0, 0xd8, 0x6, 0xb0, 0x2, 0xa8, 0x15, 0x0,
    0x14, 0x20, 0x14, 0x8, 0x15, 0x0, 0x2c, 0x0,
    0xe8, 0x1, 0x13, 0x80, 0x38, 0x0, 0xe2, 0x5,
    0x0, 0x1a, 0x40, 0xe, 0x60, 0x30, 0x0, 0xf0,
    0xc,

    /* U+00BC "¼" */
    0x0, 0xe2, 0x10, 0xf, 0xfe, 0x19, 0x3e, 0xe9,
    0x0, 0x3f, 0xf8, 0x2f, 0xba, 0x82, 0x0, 0xff,
    0xe1, 0xd1, 0x0, 0x7f, 0xf1, 0xc9, 0x44, 0x3,
    0xf8, 0x80, 0x3d, 0x9b, 0x46, 0x1, 0xf9, 0x36,
    0x84, 0x3, 0x8, 0x7, 0xfd, 0x20, 0xa6, 0x1,
    0xff, 0xc3, 0x52, 0x6, 0x20, 0xf, 0xfe, 0x1c,
    0x0, 0x20, 0x3, 0xff, 0x86, 0xc4, 0xe, 0x20,
    0x1f, 0xfc, 0x38, 0x0, 0x48, 0x7, 0xff, 0xd,
    0xc4, 0x20, 0x40, 0x3f, 0xf8, 0x72, 0x2, 0xe0,
    0x1f, 0xeb, 0x77, 0x81, 0xc4, 0x24, 0x3, 0xfe,
    0x68, 0x81, 0xc, 0x0, 0xb8, 0x1, 0x7b, 0xa1,
    0x0, 0xfd, 0x20, 0x8, 0x0, 0xd, 0x88, 0xc6,
    0x1, 0xf0, 0xb8, 0x13, 0x0, 0x2c, 0x40, 0x3f,
    0xe8, 0x0, 0x40, 0x1, 0x54, 0x1, 0xff, 0x13,
    0x1, 0x28, 0xd, 0x80, 0x80, 0x7f, 0xa0, 0x1,
    0x20, 0xa, 0x10, 0xa0, 0xf, 0xe2, 0x50, 0x34,
    0x6, 0x40, 0x95, 0x0, 0xfe, 0x80, 0x4, 0x0,
    0xc8, 0x23, 0x0, 0x7f, 0xa9, 0xd5, 0x2, 0xc0,
    0x9, 0xfc, 0x1, 0x6c, 0x80, 0x74, 0x50, 0x7,
    0xff, 0x2b, 0x15, 0x72, 0x0, 0x49, 0xe0, 0x1f,
    0xcd, 0x55, 0xc0, 0x14, 0xb0, 0x7, 0xff, 0x20,

    /* U+00BD "½" */
    0x0, 0xe1, 0x20, 0xf, 0xfe, 0x28, 0xb5, 0xf5,
    0x80, 0x7f, 0xf0, 0xd2, 0xfa, 0x50, 0x3, 0xff,
    0x8b, 0xa8, 0x1, 0xff, 0xc9, 0x15, 0x30, 0xf,
    0xe1, 0x0, 0xfd, 0x3d, 0x48, 0x1, 0xfa, 0x3a,
    0x0, 0x3f, 0xf8, 0xc2, 0xe0, 0xa0, 0x1f, 0xfc,
    0x68, 0x0, 0x40, 0x7, 0xff, 0x14, 0x98, 0x9,
    0x40, 0x3f, 0xf8, 0xb0, 0x0, 0x90, 0xf, 0xfe,
    0x29, 0x28, 0x1a, 0x0, 0x7f, 0xf1, 0x64, 0x1,
    0xe0, 0x1f, 0xfc, 0x53, 0x40, 0x43, 0x0, 0xff,
    0xe0, 0x63, 0xbb, 0x43, 0xc0, 0x10, 0x1, 0xff,
    0xc1, 0x48, 0x82, 0x20, 0xc1, 0x4c, 0x1b, 0x3f,
    0xdb, 0x22, 0x1, 0xfd, 0x20, 0x8, 0xb, 0x93,
    0x0, 0x13, 0x78, 0x80, 0x7c, 0xa4, 0xc, 0x4c,
    0x80, 0x4, 0x50, 0x0, 0xc0, 0x7, 0xd0, 0x0,
    0x80, 0xa0, 0x3, 0x5d, 0x40, 0x1, 0x40, 0x3c,
    0xc4, 0xe, 0x21, 0x51, 0xb, 0x0, 0xff, 0xe0,
    0x40, 0xc, 0x80, 0x19, 0xdc, 0x40, 0x32, 0x0,
    0x40, 0xe, 0x71, 0x9, 0x10, 0xf, 0xe, 0x88,
    0xc, 0x80, 0x75, 0x80, 0xb8, 0x7, 0x87, 0xc,
    0x7, 0x4, 0x3, 0xb2, 0xac, 0x3, 0xc5, 0xe4,
    0x7, 0xe4, 0x1, 0xf2, 0xa8, 0x3, 0x8f, 0x4,
    0x17, 0x4, 0x3, 0xff, 0x84, 0x98, 0x20, 0x27,
    0x33, 0x88, 0x3, 0xfe, 0xd0, 0x8, 0x59, 0xb8,
    0x40, 0x3f, 0xf9, 0x40,

    /* U+00BE "¾" */
    0x0, 0x92, 0x26, 0x4c, 0x20, 0x1f, 0xfc, 0x22,
    0xdb, 0x76, 0x64, 0xf2, 0x80, 0x7f, 0xf0, 0x7c,
    0x80, 0x3d, 0x44, 0x1, 0xff, 0x11, 0x0, 0x17,
    0xfa, 0x20, 0x5, 0x0, 0xff, 0x8b, 0xfe, 0x40,
    0x25, 0x0, 0xf8, 0xc4, 0x3, 0xf8, 0x8d, 0x90,
    0x0, 0xa0, 0x1b, 0x7a, 0x0, 0x3f, 0x66, 0x24,
    0xb, 0x8, 0x2, 0x71, 0x0, 0xff, 0xe1, 0x15,
    0x0, 0x69, 0x1, 0x90, 0xf, 0xdd, 0xfa, 0x40,
    0xce, 0x0, 0x71, 0x9, 0x10, 0xc, 0x4c, 0xc5,
    0x0, 0x15, 0x0, 0x30, 0x1, 0x20, 0x2e, 0x1,
    0xcf, 0x32, 0xa5, 0x2, 0xa0, 0x0, 0x84, 0x8,
    0x48, 0x7, 0x94, 0x40, 0x15, 0xfa, 0x40, 0xe,
    0x17, 0x1, 0x70, 0xf, 0xb0, 0x80, 0x3d, 0x29,
    0x20, 0x8, 0x0, 0xfc, 0x5b, 0x4e, 0xcc, 0x9e,
    0x61, 0x70, 0x26, 0x0, 0xff, 0x2c, 0x4c, 0x98,
    0x42, 0x0, 0x10, 0x0, 0x7e, 0xe6, 0x80, 0x7f,
    0xc2, 0xc0, 0x4a, 0x5, 0x2, 0x22, 0x0, 0xff,
    0xa0, 0x1, 0x0, 0xf, 0x0, 0xff, 0xe1, 0x13,
    0x1, 0xa8, 0x41, 0x0, 0x7f, 0xf0, 0xa0, 0x1,
    0x0, 0x6e, 0x4, 0x1, 0xff, 0xc0, 0x25, 0x3,
    0x40, 0xe0, 0x18, 0x0, 0xff, 0xe0, 0x48, 0x2,
    0x2, 0x8, 0x29, 0x80, 0x3f, 0xe2, 0x40, 0x44,
    0x1b, 0x83, 0xa0, 0x7, 0xff, 0x0, 0xac, 0xe0,
    0x3c, 0x0, 0xff, 0x80, 0x17, 0xb0, 0x7, 0xc9,
    0x86, 0x1, 0xff, 0xcb, 0xb5, 0x5c, 0x60, 0x12,
    0x90, 0x7, 0xfc, 0xf5, 0x5b, 0xc0, 0x2a, 0x40,
    0xf, 0xfe, 0x50,

    /* U+00BF "¿" */
    0x0, 0xfa, 0xff, 0x98, 0x3, 0xff, 0x80, 0xc8,
    0x3, 0x20, 0x1f, 0xfc, 0xe, 0x0, 0xc4, 0x1,
    0xff, 0x68, 0x4, 0x24, 0x1, 0xff, 0x2c, 0xaa,
    0xb4, 0x3, 0xff, 0x82, 0xd5, 0x43, 0x0, 0xff,
    0xf1, 0x36, 0xed, 0x60, 0x1f, 0xfc, 0x1, 0x22,
    0x94, 0x3, 0xff, 0x81, 0xa0, 0x11, 0x80, 0x7f,
    0xc6, 0xa0, 0x13, 0x0, 0x7f, 0x8b, 0x40, 0x36,
    0x0, 0x7f, 0xe, 0x8, 0x4, 0x4e, 0x1, 0xf8,
    0x70, 0x40, 0x21, 0xf0, 0xf, 0xeb, 0x20, 0x8,
    0x70, 0x80, 0x3f, 0x2a, 0x80, 0x35, 0x10, 0x7,
    0xf4, 0x0, 0x66, 0x40, 0xf, 0xe3, 0x20, 0xd,
    0x20, 0x1f, 0xe5, 0x0, 0xcc, 0x1, 0xff, 0x8,
    0x6, 0xe0, 0xe, 0x46, 0x6c, 0x22, 0x0, 0xde,
    0x1, 0xdf, 0x33, 0x88, 0x80, 0x19, 0x40, 0x31,
    0x20, 0x6, 0x24, 0x0, 0xc5, 0x66, 0x4b, 0x80,
    0x18, 0xc4, 0x1c, 0x3, 0x26, 0x6d, 0x8, 0x6,
    0x80, 0x4, 0x10, 0x7, 0xfc, 0xc8, 0x1, 0x62,
    0x0, 0x7f, 0x3c, 0x80, 0x61, 0xbb, 0x29, 0x0,
    0x46, 0xfb, 0x0, 0x10,

    /* U+00C0 "À" */
    0x0, 0xe1, 0x1e, 0x0, 0xff, 0xe2, 0xef, 0x76,
    0x50, 0xf, 0xfe, 0x26, 0x90, 0x5, 0x60, 0x1f,
    0xfc, 0x41, 0xf1, 0x0, 0xc, 0x80, 0x7f, 0xf1,
    0xb, 0x4, 0x0, 0xc6, 0x1, 0xff, 0xc4, 0x2d,
    0x0, 0xbc, 0x3, 0xff, 0x8a, 0x7f, 0xf6, 0x0,
    0x7f, 0xf6, 0xd3, 0xff, 0x40, 0x7, 0xff, 0x13,
    0x40, 0x32, 0x80, 0x7f, 0xf1, 0x1c, 0x3, 0x11,
    0x0, 0x3f, 0xf8, 0x48, 0x20, 0x1c, 0xa0, 0x1f,
    0xfc, 0x2d, 0x0, 0xf5, 0x80, 0x7f, 0xf0, 0x9c,
    0x3, 0xc6, 0x20, 0x1f, 0xfc, 0x3, 0x10, 0xf,
    0x9c, 0x3, 0xff, 0x81, 0x60, 0x11, 0x28, 0x5,
    0xa0, 0x1f, 0xfc, 0x5, 0x0, 0x93, 0xc0, 0x24,
    0x10, 0xf, 0xf1, 0x10, 0x2, 0xd4, 0x0, 0xc8,
    0x1, 0xfe, 0xa0, 0xc, 0x82, 0x60, 0x17, 0x80,
    0x7f, 0x94, 0x2, 0x40, 0x2, 0x0, 0x4a, 0x1,
    0xfc, 0x44, 0x0, 0xb4, 0x1, 0x60, 0x19, 0x40,
    0x3f, 0x28, 0x6, 0x40, 0x1, 0x80, 0x6f, 0x0,
    0xfd, 0x60, 0x11, 0x10, 0x2, 0x40, 0x9, 0x0,
    0x3e, 0x13, 0x0, 0x90, 0x3, 0x68, 0x4, 0x28,
    0x1, 0xe6, 0x0, 0xcd, 0xff, 0xa4, 0x3, 0x68,
    0x7, 0xac, 0x3, 0xff, 0x84, 0xe0, 0x1c, 0x26,
    0x1, 0xff, 0xc2, 0x13, 0x0, 0xce, 0x1, 0xff,
    0xc4, 0xb0, 0xd, 0xa0, 0x1a, 0x6a, 0xbe, 0x0,
    0xca, 0x1, 0xa, 0x0, 0x42, 0xca, 0xbf, 0x18,
    0x4, 0x44, 0x0, 0x20, 0x6, 0x40, 0xf, 0xc8,
    0x1, 0x94, 0x1, 0xc0, 0x1b, 0xc0, 0x3f, 0x60,
    0x6, 0xb0, 0x2, 0x0, 0x64, 0x0, 0xfc, 0x80,
    0x18, 0xc5, 0x40, 0x31, 0x8, 0x7, 0xf2, 0x0,
    0x67,

    /* U+00C1 "Á" */
    0x0, 0xff, 0xe0, 0x88, 0xe0, 0xf, 0xfe, 0x20,
    0xf7, 0x71, 0x80, 0x7f, 0xf0, 0xec, 0x40, 0x2b,
    0x30, 0xf, 0xfe, 0x12, 0x28, 0x5, 0x68, 0x1,
    0xff, 0xc3, 0xa0, 0xa, 0x90, 0x3, 0xff, 0x87,
    0x22, 0x0, 0xa5, 0x0, 0xff, 0xe2, 0x4f, 0xfc,
    0xa0, 0x1f, 0xfd, 0xa4, 0xff, 0xd0, 0x1, 0xff,
    0xc4, 0xd0, 0xc, 0xa0, 0x1f, 0xfc, 0x47, 0x0,
    0xc4, 0x40, 0xf, 0xfe, 0x12, 0x8, 0x7, 0x28,
    0x7, 0xff, 0xb, 0x40, 0x3d, 0x60, 0x1f, 0xfc,
    0x27, 0x0, 0xf1, 0x88, 0x7, 0xff, 0x0, 0xc4,
    0x3, 0xe7, 0x0, 0xff, 0xe0, 0x58, 0x4, 0x4a,
    0x1, 0x68, 0x7, 0xff, 0x1, 0x40, 0x24, 0xf0,
    0x9, 0x4, 0x3, 0xfc, 0x44, 0x0, 0xb5, 0x0,
    0x32, 0x0, 0x7f, 0xa8, 0x3, 0x20, 0x98, 0x5,
    0xe0, 0x1f, 0xe5, 0x0, 0x90, 0x0, 0x80, 0x12,
    0x80, 0x7f, 0x11, 0x0, 0x2d, 0x0, 0x58, 0x6,
    0x50, 0xf, 0xca, 0x1, 0x90, 0x0, 0x60, 0x1b,
    0xc0, 0x3f, 0x58, 0x4, 0x44, 0x0, 0x90, 0x2,
    0x40, 0xf, 0x84, 0xc0, 0x24, 0x0, 0xda, 0x1,
    0xa, 0x0, 0x79, 0x80, 0x33, 0x7f, 0xe9, 0x0,
    0xda, 0x1, 0xeb, 0x0, 0xff, 0xe1, 0x38, 0x7,
    0x9, 0x80, 0x7f, 0xf0, 0x84, 0xc0, 0x33, 0x80,
    0x7f, 0xf1, 0x2c, 0x3, 0x68, 0x6, 0x9a, 0xaf,
    0x80, 0x32, 0x80, 0x42, 0x80, 0x10, 0xb2, 0xaf,
    0xc6, 0x1, 0x11, 0x0, 0x8, 0x1, 0x90, 0x3,
    0xf2, 0x0, 0x65, 0x0, 0x70, 0x6, 0xf0, 0xf,
    0xd8, 0x1, 0xac, 0x0, 0x80, 0x19, 0x0, 0x3f,
    0x20, 0x6, 0x31, 0x50, 0xc, 0x42, 0x1, 0xfc,
    0x80, 0x19, 0xc0,

    /* U+00C2 "Â" */
    0x0, 0xfc, 0x39, 0xfe, 0xe3, 0x0, 0xff, 0xe1,
    0x96, 0x18, 0x0, 0x71, 0x0, 0x3f, 0xf8, 0x27,
    0x84, 0x0, 0x10, 0x5, 0xb8, 0x7, 0xfc, 0xb8,
    0x20, 0x39, 0xe6, 0x0, 0x89, 0x0, 0xfe, 0x4a,
    0x0, 0x16, 0x18, 0xe2, 0x0, 0x1a, 0x40, 0x3f,
    0x27, 0xfd, 0xa4, 0x1, 0x5f, 0xfd, 0x20, 0x1f,
    0xfe, 0xc4, 0xff, 0xd0, 0x1, 0xff, 0xc4, 0xd0,
    0xc, 0xa0, 0x1f, 0xfc, 0x47, 0x0, 0xc4, 0x40,
    0xf, 0xfe, 0x12, 0x8, 0x7, 0x28, 0x7, 0xff,
    0xb, 0x40, 0x3d, 0x60, 0x1f, 0xfc, 0x27, 0x0,
    0xf1, 0x88, 0x7, 0xff, 0x0, 0xc4, 0x3, 0xe7,
    0x0, 0xff, 0xe0, 0x58, 0x4, 0x4a, 0x1, 0x68,
    0x7, 0xff, 0x1, 0x40, 0x24, 0xf0, 0x9, 0x4,
    0x3, 0xfc, 0x44, 0x0, 0xb5, 0x0, 0x32, 0x0,
    0x7f, 0xa8, 0x3, 0x20, 0x98, 0x5, 0xe0, 0x1f,
    0xe5, 0x0, 0x90, 0x0, 0x80, 0x12, 0x80, 0x7f,
    0x11, 0x0, 0x2d, 0x0, 0x58, 0x6, 0x50, 0xf,
    0xca, 0x1, 0x90, 0x0, 0x60, 0x1b, 0xc0, 0x3f,
    0x58, 0x4, 0x44, 0x0, 0x90, 0x2, 0x40, 0xf,
    0x84, 0xc0, 0x24, 0x0, 0xda, 0x1, 0xa, 0x0,
    0x79, 0x80, 0x33, 0x7f, 0xe9, 0x0, 0xda, 0x1,
    0xeb, 0x0, 0xff, 0xe1, 0x38, 0x7, 0x9, 0x80,
    0x7f, 0xf0, 0x84, 0xc0, 0x33, 0x80, 0x7f, 0xf1,
    0x2c, 0x3, 0x68, 0x6, 0x9a, 0xaf, 0x80, 0x32,
    0x80, 0x42, 0x80, 0x10, 0xb2, 0xaf, 0xc6, 0x1,
    0x11, 0x0, 0x8, 0x1, 0x90, 0x3, 0xf2, 0x0,
    0x65, 0x0, 0x70, 0x6, 0xf0, 0xf, 0xd8, 0x1,
    0xac, 0x0, 0x80, 0x19, 0x0, 0x3f, 0x20, 0x6,
    0x31, 0x50, 0xc, 0x42, 0x1, 0xfc, 0x80, 0x19,
    0xc0,

    /* U+00C3 "Ã" */
    0x0, 0xf8, 0x4c, 0x40, 0x39, 0x0, 0x3f, 0xf8,
    0xd, 0xd9, 0xd0, 0x20, 0x1, 0xbf, 0x60, 0xf,
    0xe5, 0x90, 0x9, 0xfd, 0x92, 0x80, 0x3f, 0xf8,
    0x10, 0x1, 0xc3, 0x36, 0x80, 0x7, 0x0, 0xfc,
    0x44, 0x4, 0xed, 0x50, 0xe, 0x81, 0x0, 0xfe,
    0x30, 0xf1, 0x2a, 0xb3, 0x1, 0x97, 0x0, 0xfe,
    0x2c, 0xf4, 0x0, 0x93, 0x3f, 0x98, 0x3, 0xff,
    0xdc, 0x9f, 0xfa, 0x0, 0x3f, 0xf8, 0x9a, 0x1,
    0x94, 0x3, 0xff, 0x88, 0xe0, 0x18, 0x88, 0x1,
    0xff, 0xc2, 0x41, 0x0, 0xe5, 0x0, 0xff, 0xe1,
    0x68, 0x7, 0xac, 0x3, 0xff, 0x84, 0xe0, 0x1e,
    0x31, 0x0, 0xff, 0xe0, 0x18, 0x80, 0x7c, 0xe0,
    0x1f, 0xfc, 0xb, 0x0, 0x89, 0x40, 0x2d, 0x0,
    0xff, 0xe0, 0x28, 0x4, 0x9e, 0x1, 0x20, 0x80,
    0x7f, 0x88, 0x80, 0x16, 0xa0, 0x6, 0x40, 0xf,
    0xf5, 0x0, 0x64, 0x13, 0x0, 0xbc, 0x3, 0xfc,
    0xa0, 0x12, 0x0, 0x10, 0x2, 0x50, 0xf, 0xe2,
    0x20, 0x5, 0xa0, 0xb, 0x0, 0xca, 0x1, 0xf9,
    0x40, 0x32, 0x0, 0xc, 0x3, 0x78, 0x7, 0xeb,
    0x0, 0x88, 0x80, 0x12, 0x0, 0x48, 0x1, 0xf0,
    0x98, 0x4, 0x80, 0x1b, 0x40, 0x21, 0x40, 0xf,
    0x30, 0x6, 0x6f, 0xfd, 0x20, 0x1b, 0x40, 0x3d,
    0x60, 0x1f, 0xfc, 0x27, 0x0, 0xe1, 0x30, 0xf,
    0xfe, 0x10, 0x98, 0x6, 0x70, 0xf, 0xfe, 0x25,
    0x80, 0x6d, 0x0, 0xd3, 0x55, 0xf0, 0x6, 0x50,
    0x8, 0x50, 0x2, 0x16, 0x55, 0xf8, 0xc0, 0x22,
    0x20, 0x1, 0x0, 0x32, 0x0, 0x7e, 0x40, 0xc,
    0xa0, 0xe, 0x0, 0xde, 0x1, 0xfb, 0x0, 0x35,
    0x80, 0x10, 0x3, 0x20, 0x7, 0xe4, 0x0, 0xc6,
    0x2a, 0x1, 0x88, 0x40, 0x3f, 0x90, 0x3, 0x38,

    /* U+00C4 "Ä" */
    0x0, 0xe2, 0x76, 0x0, 0xf3, 0x41, 0x80, 0x7f,
    0x1e, 0xc4, 0xe0, 0x6, 0xb9, 0x7c, 0x40, 0xf,
    0xd6, 0x1, 0x19, 0x0, 0x5, 0x0, 0x2d, 0x0,
    0xfd, 0xc0, 0x18, 0xc0, 0x2, 0x1, 0x84, 0x3,
    0xf3, 0x30, 0x6, 0x84, 0x2, 0xb1, 0x5, 0x80,
    0xf, 0xe9, 0xfe, 0x50, 0xc, 0x9d, 0xf4, 0x1,
    0xff, 0xed, 0x4f, 0xfd, 0x0, 0x1f, 0xfc, 0x4d,
    0x0, 0xca, 0x1, 0xff, 0xc4, 0x70, 0xc, 0x44,
    0x0, 0xff, 0xe1, 0x20, 0x80, 0x72, 0x80, 0x7f,
    0xf0, 0xb4, 0x3, 0xd6, 0x1, 0xff, 0xc2, 0x70,
    0xf, 0x18, 0x80, 0x7f, 0xf0, 0xc, 0x40, 0x3e,
    0x70, 0xf, 0xfe, 0x5, 0x80, 0x44, 0xa0, 0x16,
    0x80, 0x7f, 0xf0, 0x14, 0x2, 0x4f, 0x0, 0x90,
    0x40, 0x3f, 0xc4, 0x40, 0xb, 0x50, 0x3, 0x20,
    0x7, 0xfa, 0x80, 0x32, 0x9, 0x80, 0x5e, 0x1,
    0xfe, 0x50, 0x9, 0x0, 0x8, 0x1, 0x28, 0x7,
    0xf1, 0x10, 0x2, 0xd0, 0x5, 0x80, 0x65, 0x0,
    0xfc, 0xa0, 0x19, 0x0, 0x6, 0x1, 0xbc, 0x3,
    0xf5, 0x80, 0x44, 0x40, 0x9, 0x0, 0x24, 0x0,
    0xf8, 0x4c, 0x2, 0x40, 0xd, 0xa0, 0x10, 0xa0,
    0x7, 0x98, 0x3, 0x37, 0xfe, 0x90, 0xd, 0xa0,
    0x1e, 0xb0, 0xf, 0xfe, 0x13, 0x80, 0x70, 0x98,
    0x7, 0xff, 0x8, 0x4c, 0x3, 0x38, 0x7, 0xff,
    0x12, 0xc0, 0x36, 0x80, 0x69, 0xaa, 0xf8, 0x3,
    0x28, 0x4, 0x28, 0x1, 0xb, 0x2a, 0xfc, 0x60,
    0x11, 0x10, 0x0, 0x80, 0x19, 0x0, 0x3f, 0x20,
    0x6, 0x50, 0x7, 0x0, 0x6f, 0x0, 0xfd, 0x80,
    0x1a, 0xc0, 0x8, 0x1, 0x90, 0x3, 0xf2, 0x0,
    0x63, 0x15, 0x0, 0xc4, 0x20, 0x1f, 0xc8, 0x1,
    0x9c,

    /* U+00C5 "Å" */
    0x0, 0xfc, 0x33, 0xdf, 0x66, 0x1, 0xff, 0xc4,
    0xc6, 0x3, 0x4c, 0x20, 0xf, 0xfe, 0x13, 0x12,
    0x76, 0x40, 0x40, 0x7, 0xff, 0xb, 0xc3, 0x40,
    0x8, 0xc, 0x1, 0xff, 0xc2, 0xe0, 0xd0, 0x2,
    0x3, 0x0, 0x7f, 0xf0, 0x9c, 0x53, 0x72, 0x2,
    0x40, 0x3f, 0xf8, 0x7e, 0xa4, 0x66, 0xc3, 0x0,
    0xff, 0xe1, 0x8d, 0x7f, 0xb0, 0xc0, 0x3f, 0xfb,
    0x49, 0xff, 0xa0, 0x3, 0xff, 0x89, 0xa0, 0x19,
    0x40, 0x3f, 0xf8, 0x8e, 0x1, 0x88, 0x80, 0x1f,
    0xfc, 0x24, 0x10, 0xe, 0x50, 0xf, 0xfe, 0x16,
    0x80, 0x7a, 0xc0, 0x3f, 0xf8, 0x4e, 0x1, 0xe3,
    0x10, 0xf, 0xfe, 0x1, 0x88, 0x7, 0xce, 0x1,
    0xff, 0xc0, 0xb0, 0x8, 0x94, 0x2, 0xd0, 0xf,
    0xfe, 0x2, 0x80, 0x49, 0xe0, 0x12, 0x8, 0x7,
    0xf8, 0x88, 0x1, 0x6a, 0x0, 0x64, 0x0, 0xff,
    0x50, 0x6, 0x41, 0x30, 0xb, 0xc0, 0x3f, 0xca,
    0x1, 0x20, 0x1, 0x0, 0x25, 0x0, 0xfe, 0x22,
    0x0, 0x5a, 0x0, 0xb0, 0xc, 0xa0, 0x1f, 0x94,
    0x3, 0x20, 0x0, 0xc0, 0x37, 0x80, 0x7e, 0xb0,
    0x8, 0x88, 0x1, 0x20, 0x4, 0x80, 0x1f, 0x9,
    0x80, 0x48, 0x1, 0xb4, 0x2, 0x14, 0x0, 0xf3,
    0x0, 0x66, 0xff, 0xd2, 0x1, 0xb4, 0x3, 0xd6,
    0x1, 0xff, 0xc2, 0x70, 0xe, 0x13, 0x0, 0xff,
    0xe1, 0x9, 0x80, 0x67, 0x0, 0xff, 0xe2, 0x58,
    0x6, 0xd0, 0xd, 0x35, 0x5f, 0x0, 0x65, 0x0,
    0x85, 0x0, 0x21, 0x65, 0x5f, 0x8c, 0x2, 0x22,
    0x0, 0x10, 0x3, 0x20, 0x7, 0xe4, 0x0, 0xca,
    0x0, 0xe0, 0xd, 0xe0, 0x1f, 0xb0, 0x3, 0x58,
    0x1, 0x0, 0x32, 0x0, 0x7e, 0x40, 0xc, 0x62,
    0xa0, 0x18, 0x84, 0x3, 0xf9, 0x0, 0x33, 0x80,

    /* U+00C6 "Æ" */
    0x0, 0xfe, 0xef, 0xff, 0xf2, 0x80, 0x7e, 0x31,
    0x0, 0xff, 0xe3, 0xd8, 0x7, 0xff, 0x21, 0x40,
    0x3f, 0xf8, 0xe6, 0x40, 0x1f, 0x6e, 0xe5, 0x0,
    0xfa, 0xc0, 0x3f, 0x11, 0x60, 0xf, 0xca, 0x1,
    0x8, 0x7, 0xff, 0xc, 0x88, 0x0, 0x15, 0x0,
    0xff, 0xe1, 0xa8, 0x4, 0xe0, 0x1f, 0xfc, 0x4a,
    0x0, 0xb0, 0x3, 0xff, 0x86, 0x44, 0x0, 0x90,
    0x3, 0xbf, 0xec, 0x0, 0xf2, 0x80, 0x46, 0x20,
    0x1f, 0xfc, 0x3b, 0x0, 0xac, 0x3, 0xff, 0x86,
    0x26, 0x1, 0x20, 0x7, 0xff, 0xd, 0xc0, 0x21,
    0x30, 0xf, 0x6e, 0xe0, 0xe, 0xa0, 0x8, 0xd5,
    0x4c, 0x1, 0x88, 0xa1, 0x0, 0xc2, 0x60, 0x11,
    0x55, 0x8, 0x3, 0xff, 0x80, 0xe0, 0x1f, 0xfc,
    0x8d, 0x0, 0xff, 0xe3, 0x8a, 0x0, 0x7f, 0xf1,
    0xdc, 0x3, 0x57, 0xfc, 0x80, 0x1f, 0xf6, 0x80,
    0x65, 0x0, 0xfc, 0x23, 0xc0, 0x4, 0x0, 0x8c,
    0x3, 0xfb, 0xbb, 0x50, 0x28, 0x6, 0xb0, 0xf,
    0xfe, 0x1f, 0x80, 0x64, 0x0, 0xff, 0xe1, 0xa8,
    0x4, 0x26, 0x1, 0xff, 0xc2,

    /* U+00C7 "Ç" */
    0x0, 0xf3, 0x5f, 0x7f, 0xba, 0xd8, 0x40, 0x3f,
    0x97, 0xa5, 0x4, 0x0, 0x29, 0x3c, 0xc0, 0x1f,
    0x35, 0x8, 0x7, 0xf4, 0xc8, 0x3, 0x96, 0x40,
    0x3f, 0xf8, 0xc, 0xc0, 0xd, 0x60, 0x18, 0xab,
    0x72, 0x48, 0x3, 0x48, 0x4, 0xe2, 0x1, 0x16,
    0xa9, 0x1b, 0x69, 0x80, 0x66, 0x0, 0x50, 0x6,
    0x90, 0xf, 0x78, 0x6, 0xd0, 0x22, 0x0, 0x42,
    0x80, 0x1e, 0x30, 0xc, 0x80, 0xe0, 0x19, 0x0,
    0x3f, 0x3a, 0xae, 0xd, 0x0, 0xda, 0x1, 0xfa,
    0x2a, 0xb0, 0x8, 0x6, 0x10, 0xf, 0xff, 0xf8,
    0x7, 0xff, 0x6c, 0x40, 0x30, 0x80, 0x7f, 0xf0,
    0xb8, 0x3, 0x70, 0x7, 0xe3, 0x3e, 0x4, 0x0,
    0xca, 0x1, 0xfb, 0x33, 0x80, 0x84, 0x2, 0x31,
    0x0, 0xf1, 0x80, 0x62, 0x0, 0x30, 0x6, 0xb0,
    0xf, 0x48, 0x6, 0x50, 0x4, 0x80, 0x65, 0xa2,
    0x0, 0x1d, 0x28, 0x6, 0x90, 0x0, 0xc8, 0x6,
    0x5d, 0xff, 0x62, 0x80, 0x68, 0x10, 0x9, 0x98,
    0x1, 0xff, 0xc0, 0x67, 0x0, 0xe9, 0x90, 0x7,
    0xfa, 0x64, 0x1, 0xf3, 0x74, 0x20, 0x6, 0x49,
    0xf6, 0x0, 0xfe, 0x17, 0xa0, 0x8, 0xe1, 0x80,
    0x3f, 0xf8, 0x2a, 0x1, 0x1e, 0x38, 0x7, 0xff,
    0x5, 0x36, 0x0, 0x28, 0x0, 0xff, 0xe1, 0x13,
    0x88, 0x4, 0x60, 0x1f, 0xfc, 0x24, 0x10, 0x8,
    0x40, 0x3f, 0xf8, 0x3d, 0x60, 0x11, 0x90, 0x7,
    0xff, 0x14, 0x78, 0x3, 0xff, 0x84, 0x62, 0x71,
    0xc4, 0x1, 0xe0,

    /* U+00C8 "È" */
    0x0, 0xaf, 0xff, 0x38, 0x7, 0xff, 0x2, 0xcc,
    0x2, 0x81, 0x0, 0xff, 0xe0, 0x69, 0x0, 0x54,
    0x1, 0xff, 0xc0, 0x1c, 0x10, 0x2, 0x20, 0x3,
    0xff, 0x80, 0x38, 0x20, 0xa, 0x0, 0xff, 0xe0,
    0x97, 0x75, 0xe0, 0x1f, 0xfc, 0x31, 0x18, 0x3,
    0xe6, 0xff, 0xff, 0xe2, 0x60, 0x7, 0xff, 0xbd,
    0xb7, 0x7f, 0xf8, 0x0, 0x1c, 0x24, 0x5f, 0xf0,
    0x80, 0x7f, 0xff, 0xc0, 0xf, 0xff, 0xfe, 0x0,
    0xff, 0xf8, 0xb7, 0xff, 0xf8, 0x3, 0xe1, 0x0,
    0xff, 0xff, 0x80, 0x7f, 0xf5, 0x4, 0x8b, 0xfe,
    0x10, 0xe, 0x6d, 0xdf, 0xfb, 0x0, 0x3f, 0xfd,
    0x40,

    /* U+00C9 "É" */
    0x0, 0xff, 0x67, 0xfe, 0x60, 0xf, 0xf9, 0xcc,
    0x2, 0x86, 0x0, 0xff, 0x14, 0x0, 0x50, 0xe0,
    0x1f, 0xf7, 0x0, 0x4e, 0xe0, 0xf, 0xf9, 0x8c,
    0x0, 0xd0, 0x1, 0xff, 0xc0, 0x6e, 0xea, 0x40,
    0x3f, 0xf8, 0x42, 0x30, 0x7, 0xcd, 0xff, 0xff,
    0xc4, 0xc0, 0xf, 0xff, 0x7b, 0x6e, 0xff, 0xf0,
    0x0, 0x38, 0x48, 0xbf, 0xe1, 0x0, 0xff, 0xff,
    0x80, 0x1f, 0xff, 0xfc, 0x1, 0xff, 0xf1, 0x6f,
    0xff, 0xf0, 0x7, 0xc2, 0x1, 0xff, 0xff, 0x0,
    0xff, 0xea, 0x9, 0x17, 0xfc, 0x20, 0x1c, 0xdb,
    0xbf, 0xf6, 0x0, 0x7f, 0xfa, 0x80,

    /* U+00CA "Ê" */
    0x0, 0xf8, 0xe2, 0xe, 0x1, 0xff, 0xc1, 0x6c,
    0x77, 0x46, 0x90, 0x7, 0xfa, 0xa4, 0x3, 0x16,
    0xa8, 0x7, 0xc5, 0xaa, 0x0, 0x7d, 0x30, 0x5,
    0x40, 0x7, 0x16, 0x10, 0x2, 0xe0, 0xb1, 0x80,
    0xf, 0x60, 0x18, 0xbb, 0xfe, 0x40, 0xa, 0x7f,
    0xeb, 0x0, 0xff, 0xed, 0x37, 0xff, 0xff, 0x13,
    0x0, 0x3f, 0xfd, 0xed, 0xbb, 0xff, 0xc0, 0x0,
    0xe1, 0x22, 0xff, 0x84, 0x3, 0xff, 0xfe, 0x0,
    0x7f, 0xff, 0xf0, 0x7, 0xff, 0xc5, 0xbf, 0xff,
    0xc0, 0x1f, 0x8, 0x7, 0xff, 0xfc, 0x3, 0xff,
    0xa8, 0x24, 0x5f, 0xf0, 0x80, 0x73, 0x6e, 0xff,
    0xd8, 0x1, 0xff, 0xea,

    /* U+00CB "Ë" */
    0x0, 0x9f, 0xb8, 0xe0, 0x18, 0xf7, 0xf0, 0x40,
    0x32, 0x40, 0x8a, 0xc, 0x2, 0xe2, 0x3, 0xb0,
    0xc, 0x20, 0x19, 0x80, 0x23, 0x0, 0x98, 0x3,
    0x20, 0x80, 0x5, 0x0, 0x27, 0x0, 0xa8, 0x3,
    0xf, 0xc4, 0x3c, 0x40, 0x29, 0xa8, 0xb6, 0x0,
    0xe1, 0x77, 0x8, 0x7, 0x2b, 0xa0, 0x7, 0xff,
    0x25, 0xbf, 0xff, 0xf8, 0x98, 0x1, 0xff, 0xef,
    0x6d, 0xdf, 0xfe, 0x0, 0x7, 0x9, 0x17, 0xfc,
    0x20, 0x1f, 0xff, 0xf0, 0x3, 0xff, 0xff, 0x80,
    0x3f, 0xfe, 0x2d, 0xff, 0xfe, 0x0, 0xf8, 0x40,
    0x3f, 0xff, 0xe0, 0x1f, 0xfd, 0x41, 0x22, 0xff,
    0x84, 0x3, 0x9b, 0x77, 0xfe, 0xc0, 0xf, 0xff,
    0x50,

    /* U+00CC "Ì" */
    0x0, 0x8, 0xe0, 0xf, 0xf9, 0xfb, 0xb6, 0x0,
    0x7f, 0x9d, 0xc0, 0x11, 0xb0, 0x7, 0xfa, 0x18,
    0x2, 0x81, 0x0, 0xff, 0x4a, 0x80, 0x6, 0x0,
    0x3f, 0xea, 0x40, 0x3, 0x18, 0x7, 0xfd, 0x7f,
    0xf1, 0x80, 0x7f, 0xf2, 0xa7, 0xff, 0xff, 0x84,
    0x60, 0x1f, 0xfe, 0x48, 0xdd, 0xc6, 0x1, 0xaf,
    0x77, 0x18, 0x91, 0x67, 0x0, 0xce, 0x45, 0x80,
    0x3f, 0xff, 0xe0, 0x1f, 0xff, 0xf0, 0xf, 0xff,
    0xf8, 0x7, 0xff, 0x14, 0x47, 0x38, 0x6, 0x71,
    0x1c, 0x13, 0xdd, 0x8c, 0x3, 0x5f, 0x76, 0x30,
    0xf, 0xff, 0x20,

    /* U+00CD "Í" */
    0x0, 0xfe, 0x11, 0xe0, 0xf, 0xf4, 0xf7, 0x68,
    0x0, 0xfe, 0x36, 0x0, 0x96, 0x40, 0x3f, 0xb8,
    0x2, 0x5a, 0x0, 0xfe, 0x82, 0x0, 0x25, 0x0,
    0x7f, 0x1b, 0x80, 0x12, 0xc0, 0x3f, 0xc7, 0xff,
    0x58, 0x7, 0xff, 0x2a, 0x7f, 0xff, 0xf8, 0x46,
    0x1, 0xff, 0xe4, 0x8d, 0xdc, 0x60, 0x1a, 0xf7,
    0x71, 0x89, 0x16, 0x70, 0xc, 0xe4, 0x58, 0x3,
    0xff, 0xfe, 0x1, 0xff, 0xff, 0x0, 0xff, 0xff,
    0x80, 0x7f, 0xf1, 0x44, 0x73, 0x80, 0x67, 0x11,
    0xc1, 0x3d, 0xd8, 0xc0, 0x35, 0xf7, 0x63, 0x0,
    0xff, 0xf2, 0x0,

    /* U+00CE "Î" */
    0x0, 0xe7, 0xff, 0xa0, 0x3, 0xfd, 0x30, 0x1,
    0x3d, 0x0, 0x7e, 0xa6, 0x0, 0x10, 0x1, 0x70,
    0x40, 0x30, 0xe2, 0x80, 0x1b, 0x60, 0x0, 0x78,
    0x40, 0x16, 0x18, 0x2, 0x24, 0x1e, 0x80, 0x5,
    0x82, 0x0, 0xdf, 0xf9, 0xc0, 0x25, 0xff, 0xb8,
    0x40, 0x3f, 0xfa, 0xb3, 0xff, 0xff, 0xc2, 0x30,
    0xf, 0xff, 0x24, 0x6e, 0xe3, 0x0, 0xd7, 0xbb,
    0x8c, 0x48, 0xb3, 0x80, 0x67, 0x22, 0xc0, 0x1f,
    0xff, 0xf0, 0xf, 0xff, 0xf8, 0x7, 0xff, 0xfc,
    0x3, 0xff, 0x8a, 0x23, 0x9c, 0x3, 0x38, 0x8e,
    0x9, 0xee, 0xc6, 0x1, 0xaf, 0xbb, 0x18, 0x7,
    0xff, 0x90,

    /* U+00CF "Ï" */
    0x0, 0x33, 0x98, 0x7, 0x1c, 0x30, 0x6, 0xc9,
    0x8c, 0x30, 0x9, 0x71, 0xe6, 0x80, 0x2, 0x60,
    0x15, 0x0, 0x5e, 0x1, 0x28, 0x0, 0x40, 0x37,
    0x0, 0x46, 0x1, 0x8, 0x5, 0x62, 0xa, 0xe0,
    0x14, 0x20, 0x15, 0x0, 0x49, 0xdf, 0x40, 0x18,
    0x6f, 0xf5, 0x0, 0x3f, 0xfa, 0xd3, 0xff, 0xff,
    0xc2, 0x30, 0xf, 0xff, 0x24, 0x6e, 0xe3, 0x0,
    0xd7, 0xbb, 0x8c, 0x48, 0xb3, 0x80, 0x67, 0x22,
    0xc0, 0x1f, 0xff, 0xf0, 0xf, 0xff, 0xf8, 0x7,
    0xff, 0xfc, 0x3, 0xff, 0x8a, 0x23, 0x9c, 0x3,
    0x38, 0x8e, 0x9, 0xee, 0xc6, 0x1, 0xaf, 0xbb,
    0x18, 0x7, 0xff, 0x90,

    /* U+00D0 "Ð" */
    0x0, 0xa3, 0xff, 0xee, 0xc8, 0x20, 0xf, 0xfe,
    0x30, 0x9b, 0xed, 0x90, 0x7, 0xff, 0x21, 0x35,
    0x40, 0x3f, 0xf9, 0x34, 0xc0, 0x1f, 0xf3, 0xee,
    0xad, 0x80, 0x3a, 0x48, 0x3, 0xfd, 0xe4, 0x44,
    0x9c, 0x10, 0xd, 0xc0, 0x1f, 0xfc, 0x33, 0xd0,
    0xc, 0x66, 0x0, 0xff, 0xe1, 0x9b, 0x0, 0x6a,
    0x0, 0xff, 0xe2, 0x50, 0x6, 0x70, 0xf, 0xfe,
    0x21, 0x80, 0x61, 0x10, 0x7, 0xff, 0x10, 0x80,
    0x31, 0x5f, 0xf9, 0xc0, 0x34, 0x7f, 0xcc, 0x1,
    0x8, 0x6, 0x70, 0xf, 0xfe, 0x23, 0x80, 0x7f,
    0xf3, 0xe2, 0xec, 0xa0, 0x19, 0xae, 0xe7, 0x0,
    0xfe, 0x34, 0x41, 0x0, 0x6e, 0x44, 0x84, 0x2,
    0x70, 0xc, 0xe0, 0x1f, 0xfc, 0x43, 0x0, 0xc4,
    0x1, 0xff, 0xc3, 0x30, 0xc, 0x22, 0x0, 0xff,
    0xe1, 0xd8, 0x6, 0x40, 0xf, 0xfe, 0x19, 0x38,
    0x6, 0xe0, 0xf, 0xfe, 0x10, 0xf8, 0x6, 0x34,
    0x0, 0xff, 0x8, 0x8e, 0x3c, 0x80, 0x37, 0x80,
    0x7f, 0xa3, 0xb9, 0x8e, 0x20, 0x1a, 0x4c, 0x3,
    0xff, 0x8f, 0x2c, 0x1, 0xff, 0xc6, 0x3c, 0x60,
    0xf, 0xfe, 0x21, 0xb6, 0x60, 0xc0, 0x38,

    /* U+00D1 "Ñ" */
    0x0, 0xe2, 0x30, 0xe, 0x13, 0x0, 0xfd, 0x7b,
    0x9a, 0xa0, 0x13, 0xe7, 0x8, 0x7, 0x52, 0x0,
    0xa, 0xad, 0x55, 0x0, 0x22, 0x0, 0xc6, 0xa0,
    0x1c, 0x95, 0x41, 0x5, 0x0, 0xeb, 0x0, 0x47,
    0xd9, 0x0, 0x74, 0x0, 0x77, 0x10, 0xb8, 0x26,
    0xc0, 0x81, 0xe1, 0x0, 0x73, 0x6f, 0x80, 0x67,
    0xef, 0xc3, 0x0, 0xfc, 0x20, 0x1f, 0xfd, 0x3d,
    0xff, 0xca, 0x1, 0xec, 0xff, 0xc4, 0x1, 0xd2,
    0x1, 0xff, 0xc5, 0x33, 0x0, 0x7f, 0xf1, 0x68,
    0x3, 0xff, 0x8a, 0xc2, 0x1, 0xff, 0xc5, 0x60,
    0xf, 0xfe, 0x2d, 0x0, 0x7f, 0xf1, 0x49, 0x0,
    0x3f, 0xf8, 0xbe, 0x1, 0xff, 0xc2, 0x10, 0x2,
    0x10, 0x7, 0xff, 0x6, 0x40, 0x2b, 0x0, 0xff,
    0xe0, 0xa8, 0x80, 0x18, 0x3, 0xff, 0x85, 0x20,
    0x13, 0x0, 0x7f, 0xf0, 0x58, 0x2, 0xb0, 0xf,
    0xfe, 0x8, 0xa8, 0x0, 0x90, 0x3, 0xff, 0x83,
    0x20, 0x17, 0x80, 0x7f, 0xf0, 0x4c, 0xc0, 0x4,
    0x20, 0xf, 0xfe, 0xc, 0x80, 0x42, 0x1, 0xff,
    0xc1, 0x51, 0x0, 0xff, 0xe2, 0xb0, 0x7, 0xff,
    0x16, 0x40, 0x3f, 0xf8, 0xa2, 0xa0, 0x1f, 0xfc,
    0x59, 0x0, 0xff, 0xe2, 0x99, 0x80, 0x3f, 0xf8,
    0xb4, 0x1, 0xff, 0xc5, 0x61, 0x0, 0xe0,

    /* U+00D2 "Ò" */
    0x0, 0x93, 0xff, 0x70, 0x80, 0x7f, 0xf0, 0x52,
    0x80, 0x21, 0x80, 0xf, 0xfe, 0x12, 0xc8, 0x4,
    0xc6, 0x1, 0xff, 0xc2, 0x68, 0x0, 0xb8, 0x3,
    0xff, 0x86, 0xec, 0x0, 0x27, 0x0, 0xff, 0xe1,
    0xcf, 0x74, 0xe0, 0x1f, 0xfc, 0x41, 0x18, 0x3,
    0xff, 0xac, 0x2f, 0x9d, 0xfe, 0xd9, 0x30, 0xf,
    0xf3, 0xf4, 0x18, 0x80, 0x9, 0xb2, 0xc4, 0x3,
    0xe9, 0x80, 0xf, 0xe4, 0xf2, 0x0, 0xe6, 0x60,
    0x7, 0xfc, 0x3e, 0x1, 0x86, 0x40, 0x31, 0x4d,
    0xd2, 0x80, 0x62, 0x80, 0xa, 0x40, 0x31, 0xeb,
    0x22, 0xd4, 0x0, 0x67, 0x10, 0x3, 0x0, 0x6f,
    0x0, 0xe7, 0x30, 0xc, 0xc0, 0x62, 0x1, 0x11,
    0x80, 0x7a, 0x40, 0x36, 0x2, 0x80, 0x64, 0x0,
    0xf9, 0x0, 0x32, 0x7, 0x0, 0x6e, 0x0, 0xf8,
    0x40, 0x38, 0x44, 0x1, 0xff, 0xc1, 0x20, 0xc,
    0x60, 0x1c, 0x20, 0x1f, 0xff, 0xf0, 0xc, 0x20,
    0x1f, 0xfc, 0x21, 0x0, 0xff, 0xe0, 0x90, 0x6,
    0x3e, 0x0, 0xdc, 0x1, 0xf0, 0x80, 0x70, 0xa0,
    0x6, 0x40, 0xf, 0x90, 0x3, 0x20, 0x10, 0x80,
    0x44, 0x60, 0x1e, 0x90, 0xd, 0x80, 0x7, 0x0,
    0xde, 0x1, 0xcc, 0x60, 0x19, 0x80, 0x10, 0x1,
    0x8f, 0x14, 0xd2, 0xa4, 0x3, 0x38, 0x80, 0x6,
    0x40, 0x31, 0xd6, 0x5a, 0x80, 0x62, 0x80, 0xc,
    0xcc, 0x0, 0xff, 0x87, 0xc0, 0x3d, 0x30, 0x1,
    0xfc, 0x9e, 0x40, 0x1f, 0x3f, 0x41, 0x88, 0x0,
    0x9b, 0x2c, 0x40, 0x30,

    /* U+00D3 "Ó" */
    0x0, 0xff, 0x27, 0xfe, 0xd1, 0x0, 0xff, 0xe0,
    0xd0, 0x4, 0x58, 0x20, 0x1f, 0xfc, 0x9, 0x10,
    0x0, 0xf8, 0x80, 0x7f, 0xf0, 0xd, 0x80, 0x3,
    0x84, 0x1, 0xff, 0xc1, 0xe0, 0x0, 0xe1, 0x0,
    0x7f, 0xf0, 0xb3, 0xba, 0x20, 0xf, 0xfe, 0x18,
    0x8c, 0x1, 0xff, 0xd6, 0x17, 0xce, 0xff, 0x6c,
    0x98, 0x7, 0xf9, 0xfa, 0xc, 0x40, 0x4, 0xd9,
    0x62, 0x1, 0xf4, 0xc0, 0x7, 0xf2, 0x79, 0x0,
    0x73, 0x30, 0x3, 0xfe, 0x1f, 0x0, 0xc3, 0x20,
    0x18, 0xa6, 0xe9, 0x40, 0x31, 0x40, 0x5, 0x20,
    0x18, 0xf5, 0x91, 0x6a, 0x0, 0x33, 0x88, 0x1,
    0x80, 0x37, 0x80, 0x73, 0x98, 0x6, 0x60, 0x31,
    0x0, 0x88, 0xc0, 0x3d, 0x20, 0x1b, 0x1, 0x40,
    0x32, 0x0, 0x7c, 0x80, 0x19, 0x3, 0x80, 0x37,
    0x0, 0x7c, 0x20, 0x1c, 0x22, 0x0, 0xff, 0xe0,
    0x90, 0x6, 0x30, 0xe, 0x10, 0xf, 0xff, 0xf8,
    0x6, 0x10, 0xf, 0xfe, 0x10, 0x80, 0x7f, 0xf0,
    0x48, 0x3, 0x1f, 0x0, 0x6e, 0x0, 0xf8, 0x40,
    0x38, 0x50, 0x3, 0x20, 0x7, 0xc8, 0x1, 0x90,
    0x8, 0x40, 0x22, 0x30, 0xf, 0x48, 0x6, 0xc0,
    0x3, 0x80, 0x6f, 0x0, 0xe6, 0x30, 0xc, 0xc0,
    0x8, 0x0, 0xc7, 0x8a, 0x69, 0x52, 0x1, 0x9c,
    0x40, 0x3, 0x20, 0x18, 0xeb, 0x2d, 0x40, 0x31,
    0x40, 0x6, 0x66, 0x0, 0x7f, 0xc3, 0xe0, 0x1e,
    0x98, 0x0, 0xfe, 0x4f, 0x20, 0xf, 0x9f, 0xa0,
    0xc4, 0x0, 0x4d, 0x96, 0x20, 0x18,

    /* U+00D4 "Ô" */
    0x0, 0xfc, 0xd1, 0x4, 0x0, 0xff, 0xe1, 0xdc,
    0xbb, 0xad, 0x80, 0x3f, 0xf8, 0x3, 0x88, 0x1,
    0xa6, 0x0, 0x3f, 0xc5, 0x86, 0x0, 0x84, 0x0,
    0x3d, 0x0, 0x7e, 0x3c, 0x20, 0x5, 0xbd, 0xb0,
    0x1, 0x70, 0x40, 0x3c, 0xcc, 0x77, 0x62, 0x0,
    0x26, 0x4e, 0xe4, 0x20, 0xf, 0x2c, 0x44, 0x60,
    0x19, 0xa2, 0x23, 0x0, 0xff, 0xf2, 0xb, 0xe7,
    0x7f, 0xb6, 0x4c, 0x3, 0xfc, 0xfd, 0x6, 0x20,
    0x2, 0x6c, 0xb1, 0x0, 0xfa, 0x60, 0x3, 0xf9,
    0x3c, 0x80, 0x39, 0x98, 0x1, 0xff, 0xf, 0x80,
    0x61, 0x90, 0xc, 0x53, 0x74, 0xa0, 0x18, 0xa0,
    0x2, 0x90, 0xc, 0x7a, 0xc8, 0xb5, 0x0, 0x19,
    0xc4, 0x0, 0xc0, 0x1b, 0xc0, 0x39, 0xcc, 0x3,
    0x30, 0x18, 0x80, 0x44, 0x60, 0x1e, 0x90, 0xd,
    0x80, 0xa0, 0x19, 0x0, 0x3e, 0x40, 0xc, 0x81,
    0xc0, 0x1b, 0x80, 0x3e, 0x10, 0xe, 0x11, 0x0,
    0x7f, 0xf0, 0x48, 0x3, 0x18, 0x7, 0x8, 0x7,
    0xff, 0xfc, 0x3, 0x8, 0x7, 0xff, 0x8, 0x40,
    0x3f, 0xf8, 0x24, 0x1, 0x8f, 0x80, 0x37, 0x0,
    0x7c, 0x20, 0x1c, 0x28, 0x1, 0x90, 0x3, 0xe4,
    0x0, 0xc8, 0x4, 0x20, 0x11, 0x18, 0x7, 0xa4,
    0x3, 0x60, 0x1, 0xc0, 0x37, 0x80, 0x73, 0x18,
    0x6, 0x60, 0x4, 0x0, 0x63, 0xc5, 0x34, 0xa9,
    0x0, 0xce, 0x20, 0x1, 0x90, 0xc, 0x75, 0x96,
    0xa0, 0x18, 0xa0, 0x3, 0x33, 0x0, 0x3f, 0xe1,
    0xf0, 0xf, 0x4c, 0x0, 0x7f, 0x27, 0x90, 0x7,
    0xcf, 0xd0, 0x62, 0x0, 0x26, 0xcb, 0x10, 0xc,

    /* U+00D5 "Õ" */
    0x0, 0xff, 0xe6, 0xbf, 0x7d, 0x98, 0x4, 0xbf,
    0x82, 0x1, 0xf4, 0x40, 0x41, 0x32, 0xd5, 0x56,
    0x6, 0x1, 0xf1, 0x38, 0x7, 0x25, 0x50, 0x40,
    0xc4, 0x3, 0xca, 0x0, 0x5b, 0x81, 0x0, 0xef,
    0x0, 0xf8, 0x44, 0x14, 0x8f, 0xd0, 0x20, 0x78,
    0x60, 0x1f, 0x37, 0x68, 0x6, 0x7e, 0xfc, 0x30,
    0xf, 0xf1, 0x0, 0x7f, 0xfb, 0xc5, 0xf3, 0xbf,
    0xdb, 0x26, 0x1, 0xfe, 0x7e, 0x83, 0x10, 0x1,
    0x36, 0x58, 0x80, 0x7d, 0x30, 0x1, 0xfc, 0x9e,
    0x40, 0x1c, 0xcc, 0x0, 0xff, 0x87, 0xc0, 0x30,
    0xc8, 0x6, 0x29, 0xba, 0x50, 0xc, 0x50, 0x1,
    0x48, 0x6, 0x3d, 0x64, 0x5a, 0x80, 0xc, 0xe2,
    0x0, 0x60, 0xd, 0xe0, 0x1c, 0xe6, 0x1, 0x98,
    0xc, 0x40, 0x22, 0x30, 0xf, 0x48, 0x6, 0xc0,
    0x50, 0xc, 0x80, 0x1f, 0x20, 0x6, 0x40, 0xe0,
    0xd, 0xc0, 0x1f, 0x8, 0x7, 0x8, 0x80, 0x3f,
    0xf8, 0x24, 0x1, 0x8c, 0x3, 0x84, 0x3, 0xff,
    0xfe, 0x1, 0x84, 0x3, 0xff, 0x84, 0x20, 0x1f,
    0xfc, 0x12, 0x0, 0xc7, 0xc0, 0x1b, 0x80, 0x3e,
    0x10, 0xe, 0x14, 0x0, 0xc8, 0x1, 0xf2, 0x0,
    0x64, 0x2, 0x10, 0x8, 0x8c, 0x3, 0xd2, 0x1,
    0xb0, 0x0, 0xe0, 0x1b, 0xc0, 0x39, 0x8c, 0x3,
    0x30, 0x2, 0x0, 0x31, 0xe2, 0x9a, 0x54, 0x80,
    0x67, 0x10, 0x0, 0xc8, 0x6, 0x3a, 0xcb, 0x50,
    0xc, 0x50, 0x1, 0x99, 0x80, 0x1f, 0xf0, 0xf8,
    0x7, 0xa6, 0x0, 0x3f, 0x93, 0xc8, 0x3, 0xe7,
    0xe8, 0x31, 0x0, 0x13, 0x65, 0x88, 0x6,

    /* U+00D6 "Ö" */
    0x0, 0x8b, 0x3f, 0x8, 0x3, 0x47, 0xf3, 0x80,
    0x7d, 0x26, 0x7, 0x20, 0x12, 0x38, 0xc, 0x10,
    0x7, 0x98, 0x2, 0x60, 0x8, 0x80, 0x33, 0x0,
    0x7a, 0x80, 0x2a, 0x0, 0x9c, 0x40, 0x2, 0x80,
    0x1e, 0x7b, 0x8b, 0x70, 0x8, 0x7e, 0x21, 0xe0,
    0x1f, 0x91, 0xd0, 0x3, 0x85, 0xdc, 0x20, 0x1f,
    0xfe, 0x51, 0x7c, 0xef, 0xf6, 0xc9, 0x80, 0x7f,
    0x9f, 0xa0, 0xc4, 0x0, 0x4d, 0x96, 0x20, 0x1f,
    0x4c, 0x0, 0x7f, 0x27, 0x90, 0x7, 0x33, 0x0,
    0x3f, 0xe1, 0xf0, 0xc, 0x32, 0x1, 0x8a, 0x6e,
    0x94, 0x3, 0x14, 0x0, 0x52, 0x1, 0x8f, 0x59,
    0x16, 0xa0, 0x3, 0x38, 0x80, 0x18, 0x3, 0x78,
    0x7, 0x39, 0x80, 0x66, 0x3, 0x10, 0x8, 0x8c,
    0x3, 0xd2, 0x1, 0xb0, 0x14, 0x3, 0x20, 0x7,
    0xc8, 0x1, 0x90, 0x38, 0x3, 0x70, 0x7, 0xc2,
    0x1, 0xc2, 0x20, 0xf, 0xfe, 0x9, 0x0, 0x63,
    0x0, 0xe1, 0x0, 0xff, 0xff, 0x80, 0x61, 0x0,
    0xff, 0xe1, 0x8, 0x7, 0xff, 0x4, 0x80, 0x31,
    0xf0, 0x6, 0xe0, 0xf, 0x84, 0x3, 0x85, 0x0,
    0x32, 0x0, 0x7c, 0x80, 0x19, 0x0, 0x84, 0x2,
    0x23, 0x0, 0xf4, 0x80, 0x6c, 0x0, 0x38, 0x6,
    0xf0, 0xe, 0x63, 0x0, 0xcc, 0x0, 0x80, 0xc,
    0x78, 0xa6, 0x95, 0x20, 0x19, 0xc4, 0x0, 0x32,
    0x1, 0x8e, 0xb2, 0xd4, 0x3, 0x14, 0x0, 0x66,
    0x60, 0x7, 0xfc, 0x3e, 0x1, 0xe9, 0x80, 0xf,
    0xe4, 0xf2, 0x0, 0xf9, 0xfa, 0xc, 0x40, 0x4,
    0xd9, 0x62, 0x1, 0x80,

    /* U+00D7 "×" */
    0x0, 0xff, 0xe4, 0xe, 0xa0, 0x7, 0xe3, 0xd2,
    0x0, 0x87, 0xa, 0xd0, 0x3, 0xc5, 0xa5, 0x84,
    0x0, 0xc2, 0x0, 0x59, 0x80, 0x62, 0xc1, 0x1,
    0xc1, 0x4, 0x0, 0xda, 0x40, 0x1, 0xc1, 0x0,
    0x94, 0x42, 0x54, 0x2, 0x1c, 0x21, 0xc1, 0x0,
    0x92, 0xc0, 0x2a, 0x40, 0x8, 0x73, 0x4, 0x1,
    0x1d, 0x80, 0x75, 0xa0, 0x4, 0x24, 0x1, 0x1e,
    0x80, 0x7d, 0x66, 0x1, 0xe2, 0xd1, 0x0, 0xfd,
    0xa0, 0x1e, 0xf1, 0x0, 0xfe, 0xa0, 0xf, 0x70,
    0x7, 0xf5, 0x20, 0x7, 0x8e, 0xc0, 0x3e, 0x95,
    0x0, 0x84, 0x40, 0x12, 0x58, 0x7, 0x43, 0x0,
    0x6d, 0xc1, 0x0, 0x92, 0x80, 0x28, 0x70, 0xd,
    0x66, 0x58, 0x20, 0x12, 0xd0, 0x1, 0x80, 0x35,
    0xa0, 0x0, 0xb4, 0x3, 0x21, 0x6, 0x8, 0x2,
    0x90, 0x3, 0x1e, 0x0, 0x5a, 0x40, 0x58, 0x32,
    0xa0, 0x1e, 0x3b, 0x1c, 0x30, 0x8, 0xbd, 0x80,
    0x3f, 0x27, 0x18, 0x0,

    /* U+00D8 "Ø" */
    0x0, 0xff, 0xe2, 0x2f, 0xfb, 0x40, 0x3f, 0xf8,
    0xbe, 0x0, 0xa0, 0xf, 0x85, 0xef, 0xbf, 0xdb,
    0x26, 0xa, 0x0, 0x60, 0xf, 0x37, 0xc2, 0x8,
    0x0, 0x9b, 0x34, 0x0, 0xc2, 0x1, 0xd1, 0x22,
    0x1, 0xf8, 0x80, 0x14, 0x1, 0xca, 0xe0, 0x1f,
    0xfc, 0x1, 0x30, 0xc, 0x36, 0x1, 0x8a, 0x6e,
    0xcc, 0x1, 0x86, 0x0, 0x33, 0x8, 0x4, 0x58,
    0xc8, 0x89, 0x40, 0xc, 0xe2, 0x1, 0x50, 0x6,
    0x91, 0x0, 0x8d, 0x0, 0x39, 0x80, 0x2, 0x40,
    0x10, 0xa0, 0x6, 0xf0, 0xf, 0x58, 0x1, 0x40,
    0x32, 0x80, 0x65, 0x30, 0x20, 0xc, 0x60, 0x2,
    0x0, 0xc4, 0x1, 0xac, 0x1, 0x24, 0x1, 0x88,
    0x4, 0x3, 0x8, 0x5, 0x2, 0x8, 0x81, 0x0,
    0xc2, 0x1e, 0x1, 0xf1, 0x38, 0x2, 0x40, 0x3c,
    0xe0, 0x1f, 0xd2, 0x0, 0x72, 0x0, 0xff, 0xe1,
    0xa2, 0x0, 0x60, 0x3, 0xff, 0x89, 0x20, 0xb,
    0x0, 0xff, 0x78, 0x7, 0x39, 0x1, 0xa8, 0x7,
    0xe7, 0x1, 0x0, 0xc5, 0x0, 0xf, 0x0, 0xc2,
    0x1, 0x84, 0x8, 0x3, 0x28, 0x1, 0x8c, 0x3,
    0x10, 0x6, 0x20, 0x50, 0xf, 0xa0, 0x3, 0x20,
    0x6, 0x20, 0x0, 0x90, 0x7, 0x40, 0x80, 0x6e,
    0x0, 0xca, 0x1, 0x58, 0x7, 0x30, 0x6, 0x55,
    0x0, 0x6a, 0x0, 0x98, 0x40, 0x36, 0x31, 0xa4,
    0xd0, 0x6, 0x52, 0x0, 0xcc, 0x1, 0x8a, 0x72,
    0xd8, 0x3, 0xd, 0x80, 0x61, 0x70, 0xf, 0xfe,
    0x0, 0xe8, 0x80, 0x69, 0x0, 0x18, 0x80, 0x7e,
    0x4c, 0x30, 0xc, 0x2e, 0x0, 0xee, 0x4a, 0x8,
    0x0, 0x9a, 0xec, 0x40, 0x1d, 0x60, 0x6, 0x20,
    0x6b, 0xef, 0xf6, 0xca, 0x0, 0x7d, 0xae, 0xe8,
    0x0, 0xff, 0xe2, 0x0,

    /* U+00D9 "Ù" */
    0x0, 0x84, 0x70, 0x7, 0xff, 0x4, 0xbf, 0xba,
    0xf3, 0x0, 0xff, 0x8b, 0x0, 0x37, 0x80, 0x7f,
    0xf0, 0xb, 0x0, 0x23, 0x60, 0xf, 0xfe, 0x1,
    0xd8, 0x5, 0x2, 0x1, 0xff, 0xc0, 0x4a, 0x0,
    0xd, 0x80, 0x7f, 0xf0, 0x57, 0xfe, 0xa0, 0xf,
    0xfe, 0x6e, 0x7f, 0xe2, 0x0, 0xf4, 0x7f, 0xe5,
    0x0, 0xff, 0xff, 0x80, 0x7f, 0xff, 0xc0, 0x3c,
    0x20, 0x1f, 0xe1, 0x0, 0xff, 0x8c, 0x3, 0xff,
    0xfe, 0x1, 0xff, 0xe6, 0x37, 0x0, 0xcc, 0x1,
    0xe2, 0x0, 0xc2, 0x60, 0x1b, 0x40, 0x3c, 0xa0,
    0x19, 0xb0, 0x3, 0x30, 0x80, 0x67, 0x10, 0x8,
    0x88, 0x82, 0x1, 0xe, 0x20, 0x94, 0x40, 0x3,
    0x28, 0x2, 0xc0, 0x31, 0x5f, 0x6b, 0x80, 0x61,
    0x90, 0x2, 0xb0, 0x7, 0xff, 0x3, 0x44, 0x2,
    0x98, 0x0, 0xfe, 0x2c, 0x30, 0xe, 0x7e, 0x83,
    0x10, 0x1, 0x2d, 0x69, 0x80, 0x40,

    /* U+00DA "Ú" */
    0x0, 0xff, 0x84, 0x70, 0x7, 0xff, 0x0, 0xff,
    0xba, 0xf2, 0x0, 0xff, 0xb8, 0x2, 0x1c, 0x20,
    0xf, 0xf3, 0x90, 0x0, 0x70, 0x80, 0x3f, 0xc5,
    0x0, 0x16, 0x90, 0x7, 0xfd, 0xc0, 0x16, 0x18,
    0x7, 0xff, 0x3, 0x3f, 0xe3, 0x0, 0xff, 0xe6,
    0x67, 0xfe, 0x20, 0xf, 0x47, 0xfe, 0x50, 0xf,
    0xff, 0xf8, 0x7, 0xff, 0xfc, 0x3, 0xc2, 0x1,
    0xfe, 0x10, 0xf, 0xf8, 0xc0, 0x3f, 0xff, 0xe0,
    0x1f, 0xfe, 0x63, 0x70, 0xc, 0xc0, 0x1e, 0x20,
    0xc, 0x26, 0x1, 0xb4, 0x3, 0xca, 0x1, 0x9b,
    0x0, 0x33, 0x8, 0x6, 0x71, 0x0, 0x88, 0x88,
    0x20, 0x10, 0xe2, 0x9, 0x44, 0x0, 0x32, 0x80,
    0x2c, 0x3, 0x15, 0xf6, 0xb8, 0x6, 0x19, 0x0,
    0x2b, 0x0, 0x7f, 0xf0, 0x34, 0x40, 0x29, 0x80,
    0xf, 0xe2, 0xc3, 0x0, 0xe7, 0xe8, 0x31, 0x0,
    0x12, 0xd6, 0x98, 0x4,

    /* U+00DB "Û" */
    0x0, 0xf1, 0x6f, 0xfb, 0x44, 0x3, 0xfe, 0x3c,
    0x20, 0x1, 0x79, 0x80, 0x7f, 0x2e, 0x8, 0x8,
    0x0, 0x71, 0x0, 0x3e, 0x7a, 0x0, 0x16, 0x60,
    0x40, 0x16, 0xc0, 0x1c, 0xd0, 0x0, 0x3c, 0x23,
    0xf3, 0x0, 0x4b, 0x0, 0x66, 0xff, 0xb0, 0x40,
    0x3, 0x9f, 0xf3, 0x0, 0x7f, 0xf6, 0xb3, 0xff,
    0x10, 0x7, 0xa3, 0xff, 0x28, 0x7, 0xff, 0xfc,
    0x3, 0xff, 0xfe, 0x1, 0xe1, 0x0, 0xff, 0x8,
    0x7, 0xfc, 0x60, 0x1f, 0xff, 0xf0, 0xf, 0xff,
    0x31, 0xb8, 0x6, 0x60, 0xf, 0x10, 0x6, 0x13,
    0x0, 0xda, 0x1, 0xe5, 0x0, 0xcd, 0x80, 0x19,
    0x84, 0x3, 0x38, 0x80, 0x44, 0x44, 0x10, 0x8,
    0x71, 0x4, 0xa2, 0x0, 0x19, 0x40, 0x16, 0x1,
    0x8a, 0xfb, 0x5c, 0x3, 0xc, 0x80, 0x15, 0x80,
    0x3f, 0xf8, 0x1a, 0x20, 0x14, 0xc0, 0x7, 0xf1,
    0x61, 0x80, 0x73, 0xf4, 0x18, 0x80, 0x9, 0x6b,
    0x4c, 0x2,

    /* U+00DC "Ü" */
    0x0, 0x8d, 0xd4, 0x3, 0x85, 0x9c, 0x80, 0x39,
    0x72, 0x2a, 0x40, 0x36, 0x4c, 0x69, 0x0, 0x6e,
    0x0, 0x98, 0x2, 0x42, 0x0, 0x90, 0x3, 0x10,
    0x4, 0x20, 0x13, 0x0, 0x63, 0x0, 0xd0, 0x80,
    0x5a, 0x1, 0x14, 0x88, 0x3a, 0x80, 0x61, 0xbf,
    0xd3, 0x0, 0xcd, 0xdf, 0x0, 0x1f, 0xfd, 0xbc,
    0xff, 0xc4, 0x1, 0xe8, 0xff, 0xca, 0x1, 0xff,
    0xff, 0x0, 0xff, 0xff, 0x80, 0x78, 0x40, 0x3f,
    0xc2, 0x1, 0xff, 0x18, 0x7, 0xff, 0xfc, 0x3,
    0xff, 0xcc, 0x6e, 0x1, 0x98, 0x3, 0xc4, 0x1,
    0x84, 0xc0, 0x36, 0x80, 0x79, 0x40, 0x33, 0x60,
    0x6, 0x61, 0x0, 0xce, 0x20, 0x11, 0x11, 0x4,
    0x2, 0x1c, 0x41, 0x28, 0x80, 0x6, 0x50, 0x5,
    0x80, 0x62, 0xbe, 0xd7, 0x0, 0xc3, 0x20, 0x5,
    0x60, 0xf, 0xfe, 0x6, 0x88, 0x5, 0x30, 0x1,
    0xfc, 0x58, 0x60, 0x1c, 0xfd, 0x6, 0x20, 0x2,
    0x5a, 0xd3, 0x0, 0x80,

    /* U+00DD "Ý" */
    0x0, 0xff, 0xe0, 0x88, 0xe0, 0xf, 0xfe, 0x21,
    0x7f, 0x75, 0xe4, 0x1, 0xff, 0xc3, 0xe0, 0x8,
    0x74, 0x80, 0x3f, 0xf8, 0x4c, 0x60, 0x16, 0x98,
    0x7, 0xff, 0x8, 0x64, 0x2, 0xb3, 0x0, 0xff,
    0xe1, 0xd0, 0x5, 0x68, 0x1, 0xff, 0xc4, 0xbf,
    0xf9, 0x0, 0x3f, 0xfa, 0x47, 0xff, 0xc6, 0x1,
    0xf8, 0xbf, 0xf9, 0xd, 0x0, 0x35, 0x0, 0x7e,
    0xa0, 0xc, 0x68, 0x10, 0x1, 0x98, 0x40, 0x3e,
    0x60, 0xd, 0x20, 0x3, 0x30, 0x6, 0x60, 0xf,
    0x28, 0x80, 0x44, 0xa0, 0x14, 0x0, 0x6a, 0x0,
    0xf4, 0x80, 0x6b, 0x0, 0xc8, 0x40, 0x11, 0x20,
    0x6, 0x33, 0x0, 0x42, 0xc0, 0x1d, 0x0, 0x1b,
    0xc0, 0x35, 0x0, 0x68, 0x0, 0xf2, 0x90, 0x4,
    0x82, 0x0, 0x16, 0x0, 0x85, 0x80, 0x3e, 0xb0,
    0xd, 0x20, 0x6, 0x0, 0xd2, 0x1, 0xf9, 0x84,
    0x2, 0x60, 0x5, 0x0, 0x66, 0x0, 0xfe, 0x90,
    0x8, 0x55, 0x8, 0x2, 0x71, 0x0, 0xfe, 0x71,
    0x0, 0xa7, 0x80, 0x34, 0x80, 0x7f, 0xcc, 0x1,
    0x1a, 0x80, 0x4c, 0x20, 0x1f, 0xf4, 0x80, 0x7e,
    0xb0, 0xf, 0xfe, 0x0, 0xb0, 0x7, 0x94, 0x80,
    0x3f, 0xf8, 0x30, 0x1, 0xe9, 0x0, 0xff, 0xe1,
    0xa, 0x80, 0x64, 0x30, 0xf, 0xfe, 0x1e, 0x80,
    0x6c, 0x0, 0xff, 0xff, 0x80, 0x7f, 0xff, 0xc0,
    0x3f, 0xfa, 0xc0,

    /* U+00DE "Þ" */
    0x9f, 0xfc, 0x80, 0x1f, 0xff, 0xf1, 0x1c, 0x1,
    0xff, 0xc3, 0xae, 0xeb, 0xfd, 0xd4, 0xa0, 0x1f,
    0xfc, 0x41, 0x5a, 0xe5, 0x0, 0xff, 0xe2, 0x8d,
    0x40, 0x7, 0xff, 0x19, 0xd4, 0x3, 0xd7, 0xff,
    0xba, 0x44, 0x3, 0x58, 0x7, 0xfc, 0x2d, 0x80,
    0x18, 0x50, 0x3, 0xff, 0x80, 0x4e, 0x1, 0xb0,
    0x3, 0xff, 0x83, 0xa0, 0x18, 0x40, 0x3f, 0xfa,
    0x9a, 0x1, 0xb8, 0x3, 0xff, 0x80, 0x4e, 0x1,
    0x8c, 0x3, 0x84, 0x78, 0x9f, 0x40, 0x31, 0x20,
    0x7, 0x57, 0x76, 0xd8, 0x0, 0xe9, 0x0, 0xff,
    0xe2, 0xc2, 0x0, 0x7f, 0xf0, 0xca, 0xdc, 0x3,
    0xff, 0x82, 0x4b, 0x5a, 0x80, 0x1f, 0xaf, 0xff,
    0xb6, 0x94, 0x3, 0xff, 0xfe, 0x1, 0xe0,

    /* U+00DF "ß" */
    0x0, 0xe4, 0xad, 0xff, 0x6d, 0x18, 0x7, 0xf0,
    0xe5, 0xa9, 0x0, 0x9, 0x72, 0x80, 0x3e, 0x1f,
    0x30, 0xf, 0xcb, 0x40, 0x1e, 0xa1, 0x0, 0xff,
    0x2a, 0x0, 0x64, 0x40, 0x6, 0x9e, 0xc2, 0x0,
    0xde, 0x1, 0xb8, 0x3, 0x43, 0x9, 0xf8, 0x6,
    0x50, 0xc, 0x80, 0x19, 0xc0, 0x22, 0x20, 0x4,
    0x20, 0x10, 0x88, 0x2, 0x20, 0xf, 0xfe, 0x9,
    0x80, 0x66, 0x0, 0xc2, 0x40, 0x11, 0x80, 0x7f,
    0xf0, 0x58, 0x3, 0x58, 0x7, 0xff, 0x0, 0x64,
    0x2, 0x17, 0x0, 0xff, 0xe0, 0x30, 0x80, 0x52,
    0x1, 0xff, 0xc1, 0xc0, 0xc, 0xa0, 0x1f, 0xfc,
    0x17, 0x0, 0xc6, 0x1, 0xff, 0xc1, 0x70, 0xc,
    0xe0, 0x1f, 0xfc, 0x13, 0x0, 0xd0, 0x40, 0x1f,
    0xfc, 0x9, 0x0, 0xc3, 0xe2, 0x1, 0xff, 0xc,
    0x80, 0x62, 0xd0, 0xf, 0xfe, 0x3, 0x38, 0x6,
    0x39, 0x0, 0xff, 0xe0, 0x43, 0x0, 0x66, 0x20,
    0xf, 0xfe, 0x4, 0x98, 0x6, 0xa0, 0xf, 0xfe,
    0xc, 0x0, 0x63, 0x0, 0xff, 0xe0, 0xb0, 0x6,
    0x70, 0xf, 0xfe, 0xb, 0x80, 0x66, 0x0, 0xf9,
    0xad, 0x48, 0xe, 0xc0, 0x36, 0x80, 0x7d, 0xe9,
    0x5b, 0xf8, 0x20, 0x19, 0x40, 0x3e, 0x40, 0xf,
    0xe7, 0x20, 0xf, 0x88, 0x3, 0xf3, 0x40, 0x7,
    0xe7, 0x42, 0x0, 0x89, 0xb2, 0x40, 0x0,

    /* U+00E0 "à" */
    0x0, 0x4f, 0xfe, 0xa0, 0xf, 0xfe, 0x4, 0xa8,
    0x4, 0xa8, 0x1, 0xff, 0xc0, 0xa4, 0x0, 0xa4,
    0x3, 0xff, 0x83, 0x66, 0x0, 0x28, 0x0, 0xff,
    0xe0, 0xe9, 0x0, 0x1c, 0x80, 0x3f, 0xf8, 0x3,
    0xbd, 0xd1, 0x0, 0x7f, 0xf0, 0x84, 0x60, 0xf,
    0xfe, 0x92, 0x4e, 0xff, 0xdb, 0x28, 0x1, 0xf1,
    0x65, 0xb1, 0x0, 0x44, 0xd7, 0x84, 0x1, 0x8b,
    0xc, 0x3, 0xf8, 0xf0, 0x80, 0x2f, 0x10, 0xc,
    0x46, 0x1, 0xc3, 0x20, 0x4, 0x20, 0x8, 0x77,
    0x59, 0xf2, 0x1, 0x90, 0x83, 0x0, 0x34, 0x10,
    0x4, 0xcc, 0x0, 0xca, 0x13, 0x99, 0x9c, 0x3,
    0xb0, 0x3, 0x78, 0x9, 0x9e, 0x10, 0xf, 0xf0,
    0x80, 0x61, 0x6b, 0xdf, 0xfd, 0x40, 0x1f, 0xa3,
    0xa5, 0x8, 0x3, 0xff, 0x81, 0x4e, 0x1, 0xff,
    0xc3, 0x55, 0x0, 0x68, 0xdf, 0xfa, 0x80, 0x3d,
    0xc0, 0x1a, 0x9c, 0x80, 0x3f, 0xca, 0x1, 0x94,
    0x3, 0xff, 0x80, 0x20, 0x1f, 0xec, 0x0, 0xf1,
    0x0, 0x6a, 0x10, 0x1, 0xd3, 0x0, 0x79, 0x40,
    0x32, 0xf7, 0x3f, 0x14, 0x3, 0xe9, 0x20, 0xe,
    0x10, 0xf, 0xc4, 0x3, 0xe4, 0x1, 0xfa, 0x80,
    0x32, 0x80, 0xb, 0x65, 0x4, 0x0, 0x71, 0xca,
    0x40, 0x10, 0x98,

    /* U+00E1 "á" */
    0x0, 0xfe, 0x9f, 0xfd, 0x20, 0x1f, 0xf2, 0x30,
    0x4, 0xb2, 0x1, 0xff, 0x50, 0x4, 0xb4, 0x1,
    0xff, 0x48, 0x80, 0x12, 0x80, 0x3f, 0xe3, 0x60,
    0x2, 0x58, 0x7, 0xff, 0x0, 0xfb, 0xab, 0x0,
    0xff, 0xe1, 0x8, 0xc0, 0x1f, 0xfd, 0x24, 0x9d,
    0xff, 0xb6, 0x50, 0x3, 0xe2, 0xcb, 0x62, 0x0,
    0x89, 0xaf, 0x8, 0x3, 0x16, 0x18, 0x7, 0xf1,
    0xe1, 0x0, 0x5e, 0x20, 0x18, 0x8c, 0x3, 0x86,
    0x40, 0x8, 0x40, 0x10, 0xee, 0xb3, 0xe4, 0x3,
    0x21, 0x6, 0x0, 0x68, 0x20, 0x9, 0x98, 0x1,
    0x94, 0x27, 0x33, 0x38, 0x7, 0x60, 0x6, 0xf0,
    0x13, 0x3c, 0x20, 0x1f, 0xe1, 0x0, 0xc2, 0xd7,
    0xbf, 0xfa, 0x80, 0x3f, 0x47, 0x4a, 0x10, 0x7,
    0xff, 0x2, 0x9c, 0x3, 0xff, 0x86, 0xaa, 0x0,
    0xd1, 0xbf, 0xf5, 0x0, 0x7b, 0x80, 0x35, 0x39,
    0x0, 0x7f, 0x94, 0x3, 0x28, 0x7, 0xff, 0x0,
    0x40, 0x3f, 0xd8, 0x1, 0xe2, 0x0, 0xd4, 0x20,
    0x3, 0xa6, 0x0, 0xf2, 0x80, 0x65, 0xee, 0x7e,
    0x28, 0x7, 0xd2, 0x40, 0x1c, 0x20, 0x1f, 0x88,
    0x7, 0xc8, 0x3, 0xf5, 0x0, 0x65, 0x0, 0x16,
    0xca, 0x8, 0x0, 0xe3, 0x94, 0x80, 0x21, 0x30,

    /* U+00E2 "â" */
    0x0, 0xf4, 0x7f, 0xce, 0x1, 0xff, 0xc0, 0xa7,
    0x0, 0xa2, 0x80, 0x3f, 0x87, 0x14, 0x0, 0x40,
    0x5, 0xc1, 0x0, 0xf1, 0x61, 0x80, 0x23, 0x60,
    0x0, 0x78, 0x40, 0x1d, 0xe6, 0x22, 0xb7, 0x7,
    0xa1, 0x11, 0xf8, 0x7, 0x6f, 0x74, 0x80, 0x12,
    0xf7, 0x5a, 0x1, 0xff, 0xdf, 0x49, 0xdf, 0xfb,
    0x65, 0x0, 0x3e, 0x2c, 0xb6, 0x20, 0x8, 0x9a,
    0xf0, 0x80, 0x31, 0x61, 0x80, 0x7f, 0x1e, 0x10,
    0x5, 0xe2, 0x1, 0x88, 0xc0, 0x38, 0x64, 0x0,
    0x84, 0x1, 0xe, 0xeb, 0x3e, 0x40, 0x32, 0x10,
    0x60, 0x6, 0x82, 0x0, 0x99, 0x80, 0x19, 0x42,
    0x73, 0x33, 0x80, 0x76, 0x0, 0x6f, 0x1, 0x33,
    0xc2, 0x1, 0xfe, 0x10, 0xc, 0x2d, 0x7b, 0xff,
    0xa8, 0x3, 0xf4, 0x74, 0xa1, 0x0, 0x7f, 0xf0,
    0x29, 0xc0, 0x3f, 0xf8, 0x6a, 0xa0, 0xd, 0x1b,
    0xff, 0x50, 0x7, 0xb8, 0x3, 0x53, 0x90, 0x7,
    0xf9, 0x40, 0x32, 0x80, 0x7f, 0xf0, 0x4, 0x3,
    0xfd, 0x80, 0x1e, 0x20, 0xd, 0x42, 0x0, 0x3a,
    0x60, 0xf, 0x28, 0x6, 0x5e, 0xe7, 0xe2, 0x80,
    0x7d, 0x24, 0x1, 0xc2, 0x1, 0xf8, 0x80, 0x7c,
    0x80, 0x3f, 0x50, 0x6, 0x50, 0x1, 0x6c, 0xa0,
    0x80, 0xe, 0x39, 0x48, 0x2, 0x13,

    /* U+00E3 "ã" */
    0x0, 0xff, 0xe5, 0x4f, 0xea, 0x0, 0x69, 0xc6,
    0x0, 0xf5, 0x30, 0x15, 0xb0, 0x4, 0xa7, 0x60,
    0x1c, 0x6a, 0x1, 0xa6, 0x1, 0x4c, 0x1c, 0x3,
    0xa8, 0x0, 0xf6, 0x60, 0xff, 0x40, 0xf, 0x0,
    0xe4, 0x2, 0x84, 0xc4, 0x0, 0xc6, 0xa0, 0x1c,
    0xe0, 0x80, 0x15, 0xa8, 0x0, 0xb4, 0x3, 0xd5,
    0xd6, 0x1, 0xab, 0x76, 0x10, 0xf, 0x84, 0x80,
    0x38, 0x88, 0x1, 0xff, 0xd0, 0x49, 0xdf, 0xfb,
    0x65, 0x0, 0x3e, 0x2c, 0xb6, 0x20, 0x8, 0x9a,
    0xf0, 0x80, 0x31, 0x61, 0x80, 0x7f, 0x1e, 0x10,
    0x5, 0xe2, 0x1, 0x88, 0xc0, 0x38, 0x64, 0x0,
    0x84, 0x1, 0xe, 0xeb, 0x3e, 0x40, 0x32, 0x10,
    0x60, 0x6, 0x82, 0x0, 0x99, 0x80, 0x19, 0x42,
    0x73, 0x33, 0x80, 0x76, 0x0, 0x6f, 0x1, 0x33,
    0xc2, 0x1, 0xfe, 0x10, 0xc, 0x2d, 0x7b, 0xff,
    0xa8, 0x3, 0xf4, 0x74, 0xa1, 0x0, 0x7f, 0xf0,
    0x29, 0xc0, 0x3f, 0xf8, 0x6a, 0xa0, 0xd, 0x1b,
    0xff, 0x50, 0x7, 0xb8, 0x3, 0x53, 0x90, 0x7,
    0xf9, 0x40, 0x32, 0x80, 0x7f, 0xf0, 0x4, 0x3,
    0xfd, 0x80, 0x1e, 0x20, 0xd, 0x42, 0x0, 0x3a,
    0x60, 0xf, 0x28, 0x6, 0x5e, 0xe7, 0xe2, 0x80,
    0x7d, 0x24, 0x1, 0xc2, 0x1, 0xf8, 0x80, 0x7c,
    0x80, 0x3f, 0x50, 0x6, 0x50, 0x1, 0x6c, 0xa0,
    0x80, 0xe, 0x39, 0x48, 0x2, 0x13,

    /* U+00E4 "ä" */
    0x0, 0x2f, 0x7c, 0x80, 0x61, 0xbf, 0xd3, 0x0,
    0xc3, 0x42, 0xc, 0xc0, 0xa, 0xd0, 0xb, 0x80,
    0x31, 0x80, 0x6e, 0x0, 0x84, 0x2, 0x20, 0xc,
    0x46, 0x1, 0x58, 0x5, 0xa0, 0x13, 0x0, 0x76,
    0x4c, 0x69, 0x80, 0x4d, 0x71, 0x52, 0x1, 0xe6,
    0x72, 0x0, 0xe4, 0x75, 0x0, 0xff, 0xf0, 0x24,
    0xef, 0xfd, 0xb2, 0x80, 0x1f, 0x16, 0x5b, 0x10,
    0x4, 0x4d, 0x78, 0x40, 0x18, 0xb0, 0xc0, 0x3f,
    0x8f, 0x8, 0x2, 0xf1, 0x0, 0xc4, 0x60, 0x1c,
    0x32, 0x0, 0x42, 0x0, 0x87, 0x75, 0x9f, 0x20,
    0x19, 0x8, 0x30, 0x3, 0x41, 0x0, 0x4c, 0xc0,
    0xc, 0xa1, 0x39, 0x99, 0xc0, 0x3b, 0x0, 0x37,
    0x80, 0x99, 0xe1, 0x0, 0xff, 0x8, 0x6, 0x16,
    0xbd, 0xff, 0xd4, 0x1, 0xfa, 0x3a, 0x50, 0x80,
    0x3f, 0xf8, 0x14, 0xe0, 0x1f, 0xfc, 0x35, 0x50,
    0x6, 0x8d, 0xff, 0xa8, 0x3, 0xdc, 0x1, 0xa9,
    0xc8, 0x3, 0xfc, 0xa0, 0x19, 0x40, 0x3f, 0xf8,
    0x2, 0x1, 0xfe, 0xc0, 0xf, 0x10, 0x6, 0xa1,
    0x0, 0x1d, 0x30, 0x7, 0x94, 0x3, 0x2f, 0x73,
    0xf1, 0x40, 0x3e, 0x92, 0x0, 0xe1, 0x0, 0xfc,
    0x40, 0x3e, 0x40, 0x1f, 0xa8, 0x3, 0x28, 0x0,
    0xb6, 0x50, 0x40, 0x7, 0x1c, 0xa4, 0x1, 0x9,
    0x80,

    /* U+00E5 "å" */
    0x0, 0xf1, 0x4d, 0xc9, 0x0, 0x7f, 0xf0, 0x13,
    0x59, 0x1b, 0x50, 0x3, 0xfe, 0xa0, 0x9f, 0x90,
    0x90, 0xf, 0xf1, 0x89, 0x30, 0x30, 0x91, 0x0,
    0x3f, 0xf9, 0xe6, 0x24, 0xc0, 0xc2, 0x44, 0x0,
    0xff, 0x50, 0x4f, 0xc8, 0x48, 0x7, 0xfc, 0x9a,
    0xc8, 0xda, 0x80, 0x1f, 0xfc, 0x2, 0x9b, 0x92,
    0x0, 0xff, 0xe8, 0xa4, 0xef, 0xfd, 0xb2, 0x80,
    0x1f, 0x16, 0x5b, 0x10, 0x4, 0x4d, 0x78, 0x40,
    0x18, 0xb0, 0xc0, 0x3f, 0x8f, 0x8, 0x2, 0xf1,
    0x0, 0xc4, 0x60, 0x1c, 0x32, 0x0, 0x42, 0x0,
    0x87, 0x75, 0x9f, 0x20, 0x19, 0x8, 0x30, 0x3,
    0x41, 0x0, 0x4c, 0xc0, 0xc, 0xa1, 0x39, 0x99,
    0xc0, 0x3b, 0x0, 0x37, 0x80, 0x99, 0xe1, 0x0,
    0xff, 0x8, 0x6, 0x16, 0xbd, 0xff, 0xd4, 0x1,
    0xfa, 0x3a, 0x50, 0x80, 0x3f, 0xf8, 0x14, 0xe0,
    0x1f, 0xfc, 0x35, 0x50, 0x6, 0x8d, 0xff, 0xa8,
    0x3, 0xdc, 0x1, 0xa9, 0xc8, 0x3, 0xfc, 0xa0,
    0x19, 0x40, 0x3f, 0xf8, 0x2, 0x1, 0xfe, 0xc0,
    0xf, 0x10, 0x6, 0xa1, 0x0, 0x1d, 0x30, 0x7,
    0x94, 0x3, 0x2f, 0x73, 0xf1, 0x40, 0x3e, 0x92,
    0x0, 0xe1, 0x0, 0xfc, 0x40, 0x3e, 0x40, 0x1f,
    0xa8, 0x3, 0x28, 0x0, 0xb6, 0x50, 0x40, 0x7,
    0x1c, 0xa4, 0x1, 0x9, 0x80,

    /* U+00E6 "æ" */
    0x0, 0x86, 0x37, 0xfd, 0xd4, 0x60, 0xd9, 0xfe,
    0xd8, 0x10, 0xc, 0x5e, 0xe4, 0x0, 0x15, 0xcd,
    0x93, 0x0, 0x13, 0xf9, 0x0, 0x58, 0x20, 0x1f,
    0x10, 0x7, 0x87, 0x80, 0xc, 0x20, 0x1f, 0xfc,
    0x43, 0x50, 0xc0, 0xd, 0x5c, 0xa0, 0x19, 0x37,
    0x4, 0x2, 0xf0, 0x33, 0xcc, 0xa3, 0x20, 0x1a,
    0x8, 0xdc, 0x2, 0x70, 0x9c, 0xca, 0x40, 0x3e,
    0x20, 0x0, 0x80, 0x44, 0x1, 0xff, 0xcd, 0x5a,
    0xdf, 0xc0, 0xd, 0xdf, 0xe7, 0x0, 0xf1, 0x6d,
    0x29, 0x0, 0x7f, 0xf0, 0xc7, 0x8, 0x3, 0xff,
    0x8d, 0x62, 0x1, 0x8d, 0x40, 0x33, 0xbf, 0xe0,
    0x50, 0xd, 0x19, 0x20, 0x1a, 0x62, 0x3e, 0x20,
    0xc, 0x4e, 0x1, 0xff, 0xc7, 0x60, 0xf, 0x90,
    0x3, 0xe3, 0x0, 0xca, 0x20, 0x1e, 0xb5, 0x11,
    0x13, 0xc0, 0x9, 0x0, 0x43, 0xf7, 0xa0, 0x18,
    0x6b, 0xb9, 0xb0, 0xc0, 0xb, 0x0, 0xc2, 0x82,
    0x1, 0xfe, 0x13, 0x6, 0x50, 0xf, 0x16, 0x98,
    0x7, 0xe6, 0x0, 0x55, 0xc, 0x0, 0x4f, 0x85,
    0x92, 0x60, 0x1, 0x37, 0xd5,

    /* U+00E7 "ç" */
    0x0, 0xe6, 0xbe, 0xff, 0x6d, 0x28, 0x7, 0xe4,
    0xe9, 0x41, 0x0, 0x12, 0xd6, 0x98, 0x7, 0x2d,
    0x88, 0x7, 0xe2, 0xc3, 0x0, 0x8e, 0x80, 0x3f,
    0xf8, 0x1a, 0x1, 0x78, 0x6, 0x2a, 0xed, 0x80,
    0xc, 0x2e, 0x6, 0x60, 0x8, 0x71, 0x44, 0x9f,
    0x0, 0x35, 0x85, 0x80, 0x69, 0x10, 0xc, 0x68,
    0x1, 0x18, 0x18, 0x6, 0x50, 0xf, 0x73, 0xbe,
    0x6, 0x0, 0xc4, 0x1, 0xe5, 0x88, 0xc0, 0x60,
    0x1f, 0xfe, 0x95, 0x0, 0xc4, 0x1, 0xff, 0xc0,
    0x30, 0xc, 0x80, 0x1e, 0x9f, 0xfb, 0x82, 0xc0,
    0x35, 0x80, 0x70, 0xb8, 0x4, 0x60, 0x66, 0x0,
    0x8b, 0xc, 0x0, 0x98, 0x20, 0x12, 0x80, 0x3c,
    0x3, 0x1e, 0x7f, 0xac, 0x80, 0x21, 0x90, 0x1,
    0xd0, 0x7, 0xff, 0x2, 0x84, 0x2, 0x5b, 0x10,
    0xf, 0xc5, 0x88, 0x1, 0xc9, 0xd2, 0x80, 0x19,
    0x6b, 0x4c, 0x3, 0xf3, 0x50, 0x4, 0x72, 0xa0,
    0x1f, 0xf2, 0x80, 0x47, 0x8e, 0x1, 0xff, 0x26,
    0xc0, 0x5, 0x0, 0x1f, 0xfc, 0x2, 0x71, 0x0,
    0x8c, 0x3, 0xff, 0x80, 0x82, 0x1, 0x8, 0x7,
    0xfd, 0xd6, 0x1, 0x19, 0x0, 0x7f, 0xf0, 0xc7,
    0x80, 0x3f, 0xf8, 0x6, 0x27, 0x1c, 0x40, 0x1c,

    /* U+00E8 "è" */
    0x0, 0x9f, 0xff, 0x58, 0x7, 0xff, 0x5, 0xd8,
    0x2, 0x45, 0x0, 0xff, 0xe0, 0xca, 0x80, 0x56,
    0x20, 0x1f, 0xfc, 0x1a, 0x40, 0x0, 0xc0, 0x7,
    0xff, 0xa, 0xcc, 0x0, 0xc6, 0x1, 0xff, 0xc2,
    0xce, 0xe8, 0xc0, 0x3f, 0xf8, 0x62, 0x30, 0x7,
    0xff, 0x55, 0x27, 0x7f, 0xdd, 0x6c, 0x1, 0xfc,
    0x59, 0x6c, 0x40, 0x1, 0x49, 0xe5, 0x0, 0xf1,
    0xe1, 0x80, 0x7e, 0x1a, 0x70, 0xc, 0x3a, 0x20,
    0x1f, 0xf4, 0x18, 0x5, 0x62, 0x1, 0xa3, 0x7a,
    0xcc, 0x3, 0x78, 0x0, 0x94, 0x3, 0x6b, 0x90,
    0xa6, 0x20, 0x4, 0x66, 0xa, 0x0, 0xce, 0x40,
    0x1d, 0x20, 0x19, 0x1, 0x0, 0x35, 0x0, 0x78,
    0x80, 0x36, 0x81, 0x80, 0x6d, 0xff, 0xf8, 0x3,
    0x30, 0x7, 0xff, 0x18, 0x40, 0x3f, 0xf9, 0xae,
    0xff, 0xfc, 0xa, 0x2, 0x0, 0xd5, 0x11, 0xff,
    0x38, 0x20, 0x6, 0x80, 0xf, 0xfe, 0xd, 0x0,
    0x65, 0x60, 0xf, 0xd, 0xd8, 0x2, 0x34, 0x0,
    0xd3, 0x48, 0x22, 0x38, 0xf4, 0x44, 0x80, 0x52,
    0x20, 0x19, 0x6f, 0xb9, 0x8e, 0x20, 0x6, 0x30,
    0x1, 0x68, 0x80, 0x7f, 0xf0, 0x20, 0xc0, 0x23,
    0xf5, 0x0, 0xfe, 0x2b, 0x70, 0xe, 0x1a, 0xd7,
    0x31, 0x0, 0x12, 0xd6, 0xa0, 0x0,

    /* U+00E9 "é" */
    0x0, 0xff, 0x47, 0xfe, 0xa0, 0xf, 0xfe, 0x1,
    0xb8, 0x4, 0x94, 0x1, 0xff, 0xc0, 0xf0, 0x9,
    0x2c, 0x3, 0xff, 0x80, 0xe6, 0x0, 0x3b, 0x0,
    0xff, 0xe0, 0x14, 0x0, 0xf, 0x0, 0x3f, 0xf8,
    0x25, 0xdd, 0x60, 0x7, 0xff, 0xc, 0x46, 0x0,
    0xff, 0xea, 0xa4, 0xef, 0xfb, 0xad, 0x80, 0x3f,
    0x8b, 0x2d, 0x88, 0x0, 0x29, 0x3c, 0xa0, 0x1e,
    0x3c, 0x30, 0xf, 0xc3, 0x4e, 0x1, 0x87, 0x44,
    0x3, 0xfe, 0x83, 0x0, 0xac, 0x40, 0x34, 0x6f,
    0x59, 0x80, 0x6f, 0x0, 0x12, 0x80, 0x6d, 0x72,
    0x14, 0xc4, 0x0, 0x8c, 0xc1, 0x40, 0x19, 0xc8,
    0x3, 0xa4, 0x3, 0x20, 0x20, 0x6, 0xa0, 0xf,
    0x10, 0x6, 0xd0, 0x30, 0xd, 0xbf, 0xff, 0x0,
    0x66, 0x0, 0xff, 0xe3, 0x8, 0x7, 0xff, 0x35,
    0xdf, 0xff, 0x81, 0x40, 0x40, 0x1a, 0xa2, 0x3f,
    0xe7, 0x4, 0x0, 0xd0, 0x1, 0xff, 0xc1, 0xa0,
    0xc, 0xac, 0x1, 0xe1, 0xbb, 0x0, 0x46, 0x80,
    0x1a, 0x69, 0x4, 0x47, 0x1e, 0x88, 0x90, 0xa,
    0x44, 0x3, 0x2d, 0xf7, 0x31, 0xc4, 0x0, 0xc6,
    0x0, 0x2d, 0x10, 0xf, 0xfe, 0x4, 0x18, 0x4,
    0x7e, 0xa0, 0x1f, 0xc5, 0x6e, 0x1, 0xc3, 0x5a,
    0xe6, 0x20, 0x2, 0x5a, 0xd4, 0x0, 0x0,

    /* U+00EA "ê" */
    0x0, 0xf9, 0xbf, 0xe8, 0x0, 0xff, 0xe0, 0xcc,
    0x80, 0x27, 0xb0, 0xf, 0xfa, 0xd8, 0x0, 0x40,
    0x4, 0xc1, 0x0, 0xf8, 0x75, 0x0, 0xf, 0xb2,
    0x0, 0x3f, 0x30, 0xf, 0x69, 0x88, 0xa6, 0x1,
    0xac, 0x44, 0x1c, 0x20, 0x1d, 0x9d, 0xd3, 0x0,
    0x49, 0xdd, 0x68, 0x80, 0x7f, 0xf8, 0x92, 0x77,
    0xfd, 0xd6, 0xc0, 0x1f, 0xc5, 0x96, 0xc4, 0x0,
    0x14, 0x9e, 0x50, 0xf, 0x1e, 0x18, 0x7, 0xe1,
    0xa7, 0x0, 0xc3, 0xa2, 0x1, 0xff, 0x41, 0x80,
    0x56, 0x20, 0x1a, 0x37, 0xac, 0xc0, 0x37, 0x80,
    0x9, 0x40, 0x36, 0xb9, 0xa, 0x62, 0x0, 0x46,
    0x60, 0xa0, 0xc, 0xe4, 0x1, 0xd2, 0x1, 0x90,
    0x10, 0x3, 0x50, 0x7, 0x88, 0x3, 0x68, 0x18,
    0x6, 0xdf, 0xff, 0x80, 0x33, 0x0, 0x7f, 0xf1,
    0x84, 0x3, 0xff, 0x9a, 0xef, 0xff, 0xc0, 0xa0,
    0x20, 0xd, 0x51, 0x1f, 0xf3, 0x82, 0x0, 0x68,
    0x0, 0xff, 0xe0, 0xd0, 0x6, 0x56, 0x0, 0xf0,
    0xdd, 0x80, 0x23, 0x40, 0xd, 0x34, 0x82, 0x23,
    0x8f, 0x44, 0x48, 0x5, 0x22, 0x1, 0x96, 0xfb,
    0x98, 0xe2, 0x0, 0x63, 0x0, 0x16, 0x88, 0x7,
    0xff, 0x2, 0xc, 0x2, 0x3f, 0x50, 0xf, 0xe2,
    0xb7, 0x0, 0xe1, 0xad, 0x73, 0x10, 0x1, 0x2d,
    0x6a, 0x0, 0x0,

    /* U+00EB "ë" */
    0x0, 0x93, 0xbe, 0x80, 0x30, 0xdf, 0xea, 0x0,
    0x7a, 0xc4, 0x16, 0x0, 0x29, 0x40, 0x2a, 0x0,
    0xe1, 0x0, 0xc2, 0x1, 0x10, 0x4, 0x20, 0x1c,
    0x28, 0x1, 0x68, 0x5, 0xc0, 0x12, 0x0, 0x7a,
    0xe6, 0x31, 0x0, 0x24, 0xc8, 0x9b, 0x0, 0xf9,
    0x9c, 0xc0, 0x38, 0xdd, 0x80, 0x3f, 0xfc, 0x89,
    0x3b, 0xfe, 0xeb, 0x60, 0xf, 0xe2, 0xcb, 0x62,
    0x0, 0xa, 0x4f, 0x28, 0x7, 0x8f, 0xc, 0x3,
    0xf0, 0xd3, 0x80, 0x61, 0xd1, 0x0, 0xff, 0xa0,
    0xc0, 0x2b, 0x10, 0xd, 0x1b, 0xd6, 0x60, 0x1b,
    0xc0, 0x4, 0xa0, 0x1b, 0x5c, 0x85, 0x31, 0x0,
    0x23, 0x30, 0x50, 0x6, 0x72, 0x0, 0xe9, 0x0,
    0xc8, 0x8, 0x1, 0xa8, 0x3, 0xc4, 0x1, 0xb4,
    0xc, 0x3, 0x6f, 0xff, 0xc0, 0x19, 0x80, 0x3f,
    0xf8, 0xc2, 0x1, 0xff, 0xcd, 0x77, 0xff, 0xe0,
    0x50, 0x10, 0x6, 0xa8, 0x8f, 0xf9, 0xc1, 0x0,
    0x34, 0x0, 0x7f, 0xf0, 0x68, 0x3, 0x2b, 0x0,
    0x78, 0x6e, 0xc0, 0x11, 0xa0, 0x6, 0x9a, 0x41,
    0x11, 0xc7, 0xa2, 0x24, 0x2, 0x91, 0x0, 0xcb,
    0x7d, 0xcc, 0x71, 0x0, 0x31, 0x80, 0xb, 0x44,
    0x3, 0xff, 0x81, 0x6, 0x1, 0x1f, 0xa8, 0x7,
    0xf1, 0x5b, 0x80, 0x70, 0xd6, 0xb9, 0x88, 0x0,
    0x96, 0xb5, 0x0, 0x0,

    /* U+00EC "ì" */
    0x0, 0x2f, 0xfe, 0xd0, 0xf, 0xf9, 0x64, 0x2,
    0x28, 0x0, 0xff, 0x9a, 0x0, 0x27, 0x20, 0xf,
    0xf9, 0xd8, 0x2, 0x90, 0xf, 0xfe, 0x4, 0xa8,
    0x1, 0x18, 0x3, 0xff, 0x81, 0x5d, 0xd3, 0x0,
    0x7a, 0x3f, 0xfd, 0xdd, 0x79, 0x0, 0x7f, 0xfb,
    0x27, 0x77, 0x88, 0x3, 0xfc, 0x24, 0x5c, 0x1,
    0xff, 0xff, 0x0, 0xff, 0xff, 0x80, 0x7f, 0xf0,
    0xc4, 0x78, 0x3, 0x84, 0x78, 0x23, 0xbb, 0x88,
    0x3, 0x67, 0x76, 0x90, 0xf, 0xff, 0x38,

    /* U+00ED "í" */
    0x0, 0xfe, 0x5f, 0xfd, 0x80, 0x1f, 0xe1, 0xb0,
    0x8, 0xb4, 0x3, 0xfd, 0x62, 0x0, 0x2c, 0x10,
    0xf, 0xe5, 0x50, 0x0, 0xb0, 0x40, 0x3f, 0x86,
    0xc0, 0x3, 0xe2, 0x1, 0xfe, 0x1f, 0xee, 0x88,
    0x3, 0xa3, 0xff, 0xdd, 0xd7, 0x90, 0x7, 0xff,
    0xb2, 0x77, 0x78, 0x80, 0x3f, 0xc2, 0x45, 0xc0,
    0x1f, 0xff, 0xf0, 0xf, 0xff, 0xf8, 0x7, 0xff,
    0xc, 0x47, 0x80, 0x38, 0x47, 0x82, 0x3b, 0xb8,
    0x80, 0x36, 0x77, 0x69, 0x0, 0xff, 0xf3, 0x80,

    /* U+00EE "î" */
    0x0, 0xf2, 0x7f, 0xd6, 0x1, 0xff, 0x35, 0x80,
    0x49, 0x82, 0x1, 0xfa, 0x24, 0x0, 0x40, 0x3,
    0xf2, 0x0, 0xf5, 0x38, 0x1, 0x36, 0x80, 0x3,
    0xa8, 0x1, 0xa9, 0x40, 0xd, 0x60, 0xb8, 0x20,
    0xb, 0x30, 0xa, 0xbf, 0xe9, 0x0, 0x8f, 0xbf,
    0xe3, 0x0, 0xff, 0xeb, 0xc7, 0xff, 0xf8, 0x80,
    0x3f, 0xfd, 0x93, 0xbb, 0xc4, 0x1, 0xfe, 0x12,
    0x2e, 0x0, 0xff, 0xff, 0x80, 0x7f, 0xff, 0xc0,
    0x3f, 0xf8, 0x62, 0x3c, 0x1, 0xc2, 0x3c, 0x11,
    0xdd, 0xc4, 0x1, 0xb3, 0xbb, 0x48, 0x7, 0xff,
    0x9c,

    /* U+00EF "ï" */
    0x0, 0x1e, 0xfd, 0x88, 0x6, 0x9f, 0xe5, 0x0,
    0xdc, 0x40, 0x96, 0x1, 0x33, 0x0, 0x68, 0x40,
    0x22, 0x0, 0x98, 0x2, 0xe0, 0xc, 0x40, 0x13,
    0x0, 0x54, 0x1, 0x50, 0x4, 0x66, 0x0, 0xa6,
    0xa2, 0xd8, 0x2, 0x2d, 0x89, 0xc0, 0xe, 0x57,
    0x40, 0xe, 0x27, 0x60, 0xa, 0x3f, 0xff, 0xc4,
    0x1, 0xff, 0xec, 0x9d, 0xde, 0x20, 0xf, 0xf0,
    0x91, 0x70, 0x7, 0xff, 0xfc, 0x3, 0xff, 0xfe,
    0x1, 0xff, 0xc3, 0x11, 0xe0, 0xe, 0x11, 0xe0,
    0x8e, 0xee, 0x20, 0xd, 0x9d, 0xda, 0x40, 0x3f,
    0xfc, 0xe0,

    /* U+00F0 "ð" */
    0x0, 0xfc, 0xb6, 0xc0, 0x1e, 0x10, 0xf, 0xf7,
    0x24, 0xf2, 0x80, 0x6, 0x7c, 0x40, 0x3f, 0x12,
    0x0, 0x6, 0xa8, 0xfc, 0xc3, 0x60, 0x1f, 0xa8,
    0x3, 0x96, 0x0, 0xb, 0x60, 0x1f, 0xa5, 0xc0,
    0x3e, 0xca, 0x10, 0xf, 0xc3, 0x28, 0x1, 0xe5,
    0x0, 0xff, 0x3f, 0x20, 0x7, 0xa4, 0x40, 0x3f,
    0x5c, 0x0, 0x1b, 0x4, 0x3, 0x40, 0x7, 0xef,
    0x3, 0xc9, 0x3b, 0x0, 0xcc, 0x1, 0xf9, 0x33,
    0x6, 0x0, 0x53, 0x0, 0xcc, 0x1, 0xe3, 0x9e,
    0xff, 0x75, 0x25, 0x0, 0x6d, 0x0, 0xc3, 0x78,
    0xc4, 0x0, 0x15, 0xba, 0x0, 0xca, 0x1, 0xe,
    0x20, 0x7, 0xe3, 0x0, 0xc2, 0x20, 0x6, 0x90,
    0x7, 0x10, 0x80, 0x7e, 0x20, 0x53, 0x0, 0xcf,
    0xfb, 0xdf, 0x66, 0x1, 0xcc, 0x12, 0x1, 0x9a,
    0x0, 0x32, 0x62, 0x0, 0x78, 0xc0, 0x34, 0x0,
    0x7c, 0x60, 0x1c, 0x60, 0x19, 0x4, 0x3, 0xff,
    0x82, 0xe0, 0x18, 0x80, 0x3f, 0x8, 0x6, 0x11,
    0x0, 0x7f, 0xf0, 0x48, 0x3, 0x33, 0x0, 0x31,
    0x0, 0x7e, 0x40, 0x8, 0x48, 0xc0, 0x32, 0x8,
    0x7, 0x98, 0x3, 0x20, 0x1, 0x0, 0x35, 0x0,
    0x71, 0x40, 0x6, 0x90, 0x4, 0x0, 0x64, 0xc4,
    0x11, 0x36, 0x8, 0x4, 0x86, 0x0, 0x36, 0x0,
    0xc7, 0x7d, 0xc9, 0x10, 0x8, 0x68, 0x3, 0x4a,
    0x80, 0x7f, 0xc3, 0xa2, 0x1, 0xd5, 0x0, 0x1f,
    0xc9, 0x86, 0x1, 0xf3, 0xf4, 0x20, 0x80, 0x9,
    0xae, 0xc4, 0x1, 0x80,

    /* U+00F1 "ñ" */
    0x0, 0xe2, 0x20, 0x7, 0x11, 0x0, 0x3e, 0x1c,
    0xdd, 0x61, 0x80, 0x55, 0xba, 0x0, 0xf6, 0x98,
    0x0, 0xf2, 0x4, 0x98, 0x8, 0x3, 0x90, 0xc0,
    0x39, 0xfb, 0x44, 0x14, 0x3, 0xb4, 0x1, 0x3f,
    0x42, 0x1, 0xd0, 0x1, 0xf1, 0x30, 0x2f, 0xa0,
    0x0, 0x6c, 0x80, 0x3a, 0x7b, 0x80, 0x10, 0xde,
    0xe7, 0x20, 0x7, 0xc2, 0x60, 0x1c, 0x46, 0x1,
    0xff, 0xcc, 0x8f, 0xfc, 0x0, 0x29, 0xdf, 0xf6,
    0xc9, 0x0, 0x7e, 0x18, 0xd6, 0x20, 0x1, 0x36,
    0xa8, 0x7, 0xd4, 0xe0, 0x1f, 0xa8, 0x80, 0x3c,
    0x80, 0x2, 0x20, 0x7, 0xa0, 0x3, 0xe6, 0xed,
    0xd7, 0xb0, 0x6, 0x50, 0xf, 0x34, 0x88, 0x5,
    0x24, 0x1, 0x90, 0x3, 0xbc, 0x3, 0xca, 0x1,
    0x88, 0x3, 0xff, 0x81, 0xc0, 0x18, 0x40, 0x3f,
    0xff, 0xe0, 0x1f, 0xff, 0xf0, 0xf, 0xff, 0xb0,

    /* U+00F2 "ò" */
    0x0, 0x8f, 0xff, 0x88, 0x3, 0xff, 0x80, 0x76,
    0x1, 0xa4, 0x3, 0xff, 0x82, 0x94, 0x1, 0x22,
    0x80, 0x7f, 0xf0, 0x56, 0x40, 0x2b, 0x0, 0xff,
    0xe1, 0x34, 0x0, 0x6, 0x0, 0x3f, 0xf8, 0x4f,
    0xdd, 0x40, 0x7, 0xff, 0xc, 0x46, 0x0, 0xff,
    0xea, 0xb, 0xdf, 0x7f, 0xb6, 0x90, 0x3, 0xf9,
    0xba, 0x10, 0x40, 0x4, 0xb7, 0x84, 0x1, 0xe8,
    0x90, 0xf, 0xe3, 0xc2, 0x0, 0xca, 0xe0, 0x1f,
    0xf0, 0xf8, 0x6, 0xb0, 0xc, 0x57, 0xdb, 0x0,
    0x18, 0xa0, 0x0, 0xc2, 0x1, 0x16, 0xa0, 0x93,
    0xd8, 0x6, 0x70, 0x5, 0x0, 0x69, 0x0, 0xe4,
    0x40, 0x6, 0x50, 0x30, 0xc, 0x80, 0x1e, 0xd0,
    0xd, 0xa2, 0x1, 0x8c, 0x3, 0xe5, 0x0, 0xc6,
    0x60, 0xc, 0xe0, 0x1f, 0x8, 0x6, 0x70, 0xf,
    0xfe, 0x39, 0x80, 0x67, 0x0, 0xf8, 0x40, 0x33,
    0x88, 0x6, 0x30, 0xf, 0x94, 0x3, 0x18, 0x18,
    0x6, 0x40, 0xf, 0x68, 0x6, 0xd0, 0xb0, 0xd,
    0x0, 0x1c, 0x88, 0x0, 0xca, 0xc, 0x20, 0x11,
    0xe2, 0x8, 0x9e, 0xc0, 0x33, 0x80, 0x6, 0xc0,
    0x31, 0xdf, 0x72, 0x0, 0x30, 0xc8, 0x4, 0xae,
    0x1, 0xff, 0xc0, 0xd1, 0x0, 0xd1, 0x20, 0x1f,
    0xc7, 0xa6, 0x1, 0xe6, 0xe8, 0x41, 0x0, 0x12,
    0xde, 0x10, 0x4,

    /* U+00F3 "ó" */
    0x0, 0xff, 0x1f, 0xfe, 0xe2, 0x0, 0xff, 0xe0,
    0x70, 0x4, 0x38, 0x40, 0x1f, 0xf3, 0x90, 0x0,
    0x70, 0x80, 0x3f, 0xe2, 0x80, 0xb, 0x48, 0x3,
    0xff, 0x81, 0xc0, 0x16, 0x18, 0x7, 0xff, 0x7,
    0x7b, 0x9e, 0x60, 0x1f, 0xfc, 0x21, 0x18, 0x3,
    0xff, 0xa8, 0x2f, 0x7d, 0xfe, 0xda, 0x40, 0xf,
    0xe6, 0xe8, 0x41, 0x0, 0x12, 0xde, 0x10, 0x7,
    0xa2, 0x40, 0x3f, 0x8f, 0x8, 0x3, 0x2b, 0x80,
    0x7f, 0xc3, 0xe0, 0x1a, 0xc0, 0x31, 0x5f, 0x6c,
    0x0, 0x62, 0x80, 0x3, 0x8, 0x4, 0x5a, 0x82,
    0x4f, 0x60, 0x19, 0xc0, 0x14, 0x1, 0xa4, 0x3,
    0x91, 0x0, 0x19, 0x40, 0xc0, 0x32, 0x0, 0x7b,
    0x40, 0x36, 0x88, 0x6, 0x30, 0xf, 0x94, 0x3,
    0x19, 0x80, 0x33, 0x80, 0x7c, 0x20, 0x19, 0xc0,
    0x3f, 0xf8, 0xe6, 0x1, 0x9c, 0x3, 0xe1, 0x0,
    0xce, 0x20, 0x18, 0xc0, 0x3e, 0x50, 0xc, 0x60,
    0x60, 0x19, 0x0, 0x3d, 0xa0, 0x1b, 0x42, 0xc0,
    0x34, 0x0, 0x72, 0x20, 0x3, 0x28, 0x30, 0x80,
    0x47, 0x88, 0x22, 0x7b, 0x0, 0xce, 0x0, 0x1b,
    0x0, 0xc7, 0x7d, 0xc8, 0x0, 0xc3, 0x20, 0x12,
    0xb8, 0x7, 0xff, 0x3, 0x44, 0x3, 0x44, 0x80,
    0x7f, 0x1e, 0x98, 0x7, 0x9b, 0xa1, 0x4, 0x0,
    0x4b, 0x78, 0x40, 0x10,

    /* U+00F4 "ô" */
    0x0, 0xf8, 0xfb, 0xfd, 0x82, 0x1, 0xff, 0xc0,
    0x4c, 0x10, 0x1, 0xf9, 0x80, 0x7f, 0x9a, 0xc0,
    0x2, 0x0, 0x1c, 0x40, 0xf, 0xd3, 0x20, 0x1,
    0xfe, 0x88, 0x2, 0xd8, 0x3, 0xce, 0xe1, 0x12,
    0xe0, 0x97, 0x98, 0x8a, 0x14, 0x3, 0x9f, 0xba,
    0xa0, 0x8, 0x73, 0xba, 0x50, 0xf, 0xff, 0x8,
    0xbd, 0xf7, 0xfb, 0x69, 0x0, 0x3f, 0x9b, 0xa1,
    0x4, 0x0, 0x4b, 0x78, 0x40, 0x1e, 0x89, 0x0,
    0xfe, 0x3c, 0x20, 0xc, 0xae, 0x1, 0xff, 0xf,
    0x80, 0x6b, 0x0, 0xc5, 0x7d, 0xb0, 0x1, 0x8a,
    0x0, 0xc, 0x20, 0x11, 0x6a, 0x9, 0x3d, 0x80,
    0x67, 0x0, 0x50, 0x6, 0x90, 0xe, 0x44, 0x0,
    0x65, 0x3, 0x0, 0xc8, 0x1, 0xed, 0x0, 0xda,
    0x20, 0x18, 0xc0, 0x3e, 0x50, 0xc, 0x66, 0x0,
    0xce, 0x1, 0xf0, 0x80, 0x67, 0x0, 0xff, 0xe3,
    0x98, 0x6, 0x70, 0xf, 0x84, 0x3, 0x38, 0x80,
    0x63, 0x0, 0xf9, 0x40, 0x31, 0x81, 0x80, 0x64,
    0x0, 0xf6, 0x80, 0x6d, 0xb, 0x0, 0xd0, 0x1,
    0xc8, 0x80, 0xc, 0xa0, 0xc2, 0x1, 0x1e, 0x20,
    0x89, 0xec, 0x3, 0x38, 0x0, 0x6c, 0x3, 0x1d,
    0xf7, 0x20, 0x3, 0xc, 0x80, 0x4a, 0xe0, 0x1f,
    0xfc, 0xd, 0x10, 0xd, 0x12, 0x1, 0xfc, 0x7a,
    0x60, 0x1e, 0x6e, 0x84, 0x10, 0x1, 0x2d, 0xe1,
    0x0, 0x40,

    /* U+00F5 "õ" */
    0x0, 0xff, 0xe6, 0x2e, 0xfc, 0x80, 0x63, 0xe9,
    0x10, 0xf, 0x25, 0x10, 0x36, 0x0, 0x4a, 0x2c,
    0x40, 0x1e, 0x90, 0xc, 0x7a, 0x63, 0x60, 0x2,
    0x0, 0xe3, 0x20, 0x2b, 0x70, 0x2c, 0xe2, 0x4,
    0x10, 0xe, 0x50, 0x4, 0xa4, 0x48, 0x7, 0x40,
    0x7, 0x8c, 0x41, 0x0, 0xd, 0x40, 0x14, 0x98,
    0x7, 0x97, 0xb0, 0x3, 0x2f, 0xe7, 0x30, 0x7,
    0xf1, 0x80, 0x78, 0xc4, 0x3, 0xff, 0xa2, 0x2f,
    0x7d, 0xfe, 0xda, 0x40, 0xf, 0xe6, 0xe8, 0x41,
    0x0, 0x12, 0xde, 0x10, 0x7, 0xa2, 0x40, 0x3f,
    0x8f, 0x8, 0x3, 0x2b, 0x80, 0x7f, 0xc3, 0xe0,
    0x1a, 0xc0, 0x31, 0x5f, 0x6c, 0x0, 0x62, 0x80,
    0x3, 0x8, 0x4, 0x5a, 0x82, 0x4f, 0x60, 0x19,
    0xc0, 0x14, 0x1, 0xa4, 0x3, 0x91, 0x0, 0x19,
    0x40, 0xc0, 0x32, 0x0, 0x7b, 0x40, 0x36, 0x88,
    0x6, 0x30, 0xf, 0x94, 0x3, 0x19, 0x80, 0x33,
    0x80, 0x7c, 0x20, 0x19, 0xc0, 0x3f, 0xf8, 0xe6,
    0x1, 0x9c, 0x3, 0xe1, 0x0, 0xce, 0x20, 0x18,
    0xc0, 0x3e, 0x50, 0xc, 0x60, 0x60, 0x19, 0x0,
    0x3d, 0xa0, 0x1b, 0x42, 0xc0, 0x34, 0x0, 0x72,
    0x20, 0x3, 0x28, 0x30, 0x80, 0x47, 0x88, 0x22,
    0x7b, 0x0, 0xce, 0x0, 0x1b, 0x0, 0xc7, 0x7d,
    0xc8, 0x0, 0xc3, 0x20, 0x12, 0xb8, 0x7, 0xff,
    0x3, 0x44, 0x3, 0x44, 0x80, 0x7f, 0x1e, 0x98,
    0x7, 0x9b, 0xa1, 0x4, 0x0, 0x4b, 0x78, 0x40,
    0x10,

    /* U+00F6 "ö" */
    0x0, 0x86, 0xff, 0x4c, 0x3, 0x3f, 0x7c, 0x0,
    0x7a, 0xd0, 0xb, 0x80, 0x23, 0x81, 0x7, 0x40,
    0xe, 0x60, 0x8, 0x80, 0x26, 0x0, 0xc4, 0x1,
    0xd4, 0x1, 0x30, 0x4, 0x82, 0x0, 0x17, 0x0,
    0xe6, 0xb8, 0xa9, 0x0, 0x87, 0xe2, 0x1e, 0x20,
    0x1e, 0x47, 0x50, 0xe, 0x17, 0x70, 0x80, 0x7f,
    0xf8, 0x85, 0xef, 0xbf, 0xdb, 0x48, 0x1, 0xfc,
    0xdd, 0x8, 0x20, 0x2, 0x5b, 0xc2, 0x0, 0xf4,
    0x48, 0x7, 0xf1, 0xe1, 0x0, 0x65, 0x70, 0xf,
    0xf8, 0x7c, 0x3, 0x58, 0x6, 0x2b, 0xed, 0x80,
    0xc, 0x50, 0x0, 0x61, 0x0, 0x8b, 0x50, 0x49,
    0xec, 0x3, 0x38, 0x2, 0x80, 0x34, 0x80, 0x72,
    0x20, 0x3, 0x28, 0x18, 0x6, 0x40, 0xf, 0x68,
    0x6, 0xd1, 0x0, 0xc6, 0x1, 0xf2, 0x80, 0x63,
    0x30, 0x6, 0x70, 0xf, 0x84, 0x3, 0x38, 0x7,
    0xff, 0x1c, 0xc0, 0x33, 0x80, 0x7c, 0x20, 0x19,
    0xc4, 0x3, 0x18, 0x7, 0xca, 0x1, 0x8c, 0xc,
    0x3, 0x20, 0x7, 0xb4, 0x3, 0x68, 0x58, 0x6,
    0x80, 0xe, 0x44, 0x0, 0x65, 0x6, 0x10, 0x8,
    0xf1, 0x4, 0x4f, 0x60, 0x19, 0xc0, 0x3, 0x60,
    0x18, 0xef, 0xb9, 0x0, 0x18, 0x64, 0x2, 0x57,
    0x0, 0xff, 0xe0, 0x68, 0x80, 0x68, 0x90, 0xf,
    0xe3, 0xd3, 0x0, 0xf3, 0x74, 0x20, 0x80, 0x9,
    0x6f, 0x8, 0x2,

    /* U+00F7 "÷" */
    0x0, 0xf8, 0x6b, 0xf9, 0xc0, 0x3f, 0xf8, 0x50,
    0xa0, 0x30, 0x80, 0x1f, 0xfc, 0x15, 0x0, 0xd8,
    0x1, 0xff, 0xc1, 0x60, 0xd, 0xa0, 0x1f, 0xfc,
    0x1b, 0x30, 0x3, 0x28, 0x7, 0xff, 0x4, 0x73,
    0xbe, 0x40, 0x3f, 0xf8, 0x82, 0x1, 0xff, 0xd0,
    0x1f, 0xff, 0xfe, 0x2f, 0x0, 0x7f, 0xfb, 0x47,
    0x77, 0xff, 0x8b, 0xe0, 0x45, 0xff, 0xc5, 0x10,
    0xf, 0xe1, 0x0, 0xff, 0xe2, 0x16, 0xf7, 0xc8,
    0x7, 0xff, 0xa, 0x8, 0x0, 0xca, 0x1, 0xff,
    0xc1, 0x70, 0xc, 0x40, 0x1f, 0xfc, 0x17, 0x0,
    0xc6, 0x1, 0xff, 0xc1, 0xb4, 0x1, 0x84, 0x0,
    0xf0,

    /* U+00F8 "ø" */
    0x0, 0xff, 0xe1, 0x2c, 0x38, 0x7, 0xff, 0xc,
    0x69, 0xf0, 0x3, 0xff, 0x86, 0xe0, 0xf, 0x0,
    0xf8, 0x5e, 0xfb, 0xfd, 0xb3, 0x60, 0x48, 0x1,
    0xe6, 0xe8, 0x41, 0x0, 0x13, 0x10, 0x50, 0x7,
    0xa2, 0x40, 0x3f, 0xd2, 0x40, 0x19, 0x5c, 0x3,
    0xfe, 0x1f, 0x0, 0xd6, 0x1, 0x8a, 0xfb, 0x48,
    0x3, 0x14, 0x0, 0x18, 0x40, 0x22, 0xd4, 0x11,
    0x10, 0x7, 0x38, 0x2, 0x80, 0x34, 0x80, 0x50,
    0x0, 0x30, 0xc, 0xa0, 0x60, 0x19, 0x0, 0x6,
    0x80, 0xd4, 0x1, 0xb0, 0x40, 0x31, 0x80, 0x52,
    0x0, 0x85, 0x0, 0xc4, 0x60, 0x19, 0xc0, 0x4,
    0xa0, 0xc2, 0x20, 0xc, 0xe0, 0x1f, 0xa0, 0x1,
    0x60, 0x1f, 0x18, 0x6, 0x70, 0x25, 0x6, 0x20,
    0x10, 0xc, 0xe2, 0x1, 0x8c, 0x20, 0x1, 0x60,
    0x5, 0x0, 0xc4, 0x6, 0x1, 0x99, 0x41, 0x48,
    0x1, 0xa0, 0x1b, 0x2, 0x80, 0x34, 0x80, 0x20,
    0x0, 0x88, 0x0, 0xca, 0xc, 0x20, 0x1c, 0x66,
    0x17, 0xb0, 0xc, 0xe0, 0x14, 0x0, 0x71, 0xf7,
    0x20, 0x3, 0xc, 0x80, 0x4c, 0xe0, 0x1f, 0xfc,
    0xd, 0x10, 0xd, 0xa, 0x1, 0xfc, 0x7a, 0x60,
    0x1c, 0x2a, 0x4, 0x82, 0x0, 0x25, 0xbc, 0x20,
    0xf, 0x48, 0x3, 0xaf, 0xbf, 0xdb, 0x48, 0x1,
    0xf0, 0xb8, 0x21, 0x80, 0x7f, 0xf0, 0x0,

    /* U+00F9 "ù" */
    0x0, 0x17, 0x7f, 0xe2, 0x0, 0xff, 0x8b, 0x40,
    0x34, 0x80, 0x7f, 0xf0, 0xe, 0xc0, 0x24, 0x50,
    0xf, 0xfe, 0x2, 0x50, 0x5, 0x60, 0x1f, 0xfc,
    0x15, 0x80, 0x0, 0xc8, 0x7, 0xff, 0x5, 0xff,
    0xb9, 0x20, 0x1f, 0x2f, 0xfe, 0x80, 0x0, 0x88,
    0x1, 0x3f, 0xf9, 0x40, 0x3f, 0xff, 0xe0, 0x1f,
    0xff, 0xf0, 0xf, 0xff, 0xb0, 0x80, 0x62, 0x0,
    0xff, 0xe0, 0x28, 0x6, 0x40, 0xe, 0x26, 0x0,
    0xe1, 0x20, 0x8, 0x6c, 0xc4, 0x9b, 0x0, 0x3e,
    0xa0, 0xc, 0x99, 0xdb, 0x22, 0x1, 0xf3, 0x90,
    0x7, 0xf3, 0x0, 0x7d, 0xe2, 0x1, 0xf5, 0xe8,
    0x7, 0xc5, 0xd0, 0x60, 0x2, 0x6e, 0x46, 0x0,
    0xe0,

    /* U+00FA "ú" */
    0x0, 0xfe, 0x2f, 0xfd, 0xc4, 0x1, 0xff, 0x70,
    0x4, 0x38, 0x40, 0x1f, 0xe7, 0x30, 0xb, 0x48,
    0x3, 0xfc, 0x50, 0x1, 0x61, 0x80, 0x7f, 0xdc,
    0x1, 0x59, 0x80, 0x7f, 0xf0, 0x37, 0xb9, 0xe8,
    0x1, 0xe5, 0xff, 0xd0, 0x2, 0x30, 0x2, 0x7f,
    0xf2, 0x80, 0x7f, 0xff, 0xc0, 0x3f, 0xff, 0xe0,
    0x1f, 0xff, 0x61, 0x0, 0xc4, 0x1, 0xff, 0xc0,
    0x50, 0xc, 0x80, 0x1c, 0x4c, 0x1, 0xc2, 0x40,
    0x10, 0xd9, 0x89, 0x36, 0x0, 0x7d, 0x40, 0x19,
    0x33, 0xb6, 0x44, 0x3, 0xe7, 0x20, 0xf, 0xe6,
    0x0, 0xfb, 0xc4, 0x3, 0xeb, 0xd0, 0xf, 0x8b,
    0xa0, 0xc0, 0x4, 0xdc, 0x8c, 0x1, 0xc0,

    /* U+00FB "û" */
    0x0, 0xf1, 0x77, 0xfb, 0x44, 0x3, 0xfe, 0x4d,
    0x10, 0x1, 0x79, 0x80, 0x7f, 0x35, 0x80, 0x4,
    0x40, 0x38, 0xa0, 0x1f, 0x44, 0x80, 0xf, 0xf0,
    0x80, 0x14, 0xe0, 0x1c, 0xcc, 0x11, 0x2e, 0x9,
    0x62, 0x8, 0xa5, 0x80, 0x33, 0x77, 0x54, 0x1,
    0xd, 0xf7, 0x4c, 0x1, 0xff, 0xda, 0x5f, 0xfd,
    0x0, 0x1e, 0x9f, 0xfc, 0xa0, 0x1f, 0xff, 0xf0,
    0xf, 0xff, 0xf8, 0x7, 0xff, 0xd8, 0x40, 0x31,
    0x0, 0x7f, 0xf0, 0x14, 0x3, 0x20, 0x7, 0x13,
    0x0, 0x70, 0x90, 0x4, 0x36, 0x62, 0x4d, 0x80,
    0x1f, 0x50, 0x6, 0x4c, 0xed, 0x91, 0x0, 0xf9,
    0xc8, 0x3, 0xf9, 0x80, 0x3e, 0xf1, 0x0, 0xfa,
    0xf4, 0x3, 0xe2, 0xe8, 0x30, 0x1, 0x37, 0x23,
    0x0, 0x70,

    /* U+00FC "ü" */
    0x0, 0xd, 0xfe, 0x98, 0x6, 0x7e, 0xf8, 0x0,
    0xe8, 0x40, 0x2e, 0x0, 0x8a, 0x4, 0x1d, 0x0,
    0x31, 0x0, 0x44, 0x1, 0x30, 0x6, 0x20, 0xd,
    0xc0, 0x13, 0x0, 0x48, 0x20, 0x1, 0x70, 0xc,
    0xb9, 0x15, 0x20, 0x1b, 0xe2, 0x18, 0x20, 0x1c,
    0x6e, 0xa0, 0x1c, 0x2e, 0xe2, 0x0, 0x97, 0xff,
    0x40, 0x7, 0xa7, 0xff, 0x28, 0x7, 0xff, 0xfc,
    0x3, 0xff, 0xfe, 0x1, 0xff, 0xf6, 0x10, 0xc,
    0x40, 0x1f, 0xfc, 0x5, 0x0, 0xc8, 0x1, 0xc4,
    0xc0, 0x1c, 0x24, 0x1, 0xd, 0x98, 0x93, 0x60,
    0x7, 0xd4, 0x1, 0x93, 0x3b, 0x64, 0x40, 0x3e,
    0x72, 0x0, 0xfe, 0x60, 0xf, 0xbc, 0x40, 0x3e,
    0xbd, 0x0, 0xf8, 0xba, 0xc, 0x0, 0x4d, 0xc8,
    0xc0, 0x1c,

    /* U+00FD "ý" */
    0x0, 0xff, 0xe0, 0x5f, 0xfe, 0x70, 0xf, 0xfe,
    0x1b, 0x20, 0x4, 0xee, 0x0, 0xff, 0xe1, 0xc,
    0x80, 0x4f, 0x0, 0x1f, 0xfc, 0x3b, 0x0, 0x9a,
    0x0, 0x3f, 0xf8, 0x6a, 0xa0, 0x2, 0xc8, 0x7,
    0xff, 0x11, 0x7b, 0xaa, 0x0, 0xfe, 0xdf, 0xfc,
    0xe0, 0x10, 0x8c, 0x1, 0x7f, 0xf3, 0x5, 0x0,
    0x6a, 0x0, 0xfc, 0xa0, 0x18, 0x58, 0x18, 0x3,
    0x11, 0x80, 0x7d, 0xc0, 0x19, 0x80, 0x2, 0xc0,
    0x1a, 0x80, 0x3c, 0x28, 0x1, 0xa8, 0x2, 0xa0,
    0xc, 0xe0, 0x1e, 0x60, 0xc, 0x84, 0x1, 0x19,
    0x80, 0x21, 0x50, 0xe, 0xa0, 0xd, 0xe0, 0x1d,
    0x20, 0x1b, 0xc0, 0x31, 0x90, 0x4, 0x48, 0x1,
    0xca, 0x20, 0x12, 0x88, 0x5, 0x40, 0x1a, 0x80,
    0x3e, 0x60, 0xc, 0xe0, 0x13, 0x80, 0x66, 0x0,
    0xfa, 0x40, 0x35, 0x0, 0x10, 0x40, 0x26, 0x10,
    0xf, 0x85, 0x40, 0x23, 0x20, 0xe0, 0xd, 0x40,
    0x1f, 0xd2, 0x1, 0xa8, 0x54, 0x2, 0x33, 0x0,
    0x7f, 0x19, 0x0, 0x4a, 0xe0, 0x1a, 0x40, 0x3f,
    0xeb, 0x0, 0x8a, 0xc0, 0x21, 0x50, 0xf, 0xf9,
    0x80, 0x31, 0x0, 0x4c, 0x1, 0xff, 0xc1, 0x60,
    0xf, 0xa4, 0x3, 0xff, 0x83, 0x60, 0x1e, 0x51,
    0x0, 0xff, 0xe0, 0x92, 0x0, 0x74, 0x80, 0x7f,
    0xf0, 0xfc, 0x3, 0x11, 0x80, 0x7f, 0xf0, 0xdc,
    0x3, 0x58, 0x7, 0xff, 0x12, 0x0, 0x33, 0x0,
    0x7f, 0xf0, 0xd1, 0x0, 0x13, 0x80, 0x7f, 0xf1,
    0x24, 0x3, 0x50, 0x7, 0xff, 0x4, 0x8f, 0x8,
    0x2, 0x42, 0x0, 0xff, 0xe0, 0x36, 0xe1, 0x80,
    0x69, 0x0, 0xff, 0xe0, 0xf0, 0x7, 0x9c, 0x80,
    0x3f, 0xf8, 0x26, 0x1, 0xcf, 0x0, 0x1f, 0xfc,
    0x21, 0x0, 0xa, 0xe4, 0x0, 0x7f, 0xf0, 0x0,

    /* U+00FE "þ" */
    0x7f, 0xfc, 0xe0, 0x1f, 0xff, 0xf0, 0xf, 0xff,
    0xd3, 0xe7, 0xfb, 0xa8, 0xc0, 0x3f, 0xbf, 0x60,
    0xc0, 0x2, 0xb9, 0x0, 0x1f, 0x9c, 0x80, 0x3e,
    0x78, 0x0, 0xff, 0xe2, 0xb9, 0x0, 0x7c, 0x77,
    0xba, 0x70, 0xe, 0x80, 0xf, 0x1e, 0x21, 0x12,
    0x24, 0x3, 0x28, 0x7, 0xac, 0x3, 0x98, 0x80,
    0x31, 0x80, 0x7f, 0xf0, 0x10, 0x3, 0x28, 0x7,
    0xff, 0x3, 0xc0, 0x37, 0x0, 0x7f, 0xf0, 0xc,
    0x3, 0xff, 0xae, 0x60, 0x1f, 0xfc, 0x5e, 0x0,
    0xdc, 0x1, 0xff, 0xc0, 0x50, 0xc, 0xa0, 0x1d,
    0x60, 0x1c, 0xa4, 0x1, 0x9, 0x80, 0x71, 0xda,
    0x8, 0x9e, 0x80, 0x33, 0x80, 0x7c, 0x97, 0xdc,
    0x80, 0xe, 0xb0, 0xf, 0xfe, 0x24, 0x90, 0x7,
    0x9c, 0x80, 0x3e, 0x86, 0x0, 0xfb, 0xf6, 0xc,
    0x0, 0x2d, 0xae, 0x1, 0xfe, 0x7c, 0xff, 0x74,
    0x90, 0x7, 0xff, 0xfc, 0x3, 0xff, 0xd6,

    /* U+00FF "ÿ" */
    0x0, 0xe7, 0xef, 0x80, 0xc, 0x59, 0xf8, 0x40,
    0x1f, 0x8e, 0x4, 0x1d, 0x0, 0x2e, 0x30, 0x39,
    0x0, 0xfc, 0xe0, 0x18, 0x80, 0x21, 0x0, 0x98,
    0x3, 0xf2, 0x8, 0x0, 0x5c, 0x2, 0x50, 0xa,
    0x80, 0x3f, 0xbe, 0x21, 0xe2, 0x1, 0x45, 0x45,
    0xb8, 0x7, 0xf0, 0xbb, 0x84, 0x3, 0x95, 0xd0,
    0x3, 0xdb, 0xff, 0x9c, 0x3, 0xfb, 0xff, 0x98,
    0x28, 0x3, 0x50, 0x7, 0xe5, 0x0, 0xc2, 0xc0,
    0xc0, 0x18, 0x8c, 0x3, 0xee, 0x0, 0xcc, 0x0,
    0x16, 0x0, 0xd4, 0x1, 0xe1, 0x40, 0xd, 0x40,
    0x15, 0x0, 0x67, 0x0, 0xf3, 0x0, 0x64, 0x20,
    0x8, 0xcc, 0x1, 0xa, 0x80, 0x75, 0x0, 0x6f,
    0x0, 0xe9, 0x0, 0xde, 0x1, 0x8c, 0x80, 0x22,
    0x40, 0xe, 0x51, 0x0, 0x94, 0x40, 0x2a, 0x0,
    0xd4, 0x1, 0xf3, 0x0, 0x67, 0x0, 0x9c, 0x3,
    0x30, 0x7, 0xd2, 0x1, 0xa8, 0x0, 0x82, 0x1,
    0x30, 0x80, 0x7c, 0x2a, 0x1, 0x19, 0x7, 0x0,
    0x6a, 0x0, 0xfe, 0x90, 0xd, 0x42, 0xa0, 0x11,
    0x98, 0x3, 0xf8, 0xc8, 0x2, 0x57, 0x0, 0xd2,
    0x1, 0xff, 0x58, 0x4, 0x56, 0x1, 0xa, 0x80,
    0x7f, 0xcc, 0x1, 0x88, 0x2, 0x60, 0xf, 0xfe,
    0xb, 0x0, 0x7d, 0x20, 0x1f, 0xfc, 0x1b, 0x0,
    0xf2, 0x88, 0x7, 0xff, 0x4, 0x90, 0x3, 0xa4,
    0x3, 0xff, 0x87, 0xe0, 0x18, 0x8c, 0x3, 0xff,
    0x86, 0xe0, 0x1a, 0xc0, 0x3f, 0xf8, 0x90, 0x1,
    0x98, 0x3, 0xff, 0x86, 0x88, 0x0, 0x9c, 0x3,
    0xff, 0x89, 0x20, 0x1a, 0x80, 0x3f, 0xf8, 0x24,
    0x78, 0x40, 0x12, 0x10, 0x7, 0xff, 0x1, 0xb7,
    0xc, 0x3, 0x48, 0x7, 0xff, 0x7, 0x80, 0x3c,
    0xe4, 0x1, 0xff, 0xc1, 0x30, 0xe, 0x78, 0x0,
    0xff, 0xe1, 0x8, 0x0, 0x57, 0x20, 0x3, 0xff,
    0x80
};


/*---------------------
 *  GLYPH DESCRIPTION
 *--------------------*/

static const lv_font_fmt_txt_glyph_dsc_t glyph_dsc[] = {
    {.bitmap_index = 0, .adv_w = 0, .box_w = 0, .box_h = 0, .ofs_x = 0, .ofs_y = 0} /* id = 0 reserved */,
    {.bitmap_index = 0, .adv_w = 346, .box_w = 0, .box_h = 0, .ofs_x = 0, .ofs_y = 0},
    {.bitmap_index = 0, .adv_w = 346, .box_w = 7, .box_h = 26, .ofs_x = 7, .ofs_y = 0},
    {.bitmap_index = 49, .adv_w = 346, .box_w = 12, .box_h = 10, .ofs_x = 4, .ofs_y = 18},
    {.bitmap_index = 90, .adv_w = 346, .box_w = 21, .box_h = 26, .ofs_x = 0, .ofs_y = 0},
    {.bitmap_index = 276, .adv_w = 346, .box_w = 19, .box_h = 35, .ofs_x = 2, .ofs_y = -4},
    {.bitmap_index = 490, .adv_w = 346, .box_w = 21, .box_h = 26, .ofs_x = 0, .ofs_y = 0},
    {.bitmap_index = 697, .adv_w = 346, .box_w = 21, .box_h = 26, .ofs_x = 1, .ofs_y = 0},
    {.bitmap_index = 900, .adv_w = 346, .box_w = 4, .box_h = 10, .ofs_x = 8, .ofs_y = 18},
    {.bitmap_index = 915, .adv_w = 346, .box_w = 10, .box_h = 39, .ofs_x = 6, .ofs_y = -9},
    {.bitmap_index = 1060, .adv_w = 346, .box_w = 11, .box_h = 39, .ofs_x = 5, .ofs_y = -9},
    {.bitmap_index = 1209, .adv_w = 346, .box_w = 19, .box_h = 19, .ofs_x = 2, .ofs_y = 7},
    {.bitmap_index = 1347, .adv_w = 346, .box_w = 19, .box_h = 20, .ofs_x = 1, .ofs_y = 3},
    {.bitmap_index = 1390, .adv_w = 346, .box_w = 7, .box_h = 12, .ofs_x = 6, .ofs_y = -8},
    {.bitmap_index = 1421, .adv_w = 346, .box_w = 16, .box_h = 5, .ofs_x = 4, .ofs_y = 10},
    {.bitmap_index = 1433, .adv_w = 346, .box_w = 8, .box_h = 7, .ofs_x = 7, .ofs_y = 0},
    {.bitmap_index = 1457, .adv_w = 346, .box_w = 15, .box_h = 29, .ofs_x = 3, .ofs_y = -3},
    {.bitmap_index = 1592, .adv_w = 346, .box_w = 18, .box_h = 26, .ofs_x = 2, .ofs_y = 0},
    {.bitmap_index = 1759, .adv_w = 346, .box_w = 12, .box_h = 27, .ofs_x = 3, .ofs_y = 0},
    {.bitmap_index = 1806, .adv_w = 346, .box_w = 19, .box_h = 26, .ofs_x = 1, .ofs_y = 0},
    {.bitmap_index = 1959, .adv_w = 346, .box_w = 19, .box_h = 26, .ofs_x = 1, .ofs_y = 0},
    {.bitmap_index = 2132, .adv_w = 346, .box_w = 19, .box_h = 26, .ofs_x = 1, .ofs_y = 0},
    {.bitmap_index = 2253, .adv_w = 346, .box_w = 18, .box_h = 26, .ofs_x = 2, .ofs_y = 0},
    {.bitmap_index = 2414, .adv_w = 346, .box_w = 19, .box_h = 26, .ofs_x = 1, .ofs_y = 0},
    {.bitmap_index = 2588, .adv_w = 346, .box_w = 19, .box_h = 26, .ofs_x = 1, .ofs_y = 0},
    {.bitmap_index = 2728, .adv_w = 346, .box_w = 19, .box_h = 26, .ofs_x = 1, .ofs_y = 0},
    {.bitmap_index = 2917, .adv_w = 346, .box_w = 18, .box_h = 26, .ofs_x = 1, .ofs_y = 0},
    {.bitmap_index = 3086, .adv_w = 346, .box_w = 8, .box_h = 22, .ofs_x = 7, .ofs_y = 0},
    {.bitmap_index = 3140, .adv_w = 346, .box_w = 9, .box_h = 29, .ofs_x = 7, .ofs_y = -7},
    {.bitmap_index = 3209, .adv_w = 346, .box_w = 17, .box_h = 19, .ofs_x = 2, .ofs_y = 2},
    {.bitmap_index = 3312, .adv_w = 346, .box_w = 18, .box_h = 12, .ofs_x = 2, .ofs_y = 5},
    {.bitmap_index = 3341, .adv_w = 346, .box_w = 17, .box_h = 19, .ofs_x = 2, .ofs_y = 2},
    {.bitmap_index = 3447, .adv_w = 346, .box_w = 18, .box_h = 26, .ofs_x = 2, .ofs_y = 0},
    {.bitmap_index = 3596, .adv_w = 346, .box_w = 21, .box_h = 26, .ofs_x = 0, .ofs_y = 0},
    {.bitmap_index = 3844, .adv_w = 346, .box_w = 22, .box_h = 26, .ofs_x = 0, .ofs_y = 0},
    {.bitmap_index = 4029, .adv_w = 346, .box_w = 19, .box_h = 26, .ofs_x = 2, .ofs_y = 0},
    {.bitmap_index = 4178, .adv_w = 346, .box_w = 20, .box_h = 26, .ofs_x = 1, .ofs_y = 0},
    {.bitmap_index = 4335, .adv_w = 346, .box_w = 19, .box_h = 26, .ofs_x = 2, .ofs_y = 0},
    {.bitmap_index = 4463, .adv_w = 346, .box_w = 18, .box_h = 26, .ofs_x = 2, .ofs_y = 0},
    {.bitmap_index = 4511, .adv_w = 346, .box_w = 18, .box_h = 26, .ofs_x = 2, .ofs_y = 0},
    {.bitmap_index = 4555, .adv_w = 346, .box_w = 19, .box_h = 26, .ofs_x = 1, .ofs_y = 0},
    {.bitmap_index = 4710, .adv_w = 346, .box_w = 18, .box_h = 26, .ofs_x = 2, .ofs_y = 0},
    {.bitmap_index = 4748, .adv_w = 346, .box_w = 16, .box_h = 26, .ofs_x = 3, .ofs_y = 0},
    {.bitmap_index = 4795, .adv_w = 346, .box_w = 19, .box_h = 26, .ofs_x = 1, .ofs_y = 0},
    {.bitmap_index = 4875, .adv_w = 346, .box_w = 21, .box_h = 26, .ofs_x = 2, .ofs_y = 0},
    {.bitmap_index = 5039, .adv_w = 346, .box_w = 18, .box_h = 26, .ofs_x = 2, .ofs_y = 0},
    {.bitmap_index = 5070, .adv_w = 346, .box_w = 18, .box_h = 26, .ofs_x = 2, .ofs_y = 0},
    {.bitmap_index = 5186, .adv_w = 346, .box_w = 18, .box_h = 26, .ofs_x = 2, .ofs_y = 0},
    {.bitmap_index = 5305, .adv_w = 346, .box_w = 20, .box_h = 26, .ofs_x = 1, .ofs_y = 0},
    {.bitmap_index = 5469, .adv_w = 346, .box_w = 19, .box_h = 26, .ofs_x = 2, .ofs_y = 0},
    {.bitmap_index = 5570, .adv_w = 346, .box_w = 21, .box_h = 31, .ofs_x = 1, .ofs_y = -5},
    {.bitmap_index = 5770, .adv_w = 346, .box_w = 20, .box_h = 26, .ofs_x = 2, .ofs_y = 0},
    {.bitmap_index = 5916, .adv_w = 346, .box_w = 20, .box_h = 26, .ofs_x = 1, .ofs_y = 0},
    {.bitmap_index = 6102, .adv_w = 346, .box_w = 22, .box_h = 26, .ofs_x = 0, .ofs_y = 0},
    {.bitmap_index = 6142, .adv_w = 346, .box_w = 18, .box_h = 26, .ofs_x = 2, .ofs_y = 0},
    {.bitmap_index = 6226, .adv_w = 346, .box_w = 22, .box_h = 26, .ofs_x = 0, .ofs_y = 0},
    {.bitmap_index = 6419, .adv_w = 346, .box_w = 22, .box_h = 26, .ofs_x = 0, .ofs_y = 0},
    {.bitmap_index = 6650, .adv_w = 346, .box_w = 22, .box_h = 26, .ofs_x = 0, .ofs_y = 0},
    {.bitmap_index = 6849, .adv_w = 346, .box_w = 22, .box_h = 26, .ofs_x = 0, .ofs_y = 0},
    {.bitmap_index = 6991, .adv_w = 346, .box_w = 20, .box_h = 26, .ofs_x = 1, .ofs_y = 0},
    {.bitmap_index = 7123, .adv_w = 346, .box_w = 8, .box_h = 37, .ofs_x = 7, .ofs_y = -6},
    {.bitmap_index = 7152, .adv_w = 346, .box_w = 15, .box_h = 29, .ofs_x = 4, .ofs_y = -3},
    {.bitmap_index = 7282, .adv_w = 346, .box_w = 8, .box_h = 37, .ofs_x = 7, .ofs_y = -6},
    {.bitmap_index = 7309, .adv_w = 346, .box_w = 16, .box_h = 14, .ofs_x = 3, .ofs_y = 12},
    {.bitmap_index = 7398, .adv_w = 346, .box_w = 17, .box_h = 4, .ofs_x = 2, .ofs_y = -4},
    {.bitmap_index = 7410, .adv_w = 346, .box_w = 9, .box_h = 6, .ofs_x = 7, .ofs_y = 22},
    {.bitmap_index = 7433, .adv_w = 346, .box_w = 18, .box_h = 20, .ofs_x = 2, .ofs_y = 0},
    {.bitmap_index = 7564, .adv_w = 346, .box_w = 18, .box_h = 28, .ofs_x = 2, .ofs_y = 0},
    {.bitmap_index = 7681, .adv_w = 346, .box_w = 18, .box_h = 20, .ofs_x = 2, .ofs_y = 0},
    {.bitmap_index = 7805, .adv_w = 346, .box_w = 18, .box_h = 28, .ofs_x = 1, .ofs_y = 0},
    {.bitmap_index = 7929, .adv_w = 346, .box_w = 19, .box_h = 20, .ofs_x = 1, .ofs_y = 0},
    {.bitmap_index = 8063, .adv_w = 346, .box_w = 19, .box_h = 29, .ofs_x = 2, .ofs_y = 0},
    {.bitmap_index = 8153, .adv_w = 346, .box_w = 19, .box_h = 28, .ofs_x = 1, .ofs_y = -8},
    {.bitmap_index = 8328, .adv_w = 346, .box_w = 18, .box_h = 28, .ofs_x = 2, .ofs_y = 0},
    {.bitmap_index = 8398, .adv_w = 346, .box_w = 17, .box_h = 28, .ofs_x = 3, .ofs_y = 0},
    {.bitmap_index = 8472, .adv_w = 346, .box_w = 13, .box_h = 36, .ofs_x = 3, .ofs_y = -8},
    {.bitmap_index = 8560, .adv_w = 346, .box_w = 20, .box_h = 28, .ofs_x = 2, .ofs_y = 0},
    {.bitmap_index = 8686, .adv_w = 346, .box_w = 17, .box_h = 28, .ofs_x = 3, .ofs_y = 0},
    {.bitmap_index = 8727, .adv_w = 346, .box_w = 20, .box_h = 20, .ofs_x = 1, .ofs_y = 0},
    {.bitmap_index = 8788, .adv_w = 346, .box_w = 18, .box_h = 20, .ofs_x = 2, .ofs_y = 0},
    {.bitmap_index = 8850, .adv_w = 346, .box_w = 19, .box_h = 20, .ofs_x = 1, .ofs_y = 0},
    {.bitmap_index = 8990, .adv_w = 346, .box_w = 18, .box_h = 28, .ofs_x = 2, .ofs_y = -8},
    {.bitmap_index = 9112, .adv_w = 346, .box_w = 18, .box_h = 28, .ofs_x = 1, .ofs_y = -8},
    {.bitmap_index = 9235, .adv_w = 346, .box_w = 15, .box_h = 20, .ofs_x = 5, .ofs_y = 0},
    {.bitmap_index = 9290, .adv_w = 346, .box_w = 18, .box_h = 20, .ofs_x = 2, .ofs_y = 0},
    {.bitmap_index = 9435, .adv_w = 346, .box_w = 18, .box_h = 25, .ofs_x = 2, .ofs_y = 0},
    {.bitmap_index = 9514, .adv_w = 346, .box_w = 18, .box_h = 20, .ofs_x = 2, .ofs_y = 0},
    {.bitmap_index = 9574, .adv_w = 346, .box_w = 20, .box_h = 20, .ofs_x = 1, .ofs_y = 0},
    {.bitmap_index = 9717, .adv_w = 346, .box_w = 21, .box_h = 20, .ofs_x = 0, .ofs_y = 0},
    {.bitmap_index = 9901, .adv_w = 346, .box_w = 20, .box_h = 20, .ofs_x = 1, .ofs_y = 0},
    {.bitmap_index = 10046, .adv_w = 346, .box_w = 22, .box_h = 28, .ofs_x = 0, .ofs_y = -8},
    {.bitmap_index = 10246, .adv_w = 346, .box_w = 18, .box_h = 20, .ofs_x = 2, .ofs_y = 0},
    {.bitmap_index = 10330, .adv_w = 346, .box_w = 13, .box_h = 36, .ofs_x = 5, .ofs_y = -7},
    {.bitmap_index = 10464, .adv_w = 346, .box_w = 4, .box_h = 34, .ofs_x = 9, .ofs_y = -8},
    {.bitmap_index = 10473, .adv_w = 346, .box_w = 13, .box_h = 36, .ofs_x = 5, .ofs_y = -7},
    {.bitmap_index = 10609, .adv_w = 346, .box_w = 21, .box_h = 9, .ofs_x = 0, .ofs_y = 7},
    {.bitmap_index = 10682, .adv_w = 346, .box_w = 0, .box_h = 0, .ofs_x = 0, .ofs_y = 0},
    {.bitmap_index = 10682, .adv_w = 346, .box_w = 7, .box_h = 27, .ofs_x = 8, .ofs_y = -7},
    {.bitmap_index = 10736, .adv_w = 346, .box_w = 18, .box_h = 29, .ofs_x = 2, .ofs_y = -4},
    {.bitmap_index = 10877, .adv_w = 346, .box_w = 19, .box_h = 26, .ofs_x = 2, .ofs_y = 0},
    {.bitmap_index = 11000, .adv_w = 346, .box_w = 20, .box_h = 21, .ofs_x = 1, .ofs_y = -1},
    {.bitmap_index = 11178, .adv_w = 346, .box_w = 22, .box_h = 26, .ofs_x = 0, .ofs_y = 0},
    {.bitmap_index = 11322, .adv_w = 346, .box_w = 6, .box_h = 32, .ofs_x = 8, .ofs_y = -6},
    {.bitmap_index = 11343, .adv_w = 346, .box_w = 20, .box_h = 34, .ofs_x = 1, .ofs_y = -8},
    {.bitmap_index = 11598, .adv_w = 346, .box_w = 14, .box_h = 5, .ofs_x = 4, .ofs_y = 23},
    {.bitmap_index = 11631, .adv_w = 346, .box_w = 20, .box_h = 21, .ofs_x = 1, .ofs_y = 0},
    {.bitmap_index = 11820, .adv_w = 346, .box_w = 13, .box_h = 14, .ofs_x = 4, .ofs_y = 12},
    {.bitmap_index = 11901, .adv_w = 346, .box_w = 16, .box_h = 15, .ofs_x = 3, .ofs_y = 2},
    {.bitmap_index = 12014, .adv_w = 346, .box_w = 15, .box_h = 9, .ofs_x = 3, .ofs_y = 7},
    {.bitmap_index = 12033, .adv_w = 346, .box_w = 16, .box_h = 5, .ofs_x = 4, .ofs_y = 10},
    {.bitmap_index = 12045, .adv_w = 346, .box_w = 20, .box_h = 21, .ofs_x = 1, .ofs_y = 0},
    {.bitmap_index = 12224, .adv_w = 346, .box_w = 14, .box_h = 3, .ofs_x = 4, .ofs_y = 23},
    {.bitmap_index = 12235, .adv_w = 346, .box_w = 10, .box_h = 10, .ofs_x = 6, .ofs_y = 17},
    {.bitmap_index = 12285, .adv_w = 346, .box_w = 17, .box_h = 24, .ofs_x = 2, .ofs_y = 0},
    {.bitmap_index = 12343, .adv_w = 346, .box_w = 12, .box_h = 14, .ofs_x = 5, .ofs_y = 12},
    {.bitmap_index = 12417, .adv_w = 346, .box_w = 12, .box_h = 14, .ofs_x = 5, .ofs_y = 12},
    {.bitmap_index = 12496, .adv_w = 346, .box_w = 10, .box_h = 6, .ofs_x = 6, .ofs_y = 22},
    {.bitmap_index = 12523, .adv_w = 346, .box_w = 17, .box_h = 28, .ofs_x = 3, .ofs_y = -8},
    {.bitmap_index = 12583, .adv_w = 346, .box_w = 15, .box_h = 26, .ofs_x = 3, .ofs_y = 0},
    {.bitmap_index = 12664, .adv_w = 346, .box_w = 7, .box_h = 6, .ofs_x = 8, .ofs_y = 10},
    {.bitmap_index = 12683, .adv_w = 346, .box_w = 8, .box_h = 9, .ofs_x = 7, .ofs_y = -8},
    {.bitmap_index = 12717, .adv_w = 346, .box_w = 8, .box_h = 14, .ofs_x = 6, .ofs_y = 12},
    {.bitmap_index = 12740, .adv_w = 346, .box_w = 13, .box_h = 14, .ofs_x = 4, .ofs_y = 12},
    {.bitmap_index = 12821, .adv_w = 346, .box_w = 16, .box_h = 15, .ofs_x = 3, .ofs_y = 2},
    {.bitmap_index = 12934, .adv_w = 346, .box_w = 20, .box_h = 27, .ofs_x = 1, .ofs_y = 0},
    {.bitmap_index = 13102, .adv_w = 346, .box_w = 22, .box_h = 27, .ofs_x = 0, .ofs_y = 0},
    {.bitmap_index = 13290, .adv_w = 346, .box_w = 22, .box_h = 27, .ofs_x = 0, .ofs_y = 0},
    {.bitmap_index = 13501, .adv_w = 346, .box_w = 17, .box_h = 28, .ofs_x = 3, .ofs_y = -8},
    {.bitmap_index = 13649, .adv_w = 346, .box_w = 22, .box_h = 34, .ofs_x = 0, .ofs_y = 0},
    {.bitmap_index = 13874, .adv_w = 346, .box_w = 22, .box_h = 34, .ofs_x = 0, .ofs_y = 0},
    {.bitmap_index = 14101, .adv_w = 346, .box_w = 22, .box_h = 34, .ofs_x = 0, .ofs_y = 0},
    {.bitmap_index = 14334, .adv_w = 346, .box_w = 22, .box_h = 35, .ofs_x = 0, .ofs_y = 0},
    {.bitmap_index = 14574, .adv_w = 346, .box_w = 22, .box_h = 34, .ofs_x = 0, .ofs_y = 0},
    {.bitmap_index = 14807, .adv_w = 346, .box_w = 22, .box_h = 35, .ofs_x = 0, .ofs_y = 0},
    {.bitmap_index = 15047, .adv_w = 346, .box_w = 21, .box_h = 26, .ofs_x = 0, .ofs_y = 0},
    {.bitmap_index = 15196, .adv_w = 346, .box_w = 20, .box_h = 34, .ofs_x = 1, .ofs_y = -8},
    {.bitmap_index = 15399, .adv_w = 346, .box_w = 18, .box_h = 33, .ofs_x = 2, .ofs_y = 0},
    {.bitmap_index = 15488, .adv_w = 346, .box_w = 18, .box_h = 33, .ofs_x = 2, .ofs_y = 0},
    {.bitmap_index = 15574, .adv_w = 346, .box_w = 18, .box_h = 34, .ofs_x = 2, .ofs_y = 0},
    {.bitmap_index = 15666, .adv_w = 346, .box_w = 18, .box_h = 33, .ofs_x = 2, .ofs_y = 0},
    {.bitmap_index = 15763, .adv_w = 346, .box_w = 16, .box_h = 34, .ofs_x = 3, .ofs_y = 0},
    {.bitmap_index = 15846, .adv_w = 346, .box_w = 16, .box_h = 34, .ofs_x = 3, .ofs_y = 0},
    {.bitmap_index = 15929, .adv_w = 346, .box_w = 16, .box_h = 34, .ofs_x = 3, .ofs_y = 0},
    {.bitmap_index = 16019, .adv_w = 346, .box_w = 16, .box_h = 34, .ofs_x = 3, .ofs_y = 0},
    {.bitmap_index = 16111, .adv_w = 346, .box_w = 22, .box_h = 26, .ofs_x = -1, .ofs_y = 0},
    {.bitmap_index = 16270, .adv_w = 346, .box_w = 18, .box_h = 35, .ofs_x = 2, .ofs_y = 0},
    {.bitmap_index = 16445, .adv_w = 346, .box_w = 20, .box_h = 34, .ofs_x = 1, .ofs_y = 0},
    {.bitmap_index = 16649, .adv_w = 346, .box_w = 20, .box_h = 34, .ofs_x = 1, .ofs_y = 0},
    {.bitmap_index = 16855, .adv_w = 346, .box_w = 20, .box_h = 35, .ofs_x = 1, .ofs_y = 0},
    {.bitmap_index = 17071, .adv_w = 346, .box_w = 20, .box_h = 36, .ofs_x = 1, .ofs_y = 0},
    {.bitmap_index = 17286, .adv_w = 346, .box_w = 20, .box_h = 34, .ofs_x = 1, .ofs_y = 0},
    {.bitmap_index = 17498, .adv_w = 346, .box_w = 18, .box_h = 19, .ofs_x = 2, .ofs_y = 3},
    {.bitmap_index = 17630, .adv_w = 346, .box_w = 21, .box_h = 30, .ofs_x = 0, .ofs_y = -2},
    {.bitmap_index = 17866, .adv_w = 346, .box_w = 18, .box_h = 34, .ofs_x = 2, .ofs_y = 0},
    {.bitmap_index = 17992, .adv_w = 346, .box_w = 18, .box_h = 34, .ofs_x = 2, .ofs_y = 0},
    {.bitmap_index = 18116, .adv_w = 346, .box_w = 18, .box_h = 34, .ofs_x = 2, .ofs_y = 0},
    {.bitmap_index = 18246, .adv_w = 346, .box_w = 18, .box_h = 34, .ofs_x = 2, .ofs_y = 0},
    {.bitmap_index = 18378, .adv_w = 346, .box_w = 22, .box_h = 34, .ofs_x = 0, .ofs_y = 0},
    {.bitmap_index = 18565, .adv_w = 346, .box_w = 19, .box_h = 26, .ofs_x = 2, .ofs_y = 0},
    {.bitmap_index = 18668, .adv_w = 346, .box_w = 19, .box_h = 29, .ofs_x = 2, .ofs_y = 0},
    {.bitmap_index = 18851, .adv_w = 346, .box_w = 18, .box_h = 28, .ofs_x = 2, .ofs_y = 0},
    {.bitmap_index = 19022, .adv_w = 346, .box_w = 18, .box_h = 28, .ofs_x = 2, .ofs_y = 0},
    {.bitmap_index = 19190, .adv_w = 346, .box_w = 18, .box_h = 28, .ofs_x = 2, .ofs_y = 0},
    {.bitmap_index = 19364, .adv_w = 346, .box_w = 18, .box_h = 30, .ofs_x = 2, .ofs_y = 0},
    {.bitmap_index = 19554, .adv_w = 346, .box_w = 18, .box_h = 28, .ofs_x = 2, .ofs_y = 0},
    {.bitmap_index = 19731, .adv_w = 346, .box_w = 18, .box_h = 30, .ofs_x = 2, .ofs_y = 0},
    {.bitmap_index = 19912, .adv_w = 346, .box_w = 21, .box_h = 20, .ofs_x = 0, .ofs_y = 0},
    {.bitmap_index = 20061, .adv_w = 346, .box_w = 18, .box_h = 28, .ofs_x = 2, .ofs_y = -8},
    {.bitmap_index = 20229, .adv_w = 346, .box_w = 19, .box_h = 28, .ofs_x = 1, .ofs_y = 0},
    {.bitmap_index = 20403, .adv_w = 346, .box_w = 19, .box_h = 28, .ofs_x = 1, .ofs_y = 0},
    {.bitmap_index = 20578, .adv_w = 346, .box_w = 19, .box_h = 28, .ofs_x = 1, .ofs_y = 0},
    {.bitmap_index = 20757, .adv_w = 346, .box_w = 19, .box_h = 28, .ofs_x = 1, .ofs_y = 0},
    {.bitmap_index = 20937, .adv_w = 346, .box_w = 17, .box_h = 26, .ofs_x = 3, .ofs_y = 0},
    {.bitmap_index = 21008, .adv_w = 346, .box_w = 17, .box_h = 26, .ofs_x = 3, .ofs_y = 0},
    {.bitmap_index = 21080, .adv_w = 346, .box_w = 17, .box_h = 28, .ofs_x = 3, .ofs_y = 0},
    {.bitmap_index = 21161, .adv_w = 346, .box_w = 17, .box_h = 26, .ofs_x = 3, .ofs_y = 0},
    {.bitmap_index = 21243, .adv_w = 346, .box_w = 20, .box_h = 28, .ofs_x = 0, .ofs_y = 0},
    {.bitmap_index = 21447, .adv_w = 346, .box_w = 18, .box_h = 29, .ofs_x = 2, .ofs_y = 0},
    {.bitmap_index = 21567, .adv_w = 346, .box_w = 19, .box_h = 28, .ofs_x = 1, .ofs_y = 0},
    {.bitmap_index = 21746, .adv_w = 346, .box_w = 19, .box_h = 28, .ofs_x = 1, .ofs_y = 0},
    {.bitmap_index = 21926, .adv_w = 346, .box_w = 19, .box_h = 28, .ofs_x = 1, .ofs_y = 0},
    {.bitmap_index = 22112, .adv_w = 346, .box_w = 19, .box_h = 30, .ofs_x = 1, .ofs_y = 0},
    {.bitmap_index = 22313, .adv_w = 346, .box_w = 19, .box_h = 28, .ofs_x = 1, .ofs_y = 0},
    {.bitmap_index = 22500, .adv_w = 346, .box_w = 19, .box_h = 20, .ofs_x = 1, .ofs_y = 2},
    {.bitmap_index = 22589, .adv_w = 346, .box_w = 19, .box_h = 25, .ofs_x = 1, .ofs_y = -2},
    {.bitmap_index = 22772, .adv_w = 346, .box_w = 18, .box_h = 26, .ofs_x = 2, .ofs_y = 0},
    {.bitmap_index = 22869, .adv_w = 346, .box_w = 18, .box_h = 26, .ofs_x = 2, .ofs_y = 0},
    {.bitmap_index = 22964, .adv_w = 346, .box_w = 18, .box_h = 28, .ofs_x = 2, .ofs_y = 0},
    {.bitmap_index = 23070, .adv_w = 346, .box_w = 18, .box_h = 26, .ofs_x = 2, .ofs_y = 0},
    {.bitmap_index = 23176, .adv_w = 346, .box_w = 22, .box_h = 34, .ofs_x = 0, .ofs_y = -8},
    {.bitmap_index = 23416, .adv_w = 346, .box_w = 18, .box_h = 36, .ofs_x = 2, .ofs_y = -8},
    {.bitmap_index = 23543, .adv_w = 346, .box_w = 22, .box_h = 34, .ofs_x = 0, .ofs_y = -8}
};

/*---------------------
 *  CHARACTER MAPPING
 *--------------------*/



/*Collect the unicode lists and glyph_id offsets*/
static const lv_font_fmt_txt_cmap_t cmaps[] =
{
    {
        .range_start = 32, .range_length = 95, .glyph_id_start = 1,
        .unicode_list = NULL, .glyph_id_ofs_list = NULL, .list_length = 0, .type = LV_FONT_FMT_TXT_CMAP_FORMAT0_TINY
    },
    {
        .range_start = 160, .range_length = 96, .glyph_id_start = 96,
        .unicode_list = NULL, .glyph_id_ofs_list = NULL, .list_length = 0, .type = LV_FONT_FMT_TXT_CMAP_FORMAT0_TINY
    }
};



/*--------------------
 *  ALL CUSTOM DATA
 *--------------------*/

#if LVGL_VERSION_MAJOR == 8
/*Store all the custom data of the font*/
static  lv_font_fmt_txt_glyph_cache_t cache;
#endif

#if LVGL_VERSION_MAJOR >= 8
static const lv_font_fmt_txt_dsc_t font_dsc = {
#else
static lv_font_fmt_txt_dsc_t font_dsc = {
#endif
    .glyph_bitmap = glyph_bitmap,
    .glyph_dsc = glyph_dsc,
    .cmaps = cmaps,
    .kern_dsc = NULL,
    .kern_scale = 0,
    .cmap_num = 2,
    .bpp = 4,
    .kern_classes = 0,
    .bitmap_format = 1,
#if LVGL_VERSION_MAJOR == 8
    .cache = &cache
#endif
};



/*-----------------
 *  PUBLIC FONT
 *----------------*/

/*Initialize a public general font descriptor*/
#if LVGL_VERSION_MAJOR >= 8
const lv_font_t roboto_mono_bold_36 = {
#else
lv_font_t roboto_mono_bold_36 = {
#endif
    .get_glyph_dsc = lv_font_get_glyph_dsc_fmt_txt,    /*Function pointer to get glyph's data*/
    .get_glyph_bitmap = lv_font_get_bitmap_fmt_txt,    /*Function pointer to get glyph's bitmap*/
    .line_height = 45,          /*The maximum line height required by the font*/
    .base_line = 9,             /*Baseline measured from the bottom of the line*/
#if !(LVGL_VERSION_MAJOR == 6 && LVGL_VERSION_MINOR == 0)
    .subpx = LV_FONT_SUBPX_NONE,
#endif
#if LV_VERSION_CHECK(7, 4, 0) || LVGL_VERSION_MAJOR >= 8
    .underline_position = -3,
    .underline_thickness = 2,
#endif
    .dsc = &font_dsc,          /*The custom font data. Will be accessed by `get_glyph_bitmap/dsc` */
#if LV_VERSION_CHECK(8, 2, 0) || LVGL_VERSION_MAJOR >= 9
    .fallback = NULL,
#endif
    .user_data = NULL,
};



#endif /*#if ROBOTO_MONO_BOLD_36*/

