/*******************************************************************************
 * Size: 30 px
 * Bpp: 4
 * Opts: --bpp 4 --size 30 --font roboto_mono_medium.ttf --range 32-127,160-255 --format lvgl -o generated_fonts/roboto_mono_medium_30.c
 ******************************************************************************/

#include "lvgl.h"

#ifndef ROBOTO_MONO_MEDIUM_30
#define ROBOTO_MONO_MEDIUM_30 1
#endif

#if ROBOTO_MONO_MEDIUM_30

/*-----------------
 *    BITMAPS
 *----------------*/

/*Store the image of the glyphs*/
static LV_ATTRIBUTE_LARGE_CONST const uint8_t glyph_bitmap[] = {
    /* U+0020 " " */

    /* U+0021 "!" */
    0xe, 0xff, 0x50, 0x7, 0x8c, 0x3, 0xff, 0x94,
    0x60, 0x1e, 0x10, 0xf, 0xfe, 0x63, 0x80, 0x4,
    0x2f, 0xfd, 0x0, 0x1f, 0xf3, 0x6e, 0x90, 0x64,
    0x89, 0x40, 0x1c, 0x2e, 0x3, 0x60,

    /* U+0022 "\"" */
    0x6f, 0xf2, 0x0, 0x2f, 0xfc, 0x1, 0x38, 0x6,
    0x10, 0xf, 0xfe, 0x1, 0x0, 0x62, 0x0, 0x84,
    0x3, 0x38, 0x7, 0xe1, 0x0, 0x8, 0x7, 0x1a,
    0x55, 0x80, 0x5f, 0x54,

    /* U+0023 "#" */
    0x0, 0xf1, 0x7f, 0x90, 0x0, 0xdf, 0xe0, 0xf,
    0xe7, 0x0, 0x28, 0x3, 0xc0, 0x80, 0x3f, 0xb4,
    0x4, 0x40, 0x5, 0x7, 0x0, 0xfe, 0x30, 0x50,
    0x8, 0xc3, 0x0, 0x3f, 0x94, 0xc, 0x0, 0x40,
    0x5, 0x0, 0xfc, 0x22, 0xd, 0x0, 0x38, 0x0,
    0xc0, 0x31, 0x7f, 0xdc, 0x0, 0xaf, 0xf5, 0x0,
    0x3f, 0xe1, 0x0, 0xff, 0xe3, 0x95, 0xdc, 0x60,
    0x57, 0x70, 0x1, 0x6e, 0xe1, 0x0, 0x22, 0x42,
    0x8, 0x92, 0x80, 0x3d, 0x12, 0x0, 0xf1, 0x7,
    0x80, 0x14, 0x0, 0x80, 0x1f, 0x8c, 0x0, 0x80,
    0x3, 0x1, 0x10, 0x6, 0x14, 0x4a, 0xc0, 0xc,
    0x88, 0xc0, 0x34, 0x48, 0x0, 0xb7, 0x73, 0x80,
    0x2e, 0xe4, 0x2, 0xbb, 0x80, 0x3f, 0xf9, 0x9,
    0xff, 0x0, 0x23, 0xfd, 0x80, 0xd, 0xff, 0x80,
    0x38, 0x80, 0x6, 0x0, 0x50, 0x1, 0x0, 0x7e,
    0x70, 0x2, 0x80, 0x3c, 0xc, 0x3, 0xfb, 0x40,
    0x44, 0x0, 0x50, 0x50, 0xf, 0xe3, 0x5, 0x0,
    0x8c, 0x3c, 0x3, 0xf9, 0x40, 0xc0, 0x4, 0x0,
    0x50, 0xf, 0x0,

    /* U+0024 "$" */
    0x0, 0xf3, 0x7e, 0x80, 0x7f, 0xf0, 0x4, 0x3,
    0xff, 0x9e, 0xb5, 0x20, 0x54, 0xa0, 0x1e, 0x2c,
    0xa5, 0x10, 0x2, 0xd6, 0x90, 0x4, 0x38, 0x60,
    0x1f, 0x16, 0x8, 0x2, 0x44, 0x0, 0xdb, 0xfa,
    0xa0, 0x1, 0x80, 0x3, 0x0, 0x12, 0x48, 0xa,
    0x8c, 0x0, 0xc0, 0x22, 0x0, 0x60, 0x7, 0x50,
    0x4, 0x60, 0x1f, 0xe5, 0x0, 0x9c, 0x40, 0x2b,
    0x0, 0xe3, 0xff, 0x90, 0x14, 0x0, 0x76, 0x20,
    0x1f, 0xd0, 0x1, 0x27, 0x52, 0x0, 0x7c, 0x58,
    0x20, 0x12, 0xde, 0xb0, 0x7, 0x8f, 0xd8, 0x3,
    0x14, 0xe9, 0x0, 0x70, 0xcf, 0x41, 0x0, 0x45,
    0x84, 0x1, 0xe1, 0x7d, 0xb3, 0x0, 0xf, 0x0,
    0x7f, 0x26, 0x20, 0x0, 0xca, 0x26, 0x4a, 0x1,
    0xe8, 0x0, 0x9d, 0x59, 0x9c, 0x1, 0xe2, 0x0,
    0x8d, 0xc0, 0x8, 0x20, 0x1c, 0x80, 0x11, 0x78,
    0x5, 0x42, 0x1, 0x14, 0x0, 0x4a, 0xa3, 0x0,
    0x27, 0x5d, 0x66, 0x90, 0x1, 0xc4, 0x34, 0xc0,
    0x24, 0x53, 0x0, 0x96, 0x0, 0x3, 0x92, 0x40,
    0x1c, 0x75, 0x40, 0xe, 0x6d, 0xe3, 0x6, 0xfc,
    0x50, 0xf, 0xc2, 0xe0, 0x20, 0x1f, 0xfc, 0x90,

    /* U+0025 "%" */
    0x0, 0x47, 0x7f, 0x51, 0x0, 0x7f, 0xd8, 0xe2,
    0x2, 0xb8, 0x20, 0x1f, 0xc8, 0x60, 0xfb, 0x40,
    0x32, 0x1, 0x18, 0x7, 0x10, 0x2, 0x9, 0x4c,
    0xc, 0x0, 0x59, 0xc0, 0x1f, 0xfc, 0x39, 0x6,
    0x0, 0xc4, 0x0, 0x60, 0x33, 0x1, 0x2, 0x20,
    0x60, 0x3, 0x21, 0x4, 0xfe, 0x0, 0x2c, 0x24,
    0x20, 0x3, 0xd8, 0xa0, 0x11, 0xe1, 0x31, 0x11,
    0x80, 0x3c, 0x35, 0xfd, 0xf8, 0x63, 0x1, 0x20,
    0x1f, 0xe1, 0x0, 0xa0, 0x51, 0x0, 0x1f, 0xfc,
    0x12, 0x60, 0x80, 0xf, 0xfe, 0x14, 0x83, 0x18,
    0x0, 0x40, 0x3f, 0xc8, 0x80, 0x82, 0xbf, 0xef,
    0x90, 0xf, 0xd2, 0x10, 0x18, 0x80, 0x13, 0x50,
    0x7, 0x98, 0x85, 0xe4, 0x42, 0xfd, 0xc1, 0x48,
    0x3, 0xc, 0x5, 0x81, 0x81, 0xa0, 0x48, 0x1,
    0x0, 0x34, 0x9, 0xa8, 0x4, 0xe0, 0x1, 0x0,
    0xfa, 0x93, 0xc0, 0x33, 0x80, 0x4, 0x0, 0x60,
    0x18, 0xec, 0xc0, 0x18, 0x6, 0xa3, 0x0, 0x7,
    0x0, 0xfe, 0x62, 0xa, 0xe6, 0x5, 0x20, 0xf,
    0xe1, 0xc5, 0x10, 0x28, 0xa0,

    /* U+0026 "&" */
    0x0, 0xc7, 0x5d, 0xfe, 0xb3, 0x0, 0xfe, 0x6c,
    0x51, 0x0, 0x26, 0x28, 0x7, 0xc5, 0x20, 0x11,
    0x0, 0x56, 0x1, 0xf5, 0x0, 0x59, 0xbc, 0x20,
    0x2a, 0x1, 0xe3, 0x0, 0x31, 0x80, 0xb8, 0x0,
    0x80, 0x3c, 0xe0, 0x1, 0x0, 0x8c, 0x0, 0x40,
    0x1e, 0x50, 0x2, 0x80, 0x11, 0x40, 0x54, 0x3,
    0xd4, 0x0, 0x25, 0x8b, 0x0, 0x50, 0x7, 0xc6,
    0x80, 0xa, 0x70, 0x1c, 0x40, 0xf, 0xd4, 0x1,
    0x8f, 0xcc, 0x3, 0xf0, 0xd0, 0x6, 0x61, 0x0,
    0xc2, 0x20, 0x0, 0xe2, 0x0, 0x65, 0x70, 0xb,
    0x3b, 0x88, 0x1a, 0x40, 0x38, 0xa0, 0x8, 0x40,
    0x1, 0x0, 0x1d, 0xc, 0x1, 0x67, 0x44, 0x0,
    0xa2, 0x20, 0x80, 0xf, 0x40, 0x2, 0xa0, 0xf,
    0x0, 0xf, 0xc0, 0x1, 0x0, 0x80, 0x6, 0x1,
    0x15, 0x80, 0x9, 0x40, 0x1e, 0x4, 0x0, 0x21,
    0x0, 0x92, 0x0, 0x32, 0x20, 0x30, 0x2, 0xa1,
    0x0, 0xf, 0x80, 0x6e, 0x0, 0x29, 0x80, 0x13,
    0xb7, 0x5c, 0xe0, 0x1a, 0xc4, 0x1, 0xa6, 0x1,
    0x11, 0x0, 0x25, 0x0, 0xd, 0x0, 0x7, 0x25,
    0x4, 0x0, 0x6f, 0xb4, 0xc0, 0x4, 0x70,

    /* U+0027 "'" */
    0x1f, 0xf5, 0x80, 0x7c, 0x20, 0x11, 0x80, 0x42,
    0x1, 0x78, 0x4, 0x22, 0x88, 0x20,

    /* U+0028 "(" */
    0x0, 0xf1, 0x20, 0x7, 0x97, 0x60, 0x3, 0x96,
    0x80, 0x3c, 0x74, 0x5, 0x80, 0x1b, 0x80, 0x1e,
    0x1, 0x9c, 0x82, 0x8, 0x3, 0x48, 0x1, 0xc0,
    0x33, 0x8, 0x30, 0x7, 0x50, 0x2, 0x80, 0x30,
    0x98, 0x0, 0xc0, 0x32, 0x0, 0x10, 0x3, 0xb4,
    0x0, 0x40, 0x1c, 0x60, 0xe, 0x0, 0xe7, 0x0,
    0x10, 0x7, 0x8, 0x7, 0xe3, 0x0, 0x8, 0x7,
    0x18, 0x0, 0x40, 0x38, 0x40, 0x3f, 0x38, 0x0,
    0x80, 0x38, 0xc0, 0x1c, 0x1, 0xda, 0x0, 0x20,
    0xe, 0x40, 0x2, 0x80, 0x70, 0x90, 0x9, 0x80,
    0x75, 0x0, 0x2c, 0x3, 0x98, 0x0, 0xc0, 0x1c,
    0x2e, 0x2, 0xc0, 0x1d, 0x2, 0x10, 0x20, 0x1d,
    0x40, 0x3a, 0x1, 0xc9, 0x20, 0x76, 0x1, 0xcd,
    0x20, 0xe0, 0x1e, 0x6c, 0x80,

    /* U+0029 ")" */
    0x6, 0x10, 0xf, 0xc, 0xf9, 0x80, 0x71, 0x88,
    0xb4, 0x80, 0x31, 0x60, 0xf, 0x88, 0x6, 0x29,
    0x2, 0xb0, 0xe, 0x63, 0x5, 0x40, 0xe, 0x80,
    0x4, 0x0, 0x72, 0x10, 0x19, 0x80, 0x39, 0x40,
    0x14, 0x1, 0xd8, 0x0, 0x70, 0xe, 0x40, 0x0,
    0x90, 0x7, 0x10, 0x1, 0xc0, 0x39, 0x80, 0x1a,
    0x1, 0xc2, 0x0, 0x20, 0xe, 0x30, 0x0, 0x80,
    0x7f, 0xf2, 0xcc, 0x0, 0x20, 0x1c, 0x20, 0x2,
    0x0, 0xe6, 0x0, 0x70, 0x7, 0x10, 0x1, 0x0,
    0x31, 0x80, 0x4, 0x80, 0x32, 0x0, 0x1c, 0x3,
    0xa8, 0x1, 0x40, 0x18, 0xc8, 0xc, 0xc0, 0x1a,
    0x0, 0x10, 0x1, 0x91, 0x0, 0x88, 0x0, 0x8a,
    0x80, 0x68, 0x2, 0x1f, 0x10, 0xd1, 0x0, 0xc4,
    0x38, 0x60, 0x18, 0x63, 0xcc, 0x3, 0x80,

    /* U+002A "*" */
    0x0, 0xf6, 0x7f, 0x84, 0x3, 0xfe, 0x70, 0x0,
    0x80, 0x7f, 0xc2, 0x2, 0x1, 0xff, 0xc0, 0x30,
    0x30, 0xf, 0xba, 0x8, 0x0, 0x20, 0x20, 0x12,
    0xe1, 0x28, 0xbe, 0xda, 0x78, 0x30, 0xc7, 0x51,
    0xa9, 0x0, 0x49, 0x70, 0x9, 0xce, 0x20, 0xc,
    0x7f, 0xc8, 0x40, 0x8, 0x40, 0x56, 0x76, 0xc0,
    0x6, 0xf7, 0x20, 0x13, 0xf5, 0x31, 0x0, 0x72,
    0x48, 0x20, 0x3a, 0x0, 0x7c, 0x56, 0x7, 0x66,
    0x14, 0x40, 0x1c, 0x3e, 0x0, 0xf0, 0xf0, 0x1f,
    0x0, 0xea, 0x20, 0x63, 0x3, 0x50, 0x2a, 0x0,
    0xd0, 0x43, 0x0, 0x15, 0x80, 0xf0, 0x6, 0x3d,
    0xd0, 0x80, 0x43, 0x5e, 0x80, 0x0,

    /* U+002B "+" */
    0x0, 0xf2, 0xb3, 0xc, 0x3, 0xff, 0x81, 0x13,
    0x2a, 0x0, 0xff, 0xfd, 0xa, 0x27, 0x0, 0x44,
    0x89, 0xc0, 0xd7, 0x7c, 0x40, 0x4, 0xbb, 0xe3,
    0x0, 0xff, 0xea, 0x3f, 0xff, 0x10, 0x1, 0xbf,
    0xf8, 0xc0, 0x3f, 0xff, 0xe0, 0x1c,

    /* U+002C "," */
    0x7, 0xff, 0x80, 0x3f, 0xf8, 0x9e, 0x0, 0x30,
    0x40, 0x5, 0x89, 0x80, 0x1a, 0x40, 0x12, 0x31,
    0x7, 0x60,

    /* U+002D "-" */
    0x3d, 0xdf, 0xf9, 0x9c, 0x8b, 0xfe, 0xe0, 0xf,
    0xfe, 0x8,

    /* U+002E "." */
    0x4, 0xbc, 0x70, 0x1b, 0x43, 0x87, 0x40, 0xd,
    0x8e, 0x1, 0x8c, 0xa4, 0x41, 0x60,

    /* U+002F "/" */
    0x0, 0xfc, 0xdf, 0xed, 0x0, 0xfd, 0x40, 0xa,
    0x0, 0xf8, 0x4c, 0x0, 0xc0, 0x1f, 0x30, 0x1,
    0x4, 0x3, 0xea, 0x0, 0x70, 0x7, 0xc6, 0x40,
    0x5, 0x0, 0xfa, 0x80, 0xa, 0x1, 0xf9, 0xc0,
    0x1c, 0x1, 0xf2, 0x8, 0xa, 0x0, 0x7d, 0xc0,
    0x6, 0x0, 0xf8, 0x54, 0x1, 0x40, 0x1f, 0x38,
    0x0, 0x88, 0x1, 0xf5, 0x0, 0x28, 0x3, 0xe2,
    0x30, 0x3, 0x0, 0x7c, 0xa0, 0x4, 0x10, 0xf,
    0xa8, 0x1, 0xc0, 0x1f, 0x19, 0x0, 0x14, 0x3,
    0xea, 0x0, 0x28, 0x7, 0xe7, 0x0, 0x70, 0x7,
    0xca, 0x20, 0x28, 0x1, 0xf7, 0x80, 0x18, 0x3,
    0xe1, 0x50, 0x5, 0x80, 0x7c, 0xe0, 0x2, 0x30,
    0xf, 0x80,

    /* U+0030 "0" */
    0x0, 0x8a, 0x77, 0xfd, 0xb2, 0x60, 0x1c, 0xfa,
    0xc4, 0x0, 0x26, 0xc7, 0x0, 0x96, 0x0, 0x22,
    0x10, 0xa, 0x18, 0x1, 0x60, 0x2, 0xdd, 0x76,
    0x98, 0x2, 0x45, 0x84, 0x1, 0xe4, 0x0, 0x2e,
    0x0, 0x9f, 0x0, 0x4, 0x40, 0xc, 0x46, 0x0,
    0xd6, 0x0, 0x38, 0x7, 0x98, 0x0, 0xc4, 0x0,
    0x30, 0xe, 0x85, 0x0, 0x18, 0x7, 0xc5, 0x8e,
    0x1, 0x8, 0x7, 0x97, 0x4c, 0x8, 0x3, 0xf5,
    0x50, 0xf, 0x50, 0x3, 0xcb, 0xaa, 0x11, 0x84,
    0x1, 0xf1, 0x91, 0x31, 0xc0, 0x3f, 0xcd, 0xa6,
    0x1, 0xf1, 0x0, 0x12, 0x40, 0x38, 0xc0, 0x4,
    0xc0, 0x6, 0x0, 0xf3, 0x0, 0x1b, 0x0, 0x4,
    0x60, 0x18, 0x8c, 0x1, 0xac, 0x20, 0xe, 0x20,
    0x1, 0x70, 0x4, 0xe1, 0x60, 0x2, 0xdd, 0xc6,
    0x0, 0x91, 0x5, 0x80, 0x8, 0x88, 0x1, 0x43,
    0x0, 0x4f, 0xac, 0x40, 0x2, 0x6c, 0x70, 0x0,

    /* U+0031 "1" */
    0x0, 0xff, 0xe2, 0xb, 0x65, 0x80, 0x64, 0xae,
    0x93, 0x70, 0x39, 0xeb, 0x50, 0xc, 0x78, 0xc2,
    0x1, 0xe7, 0x0, 0x8e, 0x48, 0x3, 0x13, 0xee,
    0x30, 0x80, 0x49, 0xb0, 0x40, 0x1f, 0xff, 0xf0,
    0xf, 0xff, 0xd8,

    /* U+0032 "2" */
    0x0, 0x86, 0x33, 0xfd, 0xd8, 0xc0, 0x1e, 0x5e,
    0x73, 0x0, 0x9, 0xcf, 0x18, 0x4, 0xd4, 0x1,
    0x84, 0x2, 0x1d, 0x10, 0x19, 0x0, 0x16, 0x7f,
    0x71, 0x40, 0x3, 0x21, 0x20, 0x17, 0x98, 0x0,
    0x68, 0x80, 0xa, 0x8, 0x0, 0x32, 0x0, 0xe5,
    0x0, 0x10, 0x22, 0xaa, 0x80, 0x3d, 0xe0, 0x1a,
    0x2a, 0x8c, 0x1, 0xec, 0x0, 0x18, 0x7, 0xf8,
    0xd0, 0x1, 0x40, 0x1f, 0xc3, 0xa0, 0x2, 0x60,
    0xf, 0xed, 0x10, 0x7, 0x80, 0x7f, 0x59, 0x80,
    0x28, 0x80, 0x3f, 0x52, 0x0, 0x25, 0x40, 0x3f,
    0x4a, 0x80, 0x21, 0x80, 0x3f, 0x4b, 0x0, 0x1d,
    0xc0, 0x1f, 0xa1, 0x80, 0xf, 0x0, 0x1f, 0x9d,
    0xc0, 0x6, 0x80, 0xf, 0xcd, 0x0, 0x6, 0x90,
    0xf, 0xc9, 0x20, 0x12, 0xe6, 0x7e, 0xa3, 0x0,
    0xc6, 0x7f, 0xce, 0x1, 0xff, 0xc3,

    /* U+0033 "3" */
    0x0, 0x86, 0x33, 0xfe, 0xc8, 0x20, 0xe, 0x6e,
    0x73, 0x0, 0x8d, 0xf5, 0xc0, 0x26, 0x90, 0x8,
    0x48, 0x40, 0x28, 0x60, 0x4, 0x80, 0x6, 0xfb,
    0x7a, 0xc4, 0x1, 0x0, 0x80, 0x15, 0x20, 0x4,
    0x92, 0x0, 0x12, 0x6a, 0xa9, 0x0, 0x38, 0xc0,
    0x21, 0x25, 0x58, 0x3, 0xc6, 0x1, 0x10, 0x7,
    0xf2, 0xc0, 0x1, 0x84, 0x3, 0xae, 0xd9, 0xd4,
    0x0, 0x49, 0x0, 0xf2, 0x20, 0xc4, 0x0, 0xd6,
    0x1, 0xff, 0xc1, 0x6b, 0x0, 0xfb, 0xfe, 0xd6,
    0x0, 0x25, 0x0, 0x7f, 0x14, 0xb8, 0x1, 0x4c,
    0x3, 0xfd, 0x20, 0x12, 0x8, 0xe0, 0xf, 0x8,
    0x5, 0xd1, 0xdd, 0x0, 0x7f, 0x87, 0xc0, 0x24,
    0x0, 0xe5, 0x0, 0xb5, 0xc0, 0x2a, 0x50, 0x9,
    0x2c, 0x0, 0x2a, 0x32, 0x0, 0x1a, 0xed, 0xeb,
    0x10, 0x5, 0x0, 0x1a, 0x40, 0x21, 0x21, 0x0,
    0xa9, 0x0, 0x26, 0xe7, 0x30, 0x0, 0x9c, 0x72,
    0x80, 0x0,

    /* U+0034 "4" */
    0x0, 0xfe, 0x2f, 0xfb, 0x0, 0x3f, 0xf8, 0x1c,
    0x1, 0xff, 0xc3, 0x73, 0x0, 0xff, 0xe1, 0x14,
    0x0, 0x7f, 0xf0, 0xf8, 0x0, 0x20, 0x1f, 0xfc,
    0x7, 0x30, 0x45, 0x0, 0xff, 0x8a, 0x0, 0x68,
    0x3, 0xff, 0x81, 0xc0, 0xb, 0x10, 0xf, 0xf9,
    0xcc, 0x11, 0x40, 0x3f, 0xe2, 0x80, 0x1a, 0x0,
    0xff, 0xe0, 0x70, 0x2, 0xc4, 0x3, 0xfe, 0x73,
    0x5, 0x50, 0x7, 0xfc, 0x50, 0x3, 0x60, 0x1f,
    0xfc, 0xe, 0x0, 0xb3, 0x77, 0x20, 0x0, 0xf7,
    0x4c, 0x6, 0x0, 0x12, 0x2e, 0x0, 0xc4, 0x41,
    0x0, 0xff, 0xe3, 0x7f, 0xff, 0x20, 0x0, 0xff,
    0xce, 0x1, 0xff, 0xf8,

    /* U+0035 "5" */
    0x1, 0xff, 0xff, 0x98, 0x0, 0x40, 0x1f, 0xfc,
    0x26, 0x0, 0xff, 0xe1, 0x10, 0x0, 0xbb, 0xbf,
    0x30, 0x3, 0xc0, 0xc, 0x23, 0xf8, 0x2, 0x20,
    0x1, 0x0, 0x7f, 0xcc, 0x0, 0xe0, 0xf, 0xf8,
    0x80, 0x1d, 0x5d, 0xfe, 0xc6, 0x0, 0xe1, 0x0,
    0x32, 0x88, 0x0, 0xe7, 0x44, 0x0, 0x20, 0x1c,
    0x42, 0x1, 0x16, 0x0, 0x4e, 0x63, 0x5f, 0xbd,
    0xa4, 0x0, 0x26, 0x1, 0x8c, 0xe5, 0x0, 0x8b,
    0x0, 0x2d, 0x0, 0xff, 0xb, 0x0, 0x10, 0x3,
    0xfe, 0xe0, 0xf, 0xfe, 0x3e, 0x7f, 0xa4, 0x3,
    0xdc, 0x1, 0x94, 0x0, 0xc2, 0x1, 0xce, 0x0,
    0x40, 0xa0, 0xb, 0x48, 0x0, 0x36, 0x20, 0xe,
    0x3, 0x60, 0x1, 0xee, 0xdc, 0x80, 0x4, 0x50,
    0x4, 0xb8, 0x4, 0x44, 0x0, 0x92, 0xc0, 0x34,
    0x6b, 0x10, 0x0, 0x52, 0xac, 0x2,

    /* U+0036 "6" */
    0x0, 0xf0, 0xbd, 0xf7, 0xd8, 0x7, 0xe8, 0xe8,
    0x41, 0x0, 0xfc, 0x3a, 0xe0, 0x1f, 0xfc, 0xd,
    0x20, 0x1, 0x4e, 0xfd, 0x80, 0x74, 0x18, 0x1,
    0xf5, 0x88, 0x3, 0xc2, 0xe0, 0x6, 0x80, 0xf,
    0xe6, 0x0, 0xa4, 0x3, 0xfd, 0x60, 0x6, 0x18,
    0xdf, 0xf6, 0x30, 0x6, 0x30, 0xb, 0xdc, 0x80,
    0x7, 0x38, 0x0, 0x10, 0x9, 0x84, 0x8, 0x80,
    0x11, 0xd0, 0x10, 0x6, 0x5e, 0xdd, 0x60, 0x80,
    0x14, 0x80, 0x32, 0x50, 0x80, 0xf, 0x40, 0x2a,
    0x0, 0xde, 0x1, 0xc6, 0x40, 0x3, 0x0, 0xff,
    0x9c, 0x0, 0xc4, 0x1, 0x10, 0x7, 0xf8, 0x44,
    0x0, 0xf0, 0xf, 0x38, 0x1, 0x81, 0xc0, 0xc,
    0x20, 0x18, 0xc8, 0x1, 0x81, 0x60, 0x16, 0x10,
    0x0, 0xf4, 0x2, 0x60, 0x29, 0x0, 0x16, 0xeb,
    0xb0, 0x40, 0x12, 0x20, 0x6, 0x80, 0x8, 0x84,
    0x2, 0x96, 0x0, 0xcf, 0xac, 0x40, 0x2, 0x6d,
    0x60, 0x0,

    /* U+0037 "7" */
    0xbf, 0xff, 0xfe, 0x10, 0x7, 0xff, 0x14, 0x47,
    0xfe, 0x0, 0x8c, 0x2b, 0xbb, 0xfc, 0x20, 0x9,
    0x0, 0xff, 0x98, 0x40, 0x54, 0x3, 0xfe, 0x80,
    0x4, 0x80, 0x7f, 0xca, 0x20, 0x7, 0x0, 0xff,
    0xa0, 0x0, 0xe0, 0x1f, 0xf2, 0x10, 0x2, 0x40,
    0x3f, 0xe8, 0x0, 0x28, 0x80, 0x7f, 0x8c, 0xc0,
    0x9, 0x0, 0xff, 0xa0, 0x0, 0x66, 0x0, 0xff,
    0x1a, 0x0, 0x20, 0x3, 0xfe, 0x90, 0x1, 0x20,
    0x7, 0xf8, 0x94, 0x1, 0x60, 0x1f, 0xf5, 0x80,
    0x5, 0x80, 0x3f, 0xc2, 0xc0, 0x6, 0x0, 0xff,
    0xa4, 0x2, 0x90, 0xf, 0xf0, 0xb8, 0x1, 0x84,
    0x3, 0xfc, 0xc0, 0x15, 0x80, 0x7f, 0xd2, 0x0,
    0x42, 0x0, 0xfc,

    /* U+0038 "8" */
    0x0, 0x92, 0xbb, 0xfd, 0xd4, 0x80, 0x1e, 0xbb,
    0x28, 0x80, 0x5, 0x6e, 0xc0, 0x1a, 0x90, 0x2,
    0x11, 0x0, 0x49, 0x60, 0x3, 0x50, 0x1, 0xef,
    0x73, 0x4c, 0x0, 0x86, 0x8, 0x1, 0x79, 0x0,
    0xb, 0x80, 0x24, 0x0, 0xe3, 0x0, 0xc4, 0x1,
    0x78, 0x10, 0x4, 0x60, 0x18, 0x80, 0x2d, 0x5,
    0x20, 0x7, 0x10, 0x0, 0xb8, 0x0, 0x2a, 0x0,
    0xf1, 0x2, 0xdd, 0xc6, 0x3, 0xa0, 0x11, 0x78,
    0x80, 0x8, 0x80, 0x1, 0xf3, 0x0, 0x8b, 0x4,
    0x3, 0xc3, 0x84, 0x1, 0x79, 0x1, 0x5f, 0xfa,
    0xc8, 0xb, 0x4, 0x20, 0x80, 0x1e, 0x80, 0x4,
    0xf0, 0x0, 0xc8, 0x28, 0x1, 0x8, 0x3, 0x12,
    0x80, 0x14, 0x8, 0x0, 0x60, 0x1e, 0x20, 0x1,
    0x0, 0x62, 0x0, 0xf0, 0x80, 0x63, 0x0, 0x20,
    0x7, 0x9c, 0x0, 0x61, 0x40, 0x1, 0xb1, 0x0,
    0xd, 0x88, 0x2, 0xc1, 0x8c, 0x0, 0x9d, 0xba,
    0xe4, 0x0, 0x1b, 0x80, 0x35, 0x0, 0x22, 0x20,
    0x4, 0x9a, 0x1, 0xd, 0xd9, 0x44, 0x0, 0x2b,
    0x76, 0x10, 0x0,

    /* U+0039 "9" */
    0x0, 0xcb, 0x7d, 0xfe, 0xc6, 0x0, 0xfa, 0xe9,
    0x4, 0x0, 0x73, 0x82, 0x1, 0xb1, 0x0, 0x22,
    0x0, 0x8f, 0x0, 0x26, 0x30, 0x2, 0xf6, 0xfb,
    0x80, 0xa, 0x0, 0x16, 0x0, 0x2a, 0x10, 0x4,
    0x30, 0x1, 0xc0, 0x48, 0x1, 0x40, 0x1d, 0x60,
    0x12, 0x10, 0x4, 0x60, 0x1c, 0x42, 0x0, 0x30,
    0xc, 0xe0, 0x1e, 0x30, 0x7, 0x8, 0x4, 0xa0,
    0x1f, 0xc6, 0x42, 0x0, 0xa0, 0xe, 0x32, 0x0,
    0xce, 0x0, 0x39, 0x0, 0x93, 0x40, 0x23, 0x8,
    0x10, 0x3, 0x76, 0x6d, 0x88, 0x4, 0x20, 0x3a,
    0x20, 0x1, 0x32, 0x3, 0x0, 0xb8, 0x0, 0x7e,
    0xe4, 0x0, 0x39, 0xd0, 0x9, 0x40, 0x21, 0x8d,
    0xff, 0x63, 0x38, 0x4, 0x60, 0x1f, 0xeb, 0x0,
    0x30, 0x7, 0xfa, 0xc8, 0x1, 0x60, 0x1f, 0x1b,
    0xf2, 0x0, 0x20, 0x80, 0x31, 0x7f, 0xb2, 0x4,
    0x0, 0xee, 0x0, 0xff, 0x86, 0xa0, 0x3, 0xf8,
    0x9a, 0xb9, 0x40, 0x30,

    /* U+003A ":" */
    0x2c, 0xfd, 0x40, 0xe3, 0x2, 0xa0, 0x20, 0x8,
    0x44, 0x80, 0x11, 0xd, 0xb1, 0xaf, 0x80, 0xce,
    0x51, 0x0, 0x7f, 0xf6, 0x46, 0x72, 0x88, 0x2d,
    0x8d, 0x7c, 0x10, 0x2, 0x21, 0x20, 0x8, 0x45,
    0xc6, 0x5, 0x40,

    /* U+003B ";" */
    0x0, 0x3e, 0x5a, 0x0, 0x1a, 0xd, 0x2c, 0x83,
    0x0, 0x32, 0x6, 0x80, 0x65, 0x7, 0x50, 0x18,
    0x30, 0x5, 0x7f, 0x38, 0x7, 0xff, 0xa1, 0xe2,
    0x6, 0x1, 0x43, 0xb9, 0x0, 0x3f, 0xf9, 0x4,
    0x0, 0x20, 0x9, 0x0, 0xa, 0x0, 0x41, 0x0,
    0x50, 0x2, 0x0, 0x2, 0x20, 0x83, 0x0, 0xe,
    0x6b, 0x80, 0x40,

    /* U+003C "<" */
    0x0, 0xff, 0x92, 0xc4, 0x3, 0xf0, 0xbe, 0xda,
    0x0, 0x7c, 0x73, 0xd0, 0x40, 0x1f, 0x2e, 0x61,
    0x80, 0x32, 0x8, 0xb, 0xf5, 0x18, 0x4, 0x73,
    0xd6, 0xf, 0xd0, 0x20, 0x2, 0x8d, 0xc6, 0x10,
    0x6, 0x80, 0x4d, 0x9a, 0xe4, 0x1, 0xfc, 0xf4,
    0x60, 0x1f, 0x4a, 0x80, 0x5, 0xb3, 0x60, 0x80,
    0x31, 0xd7, 0x38, 0x80, 0x9, 0xf7, 0x1c, 0x40,
    0x21, 0x8e, 0xa3, 0x0, 0x8e, 0x38, 0x40, 0x39,
    0x73, 0xa, 0x1, 0xff, 0xc0, 0x3a, 0xe8, 0x10,
    0xf, 0xf8, 0x5f, 0xa8, 0x0,

    /* U+003D "=" */
    0x9f, 0xff, 0xfe, 0x8, 0x7, 0xff, 0x8, 0x47,
    0xff, 0x82, 0x51, 0xdd, 0xff, 0xc0, 0xd0, 0xf,
    0xfe, 0x84, 0x77, 0x7f, 0xf0, 0x34, 0x47, 0xff,
    0x82, 0x40, 0x1f, 0xfc, 0x20,

    /* U+003E ">" */
    0x79, 0x20, 0xf, 0xfb, 0xdb, 0x71, 0x40, 0x3f,
    0xf8, 0x7, 0x5d, 0x2, 0x1, 0xec, 0x30, 0x8,
    0x5f, 0xad, 0x0, 0x32, 0x66, 0xc1, 0x0, 0x49,
    0x7a, 0xe2, 0x1, 0x13, 0xee, 0x9c, 0x80, 0x5,
    0x1c, 0xc0, 0x1c, 0x51, 0xb8, 0xc0, 0x17, 0x0,
    0x7c, 0xb2, 0xc0, 0x1f, 0x92, 0x7e, 0x94, 0x2,
    0x6a, 0x3, 0x9e, 0xb6, 0x0, 0x8a, 0x3a, 0x4a,
    0x31, 0x84, 0x2, 0x4b, 0xd7, 0x10, 0xf, 0xb,
    0xf5, 0xa0, 0x7, 0xc7, 0x5d, 0x2, 0x1, 0xf6,
    0x6e, 0x28, 0x7, 0xf8,

    /* U+003F "?" */
    0x0, 0x8e, 0x77, 0xfd, 0xd8, 0xe2, 0x1, 0xa7,
    0x18, 0x80, 0x2, 0x71, 0xe6, 0x0, 0x86, 0x0,
    0xfc, 0x3a, 0x22, 0x70, 0x0, 0xdf, 0xfb, 0x94,
    0x0, 0x32, 0x80, 0x15, 0x20, 0x0, 0x68, 0x40,
    0x8, 0xd1, 0x12, 0x0, 0x72, 0x80, 0x4, 0xdd,
    0xe0, 0xf, 0x30, 0x1, 0x80, 0x3f, 0x94, 0x80,
    0x1c, 0x1, 0xf8, 0xe8, 0x0, 0x6a, 0x1, 0xf1,
    0xe8, 0x0, 0x74, 0x3, 0xe4, 0xc1, 0x2, 0xc1,
    0x0, 0xf0, 0xd8, 0x0, 0xb0, 0x80, 0x3e, 0x60,
    0xb, 0x4, 0x3, 0xf7, 0x0, 0x10, 0x40, 0x3f,
    0xbd, 0x11, 0x80, 0x1f, 0xe6, 0xbb, 0x38, 0x7,
    0xff, 0x31, 0x77, 0x4a, 0x1, 0xfe, 0xa2, 0x25,
    0x0, 0x7f, 0xf3, 0x20, 0x6, 0x40, 0x38,

    /* U+0040 "@" */
    0x0, 0xf2, 0x57, 0x7f, 0xb1, 0xc4, 0x3, 0xf0,
    0xdd, 0x94, 0x40, 0x7, 0x1e, 0x80, 0x1e, 0x1c,
    0x41, 0x8d, 0xed, 0xa3, 0x1b, 0x30, 0xe, 0xd2,
    0x3f, 0x72, 0x12, 0x5c, 0x70, 0xe0, 0xc, 0xe6,
    0x3a, 0x25, 0x7f, 0xec, 0x38, 0x32, 0x50, 0xa,
    0x42, 0xc4, 0xf5, 0x0, 0x7, 0xa1, 0x21, 0xe0,
    0x5, 0x12, 0x50, 0xe0, 0x4d, 0xb0, 0x30, 0x40,
    0x40, 0x7, 0x85, 0x2, 0x90, 0xd9, 0x0, 0x4,
    0x4, 0x4, 0x0, 0x80, 0x81, 0xe0, 0xe0, 0x1,
    0x6, 0x0, 0x8, 0x8, 0xc0, 0x40, 0x81, 0x80,
    0x2, 0x3, 0x0, 0xc2, 0x60, 0x1, 0x1, 0x7,
    0x0, 0x78, 0x70, 0x0, 0x44, 0x2, 0x1, 0x8,
    0x7, 0x10, 0x8, 0x8, 0x10, 0x7, 0xe6, 0x0,
    0x8, 0x18, 0x38, 0x20, 0x8, 0x0, 0x46, 0xd,
    0x5, 0x40, 0x31, 0xb0, 0xa0, 0x20, 0x2, 0x84,
    0x83, 0x7d, 0x18, 0x4f, 0x13, 0x90, 0x1, 0x3,
    0x41, 0xd8, 0x6, 0x31, 0x80, 0x5e, 0x0, 0x2d,
    0x6, 0x10, 0x9f, 0xe7, 0x9, 0xfe, 0x80, 0xc,
    0xc4, 0x1a, 0x20, 0x1f, 0xfc, 0x2e, 0x3, 0xf7,
    0x31, 0x12, 0x53, 0x0, 0x7c, 0x78, 0x22, 0x8c,
    0xee, 0x5a, 0xe8, 0x7, 0xe3, 0xe9, 0x41, 0x0,
    0x13, 0xc8, 0x7, 0x0,

    /* U+0041 "A" */
    0x0, 0xf9, 0xff, 0xe0, 0xf, 0xfe, 0x15, 0x0,
    0x48, 0x1, 0xff, 0xc0, 0x22, 0x0, 0x5a, 0x1,
    0xff, 0xc0, 0x50, 0xc, 0xe0, 0x1f, 0xfc, 0xa,
    0x0, 0xc2, 0x80, 0x1f, 0xe2, 0x20, 0x1, 0x80,
    0x1a, 0x1, 0xfe, 0x50, 0x2, 0x68, 0x1, 0xc0,
    0x3f, 0xd6, 0x0, 0xd4, 0x0, 0x9, 0x80, 0x7e,
    0x23, 0x0, 0x38, 0x28, 0x2, 0xc0, 0x3f, 0x28,
    0x0, 0xc4, 0x3c, 0x0, 0xc0, 0x1f, 0xac, 0x1,
    0x60, 0x4, 0x0, 0x9, 0x80, 0x78, 0x8c, 0x0,
    0x80, 0x1, 0x30, 0x5, 0x80, 0x79, 0x40, 0x2,
    0x60, 0x15, 0x80, 0x14, 0x3, 0xd6, 0x0, 0x1f,
    0xfd, 0x0, 0x2, 0x20, 0x6, 0x13, 0x0, 0xff,
    0xa8, 0x3, 0x30, 0x7, 0xff, 0x1, 0x40, 0x35,
    0x80, 0x13, 0xff, 0xd4, 0x0, 0x22, 0x0, 0x4,
    0xc0, 0x1a, 0x1, 0xe5, 0x0, 0x94, 0x0, 0xc0,
    0x13, 0x80, 0x7c, 0x80, 0xa, 0x0, 0x58, 0x0,
    0x84, 0x3, 0xec, 0x0, 0x11, 0x4, 0xc0, 0xa,
    0x1, 0xf9, 0x40, 0x25,

    /* U+0042 "B" */
    0xdf, 0xff, 0xba, 0xdc, 0x40, 0x3f, 0xe1, 0x48,
    0xe6, 0x0, 0xf0, 0x8e, 0x0, 0xd2, 0xa0, 0x19,
    0x3b, 0xba, 0x0, 0x2b, 0x0, 0xfe, 0x17, 0x70,
    0x0, 0x50, 0x3, 0xfd, 0x60, 0x10, 0x80, 0x7f,
    0xf0, 0x84, 0x3, 0xfd, 0x40, 0x12, 0x80, 0x7e,
    0x3a, 0x60, 0x4, 0x8, 0x4, 0x9f, 0xfb, 0x14,
    0x1, 0xe, 0x1, 0xff, 0xc0, 0x33, 0x0, 0x70,
    0xaa, 0xe4, 0x0, 0x1d, 0xb8, 0x6, 0x5a, 0xad,
    0x7c, 0xa0, 0x8, 0x30, 0xf, 0xe1, 0xa1, 0x0,
    0x48, 0x7, 0xfc, 0x80, 0x7, 0x0, 0xff, 0x84,
    0x3, 0xff, 0x82, 0x48, 0x0, 0x60, 0xf, 0xe4,
    0xf0, 0xb, 0x80, 0x24, 0xee, 0xdf, 0x64, 0x0,
    0x45, 0x0, 0xc2, 0x38, 0x3, 0x2d, 0x80, 0x7f,
    0x89, 0xb2, 0x80, 0x0,

    /* U+0043 "C" */
    0x0, 0xc5, 0x3b, 0xfe, 0xeb, 0x50, 0xf, 0x9f,
    0x58, 0x80, 0x2, 0x95, 0x84, 0x1, 0x9e, 0x0,
    0x21, 0x10, 0x4, 0x78, 0x20, 0x3, 0x80, 0x1,
    0x67, 0x74, 0xe0, 0x1, 0xb0, 0x4, 0x0, 0x7,
    0xc, 0x0, 0x30, 0xa0, 0x5, 0x11, 0x20, 0x2,
    0x44, 0x3, 0xa4, 0x2, 0x47, 0x0, 0x94, 0x3,
    0xc6, 0x7d, 0xc0, 0x11, 0x0, 0x7d, 0x99, 0x31,
    0x0, 0x4, 0x3, 0xff, 0xfe, 0x6, 0x0, 0x10,
    0xf, 0xfe, 0x7, 0x80, 0x44, 0x1, 0xf4, 0xd5,
    0x15, 0x0, 0x25, 0x0, 0xf1, 0x32, 0xa8, 0xc8,
    0xc0, 0x12, 0x1, 0xeb, 0x0, 0x9c, 0x20, 0x0,
    0x38, 0x40, 0x1, 0x86, 0x0, 0x28, 0x82, 0x38,
    0x0, 0xf7, 0xba, 0x70, 0x1, 0x58, 0x5, 0xe,
    0x1, 0x8, 0x80, 0x23, 0xc1, 0x0, 0xd1, 0xac,
    0x40, 0x1, 0x5a, 0xc1, 0x0, 0x0,

    /* U+0044 "D" */
    0xff, 0xf7, 0x63, 0x88, 0x7, 0xfc, 0x27, 0x1d,
    0x20, 0x1f, 0x88, 0x80, 0x19, 0xb4, 0x40, 0x39,
    0xb7, 0x5f, 0x66, 0x0, 0x2d, 0x0, 0xfe, 0x4c,
    0x60, 0x1, 0xb0, 0x7, 0xfa, 0x48, 0x1, 0x0,
    0x1f, 0xf5, 0x80, 0x4, 0xc0, 0x3f, 0xc8, 0x1,
    0x20, 0x7, 0xf8, 0x80, 0x2e, 0x0, 0xff, 0x84,
    0x0, 0x60, 0x1f, 0xfd, 0xd1, 0x0, 0x18, 0x7,
    0xf8, 0x80, 0x2e, 0x0, 0xff, 0x20, 0x4, 0x80,
    0x1f, 0xeb, 0x0, 0x9, 0x80, 0x7f, 0x49, 0x0,
    0x20, 0x3, 0xf1, 0xd3, 0x0, 0xd, 0x80, 0x33,
    0xee, 0xbb, 0x14, 0x0, 0x5a, 0x1, 0xc2, 0x44,
    0x10, 0x9, 0x74, 0x40, 0x3f, 0x8d, 0xf6, 0x80,
    0x30,

    /* U+0045 "E" */
    0xaf, 0xff, 0xfe, 0x9, 0x0, 0x7f, 0xf1, 0xc4,
    0x7f, 0xc6, 0x1, 0xf, 0x77, 0xf8, 0x40, 0x3f,
    0xff, 0xe0, 0x10, 0xff, 0xfe, 0xb0, 0xf, 0xfe,
    0x49, 0x17, 0xf0, 0x7, 0xe, 0xef, 0xe9, 0x0,
    0xff, 0xff, 0x80, 0x70, 0xf7, 0x7f, 0x88, 0x3,
    0x8, 0xff, 0xc0, 0x1f, 0xfc, 0x30,

    /* U+0046 "F" */
    0x8f, 0xff, 0xfe, 0xa, 0x0, 0x7f, 0xf1, 0xc4,
    0x7f, 0xc0, 0x1d, 0xdd, 0xfe, 0x40, 0xf, 0xff,
    0xf8, 0x6, 0xee, 0xfe, 0x0, 0xf0, 0x8f, 0xf0,
    0x7, 0xff, 0x27, 0xff, 0xf8, 0x3, 0xff, 0xfe,
    0x1, 0xff, 0xe3,

    /* U+0047 "G" */
    0x0, 0xc5, 0x1b, 0xfe, 0xeb, 0x60, 0xf, 0x9b,
    0x5c, 0x80, 0x2, 0x93, 0xa6, 0x1, 0x9a, 0x40,
    0x30, 0x80, 0x45, 0x84, 0x0, 0x29, 0x0, 0xd,
    0xff, 0x71, 0xc0, 0x29, 0x0, 0x40, 0x5, 0x88,
    0x0, 0x18, 0x60, 0x2, 0x8, 0x94, 0x0, 0xc4,
    0x1, 0xd6, 0x1, 0x22, 0x0, 0x2a, 0x0, 0xf1,
    0x66, 0x49, 0xa0, 0x11, 0x80, 0x7c, 0x67, 0x8,
    0x80, 0x2, 0x1, 0xff, 0xc0, 0x30, 0xf, 0xfe,
    0x5f, 0x7f, 0xf9, 0xc0, 0x3f, 0xf8, 0x86, 0x1,
    0xf2, 0x26, 0x0, 0xc2, 0x0, 0x10, 0xd, 0x57,
    0x70, 0x6, 0xd0, 0x9, 0x0, 0x3f, 0xe4, 0x0,
    0xb4, 0x3, 0xfe, 0x15, 0x0, 0x31, 0x80, 0x7f,
    0xd0, 0x1, 0x6a, 0x80, 0x45, 0x40, 0x1c, 0x52,
    0x0, 0x1a, 0xfd, 0xfd, 0x50, 0x0, 0xa8, 0x1,
    0xa4, 0x3, 0x10, 0x6, 0x4f, 0x20, 0x9, 0xb9,
    0xcc, 0x0, 0x26, 0xfb, 0x62, 0x0,

    /* U+0048 "H" */
    0x1f, 0xf9, 0x40, 0x3c, 0xff, 0xf0, 0x7, 0xff,
    0xfc, 0x3, 0xff, 0xcb, 0x5f, 0xfe, 0x80, 0xf,
    0xfe, 0x50, 0x8f, 0xe0, 0xf, 0xaf, 0xbb, 0xd2,
    0x1, 0xff, 0xff, 0x0, 0xff, 0xf2, 0x0,

    /* U+0049 "I" */
    0x4f, 0xff, 0xfe, 0x2, 0x0, 0x7f, 0xf0, 0xc4,
    0x70, 0x6, 0x11, 0xc0, 0x9d, 0xd8, 0x80, 0x9,
    0xdd, 0x90, 0x3, 0xff, 0xfe, 0x1, 0xff, 0xff,
    0x0, 0xff, 0xf1, 0x27, 0x76, 0x20, 0x2, 0x77,
    0x63, 0x1, 0x1c, 0x1, 0x84, 0x73, 0x80, 0x7f,
    0xf0, 0x80,

    /* U+004A "J" */
    0x0, 0xff, 0xb3, 0xfd, 0x80, 0x1f, 0xff, 0xf0,
    0xf, 0xff, 0xf8, 0x7, 0xff, 0x84, 0x99, 0xa0,
    0xf, 0xf9, 0xe6, 0x63, 0x0, 0xf1, 0x0, 0x19,
    0xc0, 0x2b, 0x0, 0xe6, 0x10, 0x6, 0x11, 0x80,
    0x1d, 0xc0, 0x13, 0x48, 0x0, 0x58, 0x3c, 0x2,
    0x8f, 0xef, 0x90, 0xa, 0x80, 0x7, 0x62, 0x1,
    0x8, 0x4, 0x34, 0x80, 0x12, 0x7c, 0x18, 0x80,
    0xe, 0x3d, 0x40, 0x0,

    /* U+004B "K" */
    0xdf, 0xf5, 0x80, 0x78, 0xbb, 0xfe, 0x40, 0xf,
    0xf7, 0x8, 0x2, 0x10, 0x3, 0xfa, 0x4c, 0x0,
    0xae, 0x1, 0xfc, 0xac, 0x0, 0x2a, 0x0, 0xfe,
    0x2a, 0x0, 0xbc, 0x3, 0xfd, 0xe0, 0x15, 0x90,
    0x7, 0xf5, 0x10, 0x1, 0xd0, 0x3, 0xf9, 0x94,
    0x0, 0x90, 0x1, 0xfc, 0x72, 0x0, 0x2a, 0x0,
    0xfe, 0x7d, 0x0, 0x94, 0x40, 0x3f, 0x8c, 0x40,
    0x27, 0x20, 0xf, 0xfe, 0x1f, 0x0, 0x7f, 0xd0,
    0xc0, 0x3, 0x70, 0xf, 0xe6, 0x78, 0x10, 0x4,
    0x10, 0x7, 0xc7, 0x20, 0x36, 0x1, 0x70, 0x7,
    0xce, 0x1, 0x2a, 0x0, 0xd, 0x80, 0x3f, 0xea,
    0x0, 0xa4, 0x40, 0x3f, 0xc3, 0x20, 0x15, 0x0,
    0x7f, 0xcc, 0x60, 0x4, 0x50, 0xf, 0xfb, 0xc0,
    0x2b, 0x10, 0xf, 0xf1, 0xb8, 0x0, 0x6c,

    /* U+004C "L" */
    0x8f, 0xf8, 0x3, 0xff, 0xfe, 0x1, 0xff, 0xff,
    0x0, 0xff, 0xff, 0x80, 0x7f, 0xf8, 0x7b, 0xbf,
    0xc4, 0x1, 0x84, 0x7f, 0xe0, 0xf, 0xfe, 0x18,

    /* U+004D "M" */
    0xff, 0xd0, 0x1, 0x93, 0xff, 0x20, 0x6, 0x40,
    0xd, 0xa0, 0x1f, 0xc6, 0x20, 0x13, 0x80, 0x7f,
    0x9c, 0x0, 0x62, 0x1, 0xfe, 0xc0, 0x5, 0x80,
    0x7f, 0x10, 0x28, 0x1, 0x40, 0x88, 0x1, 0xe5,
    0x0, 0x21, 0x90, 0x28, 0x7, 0xd6, 0x0, 0xdb,
    0x0, 0x59, 0x80, 0x78, 0x4c, 0x11, 0x40, 0x4c,
    0x3, 0xe1, 0xb0, 0x22, 0x3, 0x0, 0x7f, 0x28,
    0x6, 0xb0, 0x10, 0xf, 0x88, 0x80, 0x1, 0x30,
    0xf, 0xce, 0xa, 0x0, 0x70, 0xf, 0xfa, 0xc0,
    0x14, 0x1, 0xff, 0x1b, 0xb8, 0xc0, 0x3f, 0xf8,
    0x11, 0x0, 0xf, 0xff, 0xf8, 0x7, 0xc0,

    /* U+004E "N" */
    0x1f, 0xfa, 0xc0, 0x3d, 0x3f, 0xf0, 0x6, 0x43,
    0x0, 0xff, 0xe1, 0x40, 0x7, 0xff, 0x9, 0x8,
    0x3, 0xff, 0x85, 0x0, 0x1f, 0xfc, 0x25, 0x20,
    0xf, 0xfe, 0x15, 0x80, 0x7f, 0xcc, 0x0, 0x61,
    0x0, 0xff, 0xb, 0x0, 0x20, 0x3, 0xfe, 0x80,
    0x3, 0x8, 0x7, 0xf8, 0x58, 0x1, 0x20, 0x1f,
    0xf5, 0x80, 0x1c, 0xc, 0x3, 0xf8, 0x94, 0x0,
    0xe0, 0x1f, 0xbc, 0x1, 0x0, 0x9, 0x0, 0xff,
    0x89, 0x0, 0x54, 0x3, 0xfe, 0x80, 0xf, 0xfe,
    0x11, 0xa0, 0x7, 0xff, 0xb, 0xc0, 0x3f, 0xf8,
    0x48, 0x60, 0x1f, 0xfc, 0x28, 0x0, 0xff, 0xe1,
    0x21, 0x0, 0x40,

    /* U+004F "O" */
    0x0, 0xc7, 0x3d, 0xfe, 0xd9, 0x20, 0xf, 0xa3,
    0x18, 0x40, 0x4, 0xda, 0xe0, 0x1d, 0xe, 0x1,
    0xfa, 0x1c, 0x2, 0x37, 0x0, 0x15, 0xff, 0xa8,
    0x40, 0x10, 0x60, 0xf, 0x0, 0xe, 0x20, 0x1,
    0x70, 0x2, 0x80, 0x23, 0x0, 0x48, 0x80, 0x62,
    0x70, 0x2, 0xa, 0x0, 0x4a, 0x1, 0xeb, 0x0,
    0x93, 0xc0, 0x22, 0x0, 0xf1, 0x80, 0x5a, 0x60,
    0x1, 0x0, 0xff, 0x84, 0x3, 0xff, 0x80, 0x20,
    0x3, 0x0, 0xff, 0xf0, 0x8, 0x0, 0xc8, 0x0,
    0x20, 0x1f, 0xf0, 0xf0, 0x4, 0x40, 0x1e, 0x30,
    0xb, 0x50, 0x2, 0x50, 0xf, 0x58, 0x4, 0x84,
    0x80, 0x9, 0x10, 0xc, 0x4e, 0x0, 0x41, 0x8,
    0x0, 0xe, 0x18, 0x1, 0x30, 0x2, 0x80, 0x1,
    0xb8, 0x0, 0xb3, 0xfd, 0x62, 0x0, 0x83, 0x0,
    0xa1, 0xc0, 0x3f, 0x43, 0x80, 0x74, 0x63, 0x10,
    0x0, 0x9f, 0x5c, 0x2,

    /* U+0050 "P" */
    0x8f, 0xff, 0xd9, 0x4, 0x1, 0xff, 0xc0, 0x37,
    0xd8, 0x0, 0xf1, 0x16, 0x10, 0x9, 0xe4, 0x3,
    0xb7, 0x77, 0x58, 0x80, 0x18, 0xc0, 0x3f, 0x93,
    0x0, 0x29, 0x0, 0xff, 0x12, 0x0, 0x1c, 0x3,
    0xfe, 0x20, 0x1, 0x0, 0x7f, 0xc4, 0x0, 0x10,
    0xf, 0xf1, 0x20, 0x1, 0x0, 0x3f, 0x93, 0x0,
    0x2e, 0x0, 0xdb, 0xbb, 0xac, 0x40, 0xc, 0x80,
    0x18, 0x8b, 0x8, 0x4, 0xf2, 0x1, 0xfe, 0x37,
    0xd8, 0x0, 0xf7, 0xff, 0x64, 0x10, 0x7, 0xff,
    0xfc, 0x3, 0xff, 0xaa,

    /* U+0051 "Q" */
    0x0, 0xc5, 0x3b, 0xfe, 0xd9, 0x20, 0xf, 0xd1,
    0xac, 0x40, 0x2, 0x6d, 0x80, 0xf, 0x43, 0x80,
    0x7e, 0x79, 0x0, 0xc6, 0xe0, 0x2, 0xbf, 0xf5,
    0x90, 0x1, 0x90, 0x2, 0x80, 0x0, 0xe2, 0x0,
    0x13, 0x4, 0x1, 0x20, 0x1, 0x40, 0x4, 0x88,
    0x6, 0x18, 0x0, 0x11, 0x83, 0x80, 0x4a, 0x1,
    0xe7, 0x0, 0x90, 0x3c, 0x2, 0x20, 0xf, 0x8,
    0x80, 0x1a, 0x6, 0x0, 0x10, 0xf, 0xc4, 0x0,
    0x60, 0x10, 0x1, 0x80, 0x7f, 0xf8, 0xc4, 0x3,
    0xff, 0x88, 0x60, 0x2, 0x0, 0xfc, 0x20, 0x6,
    0xf, 0x0, 0x88, 0x3, 0xe2, 0x0, 0x10, 0x20,
    0x4, 0xa0, 0x1e, 0x60, 0xa, 0xc0, 0x8c, 0x1,
    0x22, 0x1, 0x86, 0x0, 0x4, 0x60, 0x8, 0x0,
    0xe, 0x20, 0x1, 0x30, 0x40, 0x10, 0x1, 0x23,
    0x80, 0xa, 0xff, 0xd6, 0x40, 0x6, 0x50, 0xd,
    0xe, 0x1, 0xfd, 0x80, 0x1e, 0x8d, 0x62, 0x0,
    0x10, 0x5, 0x4e, 0x1, 0xe2, 0x9d, 0xff, 0x6e,
    0x84, 0x1, 0x12, 0x1, 0xff, 0x17, 0x90, 0x1,
    0x8c, 0x3, 0xfe, 0x1d, 0x41, 0xc3, 0x0, 0xff,
    0xe0, 0xdf, 0x98, 0x0,

    /* U+0052 "R" */
    0xcf, 0xff, 0xba, 0xdc, 0x40, 0x3f, 0xf8, 0x2,
    0x91, 0xea, 0x1, 0xf1, 0x14, 0x20, 0x10, 0xd2,
    0x80, 0x71, 0xee, 0xdd, 0xc8, 0x0, 0xac, 0x3,
    0xfc, 0x2f, 0x0, 0x1, 0x50, 0xf, 0xf9, 0x80,
    0x22, 0x0, 0xff, 0x84, 0x2, 0xf0, 0xf, 0xf8,
    0x80, 0x2f, 0x0, 0xff, 0xac, 0x2, 0x50, 0xf,
    0xe3, 0xa6, 0x0, 0x29, 0x0, 0x63, 0xff, 0xd8,
    0xa0, 0x2, 0xb0, 0xf, 0xfe, 0xb, 0xe8, 0x80,
    0x78, 0x8a, 0x0, 0x8a, 0x0, 0x3e, 0x3d, 0xda,
    0x80, 0x4, 0xc0, 0x1f, 0xf2, 0x90, 0x2, 0x0,
    0x3f, 0xf8, 0x10, 0x0, 0x17, 0x0, 0xff, 0x94,
    0x80, 0x12, 0x1, 0xff, 0xc0, 0x80, 0x0, 0xb8,
    0x7, 0xfc, 0xa6, 0x0, 0x81, 0x0, 0xff, 0xa4,
    0x2, 0x90, 0xf, 0xf9, 0x4c, 0x0, 0xe2,

    /* U+0053 "S" */
    0x0, 0xc7, 0x3b, 0xfe, 0xec, 0x71, 0x0, 0xf5,
    0x63, 0x10, 0x0, 0x4e, 0x3d, 0x40, 0x35, 0xa8,
    0x4, 0x24, 0x1, 0xd, 0x30, 0x1, 0x90, 0x0,
    0x79, 0xdb, 0xf4, 0x20, 0x9, 0x10, 0xd0, 0x0,
    0xe1, 0x80, 0x4b, 0x40, 0x14, 0x83, 0x0, 0x10,
    0x3, 0xc8, 0x40, 0x3, 0x1, 0x0, 0x38, 0x7,
    0xdd, 0x76, 0x80, 0xb0, 0x1, 0x48, 0x7, 0x8d,
    0x10, 0x60, 0xe4, 0x0, 0x6d, 0x71, 0x0, 0xfe,
    0xc2, 0x0, 0x14, 0x76, 0xb8, 0x80, 0x78, 0x76,
    0x4, 0x2, 0x28, 0xe9, 0x10, 0xf, 0x3f, 0x52,
    0x80, 0x66, 0xc2, 0x0, 0xf9, 0x6b, 0xe8, 0xc0,
    0x5, 0xe0, 0x1f, 0xe5, 0xc7, 0x0, 0x13, 0x9b,
    0xbc, 0x1, 0xf4, 0x10, 0x3, 0x16, 0x22, 0x20,
    0xf, 0x98, 0x0, 0xc8, 0x1, 0x40, 0x7, 0x85,
    0x40, 0xc, 0x4a, 0x0, 0x5a, 0x20, 0x8, 0xf4,
    0x40, 0x1a, 0x16, 0x40, 0x5, 0xde, 0xde, 0xc3,
    0x0, 0x1b, 0x0, 0xe2, 0x80, 0x42, 0x42, 0x1,
    0x2e, 0x0, 0x43, 0x5a, 0xe6, 0x1, 0x13, 0x65,
    0x0, 0x0,

    /* U+0054 "T" */
    0x4f, 0xff, 0xfe, 0x22, 0x80, 0x7f, 0xf1, 0xc4,
    0x7c, 0x1, 0x84, 0x7e, 0x4e, 0xef, 0x18, 0x1,
    0x3b, 0xbc, 0x80, 0x1f, 0xff, 0xf0, 0xf, 0xff,
    0xf8, 0x7, 0xff, 0xfc, 0x3, 0xff, 0xfe, 0x1,
    0xe0,

    /* U+0055 "U" */
    0xf, 0xf9, 0x80, 0x3c, 0xdf, 0xf0, 0x80, 0x7f,
    0xf9, 0x4, 0x2, 0x10, 0xf, 0x8, 0x7, 0xff,
    0xfc, 0x3, 0xff, 0xfa, 0x20, 0x17, 0x80, 0x7b,
    0xc0, 0x21, 0x1, 0x0, 0x18, 0x7, 0x8c, 0x0,
    0x20, 0x4, 0x0, 0x20, 0x80, 0x62, 0x40, 0x2,
    0x0, 0x24, 0x2, 0xc2, 0x0, 0x1f, 0x80, 0x52,
    0x0, 0x36, 0x0, 0x16, 0xf7, 0x30, 0x80, 0xc,
    0x60, 0x14, 0xb0, 0x4, 0x22, 0x0, 0x9a, 0x40,
    0x3a, 0x71, 0x48, 0x0, 0x4d, 0x92, 0x1, 0x0,

    /* U+0056 "V" */
    0x2f, 0xfa, 0xc0, 0x3f, 0x5f, 0xfc, 0x24, 0x40,
    0x2, 0x0, 0x7e, 0x40, 0x1, 0x88, 0x28, 0x4,
    0x80, 0x1e, 0x40, 0xa, 0xc0, 0x16, 0x1, 0x60,
    0x7, 0xb4, 0x2, 0x50, 0x1, 0x88, 0x1, 0x40,
    0x3c, 0x80, 0x2, 0x20, 0x4, 0xe0, 0x2, 0x10,
    0xc, 0x44, 0x0, 0x28, 0x6, 0xd0, 0x9, 0x0,
    0x32, 0x0, 0x56, 0x1, 0x90, 0x2, 0xf0, 0xd,
    0xa0, 0x1, 0x30, 0xe, 0x50, 0x2, 0x0, 0x64,
    0x0, 0x38, 0x7, 0xbc, 0x0, 0x26, 0x0, 0x40,
    0xb, 0x40, 0x3c, 0xa0, 0x12, 0x0, 0x30, 0x2,
    0x40, 0xf, 0x90, 0x1, 0x60, 0x5, 0x0, 0x28,
    0x7, 0xed, 0x0, 0x18, 0x9, 0x0, 0x3c, 0x3,
    0xf3, 0x80, 0x4a, 0xe0, 0x12, 0x80, 0x7e, 0x13,
    0x0, 0x66, 0x0, 0x8, 0x1, 0xfe, 0xb0, 0x3,
    0xa0, 0x3, 0x40, 0x3f, 0xca, 0x0, 0x11, 0x0,
    0x1c, 0x3, 0xfc, 0x44, 0x0, 0xc6, 0x20, 0x1f,
    0xf2, 0x80, 0x6b, 0x0, 0xff, 0xe0, 0x58, 0x6,
    0x50, 0xf, 0xfe, 0x1, 0x88, 0x0, 0x88, 0x1,
    0xe0,

    /* U+0057 "W" */
    0x4f, 0xf8, 0x2, 0x6f, 0xf3, 0x80, 0x59, 0xfe,
    0x76, 0x0, 0x84, 0x1, 0xc0, 0xd, 0x0, 0x88,
    0x0, 0x44, 0x0, 0x88, 0x0, 0x60, 0x7, 0x0,
    0x84, 0x0, 0xc0, 0x40, 0x6, 0x0, 0x30, 0x0,
    0x80, 0x4, 0x1, 0x10, 0x30, 0x0, 0x80, 0x4,
    0x1, 0x10, 0x30, 0x0, 0x44, 0x4, 0x0, 0xe0,
    0x20, 0xc, 0xe0, 0x40, 0x2, 0x0, 0x70, 0x0,
    0xc1, 0xc0, 0x31, 0x0, 0x80, 0x18, 0x0, 0x40,
    0x6, 0x2, 0x0, 0x8, 0x68, 0x70, 0x0, 0x80,
    0xc, 0x0, 0x20, 0xd0, 0x25, 0x6, 0x2, 0x0,
    0x70, 0x0, 0x80, 0x2, 0xe, 0xc, 0x60, 0x60,
    0xc0, 0x2, 0x0, 0x8, 0x4, 0x44, 0x3, 0xe0,
    0x1, 0x10, 0x0, 0xc0, 0x11, 0x80, 0x10, 0x1,
    0xaa, 0x0, 0x70, 0x8, 0x80, 0x26, 0x0, 0x60,
    0x1, 0x8c, 0x1, 0xe0, 0x2, 0x0, 0xc4, 0x0,
    0x40, 0x1, 0x81, 0x2, 0x0, 0x18, 0x3, 0x70,
    0x0, 0x40, 0x80, 0xc, 0x2, 0x0, 0x20, 0xc,
    0x40, 0x19, 0x80, 0x6, 0x1, 0xb8, 0x3, 0x30,
    0x6, 0x30, 0x6, 0x80, 0x62, 0x0, 0xc4, 0x1,
    0xb4, 0x0, 0xc0, 0x19, 0x80, 0x38, 0x40, 0x26,
    0x0, 0x18, 0x6, 0x30, 0xe, 0x20, 0x8, 0xc0,
    0x22, 0x0, 0x8, 0x7, 0x94, 0x0, 0x40, 0x19,
    0x80, 0x4, 0x1, 0x0,

    /* U+0058 "X" */
    0xc, 0xff, 0x94, 0x3, 0xee, 0xff, 0x88, 0x38,
    0x2, 0x80, 0xf, 0x40, 0x80, 0x1c, 0x80, 0x98,
    0x0, 0x4a, 0x1, 0x85, 0xc0, 0x3, 0x0, 0x14,
    0x8, 0x2, 0x0, 0x34, 0x80, 0x50, 0x1, 0x86,
    0x0, 0x4, 0xc0, 0x1, 0x70, 0x1, 0xb0, 0x7,
    0x31, 0x0, 0x20, 0x1, 0x0, 0x17, 0x80, 0x7d,
    0x20, 0x1, 0x62, 0x60, 0x2, 0x98, 0x7, 0xc8,
    0xa0, 0x8, 0x80, 0x5, 0x60, 0x1f, 0xd6, 0x0,
    0x15, 0x0, 0x40, 0x80, 0x7f, 0xb, 0x80, 0x62,
    0x70, 0xf, 0xfa, 0x80, 0x35, 0x0, 0x7f, 0xf0,
    0x2c, 0x3, 0x48, 0x80, 0x7f, 0x8d, 0x80, 0x30,
    0xc0, 0x7, 0xfb, 0xc0, 0x2, 0xc0, 0x6, 0x20,
    0xf, 0xcc, 0x60, 0x8, 0x80, 0x5, 0x20, 0x1f,
    0xa0, 0x0, 0x4c, 0x30, 0x0, 0x45, 0x0, 0xf4,
    0x8, 0x2, 0x0, 0xe, 0x20, 0xb, 0x0, 0xe2,
    0x70, 0x1, 0x28, 0x5, 0x0, 0x1, 0x80, 0xd,
    0x20, 0x14, 0x80, 0x66, 0x20, 0x3, 0x90, 0x1,
    0x50, 0x0, 0x68, 0x1, 0xd0, 0x1, 0x40, 0x2,
    0x0, 0x2f, 0x0, 0xf2, 0x98, 0x1, 0x50,

    /* U+0059 "Y" */
    0x1f, 0xfb, 0x0, 0x3f, 0x5f, 0xfc, 0x62, 0xc0,
    0x3, 0x30, 0x7, 0x89, 0x0, 0x8, 0x61, 0x60,
    0x14, 0x0, 0x7a, 0xc0, 0x28, 0x0, 0x13, 0x0,
    0x10, 0x80, 0x30, 0xb0, 0x1, 0xc, 0x2, 0xb0,
    0xa, 0xc0, 0x33, 0x0, 0x50, 0x1, 0x89, 0x40,
    0xc, 0x1, 0xa4, 0x0, 0x86, 0x1, 0xd0, 0x1,
    0x38, 0x1, 0x44, 0x1, 0x0, 0x1e, 0x25, 0x0,
    0x48, 0x2, 0x40, 0x8, 0x60, 0x1f, 0x40, 0x0,
    0x54, 0xcc, 0x0, 0x80, 0xf, 0xc4, 0xa0, 0x9,
    0x80, 0x1, 0x98, 0x3, 0xfa, 0x0, 0x6, 0x80,
    0x8, 0x0, 0xff, 0x12, 0x80, 0x63, 0x40, 0xf,
    0xfa, 0x0, 0x34, 0x0, 0x7f, 0xf0, 0x8, 0xc0,
    0x4, 0x80, 0x1f, 0xfc, 0x17, 0x0, 0x8, 0x7,
    0xff, 0xfc, 0x3, 0xff, 0x84, 0xe0, 0x1f, 0xfc,
    0xd0,

    /* U+005A "Z" */
    0x7f, 0xff, 0xfe, 0x10, 0x80, 0x7f, 0xf1, 0x4,
    0x7f, 0xe0, 0x8, 0x44, 0xdd, 0xdf, 0xcc, 0x1,
    0x58, 0x7, 0xf8, 0x9c, 0x0, 0xaa, 0x0, 0xff,
    0x70, 0x0, 0x6c, 0x3, 0xfc, 0xe6, 0x0, 0xb1,
    0x0, 0xfe, 0x28, 0x0, 0x2a, 0x80, 0x3f, 0xdc,
    0x0, 0x1b, 0x0, 0xff, 0x39, 0x80, 0x2c, 0x40,
    0x3f, 0x8a, 0x0, 0x8, 0xa0, 0x1f, 0xee, 0x0,
    0xd, 0x0, 0x7f, 0x9c, 0xc0, 0x16, 0x20, 0x1f,
    0xc5, 0x0, 0x4, 0x50, 0xf, 0xf7, 0x0, 0x54,
    0x1, 0xfe, 0x73, 0x0, 0x48, 0x80, 0x7f, 0x14,
    0x0, 0x11, 0x80, 0x3f, 0xdc, 0x1, 0x50, 0x7,
    0xf9, 0x8c, 0x2, 0xfe, 0xef, 0xe6, 0xe0, 0xc,
    0x23, 0xff, 0x0, 0x7f, 0xf1, 0x0,

    /* U+005B "[" */
    0xff, 0xf2, 0x0, 0x7f, 0x89, 0x10, 0xe0, 0x15,
    0x5d, 0x8c, 0x3, 0xff, 0xfe, 0x1, 0xff, 0xff,
    0x0, 0xfa, 0xae, 0xc6, 0x1, 0x12, 0x21, 0xc0,
    0x3e,

    /* U+005C "\\" */
    0x5f, 0xf6, 0x80, 0x7f, 0x28, 0x0, 0x8c, 0x3,
    0xf9, 0x40, 0x14, 0x1, 0xfd, 0xc0, 0x6, 0x0,
    0xfe, 0x41, 0x0, 0x28, 0x7, 0xf3, 0x0, 0x38,
    0x3, 0xfa, 0x80, 0x8, 0x20, 0x1f, 0x88, 0x80,
    0x7, 0x0, 0xfe, 0xa0, 0x5, 0x0, 0x7f, 0x30,
    0x0, 0xc8, 0x3, 0xf0, 0xa0, 0x2, 0x80, 0x3f,
    0xb8, 0x0, 0xc0, 0x1f, 0xca, 0x0, 0x14, 0x0,
    0xfe, 0x50, 0x6, 0x80, 0x7f, 0x70, 0x1, 0x80,
    0x3f, 0x90, 0x40, 0xa, 0x1, 0xfc, 0xc0, 0xe,
    0x0, 0xfe, 0xa0, 0x2, 0x8, 0x7, 0xe2, 0x30,
    0x3, 0x0, 0x7f, 0x50, 0x2, 0xc0, 0x3f, 0x9c,
    0x0, 0x64, 0x1, 0xf8, 0x50, 0x1, 0x40, 0x1f,
    0xdc, 0x0, 0x60,

    /* U+005D "]" */
    0x1f, 0xff, 0x10, 0x7, 0xf2, 0x20, 0xc0, 0x30,
    0xdd, 0xa0, 0x3, 0xff, 0xfe, 0x1, 0xff, 0xff,
    0x0, 0xff, 0xe9, 0xd, 0xda, 0x0, 0x39, 0x10,
    0x60, 0x1f, 0xfc, 0x0,

    /* U+005E "^" */
    0x0, 0xc9, 0xfe, 0x90, 0xf, 0xef, 0x0, 0x30,
    0x80, 0x7c, 0x48, 0x1, 0x30, 0x7, 0xd6, 0x0,
    0x20, 0xa0, 0xf, 0x98, 0xd, 0x40, 0x90, 0x3,
    0x98, 0x1, 0x54, 0x0, 0x78, 0x7, 0x58, 0x1,
    0x89, 0x1, 0x8, 0x2, 0x42, 0x6, 0x0, 0x70,
    0x2, 0xc0, 0x2f, 0x0, 0x50, 0x1, 0x44, 0x18,
    0x0, 0x48, 0x6, 0x60, 0x9, 0x80, 0xc, 0x14,
    0x0, 0xa0, 0xd, 0x20, 0xb, 0x0,

    /* U+005F "_" */
    0x9c, 0xcf, 0xfe, 0x3, 0xa9, 0x9f, 0xff, 0x3,
    0x80, 0x3f, 0xf8, 0x40,

    /* U+0060 "`" */
    0x7f, 0xf9, 0x40, 0xe, 0xc0, 0xb, 0x10, 0x4,
    0xb0, 0xc, 0x0, 0x52, 0xa0, 0xc8,

    /* U+0061 "a" */
    0x0, 0xcd, 0x7d, 0xfe, 0xd9, 0x30, 0xe, 0x3e,
    0x94, 0x10, 0x1, 0x36, 0x48, 0x4, 0x3a, 0x20,
    0x3, 0x54, 0x0, 0x9a, 0x0, 0x12, 0x20, 0xb,
    0xca, 0xbe, 0x30, 0x3, 0x88, 0x73, 0x32, 0x10,
    0x2, 0x1f, 0x0, 0x94, 0x1a, 0x64, 0xe0, 0x1c,
    0x20, 0x10, 0x80, 0x42, 0xf7, 0xdf, 0xf6, 0x80,
    0x79, 0x7a, 0x10, 0x40, 0x3f, 0x92, 0x80, 0x5,
    0x17, 0x98, 0xb0, 0xe, 0x80, 0x1, 0x6b, 0xa1,
    0x99, 0x80, 0x38, 0xc0, 0x14, 0x1, 0xff, 0xc2,
    0xf0, 0xe, 0x70, 0xe, 0x10, 0x3, 0x18, 0x4,
    0xf4, 0x1, 0xd2, 0x0, 0x1c, 0xdd, 0x7c, 0x0,
    0x63, 0x7, 0x50, 0x8, 0x88, 0x0, 0x50, 0xb,
    0xc0, 0x15, 0x44, 0x10, 0x14, 0xba, 0x30, 0x2,
    0x0,

    /* U+0062 "b" */
    0xaf, 0xf6, 0x80, 0x7f, 0xff, 0xc0, 0x3f, 0xf8,
    0x8f, 0xbf, 0xed, 0x70, 0xf, 0xd9, 0x4, 0x0,
    0x28, 0xd1, 0x0, 0xe2, 0x30, 0x11, 0x0, 0x45,
    0xa0, 0x1e, 0x2c, 0xee, 0x69, 0x80, 0xd, 0x40,
    0x3b, 0xc, 0x0, 0x5a, 0x1, 0x70, 0x6, 0x21,
    0x0, 0xc2, 0xc0, 0x4, 0x0, 0xff, 0xbc, 0x2,
    0x10, 0xf, 0xf1, 0x0, 0x46, 0x1, 0xff, 0xc2,
    0x10, 0xf, 0xf1, 0x0, 0x44, 0x1, 0xfe, 0xf0,
    0x8, 0x40, 0x22, 0x10, 0xc, 0x2c, 0x0, 0x40,
    0xe, 0xc3, 0x0, 0x16, 0x80, 0x5c, 0x1, 0xc5,
    0x9d, 0xcd, 0x30, 0x1, 0xa8, 0x6, 0x42, 0x1,
    0x10, 0x4, 0x5a, 0x1, 0xc7, 0xb0, 0x40, 0x2,
    0x8d, 0x10, 0x0,

    /* U+0063 "c" */
    0x0, 0xc5, 0x1b, 0xfe, 0xea, 0x40, 0xf, 0x3e,
    0xb9, 0x0, 0x5, 0x6e, 0xc0, 0x19, 0xe0, 0x2,
    0x12, 0x0, 0x92, 0xc0, 0x5, 0x0, 0x2, 0xce,
    0xde, 0x50, 0x2, 0x28, 0x58, 0x5, 0xe6, 0x0,
    0x1a, 0x20, 0x7, 0x82, 0x0, 0x10, 0x80, 0x3a,
    0x88, 0x80, 0x2, 0x0, 0x60, 0x7, 0x9f, 0x75,
    0x42, 0x1, 0x8, 0x7, 0xff, 0x34, 0x40, 0x21,
    0x0, 0xff, 0x88, 0x1, 0x80, 0x1e, 0x37, 0x72,
    0x82, 0x80, 0x10, 0x80, 0x3a, 0x22, 0xe0, 0xa0,
    0xb, 0xc8, 0x0, 0x32, 0x80, 0xe, 0x2, 0x90,
    0x1, 0x6f, 0x6f, 0x30, 0x1, 0x14, 0x0, 0xd2,
    0x1, 0x9, 0x0, 0x4b, 0x60, 0x19, 0xb5, 0xc8,
    0x0, 0x2b, 0x94, 0x0,

    /* U+0064 "d" */
    0x0, 0xff, 0xb7, 0xfd, 0x40, 0x1f, 0xff, 0xf0,
    0xc, 0xd9, 0xfe, 0xd7, 0x0, 0xf8, 0x72, 0x4c,
    0x0, 0x51, 0x86, 0x1, 0xd4, 0x60, 0x10, 0x88,
    0xc, 0x40, 0x32, 0x20, 0x0, 0x5b, 0xdc, 0xd3,
    0x0, 0xef, 0x0, 0xbc, 0x80, 0x5, 0xa0, 0x1c,
    0x80, 0x5, 0x20, 0xc, 0x24, 0x1, 0x8, 0x5,
    0x80, 0x1f, 0xe2, 0x0, 0x8c, 0x3, 0xff, 0x9a,
    0x40, 0x11, 0x80, 0x7f, 0x84, 0x2, 0xc0, 0xf,
    0xf9, 0x40, 0xa, 0x20, 0x18, 0x48, 0x3, 0x70,
    0x5, 0x84, 0x0, 0x2d, 0x0, 0xe4, 0x40, 0x0,
    0xb7, 0xb9, 0xa6, 0x1, 0xeb, 0x30, 0x8, 0x44,
    0x4, 0x60, 0x1e, 0xc9, 0x30, 0x1, 0x3e, 0xa8,
    0x4,

    /* U+0065 "e" */
    0x0, 0xc2, 0xf9, 0xfe, 0xeb, 0x50, 0xf, 0x93,
    0xe0, 0xc0, 0x2, 0x95, 0x82, 0x1, 0x96, 0xc4,
    0x0, 0x24, 0x1, 0x1e, 0x80, 0x43, 0x40, 0x1,
    0xce, 0xdf, 0x70, 0x1, 0xb0, 0x2, 0x40, 0x2c,
    0x30, 0xa, 0x14, 0x1, 0x60, 0x6, 0x0, 0x29,
    0x0, 0x77, 0x0, 0x8, 0x46, 0x0, 0x3d, 0xdf,
    0xa0, 0x2, 0x22, 0x0, 0x44, 0x89, 0xe3, 0x0,
    0x9c, 0x3, 0xff, 0x88, 0x20, 0x14, 0xff, 0xff,
    0x90, 0x80, 0x2d, 0x0, 0xff, 0xe0, 0x28, 0x1,
    0x14, 0x3, 0xc4, 0xc0, 0x14, 0x0, 0x54, 0xe0,
    0x19, 0xb2, 0x5c, 0x0, 0x54, 0x1, 0x47, 0xee,
    0xbe, 0x44, 0x34, 0x2, 0x5b, 0x10, 0x8, 0x88,
    0x1, 0x3d, 0x0, 0x64, 0xe9, 0x41, 0x0, 0x13,
    0x6c, 0x0, 0x0,

    /* U+0066 "f" */
    0x0, 0xf9, 0x6b, 0xbf, 0xdd, 0x6e, 0x1, 0xc3,
    0x74, 0xa2, 0x0, 0x14, 0xd0, 0xe, 0xa4, 0x0,
    0x84, 0x84, 0x8, 0x3, 0x22, 0x0, 0x7, 0x9d,
    0xbd, 0xf2, 0x1, 0xb4, 0x2, 0xd3, 0x0, 0xc2,
    0x1, 0x88, 0x0, 0x42, 0x1, 0xfe, 0x70, 0x0,
    0x80, 0x7d, 0xff, 0x8c, 0x0, 0x7f, 0xfd, 0x40,
    0x1f, 0xfc, 0x46, 0x6c, 0x20, 0x1, 0x66, 0xec,
    0x9, 0x9c, 0x40, 0x2, 0x99, 0xe6, 0x0, 0xff,
    0xff, 0x80, 0x7f, 0xff, 0xc0, 0x3f, 0xfa, 0x60,

    /* U+0067 "g" */
    0x0, 0xcd, 0x9f, 0xee, 0x92, 0x7f, 0xf6, 0x0,
    0x57, 0x26, 0x0, 0x16, 0xdc, 0x0, 0xea, 0x40,
    0x8, 0x44, 0x0, 0x40, 0xc, 0x8a, 0x0, 0x2c,
    0xee, 0x90, 0x3, 0xb8, 0x2, 0xf3, 0x0, 0xd,
    0x90, 0x6, 0x50, 0x2, 0x10, 0x7, 0x30, 0x4,
    0x20, 0x16, 0x0, 0x7f, 0x8c, 0x2, 0x20, 0xf,
    0xfe, 0x69, 0x80, 0x44, 0x1, 0xfe, 0x11, 0x0,
    0x34, 0x3, 0xfe, 0x40, 0x2, 0x90, 0x7, 0x30,
    0x6, 0xe0, 0xb, 0xcc, 0x0, 0x56, 0x40, 0x19,
    0x14, 0x0, 0x59, 0xdc, 0xd4, 0x0, 0xf5, 0x20,
    0x4, 0x22, 0x1, 0x20, 0xf, 0x5d, 0x18, 0x0,
    0x9f, 0xd8, 0x3, 0xe5, 0xcf, 0xf6, 0xc0, 0xb0,
    0x1, 0xc0, 0x27, 0x0, 0xf1, 0x90, 0x3, 0x0,
    0x13, 0x16, 0x40, 0x12, 0x68, 0x4, 0xc0, 0x2c,
    0x9, 0xba, 0xce, 0xb1, 0x0, 0x40, 0x80, 0xe0,
    0x80, 0x8, 0xc4, 0x2, 0x87, 0x0, 0x8f, 0xa5,
    0x4, 0x0, 0x4f, 0xae, 0x0,

    /* U+0068 "h" */
    0xbf, 0xf6, 0x0, 0x7f, 0xff, 0xc0, 0x3f, 0xc5,
    0x5d, 0xfd, 0x68, 0x1, 0xe5, 0xd5, 0x10, 0x14,
    0xb6, 0x0, 0xc5, 0x40, 0x22, 0x0, 0xd2, 0x40,
    0x10, 0x9e, 0x77, 0x4c, 0x1, 0x58, 0x4, 0x38,
    0x60, 0x1, 0x92, 0x0, 0x20, 0x4, 0x40, 0x1e,
    0x40, 0x1, 0x0, 0x7f, 0x84, 0x3, 0xff, 0xfe,
    0x1, 0xff, 0xea,

    /* U+0069 "i" */
    0x0, 0xea, 0xfd, 0x20, 0xf, 0xe4, 0x50, 0x2a,
    0x0, 0xff, 0xe0, 0xe0, 0x7, 0xf2, 0x53, 0xea,
    0x0, 0x7f, 0x96, 0x8, 0x3, 0xdd, 0xff, 0xf3,
    0x80, 0x7f, 0xf1, 0xcc, 0x47, 0x0, 0x7f, 0x6f,
    0x76, 0x0, 0xff, 0xff, 0x80, 0x7f, 0xfc, 0x33,
    0xbb, 0x0, 0x53, 0xdd, 0x84, 0x84, 0x70, 0x4,
    0x23, 0xc6, 0x1, 0xff, 0xc2,

    /* U+006A "j" */
    0x0, 0xf5, 0x7e, 0x98, 0x7, 0x22, 0x81, 0x40,
    0x7, 0x38, 0x4, 0x20, 0x1c, 0x70, 0x6b, 0x60,
    0x1e, 0x7c, 0xa1, 0x8, 0xff, 0xfa, 0x0, 0x3f,
    0xef, 0x11, 0xc0, 0x1c, 0xfd, 0xd8, 0x3, 0xff,
    0xfe, 0x1, 0xff, 0xee, 0xf0, 0xe, 0x40, 0x8,
    0x80, 0x31, 0xd0, 0x4, 0x93, 0xdc, 0xfc, 0x10,
    0x3, 0x9, 0x8, 0x80, 0x32, 0x48, 0x8, 0x4,
    0x29, 0x56, 0x0,

    /* U+006B "k" */
    0xbf, 0xf6, 0x80, 0x7f, 0xff, 0xc0, 0x3f, 0xf9,
    0xcf, 0xff, 0x58, 0x7, 0xf9, 0xa0, 0x0, 0x76,
    0x1, 0xfc, 0xb2, 0x0, 0x2d, 0x0, 0xfe, 0x5a,
    0x0, 0xe, 0x8, 0x7, 0xe4, 0xa0, 0x0, 0xe0,
    0x80, 0x7e, 0x3b, 0x0, 0xb4, 0x80, 0x3f, 0x1e,
    0x80, 0x56, 0x60, 0x1f, 0xc2, 0x20, 0xb, 0x80,
    0x3f, 0xf8, 0x6a, 0xc0, 0x1f, 0xf5, 0x8, 0x2,
    0x4c, 0x3, 0xfa, 0xd7, 0x40, 0x2e, 0x10, 0xf,
    0x89, 0x0, 0xdc, 0x0, 0x54, 0x1, 0xff, 0x41,
    0x80, 0x11, 0xc0, 0x3f, 0xed, 0x10, 0x4, 0x18,
    0x7, 0xf8, 0x6c, 0x2, 0xd1, 0x0, 0xff, 0x2b,
    0x0, 0x6, 0x80,

    /* U+006C "l" */
    0x1f, 0xff, 0xce, 0x1, 0xff, 0xc8, 0x11, 0xf0,
    0x7, 0xfb, 0xbb, 0x80, 0x3f, 0xff, 0xe0, 0x1f,
    0xff, 0xf0, 0xf, 0xff, 0xf8, 0x7, 0xfb, 0xbb,
    0x80, 0x29, 0xee, 0xc8, 0x23, 0xe0, 0x8, 0x47,
    0x80, 0x3f, 0xf8, 0x80,

    /* U+006D "m" */
    0xcf, 0xf2, 0x36, 0xff, 0x38, 0xd7, 0xfb, 0xc,
    0x3, 0x44, 0x90, 0xc, 0x7a, 0x80, 0xf, 0x4,
    0x2, 0x34, 0x40, 0x4, 0x28, 0x80, 0x9, 0x80,
    0x26, 0xbb, 0x18, 0x1, 0x6e, 0xca, 0x0, 0xd0,
    0xb, 0x80, 0xa, 0x0, 0x20, 0x1, 0x0, 0x4,
    0x3, 0xff, 0xfe, 0x1, 0xff, 0xff, 0x0, 0xff,
    0xe7, 0x0,

    /* U+006E "n" */
    0xbf, 0xf3, 0x81, 0xd7, 0x7f, 0x5a, 0x0, 0x77,
    0x3e, 0x28, 0x80, 0xa5, 0xb8, 0x6, 0x78, 0x1,
    0x10, 0x6, 0x82, 0x0, 0x84, 0xb3, 0xb9, 0xee,
    0x1, 0x58, 0x4, 0x38, 0x60, 0x14, 0x10, 0x1,
    0x0, 0x22, 0x10, 0xe, 0x40, 0x1, 0x80, 0x7f,
    0x84, 0x0, 0x20, 0x1f, 0xff, 0xf0, 0xf, 0xff,
    0x38,

    /* U+006F "o" */
    0x0, 0xc7, 0x5b, 0xfe, 0xd9, 0x30, 0xf, 0xa7,
    0x14, 0x80, 0x4, 0xd9, 0x20, 0x1d, 0x2c, 0x1,
    0x11, 0x0, 0x26, 0x90, 0x9, 0x18, 0x0, 0x7b,
    0xb8, 0xc0, 0xc, 0x80, 0x8, 0x0, 0xe, 0x90,
    0x0, 0xb4, 0x40, 0x10, 0x2, 0x60, 0x9, 0x10,
    0xc, 0x2c, 0x0, 0x31, 0x50, 0x9, 0x0, 0x3d,
    0x80, 0x12, 0x88, 0x4, 0x20, 0x1e, 0x60, 0x8,
    0x40, 0x3f, 0xf8, 0x82, 0x1, 0x8, 0x7, 0x98,
    0x2, 0x15, 0x0, 0x90, 0x3, 0xd8, 0x1, 0x28,
    0x98, 0x2, 0x40, 0x38, 0x58, 0x0, 0x62, 0x10,
    0x0, 0x1c, 0x20, 0x1, 0x68, 0x80, 0x20, 0x0,
    0x8c, 0x0, 0x3d, 0xdc, 0x60, 0x6, 0x40, 0xa,
    0x58, 0x2, 0x22, 0x0, 0x4d, 0x20, 0x1d, 0x38,
    0xc4, 0x0, 0x26, 0xc9, 0x0, 0x80,

    /* U+0070 "p" */
    0xbf, 0xf4, 0xc, 0x6f, 0xfb, 0x1c, 0x3, 0xe4,
    0xf7, 0x20, 0x1, 0xc6, 0x88, 0x7, 0x18, 0x80,
    0x88, 0x2, 0x2d, 0x0, 0xf2, 0x6f, 0x73, 0x8,
    0x0, 0x68, 0x1, 0x86, 0xc8, 0x0, 0x7e, 0x1,
    0x70, 0x6, 0x20, 0xe, 0x24, 0x0, 0x20, 0x7,
    0xfd, 0x80, 0x1, 0x10, 0x7, 0xf8, 0x40, 0x23,
    0x0, 0xff, 0xe6, 0x88, 0x4, 0x40, 0x1f, 0xec,
    0x0, 0x8, 0x6, 0x20, 0xe, 0x24, 0x0, 0x20,
    0x6, 0x1a, 0x10, 0x1, 0x78, 0x5, 0xc0, 0x1c,
    0xbd, 0xbb, 0x10, 0x1, 0x10, 0x1, 0x84, 0x80,
    0x88, 0x1, 0x1d, 0x0, 0x71, 0x6b, 0x90, 0x0,
    0xe7, 0x4, 0x3, 0xe8, 0xdf, 0xf6, 0x30, 0x7,
    0xff, 0xfc, 0x3, 0x0,

    /* U+0071 "q" */
    0x0, 0xcd, 0x9f, 0xed, 0x81, 0x8f, 0xf5, 0x0,
    0x7, 0x24, 0xc0, 0x4, 0xfe, 0x80, 0x1d, 0x46,
    0x1, 0x11, 0x0, 0x4c, 0x3, 0x2a, 0x0, 0xb,
    0x76, 0xe4, 0x0, 0xee, 0x0, 0xbc, 0x80, 0x3,
    0x62, 0x1, 0x90, 0x0, 0xa4, 0x1, 0xc6, 0x1,
    0x8, 0x5, 0x80, 0x1f, 0xe3, 0x0, 0x8c, 0x3,
    0xff, 0x9a, 0x60, 0x11, 0x80, 0x7f, 0x84, 0x2,
    0xc0, 0xf, 0xf9, 0x40, 0xa, 0x40, 0x1c, 0x60,
    0x1b, 0x80, 0x2f, 0x20, 0x0, 0xd8, 0x80, 0x64,
    0x40, 0x0, 0xb7, 0x6e, 0x40, 0xf, 0x59, 0x80,
    0x44, 0x40, 0x21, 0x0, 0xf6, 0x49, 0x80, 0x9,
    0xf4, 0xc0, 0x3e, 0x6c, 0xff, 0x6c, 0x0, 0x7f,
    0xff, 0xc0, 0x38,

    /* U+0072 "r" */
    0x8f, 0xf6, 0x0, 0x1b, 0x3f, 0xee, 0x0, 0xc2,
    0x2c, 0x93, 0x0, 0x84, 0x3, 0x1e, 0x18, 0x7,
    0x18, 0x6, 0x12, 0x3, 0x78, 0x76, 0x40, 0xf,
    0x5e, 0x43, 0xc4, 0xc0, 0x7, 0x4a, 0x0, 0x7f,
    0xcc, 0x1, 0xff, 0xff, 0x0, 0xff, 0xf3, 0x0,

    /* U+0073 "s" */
    0x0, 0x92, 0xb7, 0xfd, 0xd6, 0xe2, 0x1, 0xd5,
    0x6a, 0x40, 0x1, 0x48, 0xf4, 0x0, 0xa9, 0x40,
    0x2, 0xaa, 0x30, 0x0, 0xd9, 0x81, 0x28, 0x1,
    0xfa, 0xa9, 0x96, 0x1, 0x40, 0x38, 0x5, 0x20,
    0x19, 0x18, 0x0, 0xc0, 0xc0, 0x13, 0x0, 0x74,
    0xff, 0xb4, 0xc, 0xc0, 0x8, 0xd8, 0x51, 0x0,
    0xfb, 0x50, 0x0, 0x4f, 0x5d, 0xc9, 0x30, 0xc,
    0x37, 0x65, 0x0, 0xc2, 0xd9, 0x20, 0x1c, 0x95,
    0xf9, 0x2a, 0x1, 0x34, 0x1, 0x14, 0x20, 0x3,
    0x6a, 0xe3, 0x0, 0x38, 0x7e, 0xea, 0xc0, 0x38,
    0x68, 0x3, 0x28, 0x1, 0x58, 0x3, 0xd, 0x0,
    0x4, 0x20, 0x80, 0x13, 0xb5, 0x37, 0xc6, 0x0,
    0x80, 0x6, 0x18, 0x0, 0x95, 0x90, 0x2, 0x86,
    0x0, 0xe, 0x5a, 0x90, 0x0, 0x4d, 0xf9, 0xc0,
    0x0,

    /* U+0074 "t" */
    0x0, 0xc7, 0xff, 0x20, 0x7, 0xff, 0xa3, 0xfe,
    0xc0, 0xa, 0xff, 0xf9, 0x0, 0x3f, 0xf8, 0x8c,
    0xd2, 0x0, 0x48, 0xcd, 0xe0, 0x99, 0xa0, 0x2,
    0xf9, 0x9e, 0x20, 0xf, 0xff, 0xf8, 0x7, 0xff,
    0x2c, 0x40, 0x3f, 0xc2, 0x1, 0x68, 0x7, 0xf8,
    0x84, 0x0, 0xe8, 0x1, 0x11, 0x0, 0x39, 0x80,
    0x2b, 0xfe, 0xfd, 0x80, 0xe, 0x83, 0x0, 0xc2,
    0x0, 0x70, 0xf, 0x64, 0x18, 0x0, 0x4d, 0xa4,

    /* U+0075 "u" */
    0x9f, 0xf7, 0x0, 0x7a, 0xff, 0xda, 0x1, 0xff,
    0xff, 0x0, 0xff, 0xf3, 0x88, 0x0, 0x40, 0x3f,
    0xdc, 0x1, 0x10, 0x7, 0x28, 0x4, 0x80, 0x14,
    0x88, 0x0, 0xf0, 0x40, 0x22, 0x40, 0x2, 0x77,
    0x58, 0x62, 0x1, 0xa8, 0x40, 0x21, 0x10, 0x34,
    0x80, 0x61, 0xf7, 0x20, 0x1, 0xd4, 0x88, 0x4,

    /* U+0076 "v" */
    0x9f, 0xf8, 0x3, 0xe1, 0xff, 0xa6, 0x80, 0x25,
    0x0, 0xf3, 0x80, 0x56, 0x66, 0x0, 0x70, 0x7,
    0xb4, 0x0, 0x64, 0x14, 0x0, 0x40, 0xe, 0x14,
    0x0, 0x50, 0x1, 0xc0, 0x25, 0x0, 0xce, 0x1,
    0x30, 0x0, 0x54, 0x1, 0xc0, 0x1b, 0x40, 0xa,
    0x1, 0xb8, 0x0, 0x82, 0x0, 0x14, 0x0, 0x48,
    0x6, 0x42, 0x0, 0x38, 0x1, 0xc0, 0x4, 0x60,
    0x1d, 0x40, 0xd, 0x0, 0x68, 0x2, 0x80, 0x3c,
    0xc0, 0x4, 0x11, 0x20, 0x1, 0x80, 0x3c, 0x28,
    0x0, 0x77, 0x0, 0x10, 0x40, 0x3e, 0xf0, 0x6,
    0xe8, 0x1, 0xe0, 0x1f, 0x90, 0x41, 0x10, 0x2,
    0x80, 0x1f, 0xcc, 0x1, 0x98, 0x3, 0xfd, 0x40,
    0x1a, 0x80, 0x3f, 0xc4, 0x80, 0x4, 0x20, 0xe,

    /* U+0077 "w" */
    0x5f, 0xf6, 0x0, 0x49, 0xfe, 0x30, 0xb, 0xbf,
    0xc8, 0xe0, 0x2, 0x0, 0xb0, 0x0, 0xa0, 0x10,
    0x80, 0x14, 0x80, 0x2, 0x1, 0x18, 0x3, 0xc0,
    0x4, 0x0, 0x11, 0x1, 0x80, 0xc, 0x0, 0xa0,
    0x4, 0x0, 0x38, 0x1, 0x40, 0xa, 0x0, 0x60,
    0x21, 0x0, 0x10, 0x0, 0x80, 0x6, 0x0, 0xf0,
    0x6, 0x83, 0x81, 0x0, 0x10, 0x38, 0x1, 0xa0,
    0x5, 0x0, 0x10, 0x60, 0x39, 0x81, 0x81, 0x0,
    0x1c, 0x0, 0x60, 0x6, 0x5, 0xc, 0x50, 0xd0,
    0x50, 0x1, 0x0, 0x44, 0x6, 0x6, 0xb, 0x80,
    0x80, 0x20, 0x80, 0x19, 0xc0, 0x8, 0x0, 0x37,
    0x1, 0x40, 0x1, 0x80, 0x6d, 0x0, 0x70, 0x18,
    0x10, 0x86, 0x80, 0x34, 0x3, 0x18, 0x1, 0x1,
    0x0, 0x8, 0xe, 0x0, 0x70, 0xc, 0xa0, 0x1,
    0xd, 0x0, 0x68, 0x8, 0x0, 0x80, 0x30, 0x88,
    0x2, 0x40, 0x2, 0x0, 0x46, 0x1, 0xe5, 0x0,
    0x8, 0x80, 0x6, 0x1, 0x28, 0x7, 0x8c, 0x0,
    0x80, 0x18, 0xc0, 0x1e, 0x1, 0x0,

    /* U+0078 "x" */
    0x1e, 0xff, 0x68, 0x7, 0x97, 0xfe, 0x80, 0x1b,
    0x0, 0x14, 0x0, 0x61, 0xa0, 0x1, 0x40, 0x1,
    0x58, 0x0, 0xe8, 0x1, 0x68, 0x5, 0xe0, 0x1a,
    0x48, 0x1, 0x42, 0xe, 0x60, 0x9, 0x20, 0xe,
    0xe0, 0x0, 0xd9, 0xc0, 0x1, 0x18, 0x3, 0xc6,
    0xe0, 0x5, 0xc0, 0x0, 0xd0, 0x7, 0xe8, 0x30,
    0xe, 0xb1, 0x0, 0xfe, 0xe0, 0xc, 0xca, 0x1,
    0xfe, 0x60, 0xc, 0xa0, 0x1f, 0xe1, 0xa0, 0xc,
    0x6e, 0x1, 0xfd, 0x62, 0x0, 0x30, 0x4, 0x18,
    0x7, 0xcc, 0xa0, 0x8, 0xd1, 0x0, 0x70, 0x7,
    0x8a, 0x40, 0x6, 0xe3, 0x40, 0x2, 0x90, 0xe,
    0xe0, 0xb, 0x80, 0x8, 0xe0, 0x6, 0x50, 0xa,
    0xc, 0x1, 0x44, 0x1, 0x41, 0x0, 0x2c, 0x40,
    0xdc, 0x0, 0xaa, 0x0, 0xef, 0x0, 0xd, 0x0,

    /* U+0079 "y" */
    0xe, 0xff, 0x70, 0x7, 0xe8, 0xff, 0x94, 0x24,
    0x0, 0x2a, 0x1, 0xf3, 0x0, 0x5, 0x41, 0x80,
    0x2e, 0x0, 0xf2, 0x8, 0x2, 0x40, 0x2, 0xe0,
    0x4, 0x20, 0xe, 0xf0, 0x9, 0xc0, 0x29, 0x0,
    0xac, 0x3, 0xa, 0x0, 0x1c, 0x3, 0xa, 0x80,
    0x18, 0x3, 0x48, 0x5, 0x40, 0x1d, 0x20, 0x13,
    0x0, 0x4c, 0x0, 0x52, 0x0, 0xe3, 0x30, 0x2,
    0x80, 0x8, 0x20, 0x9, 0x0, 0xfa, 0x0, 0x6,
    0x60, 0xf0, 0x1, 0x98, 0x3, 0xe4, 0x20, 0x5,
    0xa, 0x0, 0x24, 0x3, 0xfa, 0xc0, 0xf, 0x20,
    0x2, 0x50, 0xf, 0xe6, 0x10, 0x17, 0x0, 0x50,
    0x7, 0xfd, 0x20, 0x1c, 0xe0, 0x1f, 0xf3, 0x0,
    0x67, 0x0, 0xff, 0xe0, 0xb, 0x0, 0x52, 0x1,
    0xff, 0xc1, 0x30, 0x2, 0x88, 0x7, 0xff, 0x0,
    0xd4, 0x1, 0x20, 0x1f, 0xfc, 0x1f, 0x0, 0x19,
    0x80, 0x3f, 0xf8, 0x12, 0x60, 0x8, 0x0, 0xff,
    0x1f, 0xf9, 0x80, 0x8, 0x80, 0xf, 0xf3, 0x0,
    0x63, 0xa0, 0xf, 0xf8, 0xc0, 0x5, 0x18, 0x20,
    0x1f, 0xc0,

    /* U+007A "z" */
    0xdf, 0xff, 0xfe, 0x7, 0x0, 0x7f, 0xf1, 0x18,
    0x8b, 0xf0, 0x6, 0x70, 0xbd, 0xdf, 0xa8, 0x2,
    0x39, 0x0, 0xfc, 0x90, 0x0, 0x1d, 0x0, 0xfc,
    0x56, 0x1, 0x60, 0x80, 0x7c, 0x3e, 0x1, 0x59,
    0x0, 0x7e, 0xd2, 0x0, 0x42, 0x0, 0x7e, 0xa3,
    0x0, 0x33, 0x80, 0x7e, 0x75, 0x0, 0x1c, 0x80,
    0x7e, 0x48, 0x0, 0x16, 0x80, 0x7e, 0x3b, 0x0,
    0xbc, 0x40, 0x3e, 0x1d, 0x0, 0xac, 0x80, 0x3f,
    0x68, 0x80, 0x51, 0x99, 0xf9, 0xc, 0x3, 0x19,
    0xff, 0x8, 0x7, 0xff, 0xc,

    /* U+007B "{" */
    0x0, 0xf9, 0xf7, 0xc4, 0x3, 0xd7, 0x4, 0x8,
    0x1, 0xd0, 0x80, 0x7a, 0xa0, 0x1c, 0xe0, 0xe,
    0x20, 0xe, 0x40, 0x1, 0x10, 0x3, 0xc6, 0x0,
    0x10, 0xf, 0xbc, 0x3, 0xff, 0xa8, 0x20, 0x7,
    0x0, 0xf9, 0x0, 0x18, 0x1, 0xe7, 0x20, 0x3,
    0x0, 0x47, 0x5b, 0x0, 0xb, 0x10, 0x9, 0x54,
    0x40, 0x7a, 0x80, 0x1f, 0x8e, 0x0, 0x39, 0xba,
    0x88, 0x16, 0xc0, 0x38, 0x57, 0x0, 0x8, 0x80,
    0xf, 0xa, 0x80, 0x34, 0x3, 0xe2, 0x0, 0x10,
    0x7, 0xf9, 0xc0, 0x3f, 0xfa, 0x3e, 0x0, 0x10,
    0xf, 0x90, 0x0, 0x40, 0x1f, 0x18, 0x80, 0x14,
    0x3, 0xe8, 0x0, 0x59, 0x80, 0x79, 0x98, 0x3,
    0x8a, 0x1, 0xe9, 0xa3, 0x4,

    /* U+007C "|" */
    0x2f, 0xf1, 0x80, 0x7f, 0xff, 0xc0, 0x3f, 0xfa,
    0x20,

    /* U+007D "}" */
    0xd, 0xd4, 0x8, 0x7, 0x84, 0x88, 0xf8, 0x20,
    0x1c, 0x3c, 0xc0, 0x5a, 0x1, 0xe1, 0x91, 0x3,
    0x40, 0xf, 0x90, 0x1, 0x80, 0x1f, 0x10, 0x0,
    0xc0, 0x3f, 0xce, 0x1, 0xff, 0xd1, 0xf0, 0x0,
    0x80, 0x7c, 0x60, 0x2, 0x10, 0xf, 0x21, 0x0,
    0x2c, 0x3, 0xef, 0x10, 0x5e, 0xa5, 0x0, 0xc5,
    0xe8, 0x2, 0xbe, 0x1, 0xd2, 0x80, 0x1f, 0x9d,
    0xc0, 0x33, 0xd4, 0x1, 0xc, 0x0, 0x29, 0x84,
    0x3, 0x20, 0x0, 0x50, 0x3, 0xc4, 0x0, 0x20,
    0xf, 0xbc, 0x3, 0xff, 0xa8, 0x20, 0x6, 0x0,
    0xf9, 0x40, 0x1a, 0x1, 0xe2, 0x30, 0x2, 0x80,
    0x71, 0x70, 0x1, 0x88, 0x3, 0xe, 0x98, 0x1c,
    0x80, 0x70, 0x91, 0x23, 0x0, 0x3c,

    /* U+007E "~" */
    0x0, 0x1e, 0x7f, 0xb1, 0xc0, 0x3c, 0x46, 0x20,
    0xb8, 0x60, 0x3, 0x8d, 0x30, 0xd, 0x79, 0xc1,
    0x60, 0x1e, 0x2c, 0x81, 0x5, 0x60, 0x34, 0x10,
    0x5f, 0xf6, 0x18, 0x1, 0xfb, 0x94, 0x0, 0xa2,
    0x0, 0x50, 0x0, 0xf1, 0xc0, 0x21, 0x0, 0x23,
    0x33, 0xf8, 0x3, 0xa3, 0x14, 0x40, 0x5e, 0xc0,

    /* U+00A0 " " */

    /* U+00A1 "¡" */
    0x3d, 0xf9, 0xf, 0x20, 0x64, 0x0, 0xef, 0x21,
    0x74, 0x3d, 0xe8, 0x0, 0xff, 0xe2, 0x37, 0xfb,
    0x80, 0x40, 0x3f, 0xfa, 0x3e, 0x0, 0x10, 0xf,
    0xfe, 0x48, 0x80, 0x61, 0x0, 0xc0,

    /* U+00A2 "¢" */
    0x0, 0xe1, 0xff, 0x50, 0x7, 0xfc, 0x60, 0x1,
    0x0, 0xff, 0xe6, 0xa4, 0x0, 0x16, 0xc, 0x3,
    0xc3, 0x96, 0xa0, 0x1, 0x7c, 0xa0, 0xc, 0x38,
    0x60, 0x1f, 0x2e, 0x0, 0x54, 0x40, 0x7, 0xef,
    0xd4, 0x0, 0x1b, 0x1, 0xa0, 0x1, 0xe0, 0x40,
    0xad, 0x0, 0x16, 0x16, 0x1, 0x40, 0x7, 0x70,
    0x0, 0x81, 0x0, 0x6, 0x1, 0xe5, 0xcc, 0x80,
    0x40, 0xc, 0x1, 0xf1, 0x9c, 0x6, 0x0, 0x30,
    0xf, 0xf8, 0xc0, 0x6, 0x1, 0xff, 0x30, 0x1,
    0x80, 0x3f, 0xe3, 0x0, 0x18, 0x80, 0x71, 0xee,
    0xc1, 0x40, 0x14, 0x0, 0x74, 0x91, 0x0, 0x4,
    0xa0, 0x6, 0x92, 0x13, 0xa5, 0x0, 0x58, 0x2,
    0xc8, 0x0, 0xdb, 0xd8, 0xa0, 0x4, 0x60, 0x0,
    0xe2, 0x80, 0x7c, 0xf6, 0x1, 0x86, 0xb5, 0xc0,
    0x3, 0x1d, 0x0, 0x1f, 0x15, 0x0, 0x15, 0xc4,
    0x3, 0xff, 0xac,

    /* U+00A3 "£" */
    0x0, 0xe1, 0x7c, 0xff, 0x76, 0x38, 0x7, 0xe4,
    0xf8, 0x30, 0x0, 0x9c, 0x69, 0x0, 0x71, 0x58,
    0x80, 0x44, 0x1, 0x17, 0x80, 0x74, 0x0, 0x51,
    0xfb, 0xec, 0x0, 0x26, 0x0, 0xca, 0x0, 0x47,
    0x0, 0xa4, 0x80, 0x18, 0x1, 0x8, 0x5, 0x80,
    0x1d, 0x6e, 0xec, 0x0, 0xf8, 0x40, 0x39, 0xa2,
    0xc, 0x1, 0xf0, 0x80, 0x7f, 0xf0, 0x4, 0x3,
    0xff, 0x84, 0x99, 0x80, 0xa, 0x73, 0x30, 0x80,
    0x70, 0x99, 0x80, 0x21, 0x33, 0xc0, 0x1f, 0xfc,
    0xb5, 0xff, 0x8, 0x1, 0x7f, 0xf0, 0x80, 0x7f,
    0xf3, 0x4c, 0x0, 0x20, 0x1f, 0xfc, 0x41, 0x0,
    0xff, 0xe0, 0x90, 0x0, 0x80, 0x3f, 0xf8, 0xa,
    0x1, 0x50, 0x7, 0xf8, 0xf6, 0x80, 0x2f, 0xdd,
    0xfe, 0x7, 0x20, 0xc, 0x45, 0xfe, 0x0, 0xff,
    0xe3, 0x0,

    /* U+00A4 "¤" */
    0x0, 0xff, 0xe2, 0xa6, 0x8, 0x13, 0xcc, 0x9c,
    0xc0, 0x13, 0x0, 0x96, 0x7b, 0x5b, 0xc, 0xc8,
    0xcc, 0x53, 0x3c, 0x38, 0x0, 0xd4, 0x3, 0xc6,
    0xa0, 0xf, 0x3c, 0x0, 0x8a, 0xbf, 0xd8, 0x80,
    0x14, 0x38, 0x30, 0x0, 0xf5, 0x40, 0x7, 0x6a,
    0x0, 0xf0, 0x4, 0x80, 0x38, 0x3, 0xd4, 0x20,
    0xc0, 0x3, 0x4, 0x20, 0xf, 0x98, 0x4, 0xc8,
    0x0, 0x60, 0x1f, 0xb4, 0x0, 0xc0, 0x1f, 0xfc,
    0x1, 0x0, 0x88, 0x0, 0x40, 0x1f, 0x8c, 0x0,
    0x20, 0x40, 0xa0, 0x1f, 0xac, 0x0, 0xa1, 0x40,
    0x9, 0x0, 0xf2, 0x98, 0x20, 0x81, 0x80, 0x1a,
    0x0, 0x33, 0x50, 0x0, 0xc0, 0xec, 0x2, 0x7e,
    0xba, 0xe9, 0x0, 0x9d, 0xe0, 0x1, 0x8, 0xa,
    0x28, 0x80, 0xc, 0x1, 0xe9, 0x67, 0x9f, 0x6,
    0x0, 0x26, 0xdc, 0x57, 0x80, 0x4c, 0x11, 0x3e,
    0x7f, 0xb6, 0x48, 0x2a, 0x0,

    /* U+00A5 "¥" */
    0x5f, 0xfa, 0x40, 0x3f, 0x3f, 0xfc, 0xea, 0x80,
    0x6, 0x20, 0xf, 0xa4, 0x0, 0x4e, 0x12, 0x1,
    0x40, 0x7, 0xa0, 0x40, 0x12, 0x0, 0x26, 0x0,
    0x29, 0x80, 0x61, 0x70, 0x2, 0x20, 0x2, 0x81,
    0x0, 0x40, 0x6, 0x90, 0xa, 0x40, 0x30, 0xc0,
    0x1, 0xc, 0x0, 0x2e, 0x0, 0x72, 0x0, 0xe6,
    0x30, 0x7, 0x80, 0x2c, 0x0, 0x30, 0x1, 0xf7,
    0x80, 0xd, 0x9, 0x40, 0x16, 0x1, 0xf8, 0xd4,
    0x1, 0x10, 0x0, 0x1a, 0x80, 0x7f, 0x58, 0x0,
    0xd4, 0x1, 0xe0, 0x1f, 0x7f, 0xdc, 0x1, 0xec,
    0xff, 0x80, 0x3f, 0xf9, 0x5b, 0xbc, 0x60, 0x2,
    0xdd, 0xe0, 0xc, 0x45, 0xc0, 0x10, 0x91, 0x70,
    0x6, 0x11, 0xe0, 0xc, 0x23, 0xc0, 0x1b, 0xbb,
    0x8c, 0x0, 0x7d, 0xdc, 0x1, 0xff, 0xca, 0xff,
    0xe3, 0x0, 0x1f, 0xff, 0x0, 0x7f, 0xfb, 0x0,

    /* U+00A6 "¦" */
    0xbf, 0xf4, 0x80, 0x7f, 0xf7, 0x2f, 0xfd, 0x20,
    0x19, 0x62, 0x9, 0xce, 0xed, 0x0, 0xff, 0xee,
    0x0,

    /* U+00A7 "§" */
    0x0, 0xcb, 0x5b, 0xfe, 0xec, 0x82, 0x0, 0xe4,
    0xea, 0x52, 0x0, 0x9, 0xbe, 0xc0, 0x4, 0x76,
    0x20, 0x11, 0x10, 0x3, 0x3b, 0x80, 0x1e, 0x1,
    0x47, 0xee, 0xbe, 0x40, 0x28, 0x11, 0x18, 0x1,
    0xdc, 0x1, 0x9a, 0x80, 0x26, 0x30, 0xb, 0x40,
    0x3c, 0xa2, 0x0, 0xe2, 0x0, 0xbc, 0x3, 0xec,
    0xca, 0x0, 0xc0, 0xb, 0x44, 0x1, 0xc4, 0x66,
    0x10, 0xf0, 0x9, 0x77, 0x50, 0x80, 0x1f, 0x1b,
    0x80, 0x62, 0x7b, 0xfa, 0x30, 0xd, 0xe, 0x0,
    0x10, 0xe, 0x5c, 0xa1, 0x3, 0x70, 0x4, 0x76,
    0xc1, 0x80, 0x65, 0xc0, 0xa0, 0x0, 0xb8, 0x13,
    0xe7, 0x40, 0x4, 0x50, 0x60, 0x3, 0x0, 0xe1,
    0x7d, 0x10, 0x2, 0x98, 0x0, 0x8c, 0x3, 0xc4,
    0xe0, 0x2, 0xd0, 0xb, 0x1c, 0x40, 0x3f, 0x12,
    0x28, 0x5, 0x1d, 0x6c, 0x40, 0x6c, 0x0, 0x50,
    0xa6, 0x0, 0xc9, 0x3b, 0xac, 0x0, 0x1c, 0x0,
    0x27, 0x58, 0x3, 0x88, 0x0, 0x78, 0x1, 0x8a,
    0x7e, 0xd8, 0x80, 0x31, 0xb0, 0x7, 0xc9, 0x3b,
    0x8a, 0x1, 0x48, 0x88, 0x88, 0x20, 0x1c, 0x75,
    0x0, 0x12, 0x56, 0xeb, 0x0, 0x3e, 0x60, 0x8,
    0xcc, 0x0, 0x23, 0x0, 0xf1, 0x0, 0x47, 0x60,
    0x16, 0xa8, 0x6, 0x5d, 0x0, 0x90, 0xdc, 0x0,
    0x35, 0xfb, 0xaf, 0xa1, 0x0, 0x38, 0x84, 0x40,
    0x3, 0x11, 0x0, 0x33, 0xc0, 0x4, 0xfd, 0x8,
    0x20, 0x1, 0x37, 0xd8, 0x0, 0x0,

    /* U+00A8 "¨" */
    0x5, 0x40, 0xc, 0x2a, 0x41, 0x75, 0x6c, 0x0,
    0x1e, 0xad, 0x24, 0x0, 0x60, 0x0, 0x80, 0x27,
    0x80, 0x19, 0x0, 0x1a, 0x81, 0xa8,

    /* U+00A9 "©" */
    0x0, 0xff, 0xe4, 0x14, 0xf7, 0xfd, 0x68, 0x1,
    0xf4, 0x6a, 0x4d, 0xda, 0x42, 0xec, 0x20, 0x1a,
    0x5e, 0x75, 0xd5, 0x4d, 0x76, 0x5d, 0x0, 0x95,
    0xad, 0x8f, 0x7b, 0xa5, 0x4c, 0x29, 0x0, 0x5b,
    0x20, 0xe1, 0xcc, 0x8e, 0x8c, 0xad, 0x89, 0x6,
    0x2, 0x43, 0x59, 0x9c, 0x16, 0xa, 0x55, 0x86,
    0x20, 0x82, 0x60, 0x3, 0x7c, 0x0, 0x22, 0x9,
    0x80, 0x2, 0x40, 0x1a, 0x10, 0x1, 0xc4, 0x1,
    0xff, 0xc2, 0x10, 0x36, 0x0, 0x84, 0x3, 0x29,
    0x80, 0x38, 0xb0, 0xc4, 0x10, 0x84, 0x0, 0x55,
    0x60, 0x5, 0x45, 0x16, 0xb, 0xd, 0x33, 0x48,
    0x60, 0x21, 0x58, 0x4c, 0x11, 0x28, 0xf3, 0x8,
    0xe8, 0x32, 0xa6, 0xe, 0x98, 0x6b, 0xf7, 0x6e,
    0x82, 0xd3, 0xb0, 0xa, 0xd3, 0x29, 0x15, 0x45,
    0x1a, 0x38, 0x20, 0x1a, 0xa8, 0xd7, 0xdc, 0xc5,
    0x8d, 0x20, 0xf, 0x2e, 0x76, 0x63, 0xb5, 0xc0,
    0x30,

    /* U+00AA "ª" */
    0x0, 0x36, 0x7f, 0xb5, 0xc0, 0x2b, 0x93, 0x0,
    0x14, 0x58, 0x22, 0x1, 0xb7, 0x4c, 0x8, 0x6b,
    0x97, 0x24, 0x48, 0x0, 0x28, 0x98, 0xcd, 0x5d,
    0x0, 0x4, 0xba, 0x99, 0x51, 0x0, 0x14, 0x88,
    0xaf, 0xfd, 0xc0, 0x12, 0x83, 0xa0, 0x0, 0xc0,
    0x23, 0x4, 0x31, 0x5f, 0x0, 0xac, 0xb, 0x3a,
    0x80, 0x2f, 0x69, 0x20, 0x16, 0xc5, 0x30,

    /* U+00AB "«" */
    0x0, 0xc3, 0x32, 0x20, 0x3, 0xca, 0x80, 0x6a,
    0x64, 0x20, 0x68, 0x67, 0x0, 0x9d, 0x3, 0x80,
    0xe4, 0x20, 0x80, 0x7, 0x0, 0xc6, 0x1c, 0x4,
    0xe0, 0x17, 0x0, 0xc8, 0x51, 0x7, 0x0, 0x54,
    0x41, 0x60, 0xca, 0xc, 0x60, 0x12, 0x0, 0x10,
    0x30, 0x1, 0x80, 0x1b, 0x40, 0x14, 0x16, 0x21,
    0x60, 0x18, 0xe0, 0x11, 0x47, 0x40, 0x64, 0x3,
    0x3a, 0x5, 0x81, 0xc0, 0x31, 0x80, 0x6a, 0x11,
    0x48, 0x3a, 0x7, 0x0, 0x61, 0xa0, 0x63, 0xa,
    0x12, 0x70,

    /* U+00AC "¬" */
    0x16, 0x6f, 0xfe, 0x2, 0xcc, 0xff, 0xf0, 0x0,
    0x3f, 0xf8, 0x29, 0xff, 0xfc, 0x20, 0x1f, 0xfd,
    0xd0,

    /* U+00AD "­" */
    0x3d, 0xdf, 0xf9, 0x9c, 0x8b, 0xfe, 0xe0, 0xf,
    0xfe, 0x8,

    /* U+00AE "®" */
    0x0, 0xff, 0xe4, 0x1d, 0x77, 0xfd, 0x48, 0x1,
    0xf4, 0x63, 0xcd, 0xda, 0x5a, 0xe8, 0x3, 0xa9,
    0xe7, 0xd5, 0x95, 0xb2, 0xd3, 0x0, 0x26, 0x5b,
    0x4d, 0xdb, 0xb5, 0x11, 0x85, 0x0, 0x8, 0x74,
    0x0, 0x2d, 0x50, 0x6c, 0x89, 0xe, 0x2a, 0x32,
    0x1, 0x6a, 0xab, 0xc1, 0x41, 0x85, 0xb4, 0xc4,
    0x3, 0xc2, 0x1, 0x9f, 0x9, 0x80, 0x37, 0x91,
    0x24, 0x14, 0x1, 0xcc, 0x26, 0x1, 0x9f, 0x74,
    0xd8, 0x40, 0x18, 0x88, 0x1, 0x96, 0x90, 0xc,
    0x2, 0xe1, 0xc4, 0x0, 0xda, 0xb2, 0x4c, 0x1,
    0x22, 0x14, 0x1c, 0x3, 0x89, 0x60, 0x0, 0x85,
    0x41, 0x10, 0x23, 0x42, 0x0, 0x42, 0xa8, 0x69,
    0x48, 0x1c, 0xf0, 0xad, 0x40, 0x5, 0x6f, 0x87,
    0x60, 0x16, 0x2e, 0x52, 0x8, 0x92, 0x74, 0x30,
    0x40, 0x35, 0xd3, 0x5f, 0x72, 0xd2, 0x34, 0x40,
    0x3c, 0xb9, 0xd9, 0x8d, 0xd3, 0x80, 0x60,

    /* U+00AF "¯" */
    0x4, 0x4f, 0xf1, 0xd, 0xdf, 0xfa, 0x80, 0x3f,
    0xf8, 0x0,

    /* U+00B0 "°" */
    0x1, 0x9e, 0xfb, 0x20, 0x6, 0xb0, 0x82, 0x60,
    0xb1, 0x96, 0xf2, 0xc, 0x68, 0x41, 0xc, 0x83,
    0x80, 0x7e, 0xc0, 0x82, 0x19, 0x4, 0x72, 0x26,
    0xf2, 0xc, 0x6, 0x30, 0x82, 0x61, 0x0,

    /* U+00B1 "±" */
    0x0, 0xe8, 0xff, 0x48, 0x7, 0xff, 0xff, 0x3f,
    0xf3, 0x80, 0x1b, 0xff, 0x50, 0x7, 0xff, 0x9,
    0x84, 0x70, 0x6, 0x11, 0xc5, 0x5d, 0xd9, 0xc0,
    0xd, 0xdd, 0xa0, 0x3, 0xff, 0xe3, 0x1f, 0xe9,
    0x0, 0xff, 0xe3, 0xa6, 0xef, 0xff, 0x0, 0x44,
    0x45, 0xff, 0xc0, 0x0, 0xff, 0xe1, 0x80,

    /* U+00B2 "²" */
    0x0, 0x3e, 0xff, 0xb5, 0xc0, 0x2b, 0x82, 0x0,
    0x14, 0x58, 0x22, 0x0, 0xf3, 0x6, 0x8, 0x42,
    0x66, 0xe3, 0x35, 0x80, 0x19, 0x73, 0x4, 0x0,
    0xa0, 0x2, 0x0, 0x61, 0xc2, 0xa, 0x0, 0xc5,
    0x86, 0x16, 0xa0, 0x12, 0x69, 0x13, 0x50, 0x2,
    0x6b, 0x3, 0xe0, 0x22, 0x9, 0xc8, 0x0, 0xf3,
    0x76, 0xa7, 0x0, 0xfe,

    /* U+00B3 "³" */
    0x0, 0x46, 0xff, 0xb6, 0x48, 0x1, 0xae, 0x40,
    0x2, 0x6c, 0x14, 0x31, 0x6c, 0xc3, 0x0, 0xba,
    0x77, 0x24, 0xcc, 0x20, 0x5, 0x0, 0x9b, 0xfc,
    0xe3, 0x46, 0x1, 0x19, 0x8, 0xf, 0x80, 0x65,
    0xde, 0x90, 0x56, 0x48, 0x80, 0x80, 0x1c, 0x1,
    0x82, 0xee, 0xa3, 0x35, 0x80, 0x35, 0x4c, 0x13,
    0x30, 0xa0, 0x4c, 0x18, 0xe4, 0x0, 0x27, 0xc1,

    /* U+00B4 "´" */
    0x0, 0xb7, 0xfd, 0xa2, 0x0, 0x82, 0x2, 0xc1,
    0x3, 0x70, 0x2c, 0x10, 0x7, 0x1, 0x60, 0x80,
    0x0,

    /* U+00B5 "µ" */
    0x6f, 0xf8, 0x80, 0x3a, 0x7f, 0xe0, 0xf, 0xff,
    0xf8, 0x7, 0xff, 0xac, 0x40, 0x3f, 0xf8, 0x28,
    0x1, 0xc4, 0x1, 0xf4, 0x98, 0x0, 0x61, 0x0,
    0x3e, 0x1c, 0xed, 0xe7, 0x0, 0xff, 0x9, 0x0,
    0x4, 0x3, 0xe6, 0x20, 0x1, 0xcd, 0x80, 0x7d,
    0x7b, 0xfe, 0xc6, 0x5f, 0xf8, 0x3, 0xff, 0xf4,

    /* U+00B6 "¶" */
    0x0, 0x8a, 0x77, 0xff, 0xa4, 0x0, 0xfa, 0xc4,
    0x1, 0xf3, 0xc0, 0x7, 0xf1, 0x40, 0x7, 0xfa,
    0x80, 0x3f, 0xe3, 0x0, 0xff, 0x98, 0x3, 0xff,
    0x96, 0xe0, 0x1f, 0xf6, 0x0, 0x7f, 0xcc, 0x40,
    0x1f, 0xf7, 0x8, 0x7, 0xf8, 0xf1, 0x0, 0x3f,
    0xc5, 0x7b, 0x2e, 0xc6, 0x1, 0xf1, 0x34, 0x4d,
    0x0, 0x7f, 0xff, 0xc0,

    /* U+00B7 "·" */
    0x1b, 0xd8, 0x8, 0x42, 0x74, 0x30, 0x8, 0x60,
    0x81, 0x54,

    /* U+00B8 "¸" */
    0x7, 0x84, 0x0, 0x14, 0x3c, 0xa8, 0x1, 0x84,
    0xa9, 0x4a, 0x68, 0x1, 0xe0, 0xd, 0x0, 0x19,
    0xbd, 0x80, 0x6c, 0x40, 0x9b, 0xc8,

    /* U+00B9 "¹" */
    0x0, 0xe5, 0x20, 0x2, 0xd7, 0xd3, 0x9f, 0xd2,
    0x80, 0x4e, 0x2, 0x60, 0x12, 0xef, 0x48, 0x4,
    0x24, 0x1, 0xff, 0xe3,

    /* U+00BA "º" */
    0x0, 0x9f, 0x7f, 0xda, 0xe0, 0x1d, 0x90, 0x40,
    0x2, 0x8c, 0x0, 0xa0, 0xc1, 0xf7, 0x18, 0xe,
    0x0, 0xc, 0xb, 0x4, 0x72, 0x80, 0xc0, 0x1,
    0xd, 0x0, 0xd8, 0x2, 0x2, 0x0, 0x10, 0xf,
    0xc2, 0x0, 0x10, 0xf, 0xe1, 0xd, 0x0, 0xd8,
    0x2, 0x0, 0x60, 0x58, 0x22, 0x42, 0x3, 0x0,
    0x20, 0xc1, 0xf7, 0x4e, 0x7, 0x0, 0x16, 0x41,
    0x0, 0xa, 0x30, 0x0,

    /* U+00BB "»" */
    0x39, 0x90, 0x5, 0x32, 0x30, 0xc, 0x68, 0xd4,
    0x1, 0x36, 0x88, 0x6, 0x90, 0x56, 0x9, 0x11,
    0x50, 0x6, 0x45, 0x9, 0x20, 0xb0, 0x47, 0x0,
    0xd6, 0x21, 0xe0, 0xa8, 0x10, 0x60, 0x10, 0xc0,
    0x14, 0x85, 0x0, 0x38, 0x40, 0x24, 0x0, 0x20,
    0x9, 0x1, 0x10, 0x2, 0xe0, 0x7, 0x3, 0x90,
    0x41, 0x80, 0x18, 0xc2, 0x4c, 0x60, 0x11, 0xc0,
    0x3, 0x0, 0xac, 0x14, 0x3, 0x40, 0x15, 0x89,
    0x50, 0x2a, 0x5, 0x8, 0x1, 0x14, 0x38, 0x1,
    0x60, 0xe8, 0x1, 0x0,

    /* U+00BC "¼" */
    0x0, 0xe2, 0x0, 0xff, 0xe1, 0x24, 0xf6, 0x0,
    0x7f, 0xf0, 0x7, 0xad, 0x84, 0x3, 0xff, 0x82,
    0x62, 0x66, 0x0, 0xff, 0xe1, 0x17, 0xe2, 0x0,
    0x7d, 0x16, 0x40, 0x1f, 0xfc, 0x21, 0x74, 0x10,
    0xf, 0xfe, 0x14, 0x2, 0x18, 0x7, 0xff, 0x4,
    0x98, 0x24, 0x3, 0xff, 0x85, 0x20, 0xa4, 0x1,
    0xff, 0xc1, 0x34, 0xb, 0x0, 0xff, 0xe1, 0x78,
    0x38, 0x80, 0x7f, 0x47, 0xf0, 0x29, 0x8c, 0x80,
    0xd, 0x50, 0x3, 0xfa, 0x2, 0x44, 0xf, 0x2a,
    0x40, 0x3f, 0x31, 0xb, 0x80, 0x38, 0x3, 0xfe,
    0x80, 0x80, 0x5, 0x10, 0x7, 0xf9, 0xc4, 0x98,
    0x15, 0x46, 0xa0, 0x1f, 0x86, 0x2, 0x40, 0xa8,
    0x78, 0xc0, 0x3f, 0x48, 0x1a, 0x7, 0x5, 0x10,
    0x7, 0xf4, 0x43, 0xc1, 0x4c, 0x2f, 0xd8, 0xb,
    0xc4, 0x3, 0x9c, 0xc0, 0x3f, 0xf8, 0xeb, 0xff,
    0x98, 0xb, 0xc4, 0x3, 0xff, 0x8c,

    /* U+00BD "½" */
    0x0, 0xc2, 0x40, 0x1f, 0xfc, 0x11, 0x6b, 0xe5,
    0x0, 0xff, 0xe0, 0x3f, 0x4a, 0x0, 0x7f, 0xf0,
    0xb8, 0x54, 0x3, 0xff, 0x87, 0x3d, 0x42, 0x1,
    0xe8, 0xc3, 0x0, 0xff, 0xe1, 0xb, 0x9b, 0x80,
    0x7f, 0xf0, 0xa0, 0x11, 0x0, 0x1f, 0xfc, 0x12,
    0x60, 0x80, 0xf, 0xfe, 0x14, 0x2, 0x98, 0x7,
    0xff, 0x4, 0xd4, 0x20, 0x3, 0xff, 0x85, 0x0,
    0xc4, 0x1, 0xfe, 0xef, 0x74, 0x40, 0x40, 0x7,
    0xff, 0xa, 0x1, 0xc4, 0xef, 0xfd, 0xb0, 0x1,
    0xf2, 0x98, 0xc1, 0xe2, 0x0, 0x9, 0xe8, 0x3,
    0xd0, 0x12, 0x12, 0x5, 0xde, 0xe0, 0xa2, 0x1,
    0x98, 0x85, 0xc3, 0xe6, 0x42, 0x1c, 0x1, 0xf4,
    0x4, 0x0, 0x15, 0x90, 0xa, 0x1, 0x44, 0x2,
    0x71, 0x26, 0x0, 0xe3, 0xc1, 0x4a, 0x0, 0xcf,
    0x12, 0x1, 0xcb, 0x82, 0xd6, 0x1, 0xe7, 0x40,
    0xd, 0x14, 0x15, 0x20, 0x1f, 0xfc, 0x7, 0x70,
    0x2, 0xfb, 0xa6, 0x0, 0xfe, 0xe0, 0x8, 0x47,
    0x80,

    /* U+00BE "¾" */
    0x1, 0x9e, 0xfe, 0xb4, 0x0, 0xff, 0xb1, 0x84,
    0x5, 0x2c, 0xc0, 0x3f, 0x8c, 0x4f, 0x3f, 0x84,
    0x2c, 0x3, 0xf8, 0xf3, 0x6, 0x4, 0x21, 0xa0,
    0x12, 0xd9, 0x80, 0x7a, 0xbf, 0x2, 0x14, 0x2,
    0x84, 0x60, 0xf, 0x62, 0x90, 0x49, 0x80, 0x18,
    0x8d, 0x40, 0x3c, 0xd5, 0xa6, 0x32, 0x0, 0x80,
    0x80, 0xc, 0xdf, 0xe4, 0x1, 0x10, 0x8, 0x40,
    0xa2, 0x0, 0x33, 0x88, 0x5f, 0xf1, 0x7, 0x8b,
    0x84, 0x0, 0x70, 0xfa, 0x88, 0xa, 0x62, 0x40,
    0x29, 0x80, 0x78, 0x6b, 0xbf, 0xac, 0xc9, 0x82,
    0x0, 0xa, 0xa2, 0x0, 0xfe, 0x90, 0x62, 0x9,
    0xaa, 0x20, 0x7, 0xe3, 0x40, 0x80, 0x56, 0x0,
    0xff, 0xbc, 0x1c, 0x45, 0x60, 0x1f, 0xf2, 0x98,
    0xc0, 0x50, 0xc0, 0x7, 0xfa, 0x2, 0x1, 0xd1,
    0x5c, 0x3, 0xf9, 0x88, 0x8c, 0x70, 0x54, 0x1,
    0xfe, 0x69, 0x90, 0x78, 0x17, 0xf8, 0x1, 0x36,
    0x1, 0xe6, 0x40, 0x70, 0xf, 0x84, 0x3, 0xfa,
    0xff, 0xf0, 0x2, 0x68, 0x3, 0xff, 0x8c,

    /* U+00BF "¿" */
    0x0, 0xf5, 0xfe, 0x0, 0x7f, 0x91, 0x0, 0x6a,
    0x1, 0xfc, 0xc0, 0x13, 0x0, 0x7f, 0x15, 0xbd,
    0x18, 0x7, 0xf9, 0x21, 0x40, 0x3f, 0xf9, 0xb5,
    0x50, 0x80, 0x7f, 0xa, 0xac, 0x60, 0x1f, 0xc8,
    0x1, 0x18, 0x7, 0xe2, 0xb0, 0x1, 0x8, 0x7,
    0xc5, 0x82, 0x0, 0xe0, 0xf, 0x87, 0x4, 0x1,
    0x66, 0x1, 0xf6, 0x88, 0x2, 0x90, 0x3, 0xe5,
    0x30, 0x3, 0xa8, 0x7, 0xe9, 0x0, 0xc, 0x0,
    0x7f, 0x18, 0x1, 0xc0, 0x3f, 0xf8, 0x3c, 0x1,
    0xd3, 0x54, 0x50, 0x10, 0x6, 0x80, 0x62, 0x65,
    0x51, 0x2, 0x0, 0x15, 0x80, 0x5, 0xc0, 0x12,
    0x4, 0x80, 0x53, 0xfd, 0xa6, 0x0, 0x43, 0x3,
    0xa0, 0xc, 0x20, 0x12, 0x58, 0x4, 0xba, 0xc4,
    0x0, 0x14, 0xab, 0x0, 0x0,

    /* U+00C0 "À" */
    0x0, 0xcd, 0xff, 0x30, 0x7, 0xff, 0x5, 0xa0,
    0x1, 0x24, 0x1, 0xff, 0xc1, 0x77, 0x0, 0x24,
    0x3, 0xff, 0x85, 0xe, 0x8, 0xc0, 0x1f, 0xfc,
    0x28, 0xff, 0x30, 0x7, 0xff, 0x51, 0xff, 0xe0,
    0xf, 0xfe, 0x15, 0x0, 0x48, 0x1, 0xff, 0xc0,
    0x22, 0x0, 0x5a, 0x1, 0xff, 0xc0, 0x50, 0xc,
    0xe0, 0x1f, 0xfc, 0xa, 0x0, 0xc2, 0x80, 0x1f,
    0xe2, 0x20, 0x1, 0x80, 0x1a, 0x1, 0xfe, 0x50,
    0x2, 0x68, 0x1, 0xc0, 0x3f, 0xd6, 0x0, 0xd4,
    0x0, 0x9, 0x80, 0x7e, 0x23, 0x0, 0x38, 0x28,
    0x2, 0xc0, 0x3f, 0x28, 0x0, 0xc4, 0x3c, 0x0,
    0xc0, 0x1f, 0xac, 0x1, 0x60, 0x4, 0x0, 0x9,
    0x80, 0x78, 0x8c, 0x0, 0x80, 0x1, 0x30, 0x5,
    0x80, 0x79, 0x40, 0x2, 0x60, 0x15, 0x80, 0x14,
    0x3, 0xd6, 0x0, 0x1f, 0xfd, 0x0, 0x2, 0x20,
    0x6, 0x13, 0x0, 0xff, 0xa8, 0x3, 0x30, 0x7,
    0xff, 0x1, 0x40, 0x35, 0x80, 0x13, 0xff, 0xd4,
    0x0, 0x22, 0x0, 0x4, 0xc0, 0x1a, 0x1, 0xe5,
    0x0, 0x94, 0x0, 0xc0, 0x13, 0x80, 0x7c, 0x80,
    0xa, 0x0, 0x58, 0x0, 0x84, 0x3, 0xec, 0x0,
    0x11, 0x4, 0xc0, 0xa, 0x1, 0xf9, 0x40, 0x25,

    /* U+00C1 "Á" */
    0x0, 0xff, 0x2c, 0x41, 0xc4, 0x3, 0xff, 0x80,
    0x74, 0xee, 0x11, 0x0, 0x7f, 0xf0, 0x38, 0x1,
    0x2c, 0x1, 0xff, 0xc0, 0x92, 0x9, 0x60, 0xf,
    0xfe, 0xf, 0x3d, 0x30, 0x7, 0xff, 0x9, 0xe1,
    0x40, 0x3f, 0xf8, 0x4f, 0xff, 0x0, 0x7f, 0xf0,
    0xa8, 0x2, 0x40, 0xf, 0xfe, 0x1, 0x10, 0x2,
    0xd0, 0xf, 0xfe, 0x2, 0x80, 0x67, 0x0, 0xff,
    0xe0, 0x50, 0x6, 0x14, 0x0, 0xff, 0x11, 0x0,
    0xc, 0x0, 0xd0, 0xf, 0xf2, 0x80, 0x13, 0x40,
    0xe, 0x1, 0xfe, 0xb0, 0x6, 0xa0, 0x0, 0x4c,
    0x3, 0xf1, 0x18, 0x1, 0xc1, 0x40, 0x16, 0x1,
    0xf9, 0x40, 0x6, 0x21, 0xe0, 0x6, 0x0, 0xfd,
    0x60, 0xb, 0x0, 0x20, 0x0, 0x4c, 0x3, 0xc4,
    0x60, 0x4, 0x0, 0x9, 0x80, 0x2c, 0x3, 0xca,
    0x0, 0x13, 0x0, 0xac, 0x0, 0xa0, 0x1e, 0xb0,
    0x0, 0xff, 0xe8, 0x0, 0x11, 0x0, 0x30, 0x98,
    0x7, 0xfd, 0x40, 0x19, 0x80, 0x3f, 0xf8, 0xa,
    0x1, 0xac, 0x0, 0x9f, 0xfe, 0xa0, 0x1, 0x10,
    0x0, 0x26, 0x0, 0xd0, 0xf, 0x28, 0x4, 0xa0,
    0x6, 0x0, 0x9c, 0x3, 0xe4, 0x0, 0x50, 0x2,
    0xc0, 0x4, 0x20, 0x1f, 0x60, 0x0, 0x88, 0x26,
    0x0, 0x50, 0xf, 0xca, 0x1, 0x28,

    /* U+00C2 "Â" */
    0x0, 0xf9, 0x7f, 0xd8, 0x20, 0x1f, 0xfc, 0x7,
    0xa0, 0x1, 0xe0, 0x80, 0x7f, 0xa2, 0x0, 0xb8,
    0x25, 0xe4, 0x1, 0xfa, 0x5c, 0x1a, 0x8f, 0x4,
    0x5a, 0x40, 0x1f, 0x4f, 0xfa, 0x40, 0x5, 0xdf,
    0xe2, 0x0, 0xff, 0xe8, 0x3f, 0xfc, 0x1, 0xff,
    0xc2, 0xa0, 0x9, 0x0, 0x3f, 0xf8, 0x4, 0x40,
    0xb, 0x40, 0x3f, 0xf8, 0xa, 0x1, 0x9c, 0x3,
    0xff, 0x81, 0x40, 0x18, 0x50, 0x3, 0xfc, 0x44,
    0x0, 0x30, 0x3, 0x40, 0x3f, 0xca, 0x0, 0x4d,
    0x0, 0x38, 0x7, 0xfa, 0xc0, 0x1a, 0x80, 0x1,
    0x30, 0xf, 0xc4, 0x60, 0x7, 0x5, 0x0, 0x58,
    0x7, 0xe5, 0x0, 0x18, 0x87, 0x80, 0x18, 0x3,
    0xf5, 0x80, 0x2c, 0x0, 0x80, 0x1, 0x30, 0xf,
    0x11, 0x80, 0x10, 0x0, 0x26, 0x0, 0xb0, 0xf,
    0x28, 0x0, 0x4c, 0x2, 0xb0, 0x2, 0x80, 0x7a,
    0xc0, 0x3, 0xff, 0xa0, 0x0, 0x44, 0x0, 0xc2,
    0x60, 0x1f, 0xf5, 0x0, 0x66, 0x0, 0xff, 0xe0,
    0x28, 0x6, 0xb0, 0x2, 0x7f, 0xfa, 0x80, 0x4,
    0x40, 0x0, 0x98, 0x3, 0x40, 0x3c, 0xa0, 0x12,
    0x80, 0x18, 0x2, 0x70, 0xf, 0x90, 0x1, 0x40,
    0xb, 0x0, 0x10, 0x80, 0x7d, 0x80, 0x2, 0x20,
    0x98, 0x1, 0x40, 0x3f, 0x28, 0x4, 0xa0,

    /* U+00C3 "Ã" */
    0x0, 0xff, 0xe5, 0xbf, 0x7e, 0x30, 0x85, 0x7a,
    0x80, 0x7c, 0xd0, 0x20, 0x73, 0xde, 0xa0, 0xe0,
    0x1f, 0x58, 0x23, 0xa8, 0x6, 0x82, 0x0, 0xfa,
    0x62, 0xe2, 0xbe, 0xeb, 0x5c, 0x3, 0xf2, 0x38,
    0x6, 0x45, 0x20, 0xf, 0xfe, 0x93, 0xff, 0xc0,
    0x1f, 0xfc, 0x2a, 0x0, 0x90, 0x3, 0xff, 0x80,
    0x44, 0x0, 0xb4, 0x3, 0xff, 0x80, 0xa0, 0x19,
    0xc0, 0x3f, 0xf8, 0x14, 0x1, 0x85, 0x0, 0x3f,
    0xc4, 0x40, 0x3, 0x0, 0x34, 0x3, 0xfc, 0xa0,
    0x4, 0xd0, 0x3, 0x80, 0x7f, 0xac, 0x1, 0xa8,
    0x0, 0x13, 0x0, 0xfc, 0x46, 0x0, 0x70, 0x50,
    0x5, 0x80, 0x7e, 0x50, 0x1, 0x88, 0x78, 0x1,
    0x80, 0x3f, 0x58, 0x2, 0xc0, 0x8, 0x0, 0x13,
    0x0, 0xf1, 0x18, 0x1, 0x0, 0x2, 0x60, 0xb,
    0x0, 0xf2, 0x80, 0x4, 0xc0, 0x2b, 0x0, 0x28,
    0x7, 0xac, 0x0, 0x3f, 0xfa, 0x0, 0x4, 0x40,
    0xc, 0x26, 0x1, 0xff, 0x50, 0x6, 0x60, 0xf,
    0xfe, 0x2, 0x80, 0x6b, 0x0, 0x27, 0xff, 0xa8,
    0x0, 0x44, 0x0, 0x9, 0x80, 0x34, 0x3, 0xca,
    0x1, 0x28, 0x1, 0x80, 0x27, 0x0, 0xf9, 0x0,
    0x14, 0x0, 0xb0, 0x1, 0x8, 0x7, 0xd8, 0x0,
    0x22, 0x9, 0x80, 0x14, 0x3, 0xf2, 0x80, 0x4a,

    /* U+00C4 "Ä" */
    0x0, 0xe5, 0x40, 0xc, 0x4a, 0x40, 0x1f, 0xb2,
    0xad, 0x80, 0x3, 0xb5, 0xa4, 0x1, 0xf1, 0x80,
    0x3c, 0x0, 0x40, 0x13, 0x80, 0x7d, 0x0, 0x34,
    0x0, 0x34, 0x3, 0x50, 0xf, 0x9f, 0xf8, 0xc0,
    0x2b, 0xfc, 0x0, 0xff, 0xe8, 0xbf, 0xfc, 0x1,
    0xff, 0xc2, 0xa0, 0x9, 0x0, 0x3f, 0xf8, 0x4,
    0x40, 0xb, 0x40, 0x3f, 0xf8, 0xa, 0x1, 0x9c,
    0x3, 0xff, 0x81, 0x40, 0x18, 0x50, 0x3, 0xfc,
    0x44, 0x0, 0x30, 0x3, 0x40, 0x3f, 0xca, 0x0,
    0x4d, 0x0, 0x38, 0x7, 0xfa, 0xc0, 0x1a, 0x80,
    0x1, 0x30, 0xf, 0xc4, 0x60, 0x7, 0x5, 0x0,
    0x58, 0x7, 0xe5, 0x0, 0x18, 0x87, 0x80, 0x18,
    0x3, 0xf5, 0x80, 0x2c, 0x0, 0x80, 0x1, 0x30,
    0xf, 0x11, 0x80, 0x10, 0x0, 0x26, 0x0, 0xb0,
    0xf, 0x28, 0x0, 0x4c, 0x2, 0xb0, 0x2, 0x80,
    0x7a, 0xc0, 0x3, 0xff, 0xa0, 0x0, 0x44, 0x0,
    0xc2, 0x60, 0x1f, 0xf5, 0x0, 0x66, 0x0, 0xff,
    0xe0, 0x28, 0x6, 0xb0, 0x2, 0x7f, 0xfa, 0x80,
    0x4, 0x40, 0x0, 0x98, 0x3, 0x40, 0x3c, 0xa0,
    0x12, 0x80, 0x18, 0x2, 0x70, 0xf, 0x90, 0x1,
    0x40, 0xb, 0x0, 0x10, 0x80, 0x7d, 0x80, 0x2,
    0x20, 0x98, 0x1, 0x40, 0x3f, 0x28, 0x4, 0xa0,

    /* U+00C5 "Å" */
    0x0, 0xff, 0xe6, 0xcf, 0xfb, 0x4c, 0x3, 0xff,
    0x81, 0xd, 0x14, 0x1a, 0x1, 0xff, 0xc0, 0x43,
    0x75, 0x81, 0x30, 0xf, 0xf9, 0x8d, 0xb, 0x80,
    0x80, 0x3f, 0xeb, 0x3b, 0xd4, 0x91, 0x0, 0xff,
    0x87, 0x37, 0x39, 0x80, 0x3f, 0xf8, 0x44, 0x62,
    0x1, 0xff, 0xc2, 0x7f, 0xf8, 0x3, 0xff, 0x85,
    0x40, 0x12, 0x0, 0x7f, 0xf0, 0x8, 0x80, 0x16,
    0x80, 0x7f, 0xf0, 0x14, 0x3, 0x38, 0x7, 0xff,
    0x2, 0x80, 0x30, 0xa0, 0x7, 0xf8, 0x88, 0x0,
    0x60, 0x6, 0x80, 0x7f, 0x94, 0x0, 0x9a, 0x0,
    0x70, 0xf, 0xf5, 0x80, 0x35, 0x0, 0x2, 0x60,
    0x1f, 0x88, 0xc0, 0xe, 0xa, 0x0, 0xb0, 0xf,
    0xca, 0x0, 0x31, 0xf, 0x0, 0x30, 0x7, 0xeb,
    0x0, 0x58, 0x1, 0x0, 0x2, 0x60, 0x1e, 0x23,
    0x0, 0x20, 0x0, 0x4c, 0x1, 0x60, 0x1e, 0x50,
    0x0, 0x98, 0x5, 0x60, 0x5, 0x0, 0xf5, 0x80,
    0x7, 0xff, 0x40, 0x0, 0x88, 0x1, 0x84, 0xc0,
    0x3f, 0xea, 0x0, 0xcc, 0x1, 0xff, 0xc0, 0x50,
    0xd, 0x60, 0x4, 0xff, 0xf5, 0x0, 0x8, 0x80,
    0x1, 0x30, 0x6, 0x80, 0x79, 0x40, 0x25, 0x0,
    0x30, 0x4, 0xe0, 0x1f, 0x20, 0x2, 0x80, 0x16,
    0x0, 0x21, 0x0, 0xfb, 0x0, 0x4, 0x41, 0x30,
    0x2, 0x80, 0x7e, 0x50, 0x9, 0x40,

    /* U+00C6 "Æ" */
    0x0, 0xf8, 0x7f, 0xff, 0x80, 0x3f, 0x38, 0x7,
    0xff, 0x16, 0x80, 0x38, 0x8b, 0x0, 0x7c, 0x46,
    0x1, 0x8b, 0x77, 0x0, 0x7d, 0x40, 0x1, 0x0,
    0xff, 0xe1, 0x28, 0x1, 0x0, 0x3f, 0xf8, 0x26,
    0x40, 0x64, 0x1, 0xff, 0xc1, 0xa0, 0x5, 0x80,
    0x7f, 0xf0, 0x9c, 0x0, 0xbe, 0x1, 0xff, 0xc0,
    0x41, 0x2, 0x20, 0x4, 0x5f, 0xf4, 0x80, 0x77,
    0x0, 0x14, 0x3, 0xff, 0x84, 0xa0, 0xa, 0x0,
    0xe2, 0x2b, 0x80, 0x32, 0x80, 0x4, 0xc7, 0xc0,
    0x5, 0xbb, 0x38, 0x6, 0xe0, 0x0, 0xf7, 0x1c,
    0x3, 0xfc, 0x28, 0x1, 0xff, 0xc4, 0x60, 0xf,
    0xfe, 0x2d, 0x80, 0x1b, 0xfe, 0x80, 0x1, 0x80,
    0x78, 0x8c, 0x1, 0xa0, 0x1f, 0xfc, 0x1a, 0x0,
    0x90, 0x3, 0xc3, 0xbb, 0x90, 0x14, 0x0, 0xa0,
    0x1f, 0x88, 0xb0, 0x99, 0x0, 0x3c, 0x3, 0xff,
    0x82,

    /* U+00C7 "Ç" */
    0x0, 0xc5, 0x3b, 0xfe, 0xeb, 0x50, 0xf, 0x9f,
    0x58, 0x80, 0x2, 0x95, 0x84, 0x1, 0x9e, 0x0,
    0x21, 0x10, 0x4, 0x78, 0x20, 0x3, 0x80, 0x1,
    0x67, 0x74, 0xe0, 0x1, 0x80, 0x4, 0x0, 0x7,
    0xc, 0x0, 0x30, 0xa0, 0x6, 0x11, 0x20, 0x2,
    0x44, 0x3, 0xa4, 0x2, 0x47, 0x0, 0x94, 0x3,
    0xc6, 0x7d, 0xc0, 0x11, 0x0, 0x7d, 0x99, 0x31,
    0x0, 0x4, 0x3, 0xff, 0xfe, 0x6, 0x0, 0x10,
    0xf, 0xfe, 0x7, 0x80, 0x44, 0x1, 0xf4, 0x44,
    0x88, 0x0, 0x90, 0x3, 0xc4, 0xef, 0x11, 0xc,
    0x1, 0x60, 0x1e, 0xb0, 0x9, 0xc2, 0x0, 0x5,
    0x62, 0x1, 0x3b, 0x0, 0x14, 0x41, 0x1c, 0x0,
    0x9d, 0xb9, 0xf0, 0x0, 0x1b, 0x0, 0xa1, 0xc0,
    0x22, 0x30, 0x8, 0xfc, 0x40, 0x34, 0x6b, 0x8,
    0x0, 0x56, 0xb0, 0x40, 0x3c, 0x53, 0x0, 0x4,
    0x85, 0x0, 0xff, 0x1a, 0x2, 0xe8, 0x80, 0x7f,
    0x96, 0xdc, 0x0, 0xe0, 0x1f, 0xf1, 0x20, 0x0,
    0xc0, 0x3f, 0xcd, 0xa6, 0x6, 0xa0, 0x1f, 0xfc,
    0x3, 0x8c, 0x0, 0xe0,

    /* U+00C8 "È" */
    0x0, 0x2f, 0xfc, 0xe0, 0x1f, 0xe5, 0x90, 0x4,
    0x10, 0x7, 0xf9, 0xa0, 0x1, 0xc0, 0x1f, 0xf3,
    0xc0, 0x1b, 0x0, 0x7f, 0xcf, 0xfe, 0x60, 0xf,
    0x57, 0xff, 0xff, 0x4, 0x80, 0x3f, 0xf8, 0xe2,
    0x3f, 0xe3, 0x0, 0x87, 0xbb, 0xfc, 0x20, 0x1f,
    0xff, 0xf0, 0x8, 0x7f, 0xff, 0x58, 0x7, 0xff,
    0x24, 0x8b, 0xf8, 0x3, 0x87, 0x77, 0xf4, 0x80,
    0x7f, 0xff, 0xc0, 0x38, 0x7b, 0xbf, 0xc4, 0x1,
    0x84, 0x7f, 0xe0, 0xf, 0xfe, 0x18,

    /* U+00C9 "É" */
    0x0, 0xfc, 0xb1, 0x10, 0x80, 0x7f, 0x1d, 0x3b,
    0xbc, 0x40, 0x3f, 0xb8, 0x1, 0xe, 0x1, 0xfd,
    0x24, 0x10, 0xe0, 0x1f, 0xee, 0x7a, 0x70, 0xf,
    0xf9, 0xe1, 0x40, 0x3d, 0x5f, 0xff, 0xfc, 0x12,
    0x0, 0xff, 0xe3, 0x88, 0xff, 0x8c, 0x2, 0x1e,
    0xef, 0xf0, 0x80, 0x7f, 0xff, 0xc0, 0x21, 0xff,
    0xfd, 0x60, 0x1f, 0xfc, 0x92, 0x2f, 0xe0, 0xe,
    0x1d, 0xdf, 0xd2, 0x1, 0xff, 0xff, 0x0, 0xe1,
    0xee, 0xff, 0x10, 0x6, 0x11, 0xff, 0x80, 0x3f,
    0xf8, 0x60,

    /* U+00CA "Ê" */
    0x0, 0xe5, 0xff, 0x60, 0x80, 0x7f, 0x3d, 0x0,
    0xf, 0x4, 0x3, 0xe8, 0x80, 0x2e, 0x9, 0x79,
    0x80, 0x74, 0x38, 0x35, 0x1e, 0x8, 0xb0, 0x80,
    0x34, 0x7f, 0xa4, 0x0, 0x5d, 0xfe, 0x20, 0xf,
    0xfe, 0x2d, 0x7f, 0xff, 0xf0, 0x48, 0x3, 0xff,
    0x8e, 0x23, 0xfe, 0x30, 0x8, 0x7b, 0xbf, 0xc2,
    0x1, 0xff, 0xff, 0x0, 0x87, 0xff, 0xf5, 0x80,
    0x7f, 0xf2, 0x48, 0xbf, 0x80, 0x38, 0x77, 0x7f,
    0x48, 0x7, 0xff, 0xfc, 0x3, 0x87, 0xbb, 0xfc,
    0x40, 0x18, 0x47, 0xfe, 0x0, 0xff, 0xe1, 0x80,

    /* U+00CB "Ë" */
    0x0, 0x95, 0x0, 0x31, 0x31, 0x0, 0x76, 0x55,
    0xb8, 0x0, 0x76, 0x74, 0xc0, 0x31, 0x80, 0x34,
    0x0, 0x40, 0x13, 0x0, 0x69, 0x1, 0x90, 0x1,
    0xa8, 0x1a, 0x80, 0x66, 0xfe, 0x30, 0xa, 0xbf,
    0x0, 0x3f, 0xf8, 0xd5, 0xff, 0xff, 0xc1, 0x20,
    0xf, 0xfe, 0x38, 0x8f, 0xf8, 0xc0, 0x21, 0xee,
    0xff, 0x8, 0x7, 0xff, 0xfc, 0x2, 0x1f, 0xff,
    0xd6, 0x1, 0xff, 0xc9, 0x22, 0xfe, 0x0, 0xe1,
    0xdd, 0xfd, 0x20, 0x1f, 0xff, 0xf0, 0xe, 0x1e,
    0xef, 0xf1, 0x0, 0x61, 0x1f, 0xf8, 0x3, 0xff,
    0x86,

    /* U+00CC "Ì" */
    0x2, 0xef, 0xf6, 0x0, 0x7f, 0x16, 0x8, 0x1b,
    0x0, 0x7f, 0x16, 0x80, 0x24, 0x40, 0x3f, 0x8e,
    0xc0, 0x14, 0x1, 0xfe, 0x4f, 0xf5, 0x80, 0x7f,
    0xf2, 0x13, 0xff, 0xff, 0x80, 0x80, 0x1f, 0xfc,
    0x31, 0x1c, 0x1, 0x84, 0x70, 0x27, 0x76, 0x20,
    0x2, 0x77, 0x64, 0x0, 0xff, 0xff, 0x80, 0x7f,
    0xff, 0xc0, 0x3f, 0xfc, 0x49, 0xdd, 0x88, 0x0,
    0x9d, 0xd8, 0xc0, 0x47, 0x0, 0x61, 0x1c, 0xe0,
    0x1f, 0xfc, 0x20,

    /* U+00CD "Í" */
    0x0, 0xf8, 0xe2, 0x24, 0x0, 0xfe, 0xe7, 0x71,
    0xa0, 0x7, 0xe9, 0x20, 0x4b, 0x0, 0xfc, 0x8c,
    0x9, 0x60, 0x1f, 0xc4, 0xf1, 0x60, 0x1f, 0xe6,
    0x87, 0x0, 0xf2, 0x7f, 0xff, 0xf0, 0x10, 0x3,
    0xff, 0x86, 0x23, 0x80, 0x30, 0x8e, 0x4, 0xee,
    0xc4, 0x0, 0x4e, 0xec, 0x80, 0x1f, 0xff, 0xf0,
    0xf, 0xff, 0xf8, 0x7, 0xff, 0x89, 0x3b, 0xb1,
    0x0, 0x13, 0xbb, 0x18, 0x8, 0xe0, 0xc, 0x23,
    0x9c, 0x3, 0xff, 0x84,

    /* U+00CE "Î" */
    0x0, 0xc5, 0xbf, 0xc6, 0x1, 0xf8, 0xf0, 0x80,
    0x71, 0x40, 0x3c, 0x98, 0x25, 0x86, 0x14, 0xc0,
    0x18, 0xec, 0xb, 0xf, 0x10, 0x25, 0xc0, 0x23,
    0xff, 0x68, 0x80, 0x2f, 0xfc, 0xe0, 0x1f, 0xfc,
    0x44, 0xff, 0xff, 0xe0, 0x20, 0x7, 0xff, 0xc,
    0x47, 0x0, 0x61, 0x1c, 0x9, 0xdd, 0x88, 0x0,
    0x9d, 0xd9, 0x0, 0x3f, 0xff, 0xe0, 0x1f, 0xff,
    0xf0, 0xf, 0xff, 0x12, 0x77, 0x62, 0x0, 0x27,
    0x76, 0x30, 0x11, 0xc0, 0x18, 0x47, 0x38, 0x7,
    0xff, 0x8,

    /* U+00CF "Ï" */
    0x0, 0x22, 0x80, 0x72, 0xa0, 0x6, 0x6b, 0xac,
    0x0, 0xae, 0xad, 0xc0, 0x2f, 0x0, 0x18, 0x4,
    0xa0, 0xd, 0x0, 0xa8, 0x42, 0x0, 0x28, 0x1,
    0x90, 0x8, 0xfb, 0xdc, 0x2, 0x6f, 0xe3, 0x0,
    0xff, 0xe2, 0x27, 0xff, 0xff, 0x1, 0x0, 0x3f,
    0xf8, 0x62, 0x38, 0x3, 0x8, 0xe0, 0x4e, 0xec,
    0x40, 0x4, 0xee, 0xc8, 0x1, 0xff, 0xff, 0x0,
    0xff, 0xff, 0x80, 0x7f, 0xf8, 0x93, 0xbb, 0x10,
    0x1, 0x3b, 0xb1, 0x80, 0x8e, 0x0, 0xc2, 0x39,
    0xc0, 0x3f, 0xf8, 0x40,

    /* U+00D0 "Ð" */
    0x0, 0xb3, 0xff, 0xdb, 0x26, 0x1, 0xff, 0xc3,
    0x26, 0xcb, 0x20, 0xf, 0xf1, 0x10, 0x40, 0x24,
    0xc3, 0x0, 0xfc, 0x7b, 0xae, 0xd6, 0x0, 0xe,
    0x88, 0x7, 0xfc, 0x53, 0x20, 0x0, 0xd8, 0x7,
    0xff, 0x5, 0x94, 0x0, 0xa4, 0x1, 0xff, 0xc1,
    0x90, 0x9, 0x40, 0x3f, 0xf8, 0x26, 0x20, 0xc,
    0x0, 0xff, 0xe1, 0x10, 0x1, 0xaf, 0xfc, 0x60,
    0x3, 0xff, 0x84, 0x2, 0x70, 0x1, 0x80, 0x7f,
    0xf1, 0xbe, 0x64, 0x40, 0x1, 0x99, 0x84, 0x3,
    0xe4, 0x66, 0x8, 0x0, 0x99, 0xa0, 0xc, 0xe0,
    0x3, 0x0, 0xff, 0xe1, 0x10, 0x1, 0x80, 0x3f,
    0xf8, 0x26, 0x20, 0xc, 0x0, 0xff, 0xe0, 0xc8,
    0x4, 0xa0, 0x1f, 0xfc, 0x5, 0x50, 0x1, 0x48,
    0x3, 0xfc, 0x31, 0x40, 0x1, 0xb0, 0xf, 0x8f,
    0x75, 0xdc, 0x70, 0xb, 0x44, 0x3, 0xf1, 0x10,
    0x40, 0x23, 0xd3, 0x0, 0xff, 0xe0, 0x13, 0x5e,
    0x10, 0x4,

    /* U+00D1 "Ñ" */
    0x0, 0xff, 0x84, 0x3, 0xc3, 0x7f, 0xd2, 0x80,
    0x5d, 0xc0, 0xe, 0xc4, 0x1, 0x6b, 0xfd, 0x5,
    0x0, 0xc8, 0x40, 0xee, 0x30, 0x8, 0x64, 0x3,
    0x2c, 0xdc, 0x43, 0x36, 0xaf, 0x88, 0x3, 0xb,
    0x20, 0x4, 0x4a, 0x80, 0x1f, 0xfc, 0x71, 0xff,
    0xac, 0x3, 0xd3, 0xff, 0x0, 0x64, 0x30, 0xf,
    0xfe, 0x14, 0x0, 0x7f, 0xf0, 0x90, 0x80, 0x3f,
    0xf8, 0x50, 0x1, 0xff, 0xc2, 0x52, 0x0, 0xff,
    0xe1, 0x58, 0x7, 0xfc, 0xc0, 0x6, 0x10, 0xf,
    0xf0, 0xb0, 0x2, 0x0, 0x3f, 0xe8, 0x0, 0x30,
    0x80, 0x7f, 0x85, 0x80, 0x12, 0x1, 0xff, 0x58,
    0x1, 0xc0, 0xc0, 0x3f, 0x89, 0x40, 0xe, 0x1,
    0xfb, 0xc0, 0x10, 0x0, 0x90, 0xf, 0xf8, 0x90,
    0x5, 0x40, 0x3f, 0xe8, 0x0, 0xff, 0xe1, 0x1a,
    0x0, 0x7f, 0xf0, 0xbc, 0x3, 0xff, 0x84, 0x86,
    0x1, 0xff, 0xc2, 0x80, 0xf, 0xfe, 0x12, 0x10,
    0x4,

    /* U+00D2 "Ò" */
    0x0, 0x9f, 0xfe, 0x50, 0xf, 0xf9, 0xdc, 0x0,
    0xb1, 0x0, 0xff, 0xa1, 0x80, 0x6c, 0x3, 0xff,
    0x81, 0x2c, 0xa, 0x80, 0x1f, 0xfc, 0x9, 0xff,
    0x20, 0x7, 0xff, 0x38, 0xe7, 0xbf, 0xdb, 0x24,
    0x1, 0xf4, 0x63, 0x8, 0x0, 0x9b, 0x5c, 0x3,
    0xa1, 0xc0, 0x3f, 0x43, 0x80, 0x46, 0xe0, 0x2,
    0xbf, 0xf5, 0x8, 0x2, 0xc, 0x1, 0xe0, 0x1,
    0xc4, 0x0, 0x2e, 0x0, 0x50, 0x4, 0x60, 0x9,
    0x10, 0xc, 0x4e, 0x0, 0x41, 0x40, 0x9, 0x40,
    0x3d, 0x60, 0x12, 0x78, 0x4, 0x40, 0x1e, 0x30,
    0xb, 0x4c, 0x0, 0x20, 0x1f, 0xf0, 0x80, 0x7f,
    0xf0, 0x4, 0x0, 0x60, 0x1f, 0xfe, 0x1, 0x0,
    0x19, 0x0, 0x4, 0x3, 0xfe, 0x1e, 0x0, 0x88,
    0x3, 0xc6, 0x1, 0x6a, 0x0, 0x4a, 0x1, 0xeb,
    0x0, 0x90, 0x90, 0x1, 0x22, 0x1, 0x89, 0xc0,
    0x8, 0x21, 0x0, 0x1, 0xc3, 0x0, 0x26, 0x0,
    0x50, 0x0, 0x37, 0x0, 0x16, 0x7f, 0xac, 0x40,
    0x10, 0x60, 0x14, 0x38, 0x7, 0xe8, 0x70, 0xe,
    0x8c, 0x62, 0x0, 0x13, 0xeb, 0x80, 0x40,

    /* U+00D3 "Ó" */
    0x0, 0xfc, 0x3d, 0xfe, 0xc0, 0xf, 0xfa, 0x84,
    0xf, 0x0, 0x3f, 0xcc, 0x80, 0x78, 0x1, 0xfe,
    0x19, 0x3, 0xc0, 0xf, 0xf8, 0x7f, 0xd8, 0x1,
    0xff, 0xce, 0x39, 0xef, 0xf6, 0xc9, 0x0, 0x7d,
    0x18, 0xc2, 0x0, 0x26, 0xd7, 0x0, 0xe8, 0x70,
    0xf, 0xd0, 0xe0, 0x11, 0xb8, 0x0, 0xaf, 0xfd,
    0x42, 0x0, 0x83, 0x0, 0x78, 0x0, 0x71, 0x0,
    0xb, 0x80, 0x14, 0x1, 0x18, 0x2, 0x44, 0x3,
    0x13, 0x80, 0x10, 0x50, 0x2, 0x50, 0xf, 0x58,
    0x4, 0x9e, 0x1, 0x10, 0x7, 0x8c, 0x2, 0xd3,
    0x0, 0x8, 0x7, 0xfc, 0x20, 0x1f, 0xfc, 0x1,
    0x0, 0x18, 0x7, 0xff, 0x80, 0x40, 0x6, 0x40,
    0x1, 0x0, 0xff, 0x87, 0x80, 0x22, 0x0, 0xf1,
    0x80, 0x5a, 0x80, 0x12, 0x80, 0x7a, 0xc0, 0x24,
    0x24, 0x0, 0x48, 0x80, 0x62, 0x70, 0x2, 0x8,
    0x40, 0x0, 0x70, 0xc0, 0x9, 0x80, 0x14, 0x0,
    0xd, 0xc0, 0x5, 0x9f, 0xeb, 0x10, 0x4, 0x18,
    0x5, 0xe, 0x1, 0xfa, 0x1c, 0x3, 0xa3, 0x18,
    0x80, 0x4, 0xfa, 0xe0, 0x10,

    /* U+00D4 "Ô" */
    0x0, 0xf0, 0xbc, 0x18, 0x7, 0xfc, 0x9f, 0xf,
    0x8e, 0x1, 0xfc, 0xf6, 0x28, 0xe1, 0x14, 0x1,
    0xf4, 0xc0, 0x3d, 0xc5, 0x2, 0xe8, 0x80, 0x74,
    0xff, 0xa0, 0x0, 0xbf, 0xed, 0x10, 0xf, 0xfe,
    0xd1, 0xcf, 0x7f, 0xb6, 0x48, 0x3, 0xe8, 0xc6,
    0x10, 0x1, 0x36, 0xb8, 0x7, 0x43, 0x80, 0x7e,
    0x87, 0x0, 0x8d, 0xc0, 0x5, 0x7f, 0xea, 0x10,
    0x4, 0x18, 0x3, 0xc0, 0x3, 0x88, 0x0, 0x5c,
    0x0, 0xa0, 0x8, 0xc0, 0x12, 0x20, 0x18, 0x9c,
    0x0, 0x82, 0x80, 0x12, 0x80, 0x7a, 0xc0, 0x24,
    0xf0, 0x8, 0x80, 0x3c, 0x60, 0x16, 0x98, 0x0,
    0x40, 0x3f, 0xe1, 0x0, 0xff, 0xe0, 0x8, 0x0,
    0xc0, 0x3f, 0xfc, 0x2, 0x0, 0x32, 0x0, 0x8,
    0x7, 0xfc, 0x3c, 0x1, 0x10, 0x7, 0x8c, 0x2,
    0xd4, 0x0, 0x94, 0x3, 0xd6, 0x1, 0x21, 0x20,
    0x2, 0x44, 0x3, 0x13, 0x80, 0x10, 0x42, 0x0,
    0x3, 0x86, 0x0, 0x4c, 0x0, 0xa0, 0x0, 0x6e,
    0x0, 0x2c, 0xff, 0x58, 0x80, 0x20, 0xc0, 0x28,
    0x70, 0xf, 0xd0, 0xe0, 0x1d, 0x18, 0xc4, 0x0,
    0x27, 0xd7, 0x0, 0x80,

    /* U+00D5 "Õ" */
    0x0, 0xff, 0x84, 0x3, 0xf3, 0xf7, 0x20, 0x2,
    0x8e, 0x30, 0xe, 0x68, 0x11, 0x3f, 0x3b, 0x98,
    0x44, 0x1, 0xd0, 0x8, 0xe4, 0x31, 0x0, 0x42,
    0x0, 0xf0, 0xdc, 0x6c, 0x8, 0x2d, 0x80, 0x7b,
    0xbc, 0x2, 0x7e, 0xfa, 0x0, 0xfc, 0x20, 0x1f,
    0xfd, 0x33, 0x9e, 0xff, 0x6c, 0x90, 0x7, 0xd1,
    0x8c, 0x20, 0x2, 0x6d, 0x70, 0xe, 0x87, 0x0,
    0xfd, 0xe, 0x1, 0x1b, 0x80, 0xa, 0xff, 0xd4,
    0x20, 0x8, 0x30, 0x7, 0x80, 0x7, 0x10, 0x0,
    0xb8, 0x1, 0x40, 0x11, 0x80, 0x24, 0x40, 0x31,
    0x38, 0x1, 0x5, 0x0, 0x25, 0x0, 0xf5, 0x80,
    0x49, 0xe0, 0x11, 0x0, 0x78, 0xc0, 0x2d, 0x30,
    0x0, 0x80, 0x7f, 0xc2, 0x1, 0xff, 0xc0, 0x10,
    0x1, 0x80, 0x7f, 0xf8, 0x4, 0x0, 0x64, 0x0,
    0x10, 0xf, 0xf8, 0x78, 0x2, 0x20, 0xf, 0x18,
    0x5, 0xa8, 0x1, 0x28, 0x7, 0xac, 0x2, 0x42,
    0x40, 0x4, 0x88, 0x6, 0x27, 0x0, 0x20, 0x84,
    0x0, 0x7, 0xc, 0x0, 0x98, 0x1, 0x40, 0x0,
    0xdc, 0x0, 0x59, 0xfe, 0xb1, 0x0, 0x41, 0x80,
    0x50, 0xe0, 0x1f, 0xa1, 0xc0, 0x3a, 0x31, 0x88,
    0x0, 0x4f, 0xae, 0x1, 0x0,

    /* U+00D6 "Ö" */
    0x0, 0x85, 0x4c, 0x3, 0x12, 0x88, 0x7, 0xbe,
    0xb1, 0x0, 0x5, 0xb5, 0xe2, 0x1, 0x84, 0x40,
    0x3, 0x0, 0x38, 0x0, 0x48, 0x3, 0xb, 0x1,
    0x30, 0x1, 0xc, 0x14, 0xc0, 0x3a, 0x7f, 0x44,
    0x0, 0x39, 0xf4, 0x1, 0xff, 0xdb, 0x39, 0xef,
    0xf6, 0xc9, 0x0, 0x7d, 0x18, 0xc2, 0x0, 0x26,
    0xd7, 0x0, 0xe8, 0x70, 0xf, 0xd0, 0xe0, 0x11,
    0xb8, 0x0, 0xaf, 0xfd, 0x42, 0x0, 0x83, 0x0,
    0x78, 0x0, 0x71, 0x0, 0xb, 0x80, 0x14, 0x1,
    0x18, 0x2, 0x44, 0x3, 0x13, 0x80, 0x10, 0x50,
    0x2, 0x50, 0xf, 0x58, 0x4, 0x9e, 0x1, 0x10,
    0x7, 0x8c, 0x2, 0xd3, 0x0, 0x8, 0x7, 0xfc,
    0x20, 0x1f, 0xfc, 0x1, 0x0, 0x18, 0x7, 0xff,
    0x80, 0x40, 0x6, 0x40, 0x1, 0x0, 0xff, 0x87,
    0x80, 0x22, 0x0, 0xf1, 0x80, 0x5a, 0x80, 0x12,
    0x80, 0x7a, 0xc0, 0x24, 0x24, 0x0, 0x48, 0x80,
    0x62, 0x70, 0x2, 0x8, 0x40, 0x0, 0x70, 0xc0,
    0x9, 0x80, 0x14, 0x0, 0xd, 0xc0, 0x5, 0x9f,
    0xeb, 0x10, 0x4, 0x18, 0x5, 0xe, 0x1, 0xfa,
    0x1c, 0x3, 0xa3, 0x18, 0x80, 0x4, 0xfa, 0xe0,
    0x10,

    /* U+00D7 "×" */
    0x0, 0x30, 0x7, 0xe4, 0x20, 0xa, 0x65, 0x60,
    0x1e, 0x4b, 0xc2, 0x4, 0x60, 0x4b, 0x0, 0xc9,
    0x60, 0x3c, 0x8, 0xe0, 0x4, 0xb0, 0x2, 0x58,
    0x0, 0xb4, 0x1, 0xe, 0x0, 0x4b, 0x4b, 0x0,
    0x16, 0x8, 0x5, 0xe, 0x0, 0x4b, 0x0, 0xf,
    0x88, 0x7, 0x43, 0x80, 0x61, 0xc2, 0x0, 0xfb,
    0x0, 0x32, 0x90, 0x7, 0xc9, 0x60, 0x19, 0x28,
    0x3, 0xc7, 0x60, 0x1, 0x50, 0x2, 0xd0, 0x6,
    0x3c, 0x0, 0xe, 0x53, 0x0, 0x16, 0x80, 0x7,
    0x80, 0x1, 0xc2, 0x9, 0x60, 0x2, 0xd0, 0x11,
    0x0, 0x70, 0x80, 0x29, 0x60, 0x6, 0x0, 0xe2,
    0x61, 0x0, 0x74, 0xb4, 0xb0, 0x0,

    /* U+00D8 "Ø" */
    0x0, 0xff, 0xe1, 0x6f, 0xc8, 0x7, 0x1d, 0x77,
    0xfb, 0x60, 0x50, 0x82, 0x0, 0x34, 0x62, 0x88,
    0x0, 0x9f, 0xa4, 0x18, 0x40, 0x29, 0x70, 0xf,
    0xc4, 0x10, 0x1, 0x23, 0x0, 0xb, 0x3f, 0xd4,
    0x20, 0x11, 0x80, 0x50, 0x0, 0x1c, 0x30, 0x2,
    0xb8, 0x5, 0x0, 0x2, 0x30, 0x4, 0x88, 0x4,
    0x6c, 0x1, 0x28, 0x82, 0x0, 0x4a, 0x1, 0xbc,
    0x8, 0x2, 0x40, 0xf0, 0x8, 0x80, 0x26, 0x30,
    0xf0, 0xb, 0x40, 0xc0, 0x2, 0x1, 0xc, 0x4,
    0x90, 0x4, 0x20, 0x20, 0x3, 0x0, 0xa0, 0x4d,
    0x80, 0x40, 0x6, 0x1, 0xf1, 0xb0, 0x78, 0x7,
    0xff, 0x7, 0x81, 0x8c, 0x3, 0xe1, 0x0, 0x18,
    0x39, 0xc, 0x0, 0x42, 0x0, 0x30, 0x30, 0x0,
    0x94, 0x4, 0x8, 0x7, 0x84, 0x3c, 0x2, 0xf0,
    0x36, 0x0, 0x8c, 0x2, 0xd0, 0x70, 0x8, 0x83,
    0x80, 0x35, 0x80, 0x48, 0x2, 0x80, 0x13, 0x90,
    0x4, 0x4e, 0x0, 0x41, 0x0, 0x40, 0x4, 0xa6,
    0x0, 0x4c, 0x0, 0xa0, 0x2, 0x20, 0x8, 0xb3,
    0xfd, 0x62, 0x0, 0x83, 0x0, 0xac, 0x4, 0x3,
    0xf4, 0x38, 0x4, 0x8a, 0x19, 0xac, 0x20, 0x2,
    0x6d, 0x70, 0xd, 0x20, 0xc4, 0x49, 0xef, 0xf6,
    0xc9, 0x0, 0x60,

    /* U+00D9 "Ù" */
    0x0, 0x93, 0xfe, 0x80, 0xf, 0xf9, 0x28, 0x0,
    0xe6, 0x1, 0xff, 0x2c, 0x80, 0x38, 0x3, 0xff,
    0x80, 0xd0, 0x4, 0xe0, 0x1f, 0xfc, 0x7, 0xff,
    0x38, 0x7, 0xff, 0x2f, 0xfe, 0x60, 0xf, 0x37,
    0xfc, 0x20, 0x1f, 0xfe, 0x41, 0x0, 0x84, 0x3,
    0xc2, 0x1, 0xff, 0xff, 0x0, 0xff, 0xfe, 0x88,
    0x5, 0xe0, 0x1e, 0xf0, 0x8, 0x40, 0x40, 0x6,
    0x1, 0xe3, 0x0, 0x8, 0x1, 0x0, 0x8, 0x20,
    0x18, 0x90, 0x0, 0x80, 0x9, 0x0, 0xb0, 0x80,
    0x7, 0xe0, 0x14, 0x80, 0xd, 0x80, 0x5, 0xbd,
    0xcc, 0x20, 0x3, 0x18, 0x5, 0x2c, 0x1, 0x8,
    0x80, 0x26, 0x90, 0xe, 0x9c, 0x52, 0x0, 0x13,
    0x64, 0x80, 0x40,

    /* U+00DA "Ú" */
    0x0, 0xfe, 0x58, 0x88, 0x80, 0x3f, 0xc5, 0x4e,
    0xe0, 0x20, 0xf, 0xf7, 0x0, 0x1e, 0x0, 0x3f,
    0xce, 0x60, 0xf0, 0x1, 0xff, 0xc0, 0x79, 0x80,
    0xf, 0xfe, 0x3, 0xc3, 0x0, 0x7d, 0xff, 0x30,
    0x7, 0x9b, 0xfe, 0x10, 0xf, 0xff, 0x20, 0x80,
    0x42, 0x1, 0xe1, 0x0, 0xff, 0xff, 0x80, 0x7f,
    0xff, 0x44, 0x2, 0xf0, 0xf, 0x78, 0x4, 0x20,
    0x20, 0x3, 0x0, 0xf1, 0x80, 0x4, 0x0, 0x80,
    0x4, 0x10, 0xc, 0x48, 0x0, 0x40, 0x4, 0x80,
    0x58, 0x40, 0x3, 0xf0, 0xa, 0x40, 0x6, 0xc0,
    0x2, 0xde, 0xe6, 0x10, 0x1, 0x8c, 0x2, 0x96,
    0x0, 0x84, 0x40, 0x13, 0x48, 0x7, 0x4e, 0x29,
    0x0, 0x9, 0xb2, 0x40, 0x20,

    /* U+00DB "Û" */
    0x0, 0xf9, 0xe1, 0x40, 0x3f, 0xf8, 0x17, 0xf,
    0x4e, 0x1, 0xfc, 0x38, 0x80, 0x81, 0x12, 0x1,
    0xf1, 0x61, 0x85, 0xd9, 0xc1, 0xac, 0x3, 0xce,
    0xaf, 0x88, 0x11, 0x4e, 0x66, 0x0, 0xe5, 0x88,
    0x18, 0x4, 0xb1, 0x3, 0x0, 0xff, 0xe3, 0xff,
    0xcc, 0x1, 0xe6, 0xff, 0x84, 0x3, 0xff, 0xc8,
    0x20, 0x10, 0x80, 0x78, 0x40, 0x3f, 0xff, 0xe0,
    0x1f, 0xff, 0xd1, 0x0, 0xbc, 0x3, 0xde, 0x1,
    0x8, 0x8, 0x0, 0xc0, 0x3c, 0x60, 0x1, 0x0,
    0x20, 0x1, 0x4, 0x3, 0x12, 0x0, 0x10, 0x1,
    0x20, 0x16, 0x10, 0x0, 0xfc, 0x2, 0x90, 0x1,
    0xb0, 0x0, 0xb7, 0xb9, 0x84, 0x0, 0x63, 0x0,
    0xa5, 0x80, 0x21, 0x10, 0x4, 0xd2, 0x1, 0xd3,
    0x8a, 0x40, 0x2, 0x6c, 0x90, 0x8,

    /* U+00DC "Ü" */
    0x0, 0x97, 0xb8, 0x80, 0x14, 0xfe, 0x8, 0x7,
    0x40, 0x8b, 0xc0, 0x4, 0xc0, 0x6c, 0x1, 0xce,
    0x0, 0x30, 0x1, 0x8, 0x0, 0xc0, 0x3a, 0xa9,
    0x70, 0x1, 0x7d, 0x62, 0x0, 0x79, 0x50, 0x3,
    0xa, 0x98, 0x7, 0xff, 0x23, 0xfe, 0x60, 0xf,
    0x37, 0xfc, 0x20, 0x1f, 0xfe, 0x41, 0x0, 0x84,
    0x3, 0xc2, 0x1, 0xff, 0xff, 0x0, 0xff, 0xfe,
    0x88, 0x5, 0xe0, 0x1e, 0xf0, 0x8, 0x40, 0x40,
    0x6, 0x1, 0xe3, 0x0, 0x8, 0x1, 0x0, 0x8,
    0x20, 0x18, 0x90, 0x0, 0x80, 0x9, 0x0, 0xb0,
    0x80, 0x7, 0xe0, 0x14, 0x80, 0xd, 0x80, 0x5,
    0xbd, 0xcc, 0x20, 0x3, 0x18, 0x5, 0x2c, 0x1,
    0x8, 0x80, 0x26, 0x90, 0xe, 0x9c, 0x52, 0x0,
    0x13, 0x64, 0x80, 0x40,

    /* U+00DD "Ý" */
    0x0, 0xff, 0x33, 0xbc, 0x1, 0xff, 0xc1, 0x69,
    0x88, 0x10, 0x7, 0xff, 0x0, 0x64, 0x1, 0x4a,
    0x1, 0xff, 0xc0, 0xa0, 0x5, 0x28, 0x7, 0xff,
    0x0, 0x88, 0xd4, 0xa0, 0x1f, 0xfc, 0x12, 0x99,
    0x28, 0x7, 0xc3, 0xff, 0x60, 0x7, 0xeb, 0xff,
    0x8c, 0x58, 0x0, 0x66, 0x0, 0xf1, 0x20, 0x1,
    0xc, 0x2c, 0x2, 0x80, 0xf, 0x58, 0x5, 0x0,
    0x2, 0x60, 0x2, 0x10, 0x6, 0x16, 0x0, 0x21,
    0x80, 0x56, 0x1, 0x58, 0x6, 0x60, 0xa, 0x0,
    0x31, 0x28, 0x1, 0x80, 0x34, 0x80, 0x10, 0xc0,
    0x3a, 0x0, 0x27, 0x0, 0x28, 0x80, 0x20, 0x3,
    0xc4, 0xa0, 0x9, 0x0, 0x48, 0x1, 0xc, 0x3,
    0xe8, 0x0, 0xa, 0x99, 0x80, 0x10, 0x1, 0xf8,
    0x94, 0x1, 0x30, 0x0, 0x33, 0x0, 0x7f, 0x40,
    0x0, 0xd0, 0x1, 0x0, 0x1f, 0xe2, 0x50, 0xc,
    0x68, 0x1, 0xff, 0x40, 0x6, 0x80, 0xf, 0xfe,
    0x1, 0x18, 0x0, 0x90, 0x3, 0xff, 0x82, 0xe0,
    0x1, 0x0, 0xff, 0xff, 0x80, 0x7f, 0xf0, 0x9c,
    0x3, 0xff, 0x9a,

    /* U+00DE "Þ" */
    0xdf, 0xf5, 0x80, 0x7f, 0xfb, 0xd3, 0xff, 0x76,
    0x41, 0x0, 0x7f, 0xc2, 0x6f, 0xb0, 0x1, 0xe2,
    0x2c, 0x20, 0x13, 0xc0, 0x6, 0x4d, 0xdd, 0xd6,
    0x20, 0x7, 0x30, 0xf, 0xe4, 0xc0, 0xa, 0x80,
    0x3f, 0xc4, 0x60, 0x5, 0x0, 0xff, 0x98, 0x0,
    0x20, 0x1f, 0xf3, 0x80, 0x18, 0x3, 0xfc, 0x84,
    0x0, 0x30, 0xf, 0xc2, 0xf6, 0x1, 0x48, 0x4,
    0x9f, 0xfb, 0xa0, 0x2, 0x91, 0x0, 0xff, 0x86,
    0x98, 0x3, 0x88, 0xa3, 0x33, 0x57, 0x28, 0x7,
    0x26, 0xed, 0x98, 0x95, 0x0, 0xff, 0xf2, 0x80,

    /* U+00DF "ß" */
    0x0, 0x8a, 0x7b, 0xfd, 0x8e, 0x1, 0xf3, 0x6b,
    0x8, 0x0, 0xe3, 0x44, 0x3, 0x24, 0x80, 0x7c,
    0x54, 0x1, 0xa4, 0x2, 0x8e, 0xc1, 0x0, 0x21,
    0x0, 0xc, 0x80, 0x10, 0xe2, 0x70, 0x1, 0x38,
    0x1, 0x0, 0x26, 0x0, 0x94, 0x3, 0xde, 0x0,
    0x11, 0x0, 0x4c, 0x1, 0x30, 0x0, 0x40, 0x3e,
    0xe0, 0x1, 0x18, 0x7, 0xf1, 0xa0, 0x2, 0x0,
    0x3f, 0xd2, 0x0, 0x25, 0x0, 0xff, 0x38, 0x1,
    0xc0, 0x3f, 0xe1, 0x0, 0x38, 0x7, 0xfc, 0x80,
    0x2, 0x80, 0xf, 0xf4, 0x8, 0x1, 0xe0, 0x3,
    0xfd, 0x82, 0x0, 0x77, 0x0, 0x7f, 0x16, 0x8,
    0x2, 0x8, 0x3, 0xf8, 0xb4, 0x2, 0xb0, 0xf,
    0xf1, 0x98, 0x0, 0xa0, 0x1f, 0xfc, 0x83, 0x60,
    0x9, 0xc, 0x0, 0xa0, 0x1d, 0x73, 0xfb, 0xab,
    0x0, 0xa8, 0x3, 0x90, 0x0, 0x44, 0x0, 0xa0,
    0xc0, 0x3a, 0x90, 0x40, 0x2, 0xb6, 0xe0,

    /* U+00E0 "à" */
    0x0, 0xab, 0xfe, 0x20, 0xf, 0xf5, 0x20, 0x3,
    0x80, 0x3f, 0xeb, 0x30, 0x36, 0x0, 0xff, 0xb0,
    0xc2, 0x4, 0x3, 0xfe, 0xcf, 0xe1, 0x0, 0xff,
    0xe6, 0x35, 0xf7, 0xfb, 0x64, 0xc0, 0x38, 0xfa,
    0x50, 0x40, 0x4, 0xd9, 0x20, 0x10, 0xe8, 0x80,
    0xd, 0x50, 0x2, 0x68, 0x0, 0x48, 0x80, 0x2f,
    0x2a, 0xf8, 0xc0, 0xe, 0x21, 0xcc, 0xc8, 0x40,
    0x8, 0x7c, 0x2, 0x50, 0x69, 0x93, 0x80, 0x70,
    0x80, 0x42, 0x1, 0xb, 0xdf, 0x7f, 0xda, 0x1,
    0xe5, 0xe8, 0x41, 0x0, 0xfe, 0x4a, 0x0, 0x14,
    0x5e, 0x62, 0xc0, 0x3a, 0x0, 0x5, 0xae, 0x86,
    0x66, 0x0, 0xe3, 0x0, 0x50, 0x7, 0xff, 0xb,
    0xc0, 0x39, 0xc0, 0x38, 0x40, 0xc, 0x60, 0x13,
    0xd0, 0x7, 0x48, 0x0, 0x73, 0x75, 0xf0, 0x1,
    0x8c, 0x1d, 0x40, 0x22, 0x20, 0x1, 0x40, 0x2f,
    0x0, 0x55, 0x10, 0x40, 0x52, 0xe8, 0xc0, 0x8,

    /* U+00E1 "á" */
    0x0, 0xfc, 0x7f, 0xf4, 0x80, 0x7f, 0xb8, 0x0,
    0xd2, 0x1, 0xfd, 0x4, 0xb, 0x20, 0x1f, 0xc6,
    0xe0, 0xb4, 0x1, 0xfe, 0x2e, 0xe5, 0x0, 0x7f,
    0xc2, 0x30, 0x7, 0xf9, 0xaf, 0xbf, 0xdb, 0x26,
    0x1, 0xc7, 0xd2, 0x82, 0x0, 0x26, 0xc9, 0x0,
    0x87, 0x44, 0x0, 0x6a, 0x80, 0x13, 0x40, 0x2,
    0x44, 0x1, 0x79, 0x57, 0xc6, 0x0, 0x71, 0xe,
    0x66, 0x42, 0x0, 0x43, 0xe0, 0x12, 0x83, 0x4c,
    0x9c, 0x3, 0x84, 0x2, 0x10, 0x8, 0x5e, 0xfb,
    0xfe, 0xd0, 0xf, 0x2f, 0x42, 0x8, 0x7, 0xf2,
    0x50, 0x0, 0xa2, 0xf3, 0x16, 0x1, 0xd0, 0x0,
    0x2d, 0x74, 0x33, 0x30, 0x7, 0x18, 0x2, 0x80,
    0x3f, 0xf8, 0x5e, 0x1, 0xce, 0x1, 0xc2, 0x0,
    0x63, 0x0, 0x9e, 0x80, 0x3a, 0x40, 0x3, 0x9b,
    0xaf, 0x80, 0xc, 0x60, 0xea, 0x1, 0x11, 0x0,
    0xa, 0x1, 0x78, 0x2, 0xa8, 0x82, 0x2, 0x97,
    0x46, 0x0, 0x40,

    /* U+00E2 "â" */
    0x0, 0xf5, 0x7f, 0xa0, 0x3, 0xf8, 0x75, 0x40,
    0xf, 0x62, 0x1, 0xe3, 0xf2, 0x1d, 0xb0, 0x4c,
    0x20, 0xe, 0x94, 0x6f, 0x24, 0xd5, 0x7b, 0x0,
    0xea, 0xa4, 0x88, 0x0, 0xaa, 0x92, 0x1, 0xff,
    0xc9, 0x6b, 0xef, 0xf6, 0xc9, 0x80, 0x71, 0xf4,
    0xa0, 0x80, 0x9, 0xb2, 0x40, 0x21, 0xd1, 0x0,
    0x1a, 0xa0, 0x4, 0xd0, 0x0, 0x91, 0x0, 0x5e,
    0x55, 0xf1, 0x80, 0x1c, 0x43, 0x99, 0x90, 0x80,
    0x10, 0xf8, 0x4, 0xa0, 0xd3, 0x27, 0x0, 0xe1,
    0x0, 0x84, 0x2, 0x17, 0xbe, 0xff, 0xb4, 0x3,
    0xcb, 0xd0, 0x82, 0x1, 0xfc, 0x94, 0x0, 0x28,
    0xbc, 0xc5, 0x80, 0x74, 0x0, 0xb, 0x5d, 0xc,
    0xcc, 0x1, 0xc6, 0x0, 0xa0, 0xf, 0xfe, 0x17,
    0x80, 0x73, 0x80, 0x70, 0x80, 0x18, 0xc0, 0x27,
    0xa0, 0xe, 0x90, 0x0, 0xe6, 0xeb, 0xe0, 0x3,
    0x18, 0x3a, 0x80, 0x44, 0x40, 0x2, 0x80, 0x5e,
    0x0, 0xaa, 0x20, 0x80, 0xa5, 0xd1, 0x80, 0x10,

    /* U+00E3 "ã" */
    0x0, 0xff, 0xe3, 0xcf, 0xea, 0x0, 0x59, 0xa0,
    0x1d, 0x2c, 0x5, 0x70, 0x28, 0x64, 0x1, 0x85,
    0x81, 0x58, 0x1f, 0xac, 0x18, 0x3, 0x28, 0x25,
    0x4e, 0x98, 0x0, 0xa0, 0x3, 0x25, 0xf8, 0x0,
    0xb2, 0xed, 0xa2, 0x1, 0xc8, 0x80, 0xc, 0x88,
    0x0, 0xff, 0xe5, 0xb5, 0xf7, 0xfb, 0x64, 0xc0,
    0x38, 0xfa, 0x50, 0x40, 0x4, 0xd9, 0x20, 0x10,
    0xe8, 0x80, 0xd, 0x50, 0x2, 0x68, 0x0, 0x48,
    0x80, 0x2f, 0x2a, 0xf8, 0xc0, 0xe, 0x21, 0xcc,
    0xc8, 0x40, 0x8, 0x7c, 0x2, 0x50, 0x69, 0x93,
    0x80, 0x70, 0x80, 0x42, 0x1, 0xb, 0xdf, 0x7f,
    0xda, 0x1, 0xe5, 0xe8, 0x41, 0x0, 0xfe, 0x4a,
    0x0, 0x14, 0x5e, 0x62, 0xc0, 0x3a, 0x0, 0x5,
    0xae, 0x86, 0x66, 0x0, 0xe3, 0x0, 0x50, 0x7,
    0xff, 0xb, 0xc0, 0x39, 0xc0, 0x38, 0x40, 0xc,
    0x60, 0x13, 0xd0, 0x7, 0x48, 0x0, 0x73, 0x75,
    0xf0, 0x1, 0x8c, 0x1d, 0x40, 0x22, 0x20, 0x1,
    0x40, 0x2f, 0x0, 0x55, 0x10, 0x40, 0x52, 0xe8,
    0xc0, 0x8,

    /* U+00E4 "ä" */
    0x0, 0xaf, 0xec, 0x2, 0x2d, 0xf7, 0x0, 0xc8,
    0x80, 0x44, 0x0, 0x2c, 0x82, 0x0, 0x33, 0x0,
    0x4c, 0x0, 0xc0, 0x1, 0x80, 0x62, 0xda, 0xd2,
    0x0, 0x2e, 0x56, 0x0, 0x71, 0x29, 0x0, 0x63,
    0x50, 0xf, 0xfe, 0x53, 0x5f, 0x7f, 0xb6, 0x4c,
    0x3, 0x8f, 0xa5, 0x4, 0x0, 0x4d, 0x92, 0x1,
    0xe, 0x88, 0x0, 0xd5, 0x0, 0x26, 0x80, 0x4,
    0x88, 0x2, 0xf2, 0xaf, 0x8c, 0x0, 0xe2, 0x1c,
    0xcc, 0x84, 0x0, 0x87, 0xc0, 0x25, 0x6, 0x99,
    0x38, 0x7, 0x8, 0x4, 0x20, 0x10, 0xbd, 0xf7,
    0xfd, 0xa0, 0x1e, 0x5e, 0x84, 0x10, 0xf, 0xe4,
    0xa0, 0x1, 0x45, 0xe6, 0x2c, 0x3, 0xa0, 0x0,
    0x5a, 0xe8, 0x66, 0x60, 0xe, 0x30, 0x5, 0x0,
    0x7f, 0xf0, 0xbc, 0x3, 0x9c, 0x3, 0x84, 0x0,
    0xc6, 0x1, 0x3d, 0x0, 0x74, 0x80, 0x7, 0x37,
    0x5f, 0x0, 0x18, 0xc1, 0xd4, 0x2, 0x22, 0x0,
    0x14, 0x2, 0xf0, 0x5, 0x51, 0x4, 0x5, 0x2e,
    0x8c, 0x0, 0x80,

    /* U+00E5 "å" */
    0x0, 0xff, 0xe4, 0xd, 0xff, 0xa4, 0x3, 0xfd,
    0x49, 0x30, 0xd0, 0x1, 0xf8, 0x51, 0xd9, 0xd1,
    0x40, 0x3f, 0xde, 0x0, 0x13, 0x0, 0xfc, 0x25,
    0x24, 0x8a, 0x80, 0x1f, 0xde, 0x1b, 0x67, 0x60,
    0x1f, 0xc5, 0xd9, 0x90, 0x80, 0x7f, 0xc6, 0x60,
    0xf, 0xf3, 0x5f, 0x7f, 0xb6, 0x4c, 0x3, 0x8f,
    0xa5, 0x4, 0x0, 0x4d, 0x92, 0x1, 0xe, 0x88,
    0x0, 0xd5, 0x0, 0x26, 0x80, 0x4, 0x88, 0x2,
    0xf2, 0xaf, 0x8c, 0x0, 0xe2, 0x1c, 0xcc, 0x84,
    0x0, 0x87, 0xc0, 0x25, 0x6, 0x99, 0x38, 0x7,
    0x8, 0x4, 0x20, 0x10, 0xbd, 0xf7, 0xfd, 0xa0,
    0x1e, 0x5e, 0x84, 0x10, 0xf, 0xe4, 0xa0, 0x1,
    0x45, 0xe6, 0x2c, 0x3, 0xa0, 0x0, 0x5a, 0xe8,
    0x66, 0x60, 0xe, 0x30, 0x5, 0x0, 0x7f, 0xf0,
    0xbc, 0x3, 0x9c, 0x3, 0x84, 0x0, 0xc6, 0x1,
    0x3d, 0x0, 0x74, 0x80, 0x7, 0x37, 0x5f, 0x0,
    0x18, 0xc1, 0xd4, 0x2, 0x22, 0x0, 0x14, 0x2,
    0xf0, 0x5, 0x51, 0x4, 0x5, 0x2e, 0x8c, 0x0,
    0x80,

    /* U+00E6 "æ" */
    0x0, 0xc, 0x6f, 0xfb, 0x14, 0x23, 0x7f, 0xa8,
    0x80, 0x21, 0xf7, 0x20, 0x1, 0xd7, 0x39, 0x0,
    0xae, 0x98, 0x2, 0x4, 0x0, 0x22, 0x0, 0x8,
    0x0, 0x80, 0x2e, 0x0, 0x38, 0x1, 0xbb, 0x84,
    0x1, 0x6e, 0xb0, 0x0, 0x46, 0xc, 0xee, 0xb0,
    0x3, 0x80, 0x14, 0x80, 0xc8, 0x0, 0xa1, 0x11,
    0x10, 0x0, 0xc0, 0x4, 0x1, 0x8, 0x0, 0x40,
    0x31, 0xb3, 0xa8, 0x1, 0x1d, 0xe2, 0x0, 0xe5,
    0xdc, 0x98, 0x30, 0x1, 0xc4, 0x42, 0x1, 0x9a,
    0x88, 0x3, 0xff, 0x87, 0x0, 0x15, 0x7b, 0x0,
    0x1f, 0xff, 0xce, 0x82, 0x0, 0xa5, 0x0, 0xc2,
    0x1, 0xf0, 0x80, 0x4e, 0x1, 0xc4, 0x1, 0xf0,
    0x80, 0x4a, 0x0, 0x30, 0x2, 0x30, 0x4, 0x68,
    0x8, 0x1, 0x46, 0xf2, 0x80, 0x53, 0xd9, 0xd9,
    0xe0, 0x9, 0x0, 0x88, 0x42, 0xc, 0x0, 0x26,
    0x20, 0x80, 0x6, 0xb3, 0x0, 0x1d, 0x3e, 0x39,
    0x0, 0x9, 0xb0, 0x0,

    /* U+00E7 "ç" */
    0x0, 0xc5, 0x1b, 0xfe, 0xea, 0x40, 0xf, 0x3e,
    0xb9, 0x0, 0x5, 0x6e, 0xc0, 0x19, 0xe0, 0x2,
    0x12, 0x0, 0x92, 0xc0, 0x5, 0x0, 0x2, 0xce,
    0xde, 0x50, 0x2, 0x28, 0x58, 0x5, 0xe6, 0x0,
    0x1a, 0x20, 0x7, 0x82, 0x0, 0x10, 0x80, 0x3a,
    0x88, 0x80, 0x2, 0x0, 0x60, 0x7, 0x9f, 0x75,
    0x42, 0x1, 0x8, 0x7, 0xff, 0x34, 0x40, 0x21,
    0x0, 0xff, 0x88, 0x1, 0xa0, 0x1e, 0x36, 0x62,
    0x82, 0x80, 0x14, 0x80, 0x3a, 0x26, 0x5c, 0x14,
    0x1, 0x79, 0x0, 0x50, 0x80, 0xd, 0x2, 0x90,
    0x1, 0x6e, 0xb3, 0xdc, 0x0, 0x8c, 0x0, 0x69,
    0x0, 0x88, 0xc0, 0x25, 0xb0, 0xc, 0xda, 0xe4,
    0x0, 0x15, 0xca, 0x0, 0xf1, 0x44, 0x80, 0x16,
    0x4c, 0x3, 0xfc, 0xa0, 0x98, 0x60, 0x1f, 0xc9,
    0x54, 0x0, 0x58, 0x7, 0xf8, 0x7c, 0x1, 0xe0,
    0x1f, 0xc9, 0xca, 0x2, 0xc0, 0x1f, 0xce, 0x4,
    0xfe, 0x20, 0x10,

    /* U+00E8 "è" */
    0x0, 0xab, 0xfe, 0x20, 0xf, 0xfa, 0x90, 0x1,
    0xc0, 0x1f, 0xfc, 0xb, 0x40, 0x36, 0x0, 0xff,
    0xe0, 0x59, 0x84, 0x8, 0x7, 0xff, 0x3, 0x3f,
    0x84, 0x3, 0xff, 0x9c, 0x2f, 0x9f, 0xee, 0xb5,
    0x0, 0xf9, 0x3e, 0xc, 0x0, 0x29, 0x58, 0x20,
    0x19, 0x6c, 0x40, 0x2, 0x40, 0x11, 0xe8, 0x4,
    0x34, 0x0, 0x1c, 0xed, 0xf7, 0x0, 0x1b, 0x0,
    0x24, 0x2, 0xc3, 0x0, 0xa1, 0x40, 0x16, 0x0,
    0x60, 0x2, 0x90, 0x7, 0x70, 0x0, 0x84, 0x60,
    0x3, 0xdd, 0xfa, 0x0, 0x22, 0x20, 0x4, 0x48,
    0x9e, 0x30, 0x9, 0xc0, 0x3f, 0xf8, 0x82, 0x1,
    0x4f, 0xff, 0xf9, 0x8, 0x2, 0xd0, 0xf, 0xfe,
    0x2, 0x80, 0x11, 0x40, 0x3c, 0x4c, 0x1, 0x40,
    0x5, 0x4e, 0x1, 0x9b, 0x25, 0xc0, 0x5, 0x40,
    0x14, 0x7e, 0xeb, 0xe4, 0x43, 0x40, 0x25, 0xb1,
    0x0, 0x88, 0x80, 0x13, 0xd0, 0x6, 0x4e, 0x94,
    0x10, 0x1, 0x36, 0xc0, 0x0,

    /* U+00E9 "é" */
    0x0, 0xfc, 0x7f, 0xf4, 0x80, 0x7f, 0xdc, 0x0,
    0x69, 0x0, 0xff, 0x41, 0x2, 0xc8, 0x7, 0xf8,
    0xdc, 0x16, 0x80, 0x3f, 0xe3, 0xee, 0x50, 0x7,
    0xff, 0x4, 0x44, 0x1, 0xff, 0xb, 0xe7, 0xfb,
    0xad, 0x40, 0x3e, 0x4f, 0x83, 0x0, 0xa, 0x56,
    0x8, 0x6, 0x5b, 0x10, 0x0, 0x90, 0x4, 0x7a,
    0x1, 0xd, 0x0, 0x7, 0x3b, 0x7d, 0xc0, 0x6,
    0xc0, 0x9, 0x0, 0xb0, 0xc0, 0x28, 0x50, 0x5,
    0x80, 0x18, 0x0, 0xa4, 0x1, 0xdc, 0x0, 0x21,
    0x18, 0x0, 0xf7, 0x7e, 0x80, 0x8, 0x88, 0x1,
    0x12, 0x27, 0x8c, 0x2, 0x70, 0xf, 0xfe, 0x20,
    0x80, 0x53, 0xff, 0xfe, 0x42, 0x0, 0xb4, 0x3,
    0xff, 0x80, 0xa0, 0x4, 0x50, 0xf, 0x13, 0x0,
    0x50, 0x1, 0x53, 0x80, 0x66, 0xc9, 0x70, 0x1,
    0x50, 0x5, 0x1f, 0xba, 0xf9, 0x10, 0xd0, 0x9,
    0x6c, 0x40, 0x22, 0x20, 0x4, 0xf4, 0x1, 0x93,
    0xa5, 0x4, 0x0, 0x4d, 0xb0, 0x0,

    /* U+00EA "ê" */
    0x0, 0xf5, 0x7f, 0xa0, 0x3, 0xfc, 0x3a, 0xa0,
    0x7, 0xb1, 0x0, 0xf8, 0xfc, 0x87, 0x6c, 0x13,
    0x8, 0x3, 0xd4, 0x8d, 0xe4, 0x9a, 0xaf, 0x60,
    0x1e, 0x9a, 0x91, 0x0, 0x15, 0x52, 0x40, 0x3f,
    0xf9, 0x62, 0xf9, 0xfe, 0xeb, 0x50, 0xf, 0x93,
    0xe0, 0xc0, 0x2, 0x95, 0x82, 0x1, 0x96, 0xc4,
    0x0, 0x24, 0x1, 0x1e, 0x80, 0x43, 0x40, 0x1,
    0xce, 0xdf, 0x70, 0x1, 0xb0, 0x2, 0x40, 0x2c,
    0x30, 0xa, 0x14, 0x1, 0x60, 0x6, 0x0, 0x29,
    0x0, 0x77, 0x0, 0x8, 0x46, 0x0, 0x3d, 0xdf,
    0xa0, 0x2, 0x22, 0x0, 0x44, 0x89, 0xe3, 0x0,
    0x9c, 0x3, 0xff, 0x88, 0x20, 0x14, 0xff, 0xff,
    0x90, 0x80, 0x2d, 0x0, 0xff, 0xe0, 0x28, 0x1,
    0x14, 0x3, 0xc4, 0xc0, 0x14, 0x0, 0x54, 0xe0,
    0x19, 0xb2, 0x5c, 0x0, 0x54, 0x1, 0x47, 0xee,
    0xbe, 0x44, 0x34, 0x2, 0x5b, 0x10, 0x8, 0x88,
    0x1, 0x3d, 0x0, 0x64, 0xe9, 0x41, 0x0, 0x13,
    0x6c, 0x0, 0x0,

    /* U+00EB "ë" */
    0x0, 0xaf, 0xec, 0x2, 0x2d, 0xf7, 0x0, 0xe4,
    0x40, 0x22, 0x0, 0x16, 0x41, 0x0, 0x1c, 0xc0,
    0x13, 0x0, 0x30, 0x0, 0x60, 0x1c, 0x5b, 0x5a,
    0x40, 0x5, 0xca, 0xc0, 0xf, 0x12, 0x90, 0x6,
    0x35, 0x0, 0xff, 0xe6, 0xb, 0xe7, 0xfb, 0xad,
    0x40, 0x3e, 0x4f, 0x83, 0x0, 0xa, 0x56, 0x8,
    0x6, 0x5b, 0x10, 0x0, 0x90, 0x4, 0x7a, 0x1,
    0xd, 0x0, 0x7, 0x3b, 0x7d, 0xc0, 0x6, 0xc0,
    0x9, 0x0, 0xb0, 0xc0, 0x28, 0x50, 0x5, 0x80,
    0x18, 0x0, 0xa4, 0x1, 0xdc, 0x0, 0x21, 0x18,
    0x0, 0xf7, 0x7e, 0x80, 0x8, 0x88, 0x1, 0x12,
    0x27, 0x8c, 0x2, 0x70, 0xf, 0xfe, 0x20, 0x80,
    0x53, 0xff, 0xfe, 0x42, 0x0, 0xb4, 0x3, 0xff,
    0x80, 0xa0, 0x4, 0x50, 0xf, 0x13, 0x0, 0x50,
    0x1, 0x53, 0x80, 0x66, 0xc9, 0x70, 0x1, 0x50,
    0x5, 0x1f, 0xba, 0xf9, 0x10, 0xd0, 0x9, 0x6c,
    0x40, 0x22, 0x20, 0x4, 0xf4, 0x1, 0x93, 0xa5,
    0x4, 0x0, 0x4d, 0xb0, 0x0,

    /* U+00EC "ì" */
    0x0, 0xb3, 0xfd, 0xc2, 0x1, 0xfe, 0xd2, 0x1,
    0x80, 0xf, 0xf0, 0xe1, 0x3, 0x20, 0x7, 0xf8,
    0x70, 0x82, 0x40, 0x3f, 0xe1, 0xdf, 0xd0, 0xf,
    0xf, 0xff, 0xe7, 0x0, 0xff, 0xe4, 0x8, 0xf8,
    0x3, 0xfd, 0xdd, 0xc0, 0x1f, 0xff, 0xf0, 0xf,
    0xff, 0xd7, 0x77, 0x0, 0x53, 0xdd, 0x90, 0x47,
    0xc0, 0x10, 0x8f, 0x0, 0x7f, 0xf1, 0x0,

    /* U+00ED "í" */
    0x0, 0xfc, 0xff, 0xf3, 0x0, 0x7f, 0x1c, 0x0,
    0x2d, 0x80, 0x3f, 0xe, 0x80, 0xea, 0x0, 0x7f,
    0x2c, 0xc7, 0x90, 0x7, 0xf9, 0x1d, 0xc2, 0x1,
    0xc3, 0xff, 0xf9, 0xc0, 0x3f, 0xf9, 0x2, 0x3e,
    0x0, 0xff, 0x77, 0x70, 0x7, 0xff, 0xfc, 0x3,
    0xff, 0xf5, 0xdd, 0xc0, 0x14, 0xf7, 0x64, 0x11,
    0xf0, 0x4, 0x23, 0xc0, 0x1f, 0xfc, 0x40,

    /* U+00EE "î" */
    0x0, 0xe1, 0xcf, 0xf3, 0x0, 0x7f, 0x17, 0x98,
    0x2, 0x64, 0x1, 0xf2, 0x68, 0x97, 0x48, 0x36,
    0x8, 0x6, 0x1e, 0x46, 0xd1, 0x6b, 0x47, 0x90,
    0xc, 0x35, 0x72, 0x1, 0x25, 0xda, 0x0, 0x3f,
    0xf8, 0xa3, 0xff, 0xf9, 0xc0, 0x3f, 0xf9, 0x2,
    0x3e, 0x0, 0xff, 0x77, 0x70, 0x7, 0xff, 0xfc,
    0x3, 0xff, 0xf5, 0xdd, 0xc0, 0x14, 0xf7, 0x64,
    0x11, 0xf0, 0x4, 0x23, 0xc0, 0x1f, 0xfc, 0x40,

    /* U+00EF "ï" */
    0x0, 0xe, 0x7c, 0x80, 0x49, 0xdc, 0x50, 0xc,
    0xc6, 0xc, 0x20, 0xf, 0x11, 0x40, 0x6, 0x30,
    0x0, 0x88, 0x0, 0x60, 0x7, 0x0, 0xc9, 0x93,
    0xe0, 0x14, 0x55, 0x40, 0x1c, 0x6c, 0x20, 0x19,
    0x54, 0x1, 0xf, 0xff, 0xe7, 0x0, 0xff, 0xe4,
    0x8, 0xf8, 0x3, 0xfd, 0xdd, 0xc0, 0x1f, 0xff,
    0xf0, 0xf, 0xff, 0xd7, 0x77, 0x0, 0x53, 0xdd,
    0x90, 0x47, 0xc0, 0x10, 0x8f, 0x0, 0x7f, 0xf1,
    0x0,

    /* U+00F0 "ð" */
    0x0, 0xfa, 0xc, 0x3, 0xff, 0x82, 0xaf, 0x96,
    0x40, 0x35, 0xc2, 0x1, 0xee, 0x0, 0x26, 0xd7,
    0x28, 0x28, 0x7, 0xb8, 0xc0, 0x25, 0x7, 0xf4,
    0x0, 0xf2, 0xc8, 0x7, 0x60, 0x80, 0x78, 0xf2,
    0x80, 0xc0, 0x2a, 0x0, 0xfa, 0x4c, 0xaf, 0x20,
    0x0, 0x2e, 0x1, 0xea, 0x9d, 0x40, 0x72, 0x0,
    0x48, 0x7, 0x97, 0xea, 0x90, 0x56, 0x0, 0x13,
    0x0, 0x93, 0xa9, 0x95, 0x4f, 0xb8, 0x1, 0x58,
    0x1, 0xac, 0x40, 0x3c, 0xa0, 0x11, 0x81, 0x48,
    0x5, 0x3d, 0xfb, 0x24, 0x1, 0x30, 0x40, 0x5,
    0x6c, 0x20, 0x4d, 0xa6, 0x0, 0x30, 0x50, 0x2,
    0x20, 0x3, 0xca, 0x1, 0x10, 0x5, 0xa0, 0x1f,
    0xf0, 0x80, 0x44, 0x1, 0xf1, 0x80, 0xc, 0x40,
    0x21, 0x0, 0xf9, 0xc0, 0xe, 0x40, 0x16, 0x0,
    0x78, 0x88, 0x0, 0xc0, 0x40, 0x3, 0x10, 0x7,
    0x40, 0x4, 0xe1, 0x0, 0x16, 0x18, 0x0, 0x65,
    0x40, 0xe, 0x20, 0x70, 0x0, 0x1c, 0xed, 0xe6,
    0x0, 0x1c, 0x0, 0x4f, 0x0, 0x10, 0x90, 0x4,
    0xb8, 0x1, 0xcf, 0xae, 0x40, 0x1, 0x5b, 0xa0,
    0x8,

    /* U+00F1 "ñ" */
    0x0, 0x89, 0x94, 0x3, 0x3a, 0x80, 0x64, 0xd9,
    0xae, 0x60, 0x38, 0xa0, 0xd, 0x40, 0x10, 0xcf,
    0xe0, 0x28, 0x4, 0x82, 0x5d, 0xc8, 0x0, 0x8a,
    0xc0, 0x24, 0xa9, 0x11, 0x3f, 0xd5, 0x34, 0x40,
    0x32, 0xa0, 0x6, 0x55, 0x0, 0x7f, 0xf1, 0xaf,
    0xfc, 0xe0, 0x75, 0xdf, 0xd6, 0x80, 0x1d, 0xcf,
    0x8a, 0x20, 0x29, 0x6e, 0x1, 0x9e, 0x0, 0x44,
    0x1, 0xa0, 0x80, 0x21, 0x2c, 0xee, 0x7b, 0x80,
    0x56, 0x1, 0xe, 0x18, 0x5, 0x4, 0x0, 0x40,
    0x8, 0x84, 0x3, 0x90, 0x0, 0x60, 0x1f, 0xe1,
    0x0, 0x8, 0x7, 0xff, 0xfc, 0x3, 0xff, 0xce,

    /* U+00F2 "ò" */
    0x0, 0xa7, 0xfe, 0x40, 0xf, 0xfa, 0x58, 0x1,
    0x20, 0x1f, 0xfc, 0x9, 0x50, 0x28, 0x0, 0xff,
    0xe0, 0x52, 0x3, 0x98, 0x7, 0xff, 0x2, 0xff,
    0xc6, 0x1, 0xff, 0xce, 0x3a, 0xdf, 0xf6, 0xc9,
    0x80, 0x7d, 0x38, 0xa4, 0x0, 0x26, 0xc9, 0x0,
    0xe9, 0x60, 0x8, 0x88, 0x1, 0x34, 0x80, 0x48,
    0xc0, 0x3, 0xdd, 0xc6, 0x0, 0x64, 0x0, 0x40,
    0x0, 0x74, 0x80, 0x5, 0xa2, 0x0, 0x80, 0x13,
    0x0, 0x48, 0x80, 0x61, 0x60, 0x1, 0x8a, 0x80,
    0x48, 0x1, 0xec, 0x0, 0x94, 0x40, 0x21, 0x0,
    0xf3, 0x0, 0x42, 0x1, 0xff, 0xc4, 0x10, 0x8,
    0x40, 0x3c, 0xc0, 0x10, 0xa8, 0x4, 0x80, 0x1e,
    0xc0, 0x9, 0x44, 0xc0, 0x12, 0x1, 0xc2, 0xc0,
    0x3, 0x10, 0x80, 0x0, 0xe1, 0x0, 0xb, 0x44,
    0x1, 0x0, 0x4, 0x60, 0x1, 0xee, 0xe3, 0x0,
    0x32, 0x0, 0x52, 0xc0, 0x11, 0x10, 0x2, 0x69,
    0x0, 0xe9, 0xc6, 0x20, 0x1, 0x36, 0x48, 0x4,

    /* U+00F3 "ó" */
    0x0, 0xfc, 0x5f, 0xf5, 0x80, 0x7f, 0xd2, 0x0,
    0x4b, 0x0, 0xff, 0x32, 0x2, 0x58, 0x7, 0xf8,
    0x64, 0xe, 0xc0, 0x3f, 0xe1, 0xee, 0x60, 0x7,
    0xff, 0x4, 0x44, 0x1, 0xff, 0x1d, 0x6f, 0xfb,
    0x64, 0xc0, 0x3e, 0x9c, 0x52, 0x0, 0x13, 0x64,
    0x80, 0x74, 0xb0, 0x4, 0x44, 0x0, 0x9a, 0x40,
    0x24, 0x60, 0x1, 0xee, 0xe3, 0x0, 0x32, 0x0,
    0x20, 0x0, 0x3a, 0x40, 0x2, 0xd1, 0x0, 0x40,
    0x9, 0x80, 0x24, 0x40, 0x30, 0xb0, 0x0, 0xc5,
    0x40, 0x24, 0x0, 0xf6, 0x0, 0x4a, 0x20, 0x10,
    0x80, 0x79, 0x80, 0x21, 0x0, 0xff, 0xe2, 0x8,
    0x4, 0x20, 0x1e, 0x60, 0x8, 0x54, 0x2, 0x40,
    0xf, 0x60, 0x4, 0xa2, 0x60, 0x9, 0x0, 0xe1,
    0x60, 0x1, 0x88, 0x40, 0x0, 0x70, 0x80, 0x5,
    0xa2, 0x0, 0x80, 0x2, 0x30, 0x0, 0xf7, 0x71,
    0x80, 0x19, 0x0, 0x29, 0x60, 0x8, 0x88, 0x1,
    0x34, 0x80, 0x74, 0xe3, 0x10, 0x0, 0x9b, 0x24,
    0x2,

    /* U+00F4 "ô" */
    0x0, 0xf4, 0xff, 0xa8, 0x3, 0xfc, 0x36, 0xc0,
    0x5, 0xc1, 0x0, 0xf8, 0xb1, 0x2, 0xf0, 0x4f,
    0xcc, 0x3, 0xd6, 0xeb, 0xa8, 0x7e, 0xa9, 0x20,
    0x1e, 0x9a, 0xa1, 0x0, 0x6, 0xaa, 0x0, 0xff,
    0xe5, 0x9d, 0x6f, 0xfb, 0x64, 0xc0, 0x3e, 0x9c,
    0x52, 0x0, 0x13, 0x64, 0x80, 0x74, 0xb0, 0x4,
    0x44, 0x0, 0x9a, 0x40, 0x24, 0x60, 0x1, 0xee,
    0xe3, 0x0, 0x32, 0x0, 0x20, 0x0, 0x3a, 0x40,
    0x2, 0xd1, 0x0, 0x40, 0x9, 0x80, 0x24, 0x40,
    0x30, 0xb0, 0x0, 0xc5, 0x40, 0x24, 0x0, 0xf6,
    0x0, 0x4a, 0x20, 0x10, 0x80, 0x79, 0x80, 0x21,
    0x0, 0xff, 0xe2, 0x8, 0x4, 0x20, 0x1e, 0x60,
    0x8, 0x54, 0x2, 0x40, 0xf, 0x60, 0x4, 0xa2,
    0x60, 0x9, 0x0, 0xe1, 0x60, 0x1, 0x88, 0x40,
    0x0, 0x70, 0x80, 0x5, 0xa2, 0x0, 0x80, 0x2,
    0x30, 0x0, 0xf7, 0x71, 0x80, 0x19, 0x0, 0x29,
    0x60, 0x8, 0x88, 0x1, 0x34, 0x80, 0x74, 0xe3,
    0x10, 0x0, 0x9b, 0x24, 0x2,

    /* U+00F5 "õ" */
    0x0, 0xff, 0xe4, 0x47, 0xf3, 0x0, 0x55, 0xa4,
    0x1, 0xcc, 0xe0, 0x33, 0x42, 0x4a, 0x46, 0x1,
    0xd0, 0x8, 0xe2, 0xbd, 0xa0, 0x62, 0x1, 0x84,
    0x45, 0x71, 0xe8, 0x0, 0x1e, 0x0, 0xe1, 0xc8,
    0x0, 0xd, 0xda, 0xbc, 0x80, 0x3c, 0x6a, 0x1,
    0x91, 0x44, 0x3, 0xff, 0x98, 0x75, 0xbf, 0xed,
    0x93, 0x0, 0xfa, 0x71, 0x48, 0x0, 0x4d, 0x92,
    0x1, 0xd2, 0xc0, 0x11, 0x10, 0x2, 0x69, 0x0,
    0x91, 0x80, 0x7, 0xbb, 0x8c, 0x0, 0xc8, 0x0,
    0x80, 0x0, 0xe9, 0x0, 0xb, 0x44, 0x1, 0x0,
    0x26, 0x0, 0x91, 0x0, 0xc2, 0xc0, 0x3, 0x15,
    0x0, 0x90, 0x3, 0xd8, 0x1, 0x28, 0x80, 0x42,
    0x1, 0xe6, 0x0, 0x84, 0x3, 0xff, 0x88, 0x20,
    0x10, 0x80, 0x79, 0x80, 0x21, 0x50, 0x9, 0x0,
    0x3d, 0x80, 0x12, 0x89, 0x80, 0x24, 0x3, 0x85,
    0x80, 0x6, 0x21, 0x0, 0x1, 0xc2, 0x0, 0x16,
    0x88, 0x2, 0x0, 0x8, 0xc0, 0x3, 0xdd, 0xc6,
    0x0, 0x64, 0x0, 0xa5, 0x80, 0x22, 0x20, 0x4,
    0xd2, 0x1, 0xd3, 0x8c, 0x40, 0x2, 0x6c, 0x90,
    0x8,

    /* U+00F6 "ö" */
    0x0, 0xab, 0xf0, 0x40, 0x3, 0x9f, 0x20, 0x1c,
    0x4a, 0x6, 0xe0, 0x6, 0x30, 0x62, 0x0, 0xc4,
    0x20, 0x5, 0x0, 0x18, 0x0, 0x48, 0x3, 0xbe,
    0xb0, 0xc0, 0x9, 0x95, 0xe0, 0x1e, 0x15, 0x30,
    0xc, 0x6a, 0x20, 0x1f, 0xfc, 0xb3, 0xad, 0xff,
    0x6c, 0x98, 0x7, 0xd3, 0x8a, 0x40, 0x2, 0x6c,
    0x90, 0xe, 0x96, 0x0, 0x88, 0x80, 0x13, 0x48,
    0x4, 0x8c, 0x0, 0x3d, 0xdc, 0x60, 0x6, 0x40,
    0x4, 0x0, 0x7, 0x48, 0x0, 0x5a, 0x20, 0x8,
    0x1, 0x30, 0x4, 0x88, 0x6, 0x16, 0x0, 0x18,
    0xa8, 0x4, 0x80, 0x1e, 0xc0, 0x9, 0x44, 0x2,
    0x10, 0xf, 0x30, 0x4, 0x20, 0x1f, 0xfc, 0x41,
    0x0, 0x84, 0x3, 0xcc, 0x1, 0xa, 0x80, 0x48,
    0x1, 0xec, 0x0, 0x94, 0x4c, 0x1, 0x20, 0x1c,
    0x2c, 0x0, 0x31, 0x8, 0x0, 0xe, 0x10, 0x0,
    0xb4, 0x40, 0x10, 0x0, 0x46, 0x0, 0x1e, 0xee,
    0x30, 0x3, 0x20, 0x5, 0x2c, 0x1, 0x11, 0x0,
    0x26, 0x90, 0xe, 0x9c, 0x62, 0x0, 0x13, 0x64,
    0x80, 0x40,

    /* U+00F7 "÷" */
    0x0, 0xf1, 0x4c, 0x88, 0x3, 0xff, 0x81, 0xcc,
    0xcf, 0x0, 0xff, 0xe0, 0x10, 0x0, 0x80, 0x3f,
    0xf8, 0x16, 0x21, 0x20, 0x1f, 0xfc, 0x5, 0xef,
    0x60, 0xf, 0xfe, 0xd3, 0x7f, 0xff, 0xf0, 0x9c,
    0x3, 0xff, 0xa8, 0xdf, 0xff, 0xfc, 0x27, 0x0,
    0xff, 0xe5, 0x14, 0xc8, 0x80, 0x3f, 0xf8, 0x1c,
    0xcc, 0xf0, 0xf, 0xfe, 0x1, 0x0, 0xc, 0x3,
    0xff, 0x81, 0x62, 0x28, 0x0, 0xf0,

    /* U+00F8 "ø" */
    0x0, 0xff, 0x93, 0xf0, 0x3, 0xff, 0x83, 0xe1,
    0x20, 0x1e, 0x3a, 0xdf, 0xf6, 0xd2, 0xa, 0x80,
    0x74, 0xe2, 0x90, 0x0, 0x94, 0x14, 0x3, 0xa5,
    0x80, 0x22, 0x20, 0x4, 0x92, 0x1, 0x23, 0x0,
    0xf, 0x76, 0x50, 0x9, 0x90, 0x1, 0x0, 0x1,
    0xd2, 0x2, 0x51, 0x10, 0x3, 0xc0, 0x4c, 0x1,
    0x22, 0x0, 0x80, 0x96, 0x0, 0x20, 0xa8, 0x4,
    0x80, 0x2, 0x51, 0x7c, 0x0, 0x88, 0x40, 0x21,
    0x0, 0x40, 0x40, 0x30, 0x4, 0xc0, 0x1e, 0x35,
    0x16, 0x0, 0xf0, 0x80, 0x42, 0x10, 0x10, 0x0,
    0x60, 0x8, 0x54, 0x2, 0x43, 0x42, 0x60, 0x6,
    0x0, 0x4a, 0x26, 0x0, 0x98, 0x8, 0x0, 0xb,
    0x0, 0xc, 0x42, 0x0, 0x2, 0x84, 0xa0, 0x5a,
    0x20, 0x8, 0x0, 0x23, 0x0, 0x45, 0xbb, 0x18,
    0x1, 0x90, 0x2, 0x95, 0x0, 0x88, 0x80, 0x13,
    0x48, 0x7, 0x30, 0x21, 0x0, 0x9, 0xb2, 0x40,
    0x39, 0xc, 0xaf, 0x7f, 0xdb, 0x26, 0x1, 0xe1,
    0x7e, 0x0, 0xff, 0x80,

    /* U+00F9 "ù" */
    0x0, 0x47, 0xfc, 0x80, 0x1f, 0xd0, 0xc0, 0x9,
    0x0, 0xff, 0x4a, 0x81, 0x48, 0x7, 0xfa, 0x90,
    0x18, 0xc0, 0x3f, 0xd7, 0xfe, 0x30, 0xe, 0x9f,
    0xf7, 0x0, 0x7a, 0xff, 0xda, 0x1, 0xff, 0xff,
    0x0, 0xff, 0xf3, 0x88, 0x0, 0x40, 0x3f, 0xdc,
    0x1, 0x10, 0x7, 0x28, 0x4, 0x80, 0x14, 0x88,
    0x0, 0xf0, 0x40, 0x22, 0x40, 0x2, 0x77, 0x58,
    0x62, 0x1, 0xa8, 0x40, 0x21, 0x10, 0x34, 0x80,
    0x61, 0xf7, 0x20, 0x1, 0xd4, 0x88, 0x4,

    /* U+00FA "ú" */
    0x0, 0xf8, 0xff, 0xe9, 0x0, 0xfc, 0x3a, 0x0,
    0x89, 0x0, 0xfd, 0x42, 0x14, 0xe0, 0x1f, 0x8b,
    0x67, 0x14, 0x3, 0xf8, 0x99, 0x86, 0x1, 0xd3,
    0xfe, 0xe0, 0xf, 0x5f, 0xfb, 0x40, 0x3f, 0xff,
    0xe0, 0x1f, 0xfe, 0x71, 0x0, 0x8, 0x7, 0xfb,
    0x80, 0x22, 0x0, 0xe5, 0x0, 0x90, 0x2, 0x91,
    0x0, 0x1e, 0x8, 0x4, 0x48, 0x0, 0x4e, 0xeb,
    0xc, 0x40, 0x35, 0x8, 0x4, 0x22, 0x6, 0x90,
    0xc, 0x3e, 0xe4, 0x0, 0x3a, 0x91, 0x0, 0x80,

    /* U+00FB "û" */
    0x0, 0xe9, 0xff, 0x50, 0x7, 0xe1, 0xb6, 0x0,
    0x2e, 0x8, 0x7, 0x16, 0x20, 0x5e, 0x9, 0xf9,
    0x80, 0x6b, 0x75, 0xd4, 0x3f, 0x54, 0x90, 0xd,
    0x35, 0x42, 0x0, 0xd, 0x54, 0x1, 0xff, 0xc4,
    0x9f, 0xf7, 0x0, 0x7a, 0xff, 0xda, 0x1, 0xff,
    0xff, 0x0, 0xff, 0xf3, 0x88, 0x0, 0x40, 0x3f,
    0xdc, 0x1, 0x10, 0x7, 0x28, 0x4, 0x80, 0x14,
    0x88, 0x0, 0xf0, 0x40, 0x22, 0x40, 0x2, 0x77,
    0x58, 0x62, 0x1, 0xa8, 0x40, 0x21, 0x10, 0x34,
    0x80, 0x61, 0xf7, 0x20, 0x1, 0xd4, 0x88, 0x4,

    /* U+00FC "ü" */
    0x0, 0x4f, 0xe0, 0x80, 0x7, 0x3e, 0x40, 0x22,
    0x60, 0x37, 0x0, 0x39, 0x83, 0x10, 0x0, 0x84,
    0x0, 0xa0, 0x5, 0x0, 0x9, 0x0, 0x5f, 0x38,
    0x60, 0x3, 0xc9, 0xf0, 0xc, 0x2c, 0x60, 0x18,
    0xd8, 0x40, 0x13, 0xfe, 0xe0, 0xf, 0x5f, 0xfb,
    0x40, 0x3f, 0xff, 0xe0, 0x1f, 0xfe, 0x71, 0x0,
    0x8, 0x7, 0xfb, 0x80, 0x22, 0x0, 0xe5, 0x0,
    0x90, 0x2, 0x91, 0x0, 0x1e, 0x8, 0x4, 0x48,
    0x0, 0x4e, 0xeb, 0xc, 0x40, 0x35, 0x8, 0x4,
    0x22, 0x6, 0x90, 0xc, 0x3e, 0xe4, 0x0, 0x3a,
    0x91, 0x0, 0x80,

    /* U+00FD "ý" */
    0x0, 0xff, 0x67, 0xfb, 0x48, 0x3, 0xff, 0x81,
    0x26, 0x9, 0x84, 0x1, 0xff, 0x33, 0x1, 0xac,
    0x40, 0x3f, 0xf8, 0x33, 0x52, 0x1, 0xff, 0xc2,
    0x66, 0x28, 0x7, 0xee, 0xff, 0x70, 0x7, 0xe8,
    0xff, 0x94, 0x24, 0x0, 0x2a, 0x1, 0xf3, 0x0,
    0x5, 0x41, 0x80, 0x2e, 0x0, 0xf2, 0x8, 0x2,
    0x40, 0x2, 0xe0, 0x4, 0x20, 0xe, 0xf0, 0x9,
    0xc0, 0x29, 0x0, 0xac, 0x3, 0xa, 0x0, 0x1c,
    0x3, 0xa, 0x80, 0x18, 0x3, 0x48, 0x5, 0x40,
    0x1d, 0x20, 0x13, 0x0, 0x4c, 0x0, 0x52, 0x0,
    0xe3, 0x30, 0x2, 0x80, 0x8, 0x20, 0x9, 0x0,
    0xfa, 0x0, 0x6, 0x60, 0xf0, 0x1, 0x98, 0x3,
    0xe4, 0x20, 0x5, 0xa, 0x0, 0x24, 0x3, 0xfa,
    0xc0, 0xf, 0x20, 0x2, 0x50, 0xf, 0xe6, 0x10,
    0x17, 0x0, 0x50, 0x7, 0xfd, 0x20, 0x1c, 0xe0,
    0x1f, 0xf3, 0x0, 0x67, 0x0, 0xff, 0xe0, 0xb,
    0x0, 0x52, 0x1, 0xff, 0xc1, 0x30, 0x2, 0x88,
    0x7, 0xff, 0x0, 0xd4, 0x1, 0x20, 0x1f, 0xfc,
    0x1f, 0x0, 0x19, 0x80, 0x3f, 0xf8, 0x12, 0x60,
    0x8, 0x0, 0xff, 0x1f, 0xf9, 0x80, 0x8, 0x80,
    0xf, 0xf3, 0x0, 0x63, 0xa0, 0xf, 0xf8, 0xc0,
    0x5, 0x18, 0x20, 0x1f, 0xc0,

    /* U+00FE "þ" */
    0x68, 0x83, 0x80, 0x7f, 0xda, 0xee, 0xb0, 0xf,
    0xff, 0xf8, 0x7, 0xff, 0x12, 0x37, 0xfd, 0xae,
    0x1, 0xf0, 0xeb, 0x90, 0x0, 0xa3, 0x44, 0x3,
    0x88, 0x80, 0x22, 0x0, 0x8b, 0x40, 0x3c, 0x9b,
    0xdc, 0xc2, 0x0, 0x1a, 0x80, 0x61, 0xb2, 0x0,
    0x1f, 0x80, 0x5c, 0x1, 0x88, 0x3, 0x89, 0x0,
    0xa, 0x1, 0xff, 0x60, 0x0, 0x44, 0x1, 0xfe,
    0x10, 0x8, 0xc0, 0x3f, 0xf9, 0xa2, 0x1, 0x18,
    0x7, 0xfb, 0x40, 0x2, 0x20, 0x8, 0x80, 0x38,
    0x94, 0x0, 0x80, 0x18, 0x6c, 0x40, 0x5, 0xe0,
    0x17, 0x0, 0x72, 0x76, 0xec, 0x40, 0x4, 0x40,
    0x6, 0x22, 0x1, 0x10, 0x2, 0x3a, 0x0, 0xe1,
    0xd8, 0x20, 0x1, 0xc6, 0x8, 0x7, 0xcf, 0xbf,
    0xec, 0x70, 0xf, 0xff, 0xf8, 0x6,

    /* U+00FF "ÿ" */
    0x0, 0xcb, 0xdc, 0x40, 0xa, 0x7f, 0x44, 0x3,
    0xe8, 0x11, 0x40, 0x0, 0x58, 0x9, 0x80, 0x3e,
    0x70, 0x2, 0x80, 0x4, 0x40, 0x3, 0x0, 0xfa,
    0xaa, 0x90, 0xb, 0xe7, 0x10, 0x3, 0xf2, 0xa8,
    0x3, 0xb, 0x18, 0x7, 0x77, 0xfb, 0x80, 0x3f,
    0x47, 0xfc, 0xa1, 0x20, 0x1, 0x50, 0xf, 0x98,
    0x0, 0x2a, 0xc, 0x1, 0x70, 0x7, 0x90, 0x40,
    0x12, 0x0, 0x17, 0x0, 0x21, 0x0, 0x77, 0x80,
    0x4e, 0x1, 0x48, 0x5, 0x60, 0x18, 0x50, 0x0,
    0xe0, 0x18, 0x54, 0x0, 0xc0, 0x1a, 0x40, 0x2a,
    0x0, 0xe9, 0x0, 0x98, 0x2, 0x60, 0x2, 0x90,
    0x7, 0x19, 0x80, 0x14, 0x0, 0x41, 0x0, 0x48,
    0x7, 0xd0, 0x0, 0x33, 0x7, 0x80, 0xc, 0xc0,
    0x1f, 0x21, 0x0, 0x28, 0x50, 0x1, 0x20, 0x1f,
    0xd6, 0x0, 0x79, 0x0, 0x12, 0x80, 0x7f, 0x30,
    0x80, 0xb8, 0x2, 0x80, 0x3f, 0xe9, 0x0, 0xe7,
    0x0, 0xff, 0x98, 0x3, 0x38, 0x7, 0xff, 0x0,
    0x58, 0x2, 0x90, 0xf, 0xfe, 0x9, 0x80, 0x14,
    0x40, 0x3f, 0xf8, 0x6, 0xa0, 0x9, 0x0, 0xff,
    0xe0, 0xf8, 0x0, 0xcc, 0x1, 0xff, 0xc0, 0x93,
    0x0, 0x40, 0x7, 0xf8, 0xff, 0xcc, 0x0, 0x44,
    0x0, 0x7f, 0x98, 0x3, 0x1d, 0x0, 0x7f, 0xc6,
    0x0, 0x28, 0xc1, 0x0, 0xfe
};


/*---------------------
 *  GLYPH DESCRIPTION
 *--------------------*/

static const lv_font_fmt_txt_glyph_dsc_t glyph_dsc[] = {
    {.bitmap_index = 0, .adv_w = 0, .box_w = 0, .box_h = 0, .ofs_x = 0, .ofs_y = 0} /* id = 0 reserved */,
    {.bitmap_index = 0, .adv_w = 288, .box_w = 0, .box_h = 0, .ofs_x = 0, .ofs_y = 0},
    {.bitmap_index = 0, .adv_w = 288, .box_w = 5, .box_h = 21, .ofs_x = 6, .ofs_y = 0},
    {.bitmap_index = 30, .adv_w = 288, .box_w = 9, .box_h = 8, .ofs_x = 4, .ofs_y = 14},
    {.bitmap_index = 58, .adv_w = 288, .box_w = 18, .box_h = 21, .ofs_x = 0, .ofs_y = 0},
    {.bitmap_index = 205, .adv_w = 288, .box_w = 15, .box_h = 28, .ofs_x = 2, .ofs_y = -3},
    {.bitmap_index = 365, .adv_w = 288, .box_w = 18, .box_h = 21, .ofs_x = 0, .ofs_y = 0},
    {.bitmap_index = 514, .adv_w = 288, .box_w = 17, .box_h = 21, .ofs_x = 1, .ofs_y = 0},
    {.bitmap_index = 673, .adv_w = 288, .box_w = 4, .box_h = 8, .ofs_x = 6, .ofs_y = 14},
    {.bitmap_index = 687, .adv_w = 288, .box_w = 9, .box_h = 31, .ofs_x = 5, .ofs_y = -7},
    {.bitmap_index = 796, .adv_w = 288, .box_w = 9, .box_h = 31, .ofs_x = 4, .ofs_y = -7},
    {.bitmap_index = 907, .adv_w = 288, .box_w = 15, .box_h = 15, .ofs_x = 2, .ofs_y = 6},
    {.bitmap_index = 1001, .adv_w = 288, .box_w = 16, .box_h = 16, .ofs_x = 1, .ofs_y = 2},
    {.bitmap_index = 1039, .adv_w = 288, .box_w = 5, .box_h = 9, .ofs_x = 5, .ofs_y = -6},
    {.bitmap_index = 1057, .adv_w = 288, .box_w = 13, .box_h = 3, .ofs_x = 3, .ofs_y = 8},
    {.bitmap_index = 1067, .adv_w = 288, .box_w = 6, .box_h = 5, .ofs_x = 6, .ofs_y = 0},
    {.bitmap_index = 1081, .adv_w = 288, .box_w = 12, .box_h = 23, .ofs_x = 3, .ofs_y = -2},
    {.bitmap_index = 1179, .adv_w = 288, .box_w = 14, .box_h = 21, .ofs_x = 2, .ofs_y = 0},
    {.bitmap_index = 1307, .adv_w = 288, .box_w = 10, .box_h = 22, .ofs_x = 2, .ofs_y = 0},
    {.bitmap_index = 1342, .adv_w = 288, .box_w = 15, .box_h = 21, .ofs_x = 1, .ofs_y = 0},
    {.bitmap_index = 1460, .adv_w = 288, .box_w = 15, .box_h = 21, .ofs_x = 1, .ofs_y = 0},
    {.bitmap_index = 1590, .adv_w = 288, .box_w = 17, .box_h = 21, .ofs_x = 0, .ofs_y = 0},
    {.bitmap_index = 1682, .adv_w = 288, .box_w = 15, .box_h = 21, .ofs_x = 2, .ofs_y = 0},
    {.bitmap_index = 1800, .adv_w = 288, .box_w = 15, .box_h = 21, .ofs_x = 1, .ofs_y = 0},
    {.bitmap_index = 1930, .adv_w = 288, .box_w = 16, .box_h = 21, .ofs_x = 1, .ofs_y = 0},
    {.bitmap_index = 2029, .adv_w = 288, .box_w = 15, .box_h = 21, .ofs_x = 2, .ofs_y = 0},
    {.bitmap_index = 2176, .adv_w = 288, .box_w = 15, .box_h = 21, .ofs_x = 1, .ofs_y = 0},
    {.bitmap_index = 2308, .adv_w = 288, .box_w = 6, .box_h = 17, .ofs_x = 7, .ofs_y = 0},
    {.bitmap_index = 2343, .adv_w = 288, .box_w = 7, .box_h = 23, .ofs_x = 6, .ofs_y = -6},
    {.bitmap_index = 2394, .adv_w = 288, .box_w = 14, .box_h = 14, .ofs_x = 2, .ofs_y = 2},
    {.bitmap_index = 2471, .adv_w = 288, .box_w = 14, .box_h = 9, .ofs_x = 2, .ofs_y = 5},
    {.bitmap_index = 2500, .adv_w = 288, .box_w = 14, .box_h = 14, .ofs_x = 2, .ofs_y = 2},
    {.bitmap_index = 2576, .adv_w = 288, .box_w = 14, .box_h = 21, .ofs_x = 2, .ofs_y = 0},
    {.bitmap_index = 2679, .adv_w = 288, .box_w = 18, .box_h = 21, .ofs_x = 0, .ofs_y = 0},
    {.bitmap_index = 2851, .adv_w = 288, .box_w = 18, .box_h = 21, .ofs_x = 0, .ofs_y = 0},
    {.bitmap_index = 2991, .adv_w = 288, .box_w = 15, .box_h = 21, .ofs_x = 2, .ofs_y = 0},
    {.bitmap_index = 3099, .adv_w = 288, .box_w = 16, .box_h = 21, .ofs_x = 1, .ofs_y = 0},
    {.bitmap_index = 3217, .adv_w = 288, .box_w = 15, .box_h = 21, .ofs_x = 2, .ofs_y = 0},
    {.bitmap_index = 3314, .adv_w = 288, .box_w = 15, .box_h = 21, .ofs_x = 2, .ofs_y = 0},
    {.bitmap_index = 3360, .adv_w = 288, .box_w = 15, .box_h = 21, .ofs_x = 2, .ofs_y = 0},
    {.bitmap_index = 3395, .adv_w = 288, .box_w = 16, .box_h = 21, .ofs_x = 1, .ofs_y = 0},
    {.bitmap_index = 3521, .adv_w = 288, .box_w = 15, .box_h = 21, .ofs_x = 1, .ofs_y = 0},
    {.bitmap_index = 3552, .adv_w = 288, .box_w = 14, .box_h = 21, .ofs_x = 2, .ofs_y = 0},
    {.bitmap_index = 3594, .adv_w = 288, .box_w = 15, .box_h = 21, .ofs_x = 1, .ofs_y = 0},
    {.bitmap_index = 3654, .adv_w = 288, .box_w = 16, .box_h = 21, .ofs_x = 2, .ofs_y = 0},
    {.bitmap_index = 3765, .adv_w = 288, .box_w = 15, .box_h = 21, .ofs_x = 2, .ofs_y = 0},
    {.bitmap_index = 3789, .adv_w = 288, .box_w = 15, .box_h = 21, .ofs_x = 2, .ofs_y = 0},
    {.bitmap_index = 3876, .adv_w = 288, .box_w = 15, .box_h = 21, .ofs_x = 1, .ofs_y = 0},
    {.bitmap_index = 3967, .adv_w = 288, .box_w = 16, .box_h = 21, .ofs_x = 1, .ofs_y = 0},
    {.bitmap_index = 4091, .adv_w = 288, .box_w = 15, .box_h = 21, .ofs_x = 2, .ofs_y = 0},
    {.bitmap_index = 4167, .adv_w = 288, .box_w = 17, .box_h = 25, .ofs_x = 1, .ofs_y = -4},
    {.bitmap_index = 4323, .adv_w = 288, .box_w = 16, .box_h = 21, .ofs_x = 2, .ofs_y = 0},
    {.bitmap_index = 4434, .adv_w = 288, .box_w = 16, .box_h = 21, .ofs_x = 1, .ofs_y = 0},
    {.bitmap_index = 4580, .adv_w = 288, .box_w = 18, .box_h = 21, .ofs_x = 0, .ofs_y = 0},
    {.bitmap_index = 4613, .adv_w = 288, .box_w = 16, .box_h = 21, .ofs_x = 1, .ofs_y = 0},
    {.bitmap_index = 4685, .adv_w = 288, .box_w = 18, .box_h = 21, .ofs_x = 0, .ofs_y = 0},
    {.bitmap_index = 4830, .adv_w = 288, .box_w = 18, .box_h = 21, .ofs_x = 0, .ofs_y = 0},
    {.bitmap_index = 5010, .adv_w = 288, .box_w = 18, .box_h = 21, .ofs_x = 0, .ofs_y = 0},
    {.bitmap_index = 5161, .adv_w = 288, .box_w = 18, .box_h = 21, .ofs_x = 0, .ofs_y = 0},
    {.bitmap_index = 5274, .adv_w = 288, .box_w = 16, .box_h = 21, .ofs_x = 1, .ofs_y = 0},
    {.bitmap_index = 5376, .adv_w = 288, .box_w = 7, .box_h = 29, .ofs_x = 6, .ofs_y = -5},
    {.bitmap_index = 5401, .adv_w = 288, .box_w = 13, .box_h = 23, .ofs_x = 3, .ofs_y = -2},
    {.bitmap_index = 5500, .adv_w = 288, .box_w = 8, .box_h = 29, .ofs_x = 5, .ofs_y = -5},
    {.bitmap_index = 5528, .adv_w = 288, .box_w = 13, .box_h = 11, .ofs_x = 3, .ofs_y = 10},
    {.bitmap_index = 5590, .adv_w = 288, .box_w = 14, .box_h = 3, .ofs_x = 2, .ofs_y = -3},
    {.bitmap_index = 5602, .adv_w = 288, .box_w = 7, .box_h = 4, .ofs_x = 6, .ofs_y = 18},
    {.bitmap_index = 5616, .adv_w = 288, .box_w = 15, .box_h = 16, .ofs_x = 1, .ofs_y = 0},
    {.bitmap_index = 5721, .adv_w = 288, .box_w = 15, .box_h = 22, .ofs_x = 2, .ofs_y = 0},
    {.bitmap_index = 5820, .adv_w = 288, .box_w = 15, .box_h = 16, .ofs_x = 1, .ofs_y = 0},
    {.bitmap_index = 5920, .adv_w = 288, .box_w = 15, .box_h = 22, .ofs_x = 1, .ofs_y = 0},
    {.bitmap_index = 6017, .adv_w = 288, .box_w = 16, .box_h = 16, .ofs_x = 1, .ofs_y = 0},
    {.bitmap_index = 6124, .adv_w = 288, .box_w = 15, .box_h = 23, .ofs_x = 2, .ofs_y = 0},
    {.bitmap_index = 6196, .adv_w = 288, .box_w = 15, .box_h = 22, .ofs_x = 1, .ofs_y = -6},
    {.bitmap_index = 6329, .adv_w = 288, .box_w = 14, .box_h = 22, .ofs_x = 2, .ofs_y = 0},
    {.bitmap_index = 6380, .adv_w = 288, .box_w = 14, .box_h = 21, .ofs_x = 3, .ofs_y = 0},
    {.bitmap_index = 6433, .adv_w = 288, .box_w = 10, .box_h = 27, .ofs_x = 3, .ofs_y = -6},
    {.bitmap_index = 6492, .adv_w = 288, .box_w = 16, .box_h = 22, .ofs_x = 2, .ofs_y = 0},
    {.bitmap_index = 6583, .adv_w = 288, .box_w = 15, .box_h = 22, .ofs_x = 2, .ofs_y = 0},
    {.bitmap_index = 6619, .adv_w = 288, .box_w = 16, .box_h = 16, .ofs_x = 1, .ofs_y = 0},
    {.bitmap_index = 6669, .adv_w = 288, .box_w = 14, .box_h = 16, .ofs_x = 2, .ofs_y = 0},
    {.bitmap_index = 6718, .adv_w = 288, .box_w = 16, .box_h = 16, .ofs_x = 1, .ofs_y = 0},
    {.bitmap_index = 6828, .adv_w = 288, .box_w = 15, .box_h = 22, .ofs_x = 2, .ofs_y = -6},
    {.bitmap_index = 6928, .adv_w = 288, .box_w = 15, .box_h = 22, .ofs_x = 1, .ofs_y = -6},
    {.bitmap_index = 7027, .adv_w = 288, .box_w = 13, .box_h = 16, .ofs_x = 4, .ofs_y = 0},
    {.bitmap_index = 7067, .adv_w = 288, .box_w = 15, .box_h = 16, .ofs_x = 2, .ofs_y = 0},
    {.bitmap_index = 7180, .adv_w = 288, .box_w = 15, .box_h = 20, .ofs_x = 1, .ofs_y = 0},
    {.bitmap_index = 7244, .adv_w = 288, .box_w = 14, .box_h = 16, .ofs_x = 2, .ofs_y = 0},
    {.bitmap_index = 7292, .adv_w = 288, .box_w = 16, .box_h = 16, .ofs_x = 1, .ofs_y = 0},
    {.bitmap_index = 7396, .adv_w = 288, .box_w = 18, .box_h = 16, .ofs_x = 0, .ofs_y = 0},
    {.bitmap_index = 7538, .adv_w = 288, .box_w = 17, .box_h = 16, .ofs_x = 1, .ofs_y = 0},
    {.bitmap_index = 7650, .adv_w = 288, .box_w = 18, .box_h = 22, .ofs_x = 0, .ofs_y = -6},
    {.bitmap_index = 7796, .adv_w = 288, .box_w = 15, .box_h = 16, .ofs_x = 2, .ofs_y = 0},
    {.bitmap_index = 7873, .adv_w = 288, .box_w = 11, .box_h = 28, .ofs_x = 4, .ofs_y = -5},
    {.bitmap_index = 7974, .adv_w = 288, .box_w = 4, .box_h = 27, .ofs_x = 7, .ofs_y = -6},
    {.bitmap_index = 7983, .adv_w = 288, .box_w = 11, .box_h = 28, .ofs_x = 4, .ofs_y = -5},
    {.bitmap_index = 8085, .adv_w = 288, .box_w = 17, .box_h = 6, .ofs_x = 0, .ofs_y = 6},
    {.bitmap_index = 8133, .adv_w = 288, .box_w = 0, .box_h = 0, .ofs_x = 0, .ofs_y = 0},
    {.bitmap_index = 8133, .adv_w = 288, .box_w = 5, .box_h = 22, .ofs_x = 7, .ofs_y = -6},
    {.bitmap_index = 8163, .adv_w = 288, .box_w = 15, .box_h = 23, .ofs_x = 2, .ofs_y = -4},
    {.bitmap_index = 8286, .adv_w = 288, .box_w = 17, .box_h = 21, .ofs_x = 1, .ofs_y = 0},
    {.bitmap_index = 8400, .adv_w = 288, .box_w = 16, .box_h = 18, .ofs_x = 1, .ofs_y = -1},
    {.bitmap_index = 8525, .adv_w = 288, .box_w = 18, .box_h = 21, .ofs_x = 0, .ofs_y = 0},
    {.bitmap_index = 8645, .adv_w = 288, .box_w = 4, .box_h = 25, .ofs_x = 7, .ofs_y = -4},
    {.bitmap_index = 8662, .adv_w = 288, .box_w = 16, .box_h = 28, .ofs_x = 1, .ofs_y = -7},
    {.bitmap_index = 8860, .adv_w = 288, .box_w = 11, .box_h = 4, .ofs_x = 4, .ofs_y = 18},
    {.bitmap_index = 8882, .adv_w = 288, .box_w = 16, .box_h = 18, .ofs_x = 1, .ofs_y = -1},
    {.bitmap_index = 9011, .adv_w = 288, .box_w = 10, .box_h = 11, .ofs_x = 4, .ofs_y = 10},
    {.bitmap_index = 9066, .adv_w = 288, .box_w = 13, .box_h = 12, .ofs_x = 2, .ofs_y = 2},
    {.bitmap_index = 9140, .adv_w = 288, .box_w = 13, .box_h = 7, .ofs_x = 2, .ofs_y = 5},
    {.bitmap_index = 9157, .adv_w = 288, .box_w = 13, .box_h = 3, .ofs_x = 3, .ofs_y = 8},
    {.bitmap_index = 9167, .adv_w = 288, .box_w = 16, .box_h = 18, .ofs_x = 1, .ofs_y = -1},
    {.bitmap_index = 9294, .adv_w = 288, .box_w = 12, .box_h = 3, .ofs_x = 3, .ofs_y = 19},
    {.bitmap_index = 9304, .adv_w = 288, .box_w = 8, .box_h = 8, .ofs_x = 5, .ofs_y = 14},
    {.bitmap_index = 9335, .adv_w = 288, .box_w = 14, .box_h = 19, .ofs_x = 2, .ofs_y = 0},
    {.bitmap_index = 9382, .adv_w = 288, .box_w = 10, .box_h = 11, .ofs_x = 4, .ofs_y = 10},
    {.bitmap_index = 9434, .adv_w = 288, .box_w = 10, .box_h = 11, .ofs_x = 4, .ofs_y = 10},
    {.bitmap_index = 9490, .adv_w = 288, .box_w = 8, .box_h = 4, .ofs_x = 5, .ofs_y = 18},
    {.bitmap_index = 9507, .adv_w = 288, .box_w = 14, .box_h = 22, .ofs_x = 2, .ofs_y = -6},
    {.bitmap_index = 9555, .adv_w = 288, .box_w = 12, .box_h = 21, .ofs_x = 3, .ofs_y = 0},
    {.bitmap_index = 9607, .adv_w = 288, .box_w = 5, .box_h = 4, .ofs_x = 7, .ofs_y = 8},
    {.bitmap_index = 9617, .adv_w = 288, .box_w = 6, .box_h = 7, .ofs_x = 6, .ofs_y = -6},
    {.bitmap_index = 9639, .adv_w = 288, .box_w = 7, .box_h = 12, .ofs_x = 5, .ofs_y = 10},
    {.bitmap_index = 9659, .adv_w = 288, .box_w = 12, .box_h = 11, .ofs_x = 3, .ofs_y = 10},
    {.bitmap_index = 9719, .adv_w = 288, .box_w = 13, .box_h = 12, .ofs_x = 3, .ofs_y = 2},
    {.bitmap_index = 9795, .adv_w = 288, .box_w = 18, .box_h = 22, .ofs_x = 0, .ofs_y = 0},
    {.bitmap_index = 9921, .adv_w = 288, .box_w = 18, .box_h = 22, .ofs_x = 0, .ofs_y = 0},
    {.bitmap_index = 10058, .adv_w = 288, .box_w = 18, .box_h = 21, .ofs_x = 0, .ofs_y = 0},
    {.bitmap_index = 10201, .adv_w = 288, .box_w = 14, .box_h = 22, .ofs_x = 2, .ofs_y = -6},
    {.bitmap_index = 10310, .adv_w = 288, .box_w = 18, .box_h = 27, .ofs_x = 0, .ofs_y = 0},
    {.bitmap_index = 10478, .adv_w = 288, .box_w = 18, .box_h = 27, .ofs_x = 0, .ofs_y = 0},
    {.bitmap_index = 10652, .adv_w = 288, .box_w = 18, .box_h = 27, .ofs_x = 0, .ofs_y = 0},
    {.bitmap_index = 10827, .adv_w = 288, .box_w = 18, .box_h = 28, .ofs_x = 0, .ofs_y = 0},
    {.bitmap_index = 11003, .adv_w = 288, .box_w = 18, .box_h = 27, .ofs_x = 0, .ofs_y = 0},
    {.bitmap_index = 11179, .adv_w = 288, .box_w = 18, .box_h = 29, .ofs_x = 0, .ofs_y = 0},
    {.bitmap_index = 11361, .adv_w = 288, .box_w = 18, .box_h = 21, .ofs_x = 0, .ofs_y = 0},
    {.bitmap_index = 11482, .adv_w = 288, .box_w = 16, .box_h = 27, .ofs_x = 1, .ofs_y = -6},
    {.bitmap_index = 11630, .adv_w = 288, .box_w = 15, .box_h = 26, .ofs_x = 2, .ofs_y = 0},
    {.bitmap_index = 11700, .adv_w = 288, .box_w = 15, .box_h = 27, .ofs_x = 2, .ofs_y = 0},
    {.bitmap_index = 11774, .adv_w = 288, .box_w = 15, .box_h = 27, .ofs_x = 2, .ofs_y = 0},
    {.bitmap_index = 11854, .adv_w = 288, .box_w = 15, .box_h = 27, .ofs_x = 2, .ofs_y = 0},
    {.bitmap_index = 11935, .adv_w = 288, .box_w = 14, .box_h = 27, .ofs_x = 2, .ofs_y = 0},
    {.bitmap_index = 12002, .adv_w = 288, .box_w = 14, .box_h = 27, .ofs_x = 2, .ofs_y = 0},
    {.bitmap_index = 12070, .adv_w = 288, .box_w = 14, .box_h = 27, .ofs_x = 2, .ofs_y = 0},
    {.bitmap_index = 12144, .adv_w = 288, .box_w = 14, .box_h = 27, .ofs_x = 2, .ofs_y = 0},
    {.bitmap_index = 12220, .adv_w = 288, .box_w = 18, .box_h = 21, .ofs_x = -1, .ofs_y = 0},
    {.bitmap_index = 12350, .adv_w = 288, .box_w = 15, .box_h = 28, .ofs_x = 1, .ofs_y = 0},
    {.bitmap_index = 12479, .adv_w = 288, .box_w = 16, .box_h = 27, .ofs_x = 1, .ofs_y = 0},
    {.bitmap_index = 12630, .adv_w = 288, .box_w = 16, .box_h = 27, .ofs_x = 1, .ofs_y = 0},
    {.bitmap_index = 12779, .adv_w = 288, .box_w = 16, .box_h = 28, .ofs_x = 1, .ofs_y = 0},
    {.bitmap_index = 12935, .adv_w = 288, .box_w = 16, .box_h = 29, .ofs_x = 1, .ofs_y = 0},
    {.bitmap_index = 13100, .adv_w = 288, .box_w = 16, .box_h = 28, .ofs_x = 1, .ofs_y = 0},
    {.bitmap_index = 13261, .adv_w = 288, .box_w = 15, .box_h = 14, .ofs_x = 2, .ofs_y = 3},
    {.bitmap_index = 13355, .adv_w = 288, .box_w = 17, .box_h = 23, .ofs_x = 0, .ofs_y = -1},
    {.bitmap_index = 13526, .adv_w = 288, .box_w = 16, .box_h = 27, .ofs_x = 1, .ofs_y = 0},
    {.bitmap_index = 13625, .adv_w = 288, .box_w = 16, .box_h = 27, .ofs_x = 1, .ofs_y = 0},
    {.bitmap_index = 13726, .adv_w = 288, .box_w = 16, .box_h = 28, .ofs_x = 1, .ofs_y = 0},
    {.bitmap_index = 13836, .adv_w = 288, .box_w = 16, .box_h = 27, .ofs_x = 1, .ofs_y = 0},
    {.bitmap_index = 13944, .adv_w = 288, .box_w = 18, .box_h = 27, .ofs_x = 0, .ofs_y = 0},
    {.bitmap_index = 14091, .adv_w = 288, .box_w = 15, .box_h = 21, .ofs_x = 2, .ofs_y = 0},
    {.bitmap_index = 14171, .adv_w = 288, .box_w = 15, .box_h = 23, .ofs_x = 2, .ofs_y = 0},
    {.bitmap_index = 14298, .adv_w = 288, .box_w = 15, .box_h = 22, .ofs_x = 1, .ofs_y = 0},
    {.bitmap_index = 14426, .adv_w = 288, .box_w = 15, .box_h = 22, .ofs_x = 1, .ofs_y = 0},
    {.bitmap_index = 14557, .adv_w = 288, .box_w = 15, .box_h = 22, .ofs_x = 1, .ofs_y = 0},
    {.bitmap_index = 14693, .adv_w = 288, .box_w = 15, .box_h = 24, .ofs_x = 1, .ofs_y = 0},
    {.bitmap_index = 14839, .adv_w = 288, .box_w = 15, .box_h = 22, .ofs_x = 1, .ofs_y = 0},
    {.bitmap_index = 14978, .adv_w = 288, .box_w = 15, .box_h = 25, .ofs_x = 1, .ofs_y = 0},
    {.bitmap_index = 15123, .adv_w = 288, .box_w = 18, .box_h = 16, .ofs_x = 0, .ofs_y = 0},
    {.bitmap_index = 15255, .adv_w = 288, .box_w = 15, .box_h = 22, .ofs_x = 1, .ofs_y = -6},
    {.bitmap_index = 15386, .adv_w = 288, .box_w = 16, .box_h = 22, .ofs_x = 1, .ofs_y = 0},
    {.bitmap_index = 15519, .adv_w = 288, .box_w = 16, .box_h = 22, .ofs_x = 1, .ofs_y = 0},
    {.bitmap_index = 15653, .adv_w = 288, .box_w = 16, .box_h = 22, .ofs_x = 1, .ofs_y = 0},
    {.bitmap_index = 15792, .adv_w = 288, .box_w = 16, .box_h = 22, .ofs_x = 1, .ofs_y = 0},
    {.bitmap_index = 15933, .adv_w = 288, .box_w = 15, .box_h = 21, .ofs_x = 2, .ofs_y = 0},
    {.bitmap_index = 15988, .adv_w = 288, .box_w = 15, .box_h = 21, .ofs_x = 2, .ofs_y = 0},
    {.bitmap_index = 16043, .adv_w = 288, .box_w = 15, .box_h = 22, .ofs_x = 2, .ofs_y = 0},
    {.bitmap_index = 16107, .adv_w = 288, .box_w = 15, .box_h = 21, .ofs_x = 2, .ofs_y = 0},
    {.bitmap_index = 16172, .adv_w = 288, .box_w = 16, .box_h = 23, .ofs_x = 0, .ofs_y = 0},
    {.bitmap_index = 16325, .adv_w = 288, .box_w = 14, .box_h = 23, .ofs_x = 2, .ofs_y = 0},
    {.bitmap_index = 16413, .adv_w = 288, .box_w = 16, .box_h = 22, .ofs_x = 1, .ofs_y = 0},
    {.bitmap_index = 16549, .adv_w = 288, .box_w = 16, .box_h = 22, .ofs_x = 1, .ofs_y = 0},
    {.bitmap_index = 16686, .adv_w = 288, .box_w = 16, .box_h = 22, .ofs_x = 1, .ofs_y = 0},
    {.bitmap_index = 16827, .adv_w = 288, .box_w = 16, .box_h = 24, .ofs_x = 1, .ofs_y = 0},
    {.bitmap_index = 16980, .adv_w = 288, .box_w = 16, .box_h = 22, .ofs_x = 1, .ofs_y = 0},
    {.bitmap_index = 17126, .adv_w = 288, .box_w = 16, .box_h = 16, .ofs_x = 1, .ofs_y = 2},
    {.bitmap_index = 17188, .adv_w = 288, .box_w = 16, .box_h = 20, .ofs_x = 1, .ofs_y = -2},
    {.bitmap_index = 17328, .adv_w = 288, .box_w = 14, .box_h = 21, .ofs_x = 2, .ofs_y = 0},
    {.bitmap_index = 17399, .adv_w = 288, .box_w = 14, .box_h = 21, .ofs_x = 2, .ofs_y = 0},
    {.bitmap_index = 17471, .adv_w = 288, .box_w = 14, .box_h = 22, .ofs_x = 2, .ofs_y = 0},
    {.bitmap_index = 17551, .adv_w = 288, .box_w = 14, .box_h = 21, .ofs_x = 2, .ofs_y = 0},
    {.bitmap_index = 17634, .adv_w = 288, .box_w = 18, .box_h = 27, .ofs_x = 0, .ofs_y = -6},
    {.bitmap_index = 17807, .adv_w = 288, .box_w = 15, .box_h = 29, .ofs_x = 2, .ofs_y = -6},
    {.bitmap_index = 17917, .adv_w = 288, .box_w = 18, .box_h = 27, .ofs_x = 0, .ofs_y = -6}
};

/*---------------------
 *  CHARACTER MAPPING
 *--------------------*/



/*Collect the unicode lists and glyph_id offsets*/
static const lv_font_fmt_txt_cmap_t cmaps[] =
{
    {
        .range_start = 32, .range_length = 95, .glyph_id_start = 1,
        .unicode_list = NULL, .glyph_id_ofs_list = NULL, .list_length = 0, .type = LV_FONT_FMT_TXT_CMAP_FORMAT0_TINY
    },
    {
        .range_start = 160, .range_length = 96, .glyph_id_start = 96,
        .unicode_list = NULL, .glyph_id_ofs_list = NULL, .list_length = 0, .type = LV_FONT_FMT_TXT_CMAP_FORMAT0_TINY
    }
};



/*--------------------
 *  ALL CUSTOM DATA
 *--------------------*/

#if LVGL_VERSION_MAJOR == 8
/*Store all the custom data of the font*/
static  lv_font_fmt_txt_glyph_cache_t cache;
#endif

#if LVGL_VERSION_MAJOR >= 8
static const lv_font_fmt_txt_dsc_t font_dsc = {
#else
static lv_font_fmt_txt_dsc_t font_dsc = {
#endif
    .glyph_bitmap = glyph_bitmap,
    .glyph_dsc = glyph_dsc,
    .cmaps = cmaps,
    .kern_dsc = NULL,
    .kern_scale = 0,
    .cmap_num = 2,
    .bpp = 4,
    .kern_classes = 0,
    .bitmap_format = 1,
#if LVGL_VERSION_MAJOR == 8
    .cache = &cache
#endif
};



/*-----------------
 *  PUBLIC FONT
 *----------------*/

/*Initialize a public general font descriptor*/
#if LVGL_VERSION_MAJOR >= 8
const lv_font_t roboto_mono_medium_30 = {
#else
lv_font_t roboto_mono_medium_30 = {
#endif
    .get_glyph_dsc = lv_font_get_glyph_dsc_fmt_txt,    /*Function pointer to get glyph's data*/
    .get_glyph_bitmap = lv_font_get_bitmap_fmt_txt,    /*Function pointer to get glyph's bitmap*/
    .line_height = 36,          /*The maximum line height required by the font*/
    .base_line = 7,             /*Baseline measured from the bottom of the line*/
#if !(LVGL_VERSION_MAJOR == 6 && LVGL_VERSION_MINOR == 0)
    .subpx = LV_FONT_SUBPX_NONE,
#endif
#if LV_VERSION_CHECK(7, 4, 0) || LVGL_VERSION_MAJOR >= 8
    .underline_position = -2,
    .underline_thickness = 1,
#endif
    .dsc = &font_dsc,          /*The custom font data. Will be accessed by `get_glyph_bitmap/dsc` */
#if LV_VERSION_CHECK(8, 2, 0) || LVGL_VERSION_MAJOR >= 9
    .fallback = NULL,
#endif
    .user_data = NULL,
};



#endif /*#if ROBOTO_MONO_MEDIUM_30*/

